  0
SECTION
  2
HEADER
  9
$ACADVER
  1
AC1032
  9
$ACADMAINTVER
 90
       55
  9
$DWGCODEPAGE
  3
ANSI_936
  9
$LASTSAVEDBY
  1
zongti2
  9
$REQUIREDVERSIONS
160
                 0
  9
$INSBASE
 10
0.0
 20
0.0
 30
0.0
  9
$EXTMIN
 10
-0.2500000003800267
 20
-11.16697834514
 30
0.0
  9
$EXTMAX
 10
32.57669168506001
 20
129.99999999948
 30
0.0
  9
$LIMMIN
 10
0.0
 20
0.0
  9
$LIMMAX
 10
22.0
 20
17.0
  9
$ORTHOMODE
 70
     0
  9
$REGENMODE
 70
     1
  9
$FILLMODE
 70
     1
  9
$QTEXTMODE
 70
     0
  9
$MIRRTEXT
 70
     0
  9
$LTSCALE
 40
1.21
  9
$ATTMODE
 70
     1
  9
$TEXTSIZE
 40
0.2
  9
$TRACEWID
 40
0.05
  9
$TEXTSTYLE
  7
STANDARD
  9
$CLAYER
  8
0
  9
$CELTYPE
  6
BYLAYER
  9
$CECOLOR
 62
   256
  9
$CELTSCALE
 40
1.0
  9
$DISPSILH
 70
     0
  9
$DIMSCALE
 40
1.0
  9
$DIMASZ
 40
0.1875
  9
$DIMEXO
 40
0.0625
  9
$DIMDLI
 40
0.836
  9
$DIMRND
 40
0.0
  9
$DIMDLE
 40
0.0
  9
$DIMEXE
 40
0.125
  9
$DIMTP
 40
0.0
  9
$DIMTM
 40
0.0
  9
$DIMTXT
 40
0.15625
  9
$DIMCEN
 40
0.198
  9
$DIMTSZ
 40
0.0
  9
$DIMTOL
 70
     0
  9
$DIMLIM
 70
     0
  9
$DIMTIH
 70
     1
  9
$DIMTOH
 70
     1
  9
$DIMSE1
 70
     0
  9
$DIMSE2
 70
     0
  9
$DIMTAD
 70
     0
  9
$DIMZIN
 70
     0
  9
$DIMBLK
  1
FILLED
  9
$DIMASO
 70
     1
  9
$DIMSHO
 70
     1
  9
$DIMPOST
  1

  9
$DIMAPOST
  1

  9
$DIMALT
 70
     0
  9
$DIMALTD
 70
     2
  9
$DIMALTF
 40
25.4
  9
$DIMLFAC
 40
1.0
  9
$DIMTOFL
 70
     0
  9
$DIMTVP
 40
0.0
  9
$DIMTIX
 70
     0
  9
$DIMSOXD
 70
     0
  9
$DIMSAH
 70
     0
  9
$DIMBLK1
  1

  9
$DIMBLK2
  1

  9
$DIMSTYLE
  2
STANDARD
  9
$DIMCLRD
 70
     0
  9
$DIMCLRE
 70
     0
  9
$DIMCLRT
 70
     0
  9
$DIMTFAC
 40
1.0
  9
$DIMGAP
 40
0.09
  9
$DIMJUST
 70
     0
  9
$DIMSD1
 70
     0
  9
$DIMSD2
 70
     0
  9
$DIMTOLJ
 70
     1
  9
$DIMTZIN
 70
     0
  9
$DIMALTZ
 70
     0
  9
$DIMALTTZ
 70
     0
  9
$DIMUPT
 70
     0
  9
$DIMDEC
 70
     4
  9
$DIMTDEC
 70
     4
  9
$DIMALTU
 70
     2
  9
$DIMALTTD
 70
     2
  9
$DIMTXSTY
  7
STANDARD
  9
$DIMAUNIT
 70
     0
  9
$DIMADEC
 70
     0
  9
$DIMALTRND
 40
0.0
  9
$DIMAZIN
 70
     0
  9
$DIMDSEP
 70
    46
  9
$DIMATFIT
 70
     3
  9
$DIMFRAC
 70
     0
  9
$DIMLDRBLK
  1

  9
$DIMLUNIT
 70
     2
  9
$DIMLWD
 70
    -2
  9
$DIMLWE
 70
    -2
  9
$DIMTMOVE
 70
     0
  9
$DIMFXL
 40
1.0
  9
$DIMFXLON
 70
     0
  9
$DIMJOGANG
 40
0.7853981633974483
  9
$DIMTFILL
 70
     0
  9
$DIMTFILLCLR
 70
     0
  9
$DIMARCSYM
 70
     0
  9
$DIMLTYPE
  6

  9
$DIMLTEX1
  6

  9
$DIMLTEX2
  6

  9
$DIMTXTDIRECTION
 70
     0
  9
$LUNITS
 70
     2
  9
$LUPREC
 70
     4
  9
$SKETCHINC
 40
0.1
  9
$FILLETRAD
 40
0.0
  9
$AUNITS
 70
     0
  9
$AUPREC
 70
     0
  9
$MENU
  1
.
  9
$ELEVATION
 40
0.0
  9
$PELEVATION
 40
0.0
  9
$THICKNESS
 40
0.0
  9
$LIMCHECK
 70
     0
  9
$CHAMFERA
 40
0.0
  9
$CHAMFERB
 40
0.0
  9
$CHAMFERC
 40
0.0
  9
$CHAMFERD
 40
0.0
  9
$SKPOLY
 70
     0
  9
$TDCREATE
 40
2460811.639039352
  9
$TDUCREATE
 40
2460811.305706019
  9
$TDUPDATE
 40
2461307.704811435
  9
$TDUUPDATE
 40
2461307.371478102
  9
$TDINDWG
 40
0.0008333333
  9
$TDUSRTIMER
 40
0.0008333333
  9
$USRTIMER
 70
     1
  9
$ANGBASE
 50
0.0
  9
$ANGDIR
 70
     0
  9
$PDMODE
 70
     3
  9
$PDSIZE
 40
0.3125
  9
$PLINEWID
 40
0.0
  9
$SPLFRAME
 70
     0
  9
$SPLINETYPE
 70
     6
  9
$SPLINESEGS
 70
     8
  9
$HANDSEED
  5
CEE
  9
$SURFTAB1
 70
     6
  9
$SURFTAB2
 70
     6
  9
$SURFTYPE
 70
     6
  9
$SURFU
 70
     6
  9
$SURFV
 70
     6
  9
$UCSBASE
  2

  9
$UCSNAME
  2

  9
$UCSORG
 10
0.0
 20
0.0
 30
0.0
  9
$UCSXDIR
 10
1.0
 20
0.0
 30
0.0
  9
$UCSYDIR
 10
0.0
 20
1.0
 30
0.0
  9
$UCSORTHOREF
  2

  9
$UCSORTHOVIEW
 70
     0
  9
$UCSORGTOP
 10
0.0
 20
0.0
 30
0.0
  9
$UCSORGBOTTOM
 10
0.0
 20
0.0
 30
0.0
  9
$UCSORGLEFT
 10
0.0
 20
0.0
 30
0.0
  9
$UCSORGRIGHT
 10
0.0
 20
0.0
 30
0.0
  9
$UCSORGFRONT
 10
0.0
 20
0.0
 30
0.0
  9
$UCSORGBACK
 10
0.0
 20
0.0
 30
0.0
  9
$PUCSBASE
  2

  9
$PUCSNAME
  2

  9
$PUCSORG
 10
0.0
 20
0.0
 30
0.0
  9
$PUCSXDIR
 10
1.0
 20
0.0
 30
0.0
  9
$PUCSYDIR
 10
0.0
 20
1.0
 30
0.0
  9
$PUCSORTHOREF
  2

  9
$PUCSORTHOVIEW
 70
     0
  9
$PUCSORGTOP
 10
0.0
 20
0.0
 30
0.0
  9
$PUCSORGBOTTOM
 10
0.0
 20
0.0
 30
0.0
  9
$PUCSORGLEFT
 10
0.0
 20
0.0
 30
0.0
  9
$PUCSORGRIGHT
 10
0.0
 20
0.0
 30
0.0
  9
$PUCSORGFRONT
 10
0.0
 20
0.0
 30
0.0
  9
$PUCSORGBACK
 10
0.0
 20
0.0
 30
0.0
  9
$USERI1
 70
     0
  9
$USERI2
 70
     0
  9
$USERI3
 70
     0
  9
$USERI4
 70
     0
  9
$USERI5
 70
     0
  9
$USERR1
 40
0.0
  9
$USERR2
 40
0.0
  9
$USERR3
 40
0.0
  9
$USERR4
 40
0.0
  9
$USERR5
 40
0.0
  9
$WORLDVIEW
 70
     1
  9
$SHADEDGE
 70
     3
  9
$SHADEDIF
 70
    70
  9
$TILEMODE
 70
     1
  9
$MAXACTVP
 70
    64
  9
$PINSBASE
 10
0.0
 20
0.0
 30
0.0
  9
$PLIMCHECK
 70
     0
  9
$PEXTMIN
 10
1.000000000000000E+20
 20
1.000000000000000E+20
 30
1.000000000000000E+20
  9
$PEXTMAX
 10
-1.000000000000000E+20
 20
-1.000000000000000E+20
 30
-1.000000000000000E+20
  9
$PLIMMIN
 10
0.0
 20
0.0
  9
$PLIMMAX
 10
12.0
 20
9.0
  9
$UNITMODE
 70
     0
  9
$VISRETAIN
 70
     1
  9
$PLINEGEN
 70
     0
  9
$PSLTSCALE
 70
     1
  9
$TREEDEPTH
 70
  3020
  9
$CMLSTYLE
  2
Standard
  9
$CMLJUST
 70
     0
  9
$CMLSCALE
 40
1.0
  9
$PROXYGRAPHICS
 70
     1
  9
$MEASUREMENT
 70
     0
  9
$CELWEIGHT
370
    -1
  9
$ENDCAPS
280
     0
  9
$JOINSTYLE
280
     0
  9
$LWDISPLAY
290
     0
  9
$INSUNITS
 70
     1
  9
$HYPERLINKBASE
  1

  9
$STYLESHEET
  1

  9
$XEDIT
290
     1
  9
$CEPSNTYPE
380
     0
  9
$PSTYLEMODE
290
     1
  9
$FINGERPRINTGUID
  2
{7178967A-7DDE-F449-8D8D-B9052E237F84}
  9
$VERSIONGUID
  2
{497472AB-76A5-E640-A421-72FE6EEE4CA3}
  9
$EXTNAMES
290
     1
  9
$PSVPSCALE
 40
0.0
  9
$OLESTARTUP
290
     0
  9
$SORTENTS
280
   127
  9
$INDEXCTL
280
     0
  9
$HIDETEXT
280
     1
  9
$XCLIPFRAME
280
     2
  9
$HALOGAP
280
     0
  9
$OBSCOLOR
 70
   257
  9
$OBSLTYPE
280
     0
  9
$INTERSECTIONDISPLAY
280
     0
  9
$INTERSECTIONCOLOR
 70
   257
  9
$DIMASSOC
280
     2
  9
$PROJECTNAME
  1

  9
$CAMERADISPLAY
290
     0
  9
$LENSLENGTH
 40
50.0
  9
$CAMERAHEIGHT
 40
0.0
  9
$STEPSPERSEC
 40
2.0
  9
$STEPSIZE
 40
6.0
  9
$3DDWFPREC
 40
2.0
  9
$PSOLWIDTH
 40
0.25
  9
$PSOLHEIGHT
 40
4.0
  9
$LOFTANG1
 40
1.570796326794897
  9
$LOFTANG2
 40
1.570796326794897
  9
$LOFTMAG1
 40
0.0
  9
$LOFTMAG2
 40
0.0
  9
$LOFTPARAM
 70
     7
  9
$LOFTNORMALS
280
     1
  9
$LATITUDE
 40
37.795
  9
$LONGITUDE
 40
-122.394
  9
$NORTHDIRECTION
 40
0.0
  9
$TIMEZONE
 70
 -8000
  9
$LIGHTGLYPHDISPLAY
280
     1
  9
$TILEMODELIGHTSYNCH
280
     1
  9
$CMATERIAL
347
C89
  9
$SOLIDHIST
280
     0
  9
$SHOWHIST
280
     1
  9
$DWFFRAME
280
     2
  9
$DGNFRAME
280
     0
  9
$REALWORLDSCALE
290
     1
  9
$INTERFERECOLOR
 62
     1
  9
$CSHADOW
280
     0
  9
$SHADOWPLANELOCATION
 40
0.0
  0
ENDSEC
  0
SECTION
  2
CLASSES
  0
CLASS
  1
ACDBDICTIONARYWDFLT
  2
AcDbDictionaryWithDefault
  3
ObjectDBX Classes
 90
        0
 91
        3
280
     0
281
     0
  0
CLASS
  1
ACDBPLACEHOLDER
  2
AcDbPlaceHolder
  3
ObjectDBX Classes
 90
        0
 91
        1
280
     0
281
     0
  0
CLASS
  1
LAYOUT
  2
AcDbLayout
  3
ObjectDBX Classes
 90
        0
 91
        1
280
     0
281
     0
  0
CLASS
  1
MATERIAL
  2
AcDbMaterial
  3
ObjectDBX Classes
 90
     1153
 91
        3
280
     0
281
     0
  0
CLASS
  1
VISUALSTYLE
  2
AcDbVisualStyle
  3
ObjectDBX Classes
 90
     4095
 91
        3
280
     0
281
     0
  0
CLASS
  1
TABLESTYLE
  2
AcDbTableStyle
  3
ObjectDBX Classes
 90
     4095
 91
        3
280
     0
281
     0
  0
CLASS
  1
SCALE
  2
AcDbScale
  3
ObjectDBX Classes
 90
     1153
 91
        3
280
     0
281
     0
  0
CLASS
  1
MLEADERSTYLE
  2
AcDbMLeaderStyle
  3
ACDB_MLEADERSTYLE_CLASS
 90
     4095
 91
        3
280
     0
281
     0
  0
CLASS
  1
ACDBSECTIONVIEWSTYLE
  2
AcDbSectionViewStyle
  3
ObjectDBX Classes
 90
     1025
 91
        3
280
     0
281
     0
  0
CLASS
  1
ACDBDETAILVIEWSTYLE
  2
AcDbDetailViewStyle
  3
ObjectDBX Classes
 90
     1025
 91
        3
280
     0
281
     0
  0
CLASS
  1
DICTIONARYVAR
  2
AcDbDictionaryVar
  3
ObjectDBX Classes
 90
        0
 91
        3
280
     0
281
     0
  0
CLASS
  1
CELLSTYLEMAP
  2
AcDbCellStyleMap
  3
ObjectDBX Classes
 90
     1152
 91
        3
280
     0
281
     0
  0
ENDSEC
  0
SECTION
  2
TABLES
  0
TABLE
  2
VPORT
  5
8
330
0
100
AcDbSymbolTable
 70
     1
  0
VPORT
  5
1F4
330
8
100
AcDbSymbolTableRecord
100
AcDbViewportTableRecord
  2
*ACTIVE
 70
     0
 10
0.0
 20
0.0
 11
1.0
 21
1.0
 12
99.60786160324938
 22
39.33867656970835
 13
0.0
 23
0.0
 14
1.0
 24
1.0
 15
0.0
 25
0.0
 16
0.0
 26
0.0
 36
1.0
 17
0.0
 27
0.0
 37
0.0
 40
276.186847413773
 41
2.00616522811344
 42
50.0
 43
0.0
 44
0.0
 50
0.0
 51
0.0
 71
     0
 72
   100
 73
     1
 74
     1
 75
     0
 76
     0
 77
     0
 78
     0
281
     0
 65
     1
110
0.0
120
0.0
130
0.0
111
1.0
121
0.0
131
0.0
112
0.0
122
1.0
132
0.0
 79
     0
146
0.0
348
CA7
 60
     3
 61
     5
292
     1
282
     1
141
0.0
142
0.0
 63
   250
421
  3355443
1001
ACAD_NAV_VCDISPLAY
1070
     3
  0
ENDTAB
  0
TABLE
  2
LTYPE
  5
5
330
0
100
AcDbSymbolTable
 70
     6
  0
LTYPE
  5
14
330
5
100
AcDbSymbolTableRecord
100
AcDbLinetypeTableRecord
  2
BYBLOCK
 70
     0
  3

 72
    65
 73
     0
 40
0.0
  0
LTYPE
  5
15
330
5
100
AcDbSymbolTableRecord
100
AcDbLinetypeTableRecord
  2
BYLAYER
 70
     0
  3

 72
    65
 73
     0
 40
0.0
  0
LTYPE
  5
16
330
5
100
AcDbSymbolTableRecord
100
AcDbLinetypeTableRecord
  2
CONTINUOUS
 70
     0
  3
Solid line
 72
    65
 73
     0
 40
0.0
  0
LTYPE
  5
1F5
330
5
100
AcDbSymbolTableRecord
100
AcDbLinetypeTableRecord
  2
CENTER
 70
     0
  3
____ _ ____ _ ____ _ ____ _ ____ _ ____ _ ____
 72
    65
 73
     4
 40
0.6
 49
0.375
 74
     0
 49
-0.075
 74
     0
 49
0.075
 74
     0
 49
-0.075
 74
     0
  0
LTYPE
  5
1F6
330
5
100
AcDbSymbolTableRecord
100
AcDbLinetypeTableRecord
  2
HIDDEN
 70
     0
  3
- - - - - - - - - - - - - - - - - - - -
 72
    65
 73
     2
 40
0.2
 49
0.1
 74
     0
 49
-0.1
 74
     0
  0
LTYPE
  5
1F7
330
5
100
AcDbSymbolTableRecord
100
AcDbLinetypeTableRecord
  2
PHANTOM
 70
     0
  3
_____ _ _ _____ _ _ _____ _ _ _____
 72
    65
 73
     6
 40
0.8
 49
0.45
 74
     0
 49
-0.05
 74
     0
 49
0.1
 74
     0
 49
-0.05
 74
     0
 49
0.1
 74
     0
 49
-0.05
 74
     0
  0
LTYPE
  5
1F8
330
5
100
AcDbSymbolTableRecord
100
AcDbLinetypeTableRecord
  2
DOT
 70
     0
  3
. . . . . . . . . . . . . . . . . . . .
 72
    65
 73
     2
 40
0.2
 49
0.1
 74
     0
 49
-0.1
 74
     0
  0
LTYPE
  5
1F9
330
5
100
AcDbSymbolTableRecord
100
AcDbLinetypeTableRecord
  2
DASHED
 70
     0
  3
- - - - - - - - - - - - - - - - - - - -
 72
    65
 73
     2
 40
0.2
 49
0.1
 74
     0
 49
-0.1
 74
     0
  0
ENDTAB
  0
TABLE
  2
LAYER
  5
2
102
{ACAD_XDICTIONARY
360
CE4
102
}
330
0
100
AcDbSymbolTable
 70
   180
  0
LAYER
  5
10
330
2
100
AcDbSymbolTableRecord
100
AcDbLayerTableRecord
  2
0
 70
     0
 62
     7
  6
CONTINUOUS
370
    -3
390
F
347
C99
348
0
  0
LAYER
  5
1FA
330
2
100
AcDbSymbolTableRecord
100
AcDbLayerTableRecord
  2
DEFAULT_1
 70
     0
 62
     7
  6
CENTER
370
    -3
390
F
347
C99
348
0
  0
LAYER
  5
1FB
330
2
100
AcDbSymbolTableRecord
100
AcDbLayerTableRecord
  2
DEFAULT_2
 70
     0
 62
     8
  6
HIDDEN
370
    -3
390
F
347
C99
348
0
  0
LAYER
  5
1FC
330
2
100
AcDbSymbolTableRecord
100
AcDbLayerTableRecord
  2
DEFAULT_3
 70
     0
 62
     7
  6
PHANTOM
370
    -3
390
F
347
C99
348
0
  0
LAYER
  5
1FD
330
2
100
AcDbSymbolTableRecord
100
AcDbLayerTableRecord
  2
01_ALL_DTM_PLN
 70
     0
 62
     7
  6
CONTINUOUS
370
    -3
390
F
347
C99
348
0
  0
LAYER
  5
1FE
330
2
100
AcDbSymbolTableRecord
100
AcDbLayerTableRecord
  2
01__ASM_ALL_DTM_PLN
 70
     0
 62
     7
  6
CONTINUOUS
370
    -3
390
F
347
C99
348
0
  0
LAYER
  5
1FF
330
2
100
AcDbSymbolTableRecord
100
AcDbLayerTableRecord
  2
01__ASM_DEF_DTM_PLN
 70
     0
 62
     7
  6
CONTINUOUS
370
    -3
390
F
347
C99
348
0
  0
LAYER
  5
200
330
2
100
AcDbSymbolTableRecord
100
AcDbLayerTableRecord
  2
01___PRT_ALL_DTM_PLN
 70
     0
 62
     7
  6
CONTINUOUS
370
    -3
390
F
347
C99
348
0
  0
LAYER
  5
201
330
2
100
AcDbSymbolTableRecord
100
AcDbLayerTableRecord
  2
01___PRT_DEF_DTM_PLN
 70
     0
 62
     7
  6
CONTINUOUS
370
    -3
390
F
347
C99
348
0
  0
LAYER
  5
202
330
2
100
AcDbSymbolTableRecord
100
AcDbLayerTableRecord
  2
02_ALL_AXES
 70
     0
 62
     7
  6
CONTINUOUS
370
    -3
390
F
347
C99
348
0
  0
LAYER
  5
203
330
2
100
AcDbSymbolTableRecord
100
AcDbLayerTableRecord
  2
02__ASM_ALL_AXES
 70
     0
 62
     7
  6
CONTINUOUS
370
    -3
390
F
347
C99
348
0
  0
LAYER
  5
204
330
2
100
AcDbSymbolTableRecord
100
AcDbLayerTableRecord
  2
02___PRT_ALL_AXES
 70
     0
 62
     7
  6
CONTINUOUS
370
    -3
390
F
347
C99
348
0
  0
LAYER
  5
205
330
2
100
AcDbSymbolTableRecord
100
AcDbLayerTableRecord
  2
03_ALL_CURVES
 70
     0
 62
     7
  6
CONTINUOUS
370
    -3
390
F
347
C99
348
0
  0
LAYER
  5
206
330
2
100
AcDbSymbolTableRecord
100
AcDbLayerTableRecord
  2
03__ASM_ALL_CURVES
 70
     0
 62
     7
  6
CONTINUOUS
370
    -3
390
F
347
C99
348
0
  0
LAYER
  5
207
330
2
100
AcDbSymbolTableRecord
100
AcDbLayerTableRecord
  2
03___PRT_ALL_CURVES
 70
     0
 62
     7
  6
CONTINUOUS
370
    -3
390
F
347
C99
348
0
  0
LAYER
  5
208
330
2
100
AcDbSymbolTableRecord
100
AcDbLayerTableRecord
  2
04_ALL_DTM_PNT
 70
     0
 62
     7
  6
CONTINUOUS
370
    -3
390
F
347
C99
348
0
  0
LAYER
  5
209
330
2
100
AcDbSymbolTableRecord
100
AcDbLayerTableRecord
  2
04__ASM_ALL_DTM_PNT
 70
     0
 62
     7
  6
CONTINUOUS
370
    -3
390
F
347
C99
348
0
  0
LAYER
  5
20A
330
2
100
AcDbSymbolTableRecord
100
AcDbLayerTableRecord
  2
04___PRT_ALL_DTM_PNT
 70
     0
 62
     7
  6
CONTINUOUS
370
    -3
390
F
347
C99
348
0
  0
LAYER
  5
20B
330
2
100
AcDbSymbolTableRecord
100
AcDbLayerTableRecord
  2
05_ALL_DTM_CSYS
 70
     0
 62
     7
  6
CONTINUOUS
370
    -3
390
F
347
C99
348
0
  0
LAYER
  5
20C
330
2
100
AcDbSymbolTableRecord
100
AcDbLayerTableRecord
  2
05__ASM_ALL_DTM_CSYS
 70
     0
 62
     7
  6
CONTINUOUS
370
    -3
390
F
347
C99
348
0
  0
LAYER
  5
20D
330
2
100
AcDbSymbolTableRecord
100
AcDbLayerTableRecord
  2
05__ASM_DEF_DTM_CSYS
 70
     0
 62
     7
  6
CONTINUOUS
370
    -3
390
F
347
C99
348
0
  0
LAYER
  5
20E
330
2
100
AcDbSymbolTableRecord
100
AcDbLayerTableRecord
  2
05___PRT_ALL_DTM_CSYS
 70
     0
 62
     7
  6
CONTINUOUS
370
    -3
390
F
347
C99
348
0
  0
LAYER
  5
20F
330
2
100
AcDbSymbolTableRecord
100
AcDbLayerTableRecord
  2
05___PRT_DEF_DTM_CSYS
 70
     0
 62
     7
  6
CONTINUOUS
370
    -3
390
F
347
C99
348
0
  0
LAYER
  5
210
330
2
100
AcDbSymbolTableRecord
100
AcDbLayerTableRecord
  2
06_ALL_SURFS
 70
     0
 62
     7
  6
CONTINUOUS
370
    -3
390
F
347
C99
348
0
  0
LAYER
  5
211
330
2
100
AcDbSymbolTableRecord
100
AcDbLayerTableRecord
  2
06__ASM_ALL_SURFS
 70
     0
 62
     7
  6
CONTINUOUS
370
    -3
390
F
347
C99
348
0
  0
LAYER
  5
212
330
2
100
AcDbSymbolTableRecord
100
AcDbLayerTableRecord
  2
06___PRT_ALL_SURFS
 70
     0
 62
     7
  6
CONTINUOUS
370
    -3
390
F
347
C99
348
0
  0
LAYER
  5
213
330
2
100
AcDbSymbolTableRecord
100
AcDbLayerTableRecord
  2
07__ASM_ALL_SKELETONS
 70
     0
 62
     7
  6
CONTINUOUS
370
    -3
390
F
347
C99
348
0
  0
LAYER
  5
214
330
2
100
AcDbSymbolTableRecord
100
AcDbLayerTableRecord
  2
17623-1_ASM
 70
     0
 62
     7
  6
CONTINUOUS
370
    -3
390
F
347
C99
348
0
  0
LAYER
  5
215
330
2
100
AcDbSymbolTableRecord
100
AcDbLayerTableRecord
  2
1762ZHONG_ASM
 70
     0
 62
     7
  6
CONTINUOUS
370
    -3
390
F
347
C99
348
0
  0
LAYER
  5
216
330
2
100
AcDbSymbolTableRecord
100
AcDbLayerTableRecord
  2
1_ALL_PLANES
 70
     0
 62
     7
  6
CONTINUOUS
370
    -3
390
F
347
C99
348
0
  0
LAYER
  5
217
330
2
100
AcDbSymbolTableRecord
100
AcDbLayerTableRecord
  2
2_ALL_CSYS
 70
     0
 62
     7
  6
CONTINUOUS
370
    -3
390
F
347
C99
348
0
  0
LAYER
  5
218
330
2
100
AcDbSymbolTableRecord
100
AcDbLayerTableRecord
  2
3_ALL_AXES
 70
     0
 62
     7
  6
CONTINUOUS
370
    -3
390
F
347
C99
348
0
  0
LAYER
  5
219
330
2
100
AcDbSymbolTableRecord
100
AcDbLayerTableRecord
  2
4_ALL_POINTS
 70
     0
 62
     7
  6
CONTINUOUS
370
    -3
390
F
347
C99
348
0
  0
LAYER
  5
21A
330
2
100
AcDbSymbolTableRecord
100
AcDbLayerTableRecord
  2
7_ALL_FEATURES
 70
     0
 62
     7
  6
CONTINUOUS
370
    -3
390
F
347
C99
348
0
  0
LAYER
  5
21B
330
2
100
AcDbSymbolTableRecord
100
AcDbLayerTableRecord
  2
ASM0002_ASM
 70
     0
 62
     7
  6
CONTINUOUS
370
    -3
390
F
347
C99
348
0
  0
LAYER
  5
21C
330
2
100
AcDbSymbolTableRecord
100
AcDbLayerTableRecord
  2
ASM0003_ASM
 70
     0
 62
     7
  6
CONTINUOUS
370
    -3
390
F
347
C99
348
0
  0
LAYER
  5
21D
330
2
100
AcDbSymbolTableRecord
100
AcDbLayerTableRecord
  2
ASM0004_ASM
 70
     0
 62
     7
  6
CONTINUOUS
370
    -3
390
F
347
C99
348
0
  0
LAYER
  5
21E
330
2
100
AcDbSymbolTableRecord
100
AcDbLayerTableRecord
  2
ASM0005_ASM_2_ASM
 70
     0
 62
     7
  6
CONTINUOUS
370
    -3
390
F
347
C99
348
0
  0
LAYER
  5
21F
330
2
100
AcDbSymbolTableRecord
100
AcDbLayerTableRecord
  2
AXES
 70
     0
 62
     7
  6
CONTINUOUS
370
    -3
390
F
347
C99
348
0
  0
LAYER
  5
220
330
2
100
AcDbSymbolTableRecord
100
AcDbLayerTableRecord
  2
CLOSED_SHELL
 70
     0
 62
     7
  6
CONTINUOUS
370
    -3
390
F
347
C99
348
0
  0
LAYER
  5
221
330
2
100
AcDbSymbolTableRecord
100
AcDbLayerTableRecord
  2
CURVERS
 70
     0
 62
     7
  6
CONTINUOUS
370
    -3
390
F
347
C99
348
0
  0
LAYER
  5
222
330
2
100
AcDbSymbolTableRecord
100
AcDbLayerTableRecord
  2
ECAD_C0603M
 70
     0
 62
     7
  6
CONTINUOUS
370
    -3
390
F
347
C99
348
0
  0
LAYER
  5
223
330
2
100
AcDbSymbolTableRecord
100
AcDbLayerTableRecord
  2
ECAD_C1206M
 70
     0
 62
     7
  6
CONTINUOUS
370
    -3
390
F
347
C99
348
0
  0
LAYER
  5
224
330
2
100
AcDbSymbolTableRecord
100
AcDbLayerTableRecord
  2
ECAD_C1812M
 70
     0
 62
     7
  6
CONTINUOUS
370
    -3
390
F
347
C99
348
0
  0
LAYER
  5
225
330
2
100
AcDbSymbolTableRecord
100
AcDbLayerTableRecord
  2
ECAD_MARK
 70
     0
 62
     7
  6
CONTINUOUS
370
    -3
390
F
347
C99
348
0
  0
LAYER
  5
226
330
2
100
AcDbSymbolTableRecord
100
AcDbLayerTableRecord
  2
ECAD_R0603M
 70
     0
 62
     7
  6
CONTINUOUS
370
    -3
390
F
347
C99
348
0
  0
LAYER
  5
227
330
2
100
AcDbSymbolTableRecord
100
AcDbLayerTableRecord
  2
ECAD_SHINNING_1761-601-66-N
 70
     0
 62
     7
  6
CONTINUOUS
370
    -3
390
F
347
C99
348
0
  0
LAYER
  5
228
330
2
100
AcDbSymbolTableRecord
100
AcDbLayerTableRecord
  2
ECAD_SOP64P600X175-16M_MO-137AB
 70
     0
 62
     7
  6
CONTINUOUS
370
    -3
390
F
347
C99
348
0
  0
LAYER
  5
229
330
2
100
AcDbSymbolTableRecord
100
AcDbLayerTableRecord
  2
ECAD_SOP65P640X120-16M_MO-153AB
 70
     0
 62
     7
  6
CONTINUOUS
370
    -3
390
F
347
C99
348
0
  0
LAYER
  5
22A
330
2
100
AcDbSymbolTableRecord
100
AcDbLayerTableRecord
  2
ECAD_SOT95P237X112-3M_TO-236AB
 70
     0
 62
     7
  6
CONTINUOUS
370
    -3
390
F
347
C99
348
0
  0
LAYER
  5
22B
330
2
100
AcDbSymbolTableRecord
100
AcDbLayerTableRecord
  2
HOUSING_AF1_1
 70
     0
 62
     7
  6
CONTINUOUS
370
    -3
390
F
347
C99
348
0
  0
LAYER
  5
22C
330
2
100
AcDbSymbolTableRecord
100
AcDbLayerTableRecord
  2
INTF_RED
 70
     0
 62
     7
  6
CONTINUOUS
370
    -3
390
F
347
C99
348
0
  0
LAYER
  5
22D
330
2
100
AcDbSymbolTableRecord
100
AcDbLayerTableRecord
  2
INTF_YELLOW
 70
     0
 62
     7
  6
CONTINUOUS
370
    -3
390
F
347
C99
348
0
  0
LAYER
  5
22E
330
2
100
AcDbSymbolTableRecord
100
AcDbLayerTableRecord
  2
PLANES
 70
     0
 62
     7
  6
CONTINUOUS
370
    -3
390
F
347
C99
348
0
  0
LAYER
  5
22F
330
2
100
AcDbSymbolTableRecord
100
AcDbLayerTableRecord
  2
PLUGTERMINAL
 70
     0
 62
     7
  6
CONTINUOUS
370
    -3
390
F
347
C99
348
0
  0
LAYER
  5
230
330
2
100
AcDbSymbolTableRecord
100
AcDbLayerTableRecord
  2
PLUGTERMINAL_1
 70
     0
 62
     7
  6
CONTINUOUS
370
    -3
390
F
347
C99
348
0
  0
LAYER
  5
231
330
2
100
AcDbSymbolTableRecord
100
AcDbLayerTableRecord
  2
PLUGTERMINAL_10
 70
     0
 62
     7
  6
CONTINUOUS
370
    -3
390
F
347
C99
348
0
  0
LAYER
  5
232
330
2
100
AcDbSymbolTableRecord
100
AcDbLayerTableRecord
  2
PLUGTERMINAL_11
 70
     0
 62
     7
  6
CONTINUOUS
370
    -3
390
F
347
C99
348
0
  0
LAYER
  5
233
330
2
100
AcDbSymbolTableRecord
100
AcDbLayerTableRecord
  2
PLUGTERMINAL_12
 70
     0
 62
     7
  6
CONTINUOUS
370
    -3
390
F
347
C99
348
0
  0
LAYER
  5
234
330
2
100
AcDbSymbolTableRecord
100
AcDbLayerTableRecord
  2
PLUGTERMINAL_13
 70
     0
 62
     7
  6
CONTINUOUS
370
    -3
390
F
347
C99
348
0
  0
LAYER
  5
235
330
2
100
AcDbSymbolTableRecord
100
AcDbLayerTableRecord
  2
PLUGTERMINAL_14
 70
     0
 62
     7
  6
CONTINUOUS
370
    -3
390
F
347
C99
348
0
  0
LAYER
  5
236
330
2
100
AcDbSymbolTableRecord
100
AcDbLayerTableRecord
  2
PLUGTERMINAL_15
 70
     0
 62
     7
  6
CONTINUOUS
370
    -3
390
F
347
C99
348
0
  0
LAYER
  5
237
330
2
100
AcDbSymbolTableRecord
100
AcDbLayerTableRecord
  2
PLUGTERMINAL_16
 70
     0
 62
     7
  6
CONTINUOUS
370
    -3
390
F
347
C99
348
0
  0
LAYER
  5
238
330
2
100
AcDbSymbolTableRecord
100
AcDbLayerTableRecord
  2
PLUGTERMINAL_17
 70
     0
 62
     7
  6
CONTINUOUS
370
    -3
390
F
347
C99
348
0
  0
LAYER
  5
239
330
2
100
AcDbSymbolTableRecord
100
AcDbLayerTableRecord
  2
PLUGTERMINAL_18
 70
     0
 62
     7
  6
CONTINUOUS
370
    -3
390
F
347
C99
348
0
  0
LAYER
  5
23A
330
2
100
AcDbSymbolTableRecord
100
AcDbLayerTableRecord
  2
PLUGTERMINAL_19
 70
     0
 62
     7
  6
CONTINUOUS
370
    -3
390
F
347
C99
348
0
  0
LAYER
  5
23B
330
2
100
AcDbSymbolTableRecord
100
AcDbLayerTableRecord
  2
PLUGTERMINAL_2
 70
     0
 62
     7
  6
CONTINUOUS
370
    -3
390
F
347
C99
348
0
  0
LAYER
  5
23C
330
2
100
AcDbSymbolTableRecord
100
AcDbLayerTableRecord
  2
PLUGTERMINAL_20
 70
     0
 62
     7
  6
CONTINUOUS
370
    -3
390
F
347
C99
348
0
  0
LAYER
  5
23D
330
2
100
AcDbSymbolTableRecord
100
AcDbLayerTableRecord
  2
PLUGTERMINAL_21
 70
     0
 62
     7
  6
CONTINUOUS
370
    -3
390
F
347
C99
348
0
  0
LAYER
  5
23E
330
2
100
AcDbSymbolTableRecord
100
AcDbLayerTableRecord
  2
PLUGTERMINAL_22
 70
     0
 62
     7
  6
CONTINUOUS
370
    -3
390
F
347
C99
348
0
  0
LAYER
  5
23F
330
2
100
AcDbSymbolTableRecord
100
AcDbLayerTableRecord
  2
PLUGTERMINAL_23
 70
     0
 62
     7
  6
CONTINUOUS
370
    -3
390
F
347
C99
348
0
  0
LAYER
  5
240
330
2
100
AcDbSymbolTableRecord
100
AcDbLayerTableRecord
  2
PLUGTERMINAL_24
 70
     0
 62
     7
  6
CONTINUOUS
370
    -3
390
F
347
C99
348
0
  0
LAYER
  5
241
330
2
100
AcDbSymbolTableRecord
100
AcDbLayerTableRecord
  2
PLUGTERMINAL_25
 70
     0
 62
     7
  6
CONTINUOUS
370
    -3
390
F
347
C99
348
0
  0
LAYER
  5
242
330
2
100
AcDbSymbolTableRecord
100
AcDbLayerTableRecord
  2
PLUGTERMINAL_26
 70
     0
 62
     7
  6
CONTINUOUS
370
    -3
390
F
347
C99
348
0
  0
LAYER
  5
243
330
2
100
AcDbSymbolTableRecord
100
AcDbLayerTableRecord
  2
PLUGTERMINAL_27
 70
     0
 62
     7
  6
CONTINUOUS
370
    -3
390
F
347
C99
348
0
  0
LAYER
  5
244
330
2
100
AcDbSymbolTableRecord
100
AcDbLayerTableRecord
  2
PLUGTERMINAL_28
 70
     0
 62
     7
  6
CONTINUOUS
370
    -3
390
F
347
C99
348
0
  0
LAYER
  5
245
330
2
100
AcDbSymbolTableRecord
100
AcDbLayerTableRecord
  2
PLUGTERMINAL_29
 70
     0
 62
     7
  6
CONTINUOUS
370
    -3
390
F
347
C99
348
0
  0
LAYER
  5
246
330
2
100
AcDbSymbolTableRecord
100
AcDbLayerTableRecord
  2
PLUGTERMINAL_3
 70
     0
 62
     7
  6
CONTINUOUS
370
    -3
390
F
347
C99
348
0
  0
LAYER
  5
247
330
2
100
AcDbSymbolTableRecord
100
AcDbLayerTableRecord
  2
PLUGTERMINAL_30
 70
     0
 62
     7
  6
CONTINUOUS
370
    -3
390
F
347
C99
348
0
  0
LAYER
  5
248
330
2
100
AcDbSymbolTableRecord
100
AcDbLayerTableRecord
  2
PLUGTERMINAL_31
 70
     0
 62
     7
  6
CONTINUOUS
370
    -3
390
F
347
C99
348
0
  0
LAYER
  5
249
330
2
100
AcDbSymbolTableRecord
100
AcDbLayerTableRecord
  2
PLUGTERMINAL_32
 70
     0
 62
     7
  6
CONTINUOUS
370
    -3
390
F
347
C99
348
0
  0
LAYER
  5
24A
330
2
100
AcDbSymbolTableRecord
100
AcDbLayerTableRecord
  2
PLUGTERMINAL_33
 70
     0
 62
     7
  6
CONTINUOUS
370
    -3
390
F
347
C99
348
0
  0
LAYER
  5
24B
330
2
100
AcDbSymbolTableRecord
100
AcDbLayerTableRecord
  2
PLUGTERMINAL_34
 70
     0
 62
     7
  6
CONTINUOUS
370
    -3
390
F
347
C99
348
0
  0
LAYER
  5
24C
330
2
100
AcDbSymbolTableRecord
100
AcDbLayerTableRecord
  2
PLUGTERMINAL_35
 70
     0
 62
     7
  6
CONTINUOUS
370
    -3
390
F
347
C99
348
0
  0
LAYER
  5
24D
330
2
100
AcDbSymbolTableRecord
100
AcDbLayerTableRecord
  2
PLUGTERMINAL_36
 70
     0
 62
     7
  6
CONTINUOUS
370
    -3
390
F
347
C99
348
0
  0
LAYER
  5
24E
330
2
100
AcDbSymbolTableRecord
100
AcDbLayerTableRecord
  2
PLUGTERMINAL_37
 70
     0
 62
     7
  6
CONTINUOUS
370
    -3
390
F
347
C99
348
0
  0
LAYER
  5
24F
330
2
100
AcDbSymbolTableRecord
100
AcDbLayerTableRecord
  2
PLUGTERMINAL_38
 70
     0
 62
     7
  6
CONTINUOUS
370
    -3
390
F
347
C99
348
0
  0
LAYER
  5
250
330
2
100
AcDbSymbolTableRecord
100
AcDbLayerTableRecord
  2
PLUGTERMINAL_39
 70
     0
 62
     7
  6
CONTINUOUS
370
    -3
390
F
347
C99
348
0
  0
LAYER
  5
251
330
2
100
AcDbSymbolTableRecord
100
AcDbLayerTableRecord
  2
PLUGTERMINAL_4
 70
     0
 62
     7
  6
CONTINUOUS
370
    -3
390
F
347
C99
348
0
  0
LAYER
  5
252
330
2
100
AcDbSymbolTableRecord
100
AcDbLayerTableRecord
  2
PLUGTERMINAL_40
 70
     0
 62
     7
  6
CONTINUOUS
370
    -3
390
F
347
C99
348
0
  0
LAYER
  5
253
330
2
100
AcDbSymbolTableRecord
100
AcDbLayerTableRecord
  2
PLUGTERMINAL_41
 70
     0
 62
     7
  6
CONTINUOUS
370
    -3
390
F
347
C99
348
0
  0
LAYER
  5
254
330
2
100
AcDbSymbolTableRecord
100
AcDbLayerTableRecord
  2
PLUGTERMINAL_42
 70
     0
 62
     7
  6
CONTINUOUS
370
    -3
390
F
347
C99
348
0
  0
LAYER
  5
255
330
2
100
AcDbSymbolTableRecord
100
AcDbLayerTableRecord
  2
PLUGTERMINAL_43
 70
     0
 62
     7
  6
CONTINUOUS
370
    -3
390
F
347
C99
348
0
  0
LAYER
  5
256
330
2
100
AcDbSymbolTableRecord
100
AcDbLayerTableRecord
  2
PLUGTERMINAL_44
 70
     0
 62
     7
  6
CONTINUOUS
370
    -3
390
F
347
C99
348
0
  0
LAYER
  5
257
330
2
100
AcDbSymbolTableRecord
100
AcDbLayerTableRecord
  2
PLUGTERMINAL_45
 70
     0
 62
     7
  6
CONTINUOUS
370
    -3
390
F
347
C99
348
0
  0
LAYER
  5
258
330
2
100
AcDbSymbolTableRecord
100
AcDbLayerTableRecord
  2
PLUGTERMINAL_46
 70
     0
 62
     7
  6
CONTINUOUS
370
    -3
390
F
347
C99
348
0
  0
LAYER
  5
259
330
2
100
AcDbSymbolTableRecord
100
AcDbLayerTableRecord
  2
PLUGTERMINAL_47
 70
     0
 62
     7
  6
CONTINUOUS
370
    -3
390
F
347
C99
348
0
  0
LAYER
  5
25A
330
2
100
AcDbSymbolTableRecord
100
AcDbLayerTableRecord
  2
PLUGTERMINAL_48
 70
     0
 62
     7
  6
CONTINUOUS
370
    -3
390
F
347
C99
348
0
  0
LAYER
  5
25B
330
2
100
AcDbSymbolTableRecord
100
AcDbLayerTableRecord
  2
PLUGTERMINAL_49
 70
     0
 62
     7
  6
CONTINUOUS
370
    -3
390
F
347
C99
348
0
  0
LAYER
  5
25C
330
2
100
AcDbSymbolTableRecord
100
AcDbLayerTableRecord
  2
PLUGTERMINAL_5
 70
     0
 62
     7
  6
CONTINUOUS
370
    -3
390
F
347
C99
348
0
  0
LAYER
  5
25D
330
2
100
AcDbSymbolTableRecord
100
AcDbLayerTableRecord
  2
PLUGTERMINAL_50
 70
     0
 62
     7
  6
CONTINUOUS
370
    -3
390
F
347
C99
348
0
  0
LAYER
  5
25E
330
2
100
AcDbSymbolTableRecord
100
AcDbLayerTableRecord
  2
PLUGTERMINAL_51
 70
     0
 62
     7
  6
CONTINUOUS
370
    -3
390
F
347
C99
348
0
  0
LAYER
  5
25F
330
2
100
AcDbSymbolTableRecord
100
AcDbLayerTableRecord
  2
PLUGTERMINAL_52
 70
     0
 62
     7
  6
CONTINUOUS
370
    -3
390
F
347
C99
348
0
  0
LAYER
  5
260
330
2
100
AcDbSymbolTableRecord
100
AcDbLayerTableRecord
  2
PLUGTERMINAL_53
 70
     0
 62
     7
  6
CONTINUOUS
370
    -3
390
F
347
C99
348
0
  0
LAYER
  5
261
330
2
100
AcDbSymbolTableRecord
100
AcDbLayerTableRecord
  2
PLUGTERMINAL_54
 70
     0
 62
     7
  6
CONTINUOUS
370
    -3
390
F
347
C99
348
0
  0
LAYER
  5
262
330
2
100
AcDbSymbolTableRecord
100
AcDbLayerTableRecord
  2
PLUGTERMINAL_55
 70
     0
 62
     7
  6
CONTINUOUS
370
    -3
390
F
347
C99
348
0
  0
LAYER
  5
263
330
2
100
AcDbSymbolTableRecord
100
AcDbLayerTableRecord
  2
PLUGTERMINAL_56
 70
     0
 62
     7
  6
CONTINUOUS
370
    -3
390
F
347
C99
348
0
  0
LAYER
  5
264
330
2
100
AcDbSymbolTableRecord
100
AcDbLayerTableRecord
  2
PLUGTERMINAL_57
 70
     0
 62
     7
  6
CONTINUOUS
370
    -3
390
F
347
C99
348
0
  0
LAYER
  5
265
330
2
100
AcDbSymbolTableRecord
100
AcDbLayerTableRecord
  2
PLUGTERMINAL_58
 70
     0
 62
     7
  6
CONTINUOUS
370
    -3
390
F
347
C99
348
0
  0
LAYER
  5
266
330
2
100
AcDbSymbolTableRecord
100
AcDbLayerTableRecord
  2
PLUGTERMINAL_59
 70
     0
 62
     7
  6
CONTINUOUS
370
    -3
390
F
347
C99
348
0
  0
LAYER
  5
267
330
2
100
AcDbSymbolTableRecord
100
AcDbLayerTableRecord
  2
PLUGTERMINAL_6
 70
     0
 62
     7
  6
CONTINUOUS
370
    -3
390
F
347
C99
348
0
  0
LAYER
  5
268
330
2
100
AcDbSymbolTableRecord
100
AcDbLayerTableRecord
  2
PLUGTERMINAL_7
 70
     0
 62
     7
  6
CONTINUOUS
370
    -3
390
F
347
C99
348
0
  0
LAYER
  5
269
330
2
100
AcDbSymbolTableRecord
100
AcDbLayerTableRecord
  2
PLUGTERMINAL_8
 70
     0
 62
     7
  6
CONTINUOUS
370
    -3
390
F
347
C99
348
0
  0
LAYER
  5
26A
330
2
100
AcDbSymbolTableRecord
100
AcDbLayerTableRecord
  2
PLUGTERMINAL_9
 70
     0
 62
     7
  6
CONTINUOUS
370
    -3
390
F
347
C99
348
0
  0
LAYER
  5
26B
330
2
100
AcDbSymbolTableRecord
100
AcDbLayerTableRecord
  2
POINTS
 70
     0
 62
     7
  6
CONTINUOUS
370
    -3
390
F
347
C99
348
0
  0
LAYER
  5
26C
330
2
100
AcDbSymbolTableRecord
100
AcDbLayerTableRecord
  2
PRT0002
 70
     0
 62
     7
  6
CONTINUOUS
370
    -3
390
F
347
C99
348
0
  0
LAYER
  5
26D
330
2
100
AcDbSymbolTableRecord
100
AcDbLayerTableRecord
  2
PRT0008
 70
     0
 62
     7
  6
CONTINUOUS
370
    -3
390
F
347
C99
348
0
  0
LAYER
  5
26E
330
2
100
AcDbSymbolTableRecord
100
AcDbLayerTableRecord
  2
PRT0009
 70
     0
 62
     7
  6
CONTINUOUS
370
    -3
390
F
347
C99
348
0
  0
LAYER
  5
26F
330
2
100
AcDbSymbolTableRecord
100
AcDbLayerTableRecord
  2
PRT0010
 70
     0
 62
     7
  6
CONTINUOUS
370
    -3
390
F
347
C99
348
0
  0
LAYER
  5
270
330
2
100
AcDbSymbolTableRecord
100
AcDbLayerTableRecord
  2
PRT0012
 70
     0
 62
     7
  6
CONTINUOUS
370
    -3
390
F
347
C99
348
0
  0
LAYER
  5
271
330
2
100
AcDbSymbolTableRecord
100
AcDbLayerTableRecord
  2
PRT0013
 70
     0
 62
     7
  6
CONTINUOUS
370
    -3
390
F
347
C99
348
0
  0
LAYER
  5
272
330
2
100
AcDbSymbolTableRecord
100
AcDbLayerTableRecord
  2
PRT0014
 70
     0
 62
     7
  6
CONTINUOUS
370
    -3
390
F
347
C99
348
0
  0
LAYER
  5
273
330
2
100
AcDbSymbolTableRecord
100
AcDbLayerTableRecord
  2
PRT0015
 70
     0
 62
     7
  6
CONTINUOUS
370
    -3
390
F
347
C99
348
0
  0
LAYER
  5
274
330
2
100
AcDbSymbolTableRecord
100
AcDbLayerTableRecord
  2
PRT0016
 70
     0
 62
     7
  6
CONTINUOUS
370
    -3
390
F
347
C99
348
0
  0
LAYER
  5
275
330
2
100
AcDbSymbolTableRecord
100
AcDbLayerTableRecord
  2
PRT0017
 70
     0
 62
     7
  6
CONTINUOUS
370
    -3
390
F
347
C99
348
0
  0
LAYER
  5
276
330
2
100
AcDbSymbolTableRecord
100
AcDbLayerTableRecord
  2
TERMINAL_AF100_1
 70
     0
 62
     7
  6
CONTINUOUS
370
    -3
390
F
347
C99
348
0
  0
LAYER
  5
277
330
2
100
AcDbSymbolTableRecord
100
AcDbLayerTableRecord
  2
TERMINAL_AF101_1
 70
     0
 62
     7
  6
CONTINUOUS
370
    -3
390
F
347
C99
348
0
  0
LAYER
  5
278
330
2
100
AcDbSymbolTableRecord
100
AcDbLayerTableRecord
  2
TERMINAL_AF102_1
 70
     0
 62
     7
  6
CONTINUOUS
370
    -3
390
F
347
C99
348
0
  0
LAYER
  5
279
330
2
100
AcDbSymbolTableRecord
100
AcDbLayerTableRecord
  2
TERMINAL_AF13_1
 70
     0
 62
     7
  6
CONTINUOUS
370
    -3
390
F
347
C99
348
0
  0
LAYER
  5
27A
330
2
100
AcDbSymbolTableRecord
100
AcDbLayerTableRecord
  2
TERMINAL_AF147_1
 70
     0
 62
     7
  6
CONTINUOUS
370
    -3
390
F
347
C99
348
0
  0
LAYER
  5
27B
330
2
100
AcDbSymbolTableRecord
100
AcDbLayerTableRecord
  2
TERMINAL_AF148_1
 70
     0
 62
     7
  6
CONTINUOUS
370
    -3
390
F
347
C99
348
0
  0
LAYER
  5
27C
330
2
100
AcDbSymbolTableRecord
100
AcDbLayerTableRecord
  2
TERMINAL_AF149_1
 70
     0
 62
     7
  6
CONTINUOUS
370
    -3
390
F
347
C99
348
0
  0
LAYER
  5
27D
330
2
100
AcDbSymbolTableRecord
100
AcDbLayerTableRecord
  2
TERMINAL_AF14_1
 70
     0
 62
     7
  6
CONTINUOUS
370
    -3
390
F
347
C99
348
0
  0
LAYER
  5
27E
330
2
100
AcDbSymbolTableRecord
100
AcDbLayerTableRecord
  2
TERMINAL_AF15_1
 70
     0
 62
     7
  6
CONTINUOUS
370
    -3
390
F
347
C99
348
0
  0
LAYER
  5
27F
330
2
100
AcDbSymbolTableRecord
100
AcDbLayerTableRecord
  2
TERMINAL_AF16_1
 70
     0
 62
     7
  6
CONTINUOUS
370
    -3
390
F
347
C99
348
0
  0
LAYER
  5
280
330
2
100
AcDbSymbolTableRecord
100
AcDbLayerTableRecord
  2
TERMINAL_AF17_1
 70
     0
 62
     7
  6
CONTINUOUS
370
    -3
390
F
347
C99
348
0
  0
LAYER
  5
281
330
2
100
AcDbSymbolTableRecord
100
AcDbLayerTableRecord
  2
TERMINAL_AF18_1
 70
     0
 62
     7
  6
CONTINUOUS
370
    -3
390
F
347
C99
348
0
  0
LAYER
  5
282
330
2
100
AcDbSymbolTableRecord
100
AcDbLayerTableRecord
  2
TERMINAL_AF19_1
 70
     0
 62
     7
  6
CONTINUOUS
370
    -3
390
F
347
C99
348
0
  0
LAYER
  5
283
330
2
100
AcDbSymbolTableRecord
100
AcDbLayerTableRecord
  2
TERMINAL_AF20_1
 70
     0
 62
     7
  6
CONTINUOUS
370
    -3
390
F
347
C99
348
0
  0
LAYER
  5
284
330
2
100
AcDbSymbolTableRecord
100
AcDbLayerTableRecord
  2
TERMINAL_AF21_1
 70
     0
 62
     7
  6
CONTINUOUS
370
    -3
390
F
347
C99
348
0
  0
LAYER
  5
285
330
2
100
AcDbSymbolTableRecord
100
AcDbLayerTableRecord
  2
TERMINAL_AF22_1
 70
     0
 62
     7
  6
CONTINUOUS
370
    -3
390
F
347
C99
348
0
  0
LAYER
  5
286
330
2
100
AcDbSymbolTableRecord
100
AcDbLayerTableRecord
  2
TERMINAL_AF23_1
 70
     0
 62
     7
  6
CONTINUOUS
370
    -3
390
F
347
C99
348
0
  0
LAYER
  5
287
330
2
100
AcDbSymbolTableRecord
100
AcDbLayerTableRecord
  2
TERMINAL_AF24_1
 70
     0
 62
     7
  6
CONTINUOUS
370
    -3
390
F
347
C99
348
0
  0
LAYER
  5
288
330
2
100
AcDbSymbolTableRecord
100
AcDbLayerTableRecord
  2
TERMINAL_AF25_1
 70
     0
 62
     7
  6
CONTINUOUS
370
    -3
390
F
347
C99
348
0
  0
LAYER
  5
289
330
2
100
AcDbSymbolTableRecord
100
AcDbLayerTableRecord
  2
TERMINAL_AF26_1
 70
     0
 62
     7
  6
CONTINUOUS
370
    -3
390
F
347
C99
348
0
  0
LAYER
  5
28A
330
2
100
AcDbSymbolTableRecord
100
AcDbLayerTableRecord
  2
TERMINAL_AF27_1
 70
     0
 62
     7
  6
CONTINUOUS
370
    -3
390
F
347
C99
348
0
  0
LAYER
  5
28B
330
2
100
AcDbSymbolTableRecord
100
AcDbLayerTableRecord
  2
TERMINAL_AF28_1
 70
     0
 62
     7
  6
CONTINUOUS
370
    -3
390
F
347
C99
348
0
  0
LAYER
  5
28C
330
2
100
AcDbSymbolTableRecord
100
AcDbLayerTableRecord
  2
TERMINAL_AF29_1
 70
     0
 62
     7
  6
CONTINUOUS
370
    -3
390
F
347
C99
348
0
  0
LAYER
  5
28D
330
2
100
AcDbSymbolTableRecord
100
AcDbLayerTableRecord
  2
TERMINAL_AF30_1
 70
     0
 62
     7
  6
CONTINUOUS
370
    -3
390
F
347
C99
348
0
  0
LAYER
  5
28E
330
2
100
AcDbSymbolTableRecord
100
AcDbLayerTableRecord
  2
TERMINAL_AF31_1
 70
     0
 62
     7
  6
CONTINUOUS
370
    -3
390
F
347
C99
348
0
  0
LAYER
  5
28F
330
2
100
AcDbSymbolTableRecord
100
AcDbLayerTableRecord
  2
TERMINAL_AF32_1
 70
     0
 62
     7
  6
CONTINUOUS
370
    -3
390
F
347
C99
348
0
  0
LAYER
  5
290
330
2
100
AcDbSymbolTableRecord
100
AcDbLayerTableRecord
  2
TERMINAL_AF33_1
 70
     0
 62
     7
  6
CONTINUOUS
370
    -3
390
F
347
C99
348
0
  0
LAYER
  5
291
330
2
100
AcDbSymbolTableRecord
100
AcDbLayerTableRecord
  2
TERMINAL_AF34_1
 70
     0
 62
     7
  6
CONTINUOUS
370
    -3
390
F
347
C99
348
0
  0
LAYER
  5
292
330
2
100
AcDbSymbolTableRecord
100
AcDbLayerTableRecord
  2
TERMINAL_AF35_1
 70
     0
 62
     7
  6
CONTINUOUS
370
    -3
390
F
347
C99
348
0
  0
LAYER
  5
293
330
2
100
AcDbSymbolTableRecord
100
AcDbLayerTableRecord
  2
TERMINAL_AF36_1
 70
     0
 62
     7
  6
CONTINUOUS
370
    -3
390
F
347
C99
348
0
  0
LAYER
  5
294
330
2
100
AcDbSymbolTableRecord
100
AcDbLayerTableRecord
  2
TERMINAL_AF63_1
 70
     0
 62
     7
  6
CONTINUOUS
370
    -3
390
F
347
C99
348
0
  0
LAYER
  5
295
330
2
100
AcDbSymbolTableRecord
100
AcDbLayerTableRecord
  2
TERMINAL_AF64_1
 70
     0
 62
     7
  6
CONTINUOUS
370
    -3
390
F
347
C99
348
0
  0
LAYER
  5
296
330
2
100
AcDbSymbolTableRecord
100
AcDbLayerTableRecord
  2
TERMINAL_AF65_1
 70
     0
 62
     7
  6
CONTINUOUS
370
    -3
390
F
347
C99
348
0
  0
LAYER
  5
297
330
2
100
AcDbSymbolTableRecord
100
AcDbLayerTableRecord
  2
TERMINAL_AF66_1
 70
     0
 62
     7
  6
CONTINUOUS
370
    -3
390
F
347
C99
348
0
  0
LAYER
  5
298
330
2
100
AcDbSymbolTableRecord
100
AcDbLayerTableRecord
  2
TERMINAL_AF67_1
 70
     0
 62
     7
  6
CONTINUOUS
370
    -3
390
F
347
C99
348
0
  0
LAYER
  5
299
330
2
100
AcDbSymbolTableRecord
100
AcDbLayerTableRecord
  2
TERMINAL_AF68_1
 70
     0
 62
     7
  6
CONTINUOUS
370
    -3
390
F
347
C99
348
0
  0
LAYER
  5
29A
330
2
100
AcDbSymbolTableRecord
100
AcDbLayerTableRecord
  2
TERMINAL_AF69_1
 70
     0
 62
     7
  6
CONTINUOUS
370
    -3
390
F
347
C99
348
0
  0
LAYER
  5
29B
330
2
100
AcDbSymbolTableRecord
100
AcDbLayerTableRecord
  2
TERMINAL_AF70_1
 70
     0
 62
     7
  6
CONTINUOUS
370
    -3
390
F
347
C99
348
0
  0
LAYER
  5
29C
330
2
100
AcDbSymbolTableRecord
100
AcDbLayerTableRecord
  2
TERMINAL_AF71_1
 70
     0
 62
     7
  6
CONTINUOUS
370
    -3
390
F
347
C99
348
0
  0
LAYER
  5
29D
330
2
100
AcDbSymbolTableRecord
100
AcDbLayerTableRecord
  2
TERMINAL_AF72_1
 70
     0
 62
     7
  6
CONTINUOUS
370
    -3
390
F
347
C99
348
0
  0
LAYER
  5
29E
330
2
100
AcDbSymbolTableRecord
100
AcDbLayerTableRecord
  2
TERMINAL_AF73_1
 70
     0
 62
     7
  6
CONTINUOUS
370
    -3
390
F
347
C99
348
0
  0
LAYER
  5
29F
330
2
100
AcDbSymbolTableRecord
100
AcDbLayerTableRecord
  2
TERMINAL_AF74_1
 70
     0
 62
     7
  6
CONTINUOUS
370
    -3
390
F
347
C99
348
0
  0
LAYER
  5
2A0
330
2
100
AcDbSymbolTableRecord
100
AcDbLayerTableRecord
  2
TERMINAL_AF75_1
 70
     0
 62
     7
  6
CONTINUOUS
370
    -3
390
F
347
C99
348
0
  0
LAYER
  5
2A1
330
2
100
AcDbSymbolTableRecord
100
AcDbLayerTableRecord
  2
TERMINAL_AF76_1
 70
     0
 62
     7
  6
CONTINUOUS
370
    -3
390
F
347
C99
348
0
  0
LAYER
  5
2A2
330
2
100
AcDbSymbolTableRecord
100
AcDbLayerTableRecord
  2
TERMINAL_AF77_1
 70
     0
 62
     7
  6
CONTINUOUS
370
    -3
390
F
347
C99
348
0
  0
LAYER
  5
2A3
330
2
100
AcDbSymbolTableRecord
100
AcDbLayerTableRecord
  2
TERMINAL_AF78_1
 70
     0
 62
     7
  6
CONTINUOUS
370
    -3
390
F
347
C99
348
0
  0
LAYER
  5
2A4
330
2
100
AcDbSymbolTableRecord
100
AcDbLayerTableRecord
  2
TERMINAL_AF79_1
 70
     0
 62
     7
  6
CONTINUOUS
370
    -3
390
F
347
C99
348
0
  0
LAYER
  5
2A5
330
2
100
AcDbSymbolTableRecord
100
AcDbLayerTableRecord
  2
TERMINAL_AF80_1
 70
     0
 62
     7
  6
CONTINUOUS
370
    -3
390
F
347
C99
348
0
  0
LAYER
  5
2A6
330
2
100
AcDbSymbolTableRecord
100
AcDbLayerTableRecord
  2
TERMINAL_AF81_1
 70
     0
 62
     7
  6
CONTINUOUS
370
    -3
390
F
347
C99
348
0
  0
LAYER
  5
2A7
330
2
100
AcDbSymbolTableRecord
100
AcDbLayerTableRecord
  2
TERMINAL_AF82_1
 70
     0
 62
     7
  6
CONTINUOUS
370
    -3
390
F
347
C99
348
0
  0
LAYER
  5
2A8
330
2
100
AcDbSymbolTableRecord
100
AcDbLayerTableRecord
  2
TERMINAL_AF83_1
 70
     0
 62
     7
  6
CONTINUOUS
370
    -3
390
F
347
C99
348
0
  0
LAYER
  5
2A9
330
2
100
AcDbSymbolTableRecord
100
AcDbLayerTableRecord
  2
TERMINAL_AF84_1
 70
     0
 62
     7
  6
CONTINUOUS
370
    -3
390
F
347
C99
348
0
  0
LAYER
  5
2AA
330
2
100
AcDbSymbolTableRecord
100
AcDbLayerTableRecord
  2
TERMINAL_AF85_1
 70
     0
 62
     7
  6
CONTINUOUS
370
    -3
390
F
347
C99
348
0
  0
LAYER
  5
2AB
330
2
100
AcDbSymbolTableRecord
100
AcDbLayerTableRecord
  2
TERMINAL_AF86_1
 70
     0
 62
     7
  6
CONTINUOUS
370
    -3
390
F
347
C99
348
0
  0
LAYER
  5
2AC
330
2
100
AcDbSymbolTableRecord
100
AcDbLayerTableRecord
  2
XSEC_DATUMS
 70
     0
 62
     7
  6
CONTINUOUS
370
    -3
390
F
347
C99
348
0
  0
ENDTAB
  0
TABLE
  2
STYLE
  5
3
330
0
100
AcDbSymbolTable
 70
     2
  0
STYLE
  5
11
330
3
100
AcDbSymbolTableRecord
100
AcDbTextStyleTableRecord
  2
STANDARD
 70
     0
 40
0.0
 41
0.8
 50
0.0
 71
     0
 42
0.2
  3
txt
  4

  0
STYLE
  5
2AD
330
3
100
AcDbSymbolTableRecord
100
AcDbTextStyleTableRecord
  2
TEXTSTYLE_1
 70
     0
 40
0.0
 41
0.8
 50
0.0
 71
     0
 42
0.2
  3
gdt
  4

  0
ENDTAB
  0
TABLE
  2
VIEW
  5
6
330
0
100
AcDbSymbolTable
 70
     0
  0
ENDTAB
  0
TABLE
  2
UCS
  5
7
330
0
100
AcDbSymbolTable
 70
     0
  0
ENDTAB
  0
TABLE
  2
APPID
  5
9
330
0
100
AcDbSymbolTable
 70
     2
  0
APPID
  5
2AE
330
9
100
AcDbSymbolTableRecord
100
AcDbRegAppTableRecord
  2
ACAD
 70
     0
  0
APPID
  5
CEA
330
9
100
AcDbSymbolTableRecord
100
AcDbRegAppTableRecord
  2
ACAD_NAV_VCDISPLAY
 70
     0
  0
ENDTAB
  0
TABLE
  2
DIMSTYLE
  5
A
330
0
100
AcDbSymbolTable
 70
     1
100
AcDbDimStyleTable
  0
DIMSTYLE
105
2B2
330
A
100
AcDbSymbolTableRecord
100
AcDbDimStyleTableRecord
  2
STANDARD
 70
     0
 41
0.1875
 44
0.125
 47
0.01
 48
0.01
 78
     4
 79
     1
140
0.15625
171
     1
178
     0
179
     2
271
     2
272
     2
284
     4
340
11
341
2B1
342
2B1
343
2B1
344
2B1
  0
ENDTAB
  0
TABLE
  2
BLOCK_RECORD
  5
1
330
0
100
AcDbSymbolTable
 70
     1
  0
BLOCK_RECORD
  5
2AF
330
1
100
AcDbSymbolTableRecord
100
AcDbBlockTableRecord
  2
*Model_Space
340
C84
 70
     0
280
     1
281
     0
  0
BLOCK_RECORD
  5
2B0
330
1
100
AcDbSymbolTableRecord
100
AcDbBlockTableRecord
  2
*Paper_Space
340
C85
 70
     0
280
     1
281
     0
  0
BLOCK_RECORD
  5
2B1
330
1
100
AcDbSymbolTableRecord
100
AcDbBlockTableRecord
  2
_FILLED
340
0
 70
     0
280
     1
281
     0
  0
ENDTAB
  0
ENDSEC
  0
SECTION
  2
BLOCKS
  0
BLOCK
  5
20
330
2AF
100
AcDbEntity
  8
0
100
AcDbBlockBegin
  2
*Model_Space
 70
     0
 10
0.0
 20
0.0
 30
0.0
  3
*Model_Space
  1

  0
ENDBLK
  5
21
330
2AF
100
AcDbEntity
  8
0
100
AcDbBlockEnd
  0
BLOCK
  5
1C
330
2B0
100
AcDbEntity
 67
     1
  8
0
100
AcDbBlockBegin
  2
*Paper_Space
 70
     0
 10
0.0
 20
0.0
 30
0.0
  3
*Paper_Space
  1

  0
ENDBLK
  5
1D
330
2B0
100
AcDbEntity
 67
     1
  8
0
100
AcDbBlockEnd
  0
BLOCK
  5
2B3
330
2B1
100
AcDbEntity
  8
0
100
AcDbBlockBegin
  2
_FILLED
 70
     0
 10
0.0
 20
0.0
 30
0.0
  3
_FILLED
  1

  0
SOLID
  5
2B4
330
2B1
100
AcDbEntity
  8
0
  6
ByBlock
 62
     0
100
AcDbTrace
 10
0.0
 20
0.0
 30
0.0
 11
-1.0
 21
0.1666666667
 31
0.0
 12
-1.0
 22
-0.1666666667
 32
0.0
 13
-1.0
 23
-0.1666666667
 33
0.0
  0
ENDBLK
  5
2B5
330
2B1
100
AcDbEntity
  8
0
  6
ByBlock
 62
     0
100
AcDbBlockEnd
  0
ENDSEC
  0
SECTION
  2
ENTITIES
  0
SPLINE
  5
2B6
330
2AF
100
AcDbEntity
  8
03___PRT_ALL_CURVES
  6
Continuous
 62
     4
100
AcDbSpline
210
0.0
220
0.0
230
1.0
 70
     8
 71
     3
 72
     8
 73
     4
 74
     0
 42
0.0000001
 43
0.0000000001
 40
0.0
 40
0.0
 40
0.0
 40
0.0
 40
1.0
 40
1.0
 40
1.0
 40
1.0
 10
13.28171886195997
 20
120.49829471032
 30
0.0
 10
13.28171886195997
 20
120.20497950828
 30
0.0
 10
13.33799458634002
 20
119.96282401596
 30
0.0
 10
13.45332439632
 20
119.76804469254
 30
0.0
  0
SPLINE
  5
2B7
330
2AF
100
AcDbEntity
  8
03___PRT_ALL_CURVES
  6
Continuous
 62
     4
100
AcDbSpline
210
0.0
220
0.0
230
1.0
 70
     8
 71
     3
 72
     8
 73
     4
 74
     0
 42
0.0000001
 43
0.0000000001
 40
0.0
 40
0.0
 40
0.0
 40
0.0
 40
1.0
 40
1.0
 40
1.0
 40
1.0
 10
13.45332439632
 20
119.76804469254
 30
0.0
 10
13.56821275938
 20
119.57401092262
 30
0.0
 10
13.71828086412
 20
119.43076397518
 30
0.0
 10
13.90211905625998
 20
119.34139819252
 30
0.0
  0
SPLINE
  5
2B8
330
2AF
100
AcDbEntity
  8
03___PRT_ALL_CURVES
  6
Continuous
 62
     4
100
AcDbSpline
210
0.0
220
0.0
230
1.0
 70
     8
 71
     3
 72
     8
 73
     4
 74
     0
 42
0.0000001
 43
0.0000000001
 40
0.0
 40
0.0
 40
0.0
 40
0.0
 40
1.0
 40
1.0
 40
1.0
 40
1.0
 10
13.90211905625998
 20
119.34139819252
 30
0.0
 10
14.08663011725997
 20
119.25170532136
 30
0.0
 10
14.32025946458
 20
119.20736698484
 30
0.0
 10
14.60334218771996
 20
119.20736698484
 30
0.0
  0
SPLINE
  5
2B9
330
2AF
100
AcDbEntity
  8
03___PRT_ALL_CURVES
  6
Continuous
 62
     4
100
AcDbSpline
210
0.0
220
0.0
230
1.0
 70
     8
 71
     3
 72
     8
 73
     4
 74
     0
 42
0.0000001
 43
0.0000000001
 40
0.0
 40
0.0
 40
0.0
 40
0.0
 40
1.0
 40
1.0
 40
1.0
 40
1.0
 10
14.60334218771996
 20
119.20736698484
 30
0.0
 10
14.87960435045997
 20
119.20736698484
 30
0.0
 10
15.11152781346001
 20
119.25852660312
 30
0.0
 10
15.29740787857997
 20
119.36255115758
 30
0.0
  0
SPLINE
  5
2BA
330
2AF
100
AcDbEntity
  8
03___PRT_ALL_CURVES
  6
Continuous
 62
     4
100
AcDbSpline
210
0.0
220
0.0
230
1.0
 70
     8
 71
     3
 72
     8
 73
     4
 74
     0
 42
0.0000001
 43
0.0000000001
 40
0.0
 40
0.0
 40
0.0
 40
0.0
 40
1.0
 40
1.0
 40
1.0
 40
1.0
 10
15.29740787857997
 20
119.36255115758
 30
0.0
 10
15.48328794115997
 20
119.46657571204
 30
0.0
 10
15.624829304
 20
119.61152794944
 30
0.0
 10
15.72373784888001
 20
119.79911322832
 30
0.0
  0
SPLINE
  5
2BB
330
2AF
100
AcDbEntity
  8
03___PRT_ALL_CURVES
  6
Continuous
 62
     4
100
AcDbSpline
210
0.0
220
0.0
230
1.0
 70
     8
 71
     3
 72
     8
 73
     4
 74
     0
 42
0.0000001
 43
0.0000000001
 40
0.0
 40
0.0
 40
0.0
 40
0.0
 40
1.0
 40
1.0
 40
1.0
 40
1.0
 10
15.72373784888001
 20
119.79911322832
 30
0.0
 10
15.82264639121996
 20
119.9866985072
 30
0.0
 10
15.87210096084002
 20
120.22544334848
 30
0.0
 10
15.87210096084002
 20
120.51875847432
 30
0.0
  0
SPLINE
  5
2BC
330
2AF
100
AcDbEntity
  8
03___PRT_ALL_CURVES
  6
Continuous
 62
     4
100
AcDbSpline
210
0.0
220
0.0
230
1.0
 70
     8
 71
     3
 72
     8
 73
     4
 74
     0
 42
0.0000001
 43
0.0000000001
 40
0.0
 40
0.0
 40
0.0
 40
0.0
 40
1.0
 40
1.0
 40
1.0
 40
1.0
 10
15.87210096084002
 20
120.51875847432
 30
0.0
 10
15.87210096084002
 20
120.9212142531
 30
0.0
 10
15.75954950953999
 20
121.23328792918
 30
0.0
 10
15.53444724194
 20
121.4566848357
 30
0.0
  0
SPLINE
  5
2BD
330
2AF
100
AcDbEntity
  8
03___PRT_ALL_CURVES
  6
Continuous
 62
     4
100
AcDbSpline
210
0.0
220
0.0
230
1.0
 70
     8
 71
     3
 72
     8
 73
     4
 74
     0
 42
0.0000001
 43
0.0000000001
 40
0.0
 40
0.0
 40
0.0
 40
0.0
 40
1.0
 40
1.0
 40
1.0
 40
1.0
 10
15.53444724194
 20
121.4566848357
 30
0.0
 10
15.30934490067997
 20
121.68008181334
 30
0.0
 10
14.98874462748
 20
121.79263311478
 30
0.0
 10
14.57264639186002
 20
121.79263311478
 30
0.0
  0
SPLINE
  5
2BE
330
2AF
100
AcDbEntity
  8
03___PRT_ALL_CURVES
  6
Continuous
 62
     4
100
AcDbSpline
210
0.0
220
0.0
230
1.0
 70
     8
 71
     3
 72
     8
 73
     4
 74
     0
 42
0.0000001
 43
0.0000000001
 40
0.0
 40
0.0
 40
0.0
 40
0.0
 40
1.0
 40
1.0
 40
1.0
 40
1.0
 10
14.57264639186002
 20
121.79263311478
 30
0.0
 10
14.16678048273997
 20
121.79263311478
 30
0.0
 10
13.84959078946
 20
121.67837652592
 30
0.0
 10
13.62278315824
 20
121.45156896836
 30
0.0
  0
SPLINE
  5
2BF
330
2AF
100
AcDbEntity
  8
03___PRT_ALL_CURVES
  6
Continuous
 62
     4
100
AcDbSpline
210
0.0
220
0.0
230
1.0
 70
     8
 71
     3
 72
     8
 73
     4
 74
     0
 42
0.0000001
 43
0.0000000001
 40
0.0
 40
0.0
 40
0.0
 40
0.0
 40
1.0
 40
1.0
 40
1.0
 40
1.0
 10
13.62278315824
 20
121.45156896836
 30
0.0
 10
13.39427001353999
 20
121.22305589986
 30
0.0
 10
13.28171886195997
 20
120.9058663539
 30
0.0
 10
13.28171886195997
 20
120.49829471032
 30
0.0
  0
SPLINE
  5
2C0
330
2AF
100
AcDbEntity
  8
03___PRT_ALL_CURVES
  6
Continuous
 62
     4
100
AcDbSpline
210
0.0
220
0.0
230
1.0
 70
     8
 71
     3
 72
     8
 73
     4
 74
     0
 42
0.0000001
 43
0.0000000001
 40
0.0
 40
0.0
 40
0.0
 40
0.0
 40
1.0
 40
1.0
 40
1.0
 40
1.0
 10
14.05422903397999
 20
120.49488405928
 30
0.0
 10
14.05422903397999
 20
120.74897679722
 30
0.0
 10
14.10027302367999
 20
120.9314461351
 30
0.0
 10
14.19570264994002
 20
121.04235076724
 30
0.0
  0
SPLINE
  5
2C1
330
2AF
100
AcDbEntity
  8
03___PRT_ALL_CURVES
  6
Continuous
 62
     4
100
AcDbSpline
210
0.0
220
0.0
230
1.0
 70
     8
 71
     3
 72
     8
 73
     4
 74
     0
 42
0.0000001
 43
0.0000000001
 40
0.0
 40
0.0
 40
0.0
 40
0.0
 40
1.0
 40
1.0
 40
1.0
 40
1.0
 10
14.19570264994002
 20
121.04235076724
 30
0.0
 10
14.28956366871995
 20
121.1514324236
 30
0.0
 10
14.41405154521999
 20
121.20770800066
 30
0.0
 10
14.57094110189999
 20
121.20770800066
 30
0.0
  0
SPLINE
  5
2C2
330
2AF
100
AcDbEntity
  8
03___PRT_ALL_CURVES
  6
Continuous
 62
     4
100
AcDbSpline
210
0.0
220
0.0
230
1.0
 70
     8
 71
     3
 72
     8
 73
     4
 74
     0
 42
0.0000001
 43
0.0000000001
 40
0.0
 40
0.0
 40
0.0
 40
0.0
 40
1.0
 40
1.0
 40
1.0
 40
1.0
 10
14.57094110189999
 20
121.20770800066
 30
0.0
 10
14.73294652591997
 20
121.20770800066
 30
0.0
 10
14.86084557669997
 20
121.15313786342
 30
0.0
 10
14.95634354419997
 20
121.04399728668
 30
0.0
  0
SPLINE
  5
2C3
330
2AF
100
AcDbEntity
  8
03___PRT_ALL_CURVES
  6
Continuous
 62
     4
100
AcDbSpline
210
0.0
220
0.0
230
1.0
 70
     8
 71
     3
 72
     8
 73
     4
 74
     0
 42
0.0000001
 43
0.0000000001
 40
0.0
 40
0.0
 40
0.0
 40
0.0
 40
1.0
 40
1.0
 40
1.0
 40
1.0
 10
14.95634354419997
 20
121.04399728668
 30
0.0
 10
15.05184150915997
 20
120.93485671248
 30
0.0
 10
15.09959078882002
 20
120.76432469388
 30
0.0
 10
15.09959078882002
 20
120.52899050618
 30
0.0
  0
SPLINE
  5
2C4
330
2AF
100
AcDbEntity
  8
03___PRT_ALL_CURVES
  6
Continuous
 62
     4
100
AcDbSpline
210
0.0
220
0.0
230
1.0
 70
     8
 71
     3
 72
     8
 73
     4
 74
     0
 42
0.0000001
 43
0.0000000001
 40
0.0
 40
0.0
 40
0.0
 40
0.0
 40
1.0
 40
1.0
 40
1.0
 40
1.0
 10
15.09959078882002
 20
120.52899050618
 30
0.0
 10
15.09959078882002
 20
120.24931783972
 30
0.0
 10
15.05354679911997
 20
120.05491132988
 30
0.0
 10
14.96308661174001
 20
119.94754245902
 30
0.0
  0
SPLINE
  5
2C5
330
2AF
100
AcDbEntity
  8
03___PRT_ALL_CURVES
  6
Continuous
 62
     4
100
AcDbSpline
210
0.0
220
0.0
230
1.0
 70
     8
 71
     3
 72
     8
 73
     4
 74
     0
 42
0.0000001
 43
0.0000000001
 40
0.0
 40
0.0
 40
0.0
 40
0.0
 40
1.0
 40
1.0
 40
1.0
 40
1.0
 10
14.96308661174001
 20
119.94754245902
 30
0.0
 10
14.87107790573998
 20
119.83833561876
 30
0.0
 10
14.74317885495998
 20
119.78547065718
 30
0.0
 10
14.57776285355999
 20
119.78547065718
 30
0.0
  0
SPLINE
  5
2C6
330
2AF
100
AcDbEntity
  8
03___PRT_ALL_CURVES
  6
Continuous
 62
     4
100
AcDbSpline
210
0.0
220
0.0
230
1.0
 70
     8
 71
     3
 72
     8
 73
     4
 74
     0
 42
0.0000001
 43
0.0000000001
 40
0.0
 40
0.0
 40
0.0
 40
0.0
 40
1.0
 40
1.0
 40
1.0
 40
1.0
 10
14.57776285355999
 20
119.78547065718
 30
0.0
 10
14.41575683264
 20
119.78547065718
 30
0.0
 10
14.28785837876001
 20
119.84004094428
 30
0.0
 10
14.19364541503998
 20
119.9505269895
 30
0.0
  0
SPLINE
  5
2C7
330
2AF
100
AcDbEntity
  8
03___PRT_ALL_CURVES
  6
Continuous
 62
     4
100
AcDbSpline
210
0.0
220
0.0
230
1.0
 70
     8
 71
     3
 72
     8
 73
     4
 74
     0
 42
0.0000001
 43
0.0000000001
 40
0.0
 40
0.0
 40
0.0
 40
0.0
 40
1.0
 40
1.0
 40
1.0
 40
1.0
 10
14.19364541503998
 20
119.9505269895
 30
0.0
 10
14.10027302367999
 20
120.06002727088
 30
0.0
 10
14.05422903397999
 20
120.24249660876
 30
0.0
 10
14.05422903397999
 20
120.49488405928
 30
0.0
  0
SPLINE
  5
2C8
330
2AF
100
AcDbEntity
  8
03___PRT_ALL_CURVES
  6
Continuous
 62
     4
100
AcDbSpline
210
0.0
220
0.0
230
1.0
 70
     8
 71
     3
 72
     8
 73
     4
 74
     0
 42
0.0000001
 43
0.0000000001
 40
0.0
 40
0.0
 40
0.0
 40
0.0
 40
1.0
 40
1.0
 40
1.0
 40
1.0
 10
17.42223716967999
 20
121.16336974542
 30
0.0
 10
17.16814435807999
 20
120.84788533956
 30
0.0
 10
16.98226488732001
 20
120.55286499742
 30
0.0
 10
16.86557992637998
 20
120.27690978352
 30
0.0
  0
SPLINE
  5
2C9
330
2AF
100
AcDbEntity
  8
03___PRT_ALL_CURVES
  6
Continuous
 62
     4
100
AcDbSpline
210
0.0
220
0.0
230
1.0
 70
     8
 71
     3
 72
     8
 73
     4
 74
     0
 42
0.0000001
 43
0.0000000001
 40
0.0
 40
0.0
 40
0.0
 40
0.0
 40
1.0
 40
1.0
 40
1.0
 40
1.0
 10
16.86557992637998
 20
120.27690978352
 30
0.0
 10
16.74863554253997
 20
120.00034104278
 30
0.0
 10
16.66336990661998
 20
119.6575716064
 30
0.0
 10
16.60879946966
 20
119.25000000092
 30
0.0
  0
SPLINE
  5
2CA
330
2AF
100
AcDbEntity
  8
03___PRT_ALL_CURVES
  6
Continuous
 62
     4
100
AcDbSpline
210
0.0
220
0.0
230
1.0
 70
     8
 71
     3
 72
     8
 73
     4
 74
     0
 42
0.0000001
 43
0.0000000001
 40
0.0
 40
0.0
 40
0.0
 40
0.0
 40
1.0
 40
1.0
 40
1.0
 40
1.0
 10
17.30115987056001
 20
119.25000000092
 30
0.0
 10
17.32332862479998
 20
119.54331514708
 30
0.0
 10
17.36766732961999
 20
119.7974079028
 30
0.0
 10
17.43270845429998
 20
120.01271699466
 30
0.0
  0
SPLINE
  5
2CB
330
2AF
100
AcDbEntity
  8
03___PRT_ALL_CURVES
  6
Continuous
 62
     4
100
AcDbSpline
210
0.0
220
0.0
230
1.0
 70
     8
 71
     3
 72
     8
 73
     4
 74
     0
 42
0.0000001
 43
0.0000000001
 40
0.0
 40
0.0
 40
0.0
 40
0.0
 40
1.0
 40
1.0
 40
1.0
 40
1.0
 10
17.43270845429998
 20
120.01271699466
 30
0.0
 10
17.51602984721995
 20
120.28854023016
 30
0.0
 10
17.63028658593998
 20
120.53922238818
 30
0.0
 10
17.77371522211996
 20
120.76420855238
 30
0.0
  0
SPLINE
  5
2CC
330
2AF
100
AcDbEntity
  8
03___PRT_ALL_CURVES
  6
Continuous
 62
     4
100
AcDbSpline
210
0.0
220
0.0
230
1.0
 70
     8
 71
     3
 72
     8
 73
     4
 74
     0
 42
0.0000001
 43
0.0000000001
 40
0.0
 40
0.0
 40
0.0
 40
0.0
 40
1.0
 40
1.0
 40
1.0
 40
1.0
 10
17.77371522211996
 20
120.76420855238
 30
0.0
 10
17.89120055484
 20
120.94849932172
 30
0.0
 10
18.03785837938
 20
121.12073662774
 30
0.0
 10
18.21521140287999
 20
121.28103676434
 30
0.0
  0
SPLINE
  5
2CD
330
2AF
100
AcDbEntity
  8
03___PRT_ALL_CURVES
  6
Continuous
 62
     4
100
AcDbSpline
210
0.0
220
0.0
230
1.0
 70
     8
 71
     3
 72
     8
 73
     4
 74
     0
 42
0.0000001
 43
0.0000000001
 40
0.0
 40
0.0
 40
0.0
 40
0.0
 40
1.0
 40
1.0
 40
1.0
 40
1.0
 10
18.92291940325998
 20
120.59379267782
 30
0.0
 10
18.779672753
 20
120.53751710076
 30
0.0
 10
18.67564774642
 20
120.45907232242
 30
0.0
 10
18.60743498216002
 20
120.356753063
 30
0.0
  0
SPLINE
  5
2CE
330
2AF
100
AcDbEntity
  8
03___PRT_ALL_CURVES
  6
Continuous
 62
     4
100
AcDbSpline
210
0.0
220
0.0
230
1.0
 70
     8
 71
     3
 72
     8
 73
     4
 74
     0
 42
0.0000001
 43
0.0000000001
 40
0.0
 40
0.0
 40
0.0
 40
0.0
 40
1.0
 40
1.0
 40
1.0
 40
1.0
 10
18.60743498216002
 20
120.356753063
 30
0.0
 10
18.53922225092001
 20
120.25443385438
 30
0.0
 10
18.50511587768
 20
120.1316507446
 30
0.0
 10
18.50511587768
 20
119.98499314358
 30
0.0
  0
SPLINE
  5
2CF
330
2AF
100
AcDbEntity
  8
03___PRT_ALL_CURVES
  6
Continuous
 62
     4
100
AcDbSpline
210
0.0
220
0.0
230
1.0
 70
     8
 71
     3
 72
     8
 73
     4
 74
     0
 42
0.0000001
 43
0.0000000001
 40
0.0
 40
0.0
 40
0.0
 40
0.0
 40
1.0
 40
1.0
 40
1.0
 40
1.0
 10
18.50511587768
 20
119.98499314358
 30
0.0
 10
18.50511587768
 20
119.83492496518
 30
0.0
 10
18.54092754088001
 20
119.69849932236
 30
0.0
 10
18.61324938251997
 20
119.57682869194
 30
0.0
  0
SPLINE
  5
2D0
330
2AF
100
AcDbEntity
  8
03___PRT_ALL_CURVES
  6
Continuous
 62
     4
100
AcDbSpline
210
0.0
220
0.0
230
1.0
 70
     8
 71
     3
 72
     8
 73
     4
 74
     0
 42
0.0000001
 43
0.0000000001
 40
0.0
 40
0.0
 40
0.0
 40
0.0
 40
1.0
 40
1.0
 40
1.0
 40
1.0
 10
18.61324938251997
 20
119.57682869194
 30
0.0
 10
18.68588007546001
 20
119.45463846642
 30
0.0
 10
18.79331506506
 20
119.36255116266
 30
0.0
 10
18.93315118619998
 20
119.30115972842
 30
0.0
  0
SPLINE
  5
2D1
330
2AF
100
AcDbEntity
  8
03___PRT_ALL_CURVES
  6
Continuous
 62
     4
100
AcDbSpline
210
0.0
220
0.0
230
1.0
 70
     8
 71
     3
 72
     8
 73
     4
 74
     0
 42
0.0000001
 43
0.0000000001
 40
0.0
 40
0.0
 40
0.0
 40
0.0
 40
1.0
 40
1.0
 40
1.0
 40
1.0
 10
18.93315118619998
 20
119.30115972842
 30
0.0
 10
19.07298780772001
 20
119.23976807574
 30
0.0
 10
19.27421547232004
 20
119.20736698484
 30
0.0
 10
19.54024530601998
 20
119.20736698484
 30
0.0
  0
SPLINE
  5
2D2
330
2AF
100
AcDbEntity
  8
03___PRT_ALL_CURVES
  6
Continuous
 62
     4
100
AcDbSpline
210
0.0
220
0.0
230
1.0
 70
     8
 71
     3
 72
     8
 73
     4
 74
     0
 42
0.0000001
 43
0.0000000001
 40
0.0
 40
0.0
 40
0.0
 40
0.0
 40
1.0
 40
1.0
 40
1.0
 40
1.0
 10
19.93775589784002
 20
119.2491836754
 30
0.0
 10
20.06207324127996
 20
119.27557980752
 30
0.0
 10
20.1660976535
 20
119.31991814404
 30
0.0
 10
20.2500580139
 20
119.37903292548
 30
0.0
  0
SPLINE
  5
2D3
330
2AF
100
AcDbEntity
  8
03___PRT_ALL_CURVES
  6
Continuous
 62
     4
100
AcDbSpline
210
0.0
220
0.0
230
1.0
 70
     8
 71
     3
 72
     8
 73
     4
 74
     0
 42
0.0000001
 43
0.0000000001
 40
0.0
 40
0.0
 40
0.0
 40
0.0
 40
1.0
 40
1.0
 40
1.0
 40
1.0
 10
20.2500580139
 20
119.37903292548
 30
0.0
 10
20.33321953921995
 20
119.43758525948
 30
0.0
 10
20.40313817255998
 20
119.52114598136
 30
0.0
 10
20.46111872461998
 20
119.63028674352
 30
0.0
  0
SPLINE
  5
2D4
330
2AF
100
AcDbEntity
  8
03___PRT_ALL_CURVES
  6
Continuous
 62
     4
100
AcDbSpline
210
0.0
220
0.0
230
1.0
 70
     8
 71
     3
 72
     8
 73
     4
 74
     0
 42
0.0000001
 43
0.0000000001
 40
0.0
 40
0.0
 40
0.0
 40
0.0
 40
1.0
 40
1.0
 40
1.0
 40
1.0
 10
20.46111872461998
 20
119.63028674352
 30
0.0
 10
20.51909900998001
 20
119.73942700022
 30
0.0
 10
20.54808951588001
 20
119.85538880538
 30
0.0
 10
20.54808951588001
 20
119.9815825662
 30
0.0
  0
SPLINE
  5
2D5
330
2AF
100
AcDbEntity
  8
03___PRT_ALL_CURVES
  6
Continuous
 62
     4
100
AcDbSpline
210
0.0
220
0.0
230
1.0
 70
     8
 71
     3
 72
     8
 73
     4
 74
     0
 42
0.0000001
 43
0.0000000001
 40
0.0
 40
0.0
 40
0.0
 40
0.0
 40
1.0
 40
1.0
 40
1.0
 40
1.0
 10
20.54808951588001
 20
119.9815825662
 30
0.0
 10
20.54808951588001
 20
120.11118690694
 30
0.0
 10
20.51398373699999
 20
120.22885399952
 30
0.0
 10
20.44709360154002
 20
120.33604983288
 30
0.0
  0
SPLINE
  5
2D6
330
2AF
100
AcDbEntity
  8
03___PRT_ALL_CURVES
  6
Continuous
 62
     4
100
AcDbSpline
210
0.0
220
0.0
230
1.0
 70
     8
 71
     3
 72
     8
 73
     4
 74
     0
 42
0.0000001
 43
0.0000000001
 40
0.0
 40
0.0
 40
0.0
 40
0.0
 40
1.0
 40
1.0
 40
1.0
 40
1.0
 10
20.44709360154002
 20
120.33604983288
 30
0.0
 10
20.38096882142
 20
120.44201913326
 30
0.0
 10
20.28035498911999
 20
120.52899050618
 30
0.0
 10
20.14563418668001
 20
120.59379267782
 30
0.0
  0
SPLINE
  5
2D7
330
2AF
100
AcDbEntity
  8
03___PRT_ALL_CURVES
  6
Continuous
 62
     4
100
AcDbSpline
210
0.0
220
0.0
230
1.0
 70
     8
 71
     3
 72
     8
 73
     4
 74
     0
 42
0.0000001
 43
0.0000000001
 40
0.0
 40
0.0
 40
0.0
 40
0.0
 40
1.0
 40
1.0
 40
1.0
 40
1.0
 10
20.14563418668001
 20
120.59379267782
 30
0.0
 10
20.24795390329999
 20
120.6620054243
 30
0.0
 10
20.32298780708001
 20
120.7319236106
 30
0.0
 10
20.37067683539999
 20
120.8052915106
 30
0.0
  0
SPLINE
  5
2D8
330
2AF
100
AcDbEntity
  8
03___PRT_ALL_CURVES
  6
Continuous
 62
     4
100
AcDbSpline
210
0.0
220
0.0
230
1.0
 70
     8
 71
     3
 72
     8
 73
     4
 74
     0
 42
0.0000001
 43
0.0000000001
 40
0.0
 40
0.0
 40
0.0
 40
0.0
 40
1.0
 40
1.0
 40
1.0
 40
1.0
 10
20.37067683539999
 20
120.8052915106
 30
0.0
 10
20.43383337151997
 20
120.90245562666
 30
0.0
 10
20.46623445733999
 20
121.00818547616
 30
0.0
 10
20.46623445733999
 20
121.12073662774
 30
0.0
  0
SPLINE
  5
2D9
330
2AF
100
AcDbEntity
  8
03___PRT_ALL_CURVES
  6
Continuous
 62
     4
100
AcDbSpline
210
0.0
220
0.0
230
1.0
 70
     8
 71
     3
 72
     8
 73
     4
 74
     0
 42
0.0000001
 43
0.0000000001
 40
0.0
 40
0.0
 40
0.0
 40
0.0
 40
1.0
 40
1.0
 40
1.0
 40
1.0
 10
20.46623445733999
 20
121.12073662774
 30
0.0
 10
20.46623445733999
 20
121.31343799748
 30
0.0
 10
20.38608409185997
 20
121.47373813408
 30
0.0
 10
20.22537016386002
 20
121.60111241832
 30
0.0
  0
SPLINE
  5
2DA
330
2AF
100
AcDbEntity
  8
03___PRT_ALL_CURVES
  6
Continuous
 62
     4
100
AcDbSpline
210
0.0
220
0.0
230
1.0
 70
     8
 71
     3
 72
     8
 73
     4
 74
     0
 42
0.0000001
 43
0.0000000001
 40
0.0
 40
0.0
 40
0.0
 40
0.0
 40
1.0
 40
1.0
 40
1.0
 40
1.0
 10
20.22537016386002
 20
121.60111241832
 30
0.0
 10
20.06548382119999
 20
121.72783079836
 30
0.0
 10
19.81991864303998
 20
121.79263311478
 30
0.0
 10
19.48567486906001
 20
121.79263311478
 30
0.0
  0
SPLINE
  5
2DB
330
2AF
100
AcDbEntity
  8
03___PRT_ALL_CURVES
  6
Continuous
 62
     4
100
AcDbSpline
210
0.0
220
0.0
230
1.0
 70
     8
 71
     3
 72
     8
 73
     4
 74
     0
 42
0.0000001
 43
0.0000000001
 40
0.0
 40
0.0
 40
0.0
 40
0.0
 40
1.0
 40
1.0
 40
1.0
 40
1.0
 10
19.48567486906001
 20
121.79263311478
 30
0.0
 10
19.23328734742
 20
121.79263311478
 30
0.0
 10
19.03035439286003
 20
121.74147340506
 30
0.0
 10
18.87710587792003
 20
121.6388116368
 30
0.0
  0
SPLINE
  5
2DC
330
2AF
100
AcDbEntity
  8
03___PRT_ALL_CURVES
  6
Continuous
 62
     4
100
AcDbSpline
210
0.0
220
0.0
230
1.0
 70
     8
 71
     3
 72
     8
 73
     4
 74
     0
 42
0.0000001
 43
0.0000000001
 40
0.0
 40
0.0
 40
0.0
 40
0.0
 40
1.0
 40
1.0
 40
1.0
 40
1.0
 10
18.87710587792003
 20
121.6388116368
 30
0.0
 10
18.67905892069999
 20
121.50613921736
 30
0.0
 10
18.58185507142002
 20
121.33390176148
 30
0.0
 10
18.58185507142002
 20
121.12585264494
 30
0.0
  0
SPLINE
  5
2DD
330
2AF
100
AcDbEntity
  8
03___PRT_ALL_CURVES
  6
Continuous
 62
     4
100
AcDbSpline
210
0.0
220
0.0
230
1.0
 70
     8
 71
     3
 72
     8
 73
     4
 74
     0
 42
0.0000001
 43
0.0000000001
 40
0.0
 40
0.0
 40
0.0
 40
0.0
 40
1.0
 40
1.0
 40
1.0
 40
1.0
 10
18.58185507142002
 20
121.12585264494
 30
0.0
 10
18.58185507142002
 20
120.99795359416
 30
0.0
 10
18.61596203901999
 20
120.88540244004
 30
0.0
 10
18.68386116916
 20
120.78798162396
 30
0.0
  0
SPLINE
  5
2DE
330
2AF
100
AcDbEntity
  8
03___PRT_ALL_CURVES
  6
Continuous
 62
     4
100
AcDbSpline
210
0.0
220
0.0
230
1.0
 70
     8
 71
     3
 72
     8
 73
     4
 74
     0
 42
0.0000001
 43
0.0000000001
 40
0.0
 40
0.0
 40
0.0
 40
0.0
 40
1.0
 40
1.0
 40
1.0
 40
1.0
 10
18.68386116916
 20
120.78798162396
 30
0.0
 10
18.73362876075996
 20
120.7165757114
 30
0.0
 10
18.81377912623998
 20
120.6517735423
 30
0.0
 10
18.92291940325998
 20
120.59379267782
 30
0.0
  0
SPLINE
  5
2DF
330
2AF
100
AcDbEntity
  8
03___PRT_ALL_CURVES
  6
Continuous
 62
     4
100
AcDbSpline
210
0.0
220
0.0
230
1.0
 70
     8
 71
     3
 72
     8
 73
     4
 74
     0
 42
0.0000001
 43
0.0000000001
 40
0.0
 40
0.0
 40
0.0
 40
0.0
 40
1.0
 40
1.0
 40
1.0
 40
1.0
 10
19.23499323173999
 20
121.08492496708
 30
0.0
 10
19.23499323173999
 20
121.16848561022
 30
0.0
 10
19.26057316025995
 20
121.2366985091
 30
0.0
 10
19.31343774845999
 20
121.28956346814
 30
0.0
  0
SPLINE
  5
2E0
330
2AF
100
AcDbEntity
  8
03___PRT_ALL_CURVES
  6
Continuous
 62
     4
100
AcDbSpline
210
0.0
220
0.0
230
1.0
 70
     8
 71
     3
 72
     8
 73
     4
 74
     0
 42
0.0000001
 43
0.0000000001
 40
0.0
 40
0.0
 40
0.0
 40
0.0
 40
1.0
 40
1.0
 40
1.0
 40
1.0
 10
19.31343774845999
 20
121.28956346814
 30
0.0
 10
19.36630226299999
 20
121.34242835606
 30
0.0
 10
19.43451620327997
 20
121.36971357454
 30
0.0
 10
19.51978183919999
 20
121.36971357454
 30
0.0
  0
SPLINE
  5
2E1
330
2AF
100
AcDbEntity
  8
03___PRT_ALL_CURVES
  6
Continuous
 62
     4
100
AcDbSpline
210
0.0
220
0.0
230
1.0
 70
     8
 71
     3
 72
     8
 73
     4
 74
     0
 42
0.0000001
 43
0.0000000001
 40
0.0
 40
0.0
 40
0.0
 40
0.0
 40
1.0
 40
1.0
 40
1.0
 40
1.0
 10
19.51978183919999
 20
121.36971357454
 30
0.0
 10
19.60163689773995
 20
121.36971357454
 30
0.0
 10
19.66984964675996
 20
121.34242835606
 30
0.0
 10
19.72398522556003
 20
121.28743341906
 30
0.0
  0
SPLINE
  5
2E2
330
2AF
100
AcDbEntity
  8
03___PRT_ALL_CURVES
  6
Continuous
 62
     4
100
AcDbSpline
210
0.0
220
0.0
230
1.0
 70
     8
 71
     3
 72
     8
 73
     4
 74
     0
 42
0.0000001
 43
0.0000000001
 40
0.0
 40
0.0
 40
0.0
 40
0.0
 40
1.0
 40
1.0
 40
1.0
 40
1.0
 10
19.72398522556003
 20
121.28743341906
 30
0.0
 10
19.77728463382002
 20
121.23328792918
 30
0.0
 10
19.80457044920001
 20
121.16336974542
 30
0.0
 10
19.80457044920001
 20
121.07810366246
 30
0.0
  0
SPLINE
  5
2E3
330
2AF
100
AcDbEntity
  8
03___PRT_ALL_CURVES
  6
Continuous
 62
     4
100
AcDbSpline
210
0.0
220
0.0
230
1.0
 70
     8
 71
     3
 72
     8
 73
     4
 74
     0
 42
0.0000001
 43
0.0000000001
 40
0.0
 40
0.0
 40
0.0
 40
0.0
 40
1.0
 40
1.0
 40
1.0
 40
1.0
 10
19.80457044920001
 20
121.07810366246
 30
0.0
 10
19.80457044920001
 20
120.99454301678
 30
0.0
 10
19.77899051813998
 20
120.9263301179
 30
0.0
 10
19.72825866634
 20
120.87475297696
 30
0.0
  0
SPLINE
  5
2E4
330
2AF
100
AcDbEntity
  8
03___PRT_ALL_CURVES
  6
Continuous
 62
     4
100
AcDbSpline
210
0.0
220
0.0
230
1.0
 70
     8
 71
     3
 72
     8
 73
     4
 74
     0
 42
0.0000001
 43
0.0000000001
 40
0.0
 40
0.0
 40
0.0
 40
0.0
 40
1.0
 40
1.0
 40
1.0
 40
1.0
 10
19.72825866634
 20
120.87475297696
 30
0.0
 10
19.67667080152
 20
120.8223055609
 30
0.0
 10
19.61016393936001
 20
120.7967257797
 30
0.0
 10
19.5317194582
 20
120.7967257797
 30
0.0
  0
SPLINE
  5
2E5
330
2AF
100
AcDbEntity
  8
03___PRT_ALL_CURVES
  6
Continuous
 62
     4
100
AcDbSpline
210
0.0
220
0.0
230
1.0
 70
     8
 71
     3
 72
     8
 73
     4
 74
     0
 42
0.0000001
 43
0.0000000001
 40
0.0
 40
0.0
 40
0.0
 40
0.0
 40
1.0
 40
1.0
 40
1.0
 40
1.0
 10
19.5317194582
 20
120.7967257797
 30
0.0
 10
19.44133735803999
 20
120.7967257797
 30
0.0
 10
19.36971403417996
 20
120.8223055609
 30
0.0
 10
19.31514355912
 20
120.87517051994
 30
0.0
  0
SPLINE
  5
2E6
330
2AF
100
AcDbEntity
  8
03___PRT_ALL_CURVES
  6
Continuous
 62
     4
100
AcDbSpline
210
0.0
220
0.0
230
1.0
 70
     8
 71
     3
 72
     8
 73
     4
 74
     0
 42
0.0000001
 43
0.0000000001
 40
0.0
 40
0.0
 40
0.0
 40
0.0
 40
1.0
 40
1.0
 40
1.0
 40
1.0
 10
19.31514355912
 20
120.87517051994
 30
0.0
 10
19.26057316025995
 20
120.92803540786
 30
0.0
 10
19.23499323173999
 20
120.99795359416
 30
0.0
 10
19.23499323173999
 20
121.08492496708
 30
0.0
  0
SPLINE
  5
2E7
330
2AF
100
AcDbEntity
  8
03___PRT_ALL_CURVES
  6
Continuous
 62
     4
100
AcDbSpline
210
0.0
220
0.0
230
1.0
 70
     8
 71
     3
 72
     8
 73
     4
 74
     0
 42
0.0000001
 43
0.0000000001
 40
0.0
 40
0.0
 40
0.0
 40
0.0
 40
1.0
 40
1.0
 40
1.0
 40
1.0
 10
19.19747568422
 20
120.00886763482
 30
0.0
 10
19.19747568422
 20
120.12482943998
 30
0.0
 10
19.22817207443998
 20
120.2169167539
 30
0.0
 10
19.29297424607998
 20
120.28512957658
 30
0.0
  0
SPLINE
  5
2E8
330
2AF
100
AcDbEntity
  8
03___PRT_ALL_CURVES
  6
Continuous
 62
     4
100
AcDbSpline
210
0.0
220
0.0
230
1.0
 70
     8
 71
     3
 72
     8
 73
     4
 74
     0
 42
0.0000001
 43
0.0000000001
 40
0.0
 40
0.0
 40
0.0
 40
0.0
 40
1.0
 40
1.0
 40
1.0
 40
1.0
 10
19.29297424607998
 20
120.28512957658
 30
0.0
 10
19.35777641517996
 20
120.35334239926
 30
0.0
 10
19.43281031895998
 20
120.38744884616
 30
0.0
 10
19.51978183919999
 20
120.38744884616
 30
0.0
  0
SPLINE
  5
2E9
330
2AF
100
AcDbEntity
  8
03___PRT_ALL_CURVES
  6
Continuous
 62
     4
100
AcDbSpline
210
0.0
220
0.0
230
1.0
 70
     8
 71
     3
 72
     8
 73
     4
 74
     0
 42
0.0000001
 43
0.0000000001
 40
0.0
 40
0.0
 40
0.0
 40
0.0
 40
1.0
 40
1.0
 40
1.0
 40
1.0
 10
19.51978183919999
 20
120.38744884616
 30
0.0
 10
19.60675336198
 20
120.38744884616
 30
0.0
 10
19.68349195627997
 20
120.3516371093
 30
0.0
 10
19.74957297982002
 20
120.28132008966
 30
0.0
  0
SPLINE
  5
2EA
330
2AF
100
AcDbEntity
  8
03___PRT_ALL_CURVES
  6
Continuous
 62
     4
100
AcDbSpline
210
0.0
220
0.0
230
1.0
 70
     8
 71
     3
 72
     8
 73
     4
 74
     0
 42
0.0000001
 43
0.0000000001
 40
0.0
 40
0.0
 40
0.0
 40
0.0
 40
1.0
 40
1.0
 40
1.0
 40
1.0
 10
19.74957297982002
 20
120.28132008966
 30
0.0
 10
19.81650687440001
 20
120.21009552548
 30
0.0
 10
19.85061384453999
 20
120.11971349898
 30
0.0
 10
19.85061384453999
 20
120.01057299844
 30
0.0
  0
SPLINE
  5
2EB
330
2AF
100
AcDbEntity
  8
03___PRT_ALL_CURVES
  6
Continuous
 62
     4
100
AcDbSpline
210
0.0
220
0.0
230
1.0
 70
     8
 71
     3
 72
     8
 73
     4
 74
     0
 42
0.0000001
 43
0.0000000001
 40
0.0
 40
0.0
 40
0.0
 40
0.0
 40
1.0
 40
1.0
 40
1.0
 40
1.0
 10
19.85061384453999
 20
120.01057299844
 30
0.0
 10
19.85061384453999
 20
119.9014324979
 30
0.0
 10
19.81650687440001
 20
119.81105047394
 30
0.0
 10
19.75124289519999
 20
119.73985306236
 30
0.0
  0
SPLINE
  5
2EC
330
2AF
100
AcDbEntity
  8
03___PRT_ALL_CURVES
  6
Continuous
 62
     4
100
AcDbSpline
210
0.0
220
0.0
230
1.0
 70
     8
 71
     3
 72
     8
 73
     4
 74
     0
 42
0.0000001
 43
0.0000000001
 40
0.0
 40
0.0
 40
0.0
 40
0.0
 40
1.0
 40
1.0
 40
1.0
 40
1.0
 10
19.75124289519999
 20
119.73985306236
 30
0.0
 10
19.68519784314
 20
119.66780356206
 30
0.0
 10
19.61016393936001
 20
119.63369715072
 30
0.0
 10
19.52830888081999
 20
119.63369715072
 30
0.0
  0
SPLINE
  5
2ED
330
2AF
100
AcDbEntity
  8
03___PRT_ALL_CURVES
  6
Continuous
 62
     4
100
AcDbSpline
210
0.0
220
0.0
230
1.0
 70
     8
 71
     3
 72
     8
 73
     4
 74
     0
 42
0.0000001
 43
0.0000000001
 40
0.0
 40
0.0
 40
0.0
 40
0.0
 40
1.0
 40
1.0
 40
1.0
 40
1.0
 10
19.52830888081999
 20
119.63369715072
 30
0.0
 10
19.44133735803999
 20
119.63369715072
 30
0.0
 10
19.36459756994
 20
119.66780356206
 30
0.0
 10
19.29764881381999
 20
119.73729441622
 30
0.0
  0
SPLINE
  5
2EE
330
2AF
100
AcDbEntity
  8
03___PRT_ALL_CURVES
  6
Continuous
 62
     4
100
AcDbSpline
210
0.0
220
0.0
230
1.0
 70
     8
 71
     3
 72
     8
 73
     4
 74
     0
 42
0.0000001
 43
0.0000000001
 40
0.0
 40
0.0
 40
0.0
 40
0.0
 40
1.0
 40
1.0
 40
1.0
 40
1.0
 10
19.29764881381999
 20
119.73729441622
 30
0.0
 10
19.2298767675
 20
119.8076398229
 30
0.0
 10
19.19747568422
 20
119.89802184686
 30
0.0
 10
19.19747568422
 20
120.00886763482
 30
0.0
  0
SPLINE
  5
2EF
330
2AF
100
AcDbEntity
  8
03___PRT_ALL_CURVES
  6
Continuous
 62
     4
100
AcDbSpline
210
0.0
220
0.0
230
1.0
 70
     8
 71
     3
 72
     8
 73
     4
 74
     0
 42
0.0000001
 43
0.0000000001
 40
0.0
 40
0.0
 40
0.0
 40
0.0
 40
1.0
 40
1.0
 40
1.0
 40
1.0
 10
1.607025917259989
 20
80.50572985436
 30
0.0
 10
1.607025917259989
 20
80.77121415194
 30
0.0
 10
1.654774892120003
 20
80.95743520189998
 30
0.0
 10
1.750510433439985
 20
81.06418031480001
 30
0.0
  0
SPLINE
  5
2F0
330
2AF
100
AcDbEntity
  8
03___PRT_ALL_CURVES
  6
Continuous
 62
     4
100
AcDbSpline
210
0.0
220
0.0
230
1.0
 70
     8
 71
     3
 72
     8
 73
     4
 74
     0
 42
0.0000001
 43
0.0000000001
 40
0.0
 40
0.0
 40
0.0
 40
0.0
 40
1.0
 40
1.0
 40
1.0
 40
1.0
 10
1.750510433439985
 20
81.06418031480001
 30
0.0
 10
1.845770794099991
 20
81.17039560147998
 30
0.0
 10
1.991882658340018
 20
81.22387454456003
 30
0.0
 10
2.188608454880011
 20
81.22387454456003
 30
0.0
  0
SPLINE
  5
2F1
330
2AF
100
AcDbEntity
  8
03___PRT_ALL_CURVES
  6
Continuous
 62
     4
100
AcDbSpline
210
0.0
220
0.0
230
1.0
 70
     8
 71
     3
 72
     8
 73
     4
 74
     0
 42
0.0000001
 43
0.0000000001
 40
0.0
 40
0.0
 40
0.0
 40
0.0
 40
1.0
 40
1.0
 40
1.0
 40
1.0
 10
2.188608454880011
 20
81.22387454456003
 30
0.0
 10
2.282196421119977
 20
81.22387454456003
 30
0.0
 10
2.35954982749999
 20
81.21145970782001
 30
0.0
 10
2.420608991639966
 20
81.18838223556003
 30
0.0
  0
SPLINE
  5
2F2
330
2AF
100
AcDbEntity
  8
03___PRT_ALL_CURVES
  6
Continuous
 62
     4
100
AcDbSpline
210
0.0
220
0.0
230
1.0
 70
     8
 71
     3
 72
     8
 73
     4
 74
     0
 42
0.0000001
 43
0.0000000001
 40
0.0
 40
0.0
 40
0.0
 40
0.0
 40
1.0
 40
1.0
 40
1.0
 40
1.0
 10
2.420608991639966
 20
81.18838223556003
 30
0.0
 10
2.480832226540002
 20
81.16562070881997
 30
0.0
 10
2.530491156940002
 20
81.13506143033999
 30
0.0
 10
2.568690336320003
 20
81.09781721222001
 30
0.0
  0
SPLINE
  5
2F3
330
2AF
100
AcDbEntity
  8
03___PRT_ALL_CURVES
  6
Continuous
 62
     4
100
AcDbSpline
210
0.0
220
0.0
230
1.0
 70
     8
 71
     3
 72
     8
 73
     4
 74
     0
 42
0.0000001
 43
0.0000000001
 40
0.0
 40
0.0
 40
0.0
 40
0.0
 40
1.0
 40
1.0
 40
1.0
 40
1.0
 10
2.568690336320003
 20
81.09781721222001
 30
0.0
 10
2.606889515700004
 20
81.0605729941
 30
0.0
 10
2.636493832919996
 20
81.02141881027998
 30
0.0
 10
2.658458371159981
 20
80.98035470139999
 30
0.0
  0
SPLINE
  5
2F4
330
2AF
100
AcDbEntity
  8
03___PRT_ALL_CURVES
  6
Continuous
 62
     4
100
AcDbSpline
210
0.0
220
0.0
230
1.0
 70
     8
 71
     3
 72
     8
 73
     4
 74
     0
 42
0.0000001
 43
0.0000000001
 40
0.0
 40
0.0
 40
0.0
 40
0.0
 40
1.0
 40
1.0
 40
1.0
 40
1.0
 10
2.658458371159981
 20
80.98035470139999
 30
0.0
 10
2.680422909399994
 20
80.93929059505999
 30
0.0
 10
2.69856751623999
 20
80.89154158718
 30
0.0
 10
2.711931845619972
 20
80.83710644332001
 30
0.0
  0
SPLINE
  5
2F5
330
2AF
100
AcDbEntity
  8
03___PRT_ALL_CURVES
  6
Continuous
 62
     4
100
AcDbSpline
210
0.0
220
0.0
230
1.0
 70
     8
 71
     3
 72
     8
 73
     4
 74
     0
 42
0.0000001
 43
0.0000000001
 40
0.0
 40
0.0
 40
0.0
 40
0.0
 40
1.0
 40
1.0
 40
1.0
 40
1.0
 10
2.711931845619972
 20
80.83710644332001
 30
0.0
 10
2.737721700060007
 20
80.73206005193998
 30
0.0
 10
2.751091414239966
 20
80.62319232200002
 30
0.0
 10
2.751091414239966
 20
80.51050474702001
 30
0.0
  0
SPLINE
  5
2F6
330
2AF
100
AcDbEntity
  8
03___PRT_ALL_CURVES
  6
Continuous
 62
     4
100
AcDbSpline
210
0.0
220
0.0
230
1.0
 70
     8
 71
     3
 72
     8
 73
     4
 74
     0
 42
0.0000001
 43
0.0000000001
 40
0.0
 40
0.0
 40
0.0
 40
0.0
 40
1.0
 40
1.0
 40
1.0
 40
1.0
 10
2.751091414239966
 20
80.51050474702001
 30
0.0
 10
2.751091414239966
 20
80.25648019791998
 30
0.0
 10
2.708117301560009
 20
80.07025921145998
 30
0.0
 10
2.622396263960013
 20
79.95263087928001
 30
0.0
  0
SPLINE
  5
2F7
330
2AF
100
AcDbEntity
  8
03___PRT_ALL_CURVES
  6
Continuous
 62
     4
100
AcDbSpline
210
0.0
220
0.0
230
1.0
 70
     8
 71
     3
 72
     8
 73
     4
 74
     0
 42
0.0000001
 43
0.0000000001
 40
0.0
 40
0.0
 40
0.0
 40
0.0
 40
1.0
 40
1.0
 40
1.0
 40
1.0
 10
2.622396263960013
 20
79.95263087928001
 30
0.0
 10
2.536221010859975
 20
79.83437926158001
 30
0.0
 10
2.388199180919997
 20
79.7761255122
 30
0.0
 10
2.178103667659997
 20
79.7761255122
 30
0.0
  0
SPLINE
  5
2F8
330
2AF
100
AcDbEntity
  8
03___PRT_ALL_CURVES
  6
Continuous
 62
     4
100
AcDbSpline
210
0.0
220
0.0
230
1.0
 70
     8
 71
     3
 72
     8
 73
     4
 74
     0
 42
0.0000001
 43
0.0000000001
 40
0.0
 40
0.0
 40
0.0
 40
0.0
 40
1.0
 40
1.0
 40
1.0
 40
1.0
 10
2.178103667659997
 20
79.7761255122
 30
0.0
 10
2.05968623875998
 20
79.7761255122
 30
0.0
 10
1.965143227439995
 20
79.79522510315999
 30
0.0
 10
1.892564794999998
 20
79.83246930095999
 30
0.0
  0
SPLINE
  5
2F9
330
2AF
100
AcDbEntity
  8
03___PRT_ALL_CURVES
  6
Continuous
 62
     4
100
AcDbSpline
210
0.0
220
0.0
230
1.0
 70
     8
 71
     3
 72
     8
 73
     4
 74
     0
 42
0.0000001
 43
0.0000000001
 40
0.0
 40
0.0
 40
0.0
 40
0.0
 40
1.0
 40
1.0
 40
1.0
 40
1.0
 10
1.892564794999998
 20
79.83246930095999
 30
0.0
 10
1.819986347320025
 20
79.86971350892
 30
0.0
 10
1.759822650019998
 20
79.92510231864003
 30
0.0
 10
1.713234879340007
 20
79.99720242589999
 30
0.0
  0
SPLINE
  5
2FA
330
2AF
100
AcDbEntity
  8
03___PRT_ALL_CURVES
  6
Continuous
 62
     4
100
AcDbSpline
210
0.0
220
0.0
230
1.0
 70
     8
 71
     3
 72
     8
 73
     4
 74
     0
 42
0.0000001
 43
0.0000000001
 40
0.0
 40
0.0
 40
0.0
 40
0.0
 40
1.0
 40
1.0
 40
1.0
 40
1.0
 10
1.713234879340007
 20
79.99720242589999
 30
0.0
 10
1.679604357320017
 20
80.04924965480001
 30
0.0
 10
1.653819910539994
 20
80.11896315774001
 30
0.0
 10
1.634720319579998
 20
80.20873123321999
 30
0.0
  0
SPLINE
  5
2FB
330
2AF
100
AcDbEntity
  8
03___PRT_ALL_CURVES
  6
Continuous
 62
     4
100
AcDbSpline
210
0.0
220
0.0
230
1.0
 70
     8
 71
     3
 72
     8
 73
     4
 74
     0
 42
0.0000001
 43
0.0000000001
 40
0.0
 40
0.0
 40
0.0
 40
0.0
 40
1.0
 40
1.0
 40
1.0
 40
1.0
 10
1.634720319579998
 20
80.20873123321999
 30
0.0
 10
1.615620728620002
 20
80.2984993087
 30
0.0
 10
1.607025917259989
 20
80.39686220823998
 30
0.0
 10
1.607025917259989
 20
80.50572985436
 30
0.0
  0
SPLINE
  5
2FC
330
2AF
100
AcDbEntity
  8
03___PRT_ALL_CURVES
  6
Continuous
 62
     4
100
AcDbSpline
210
0.0
220
0.0
230
1.0
 70
     8
 71
     3
 72
     8
 73
     4
 74
     0
 42
0.0000001
 43
0.0000000001
 40
0.0
 40
0.0
 40
0.0
 40
0.0
 40
1.0
 40
1.0
 40
1.0
 40
1.0
 10
1.992837662779976
 20
80.5047748931
 30
0.0
 10
1.992837662779976
 20
80.32619374404001
 30
0.0
 10
2.008117342659972
 20
80.20395634056001
 30
0.0
 10
2.039631666220004
 20
80.13901773027999
 30
0.0
  0
SPLINE
  5
2FD
330
2AF
100
AcDbEntity
  8
03___PRT_ALL_CURVES
  6
Continuous
 62
     4
100
AcDbSpline
210
0.0
220
0.0
230
1.0
 70
     8
 71
     3
 72
     8
 73
     4
 74
     0
 42
0.0000001
 43
0.0000000001
 40
0.0
 40
0.0
 40
0.0
 40
0.0
 40
1.0
 40
1.0
 40
1.0
 40
1.0
 10
2.039631666220004
 20
80.13901773027999
 30
0.0
 10
2.071145987239987
 20
80.07407912000002
 30
0.0
 10
2.116984988779961
 20
80.04160981486001
 30
0.0
 10
2.177148706400033
 20
80.04160981486001
 30
0.0
  0
SPLINE
  5
2FE
330
2AF
100
AcDbEntity
  8
03___PRT_ALL_CURVES
  6
Continuous
 62
     4
100
AcDbSpline
210
0.0
220
0.0
230
1.0
 70
     8
 71
     3
 72
     8
 73
     4
 74
     0
 42
0.0000001
 43
0.0000000001
 40
0.0
 40
0.0
 40
0.0
 40
0.0
 40
1.0
 40
1.0
 40
1.0
 40
1.0
 10
2.177148706400033
 20
80.04160981486001
 30
0.0
 10
2.216302847039969
 20
80.04160981486001
 30
0.0
 10
2.250682097559974
 20
80.05497952904
 30
0.0
 10
2.279331514479992
 20
80.08267396437998
 30
0.0
  0
SPLINE
  5
2FF
330
2AF
100
AcDbEntity
  8
03___PRT_ALL_CURVES
  6
Continuous
 62
     4
100
AcDbSpline
210
0.0
220
0.0
230
1.0
 70
     8
 71
     3
 72
     8
 73
     4
 74
     0
 42
0.0000001
 43
0.0000000001
 40
0.0
 40
0.0
 40
0.0
 40
0.0
 40
1.0
 40
1.0
 40
1.0
 40
1.0
 10
2.279331514479992
 20
80.08267396437998
 30
0.0
 10
2.307980888219959
 20
80.11036835654002
 30
0.0
 10
2.32994542646
 20
80.15429741016001
 30
0.0
 10
2.343417012420019
 20
80.21443840239999
 30
0.0
  0
SPLINE
  5
300
330
2AF
100
AcDbEntity
  8
03___PRT_ALL_CURVES
  6
Continuous
 62
     4
100
AcDbSpline
210
0.0
220
0.0
230
1.0
 70
     8
 71
     3
 72
     8
 73
     4
 74
     0
 42
0.0000001
 43
0.0000000001
 40
0.0
 40
0.0
 40
0.0
 40
0.0
 40
1.0
 40
1.0
 40
1.0
 40
1.0
 10
2.343417012420019
 20
80.21443840239999
 30
0.0
 10
2.356684857359994
 20
80.27366984350002
 30
0.0
 10
2.364324720159999
 20
80.36725785037999
 30
0.0
 10
2.364324720159999
 20
80.49427010334
 30
0.0
  0
SPLINE
  5
301
330
2AF
100
AcDbEntity
  8
03___PRT_ALL_CURVES
  6
Continuous
 62
     4
100
AcDbSpline
210
0.0
220
0.0
230
1.0
 70
     8
 71
     3
 72
     8
 73
     4
 74
     0
 42
0.0000001
 43
0.0000000001
 40
0.0
 40
0.0
 40
0.0
 40
0.0
 40
1.0
 40
1.0
 40
1.0
 40
1.0
 10
2.364324720159999
 20
80.49427010334
 30
0.0
 10
2.364324720159999
 20
80.67953615139999
 30
0.0
 10
2.348090035839988
 20
80.80463848184002
 30
0.0
 10
2.316575712279985
 20
80.86862208768
 30
0.0
  0
SPLINE
  5
302
330
2AF
100
AcDbEntity
  8
03___PRT_ALL_CURVES
  6
Continuous
 62
     4
100
AcDbSpline
210
0.0
220
0.0
230
1.0
 70
     8
 71
     3
 72
     8
 73
     4
 74
     0
 42
0.0000001
 43
0.0000000001
 40
0.0
 40
0.0
 40
0.0
 40
0.0
 40
1.0
 40
1.0
 40
1.0
 40
1.0
 10
2.316575712279985
 20
80.86862208768
 30
0.0
 10
2.285061388719981
 20
80.93260569606
 30
0.0
 10
2.238267428460006
 20
80.96507506470002
 30
0.0
 10
2.175238740699996
 20
80.96507506470002
 30
0.0
  0
SPLINE
  5
303
330
2AF
100
AcDbEntity
  8
03___PRT_ALL_CURVES
  6
Continuous
 62
     4
100
AcDbSpline
210
0.0
220
0.0
230
1.0
 70
     8
 71
     3
 72
     8
 73
     4
 74
     0
 42
0.0000001
 43
0.0000000001
 40
0.0
 40
0.0
 40
0.0
 40
0.0
 40
1.0
 40
1.0
 40
1.0
 40
1.0
 10
2.175238740699996
 20
80.96507506470002
 30
0.0
 10
2.110300130420001
 20
80.96507506470002
 30
0.0
 10
2.064461131420018
 20
80.9316507348
 30
0.0
 10
2.035811750059992
 20
80.86671215754001
 30
0.0
  0
SPLINE
  5
304
330
2AF
100
AcDbEntity
  8
03___PRT_ALL_CURVES
  6
Continuous
 62
     4
100
AcDbSpline
210
0.0
220
0.0
230
1.0
 70
     8
 71
     3
 72
     8
 73
     4
 74
     0
 42
0.0000001
 43
0.0000000001
 40
0.0
 40
0.0
 40
0.0
 40
0.0
 40
1.0
 40
1.0
 40
1.0
 40
1.0
 10
2.035811750059992
 20
80.86671215754001
 30
0.0
 10
2.007162338219985
 20
80.80177351170002
 30
0.0
 10
1.992837662779976
 20
80.68049111266001
 30
0.0
 10
1.992837662779976
 20
80.5047748931
 30
0.0
  0
SPLINE
  5
305
330
2AF
100
AcDbEntity
  8
03___PRT_ALL_CURVES
  6
Continuous
 62
     4
100
AcDbSpline
210
0.0
220
0.0
230
1.0
 70
     8
 71
     3
 72
     8
 73
     4
 74
     0
 42
0.0000001
 43
0.0000000001
 40
0.0
 40
0.0
 40
0.0
 40
0.0
 40
1.0
 40
1.0
 40
1.0
 40
1.0
 10
3.399522560859992
 20
80.7330150132
 30
0.0
 10
3.335538955020013
 20
80.68431104406002
 30
0.0
 10
3.273465269159999
 20
80.64515686024001
 30
0.0
 10
3.214448087220006
 20
80.61517237360002
 30
0.0
  0
SPLINE
  5
306
330
2AF
100
AcDbEntity
  8
03___PRT_ALL_CURVES
  6
Continuous
 62
     4
100
AcDbSpline
210
0.0
220
0.0
230
1.0
 70
     8
 71
     3
 72
     8
 73
     4
 74
     0
 42
0.0000001
 43
0.0000000001
 40
0.0
 40
0.0
 40
0.0
 40
0.0
 40
1.0
 40
1.0
 40
1.0
 40
1.0
 10
3.214448087220006
 20
80.61517237360002
 30
0.0
 10
3.155047672620015
 20
80.58499318326
 30
0.0
 10
3.080559320199995
 20
80.55634382983999
 30
0.0
 10
2.990791244719986
 20
80.52960439894
 30
0.0
  0
SPLINE
  5
307
330
2AF
100
AcDbEntity
  8
03___PRT_ALL_CURVES
  6
Continuous
 62
     4
100
AcDbSpline
210
0.0
220
0.0
230
1.0
 70
     8
 71
     3
 72
     8
 73
     4
 74
     0
 42
0.0000001
 43
0.0000000001
 40
0.0
 40
0.0
 40
0.0
 40
0.0
 40
1.0
 40
1.0
 40
1.0
 40
1.0
 10
2.990791244719986
 20
80.84856755832001
 30
0.0
 10
3.122578471619988
 20
80.89058662591998
 30
0.0
 10
3.225716179999978
 20
80.94215556266002
 30
0.0
 10
3.299292537799971
 20
81.00226689278
 30
0.0
  0
SPLINE
  5
308
330
2AF
100
AcDbEntity
  8
03___PRT_ALL_CURVES
  6
Continuous
 62
     4
100
AcDbSpline
210
0.0
220
0.0
230
1.0
 70
     8
 71
     3
 72
     8
 73
     4
 74
     0
 42
0.0000001
 43
0.0000000001
 40
0.0
 40
0.0
 40
0.0
 40
0.0
 40
1.0
 40
1.0
 40
1.0
 40
1.0
 10
3.299292537799971
 20
81.00226689278
 30
0.0
 10
3.371828168699977
 20
81.06152795535999
 30
0.0
 10
3.429126878079956
 20
81.13601639160001
 30
0.0
 10
3.471146029500005
 20
81.22387454456003
 30
0.0
  0
SPLINE
  5
309
330
2AF
100
AcDbEntity
  8
03___PRT_ALL_CURVES
  6
Continuous
 62
     4
100
AcDbSpline
210
0.0
220
0.0
230
1.0
 70
     8
 71
     3
 72
     8
 73
     4
 74
     0
 42
0.0000001
 43
0.0000000001
 40
0.0
 40
0.0
 40
0.0
 40
0.0
 40
1.0
 40
1.0
 40
1.0
 40
1.0
 10
1.475238736080001
 20
77.00572985412
 30
0.0
 10
1.475238736080001
 20
77.27121415170001
 30
0.0
 10
1.522987710940015
 20
77.45743520165999
 30
0.0
 10
1.618723252259997
 20
77.56418031456002
 30
0.0
  0
SPLINE
  5
30A
330
2AF
100
AcDbEntity
  8
03___PRT_ALL_CURVES
  6
Continuous
 62
     4
100
AcDbSpline
210
0.0
220
0.0
230
1.0
 70
     8
 71
     3
 72
     8
 73
     4
 74
     0
 42
0.0000001
 43
0.0000000001
 40
0.0
 40
0.0
 40
0.0
 40
0.0
 40
1.0
 40
1.0
 40
1.0
 40
1.0
 10
1.618723252259997
 20
77.56418031456002
 30
0.0
 10
1.713983612920003
 20
77.67039560123999
 30
0.0
 10
1.860095477159973
 20
77.72387454431998
 30
0.0
 10
2.056821276239987
 20
77.72387454431998
 30
0.0
  0
SPLINE
  5
30B
330
2AF
100
AcDbEntity
  8
03___PRT_ALL_CURVES
  6
Continuous
 62
     4
100
AcDbSpline
210
0.0
220
0.0
230
1.0
 70
     8
 71
     3
 72
     8
 73
     4
 74
     0
 42
0.0000001
 43
0.0000000001
 40
0.0
 40
0.0
 40
0.0
 40
0.0
 40
1.0
 40
1.0
 40
1.0
 40
1.0
 10
2.056821276239987
 20
77.72387454431998
 30
0.0
 10
2.150409239940018
 20
77.72387454431998
 30
0.0
 10
2.227762646320031
 20
77.71145970758002
 30
0.0
 10
2.288821813000027
 20
77.68838223531998
 30
0.0
  0
SPLINE
  5
30C
330
2AF
100
AcDbEntity
  8
03___PRT_ALL_CURVES
  6
Continuous
 62
     4
100
AcDbSpline
210
0.0
220
0.0
230
1.0
 70
     8
 71
     3
 72
     8
 73
     4
 74
     0
 42
0.0000001
 43
0.0000000001
 40
0.0
 40
0.0
 40
0.0
 40
0.0
 40
1.0
 40
1.0
 40
1.0
 40
1.0
 10
2.288821813000027
 20
77.68838223531998
 30
0.0
 10
2.349045045360015
 20
77.66562070858001
 30
0.0
 10
2.398703975759986
 20
77.6350614301
 30
0.0
 10
2.436903155139987
 20
77.59781721197999
 30
0.0
  0
SPLINE
  5
30D
330
2AF
100
AcDbEntity
  8
03___PRT_ALL_CURVES
  6
Continuous
 62
     4
100
AcDbSpline
210
0.0
220
0.0
230
1.0
 70
     8
 71
     3
 72
     8
 73
     4
 74
     0
 42
0.0000001
 43
0.0000000001
 40
0.0
 40
0.0
 40
0.0
 40
0.0
 40
1.0
 40
1.0
 40
1.0
 40
1.0
 10
2.436903155139987
 20
77.59781721197999
 30
0.0
 10
2.475102334519988
 20
77.56057299385998
 30
0.0
 10
2.50470665173998
 20
77.52141881004002
 30
0.0
 10
2.526671189979993
 20
77.48035470116
 30
0.0
  0
SPLINE
  5
30E
330
2AF
100
AcDbEntity
  8
03___PRT_ALL_CURVES
  6
Continuous
 62
     4
100
AcDbSpline
210
0.0
220
0.0
230
1.0
 70
     8
 71
     3
 72
     8
 73
     4
 74
     0
 42
0.0000001
 43
0.0000000001
 40
0.0
 40
0.0
 40
0.0
 40
0.0
 40
1.0
 40
1.0
 40
1.0
 40
1.0
 10
2.526671189979993
 20
77.48035470116
 30
0.0
 10
2.548635728220006
 20
77.43929059482
 30
0.0
 10
2.566780335059974
 20
77.39154158694001
 30
0.0
 10
2.580144664440013
 20
77.33710644308002
 30
0.0
  0
SPLINE
  5
30F
330
2AF
100
AcDbEntity
  8
03___PRT_ALL_CURVES
  6
Continuous
 62
     4
100
AcDbSpline
210
0.0
220
0.0
230
1.0
 70
     8
 71
     3
 72
     8
 73
     4
 74
     0
 42
0.0000001
 43
0.0000000001
 40
0.0
 40
0.0
 40
0.0
 40
0.0
 40
1.0
 40
1.0
 40
1.0
 40
1.0
 10
2.580144664440013
 20
77.33710644308002
 30
0.0
 10
2.605934518879991
 20
77.23206005170002
 30
0.0
 10
2.619304233060006
 20
77.12319232176
 30
0.0
 10
2.619304233060006
 20
77.01050474678001
 30
0.0
  0
SPLINE
  5
310
330
2AF
100
AcDbEntity
  8
03___PRT_ALL_CURVES
  6
Continuous
 62
     4
100
AcDbSpline
210
0.0
220
0.0
230
1.0
 70
     8
 71
     3
 72
     8
 73
     4
 74
     0
 42
0.0000001
 43
0.0000000001
 40
0.0
 40
0.0
 40
0.0
 40
0.0
 40
1.0
 40
1.0
 40
1.0
 40
1.0
 10
2.619304233060006
 20
77.01050474678001
 30
0.0
 10
2.619304233060006
 20
76.75648019768002
 30
0.0
 10
2.576330120379993
 20
76.57025921121999
 30
0.0
 10
2.490609082779969
 20
76.45263088158
 30
0.0
  0
SPLINE
  5
311
330
2AF
100
AcDbEntity
  8
03___PRT_ALL_CURVES
  6
Continuous
 62
     4
100
AcDbSpline
210
0.0
220
0.0
230
1.0
 70
     8
 71
     3
 72
     8
 73
     4
 74
     0
 42
0.0000001
 43
0.0000000001
 40
0.0
 40
0.0
 40
0.0
 40
0.0
 40
1.0
 40
1.0
 40
1.0
 40
1.0
 10
2.490609082779969
 20
76.45263088158
 30
0.0
 10
2.404433829679988
 20
76.33437926133999
 30
0.0
 10
2.25641199974001
 20
76.27612551195998
 30
0.0
 10
2.046316486480009
 20
76.27612551195998
 30
0.0
  0
SPLINE
  5
312
330
2AF
100
AcDbEntity
  8
03___PRT_ALL_CURVES
  6
Continuous
 62
     4
100
AcDbSpline
210
0.0
220
0.0
230
1.0
 70
     8
 71
     3
 72
     8
 73
     4
 74
     0
 42
0.0000001
 43
0.0000000001
 40
0.0
 40
0.0
 40
0.0
 40
0.0
 40
1.0
 40
1.0
 40
1.0
 40
1.0
 10
2.046316486480009
 20
76.27612551195998
 30
0.0
 10
1.927899057579992
 20
76.27612551195998
 30
0.0
 10
1.833356046259979
 20
76.29522510292
 30
0.0
 10
1.760777613820011
 20
76.33246930071999
 30
0.0
  0
SPLINE
  5
313
330
2AF
100
AcDbEntity
  8
03___PRT_ALL_CURVES
  6
Continuous
 62
     4
100
AcDbSpline
210
0.0
220
0.0
230
1.0
 70
     8
 71
     3
 72
     8
 73
     4
 74
     0
 42
0.0000001
 43
0.0000000001
 40
0.0
 40
0.0
 40
0.0
 40
0.0
 40
1.0
 40
1.0
 40
1.0
 40
1.0
 10
1.760777613820011
 20
76.33246930071999
 30
0.0
 10
1.688199166139981
 20
76.36971350867998
 30
0.0
 10
1.628035468840011
 20
76.42510231839998
 30
0.0
 10
1.581447698159991
 20
76.49720242566002
 30
0.0
  0
SPLINE
  5
314
330
2AF
100
AcDbEntity
  8
03___PRT_ALL_CURVES
  6
Continuous
 62
     4
100
AcDbSpline
210
0.0
220
0.0
230
1.0
 70
     8
 71
     3
 72
     8
 73
     4
 74
     0
 42
0.0000001
 43
0.0000000001
 40
0.0
 40
0.0
 40
0.0
 40
0.0
 40
1.0
 40
1.0
 40
1.0
 40
1.0
 10
1.581447698159991
 20
76.49720242566002
 30
0.0
 10
1.547817176139972
 20
76.54924965456001
 30
0.0
 10
1.522032729360006
 20
76.61896315750002
 30
0.0
 10
1.50293313840001
 20
76.70873123298
 30
0.0
  0
SPLINE
  5
315
330
2AF
100
AcDbEntity
  8
03___PRT_ALL_CURVES
  6
Continuous
 62
     4
100
AcDbSpline
210
0.0
220
0.0
230
1.0
 70
     8
 71
     3
 72
     8
 73
     4
 74
     0
 42
0.0000001
 43
0.0000000001
 40
0.0
 40
0.0
 40
0.0
 40
0.0
 40
1.0
 40
1.0
 40
1.0
 40
1.0
 10
1.50293313840001
 20
76.70873123298
 30
0.0
 10
1.483833549980005
 20
76.798499311
 30
0.0
 10
1.475238736080001
 20
76.89686220800002
 30
0.0
 10
1.475238736080001
 20
77.00572985412
 30
0.0
  0
SPLINE
  5
316
330
2AF
100
AcDbEntity
  8
03___PRT_ALL_CURVES
  6
Continuous
 62
     4
100
AcDbSpline
210
0.0
220
0.0
230
1.0
 70
     8
 71
     3
 72
     8
 73
     4
 74
     0
 42
0.0000001
 43
0.0000000001
 40
0.0
 40
0.0
 40
0.0
 40
0.0
 40
1.0
 40
1.0
 40
1.0
 40
1.0
 10
1.861050481599989
 20
77.00477489285998
 30
0.0
 10
1.861050481599989
 20
76.82619374379999
 30
0.0
 10
1.876330161479984
 20
76.70395634031999
 30
0.0
 10
1.907844485040016
 20
76.63901773004
 30
0.0
  0
SPLINE
  5
317
330
2AF
100
AcDbEntity
  8
03___PRT_ALL_CURVES
  6
Continuous
 62
     4
100
AcDbSpline
210
0.0
220
0.0
230
1.0
 70
     8
 71
     3
 72
     8
 73
     4
 74
     0
 42
0.0000001
 43
0.0000000001
 40
0.0
 40
0.0
 40
0.0
 40
0.0
 40
1.0
 40
1.0
 40
1.0
 40
1.0
 10
1.907844485040016
 20
76.63901773004
 30
0.0
 10
1.93935880606
 20
76.57407911976
 30
0.0
 10
1.985197807599974
 20
76.54160981461999
 30
0.0
 10
2.045361525219988
 20
76.54160981461999
 30
0.0
  0
SPLINE
  5
318
330
2AF
100
AcDbEntity
  8
03___PRT_ALL_CURVES
  6
Continuous
 62
     4
100
AcDbSpline
210
0.0
220
0.0
230
1.0
 70
     8
 71
     3
 72
     8
 73
     4
 74
     0
 42
0.0000001
 43
0.0000000001
 40
0.0
 40
0.0
 40
0.0
 40
0.0
 40
1.0
 40
1.0
 40
1.0
 40
1.0
 10
2.045361525219988
 20
76.54160981461999
 30
0.0
 10
2.084515668400002
 20
76.54160981461999
 30
0.0
 10
2.118894916380015
 20
76.5549795288
 30
0.0
 10
2.147544333299976
 20
76.58267396414001
 30
0.0
  0
SPLINE
  5
319
330
2AF
100
AcDbEntity
  8
03___PRT_ALL_CURVES
  6
Continuous
 62
     4
100
AcDbSpline
210
0.0
220
0.0
230
1.0
 70
     8
 71
     3
 72
     8
 73
     4
 74
     0
 42
0.0000001
 43
0.0000000001
 40
0.0
 40
0.0
 40
0.0
 40
0.0
 40
1.0
 40
1.0
 40
1.0
 40
1.0
 10
2.147544333299976
 20
76.58267396414001
 30
0.0
 10
2.176193709580019
 20
76.6103683563
 30
0.0
 10
2.198158247820004
 20
76.65429740991999
 30
0.0
 10
2.211629831239975
 20
76.71443840216
 30
0.0
  0
SPLINE
  5
31A
330
2AF
100
AcDbEntity
  8
03___PRT_ALL_CURVES
  6
Continuous
 62
     4
100
AcDbSpline
210
0.0
220
0.0
230
1.0
 70
     8
 71
     3
 72
     8
 73
     4
 74
     0
 42
0.0000001
 43
0.0000000001
 40
0.0
 40
0.0
 40
0.0
 40
0.0
 40
1.0
 40
1.0
 40
1.0
 40
1.0
 10
2.211629831239975
 20
76.71443840216
 30
0.0
 10
2.224897676180007
 20
76.77366984580001
 30
0.0
 10
2.232537538979983
 20
76.86725785013999
 30
0.0
 10
2.232537538979983
 20
76.9942701031
 30
0.0
  0
SPLINE
  5
31B
330
2AF
100
AcDbEntity
  8
03___PRT_ALL_CURVES
  6
Continuous
 62
     4
100
AcDbSpline
210
0.0
220
0.0
230
1.0
 70
     8
 71
     3
 72
     8
 73
     4
 74
     0
 42
0.0000001
 43
0.0000000001
 40
0.0
 40
0.0
 40
0.0
 40
0.0
 40
1.0
 40
1.0
 40
1.0
 40
1.0
 10
2.232537538979983
 20
76.9942701031
 30
0.0
 10
2.232537538979983
 20
77.17953615116
 30
0.0
 10
2.216302854659972
 20
77.30463848160002
 30
0.0
 10
2.184788531099969
 20
77.36862208743997
 30
0.0
  0
SPLINE
  5
31C
330
2AF
100
AcDbEntity
  8
03___PRT_ALL_CURVES
  6
Continuous
 62
     4
100
AcDbSpline
210
0.0
220
0.0
230
1.0
 70
     8
 71
     3
 72
     8
 73
     4
 74
     0
 42
0.0000001
 43
0.0000000001
 40
0.0
 40
0.0
 40
0.0
 40
0.0
 40
1.0
 40
1.0
 40
1.0
 40
1.0
 10
2.184788531099969
 20
77.36862208743997
 30
0.0
 10
2.153274207540022
 20
77.43260569582
 30
0.0
 10
2.10648024727999
 20
77.46507506445997
 30
0.0
 10
2.04345155951998
 20
77.46507506445997
 30
0.0
  0
SPLINE
  5
31D
330
2AF
100
AcDbEntity
  8
03___PRT_ALL_CURVES
  6
Continuous
 62
     4
100
AcDbSpline
210
0.0
220
0.0
230
1.0
 70
     8
 71
     3
 72
     8
 73
     4
 74
     0
 42
0.0000001
 43
0.0000000001
 40
0.0
 40
0.0
 40
0.0
 40
0.0
 40
1.0
 40
1.0
 40
1.0
 40
1.0
 10
2.04345155951998
 20
77.46507506445997
 30
0.0
 10
1.978512949239985
 20
77.46507506445997
 30
0.0
 10
1.932673950239973
 20
77.43165073456001
 30
0.0
 10
1.904024568880004
 20
77.36671215730001
 30
0.0
  0
SPLINE
  5
31E
330
2AF
100
AcDbEntity
  8
03___PRT_ALL_CURVES
  6
Continuous
 62
     4
100
AcDbSpline
210
0.0
220
0.0
230
1.0
 70
     8
 71
     3
 72
     8
 73
     4
 74
     0
 42
0.0000001
 43
0.0000000001
 40
0.0
 40
0.0
 40
0.0
 40
0.0
 40
1.0
 40
1.0
 40
1.0
 40
1.0
 10
1.904024568880004
 20
77.36671215730001
 30
0.0
 10
1.875375157039997
 20
77.30177351145997
 30
0.0
 10
1.861050481599989
 20
77.18049111241999
 30
0.0
 10
1.861050481599989
 20
77.00477489285998
 30
0.0
  0
SPLINE
  5
31F
330
2AF
100
AcDbEntity
  8
03___PRT_ALL_CURVES
  6
Continuous
 62
     4
100
AcDbSpline
210
0.0
220
0.0
230
1.0
 70
     8
 71
     3
 72
     8
 73
     4
 74
     0
 42
0.0000001
 43
0.0000000001
 40
0.0
 40
0.0
 40
0.0
 40
0.0
 40
1.0
 40
1.0
 40
1.0
 40
1.0
 10
2.789290601239969
 20
77.36098222717999
 30
0.0
 10
2.819849963540008
 20
77.47748973356002
 30
0.0
 10
2.878103631639959
 20
77.56725780904003
 30
0.0
 10
2.965233782500007
 20
77.62997233435999
 30
0.0
  0
SPLINE
  5
320
330
2AF
100
AcDbEntity
  8
03___PRT_ALL_CURVES
  6
Continuous
 62
     4
100
AcDbSpline
210
0.0
220
0.0
230
1.0
 70
     8
 71
     3
 72
     8
 73
     4
 74
     0
 42
0.0000001
 43
0.0000000001
 40
0.0
 40
0.0
 40
0.0
 40
0.0
 40
1.0
 40
1.0
 40
1.0
 40
1.0
 10
2.965233782500007
 20
77.62997233435999
 30
0.0
 10
3.051910012499974
 20
77.69236013947997
 30
0.0
 10
3.175102252779965
 20
77.72387454431998
 30
0.0
 10
3.334583871839982
 20
77.72387454431998
 30
0.0
  0
SPLINE
  5
321
330
2AF
100
AcDbEntity
  8
03___PRT_ALL_CURVES
  6
Continuous
 62
     4
100
AcDbSpline
210
0.0
220
0.0
230
1.0
 70
     8
 71
     3
 72
     8
 73
     4
 74
     0
 42
0.0000001
 43
0.0000000001
 40
0.0
 40
0.0
 40
0.0
 40
0.0
 40
1.0
 40
1.0
 40
1.0
 40
1.0
 10
3.334583871839982
 20
77.72387454431998
 30
0.0
 10
3.516984909119998
 20
77.72387454431998
 30
0.0
 10
3.64877213856002
 20
77.68949525316
 30
0.0
 10
3.730470489259972
 20
77.62117437126
 30
0.0
  0
SPLINE
  5
322
330
2AF
100
AcDbEntity
  8
03___PRT_ALL_CURVES
  6
Continuous
 62
     4
100
AcDbSpline
210
0.0
220
0.0
230
1.0
 70
     8
 71
     3
 72
     8
 73
     4
 74
     0
 42
0.0000001
 43
0.0000000001
 40
0.0
 40
0.0
 40
0.0
 40
0.0
 40
1.0
 40
1.0
 40
1.0
 40
1.0
 10
3.730470489259972
 20
77.62117437126
 30
0.0
 10
3.81207360773999
 20
77.55293313360002
 30
0.0
 10
3.853137797900018
 20
77.46793994824
 30
0.0
 10
3.853137797900018
 20
77.36480215858
 30
0.0
  0
SPLINE
  5
323
330
2AF
100
AcDbEntity
  8
03___PRT_ALL_CURVES
  6
Continuous
 62
     4
100
AcDbSpline
210
0.0
220
0.0
230
1.0
 70
     8
 71
     3
 72
     8
 73
     4
 74
     0
 42
0.0000001
 43
0.0000000001
 40
0.0
 40
0.0
 40
0.0
 40
0.0
 40
1.0
 40
1.0
 40
1.0
 40
1.0
 10
3.853137797900018
 20
77.36480215858
 30
0.0
 10
3.853137797900018
 20
77.30368352033997
 30
0.0
 10
3.835948152319986
 20
77.24924969727999
 30
0.0
 10
3.803369967539993
 20
77.20061844833998
 30
0.0
  0
SPLINE
  5
324
330
2AF
100
AcDbEntity
  8
03___PRT_ALL_CURVES
  6
Continuous
 62
     4
100
AcDbSpline
210
0.0
220
0.0
230
1.0
 70
     8
 71
     3
 72
     8
 73
     4
 74
     0
 42
0.0000001
 43
0.0000000001
 40
0.0
 40
0.0
 40
0.0
 40
0.0
 40
1.0
 40
1.0
 40
1.0
 40
1.0
 10
3.803369967539993
 20
77.20061844833998
 30
0.0
 10
3.770054621420002
 20
77.15088679774001
 30
0.0
 10
3.720395607200004
 20
77.10791268252001
 30
0.0
 10
3.65354711503997
 20
77.07162346883999
 30
0.0
  0
SPLINE
  5
325
330
2AF
100
AcDbEntity
  8
03___PRT_ALL_CURVES
  6
Continuous
 62
     4
100
AcDbSpline
210
0.0
220
0.0
230
1.0
 70
     8
 71
     3
 72
     8
 73
     4
 74
     0
 42
0.0000001
 43
0.0000000001
 40
0.0
 40
0.0
 40
0.0
 40
0.0
 40
1.0
 40
1.0
 40
1.0
 40
1.0
 10
3.65354711503997
 20
77.07162346883999
 30
0.0
 10
3.707025974299967
 20
77.05825375212001
 30
0.0
 10
3.749044960620012
 20
77.0420190678
 30
0.0
 10
3.777499371580006
 20
77.02450869641999
 30
0.0
  0
SPLINE
  5
326
330
2AF
100
AcDbEntity
  8
03___PRT_ALL_CURVES
  6
Continuous
 62
     4
100
AcDbSpline
210
0.0
220
0.0
230
1.0
 70
     8
 71
     3
 72
     8
 73
     4
 74
     0
 42
0.0000001
 43
0.0000000001
 40
0.0
 40
0.0
 40
0.0
 40
0.0
 40
1.0
 40
1.0
 40
1.0
 40
1.0
 10
3.777499371580006
 20
77.02450869641999
 30
0.0
 10
3.823533480679998
 20
76.99618006879999
 30
0.0
 10
3.859822696900011
 20
76.95798088941999
 30
0.0
 10
3.885607110660004
 20
76.9111868555
 30
0.0
  0
SPLINE
  5
327
330
2AF
100
AcDbEntity
  8
03___PRT_ALL_CURVES
  6
Continuous
 62
     4
100
AcDbSpline
210
0.0
220
0.0
230
1.0
 70
     8
 71
     3
 72
     8
 73
     4
 74
     0
 42
0.0000001
 43
0.0000000001
 40
0.0
 40
0.0
 40
0.0
 40
0.0
 40
1.0
 40
1.0
 40
1.0
 40
1.0
 10
3.885607110660004
 20
76.9111868555
 30
0.0
 10
3.911391466000026
 20
76.86439292318002
 30
0.0
 10
3.924761266540003
 20
76.80900409821999
 30
0.0
 10
3.924761266540003
 20
76.74406548793999
 30
0.0
  0
SPLINE
  5
328
330
2AF
100
AcDbEntity
  8
03___PRT_ALL_CURVES
  6
Continuous
 62
     4
100
AcDbSpline
210
0.0
220
0.0
230
1.0
 70
     8
 71
     3
 72
     8
 73
     4
 74
     0
 42
0.0000001
 43
0.0000000001
 40
0.0
 40
0.0
 40
0.0
 40
0.0
 40
1.0
 40
1.0
 40
1.0
 40
1.0
 10
3.924761266540003
 20
76.74406548793999
 30
0.0
 10
3.924761266540003
 20
76.66193722954
 30
0.0
 10
3.902796644479992
 20
76.58362892539998
 30
0.0
 10
3.860416861319976
 20
76.5093451903
 30
0.0
  0
SPLINE
  5
329
330
2AF
100
AcDbEntity
  8
03___PRT_ALL_CURVES
  6
Continuous
 62
     4
100
AcDbSpline
210
0.0
220
0.0
230
1.0
 70
     8
 71
     3
 72
     8
 73
     4
 74
     0
 42
0.0000001
 43
0.0000000001
 40
0.0
 40
0.0
 40
0.0
 40
0.0
 40
1.0
 40
1.0
 40
1.0
 40
1.0
 10
3.860416861319976
 20
76.5093451903
 30
0.0
 10
3.817803542939998
 20
76.43465211387999
 30
0.0
 10
3.756684823420017
 20
76.37639835941997
 30
0.0
 10
3.676275995160012
 20
76.33667257654
 30
0.0
  0
SPLINE
  5
32A
330
2AF
100
AcDbEntity
  8
03___PRT_ALL_CURVES
  6
Continuous
 62
     4
100
AcDbSpline
210
0.0
220
0.0
230
1.0
 70
     8
 71
     3
 72
     8
 73
     4
 74
     0
 42
0.0000001
 43
0.0000000001
 40
0.0
 40
0.0
 40
0.0
 40
0.0
 40
1.0
 40
1.0
 40
1.0
 40
1.0
 10
3.676275995160012
 20
76.33667257654
 30
0.0
 10
3.596248240559987
 20
76.29713506100003
 30
0.0
 10
3.490245480759995
 20
76.27612551195998
 30
0.0
 10
3.360368341479983
 20
76.27612551195998
 30
0.0
  0
SPLINE
  5
32B
330
2AF
100
AcDbEntity
  8
03___PRT_ALL_CURVES
  6
Continuous
 62
     4
100
AcDbSpline
210
0.0
220
0.0
230
1.0
 70
     8
 71
     3
 72
     8
 73
     4
 74
     0
 42
0.0000001
 43
0.0000000001
 40
0.0
 40
0.0
 40
0.0
 40
0.0
 40
1.0
 40
1.0
 40
1.0
 40
1.0
 10
3.360368341479983
 20
76.27612551195998
 30
0.0
 10
3.232401127259976
 20
76.27612551195998
 30
0.0
 10
3.132128305199984
 20
76.29140518422
 30
0.0
 10
3.058594756560012
 20
76.32100957764001
 30
0.0
  0
SPLINE
  5
32C
330
2AF
100
AcDbEntity
  8
03___PRT_ALL_CURVES
  6
Continuous
 62
     4
100
AcDbSpline
210
0.0
220
0.0
230
1.0
 70
     8
 71
     3
 72
     8
 73
     4
 74
     0
 42
0.0000001
 43
0.0000000001
 40
0.0
 40
0.0
 40
0.0
 40
0.0
 40
1.0
 40
1.0
 40
1.0
 40
1.0
 10
3.058594756560012
 20
76.32100957764001
 30
0.0
 10
2.985061352700001
 20
76.35061391264003
 30
0.0
 10
2.924897594440012
 20
76.39454297895998
 30
0.0
 10
2.877148667840004
 20
76.45184174676001
 30
0.0
  0
SPLINE
  5
32D
330
2AF
100
AcDbEntity
  8
03___PRT_ALL_CURVES
  6
Continuous
 62
     4
100
AcDbSpline
210
0.0
220
0.0
230
1.0
 70
     8
 71
     3
 72
     8
 73
     4
 74
     0
 42
0.0000001
 43
0.0000000001
 40
0.0
 40
0.0
 40
0.0
 40
0.0
 40
1.0
 40
1.0
 40
1.0
 40
1.0
 10
2.877148667840004
 20
76.45184174676001
 30
0.0
 10
2.829399746319979
 20
76.50914050947998
 30
0.0
 10
2.793110532639957
 20
76.5817189597
 30
0.0
 10
2.768281024260006
 20
76.66957709233998
 30
0.0
  0
SPLINE
  5
32E
330
2AF
100
AcDbEntity
  8
03___PRT_ALL_CURVES
  6
Continuous
 62
     4
100
AcDbSpline
210
0.0
220
0.0
230
1.0
 70
     8
 71
     3
 72
     8
 73
     4
 74
     0
 42
0.0000001
 43
0.0000000001
 40
0.0
 40
0.0
 40
0.0
 40
0.0
 40
1.0
 40
1.0
 40
1.0
 40
1.0
 10
3.156957643399977
 20
76.72114598843999
 30
0.0
 10
3.172237366459996
 20
76.64283766143998
 30
0.0
 10
3.195156949779999
 20
76.58840381806002
 30
0.0
 10
3.227626191420001
 20
76.55784451925999
 30
0.0
  0
SPLINE
  5
32F
330
2AF
100
AcDbEntity
  8
03___PRT_ALL_CURVES
  6
Continuous
 62
     4
100
AcDbSpline
210
0.0
220
0.0
230
1.0
 70
     8
 71
     3
 72
     8
 73
     4
 74
     0
 42
0.0000001
 43
0.0000000001
 40
0.0
 40
0.0
 40
0.0
 40
0.0
 40
1.0
 40
1.0
 40
1.0
 40
1.0
 10
3.227626191420001
 20
76.55784451925999
 30
0.0
 10
3.26009551942002
 20
76.52728513664002
 30
0.0
 10
3.301159541939995
 20
76.51296044088
 30
0.0
 10
3.350818556159993
 20
76.51296044088
 30
0.0
  0
SPLINE
  5
330
330
2AF
100
AcDbEntity
  8
03___PRT_ALL_CURVES
  6
Continuous
 62
     4
100
AcDbSpline
210
0.0
220
0.0
230
1.0
 70
     8
 71
     3
 72
     8
 73
     4
 74
     0
 42
0.0000001
 43
0.0000000001
 40
0.0
 40
0.0
 40
0.0
 40
0.0
 40
1.0
 40
1.0
 40
1.0
 40
1.0
 10
3.350818556159993
 20
76.51296044088
 30
0.0
 10
3.402387495440024
 20
76.51296044088
 30
0.0
 10
3.446316569380002
 20
76.5320600293
 30
0.0
 10
3.480695741159991
 20
76.57025916804002
 30
0.0
  0
SPLINE
  5
331
330
2AF
100
AcDbEntity
  8
03___PRT_ALL_CURVES
  6
Continuous
 62
     4
100
AcDbSpline
210
0.0
220
0.0
230
1.0
 70
     8
 71
     3
 72
     8
 73
     4
 74
     0
 42
0.0000001
 43
0.0000000001
 40
0.0
 40
0.0
 40
0.0
 40
0.0
 40
1.0
 40
1.0
 40
1.0
 40
1.0
 10
3.480695741159991
 20
76.57025916804002
 30
0.0
 10
3.515074986599984
 20
76.60845839060002
 30
0.0
 10
3.533219593440009
 20
76.65907230258003
 30
0.0
 10
3.533219593440009
 20
76.7230559516
 30
0.0
  0
SPLINE
  5
332
330
2AF
100
AcDbEntity
  8
03___PRT_ALL_CURVES
  6
Continuous
 62
     4
100
AcDbSpline
210
0.0
220
0.0
230
1.0
 70
     8
 71
     3
 72
     8
 73
     4
 74
     0
 42
0.0000001
 43
0.0000000001
 40
0.0
 40
0.0
 40
0.0
 40
0.0
 40
1.0
 40
1.0
 40
1.0
 40
1.0
 10
3.533219593440009
 20
76.7230559516
 30
0.0
 10
3.533219593440009
 20
76.78799456441999
 30
0.0
 10
3.516029947859977
 20
76.83765349481999
 30
0.0
 10
3.482366832560018
 20
76.87372115954003
 30
0.0
  0
SPLINE
  5
333
330
2AF
100
AcDbEntity
  8
03___PRT_ALL_CURVES
  6
Continuous
 62
     4
100
AcDbSpline
210
0.0
220
0.0
230
1.0
 70
     8
 71
     3
 72
     8
 73
     4
 74
     0
 42
0.0000001
 43
0.0000000001
 40
0.0
 40
0.0
 40
0.0
 40
0.0
 40
1.0
 40
1.0
 40
1.0
 40
1.0
 10
3.482366832560018
 20
76.87372115954003
 30
0.0
 10
3.449181455699971
 20
76.90927696091998
 30
0.0
 10
3.404297417960009
 20
76.9274215703
 30
0.0
 10
3.346998708580003
 20
76.9274215703
 30
0.0
  0
SPLINE
  5
334
330
2AF
100
AcDbEntity
  8
03___PRT_ALL_CURVES
  6
Continuous
 62
     4
100
AcDbSpline
210
0.0
220
0.0
230
1.0
 70
     8
 71
     3
 72
     8
 73
     4
 74
     0
 42
0.0000001
 43
0.0000000001
 40
0.0
 40
0.0
 40
0.0
 40
0.0
 40
1.0
 40
1.0
 40
1.0
 40
1.0
 10
3.346998708580003
 20
76.9274215703
 30
0.0
 10
3.316439265000014
 20
76.9274215703
 30
0.0
 10
3.274420113579993
 20
76.91978170750002
 30
0.0
 10
3.220941251779948
 20
76.90450202762
 30
0.0
  0
LINE
  5
335
330
2AF
100
AcDbEntity
  8
03___PRT_ALL_CURVES
  6
Continuous
 62
     4
100
AcDbLine
 10
3.240995948779982
 20
77.18240112129999
 30
0.0
 11
3.291609759159968
 21
77.17762622864001
 31
0.0
  0
SPLINE
  5
336
330
2AF
100
AcDbEntity
  8
03___PRT_ALL_CURVES
  6
Continuous
 62
     4
100
AcDbSpline
210
0.0
220
0.0
230
1.0
 70
     8
 71
     3
 72
     8
 73
     4
 74
     0
 42
0.0000001
 43
0.0000000001
 40
0.0
 40
0.0
 40
0.0
 40
0.0
 40
1.0
 40
1.0
 40
1.0
 40
1.0
 10
3.291609759159968
 20
77.17762622864001
 30
0.0
 10
3.342223734639987
 20
77.17762622864001
 30
0.0
 10
3.38424288605998
 20
77.19386082914
 30
0.0
 10
3.418622029900007
 20
77.22633009364
 30
0.0
  0
SPLINE
  5
337
330
2AF
100
AcDbEntity
  8
03___PRT_ALL_CURVES
  6
Continuous
 62
     4
100
AcDbSpline
210
0.0
220
0.0
230
1.0
 70
     8
 71
     3
 72
     8
 73
     4
 74
     0
 42
0.0000001
 43
0.0000000001
 40
0.0
 40
0.0
 40
0.0
 40
0.0
 40
1.0
 40
1.0
 40
1.0
 40
1.0
 10
3.418622029900007
 20
77.22633009364
 30
0.0
 10
3.453001303279962
 20
77.25879948005999
 30
0.0
 10
3.470190948859994
 20
77.29699861879999
 30
0.0
 10
3.470190948859994
 20
77.34188265654001
 30
0.0
  0
SPLINE
  5
338
330
2AF
100
AcDbEntity
  8
03___PRT_ALL_CURVES
  6
Continuous
 62
     4
100
AcDbSpline
210
0.0
220
0.0
230
1.0
 70
     8
 71
     3
 72
     8
 73
     4
 74
     0
 42
0.0000001
 43
0.0000000001
 40
0.0
 40
0.0
 40
0.0
 40
0.0
 40
1.0
 40
1.0
 40
1.0
 40
1.0
 10
3.470190948859994
 20
77.34188265654001
 30
0.0
 10
3.470190948859994
 20
77.38390181050002
 30
0.0
 10
3.456821315959985
 20
77.41828101784
 30
0.0
 10
3.431509804480015
 20
77.44359248868
 30
0.0
  0
SPLINE
  5
339
330
2AF
100
AcDbEntity
  8
03___PRT_ALL_CURVES
  6
Continuous
 62
     4
100
AcDbSpline
210
0.0
220
0.0
230
1.0
 70
     8
 71
     3
 72
     8
 73
     4
 74
     0
 42
0.0000001
 43
0.0000000001
 40
0.0
 40
0.0
 40
0.0
 40
0.0
 40
1.0
 40
1.0
 40
1.0
 40
1.0
 10
3.431509804480015
 20
77.44359248868
 30
0.0
 10
3.406207340480023
 20
77.46889490950002
 30
0.0
 10
3.370873088059994
 20
77.48226462622
 30
0.0
 10
3.326944011579997
 20
77.48226462622
 30
0.0
  0
SPLINE
  5
33A
330
2AF
100
AcDbEntity
  8
03___PRT_ALL_CURVES
  6
Continuous
 62
     4
100
AcDbSpline
210
0.0
220
0.0
230
1.0
 70
     8
 71
     3
 72
     8
 73
     4
 74
     0
 42
0.0000001
 43
0.0000000001
 40
0.0
 40
0.0
 40
0.0
 40
0.0
 40
1.0
 40
1.0
 40
1.0
 40
1.0
 10
3.326944011579997
 20
77.48226462622
 30
0.0
 10
3.281105012579985
 20
77.48226462622
 30
0.0
 10
3.243860835100008
 20
77.46793994824
 30
0.0
 10
3.215211481680001
 20
77.44024555608001
 30
0.0
  0
SPLINE
  5
33B
330
2AF
100
AcDbEntity
  8
03___PRT_ALL_CURVES
  6
Continuous
 62
     4
100
AcDbSpline
210
0.0
220
0.0
230
1.0
 70
     8
 71
     3
 72
     8
 73
     4
 74
     0
 42
0.0000001
 43
0.0000000001
 40
0.0
 40
0.0
 40
0.0
 40
0.0
 40
1.0
 40
1.0
 40
1.0
 40
1.0
 10
3.215211481680001
 20
77.44024555608001
 30
0.0
 10
3.186562128259965
 20
77.41255116392
 30
0.0
 10
3.166507428719996
 20
77.36384719477999
 30
0.0
 10
3.156957643399977
 20
77.29508869628
 30
0.0
  0
SPLINE
  5
33C
330
2AF
100
AcDbEntity
  8
03___PRT_ALL_CURVES
  6
Continuous
 62
     4
100
AcDbSpline
210
0.0
220
0.0
230
1.0
 70
     8
 71
     3
 72
     8
 73
     4
 74
     0
 42
0.0000001
 43
0.0000000001
 40
0.0
 40
0.0
 40
0.0
 40
0.0
 40
1.0
 40
1.0
 40
1.0
 40
1.0
 10
1.473806318320015
 20
73.50572985387998
 30
0.0
 10
1.473806318320015
 20
73.77121415145999
 30
0.0
 10
1.521555293179972
 20
73.95743520142
 30
0.0
 10
1.617290834499983
 20
74.06418031432
 30
0.0
  0
SPLINE
  5
33D
330
2AF
100
AcDbEntity
  8
03___PRT_ALL_CURVES
  6
Continuous
 62
     4
100
AcDbSpline
210
0.0
220
0.0
230
1.0
 70
     8
 71
     3
 72
     8
 73
     4
 74
     0
 42
0.0000001
 43
0.0000000001
 40
0.0
 40
0.0
 40
0.0
 40
0.0
 40
1.0
 40
1.0
 40
1.0
 40
1.0
 10
1.617290834499983
 20
74.06418031432
 30
0.0
 10
1.712551195159989
 20
74.170395601
 30
0.0
 10
1.858663059399987
 20
74.22387454408002
 30
0.0
 10
2.055388855940009
 20
74.22387454408002
 30
0.0
  0
SPLINE
  5
33E
330
2AF
100
AcDbEntity
  8
03___PRT_ALL_CURVES
  6
Continuous
 62
     4
100
AcDbSpline
210
0.0
220
0.0
230
1.0
 70
     8
 71
     3
 72
     8
 73
     4
 74
     0
 42
0.0000001
 43
0.0000000001
 40
0.0
 40
0.0
 40
0.0
 40
0.0
 40
1.0
 40
1.0
 40
1.0
 40
1.0
 10
2.055388855940009
 20
74.22387454408002
 30
0.0
 10
2.148976822179975
 20
74.22387454408002
 30
0.0
 10
2.226330226019996
 20
74.21145970734
 30
0.0
 10
2.287389392699993
 20
74.18838223762
 30
0.0
  0
SPLINE
  5
33F
330
2AF
100
AcDbEntity
  8
03___PRT_ALL_CURVES
  6
Continuous
 62
     4
100
AcDbSpline
210
0.0
220
0.0
230
1.0
 70
     8
 71
     3
 72
     8
 73
     4
 74
     0
 42
0.0000001
 43
0.0000000001
 40
0.0
 40
0.0
 40
0.0
 40
0.0
 40
1.0
 40
1.0
 40
1.0
 40
1.0
 10
2.287389392699993
 20
74.18838223762
 30
0.0
 10
2.347612625060009
 20
74.16562070833999
 30
0.0
 10
2.397271555460009
 20
74.13506142986
 30
0.0
 10
2.43547073484001
 20
74.09781721174
 30
0.0
  0
SPLINE
  5
340
330
2AF
100
AcDbEntity
  8
03___PRT_ALL_CURVES
  6
Continuous
 62
     4
100
AcDbSpline
210
0.0
220
0.0
230
1.0
 70
     8
 71
     3
 72
     8
 73
     4
 74
     0
 42
0.0000001
 43
0.0000000001
 40
0.0
 40
0.0
 40
0.0
 40
0.0
 40
1.0
 40
1.0
 40
1.0
 40
1.0
 10
2.43547073484001
 20
74.09781721174
 30
0.0
 10
2.473669916760002
 20
74.06057299362001
 30
0.0
 10
2.503274231439974
 20
74.0214188098
 30
0.0
 10
2.525238769679959
 20
73.98035470346
 30
0.0
  0
SPLINE
  5
341
330
2AF
100
AcDbEntity
  8
03___PRT_ALL_CURVES
  6
Continuous
 62
     4
100
AcDbSpline
210
0.0
220
0.0
230
1.0
 70
     8
 71
     3
 72
     8
 73
     4
 74
     0
 42
0.0000001
 43
0.0000000001
 40
0.0
 40
0.0
 40
0.0
 40
0.0
 40
1.0
 40
1.0
 40
1.0
 40
1.0
 10
2.525238769679959
 20
73.98035470346
 30
0.0
 10
2.54720330792
 20
73.93929059458
 30
0.0
 10
2.565347917299988
 20
73.89154158923998
 30
0.0
 10
2.578712244139979
 20
73.83710644284
 30
0.0
  0
SPLINE
  5
342
330
2AF
100
AcDbEntity
  8
03___PRT_ALL_CURVES
  6
Continuous
 62
     4
100
AcDbSpline
210
0.0
220
0.0
230
1.0
 70
     8
 71
     3
 72
     8
 73
     4
 74
     0
 42
0.0000001
 43
0.0000000001
 40
0.0
 40
0.0
 40
0.0
 40
0.0
 40
1.0
 40
1.0
 40
1.0
 40
1.0
 10
2.578712244139979
 20
73.83710644284
 30
0.0
 10
2.604502101120005
 20
73.73206005145997
 30
0.0
 10
2.617871815299964
 20
73.62319232152001
 30
0.0
 10
2.617871815299964
 20
73.51050474654002
 30
0.0
  0
SPLINE
  5
343
330
2AF
100
AcDbEntity
  8
03___PRT_ALL_CURVES
  6
Continuous
 62
     4
100
AcDbSpline
210
0.0
220
0.0
230
1.0
 70
     8
 71
     3
 72
     8
 73
     4
 74
     0
 42
0.0000001
 43
0.0000000001
 40
0.0
 40
0.0
 40
0.0
 40
0.0
 40
1.0
 40
1.0
 40
1.0
 40
1.0
 10
2.617871815299964
 20
73.51050474654002
 30
0.0
 10
2.617871815299964
 20
73.25648019997999
 30
0.0
 10
2.574897700080015
 20
73.07025921098
 30
0.0
 10
2.489176665019983
 20
72.95263088134001
 30
0.0
  0
SPLINE
  5
344
330
2AF
100
AcDbEntity
  8
03___PRT_ALL_CURVES
  6
Continuous
 62
     4
100
AcDbSpline
210
0.0
220
0.0
230
1.0
 70
     8
 71
     3
 72
     8
 73
     4
 74
     0
 42
0.0000001
 43
0.0000000001
 40
0.0
 40
0.0
 40
0.0
 40
0.0
 40
1.0
 40
1.0
 40
1.0
 40
1.0
 10
2.489176665019983
 20
72.95263088134001
 30
0.0
 10
2.403001409379982
 20
72.83437926363999
 30
0.0
 10
2.254979581980024
 20
72.77612551171998
 30
0.0
 10
2.044884068719995
 20
72.77612551171998
 30
0.0
  0
SPLINE
  5
345
330
2AF
100
AcDbEntity
  8
03___PRT_ALL_CURVES
  6
Continuous
 62
     4
100
AcDbSpline
210
0.0
220
0.0
230
1.0
 70
     8
 71
     3
 72
     8
 73
     4
 74
     0
 42
0.0000001
 43
0.0000000001
 40
0.0
 40
0.0
 40
0.0
 40
0.0
 40
1.0
 40
1.0
 40
1.0
 40
1.0
 10
2.044884068719995
 20
72.77612551171998
 30
0.0
 10
1.926466637279987
 20
72.77612551171998
 30
0.0
 10
1.831923628499993
 20
72.79522510267998
 30
0.0
 10
1.759345196059996
 20
72.83246930047997
 30
0.0
  0
SPLINE
  5
346
330
2AF
100
AcDbEntity
  8
03___PRT_ALL_CURVES
  6
Continuous
 62
     4
100
AcDbSpline
210
0.0
220
0.0
230
1.0
 70
     8
 71
     3
 72
     8
 73
     4
 74
     0
 42
0.0000001
 43
0.0000000001
 40
0.0
 40
0.0
 40
0.0
 40
0.0
 40
1.0
 40
1.0
 40
1.0
 40
1.0
 10
1.759345196059996
 20
72.83246930047997
 30
0.0
 10
1.686766745840004
 20
72.86971350843999
 30
0.0
 10
1.626603048539977
 20
72.92510231816001
 30
0.0
 10
1.580015280400005
 20
72.99720242542
 30
0.0
  0
SPLINE
  5
347
330
2AF
100
AcDbEntity
  8
03___PRT_ALL_CURVES
  6
Continuous
 62
     4
100
AcDbSpline
210
0.0
220
0.0
230
1.0
 70
     8
 71
     3
 72
     8
 73
     4
 74
     0
 42
0.0000001
 43
0.0000000001
 40
0.0
 40
0.0
 40
0.0
 40
0.0
 40
1.0
 40
1.0
 40
1.0
 40
1.0
 10
1.580015280400005
 20
72.99720242542
 30
0.0
 10
1.546384758379986
 20
73.04924965432
 30
0.0
 10
1.520600311599992
 20
73.11896315726
 30
0.0
 10
1.501500720639996
 20
73.20873123274
 30
0.0
  0
SPLINE
  5
348
330
2AF
100
AcDbEntity
  8
03___PRT_ALL_CURVES
  6
Continuous
 62
     4
100
AcDbSpline
210
0.0
220
0.0
230
1.0
 70
     8
 71
     3
 72
     8
 73
     4
 74
     0
 42
0.0000001
 43
0.0000000001
 40
0.0
 40
0.0
 40
0.0
 40
0.0
 40
1.0
 40
1.0
 40
1.0
 40
1.0
 10
1.501500720639996
 20
73.20873123274
 30
0.0
 10
1.482401129679999
 20
73.29849931076001
 30
0.0
 10
1.473806318320015
 20
73.39686220776
 30
0.0
 10
1.473806318320015
 20
73.50572985387998
 30
0.0
  0
SPLINE
  5
349
330
2AF
100
AcDbEntity
  8
03___PRT_ALL_CURVES
  6
Continuous
 62
     4
100
AcDbSpline
210
0.0
220
0.0
230
1.0
 70
     8
 71
     3
 72
     8
 73
     4
 74
     0
 42
0.0000001
 43
0.0000000001
 40
0.0
 40
0.0
 40
0.0
 40
0.0
 40
1.0
 40
1.0
 40
1.0
 40
1.0
 10
1.859618061299983
 20
73.50477489261999
 30
0.0
 10
1.859618061299983
 20
73.32619374356
 30
0.0
 10
1.874897743719998
 20
73.20395634262002
 30
0.0
 10
1.906412064739982
 20
73.1390177298
 30
0.0
  0
SPLINE
  5
34A
330
2AF
100
AcDbEntity
  8
03___PRT_ALL_CURVES
  6
Continuous
 62
     4
100
AcDbSpline
210
0.0
220
0.0
230
1.0
 70
     8
 71
     3
 72
     8
 73
     4
 74
     0
 42
0.0000001
 43
0.0000000001
 40
0.0
 40
0.0
 40
0.0
 40
0.0
 40
1.0
 40
1.0
 40
1.0
 40
1.0
 10
1.906412064739982
 20
73.1390177298
 30
0.0
 10
1.937926388299985
 20
73.07407911952001
 30
0.0
 10
1.983765387299968
 20
73.04160981438
 30
0.0
 10
2.043929107460002
 20
73.04160981438
 30
0.0
  0
SPLINE
  5
34B
330
2AF
100
AcDbEntity
  8
03___PRT_ALL_CURVES
  6
Continuous
 62
     4
100
AcDbSpline
210
0.0
220
0.0
230
1.0
 70
     8
 71
     3
 72
     8
 73
     4
 74
     0
 42
0.0000001
 43
0.0000000001
 40
0.0
 40
0.0
 40
0.0
 40
0.0
 40
1.0
 40
1.0
 40
1.0
 40
1.0
 10
2.043929107460002
 20
73.04160981438
 30
0.0
 10
2.083083248099996
 20
73.04160981438
 30
0.0
 10
2.11746249862
 20
73.05497952856001
 30
0.0
 10
2.14611191553999
 20
73.08267396389999
 30
0.0
  0
SPLINE
  5
34C
330
2AF
100
AcDbEntity
  8
03___PRT_ALL_CURVES
  6
Continuous
 62
     4
100
AcDbSpline
210
0.0
220
0.0
230
1.0
 70
     8
 71
     3
 72
     8
 73
     4
 74
     0
 42
0.0000001
 43
0.0000000001
 40
0.0
 40
0.0
 40
0.0
 40
0.0
 40
1.0
 40
1.0
 40
1.0
 40
1.0
 10
2.14611191553999
 20
73.08267396389999
 30
0.0
 10
2.174761289279985
 20
73.11036835606001
 30
0.0
 10
2.196725827519998
 20
73.15429741221999
 30
0.0
 10
2.210197413480017
 20
73.21443840192
 30
0.0
  0
SPLINE
  5
34D
330
2AF
100
AcDbEntity
  8
03___PRT_ALL_CURVES
  6
Continuous
 62
     4
100
AcDbSpline
210
0.0
220
0.0
230
1.0
 70
     8
 71
     3
 72
     8
 73
     4
 74
     0
 42
0.0000001
 43
0.0000000001
 40
0.0
 40
0.0
 40
0.0
 40
0.0
 40
1.0
 40
1.0
 40
1.0
 40
1.0
 10
2.210197413480017
 20
73.21443840192
 30
0.0
 10
2.223465258419992
 20
73.27366984556002
 30
0.0
 10
2.231105118680006
 20
73.3672578499
 30
0.0
 10
2.231105118680006
 20
73.49427010285999
 30
0.0
  0
SPLINE
  5
34E
330
2AF
100
AcDbEntity
  8
03___PRT_ALL_CURVES
  6
Continuous
 62
     4
100
AcDbSpline
210
0.0
220
0.0
230
1.0
 70
     8
 71
     3
 72
     8
 73
     4
 74
     0
 42
0.0000001
 43
0.0000000001
 40
0.0
 40
0.0
 40
0.0
 40
0.0
 40
1.0
 40
1.0
 40
1.0
 40
1.0
 10
2.231105118680006
 20
73.49427010285999
 30
0.0
 10
2.231105118680006
 20
73.67953615092
 30
0.0
 10
2.214870434359995
 20
73.80463848136
 30
0.0
 10
2.183356113339983
 20
73.86862208719998
 30
0.0
  0
SPLINE
  5
34F
330
2AF
100
AcDbEntity
  8
03___PRT_ALL_CURVES
  6
Continuous
 62
     4
100
AcDbSpline
210
0.0
220
0.0
230
1.0
 70
     8
 71
     3
 72
     8
 73
     4
 74
     0
 42
0.0000001
 43
0.0000000001
 40
0.0
 40
0.0
 40
0.0
 40
0.0
 40
1.0
 40
1.0
 40
1.0
 40
1.0
 10
2.183356113339983
 20
73.86862208719998
 30
0.0
 10
2.151841789779979
 20
73.93260569558001
 30
0.0
 10
2.105047829520004
 20
73.96507506422
 30
0.0
 10
2.042019141759965
 20
73.96507506422
 30
0.0
  0
SPLINE
  5
350
330
2AF
100
AcDbEntity
  8
03___PRT_ALL_CURVES
  6
Continuous
 62
     4
100
AcDbSpline
210
0.0
220
0.0
230
1.0
 70
     8
 71
     3
 72
     8
 73
     4
 74
     0
 42
0.0000001
 43
0.0000000001
 40
0.0
 40
0.0
 40
0.0
 40
0.0
 40
1.0
 40
1.0
 40
1.0
 40
1.0
 10
2.042019141759965
 20
73.96507506422
 30
0.0
 10
1.977080531479999
 20
73.96507506422
 30
0.0
 10
1.931241529939996
 20
73.93165073431999
 30
0.0
 10
1.90259215111999
 20
73.86671215706002
 30
0.0
  0
SPLINE
  5
351
330
2AF
100
AcDbEntity
  8
03___PRT_ALL_CURVES
  6
Continuous
 62
     4
100
AcDbSpline
210
0.0
220
0.0
230
1.0
 70
     8
 71
     3
 72
     8
 73
     4
 74
     0
 42
0.0000001
 43
0.0000000001
 40
0.0
 40
0.0
 40
0.0
 40
0.0
 40
1.0
 40
1.0
 40
1.0
 40
1.0
 10
1.90259215111999
 20
73.86671215706002
 30
0.0
 10
1.873942739279983
 20
73.80177351122
 30
0.0
 10
1.859618061299983
 20
73.68049111218
 30
0.0
 10
1.859618061299983
 20
73.50477489261999
 30
0.0
  0
SPLINE
  5
352
330
2AF
100
AcDbEntity
  8
03___PRT_ALL_CURVES
  6
Continuous
 62
     4
100
AcDbSpline
210
0.0
220
0.0
230
1.0
 70
     8
 71
     3
 72
     8
 73
     4
 74
     0
 42
0.0000001
 43
0.0000000001
 40
0.0
 40
0.0
 40
0.0
 40
0.0
 40
1.0
 40
1.0
 40
1.0
 40
1.0
 10
3.20040926338001
 20
73.67953615092
 30
0.0
 10
3.243383378599987
 20
73.69959068282
 30
0.0
 10
3.286357493819992
 20
73.71487040587999
 30
0.0
 10
3.328486868540011
 20
73.72492399258002
 30
0.0
  0
SPLINE
  5
353
330
2AF
100
AcDbEntity
  8
03___PRT_ALL_CURVES
  6
Continuous
 62
     4
100
AcDbSpline
210
0.0
220
0.0
230
1.0
 70
     8
 71
     3
 72
     8
 73
     4
 74
     0
 42
0.0000001
 43
0.0000000001
 40
0.0
 40
0.0
 40
0.0
 40
0.0
 40
1.0
 40
1.0
 40
1.0
 40
1.0
 10
3.328486868540011
 20
73.72492399258002
 30
0.0
 10
3.370395631559973
 20
73.73492493524
 30
0.0
 10
3.412414782979994
 20
73.74065487297997
 30
0.0
 10
3.454433936939978
 20
73.74065487297997
 30
0.0
  0
SPLINE
  5
354
330
2AF
100
AcDbEntity
  8
03___PRT_ALL_CURVES
  6
Continuous
 62
     4
100
AcDbSpline
210
0.0
220
0.0
230
1.0
 70
     8
 71
     3
 72
     8
 73
     4
 74
     0
 42
0.0000001
 43
0.0000000001
 40
0.0
 40
0.0
 40
0.0
 40
0.0
 40
1.0
 40
1.0
 40
1.0
 40
1.0
 10
3.454433936939978
 20
73.74065487297997
 30
0.0
 10
3.593860858999989
 20
73.74065487297997
 30
0.0
 10
3.707503479059994
 20
73.69768076029999
 30
0.0
 10
3.794893548119973
 20
73.61315588744
 30
0.0
  0
SPLINE
  5
355
330
2AF
100
AcDbEntity
  8
03___PRT_ALL_CURVES
  6
Continuous
 62
     4
100
AcDbSpline
210
0.0
220
0.0
230
1.0
 70
     8
 71
     3
 72
     8
 73
     4
 74
     0
 42
0.0000001
 43
0.0000000001
 40
0.0
 40
0.0
 40
0.0
 40
0.0
 40
1.0
 40
1.0
 40
1.0
 40
1.0
 10
3.794893548119973
 20
73.61315588744
 30
0.0
 10
3.882264656079968
 20
73.52864935337999
 30
0.0
 10
3.926193732559994
 20
73.42169167296001
 30
0.0
 10
3.926193732559994
 20
73.2937244181
 30
0.0
  0
SPLINE
  5
356
330
2AF
100
AcDbEntity
  8
03___PRT_ALL_CURVES
  6
Continuous
 62
     4
100
AcDbSpline
210
0.0
220
0.0
230
1.0
 70
     8
 71
     3
 72
     8
 73
     4
 74
     0
 42
0.0000001
 43
0.0000000001
 40
0.0
 40
0.0
 40
0.0
 40
0.0
 40
1.0
 40
1.0
 40
1.0
 40
1.0
 10
3.926193732559994
 20
73.2937244181
 30
0.0
 10
3.926193732559994
 20
73.20300137881998
 30
0.0
 10
3.903274316880015
 20
73.1160982303
 30
0.0
 10
3.858589201779949
 20
73.03290785566
 30
0.0
  0
SPLINE
  5
357
330
2AF
100
AcDbEntity
  8
03___PRT_ALL_CURVES
  6
Continuous
 62
     4
100
AcDbSpline
210
0.0
220
0.0
230
1.0
 70
     8
 71
     3
 72
     8
 73
     4
 74
     0
 42
0.0000001
 43
0.0000000001
 40
0.0
 40
0.0
 40
0.0
 40
0.0
 40
1.0
 40
1.0
 40
1.0
 40
1.0
 10
3.858589201779949
 20
73.03290785566
 30
0.0
 10
3.813506238859986
 20
72.94897681193999
 30
0.0
 10
3.749522633020007
 20
72.88594815465999
 30
0.0
 10
3.667394270479974
 20
72.84201906293998
 30
0.0
  0
SPLINE
  5
358
330
2AF
100
AcDbEntity
  8
03___PRT_ALL_CURVES
  6
Continuous
 62
     4
100
AcDbSpline
210
0.0
220
0.0
230
1.0
 70
     8
 71
     3
 72
     8
 73
     4
 74
     0
 42
0.0000001
 43
0.0000000001
 40
0.0
 40
0.0
 40
0.0
 40
0.0
 40
1.0
 40
1.0
 40
1.0
 40
1.0
 10
3.667394270479974
 20
72.84201906293998
 30
0.0
 10
3.58526603494002
 20
72.7980900398
 30
0.0
 10
3.479263275139999
 20
72.77612551171998
 30
0.0
 10
3.351296060919992
 20
72.77612551171998
 30
0.0
  0
SPLINE
  5
359
330
2AF
100
AcDbEntity
  8
03___PRT_ALL_CURVES
  6
Continuous
 62
     4
100
AcDbSpline
210
0.0
220
0.0
230
1.0
 70
     8
 71
     3
 72
     8
 73
     4
 74
     0
 42
0.0000001
 43
0.0000000001
 40
0.0
 40
0.0
 40
0.0
 40
0.0
 40
1.0
 40
1.0
 40
1.0
 40
1.0
 10
3.351296060919992
 20
72.77612551171998
 30
0.0
 10
3.258663099119985
 20
72.77612551171998
 30
0.0
 10
3.179399770220016
 20
72.7856753072
 30
0.0
 10
3.113618489539988
 20
72.80235895938
 30
0.0
  0
SPLINE
  5
35A
330
2AF
100
AcDbEntity
  8
03___PRT_ALL_CURVES
  6
Continuous
 62
     4
100
AcDbSpline
210
0.0
220
0.0
230
1.0
 70
     8
 71
     3
 72
     8
 73
     4
 74
     0
 42
0.0000001
 43
0.0000000001
 40
0.0
 40
0.0
 40
0.0
 40
0.0
 40
1.0
 40
1.0
 40
1.0
 40
1.0
 10
3.113618489539988
 20
72.80235895938
 30
0.0
 10
3.047612543319985
 20
72.81909958884
 30
0.0
 10
2.991268795199971
 20
72.84583901465999
 30
0.0
 10
2.94542979619996
 20
72.88021827788
 30
0.0
  0
SPLINE
  5
35B
330
2AF
100
AcDbEntity
  8
03___PRT_ALL_CURVES
  6
Continuous
 62
     4
100
AcDbSpline
210
0.0
220
0.0
230
1.0
 70
     8
 71
     3
 72
     8
 73
     4
 74
     0
 42
0.0000001
 43
0.0000000001
 40
0.0
 40
0.0
 40
0.0
 40
0.0
 40
1.0
 40
1.0
 40
1.0
 40
1.0
 10
2.94542979619996
 20
72.88021827788
 30
0.0
 10
2.899590797199977
 20
72.91459754110002
 30
0.0
 10
2.86234661972
 20
72.95470668618
 30
0.0
 10
2.833697157079968
 20
72.99863578044
 30
0.0
  0
SPLINE
  5
35C
330
2AF
100
AcDbEntity
  8
03___PRT_ALL_CURVES
  6
Continuous
 62
     4
100
AcDbSpline
210
0.0
220
0.0
230
1.0
 70
     8
 71
     3
 72
     8
 73
     4
 74
     0
 42
0.0000001
 43
0.0000000001
 40
0.0
 40
0.0
 40
0.0
 40
0.0
 40
1.0
 40
1.0
 40
1.0
 40
1.0
 10
2.833697157079968
 20
72.99863578044
 30
0.0
 10
2.805047745239989
 20
73.04256479595998
 30
0.0
 10
2.781173284479991
 20
73.09699864187999
 30
0.0
 10
2.762073713839982
 20
73.16289223374
 30
0.0
  0
SPLINE
  5
35D
330
2AF
100
AcDbEntity
  8
03___PRT_ALL_CURVES
  6
Continuous
 62
     4
100
AcDbSpline
210
0.0
220
0.0
230
1.0
 70
     8
 71
     3
 72
     8
 73
     4
 74
     0
 42
0.0000001
 43
0.0000000001
 40
0.0
 40
0.0
 40
0.0
 40
0.0
 40
1.0
 40
1.0
 40
1.0
 40
1.0
 10
3.155525225639991
 20
73.20586630578
 30
0.0
 10
3.16507501096001
 20
73.14283766119999
 30
0.0
 10
3.187039633019992
 20
73.09413369206001
 30
0.0
 10
3.222152862260003
 20
73.06142549484
 30
0.0
  0
SPLINE
  5
35E
330
2AF
100
AcDbEntity
  8
03___PRT_ALL_CURVES
  6
Continuous
 62
     4
100
AcDbSpline
210
0.0
220
0.0
230
1.0
 70
     8
 71
     3
 72
     8
 73
     4
 74
     0
 42
0.0000001
 43
0.0000000001
 40
0.0
 40
0.0
 40
0.0
 40
0.0
 40
1.0
 40
1.0
 40
1.0
 40
1.0
 10
3.222152862260003
 20
73.06142549484
 30
0.0
 10
3.2567531766
 20
73.02919508177999
 30
0.0
 10
3.298772162919988
 20
73.01296044064003
 30
0.0
 10
3.347476213340002
 20
73.01296044064003
 30
0.0
  0
SPLINE
  5
35F
330
2AF
100
AcDbEntity
  8
03___PRT_ALL_CURVES
  6
Continuous
 62
     4
100
AcDbSpline
210
0.0
220
0.0
230
1.0
 70
     8
 71
     3
 72
     8
 73
     4
 74
     0
 42
0.0000001
 43
0.0000000001
 40
0.0
 40
0.0
 40
0.0
 40
0.0
 40
1.0
 40
1.0
 40
1.0
 40
1.0
 10
3.347476213340002
 20
73.01296044064003
 30
0.0
 10
3.40095507513999
 20
73.01296044064003
 30
0.0
 10
3.445839112880009
 20
73.03301501318
 30
0.0
 10
3.481173362759989
 20
73.07407912460002
 30
0.0
  0
SPLINE
  5
360
330
2AF
100
AcDbEntity
  8
03___PRT_ALL_CURVES
  6
Continuous
 62
     4
100
AcDbSpline
210
0.0
220
0.0
230
1.0
 70
     8
 71
     3
 72
     8
 73
     4
 74
     0
 42
0.0000001
 43
0.0000000001
 40
0.0
 40
0.0
 40
0.0
 40
0.0
 40
1.0
 40
1.0
 40
1.0
 40
1.0
 10
3.481173362759989
 20
73.07407912460002
 30
0.0
 10
3.516507620260001
 20
73.11514324871999
 30
0.0
 10
3.534652227099969
 20
73.17626195045997
 30
0.0
 10
3.534652227099969
 20
73.25839016314
 30
0.0
  0
SPLINE
  5
361
330
2AF
100
AcDbEntity
  8
03___PRT_ALL_CURVES
  6
Continuous
 62
     4
100
AcDbSpline
210
0.0
220
0.0
230
1.0
 70
     8
 71
     3
 72
     8
 73
     4
 74
     0
 42
0.0000001
 43
0.0000000001
 40
0.0
 40
0.0
 40
0.0
 40
0.0
 40
1.0
 40
1.0
 40
1.0
 40
1.0
 10
3.534652227099969
 20
73.25839016314
 30
0.0
 10
3.534652227099969
 20
73.34147338279999
 30
0.0
 10
3.516507620260001
 20
73.40259210485999
 30
0.0
 10
3.480675322100012
 20
73.44129097589999
 30
0.0
  0
SPLINE
  5
362
330
2AF
100
AcDbEntity
  8
03___PRT_ALL_CURVES
  6
Continuous
 62
     4
100
AcDbSpline
210
0.0
220
0.0
230
1.0
 70
     8
 71
     3
 72
     8
 73
     4
 74
     0
 42
0.0000001
 43
0.0000000001
 40
0.0
 40
0.0
 40
0.0
 40
0.0
 40
1.0
 40
1.0
 40
1.0
 40
1.0
 10
3.480675322100012
 20
73.44129097589999
 30
0.0
 10
3.444884151620016
 20
73.47994542741998
 30
0.0
 10
3.398090023719988
 20
73.49999999995998
 30
0.0
 10
3.338881391820024
 20
73.49999999995998
 30
0.0
  0
SPLINE
  5
363
330
2AF
100
AcDbEntity
  8
03___PRT_ALL_CURVES
  6
Continuous
 62
     4
100
AcDbSpline
210
0.0
220
0.0
230
1.0
 70
     8
 71
     3
 72
     8
 73
     4
 74
     0
 42
0.0000001
 43
0.0000000001
 40
0.0
 40
0.0
 40
0.0
 40
0.0
 40
1.0
 40
1.0
 40
1.0
 40
1.0
 10
3.338881391820024
 20
73.49999999995998
 30
0.0
 10
3.300682253079998
 20
73.49999999995998
 30
0.0
 10
3.264392871760009
 20
73.49045021464002
 30
0.0
 10
3.22984197311996
 20
73.47263487054002
 30
0.0
  0
SPLINE
  5
364
330
2AF
100
AcDbEntity
  8
03___PRT_ALL_CURVES
  6
Continuous
 62
     4
100
AcDbSpline
210
0.0
220
0.0
230
1.0
 70
     8
 71
     3
 72
     8
 73
     4
 74
     0
 42
0.0000001
 43
0.0000000001
 40
0.0
 40
0.0
 40
0.0
 40
0.0
 40
1.0
 40
1.0
 40
1.0
 40
1.0
 10
3.22984197311996
 20
73.47263487054002
 30
0.0
 10
3.203274314799984
 20
73.45893589108002
 30
0.0
 10
3.17462479628
 20
73.43410642842
 30
0.0
 10
3.144065517799987
 20
73.39972713472
 30
0.0
  0
SPLINE
  5
365
330
2AF
100
AcDbEntity
  8
03___PRT_ALL_CURVES
  6
Continuous
 62
     4
100
AcDbSpline
210
0.0
220
0.0
230
1.0
 70
     8
 71
     3
 72
     8
 73
     4
 74
     0
 42
0.0000001
 43
0.0000000001
 40
0.0
 40
0.0
 40
0.0
 40
0.0
 40
1.0
 40
1.0
 40
1.0
 40
1.0
 10
1.476671273220006
 20
70.00572985363999
 30
0.0
 10
1.476671273220006
 20
70.27121415122
 30
0.0
 10
1.524420250619983
 20
70.45743520118
 30
0.0
 10
1.620155791940022
 20
70.56418031408
 30
0.0
  0
SPLINE
  5
366
330
2AF
100
AcDbEntity
  8
03___PRT_ALL_CURVES
  6
Continuous
 62
     4
100
AcDbSpline
210
0.0
220
0.0
230
1.0
 70
     8
 71
     3
 72
     8
 73
     4
 74
     0
 42
0.0000001
 43
0.0000000001
 40
0.0
 40
0.0
 40
0.0
 40
0.0
 40
1.0
 40
1.0
 40
1.0
 40
1.0
 10
1.620155791940022
 20
70.56418031408
 30
0.0
 10
1.7154161526
 20
70.67039560076
 30
0.0
 10
1.861528014299978
 20
70.72387454384
 30
0.0
 10
2.05825381338002
 20
70.72387454384
 30
0.0
  0
SPLINE
  5
367
330
2AF
100
AcDbEntity
  8
03___PRT_ALL_CURVES
  6
Continuous
 62
     4
100
AcDbSpline
210
0.0
220
0.0
230
1.0
 70
     8
 71
     3
 72
     8
 73
     4
 74
     0
 42
0.0000001
 43
0.0000000001
 40
0.0
 40
0.0
 40
0.0
 40
0.0
 40
1.0
 40
1.0
 40
1.0
 40
1.0
 10
2.05825381338002
 20
70.72387454384
 30
0.0
 10
2.151841777079966
 20
70.72387454384
 30
0.0
 10
2.229195183459979
 20
70.7114597071
 30
0.0
 10
2.290254350139975
 20
70.68838223738001
 30
0.0
  0
SPLINE
  5
368
330
2AF
100
AcDbEntity
  8
03___PRT_ALL_CURVES
  6
Continuous
 62
     4
100
AcDbSpline
210
0.0
220
0.0
230
1.0
 70
     8
 71
     3
 72
     8
 73
     4
 74
     0
 42
0.0000001
 43
0.0000000001
 40
0.0
 40
0.0
 40
0.0
 40
0.0
 40
1.0
 40
1.0
 40
1.0
 40
1.0
 10
2.290254350139975
 20
70.68838223738001
 30
0.0
 10
2.350477582499991
 20
70.66562070810002
 30
0.0
 10
2.400136512899991
 20
70.63506142962001
 30
0.0
 10
2.438335692279992
 20
70.5978172115
 30
0.0
  0
SPLINE
  5
369
330
2AF
100
AcDbEntity
  8
03___PRT_ALL_CURVES
  6
Continuous
 62
     4
100
AcDbSpline
210
0.0
220
0.0
230
1.0
 70
     8
 71
     3
 72
     8
 73
     4
 74
     0
 42
0.0000001
 43
0.0000000001
 40
0.0
 40
0.0
 40
0.0
 40
0.0
 40
1.0
 40
1.0
 40
1.0
 40
1.0
 10
2.438335692279992
 20
70.5978172115
 30
0.0
 10
2.476534874199984
 20
70.56057299337999
 30
0.0
 10
2.506139188880013
 20
70.52141880956
 30
0.0
 10
2.528103727119998
 20
70.48035470322
 30
0.0
  0
SPLINE
  5
36A
330
2AF
100
AcDbEntity
  8
03___PRT_ALL_CURVES
  6
Continuous
 62
     4
100
AcDbSpline
210
0.0
220
0.0
230
1.0
 70
     8
 71
     3
 72
     8
 73
     4
 74
     0
 42
0.0000001
 43
0.0000000001
 40
0.0
 40
0.0
 40
0.0
 40
0.0
 40
1.0
 40
1.0
 40
1.0
 40
1.0
 10
2.528103727119998
 20
70.48035470322
 30
0.0
 10
2.550068265359982
 20
70.43929059434001
 30
0.0
 10
2.568212872199979
 20
70.39154158900001
 30
0.0
 10
2.581577201580018
 20
70.3371064426
 30
0.0
  0
SPLINE
  5
36B
330
2AF
100
AcDbEntity
  8
03___PRT_ALL_CURVES
  6
Continuous
 62
     4
100
AcDbSpline
210
0.0
220
0.0
230
1.0
 70
     8
 71
     3
 72
     8
 73
     4
 74
     0
 42
0.0000001
 43
0.0000000001
 40
0.0
 40
0.0
 40
0.0
 40
0.0
 40
1.0
 40
1.0
 40
1.0
 40
1.0
 10
2.581577201580018
 20
70.3371064426
 30
0.0
 10
2.607367056019996
 20
70.23206005122
 30
0.0
 10
2.620736772739974
 20
70.12319232127999
 30
0.0
 10
2.620736772739974
 20
70.0105047463
 30
0.0
  0
SPLINE
  5
36C
330
2AF
100
AcDbEntity
  8
03___PRT_ALL_CURVES
  6
Continuous
 62
     4
100
AcDbSpline
210
0.0
220
0.0
230
1.0
 70
     8
 71
     3
 72
     8
 73
     4
 74
     0
 42
0.0000001
 43
0.0000000001
 40
0.0
 40
0.0
 40
0.0
 40
0.0
 40
1.0
 40
1.0
 40
1.0
 40
1.0
 10
2.620736772739974
 20
70.0105047463
 30
0.0
 10
2.620736772739974
 20
69.75648019974003
 30
0.0
 10
2.577762657519997
 20
69.57025921074
 30
0.0
 10
2.492041622460022
 20
69.45263088109999
 30
0.0
  0
SPLINE
  5
36D
330
2AF
100
AcDbEntity
  8
03___PRT_ALL_CURVES
  6
Continuous
 62
     4
100
AcDbSpline
210
0.0
220
0.0
230
1.0
 70
     8
 71
     3
 72
     8
 73
     4
 74
     0
 42
0.0000001
 43
0.0000000001
 40
0.0
 40
0.0
 40
0.0
 40
0.0
 40
1.0
 40
1.0
 40
1.0
 40
1.0
 10
2.492041622460022
 20
69.45263088109999
 30
0.0
 10
2.405866366820021
 20
69.3343792634
 30
0.0
 10
2.257844536880015
 20
69.27612551147999
 30
0.0
 10
2.047749026159977
 20
69.27612551147999
 30
0.0
  0
SPLINE
  5
36E
330
2AF
100
AcDbEntity
  8
03___PRT_ALL_CURVES
  6
Continuous
 62
     4
100
AcDbSpline
210
0.0
220
0.0
230
1.0
 70
     8
 71
     3
 72
     8
 73
     4
 74
     0
 42
0.0000001
 43
0.0000000001
 40
0.0
 40
0.0
 40
0.0
 40
0.0
 40
1.0
 40
1.0
 40
1.0
 40
1.0
 10
2.047749026159977
 20
69.27612551147999
 30
0.0
 10
1.929331594719997
 20
69.27612551147999
 30
0.0
 10
1.834788585940004
 20
69.29522510243999
 30
0.0
 10
1.762210153500007
 20
69.33246930024
 30
0.0
  0
SPLINE
  5
36F
330
2AF
100
AcDbEntity
  8
03___PRT_ALL_CURVES
  6
Continuous
 62
     4
100
AcDbSpline
210
0.0
220
0.0
230
1.0
 70
     8
 71
     3
 72
     8
 73
     4
 74
     0
 42
0.0000001
 43
0.0000000001
 40
0.0
 40
0.0
 40
0.0
 40
0.0
 40
1.0
 40
1.0
 40
1.0
 40
1.0
 10
1.762210153500007
 20
69.33246930024
 30
0.0
 10
1.689631703279986
 20
69.3697135082
 30
0.0
 10
1.629468005979987
 20
69.42510231792
 30
0.0
 10
1.582880237840016
 20
69.49720242772
 30
0.0
  0
SPLINE
  5
370
330
2AF
100
AcDbEntity
  8
03___PRT_ALL_CURVES
  6
Continuous
 62
     4
100
AcDbSpline
210
0.0
220
0.0
230
1.0
 70
     8
 71
     3
 72
     8
 73
     4
 74
     0
 42
0.0000001
 43
0.0000000001
 40
0.0
 40
0.0
 40
0.0
 40
0.0
 40
1.0
 40
1.0
 40
1.0
 40
1.0
 10
1.582880237840016
 20
69.49720242772
 30
0.0
 10
1.549249715819997
 20
69.54924965408
 30
0.0
 10
1.523465266500011
 20
69.61896315702
 30
0.0
 10
1.504365678080006
 20
69.70873123504003
 30
0.0
  0
SPLINE
  5
371
330
2AF
100
AcDbEntity
  8
03___PRT_ALL_CURVES
  6
Continuous
 62
     4
100
AcDbSpline
210
0.0
220
0.0
230
1.0
 70
     8
 71
     3
 72
     8
 73
     4
 74
     0
 42
0.0000001
 43
0.0000000001
 40
0.0
 40
0.0
 40
0.0
 40
0.0
 40
1.0
 40
1.0
 40
1.0
 40
1.0
 10
1.504365678080006
 20
69.70873123504003
 30
0.0
 10
1.485266087119982
 20
69.79849931052001
 30
0.0
 10
1.476671273220006
 20
69.89686220752
 30
0.0
 10
1.476671273220006
 20
70.00572985363999
 30
0.0
  0
SPLINE
  5
372
330
2AF
100
AcDbEntity
  8
03___PRT_ALL_CURVES
  6
Continuous
 62
     4
100
AcDbSpline
210
0.0
220
0.0
230
1.0
 70
     8
 71
     3
 72
     8
 73
     4
 74
     0
 42
0.0000001
 43
0.0000000001
 40
0.0
 40
0.0
 40
0.0
 40
0.0
 40
1.0
 40
1.0
 40
1.0
 40
1.0
 10
1.862483018739965
 20
70.00477489238
 30
0.0
 10
1.862483018739965
 20
69.82619374332
 30
0.0
 10
1.877762698619989
 20
69.70395634238
 30
0.0
 10
1.909277022179992
 20
69.63901772956001
 30
0.0
  0
SPLINE
  5
373
330
2AF
100
AcDbEntity
  8
03___PRT_ALL_CURVES
  6
Continuous
 62
     4
100
AcDbSpline
210
0.0
220
0.0
230
1.0
 70
     8
 71
     3
 72
     8
 73
     4
 74
     0
 42
0.0000001
 43
0.0000000001
 40
0.0
 40
0.0
 40
0.0
 40
0.0
 40
1.0
 40
1.0
 40
1.0
 40
1.0
 10
1.909277022179992
 20
69.63901772956001
 30
0.0
 10
1.940791345739996
 20
69.57407911928001
 30
0.0
 10
1.986630344739979
 20
69.54160981414
 30
0.0
 10
2.046794062360021
 20
69.54160981414
 30
0.0
  0
SPLINE
  5
374
330
2AF
100
AcDbEntity
  8
03___PRT_ALL_CURVES
  6
Continuous
 62
     4
100
AcDbSpline
210
0.0
220
0.0
230
1.0
 70
     8
 71
     3
 72
     8
 73
     4
 74
     0
 42
0.0000001
 43
0.0000000001
 40
0.0
 40
0.0
 40
0.0
 40
0.0
 40
1.0
 40
1.0
 40
1.0
 40
1.0
 10
2.046794062360021
 20
69.54160981414
 30
0.0
 10
2.085948205540006
 20
69.54160981414
 30
0.0
 10
2.120327456059982
 20
69.55497953085998
 30
0.0
 10
2.148976872980001
 20
69.58267396366003
 30
0.0
  0
SPLINE
  5
375
330
2AF
100
AcDbEntity
  8
03___PRT_ALL_CURVES
  6
Continuous
 62
     4
100
AcDbSpline
210
0.0
220
0.0
230
1.0
 70
     8
 71
     3
 72
     8
 73
     4
 74
     0
 42
0.0000001
 43
0.0000000001
 40
0.0
 40
0.0
 40
0.0
 40
0.0
 40
1.0
 40
1.0
 40
1.0
 40
1.0
 10
2.148976872980001
 20
69.58267396366003
 30
0.0
 10
2.177626246719967
 20
69.61036835581999
 30
0.0
 10
2.199590784960009
 20
69.65429741198
 30
0.0
 10
2.213062368380008
 20
69.71443840168001
 30
0.0
  0
SPLINE
  5
376
330
2AF
100
AcDbEntity
  8
03___PRT_ALL_CURVES
  6
Continuous
 62
     4
100
AcDbSpline
210
0.0
220
0.0
230
1.0
 70
     8
 71
     3
 72
     8
 73
     4
 74
     0
 42
0.0000001
 43
0.0000000001
 40
0.0
 40
0.0
 40
0.0
 40
0.0
 40
1.0
 40
1.0
 40
1.0
 40
1.0
 10
2.213062368380008
 20
69.71443840168001
 30
0.0
 10
2.226330215860003
 20
69.77366984532
 30
0.0
 10
2.233970076119988
 20
69.8672578522
 30
0.0
 10
2.233970076119988
 20
69.99427010516001
 30
0.0
  0
SPLINE
  5
377
330
2AF
100
AcDbEntity
  8
03___PRT_ALL_CURVES
  6
Continuous
 62
     4
100
AcDbSpline
210
0.0
220
0.0
230
1.0
 70
     8
 71
     3
 72
     8
 73
     4
 74
     0
 42
0.0000001
 43
0.0000000001
 40
0.0
 40
0.0
 40
0.0
 40
0.0
 40
1.0
 40
1.0
 40
1.0
 40
1.0
 10
2.233970076119988
 20
69.99427010516001
 30
0.0
 10
2.233970076119988
 20
70.17953615068001
 30
0.0
 10
2.217735391799977
 20
70.30463848112001
 30
0.0
 10
2.186221068239973
 20
70.36862208695999
 30
0.0
  0
SPLINE
  5
378
330
2AF
100
AcDbEntity
  8
03___PRT_ALL_CURVES
  6
Continuous
 62
     4
100
AcDbSpline
210
0.0
220
0.0
230
1.0
 70
     8
 71
     3
 72
     8
 73
     4
 74
     0
 42
0.0000001
 43
0.0000000001
 40
0.0
 40
0.0
 40
0.0
 40
0.0
 40
1.0
 40
1.0
 40
1.0
 40
1.0
 10
2.186221068239973
 20
70.36862208695999
 30
0.0
 10
2.154706747219961
 20
70.43260569533999
 30
0.0
 10
2.107912784419995
 20
70.46507506397998
 30
0.0
 10
2.044884099199976
 20
70.46507506397998
 30
0.0
  0
SPLINE
  5
379
330
2AF
100
AcDbEntity
  8
03___PRT_ALL_CURVES
  6
Continuous
 62
     4
100
AcDbSpline
210
0.0
220
0.0
230
1.0
 70
     8
 71
     3
 72
     8
 73
     4
 74
     0
 42
0.0000001
 43
0.0000000001
 40
0.0
 40
0.0
 40
0.0
 40
0.0
 40
1.0
 40
1.0
 40
1.0
 40
1.0
 10
2.044884099199976
 20
70.46507506397998
 30
0.0
 10
1.979945486379989
 20
70.46507506397998
 30
0.0
 10
1.934106487380006
 20
70.43165073408
 30
0.0
 10
1.905457106020009
 20
70.36671215682
 30
0.0
  0
SPLINE
  5
37A
330
2AF
100
AcDbEntity
  8
03___PRT_ALL_CURVES
  6
Continuous
 62
     4
100
AcDbSpline
210
0.0
220
0.0
230
1.0
 70
     8
 71
     3
 72
     8
 73
     4
 74
     0
 42
0.0000001
 43
0.0000000001
 40
0.0
 40
0.0
 40
0.0
 40
0.0
 40
1.0
 40
1.0
 40
1.0
 40
1.0
 10
1.905457106020009
 20
70.36671215682
 30
0.0
 10
1.876807696719993
 20
70.30177351097998
 30
0.0
 10
1.862483018739965
 20
70.18049111447999
 30
0.0
 10
1.862483018739965
 20
70.00477489238
 30
0.0
  0
SPLINE
  5
37B
330
2AF
100
AcDbEntity
  8
03___PRT_ALL_CURVES
  6
Continuous
 62
     4
100
AcDbSpline
210
0.0
220
0.0
230
1.0
 70
     8
 71
     3
 72
     8
 73
     4
 74
     0
 42
0.0000001
 43
0.0000000001
 40
0.0
 40
0.0
 40
0.0
 40
0.0
 40
1.0
 40
1.0
 40
1.0
 40
1.0
 10
3.92332891736001
 20
70.43738058800002
 30
0.0
 10
3.824010891460006
 20
70.34761251252002
 30
0.0
 10
3.74188267624001
 20
70.25115961931999
 30
0.0
 10
3.676090938379986
 20
70.14795686408002
 30
0.0
  0
SPLINE
  5
37C
330
2AF
100
AcDbEntity
  8
03___PRT_ALL_CURVES
  6
Continuous
 62
     4
100
AcDbSpline
210
0.0
220
0.0
230
1.0
 70
     8
 71
     3
 72
     8
 73
     4
 74
     0
 42
0.0000001
 43
0.0000000001
 40
0.0
 40
0.0
 40
0.0
 40
0.0
 40
1.0
 40
1.0
 40
1.0
 40
1.0
 10
3.676090938379986
 20
70.14795686408002
 30
0.0
 10
3.595770855180007
 20
70.02196453796
 30
0.0
 10
3.531787246799979
 20
69.88158252764
 30
0.0
 10
3.485127167400009
 20
69.72712149798
 30
0.0
  0
SPLINE
  5
37D
330
2AF
100
AcDbEntity
  8
03___PRT_ALL_CURVES
  6
Continuous
 62
     4
100
AcDbSpline
210
0.0
220
0.0
230
1.0
 70
     8
 71
     3
 72
     8
 73
     4
 74
     0
 42
0.0000001
 43
0.0000000001
 40
0.0
 40
0.0
 40
0.0
 40
0.0
 40
1.0
 40
1.0
 40
1.0
 40
1.0
 10
3.485127167400009
 20
69.72712149798
 30
0.0
 10
3.448704070319991
 20
69.60654842442
 30
0.0
 10
3.423874564479974
 20
69.46425648141997
 30
0.0
 10
3.411459892840014
 20
69.30000000018
 30
0.0
  0
SPLINE
  5
37E
330
2AF
100
AcDbEntity
  8
03___PRT_ALL_CURVES
  6
Continuous
 62
     4
100
AcDbSpline
210
0.0
220
0.0
230
1.0
 70
     8
 71
     3
 72
     8
 73
     4
 74
     0
 42
0.0000001
 43
0.0000000001
 40
0.0
 40
0.0
 40
0.0
 40
0.0
 40
1.0
 40
1.0
 40
1.0
 40
1.0
 10
3.023738069859974
 20
69.30000000018
 30
0.0
 10
3.054297513439991
 20
69.52824009995999
 30
0.0
 10
3.102046437500007
 20
69.72019098352001
 30
0.0
 10
3.167535196540001
 20
69.87506944947998
 30
0.0
  0
SPLINE
  5
37F
330
2AF
100
AcDbEntity
  8
03___PRT_ALL_CURVES
  6
Continuous
 62
     4
100
AcDbSpline
210
0.0
220
0.0
230
1.0
 70
     8
 71
     3
 72
     8
 73
     4
 74
     0
 42
0.0000001
 43
0.0000000001
 40
0.0
 40
0.0
 40
0.0
 40
0.0
 40
1.0
 40
1.0
 40
1.0
 40
1.0
 10
3.167535196540001
 20
69.87506944947998
 30
0.0
 10
3.232878703140017
 20
70.02960439821999
 30
0.0
 10
3.336971372779999
 20
70.19481578991997
 30
0.0
 10
3.479263348800004
 20
70.37148705710001
 30
0.0
  0
SPLINE
  5
380
330
2AF
100
AcDbEntity
  8
03___PRT_ALL_CURVES
  6
Continuous
 62
     4
100
AcDbSpline
210
0.0
220
0.0
230
1.0
 70
     8
 71
     3
 72
     8
 73
     4
 74
     0
 42
0.0000001
 43
0.0000000001
 40
0.0
 40
0.0
 40
0.0
 40
0.0
 40
1.0
 40
1.0
 40
1.0
 40
1.0
 10
1.477148706860021
 20
66.5057298534
 30
0.0
 10
1.477148706860021
 20
66.77121415098
 30
0.0
 10
1.524897684259997
 20
66.95743520347997
 30
0.0
 10
1.620633223039988
 20
67.06418031384001
 30
0.0
  0
SPLINE
  5
381
330
2AF
100
AcDbEntity
  8
03___PRT_ALL_CURVES
  6
Continuous
 62
     4
100
AcDbSpline
210
0.0
220
0.0
230
1.0
 70
     8
 71
     3
 72
     8
 73
     4
 74
     0
 42
0.0000001
 43
0.0000000001
 40
0.0
 40
0.0
 40
0.0
 40
0.0
 40
1.0
 40
1.0
 40
1.0
 40
1.0
 10
1.620633223039988
 20
67.06418031384001
 30
0.0
 10
1.715893583699994
 20
67.17039560052001
 30
0.0
 10
1.862005447940021
 20
67.2238745436
 30
0.0
 10
2.058731247019978
 20
67.2238745436
 30
0.0
  0
SPLINE
  5
382
330
2AF
100
AcDbEntity
  8
03___PRT_ALL_CURVES
  6
Continuous
 62
     4
100
AcDbSpline
210
0.0
220
0.0
230
1.0
 70
     8
 71
     3
 72
     8
 73
     4
 74
     0
 42
0.0000001
 43
0.0000000001
 40
0.0
 40
0.0
 40
0.0
 40
0.0
 40
1.0
 40
1.0
 40
1.0
 40
1.0
 10
2.058731247019978
 20
67.2238745436
 30
0.0
 10
2.152319210720009
 20
67.2238745436
 30
0.0
 10
2.229672617100022
 20
67.21145970685998
 30
0.0
 10
2.290731783779989
 20
67.18838223714002
 30
0.0
  0
SPLINE
  5
383
330
2AF
100
AcDbEntity
  8
03___PRT_ALL_CURVES
  6
Continuous
 62
     4
100
AcDbSpline
210
0.0
220
0.0
230
1.0
 70
     8
 71
     3
 72
     8
 73
     4
 74
     0
 42
0.0000001
 43
0.0000000001
 40
0.0
 40
0.0
 40
0.0
 40
0.0
 40
1.0
 40
1.0
 40
1.0
 40
1.0
 10
2.290731783779989
 20
67.18838223714002
 30
0.0
 10
2.350955016139977
 20
67.16562070786
 30
0.0
 10
2.400613946539977
 20
67.13506143191998
 30
0.0
 10
2.438813125920007
 20
67.0978172138
 30
0.0
  0
SPLINE
  5
384
330
2AF
100
AcDbEntity
  8
03___PRT_ALL_CURVES
  6
Continuous
 62
     4
100
AcDbSpline
210
0.0
220
0.0
230
1.0
 70
     8
 71
     3
 72
     8
 73
     4
 74
     0
 42
0.0000001
 43
0.0000000001
 40
0.0
 40
0.0
 40
0.0
 40
0.0
 40
1.0
 40
1.0
 40
1.0
 40
1.0
 10
2.438813125920007
 20
67.0978172138
 30
0.0
 10
2.477012307840027
 20
67.06057299314
 30
0.0
 10
2.506616622519999
 20
67.02141880931998
 30
0.0
 10
2.528581160759984
 20
66.98035470297998
 30
0.0
  0
SPLINE
  5
385
330
2AF
100
AcDbEntity
  8
03___PRT_ALL_CURVES
  6
Continuous
 62
     4
100
AcDbSpline
210
0.0
220
0.0
230
1.0
 70
     8
 71
     3
 72
     8
 73
     4
 74
     0
 42
0.0000001
 43
0.0000000001
 40
0.0
 40
0.0
 40
0.0
 40
0.0
 40
1.0
 40
1.0
 40
1.0
 40
1.0
 10
2.528581160759984
 20
66.98035470297998
 30
0.0
 10
2.550545699000025
 20
66.93929059410002
 30
0.0
 10
2.568690305839993
 20
66.89154158875999
 30
0.0
 10
2.582054635219976
 20
66.83710644236001
 30
0.0
  0
SPLINE
  5
386
330
2AF
100
AcDbEntity
  8
03___PRT_ALL_CURVES
  6
Continuous
 62
     4
100
AcDbSpline
210
0.0
220
0.0
230
1.0
 70
     8
 71
     3
 72
     8
 73
     4
 74
     0
 42
0.0000001
 43
0.0000000001
 40
0.0
 40
0.0
 40
0.0
 40
0.0
 40
1.0
 40
1.0
 40
1.0
 40
1.0
 10
2.582054635219976
 20
66.83710644236001
 30
0.0
 10
2.607844489659954
 20
66.73206005097998
 30
0.0
 10
2.621214206379989
 20
66.62319232104002
 30
0.0
 10
2.621214206379989
 20
66.51050474606001
 30
0.0
  0
SPLINE
  5
387
330
2AF
100
AcDbEntity
  8
03___PRT_ALL_CURVES
  6
Continuous
 62
     4
100
AcDbSpline
210
0.0
220
0.0
230
1.0
 70
     8
 71
     3
 72
     8
 73
     4
 74
     0
 42
0.0000001
 43
0.0000000001
 40
0.0
 40
0.0
 40
0.0
 40
0.0
 40
1.0
 40
1.0
 40
1.0
 40
1.0
 10
2.621214206379989
 20
66.51050474606001
 30
0.0
 10
2.621214206379989
 20
66.2564801995
 30
0.0
 10
2.578240091159984
 20
66.07025921050001
 30
0.0
 10
2.492519053559988
 20
65.95263088086
 30
0.0
  0
SPLINE
  5
388
330
2AF
100
AcDbEntity
  8
03___PRT_ALL_CURVES
  6
Continuous
 62
     4
100
AcDbSpline
210
0.0
220
0.0
230
1.0
 70
     8
 71
     3
 72
     8
 73
     4
 74
     0
 42
0.0000001
 43
0.0000000001
 40
0.0
 40
0.0
 40
0.0
 40
0.0
 40
1.0
 40
1.0
 40
1.0
 40
1.0
 10
2.492519053559988
 20
65.95263088086
 30
0.0
 10
2.406343800460007
 20
65.83437926316
 30
0.0
 10
2.258321970519972
 20
65.77612551124
 30
0.0
 10
2.048226457259972
 20
65.77612551124
 30
0.0
  0
SPLINE
  5
389
330
2AF
100
AcDbEntity
  8
03___PRT_ALL_CURVES
  6
Continuous
 62
     4
100
AcDbSpline
210
0.0
220
0.0
230
1.0
 70
     8
 71
     3
 72
     8
 73
     4
 74
     0
 42
0.0000001
 43
0.0000000001
 40
0.0
 40
0.0
 40
0.0
 40
0.0
 40
1.0
 40
1.0
 40
1.0
 40
1.0
 10
2.048226457259972
 20
65.77612551124
 30
0.0
 10
1.929809028360012
 20
65.77612551124
 30
0.0
 10
1.835266017039999
 20
65.79522510219999
 30
0.0
 10
1.762687587139993
 20
65.83246930000001
 30
0.0
  0
SPLINE
  5
38A
330
2AF
100
AcDbEntity
  8
03___PRT_ALL_CURVES
  6
Continuous
 62
     4
100
AcDbSpline
210
0.0
220
0.0
230
1.0
 70
     8
 71
     3
 72
     8
 73
     4
 74
     0
 42
0.0000001
 43
0.0000000001
 40
0.0
 40
0.0
 40
0.0
 40
0.0
 40
1.0
 40
1.0
 40
1.0
 40
1.0
 10
1.762687587139993
 20
65.83246930000001
 30
0.0
 10
1.69010913692
 20
65.86971350796
 30
0.0
 10
1.629945439620002
 20
65.92510231768
 30
0.0
 10
1.58335766894001
 20
65.99720242748
 30
0.0
  0
SPLINE
  5
38B
330
2AF
100
AcDbEntity
  8
03___PRT_ALL_CURVES
  6
Continuous
 62
     4
100
AcDbSpline
210
0.0
220
0.0
230
1.0
 70
     8
 71
     3
 72
     8
 73
     4
 74
     0
 42
0.0000001
 43
0.0000000001
 40
0.0
 40
0.0
 40
0.0
 40
0.0
 40
1.0
 40
1.0
 40
1.0
 40
1.0
 10
1.58335766894001
 20
65.99720242748
 30
0.0
 10
1.549727149460011
 20
66.04924965384001
 30
0.0
 10
1.523942700139997
 20
66.11896315678001
 30
0.0
 10
1.504843109179973
 20
66.20873123479998
 30
0.0
  0
SPLINE
  5
38C
330
2AF
100
AcDbEntity
  8
03___PRT_ALL_CURVES
  6
Continuous
 62
     4
100
AcDbSpline
210
0.0
220
0.0
230
1.0
 70
     8
 71
     3
 72
     8
 73
     4
 74
     0
 42
0.0000001
 43
0.0000000001
 40
0.0
 40
0.0
 40
0.0
 40
0.0
 40
1.0
 40
1.0
 40
1.0
 40
1.0
 10
1.504843109179973
 20
66.20873123479998
 30
0.0
 10
1.485743520759968
 20
66.29849931028
 30
0.0
 10
1.477148706860021
 20
66.39686220981997
 30
0.0
 10
1.477148706860021
 20
66.5057298534
 30
0.0
  0
SPLINE
  5
38D
330
2AF
100
AcDbEntity
  8
03___PRT_ALL_CURVES
  6
Continuous
 62
     4
100
AcDbSpline
210
0.0
220
0.0
230
1.0
 70
     8
 71
     3
 72
     8
 73
     4
 74
     0
 42
0.0000001
 43
0.0000000001
 40
0.0
 40
0.0
 40
0.0
 40
0.0
 40
1.0
 40
1.0
 40
1.0
 40
1.0
 10
1.862960452380008
 20
66.50477489214
 30
0.0
 10
1.862960452380008
 20
66.32619374308001
 30
0.0
 10
1.878240132259975
 20
66.20395634214
 30
0.0
 10
1.909754455820007
 20
66.13901773185998
 30
0.0
  0
SPLINE
  5
38E
330
2AF
100
AcDbEntity
  8
03___PRT_ALL_CURVES
  6
Continuous
 62
     4
100
AcDbSpline
210
0.0
220
0.0
230
1.0
 70
     8
 71
     3
 72
     8
 73
     4
 74
     0
 42
0.0000001
 43
0.0000000001
 40
0.0
 40
0.0
 40
0.0
 40
0.0
 40
1.0
 40
1.0
 40
1.0
 40
1.0
 10
1.909754455820007
 20
66.13901773185998
 30
0.0
 10
1.94126877938001
 20
66.07407911904002
 30
0.0
 10
1.987107778380022
 20
66.04160981390001
 30
0.0
 10
2.047271495999979
 20
66.04160981390001
 30
0.0
  0
SPLINE
  5
38F
330
2AF
100
AcDbEntity
  8
03___PRT_ALL_CURVES
  6
Continuous
 62
     4
100
AcDbSpline
210
0.0
220
0.0
230
1.0
 70
     8
 71
     3
 72
     8
 73
     4
 74
     0
 42
0.0000001
 43
0.0000000001
 40
0.0
 40
0.0
 40
0.0
 40
0.0
 40
1.0
 40
1.0
 40
1.0
 40
1.0
 10
2.047271495999979
 20
66.04160981390001
 30
0.0
 10
2.086425639179993
 20
66.04160981390001
 30
0.0
 10
2.120804887160006
 20
66.05497953061999
 30
0.0
 10
2.149454306619958
 20
66.08267396341998
 30
0.0
  0
SPLINE
  5
390
330
2AF
100
AcDbEntity
  8
03___PRT_ALL_CURVES
  6
Continuous
 62
     4
100
AcDbSpline
210
0.0
220
0.0
230
1.0
 70
     8
 71
     3
 72
     8
 73
     4
 74
     0
 42
0.0000001
 43
0.0000000001
 40
0.0
 40
0.0
 40
0.0
 40
0.0
 40
1.0
 40
1.0
 40
1.0
 40
1.0
 10
2.149454306619958
 20
66.08267396341998
 30
0.0
 10
2.178103680359982
 20
66.11036835558002
 30
0.0
 10
2.200068218599966
 20
66.15429741174
 30
0.0
 10
2.213539802019994
 20
66.21443840143999
 30
0.0
  0
SPLINE
  5
391
330
2AF
100
AcDbEntity
  8
03___PRT_ALL_CURVES
  6
Continuous
 62
     4
100
AcDbSpline
210
0.0
220
0.0
230
1.0
 70
     8
 71
     3
 72
     8
 73
     4
 74
     0
 42
0.0000001
 43
0.0000000001
 40
0.0
 40
0.0
 40
0.0
 40
0.0
 40
1.0
 40
1.0
 40
1.0
 40
1.0
 10
2.213539802019994
 20
66.21443840143999
 30
0.0
 10
2.226807649500017
 20
66.27366984508001
 30
0.0
 10
2.234447509759974
 20
66.36725785195998
 30
0.0
 10
2.234447509759974
 20
66.49427010491999
 30
0.0
  0
SPLINE
  5
392
330
2AF
100
AcDbEntity
  8
03___PRT_ALL_CURVES
  6
Continuous
 62
     4
100
AcDbSpline
210
0.0
220
0.0
230
1.0
 70
     8
 71
     3
 72
     8
 73
     4
 74
     0
 42
0.0000001
 43
0.0000000001
 40
0.0
 40
0.0
 40
0.0
 40
0.0
 40
1.0
 40
1.0
 40
1.0
 40
1.0
 10
2.234447509759974
 20
66.49427010491999
 30
0.0
 10
2.234447509759974
 20
66.67953615043999
 30
0.0
 10
2.21821282544002
 20
66.80463848087999
 30
0.0
 10
2.186698501879988
 20
66.86862208926001
 30
0.0
  0
SPLINE
  5
393
330
2AF
100
AcDbEntity
  8
03___PRT_ALL_CURVES
  6
Continuous
 62
     4
100
AcDbSpline
210
0.0
220
0.0
230
1.0
 70
     8
 71
     3
 72
     8
 73
     4
 74
     0
 42
0.0000001
 43
0.0000000001
 40
0.0
 40
0.0
 40
0.0
 40
0.0
 40
1.0
 40
1.0
 40
1.0
 40
1.0
 10
2.186698501879988
 20
66.86862208926001
 30
0.0
 10
2.155184180859976
 20
66.9326056951
 30
0.0
 10
2.108390218059981
 20
66.96507506374002
 30
0.0
 10
2.045361530299971
 20
66.96507506374002
 30
0.0
  0
SPLINE
  5
394
330
2AF
100
AcDbEntity
  8
03___PRT_ALL_CURVES
  6
Continuous
 62
     4
100
AcDbSpline
210
0.0
220
0.0
230
1.0
 70
     8
 71
     3
 72
     8
 73
     4
 74
     0
 42
0.0000001
 43
0.0000000001
 40
0.0
 40
0.0
 40
0.0
 40
0.0
 40
1.0
 40
1.0
 40
1.0
 40
1.0
 10
2.045361530299971
 20
66.96507506374002
 30
0.0
 10
1.980422920020004
 20
66.96507506374002
 30
0.0
 10
1.934583921019993
 20
66.93165073384
 30
0.0
 10
1.905934539659995
 20
66.86671215658001
 30
0.0
  0
SPLINE
  5
395
330
2AF
100
AcDbEntity
  8
03___PRT_ALL_CURVES
  6
Continuous
 62
     4
100
AcDbSpline
210
0.0
220
0.0
230
1.0
 70
     8
 71
     3
 72
     8
 73
     4
 74
     0
 42
0.0000001
 43
0.0000000001
 40
0.0
 40
0.0
 40
0.0
 40
0.0
 40
1.0
 40
1.0
 40
1.0
 40
1.0
 10
1.905934539659995
 20
66.86671215658001
 30
0.0
 10
1.877285130360008
 20
66.80177351328001
 30
0.0
 10
1.862960452380008
 20
66.68049111424
 30
0.0
 10
1.862960452380008
 20
66.50477489214
 30
0.0
  0
SPLINE
  5
396
330
2AF
100
AcDbEntity
  8
03___PRT_ALL_CURVES
  6
Continuous
 62
     4
100
AcDbSpline
210
0.0
220
0.0
230
1.0
 70
     8
 71
     3
 72
     8
 73
     4
 74
     0
 42
0.0000001
 43
0.0000000001
 40
0.0
 40
0.0
 40
0.0
 40
0.0
 40
1.0
 40
1.0
 40
1.0
 40
1.0
 10
3.18560704507999
 20
66.16289223326001
 30
0.0
 10
3.195156830400009
 20
66.10845838987998
 30
0.0
 10
3.212346475980013
 20
66.07025921050001
 30
0.0
 10
3.236723803400025
 20
66.0477938757
 30
0.0
  0
SPLINE
  5
397
330
2AF
100
AcDbEntity
  8
03___PRT_ALL_CURVES
  6
Continuous
 62
     4
100
AcDbSpline
210
0.0
220
0.0
230
1.0
 70
     8
 71
     3
 72
     8
 73
     4
 74
     0
 42
0.0000001
 43
0.0000000001
 40
0.0
 40
0.0
 40
0.0
 40
0.0
 40
1.0
 40
1.0
 40
1.0
 40
1.0
 10
3.236723803400025
 20
66.0477938757
 30
0.0
 10
3.26105052893999
 20
66.02537517276
 30
0.0
 10
3.290654843619961
 20
66.01487040586
 30
0.0
 10
3.325989098579981
 20
66.01487040586
 30
0.0
  0
SPLINE
  5
398
330
2AF
100
AcDbEntity
  8
03___PRT_ALL_CURVES
  6
Continuous
 62
     4
100
AcDbSpline
210
0.0
220
0.0
230
1.0
 70
     8
 71
     3
 72
     8
 73
     4
 74
     0
 42
0.0000001
 43
0.0000000001
 40
0.0
 40
0.0
 40
0.0
 40
0.0
 40
1.0
 40
1.0
 40
1.0
 40
1.0
 10
3.325989098579981
 20
66.01487040586
 30
0.0
 10
3.388062781899976
 20
66.01487040586
 30
0.0
 10
3.436766667219956
 20
66.04638472687998
 30
0.0
 10
3.471716554139988
 20
66.10962731565999
 30
0.0
  0
SPLINE
  5
399
330
2AF
100
AcDbEntity
  8
03___PRT_ALL_CURVES
  6
Continuous
 62
     4
100
AcDbSpline
210
0.0
220
0.0
230
1.0
 70
     8
 71
     3
 72
     8
 73
     4
 74
     0
 42
0.0000001
 43
0.0000000001
 40
0.0
 40
0.0
 40
0.0
 40
0.0
 40
1.0
 40
1.0
 40
1.0
 40
1.0
 10
3.471716554139988
 20
66.10962731565999
 30
0.0
 10
3.496930425480002
 20
66.15525237300002
 30
0.0
 10
3.516029996119983
 20
66.25361527254003
 30
0.0
 10
3.529399794119968
 20
66.40450202689999
 30
0.0
  0
SPLINE
  5
39A
330
2AF
100
AcDbEntity
  8
03___PRT_ALL_CURVES
  6
Continuous
 62
     4
100
AcDbSpline
210
0.0
220
0.0
230
1.0
 70
     8
 71
     3
 72
     8
 73
     4
 74
     0
 42
0.0000001
 43
0.0000000001
 40
0.0
 40
0.0
 40
0.0
 40
0.0
 40
1.0
 40
1.0
 40
1.0
 40
1.0
 10
3.529399794119968
 20
66.40450202689999
 30
0.0
 10
3.482605666219996
 20
66.3567530622
 30
0.0
 10
3.43485674215998
 20
66.32141880978
 30
0.0
 10
3.386250428400018
 20
66.29923923006001
 30
0.0
  0
SPLINE
  5
39B
330
2AF
100
AcDbEntity
  8
03___PRT_ALL_CURVES
  6
Continuous
 62
     4
100
AcDbSpline
210
0.0
220
0.0
230
1.0
 70
     8
 71
     3
 72
     8
 73
     4
 74
     0
 42
0.0000001
 43
0.0000000001
 40
0.0
 40
0.0
 40
0.0
 40
0.0
 40
1.0
 40
1.0
 40
1.0
 40
1.0
 10
3.386250428400018
 20
66.29923923006001
 30
0.0
 10
3.336493845159964
 20
66.27653477204001
 30
0.0
 10
3.280150097039979
 20
66.26603002546
 30
0.0
 10
3.216166491199971
 20
66.26603002546
 30
0.0
  0
SPLINE
  5
39C
330
2AF
100
AcDbEntity
  8
03___PRT_ALL_CURVES
  6
Continuous
 62
     4
100
AcDbSpline
210
0.0
220
0.0
230
1.0
 70
     8
 71
     3
 72
     8
 73
     4
 74
     0
 42
0.0000001
 43
0.0000000001
 40
0.0
 40
0.0
 40
0.0
 40
0.0
 40
1.0
 40
1.0
 40
1.0
 40
1.0
 10
3.216166491199971
 20
66.26603002546
 30
0.0
 10
3.090109199499977
 20
66.26603002546
 30
0.0
 10
2.984106439699985
 20
66.30995905876
 30
0.0
 10
2.89791938067998
 20
66.39949785860003
 30
0.0
  0
SPLINE
  5
39D
330
2AF
100
AcDbEntity
  8
03___PRT_ALL_CURVES
  6
Continuous
 62
     4
100
AcDbSpline
210
0.0
220
0.0
230
1.0
 70
     8
 71
     3
 72
     8
 73
     4
 74
     0
 42
0.0000001
 43
0.0000000001
 40
0.0
 40
0.0
 40
0.0
 40
0.0
 40
1.0
 40
1.0
 40
1.0
 40
1.0
 10
2.89791938067998
 20
66.39949785860003
 30
0.0
 10
2.812210149000009
 20
66.48854025100002
 30
0.0
 10
2.769236033779947
 20
66.60122786662001
 30
0.0
 10
2.769236033779947
 20
66.73778990489998
 30
0.0
  0
SPLINE
  5
39E
330
2AF
100
AcDbEntity
  8
03___PRT_ALL_CURVES
  6
Continuous
 62
     4
100
AcDbSpline
210
0.0
220
0.0
230
1.0
 70
     8
 71
     3
 72
     8
 73
     4
 74
     0
 42
0.0000001
 43
0.0000000001
 40
0.0
 40
0.0
 40
0.0
 40
0.0
 40
1.0
 40
1.0
 40
1.0
 40
1.0
 10
2.769236033779947
 20
66.73778990489998
 30
0.0
 10
2.769236033779947
 20
66.83042295052002
 30
0.0
 10
2.791200572019989
 20
66.91541613333999
 30
0.0
 10
2.835129597699961
 20
66.99181447686001
 30
0.0
  0
SPLINE
  5
39F
330
2AF
100
AcDbEntity
  8
03___PRT_ALL_CURVES
  6
Continuous
 62
     4
100
AcDbSpline
210
0.0
220
0.0
230
1.0
 70
     8
 71
     3
 72
     8
 73
     4
 74
     0
 42
0.0000001
 43
0.0000000001
 40
0.0
 40
0.0
 40
0.0
 40
0.0
 40
1.0
 40
1.0
 40
1.0
 40
1.0
 10
2.835129597699961
 20
66.99181447686001
 30
0.0
 10
2.879058641159986
 20
67.06821285339998
 30
0.0
 10
2.939222401960023
 20
67.12551156278002
 30
0.0
 10
3.016477568759967
 20
67.16485890089999
 30
0.0
  0
SPLINE
  5
3A0
330
2AF
100
AcDbEntity
  8
03___PRT_ALL_CURVES
  6
Continuous
 62
     4
100
AcDbSpline
210
0.0
220
0.0
230
1.0
 70
     8
 71
     3
 72
     8
 73
     4
 74
     0
 42
0.0000001
 43
0.0000000001
 40
0.0
 40
0.0
 40
0.0
 40
0.0
 40
1.0
 40
1.0
 40
1.0
 40
1.0
 10
3.016477568759967
 20
67.16485890089999
 30
0.0
 10
3.092974085820003
 20
67.20381984660003
 30
0.0
 10
3.190382021559969
 20
67.2238745436
 30
0.0
 10
3.306889527939973
 20
67.2238745436
 30
0.0
  0
SPLINE
  5
3A1
330
2AF
100
AcDbEntity
  8
03___PRT_ALL_CURVES
  6
Continuous
 62
     4
100
AcDbSpline
210
0.0
220
0.0
230
1.0
 70
     8
 71
     3
 72
     8
 73
     4
 74
     0
 42
0.0000001
 43
0.0000000001
 40
0.0
 40
0.0
 40
0.0
 40
0.0
 40
1.0
 40
1.0
 40
1.0
 40
1.0
 10
3.306889527939973
 20
67.2238745436
 30
0.0
 10
3.446316449999983
 20
67.2238745436
 30
0.0
 10
3.559004111340016
 20
67.19904503775999
 30
0.0
 10
3.643881962919977
 20
67.15109146844
 30
0.0
  0
SPLINE
  5
3A2
330
2AF
100
AcDbEntity
  8
03___PRT_ALL_CURVES
  6
Continuous
 62
     4
100
AcDbSpline
210
0.0
220
0.0
230
1.0
 70
     8
 71
     3
 72
     8
 73
     4
 74
     0
 42
0.0000001
 43
0.0000000001
 40
0.0
 40
0.0
 40
0.0
 40
0.0
 40
1.0
 40
1.0
 40
1.0
 40
1.0
 10
3.643881962919977
 20
67.15109146844
 30
0.0
 10
3.728035515719995
 20
67.10354710835998
 30
0.0
 10
3.795838969139965
 20
67.02714866324001
 30
0.0
 10
3.846452944619983
 20
66.92210094852001
 30
0.0
  0
SPLINE
  5
3A3
330
2AF
100
AcDbEntity
  8
03___PRT_ALL_CURVES
  6
Continuous
 62
     4
100
AcDbSpline
210
0.0
220
0.0
230
1.0
 70
     8
 71
     3
 72
     8
 73
     4
 74
     0
 42
0.0000001
 43
0.0000000001
 40
0.0
 40
0.0
 40
0.0
 40
0.0
 40
1.0
 40
1.0
 40
1.0
 40
1.0
 10
3.846452944619983
 20
66.92210094852001
 30
0.0
 10
3.897066920100002
 20
66.81705323379998
 30
0.0
 10
3.922851222099979
 20
66.67953615043999
 30
0.0
 10
3.922851222099979
 20
66.50763985974001
 30
0.0
  0
SPLINE
  5
3A4
330
2AF
100
AcDbEntity
  8
03___PRT_ALL_CURVES
  6
Continuous
 62
     4
100
AcDbSpline
210
0.0
220
0.0
230
1.0
 70
     8
 71
     3
 72
     8
 73
     4
 74
     0
 42
0.0000001
 43
0.0000000001
 40
0.0
 40
0.0
 40
0.0
 40
0.0
 40
1.0
 40
1.0
 40
1.0
 40
1.0
 10
3.922851222099979
 20
66.50763985974001
 30
0.0
 10
3.922851222099979
 20
66.25457027444
 30
0.0
 10
3.869372527939987
 20
66.06930422637998
 30
0.0
 10
3.763107406459994
 20
65.95207904808001
 30
0.0
  0
SPLINE
  5
3A5
330
2AF
100
AcDbEntity
  8
03___PRT_ALL_CURVES
  6
Continuous
 62
     4
100
AcDbSpline
210
0.0
220
0.0
230
1.0
 70
     8
 71
     3
 72
     8
 73
     4
 74
     0
 42
0.0000001
 43
0.0000000001
 40
0.0
 40
0.0
 40
0.0
 40
0.0
 40
1.0
 40
1.0
 40
1.0
 40
1.0
 10
3.763107406459994
 20
65.95207904808001
 30
0.0
 10
3.656412047079982
 20
65.83437926316
 30
0.0
 10
3.50934509711999
 20
65.77612551124
 30
0.0
 10
3.321214122100002
 20
65.77612551124
 30
0.0
  0
SPLINE
  5
3A6
330
2AF
100
AcDbEntity
  8
03___PRT_ALL_CURVES
  6
Continuous
 62
     4
100
AcDbSpline
210
0.0
220
0.0
230
1.0
 70
     8
 71
     3
 72
     8
 73
     4
 74
     0
 42
0.0000001
 43
0.0000000001
 40
0.0
 40
0.0
 40
0.0
 40
0.0
 40
1.0
 40
1.0
 40
1.0
 40
1.0
 10
3.321214122100002
 20
65.77612551124
 30
0.0
 10
3.209481592199978
 20
65.77612551124
 30
0.0
 10
3.121623439239983
 20
65.78949522541998
 30
0.0
 10
3.057737996779991
 20
65.81457618872
 30
0.0
  0
SPLINE
  5
3A7
330
2AF
100
AcDbEntity
  8
03___PRT_ALL_CURVES
  6
Continuous
 62
     4
100
AcDbSpline
210
0.0
220
0.0
230
1.0
 70
     8
 71
     3
 72
     8
 73
     4
 74
     0
 42
0.0000001
 43
0.0000000001
 40
0.0
 40
0.0
 40
0.0
 40
0.0
 40
1.0
 40
1.0
 40
1.0
 40
1.0
 10
3.057737996779991
 20
65.81457618872
 30
0.0
 10
2.992701263759955
 20
65.84010913993998
 30
0.0
 10
2.939222401960023
 20
65.87830831932001
 30
0.0
 10
2.89692696203997
 20
65.92773214985999
 30
0.0
  0
SPLINE
  5
3A8
330
2AF
100
AcDbEntity
  8
03___PRT_ALL_CURVES
  6
Continuous
 62
     4
100
AcDbSpline
210
0.0
220
0.0
230
1.0
 70
     8
 71
     3
 72
     8
 73
     4
 74
     0
 42
0.0000001
 43
0.0000000001
 40
0.0
 40
0.0
 40
0.0
 40
0.0
 40
1.0
 40
1.0
 40
1.0
 40
1.0
 10
2.89692696203997
 20
65.92773214985999
 30
0.0
 10
2.854229135319997
 20
65.9776261852
 30
0.0
 10
2.821759934319999
 20
66.03969987106001
 30
0.0
 10
2.798840350999996
 20
66.11418826666002
 30
0.0
  0
SPLINE
  5
3A9
330
2AF
100
AcDbEntity
  8
03___PRT_ALL_CURVES
  6
Continuous
 62
     4
100
AcDbSpline
210
0.0
220
0.0
230
1.0
 70
     8
 71
     3
 72
     8
 73
     4
 74
     0
 42
0.0000001
 43
0.0000000001
 40
0.0
 40
0.0
 40
0.0
 40
0.0
 40
1.0
 40
1.0
 40
1.0
 40
1.0
 10
3.51507503485999
 20
66.73874486616
 30
0.0
 10
3.51507503485999
 20
66.8141882662
 30
0.0
 10
3.495975464219981
 20
66.87339697937998
 30
0.0
 10
3.457776259439981
 20
66.91637103617998
 30
0.0
  0
SPLINE
  5
3AA
330
2AF
100
AcDbEntity
  8
03___PRT_ALL_CURVES
  6
Continuous
 62
     4
100
AcDbSpline
210
0.0
220
0.0
230
1.0
 70
     8
 71
     3
 72
     8
 73
     4
 74
     0
 42
0.0000001
 43
0.0000000001
 40
0.0
 40
0.0
 40
0.0
 40
0.0
 40
1.0
 40
1.0
 40
1.0
 40
1.0
 10
3.457776259439981
 20
66.91637103617998
 30
0.0
 10
3.419577021639981
 20
66.95934512600002
 30
0.0
 10
3.372783058839985
 20
66.98130966424
 30
0.0
 10
3.318349235779976
 20
66.98130966424
 30
0.0
  0
SPLINE
  5
3AB
330
2AF
100
AcDbEntity
  8
03___PRT_ALL_CURVES
  6
Continuous
 62
     4
100
AcDbSpline
210
0.0
220
0.0
230
1.0
 70
     8
 71
     3
 72
     8
 73
     4
 74
     0
 42
0.0000001
 43
0.0000000001
 40
0.0
 40
0.0
 40
0.0
 40
0.0
 40
1.0
 40
1.0
 40
1.0
 40
1.0
 10
3.318349235779976
 20
66.98130966424
 30
0.0
 10
3.266780299039993
 20
66.98130966424
 30
0.0
 10
3.223806351460013
 20
66.96125513233997
 30
0.0
 10
3.189663483499999
 20
66.92284444716
 30
0.0
  0
SPLINE
  5
3AC
330
2AF
100
AcDbEntity
  8
03___PRT_ALL_CURVES
  6
Continuous
 62
     4
100
AcDbSpline
210
0.0
220
0.0
230
1.0
 70
     8
 71
     3
 72
     8
 73
     4
 74
     0
 42
0.0000001
 43
0.0000000001
 40
0.0
 40
0.0
 40
0.0
 40
0.0
 40
1.0
 40
1.0
 40
1.0
 40
1.0
 10
3.189663483499999
 20
66.92284444716
 30
0.0
 10
3.155047769139969
 20
66.88390180978001
 30
0.0
 10
3.138813084819986
 20
66.82564805786001
 30
0.0
 10
3.138813084819986
 20
66.74829465148
 30
0.0
  0
SPLINE
  5
3AD
330
2AF
100
AcDbEntity
  8
03___PRT_ALL_CURVES
  6
Continuous
 62
     4
100
AcDbSpline
210
0.0
220
0.0
230
1.0
 70
     8
 71
     3
 72
     8
 73
     4
 74
     0
 42
0.0000001
 43
0.0000000001
 40
0.0
 40
0.0
 40
0.0
 40
0.0
 40
1.0
 40
1.0
 40
1.0
 40
1.0
 10
3.138813084819986
 20
66.74829465148
 30
0.0
 10
3.138813084819986
 20
66.66998636766002
 30
0.0
 10
3.156002730400019
 20
66.60982260685998
 30
0.0
 10
3.191101908360025
 20
66.56855739093999
 30
0.0
  0
SPLINE
  5
3AE
330
2AF
100
AcDbEntity
  8
03___PRT_ALL_CURVES
  6
Continuous
 62
     4
100
AcDbSpline
210
0.0
220
0.0
230
1.0
 70
     8
 71
     3
 72
     8
 73
     4
 74
     0
 42
0.0000001
 43
0.0000000001
 40
0.0
 40
0.0
 40
0.0
 40
0.0
 40
1.0
 40
1.0
 40
1.0
 40
1.0
 10
3.191101908360025
 20
66.56855739093999
 30
0.0
 10
3.226671237779982
 20
66.52673943037999
 30
0.0
 10
3.27060031425998
 20
66.50668481465999
 30
0.0
 10
3.324079173520005
 20
66.50668481465999
 30
0.0
  0
SPLINE
  5
3AF
330
2AF
100
AcDbEntity
  8
03___PRT_ALL_CURVES
  6
Continuous
 62
     4
100
AcDbSpline
210
0.0
220
0.0
230
1.0
 70
     8
 71
     3
 72
     8
 73
     4
 74
     0
 42
0.0000001
 43
0.0000000001
 40
0.0
 40
0.0
 40
0.0
 40
0.0
 40
1.0
 40
1.0
 40
1.0
 40
1.0
 10
3.324079173520005
 20
66.50668481465999
 30
0.0
 10
3.378512996580014
 20
66.50668481465999
 30
0.0
 10
3.424351995579997
 20
66.52673943037999
 30
0.0
 10
3.460641211799981
 20
66.56684857546
 30
0.0
  0
SPLINE
  5
3B0
330
2AF
100
AcDbEntity
  8
03___PRT_ALL_CURVES
  6
Continuous
 62
     4
100
AcDbSpline
210
0.0
220
0.0
230
1.0
 70
     8
 71
     3
 72
     8
 73
     4
 74
     0
 42
0.0000001
 43
0.0000000001
 40
0.0
 40
0.0
 40
0.0
 40
0.0
 40
1.0
 40
1.0
 40
1.0
 40
1.0
 10
3.460641211799981
 20
66.56684857546
 30
0.0
 10
3.496930425480002
 20
66.60695772054001
 30
0.0
 10
3.51507503485999
 20
66.66425651374001
 30
0.0
 10
3.51507503485999
 20
66.73874486616
 30
0.0
  0
SPLINE
  5
3B1
330
2AF
100
AcDbEntity
  8
03___PRT_ALL_CURVES
  6
Continuous
 62
     4
100
AcDbSpline
210
0.0
220
0.0
230
1.0
 70
     8
 71
     3
 72
     8
 73
     4
 74
     0
 42
0.0000001
 43
0.0000000001
 40
0.0
 40
0.0
 40
0.0
 40
0.0
 40
1.0
 40
1.0
 40
1.0
 40
1.0
 10
2.05538879497999
 20
63.23301501200001
 30
0.0
 10
1.991405189139982
 20
63.18431104286
 30
0.0
 10
1.929331505820016
 20
63.14515685904001
 30
0.0
 10
1.870314402619982
 20
63.11517238002
 30
0.0
  0
SPLINE
  5
3B2
330
2AF
100
AcDbEntity
  8
03___PRT_ALL_CURVES
  6
Continuous
 62
     4
100
AcDbSpline
210
0.0
220
0.0
230
1.0
 70
     8
 71
     3
 72
     8
 73
     4
 74
     0
 42
0.0000001
 43
0.0000000001
 40
0.0
 40
0.0
 40
0.0
 40
0.0
 40
1.0
 40
1.0
 40
1.0
 40
1.0
 10
1.870314402619982
 20
63.11517238002
 30
0.0
 10
1.810914054059992
 20
63.08499318460002
 30
0.0
 10
1.736425638139991
 20
63.05634382864
 30
0.0
 10
1.646657562659982
 20
63.02960439774
 30
0.0
  0
SPLINE
  5
3B3
330
2AF
100
AcDbEntity
  8
03___PRT_ALL_CURVES
  6
Continuous
 62
     4
100
AcDbSpline
210
0.0
220
0.0
230
1.0
 70
     8
 71
     3
 72
     8
 73
     4
 74
     0
 42
0.0000001
 43
0.0000000001
 40
0.0
 40
0.0
 40
0.0
 40
0.0
 40
1.0
 40
1.0
 40
1.0
 40
1.0
 10
1.646657562659982
 20
63.34856755712002
 30
0.0
 10
1.778444748920009
 20
63.39058662726001
 30
0.0
 10
1.881582541119997
 20
63.44215556400002
 30
0.0
 10
1.955158797320024
 20
63.5022668611
 30
0.0
  0
SPLINE
  5
3B4
330
2AF
100
AcDbEntity
  8
03___PRT_ALL_CURVES
  6
Continuous
 62
     4
100
AcDbSpline
210
0.0
220
0.0
230
1.0
 70
     8
 71
     3
 72
     8
 73
     4
 74
     0
 42
0.0000001
 43
0.0000000001
 40
0.0
 40
0.0
 40
0.0
 40
0.0
 40
1.0
 40
1.0
 40
1.0
 40
1.0
 10
1.955158797320024
 20
63.5022668611
 30
0.0
 10
2.027694402820003
 20
63.56152795416
 30
0.0
 10
2.084993152840013
 20
63.63601639293998
 30
0.0
 10
2.127012263620003
 20
63.72387454589997
 30
0.0
  0
SPLINE
  5
3B5
330
2AF
100
AcDbEntity
  8
03___PRT_ALL_CURVES
  6
Continuous
 62
     4
100
AcDbSpline
210
0.0
220
0.0
230
1.0
 70
     8
 71
     3
 72
     8
 73
     4
 74
     0
 42
0.0000001
 43
0.0000000001
 40
0.0
 40
0.0
 40
0.0
 40
0.0
 40
1.0
 40
1.0
 40
1.0
 40
1.0
 10
3.359890907839997
 20
63.23301501200001
 30
0.0
 10
3.295907299460026
 20
63.18431104286
 30
0.0
 10
3.233833616139975
 20
63.14515685904001
 30
0.0
 10
3.174816434200011
 20
63.11517237493999
 30
0.0
  0
SPLINE
  5
3B6
330
2AF
100
AcDbEntity
  8
03___PRT_ALL_CURVES
  6
Continuous
 62
     4
100
AcDbSpline
210
0.0
220
0.0
230
1.0
 70
     8
 71
     3
 72
     8
 73
     4
 74
     0
 42
0.0000001
 43
0.0000000001
 40
0.0
 40
0.0
 40
0.0
 40
0.0
 40
1.0
 40
1.0
 40
1.0
 40
1.0
 10
3.174816434200011
 20
63.11517237493999
 30
0.0
 10
3.115416019600019
 20
63.08499318460002
 30
0.0
 10
3.04092766718
 20
63.05634382864
 30
0.0
 10
2.95115958916
 20
63.02960439774
 30
0.0
  0
SPLINE
  5
3B7
330
2AF
100
AcDbEntity
  8
03___PRT_ALL_CURVES
  6
Continuous
 62
     4
100
AcDbSpline
210
0.0
220
0.0
230
1.0
 70
     8
 71
     3
 72
     8
 73
     4
 74
     0
 42
0.0000001
 43
0.0000000001
 40
0.0
 40
0.0
 40
0.0
 40
0.0
 40
1.0
 40
1.0
 40
1.0
 40
1.0
 10
2.95115958916
 20
63.34856755712002
 30
0.0
 10
3.082946818599993
 20
63.39058662726001
 30
0.0
 10
3.186084526979982
 20
63.44215556400002
 30
0.0
 10
3.259660884779976
 20
63.50226689158001
 30
0.0
  0
SPLINE
  5
3B8
330
2AF
100
AcDbEntity
  8
03___PRT_ALL_CURVES
  6
Continuous
 62
     4
100
AcDbSpline
210
0.0
220
0.0
230
1.0
 70
     8
 71
     3
 72
     8
 73
     4
 74
     0
 42
0.0000001
 43
0.0000000001
 40
0.0
 40
0.0
 40
0.0
 40
0.0
 40
1.0
 40
1.0
 40
1.0
 40
1.0
 10
3.259660884779976
 20
63.50226689158001
 30
0.0
 10
3.332196515679982
 20
63.56152795416
 30
0.0
 10
3.389495222519969
 20
63.63601639293998
 30
0.0
 10
3.431514376479981
 20
63.72387454589997
 30
0.0
  0
SPLINE
  5
3B9
330
2AF
100
AcDbEntity
  8
03___PRT_ALL_CURVES
  6
Continuous
 62
     4
100
AcDbSpline
210
0.0
220
0.0
230
1.0
 70
     8
 71
     3
 72
     8
 73
     4
 74
     0
 42
0.0000001
 43
0.0000000001
 40
0.0
 40
0.0
 40
0.0
 40
0.0
 40
1.0
 40
1.0
 40
1.0
 40
1.0
 10
1.923601613799974
 20
59.73301501176002
 30
0.0
 10
1.859618007959995
 20
59.68431104516
 30
0.0
 10
1.79754432464
 20
59.64515686133998
 30
0.0
 10
1.738527221439995
 20
59.61517237978001
 30
0.0
  0
SPLINE
  5
3BA
330
2AF
100
AcDbEntity
  8
03___PRT_ALL_CURVES
  6
Continuous
 62
     4
100
AcDbSpline
210
0.0
220
0.0
230
1.0
 70
     8
 71
     3
 72
     8
 73
     4
 74
     0
 42
0.0000001
 43
0.0000000001
 40
0.0
 40
0.0
 40
0.0
 40
0.0
 40
1.0
 40
1.0
 40
1.0
 40
1.0
 10
1.738527221439995
 20
59.61517237978001
 30
0.0
 10
1.679126872880005
 20
59.58499318435997
 30
0.0
 10
1.604638456960004
 20
59.5563438284
 30
0.0
 10
1.514870381479994
 20
59.52960440004003
 30
0.0
  0
SPLINE
  5
3BB
330
2AF
100
AcDbEntity
  8
03___PRT_ALL_CURVES
  6
Continuous
 62
     4
100
AcDbSpline
210
0.0
220
0.0
230
1.0
 70
     8
 71
     3
 72
     8
 73
     4
 74
     0
 42
0.0000001
 43
0.0000000001
 40
0.0
 40
0.0
 40
0.0
 40
0.0
 40
1.0
 40
1.0
 40
1.0
 40
1.0
 10
1.514870381479994
 20
59.84856755687997
 30
0.0
 10
1.646657567739993
 20
59.89058662702001
 30
0.0
 10
1.749795359940009
 20
59.94215556376
 30
0.0
 10
1.82337161613998
 20
60.00226686086
 30
0.0
  0
SPLINE
  5
3BC
330
2AF
100
AcDbEntity
  8
03___PRT_ALL_CURVES
  6
Continuous
 62
     4
100
AcDbSpline
210
0.0
220
0.0
230
1.0
 70
     8
 71
     3
 72
     8
 73
     4
 74
     0
 42
0.0000001
 43
0.0000000001
 40
0.0
 40
0.0
 40
0.0
 40
0.0
 40
1.0
 40
1.0
 40
1.0
 40
1.0
 10
1.82337161613998
 20
60.00226686086
 30
0.0
 10
1.895907221639987
 20
60.06152795646
 30
0.0
 10
1.953205971659997
 20
60.13601639270001
 30
0.0
 10
1.995225082440015
 20
60.22387454566001
 30
0.0
  0
SPLINE
  5
3BD
330
2AF
100
AcDbEntity
  8
03___PRT_ALL_CURVES
  6
Continuous
 62
     4
100
AcDbSpline
210
0.0
220
0.0
230
1.0
 70
     8
 71
     3
 72
     8
 73
     4
 74
     0
 42
0.0000001
 43
0.0000000001
 40
0.0
 40
0.0
 40
0.0
 40
0.0
 40
1.0
 40
1.0
 40
1.0
 40
1.0
 10
2.749658948219974
 20
59.86098222598
 30
0.0
 10
2.780218307979965
 20
59.97748973236
 30
0.0
 10
2.838471978619964
 20
60.06725781038
 30
0.0
 10
2.925602129480012
 20
60.12997233569999
 30
0.0
  0
SPLINE
  5
3BE
330
2AF
100
AcDbEntity
  8
03___PRT_ALL_CURVES
  6
Continuous
 62
     4
100
AcDbSpline
210
0.0
220
0.0
230
1.0
 70
     8
 71
     3
 72
     8
 73
     4
 74
     0
 42
0.0000001
 43
0.0000000001
 40
0.0
 40
0.0
 40
0.0
 40
0.0
 40
1.0
 40
1.0
 40
1.0
 40
1.0
 10
2.925602129480012
 20
60.12997233569999
 30
0.0
 10
3.012278359479978
 20
60.19236013827998
 30
0.0
 10
3.135470599759969
 20
60.22387454566001
 30
0.0
 10
3.294952218819986
 20
60.22387454566001
 30
0.0
  0
SPLINE
  5
3BF
330
2AF
100
AcDbEntity
  8
03___PRT_ALL_CURVES
  6
Continuous
 62
     4
100
AcDbSpline
210
0.0
220
0.0
230
1.0
 70
     8
 71
     3
 72
     8
 73
     4
 74
     0
 42
0.0000001
 43
0.0000000001
 40
0.0
 40
0.0
 40
0.0
 40
0.0
 40
1.0
 40
1.0
 40
1.0
 40
1.0
 10
3.294952218819986
 20
60.22387454566001
 30
0.0
 10
3.477353256100002
 20
60.22387454566001
 30
0.0
 10
3.609140485539967
 20
60.1894952545
 30
0.0
 10
3.690838836239976
 20
60.12117437260002
 30
0.0
  0
SPLINE
  5
3C0
330
2AF
100
AcDbEntity
  8
03___PRT_ALL_CURVES
  6
Continuous
 62
     4
100
AcDbSpline
210
0.0
220
0.0
230
1.0
 70
     8
 71
     3
 72
     8
 73
     4
 74
     0
 42
0.0000001
 43
0.0000000001
 40
0.0
 40
0.0
 40
0.0
 40
0.0
 40
1.0
 40
1.0
 40
1.0
 40
1.0
 10
3.690838836239976
 20
60.12117437260002
 30
0.0
 10
3.772441952180003
 20
60.05293313239997
 30
0.0
 10
3.813506144880023
 20
59.96793994958
 30
0.0
 10
3.813506144880023
 20
59.86480215737998
 30
0.0
  0
SPLINE
  5
3C1
330
2AF
100
AcDbEntity
  8
03___PRT_ALL_CURVES
  6
Continuous
 62
     4
100
AcDbSpline
210
0.0
220
0.0
230
1.0
 70
     8
 71
     3
 72
     8
 73
     4
 74
     0
 42
0.0000001
 43
0.0000000001
 40
0.0
 40
0.0
 40
0.0
 40
0.0
 40
1.0
 40
1.0
 40
1.0
 40
1.0
 10
3.813506144880023
 20
59.86480215737998
 30
0.0
 10
3.813506144880023
 20
59.80368351914001
 30
0.0
 10
3.796316499299962
 20
59.74924969608003
 30
0.0
 10
3.763738314519998
 20
59.70061844714002
 30
0.0
  0
SPLINE
  5
3C2
330
2AF
100
AcDbEntity
  8
03___PRT_ALL_CURVES
  6
Continuous
 62
     4
100
AcDbSpline
210
0.0
220
0.0
230
1.0
 70
     8
 71
     3
 72
     8
 73
     4
 74
     0
 42
0.0000001
 43
0.0000000001
 40
0.0
 40
0.0
 40
0.0
 40
0.0
 40
1.0
 40
1.0
 40
1.0
 40
1.0
 10
3.763738314519998
 20
59.70061844714002
 30
0.0
 10
3.730422968400006
 20
59.65088679654002
 30
0.0
 10
3.680763954180009
 20
59.60791268385998
 30
0.0
 10
3.613915462020003
 20
59.57162346764002
 30
0.0
  0
SPLINE
  5
3C3
330
2AF
100
AcDbEntity
  8
03___PRT_ALL_CURVES
  6
Continuous
 62
     4
100
AcDbSpline
210
0.0
220
0.0
230
1.0
 70
     8
 71
     3
 72
     8
 73
     4
 74
     0
 42
0.0000001
 43
0.0000000001
 40
0.0
 40
0.0
 40
0.0
 40
0.0
 40
1.0
 40
1.0
 40
1.0
 40
1.0
 10
3.613915462020003
 20
59.57162346764002
 30
0.0
 10
3.66739432128
 20
59.55825375345998
 30
0.0
 10
3.709413307599988
 20
59.54201906914
 30
0.0
 10
3.73786771602002
 20
59.52450869775998
 30
0.0
  0
SPLINE
  5
3C4
330
2AF
100
AcDbEntity
  8
03___PRT_ALL_CURVES
  6
Continuous
 62
     4
100
AcDbSpline
210
0.0
220
0.0
230
1.0
 70
     8
 71
     3
 72
     8
 73
     4
 74
     0
 42
0.0000001
 43
0.0000000001
 40
0.0
 40
0.0
 40
0.0
 40
0.0
 40
1.0
 40
1.0
 40
1.0
 40
1.0
 10
3.73786771602002
 20
59.52450869775998
 30
0.0
 10
3.783901827660003
 20
59.49618007014001
 30
0.0
 10
3.820191043880016
 20
59.45798088822002
 30
0.0
 10
3.845975457640009
 20
59.41118685430001
 30
0.0
  0
SPLINE
  5
3C5
330
2AF
100
AcDbEntity
  8
03___PRT_ALL_CURVES
  6
Continuous
 62
     4
100
AcDbSpline
210
0.0
220
0.0
230
1.0
 70
     8
 71
     3
 72
     8
 73
     4
 74
     0
 42
0.0000001
 43
0.0000000001
 40
0.0
 40
0.0
 40
0.0
 40
0.0
 40
1.0
 40
1.0
 40
1.0
 40
1.0
 10
3.845975457640009
 20
59.41118685430001
 30
0.0
 10
3.871759812979974
 20
59.36439292452002
 30
0.0
 10
3.885129613520007
 20
59.30900409701999
 30
0.0
 10
3.885129613520007
 20
59.24406548674
 30
0.0
  0
SPLINE
  5
3C6
330
2AF
100
AcDbEntity
  8
03___PRT_ALL_CURVES
  6
Continuous
 62
     4
100
AcDbSpline
210
0.0
220
0.0
230
1.0
 70
     8
 71
     3
 72
     8
 73
     4
 74
     0
 42
0.0000001
 43
0.0000000001
 40
0.0
 40
0.0
 40
0.0
 40
0.0
 40
1.0
 40
1.0
 40
1.0
 40
1.0
 10
3.885129613520007
 20
59.24406548674
 30
0.0
 10
3.885129613520007
 20
59.16193723088
 30
0.0
 10
3.863164991460025
 20
59.08362892420001
 30
0.0
 10
3.820785208300009
 20
59.0093451891
 30
0.0
  0
SPLINE
  5
3C7
330
2AF
100
AcDbEntity
  8
03___PRT_ALL_CURVES
  6
Continuous
 62
     4
100
AcDbSpline
210
0.0
220
0.0
230
1.0
 70
     8
 71
     3
 72
     8
 73
     4
 74
     0
 42
0.0000001
 43
0.0000000001
 40
0.0
 40
0.0
 40
0.0
 40
0.0
 40
1.0
 40
1.0
 40
1.0
 40
1.0
 10
3.820785208300009
 20
59.0093451891
 30
0.0
 10
3.778171889920003
 20
58.93465211268
 30
0.0
 10
3.71705316786003
 20
58.87639836075999
 30
0.0
 10
3.636644342140016
 20
58.83667257787999
 30
0.0
  0
SPLINE
  5
3C8
330
2AF
100
AcDbEntity
  8
03___PRT_ALL_CURVES
  6
Continuous
 62
     4
100
AcDbSpline
210
0.0
220
0.0
230
1.0
 70
     8
 71
     3
 72
     8
 73
     4
 74
     0
 42
0.0000001
 43
0.0000000001
 40
0.0
 40
0.0
 40
0.0
 40
0.0
 40
1.0
 40
1.0
 40
1.0
 40
1.0
 10
3.636644342140016
 20
58.83667257787999
 30
0.0
 10
3.556616585
 20
58.79713506233998
 30
0.0
 10
3.450613825199952
 20
58.77612551075998
 30
0.0
 10
3.320736688459988
 20
58.77612551075998
 30
0.0
  0
SPLINE
  5
3C9
330
2AF
100
AcDbEntity
  8
03___PRT_ALL_CURVES
  6
Continuous
 62
     4
100
AcDbSpline
210
0.0
220
0.0
230
1.0
 70
     8
 71
     3
 72
     8
 73
     4
 74
     0
 42
0.0000001
 43
0.0000000001
 40
0.0
 40
0.0
 40
0.0
 40
0.0
 40
1.0
 40
1.0
 40
1.0
 40
1.0
 10
3.320736688459988
 20
58.77612551075998
 30
0.0
 10
3.192769474239981
 20
58.77612551075998
 30
0.0
 10
3.092496652179989
 20
58.79140518302
 30
0.0
 10
3.018963103540017
 20
58.82100957643999
 30
0.0
  0
SPLINE
  5
3CA
330
2AF
100
AcDbEntity
  8
03___PRT_ALL_CURVES
  6
Continuous
 62
     4
100
AcDbSpline
210
0.0
220
0.0
230
1.0
 70
     8
 71
     3
 72
     8
 73
     4
 74
     0
 42
0.0000001
 43
0.0000000001
 40
0.0
 40
0.0
 40
0.0
 40
0.0
 40
1.0
 40
1.0
 40
1.0
 40
1.0
 10
3.018963103540017
 20
58.82100957643999
 30
0.0
 10
2.945429699679977
 20
58.85061391143998
 30
0.0
 10
2.885265938880025
 20
58.89454297776001
 30
0.0
 10
2.837517014820008
 20
58.95184174810001
 30
0.0
  0
SPLINE
  5
3CB
330
2AF
100
AcDbEntity
  8
03___PRT_ALL_CURVES
  6
Continuous
 62
     4
100
AcDbSpline
210
0.0
220
0.0
230
1.0
 70
     8
 71
     3
 72
     8
 73
     4
 74
     0
 42
0.0000001
 43
0.0000000001
 40
0.0
 40
0.0
 40
0.0
 40
0.0
 40
1.0
 40
1.0
 40
1.0
 40
1.0
 10
2.837517014820008
 20
58.95184174810001
 30
0.0
 10
2.789768093300012
 20
59.00914050827998
 30
0.0
 10
2.75347887961999
 20
59.08171896104
 30
0.0
 10
2.72864937124001
 20
59.16957709113998
 30
0.0
  0
SPLINE
  5
3CC
330
2AF
100
AcDbEntity
  8
03___PRT_ALL_CURVES
  6
Continuous
 62
     4
100
AcDbSpline
210
0.0
220
0.0
230
1.0
 70
     8
 71
     3
 72
     8
 73
     4
 74
     0
 42
0.0000001
 43
0.0000000001
 40
0.0
 40
0.0
 40
0.0
 40
0.0
 40
1.0
 40
1.0
 40
1.0
 40
1.0
 10
3.117325990379982
 20
59.22114598723999
 30
0.0
 10
3.13260571344
 20
59.14283766023999
 30
0.0
 10
3.155525296760004
 20
59.08840381685999
 30
0.0
 10
3.187994535860014
 20
59.05784451806002
 30
0.0
  0
SPLINE
  5
3CD
330
2AF
100
AcDbEntity
  8
03___PRT_ALL_CURVES
  6
Continuous
 62
     4
100
AcDbSpline
210
0.0
220
0.0
230
1.0
 70
     8
 71
     3
 72
     8
 73
     4
 74
     0
 42
0.0000001
 43
0.0000000001
 40
0.0
 40
0.0
 40
0.0
 40
0.0
 40
1.0
 40
1.0
 40
1.0
 40
1.0
 10
3.187994535860014
 20
59.05784451806002
 30
0.0
 10
3.220463866399996
 20
59.02728513797999
 30
0.0
 10
3.26152788892
 20
59.01296043968
 30
0.0
 10
3.311186903139998
 20
59.01296043968
 30
0.0
  0
SPLINE
  5
3CE
330
2AF
100
AcDbEntity
  8
03___PRT_ALL_CURVES
  6
Continuous
 62
     4
100
AcDbSpline
210
0.0
220
0.0
230
1.0
 70
     8
 71
     3
 72
     8
 73
     4
 74
     0
 42
0.0000001
 43
0.0000000001
 40
0.0
 40
0.0
 40
0.0
 40
0.0
 40
1.0
 40
1.0
 40
1.0
 40
1.0
 10
3.311186903139998
 20
59.01296043968
 30
0.0
 10
3.362755839879981
 20
59.01296043968
 30
0.0
 10
3.406684916360007
 20
59.03206003064
 30
0.0
 10
3.441064088139996
 20
59.07025916937999
 30
0.0
  0
SPLINE
  5
3CF
330
2AF
100
AcDbEntity
  8
03___PRT_ALL_CURVES
  6
Continuous
 62
     4
100
AcDbSpline
210
0.0
220
0.0
230
1.0
 70
     8
 71
     3
 72
     8
 73
     4
 74
     0
 42
0.0000001
 43
0.0000000001
 40
0.0
 40
0.0
 40
0.0
 40
0.0
 40
1.0
 40
1.0
 40
1.0
 40
1.0
 10
3.441064088139996
 20
59.07025916937999
 30
0.0
 10
3.475443333579989
 20
59.1084583894
 30
0.0
 10
3.493587940420014
 20
59.15907230392
 30
0.0
 10
3.493587940420014
 20
59.22305595294
 30
0.0
  0
SPLINE
  5
3D0
330
2AF
100
AcDbEntity
  8
03___PRT_ALL_CURVES
  6
Continuous
 62
     4
100
AcDbSpline
210
0.0
220
0.0
230
1.0
 70
     8
 71
     3
 72
     8
 73
     4
 74
     0
 42
0.0000001
 43
0.0000000001
 40
0.0
 40
0.0
 40
0.0
 40
0.0
 40
1.0
 40
1.0
 40
1.0
 40
1.0
 10
3.493587940420014
 20
59.22305595294
 30
0.0
 10
3.493587940420014
 20
59.28799456322
 30
0.0
 10
3.47639829484001
 20
59.33765349362
 30
0.0
 10
3.442735179540023
 20
59.37372115833998
 30
0.0
  0
SPLINE
  5
3D1
330
2AF
100
AcDbEntity
  8
03___PRT_ALL_CURVES
  6
Continuous
 62
     4
100
AcDbSpline
210
0.0
220
0.0
230
1.0
 70
     8
 71
     3
 72
     8
 73
     4
 74
     0
 42
0.0000001
 43
0.0000000001
 40
0.0
 40
0.0
 40
0.0
 40
0.0
 40
1.0
 40
1.0
 40
1.0
 40
1.0
 10
3.442735179540023
 20
59.37372115833998
 30
0.0
 10
3.409549802679976
 20
59.40927696226001
 30
0.0
 10
3.364665764940014
 20
59.42742156910001
 30
0.0
 10
3.307367055559979
 20
59.42742156910001
 30
0.0
  0
SPLINE
  5
3D2
330
2AF
100
AcDbEntity
  8
03___PRT_ALL_CURVES
  6
Continuous
 62
     4
100
AcDbSpline
210
0.0
220
0.0
230
1.0
 70
     8
 71
     3
 72
     8
 73
     4
 74
     0
 42
0.0000001
 43
0.0000000001
 40
0.0
 40
0.0
 40
0.0
 40
0.0
 40
1.0
 40
1.0
 40
1.0
 40
1.0
 10
3.307367055559979
 20
59.42742156910001
 30
0.0
 10
3.276807611980018
 20
59.42742156910001
 30
0.0
 10
3.234788458020006
 20
59.41978170883999
 30
0.0
 10
3.181309598759981
 20
59.40450202896
 30
0.0
  0
LINE
  5
3D3
330
2AF
100
AcDbEntity
  8
03___PRT_ALL_CURVES
  6
Continuous
 62
     4
100
AcDbLine
 10
3.201364295759987
 20
59.6824011201
 30
0.0
 11
3.251978106140001
 21
59.67762622743999
 31
0.0
  0
SPLINE
  5
3D4
330
2AF
100
AcDbEntity
  8
03___PRT_ALL_CURVES
  6
Continuous
 62
     4
100
AcDbSpline
210
0.0
220
0.0
230
1.0
 70
     8
 71
     3
 72
     8
 73
     4
 74
     0
 42
0.0000001
 43
0.0000000001
 40
0.0
 40
0.0
 40
0.0
 40
0.0
 40
1.0
 40
1.0
 40
1.0
 40
1.0
 10
3.251978106140001
 20
59.67762622743999
 30
0.0
 10
3.302592081619991
 20
59.67762622743999
 30
0.0
 10
3.344611233040013
 20
59.69386082794
 30
0.0
 10
3.378990376879983
 20
59.72633009243998
 30
0.0
  0
SPLINE
  5
3D5
330
2AF
100
AcDbEntity
  8
03___PRT_ALL_CURVES
  6
Continuous
 62
     4
100
AcDbSpline
210
0.0
220
0.0
230
1.0
 70
     8
 71
     3
 72
     8
 73
     4
 74
     0
 42
0.0000001
 43
0.0000000001
 40
0.0
 40
0.0
 40
0.0
 40
0.0
 40
1.0
 40
1.0
 40
1.0
 40
1.0
 10
3.378990376879983
 20
59.72633009243998
 30
0.0
 10
3.413369650259995
 20
59.75879948139999
 30
0.0
 10
3.430559295839998
 20
59.79699862014002
 30
0.0
 10
3.430559295839998
 20
59.84188265787998
 30
0.0
  0
SPLINE
  5
3D6
330
2AF
100
AcDbEntity
  8
03___PRT_ALL_CURVES
  6
Continuous
 62
     4
100
AcDbSpline
210
0.0
220
0.0
230
1.0
 70
     8
 71
     3
 72
     8
 73
     4
 74
     0
 42
0.0000001
 43
0.0000000001
 40
0.0
 40
0.0
 40
0.0
 40
0.0
 40
1.0
 40
1.0
 40
1.0
 40
1.0
 10
3.430559295839998
 20
59.84188265787998
 30
0.0
 10
3.430559295839998
 20
59.8839018093
 30
0.0
 10
3.41718966293999
 20
59.91828101918
 30
0.0
 10
3.39187815146002
 20
59.94359249002002
 30
0.0
  0
SPLINE
  5
3D7
330
2AF
100
AcDbEntity
  8
03___PRT_ALL_CURVES
  6
Continuous
 62
     4
100
AcDbSpline
210
0.0
220
0.0
230
1.0
 70
     8
 71
     3
 72
     8
 73
     4
 74
     0
 42
0.0000001
 43
0.0000000001
 40
0.0
 40
0.0
 40
0.0
 40
0.0
 40
1.0
 40
1.0
 40
1.0
 40
1.0
 10
3.39187815146002
 20
59.94359249002002
 30
0.0
 10
3.366575687459971
 20
59.96889491083999
 30
0.0
 10
3.331241435040027
 20
59.98226462502001
 30
0.0
 10
3.287312358560001
 20
59.98226462502001
 30
0.0
  0
SPLINE
  5
3D8
330
2AF
100
AcDbEntity
  8
03___PRT_ALL_CURVES
  6
Continuous
 62
     4
100
AcDbSpline
210
0.0
220
0.0
230
1.0
 70
     8
 71
     3
 72
     8
 73
     4
 74
     0
 42
0.0000001
 43
0.0000000001
 40
0.0
 40
0.0
 40
0.0
 40
0.0
 40
1.0
 40
1.0
 40
1.0
 40
1.0
 10
3.287312358560001
 20
59.98226462502001
 30
0.0
 10
3.24147335955999
 20
59.98226462502001
 30
0.0
 10
3.204229182079985
 20
59.96793994958
 30
0.0
 10
3.175579828660005
 20
59.94024555741998
 30
0.0
  0
SPLINE
  5
3D9
330
2AF
100
AcDbEntity
  8
03___PRT_ALL_CURVES
  6
Continuous
 62
     4
100
AcDbSpline
210
0.0
220
0.0
230
1.0
 70
     8
 71
     3
 72
     8
 73
     4
 74
     0
 42
0.0000001
 43
0.0000000001
 40
0.0
 40
0.0
 40
0.0
 40
0.0
 40
1.0
 40
1.0
 40
1.0
 40
1.0
 10
3.175579828660005
 20
59.94024555741998
 30
0.0
 10
3.146930472699978
 20
59.91255116526
 30
0.0
 10
3.126875775699972
 20
59.86384719611999
 30
0.0
 10
3.117325990379982
 20
59.79508869508001
 30
0.0
  0
SPLINE
  5
3DA
330
2AF
100
AcDbEntity
  8
03___PRT_ALL_CURVES
  6
Continuous
 62
     4
100
AcDbSpline
210
0.0
220
0.0
230
1.0
 70
     8
 71
     3
 72
     8
 73
     4
 74
     0
 42
0.0000001
 43
0.0000000001
 40
0.0
 40
0.0
 40
0.0
 40
0.0
 40
1.0
 40
1.0
 40
1.0
 40
1.0
 10
1.922169196039988
 20
56.23301501152002
 30
0.0
 10
1.85818559019998
 20
56.18431104491998
 30
0.0
 10
1.796111904339995
 20
56.14515686109999
 30
0.0
 10
1.73709480367998
 20
56.11517237954001
 30
0.0
  0
SPLINE
  5
3DB
330
2AF
100
AcDbEntity
  8
03___PRT_ALL_CURVES
  6
Continuous
 62
     4
100
AcDbSpline
210
0.0
220
0.0
230
1.0
 70
     8
 71
     3
 72
     8
 73
     4
 74
     0
 42
0.0000001
 43
0.0000000001
 40
0.0
 40
0.0
 40
0.0
 40
0.0
 40
1.0
 40
1.0
 40
1.0
 40
1.0
 10
1.73709480367998
 20
56.11517237954001
 30
0.0
 10
1.67769445511999
 20
56.08499318412001
 30
0.0
 10
1.603206039199989
 20
56.05634382816001
 30
0.0
 10
1.513437961179989
 20
56.02960439979998
 30
0.0
  0
SPLINE
  5
3DC
330
2AF
100
AcDbEntity
  8
03___PRT_ALL_CURVES
  6
Continuous
 62
     4
100
AcDbSpline
210
0.0
220
0.0
230
1.0
 70
     8
 71
     3
 72
     8
 73
     4
 74
     0
 42
0.0000001
 43
0.0000000001
 40
0.0
 40
0.0
 40
0.0
 40
0.0
 40
1.0
 40
1.0
 40
1.0
 40
1.0
 10
1.513437961179989
 20
56.34856755664001
 30
0.0
 10
1.645225149980007
 20
56.39058662677999
 30
0.0
 10
1.748362939640003
 20
56.44215556352
 30
0.0
 10
1.821939198379994
 20
56.50226686316
 30
0.0
  0
SPLINE
  5
3DD
330
2AF
100
AcDbEntity
  8
03___PRT_ALL_CURVES
  6
Continuous
 62
     4
100
AcDbSpline
210
0.0
220
0.0
230
1.0
 70
     8
 71
     3
 72
     8
 73
     4
 74
     0
 42
0.0000001
 43
0.0000000001
 40
0.0
 40
0.0
 40
0.0
 40
0.0
 40
1.0
 40
1.0
 40
1.0
 40
1.0
 10
1.821939198379994
 20
56.50226686316
 30
0.0
 10
1.894474803880001
 20
56.56152795622
 30
0.0
 10
1.951773553900011
 20
56.63601639245999
 30
0.0
 10
1.993792664679972
 20
56.72387454541999
 30
0.0
  0
SPLINE
  5
3DE
330
2AF
100
AcDbEntity
  8
03___PRT_ALL_CURVES
  6
Continuous
 62
     4
100
AcDbSpline
210
0.0
220
0.0
230
1.0
 70
     8
 71
     3
 72
     8
 73
     4
 74
     0
 42
0.0000001
 43
0.0000000001
 40
0.0
 40
0.0
 40
0.0
 40
0.0
 40
1.0
 40
1.0
 40
1.0
 40
1.0
 10
3.160777610359986
 20
56.17953615226
 30
0.0
 10
3.203751725579991
 20
56.19959068162001
 30
0.0
 10
3.246725838259948
 20
56.21487040468
 30
0.0
 10
3.288855212979996
 20
56.22492399391999
 30
0.0
  0
SPLINE
  5
3DF
330
2AF
100
AcDbEntity
  8
03___PRT_ALL_CURVES
  6
Continuous
 62
     4
100
AcDbSpline
210
0.0
220
0.0
230
1.0
 70
     8
 71
     3
 72
     8
 73
     4
 74
     0
 42
0.0000001
 43
0.0000000001
 40
0.0
 40
0.0
 40
0.0
 40
0.0
 40
1.0
 40
1.0
 40
1.0
 40
1.0
 10
3.288855212979996
 20
56.22492399391999
 30
0.0
 10
3.330763978539977
 20
56.23492493658003
 30
0.0
 10
3.372783129959998
 20
56.24065487432
 30
0.0
 10
3.414802283919983
 20
56.24065487432
 30
0.0
  0
SPLINE
  5
3E0
330
2AF
100
AcDbEntity
  8
03___PRT_ALL_CURVES
  6
Continuous
 62
     4
100
AcDbSpline
210
0.0
220
0.0
230
1.0
 70
     8
 71
     3
 72
     8
 73
     4
 74
     0
 42
0.0000001
 43
0.0000000001
 40
0.0
 40
0.0
 40
0.0
 40
0.0
 40
1.0
 40
1.0
 40
1.0
 40
1.0
 10
3.414802283919983
 20
56.24065487432
 30
0.0
 10
3.554229205979993
 20
56.24065487432
 30
0.0
 10
3.667871826039971
 20
56.19768075910002
 30
0.0
 10
3.755261892559986
 20
56.11315588878
 30
0.0
  0
SPLINE
  5
3E1
330
2AF
100
AcDbEntity
  8
03___PRT_ALL_CURVES
  6
Continuous
 62
     4
100
AcDbSpline
210
0.0
220
0.0
230
1.0
 70
     8
 71
     3
 72
     8
 73
     4
 74
     0
 42
0.0000001
 43
0.0000000001
 40
0.0
 40
0.0
 40
0.0
 40
0.0
 40
1.0
 40
1.0
 40
1.0
 40
1.0
 10
3.755261892559986
 20
56.11315588878
 30
0.0
 10
3.842633003059973
 20
56.02864935471999
 30
0.0
 10
3.886562079539999
 20
55.92169167430001
 30
0.0
 10
3.886562079539999
 20
55.79372441690001
 30
0.0
  0
SPLINE
  5
3E2
330
2AF
100
AcDbEntity
  8
03___PRT_ALL_CURVES
  6
Continuous
 62
     4
100
AcDbSpline
210
0.0
220
0.0
230
1.0
 70
     8
 71
     3
 72
     8
 73
     4
 74
     0
 42
0.0000001
 43
0.0000000001
 40
0.0
 40
0.0
 40
0.0
 40
0.0
 40
1.0
 40
1.0
 40
1.0
 40
1.0
 10
3.886562079539999
 20
55.79372441690001
 30
0.0
 10
3.886562079539999
 20
55.70300138016
 30
0.0
 10
3.86364266132
 20
55.61609823164002
 30
0.0
 10
3.818957546219963
 20
55.53290785700003
 30
0.0
  0
SPLINE
  5
3E3
330
2AF
100
AcDbEntity
  8
03___PRT_ALL_CURVES
  6
Continuous
 62
     4
100
AcDbSpline
210
0.0
220
0.0
230
1.0
 70
     8
 71
     3
 72
     8
 73
     4
 74
     0
 42
0.0000001
 43
0.0000000001
 40
0.0
 40
0.0
 40
0.0
 40
0.0
 40
1.0
 40
1.0
 40
1.0
 40
1.0
 10
3.818957546219963
 20
55.53290785700003
 30
0.0
 10
3.773874585839991
 20
55.44897681073999
 30
0.0
 10
3.709890980000011
 20
55.38594815600001
 30
0.0
 10
3.627762617460007
 20
55.34201906428001
 30
0.0
  0
SPLINE
  5
3E4
330
2AF
100
AcDbEntity
  8
03___PRT_ALL_CURVES
  6
Continuous
 62
     4
100
AcDbSpline
210
0.0
220
0.0
230
1.0
 70
     8
 71
     3
 72
     8
 73
     4
 74
     0
 42
0.0000001
 43
0.0000000001
 40
0.0
 40
0.0
 40
0.0
 40
0.0
 40
1.0
 40
1.0
 40
1.0
 40
1.0
 10
3.627762617460007
 20
55.34201906428001
 30
0.0
 10
3.545634381919967
 20
55.29809004114003
 30
0.0
 10
3.439631622120004
 20
55.27612551306001
 30
0.0
 10
3.311664407899997
 20
55.27612551306001
 30
0.0
  0
SPLINE
  5
3E5
330
2AF
100
AcDbEntity
  8
03___PRT_ALL_CURVES
  6
Continuous
 62
     4
100
AcDbSpline
210
0.0
220
0.0
230
1.0
 70
     8
 71
     3
 72
     8
 73
     4
 74
     0
 42
0.0000001
 43
0.0000000001
 40
0.0
 40
0.0
 40
0.0
 40
0.0
 40
1.0
 40
1.0
 40
1.0
 40
1.0
 10
3.311664407899997
 20
55.27612551306001
 30
0.0
 10
3.21903144609999
 20
55.27612551306001
 30
0.0
 10
3.139768117199964
 20
55.285675306
 30
0.0
 10
3.073986833980001
 20
55.30235895818001
 30
0.0
  0
SPLINE
  5
3E6
330
2AF
100
AcDbEntity
  8
03___PRT_ALL_CURVES
  6
Continuous
 62
     4
100
AcDbSpline
210
0.0
220
0.0
230
1.0
 70
     8
 71
     3
 72
     8
 73
     4
 74
     0
 42
0.0000001
 43
0.0000000001
 40
0.0
 40
0.0
 40
0.0
 40
0.0
 40
1.0
 40
1.0
 40
1.0
 40
1.0
 10
3.073986833980001
 20
55.30235895818001
 30
0.0
 10
3.007980887759999
 20
55.31909959018
 30
0.0
 10
2.951637142179976
 20
55.34583901600001
 30
0.0
 10
2.905798140639973
 20
55.38021827922
 30
0.0
  0
SPLINE
  5
3E7
330
2AF
100
AcDbEntity
  8
03___PRT_ALL_CURVES
  6
Continuous
 62
     4
100
AcDbSpline
210
0.0
220
0.0
230
1.0
 70
     8
 71
     3
 72
     8
 73
     4
 74
     0
 42
0.0000001
 43
0.0000000001
 40
0.0
 40
0.0
 40
0.0
 40
0.0
 40
1.0
 40
1.0
 40
1.0
 40
1.0
 10
2.905798140639973
 20
55.38021827922
 30
0.0
 10
2.859959144179982
 20
55.41459753989997
 30
0.0
 10
2.822714966700005
 20
55.45470668752003
 30
0.0
 10
2.794065504059972
 20
55.49863577924
 30
0.0
  0
SPLINE
  5
3E8
330
2AF
100
AcDbEntity
  8
03___PRT_ALL_CURVES
  6
Continuous
 62
     4
100
AcDbSpline
210
0.0
220
0.0
230
1.0
 70
     8
 71
     3
 72
     8
 73
     4
 74
     0
 42
0.0000001
 43
0.0000000001
 40
0.0
 40
0.0
 40
0.0
 40
0.0
 40
1.0
 40
1.0
 40
1.0
 40
1.0
 10
2.794065504059972
 20
55.49863577924
 30
0.0
 10
2.765416092219994
 20
55.5425647973
 30
0.0
 10
2.741541628920004
 20
55.59699864068
 30
0.0
 10
2.722442060820015
 20
55.66289223507999
 30
0.0
  0
SPLINE
  5
3E9
330
2AF
100
AcDbEntity
  8
03___PRT_ALL_CURVES
  6
Continuous
 62
     4
100
AcDbSpline
210
0.0
220
0.0
230
1.0
 70
     8
 71
     3
 72
     8
 73
     4
 74
     0
 42
0.0000001
 43
0.0000000001
 40
0.0
 40
0.0
 40
0.0
 40
0.0
 40
1.0
 40
1.0
 40
1.0
 40
1.0
 10
3.115893572619996
 20
55.70586630712
 30
0.0
 10
3.125443357940014
 20
55.64283766000003
 30
0.0
 10
3.147407977460006
 20
55.59413369339998
 30
0.0
 10
3.182521209239951
 20
55.56142549364
 30
0.0
  0
SPLINE
  5
3EA
330
2AF
100
AcDbEntity
  8
03___PRT_ALL_CURVES
  6
Continuous
 62
     4
100
AcDbSpline
210
0.0
220
0.0
230
1.0
 70
     8
 71
     3
 72
     8
 73
     4
 74
     0
 42
0.0000001
 43
0.0000000001
 40
0.0
 40
0.0
 40
0.0
 40
0.0
 40
1.0
 40
1.0
 40
1.0
 40
1.0
 10
3.182521209239951
 20
55.56142549364
 30
0.0
 10
3.217121523579976
 20
55.52919508312002
 30
0.0
 10
3.259140509900021
 20
55.51296043943998
 30
0.0
 10
3.307844560320007
 20
55.51296043943998
 30
0.0
  0
SPLINE
  5
3EB
330
2AF
100
AcDbEntity
  8
03___PRT_ALL_CURVES
  6
Continuous
 62
     4
100
AcDbSpline
210
0.0
220
0.0
230
1.0
 70
     8
 71
     3
 72
     8
 73
     4
 74
     0
 42
0.0000001
 43
0.0000000001
 40
0.0
 40
0.0
 40
0.0
 40
0.0
 40
1.0
 40
1.0
 40
1.0
 40
1.0
 10
3.307844560320007
 20
55.51296043943998
 30
0.0
 10
3.361323422119995
 20
55.51296043943998
 30
0.0
 10
3.406207459860013
 20
55.53301501197998
 30
0.0
 10
3.441541707199974
 20
55.5740791234
 30
0.0
  0
SPLINE
  5
3EC
330
2AF
100
AcDbEntity
  8
03___PRT_ALL_CURVES
  6
Continuous
 62
     4
100
AcDbSpline
210
0.0
220
0.0
230
1.0
 70
     8
 71
     3
 72
     8
 73
     4
 74
     0
 42
0.0000001
 43
0.0000000001
 40
0.0
 40
0.0
 40
0.0
 40
0.0
 40
1.0
 40
1.0
 40
1.0
 40
1.0
 10
3.441541707199974
 20
55.5740791234
 30
0.0
 10
3.476875967240005
 20
55.61514324752
 30
0.0
 10
3.495020574079973
 20
55.67626194926001
 30
0.0
 10
3.495020574079973
 20
55.75839016447998
 30
0.0
  0
SPLINE
  5
3ED
330
2AF
100
AcDbEntity
  8
03___PRT_ALL_CURVES
  6
Continuous
 62
     4
100
AcDbSpline
210
0.0
220
0.0
230
1.0
 70
     8
 71
     3
 72
     8
 73
     4
 74
     0
 42
0.0000001
 43
0.0000000001
 40
0.0
 40
0.0
 40
0.0
 40
0.0
 40
1.0
 40
1.0
 40
1.0
 40
1.0
 10
3.495020574079973
 20
55.75839016447998
 30
0.0
 10
3.495020574079973
 20
55.84147338160003
 30
0.0
 10
3.476875967240005
 20
55.90259210366
 30
0.0
 10
3.441043666539969
 20
55.9412909747
 30
0.0
  0
SPLINE
  5
3EE
330
2AF
100
AcDbEntity
  8
03___PRT_ALL_CURVES
  6
Continuous
 62
     4
100
AcDbSpline
210
0.0
220
0.0
230
1.0
 70
     8
 71
     3
 72
     8
 73
     4
 74
     0
 42
0.0000001
 43
0.0000000001
 40
0.0
 40
0.0
 40
0.0
 40
0.0
 40
1.0
 40
1.0
 40
1.0
 40
1.0
 10
3.441043666539969
 20
55.9412909747
 30
0.0
 10
3.405252498599964
 20
55.97994542622001
 30
0.0
 10
3.358458370699992
 20
55.99999999875999
 30
0.0
 10
3.2992497388
 20
55.99999999875999
 30
0.0
  0
SPLINE
  5
3EF
330
2AF
100
AcDbEntity
  8
03___PRT_ALL_CURVES
  6
Continuous
 62
     4
100
AcDbSpline
210
0.0
220
0.0
230
1.0
 70
     8
 71
     3
 72
     8
 73
     4
 74
     0
 42
0.0000001
 43
0.0000000001
 40
0.0
 40
0.0
 40
0.0
 40
0.0
 40
1.0
 40
1.0
 40
1.0
 40
1.0
 10
3.2992497388
 20
55.99999999875999
 30
0.0
 10
3.261050600060003
 20
55.99999999875999
 30
0.0
 10
3.224761216199965
 20
55.99045021597999
 30
0.0
 10
3.190210320099993
 20
55.97263486934
 30
0.0
  0
SPLINE
  5
3F0
330
2AF
100
AcDbEntity
  8
03___PRT_ALL_CURVES
  6
Continuous
 62
     4
100
AcDbSpline
210
0.0
220
0.0
230
1.0
 70
     8
 71
     3
 72
     8
 73
     4
 74
     0
 42
0.0000001
 43
0.0000000001
 40
0.0
 40
0.0
 40
0.0
 40
0.0
 40
1.0
 40
1.0
 40
1.0
 40
1.0
 10
3.190210320099993
 20
55.97263486934
 30
0.0
 10
3.163642661779988
 20
55.95893589241999
 30
0.0
 10
3.134993140719985
 20
55.93410642722
 30
0.0
 10
3.104433864779963
 20
55.89972713606002
 30
0.0
  0
SPLINE
  5
3F1
330
2AF
100
AcDbEntity
  8
03___PRT_ALL_CURVES
  6
Continuous
 62
     4
100
AcDbSpline
210
0.0
220
0.0
230
1.0
 70
     8
 71
     3
 72
     8
 73
     4
 74
     0
 42
0.0000001
 43
0.0000000001
 40
0.0
 40
0.0
 40
0.0
 40
0.0
 40
1.0
 40
1.0
 40
1.0
 40
1.0
 10
1.925034153479999
 20
52.73301501128
 30
0.0
 10
1.861050545099971
 20
52.68431104468002
 30
0.0
 10
1.798976861779977
 20
52.64515686086
 30
0.0
 10
1.739959761119991
 20
52.61517237929999
 30
0.0
  0
SPLINE
  5
3F2
330
2AF
100
AcDbEntity
  8
03___PRT_ALL_CURVES
  6
Continuous
 62
     4
100
AcDbSpline
210
0.0
220
0.0
230
1.0
 70
     8
 71
     3
 72
     8
 73
     4
 74
     0
 42
0.0000001
 43
0.0000000001
 40
0.0
 40
0.0
 40
0.0
 40
0.0
 40
1.0
 40
1.0
 40
1.0
 40
1.0
 10
1.739959761119991
 20
52.61517237929999
 30
0.0
 10
1.680559410019981
 20
52.58499318387999
 30
0.0
 10
1.606070994100008
 20
52.55634383045998
 30
0.0
 10
1.516302918619971
 20
52.52960439956001
 30
0.0
  0
SPLINE
  5
3F3
330
2AF
100
AcDbEntity
  8
03___PRT_ALL_CURVES
  6
Continuous
 62
     4
100
AcDbSpline
210
0.0
220
0.0
230
1.0
 70
     8
 71
     3
 72
     8
 73
     4
 74
     0
 42
0.0000001
 43
0.0000000001
 40
0.0
 40
0.0
 40
0.0
 40
0.0
 40
1.0
 40
1.0
 40
1.0
 40
1.0
 10
1.516302918619971
 20
52.84856755639998
 30
0.0
 10
1.648090104880026
 20
52.89058662654
 30
0.0
 10
1.751227897079985
 20
52.94215556328001
 30
0.0
 10
1.824804155820004
 20
53.00226686291998
 30
0.0
  0
SPLINE
  5
3F4
330
2AF
100
AcDbEntity
  8
03___PRT_ALL_CURVES
  6
Continuous
 62
     4
100
AcDbSpline
210
0.0
220
0.0
230
1.0
 70
     8
 71
     3
 72
     8
 73
     4
 74
     0
 42
0.0000001
 43
0.0000000001
 40
0.0
 40
0.0
 40
0.0
 40
0.0
 40
1.0
 40
1.0
 40
1.0
 40
1.0
 10
1.824804155820004
 20
53.00226686291998
 30
0.0
 10
1.897339761320012
 20
53.06152795597998
 30
0.0
 10
1.954638511340022
 20
53.13601639222
 30
0.0
 10
1.996657622119983
 20
53.22387454518002
 30
0.0
  0
SPLINE
  5
3F5
330
2AF
100
AcDbEntity
  8
03___PRT_ALL_CURVES
  6
Continuous
 62
     4
100
AcDbSpline
210
0.0
220
0.0
230
1.0
 70
     8
 71
     3
 72
     8
 73
     4
 74
     0
 42
0.0000001
 43
0.0000000001
 40
0.0
 40
0.0
 40
0.0
 40
0.0
 40
1.0
 40
1.0
 40
1.0
 40
1.0
 10
3.883697264340014
 20
52.93738058679997
 30
0.0
 10
3.78437923844001
 20
52.84761251131999
 30
0.0
 10
3.702251023219958
 20
52.75115962065999
 30
0.0
 10
3.63645928535999
 20
52.64795686541999
 30
0.0
  0
SPLINE
  5
3F6
330
2AF
100
AcDbEntity
  8
03___PRT_ALL_CURVES
  6
Continuous
 62
     4
100
AcDbSpline
210
0.0
220
0.0
230
1.0
 70
     8
 71
     3
 72
     8
 73
     4
 74
     0
 42
0.0000001
 43
0.0000000001
 40
0.0
 40
0.0
 40
0.0
 40
0.0
 40
1.0
 40
1.0
 40
1.0
 40
1.0
 10
3.63645928535999
 20
52.64795686541999
 30
0.0
 10
3.556139199619963
 20
52.52196453676001
 30
0.0
 10
3.492155593779984
 20
52.38158252897998
 30
0.0
 10
3.445495514380013
 20
52.22712149678
 30
0.0
  0
SPLINE
  5
3F7
330
2AF
100
AcDbEntity
  8
03___PRT_ALL_CURVES
  6
Continuous
 62
     4
100
AcDbSpline
210
0.0
220
0.0
230
1.0
 70
     8
 71
     3
 72
     8
 73
     4
 74
     0
 42
0.0000001
 43
0.0000000001
 40
0.0
 40
0.0
 40
0.0
 40
0.0
 40
1.0
 40
1.0
 40
1.0
 40
1.0
 10
3.445495514380013
 20
52.22712149678
 30
0.0
 10
3.409072417299967
 20
52.10654842576
 30
0.0
 10
3.384242908919987
 20
51.96425648275999
 30
0.0
 10
3.37182823981999
 20
51.79999999897998
 30
0.0
  0
SPLINE
  5
3F8
330
2AF
100
AcDbEntity
  8
03___PRT_ALL_CURVES
  6
Continuous
 62
     4
100
AcDbSpline
210
0.0
220
0.0
230
1.0
 70
     8
 71
     3
 72
     8
 73
     4
 74
     0
 42
0.0000001
 43
0.0000000001
 40
0.0
 40
0.0
 40
0.0
 40
0.0
 40
1.0
 40
1.0
 40
1.0
 40
1.0
 10
2.984106414299987
 20
51.79999999897998
 30
0.0
 10
3.014665860419996
 20
52.02824009875999
 30
0.0
 10
3.062414781940021
 20
52.22019098485998
 30
0.0
 10
3.127903540979986
 20
52.37506944827999
 30
0.0
  0
SPLINE
  5
3F9
330
2AF
100
AcDbEntity
  8
03___PRT_ALL_CURVES
  6
Continuous
 62
     4
100
AcDbSpline
210
0.0
220
0.0
230
1.0
 70
     8
 71
     3
 72
     8
 73
     4
 74
     0
 42
0.0000001
 43
0.0000000001
 40
0.0
 40
0.0
 40
0.0
 40
0.0
 40
1.0
 40
1.0
 40
1.0
 40
1.0
 10
3.127903540979986
 20
52.37506944827999
 30
0.0
 10
3.193247050119965
 20
52.52960439956001
 30
0.0
 10
3.297339719759975
 20
52.69481579126
 30
0.0
 10
3.43963169323996
 20
52.87148705589999
 30
0.0
  0
SPLINE
  5
3FA
330
2AF
100
AcDbEntity
  8
03___PRT_ALL_CURVES
  6
Continuous
 62
     4
100
AcDbSpline
210
0.0
220
0.0
230
1.0
 70
     8
 71
     3
 72
     8
 73
     4
 74
     0
 42
0.0000001
 43
0.0000000001
 40
0.0
 40
0.0
 40
0.0
 40
0.0
 40
1.0
 40
1.0
 40
1.0
 40
1.0
 10
1.925511587119985
 20
49.23301501358
 30
0.0
 10
1.861527978739986
 20
49.18431104443997
 30
0.0
 10
1.799454295419991
 20
49.14515686062001
 30
0.0
 10
1.740437192219986
 20
49.11517237906
 30
0.0
  0
SPLINE
  5
3FB
330
2AF
100
AcDbEntity
  8
03___PRT_ALL_CURVES
  6
Continuous
 62
     4
100
AcDbSpline
210
0.0
220
0.0
230
1.0
 70
     8
 71
     3
 72
     8
 73
     4
 74
     0
 42
0.0000001
 43
0.0000000001
 40
0.0
 40
0.0
 40
0.0
 40
0.0
 40
1.0
 40
1.0
 40
1.0
 40
1.0
 10
1.740437192219986
 20
49.11517237906
 30
0.0
 10
1.681036843659996
 20
49.08499318364002
 30
0.0
 10
1.606548427739966
 20
49.05634383021999
 30
0.0
 10
1.516780352259985
 20
49.02960439931999
 30
0.0
  0
SPLINE
  5
3FC
330
2AF
100
AcDbEntity
  8
03___PRT_ALL_CURVES
  6
Continuous
 62
     4
100
AcDbSpline
210
0.0
220
0.0
230
1.0
 70
     8
 71
     3
 72
     8
 73
     4
 74
     0
 42
0.0000001
 43
0.0000000001
 40
0.0
 40
0.0
 40
0.0
 40
0.0
 40
1.0
 40
1.0
 40
1.0
 40
1.0
 10
1.516780352259985
 20
49.34856755616002
 30
0.0
 10
1.648567538519984
 20
49.39058662630001
 30
0.0
 10
1.751705330719972
 20
49.44215556304002
 30
0.0
 10
1.825281586919999
 20
49.50226686267999
 30
0.0
  0
SPLINE
  5
3FD
330
2AF
100
AcDbEntity
  8
03___PRT_ALL_CURVES
  6
Continuous
 62
     4
100
AcDbSpline
210
0.0
220
0.0
230
1.0
 70
     8
 71
     3
 72
     8
 73
     4
 74
     0
 42
0.0000001
 43
0.0000000001
 40
0.0
 40
0.0
 40
0.0
 40
0.0
 40
1.0
 40
1.0
 40
1.0
 40
1.0
 10
1.825281586919999
 20
49.50226686267999
 30
0.0
 10
1.897817194959998
 20
49.56152795573999
 30
0.0
 10
1.95511594497998
 20
49.63601639197998
 30
0.0
 10
1.997135055759998
 20
49.72387454493997
 30
0.0
  0
SPLINE
  5
3FE
330
2AF
100
AcDbEntity
  8
03___PRT_ALL_CURVES
  6
Continuous
 62
     4
100
AcDbSpline
210
0.0
220
0.0
230
1.0
 70
     8
 71
     3
 72
     8
 73
     4
 74
     0
 42
0.0000001
 43
0.0000000001
 40
0.0
 40
0.0
 40
0.0
 40
0.0
 40
1.0
 40
1.0
 40
1.0
 40
1.0
 10
3.145975392060024
 20
48.66289223460001
 30
0.0
 10
3.155525177379985
 20
48.60845839122001
 30
0.0
 10
3.172714822960018
 20
48.57025920930002
 30
0.0
 10
3.19709215038003
 20
48.5477938745
 30
0.0
  0
SPLINE
  5
3FF
330
2AF
100
AcDbEntity
  8
03___PRT_ALL_CURVES
  6
Continuous
 62
     4
100
AcDbSpline
210
0.0
220
0.0
230
1.0
 70
     8
 71
     3
 72
     8
 73
     4
 74
     0
 42
0.0000001
 43
0.0000000001
 40
0.0
 40
0.0
 40
0.0
 40
0.0
 40
1.0
 40
1.0
 40
1.0
 40
1.0
 10
3.19709215038003
 20
48.5477938745
 30
0.0
 10
3.221418875919994
 20
48.52537517156
 30
0.0
 10
3.251023190599994
 20
48.51487040466
 30
0.0
 10
3.286357443019995
 20
48.51487040466
 30
0.0
  0
SPLINE
  5
400
330
2AF
100
AcDbEntity
  8
03___PRT_ALL_CURVES
  6
Continuous
 62
     4
100
AcDbSpline
210
0.0
220
0.0
230
1.0
 70
     8
 71
     3
 72
     8
 73
     4
 74
     0
 42
0.0000001
 43
0.0000000001
 40
0.0
 40
0.0
 40
0.0
 40
0.0
 40
1.0
 40
1.0
 40
1.0
 40
1.0
 10
3.286357443019995
 20
48.51487040466
 30
0.0
 10
3.348431128880009
 20
48.51487040466
 30
0.0
 10
3.397135014199961
 20
48.54638472822
 30
0.0
 10
3.432084901119993
 20
48.60962731700002
 30
0.0
  0
SPLINE
  5
401
330
2AF
100
AcDbEntity
  8
03___PRT_ALL_CURVES
  6
Continuous
 62
     4
100
AcDbSpline
210
0.0
220
0.0
230
1.0
 70
     8
 71
     3
 72
     8
 73
     4
 74
     0
 42
0.0000001
 43
0.0000000001
 40
0.0
 40
0.0
 40
0.0
 40
0.0
 40
1.0
 40
1.0
 40
1.0
 40
1.0
 10
3.432084901119993
 20
48.60962731700002
 30
0.0
 10
3.457298772460007
 20
48.65525237179997
 30
0.0
 10
3.476398343100016
 20
48.75361527133998
 30
0.0
 10
3.489768141099972
 20
48.90450202823999
 30
0.0
  0
SPLINE
  5
402
330
2AF
100
AcDbEntity
  8
03___PRT_ALL_CURVES
  6
Continuous
 62
     4
100
AcDbSpline
210
0.0
220
0.0
230
1.0
 70
     8
 71
     3
 72
     8
 73
     4
 74
     0
 42
0.0000001
 43
0.0000000001
 40
0.0
 40
0.0
 40
0.0
 40
0.0
 40
1.0
 40
1.0
 40
1.0
 40
1.0
 10
3.489768141099972
 20
48.90450202823999
 30
0.0
 10
3.442974013199972
 20
48.85675306354003
 30
0.0
 10
3.395225089140013
 20
48.82141880858001
 30
0.0
 10
3.346618775380023
 20
48.79923923139998
 30
0.0
  0
SPLINE
  5
403
330
2AF
100
AcDbEntity
  8
03___PRT_ALL_CURVES
  6
Continuous
 62
     4
100
AcDbSpline
210
0.0
220
0.0
230
1.0
 70
     8
 71
     3
 72
     8
 73
     4
 74
     0
 42
0.0000001
 43
0.0000000001
 40
0.0
 40
0.0
 40
0.0
 40
0.0
 40
1.0
 40
1.0
 40
1.0
 40
1.0
 10
3.346618775380023
 20
48.79923923139998
 30
0.0
 10
3.296862189599977
 20
48.77653477083999
 30
0.0
 10
3.240518444019983
 20
48.76603002426
 30
0.0
 10
3.176534838179975
 20
48.76603002426
 30
0.0
  0
SPLINE
  5
404
330
2AF
100
AcDbEntity
  8
03___PRT_ALL_CURVES
  6
Continuous
 62
     4
100
AcDbSpline
210
0.0
220
0.0
230
1.0
 70
     8
 71
     3
 72
     8
 73
     4
 74
     0
 42
0.0000001
 43
0.0000000001
 40
0.0
 40
0.0
 40
0.0
 40
0.0
 40
1.0
 40
1.0
 40
1.0
 40
1.0
 10
3.176534838179975
 20
48.76603002426
 30
0.0
 10
3.050477546479982
 20
48.76603002426
 30
0.0
 10
2.944474786680018
 20
48.80995906010003
 30
0.0
 10
2.858287727659985
 20
48.89949785739998
 30
0.0
  0
SPLINE
  5
405
330
2AF
100
AcDbEntity
  8
03___PRT_ALL_CURVES
  6
Continuous
 62
     4
100
AcDbSpline
210
0.0
220
0.0
230
1.0
 70
     8
 71
     3
 72
     8
 73
     4
 74
     0
 42
0.0000001
 43
0.0000000001
 40
0.0
 40
0.0
 40
0.0
 40
0.0
 40
1.0
 40
1.0
 40
1.0
 40
1.0
 10
2.858287727659985
 20
48.89949785739998
 30
0.0
 10
2.772578495979985
 20
48.9885402498
 30
0.0
 10
2.72960438075998
 20
49.10122786795998
 30
0.0
 10
2.72960438075998
 20
49.23778990369999
 30
0.0
  0
SPLINE
  5
406
330
2AF
100
AcDbEntity
  8
03___PRT_ALL_CURVES
  6
Continuous
 62
     4
100
AcDbSpline
210
0.0
220
0.0
230
1.0
 70
     8
 71
     3
 72
     8
 73
     4
 74
     0
 42
0.0000001
 43
0.0000000001
 40
0.0
 40
0.0
 40
0.0
 40
0.0
 40
1.0
 40
1.0
 40
1.0
 40
1.0
 10
2.72960438075998
 20
49.23778990369999
 30
0.0
 10
2.72960438075998
 20
49.33042294932
 30
0.0
 10
2.751568918999993
 20
49.41541613214
 30
0.0
 10
2.795497942139974
 20
49.49181447566002
 30
0.0
  0
SPLINE
  5
407
330
2AF
100
AcDbEntity
  8
03___PRT_ALL_CURVES
  6
Continuous
 62
     4
100
AcDbSpline
210
0.0
220
0.0
230
1.0
 70
     8
 71
     3
 72
     8
 73
     4
 74
     0
 42
0.0000001
 43
0.0000000001
 40
0.0
 40
0.0
 40
0.0
 40
0.0
 40
1.0
 40
1.0
 40
1.0
 40
1.0
 10
2.795497942139974
 20
49.49181447566002
 30
0.0
 10
2.839426988139991
 20
49.56821285474001
 30
0.0
 10
2.899590748940028
 20
49.62551156158003
 30
0.0
 10
2.97684591319998
 20
49.66485889969999
 30
0.0
  0
SPLINE
  5
408
330
2AF
100
AcDbEntity
  8
03___PRT_ALL_CURVES
  6
Continuous
 62
     4
100
AcDbSpline
210
0.0
220
0.0
230
1.0
 70
     8
 71
     3
 72
     8
 73
     4
 74
     0
 42
0.0000001
 43
0.0000000001
 40
0.0
 40
0.0
 40
0.0
 40
0.0
 40
1.0
 40
1.0
 40
1.0
 40
1.0
 10
2.97684591319998
 20
49.66485889969999
 30
0.0
 10
3.05334243025996
 20
49.70381984794
 30
0.0
 10
3.150750368539974
 20
49.72387454493997
 30
0.0
 10
3.267257874920006
 20
49.72387454493997
 30
0.0
  0
SPLINE
  5
409
330
2AF
100
AcDbEntity
  8
03___PRT_ALL_CURVES
  6
Continuous
 62
     4
100
AcDbSpline
210
0.0
220
0.0
230
1.0
 70
     8
 71
     3
 72
     8
 73
     4
 74
     0
 42
0.0000001
 43
0.0000000001
 40
0.0
 40
0.0
 40
0.0
 40
0.0
 40
1.0
 40
1.0
 40
1.0
 40
1.0
 10
3.267257874920006
 20
49.72387454493997
 30
0.0
 10
3.406684796979988
 20
49.72387454493997
 30
0.0
 10
3.519372455779973
 20
49.69904503910001
 30
0.0
 10
3.604250309899982
 20
49.65109146724001
 30
0.0
  0
SPLINE
  5
40A
330
2AF
100
AcDbEntity
  8
03___PRT_ALL_CURVES
  6
Continuous
 62
     4
100
AcDbSpline
210
0.0
220
0.0
230
1.0
 70
     8
 71
     3
 72
     8
 73
     4
 74
     0
 42
0.0000001
 43
0.0000000001
 40
0.0
 40
0.0
 40
0.0
 40
0.0
 40
1.0
 40
1.0
 40
1.0
 40
1.0
 10
3.604250309899982
 20
49.65109146724001
 30
0.0
 10
3.688403862699971
 20
49.60354710716001
 30
0.0
 10
3.756207316119969
 20
49.52714866458001
 30
0.0
 10
3.806821291599988
 20
49.42210094985998
 30
0.0
  0
SPLINE
  5
40B
330
2AF
100
AcDbEntity
  8
03___PRT_ALL_CURVES
  6
Continuous
 62
     4
100
AcDbSpline
210
0.0
220
0.0
230
1.0
 70
     8
 71
     3
 72
     8
 73
     4
 74
     0
 42
0.0000001
 43
0.0000000001
 40
0.0
 40
0.0
 40
0.0
 40
0.0
 40
1.0
 40
1.0
 40
1.0
 40
1.0
 10
3.806821291599988
 20
49.42210094985998
 30
0.0
 10
3.857435267080007
 20
49.31705323514001
 30
0.0
 10
3.883219569079984
 20
49.17953615177998
 30
0.0
 10
3.883219569079984
 20
49.00763986108001
 30
0.0
  0
SPLINE
  5
40C
330
2AF
100
AcDbEntity
  8
03___PRT_ALL_CURVES
  6
Continuous
 62
     4
100
AcDbSpline
210
0.0
220
0.0
230
1.0
 70
     8
 71
     3
 72
     8
 73
     4
 74
     0
 42
0.0000001
 43
0.0000000001
 40
0.0
 40
0.0
 40
0.0
 40
0.0
 40
1.0
 40
1.0
 40
1.0
 40
1.0
 10
3.883219569079984
 20
49.00763986108001
 30
0.0
 10
3.883219569079984
 20
48.75457027578
 30
0.0
 10
3.829740874919992
 20
48.56930422772001
 30
0.0
 10
3.723475750900008
 20
48.45207904941998
 30
0.0
  0
SPLINE
  5
40D
330
2AF
100
AcDbEntity
  8
03___PRT_ALL_CURVES
  6
Continuous
 62
     4
100
AcDbSpline
210
0.0
220
0.0
230
1.0
 70
     8
 71
     3
 72
     8
 73
     4
 74
     0
 42
0.0000001
 43
0.0000000001
 40
0.0
 40
0.0
 40
0.0
 40
0.0
 40
1.0
 40
1.0
 40
1.0
 40
1.0
 10
3.723475750900008
 20
48.45207904941998
 30
0.0
 10
3.616780394059987
 20
48.33437926195998
 30
0.0
 10
3.469713444100023
 20
48.27612551258002
 30
0.0
 10
3.281582469079979
 20
48.27612551258002
 30
0.0
  0
SPLINE
  5
40E
330
2AF
100
AcDbEntity
  8
03___PRT_ALL_CURVES
  6
Continuous
 62
     4
100
AcDbSpline
210
0.0
220
0.0
230
1.0
 70
     8
 71
     3
 72
     8
 73
     4
 74
     0
 42
0.0000001
 43
0.0000000001
 40
0.0
 40
0.0
 40
0.0
 40
0.0
 40
1.0
 40
1.0
 40
1.0
 40
1.0
 10
3.281582469079979
 20
48.27612551258002
 30
0.0
 10
3.169849936639991
 20
48.27612551258002
 30
0.0
 10
3.081991786219987
 20
48.28949522421999
 30
0.0
 10
3.018106343759968
 20
48.31457618752003
 30
0.0
  0
SPLINE
  5
40F
330
2AF
100
AcDbEntity
  8
03___PRT_ALL_CURVES
  6
Continuous
 62
     4
100
AcDbSpline
210
0.0
220
0.0
230
1.0
 70
     8
 71
     3
 72
     8
 73
     4
 74
     0
 42
0.0000001
 43
0.0000000001
 40
0.0
 40
0.0
 40
0.0
 40
0.0
 40
1.0
 40
1.0
 40
1.0
 40
1.0
 10
3.018106343759968
 20
48.31457618752003
 30
0.0
 10
2.953069608199968
 20
48.34010914128001
 30
0.0
 10
2.899590748940028
 20
48.37830832065998
 30
0.0
 10
2.857295309020003
 20
48.42773214866
 30
0.0
  0
SPLINE
  5
410
330
2AF
100
AcDbEntity
  8
03___PRT_ALL_CURVES
  6
Continuous
 62
     4
100
AcDbSpline
210
0.0
220
0.0
230
1.0
 70
     8
 71
     3
 72
     8
 73
     4
 74
     0
 42
0.0000001
 43
0.0000000001
 40
0.0
 40
0.0
 40
0.0
 40
0.0
 40
1.0
 40
1.0
 40
1.0
 40
1.0
 10
2.857295309020003
 20
48.42773214866
 30
0.0
 10
2.814597482299973
 20
48.47762618653999
 30
0.0
 10
2.782128281300004
 20
48.53969986985999
 30
0.0
 10
2.759208695440009
 20
48.61418826545997
 30
0.0
  0
SPLINE
  5
411
330
2AF
100
AcDbEntity
  8
03___PRT_ALL_CURVES
  6
Continuous
 62
     4
100
AcDbSpline
210
0.0
220
0.0
230
1.0
 70
     8
 71
     3
 72
     8
 73
     4
 74
     0
 42
0.0000001
 43
0.0000000001
 40
0.0
 40
0.0
 40
0.0
 40
0.0
 40
1.0
 40
1.0
 40
1.0
 40
1.0
 10
3.475443381839995
 20
49.2387448675
 30
0.0
 10
3.475443381839995
 20
49.31418826500001
 30
0.0
 10
3.456343811199986
 20
49.37339698072
 30
0.0
 10
3.418144606419986
 20
49.41637103497999
 30
0.0
  0
SPLINE
  5
412
330
2AF
100
AcDbEntity
  8
03___PRT_ALL_CURVES
  6
Continuous
 62
     4
100
AcDbSpline
210
0.0
220
0.0
230
1.0
 70
     8
 71
     3
 72
     8
 73
     4
 74
     0
 42
0.0000001
 43
0.0000000001
 40
0.0
 40
0.0
 40
0.0
 40
0.0
 40
1.0
 40
1.0
 40
1.0
 40
1.0
 10
3.418144606419986
 20
49.41637103497999
 30
0.0
 10
3.379945366079994
 20
49.4593451248
 30
0.0
 10
3.33315140581999
 20
49.48130966304004
 30
0.0
 10
3.278717582759981
 20
49.48130966304004
 30
0.0
  0
SPLINE
  5
413
330
2AF
100
AcDbEntity
  8
03___PRT_ALL_CURVES
  6
Continuous
 62
     4
100
AcDbSpline
210
0.0
220
0.0
230
1.0
 70
     8
 71
     3
 72
     8
 73
     4
 74
     0
 42
0.0000001
 43
0.0000000001
 40
0.0
 40
0.0
 40
0.0
 40
0.0
 40
1.0
 40
1.0
 40
1.0
 40
1.0
 10
3.278717582759981
 20
49.48130966304004
 30
0.0
 10
3.227148646020026
 20
49.48130966304004
 30
0.0
 10
3.184174698440017
 20
49.46125513368
 30
0.0
 10
3.150031830480003
 20
49.42284444595998
 30
0.0
  0
SPLINE
  5
414
330
2AF
100
AcDbEntity
  8
03___PRT_ALL_CURVES
  6
Continuous
 62
     4
100
AcDbSpline
210
0.0
220
0.0
230
1.0
 70
     8
 71
     3
 72
     8
 73
     4
 74
     0
 42
0.0000001
 43
0.0000000001
 40
0.0
 40
0.0
 40
0.0
 40
0.0
 40
1.0
 40
1.0
 40
1.0
 40
1.0
 10
3.150031830480003
 20
49.42284444595998
 30
0.0
 10
3.115416116119974
 20
49.38390181112001
 30
0.0
 10
3.099181431799963
 20
49.32564805666001
 30
0.0
 10
3.099181431799963
 20
49.24829465028
 30
0.0
  0
SPLINE
  5
415
330
2AF
100
AcDbEntity
  8
03___PRT_ALL_CURVES
  6
Continuous
 62
     4
100
AcDbSpline
210
0.0
220
0.0
230
1.0
 70
     8
 71
     3
 72
     8
 73
     4
 74
     0
 42
0.0000001
 43
0.0000000001
 40
0.0
 40
0.0
 40
0.0
 40
0.0
 40
1.0
 40
1.0
 40
1.0
 40
1.0
 10
3.099181431799963
 20
49.24829465028
 30
0.0
 10
3.099181431799963
 20
49.16998636645999
 30
0.0
 10
3.116371077379995
 20
49.10982260566001
 30
0.0
 10
3.151470255340001
 20
49.06855738974002
 30
0.0
  0
SPLINE
  5
416
330
2AF
100
AcDbEntity
  8
03___PRT_ALL_CURVES
  6
Continuous
 62
     4
100
AcDbSpline
210
0.0
220
0.0
230
1.0
 70
     8
 71
     3
 72
     8
 73
     4
 74
     0
 42
0.0000001
 43
0.0000000001
 40
0.0
 40
0.0
 40
0.0
 40
0.0
 40
1.0
 40
1.0
 40
1.0
 40
1.0
 10
3.151470255340001
 20
49.06855738974002
 30
0.0
 10
3.187039584760015
 20
49.02673942918
 30
0.0
 10
3.230968658699965
 20
49.00668481600002
 30
0.0
 10
3.284447520500009
 20
49.00668481600002
 30
0.0
  0
SPLINE
  5
417
330
2AF
100
AcDbEntity
  8
03___PRT_ALL_CURVES
  6
Continuous
 62
     4
100
AcDbSpline
210
0.0
220
0.0
230
1.0
 70
     8
 71
     3
 72
     8
 73
     4
 74
     0
 42
0.0000001
 43
0.0000000001
 40
0.0
 40
0.0
 40
0.0
 40
0.0
 40
1.0
 40
1.0
 40
1.0
 40
1.0
 10
3.284447520500009
 20
49.00668481600002
 30
0.0
 10
3.33888134355999
 20
49.00668481600002
 30
0.0
 10
3.384720342560001
 20
49.02673942918
 30
0.0
 10
3.421009558779986
 20
49.0668485768
 30
0.0
  0
SPLINE
  5
418
330
2AF
100
AcDbEntity
  8
03___PRT_ALL_CURVES
  6
Continuous
 62
     4
100
AcDbSpline
210
0.0
220
0.0
230
1.0
 70
     8
 71
     3
 72
     8
 73
     4
 74
     0
 42
0.0000001
 43
0.0000000001
 40
0.0
 40
0.0
 40
0.0
 40
0.0
 40
1.0
 40
1.0
 40
1.0
 40
1.0
 10
3.421009558779986
 20
49.0668485768
 30
0.0
 10
3.457298772460007
 20
49.10695772188001
 30
0.0
 10
3.475443381839995
 20
49.16425651254002
 30
0.0
 10
3.475443381839995
 20
49.2387448675
 30
0.0
  0
SPLINE
  5
419
330
2AF
100
AcDbEntity
  8
03___PRT_ALL_CURVES
  6
Continuous
 62
     4
100
AcDbSpline
210
0.0
220
0.0
230
1.0
 70
     8
 71
     3
 72
     8
 73
     4
 74
     0
 42
0.0000001
 43
0.0000000001
 40
0.0
 40
0.0
 40
0.0
 40
0.0
 40
1.0
 40
1.0
 40
1.0
 40
1.0
 10
1.592701224039985
 20
44.79999999850003
 30
0.0
 10
1.60607093822
 20
44.91459754172001
 30
0.0
 10
1.646180073139988
 20
45.02346520815999
 30
0.0
 10
1.713983620539977
 20
45.12469303466
 30
0.0
  0
SPLINE
  5
41A
330
2AF
100
AcDbEntity
  8
03___PRT_ALL_CURVES
  6
Continuous
 62
     4
100
AcDbSpline
210
0.0
220
0.0
230
1.0
 70
     8
 71
     3
 72
     8
 73
     4
 74
     0
 42
0.0000001
 43
0.0000000001
 40
0.0
 40
0.0
 40
0.0
 40
0.0
 40
1.0
 40
1.0
 40
1.0
 40
1.0
 10
1.713983620539977
 20
45.12469303466
 30
0.0
 10
1.781787180640009
 20
45.22592087894
 30
0.0
 10
1.908799453919983
 20
45.34624827354
 30
0.0
 10
2.095985584499999
 20
45.48470658438001
 30
0.0
  0
SPLINE
  5
41B
330
2AF
100
AcDbEntity
  8
03___PRT_ALL_CURVES
  6
Continuous
 62
     4
100
AcDbSpline
210
0.0
220
0.0
230
1.0
 70
     8
 71
     3
 72
     8
 73
     4
 74
     0
 42
0.0000001
 43
0.0000000001
 40
0.0
 40
0.0
 40
0.0
 40
0.0
 40
1.0
 40
1.0
 40
1.0
 40
1.0
 10
2.095985584499999
 20
45.48470658438001
 30
0.0
 10
2.209618003919985
 20
45.56875849908002
 30
0.0
 10
2.28219643381999
 20
45.63369715254001
 30
0.0
 10
2.314354538159961
 20
45.67785453691999
 30
0.0
  0
SPLINE
  5
41C
330
2AF
100
AcDbEntity
  8
03___PRT_ALL_CURVES
  6
Continuous
 62
     4
100
AcDbSpline
210
0.0
220
0.0
230
1.0
 70
     8
 71
     3
 72
     8
 73
     4
 74
     0
 42
0.0000001
 43
0.0000000001
 40
0.0
 40
0.0
 40
0.0
 40
0.0
 40
1.0
 40
1.0
 40
1.0
 40
1.0
 10
2.314354538159961
 20
45.67785453691999
 30
0.0
 10
2.346180042199961
 20
45.72155522168001
 30
0.0
 10
2.362414726519972
 20
45.76261941183998
 30
0.0
 10
2.362414726519972
 20
45.80272847309999
 30
0.0
  0
SPLINE
  5
41D
330
2AF
100
AcDbEntity
  8
03___PRT_ALL_CURVES
  6
Continuous
 62
     4
100
AcDbSpline
210
0.0
220
0.0
230
1.0
 70
     8
 71
     3
 72
     8
 73
     4
 74
     0
 42
0.0000001
 43
0.0000000001
 40
0.0
 40
0.0
 40
0.0
 40
0.0
 40
1.0
 40
1.0
 40
1.0
 40
1.0
 10
2.362414726519972
 20
45.80272847309999
 30
0.0
 10
2.362414726519972
 20
45.84474762706
 30
0.0
 10
2.346180042199961
 20
45.88103684073999
 30
0.0
 10
2.314665718640015
 20
45.91159620304001
 30
0.0
  0
SPLINE
  5
41E
330
2AF
100
AcDbEntity
  8
03___PRT_ALL_CURVES
  6
Continuous
 62
     4
100
AcDbSpline
210
0.0
220
0.0
230
1.0
 70
     8
 71
     3
 72
     8
 73
     4
 74
     0
 42
0.0000001
 43
0.0000000001
 40
0.0
 40
0.0
 40
0.0
 40
0.0
 40
1.0
 40
1.0
 40
1.0
 40
1.0
 10
2.314665718640015
 20
45.91159620304001
 30
0.0
 10
2.283151397620003
 20
45.9421555628
 30
0.0
 10
2.243997295079993
 20
45.95743520204002
 30
0.0
 10
2.19624828973997
 20
45.95743520204002
 30
0.0
  0
SPLINE
  5
41F
330
2AF
100
AcDbEntity
  8
03___PRT_ALL_CURVES
  6
Continuous
 62
     4
100
AcDbSpline
210
0.0
220
0.0
230
1.0
 70
     8
 71
     3
 72
     8
 73
     4
 74
     0
 42
0.0000001
 43
0.0000000001
 40
0.0
 40
0.0
 40
0.0
 40
0.0
 40
1.0
 40
1.0
 40
1.0
 40
1.0
 10
2.19624828973997
 20
45.95743520204002
 30
0.0
 10
2.146589359340027
 20
45.95743520204002
 30
0.0
 10
2.105525252999996
 20
45.94120051772001
 30
0.0
 10
2.074248734399987
 20
45.91039789962002
 30
0.0
  0
SPLINE
  5
420
330
2AF
100
AcDbEntity
  8
03___PRT_ALL_CURVES
  6
Continuous
 62
     4
100
AcDbSpline
210
0.0
220
0.0
230
1.0
 70
     8
 71
     3
 72
     8
 73
     4
 74
     0
 42
0.0000001
 43
0.0000000001
 40
0.0
 40
0.0
 40
0.0
 40
0.0
 40
1.0
 40
1.0
 40
1.0
 40
1.0
 10
2.074248734399987
 20
45.91039789962002
 30
0.0
 10
2.042496565239986
 20
45.87912683439998
 30
0.0
 10
2.021487028899998
 20
45.82373805008001
 30
0.0
 10
2.010982241679983
 20
45.74542976626
 30
0.0
  0
SPLINE
  5
421
330
2AF
100
AcDbEntity
  8
03___PRT_ALL_CURVES
  6
Continuous
 62
     4
100
AcDbSpline
210
0.0
220
0.0
230
1.0
 70
     8
 71
     3
 72
     8
 73
     4
 74
     0
 42
0.0000001
 43
0.0000000001
 40
0.0
 40
0.0
 40
0.0
 40
0.0
 40
1.0
 40
1.0
 40
1.0
 40
1.0
 10
1.621350607940002
 20
45.77694408982001
 30
0.0
 10
1.636630277659975
 20
45.88581173339998
 30
0.0
 10
1.664324692679997
 20
45.97175988002002
 30
0.0
 10
1.705058057999992
 20
46.03309953127999
 30
0.0
  0
SPLINE
  5
422
330
2AF
100
AcDbEntity
  8
03___PRT_ALL_CURVES
  6
Continuous
 62
     4
100
AcDbSpline
210
0.0
220
0.0
230
1.0
 70
     8
 71
     3
 72
     8
 73
     4
 74
     0
 42
0.0000001
 43
0.0000000001
 40
0.0
 40
0.0
 40
0.0
 40
0.0
 40
1.0
 40
1.0
 40
1.0
 40
1.0
 10
1.705058057999992
 20
46.03309953127999
 30
0.0
 10
1.745497944100009
 20
46.09399724031999
 30
0.0
 10
1.802796714439978
 20
46.14174624566002
 30
0.0
 10
1.877285115119975
 20
46.17421557111999
 30
0.0
  0
SPLINE
  5
423
330
2AF
100
AcDbEntity
  8
03___PRT_ALL_CURVES
  6
Continuous
 62
     4
100
AcDbSpline
210
0.0
220
0.0
230
1.0
 70
     8
 71
     3
 72
     8
 73
     4
 74
     0
 42
0.0000001
 43
0.0000000001
 40
0.0
 40
0.0
 40
0.0
 40
0.0
 40
1.0
 40
1.0
 40
1.0
 40
1.0
 10
1.877285115119975
 20
46.17421557111999
 30
0.0
 10
1.951773525959993
 20
46.20668489912001
 30
0.0
 10
2.053956356899988
 20
46.22387454470001
 30
0.0
 10
2.185743502519983
 20
46.22387454470001
 30
0.0
  0
SPLINE
  5
424
330
2AF
100
AcDbEntity
  8
03___PRT_ALL_CURVES
  6
Continuous
 62
     4
100
AcDbSpline
210
0.0
220
0.0
230
1.0
 70
     8
 71
     3
 72
     8
 73
     4
 74
     0
 42
0.0000001
 43
0.0000000001
 40
0.0
 40
0.0
 40
0.0
 40
0.0
 40
1.0
 40
1.0
 40
1.0
 40
1.0
 10
2.185743502519983
 20
46.22387454470001
 30
0.0
 10
2.322305581439991
 20
46.22387454470001
 30
0.0
 10
2.428308341239983
 20
46.20763986038
 30
0.0
 10
2.504541305360021
 20
46.17667021187998
 30
0.0
  0
SPLINE
  5
425
330
2AF
100
AcDbEntity
  8
03___PRT_ALL_CURVES
  6
Continuous
 62
     4
100
AcDbSpline
210
0.0
220
0.0
230
1.0
 70
     8
 71
     3
 72
     8
 73
     4
 74
     0
 42
0.0000001
 43
0.0000000001
 40
0.0
 40
0.0
 40
0.0
 40
0.0
 40
1.0
 40
1.0
 40
1.0
 40
1.0
 10
2.504541305360021
 20
46.17667021187998
 30
0.0
 10
2.581105061299979
 20
46.14556617706
 30
0.0
 10
2.640313777019998
 20
46.09781716918002
 30
0.0
 10
2.684242833180008
 20
46.03287858938
 30
0.0
  0
SPLINE
  5
426
330
2AF
100
AcDbEntity
  8
03___PRT_ALL_CURVES
  6
Continuous
 62
     4
100
AcDbSpline
210
0.0
220
0.0
230
1.0
 70
     8
 71
     3
 72
     8
 73
     4
 74
     0
 42
0.0000001
 43
0.0000000001
 40
0.0
 40
0.0
 40
0.0
 40
0.0
 40
1.0
 40
1.0
 40
1.0
 40
1.0
 10
2.684242833180008
 20
46.03287858938
 30
0.0
 10
2.728171929979965
 20
45.96793994862003
 30
0.0
 10
2.750136384400008
 20
45.89631647997999
 30
0.0
 10
2.750136384400008
 20
45.81609818982
 30
0.0
  0
SPLINE
  5
427
330
2AF
100
AcDbEntity
  8
03___PRT_ALL_CURVES
  6
Continuous
 62
     4
100
AcDbSpline
210
0.0
220
0.0
230
1.0
 70
     8
 71
     3
 72
     8
 73
     4
 74
     0
 42
0.0000001
 43
0.0000000001
 40
0.0
 40
0.0
 40
0.0
 40
0.0
 40
1.0
 40
1.0
 40
1.0
 40
1.0
 10
2.750136384400008
 20
45.81609818982
 30
0.0
 10
2.750136384400008
 20
45.73015004320001
 30
0.0
 10
2.724351998579976
 20
45.64897679178
 30
0.0
 10
2.674909394900027
 20
45.57148501889998
 30
0.0
  0
SPLINE
  5
428
330
2AF
100
AcDbEntity
  8
03___PRT_ALL_CURVES
  6
Continuous
 62
     4
100
AcDbSpline
210
0.0
220
0.0
230
1.0
 70
     8
 71
     3
 72
     8
 73
     4
 74
     0
 42
0.0000001
 43
0.0000000001
 40
0.0
 40
0.0
 40
0.0
 40
0.0
 40
1.0
 40
1.0
 40
1.0
 40
1.0
 10
2.674909394900027
 20
45.57148501889998
 30
0.0
 10
2.625034137779977
 20
45.49331514221998
 30
0.0
 10
2.534311017220006
 20
45.40832195939998
 30
0.0
 10
2.40234416659996
 20
45.31594514643999
 30
0.0
  0
LINE
  5
429
330
2AF
100
AcDbEntity
  8
03___PRT_ALL_CURVES
  6
Continuous
 62
     4
100
AcDbLine
 10
2.40234416659996
 20
45.31594514643999
 30
0.0
 11
2.245183812899995
 21
45.20175496587999
 31
0.0
  0
LINE
  5
42A
330
2AF
100
AcDbEntity
  8
03___PRT_ALL_CURVES
  6
Continuous
 62
     4
100
AcDbLine
 10
2.245183812899995
 20
45.20175496587999
 30
0.0
 11
2.15231921326
 21
45.1170532125
 31
0.0
  0
SPLINE
  5
42B
330
2AF
100
AcDbEntity
  8
03___PRT_ALL_CURVES
  6
Continuous
 62
     4
100
AcDbSpline
210
0.0
220
0.0
230
1.0
 70
     8
 71
     3
 72
     8
 73
     4
 74
     0
 42
0.0000001
 43
0.0000000001
 40
0.0
 40
0.0
 40
0.0
 40
0.0
 40
1.0
 40
1.0
 40
1.0
 40
1.0
 10
3.413847251539977
 20
45.73301501334001
 30
0.0
 10
3.349863645699998
 20
45.6843110442
 30
0.0
 10
3.287789962379975
 20
45.64515686037998
 30
0.0
 10
3.228772777899991
 20
45.61517237373999
 30
0.0
  0
SPLINE
  5
42C
330
2AF
100
AcDbEntity
  8
03___PRT_ALL_CURVES
  6
Continuous
 62
     4
100
AcDbSpline
210
0.0
220
0.0
230
1.0
 70
     8
 71
     3
 72
     8
 73
     4
 74
     0
 42
0.0000001
 43
0.0000000001
 40
0.0
 40
0.0
 40
0.0
 40
0.0
 40
1.0
 40
1.0
 40
1.0
 40
1.0
 10
3.228772777899991
 20
45.61517237373999
 30
0.0
 10
3.169372363299999
 20
45.58499318339997
 30
0.0
 10
3.094884010880037
 20
45.55634382997999
 30
0.0
 10
3.005115935399999
 20
45.52960439908
 30
0.0
  0
SPLINE
  5
42D
330
2AF
100
AcDbEntity
  8
03___PRT_ALL_CURVES
  6
Continuous
 62
     4
100
AcDbSpline
210
0.0
220
0.0
230
1.0
 70
     8
 71
     3
 72
     8
 73
     4
 74
     0
 42
0.0000001
 43
0.0000000001
 40
0.0
 40
0.0
 40
0.0
 40
0.0
 40
1.0
 40
1.0
 40
1.0
 40
1.0
 10
3.005115935399999
 20
45.84856755591997
 30
0.0
 10
3.136903162299973
 20
45.89058662606001
 30
0.0
 10
3.240040870680019
 20
45.9421555628
 30
0.0
 10
3.313617228480012
 20
46.00226689292001
 30
0.0
  0
SPLINE
  5
42E
330
2AF
100
AcDbEntity
  8
03___PRT_ALL_CURVES
  6
Continuous
 62
     4
100
AcDbSpline
210
0.0
220
0.0
230
1.0
 70
     8
 71
     3
 72
     8
 73
     4
 74
     0
 42
0.0000001
 43
0.0000000001
 40
0.0
 40
0.0
 40
0.0
 40
0.0
 40
1.0
 40
1.0
 40
1.0
 40
1.0
 10
3.313617228480012
 20
46.00226689292001
 30
0.0
 10
3.386152859380019
 20
46.0615279555
 30
0.0
 10
3.443451568759997
 20
46.13601639174001
 30
0.0
 10
3.48547072017999
 20
46.22387454470001
 30
0.0
  0
SPLINE
  5
42F
330
2AF
100
AcDbEntity
  8
03___PRT_ALL_CURVES
  6
Continuous
 62
     4
100
AcDbSpline
210
0.0
220
0.0
230
1.0
 70
     8
 71
     3
 72
     8
 73
     4
 74
     0
 42
0.0000001
 43
0.0000000001
 40
0.0
 40
0.0
 40
0.0
 40
0.0
 40
1.0
 40
1.0
 40
1.0
 40
1.0
 10
1.460914042859997
 20
41.3000000008
 30
0.0
 10
1.474283757040013
 20
41.41459754147996
 30
0.0
 10
1.51439289196
 20
41.52346520792
 30
0.0
 10
1.58219643935999
 20
41.62469303442001
 30
0.0
  0
SPLINE
  5
430
330
2AF
100
AcDbEntity
  8
03___PRT_ALL_CURVES
  6
Continuous
 62
     4
100
AcDbSpline
210
0.0
220
0.0
230
1.0
 70
     8
 71
     3
 72
     8
 73
     4
 74
     0
 42
0.0000001
 43
0.0000000001
 40
0.0
 40
0.0
 40
0.0
 40
0.0
 40
1.0
 40
1.0
 40
1.0
 40
1.0
 10
1.58219643935999
 20
41.62469303442001
 30
0.0
 10
1.649999999460022
 20
41.72592087870001
 30
0.0
 10
1.777012272739995
 20
41.84624827584
 30
0.0
 10
1.964198403320012
 20
41.98470658414001
 30
0.0
  0
SPLINE
  5
431
330
2AF
100
AcDbEntity
  8
03___PRT_ALL_CURVES
  6
Continuous
 62
     4
100
AcDbSpline
210
0.0
220
0.0
230
1.0
 70
     8
 71
     3
 72
     8
 73
     4
 74
     0
 42
0.0000001
 43
0.0000000001
 40
0.0
 40
0.0
 40
0.0
 40
0.0
 40
1.0
 40
1.0
 40
1.0
 40
1.0
 10
1.964198403320012
 20
41.98470658414001
 30
0.0
 10
2.077830822739998
 20
42.06875849884
 30
0.0
 10
2.150409255179966
 20
42.13369715230002
 30
0.0
 10
2.182567356980002
 20
42.17785453668
 30
0.0
  0
SPLINE
  5
432
330
2AF
100
AcDbEntity
  8
03___PRT_ALL_CURVES
  6
Continuous
 62
     4
100
AcDbSpline
210
0.0
220
0.0
230
1.0
 70
     8
 71
     3
 72
     8
 73
     4
 74
     0
 42
0.0000001
 43
0.0000000001
 40
0.0
 40
0.0
 40
0.0
 40
0.0
 40
1.0
 40
1.0
 40
1.0
 40
1.0
 10
2.182567356980002
 20
42.17785453668
 30
0.0
 10
2.214392861020002
 20
42.22155522143998
 30
0.0
 10
2.230627545340013
 20
42.26261941160001
 30
0.0
 10
2.230627545340013
 20
42.30272847286
 30
0.0
  0
SPLINE
  5
433
330
2AF
100
AcDbEntity
  8
03___PRT_ALL_CURVES
  6
Continuous
 62
     4
100
AcDbSpline
210
0.0
220
0.0
230
1.0
 70
     8
 71
     3
 72
     8
 73
     4
 74
     0
 42
0.0000001
 43
0.0000000001
 40
0.0
 40
0.0
 40
0.0
 40
0.0
 40
1.0
 40
1.0
 40
1.0
 40
1.0
 10
2.230627545340013
 20
42.30272847286
 30
0.0
 10
2.230627545340013
 20
42.34474762681998
 30
0.0
 10
2.214392861020002
 20
42.3810368405
 30
0.0
 10
2.182878537459999
 20
42.41159620279998
 30
0.0
  0
SPLINE
  5
434
330
2AF
100
AcDbEntity
  8
03___PRT_ALL_CURVES
  6
Continuous
 62
     4
100
AcDbSpline
210
0.0
220
0.0
230
1.0
 70
     8
 71
     3
 72
     8
 73
     4
 74
     0
 42
0.0000001
 43
0.0000000001
 40
0.0
 40
0.0
 40
0.0
 40
0.0
 40
1.0
 40
1.0
 40
1.0
 40
1.0
 10
2.182878537459999
 20
42.41159620279998
 30
0.0
 10
2.151364216439987
 20
42.44215556256
 30
0.0
 10
2.112210116439996
 20
42.4574352018
 30
0.0
 10
2.064461108559982
 20
42.4574352018
 30
0.0
  0
SPLINE
  5
435
330
2AF
100
AcDbEntity
  8
03___PRT_ALL_CURVES
  6
Continuous
 62
     4
100
AcDbSpline
210
0.0
220
0.0
230
1.0
 70
     8
 71
     3
 72
     8
 73
     4
 74
     0
 42
0.0000001
 43
0.0000000001
 40
0.0
 40
0.0
 40
0.0
 40
0.0
 40
1.0
 40
1.0
 40
1.0
 40
1.0
 10
2.064461108559982
 20
42.4574352018
 30
0.0
 10
2.014802178159982
 20
42.4574352018
 30
0.0
 10
1.973738071820009
 20
42.44120051747998
 30
0.0
 10
1.942461553219971
 20
42.41039789938
 30
0.0
  0
SPLINE
  5
436
330
2AF
100
AcDbEntity
  8
03___PRT_ALL_CURVES
  6
Continuous
 62
     4
100
AcDbSpline
210
0.0
220
0.0
230
1.0
 70
     8
 71
     3
 72
     8
 73
     4
 74
     0
 42
0.0000001
 43
0.0000000001
 40
0.0
 40
0.0
 40
0.0
 40
0.0
 40
1.0
 40
1.0
 40
1.0
 40
1.0
 10
1.942461553219971
 20
42.41039789938
 30
0.0
 10
1.910709384059999
 20
42.37912683416002
 30
0.0
 10
1.889699850259973
 20
42.32373804983999
 30
0.0
 10
1.879195060499995
 20
42.24542976602001
 30
0.0
  0
SPLINE
  5
437
330
2AF
100
AcDbEntity
  8
03___PRT_ALL_CURVES
  6
Continuous
 62
     4
100
AcDbSpline
210
0.0
220
0.0
230
1.0
 70
     8
 71
     3
 72
     8
 73
     4
 74
     0
 42
0.0000001
 43
0.0000000001
 40
0.0
 40
0.0
 40
0.0
 40
0.0
 40
1.0
 40
1.0
 40
1.0
 40
1.0
 10
1.489563426759986
 20
42.27694408958001
 30
0.0
 10
1.504843096479988
 20
42.38581173316001
 30
0.0
 10
1.532537511499982
 20
42.47175987978
 30
0.0
 10
1.573270876820004
 20
42.53309953104002
 30
0.0
  0
SPLINE
  5
438
330
2AF
100
AcDbEntity
  8
03___PRT_ALL_CURVES
  6
Continuous
 62
     4
100
AcDbSpline
210
0.0
220
0.0
230
1.0
 70
     8
 71
     3
 72
     8
 73
     4
 74
     0
 42
0.0000001
 43
0.0000000001
 40
0.0
 40
0.0
 40
0.0
 40
0.0
 40
1.0
 40
1.0
 40
1.0
 40
1.0
 10
1.573270876820004
 20
42.53309953104002
 30
0.0
 10
1.613710762920022
 20
42.59399724008003
 30
0.0
 10
1.671009533259991
 20
42.64174624541999
 30
0.0
 10
1.745497933939987
 20
42.67421557087999
 30
0.0
  0
SPLINE
  5
439
330
2AF
100
AcDbEntity
  8
03___PRT_ALL_CURVES
  6
Continuous
 62
     4
100
AcDbSpline
210
0.0
220
0.0
230
1.0
 70
     8
 71
     3
 72
     8
 73
     4
 74
     0
 42
0.0000001
 43
0.0000000001
 40
0.0
 40
0.0
 40
0.0
 40
0.0
 40
1.0
 40
1.0
 40
1.0
 40
1.0
 10
1.745497933939987
 20
42.67421557087999
 30
0.0
 10
1.819986344779977
 20
42.70668489887998
 30
0.0
 10
1.922169175720001
 20
42.72387454445999
 30
0.0
 10
2.053956321339996
 20
42.72387454445999
 30
0.0
  0
SPLINE
  5
43A
330
2AF
100
AcDbEntity
  8
03___PRT_ALL_CURVES
  6
Continuous
 62
     4
100
AcDbSpline
210
0.0
220
0.0
230
1.0
 70
     8
 71
     3
 72
     8
 73
     4
 74
     0
 42
0.0000001
 43
0.0000000001
 40
0.0
 40
0.0
 40
0.0
 40
0.0
 40
1.0
 40
1.0
 40
1.0
 40
1.0
 10
2.053956321339996
 20
42.72387454445999
 30
0.0
 10
2.190518400260004
 20
42.72387454445999
 30
0.0
 10
2.296521160059967
 20
42.70763986014001
 30
0.0
 10
2.372754124180005
 20
42.67667021164002
 30
0.0
  0
SPLINE
  5
43B
330
2AF
100
AcDbEntity
  8
03___PRT_ALL_CURVES
  6
Continuous
 62
     4
100
AcDbSpline
210
0.0
220
0.0
230
1.0
 70
     8
 71
     3
 72
     8
 73
     4
 74
     0
 42
0.0000001
 43
0.0000000001
 40
0.0
 40
0.0
 40
0.0
 40
0.0
 40
1.0
 40
1.0
 40
1.0
 40
1.0
 10
2.372754124180005
 20
42.67667021164002
 30
0.0
 10
2.449317880119992
 20
42.64556617681998
 30
0.0
 10
2.50852659584001
 20
42.59781717147999
 30
0.0
 10
2.552455651999992
 20
42.53287858914001
 30
0.0
  0
SPLINE
  5
43C
330
2AF
100
AcDbEntity
  8
03___PRT_ALL_CURVES
  6
Continuous
 62
     4
100
AcDbSpline
210
0.0
220
0.0
230
1.0
 70
     8
 71
     3
 72
     8
 73
     4
 74
     0
 42
0.0000001
 43
0.0000000001
 40
0.0
 40
0.0
 40
0.0
 40
0.0
 40
1.0
 40
1.0
 40
1.0
 40
1.0
 10
2.552455651999992
 20
42.53287858914001
 30
0.0
 10
2.596384748799977
 20
42.46793994837998
 30
0.0
 10
2.618349203219992
 20
42.39631647973999
 30
0.0
 10
2.618349203219992
 20
42.31609818958
 30
0.0
  0
SPLINE
  5
43D
330
2AF
100
AcDbEntity
  8
03___PRT_ALL_CURVES
  6
Continuous
 62
     4
100
AcDbSpline
210
0.0
220
0.0
230
1.0
 70
     8
 71
     3
 72
     8
 73
     4
 74
     0
 42
0.0000001
 43
0.0000000001
 40
0.0
 40
0.0
 40
0.0
 40
0.0
 40
1.0
 40
1.0
 40
1.0
 40
1.0
 10
2.618349203219992
 20
42.31609818958
 30
0.0
 10
2.618349203219992
 20
42.23015004295999
 30
0.0
 10
2.592564817400017
 20
42.14897679154004
 30
0.0
 10
2.543122213720011
 20
42.07148501866001
 30
0.0
  0
SPLINE
  5
43E
330
2AF
100
AcDbEntity
  8
03___PRT_ALL_CURVES
  6
Continuous
 62
     4
100
AcDbSpline
210
0.0
220
0.0
230
1.0
 70
     8
 71
     3
 72
     8
 73
     4
 74
     0
 42
0.0000001
 43
0.0000000001
 40
0.0
 40
0.0
 40
0.0
 40
0.0
 40
1.0
 40
1.0
 40
1.0
 40
1.0
 10
2.543122213720011
 20
42.07148501866001
 30
0.0
 10
2.49324695659999
 20
41.99331514197999
 30
0.0
 10
2.40252383603999
 20
41.90832195915999
 30
0.0
 10
2.270556985420001
 20
41.81594514619999
 30
0.0
  0
LINE
  5
43F
330
2AF
100
AcDbEntity
  8
03___PRT_ALL_CURVES
  6
Continuous
 62
     4
100
AcDbLine
 10
2.270556985420001
 20
41.81594514619999
 30
0.0
 11
2.113396631719979
 21
41.70175496564002
 31
0.0
  0
LINE
  5
440
330
2AF
100
AcDbEntity
  8
03___PRT_ALL_CURVES
  6
Continuous
 62
     4
100
AcDbLine
 10
2.113396631719979
 20
41.70175496564002
 30
0.0
 11
2.020532032079984
 21
41.61705321226
 31
0.0
  0
SPLINE
  5
441
330
2AF
100
AcDbEntity
  8
03___PRT_ALL_CURVES
  6
Continuous
 62
     4
100
AcDbSpline
210
0.0
220
0.0
230
1.0
 70
     8
 71
     3
 72
     8
 73
     4
 74
     0
 42
0.0000001
 43
0.0000000001
 40
0.0
 40
0.0
 40
0.0
 40
0.0
 40
1.0
 40
1.0
 40
1.0
 40
1.0
 10
2.803615291920011
 20
42.36098222731999
 30
0.0
 10
2.834174654219993
 20
42.4774897337
 30
0.0
 10
2.892428322320001
 20
42.56725780918001
 30
0.0
 10
2.979558473179992
 20
42.62997233450002
 30
0.0
  0
SPLINE
  5
442
330
2AF
100
AcDbEntity
  8
03___PRT_ALL_CURVES
  6
Continuous
 62
     4
100
AcDbSpline
210
0.0
220
0.0
230
1.0
 70
     8
 71
     3
 72
     8
 73
     4
 74
     0
 42
0.0000001
 43
0.0000000001
 40
0.0
 40
0.0
 40
0.0
 40
0.0
 40
1.0
 40
1.0
 40
1.0
 40
1.0
 10
2.979558473179992
 20
42.62997233450002
 30
0.0
 10
3.066234705719978
 20
42.69236013962001
 30
0.0
 10
3.189426943460006
 20
42.72387454445999
 30
0.0
 10
3.348908565059986
 20
42.72387454445999
 30
0.0
  0
SPLINE
  5
443
330
2AF
100
AcDbEntity
  8
03___PRT_ALL_CURVES
  6
Continuous
 62
     4
100
AcDbSpline
210
0.0
220
0.0
230
1.0
 70
     8
 71
     3
 72
     8
 73
     4
 74
     0
 42
0.0000001
 43
0.0000000001
 40
0.0
 40
0.0
 40
0.0
 40
0.0
 40
1.0
 40
1.0
 40
1.0
 40
1.0
 10
3.348908565059986
 20
42.72387454445999
 30
0.0
 10
3.531309602339974
 20
42.72387454445999
 30
0.0
 10
3.663096829240004
 20
42.68949525329998
 30
0.0
 10
3.744795182480004
 20
42.62117437139997
 30
0.0
  0
SPLINE
  5
444
330
2AF
100
AcDbEntity
  8
03___PRT_ALL_CURVES
  6
Continuous
 62
     4
100
AcDbSpline
210
0.0
220
0.0
230
1.0
 70
     8
 71
     3
 72
     8
 73
     4
 74
     0
 42
0.0000001
 43
0.0000000001
 40
0.0
 40
0.0
 40
0.0
 40
0.0
 40
1.0
 40
1.0
 40
1.0
 40
1.0
 10
3.744795182480004
 20
42.62117437139997
 30
0.0
 10
3.826398298420003
 20
42.55293313119998
 30
0.0
 10
3.867462488580003
 20
42.46793994837998
 30
0.0
 10
3.867462488580003
 20
42.36480215872001
 30
0.0
  0
SPLINE
  5
445
330
2AF
100
AcDbEntity
  8
03___PRT_ALL_CURVES
  6
Continuous
 62
     4
100
AcDbSpline
210
0.0
220
0.0
230
1.0
 70
     8
 71
     3
 72
     8
 73
     4
 74
     0
 42
0.0000001
 43
0.0000000001
 40
0.0
 40
0.0
 40
0.0
 40
0.0
 40
1.0
 40
1.0
 40
1.0
 40
1.0
 10
3.867462488580003
 20
42.36480215872001
 30
0.0
 10
3.867462488580003
 20
42.30368351793999
 30
0.0
 10
3.850272842999971
 20
42.24924969741997
 30
0.0
 10
3.817694658219978
 20
42.20061844847999
 30
0.0
  0
SPLINE
  5
446
330
2AF
100
AcDbEntity
  8
03___PRT_ALL_CURVES
  6
Continuous
 62
     4
100
AcDbSpline
210
0.0
220
0.0
230
1.0
 70
     8
 71
     3
 72
     8
 73
     4
 74
     0
 42
0.0000001
 43
0.0000000001
 40
0.0
 40
0.0
 40
0.0
 40
0.0
 40
1.0
 40
1.0
 40
1.0
 40
1.0
 10
3.817694658219978
 20
42.20061844847999
 30
0.0
 10
3.784379312099986
 20
42.15088679787999
 30
0.0
 10
3.734720297880017
 20
42.10791268265999
 30
0.0
 10
3.667871805719983
 20
42.07162346897996
 30
0.0
  0
SPLINE
  5
447
330
2AF
100
AcDbEntity
  8
03___PRT_ALL_CURVES
  6
Continuous
 62
     4
100
AcDbSpline
210
0.0
220
0.0
230
1.0
 70
     8
 71
     3
 72
     8
 73
     4
 74
     0
 42
0.0000001
 43
0.0000000001
 40
0.0
 40
0.0
 40
0.0
 40
0.0
 40
1.0
 40
1.0
 40
1.0
 40
1.0
 10
3.667871805719983
 20
42.07162346897996
 30
0.0
 10
3.721350667519999
 20
42.05825375225999
 30
0.0
 10
3.763369651299996
 20
42.04201906793998
 30
0.0
 10
3.791824062259991
 20
42.02450869655999
 30
0.0
  0
SPLINE
  5
448
330
2AF
100
AcDbEntity
  8
03___PRT_ALL_CURVES
  6
Continuous
 62
     4
100
AcDbSpline
210
0.0
220
0.0
230
1.0
 70
     8
 71
     3
 72
     8
 73
     4
 74
     0
 42
0.0000001
 43
0.0000000001
 40
0.0
 40
0.0
 40
0.0
 40
0.0
 40
1.0
 40
1.0
 40
1.0
 40
1.0
 10
3.791824062259991
 20
42.02450869655999
 30
0.0
 10
3.837858173900031
 20
41.99618006893999
 30
0.0
 10
3.874147387579995
 20
41.95798088956002
 30
0.0
 10
3.899931801340017
 20
41.91118685564001
 30
0.0
  0
SPLINE
  5
449
330
2AF
100
AcDbEntity
  8
03___PRT_ALL_CURVES
  6
Continuous
 62
     4
100
AcDbSpline
210
0.0
220
0.0
230
1.0
 70
     8
 71
     3
 72
     8
 73
     4
 74
     0
 42
0.0000001
 43
0.0000000001
 40
0.0
 40
0.0
 40
0.0
 40
0.0
 40
1.0
 40
1.0
 40
1.0
 40
1.0
 10
3.899931801340017
 20
41.91118685564001
 30
0.0
 10
3.925716159220002
 20
41.86439292332
 30
0.0
 10
3.939085957219987
 20
41.80900409835999
 30
0.0
 10
3.939085957219987
 20
41.74406548808
 30
0.0
  0
SPLINE
  5
44A
330
2AF
100
AcDbEntity
  8
03___PRT_ALL_CURVES
  6
Continuous
 62
     4
100
AcDbSpline
210
0.0
220
0.0
230
1.0
 70
     8
 71
     3
 72
     8
 73
     4
 74
     0
 42
0.0000001
 43
0.0000000001
 40
0.0
 40
0.0
 40
0.0
 40
0.0
 40
1.0
 40
1.0
 40
1.0
 40
1.0
 10
3.939085957219987
 20
41.74406548808
 30
0.0
 10
3.939085957219987
 20
41.66193722968001
 30
0.0
 10
3.917121335160004
 20
41.58362892554001
 30
0.0
 10
3.874741551999989
 20
41.50934519044
 30
0.0
  0
SPLINE
  5
44B
330
2AF
100
AcDbEntity
  8
03___PRT_ALL_CURVES
  6
Continuous
 62
     4
100
AcDbSpline
210
0.0
220
0.0
230
1.0
 70
     8
 71
     3
 72
     8
 73
     4
 74
     0
 42
0.0000001
 43
0.0000000001
 40
0.0
 40
0.0
 40
0.0
 40
0.0
 40
1.0
 40
1.0
 40
1.0
 40
1.0
 10
3.874741551999989
 20
41.50934519044
 30
0.0
 10
3.832128236160003
 20
41.43465211402
 30
0.0
 10
3.771009514100001
 20
41.37639835956
 30
0.0
 10
3.690600685839996
 20
41.33667257668
 30
0.0
  0
SPLINE
  5
44C
330
2AF
100
AcDbEntity
  8
03___PRT_ALL_CURVES
  6
Continuous
 62
     4
100
AcDbSpline
210
0.0
220
0.0
230
1.0
 70
     8
 71
     3
 72
     8
 73
     4
 74
     0
 42
0.0000001
 43
0.0000000001
 40
0.0
 40
0.0
 40
0.0
 40
0.0
 40
1.0
 40
1.0
 40
1.0
 40
1.0
 10
3.690600685839996
 20
41.33667257668
 30
0.0
 10
3.610572931239972
 20
41.29713506114001
 30
0.0
 10
3.50457017143998
 20
41.27612551210001
 30
0.0
 10
3.374693032159996
 20
41.27612551210001
 30
0.0
  0
SPLINE
  5
44D
330
2AF
100
AcDbEntity
  8
03___PRT_ALL_CURVES
  6
Continuous
 62
     4
100
AcDbSpline
210
0.0
220
0.0
230
1.0
 70
     8
 71
     3
 72
     8
 73
     4
 74
     0
 42
0.0000001
 43
0.0000000001
 40
0.0
 40
0.0
 40
0.0
 40
0.0
 40
1.0
 40
1.0
 40
1.0
 40
1.0
 10
3.374693032159996
 20
41.27612551210001
 30
0.0
 10
3.246725817939989
 20
41.27612551210001
 30
0.0
 10
3.146452995879997
 20
41.29140518436
 30
0.0
 10
3.072919447239997
 20
41.32100957777999
 30
0.0
  0
SPLINE
  5
44E
330
2AF
100
AcDbEntity
  8
03___PRT_ALL_CURVES
  6
Continuous
 62
     4
100
AcDbSpline
210
0.0
220
0.0
230
1.0
 70
     8
 71
     3
 72
     8
 73
     4
 74
     0
 42
0.0000001
 43
0.0000000001
 40
0.0
 40
0.0
 40
0.0
 40
0.0
 40
1.0
 40
1.0
 40
1.0
 40
1.0
 10
3.072919447239997
 20
41.32100957777999
 30
0.0
 10
2.999386045919977
 20
41.35061391278001
 30
0.0
 10
2.939222285119996
 20
41.39454297910001
 30
0.0
 10
2.891473358519988
 20
41.45184174689999
 30
0.0
  0
SPLINE
  5
44F
330
2AF
100
AcDbEntity
  8
03___PRT_ALL_CURVES
  6
Continuous
 62
     4
100
AcDbSpline
210
0.0
220
0.0
230
1.0
 70
     8
 71
     3
 72
     8
 73
     4
 74
     0
 42
0.0000001
 43
0.0000000001
 40
0.0
 40
0.0
 40
0.0
 40
0.0
 40
1.0
 40
1.0
 40
1.0
 40
1.0
 10
2.891473358519988
 20
41.45184174689999
 30
0.0
 10
2.843724436999963
 20
41.50914050962001
 30
0.0
 10
2.807435223319999
 20
41.58171895984
 30
0.0
 10
2.782605717479981
 20
41.66957709247998
 30
0.0
  0
SPLINE
  5
450
330
2AF
100
AcDbEntity
  8
03___PRT_ALL_CURVES
  6
Continuous
 62
     4
100
AcDbSpline
210
0.0
220
0.0
230
1.0
 70
     8
 71
     3
 72
     8
 73
     4
 74
     0
 42
0.0000001
 43
0.0000000001
 40
0.0
 40
0.0
 40
0.0
 40
0.0
 40
1.0
 40
1.0
 40
1.0
 40
1.0
 10
3.171282336619981
 20
41.72114598604
 30
0.0
 10
3.18656205713998
 20
41.64283766158002
 30
0.0
 10
3.209481640460012
 20
41.58840381819999
 30
0.0
 10
3.241950882099985
 20
41.55784451939999
 30
0.0
  0
SPLINE
  5
451
330
2AF
100
AcDbEntity
  8
03___PRT_ALL_CURVES
  6
Continuous
 62
     4
100
AcDbSpline
210
0.0
220
0.0
230
1.0
 70
     8
 71
     3
 72
     8
 73
     4
 74
     0
 42
0.0000001
 43
0.0000000001
 40
0.0
 40
0.0
 40
0.0
 40
0.0
 40
1.0
 40
1.0
 40
1.0
 40
1.0
 10
3.241950882099985
 20
41.55784451939999
 30
0.0
 10
3.274420210100004
 20
41.52728513677999
 30
0.0
 10
3.31548423516
 20
41.51296043847998
 30
0.0
 10
3.365143246839978
 20
41.51296043847998
 30
0.0
  0
SPLINE
  5
452
330
2AF
100
AcDbEntity
  8
03___PRT_ALL_CURVES
  6
Continuous
 62
     4
100
AcDbSpline
210
0.0
220
0.0
230
1.0
 70
     8
 71
     3
 72
     8
 73
     4
 74
     0
 42
0.0000001
 43
0.0000000001
 40
0.0
 40
0.0
 40
0.0
 40
0.0
 40
1.0
 40
1.0
 40
1.0
 40
1.0
 10
3.365143246839978
 20
41.51296043847998
 30
0.0
 10
3.416712186120009
 20
41.51296043847998
 30
0.0
 10
3.460641262599978
 20
41.53206002944
 30
0.0
 10
3.495020431840004
 20
41.57025916818
 30
0.0
  0
SPLINE
  5
453
330
2AF
100
AcDbEntity
  8
03___PRT_ALL_CURVES
  6
Continuous
 62
     4
100
AcDbSpline
210
0.0
220
0.0
230
1.0
 70
     8
 71
     3
 72
     8
 73
     4
 74
     0
 42
0.0000001
 43
0.0000000001
 40
0.0
 40
0.0
 40
0.0
 40
0.0
 40
1.0
 40
1.0
 40
1.0
 40
1.0
 10
3.495020431840004
 20
41.57025916818
 30
0.0
 10
3.529399677279969
 20
41.60845839074
 30
0.0
 10
3.547544284119994
 20
41.65907230272001
 30
0.0
 10
3.547544284119994
 20
41.72305595174001
 30
0.0
  0
SPLINE
  5
454
330
2AF
100
AcDbEntity
  8
03___PRT_ALL_CURVES
  6
Continuous
 62
     4
100
AcDbSpline
210
0.0
220
0.0
230
1.0
 70
     8
 71
     3
 72
     8
 73
     4
 74
     0
 42
0.0000001
 43
0.0000000001
 40
0.0
 40
0.0
 40
0.0
 40
0.0
 40
1.0
 40
1.0
 40
1.0
 40
1.0
 10
3.547544284119994
 20
41.72305595174001
 30
0.0
 10
3.547544284119994
 20
41.78799456456002
 30
0.0
 10
3.53035463853999
 20
41.83765349242
 30
0.0
 10
3.496691523240003
 20
41.87372115968
 30
0.0
  0
SPLINE
  5
455
330
2AF
100
AcDbEntity
  8
03___PRT_ALL_CURVES
  6
Continuous
 62
     4
100
AcDbSpline
210
0.0
220
0.0
230
1.0
 70
     8
 71
     3
 72
     8
 73
     4
 74
     0
 42
0.0000001
 43
0.0000000001
 40
0.0
 40
0.0
 40
0.0
 40
0.0
 40
1.0
 40
1.0
 40
1.0
 40
1.0
 10
3.496691523240003
 20
41.87372115968
 30
0.0
 10
3.463506146380013
 20
41.90927696106002
 30
0.0
 10
3.418622108639994
 20
41.92742157043998
 30
0.0
 10
3.361323401800007
 20
41.92742157043998
 30
0.0
  0
SPLINE
  5
456
330
2AF
100
AcDbEntity
  8
03___PRT_ALL_CURVES
  6
Continuous
 62
     4
100
AcDbSpline
210
0.0
220
0.0
230
1.0
 70
     8
 71
     3
 72
     8
 73
     4
 74
     0
 42
0.0000001
 43
0.0000000001
 40
0.0
 40
0.0
 40
0.0
 40
0.0
 40
1.0
 40
1.0
 40
1.0
 40
1.0
 10
3.361323401800007
 20
41.92742157043998
 30
0.0
 10
3.330763955679998
 20
41.92742157043998
 30
0.0
 10
3.288744804259977
 20
41.91978170764
 30
0.0
 10
3.235265942459989
 20
41.90450202776
 30
0.0
  0
LINE
  5
457
330
2AF
100
AcDbEntity
  8
03___PRT_ALL_CURVES
  6
Continuous
 62
     4
100
AcDbLine
 10
3.255320642000015
 20
42.18240112143999
 30
0.0
 11
3.305934449840009
 21
42.17762622878001
 31
0.0
  0
SPLINE
  5
458
330
2AF
100
AcDbEntity
  8
03___PRT_ALL_CURVES
  6
Continuous
 62
     4
100
AcDbSpline
210
0.0
220
0.0
230
1.0
 70
     8
 71
     3
 72
     8
 73
     4
 74
     0
 42
0.0000001
 43
0.0000000001
 40
0.0
 40
0.0
 40
0.0
 40
0.0
 40
1.0
 40
1.0
 40
1.0
 40
1.0
 10
3.305934449840009
 20
42.17762622878001
 30
0.0
 10
3.356548425320028
 20
42.17762622878001
 30
0.0
 10
3.398567576739964
 20
42.19386082928
 30
0.0
 10
3.43294672058002
 20
42.22633009378001
 30
0.0
  0
SPLINE
  5
459
330
2AF
100
AcDbEntity
  8
03___PRT_ALL_CURVES
  6
Continuous
 62
     4
100
AcDbSpline
210
0.0
220
0.0
230
1.0
 70
     8
 71
     3
 72
     8
 73
     4
 74
     0
 42
0.0000001
 43
0.0000000001
 40
0.0
 40
0.0
 40
0.0
 40
0.0
 40
1.0
 40
1.0
 40
1.0
 40
1.0
 10
3.43294672058002
 20
42.22633009378001
 30
0.0
 10
3.467325993960003
 20
42.2587994802
 30
0.0
 10
3.484515639539978
 20
42.29699861893999
 30
0.0
 10
3.484515639539978
 20
42.34188265668001
 30
0.0
  0
SPLINE
  5
45A
330
2AF
100
AcDbEntity
  8
03___PRT_ALL_CURVES
  6
Continuous
 62
     4
100
AcDbSpline
210
0.0
220
0.0
230
1.0
 70
     8
 71
     3
 72
     8
 73
     4
 74
     0
 42
0.0000001
 43
0.0000000001
 40
0.0
 40
0.0
 40
0.0
 40
0.0
 40
1.0
 40
1.0
 40
1.0
 40
1.0
 10
3.484515639539978
 20
42.34188265668001
 30
0.0
 10
3.484515639539978
 20
42.38390181064
 30
0.0
 10
3.471146009179961
 20
42.41828101798001
 30
0.0
 10
3.44583449516
 20
42.44359248882
 30
0.0
  0
SPLINE
  5
45B
330
2AF
100
AcDbEntity
  8
03___PRT_ALL_CURVES
  6
Continuous
 62
     4
100
AcDbSpline
210
0.0
220
0.0
230
1.0
 70
     8
 71
     3
 72
     8
 73
     4
 74
     0
 42
0.0000001
 43
0.0000000001
 40
0.0
 40
0.0
 40
0.0
 40
0.0
 40
1.0
 40
1.0
 40
1.0
 40
1.0
 10
3.44583449516
 20
42.44359248882
 30
0.0
 10
3.420532033699999
 20
42.46889490964
 30
0.0
 10
3.385197778740007
 20
42.48226462636001
 30
0.0
 10
3.341268702259981
 20
42.48226462636001
 30
0.0
  0
SPLINE
  5
45C
330
2AF
100
AcDbEntity
  8
03___PRT_ALL_CURVES
  6
Continuous
 62
     4
100
AcDbSpline
210
0.0
220
0.0
230
1.0
 70
     8
 71
     3
 72
     8
 73
     4
 74
     0
 42
0.0000001
 43
0.0000000001
 40
0.0
 40
0.0
 40
0.0
 40
0.0
 40
1.0
 40
1.0
 40
1.0
 40
1.0
 10
3.341268702259981
 20
42.48226462636001
 30
0.0
 10
3.29542970325997
 20
42.48226462636001
 30
0.0
 10
3.258185525779993
 20
42.46793994837998
 30
0.0
 10
3.229536172360014
 20
42.44024555621999
 30
0.0
  0
SPLINE
  5
45D
330
2AF
100
AcDbEntity
  8
03___PRT_ALL_CURVES
  6
Continuous
 62
     4
100
AcDbSpline
210
0.0
220
0.0
230
1.0
 70
     8
 71
     3
 72
     8
 73
     4
 74
     0
 42
0.0000001
 43
0.0000000001
 40
0.0
 40
0.0
 40
0.0
 40
0.0
 40
1.0
 40
1.0
 40
1.0
 40
1.0
 10
3.229536172360014
 20
42.44024555621999
 30
0.0
 10
3.200886818940006
 20
42.41255116406003
 30
0.0
 10
3.18083211939998
 20
42.36384719492
 30
0.0
 10
3.171282336619981
 20
42.29508869642001
 30
0.0
  0
SPLINE
  5
45E
330
2AF
100
AcDbEntity
  8
03___PRT_ALL_CURVES
  6
Continuous
 62
     4
100
AcDbSpline
210
0.0
220
0.0
230
1.0
 70
     8
 71
     3
 72
     8
 73
     4
 74
     0
 42
0.0000001
 43
0.0000000001
 40
0.0
 40
0.0
 40
0.0
 40
0.0
 40
1.0
 40
1.0
 40
1.0
 40
1.0
 10
1.459481622559991
 20
37.80000000056
 30
0.0
 10
1.47285133927997
 20
37.91459754124
 30
0.0
 10
1.512960474199986
 20
38.02346520768
 30
0.0
 10
1.580764021600004
 20
38.12469303418001
 30
0.0
  0
SPLINE
  5
45F
330
2AF
100
AcDbEntity
  8
03___PRT_ALL_CURVES
  6
Continuous
 62
     4
100
AcDbSpline
210
0.0
220
0.0
230
1.0
 70
     8
 71
     3
 72
     8
 73
     4
 74
     0
 42
0.0000001
 43
0.0000000001
 40
0.0
 40
0.0
 40
0.0
 40
0.0
 40
1.0
 40
1.0
 40
1.0
 40
1.0
 10
1.580764021600004
 20
38.12469303418001
 30
0.0
 10
1.648567581699979
 20
38.22592087845999
 30
0.0
 10
1.775579854979981
 20
38.3462482756
 30
0.0
 10
1.962765985559997
 20
38.48470658389999
 30
0.0
  0
SPLINE
  5
460
330
2AF
100
AcDbEntity
  8
03___PRT_ALL_CURVES
  6
Continuous
 62
     4
100
AcDbSpline
210
0.0
220
0.0
230
1.0
 70
     8
 71
     3
 72
     8
 73
     4
 74
     0
 42
0.0000001
 43
0.0000000001
 40
0.0
 40
0.0
 40
0.0
 40
0.0
 40
1.0
 40
1.0
 40
1.0
 40
1.0
 10
1.962765985559997
 20
38.48470658389999
 30
0.0
 10
2.076398404979983
 20
38.5687584986
 30
0.0
 10
2.148976834879988
 20
38.63369715206002
 30
0.0
 10
2.181134936679967
 20
38.67785453643998
 30
0.0
  0
SPLINE
  5
461
330
2AF
100
AcDbEntity
  8
03___PRT_ALL_CURVES
  6
Continuous
 62
     4
100
AcDbSpline
210
0.0
220
0.0
230
1.0
 70
     8
 71
     3
 72
     8
 73
     4
 74
     0
 42
0.0000001
 43
0.0000000001
 40
0.0
 40
0.0
 40
0.0
 40
0.0
 40
1.0
 40
1.0
 40
1.0
 40
1.0
 10
2.181134936679967
 20
38.67785453643998
 30
0.0
 10
2.212960443259959
 20
38.72155522120002
 30
0.0
 10
2.22919512757997
 20
38.76261941135999
 30
0.0
 10
2.22919512757997
 20
38.80272847262
 30
0.0
  0
SPLINE
  5
462
330
2AF
100
AcDbEntity
  8
03___PRT_ALL_CURVES
  6
Continuous
 62
     4
100
AcDbSpline
210
0.0
220
0.0
230
1.0
 70
     8
 71
     3
 72
     8
 73
     4
 74
     0
 42
0.0000001
 43
0.0000000001
 40
0.0
 40
0.0
 40
0.0
 40
0.0
 40
1.0
 40
1.0
 40
1.0
 40
1.0
 10
2.22919512757997
 20
38.80272847262
 30
0.0
 10
2.22919512757997
 20
38.84474762658002
 30
0.0
 10
2.212960443259959
 20
38.8810368428
 30
0.0
 10
2.181446119700013
 20
38.91159620255999
 30
0.0
  0
SPLINE
  5
463
330
2AF
100
AcDbEntity
  8
03___PRT_ALL_CURVES
  6
Continuous
 62
     4
100
AcDbSpline
210
0.0
220
0.0
230
1.0
 70
     8
 71
     3
 72
     8
 73
     4
 74
     0
 42
0.0000001
 43
0.0000000001
 40
0.0
 40
0.0
 40
0.0
 40
0.0
 40
1.0
 40
1.0
 40
1.0
 40
1.0
 10
2.181446119700013
 20
38.91159620255999
 30
0.0
 10
2.14993179614001
 20
38.94215556232001
 30
0.0
 10
2.110777696139991
 20
38.95743520156003
 30
0.0
 10
2.063028690799968
 20
38.95743520156003
 30
0.0
  0
SPLINE
  5
464
330
2AF
100
AcDbEntity
  8
03___PRT_ALL_CURVES
  6
Continuous
 62
     4
100
AcDbSpline
210
0.0
220
0.0
230
1.0
 70
     8
 71
     3
 72
     8
 73
     4
 74
     0
 42
0.0000001
 43
0.0000000001
 40
0.0
 40
0.0
 40
0.0
 40
0.0
 40
1.0
 40
1.0
 40
1.0
 40
1.0
 10
2.063028690799968
 20
38.95743520156003
 30
0.0
 10
2.013369760399996
 20
38.95743520156003
 30
0.0
 10
1.972305651520003
 20
38.94120051724002
 30
0.0
 10
1.941029132919994
 20
38.91039789914001
 30
0.0
  0
SPLINE
  5
465
330
2AF
100
AcDbEntity
  8
03___PRT_ALL_CURVES
  6
Continuous
 62
     4
100
AcDbSpline
210
0.0
220
0.0
230
1.0
 70
     8
 71
     3
 72
     8
 73
     4
 74
     0
 42
0.0000001
 43
0.0000000001
 40
0.0
 40
0.0
 40
0.0
 40
0.0
 40
1.0
 40
1.0
 40
1.0
 40
1.0
 10
1.941029132919994
 20
38.91039789914001
 30
0.0
 10
1.909276963759964
 20
38.87912683391997
 30
0.0
 10
1.888267429959996
 20
38.82373804960002
 30
0.0
 10
1.877762642739981
 20
38.74542976577999
 30
0.0
  0
SPLINE
  5
466
330
2AF
100
AcDbEntity
  8
03___PRT_ALL_CURVES
  6
Continuous
 62
     4
100
AcDbSpline
210
0.0
220
0.0
230
1.0
 70
     8
 71
     3
 72
     8
 73
     4
 74
     0
 42
0.0000001
 43
0.0000000001
 40
0.0
 40
0.0
 40
0.0
 40
0.0
 40
1.0
 40
1.0
 40
1.0
 40
1.0
 10
1.488131009
 20
38.77694408933999
 30
0.0
 10
1.503410678720002
 20
38.88581173291999
 30
0.0
 10
1.531105091199976
 20
38.97175987954
 30
0.0
 10
1.571838456519998
 20
39.03309953079997
 30
0.0
  0
SPLINE
  5
467
330
2AF
100
AcDbEntity
  8
03___PRT_ALL_CURVES
  6
Continuous
 62
     4
100
AcDbSpline
210
0.0
220
0.0
230
1.0
 70
     8
 71
     3
 72
     8
 73
     4
 74
     0
 42
0.0000001
 43
0.0000000001
 40
0.0
 40
0.0
 40
0.0
 40
0.0
 40
1.0
 40
1.0
 40
1.0
 40
1.0
 10
1.571838456519998
 20
39.03309953079997
 30
0.0
 10
1.612278345159979
 20
39.09399723983998
 30
0.0
 10
1.669577115500005
 20
39.14174624772002
 30
0.0
 10
1.744065513639981
 20
39.17421557064
 30
0.0
  0
SPLINE
  5
468
330
2AF
100
AcDbEntity
  8
03___PRT_ALL_CURVES
  6
Continuous
 62
     4
100
AcDbSpline
210
0.0
220
0.0
230
1.0
 70
     8
 71
     3
 72
     8
 73
     4
 74
     0
 42
0.0000001
 43
0.0000000001
 40
0.0
 40
0.0
 40
0.0
 40
0.0
 40
1.0
 40
1.0
 40
1.0
 40
1.0
 10
1.744065513639981
 20
39.17421557064
 30
0.0
 10
1.818553927019991
 20
39.20668489864002
 30
0.0
 10
1.920736755419995
 20
39.22387454422
 30
0.0
 10
2.05252390103999
 20
39.22387454422
 30
0.0
  0
SPLINE
  5
469
330
2AF
100
AcDbEntity
  8
03___PRT_ALL_CURVES
  6
Continuous
 62
     4
100
AcDbSpline
210
0.0
220
0.0
230
1.0
 70
     8
 71
     3
 72
     8
 73
     4
 74
     0
 42
0.0000001
 43
0.0000000001
 40
0.0
 40
0.0
 40
0.0
 40
0.0
 40
1.0
 40
1.0
 40
1.0
 40
1.0
 10
2.05252390103999
 20
39.22387454422
 30
0.0
 10
2.189085979959998
 20
39.22387454422
 30
0.0
 10
2.29508873975999
 20
39.20763985989998
 30
0.0
 10
2.371321706420019
 20
39.17667021139999
 30
0.0
  0
SPLINE
  5
46A
330
2AF
100
AcDbEntity
  8
03___PRT_ALL_CURVES
  6
Continuous
 62
     4
100
AcDbSpline
210
0.0
220
0.0
230
1.0
 70
     8
 71
     3
 72
     8
 73
     4
 74
     0
 42
0.0000001
 43
0.0000000001
 40
0.0
 40
0.0
 40
0.0
 40
0.0
 40
1.0
 40
1.0
 40
1.0
 40
1.0
 10
2.371321706420019
 20
39.17667021139999
 30
0.0
 10
2.447885462360006
 20
39.14556617658002
 30
0.0
 10
2.507094178079996
 20
39.09781717124
 30
0.0
 10
2.551023234240006
 20
39.03287858889999
 30
0.0
  0
SPLINE
  5
46B
330
2AF
100
AcDbEntity
  8
03___PRT_ALL_CURVES
  6
Continuous
 62
     4
100
AcDbSpline
210
0.0
220
0.0
230
1.0
 70
     8
 71
     3
 72
     8
 73
     4
 74
     0
 42
0.0000001
 43
0.0000000001
 40
0.0
 40
0.0
 40
0.0
 40
0.0
 40
1.0
 40
1.0
 40
1.0
 40
1.0
 10
2.551023234240006
 20
39.03287858889999
 30
0.0
 10
2.594952328499971
 20
38.96793994814001
 30
0.0
 10
2.616916785460006
 20
38.89631647950003
 30
0.0
 10
2.616916785460006
 20
38.81609818933998
 30
0.0
  0
SPLINE
  5
46C
330
2AF
100
AcDbEntity
  8
03___PRT_ALL_CURVES
  6
Continuous
 62
     4
100
AcDbSpline
210
0.0
220
0.0
230
1.0
 70
     8
 71
     3
 72
     8
 73
     4
 74
     0
 42
0.0000001
 43
0.0000000001
 40
0.0
 40
0.0
 40
0.0
 40
0.0
 40
1.0
 40
1.0
 40
1.0
 40
1.0
 10
2.616916785460006
 20
38.81609818933998
 30
0.0
 10
2.616916785460006
 20
38.73015004272
 30
0.0
 10
2.591132399639974
 20
38.64897679129999
 30
0.0
 10
2.541689795960025
 20
38.57148501841999
 30
0.0
  0
SPLINE
  5
46D
330
2AF
100
AcDbEntity
  8
03___PRT_ALL_CURVES
  6
Continuous
 62
     4
100
AcDbSpline
210
0.0
220
0.0
230
1.0
 70
     8
 71
     3
 72
     8
 73
     4
 74
     0
 42
0.0000001
 43
0.0000000001
 40
0.0
 40
0.0
 40
0.0
 40
0.0
 40
1.0
 40
1.0
 40
1.0
 40
1.0
 10
2.541689795960025
 20
38.57148501841999
 30
0.0
 10
2.491814538839975
 20
38.49331514174
 30
0.0
 10
2.401091418279947
 20
38.40832195892
 30
0.0
 10
2.269124567659986
 20
38.31594514850002
 30
0.0
  0
LINE
  5
46E
330
2AF
100
AcDbEntity
  8
03___PRT_ALL_CURVES
  6
Continuous
 62
     4
100
AcDbLine
 10
2.269124567659986
 20
38.31594514850002
 30
0.0
 11
2.111964213960022
 21
38.20175496793999
 31
0.0
  0
LINE
  5
46F
330
2AF
100
AcDbEntity
  8
03___PRT_ALL_CURVES
  6
Continuous
 62
     4
100
AcDbLine
 10
2.111964213960022
 20
38.20175496793999
 30
0.0
 11
2.019099614319998
 21
38.11705321456003
 31
0.0
  0
SPLINE
  5
470
330
2AF
100
AcDbEntity
  8
03___PRT_ALL_CURVES
  6
Continuous
 62
     4
100
AcDbSpline
210
0.0
220
0.0
230
1.0
 70
     8
 71
     3
 72
     8
 73
     4
 74
     0
 42
0.0000001
 43
0.0000000001
 40
0.0
 40
0.0
 40
0.0
 40
0.0
 40
1.0
 40
1.0
 40
1.0
 40
1.0
 10
3.214733954059994
 20
38.67953615106001
 30
0.0
 10
3.257708069279971
 20
38.69959068296001
 30
0.0
 10
3.300682184499976
 20
38.71487040602003
 30
0.0
 10
3.342811559219996
 20
38.72492399271999
 30
0.0
  0
SPLINE
  5
471
330
2AF
100
AcDbEntity
  8
03___PRT_ALL_CURVES
  6
Continuous
 62
     4
100
AcDbSpline
210
0.0
220
0.0
230
1.0
 70
     8
 71
     3
 72
     8
 73
     4
 74
     0
 42
0.0000001
 43
0.0000000001
 40
0.0
 40
0.0
 40
0.0
 40
0.0
 40
1.0
 40
1.0
 40
1.0
 40
1.0
 10
3.342811559219996
 20
38.72492399271999
 30
0.0
 10
3.384720322239957
 20
38.73492493537998
 30
0.0
 10
3.426739473659978
 20
38.74065487312001
 30
0.0
 10
3.468758627619962
 20
38.74065487312001
 30
0.0
  0
SPLINE
  5
472
330
2AF
100
AcDbEntity
  8
03___PRT_ALL_CURVES
  6
Continuous
 62
     4
100
AcDbSpline
210
0.0
220
0.0
230
1.0
 70
     8
 71
     3
 72
     8
 73
     4
 74
     0
 42
0.0000001
 43
0.0000000001
 40
0.0
 40
0.0
 40
0.0
 40
0.0
 40
1.0
 40
1.0
 40
1.0
 40
1.0
 10
3.468758627619962
 20
38.74065487312001
 30
0.0
 10
3.608185549679973
 20
38.74065487312001
 30
0.0
 10
3.721828172279999
 20
38.69768076043997
 30
0.0
 10
3.809218238799986
 20
38.61315588758001
 30
0.0
  0
SPLINE
  5
473
330
2AF
100
AcDbEntity
  8
03___PRT_ALL_CURVES
  6
Continuous
 62
     4
100
AcDbSpline
210
0.0
220
0.0
230
1.0
 70
     8
 71
     3
 72
     8
 73
     4
 74
     0
 42
0.0000001
 43
0.0000000001
 40
0.0
 40
0.0
 40
0.0
 40
0.0
 40
1.0
 40
1.0
 40
1.0
 40
1.0
 10
3.809218238799986
 20
38.61315588758001
 30
0.0
 10
3.896589346759953
 20
38.52864935352
 30
0.0
 10
3.940518423239979
 20
38.42169167310001
 30
0.0
 10
3.940518423239979
 20
38.29372441824
 30
0.0
  0
SPLINE
  5
474
330
2AF
100
AcDbEntity
  8
03___PRT_ALL_CURVES
  6
Continuous
 62
     4
100
AcDbSpline
210
0.0
220
0.0
230
1.0
 70
     8
 71
     3
 72
     8
 73
     4
 74
     0
 42
0.0000001
 43
0.0000000001
 40
0.0
 40
0.0
 40
0.0
 40
0.0
 40
1.0
 40
1.0
 40
1.0
 40
1.0
 10
3.940518423239979
 20
38.29372441824
 30
0.0
 10
3.940518423239979
 20
38.20300137895998
 30
0.0
 10
3.91759900756
 20
38.11609823043997
 30
0.0
 10
3.872913892459991
 20
38.0329078558
 30
0.0
  0
SPLINE
  5
475
330
2AF
100
AcDbEntity
  8
03___PRT_ALL_CURVES
  6
Continuous
 62
     4
100
AcDbSpline
210
0.0
220
0.0
230
1.0
 70
     8
 71
     3
 72
     8
 73
     4
 74
     0
 42
0.0000001
 43
0.0000000001
 40
0.0
 40
0.0
 40
0.0
 40
0.0
 40
1.0
 40
1.0
 40
1.0
 40
1.0
 10
3.872913892459991
 20
38.0329078558
 30
0.0
 10
3.827830932079962
 20
37.94897681208002
 30
0.0
 10
3.763847323699991
 20
37.88594815479999
 30
0.0
 10
3.681718961159959
 20
37.84201906308002
 30
0.0
  0
SPLINE
  5
476
330
2AF
100
AcDbEntity
  8
03___PRT_ALL_CURVES
  6
Continuous
 62
     4
100
AcDbSpline
210
0.0
220
0.0
230
1.0
 70
     8
 71
     3
 72
     8
 73
     4
 74
     0
 42
0.0000001
 43
0.0000000001
 40
0.0
 40
0.0
 40
0.0
 40
0.0
 40
1.0
 40
1.0
 40
1.0
 40
1.0
 10
3.681718961159959
 20
37.84201906308002
 30
0.0
 10
3.599590728159995
 20
37.79809003993998
 30
0.0
 10
3.493587968360032
 20
37.77612551185999
 30
0.0
 10
3.365620751599977
 20
37.77612551185999
 30
0.0
  0
SPLINE
  5
477
330
2AF
100
AcDbEntity
  8
03___PRT_ALL_CURVES
  6
Continuous
 62
     4
100
AcDbSpline
210
0.0
220
0.0
230
1.0
 70
     8
 71
     3
 72
     8
 73
     4
 74
     0
 42
0.0000001
 43
0.0000000001
 40
0.0
 40
0.0
 40
0.0
 40
0.0
 40
1.0
 40
1.0
 40
1.0
 40
1.0
 10
3.365620751599977
 20
37.77612551185999
 30
0.0
 10
3.272987792340018
 20
37.77612551185999
 30
0.0
 10
3.1937244609
 20
37.78567530734
 30
0.0
 10
3.127943180219972
 20
37.80235895952003
 30
0.0
  0
SPLINE
  5
478
330
2AF
100
AcDbEntity
  8
03___PRT_ALL_CURVES
  6
Continuous
 62
     4
100
AcDbSpline
210
0.0
220
0.0
230
1.0
 70
     8
 71
     3
 72
     8
 73
     4
 74
     0
 42
0.0000001
 43
0.0000000001
 40
0.0
 40
0.0
 40
0.0
 40
0.0
 40
1.0
 40
1.0
 40
1.0
 40
1.0
 10
3.127943180219972
 20
37.80235895952003
 30
0.0
 10
3.06193723399997
 20
37.81909958897998
 30
0.0
 10
3.005593488420004
 20
37.84583901479999
 30
0.0
 10
2.959754486880001
 20
37.88021827802001
 30
0.0
  0
SPLINE
  5
479
330
2AF
100
AcDbEntity
  8
03___PRT_ALL_CURVES
  6
Continuous
 62
     4
100
AcDbSpline
210
0.0
220
0.0
230
1.0
 70
     8
 71
     3
 72
     8
 73
     4
 74
     0
 42
0.0000001
 43
0.0000000001
 40
0.0
 40
0.0
 40
0.0
 40
0.0
 40
1.0
 40
1.0
 40
1.0
 40
1.0
 10
2.959754486880001
 20
37.88021827802001
 30
0.0
 10
2.913915487880018
 20
37.91459754124
 30
0.0
 10
2.876671310399985
 20
37.95470668631998
 30
0.0
 10
2.848021847760009
 20
37.99863578058
 30
0.0
  0
SPLINE
  5
47A
330
2AF
100
AcDbEntity
  8
03___PRT_ALL_CURVES
  6
Continuous
 62
     4
100
AcDbSpline
210
0.0
220
0.0
230
1.0
 70
     8
 71
     3
 72
     8
 73
     4
 74
     0
 42
0.0000001
 43
0.0000000001
 40
0.0
 40
0.0
 40
0.0
 40
0.0
 40
1.0
 40
1.0
 40
1.0
 40
1.0
 10
2.848021847760009
 20
37.99863578058
 30
0.0
 10
2.819372435919973
 20
38.04256479610001
 30
0.0
 10
2.795497975159975
 20
38.09699863947998
 30
0.0
 10
2.776398404519966
 20
38.16289223388
 30
0.0
  0
SPLINE
  5
47B
330
2AF
100
AcDbEntity
  8
03___PRT_ALL_CURVES
  6
Continuous
 62
     4
100
AcDbSpline
210
0.0
220
0.0
230
1.0
 70
     8
 71
     3
 72
     8
 73
     4
 74
     0
 42
0.0000001
 43
0.0000000001
 40
0.0
 40
0.0
 40
0.0
 40
0.0
 40
1.0
 40
1.0
 40
1.0
 40
1.0
 10
3.169849916320032
 20
38.20586630592001
 30
0.0
 10
3.179399701639994
 20
38.14283766134
 30
0.0
 10
3.201364323700005
 20
38.09413369219999
 30
0.0
 10
3.236477555479979
 20
38.06142549498
 30
0.0
  0
SPLINE
  5
47C
330
2AF
100
AcDbEntity
  8
03___PRT_ALL_CURVES
  6
Continuous
 62
     4
100
AcDbSpline
210
0.0
220
0.0
230
1.0
 70
     8
 71
     3
 72
     8
 73
     4
 74
     0
 42
0.0000001
 43
0.0000000001
 40
0.0
 40
0.0
 40
0.0
 40
0.0
 40
1.0
 40
1.0
 40
1.0
 40
1.0
 10
3.236477555479979
 20
38.06142549498
 30
0.0
 10
3.271077867280013
 20
38.02919508191999
 30
0.0
 10
3.313096853599973
 20
38.01296044078001
 30
0.0
 10
3.361800906559978
 20
38.01296044078001
 30
0.0
  0
SPLINE
  5
47D
330
2AF
100
AcDbEntity
  8
03___PRT_ALL_CURVES
  6
Continuous
 62
     4
100
AcDbSpline
210
0.0
220
0.0
230
1.0
 70
     8
 71
     3
 72
     8
 73
     4
 74
     0
 42
0.0000001
 43
0.0000000001
 40
0.0
 40
0.0
 40
0.0
 40
0.0
 40
1.0
 40
1.0
 40
1.0
 40
1.0
 10
3.361800906559978
 20
38.01296044078001
 30
0.0
 10
3.415279765820031
 20
38.01296044078001
 30
0.0
 10
3.460163803559993
 20
38.03301501332001
 30
0.0
 10
3.495498053440002
 20
38.07407912474002
 30
0.0
  0
SPLINE
  5
47E
330
2AF
100
AcDbEntity
  8
03___PRT_ALL_CURVES
  6
Continuous
 62
     4
100
AcDbSpline
210
0.0
220
0.0
230
1.0
 70
     8
 71
     3
 72
     8
 73
     4
 74
     0
 42
0.0000001
 43
0.0000000001
 40
0.0
 40
0.0
 40
0.0
 40
0.0
 40
1.0
 40
1.0
 40
1.0
 40
1.0
 10
3.495498053440002
 20
38.07407912474002
 30
0.0
 10
3.530832310940013
 20
38.11514324885999
 30
0.0
 10
3.548976917779953
 20
38.17626194806002
 30
0.0
 10
3.548976917779953
 20
38.25839016328001
 30
0.0
  0
SPLINE
  5
47F
330
2AF
100
AcDbEntity
  8
03___PRT_ALL_CURVES
  6
Continuous
 62
     4
100
AcDbSpline
210
0.0
220
0.0
230
1.0
 70
     8
 71
     3
 72
     8
 73
     4
 74
     0
 42
0.0000001
 43
0.0000000001
 40
0.0
 40
0.0
 40
0.0
 40
0.0
 40
1.0
 40
1.0
 40
1.0
 40
1.0
 10
3.548976917779953
 20
38.25839016328001
 30
0.0
 10
3.548976917779953
 20
38.34147338293999
 30
0.0
 10
3.530832310940013
 20
38.40259210500002
 30
0.0
 10
3.495000012779997
 20
38.44129097604002
 30
0.0
  0
SPLINE
  5
480
330
2AF
100
AcDbEntity
  8
03___PRT_ALL_CURVES
  6
Continuous
 62
     4
100
AcDbSpline
210
0.0
220
0.0
230
1.0
 70
     8
 71
     3
 72
     8
 73
     4
 74
     0
 42
0.0000001
 43
0.0000000001
 40
0.0
 40
0.0
 40
0.0
 40
0.0
 40
1.0
 40
1.0
 40
1.0
 40
1.0
 10
3.495000012779997
 20
38.44129097604002
 30
0.0
 10
3.459208842300001
 20
38.47994542756001
 30
0.0
 10
3.412414714400029
 20
38.50000000010002
 30
0.0
 10
3.353206082500009
 20
38.50000000010002
 30
0.0
  0
SPLINE
  5
481
330
2AF
100
AcDbEntity
  8
03___PRT_ALL_CURVES
  6
Continuous
 62
     4
100
AcDbSpline
210
0.0
220
0.0
230
1.0
 70
     8
 71
     3
 72
     8
 73
     4
 74
     0
 42
0.0000001
 43
0.0000000001
 40
0.0
 40
0.0
 40
0.0
 40
0.0
 40
1.0
 40
1.0
 40
1.0
 40
1.0
 10
3.353206082500009
 20
38.50000000010002
 30
0.0
 10
3.315006943759983
 20
38.50000000010002
 30
0.0
 10
3.278717562439994
 20
38.49045021478
 30
0.0
 10
3.244166666339993
 20
38.47263487068
 30
0.0
  0
SPLINE
  5
482
330
2AF
100
AcDbEntity
  8
03___PRT_ALL_CURVES
  6
Continuous
 62
     4
100
AcDbSpline
210
0.0
220
0.0
230
1.0
 70
     8
 71
     3
 72
     8
 73
     4
 74
     0
 42
0.0000001
 43
0.0000000001
 40
0.0
 40
0.0
 40
0.0
 40
0.0
 40
1.0
 40
1.0
 40
1.0
 40
1.0
 10
3.244166666339993
 20
38.47263487068
 30
0.0
 10
3.217599008020017
 20
38.45893589121999
 30
0.0
 10
3.188949486960013
 20
38.43410642602001
 30
0.0
 10
3.158390208479972
 20
38.39972713486
 30
0.0
  0
SPLINE
  5
483
330
2AF
100
AcDbEntity
  8
03___PRT_ALL_CURVES
  6
Continuous
 62
     4
100
AcDbSpline
210
0.0
220
0.0
230
1.0
 70
     8
 71
     3
 72
     8
 73
     4
 74
     0
 42
0.0000001
 43
0.0000000001
 40
0.0
 40
0.0
 40
0.0
 40
0.0
 40
1.0
 40
1.0
 40
1.0
 40
1.0
 10
1.462346580000002
 20
34.30000000032001
 30
0.0
 10
1.47571629671998
 20
34.41459754100001
 30
0.0
 10
1.515825431639996
 20
34.52346520744001
 30
0.0
 10
1.583628976499995
 20
34.62469303393999
 30
0.0
  0
SPLINE
  5
484
330
2AF
100
AcDbEntity
  8
03___PRT_ALL_CURVES
  6
Continuous
 62
     4
100
AcDbSpline
210
0.0
220
0.0
230
1.0
 70
     8
 71
     3
 72
     8
 73
     4
 74
     0
 42
0.0000001
 43
0.0000000001
 40
0.0
 40
0.0
 40
0.0
 40
0.0
 40
1.0
 40
1.0
 40
1.0
 40
1.0
 10
1.583628976499995
 20
34.62469303393999
 30
0.0
 10
1.651432536599998
 20
34.72592088075999
 30
0.0
 10
1.77844481242002
 20
34.84624827535998
 30
0.0
 10
1.965630942999979
 20
34.98470658366
 30
0.0
  0
SPLINE
  5
485
330
2AF
100
AcDbEntity
  8
03___PRT_ALL_CURVES
  6
Continuous
 62
     4
100
AcDbSpline
210
0.0
220
0.0
230
1.0
 70
     8
 71
     3
 72
     8
 73
     4
 74
     0
 42
0.0000001
 43
0.0000000001
 40
0.0
 40
0.0
 40
0.0
 40
0.0
 40
1.0
 40
1.0
 40
1.0
 40
1.0
 10
1.965630942999979
 20
34.98470658366
 30
0.0
 10
2.079263362420022
 20
35.06875849835998
 30
0.0
 10
2.151841792320027
 20
35.13369715182
 30
0.0
 10
2.183999894120007
 20
35.17785453619999
 30
0.0
  0
SPLINE
  5
486
330
2AF
100
AcDbEntity
  8
03___PRT_ALL_CURVES
  6
Continuous
 62
     4
100
AcDbSpline
210
0.0
220
0.0
230
1.0
 70
     8
 71
     3
 72
     8
 73
     4
 74
     0
 42
0.0000001
 43
0.0000000001
 40
0.0
 40
0.0
 40
0.0
 40
0.0
 40
1.0
 40
1.0
 40
1.0
 40
1.0
 10
2.183999894120007
 20
35.17785453619999
 30
0.0
 10
2.215825398160007
 20
35.22155522095997
 30
0.0
 10
2.232060082480018
 20
35.26261941112003
 30
0.0
 10
2.232060082480018
 20
35.30272847491997
 30
0.0
  0
SPLINE
  5
487
330
2AF
100
AcDbEntity
  8
03___PRT_ALL_CURVES
  6
Continuous
 62
     4
100
AcDbSpline
210
0.0
220
0.0
230
1.0
 70
     8
 71
     3
 72
     8
 73
     4
 74
     0
 42
0.0000001
 43
0.0000000001
 40
0.0
 40
0.0
 40
0.0
 40
0.0
 40
1.0
 40
1.0
 40
1.0
 40
1.0
 10
2.232060082480018
 20
35.30272847491997
 30
0.0
 10
2.232060082480018
 20
35.34474762633999
 30
0.0
 10
2.215825398160007
 20
35.38103684256004
 30
0.0
 10
2.184311077139995
 20
35.41159620232
 30
0.0
  0
SPLINE
  5
488
330
2AF
100
AcDbEntity
  8
03___PRT_ALL_CURVES
  6
Continuous
 62
     4
100
AcDbSpline
210
0.0
220
0.0
230
1.0
 70
     8
 71
     3
 72
     8
 73
     4
 74
     0
 42
0.0000001
 43
0.0000000001
 40
0.0
 40
0.0
 40
0.0
 40
0.0
 40
1.0
 40
1.0
 40
1.0
 40
1.0
 10
2.184311077139995
 20
35.41159620232
 30
0.0
 10
2.152796753579992
 20
35.44215556462001
 30
0.0
 10
2.113642653579973
 20
35.45743520131998
 30
0.0
 10
2.065893645699987
 20
35.45743520131998
 30
0.0
  0
SPLINE
  5
489
330
2AF
100
AcDbEntity
  8
03___PRT_ALL_CURVES
  6
Continuous
 62
     4
100
AcDbSpline
210
0.0
220
0.0
230
1.0
 70
     8
 71
     3
 72
     8
 73
     4
 74
     0
 42
0.0000001
 43
0.0000000001
 40
0.0
 40
0.0
 40
0.0
 40
0.0
 40
1.0
 40
1.0
 40
1.0
 40
1.0
 10
2.065893645699987
 20
35.45743520131998
 30
0.0
 10
2.016234715299959
 20
35.45743520131998
 30
0.0
 10
1.975170608960013
 20
35.44120051954002
 30
0.0
 10
1.943894090360004
 20
35.41039789889999
 30
0.0
  0
SPLINE
  5
48A
330
2AF
100
AcDbEntity
  8
03___PRT_ALL_CURVES
  6
Continuous
 62
     4
100
AcDbSpline
210
0.0
220
0.0
230
1.0
 70
     8
 71
     3
 72
     8
 73
     4
 74
     0
 42
0.0000001
 43
0.0000000001
 40
0.0
 40
0.0
 40
0.0
 40
0.0
 40
1.0
 40
1.0
 40
1.0
 40
1.0
 10
1.943894090360004
 20
35.41039789889999
 30
0.0
 10
1.912141921200003
 20
35.37912683368
 30
0.0
 10
1.891132387400006
 20
35.32373804936
 30
0.0
 10
1.880627600179992
 20
35.24542976554002
 30
0.0
  0
SPLINE
  5
48B
330
2AF
100
AcDbEntity
  8
03___PRT_ALL_CURVES
  6
Continuous
 62
     4
100
AcDbSpline
210
0.0
220
0.0
230
1.0
 70
     8
 71
     3
 72
     8
 73
     4
 74
     0
 42
0.0000001
 43
0.0000000001
 40
0.0
 40
0.0
 40
0.0
 40
0.0
 40
1.0
 40
1.0
 40
1.0
 40
1.0
 10
1.490995966440011
 20
35.2769440891
 30
0.0
 10
1.506275636159984
 20
35.38581173268
 30
0.0
 10
1.533970048639986
 20
35.47175987930001
 30
0.0
 10
1.57470341395998
 20
35.53309953056001
 30
0.0
  0
SPLINE
  5
48C
330
2AF
100
AcDbEntity
  8
03___PRT_ALL_CURVES
  6
Continuous
 62
     4
100
AcDbSpline
210
0.0
220
0.0
230
1.0
 70
     8
 71
     3
 72
     8
 73
     4
 74
     0
 42
0.0000001
 43
0.0000000001
 40
0.0
 40
0.0
 40
0.0
 40
0.0
 40
1.0
 40
1.0
 40
1.0
 40
1.0
 10
1.57470341395998
 20
35.53309953056001
 30
0.0
 10
1.615143302599989
 20
35.59399723960001
 30
0.0
 10
1.672442072940015
 20
35.64174624747997
 30
0.0
 10
1.746930471079992
 20
35.67421557039998
 30
0.0
  0
SPLINE
  5
48D
330
2AF
100
AcDbEntity
  8
03___PRT_ALL_CURVES
  6
Continuous
 62
     4
100
AcDbSpline
210
0.0
220
0.0
230
1.0
 70
     8
 71
     3
 72
     8
 73
     4
 74
     0
 42
0.0000001
 43
0.0000000001
 40
0.0
 40
0.0
 40
0.0
 40
0.0
 40
1.0
 40
1.0
 40
1.0
 40
1.0
 10
1.746930471079992
 20
35.67421557039998
 30
0.0
 10
1.821418884460002
 20
35.7066848984
 30
0.0
 10
1.923601712860005
 20
35.72387454397997
 30
0.0
 10
2.055388858480001
 20
35.72387454397997
 30
0.0
  0
SPLINE
  5
48E
330
2AF
100
AcDbEntity
  8
03___PRT_ALL_CURVES
  6
Continuous
 62
     4
100
AcDbSpline
210
0.0
220
0.0
230
1.0
 70
     8
 71
     3
 72
     8
 73
     4
 74
     0
 42
0.0000001
 43
0.0000000001
 40
0.0
 40
0.0
 40
0.0
 40
0.0
 40
1.0
 40
1.0
 40
1.0
 40
1.0
 10
2.055388858480001
 20
35.72387454397997
 30
0.0
 10
2.191950937400009
 20
35.72387454397997
 30
0.0
 10
2.297953697199972
 20
35.70763985966002
 30
0.0
 10
2.37418666132001
 20
35.67667021116
 30
0.0
  0
SPLINE
  5
48F
330
2AF
100
AcDbEntity
  8
03___PRT_ALL_CURVES
  6
Continuous
 62
     4
100
AcDbSpline
210
0.0
220
0.0
230
1.0
 70
     8
 71
     3
 72
     8
 73
     4
 74
     0
 42
0.0000001
 43
0.0000000001
 40
0.0
 40
0.0
 40
0.0
 40
0.0
 40
1.0
 40
1.0
 40
1.0
 40
1.0
 10
2.37418666132001
 20
35.67667021116
 30
0.0
 10
2.450750419799959
 20
35.64556617634
 30
0.0
 10
2.509959132980015
 20
35.597817171
 30
0.0
 10
2.553888191679988
 20
35.53287858866003
 30
0.0
  0
SPLINE
  5
490
330
2AF
100
AcDbEntity
  8
03___PRT_ALL_CURVES
  6
Continuous
 62
     4
100
AcDbSpline
210
0.0
220
0.0
230
1.0
 70
     8
 71
     3
 72
     8
 73
     4
 74
     0
 42
0.0000001
 43
0.0000000001
 40
0.0
 40
0.0
 40
0.0
 40
0.0
 40
1.0
 40
1.0
 40
1.0
 40
1.0
 10
2.553888191679988
 20
35.53287858866003
 30
0.0
 10
2.59781728594001
 20
35.46793994789999
 30
0.0
 10
2.619781740359997
 20
35.39631647926001
 30
0.0
 10
2.619781740359997
 20
35.31609818909999
 30
0.0
  0
SPLINE
  5
491
330
2AF
100
AcDbEntity
  8
03___PRT_ALL_CURVES
  6
Continuous
 62
     4
100
AcDbSpline
210
0.0
220
0.0
230
1.0
 70
     8
 71
     3
 72
     8
 73
     4
 74
     0
 42
0.0000001
 43
0.0000000001
 40
0.0
 40
0.0
 40
0.0
 40
0.0
 40
1.0
 40
1.0
 40
1.0
 40
1.0
 10
2.619781740359997
 20
35.31609818909999
 30
0.0
 10
2.619781740359997
 20
35.23015004247998
 30
0.0
 10
2.593997357080013
 20
35.14897679106002
 30
0.0
 10
2.544554753400007
 20
35.07148501818003
 30
0.0
  0
SPLINE
  5
492
330
2AF
100
AcDbEntity
  8
03___PRT_ALL_CURVES
  6
Continuous
 62
     4
100
AcDbSpline
210
0.0
220
0.0
230
1.0
 70
     8
 71
     3
 72
     8
 73
     4
 74
     0
 42
0.0000001
 43
0.0000000001
 40
0.0
 40
0.0
 40
0.0
 40
0.0
 40
1.0
 40
1.0
 40
1.0
 40
1.0
 10
2.544554753400007
 20
35.07148501818003
 30
0.0
 10
2.494679496279986
 20
34.99331514150001
 30
0.0
 10
2.403956373179994
 20
34.90832195868001
 30
0.0
 10
2.271989522560006
 20
34.81594514826
 30
0.0
  0
LINE
  5
493
330
2AF
100
AcDbEntity
  8
03___PRT_ALL_CURVES
  6
Continuous
 62
     4
100
AcDbLine
 10
2.271989522560006
 20
34.81594514826
 30
0.0
 11
2.114829171400004
 21
34.7017549677
 31
0.0
  0
LINE
  5
494
330
2AF
100
AcDbEntity
  8
03___PRT_ALL_CURVES
  6
Continuous
 62
     4
100
AcDbLine
 10
2.114829171400004
 20
34.7017549677
 30
0.0
 11
2.02196457175998
 21
34.61705321431998
 31
0.0
  0
SPLINE
  5
495
330
2AF
100
AcDbEntity
  8
03___PRT_ALL_CURVES
  6
Continuous
 62
     4
100
AcDbSpline
210
0.0
220
0.0
230
1.0
 70
     8
 71
     3
 72
     8
 73
     4
 74
     0
 42
0.0000001
 43
0.0000000001
 40
0.0
 40
0.0
 40
0.0
 40
0.0
 40
1.0
 40
1.0
 40
1.0
 40
1.0
 10
3.937653610580014
 20
35.43738058814
 30
0.0
 10
3.83833558213999
 20
35.34761251266002
 30
0.0
 10
3.756207366919995
 20
35.25115961946
 30
0.0
 10
3.69041562905997
 20
35.14795686421999
 30
0.0
  0
SPLINE
  5
496
330
2AF
100
AcDbEntity
  8
03___PRT_ALL_CURVES
  6
Continuous
 62
     4
100
AcDbSpline
210
0.0
220
0.0
230
1.0
 70
     8
 71
     3
 72
     8
 73
     4
 74
     0
 42
0.0000001
 43
0.0000000001
 40
0.0
 40
0.0
 40
0.0
 40
0.0
 40
1.0
 40
1.0
 40
1.0
 40
1.0
 10
3.69041562905997
 20
35.14795686421999
 30
0.0
 10
3.610095545859991
 20
35.02196453810001
 30
0.0
 10
3.546111937480021
 20
34.88158252777998
 30
0.0
 10
3.499451858079993
 20
34.72712149812
 30
0.0
  0
SPLINE
  5
497
330
2AF
100
AcDbEntity
  8
03___PRT_ALL_CURVES
  6
Continuous
 62
     4
100
AcDbSpline
210
0.0
220
0.0
230
1.0
 70
     8
 71
     3
 72
     8
 73
     4
 74
     0
 42
0.0000001
 43
0.0000000001
 40
0.0
 40
0.0
 40
0.0
 40
0.0
 40
1.0
 40
1.0
 40
1.0
 40
1.0
 10
3.499451858079993
 20
34.72712149812
 30
0.0
 10
3.463028761000004
 20
34.60654842456003
 30
0.0
 10
3.438199255159958
 20
34.46425648156
 30
0.0
 10
3.425784583519999
 20
34.30000000032001
 30
0.0
  0
SPLINE
  5
498
330
2AF
100
AcDbEntity
  8
03___PRT_ALL_CURVES
  6
Continuous
 62
     4
100
AcDbSpline
210
0.0
220
0.0
230
1.0
 70
     8
 71
     3
 72
     8
 73
     4
 74
     0
 42
0.0000001
 43
0.0000000001
 40
0.0
 40
0.0
 40
0.0
 40
0.0
 40
1.0
 40
1.0
 40
1.0
 40
1.0
 10
3.038062760540015
 20
34.30000000032001
 30
0.0
 10
3.068622204119976
 20
34.52824010010002
 30
0.0
 10
3.116371128179992
 20
34.72019098365999
 30
0.0
 10
3.181859887219986
 20
34.87506944707999
 30
0.0
  0
SPLINE
  5
499
330
2AF
100
AcDbEntity
  8
03___PRT_ALL_CURVES
  6
Continuous
 62
     4
100
AcDbSpline
210
0.0
220
0.0
230
1.0
 70
     8
 71
     3
 72
     8
 73
     4
 74
     0
 42
0.0000001
 43
0.0000000001
 40
0.0
 40
0.0
 40
0.0
 40
0.0
 40
1.0
 40
1.0
 40
1.0
 40
1.0
 10
3.181859887219986
 20
34.87506944707999
 30
0.0
 10
3.247203393820001
 20
35.02960439835999
 30
0.0
 10
3.351296063459984
 20
35.19481579006001
 30
0.0
 10
3.493588039479988
 20
35.37148705723999
 30
0.0
  0
SPLINE
  5
49A
330
2AF
100
AcDbEntity
  8
03___PRT_ALL_CURVES
  6
Continuous
 62
     4
100
AcDbSpline
210
0.0
220
0.0
230
1.0
 70
     8
 71
     3
 72
     8
 73
     4
 74
     0
 42
0.0000001
 43
0.0000000001
 40
0.0
 40
0.0
 40
0.0
 40
0.0
 40
1.0
 40
1.0
 40
1.0
 40
1.0
 10
1.462824013639988
 20
30.80000000008002
 30
0.0
 10
1.476193727820004
 20
30.91459754076001
 30
0.0
 10
1.516302862739991
 20
31.02346520720002
 30
0.0
 10
1.584106410139981
 20
31.1246930337
 30
0.0
  0
SPLINE
  5
49B
330
2AF
100
AcDbEntity
  8
03___PRT_ALL_CURVES
  6
Continuous
 62
     4
100
AcDbSpline
210
0.0
220
0.0
230
1.0
 70
     8
 71
     3
 72
     8
 73
     4
 74
     0
 42
0.0000001
 43
0.0000000001
 40
0.0
 40
0.0
 40
0.0
 40
0.0
 40
1.0
 40
1.0
 40
1.0
 40
1.0
 10
1.584106410139981
 20
31.1246930337
 30
0.0
 10
1.651909970239984
 20
31.22592088052002
 30
0.0
 10
1.778922243519986
 20
31.34624827511999
 30
0.0
 10
1.966108376639994
 20
31.48470658596
 30
0.0
  0
SPLINE
  5
49C
330
2AF
100
AcDbEntity
  8
03___PRT_ALL_CURVES
  6
Continuous
 62
     4
100
AcDbSpline
210
0.0
220
0.0
230
1.0
 70
     8
 71
     3
 72
     8
 73
     4
 74
     0
 42
0.0000001
 43
0.0000000001
 40
0.0
 40
0.0
 40
0.0
 40
0.0
 40
1.0
 40
1.0
 40
1.0
 40
1.0
 10
1.966108376639994
 20
31.48470658596
 30
0.0
 10
2.07974079605998
 20
31.56875849812002
 30
0.0
 10
2.152319225960014
 20
31.63369715158001
 30
0.0
 10
2.184477327759993
 20
31.67785453595999
 30
0.0
  0
SPLINE
  5
49D
330
2AF
100
AcDbEntity
  8
03___PRT_ALL_CURVES
  6
Continuous
 62
     4
100
AcDbSpline
210
0.0
220
0.0
230
1.0
 70
     8
 71
     3
 72
     8
 73
     4
 74
     0
 42
0.0000001
 43
0.0000000001
 40
0.0
 40
0.0
 40
0.0
 40
0.0
 40
1.0
 40
1.0
 40
1.0
 40
1.0
 10
2.184477327759993
 20
31.67785453595999
 30
0.0
 10
2.216302831799993
 20
31.72155522072001
 30
0.0
 10
2.232537516120004
 20
31.76261941087998
 30
0.0
 10
2.232537516120004
 20
31.80272847468001
 30
0.0
  0
SPLINE
  5
49E
330
2AF
100
AcDbEntity
  8
03___PRT_ALL_CURVES
  6
Continuous
 62
     4
100
AcDbSpline
210
0.0
220
0.0
230
1.0
 70
     8
 71
     3
 72
     8
 73
     4
 74
     0
 42
0.0000001
 43
0.0000000001
 40
0.0
 40
0.0
 40
0.0
 40
0.0
 40
1.0
 40
1.0
 40
1.0
 40
1.0
 10
2.232537516120004
 20
31.80272847468001
 30
0.0
 10
2.232537516120004
 20
31.84474762610003
 30
0.0
 10
2.216302831799993
 20
31.88103684231999
 30
0.0
 10
2.184788510779981
 20
31.91159620208001
 30
0.0
  0
SPLINE
  5
49F
330
2AF
100
AcDbEntity
  8
03___PRT_ALL_CURVES
  6
Continuous
 62
     4
100
AcDbSpline
210
0.0
220
0.0
230
1.0
 70
     8
 71
     3
 72
     8
 73
     4
 74
     0
 42
0.0000001
 43
0.0000000001
 40
0.0
 40
0.0
 40
0.0
 40
0.0
 40
1.0
 40
1.0
 40
1.0
 40
1.0
 10
2.184788510779981
 20
31.91159620208001
 30
0.0
 10
2.153274187219978
 20
31.94215556437999
 30
0.0
 10
2.114120087219987
 20
31.95743520108002
 30
0.0
 10
2.066371079340001
 20
31.95743520108002
 30
0.0
  0
SPLINE
  5
4A0
330
2AF
100
AcDbEntity
  8
03___PRT_ALL_CURVES
  6
Continuous
 62
     4
100
AcDbSpline
210
0.0
220
0.0
230
1.0
 70
     8
 71
     3
 72
     8
 73
     4
 74
     0
 42
0.0000001
 43
0.0000000001
 40
0.0
 40
0.0
 40
0.0
 40
0.0
 40
1.0
 40
1.0
 40
1.0
 40
1.0
 10
2.066371079340001
 20
31.95743520108002
 30
0.0
 10
2.016712148940002
 20
31.95743520108002
 30
0.0
 10
1.9756480426
 20
31.9412005193
 30
0.0
 10
1.944371524000019
 20
31.91039789866002
 30
0.0
  0
SPLINE
  5
4A1
330
2AF
100
AcDbEntity
  8
03___PRT_ALL_CURVES
  6
Continuous
 62
     4
100
AcDbSpline
210
0.0
220
0.0
230
1.0
 70
     8
 71
     3
 72
     8
 73
     4
 74
     0
 42
0.0000001
 43
0.0000000001
 40
0.0
 40
0.0
 40
0.0
 40
0.0
 40
1.0
 40
1.0
 40
1.0
 40
1.0
 10
1.944371524000019
 20
31.91039789866002
 30
0.0
 10
1.912619354840018
 20
31.87912683343998
 30
0.0
 10
1.891609821039992
 20
31.82373804912001
 30
0.0
 10
1.881105031279986
 20
31.7454297653
 30
0.0
  0
SPLINE
  5
4A2
330
2AF
100
AcDbEntity
  8
03___PRT_ALL_CURVES
  6
Continuous
 62
     4
100
AcDbSpline
210
0.0
220
0.0
230
1.0
 70
     8
 71
     3
 72
     8
 73
     4
 74
     0
 42
0.0000001
 43
0.0000000001
 40
0.0
 40
0.0
 40
0.0
 40
0.0
 40
1.0
 40
1.0
 40
1.0
 40
1.0
 10
1.491473397540005
 20
31.77694408886001
 30
0.0
 10
1.50675306979997
 20
31.88581173497997
 30
0.0
 10
1.534447482280001
 20
31.97175987906002
 30
0.0
 10
1.575180847599995
 20
32.03309953031999
 30
0.0
  0
SPLINE
  5
4A3
330
2AF
100
AcDbEntity
  8
03___PRT_ALL_CURVES
  6
Continuous
 62
     4
100
AcDbSpline
210
0.0
220
0.0
230
1.0
 70
     8
 71
     3
 72
     8
 73
     4
 74
     0
 42
0.0000001
 43
0.0000000001
 40
0.0
 40
0.0
 40
0.0
 40
0.0
 40
1.0
 40
1.0
 40
1.0
 40
1.0
 10
1.575180847599995
 20
32.03309953031999
 30
0.0
 10
1.615620733699984
 20
32.09399723935999
 30
0.0
 10
1.672919506579973
 20
32.14174624724001
 30
0.0
 10
1.747407904719978
 20
32.17421557015999
 30
0.0
  0
SPLINE
  5
4A4
330
2AF
100
AcDbEntity
  8
03___PRT_ALL_CURVES
  6
Continuous
 62
     4
100
AcDbSpline
210
0.0
220
0.0
230
1.0
 70
     8
 71
     3
 72
     8
 73
     4
 74
     0
 42
0.0000001
 43
0.0000000001
 40
0.0
 40
0.0
 40
0.0
 40
0.0
 40
1.0
 40
1.0
 40
1.0
 40
1.0
 10
1.747407904719978
 20
32.17421557015999
 30
0.0
 10
1.821896318099988
 20
32.20668489816001
 30
0.0
 10
1.924079146499992
 20
32.22387454373998
 30
0.0
 10
2.055866292119987
 20
32.22387454373998
 30
0.0
  0
SPLINE
  5
4A5
330
2AF
100
AcDbEntity
  8
03___PRT_ALL_CURVES
  6
Continuous
 62
     4
100
AcDbSpline
210
0.0
220
0.0
230
1.0
 70
     8
 71
     3
 72
     8
 73
     4
 74
     0
 42
0.0000001
 43
0.0000000001
 40
0.0
 40
0.0
 40
0.0
 40
0.0
 40
1.0
 40
1.0
 40
1.0
 40
1.0
 10
2.055866292119987
 20
32.22387454373998
 30
0.0
 10
2.192428371039966
 20
32.22387454373998
 30
0.0
 10
2.298431130839987
 20
32.20763986195999
 30
0.0
 10
2.374664094959968
 20
32.17667021091998
 30
0.0
  0
SPLINE
  5
4A6
330
2AF
100
AcDbEntity
  8
03___PRT_ALL_CURVES
  6
Continuous
 62
     4
100
AcDbSpline
210
0.0
220
0.0
230
1.0
 70
     8
 71
     3
 72
     8
 73
     4
 74
     0
 42
0.0000001
 43
0.0000000001
 40
0.0
 40
0.0
 40
0.0
 40
0.0
 40
1.0
 40
1.0
 40
1.0
 40
1.0
 10
2.374664094959968
 20
32.17667021091998
 30
0.0
 10
2.451227853439974
 20
32.1455661761
 30
0.0
 10
2.510436566620001
 20
32.09781717076001
 30
0.0
 10
2.554365625320003
 20
32.03287858841998
 30
0.0
  0
SPLINE
  5
4A7
330
2AF
100
AcDbEntity
  8
03___PRT_ALL_CURVES
  6
Continuous
 62
     4
100
AcDbSpline
210
0.0
220
0.0
230
1.0
 70
     8
 71
     3
 72
     8
 73
     4
 74
     0
 42
0.0000001
 43
0.0000000001
 40
0.0
 40
0.0
 40
0.0
 40
0.0
 40
1.0
 40
1.0
 40
1.0
 40
1.0
 10
2.554365625320003
 20
32.03287858841998
 30
0.0
 10
2.598294719579997
 20
31.96793994766003
 30
0.0
 10
2.620259174000012
 20
31.89631648156001
 30
0.0
 10
2.620259174000012
 20
31.81609818886
 30
0.0
  0
SPLINE
  5
4A8
330
2AF
100
AcDbEntity
  8
03___PRT_ALL_CURVES
  6
Continuous
 62
     4
100
AcDbSpline
210
0.0
220
0.0
230
1.0
 70
     8
 71
     3
 72
     8
 73
     4
 74
     0
 42
0.0000001
 43
0.0000000001
 40
0.0
 40
0.0
 40
0.0
 40
0.0
 40
1.0
 40
1.0
 40
1.0
 40
1.0
 10
2.620259174000012
 20
31.81609818886
 30
0.0
 10
2.620259174000012
 20
31.73015004478
 30
0.0
 10
2.59447478817998
 20
31.64897679082
 30
0.0
 10
2.545032187039993
 20
31.57148501793998
 30
0.0
  0
SPLINE
  5
4A9
330
2AF
100
AcDbEntity
  8
03___PRT_ALL_CURVES
  6
Continuous
 62
     4
100
AcDbSpline
210
0.0
220
0.0
230
1.0
 70
     8
 71
     3
 72
     8
 73
     4
 74
     0
 42
0.0000001
 43
0.0000000001
 40
0.0
 40
0.0
 40
0.0
 40
0.0
 40
1.0
 40
1.0
 40
1.0
 40
1.0
 10
2.545032187039993
 20
31.57148501793998
 30
0.0
 10
2.495156927380009
 20
31.49331514126001
 30
0.0
 10
2.404433806820009
 20
31.40832195843998
 30
0.0
 10
2.272466956199992
 20
31.31594514802003
 30
0.0
  0
LINE
  5
4AA
330
2AF
100
AcDbEntity
  8
03___PRT_ALL_CURVES
  6
Continuous
 62
     4
100
AcDbLine
 10
2.272466956199992
 20
31.31594514802003
 30
0.0
 11
2.11530660503999
 21
31.20175496745998
 31
0.0
  0
LINE
  5
4AB
330
2AF
100
AcDbEntity
  8
03___PRT_ALL_CURVES
  6
Continuous
 62
     4
100
AcDbLine
 10
2.11530660503999
 20
31.20175496745998
 30
0.0
 11
2.022442002860004
 21
31.11705321408002
 31
0.0
  0
SPLINE
  5
4AC
330
2AF
100
AcDbEntity
  8
03___PRT_ALL_CURVES
  6
Continuous
 62
     4
100
AcDbSpline
210
0.0
220
0.0
230
1.0
 70
     8
 71
     3
 72
     8
 73
     4
 74
     0
 42
0.0000001
 43
0.0000000001
 40
0.0
 40
0.0
 40
0.0
 40
0.0
 40
1.0
 40
1.0
 40
1.0
 40
1.0
 10
3.199931738299995
 20
31.16289223339999
 30
0.0
 10
3.209481521080022
 20
31.10845839002002
 30
0.0
 10
3.226671166659997
 20
31.07025921063999
 30
0.0
 10
3.25104849408001
 20
31.04779387584
 30
0.0
  0
SPLINE
  5
4AD
330
2AF
100
AcDbEntity
  8
03___PRT_ALL_CURVES
  6
Continuous
 62
     4
100
AcDbSpline
210
0.0
220
0.0
230
1.0
 70
     8
 71
     3
 72
     8
 73
     4
 74
     0
 42
0.0000001
 43
0.0000000001
 40
0.0
 40
0.0
 40
0.0
 40
0.0
 40
1.0
 40
1.0
 40
1.0
 40
1.0
 10
3.25104849408001
 20
31.04779387584
 30
0.0
 10
3.275375219619974
 20
31.0253751729
 30
0.0
 10
3.304979534299946
 20
31.01487040600003
 30
0.0
 10
3.340313789259966
 20
31.01487040600003
 30
0.0
  0
SPLINE
  5
4AE
330
2AF
100
AcDbEntity
  8
03___PRT_ALL_CURVES
  6
Continuous
 62
     4
100
AcDbSpline
210
0.0
220
0.0
230
1.0
 70
     8
 71
     3
 72
     8
 73
     4
 74
     0
 42
0.0000001
 43
0.0000000001
 40
0.0
 40
0.0
 40
0.0
 40
0.0
 40
1.0
 40
1.0
 40
1.0
 40
1.0
 10
3.340313789259966
 20
31.01487040600003
 30
0.0
 10
3.40238747257996
 20
31.01487040600003
 30
0.0
 10
3.451091357899998
 20
31.04638472702001
 30
0.0
 10
3.486041244820001
 20
31.1096273158
 30
0.0
  0
SPLINE
  5
4AF
330
2AF
100
AcDbEntity
  8
03___PRT_ALL_CURVES
  6
Continuous
 62
     4
100
AcDbSpline
210
0.0
220
0.0
230
1.0
 70
     8
 71
     3
 72
     8
 73
     4
 74
     0
 42
0.0000001
 43
0.0000000001
 40
0.0
 40
0.0
 40
0.0
 40
0.0
 40
1.0
 40
1.0
 40
1.0
 40
1.0
 10
3.486041244820001
 20
31.1096273158
 30
0.0
 10
3.511255118699978
 20
31.15525237314
 30
0.0
 10
3.530354686799967
 20
31.25361527268001
 30
0.0
 10
3.543724484799952
 20
31.40450202704
 30
0.0
  0
SPLINE
  5
4B0
330
2AF
100
AcDbEntity
  8
03___PRT_ALL_CURVES
  6
Continuous
 62
     4
100
AcDbSpline
210
0.0
220
0.0
230
1.0
 70
     8
 71
     3
 72
     8
 73
     4
 74
     0
 42
0.0000001
 43
0.0000000001
 40
0.0
 40
0.0
 40
0.0
 40
0.0
 40
1.0
 40
1.0
 40
1.0
 40
1.0
 10
3.543724484799952
 20
31.40450202704
 30
0.0
 10
3.496930356899981
 20
31.35675306233998
 30
0.0
 10
3.449181435380012
 20
31.32141880991998
 30
0.0
 10
3.400575119080003
 20
31.29923923020002
 30
0.0
  0
SPLINE
  5
4B1
330
2AF
100
AcDbEntity
  8
03___PRT_ALL_CURVES
  6
Continuous
 62
     4
100
AcDbSpline
210
0.0
220
0.0
230
1.0
 70
     8
 71
     3
 72
     8
 73
     4
 74
     0
 42
0.0000001
 43
0.0000000001
 40
0.0
 40
0.0
 40
0.0
 40
0.0
 40
1.0
 40
1.0
 40
1.0
 40
1.0
 10
3.400575119080003
 20
31.29923923020002
 30
0.0
 10
3.350818535840006
 20
31.27653477217999
 30
0.0
 10
3.294474790259983
 20
31.2660300256
 30
0.0
 10
3.230491181879984
 20
31.2660300256
 30
0.0
  0
SPLINE
  5
4B2
330
2AF
100
AcDbEntity
  8
03___PRT_ALL_CURVES
  6
Continuous
 62
     4
100
AcDbSpline
210
0.0
220
0.0
230
1.0
 70
     8
 71
     3
 72
     8
 73
     4
 74
     0
 42
0.0000001
 43
0.0000000001
 40
0.0
 40
0.0
 40
0.0
 40
0.0
 40
1.0
 40
1.0
 40
1.0
 40
1.0
 10
3.230491181879984
 20
31.2660300256
 30
0.0
 10
3.104433890180019
 20
31.2660300256
 30
0.0
 10
2.99843113037997
 20
31.30995905889998
 30
0.0
 10
2.912244073900013
 20
31.39949785874001
 30
0.0
  0
SPLINE
  5
4B3
330
2AF
100
AcDbEntity
  8
03___PRT_ALL_CURVES
  6
Continuous
 62
     4
100
AcDbSpline
210
0.0
220
0.0
230
1.0
 70
     8
 71
     3
 72
     8
 73
     4
 74
     0
 42
0.0000001
 43
0.0000000001
 40
0.0
 40
0.0
 40
0.0
 40
0.0
 40
1.0
 40
1.0
 40
1.0
 40
1.0
 10
2.912244073900013
 20
31.39949785874001
 30
0.0
 10
2.826534839679994
 20
31.4885402486
 30
0.0
 10
2.783560724459988
 20
31.60122786675998
 30
0.0
 10
2.783560724459988
 20
31.73778990504002
 30
0.0
  0
SPLINE
  5
4B4
330
2AF
100
AcDbEntity
  8
03___PRT_ALL_CURVES
  6
Continuous
 62
     4
100
AcDbSpline
210
0.0
220
0.0
230
1.0
 70
     8
 71
     3
 72
     8
 73
     4
 74
     0
 42
0.0000001
 43
0.0000000001
 40
0.0
 40
0.0
 40
0.0
 40
0.0
 40
1.0
 40
1.0
 40
1.0
 40
1.0
 10
2.783560724459988
 20
31.73778990504002
 30
0.0
 10
2.783560724459988
 20
31.83042295066002
 30
0.0
 10
2.805525262699973
 20
31.91541613347999
 30
0.0
 10
2.849454288380002
 20
31.99181447700002
 30
0.0
  0
SPLINE
  5
4B5
330
2AF
100
AcDbEntity
  8
03___PRT_ALL_CURVES
  6
Continuous
 62
     4
100
AcDbSpline
210
0.0
220
0.0
230
1.0
 70
     8
 71
     3
 72
     8
 73
     4
 74
     0
 42
0.0000001
 43
0.0000000001
 40
0.0
 40
0.0
 40
0.0
 40
0.0
 40
1.0
 40
1.0
 40
1.0
 40
1.0
 10
2.849454288380002
 20
31.99181447700002
 30
0.0
 10
2.893383331839999
 20
32.06821285354002
 30
0.0
 10
2.953547092640008
 20
32.12551156292
 30
0.0
 10
3.030802259440009
 20
32.16485890103999
 30
0.0
  0
SPLINE
  5
4B6
330
2AF
100
AcDbEntity
  8
03___PRT_ALL_CURVES
  6
Continuous
 62
     4
100
AcDbSpline
210
0.0
220
0.0
230
1.0
 70
     8
 71
     3
 72
     8
 73
     4
 74
     0
 42
0.0000001
 43
0.0000000001
 40
0.0
 40
0.0
 40
0.0
 40
0.0
 40
1.0
 40
1.0
 40
1.0
 40
1.0
 10
3.030802259440009
 20
32.16485890103999
 30
0.0
 10
3.107298776499988
 20
32.20381984674
 30
0.0
 10
3.204706712239954
 20
32.22387454373998
 30
0.0
 10
3.321214218619986
 20
32.22387454373998
 30
0.0
  0
SPLINE
  5
4B7
330
2AF
100
AcDbEntity
  8
03___PRT_ALL_CURVES
  6
Continuous
 62
     4
100
AcDbSpline
210
0.0
220
0.0
230
1.0
 70
     8
 71
     3
 72
     8
 73
     4
 74
     0
 42
0.0000001
 43
0.0000000001
 40
0.0
 40
0.0
 40
0.0
 40
0.0
 40
1.0
 40
1.0
 40
1.0
 40
1.0
 10
3.321214218619986
 20
32.22387454373998
 30
0.0
 10
3.460641143219959
 20
32.22387454373998
 30
0.0
 10
3.573328802020001
 20
32.19904503789999
 30
0.0
 10
3.658206653599962
 20
32.15109146858001
 30
0.0
  0
SPLINE
  5
4B8
330
2AF
100
AcDbEntity
  8
03___PRT_ALL_CURVES
  6
Continuous
 62
     4
100
AcDbSpline
210
0.0
220
0.0
230
1.0
 70
     8
 71
     3
 72
     8
 73
     4
 74
     0
 42
0.0000001
 43
0.0000000001
 40
0.0
 40
0.0
 40
0.0
 40
0.0
 40
1.0
 40
1.0
 40
1.0
 40
1.0
 10
3.658206653599962
 20
32.15109146858001
 30
0.0
 10
3.742360206399979
 20
32.10354710850001
 30
0.0
 10
3.810163662359997
 20
32.02714866337999
 30
0.0
 10
3.860777637840016
 20
31.92210094865999
 30
0.0
  0
SPLINE
  5
4B9
330
2AF
100
AcDbEntity
  8
03___PRT_ALL_CURVES
  6
Continuous
 62
     4
100
AcDbSpline
210
0.0
220
0.0
230
1.0
 70
     8
 71
     3
 72
     8
 73
     4
 74
     0
 42
0.0000001
 43
0.0000000001
 40
0.0
 40
0.0
 40
0.0
 40
0.0
 40
1.0
 40
1.0
 40
1.0
 40
1.0
 10
3.860777637840016
 20
31.92210094865999
 30
0.0
 10
3.911391613320035
 20
31.81705323393999
 30
0.0
 10
3.937175915320012
 20
31.67953615057999
 30
0.0
 10
3.937175915320012
 20
31.50763985987999
 30
0.0
  0
SPLINE
  5
4BA
330
2AF
100
AcDbEntity
  8
03___PRT_ALL_CURVES
  6
Continuous
 62
     4
100
AcDbSpline
210
0.0
220
0.0
230
1.0
 70
     8
 71
     3
 72
     8
 73
     4
 74
     0
 42
0.0000001
 43
0.0000000001
 40
0.0
 40
0.0
 40
0.0
 40
0.0
 40
1.0
 40
1.0
 40
1.0
 40
1.0
 10
3.937175915320012
 20
31.50763985987999
 30
0.0
 10
3.937175915320012
 20
31.25457027458
 30
0.0
 10
3.883697221159963
 20
31.06930422652002
 30
0.0
 10
3.777432097139979
 20
30.95207904821999
 30
0.0
  0
SPLINE
  5
4BB
330
2AF
100
AcDbEntity
  8
03___PRT_ALL_CURVES
  6
Continuous
 62
     4
100
AcDbSpline
210
0.0
220
0.0
230
1.0
 70
     8
 71
     3
 72
     8
 73
     4
 74
     0
 42
0.0000001
 43
0.0000000001
 40
0.0
 40
0.0
 40
0.0
 40
0.0
 40
1.0
 40
1.0
 40
1.0
 40
1.0
 10
3.777432097139979
 20
30.95207904821999
 30
0.0
 10
3.670736737759967
 20
30.83437926329998
 30
0.0
 10
3.523669787799975
 20
30.77612551137997
 30
0.0
 10
3.335538812779987
 20
30.77612551137997
 30
0.0
  0
SPLINE
  5
4BC
330
2AF
100
AcDbEntity
  8
03___PRT_ALL_CURVES
  6
Continuous
 62
     4
100
AcDbSpline
210
0.0
220
0.0
230
1.0
 70
     8
 71
     3
 72
     8
 73
     4
 74
     0
 42
0.0000001
 43
0.0000000001
 40
0.0
 40
0.0
 40
0.0
 40
0.0
 40
1.0
 40
1.0
 40
1.0
 40
1.0
 10
3.335538812779987
 20
30.77612551137997
 30
0.0
 10
3.223806282879991
 20
30.77612551137997
 30
0.0
 10
3.135948129919996
 20
30.78949522556002
 30
0.0
 10
3.072062687459976
 20
30.81457618886
 30
0.0
  0
SPLINE
  5
4BD
330
2AF
100
AcDbEntity
  8
03___PRT_ALL_CURVES
  6
Continuous
 62
     4
100
AcDbSpline
210
0.0
220
0.0
230
1.0
 70
     8
 71
     3
 72
     8
 73
     4
 74
     0
 42
0.0000001
 43
0.0000000001
 40
0.0
 40
0.0
 40
0.0
 40
0.0
 40
1.0
 40
1.0
 40
1.0
 40
1.0
 10
3.072062687459976
 20
30.81457618886
 30
0.0
 10
3.007025954439996
 20
30.84010914008002
 30
0.0
 10
2.953547092640008
 20
30.87830831945999
 30
0.0
 10
2.911251652719983
 20
30.92773215000003
 30
0.0
  0
SPLINE
  5
4BE
330
2AF
100
AcDbEntity
  8
03___PRT_ALL_CURVES
  6
Continuous
 62
     4
100
AcDbSpline
210
0.0
220
0.0
230
1.0
 70
     8
 71
     3
 72
     8
 73
     4
 74
     0
 42
0.0000001
 43
0.0000000001
 40
0.0
 40
0.0
 40
0.0
 40
0.0
 40
1.0
 40
1.0
 40
1.0
 40
1.0
 10
2.911251652719983
 20
30.92773215000003
 30
0.0
 10
2.868553825999982
 20
30.97762618534
 30
0.0
 10
2.836084624999984
 20
31.03969987120001
 30
0.0
 10
2.81316504167998
 20
31.1141882668
 30
0.0
  0
SPLINE
  5
4BF
330
2AF
100
AcDbEntity
  8
03___PRT_ALL_CURVES
  6
Continuous
 62
     4
100
AcDbSpline
210
0.0
220
0.0
230
1.0
 70
     8
 71
     3
 72
     8
 73
     4
 74
     0
 42
0.0000001
 43
0.0000000001
 40
0.0
 40
0.0
 40
0.0
 40
0.0
 40
1.0
 40
1.0
 40
1.0
 40
1.0
 10
3.529399725540003
 20
31.73874486629998
 30
0.0
 10
3.529399725540003
 20
31.81418826634001
 30
0.0
 10
3.510300154900023
 20
31.87339697952001
 30
0.0
 10
3.472100950119966
 20
31.91637103631999
 30
0.0
  0
SPLINE
  5
4C0
330
2AF
100
AcDbEntity
  8
03___PRT_ALL_CURVES
  6
Continuous
 62
     4
100
AcDbSpline
210
0.0
220
0.0
230
1.0
 70
     8
 71
     3
 72
     8
 73
     4
 74
     0
 42
0.0000001
 43
0.0000000001
 40
0.0
 40
0.0
 40
0.0
 40
0.0
 40
1.0
 40
1.0
 40
1.0
 40
1.0
 10
3.472100950119966
 20
31.91637103631999
 30
0.0
 10
3.433901712320022
 20
31.95934512613999
 30
0.0
 10
3.387107749520027
 20
31.98130966437998
 30
0.0
 10
3.332673929000009
 20
31.98130966437998
 30
0.0
  0
SPLINE
  5
4C1
330
2AF
100
AcDbEntity
  8
03___PRT_ALL_CURVES
  6
Continuous
 62
     4
100
AcDbSpline
210
0.0
220
0.0
230
1.0
 70
     8
 71
     3
 72
     8
 73
     4
 74
     0
 42
0.0000001
 43
0.0000000001
 40
0.0
 40
0.0
 40
0.0
 40
0.0
 40
1.0
 40
1.0
 40
1.0
 40
1.0
 10
3.332673929000009
 20
31.98130966437998
 30
0.0
 10
3.281104989719978
 20
31.98130966437998
 30
0.0
 10
3.238131042139997
 20
31.96125513247998
 30
0.0
 10
3.203988174179983
 20
31.92284444730001
 30
0.0
  0
SPLINE
  5
4C2
330
2AF
100
AcDbEntity
  8
03___PRT_ALL_CURVES
  6
Continuous
 62
     4
100
AcDbSpline
210
0.0
220
0.0
230
1.0
 70
     8
 71
     3
 72
     8
 73
     4
 74
     0
 42
0.0000001
 43
0.0000000001
 40
0.0
 40
0.0
 40
0.0
 40
0.0
 40
1.0
 40
1.0
 40
1.0
 40
1.0
 10
3.203988174179983
 20
31.92284444730001
 30
0.0
 10
3.169372459820011
 20
31.88390180991999
 30
0.0
 10
3.153137775499999
 20
31.82564805800001
 30
0.0
 10
3.153137775499999
 20
31.74829465162003
 30
0.0
  0
SPLINE
  5
4C3
330
2AF
100
AcDbEntity
  8
03___PRT_ALL_CURVES
  6
Continuous
 62
     4
100
AcDbSpline
210
0.0
220
0.0
230
1.0
 70
     8
 71
     3
 72
     8
 73
     4
 74
     0
 42
0.0000001
 43
0.0000000001
 40
0.0
 40
0.0
 40
0.0
 40
0.0
 40
1.0
 40
1.0
 40
1.0
 40
1.0
 10
3.153137775499999
 20
31.74829465162003
 30
0.0
 10
3.153137775499999
 20
31.66998636779999
 30
0.0
 10
3.170327421080003
 20
31.60982260700001
 30
0.0
 10
3.20542659904001
 20
31.56855739108002
 30
0.0
  0
SPLINE
  5
4C4
330
2AF
100
AcDbEntity
  8
03___PRT_ALL_CURVES
  6
Continuous
 62
     4
100
AcDbSpline
210
0.0
220
0.0
230
1.0
 70
     8
 71
     3
 72
     8
 73
     4
 74
     0
 42
0.0000001
 43
0.0000000001
 40
0.0
 40
0.0
 40
0.0
 40
0.0
 40
1.0
 40
1.0
 40
1.0
 40
1.0
 10
3.20542659904001
 20
31.56855739108002
 30
0.0
 10
3.240995928459967
 20
31.52673943052002
 30
0.0
 10
3.284925004939993
 20
31.5066848148
 30
0.0
 10
3.338403864199989
 20
31.5066848148
 30
0.0
  0
SPLINE
  5
4C5
330
2AF
100
AcDbEntity
  8
03___PRT_ALL_CURVES
  6
Continuous
 62
     4
100
AcDbSpline
210
0.0
220
0.0
230
1.0
 70
     8
 71
     3
 72
     8
 73
     4
 74
     0
 42
0.0000001
 43
0.0000000001
 40
0.0
 40
0.0
 40
0.0
 40
0.0
 40
1.0
 40
1.0
 40
1.0
 40
1.0
 10
3.338403864199989
 20
31.5066848148
 30
0.0
 10
3.392837687259998
 20
31.5066848148
 30
0.0
 10
3.438676688800001
 20
31.52673943052002
 30
0.0
 10
3.474965902480022
 20
31.56684857560001
 30
0.0
  0
SPLINE
  5
4C6
330
2AF
100
AcDbEntity
  8
03___PRT_ALL_CURVES
  6
Continuous
 62
     4
100
AcDbSpline
210
0.0
220
0.0
230
1.0
 70
     8
 71
     3
 72
     8
 73
     4
 74
     0
 42
0.0000001
 43
0.0000000001
 40
0.0
 40
0.0
 40
0.0
 40
0.0
 40
1.0
 40
1.0
 40
1.0
 40
1.0
 10
3.474965902480022
 20
31.56684857560001
 30
0.0
 10
3.511255118699978
 20
31.60695772068001
 30
0.0
 10
3.529399725540003
 20
31.66425651387999
 30
0.0
 10
3.529399725540003
 20
31.73874486629998
 30
0.0
  0
SPLINE
  5
4C7
330
2AF
100
AcDbEntity
  8
03___PRT_ALL_CURVES
  6
Continuous
 62
     4
100
AcDbSpline
210
0.0
220
0.0
230
1.0
 70
     8
 71
     3
 72
     8
 73
     4
 74
     0
 42
0.0000001
 43
0.0000000001
 40
0.0
 40
0.0
 40
0.0
 40
0.0
 40
1.0
 40
1.0
 40
1.0
 40
1.0
 10
1.62230558952001
 20
28.36098222635999
 30
0.0
 10
1.652864939120008
 20
28.47748973274
 30
0.0
 10
1.711118680879991
 20
28.56725780822001
 30
0.0
 10
1.798248786019997
 20
28.62997233862001
 30
0.0
  0
SPLINE
  5
4C8
330
2AF
100
AcDbEntity
  8
03___PRT_ALL_CURVES
  6
Continuous
 62
     4
100
AcDbSpline
210
0.0
220
0.0
230
1.0
 70
     8
 71
     3
 72
     8
 73
     4
 74
     0
 42
0.0000001
 43
0.0000000001
 40
0.0
 40
0.0
 40
0.0
 40
0.0
 40
1.0
 40
1.0
 40
1.0
 40
1.0
 10
1.798248786019997
 20
28.62997233862001
 30
0.0
 10
1.884924960139983
 20
28.69236013866001
 30
0.0
 10
2.008117322340013
 20
28.72387454604001
 30
0.0
 10
2.167598903299989
 20
28.72387454604001
 30
0.0
  0
SPLINE
  5
4C9
330
2AF
100
AcDbEntity
  8
03___PRT_ALL_CURVES
  6
Continuous
 62
     4
100
AcDbSpline
210
0.0
220
0.0
230
1.0
 70
     8
 71
     3
 72
     8
 73
     4
 74
     0
 42
0.0000001
 43
0.0000000001
 40
0.0
 40
0.0
 40
0.0
 40
0.0
 40
1.0
 40
1.0
 40
1.0
 40
1.0
 10
2.167598903299989
 20
28.72387454604001
 30
0.0
 10
2.34999998121998
 20
28.72387454604001
 30
0.0
 10
2.481787210659974
 20
28.68949525233998
 30
0.0
 10
2.563485561360011
 20
28.62117437297997
 30
0.0
  0
SPLINE
  5
4CA
330
2AF
100
AcDbEntity
  8
03___PRT_ALL_CURVES
  6
Continuous
 62
     4
100
AcDbSpline
210
0.0
220
0.0
230
1.0
 70
     8
 71
     3
 72
     8
 73
     4
 74
     0
 42
0.0000001
 43
0.0000000001
 40
0.0
 40
0.0
 40
0.0
 40
0.0
 40
1.0
 40
1.0
 40
1.0
 40
1.0
 10
2.563485561360011
 20
28.62117437297997
 30
0.0
 10
2.645088677299981
 20
28.55293313278
 30
0.0
 10
2.686152783639983
 20
28.46793994996
 30
0.0
 10
2.686152783639983
 20
28.36480215776001
 30
0.0
  0
SPLINE
  5
4CB
330
2AF
100
AcDbEntity
  8
03___PRT_ALL_CURVES
  6
Continuous
 62
     4
100
AcDbSpline
210
0.0
220
0.0
230
1.0
 70
     8
 71
     3
 72
     8
 73
     4
 74
     0
 42
0.0000001
 43
0.0000000001
 40
0.0
 40
0.0
 40
0.0
 40
0.0
 40
1.0
 40
1.0
 40
1.0
 40
1.0
 10
2.686152783639983
 20
28.36480215776001
 30
0.0
 10
2.686152783639983
 20
28.30368351952001
 30
0.0
 10
2.668963138060008
 20
28.24924969645997
 30
0.0
 10
2.636384981220004
 20
28.20061848562003
 30
0.0
  0
SPLINE
  5
4CC
330
2AF
100
AcDbEntity
  8
03___PRT_ALL_CURVES
  6
Continuous
 62
     4
100
AcDbSpline
210
0.0
220
0.0
230
1.0
 70
     8
 71
     3
 72
     8
 73
     4
 74
     0
 42
0.0000001
 43
0.0000000001
 40
0.0
 40
0.0
 40
0.0
 40
0.0
 40
1.0
 40
1.0
 40
1.0
 40
1.0
 10
2.636384981220004
 20
28.20061848562003
 30
0.0
 10
2.603069607159995
 20
28.15088679691999
 30
0.0
 10
2.553410676759967
 20
28.10791268423998
 30
0.0
 10
2.486562100779992
 20
28.07162346802002
 30
0.0
  0
SPLINE
  5
4CD
330
2AF
100
AcDbEntity
  8
03___PRT_ALL_CURVES
  6
Continuous
 62
     4
100
AcDbSpline
210
0.0
220
0.0
230
1.0
 70
     8
 71
     3
 72
     8
 73
     4
 74
     0
 42
0.0000001
 43
0.0000000001
 40
0.0
 40
0.0
 40
0.0
 40
0.0
 40
1.0
 40
1.0
 40
1.0
 40
1.0
 10
2.486562100779992
 20
28.07162346802002
 30
0.0
 10
2.54004096257998
 20
28.05825375384001
 30
0.0
 10
2.582060032719966
 20
28.04201906951999
 30
0.0
 10
2.61051442336003
 20
28.02450866766
 30
0.0
  0
SPLINE
  5
4CE
330
2AF
100
AcDbEntity
  8
03___PRT_ALL_CURVES
  6
Continuous
 62
     4
100
AcDbSpline
210
0.0
220
0.0
230
1.0
 70
     8
 71
     3
 72
     8
 73
     4
 74
     0
 42
0.0000001
 43
0.0000000001
 40
0.0
 40
0.0
 40
0.0
 40
0.0
 40
1.0
 40
1.0
 40
1.0
 40
1.0
 10
2.61051442336003
 20
28.02450866766
 30
0.0
 10
2.656548385139985
 20
27.99618006797999
 30
0.0
 10
2.692837685179967
 20
27.95798088860002
 30
0.0
 10
2.718622109100011
 20
27.91118690802
 30
0.0
  0
SPLINE
  5
4CF
330
2AF
100
AcDbEntity
  8
03___PRT_ALL_CURVES
  6
Continuous
 62
     4
100
AcDbSpline
210
0.0
220
0.0
230
1.0
 70
     8
 71
     3
 72
     8
 73
     4
 74
     0
 42
0.0000001
 43
0.0000000001
 40
0.0
 40
0.0
 40
0.0
 40
0.0
 40
1.0
 40
1.0
 40
1.0
 40
1.0
 10
2.718622109100011
 20
27.91118690802
 30
0.0
 10
2.74440653809998
 20
27.86439292489999
 30
0.0
 10
2.757776252279967
 20
27.80900409739999
 30
0.0
 10
2.757776252279967
 20
27.74406548712003
 30
0.0
  0
SPLINE
  5
4D0
330
2AF
100
AcDbEntity
  8
03___PRT_ALL_CURVES
  6
Continuous
 62
     4
100
AcDbSpline
210
0.0
220
0.0
230
1.0
 70
     8
 71
     3
 72
     8
 73
     4
 74
     0
 42
0.0000001
 43
0.0000000001
 40
0.0
 40
0.0
 40
0.0
 40
0.0
 40
1.0
 40
1.0
 40
1.0
 40
1.0
 10
2.757776252279967
 20
27.74406548712003
 30
0.0
 10
2.757776252279967
 20
27.66193723126
 30
0.0
 10
2.735811714039983
 20
27.58362892458001
 30
0.0
 10
2.693431880079999
 20
27.50934517170001
 30
0.0
  0
SPLINE
  5
4D1
330
2AF
100
AcDbEntity
  8
03___PRT_ALL_CURVES
  6
Continuous
 62
     4
100
AcDbSpline
210
0.0
220
0.0
230
1.0
 70
     8
 71
     3
 72
     8
 73
     4
 74
     0
 42
0.0000001
 43
0.0000000001
 40
0.0
 40
0.0
 40
0.0
 40
0.0
 40
1.0
 40
1.0
 40
1.0
 40
1.0
 10
2.693431880079999
 20
27.50934517170001
 30
0.0
 10
2.650818531219983
 20
27.43465211306
 30
0.0
 10
2.589699892979979
 20
27.37639836113999
 30
0.0
 10
2.509291067259966
 20
27.33667257825999
 30
0.0
  0
SPLINE
  5
4D2
330
2AF
100
AcDbEntity
  8
03___PRT_ALL_CURVES
  6
Continuous
 62
     4
100
AcDbSpline
210
0.0
220
0.0
230
1.0
 70
     8
 71
     3
 72
     8
 73
     4
 74
     0
 42
0.0000001
 43
0.0000000001
 40
0.0
 40
0.0
 40
0.0
 40
0.0
 40
1.0
 40
1.0
 40
1.0
 40
1.0
 10
2.509291067259966
 20
27.33667257825999
 30
0.0
 10
2.429263310120007
 20
27.29713506018001
 30
0.0
 10
2.323260550320015
 20
27.27612551114001
 30
0.0
 10
2.193383370399999
 20
27.27612551114001
 30
0.0
  0
SPLINE
  5
4D3
330
2AF
100
AcDbEntity
  8
03___PRT_ALL_CURVES
  6
Continuous
 62
     4
100
AcDbSpline
210
0.0
220
0.0
230
1.0
 70
     8
 71
     3
 72
     8
 73
     4
 74
     0
 42
0.0000001
 43
0.0000000001
 40
0.0
 40
0.0
 40
0.0
 40
0.0
 40
1.0
 40
1.0
 40
1.0
 40
1.0
 10
2.193383370399999
 20
27.27612551114001
 30
0.0
 10
2.065416115539989
 20
27.27612551114001
 30
0.0
 10
1.965143250299974
 20
27.2914051834
 30
0.0
 10
1.891609818500001
 20
27.32100955141999
 30
0.0
  0
SPLINE
  5
4D4
330
2AF
100
AcDbEntity
  8
03___PRT_ALL_CURVES
  6
Continuous
 62
     4
100
AcDbSpline
210
0.0
220
0.0
230
1.0
 70
     8
 71
     3
 72
     8
 73
     4
 74
     0
 42
0.0000001
 43
0.0000000001
 40
0.0
 40
0.0
 40
0.0
 40
0.0
 40
1.0
 40
1.0
 40
1.0
 40
1.0
 10
1.891609818500001
 20
27.32100955141999
 30
0.0
 10
1.818076404479996
 20
27.35061391182001
 30
0.0
 10
1.757912684320019
 20
27.39454297814001
 30
0.0
 10
1.710163701840003
 20
27.45184175102
 30
0.0
  0
SPLINE
  5
4D5
330
2AF
100
AcDbEntity
  8
03___PRT_ALL_CURVES
  6
Continuous
 62
     4
100
AcDbSpline
210
0.0
220
0.0
230
1.0
 70
     8
 71
     3
 72
     8
 73
     4
 74
     0
 42
0.0000001
 43
0.0000000001
 40
0.0
 40
0.0
 40
0.0
 40
0.0
 40
1.0
 40
1.0
 40
1.0
 40
1.0
 10
1.710163701840003
 20
27.45184175102
 30
0.0
 10
1.662414734599992
 20
27.50914050866001
 30
0.0
 10
1.626125508219985
 20
27.58171895888
 30
0.0
 10
1.601296037939989
 20
27.66957709152001
 30
0.0
  0
SPLINE
  5
4D6
330
2AF
100
AcDbEntity
  8
03___PRT_ALL_CURVES
  6
Continuous
 62
     4
100
AcDbSpline
210
0.0
220
0.0
230
1.0
 70
     8
 71
     3
 72
     8
 73
     4
 74
     0
 42
0.0000001
 43
0.0000000001
 40
0.0
 40
0.0
 40
0.0
 40
0.0
 40
1.0
 40
1.0
 40
1.0
 40
1.0
 10
1.989972715499988
 20
27.72114598761999
 30
0.0
 10
2.005252395379983
 20
27.64283766062002
 30
0.0
 10
2.028171894880018
 20
27.58840381723999
 30
0.0
 10
2.060641189860007
 20
27.55784448795998
 30
0.0
  0
SPLINE
  5
4D7
330
2AF
100
AcDbEntity
  8
03___PRT_ALL_CURVES
  6
Continuous
 62
     4
100
AcDbSpline
210
0.0
220
0.0
230
1.0
 70
     8
 71
     3
 72
     8
 73
     4
 74
     0
 42
0.0000001
 43
0.0000000001
 40
0.0
 40
0.0
 40
0.0
 40
0.0
 40
1.0
 40
1.0
 40
1.0
 40
1.0
 10
2.060641189860007
 20
27.55784448795998
 30
0.0
 10
2.093110507699976
 20
27.52728513835999
 30
0.0
 10
2.134174614039978
 20
27.51296044006003
 30
0.0
 10
2.183833544440006
 20
27.51296044006003
 30
0.0
  0
SPLINE
  5
4D8
330
2AF
100
AcDbEntity
  8
03___PRT_ALL_CURVES
  6
Continuous
 62
     4
100
AcDbSpline
210
0.0
220
0.0
230
1.0
 70
     8
 71
     3
 72
     8
 73
     4
 74
     0
 42
0.0000001
 43
0.0000000001
 40
0.0
 40
0.0
 40
0.0
 40
0.0
 40
1.0
 40
1.0
 40
1.0
 40
1.0
 10
2.183833544440006
 20
27.51296044006003
 30
0.0
 10
2.235402481179989
 20
27.51296044006003
 30
0.0
 10
2.279331473839989
 20
27.53206003102002
 30
0.0
 10
2.313710764999996
 20
27.5702592104
 30
0.0
  0
SPLINE
  5
4D9
330
2AF
100
AcDbEntity
  8
03___PRT_ALL_CURVES
  6
Continuous
 62
     4
100
AcDbSpline
210
0.0
220
0.0
230
1.0
 70
     8
 71
     3
 72
     8
 73
     4
 74
     0
 42
0.0000001
 43
0.0000000001
 40
0.0
 40
0.0
 40
0.0
 40
0.0
 40
1.0
 40
1.0
 40
1.0
 40
1.0
 10
2.313710764999996
 20
27.5702592104
 30
0.0
 10
2.348090058699995
 20
27.60845838978
 30
0.0
 10
2.366234665539992
 20
27.6590723043
 30
0.0
 10
2.366234665539992
 20
27.72305595332
 30
0.0
  0
SPLINE
  5
4DA
330
2AF
100
AcDbEntity
  8
03___PRT_ALL_CURVES
  6
Continuous
 62
     4
100
AcDbSpline
210
0.0
220
0.0
230
1.0
 70
     8
 71
     3
 72
     8
 73
     4
 74
     0
 42
0.0000001
 43
0.0000000001
 40
0.0
 40
0.0
 40
0.0
 40
0.0
 40
1.0
 40
1.0
 40
1.0
 40
1.0
 10
2.366234665539992
 20
27.72305595332
 30
0.0
 10
2.366234665539992
 20
27.78799456360002
 30
0.0
 10
2.349045019960016
 20
27.83765349400002
 30
0.0
 10
2.315381843699981
 20
27.87372117904002
 30
0.0
  0
SPLINE
  5
4DB
330
2AF
100
AcDbEntity
  8
03___PRT_ALL_CURVES
  6
Continuous
 62
     4
100
AcDbSpline
210
0.0
220
0.0
230
1.0
 70
     8
 71
     3
 72
     8
 73
     4
 74
     0
 42
0.0000001
 43
0.0000000001
 40
0.0
 40
0.0
 40
0.0
 40
0.0
 40
1.0
 40
1.0
 40
1.0
 40
1.0
 10
2.315381843699981
 20
27.87372117904002
 30
0.0
 10
2.282196443979984
 20
27.90927696264001
 30
0.0
 10
2.237312406239994
 20
27.92742156947998
 30
0.0
 10
2.180013656219955
 20
27.92742156947998
 30
0.0
  0
SPLINE
  5
4DC
330
2AF
100
AcDbEntity
  8
03___PRT_ALL_CURVES
  6
Continuous
 62
     4
100
AcDbSpline
210
0.0
220
0.0
230
1.0
 70
     8
 71
     3
 72
     8
 73
     4
 74
     0
 42
0.0000001
 43
0.0000000001
 40
0.0
 40
0.0
 40
0.0
 40
0.0
 40
1.0
 40
1.0
 40
1.0
 40
1.0
 10
2.180013656219955
 20
27.92742156947998
 30
0.0
 10
2.149454293920002
 20
27.92742156947998
 30
0.0
 10
2.107435183139984
 20
27.91978170921999
 30
0.0
 10
2.053956323879987
 20
27.9045020268
 30
0.0
  0
LINE
  5
4DD
330
2AF
100
AcDbEntity
  8
03___PRT_ALL_CURVES
  6
Continuous
 62
     4
100
AcDbLine
 10
2.07401089642002
 20
28.18240112047999
 30
0.0
 11
2.124624828719988
 21
28.17762622781999
 31
0.0
  0
SPLINE
  5
4DE
330
2AF
100
AcDbEntity
  8
03___PRT_ALL_CURVES
  6
Continuous
 62
     4
100
AcDbSpline
210
0.0
220
0.0
230
1.0
 70
     8
 71
     3
 72
     8
 73
     4
 74
     0
 42
0.0000001
 43
0.0000000001
 40
0.0
 40
0.0
 40
0.0
 40
0.0
 40
1.0
 40
1.0
 40
1.0
 40
1.0
 10
2.124624828719988
 20
28.17762622781999
 30
0.0
 10
2.175238720380008
 20
28.17762622781999
 30
0.0
 10
2.217257831159998
 20
28.19386082832
 30
0.0
 10
2.25163707151998
 20
28.22633012584001
 30
0.0
  0
SPLINE
  5
4DF
330
2AF
100
AcDbEntity
  8
03___PRT_ALL_CURVES
  6
Continuous
 62
     4
100
AcDbSpline
210
0.0
220
0.0
230
1.0
 70
     8
 71
     3
 72
     8
 73
     4
 74
     0
 42
0.0000001
 43
0.0000000001
 40
0.0
 40
0.0
 40
0.0
 40
0.0
 40
1.0
 40
1.0
 40
1.0
 40
1.0
 10
2.25163707151998
 20
28.22633012584001
 30
0.0
 10
2.286016372839981
 20
28.25879948177999
 30
0.0
 10
2.303206018420013
 20
28.29699862052001
 30
0.0
 10
2.303206018420013
 20
28.34188265826
 30
0.0
  0
SPLINE
  5
4E0
330
2AF
100
AcDbEntity
  8
03___PRT_ALL_CURVES
  6
Continuous
 62
     4
100
AcDbSpline
210
0.0
220
0.0
230
1.0
 70
     8
 71
     3
 72
     8
 73
     4
 74
     0
 42
0.0000001
 43
0.0000000001
 40
0.0
 40
0.0
 40
0.0
 40
0.0
 40
1.0
 40
1.0
 40
1.0
 40
1.0
 10
2.303206018420013
 20
28.34188265826
 30
0.0
 10
2.303206018420013
 20
28.38390180968
 30
0.0
 10
2.289836304239998
 20
28.41828101956003
 30
0.0
 10
2.264524792759971
 20
28.44359249039999
 30
0.0
  0
SPLINE
  5
4E1
330
2AF
100
AcDbEntity
  8
03___PRT_ALL_CURVES
  6
Continuous
 62
     4
100
AcDbSpline
210
0.0
220
0.0
230
1.0
 70
     8
 71
     3
 72
     8
 73
     4
 74
     0
 42
0.0000001
 43
0.0000000001
 40
0.0
 40
0.0
 40
0.0
 40
0.0
 40
1.0
 40
1.0
 40
1.0
 40
1.0
 10
2.264524792759971
 20
28.44359249039999
 30
0.0
 10
2.239222328759979
 20
28.46889491121999
 30
0.0
 10
2.203888116980011
 20
28.48226462540001
 30
0.0
 10
2.159959083680008
 20
28.48226462540001
 30
0.0
  0
SPLINE
  5
4E2
330
2AF
100
AcDbEntity
  8
03___PRT_ALL_CURVES
  6
Continuous
 62
     4
100
AcDbSpline
210
0.0
220
0.0
230
1.0
 70
     8
 71
     3
 72
     8
 73
     4
 74
     0
 42
0.0000001
 43
0.0000000001
 40
0.0
 40
0.0
 40
0.0
 40
0.0
 40
1.0
 40
1.0
 40
1.0
 40
1.0
 10
2.159959083680008
 20
28.48226462540001
 30
0.0
 10
2.114120041500001
 20
28.48226462540001
 30
0.0
 10
2.076875864019996
 20
28.46793994996
 30
0.0
 10
2.048226467419994
 20
28.44024555780001
 30
0.0
  0
SPLINE
  5
4E3
330
2AF
100
AcDbEntity
  8
03___PRT_ALL_CURVES
  6
Continuous
 62
     4
100
AcDbSpline
210
0.0
220
0.0
230
1.0
 70
     8
 71
     3
 72
     8
 73
     4
 74
     0
 42
0.0000001
 43
0.0000000001
 40
0.0
 40
0.0
 40
0.0
 40
0.0
 40
1.0
 40
1.0
 40
1.0
 40
1.0
 10
2.048226467419994
 20
28.44024555780001
 30
0.0
 10
2.019577073360011
 20
28.41255116310001
 30
0.0
 10
1.999522500820007
 20
28.36384719650002
 30
0.0
 10
1.989972715499988
 20
28.29508869546001
 30
0.0
  0
SPLINE
  5
4E4
330
2AF
100
AcDbEntity
  8
03___PRT_ALL_CURVES
  6
Continuous
 62
     4
100
AcDbSpline
210
0.0
220
0.0
230
1.0
 70
     8
 71
     3
 72
     8
 73
     4
 74
     0
 42
0.0000001
 43
0.0000000001
 40
0.0
 40
0.0
 40
0.0
 40
0.0
 40
1.0
 40
1.0
 40
1.0
 40
1.0
 10
3.405252437640002
 20
28.23301501214002
 30
0.0
 10
3.341268829259974
 20
28.18431104300001
 30
0.0
 10
3.27919514593998
 20
28.14515685917999
 30
0.0
 10
3.220177964000015
 20
28.11517237508002
 30
0.0
  0
SPLINE
  5
4E5
330
2AF
100
AcDbEntity
  8
03___PRT_ALL_CURVES
  6
Continuous
 62
     4
100
AcDbSpline
210
0.0
220
0.0
230
1.0
 70
     8
 71
     3
 72
     8
 73
     4
 74
     0
 42
0.0000001
 43
0.0000000001
 40
0.0
 40
0.0
 40
0.0
 40
0.0
 40
1.0
 40
1.0
 40
1.0
 40
1.0
 10
3.220177964000015
 20
28.11517237508002
 30
0.0
 10
3.160777549400024
 20
28.08499318219998
 30
0.0
 10
3.086289196980005
 20
28.05634382878
 30
0.0
 10
2.996521118960004
 20
28.02960439788001
 30
0.0
  0
SPLINE
  5
4E6
330
2AF
100
AcDbEntity
  8
03___PRT_ALL_CURVES
  6
Continuous
 62
     4
100
AcDbSpline
210
0.0
220
0.0
230
1.0
 70
     8
 71
     3
 72
     8
 73
     4
 74
     0
 42
0.0000001
 43
0.0000000001
 40
0.0
 40
0.0
 40
0.0
 40
0.0
 40
1.0
 40
1.0
 40
1.0
 40
1.0
 10
2.996521118960004
 20
28.34856755726
 30
0.0
 10
3.128308348400026
 20
28.39058662739998
 30
0.0
 10
3.231446056779987
 20
28.44215556413999
 30
0.0
 10
3.30502241457998
 20
28.50226689172001
 30
0.0
  0
SPLINE
  5
4E7
330
2AF
100
AcDbEntity
  8
03___PRT_ALL_CURVES
  6
Continuous
 62
     4
100
AcDbSpline
210
0.0
220
0.0
230
1.0
 70
     8
 71
     3
 72
     8
 73
     4
 74
     0
 42
0.0000001
 43
0.0000000001
 40
0.0
 40
0.0
 40
0.0
 40
0.0
 40
1.0
 40
1.0
 40
1.0
 40
1.0
 10
3.30502241457998
 20
28.50226689172001
 30
0.0
 10
3.377558045480015
 20
28.5615279543
 30
0.0
 10
3.434856752320002
 20
28.63601639308001
 30
0.0
 10
3.476875906279986
 20
28.72387454604001
 30
0.0
  0
SPLINE
  5
4E8
330
2AF
100
AcDbEntity
  8
03___PRT_ALL_CURVES
  6
Continuous
 62
     4
100
AcDbSpline
210
0.0
220
0.0
230
1.0
 70
     8
 71
     3
 72
     8
 73
     4
 74
     0
 42
0.0000001
 43
0.0000000001
 40
0.0
 40
0.0
 40
0.0
 40
0.0
 40
1.0
 40
1.0
 40
1.0
 40
1.0
 10
1.490518408340023
 20
24.86098222612
 30
0.0
 10
1.52107775794002
 20
24.9774897325
 30
0.0
 10
1.579331502239995
 20
25.06725781052
 30
0.0
 10
1.666461604840009
 20
25.12997234092001
 30
0.0
  0
SPLINE
  5
4E9
330
2AF
100
AcDbEntity
  8
03___PRT_ALL_CURVES
  6
Continuous
 62
     4
100
AcDbSpline
210
0.0
220
0.0
230
1.0
 70
     8
 71
     3
 72
     8
 73
     4
 74
     0
 42
0.0000001
 43
0.0000000001
 40
0.0
 40
0.0
 40
0.0
 40
0.0
 40
1.0
 40
1.0
 40
1.0
 40
1.0
 10
1.666461604840009
 20
25.12997234092001
 30
0.0
 10
1.753137778959996
 20
25.19236013842001
 30
0.0
 10
1.876330141159997
 20
25.22387454580002
 30
0.0
 10
2.035811722120002
 20
25.22387454580002
 30
0.0
  0
SPLINE
  5
4EA
330
2AF
100
AcDbEntity
  8
03___PRT_ALL_CURVES
  6
Continuous
 62
     4
100
AcDbSpline
210
0.0
220
0.0
230
1.0
 70
     8
 71
     3
 72
     8
 73
     4
 74
     0
 42
0.0000001
 43
0.0000000001
 40
0.0
 40
0.0
 40
0.0
 40
0.0
 40
1.0
 40
1.0
 40
1.0
 40
1.0
 10
2.035811722120002
 20
25.22387454580002
 30
0.0
 10
2.218212800039993
 20
25.22387454580002
 30
0.0
 10
2.350000029480015
 20
25.18949525210002
 30
0.0
 10
2.431698380179967
 20
25.12117437274
 30
0.0
  0
SPLINE
  5
4EB
330
2AF
100
AcDbEntity
  8
03___PRT_ALL_CURVES
  6
Continuous
 62
     4
100
AcDbSpline
210
0.0
220
0.0
230
1.0
 70
     8
 71
     3
 72
     8
 73
     4
 74
     0
 42
0.0000001
 43
0.0000000001
 40
0.0
 40
0.0
 40
0.0
 40
0.0
 40
1.0
 40
1.0
 40
1.0
 40
1.0
 10
2.431698380179967
 20
25.12117437274
 30
0.0
 10
2.513301496119993
 20
25.05293313254001
 30
0.0
 10
2.554365605000015
 20
24.96793994972001
 30
0.0
 10
2.554365605000015
 20
24.86480215751999
 30
0.0
  0
SPLINE
  5
4EC
330
2AF
100
AcDbEntity
  8
03___PRT_ALL_CURVES
  6
Continuous
 62
     4
100
AcDbSpline
210
0.0
220
0.0
230
1.0
 70
     8
 71
     3
 72
     8
 73
     4
 74
     0
 42
0.0000001
 43
0.0000000001
 40
0.0
 40
0.0
 40
0.0
 40
0.0
 40
1.0
 40
1.0
 40
1.0
 40
1.0
 10
2.554365605000015
 20
24.86480215751999
 30
0.0
 10
2.554365605000015
 20
24.80368351928001
 30
0.0
 10
2.537175959419983
 20
24.74924969622001
 30
0.0
 10
2.504597800039988
 20
24.70061848792
 30
0.0
  0
SPLINE
  5
4ED
330
2AF
100
AcDbEntity
  8
03___PRT_ALL_CURVES
  6
Continuous
 62
     4
100
AcDbSpline
210
0.0
220
0.0
230
1.0
 70
     8
 71
     3
 72
     8
 73
     4
 74
     0
 42
0.0000001
 43
0.0000000001
 40
0.0
 40
0.0
 40
0.0
 40
0.0
 40
1.0
 40
1.0
 40
1.0
 40
1.0
 10
2.504597800039988
 20
24.70061848792
 30
0.0
 10
2.471282428519999
 20
24.65088679668
 30
0.0
 10
2.421623498119999
 20
24.60791268400001
 30
0.0
 10
2.354774922139995
 20
24.57162346778
 30
0.0
  0
SPLINE
  5
4EE
330
2AF
100
AcDbEntity
  8
03___PRT_ALL_CURVES
  6
Continuous
 62
     4
100
AcDbSpline
210
0.0
220
0.0
230
1.0
 70
     8
 71
     3
 72
     8
 73
     4
 74
     0
 42
0.0000001
 43
0.0000000001
 40
0.0
 40
0.0
 40
0.0
 40
0.0
 40
1.0
 40
1.0
 40
1.0
 40
1.0
 10
2.354774922139995
 20
24.57162346778
 30
0.0
 10
2.40825378140002
 20
24.55825375359998
 30
0.0
 10
2.450272851540007
 20
24.54201906928
 30
0.0
 10
2.478727242179957
 20
24.52450866996003
 30
0.0
  0
SPLINE
  5
4EF
330
2AF
100
AcDbEntity
  8
03___PRT_ALL_CURVES
  6
Continuous
 62
     4
100
AcDbSpline
210
0.0
220
0.0
230
1.0
 70
     8
 71
     3
 72
     8
 73
     4
 74
     0
 42
0.0000001
 43
0.0000000001
 40
0.0
 40
0.0
 40
0.0
 40
0.0
 40
1.0
 40
1.0
 40
1.0
 40
1.0
 10
2.478727242179957
 20
24.52450866996003
 30
0.0
 10
2.524761203959969
 20
24.49618007028002
 30
0.0
 10
2.561050504000008
 20
24.45798088836
 30
0.0
 10
2.586834930459986
 20
24.41118690778001
 30
0.0
  0
SPLINE
  5
4F0
330
2AF
100
AcDbEntity
  8
03___PRT_ALL_CURVES
  6
Continuous
 62
     4
100
AcDbSpline
210
0.0
220
0.0
230
1.0
 70
     8
 71
     3
 72
     8
 73
     4
 74
     0
 42
0.0000001
 43
0.0000000001
 40
0.0
 40
0.0
 40
0.0
 40
0.0
 40
1.0
 40
1.0
 40
1.0
 40
1.0
 10
2.586834930459986
 20
24.41118690778001
 30
0.0
 10
2.612619356920021
 20
24.36439292466
 30
0.0
 10
2.62598907364
 20
24.30900409716
 30
0.0
 10
2.62598907364
 20
24.24406548688
 30
0.0
  0
SPLINE
  5
4F1
330
2AF
100
AcDbEntity
  8
03___PRT_ALL_CURVES
  6
Continuous
 62
     4
100
AcDbSpline
210
0.0
220
0.0
230
1.0
 70
     8
 71
     3
 72
     8
 73
     4
 74
     0
 42
0.0000001
 43
0.0000000001
 40
0.0
 40
0.0
 40
0.0
 40
0.0
 40
1.0
 40
1.0
 40
1.0
 40
1.0
 10
2.62598907364
 20
24.24406548688
 30
0.0
 10
2.62598907364
 20
24.16193723102
 30
0.0
 10
2.604024535400015
 20
24.08362892434002
 30
0.0
 10
2.561644698899983
 20
24.00934517146001
 30
0.0
  0
SPLINE
  5
4F2
330
2AF
100
AcDbEntity
  8
03___PRT_ALL_CURVES
  6
Continuous
 62
     4
100
AcDbSpline
210
0.0
220
0.0
230
1.0
 70
     8
 71
     3
 72
     8
 73
     4
 74
     0
 42
0.0000001
 43
0.0000000001
 40
0.0
 40
0.0
 40
0.0
 40
0.0
 40
1.0
 40
1.0
 40
1.0
 40
1.0
 10
2.561644698899983
 20
24.00934517146001
 30
0.0
 10
2.519031350039995
 20
23.93465211282
 30
0.0
 10
2.457912711799963
 20
23.87639836090003
 30
0.0
 10
2.377503886080007
 20
23.83667257802
 30
0.0
  0
SPLINE
  5
4F3
330
2AF
100
AcDbEntity
  8
03___PRT_ALL_CURVES
  6
Continuous
 62
     4
100
AcDbSpline
210
0.0
220
0.0
230
1.0
 70
     8
 71
     3
 72
     8
 73
     4
 74
     0
 42
0.0000001
 43
0.0000000001
 40
0.0
 40
0.0
 40
0.0
 40
0.0
 40
1.0
 40
1.0
 40
1.0
 40
1.0
 10
2.377503886080007
 20
23.83667257802
 30
0.0
 10
2.297476128939991
 20
23.79713506248001
 30
0.0
 10
2.191473369139999
 20
23.77612551090002
 30
0.0
 10
2.061596189219983
 20
23.77612551090002
 30
0.0
  0
SPLINE
  5
4F4
330
2AF
100
AcDbEntity
  8
03___PRT_ALL_CURVES
  6
Continuous
 62
     4
100
AcDbSpline
210
0.0
220
0.0
230
1.0
 70
     8
 71
     3
 72
     8
 73
     4
 74
     0
 42
0.0000001
 43
0.0000000001
 40
0.0
 40
0.0
 40
0.0
 40
0.0
 40
1.0
 40
1.0
 40
1.0
 40
1.0
 10
2.061596189219983
 20
23.77612551090002
 30
0.0
 10
1.933628934360001
 20
23.77612551090002
 30
0.0
 10
1.833356069119986
 20
23.79140518316001
 30
0.0
 10
1.759822637320013
 20
23.82100955118
 30
0.0
  0
SPLINE
  5
4F5
330
2AF
100
AcDbEntity
  8
03___PRT_ALL_CURVES
  6
Continuous
 62
     4
100
AcDbSpline
210
0.0
220
0.0
230
1.0
 70
     8
 71
     3
 72
     8
 73
     4
 74
     0
 42
0.0000001
 43
0.0000000001
 40
0.0
 40
0.0
 40
0.0
 40
0.0
 40
1.0
 40
1.0
 40
1.0
 40
1.0
 10
1.759822637320013
 20
23.82100955118
 30
0.0
 10
1.68628922329998
 20
23.85061391158001
 30
0.0
 10
1.626125505679965
 20
23.89454297790002
 30
0.0
 10
1.578376523199978
 20
23.95184175078001
 30
0.0
  0
SPLINE
  5
4F6
330
2AF
100
AcDbEntity
  8
03___PRT_ALL_CURVES
  6
Continuous
 62
     4
100
AcDbSpline
210
0.0
220
0.0
230
1.0
 70
     8
 71
     3
 72
     8
 73
     4
 74
     0
 42
0.0000001
 43
0.0000000001
 40
0.0
 40
0.0
 40
0.0
 40
0.0
 40
1.0
 40
1.0
 40
1.0
 40
1.0
 10
1.578376523199978
 20
23.95184175078001
 30
0.0
 10
1.530627553420004
 20
24.00914050842002
 30
0.0
 10
1.494338327039998
 20
24.08171896118
 30
0.0
 10
1.469508856759973
 20
24.16957709127999
 30
0.0
  0
SPLINE
  5
4F7
330
2AF
100
AcDbEntity
  8
03___PRT_ALL_CURVES
  6
Continuous
 62
     4
100
AcDbSpline
210
0.0
220
0.0
230
1.0
 70
     8
 71
     3
 72
     8
 73
     4
 74
     0
 42
0.0000001
 43
0.0000000001
 40
0.0
 40
0.0
 40
0.0
 40
0.0
 40
1.0
 40
1.0
 40
1.0
 40
1.0
 10
1.85818553432
 20
24.22114598738003
 30
0.0
 10
1.873465214199996
 20
24.14283766038
 30
0.0
 10
1.896384713699973
 20
24.088403817
 30
0.0
 10
1.928854008679991
 20
24.05784448771999
 30
0.0
  0
SPLINE
  5
4F8
330
2AF
100
AcDbEntity
  8
03___PRT_ALL_CURVES
  6
Continuous
 62
     4
100
AcDbSpline
210
0.0
220
0.0
230
1.0
 70
     8
 71
     3
 72
     8
 73
     4
 74
     0
 42
0.0000001
 43
0.0000000001
 40
0.0
 40
0.0
 40
0.0
 40
0.0
 40
1.0
 40
1.0
 40
1.0
 40
1.0
 10
1.928854008679991
 20
24.05784448771999
 30
0.0
 10
1.961323326519988
 20
24.02728513811999
 30
0.0
 10
2.002387432860019
 20
24.01296043981998
 30
0.0
 10
2.05204636325999
 20
24.01296043981998
 30
0.0
  0
SPLINE
  5
4F9
330
2AF
100
AcDbEntity
  8
03___PRT_ALL_CURVES
  6
Continuous
 62
     4
100
AcDbSpline
210
0.0
220
0.0
230
1.0
 70
     8
 71
     3
 72
     8
 73
     4
 74
     0
 42
0.0000001
 43
0.0000000001
 40
0.0
 40
0.0
 40
0.0
 40
0.0
 40
1.0
 40
1.0
 40
1.0
 40
1.0
 10
2.05204636325999
 20
24.01296043981998
 30
0.0
 10
2.103615300000001
 20
24.01296043981998
 30
0.0
 10
2.147544292659973
 20
24.03206003078
 30
0.0
 10
2.18192358381998
 20
24.07025921016
 30
0.0
  0
SPLINE
  5
4FA
330
2AF
100
AcDbEntity
  8
03___PRT_ALL_CURVES
  6
Continuous
 62
     4
100
AcDbSpline
210
0.0
220
0.0
230
1.0
 70
     8
 71
     3
 72
     8
 73
     4
 74
     0
 42
0.0000001
 43
0.0000000001
 40
0.0
 40
0.0
 40
0.0
 40
0.0
 40
1.0
 40
1.0
 40
1.0
 40
1.0
 10
2.18192358381998
 20
24.07025921016
 30
0.0
 10
2.216302877519979
 20
24.10845838954
 30
0.0
 10
2.234447484360004
 20
24.15907230405998
 30
0.0
 10
2.234447484360004
 20
24.22305595308001
 30
0.0
  0
SPLINE
  5
4FB
330
2AF
100
AcDbEntity
  8
03___PRT_ALL_CURVES
  6
Continuous
 62
     4
100
AcDbSpline
210
0.0
220
0.0
230
1.0
 70
     8
 71
     3
 72
     8
 73
     4
 74
     0
 42
0.0000001
 43
0.0000000001
 40
0.0
 40
0.0
 40
0.0
 40
0.0
 40
1.0
 40
1.0
 40
1.0
 40
1.0
 10
2.234447484360004
 20
24.22305595308001
 30
0.0
 10
2.234447484360004
 20
24.28799456335997
 30
0.0
 10
2.21725783878
 20
24.33765349376
 30
0.0
 10
2.183594662519994
 20
24.3737211788
 30
0.0
  0
SPLINE
  5
4FC
330
2AF
100
AcDbEntity
  8
03___PRT_ALL_CURVES
  6
Continuous
 62
     4
100
AcDbSpline
210
0.0
220
0.0
230
1.0
 70
     8
 71
     3
 72
     8
 73
     4
 74
     0
 42
0.0000001
 43
0.0000000001
 40
0.0
 40
0.0
 40
0.0
 40
0.0
 40
1.0
 40
1.0
 40
1.0
 40
1.0
 10
2.183594662519994
 20
24.3737211788
 30
0.0
 10
2.150409262799968
 20
24.40927696240001
 30
0.0
 10
2.105525225060006
 20
24.42742156923998
 30
0.0
 10
2.048226475039996
 20
24.42742156923998
 30
0.0
  0
SPLINE
  5
4FD
330
2AF
100
AcDbEntity
  8
03___PRT_ALL_CURVES
  6
Continuous
 62
     4
100
AcDbSpline
210
0.0
220
0.0
230
1.0
 70
     8
 71
     3
 72
     8
 73
     4
 74
     0
 42
0.0000001
 43
0.0000000001
 40
0.0
 40
0.0
 40
0.0
 40
0.0
 40
1.0
 40
1.0
 40
1.0
 40
1.0
 10
2.048226475039996
 20
24.42742156923998
 30
0.0
 10
2.017667112739986
 20
24.42742156923998
 30
0.0
 10
1.975648001959996
 20
24.41978170898
 30
0.0
 10
1.9221691427
 20
24.4045020291
 30
0.0
  0
LINE
  5
4FE
330
2AF
100
AcDbEntity
  8
03___PRT_ALL_CURVES
  6
Continuous
 62
     4
100
AcDbLine
 10
1.942223715239976
 20
24.68240112024
 30
0.0
 11
1.992837647539972
 21
24.67762622757999
 31
0.0
  0
SPLINE
  5
4FF
330
2AF
100
AcDbEntity
  8
03___PRT_ALL_CURVES
  6
Continuous
 62
     4
100
AcDbSpline
210
0.0
220
0.0
230
1.0
 70
     8
 71
     3
 72
     8
 73
     4
 74
     0
 42
0.0000001
 43
0.0000000001
 40
0.0
 40
0.0
 40
0.0
 40
0.0
 40
1.0
 40
1.0
 40
1.0
 40
1.0
 10
1.992837647539972
 20
24.67762622757999
 30
0.0
 10
2.043451541739984
 20
24.67762622757999
 30
0.0
 10
2.085470652519973
 20
24.69386082808001
 30
0.0
 10
2.119849890339992
 20
24.72633012559999
 30
0.0
  0
SPLINE
  5
500
330
2AF
100
AcDbEntity
  8
03___PRT_ALL_CURVES
  6
Continuous
 62
     4
100
AcDbSpline
210
0.0
220
0.0
230
1.0
 70
     8
 71
     3
 72
     8
 73
     4
 74
     0
 42
0.0000001
 43
0.0000000001
 40
0.0
 40
0.0
 40
0.0
 40
0.0
 40
1.0
 40
1.0
 40
1.0
 40
1.0
 10
2.119849890339992
 20
24.72633012559999
 30
0.0
 10
2.154229191659965
 20
24.75879948154
 30
0.0
 10
2.171418839779989
 20
24.79699862028002
 30
0.0
 10
2.171418839779989
 20
24.84188265801998
 30
0.0
  0
SPLINE
  5
501
330
2AF
100
AcDbEntity
  8
03___PRT_ALL_CURVES
  6
Continuous
 62
     4
100
AcDbSpline
210
0.0
220
0.0
230
1.0
 70
     8
 71
     3
 72
     8
 73
     4
 74
     0
 42
0.0000001
 43
0.0000000001
 40
0.0
 40
0.0
 40
0.0
 40
0.0
 40
1.0
 40
1.0
 40
1.0
 40
1.0
 10
2.171418839779989
 20
24.84188265801998
 30
0.0
 10
2.171418839779989
 20
24.88390180944
 30
0.0
 10
2.158049123059982
 20
24.91828101932001
 30
0.0
 10
2.132737611579984
 20
24.94359249016
 30
0.0
  0
SPLINE
  5
502
330
2AF
100
AcDbEntity
  8
03___PRT_ALL_CURVES
  6
Continuous
 62
     4
100
AcDbSpline
210
0.0
220
0.0
230
1.0
 70
     8
 71
     3
 72
     8
 73
     4
 74
     0
 42
0.0000001
 43
0.0000000001
 40
0.0
 40
0.0
 40
0.0
 40
0.0
 40
1.0
 40
1.0
 40
1.0
 40
1.0
 10
2.132737611579984
 20
24.94359249016
 30
0.0
 10
2.107435147579992
 20
24.96889491098
 30
0.0
 10
2.072100935799995
 20
24.98226462516001
 30
0.0
 10
2.028171902499992
 20
24.98226462516001
 30
0.0
  0
SPLINE
  5
503
330
2AF
100
AcDbEntity
  8
03___PRT_ALL_CURVES
  6
Continuous
 62
     4
100
AcDbSpline
210
0.0
220
0.0
230
1.0
 70
     8
 71
     3
 72
     8
 73
     4
 74
     0
 42
0.0000001
 43
0.0000000001
 40
0.0
 40
0.0
 40
0.0
 40
0.0
 40
1.0
 40
1.0
 40
1.0
 40
1.0
 10
2.028171902499992
 20
24.98226462516001
 30
0.0
 10
1.982332860320014
 20
24.98226462516001
 30
0.0
 10
1.945088682840009
 20
24.96793994972001
 30
0.0
 10
1.916439288779969
 20
24.94024555755999
 30
0.0
  0
SPLINE
  5
504
330
2AF
100
AcDbEntity
  8
03___PRT_ALL_CURVES
  6
Continuous
 62
     4
100
AcDbSpline
210
0.0
220
0.0
230
1.0
 70
     8
 71
     3
 72
     8
 73
     4
 74
     0
 42
0.0000001
 43
0.0000000001
 40
0.0
 40
0.0
 40
0.0
 40
0.0
 40
1.0
 40
1.0
 40
1.0
 40
1.0
 10
1.916439288779969
 20
24.94024555755999
 30
0.0
 10
1.887789892179995
 20
24.9125511654
 30
0.0
 10
1.867735319639991
 20
24.86384719626
 30
0.0
 10
1.85818553432
 20
24.79508869522002
 30
0.0
  0
SPLINE
  5
505
330
2AF
100
AcDbEntity
  8
03___PRT_ALL_CURVES
  6
Continuous
 62
     4
100
AcDbSpline
210
0.0
220
0.0
230
1.0
 70
     8
 71
     3
 72
     8
 73
     4
 74
     0
 42
0.0000001
 43
0.0000000001
 40
0.0
 40
0.0
 40
0.0
 40
0.0
 40
1.0
 40
1.0
 40
1.0
 40
1.0
 10
2.795020478019978
 20
24.86098222612
 30
0.0
 10
2.825579837779998
 20
24.9774897325
 30
0.0
 10
2.883833508419997
 20
25.06725781052
 30
0.0
 10
2.970963659279988
 20
25.12997233583999
 30
0.0
  0
SPLINE
  5
506
330
2AF
100
AcDbEntity
  8
03___PRT_ALL_CURVES
  6
Continuous
 62
     4
100
AcDbSpline
210
0.0
220
0.0
230
1.0
 70
     8
 71
     3
 72
     8
 73
     4
 74
     0
 42
0.0000001
 43
0.0000000001
 40
0.0
 40
0.0
 40
0.0
 40
0.0
 40
1.0
 40
1.0
 40
1.0
 40
1.0
 10
2.970963659279988
 20
25.12997233583999
 30
0.0
 10
3.057639889280011
 20
25.19236013842001
 30
0.0
 10
3.180832129560002
 20
25.22387454580002
 30
0.0
 10
3.340313748620019
 20
25.22387454580002
 30
0.0
  0
SPLINE
  5
507
330
2AF
100
AcDbEntity
  8
03___PRT_ALL_CURVES
  6
Continuous
 62
     4
100
AcDbSpline
210
0.0
220
0.0
230
1.0
 70
     8
 71
     3
 72
     8
 73
     4
 74
     0
 42
0.0000001
 43
0.0000000001
 40
0.0
 40
0.0
 40
0.0
 40
0.0
 40
1.0
 40
1.0
 40
1.0
 40
1.0
 10
3.340313748620019
 20
25.22387454580002
 30
0.0
 10
3.522714785900007
 20
25.22387454580002
 30
0.0
 10
3.65450201534
 20
25.18949525210002
 30
0.0
 10
3.736200366039981
 20
25.12117437274
 30
0.0
  0
SPLINE
  5
508
330
2AF
100
AcDbEntity
  8
03___PRT_ALL_CURVES
  6
Continuous
 62
     4
100
AcDbSpline
210
0.0
220
0.0
230
1.0
 70
     8
 71
     3
 72
     8
 73
     4
 74
     0
 42
0.0000001
 43
0.0000000001
 40
0.0
 40
0.0
 40
0.0
 40
0.0
 40
1.0
 40
1.0
 40
1.0
 40
1.0
 10
3.736200366039981
 20
25.12117437274
 30
0.0
 10
3.817803481980008
 20
25.05293313254001
 30
0.0
 10
3.858867674679999
 20
24.96793994972001
 30
0.0
 10
3.858867674679999
 20
24.86480215751999
 30
0.0
  0
SPLINE
  5
509
330
2AF
100
AcDbEntity
  8
03___PRT_ALL_CURVES
  6
Continuous
 62
     4
100
AcDbSpline
210
0.0
220
0.0
230
1.0
 70
     8
 71
     3
 72
     8
 73
     4
 74
     0
 42
0.0000001
 43
0.0000000001
 40
0.0
 40
0.0
 40
0.0
 40
0.0
 40
1.0
 40
1.0
 40
1.0
 40
1.0
 10
3.858867674679999
 20
24.86480215751999
 30
0.0
 10
3.858867674679999
 20
24.80368351928001
 30
0.0
 10
3.841678029099967
 20
24.74924969622001
 30
0.0
 10
3.809099844320002
 20
24.70061844727999
 30
0.0
  0
SPLINE
  5
50A
330
2AF
100
AcDbEntity
  8
03___PRT_ALL_CURVES
  6
Continuous
 62
     4
100
AcDbSpline
210
0.0
220
0.0
230
1.0
 70
     8
 71
     3
 72
     8
 73
     4
 74
     0
 42
0.0000001
 43
0.0000000001
 40
0.0
 40
0.0
 40
0.0
 40
0.0
 40
1.0
 40
1.0
 40
1.0
 40
1.0
 10
3.809099844320002
 20
24.70061844727999
 30
0.0
 10
3.775784498199982
 20
24.65088679668
 30
0.0
 10
3.726125483980013
 20
24.60791268400001
 30
0.0
 10
3.659276991820008
 20
24.57162346778
 30
0.0
  0
SPLINE
  5
50B
330
2AF
100
AcDbEntity
  8
03___PRT_ALL_CURVES
  6
Continuous
 62
     4
100
AcDbSpline
210
0.0
220
0.0
230
1.0
 70
     8
 71
     3
 72
     8
 73
     4
 74
     0
 42
0.0000001
 43
0.0000000001
 40
0.0
 40
0.0
 40
0.0
 40
0.0
 40
1.0
 40
1.0
 40
1.0
 40
1.0
 10
3.659276991820008
 20
24.57162346778
 30
0.0
 10
3.712755851080004
 20
24.55825375359998
 30
0.0
 10
3.754774837399992
 20
24.54201906928
 30
0.0
 10
3.783229248360016
 20
24.52450869790002
 30
0.0
  0
SPLINE
  5
50C
330
2AF
100
AcDbEntity
  8
03___PRT_ALL_CURVES
  6
Continuous
 62
     4
100
AcDbSpline
210
0.0
220
0.0
230
1.0
 70
     8
 71
     3
 72
     8
 73
     4
 74
     0
 42
0.0000001
 43
0.0000000001
 40
0.0
 40
0.0
 40
0.0
 40
0.0
 40
1.0
 40
1.0
 40
1.0
 40
1.0
 10
3.783229248360016
 20
24.52450869790002
 30
0.0
 10
3.829263357460007
 20
24.49618007028002
 30
0.0
 10
3.865552573679992
 20
24.45798088836
 30
0.0
 10
3.891336987440013
 20
24.41118685443999
 30
0.0
  0
SPLINE
  5
50D
330
2AF
100
AcDbEntity
  8
03___PRT_ALL_CURVES
  6
Continuous
 62
     4
100
AcDbSpline
210
0.0
220
0.0
230
1.0
 70
     8
 71
     3
 72
     8
 73
     4
 74
     0
 42
0.0000001
 43
0.0000000001
 40
0.0
 40
0.0
 40
0.0
 40
0.0
 40
1.0
 40
1.0
 40
1.0
 40
1.0
 10
3.891336987440013
 20
24.41118685443999
 30
0.0
 10
3.917121342779978
 20
24.36439292466
 30
0.0
 10
3.930491143320012
 20
24.30900409716
 30
0.0
 10
3.930491143320012
 20
24.24406548688
 30
0.0
  0
SPLINE
  5
50E
330
2AF
100
AcDbEntity
  8
03___PRT_ALL_CURVES
  6
Continuous
 62
     4
100
AcDbSpline
210
0.0
220
0.0
230
1.0
 70
     8
 71
     3
 72
     8
 73
     4
 74
     0
 42
0.0000001
 43
0.0000000001
 40
0.0
 40
0.0
 40
0.0
 40
0.0
 40
1.0
 40
1.0
 40
1.0
 40
1.0
 10
3.930491143320012
 20
24.24406548688
 30
0.0
 10
3.930491143320012
 20
24.16193723102
 30
0.0
 10
3.908526521259972
 20
24.08362892434002
 30
0.0
 10
3.866146738100014
 20
24.00934518924001
 30
0.0
  0
SPLINE
  5
50F
330
2AF
100
AcDbEntity
  8
03___PRT_ALL_CURVES
  6
Continuous
 62
     4
100
AcDbSpline
210
0.0
220
0.0
230
1.0
 70
     8
 71
     3
 72
     8
 73
     4
 74
     0
 42
0.0000001
 43
0.0000000001
 40
0.0
 40
0.0
 40
0.0
 40
0.0
 40
1.0
 40
1.0
 40
1.0
 40
1.0
 10
3.866146738100014
 20
24.00934518924001
 30
0.0
 10
3.823533419719979
 20
23.93465211282
 30
0.0
 10
3.762414697659977
 20
23.87639836090003
 30
0.0
 10
3.682005871940021
 20
23.83667257802
 30
0.0
  0
SPLINE
  5
510
330
2AF
100
AcDbEntity
  8
03___PRT_ALL_CURVES
  6
Continuous
 62
     4
100
AcDbSpline
210
0.0
220
0.0
230
1.0
 70
     8
 71
     3
 72
     8
 73
     4
 74
     0
 42
0.0000001
 43
0.0000000001
 40
0.0
 40
0.0
 40
0.0
 40
0.0
 40
1.0
 40
1.0
 40
1.0
 40
1.0
 10
3.682005871940021
 20
23.83667257802
 30
0.0
 10
3.601978117339996
 20
23.79713506248001
 30
0.0
 10
3.495975354999985
 20
23.77612551090002
 30
0.0
 10
3.366098218259992
 20
23.77612551090002
 30
0.0
  0
SPLINE
  5
511
330
2AF
100
AcDbEntity
  8
03___PRT_ALL_CURVES
  6
Continuous
 62
     4
100
AcDbSpline
210
0.0
220
0.0
230
1.0
 70
     8
 71
     3
 72
     8
 73
     4
 74
     0
 42
0.0000001
 43
0.0000000001
 40
0.0
 40
0.0
 40
0.0
 40
0.0
 40
1.0
 40
1.0
 40
1.0
 40
1.0
 10
3.366098218259992
 20
23.77612551090002
 30
0.0
 10
3.238131004039985
 20
23.77612551090002
 30
0.0
 10
3.137858181979993
 20
23.79140518316001
 30
0.0
 10
3.064324633340021
 20
23.82100957658
 30
0.0
  0
SPLINE
  5
512
330
2AF
100
AcDbEntity
  8
03___PRT_ALL_CURVES
  6
Continuous
 62
     4
100
AcDbSpline
210
0.0
220
0.0
230
1.0
 70
     8
 71
     3
 72
     8
 73
     4
 74
     0
 42
0.0000001
 43
0.0000000001
 40
0.0
 40
0.0
 40
0.0
 40
0.0
 40
1.0
 40
1.0
 40
1.0
 40
1.0
 10
3.064324633340021
 20
23.82100957658
 30
0.0
 10
2.990791229479981
 20
23.85061391158001
 30
0.0
 10
2.930627471219992
 20
23.89454297790002
 30
0.0
 10
2.882878544619984
 20
23.95184174569999
 30
0.0
  0
SPLINE
  5
513
330
2AF
100
AcDbEntity
  8
03___PRT_ALL_CURVES
  6
Continuous
 62
     4
100
AcDbSpline
210
0.0
220
0.0
230
1.0
 70
     8
 71
     3
 72
     8
 73
     4
 74
     0
 42
0.0000001
 43
0.0000000001
 40
0.0
 40
0.0
 40
0.0
 40
0.0
 40
1.0
 40
1.0
 40
1.0
 40
1.0
 10
2.882878544619984
 20
23.95184174569999
 30
0.0
 10
2.835129623100016
 20
24.00914050842002
 30
0.0
 10
2.798840409419995
 20
24.08171896118
 30
0.0
 10
2.774010901040015
 20
24.16957709127999
 30
0.0
  0
SPLINE
  5
514
330
2AF
100
AcDbEntity
  8
03___PRT_ALL_CURVES
  6
Continuous
 62
     4
100
AcDbSpline
210
0.0
220
0.0
230
1.0
 70
     8
 71
     3
 72
     8
 73
     4
 74
     0
 42
0.0000001
 43
0.0000000001
 40
0.0
 40
0.0
 40
0.0
 40
0.0
 40
1.0
 40
1.0
 40
1.0
 40
1.0
 10
3.162687520180015
 20
24.22114598738003
 30
0.0
 10
3.177967243239948
 20
24.14283766038
 30
0.0
 10
3.200886826560009
 20
24.088403817
 30
0.0
 10
3.23335606565999
 20
24.0578445182
 30
0.0
  0
SPLINE
  5
515
330
2AF
100
AcDbEntity
  8
03___PRT_ALL_CURVES
  6
Continuous
 62
     4
100
AcDbSpline
210
0.0
220
0.0
230
1.0
 70
     8
 71
     3
 72
     8
 73
     4
 74
     0
 42
0.0000001
 43
0.0000000001
 40
0.0
 40
0.0
 40
0.0
 40
0.0
 40
1.0
 40
1.0
 40
1.0
 40
1.0
 10
3.23335606565999
 20
24.0578445182
 30
0.0
 10
3.2658253962
 20
24.02728513811999
 30
0.0
 10
3.306889418719976
 20
24.01296043981998
 30
0.0
 10
3.356548432940031
 20
24.01296043981998
 30
0.0
  0
SPLINE
  5
516
330
2AF
100
AcDbEntity
  8
03___PRT_ALL_CURVES
  6
Continuous
 62
     4
100
AcDbSpline
210
0.0
220
0.0
230
1.0
 70
     8
 71
     3
 72
     8
 73
     4
 74
     0
 42
0.0000001
 43
0.0000000001
 40
0.0
 40
0.0
 40
0.0
 40
0.0
 40
1.0
 40
1.0
 40
1.0
 40
1.0
 10
3.356548432940031
 20
24.01296043981998
 30
0.0
 10
3.408117369679985
 20
24.01296043981998
 30
0.0
 10
3.452046446159983
 20
24.03206003078
 30
0.0
 10
3.48642561794
 20
24.07025916952
 30
0.0
  0
SPLINE
  5
517
330
2AF
100
AcDbEntity
  8
03___PRT_ALL_CURVES
  6
Continuous
 62
     4
100
AcDbSpline
210
0.0
220
0.0
230
1.0
 70
     8
 71
     3
 72
     8
 73
     4
 74
     0
 42
0.0000001
 43
0.0000000001
 40
0.0
 40
0.0
 40
0.0
 40
0.0
 40
1.0
 40
1.0
 40
1.0
 40
1.0
 10
3.48642561794
 20
24.07025916952
 30
0.0
 10
3.520804863379993
 20
24.10845838954
 30
0.0
 10
3.53894947021999
 20
24.15907230405998
 30
0.0
 10
3.53894947021999
 20
24.22305595308001
 30
0.0
  0
SPLINE
  5
518
330
2AF
100
AcDbEntity
  8
03___PRT_ALL_CURVES
  6
Continuous
 62
     4
100
AcDbSpline
210
0.0
220
0.0
230
1.0
 70
     8
 71
     3
 72
     8
 73
     4
 74
     0
 42
0.0000001
 43
0.0000000001
 40
0.0
 40
0.0
 40
0.0
 40
0.0
 40
1.0
 40
1.0
 40
1.0
 40
1.0
 10
3.53894947021999
 20
24.22305595308001
 30
0.0
 10
3.53894947021999
 20
24.28799456335997
 30
0.0
 10
3.521759824640014
 20
24.33765349376
 30
0.0
 10
3.488096709340027
 20
24.37372115848001
 30
0.0
  0
SPLINE
  5
519
330
2AF
100
AcDbEntity
  8
03___PRT_ALL_CURVES
  6
Continuous
 62
     4
100
AcDbSpline
210
0.0
220
0.0
230
1.0
 70
     8
 71
     3
 72
     8
 73
     4
 74
     0
 42
0.0000001
 43
0.0000000001
 40
0.0
 40
0.0
 40
0.0
 40
0.0
 40
1.0
 40
1.0
 40
1.0
 40
1.0
 10
3.488096709340027
 20
24.37372115848001
 30
0.0
 10
3.454911332480009
 20
24.40927696240001
 30
0.0
 10
3.410027294739962
 20
24.42742156923998
 30
0.0
 10
3.352728585359984
 20
24.42742156923998
 30
0.0
  0
SPLINE
  5
51A
330
2AF
100
AcDbEntity
  8
03___PRT_ALL_CURVES
  6
Continuous
 62
     4
100
AcDbSpline
210
0.0
220
0.0
230
1.0
 70
     8
 71
     3
 72
     8
 73
     4
 74
     0
 42
0.0000001
 43
0.0000000001
 40
0.0
 40
0.0
 40
0.0
 40
0.0
 40
1.0
 40
1.0
 40
1.0
 40
1.0
 10
3.352728585359984
 20
24.42742156923998
 30
0.0
 10
3.322169141779966
 20
24.42742156923998
 30
0.0
 10
3.28014999036003
 20
24.41978170898
 30
0.0
 10
3.226671128559985
 20
24.4045020291
 30
0.0
  0
LINE
  5
51B
330
2AF
100
AcDbEntity
  8
03___PRT_ALL_CURVES
  6
Continuous
 62
     4
100
AcDbLine
 10
3.246725825559992
 20
24.68240112024
 30
0.0
 11
3.297339635940006
 21
24.67762622757999
 31
0.0
  0
SPLINE
  5
51C
330
2AF
100
AcDbEntity
  8
03___PRT_ALL_CURVES
  6
Continuous
 62
     4
100
AcDbSpline
210
0.0
220
0.0
230
1.0
 70
     8
 71
     3
 72
     8
 73
     4
 74
     0
 42
0.0000001
 43
0.0000000001
 40
0.0
 40
0.0
 40
0.0
 40
0.0
 40
1.0
 40
1.0
 40
1.0
 40
1.0
 10
3.297339635940006
 20
24.67762622757999
 30
0.0
 10
3.347953611420024
 20
24.67762622757999
 30
0.0
 10
3.389972762840017
 20
24.69386082808001
 30
0.0
 10
3.424351906679988
 20
24.72633009257999
 30
0.0
  0
SPLINE
  5
51D
330
2AF
100
AcDbEntity
  8
03___PRT_ALL_CURVES
  6
Continuous
 62
     4
100
AcDbSpline
210
0.0
220
0.0
230
1.0
 70
     8
 71
     3
 72
     8
 73
     4
 74
     0
 42
0.0000001
 43
0.0000000001
 40
0.0
 40
0.0
 40
0.0
 40
0.0
 40
1.0
 40
1.0
 40
1.0
 40
1.0
 10
3.424351906679988
 20
24.72633009257999
 30
0.0
 10
3.458731180059999
 20
24.75879948154
 30
0.0
 10
3.475920825639975
 20
24.79699862028002
 30
0.0
 10
3.475920825639975
 20
24.84188265801998
 30
0.0
  0
SPLINE
  5
51E
330
2AF
100
AcDbEntity
  8
03___PRT_ALL_CURVES
  6
Continuous
 62
     4
100
AcDbSpline
210
0.0
220
0.0
230
1.0
 70
     8
 71
     3
 72
     8
 73
     4
 74
     0
 42
0.0000001
 43
0.0000000001
 40
0.0
 40
0.0
 40
0.0
 40
0.0
 40
1.0
 40
1.0
 40
1.0
 40
1.0
 10
3.475920825639975
 20
24.84188265801998
 30
0.0
 10
3.475920825639975
 20
24.88390180944
 30
0.0
 10
3.462551192739994
 20
24.91828101932001
 30
0.0
 10
3.437239681259996
 20
24.94359249016
 30
0.0
  0
SPLINE
  5
51F
330
2AF
100
AcDbEntity
  8
03___PRT_ALL_CURVES
  6
Continuous
 62
     4
100
AcDbSpline
210
0.0
220
0.0
230
1.0
 70
     8
 71
     3
 72
     8
 73
     4
 74
     0
 42
0.0000001
 43
0.0000000001
 40
0.0
 40
0.0
 40
0.0
 40
0.0
 40
1.0
 40
1.0
 40
1.0
 40
1.0
 10
3.437239681259996
 20
24.94359249016
 30
0.0
 10
3.411937217260004
 20
24.96889491098
 30
0.0
 10
3.376602964840032
 20
24.98226462516001
 30
0.0
 10
3.332673888360006
 20
24.98226462516001
 30
0.0
  0
SPLINE
  5
520
330
2AF
100
AcDbEntity
  8
03___PRT_ALL_CURVES
  6
Continuous
 62
     4
100
AcDbSpline
210
0.0
220
0.0
230
1.0
 70
     8
 71
     3
 72
     8
 73
     4
 74
     0
 42
0.0000001
 43
0.0000000001
 40
0.0
 40
0.0
 40
0.0
 40
0.0
 40
1.0
 40
1.0
 40
1.0
 40
1.0
 10
3.332673888360006
 20
24.98226462516001
 30
0.0
 10
3.286834889360023
 20
24.98226462516001
 30
0.0
 10
3.249590711879989
 20
24.96793994972001
 30
0.0
 10
3.22094135846001
 20
24.94024555755999
 30
0.0
  0
SPLINE
  5
521
330
2AF
100
AcDbEntity
  8
03___PRT_ALL_CURVES
  6
Continuous
 62
     4
100
AcDbSpline
210
0.0
220
0.0
230
1.0
 70
     8
 71
     3
 72
     8
 73
     4
 74
     0
 42
0.0000001
 43
0.0000000001
 40
0.0
 40
0.0
 40
0.0
 40
0.0
 40
1.0
 40
1.0
 40
1.0
 40
1.0
 10
3.22094135846001
 20
24.94024555755999
 30
0.0
 10
3.192292002500011
 20
24.9125511654
 30
0.0
 10
3.172237305499976
 20
24.86384719626
 30
0.0
 10
3.162687520180015
 20
24.79508869522002
 30
0.0
  0
SPLINE
  5
522
330
2AF
100
AcDbEntity
  8
03___PRT_ALL_CURVES
  6
Continuous
 62
     4
100
AcDbSpline
210
0.0
220
0.0
230
1.0
 70
     8
 71
     3
 72
     8
 73
     4
 74
     0
 42
0.0000001
 43
0.0000000001
 40
0.0
 40
0.0
 40
0.0
 40
0.0
 40
1.0
 40
1.0
 40
1.0
 40
1.0
 10
1.489085988039989
 20
21.36098222588001
 30
0.0
 10
1.519645340179977
 20
21.47748973225998
 30
0.0
 10
1.577899081939989
 20
21.56725781028001
 30
0.0
 10
1.665029187079995
 20
21.62997234068001
 30
0.0
  0
SPLINE
  5
523
330
2AF
100
AcDbEntity
  8
03___PRT_ALL_CURVES
  6
Continuous
 62
     4
100
AcDbSpline
210
0.0
220
0.0
230
1.0
 70
     8
 71
     3
 72
     8
 73
     4
 74
     0
 42
0.0000001
 43
0.0000000001
 40
0.0
 40
0.0
 40
0.0
 40
0.0
 40
1.0
 40
1.0
 40
1.0
 40
1.0
 10
1.665029187079995
 20
21.62997234068001
 30
0.0
 10
1.75170535865999
 20
21.69236013817999
 30
0.0
 10
1.874897723400011
 20
21.72387454555999
 30
0.0
 10
2.034379301819996
 20
21.72387454555999
 30
0.0
  0
SPLINE
  5
524
330
2AF
100
AcDbEntity
  8
03___PRT_ALL_CURVES
  6
Continuous
 62
     4
100
AcDbSpline
210
0.0
220
0.0
230
1.0
 70
     8
 71
     3
 72
     8
 73
     4
 74
     0
 42
0.0000001
 43
0.0000000001
 40
0.0
 40
0.0
 40
0.0
 40
0.0
 40
1.0
 40
1.0
 40
1.0
 40
1.0
 10
2.034379301819996
 20
21.72387454555999
 30
0.0
 10
2.216780382279978
 20
21.72387454555999
 30
0.0
 10
2.34856760917998
 20
21.68949525439999
 30
0.0
 10
2.43026596241998
 20
21.62117437250001
 30
0.0
  0
SPLINE
  5
525
330
2AF
100
AcDbEntity
  8
03___PRT_ALL_CURVES
  6
Continuous
 62
     4
100
AcDbSpline
210
0.0
220
0.0
230
1.0
 70
     8
 71
     3
 72
     8
 73
     4
 74
     0
 42
0.0000001
 43
0.0000000001
 40
0.0
 40
0.0
 40
0.0
 40
0.0
 40
1.0
 40
1.0
 40
1.0
 40
1.0
 10
2.43026596241998
 20
21.62117437250001
 30
0.0
 10
2.511869078360007
 20
21.55293313230001
 30
0.0
 10
2.552933184699981
 20
21.46793994947998
 30
0.0
 10
2.552933184699981
 20
21.36480215728
 30
0.0
  0
SPLINE
  5
526
330
2AF
100
AcDbEntity
  8
03___PRT_ALL_CURVES
  6
Continuous
 62
     4
100
AcDbSpline
210
0.0
220
0.0
230
1.0
 70
     8
 71
     3
 72
     8
 73
     4
 74
     0
 42
0.0000001
 43
0.0000000001
 40
0.0
 40
0.0
 40
0.0
 40
0.0
 40
1.0
 40
1.0
 40
1.0
 40
1.0
 10
2.552933184699981
 20
21.36480215728
 30
0.0
 10
2.552933184699981
 20
21.30368351903999
 30
0.0
 10
2.535743539120006
 20
21.24924969598001
 30
0.0
 10
2.503165379740011
 20
21.20061848768
 30
0.0
  0
SPLINE
  5
527
330
2AF
100
AcDbEntity
  8
03___PRT_ALL_CURVES
  6
Continuous
 62
     4
100
AcDbSpline
210
0.0
220
0.0
230
1.0
 70
     8
 71
     3
 72
     8
 73
     4
 74
     0
 42
0.0000001
 43
0.0000000001
 40
0.0
 40
0.0
 40
0.0
 40
0.0
 40
1.0
 40
1.0
 40
1.0
 40
1.0
 10
2.503165379740011
 20
21.20061848768
 30
0.0
 10
2.469850008219993
 20
21.15088679644001
 30
0.0
 10
2.420191077820022
 20
21.10791268375999
 30
0.0
 10
2.35334250183999
 20
21.07162346754001
 30
0.0
  0
SPLINE
  5
528
330
2AF
100
AcDbEntity
  8
03___PRT_ALL_CURVES
  6
Continuous
 62
     4
100
AcDbSpline
210
0.0
220
0.0
230
1.0
 70
     8
 71
     3
 72
     8
 73
     4
 74
     0
 42
0.0000001
 43
0.0000000001
 40
0.0
 40
0.0
 40
0.0
 40
0.0
 40
1.0
 40
1.0
 40
1.0
 40
1.0
 10
2.35334250183999
 20
21.07162346754001
 30
0.0
 10
2.406821363639978
 20
21.05825375335999
 30
0.0
 10
2.448840431239972
 20
21.04201906903998
 30
0.0
 10
2.477294824420028
 20
21.02450866972001
 30
0.0
  0
SPLINE
  5
529
330
2AF
100
AcDbEntity
  8
03___PRT_ALL_CURVES
  6
Continuous
 62
     4
100
AcDbSpline
210
0.0
220
0.0
230
1.0
 70
     8
 71
     3
 72
     8
 73
     4
 74
     0
 42
0.0000001
 43
0.0000000001
 40
0.0
 40
0.0
 40
0.0
 40
0.0
 40
1.0
 40
1.0
 40
1.0
 40
1.0
 10
2.477294824420028
 20
21.02450866972001
 30
0.0
 10
2.523328786199983
 20
20.99618007004
 30
0.0
 10
2.559618083699974
 20
20.95798088812001
 30
0.0
 10
2.585402510160009
 20
20.91118690754001
 30
0.0
  0
SPLINE
  5
52A
330
2AF
100
AcDbEntity
  8
03___PRT_ALL_CURVES
  6
Continuous
 62
     4
100
AcDbSpline
210
0.0
220
0.0
230
1.0
 70
     8
 71
     3
 72
     8
 73
     4
 74
     0
 42
0.0000001
 43
0.0000000001
 40
0.0
 40
0.0
 40
0.0
 40
0.0
 40
1.0
 40
1.0
 40
1.0
 40
1.0
 10
2.585402510160009
 20
20.91118690754001
 30
0.0
 10
2.611186939159978
 20
20.86439292442003
 30
0.0
 10
2.624556653339994
 20
20.80900409692001
 30
0.0
 10
2.624556653339994
 20
20.74406548664001
 30
0.0
  0
SPLINE
  5
52B
330
2AF
100
AcDbEntity
  8
03___PRT_ALL_CURVES
  6
Continuous
 62
     4
100
AcDbSpline
210
0.0
220
0.0
230
1.0
 70
     8
 71
     3
 72
     8
 73
     4
 74
     0
 42
0.0000001
 43
0.0000000001
 40
0.0
 40
0.0
 40
0.0
 40
0.0
 40
1.0
 40
1.0
 40
1.0
 40
1.0
 10
2.624556653339994
 20
20.74406548664001
 30
0.0
 10
2.624556653339994
 20
20.66193723077998
 30
0.0
 10
2.602592115099981
 20
20.58362892663999
 30
0.0
 10
2.560212281139997
 20
20.50934517121999
 30
0.0
  0
SPLINE
  5
52C
330
2AF
100
AcDbEntity
  8
03___PRT_ALL_CURVES
  6
Continuous
 62
     4
100
AcDbSpline
210
0.0
220
0.0
230
1.0
 70
     8
 71
     3
 72
     8
 73
     4
 74
     0
 42
0.0000001
 43
0.0000000001
 40
0.0
 40
0.0
 40
0.0
 40
0.0
 40
1.0
 40
1.0
 40
1.0
 40
1.0
 10
2.560212281139997
 20
20.50934517121999
 30
0.0
 10
2.517598932279981
 20
20.43465211257998
 30
0.0
 10
2.456480294039977
 20
20.37639836066
 30
0.0
 10
2.376071465779972
 20
20.33667257777998
 30
0.0
  0
SPLINE
  5
52D
330
2AF
100
AcDbEntity
  8
03___PRT_ALL_CURVES
  6
Continuous
 62
     4
100
AcDbSpline
210
0.0
220
0.0
230
1.0
 70
     8
 71
     3
 72
     8
 73
     4
 74
     0
 42
0.0000001
 43
0.0000000001
 40
0.0
 40
0.0
 40
0.0
 40
0.0
 40
1.0
 40
1.0
 40
1.0
 40
1.0
 10
2.376071465779972
 20
20.33667257777998
 30
0.0
 10
2.296043711180005
 20
20.29713506224002
 30
0.0
 10
2.190040951380013
 20
20.27612551320001
 30
0.0
 10
2.060163771459997
 20
20.27612551320001
 30
0.0
  0
SPLINE
  5
52E
330
2AF
100
AcDbEntity
  8
03___PRT_ALL_CURVES
  6
Continuous
 62
     4
100
AcDbSpline
210
0.0
220
0.0
230
1.0
 70
     8
 71
     3
 72
     8
 73
     4
 74
     0
 42
0.0000001
 43
0.0000000001
 40
0.0
 40
0.0
 40
0.0
 40
0.0
 40
1.0
 40
1.0
 40
1.0
 40
1.0
 10
2.060163771459997
 20
20.27612551320001
 30
0.0
 10
1.932196514059996
 20
20.27612551320001
 30
0.0
 10
1.83192365136
 20
20.29140518292002
 30
0.0
 10
1.758390217020008
 20
20.32100955094
 30
0.0
  0
SPLINE
  5
52F
330
2AF
100
AcDbEntity
  8
03___PRT_ALL_CURVES
  6
Continuous
 62
     4
100
AcDbSpline
210
0.0
220
0.0
230
1.0
 70
     8
 71
     3
 72
     8
 73
     4
 74
     0
 42
0.0000001
 43
0.0000000001
 40
0.0
 40
0.0
 40
0.0
 40
0.0
 40
1.0
 40
1.0
 40
1.0
 40
1.0
 10
1.758390217020008
 20
20.32100955094
 30
0.0
 10
1.684856803000002
 20
20.35061391388001
 30
0.0
 10
1.624693085380017
 20
20.39454297766
 30
0.0
 10
1.576944102900001
 20
20.45184175308
 30
0.0
  0
SPLINE
  5
530
330
2AF
100
AcDbEntity
  8
03___PRT_ALL_CURVES
  6
Continuous
 62
     4
100
AcDbSpline
210
0.0
220
0.0
230
1.0
 70
     8
 71
     3
 72
     8
 73
     4
 74
     0
 42
0.0000001
 43
0.0000000001
 40
0.0
 40
0.0
 40
0.0
 40
0.0
 40
1.0
 40
1.0
 40
1.0
 40
1.0
 10
1.576944102900001
 20
20.45184175308
 30
0.0
 10
1.52919513565999
 20
20.50914050818
 30
0.0
 10
1.492905909279983
 20
20.58171896094001
 30
0.0
 10
1.468076439000015
 20
20.66957709104
 30
0.0
  0
SPLINE
  5
531
330
2AF
100
AcDbEntity
  8
03___PRT_ALL_CURVES
  6
Continuous
 62
     4
100
AcDbSpline
210
0.0
220
0.0
230
1.0
 70
     8
 71
     3
 72
     8
 73
     4
 74
     0
 42
0.0000001
 43
0.0000000001
 40
0.0
 40
0.0
 40
0.0
 40
0.0
 40
1.0
 40
1.0
 40
1.0
 40
1.0
 10
1.856753116559986
 20
20.72114598714001
 30
0.0
 10
1.87203279644001
 20
20.64283766014
 30
0.0
 10
1.894952295939987
 20
20.58840381676001
 30
0.0
 10
1.927421590920005
 20
20.55784448748
 30
0.0
  0
SPLINE
  5
532
330
2AF
100
AcDbEntity
  8
03___PRT_ALL_CURVES
  6
Continuous
 62
     4
100
AcDbSpline
210
0.0
220
0.0
230
1.0
 70
     8
 71
     3
 72
     8
 73
     4
 74
     0
 42
0.0000001
 43
0.0000000001
 40
0.0
 40
0.0
 40
0.0
 40
0.0
 40
1.0
 40
1.0
 40
1.0
 40
1.0
 10
1.927421590920005
 20
20.55784448748
 30
0.0
 10
1.959890906219982
 20
20.52728513788003
 30
0.0
 10
2.000955015100004
 20
20.51296043958001
 30
0.0
 10
2.050613945499975
 20
20.51296043958001
 30
0.0
  0
SPLINE
  5
533
330
2AF
100
AcDbEntity
  8
03___PRT_ALL_CURVES
  6
Continuous
 62
     4
100
AcDbSpline
210
0.0
220
0.0
230
1.0
 70
     8
 71
     3
 72
     8
 73
     4
 74
     0
 42
0.0000001
 43
0.0000000001
 40
0.0
 40
0.0
 40
0.0
 40
0.0
 40
1.0
 40
1.0
 40
1.0
 40
1.0
 10
2.050613945499975
 20
20.51296043958001
 30
0.0
 10
2.102182882239987
 20
20.51296043958001
 30
0.0
 10
2.146111874899987
 20
20.53206003054001
 30
0.0
 10
2.180491166059994
 20
20.57025920992001
 30
0.0
  0
SPLINE
  5
534
330
2AF
100
AcDbEntity
  8
03___PRT_ALL_CURVES
  6
Continuous
 62
     4
100
AcDbSpline
210
0.0
220
0.0
230
1.0
 70
     8
 71
     3
 72
     8
 73
     4
 74
     0
 42
0.0000001
 43
0.0000000001
 40
0.0
 40
0.0
 40
0.0
 40
0.0
 40
1.0
 40
1.0
 40
1.0
 40
1.0
 10
2.180491166059994
 20
20.57025920992001
 30
0.0
 10
2.214870457220002
 20
20.60845839184
 30
0.0
 10
2.23301506405997
 20
20.65907230382001
 30
0.0
 10
2.23301506405997
 20
20.72305595283999
 30
0.0
  0
SPLINE
  5
535
330
2AF
100
AcDbEntity
  8
03___PRT_ALL_CURVES
  6
Continuous
 62
     4
100
AcDbSpline
210
0.0
220
0.0
230
1.0
 70
     8
 71
     3
 72
     8
 73
     4
 74
     0
 42
0.0000001
 43
0.0000000001
 40
0.0
 40
0.0
 40
0.0
 40
0.0
 40
1.0
 40
1.0
 40
1.0
 40
1.0
 10
2.23301506405997
 20
20.72305595283999
 30
0.0
 10
2.23301506405997
 20
20.78799456312001
 30
0.0
 10
2.215825418479994
 20
20.83765349352001
 30
0.0
 10
2.18216224221996
 20
20.87372117856
 30
0.0
  0
SPLINE
  5
536
330
2AF
100
AcDbEntity
  8
03___PRT_ALL_CURVES
  6
Continuous
 62
     4
100
AcDbSpline
210
0.0
220
0.0
230
1.0
 70
     8
 71
     3
 72
     8
 73
     4
 74
     0
 42
0.0000001
 43
0.0000000001
 40
0.0
 40
0.0
 40
0.0
 40
0.0
 40
1.0
 40
1.0
 40
1.0
 40
1.0
 10
2.18216224221996
 20
20.87372117856
 30
0.0
 10
2.148976842499991
 20
20.90927696215999
 30
0.0
 10
2.104092804759972
 20
20.92742156900002
 30
0.0
 10
2.046794054739991
 20
20.92742156900002
 30
0.0
  0
SPLINE
  5
537
330
2AF
100
AcDbEntity
  8
03___PRT_ALL_CURVES
  6
Continuous
 62
     4
100
AcDbSpline
210
0.0
220
0.0
230
1.0
 70
     8
 71
     3
 72
     8
 73
     4
 74
     0
 42
0.0000001
 43
0.0000000001
 40
0.0
 40
0.0
 40
0.0
 40
0.0
 40
1.0
 40
1.0
 40
1.0
 40
1.0
 10
2.046794054739991
 20
20.92742156900002
 30
0.0
 10
2.01623469498
 20
20.92742156900002
 30
0.0
 10
1.974215584199982
 20
20.91978170874
 30
0.0
 10
1.920736722399994
 20
20.90450202885998
 30
0.0
  0
LINE
  5
538
330
2AF
100
AcDbEntity
  8
03___PRT_ALL_CURVES
  6
Continuous
 62
     4
100
AcDbLine
 10
1.940791294939999
 20
21.18240112000001
 30
0.0
 11
1.991405229779957
 21
21.17762622734
 31
0.0
  0
SPLINE
  5
539
330
2AF
100
AcDbEntity
  8
03___PRT_ALL_CURVES
  6
Continuous
 62
     4
100
AcDbSpline
210
0.0
220
0.0
230
1.0
 70
     8
 71
     3
 72
     8
 73
     4
 74
     0
 42
0.0000001
 43
0.0000000001
 40
0.0
 40
0.0
 40
0.0
 40
0.0
 40
1.0
 40
1.0
 40
1.0
 40
1.0
 10
1.991405229779957
 20
21.17762622734
 30
0.0
 10
2.042019121440006
 20
21.17762622734
 30
0.0
 10
2.084038232219996
 20
21.19386082783998
 30
0.0
 10
2.118417472579978
 20
21.22633012535999
 30
0.0
  0
SPLINE
  5
53A
330
2AF
100
AcDbEntity
  8
03___PRT_ALL_CURVES
  6
Continuous
 62
     4
100
AcDbSpline
210
0.0
220
0.0
230
1.0
 70
     8
 71
     3
 72
     8
 73
     4
 74
     0
 42
0.0000001
 43
0.0000000001
 40
0.0
 40
0.0
 40
0.0
 40
0.0
 40
1.0
 40
1.0
 40
1.0
 40
1.0
 10
2.118417472579978
 20
21.22633012535999
 30
0.0
 10
2.152796773899979
 20
21.25879948129997
 30
0.0
 10
2.169986419480011
 20
21.29699862004
 30
0.0
 10
2.169986419480011
 20
21.34188265778002
 30
0.0
  0
SPLINE
  5
53B
330
2AF
100
AcDbEntity
  8
03___PRT_ALL_CURVES
  6
Continuous
 62
     4
100
AcDbSpline
210
0.0
220
0.0
230
1.0
 70
     8
 71
     3
 72
     8
 73
     4
 74
     0
 42
0.0000001
 43
0.0000000001
 40
0.0
 40
0.0
 40
0.0
 40
0.0
 40
1.0
 40
1.0
 40
1.0
 40
1.0
 10
2.169986419480011
 20
21.34188265778002
 30
0.0
 10
2.169986419480011
 20
21.38390180920001
 30
0.0
 10
2.156616705299996
 20
21.41828101908001
 30
0.0
 10
2.131305191279978
 20
21.44359248992001
 30
0.0
  0
SPLINE
  5
53C
330
2AF
100
AcDbEntity
  8
03___PRT_ALL_CURVES
  6
Continuous
 62
     4
100
AcDbSpline
210
0.0
220
0.0
230
1.0
 70
     8
 71
     3
 72
     8
 73
     4
 74
     0
 42
0.0000001
 43
0.0000000001
 40
0.0
 40
0.0
 40
0.0
 40
0.0
 40
1.0
 40
1.0
 40
1.0
 40
1.0
 10
2.131305191279978
 20
21.44359248992001
 30
0.0
 10
2.106002729820005
 20
21.46889491074
 30
0.0
 10
2.070668518040009
 20
21.48226462491999
 30
0.0
 10
2.026739482199986
 20
21.48226462491999
 30
0.0
  0
SPLINE
  5
53D
330
2AF
100
AcDbEntity
  8
03___PRT_ALL_CURVES
  6
Continuous
 62
     4
100
AcDbSpline
210
0.0
220
0.0
230
1.0
 70
     8
 71
     3
 72
     8
 73
     4
 74
     0
 42
0.0000001
 43
0.0000000001
 40
0.0
 40
0.0
 40
0.0
 40
0.0
 40
1.0
 40
1.0
 40
1.0
 40
1.0
 10
2.026739482199986
 20
21.48226462491999
 30
0.0
 10
1.980900442559971
 20
21.48226462491999
 30
0.0
 10
1.943656265079994
 20
21.46793994947998
 30
0.0
 10
1.915006868479992
 20
21.44024555732
 30
0.0
  0
SPLINE
  5
53E
330
2AF
100
AcDbEntity
  8
03___PRT_ALL_CURVES
  6
Continuous
 62
     4
100
AcDbSpline
210
0.0
220
0.0
230
1.0
 70
     8
 71
     3
 72
     8
 73
     4
 74
     0
 42
0.0000001
 43
0.0000000001
 40
0.0
 40
0.0
 40
0.0
 40
0.0
 40
1.0
 40
1.0
 40
1.0
 40
1.0
 10
1.915006868479992
 20
21.44024555732
 30
0.0
 10
1.886357474420009
 20
21.41255116516001
 30
0.0
 10
1.866302899340013
 20
21.36384719602
 30
0.0
 10
1.856753116559986
 20
21.29508869498
 30
0.0
  0
SPLINE
  5
53F
330
2AF
100
AcDbEntity
  8
03___PRT_ALL_CURVES
  6
Continuous
 62
     4
100
AcDbSpline
210
0.0
220
0.0
230
1.0
 70
     8
 71
     3
 72
     8
 73
     4
 74
     0
 42
0.0000001
 43
0.0000000001
 40
0.0
 40
0.0
 40
0.0
 40
0.0
 40
1.0
 40
1.0
 40
1.0
 40
1.0
 10
3.206139140159991
 20
21.1795361524
 30
0.0
 10
3.249113255379996
 20
21.19959068176001
 30
0.0
 10
3.292087368059981
 20
21.21487040482
 30
0.0
 10
3.33421674532002
 20
21.22492399405999
 30
0.0
  0
SPLINE
  5
540
330
2AF
100
AcDbEntity
  8
03___PRT_ALL_CURVES
  6
Continuous
 62
     4
100
AcDbSpline
210
0.0
220
0.0
230
1.0
 70
     8
 71
     3
 72
     8
 73
     4
 74
     0
 42
0.0000001
 43
0.0000000001
 40
0.0
 40
0.0
 40
0.0
 40
0.0
 40
1.0
 40
1.0
 40
1.0
 40
1.0
 10
3.33421674532002
 20
21.22492399405999
 30
0.0
 10
3.37612550834001
 20
21.23492493672001
 30
0.0
 10
3.418144659760003
 20
21.24065487446001
 30
0.0
 10
3.460163813720015
 20
21.24065487446001
 30
0.0
  0
SPLINE
  5
541
330
2AF
100
AcDbEntity
  8
03___PRT_ALL_CURVES
  6
Continuous
 62
     4
100
AcDbSpline
210
0.0
220
0.0
230
1.0
 70
     8
 71
     3
 72
     8
 73
     4
 74
     0
 42
0.0000001
 43
0.0000000001
 40
0.0
 40
0.0
 40
0.0
 40
0.0
 40
1.0
 40
1.0
 40
1.0
 40
1.0
 10
3.460163813720015
 20
21.24065487446001
 30
0.0
 10
3.599590735779969
 20
21.24065487446001
 30
0.0
 10
3.713233355839975
 20
21.19768075924
 30
0.0
 10
3.80062342490001
 20
21.11315588892001
 30
0.0
  0
SPLINE
  5
542
330
2AF
100
AcDbEntity
  8
03___PRT_ALL_CURVES
  6
Continuous
 62
     4
100
AcDbSpline
210
0.0
220
0.0
230
1.0
 70
     8
 71
     3
 72
     8
 73
     4
 74
     0
 42
0.0000001
 43
0.0000000001
 40
0.0
 40
0.0
 40
0.0
 40
0.0
 40
1.0
 40
1.0
 40
1.0
 40
1.0
 10
3.80062342490001
 20
21.11315588892001
 30
0.0
 10
3.887994532860006
 20
21.02864935485999
 30
0.0
 10
3.931923609340004
 20
20.92169167444001
 30
0.0
 10
3.931923609340004
 20
20.79372441704001
 30
0.0
  0
SPLINE
  5
543
330
2AF
100
AcDbEntity
  8
03___PRT_ALL_CURVES
  6
Continuous
 62
     4
100
AcDbSpline
210
0.0
220
0.0
230
1.0
 70
     8
 71
     3
 72
     8
 73
     4
 74
     0
 42
0.0000001
 43
0.0000000001
 40
0.0
 40
0.0
 40
0.0
 40
0.0
 40
1.0
 40
1.0
 40
1.0
 40
1.0
 10
3.931923609340004
 20
20.79372441704001
 30
0.0
 10
3.931923609340004
 20
20.70300138030001
 30
0.0
 10
3.909004193659968
 20
20.61609823178
 30
0.0
 10
3.864319076019996
 20
20.53290785459998
 30
0.0
  0
SPLINE
  5
544
330
2AF
100
AcDbEntity
  8
03___PRT_ALL_CURVES
  6
Continuous
 62
     4
100
AcDbSpline
210
0.0
220
0.0
230
1.0
 70
     8
 71
     3
 72
     8
 73
     4
 74
     0
 42
0.0000001
 43
0.0000000001
 40
0.0
 40
0.0
 40
0.0
 40
0.0
 40
1.0
 40
1.0
 40
1.0
 40
1.0
 10
3.864319076019996
 20
20.53290785459998
 30
0.0
 10
3.819236115640024
 20
20.44897681088
 30
0.0
 10
3.755252509799988
 20
20.38594815614002
 30
0.0
 10
3.673124147259955
 20
20.34201906442001
 30
0.0
  0
SPLINE
  5
545
330
2AF
100
AcDbEntity
  8
03___PRT_ALL_CURVES
  6
Continuous
 62
     4
100
AcDbSpline
210
0.0
220
0.0
230
1.0
 70
     8
 71
     3
 72
     8
 73
     4
 74
     0
 42
0.0000001
 43
0.0000000001
 40
0.0
 40
0.0
 40
0.0
 40
0.0
 40
1.0
 40
1.0
 40
1.0
 40
1.0
 10
3.673124147259955
 20
20.34201906442001
 30
0.0
 10
3.59099591172
 20
20.29809004128001
 30
0.0
 10
3.484993151920008
 20
20.27612551320001
 30
0.0
 10
3.357025937700001
 20
20.27612551320001
 30
0.0
  0
SPLINE
  5
546
330
2AF
100
AcDbEntity
  8
03___PRT_ALL_CURVES
  6
Continuous
 62
     4
100
AcDbSpline
210
0.0
220
0.0
230
1.0
 70
     8
 71
     3
 72
     8
 73
     4
 74
     0
 42
0.0000001
 43
0.0000000001
 40
0.0
 40
0.0
 40
0.0
 40
0.0
 40
1.0
 40
1.0
 40
1.0
 40
1.0
 10
3.357025937700001
 20
20.27612551320001
 30
0.0
 10
3.264392975900023
 20
20.27612551320001
 30
0.0
 10
3.185129646999968
 20
20.28567530614001
 30
0.0
 10
3.119348363779977
 20
20.30235895831999
 30
0.0
  0
SPLINE
  5
547
330
2AF
100
AcDbEntity
  8
03___PRT_ALL_CURVES
  6
Continuous
 62
     4
100
AcDbSpline
210
0.0
220
0.0
230
1.0
 70
     8
 71
     3
 72
     8
 73
     4
 74
     0
 42
0.0000001
 43
0.0000000001
 40
0.0
 40
0.0
 40
0.0
 40
0.0
 40
1.0
 40
1.0
 40
1.0
 40
1.0
 10
3.119348363779977
 20
20.30235895831999
 30
0.0
 10
3.053342417560003
 20
20.31909959031998
 30
0.0
 10
2.996998671979981
 20
20.34583901614002
 30
0.0
 10
2.951159670440006
 20
20.38021827935998
 30
0.0
  0
SPLINE
  5
548
330
2AF
100
AcDbEntity
  8
03___PRT_ALL_CURVES
  6
Continuous
 62
     4
100
AcDbSpline
210
0.0
220
0.0
230
1.0
 70
     8
 71
     3
 72
     8
 73
     4
 74
     0
 42
0.0000001
 43
0.0000000001
 40
0.0
 40
0.0
 40
0.0
 40
0.0
 40
1.0
 40
1.0
 40
1.0
 40
1.0
 10
2.951159670440006
 20
20.38021827935998
 30
0.0
 10
2.905320673980015
 20
20.41459754004001
 30
0.0
 10
2.868076496500009
 20
20.45470668766001
 30
0.0
 10
2.839427033860005
 20
20.49863577938001
 30
0.0
  0
SPLINE
  5
549
330
2AF
100
AcDbEntity
  8
03___PRT_ALL_CURVES
  6
Continuous
 62
     4
100
AcDbSpline
210
0.0
220
0.0
230
1.0
 70
     8
 71
     3
 72
     8
 73
     4
 74
     0
 42
0.0000001
 43
0.0000000001
 40
0.0
 40
0.0
 40
0.0
 40
0.0
 40
1.0
 40
1.0
 40
1.0
 40
1.0
 10
2.839427033860005
 20
20.49863577938001
 30
0.0
 10
2.810777622020026
 20
20.54256479744001
 30
0.0
 10
2.786903158719952
 20
20.59699864082
 30
0.0
 10
2.767803590619963
 20
20.66289223522
 30
0.0
  0
SPLINE
  5
54A
330
2AF
100
AcDbEntity
  8
03___PRT_ALL_CURVES
  6
Continuous
 62
     4
100
AcDbSpline
210
0.0
220
0.0
230
1.0
 70
     8
 71
     3
 72
     8
 73
     4
 74
     0
 42
0.0000001
 43
0.0000000001
 40
0.0
 40
0.0
 40
0.0
 40
0.0
 40
1.0
 40
1.0
 40
1.0
 40
1.0
 10
3.16125510242
 20
20.70586630726001
 30
0.0
 10
3.17080488773999
 20
20.64283766014
 30
0.0
 10
3.192769507259982
 20
20.59413369354002
 30
0.0
 10
3.227882739039984
 20
20.56142549378001
 30
0.0
  0
SPLINE
  5
54B
330
2AF
100
AcDbEntity
  8
03___PRT_ALL_CURVES
  6
Continuous
 62
     4
100
AcDbSpline
210
0.0
220
0.0
230
1.0
 70
     8
 71
     3
 72
     8
 73
     4
 74
     0
 42
0.0000001
 43
0.0000000001
 40
0.0
 40
0.0
 40
0.0
 40
0.0
 40
1.0
 40
1.0
 40
1.0
 40
1.0
 10
3.227882739039984
 20
20.56142549378001
 30
0.0
 10
3.262483053379981
 20
20.52919508072
 30
0.0
 10
3.304502039699969
 20
20.51296043958001
 30
0.0
 10
3.353206090119954
 20
20.51296043958001
 30
0.0
  0
SPLINE
  5
54C
330
2AF
100
AcDbEntity
  8
03___PRT_ALL_CURVES
  6
Continuous
 62
     4
100
AcDbSpline
210
0.0
220
0.0
230
1.0
 70
     8
 71
     3
 72
     8
 73
     4
 74
     0
 42
0.0000001
 43
0.0000000001
 40
0.0
 40
0.0
 40
0.0
 40
0.0
 40
1.0
 40
1.0
 40
1.0
 40
1.0
 10
3.353206090119954
 20
20.51296043958001
 30
0.0
 10
3.406684951919999
 20
20.51296043958001
 30
0.0
 10
3.451568989659989
 20
20.53301501212002
 30
0.0
 10
3.486903237000007
 20
20.57407912354
 30
0.0
  0
SPLINE
  5
54D
330
2AF
100
AcDbEntity
  8
03___PRT_ALL_CURVES
  6
Continuous
 62
     4
100
AcDbSpline
210
0.0
220
0.0
230
1.0
 70
     8
 71
     3
 72
     8
 73
     4
 74
     0
 42
0.0000001
 43
0.0000000001
 40
0.0
 40
0.0
 40
0.0
 40
0.0
 40
1.0
 40
1.0
 40
1.0
 40
1.0
 10
3.486903237000007
 20
20.57407912354
 30
0.0
 10
3.52223749704001
 20
20.61514324766
 30
0.0
 10
3.540382103880006
 20
20.67626194940001
 30
0.0
 10
3.540382103880006
 20
20.75839016462001
 30
0.0
  0
SPLINE
  5
54E
330
2AF
100
AcDbEntity
  8
03___PRT_ALL_CURVES
  6
Continuous
 62
     4
100
AcDbSpline
210
0.0
220
0.0
230
1.0
 70
     8
 71
     3
 72
     8
 73
     4
 74
     0
 42
0.0000001
 43
0.0000000001
 40
0.0
 40
0.0
 40
0.0
 40
0.0
 40
1.0
 40
1.0
 40
1.0
 40
1.0
 10
3.540382103880006
 20
20.75839016462001
 30
0.0
 10
3.540382103880006
 20
20.84147338174
 30
0.0
 10
3.52223749704001
 20
20.9025921038
 30
0.0
 10
3.486405196339973
 20
20.94129097484
 30
0.0
  0
SPLINE
  5
54F
330
2AF
100
AcDbEntity
  8
03___PRT_ALL_CURVES
  6
Continuous
 62
     4
100
AcDbSpline
210
0.0
220
0.0
230
1.0
 70
     8
 71
     3
 72
     8
 73
     4
 74
     0
 42
0.0000001
 43
0.0000000001
 40
0.0
 40
0.0
 40
0.0
 40
0.0
 40
1.0
 40
1.0
 40
1.0
 40
1.0
 10
3.486405196339973
 20
20.94129097484
 30
0.0
 10
3.450614028399968
 20
20.97994542635999
 30
0.0
 10
3.403819900499997
 20
20.99999999889999
 30
0.0
 10
3.344611268600005
 20
20.99999999889999
 30
0.0
  0
SPLINE
  5
550
330
2AF
100
AcDbEntity
  8
03___PRT_ALL_CURVES
  6
Continuous
 62
     4
100
AcDbSpline
210
0.0
220
0.0
230
1.0
 70
     8
 71
     3
 72
     8
 73
     4
 74
     0
 42
0.0000001
 43
0.0000000001
 40
0.0
 40
0.0
 40
0.0
 40
0.0
 40
1.0
 40
1.0
 40
1.0
 40
1.0
 10
3.344611268600005
 20
20.99999999889999
 30
0.0
 10
3.306412129860007
 20
20.99999999889999
 30
0.0
 10
3.27012274853999
 20
20.99045021612
 30
0.0
 10
3.235571849899998
 20
20.97263486948
 30
0.0
  0
SPLINE
  5
551
330
2AF
100
AcDbEntity
  8
03___PRT_ALL_CURVES
  6
Continuous
 62
     4
100
AcDbSpline
210
0.0
220
0.0
230
1.0
 70
     8
 71
     3
 72
     8
 73
     4
 74
     0
 42
0.0000001
 43
0.0000000001
 40
0.0
 40
0.0
 40
0.0
 40
0.0
 40
1.0
 40
1.0
 40
1.0
 40
1.0
 10
3.235571849899998
 20
20.97263486948
 30
0.0
 10
3.209004191579993
 20
20.95893589255999
 30
0.0
 10
3.180354670520018
 20
20.93410642736001
 30
0.0
 10
3.149795394579968
 20
20.8997271362
 30
0.0
  0
SPLINE
  5
552
330
2AF
100
AcDbEntity
  8
03___PRT_ALL_CURVES
  6
Continuous
 62
     4
100
AcDbSpline
210
0.0
220
0.0
230
1.0
 70
     8
 71
     3
 72
     8
 73
     4
 74
     0
 42
0.0000001
 43
0.0000000001
 40
0.0
 40
0.0
 40
0.0
 40
0.0
 40
1.0
 40
1.0
 40
1.0
 40
1.0
 10
20.87858112565999
 20
80.50572985436
 30
0.0
 10
20.87858112565999
 20
80.77121415194
 30
0.0
 10
20.92633010306002
 20
80.95743520189998
 30
0.0
 10
21.02206564437998
 20
81.06418031480001
 30
0.0
  0
SPLINE
  5
553
330
2AF
100
AcDbEntity
  8
03___PRT_ALL_CURVES
  6
Continuous
 62
     4
100
AcDbSpline
210
0.0
220
0.0
230
1.0
 70
     8
 71
     3
 72
     8
 73
     4
 74
     0
 42
0.0000001
 43
0.0000000001
 40
0.0
 40
0.0
 40
0.0
 40
0.0
 40
1.0
 40
1.0
 40
1.0
 40
1.0
 10
21.02206564437998
 20
81.06418031480001
 30
0.0
 10
21.11732600249999
 20
81.17039560147998
 30
0.0
 10
21.26343786673999
 20
81.22387454456003
 30
0.0
 10
21.46016366582001
 20
81.22387454456003
 30
0.0
  0
SPLINE
  5
554
330
2AF
100
AcDbEntity
  8
03___PRT_ALL_CURVES
  6
Continuous
 62
     4
100
AcDbSpline
210
0.0
220
0.0
230
1.0
 70
     8
 71
     3
 72
     8
 73
     4
 74
     0
 42
0.0000001
 43
0.0000000001
 40
0.0
 40
0.0
 40
0.0
 40
0.0
 40
1.0
 40
1.0
 40
1.0
 40
1.0
 10
21.46016366582001
 20
81.22387454456003
 30
0.0
 10
21.55375162952001
 20
81.22387454456003
 30
0.0
 10
21.63110503590002
 20
81.21145970782001
 30
0.0
 10
21.69216420257999
 20
81.18838223556003
 30
0.0
  0
SPLINE
  5
555
330
2AF
100
AcDbEntity
  8
03___PRT_ALL_CURVES
  6
Continuous
 62
     4
100
AcDbSpline
210
0.0
220
0.0
230
1.0
 70
     8
 71
     3
 72
     8
 73
     4
 74
     0
 42
0.0000001
 43
0.0000000001
 40
0.0
 40
0.0
 40
0.0
 40
0.0
 40
1.0
 40
1.0
 40
1.0
 40
1.0
 10
21.69216420257999
 20
81.18838223556003
 30
0.0
 10
21.75238743493998
 20
81.16562070881997
 30
0.0
 10
21.80204636534003
 20
81.13506143033999
 30
0.0
 10
21.84024554471998
 20
81.09781721222001
 30
0.0
  0
SPLINE
  5
556
330
2AF
100
AcDbEntity
  8
03___PRT_ALL_CURVES
  6
Continuous
 62
     4
100
AcDbSpline
210
0.0
220
0.0
230
1.0
 70
     8
 71
     3
 72
     8
 73
     4
 74
     0
 42
0.0000001
 43
0.0000000001
 40
0.0
 40
0.0
 40
0.0
 40
0.0
 40
1.0
 40
1.0
 40
1.0
 40
1.0
 10
21.84024554471998
 20
81.09781721222001
 30
0.0
 10
21.87844472663997
 20
81.0605729941
 30
0.0
 10
21.90804904132
 20
81.02141881027998
 30
0.0
 10
21.93001357955998
 20
80.98035470139999
 30
0.0
  0
SPLINE
  5
557
330
2AF
100
AcDbEntity
  8
03___PRT_ALL_CURVES
  6
Continuous
 62
     4
100
AcDbSpline
210
0.0
220
0.0
230
1.0
 70
     8
 71
     3
 72
     8
 73
     4
 74
     0
 42
0.0000001
 43
0.0000000001
 40
0.0
 40
0.0
 40
0.0
 40
0.0
 40
1.0
 40
1.0
 40
1.0
 40
1.0
 10
21.93001357955998
 20
80.98035470139999
 30
0.0
 10
21.95197811779997
 20
80.93929059505999
 30
0.0
 10
21.97012272463999
 20
80.89154158718
 30
0.0
 10
21.98348705401997
 20
80.83710644332001
 30
0.0
  0
SPLINE
  5
558
330
2AF
100
AcDbEntity
  8
03___PRT_ALL_CURVES
  6
Continuous
 62
     4
100
AcDbSpline
210
0.0
220
0.0
230
1.0
 70
     8
 71
     3
 72
     8
 73
     4
 74
     0
 42
0.0000001
 43
0.0000000001
 40
0.0
 40
0.0
 40
0.0
 40
0.0
 40
1.0
 40
1.0
 40
1.0
 40
1.0
 10
21.98348705401997
 20
80.83710644332001
 30
0.0
 10
22.00927690846001
 20
80.73206005193998
 30
0.0
 10
22.02264662517999
 20
80.62319232200002
 30
0.0
 10
22.02264662517999
 20
80.51050474702001
 30
0.0
  0
SPLINE
  5
559
330
2AF
100
AcDbEntity
  8
03___PRT_ALL_CURVES
  6
Continuous
 62
     4
100
AcDbSpline
210
0.0
220
0.0
230
1.0
 70
     8
 71
     3
 72
     8
 73
     4
 74
     0
 42
0.0000001
 43
0.0000000001
 40
0.0
 40
0.0
 40
0.0
 40
0.0
 40
1.0
 40
1.0
 40
1.0
 40
1.0
 10
22.02264662517999
 20
80.51050474702001
 30
0.0
 10
22.02264662517999
 20
80.25648019791998
 30
0.0
 10
21.97967250995998
 20
80.07025921145998
 30
0.0
 10
21.89395147235999
 20
79.95263087928001
 30
0.0
  0
SPLINE
  5
55A
330
2AF
100
AcDbEntity
  8
03___PRT_ALL_CURVES
  6
Continuous
 62
     4
100
AcDbSpline
210
0.0
220
0.0
230
1.0
 70
     8
 71
     3
 72
     8
 73
     4
 74
     0
 42
0.0000001
 43
0.0000000001
 40
0.0
 40
0.0
 40
0.0
 40
0.0
 40
1.0
 40
1.0
 40
1.0
 40
1.0
 10
21.89395147235999
 20
79.95263087928001
 30
0.0
 10
21.80777621926001
 20
79.83437926158001
 30
0.0
 10
21.65975438932003
 20
79.7761255122
 30
0.0
 10
21.44965887606
 20
79.7761255122
 30
0.0
  0
SPLINE
  5
55B
330
2AF
100
AcDbEntity
  8
03___PRT_ALL_CURVES
  6
Continuous
 62
     4
100
AcDbSpline
210
0.0
220
0.0
230
1.0
 70
     8
 71
     3
 72
     8
 73
     4
 74
     0
 42
0.0000001
 43
0.0000000001
 40
0.0
 40
0.0
 40
0.0
 40
0.0
 40
1.0
 40
1.0
 40
1.0
 40
1.0
 10
21.44965887606
 20
79.7761255122
 30
0.0
 10
21.33124144715998
 20
79.7761255122
 30
0.0
 10
21.23669843837999
 20
79.79522510315999
 30
0.0
 10
21.16412000593999
 20
79.83246930095999
 30
0.0
  0
SPLINE
  5
55C
330
2AF
100
AcDbEntity
  8
03___PRT_ALL_CURVES
  6
Continuous
 62
     4
100
AcDbSpline
210
0.0
220
0.0
230
1.0
 70
     8
 71
     3
 72
     8
 73
     4
 74
     0
 42
0.0000001
 43
0.0000000001
 40
0.0
 40
0.0
 40
0.0
 40
0.0
 40
1.0
 40
1.0
 40
1.0
 40
1.0
 10
21.16412000593999
 20
79.83246930095999
 30
0.0
 10
21.09154155571997
 20
79.86971350892
 30
0.0
 10
21.03137785841997
 20
79.92510231864003
 30
0.0
 10
20.98479008773998
 20
79.99720242589999
 30
0.0
  0
SPLINE
  5
55D
330
2AF
100
AcDbEntity
  8
03___PRT_ALL_CURVES
  6
Continuous
 62
     4
100
AcDbSpline
210
0.0
220
0.0
230
1.0
 70
     8
 71
     3
 72
     8
 73
     4
 74
     0
 42
0.0000001
 43
0.0000000001
 40
0.0
 40
0.0
 40
0.0
 40
0.0
 40
1.0
 40
1.0
 40
1.0
 40
1.0
 10
20.98479008773998
 20
79.99720242589999
 30
0.0
 10
20.95115956825998
 20
80.04924965480001
 30
0.0
 10
20.92537511894
 20
80.11896315774001
 30
0.0
 10
20.90627552798
 20
80.20873123321999
 30
0.0
  0
SPLINE
  5
55E
330
2AF
100
AcDbEntity
  8
03___PRT_ALL_CURVES
  6
Continuous
 62
     4
100
AcDbSpline
210
0.0
220
0.0
230
1.0
 70
     8
 71
     3
 72
     8
 73
     4
 74
     0
 42
0.0000001
 43
0.0000000001
 40
0.0
 40
0.0
 40
0.0
 40
0.0
 40
1.0
 40
1.0
 40
1.0
 40
1.0
 10
20.90627552798
 20
80.20873123321999
 30
0.0
 10
20.88717593956
 20
80.2984993087
 30
0.0
 10
20.87858112565999
 20
80.39686220823998
 30
0.0
 10
20.87858112565999
 20
80.50572985436
 30
0.0
  0
SPLINE
  5
55F
330
2AF
100
AcDbEntity
  8
03___PRT_ALL_CURVES
  6
Continuous
 62
     4
100
AcDbSpline
210
0.0
220
0.0
230
1.0
 70
     8
 71
     3
 72
     8
 73
     4
 74
     0
 42
0.0000001
 43
0.0000000001
 40
0.0
 40
0.0
 40
0.0
 40
0.0
 40
1.0
 40
1.0
 40
1.0
 40
1.0
 10
21.26439287118001
 20
80.5047748931
 30
0.0
 10
21.26439287118001
 20
80.32619374404001
 30
0.0
 10
21.27967255106
 20
80.20395634056001
 30
0.0
 10
21.31118687462001
 20
80.13901773027999
 30
0.0
  0
SPLINE
  5
560
330
2AF
100
AcDbEntity
  8
03___PRT_ALL_CURVES
  6
Continuous
 62
     4
100
AcDbSpline
210
0.0
220
0.0
230
1.0
 70
     8
 71
     3
 72
     8
 73
     4
 74
     0
 42
0.0000001
 43
0.0000000001
 40
0.0
 40
0.0
 40
0.0
 40
0.0
 40
1.0
 40
1.0
 40
1.0
 40
1.0
 10
21.31118687462001
 20
80.13901773027999
 30
0.0
 10
21.34270119817998
 20
80.07407912000002
 30
0.0
 10
21.38854019717996
 20
80.04160981486001
 30
0.0
 10
21.44870391480001
 20
80.04160981486001
 30
0.0
  0
SPLINE
  5
561
330
2AF
100
AcDbEntity
  8
03___PRT_ALL_CURVES
  6
Continuous
 62
     4
100
AcDbSpline
210
0.0
220
0.0
230
1.0
 70
     8
 71
     3
 72
     8
 73
     4
 74
     0
 42
0.0000001
 43
0.0000000001
 40
0.0
 40
0.0
 40
0.0
 40
0.0
 40
1.0
 40
1.0
 40
1.0
 40
1.0
 10
21.44870391480001
 20
80.04160981486001
 30
0.0
 10
21.48785805797999
 20
80.04160981486001
 30
0.0
 10
21.52223730596
 20
80.05497952904
 30
0.0
 10
21.55088672542001
 20
80.08267396437998
 30
0.0
  0
SPLINE
  5
562
330
2AF
100
AcDbEntity
  8
03___PRT_ALL_CURVES
  6
Continuous
 62
     4
100
AcDbSpline
210
0.0
220
0.0
230
1.0
 70
     8
 71
     3
 72
     8
 73
     4
 74
     0
 42
0.0000001
 43
0.0000000001
 40
0.0
 40
0.0
 40
0.0
 40
0.0
 40
1.0
 40
1.0
 40
1.0
 40
1.0
 10
21.55088672542001
 20
80.08267396437998
 30
0.0
 10
21.57953609915998
 20
80.11036835654002
 30
0.0
 10
21.60150063740002
 20
80.15429741016001
 30
0.0
 10
21.61497222081999
 20
80.21443840239999
 30
0.0
  0
SPLINE
  5
563
330
2AF
100
AcDbEntity
  8
03___PRT_ALL_CURVES
  6
Continuous
 62
     4
100
AcDbSpline
210
0.0
220
0.0
230
1.0
 70
     8
 71
     3
 72
     8
 73
     4
 74
     0
 42
0.0000001
 43
0.0000000001
 40
0.0
 40
0.0
 40
0.0
 40
0.0
 40
1.0
 40
1.0
 40
1.0
 40
1.0
 10
21.61497222081999
 20
80.21443840239999
 30
0.0
 10
21.62824006829999
 20
80.27366984350002
 30
0.0
 10
21.63587992855997
 20
80.36725785037999
 30
0.0
 10
21.63587992855997
 20
80.49427010334
 30
0.0
  0
SPLINE
  5
564
330
2AF
100
AcDbEntity
  8
03___PRT_ALL_CURVES
  6
Continuous
 62
     4
100
AcDbSpline
210
0.0
220
0.0
230
1.0
 70
     8
 71
     3
 72
     8
 73
     4
 74
     0
 42
0.0000001
 43
0.0000000001
 40
0.0
 40
0.0
 40
0.0
 40
0.0
 40
1.0
 40
1.0
 40
1.0
 40
1.0
 10
21.63587992855997
 20
80.49427010334
 30
0.0
 10
21.63587992855997
 20
80.67953615139999
 30
0.0
 10
21.61964524423996
 20
80.80463848184002
 30
0.0
 10
21.58813092067999
 20
80.86862208768
 30
0.0
  0
SPLINE
  5
565
330
2AF
100
AcDbEntity
  8
03___PRT_ALL_CURVES
  6
Continuous
 62
     4
100
AcDbSpline
210
0.0
220
0.0
230
1.0
 70
     8
 71
     3
 72
     8
 73
     4
 74
     0
 42
0.0000001
 43
0.0000000001
 40
0.0
 40
0.0
 40
0.0
 40
0.0
 40
1.0
 40
1.0
 40
1.0
 40
1.0
 10
21.58813092067999
 20
80.86862208768
 30
0.0
 10
21.55661659966
 20
80.93260569606
 30
0.0
 10
21.50982263685998
 20
80.96507506470002
 30
0.0
 10
21.44679394909997
 20
80.96507506470002
 30
0.0
  0
SPLINE
  5
566
330
2AF
100
AcDbEntity
  8
03___PRT_ALL_CURVES
  6
Continuous
 62
     4
100
AcDbSpline
210
0.0
220
0.0
230
1.0
 70
     8
 71
     3
 72
     8
 73
     4
 74
     0
 42
0.0000001
 43
0.0000000001
 40
0.0
 40
0.0
 40
0.0
 40
0.0
 40
1.0
 40
1.0
 40
1.0
 40
1.0
 10
21.44679394909997
 20
80.96507506470002
 30
0.0
 10
21.38185533882003
 20
80.96507506470002
 30
0.0
 10
21.33601633982002
 20
80.9316507348
 30
0.0
 10
21.30736695846002
 20
80.86671215754001
 30
0.0
  0
SPLINE
  5
567
330
2AF
100
AcDbEntity
  8
03___PRT_ALL_CURVES
  6
Continuous
 62
     4
100
AcDbSpline
210
0.0
220
0.0
230
1.0
 70
     8
 71
     3
 72
     8
 73
     4
 74
     0
 42
0.0000001
 43
0.0000000001
 40
0.0
 40
0.0
 40
0.0
 40
0.0
 40
1.0
 40
1.0
 40
1.0
 40
1.0
 10
21.30736695846002
 20
80.86671215754001
 30
0.0
 10
21.27871754915998
 20
80.80177351170002
 30
0.0
 10
21.26439287118001
 20
80.68049111266001
 30
0.0
 10
21.26439287118001
 20
80.5047748931
 30
0.0
  0
SPLINE
  5
568
330
2AF
100
AcDbEntity
  8
03___PRT_ALL_CURVES
  6
Continuous
 62
     4
100
AcDbSpline
210
0.0
220
0.0
230
1.0
 70
     8
 71
     3
 72
     8
 73
     4
 74
     0
 42
0.0000001
 43
0.0000000001
 40
0.0
 40
0.0
 40
0.0
 40
0.0
 40
1.0
 40
1.0
 40
1.0
 40
1.0
 10
22.15443376825999
 20
79.80000000089998
 30
0.0
 10
22.16780348498003
 20
79.91459754158001
 30
0.0
 10
22.20791263005998
 20
80.02346520802001
 30
0.0
 10
22.27571619015998
 20
80.12469307516
 30
0.0
  0
SPLINE
  5
569
330
2AF
100
AcDbEntity
  8
03___PRT_ALL_CURVES
  6
Continuous
 62
     4
100
AcDbSpline
210
0.0
220
0.0
230
1.0
 70
     8
 71
     3
 72
     8
 73
     4
 74
     0
 42
0.0000001
 43
0.0000000001
 40
0.0
 40
0.0
 40
0.0
 40
0.0
 40
1.0
 40
1.0
 40
1.0
 40
1.0
 10
22.27571619015998
 20
80.12469307516
 30
0.0
 10
22.34351970707999
 20
80.2259208788
 30
0.0
 10
22.47053195749999
 20
80.34624827593998
 30
0.0
 10
22.65771813634001
 20
80.48470657916002
 30
0.0
  0
SPLINE
  5
56A
330
2AF
100
AcDbEntity
  8
03___PRT_ALL_CURVES
  6
Continuous
 62
     4
100
AcDbSpline
210
0.0
220
0.0
230
1.0
 70
     8
 71
     3
 72
     8
 73
     4
 74
     0
 42
0.0000001
 43
0.0000000001
 40
0.0
 40
0.0
 40
0.0
 40
0.0
 40
1.0
 40
1.0
 40
1.0
 40
1.0
 10
22.65771813634001
 20
80.48470657916002
 30
0.0
 10
22.77135059386001
 20
80.56875849893999
 30
0.0
 10
22.84392902375998
 20
80.63369715239998
 30
0.0
 10
22.87608715349998
 20
80.67785457741999
 30
0.0
  0
SPLINE
  5
56B
330
2AF
100
AcDbEntity
  8
03___PRT_ALL_CURVES
  6
Continuous
 62
     4
100
AcDbSpline
210
0.0
220
0.0
230
1.0
 70
     8
 71
     3
 72
     8
 73
     4
 74
     0
 42
0.0000001
 43
0.0000000001
 40
0.0
 40
0.0
 40
0.0
 40
0.0
 40
1.0
 40
1.0
 40
1.0
 40
1.0
 10
22.87608715349998
 20
80.67785457741999
 30
0.0
 10
22.90791262959996
 20
80.72155522154003
 30
0.0
 10
22.92414731391997
 20
80.7626194117
 30
0.0
 10
22.92414731391997
 20
80.80272847295998
 30
0.0
  0
SPLINE
  5
56C
330
2AF
100
AcDbEntity
  8
03___PRT_ALL_CURVES
  6
Continuous
 62
     4
100
AcDbSpline
210
0.0
220
0.0
230
1.0
 70
     8
 71
     3
 72
     8
 73
     4
 74
     0
 42
0.0000001
 43
0.0000000001
 40
0.0
 40
0.0
 40
0.0
 40
0.0
 40
1.0
 40
1.0
 40
1.0
 40
1.0
 10
22.92414731391997
 20
80.80272847295998
 30
0.0
 10
22.92414731391997
 20
80.84474762692
 30
0.0
 10
22.90791262959996
 20
80.88103684060002
 30
0.0
 10
22.87639834921998
 20
80.91159615971998
 30
0.0
  0
SPLINE
  5
56D
330
2AF
100
AcDbEntity
  8
03___PRT_ALL_CURVES
  6
Continuous
 62
     4
100
AcDbSpline
210
0.0
220
0.0
230
1.0
 70
     8
 71
     3
 72
     8
 73
     4
 74
     0
 42
0.0000001
 43
0.0000000001
 40
0.0
 40
0.0
 40
0.0
 40
0.0
 40
1.0
 40
1.0
 40
1.0
 40
1.0
 10
22.87639834921998
 20
80.91159615971998
 30
0.0
 10
22.84488398502
 20
80.94215556266002
 30
0.0
 10
22.80572988502001
 20
80.95743520189998
 30
0.0
 10
22.75798079332003
 20
80.95743520189998
 30
0.0
  0
SPLINE
  5
56E
330
2AF
100
AcDbEntity
  8
03___PRT_ALL_CURVES
  6
Continuous
 62
     4
100
AcDbSpline
210
0.0
220
0.0
230
1.0
 70
     8
 71
     3
 72
     8
 73
     4
 74
     0
 42
0.0000001
 43
0.0000000001
 40
0.0
 40
0.0
 40
0.0
 40
0.0
 40
1.0
 40
1.0
 40
1.0
 40
1.0
 10
22.75798079332003
 20
80.95743520189998
 30
0.0
 10
22.70832194674
 20
80.95743520189998
 30
0.0
 10
22.66725775658
 20
80.94120051758003
 30
0.0
 10
22.63598129132001
 20
80.91039792995997
 30
0.0
  0
SPLINE
  5
56F
330
2AF
100
AcDbEntity
  8
03___PRT_ALL_CURVES
  6
Continuous
 62
     4
100
AcDbSpline
210
0.0
220
0.0
230
1.0
 70
     8
 71
     3
 72
     8
 73
     4
 74
     0
 42
0.0000001
 43
0.0000000001
 40
0.0
 40
0.0
 40
0.0
 40
0.0
 40
1.0
 40
1.0
 40
1.0
 40
1.0
 10
22.63598129132001
 20
80.91039792995997
 30
0.0
 10
22.60422911199998
 20
80.87912683425998
 30
0.0
 10
22.58321961884002
 20
80.82373804993998
 30
0.0
 10
22.57271487225998
 20
80.74542976612
 30
0.0
  0
SPLINE
  5
570
330
2AF
100
AcDbEntity
  8
03___PRT_ALL_CURVES
  6
Continuous
 62
     4
100
AcDbSpline
210
0.0
220
0.0
230
1.0
 70
     8
 71
     3
 72
     8
 73
     4
 74
     0
 42
0.0000001
 43
0.0000000001
 40
0.0
 40
0.0
 40
0.0
 40
0.0
 40
1.0
 40
1.0
 40
1.0
 40
1.0
 10
22.18308320803999
 20
80.77694408968
 30
0.0
 10
22.19836284473996
 20
80.88581173326
 30
0.0
 10
22.22605723690003
 20
80.97175987987998
 30
0.0
 10
22.26679062507998
 20
81.03309956416001
 30
0.0
  0
SPLINE
  5
571
330
2AF
100
AcDbEntity
  8
03___PRT_ALL_CURVES
  6
Continuous
 62
     4
100
AcDbSpline
210
0.0
220
0.0
230
1.0
 70
     8
 71
     3
 72
     8
 73
     4
 74
     0
 42
0.0000001
 43
0.0000000001
 40
0.0
 40
0.0
 40
0.0
 40
0.0
 40
1.0
 40
1.0
 40
1.0
 40
1.0
 10
22.26679062507998
 20
81.03309956416001
 30
0.0
 10
22.30723049086004
 20
81.09399724018002
 30
0.0
 10
22.36452936533999
 20
81.14174624552001
 30
0.0
 10
22.43901770506
 20
81.1742155659
 30
0.0
  0
SPLINE
  5
572
330
2AF
100
AcDbEntity
  8
03___PRT_ALL_CURVES
  6
Continuous
 62
     4
100
AcDbSpline
210
0.0
220
0.0
230
1.0
 70
     8
 71
     3
 72
     8
 73
     4
 74
     0
 42
0.0000001
 43
0.0000000001
 40
0.0
 40
0.0
 40
0.0
 40
0.0
 40
1.0
 40
1.0
 40
1.0
 40
1.0
 10
22.43901770506
 20
81.1742155659
 30
0.0
 10
22.51350607271999
 20
81.20668489897997
 30
0.0
 10
22.61568898493999
 20
81.22387454456003
 30
0.0
 10
22.74747604673999
 20
81.22387454456003
 30
0.0
  0
SPLINE
  5
573
330
2AF
100
AcDbEntity
  8
03___PRT_ALL_CURVES
  6
Continuous
 62
     4
100
AcDbSpline
210
0.0
220
0.0
230
1.0
 70
     8
 71
     3
 72
     8
 73
     4
 74
     0
 42
0.0000001
 43
0.0000000001
 40
0.0
 40
0.0
 40
0.0
 40
0.0
 40
1.0
 40
1.0
 40
1.0
 40
1.0
 10
22.74747604673999
 20
81.22387454456003
 30
0.0
 10
22.88403808501999
 20
81.22387454456003
 30
0.0
 10
22.99004084481999
 20
81.20763986024
 30
0.0
 10
23.06627388005998
 20
81.17667018126
 30
0.0
  0
SPLINE
  5
574
330
2AF
100
AcDbEntity
  8
03___PRT_ALL_CURVES
  6
Continuous
 62
     4
100
AcDbSpline
210
0.0
220
0.0
230
1.0
 70
     8
 71
     3
 72
     8
 73
     4
 74
     0
 42
0.0000001
 43
0.0000000001
 40
0.0
 40
0.0
 40
0.0
 40
0.0
 40
1.0
 40
1.0
 40
1.0
 40
1.0
 10
23.06627388005998
 20
81.17667018126
 30
0.0
 10
23.14283756742
 20
81.14556617691997
 30
0.0
 10
23.20204636442
 20
81.09781717158
 30
0.0
 10
23.24597542058001
 20
81.03287858924
 30
0.0
  0
SPLINE
  5
575
330
2AF
100
AcDbEntity
  8
03___PRT_ALL_CURVES
  6
Continuous
 62
     4
100
AcDbSpline
210
0.0
220
0.0
230
1.0
 70
     8
 71
     3
 72
     8
 73
     4
 74
     0
 42
0.0000001
 43
0.0000000001
 40
0.0
 40
0.0
 40
0.0
 40
0.0
 40
1.0
 40
1.0
 40
1.0
 40
1.0
 10
23.24597542058001
 20
81.03287858924
 30
0.0
 10
23.28990451737999
 20
80.96793994848
 30
0.0
 10
23.31186897179995
 20
80.89631647983998
 30
0.0
 10
23.31186897179995
 20
80.81609818967999
 30
0.0
  0
SPLINE
  5
576
330
2AF
100
AcDbEntity
  8
03___PRT_ALL_CURVES
  6
Continuous
 62
     4
100
AcDbSpline
210
0.0
220
0.0
230
1.0
 70
     8
 71
     3
 72
     8
 73
     4
 74
     0
 42
0.0000001
 43
0.0000000001
 40
0.0
 40
0.0
 40
0.0
 40
0.0
 40
1.0
 40
1.0
 40
1.0
 40
1.0
 10
23.31186897179995
 20
80.81609818967999
 30
0.0
 10
23.31186897179995
 20
80.73015004306001
 30
0.0
 10
23.28608450215998
 20
80.64897679164
 30
0.0
 10
23.23664192388003
 20
80.57148505685998
 30
0.0
  0
SPLINE
  5
577
330
2AF
100
AcDbEntity
  8
03___PRT_ALL_CURVES
  6
Continuous
 62
     4
100
AcDbSpline
210
0.0
220
0.0
230
1.0
 70
     8
 71
     3
 72
     8
 73
     4
 74
     0
 42
0.0000001
 43
0.0000000001
 40
0.0
 40
0.0
 40
0.0
 40
0.0
 40
1.0
 40
1.0
 40
1.0
 40
1.0
 10
23.23664192388003
 20
80.57148505685998
 30
0.0
 10
23.1867666439
 20
80.49331514208001
 30
0.0
 10
23.09604360461998
 20
80.40832195926001
 30
0.0
 10
22.96407669811998
 20
80.3159451082
 30
0.0
  0
LINE
  5
578
330
2AF
100
AcDbEntity
  8
03___PRT_ALL_CURVES
  6
Continuous
 62
     4
100
AcDbLine
 10
22.96407669811998
 20
80.3159451082
 30
0.0
 11
22.8069164003
 21
80.20175496573998
 31
0.0
  0
LINE
  5
579
330
2AF
100
AcDbEntity
  8
03___PRT_ALL_CURVES
  6
Continuous
 62
     4
100
AcDbLine
 10
22.8069164003
 20
80.20175496573998
 30
0.0
 11
22.71405171684
 21
80.11705321235999
 31
0.0
  0
SPLINE
  5
57A
330
2AF
100
AcDbEntity
  8
03___PRT_ALL_CURVES
  6
Continuous
 62
     4
100
AcDbSpline
210
0.0
220
0.0
230
1.0
 70
     8
 71
     3
 72
     8
 73
     4
 74
     0
 42
0.0000001
 43
0.0000000001
 40
0.0
 40
0.0
 40
0.0
 40
0.0
 40
1.0
 40
1.0
 40
1.0
 40
1.0
 10
20.85613914362
 20
77.00572985412
 30
0.0
 10
20.85613914362
 20
77.27121415170001
 30
0.0
 10
20.90388811848001
 20
77.45743520165999
 30
0.0
 10
20.99962365979997
 20
77.56418031456002
 30
0.0
  0
SPLINE
  5
57B
330
2AF
100
AcDbEntity
  8
03___PRT_ALL_CURVES
  6
Continuous
 62
     4
100
AcDbSpline
210
0.0
220
0.0
230
1.0
 70
     8
 71
     3
 72
     8
 73
     4
 74
     0
 42
0.0000001
 43
0.0000000001
 40
0.0
 40
0.0
 40
0.0
 40
0.0
 40
1.0
 40
1.0
 40
1.0
 40
1.0
 10
20.99962365979997
 20
77.56418031456002
 30
0.0
 10
21.09488402045997
 20
77.67039560123999
 30
0.0
 10
21.24099588469997
 20
77.72387454431998
 30
0.0
 10
21.43772168123999
 20
77.72387454431998
 30
0.0
  0
SPLINE
  5
57C
330
2AF
100
AcDbEntity
  8
03___PRT_ALL_CURVES
  6
Continuous
 62
     4
100
AcDbSpline
210
0.0
220
0.0
230
1.0
 70
     8
 71
     3
 72
     8
 73
     4
 74
     0
 42
0.0000001
 43
0.0000000001
 40
0.0
 40
0.0
 40
0.0
 40
0.0
 40
1.0
 40
1.0
 40
1.0
 40
1.0
 10
21.43772168123999
 20
77.72387454431998
 30
0.0
 10
21.53130964747999
 20
77.72387454431998
 30
0.0
 10
21.60866305386
 20
77.71145970758002
 30
0.0
 10
21.66972221799998
 20
77.68838223531998
 30
0.0
  0
SPLINE
  5
57D
330
2AF
100
AcDbEntity
  8
03___PRT_ALL_CURVES
  6
Continuous
 62
     4
100
AcDbSpline
210
0.0
220
0.0
230
1.0
 70
     8
 71
     3
 72
     8
 73
     4
 74
     0
 42
0.0000001
 43
0.0000000001
 40
0.0
 40
0.0
 40
0.0
 40
0.0
 40
1.0
 40
1.0
 40
1.0
 40
1.0
 10
21.66972221799998
 20
77.68838223531998
 30
0.0
 10
21.72994545036002
 20
77.66562070858001
 30
0.0
 10
21.77960438075996
 20
77.6350614301
 30
0.0
 10
21.81780356267996
 20
77.59781721197999
 30
0.0
  0
SPLINE
  5
57E
330
2AF
100
AcDbEntity
  8
03___PRT_ALL_CURVES
  6
Continuous
 62
     4
100
AcDbSpline
210
0.0
220
0.0
230
1.0
 70
     8
 71
     3
 72
     8
 73
     4
 74
     0
 42
0.0000001
 43
0.0000000001
 40
0.0
 40
0.0
 40
0.0
 40
0.0
 40
1.0
 40
1.0
 40
1.0
 40
1.0
 10
21.81780356267996
 20
77.59781721197999
 30
0.0
 10
21.85600274206001
 20
77.56057299385998
 30
0.0
 10
21.88560705927998
 20
77.52141881004002
 30
0.0
 10
21.90757159751996
 20
77.48035470116
 30
0.0
  0
SPLINE
  5
57F
330
2AF
100
AcDbEntity
  8
03___PRT_ALL_CURVES
  6
Continuous
 62
     4
100
AcDbSpline
210
0.0
220
0.0
230
1.0
 70
     8
 71
     3
 72
     8
 73
     4
 74
     0
 42
0.0000001
 43
0.0000000001
 40
0.0
 40
0.0
 40
0.0
 40
0.0
 40
1.0
 40
1.0
 40
1.0
 40
1.0
 10
21.90757159751996
 20
77.48035470116
 30
0.0
 10
21.92953613321995
 20
77.43929059482
 30
0.0
 10
21.9476807426
 20
77.39154158694001
 30
0.0
 10
21.96104506944002
 20
77.33710644308002
 30
0.0
  0
SPLINE
  5
580
330
2AF
100
AcDbEntity
  8
03___PRT_ALL_CURVES
  6
Continuous
 62
     4
100
AcDbSpline
210
0.0
220
0.0
230
1.0
 70
     8
 71
     3
 72
     8
 73
     4
 74
     0
 42
0.0000001
 43
0.0000000001
 40
0.0
 40
0.0
 40
0.0
 40
0.0
 40
1.0
 40
1.0
 40
1.0
 40
1.0
 10
21.96104506944002
 20
77.33710644308002
 30
0.0
 10
21.98683492642002
 20
77.23206005170002
 30
0.0
 10
22.00020464059997
 20
77.12319232176
 30
0.0
 10
22.00020464059997
 20
77.01050474678001
 30
0.0
  0
SPLINE
  5
581
330
2AF
100
AcDbEntity
  8
03___PRT_ALL_CURVES
  6
Continuous
 62
     4
100
AcDbSpline
210
0.0
220
0.0
230
1.0
 70
     8
 71
     3
 72
     8
 73
     4
 74
     0
 42
0.0000001
 43
0.0000000001
 40
0.0
 40
0.0
 40
0.0
 40
0.0
 40
1.0
 40
1.0
 40
1.0
 40
1.0
 10
22.00020464059997
 20
77.01050474678001
 30
0.0
 10
22.00020464059997
 20
76.75648019768002
 30
0.0
 10
21.95723052538003
 20
76.57025921121999
 30
0.0
 10
21.87150949032002
 20
76.45263088158
 30
0.0
  0
SPLINE
  5
582
330
2AF
100
AcDbEntity
  8
03___PRT_ALL_CURVES
  6
Continuous
 62
     4
100
AcDbSpline
210
0.0
220
0.0
230
1.0
 70
     8
 71
     3
 72
     8
 73
     4
 74
     0
 42
0.0000001
 43
0.0000000001
 40
0.0
 40
0.0
 40
0.0
 40
0.0
 40
1.0
 40
1.0
 40
1.0
 40
1.0
 10
21.87150949032002
 20
76.45263088158
 30
0.0
 10
21.78533423467999
 20
76.33437926133999
 30
0.0
 10
21.63731240727998
 20
76.27612551195998
 30
0.0
 10
21.42721689401998
 20
76.27612551195998
 30
0.0
  0
SPLINE
  5
583
330
2AF
100
AcDbEntity
  8
03___PRT_ALL_CURVES
  6
Continuous
 62
     4
100
AcDbSpline
210
0.0
220
0.0
230
1.0
 70
     8
 71
     3
 72
     8
 73
     4
 74
     0
 42
0.0000001
 43
0.0000000001
 40
0.0
 40
0.0
 40
0.0
 40
0.0
 40
1.0
 40
1.0
 40
1.0
 40
1.0
 10
21.42721689401998
 20
76.27612551195998
 30
0.0
 10
21.30879946512002
 20
76.27612551195998
 30
0.0
 10
21.21425645379998
 20
76.29522510292
 30
0.0
 10
21.14167802135998
 20
76.33246930071999
 30
0.0
  0
SPLINE
  5
584
330
2AF
100
AcDbEntity
  8
03___PRT_ALL_CURVES
  6
Continuous
 62
     4
100
AcDbSpline
210
0.0
220
0.0
230
1.0
 70
     8
 71
     3
 72
     8
 73
     4
 74
     0
 42
0.0000001
 43
0.0000000001
 40
0.0
 40
0.0
 40
0.0
 40
0.0
 40
1.0
 40
1.0
 40
1.0
 40
1.0
 10
21.14167802135998
 20
76.33246930071999
 30
0.0
 10
21.06909957368001
 20
76.36971350867998
 30
0.0
 10
21.00893587384002
 20
76.42510231839998
 30
0.0
 10
20.96234810569996
 20
76.49720242566002
 30
0.0
  0
SPLINE
  5
585
330
2AF
100
AcDbEntity
  8
03___PRT_ALL_CURVES
  6
Continuous
 62
     4
100
AcDbSpline
210
0.0
220
0.0
230
1.0
 70
     8
 71
     3
 72
     8
 73
     4
 74
     0
 42
0.0000001
 43
0.0000000001
 40
0.0
 40
0.0
 40
0.0
 40
0.0
 40
1.0
 40
1.0
 40
1.0
 40
1.0
 10
20.96234810569996
 20
76.49720242566002
 30
0.0
 10
20.92871758367997
 20
76.54924965456001
 30
0.0
 10
20.9029331369
 20
76.61896315750002
 30
0.0
 10
20.88383354594001
 20
76.70873123298
 30
0.0
  0
SPLINE
  5
586
330
2AF
100
AcDbEntity
  8
03___PRT_ALL_CURVES
  6
Continuous
 62
     4
100
AcDbSpline
210
0.0
220
0.0
230
1.0
 70
     8
 71
     3
 72
     8
 73
     4
 74
     0
 42
0.0000001
 43
0.0000000001
 40
0.0
 40
0.0
 40
0.0
 40
0.0
 40
1.0
 40
1.0
 40
1.0
 40
1.0
 10
20.88383354594001
 20
76.70873123298
 30
0.0
 10
20.86473395497998
 20
76.798499311
 30
0.0
 10
20.85613914362
 20
76.89686220800002
 30
0.0
 10
20.85613914362
 20
77.00572985412
 30
0.0
  0
SPLINE
  5
587
330
2AF
100
AcDbEntity
  8
03___PRT_ALL_CURVES
  6
Continuous
 62
     4
100
AcDbSpline
210
0.0
220
0.0
230
1.0
 70
     8
 71
     3
 72
     8
 73
     4
 74
     0
 42
0.0000001
 43
0.0000000001
 40
0.0
 40
0.0
 40
0.0
 40
0.0
 40
1.0
 40
1.0
 40
1.0
 40
1.0
 10
21.24195088659999
 20
77.00477489285998
 30
0.0
 10
21.24195088659999
 20
76.82619374379999
 30
0.0
 10
21.25723056901998
 20
76.70395634031999
 30
0.0
 10
21.28874489003999
 20
76.63901773004
 30
0.0
  0
SPLINE
  5
588
330
2AF
100
AcDbEntity
  8
03___PRT_ALL_CURVES
  6
Continuous
 62
     4
100
AcDbSpline
210
0.0
220
0.0
230
1.0
 70
     8
 71
     3
 72
     8
 73
     4
 74
     0
 42
0.0000001
 43
0.0000000001
 40
0.0
 40
0.0
 40
0.0
 40
0.0
 40
1.0
 40
1.0
 40
1.0
 40
1.0
 10
21.28874489003999
 20
76.63901773004
 30
0.0
 10
21.3202592136
 20
76.57407911976
 30
0.0
 10
21.36609821260001
 20
76.54160981461999
 30
0.0
 10
21.42626193275999
 20
76.54160981461999
 30
0.0
  0
SPLINE
  5
589
330
2AF
100
AcDbEntity
  8
03___PRT_ALL_CURVES
  6
Continuous
 62
     4
100
AcDbSpline
210
0.0
220
0.0
230
1.0
 70
     8
 71
     3
 72
     8
 73
     4
 74
     0
 42
0.0000001
 43
0.0000000001
 40
0.0
 40
0.0
 40
0.0
 40
0.0
 40
1.0
 40
1.0
 40
1.0
 40
1.0
 10
21.42626193275999
 20
76.54160981461999
 30
0.0
 10
21.46541607339998
 20
76.54160981461999
 30
0.0
 10
21.49979532391998
 20
76.5549795288
 30
0.0
 10
21.52844474084
 20
76.58267396414001
 30
0.0
  0
SPLINE
  5
58A
330
2AF
100
AcDbEntity
  8
03___PRT_ALL_CURVES
  6
Continuous
 62
     4
100
AcDbSpline
210
0.0
220
0.0
230
1.0
 70
     8
 71
     3
 72
     8
 73
     4
 74
     0
 42
0.0000001
 43
0.0000000001
 40
0.0
 40
0.0
 40
0.0
 40
0.0
 40
1.0
 40
1.0
 40
1.0
 40
1.0
 10
21.52844474084
 20
76.58267396414001
 30
0.0
 10
21.55709411457997
 20
76.6103683563
 30
0.0
 10
21.57905865282001
 20
76.65429740991999
 30
0.0
 10
21.59253023877997
 20
76.71443840216
 30
0.0
  0
SPLINE
  5
58B
330
2AF
100
AcDbEntity
  8
03___PRT_ALL_CURVES
  6
Continuous
 62
     4
100
AcDbSpline
210
0.0
220
0.0
230
1.0
 70
     8
 71
     3
 72
     8
 73
     4
 74
     0
 42
0.0000001
 43
0.0000000001
 40
0.0
 40
0.0
 40
0.0
 40
0.0
 40
1.0
 40
1.0
 40
1.0
 40
1.0
 10
21.59253023877997
 20
76.71443840216
 30
0.0
 10
21.60579808371998
 20
76.77366984580001
 30
0.0
 10
21.61343794398002
 20
76.86725785013999
 30
0.0
 10
21.61343794398002
 20
76.9942701031
 30
0.0
  0
SPLINE
  5
58C
330
2AF
100
AcDbEntity
  8
03___PRT_ALL_CURVES
  6
Continuous
 62
     4
100
AcDbSpline
210
0.0
220
0.0
230
1.0
 70
     8
 71
     3
 72
     8
 73
     4
 74
     0
 42
0.0000001
 43
0.0000000001
 40
0.0
 40
0.0
 40
0.0
 40
0.0
 40
1.0
 40
1.0
 40
1.0
 40
1.0
 10
21.61343794398002
 20
76.9942701031
 30
0.0
 10
21.61343794398002
 20
77.17953615116
 30
0.0
 10
21.5972032622
 20
77.30463848160002
 30
0.0
 10
21.56568893863999
 20
77.36862208743997
 30
0.0
  0
SPLINE
  5
58D
330
2AF
100
AcDbEntity
  8
03___PRT_ALL_CURVES
  6
Continuous
 62
     4
100
AcDbSpline
210
0.0
220
0.0
230
1.0
 70
     8
 71
     3
 72
     8
 73
     4
 74
     0
 42
0.0000001
 43
0.0000000001
 40
0.0
 40
0.0
 40
0.0
 40
0.0
 40
1.0
 40
1.0
 40
1.0
 40
1.0
 10
21.56568893863999
 20
77.36862208743997
 30
0.0
 10
21.53417461507999
 20
77.43260569582
 30
0.0
 10
21.48738065482002
 20
77.46507506445997
 30
0.0
 10
21.42435196706001
 20
77.46507506445997
 30
0.0
  0
SPLINE
  5
58E
330
2AF
100
AcDbEntity
  8
03___PRT_ALL_CURVES
  6
Continuous
 62
     4
100
AcDbSpline
210
0.0
220
0.0
230
1.0
 70
     8
 71
     3
 72
     8
 73
     4
 74
     0
 42
0.0000001
 43
0.0000000001
 40
0.0
 40
0.0
 40
0.0
 40
0.0
 40
1.0
 40
1.0
 40
1.0
 40
1.0
 10
21.42435196706001
 20
77.46507506445997
 30
0.0
 10
21.35941335677995
 20
77.46507506445997
 30
0.0
 10
21.31357435523998
 20
77.43165073456001
 30
0.0
 10
21.28492497642
 20
77.36671215730001
 30
0.0
  0
SPLINE
  5
58F
330
2AF
100
AcDbEntity
  8
03___PRT_ALL_CURVES
  6
Continuous
 62
     4
100
AcDbSpline
210
0.0
220
0.0
230
1.0
 70
     8
 71
     3
 72
     8
 73
     4
 74
     0
 42
0.0000001
 43
0.0000000001
 40
0.0
 40
0.0
 40
0.0
 40
0.0
 40
1.0
 40
1.0
 40
1.0
 40
1.0
 10
21.28492497642
 20
77.36671215730001
 30
0.0
 10
21.25627556457997
 20
77.30177351145997
 30
0.0
 10
21.24195088659999
 20
77.18049111241999
 30
0.0
 10
21.24195088659999
 20
77.00477489285998
 30
0.0
  0
SPLINE
  5
590
330
2AF
100
AcDbEntity
  8
03___PRT_ALL_CURVES
  6
Continuous
 62
     4
100
AcDbSpline
210
0.0
220
0.0
230
1.0
 70
     8
 71
     3
 72
     8
 73
     4
 74
     0
 42
0.0000001
 43
0.0000000001
 40
0.0
 40
0.0
 40
0.0
 40
0.0
 40
1.0
 40
1.0
 40
1.0
 40
1.0
 10
20.86998637526
 20
73.50572985387998
 30
0.0
 10
20.86998637526
 20
73.77121415145999
 30
0.0
 10
20.91773535012001
 20
73.95743520142
 30
0.0
 10
21.01347089143999
 20
74.06418031432
 30
0.0
  0
SPLINE
  5
591
330
2AF
100
AcDbEntity
  8
03___PRT_ALL_CURVES
  6
Continuous
 62
     4
100
AcDbSpline
210
0.0
220
0.0
230
1.0
 70
     8
 71
     3
 72
     8
 73
     4
 74
     0
 42
0.0000001
 43
0.0000000001
 40
0.0
 40
0.0
 40
0.0
 40
0.0
 40
1.0
 40
1.0
 40
1.0
 40
1.0
 10
21.01347089143999
 20
74.06418031432
 30
0.0
 10
21.1087312521
 20
74.170395601
 30
0.0
 10
21.25484311633997
 20
74.22387454408002
 30
0.0
 10
21.45156891287999
 20
74.22387454408002
 30
0.0
  0
SPLINE
  5
592
330
2AF
100
AcDbEntity
  8
03___PRT_ALL_CURVES
  6
Continuous
 62
     4
100
AcDbSpline
210
0.0
220
0.0
230
1.0
 70
     8
 71
     3
 72
     8
 73
     4
 74
     0
 42
0.0000001
 43
0.0000000001
 40
0.0
 40
0.0
 40
0.0
 40
0.0
 40
1.0
 40
1.0
 40
1.0
 40
1.0
 10
21.45156891287999
 20
74.22387454408002
 30
0.0
 10
21.54515687911999
 20
74.22387454408002
 30
0.0
 10
21.6225102855
 20
74.21145970734
 30
0.0
 10
21.68356944964
 20
74.18838223762
 30
0.0
  0
SPLINE
  5
593
330
2AF
100
AcDbEntity
  8
03___PRT_ALL_CURVES
  6
Continuous
 62
     4
100
AcDbSpline
210
0.0
220
0.0
230
1.0
 70
     8
 71
     3
 72
     8
 73
     4
 74
     0
 42
0.0000001
 43
0.0000000001
 40
0.0
 40
0.0
 40
0.0
 40
0.0
 40
1.0
 40
1.0
 40
1.0
 40
1.0
 10
21.68356944964
 20
74.18838223762
 30
0.0
 10
21.74379268199999
 20
74.16562070833999
 30
0.0
 10
21.79345161240002
 20
74.13506142986
 30
0.0
 10
21.83165079432001
 20
74.09781721174
 30
0.0
  0
SPLINE
  5
594
330
2AF
100
AcDbEntity
  8
03___PRT_ALL_CURVES
  6
Continuous
 62
     4
100
AcDbSpline
210
0.0
220
0.0
230
1.0
 70
     8
 71
     3
 72
     8
 73
     4
 74
     0
 42
0.0000001
 43
0.0000000001
 40
0.0
 40
0.0
 40
0.0
 40
0.0
 40
1.0
 40
1.0
 40
1.0
 40
1.0
 10
21.83165079432001
 20
74.09781721174
 30
0.0
 10
21.86984997369996
 20
74.06057299362001
 30
0.0
 10
21.89945429092
 20
74.0214188098
 30
0.0
 10
21.92141882915999
 20
73.98035470346
 30
0.0
  0
SPLINE
  5
595
330
2AF
100
AcDbEntity
  8
03___PRT_ALL_CURVES
  6
Continuous
 62
     4
100
AcDbSpline
210
0.0
220
0.0
230
1.0
 70
     8
 71
     3
 72
     8
 73
     4
 74
     0
 42
0.0000001
 43
0.0000000001
 40
0.0
 40
0.0
 40
0.0
 40
0.0
 40
1.0
 40
1.0
 40
1.0
 40
1.0
 10
21.92141882915999
 20
73.98035470346
 30
0.0
 10
21.9433833674
 20
73.93929059458
 30
0.0
 10
21.96152797424
 20
73.89154158923998
 30
0.0
 10
21.97489230361998
 20
73.83710644284
 30
0.0
  0
SPLINE
  5
596
330
2AF
100
AcDbEntity
  8
03___PRT_ALL_CURVES
  6
Continuous
 62
     4
100
AcDbSpline
210
0.0
220
0.0
230
1.0
 70
     8
 71
     3
 72
     8
 73
     4
 74
     0
 42
0.0000001
 43
0.0000000001
 40
0.0
 40
0.0
 40
0.0
 40
0.0
 40
1.0
 40
1.0
 40
1.0
 40
1.0
 10
21.97489230361998
 20
73.83710644284
 30
0.0
 10
22.00068215806002
 20
73.73206005145997
 30
0.0
 10
22.01405187223997
 20
73.62319232152001
 30
0.0
 10
22.01405187223997
 20
73.51050474654002
 30
0.0
  0
SPLINE
  5
597
330
2AF
100
AcDbEntity
  8
03___PRT_ALL_CURVES
  6
Continuous
 62
     4
100
AcDbSpline
210
0.0
220
0.0
230
1.0
 70
     8
 71
     3
 72
     8
 73
     4
 74
     0
 42
0.0000001
 43
0.0000000001
 40
0.0
 40
0.0
 40
0.0
 40
0.0
 40
1.0
 40
1.0
 40
1.0
 40
1.0
 10
22.01405187223997
 20
73.51050474654002
 30
0.0
 10
22.01405187223997
 20
73.25648019997999
 30
0.0
 10
21.97107775955999
 20
73.07025921098
 30
0.0
 10
21.88535672195999
 20
72.95263088134001
 30
0.0
  0
SPLINE
  5
598
330
2AF
100
AcDbEntity
  8
03___PRT_ALL_CURVES
  6
Continuous
 62
     4
100
AcDbSpline
210
0.0
220
0.0
230
1.0
 70
     8
 71
     3
 72
     8
 73
     4
 74
     0
 42
0.0000001
 43
0.0000000001
 40
0.0
 40
0.0
 40
0.0
 40
0.0
 40
1.0
 40
1.0
 40
1.0
 40
1.0
 10
21.88535672195999
 20
72.95263088134001
 30
0.0
 10
21.79918146885998
 20
72.83437926363999
 30
0.0
 10
21.65115963892003
 20
72.77612551171998
 30
0.0
 10
21.44106412566001
 20
72.77612551171998
 30
0.0
  0
SPLINE
  5
599
330
2AF
100
AcDbEntity
  8
03___PRT_ALL_CURVES
  6
Continuous
 62
     4
100
AcDbSpline
210
0.0
220
0.0
230
1.0
 70
     8
 71
     3
 72
     8
 73
     4
 74
     0
 42
0.0000001
 43
0.0000000001
 40
0.0
 40
0.0
 40
0.0
 40
0.0
 40
1.0
 40
1.0
 40
1.0
 40
1.0
 10
21.44106412566001
 20
72.77612551171998
 30
0.0
 10
21.32264669675996
 20
72.77612551171998
 30
0.0
 10
21.22810368543998
 20
72.79522510267998
 30
0.0
 10
21.15552525300001
 20
72.83246930047997
 30
0.0
  0
SPLINE
  5
59A
330
2AF
100
AcDbEntity
  8
03___PRT_ALL_CURVES
  6
Continuous
 62
     4
100
AcDbSpline
210
0.0
220
0.0
230
1.0
 70
     8
 71
     3
 72
     8
 73
     4
 74
     0
 42
0.0000001
 43
0.0000000001
 40
0.0
 40
0.0
 40
0.0
 40
0.0
 40
1.0
 40
1.0
 40
1.0
 40
1.0
 10
21.15552525300001
 20
72.83246930047997
 30
0.0
 10
21.08294680532001
 20
72.86971350843999
 30
0.0
 10
21.02278310801998
 20
72.92510231816001
 30
0.0
 10
20.97619533734002
 20
72.99720242542
 30
0.0
  0
SPLINE
  5
59B
330
2AF
100
AcDbEntity
  8
03___PRT_ALL_CURVES
  6
Continuous
 62
     4
100
AcDbSpline
210
0.0
220
0.0
230
1.0
 70
     8
 71
     3
 72
     8
 73
     4
 74
     0
 42
0.0000001
 43
0.0000000001
 40
0.0
 40
0.0
 40
0.0
 40
0.0
 40
1.0
 40
1.0
 40
1.0
 40
1.0
 10
20.97619533734002
 20
72.99720242542
 30
0.0
 10
20.94256481532003
 20
73.04924965432
 30
0.0
 10
20.91678036854
 20
73.11896315726
 30
0.0
 10
20.89768077758001
 20
73.20873123274
 30
0.0
  0
SPLINE
  5
59C
330
2AF
100
AcDbEntity
  8
03___PRT_ALL_CURVES
  6
Continuous
 62
     4
100
AcDbSpline
210
0.0
220
0.0
230
1.0
 70
     8
 71
     3
 72
     8
 73
     4
 74
     0
 42
0.0000001
 43
0.0000000001
 40
0.0
 40
0.0
 40
0.0
 40
0.0
 40
1.0
 40
1.0
 40
1.0
 40
1.0
 10
20.89768077758001
 20
73.20873123274
 30
0.0
 10
20.87858118662001
 20
73.29849931076001
 30
0.0
 10
20.86998637526
 20
73.39686220776
 30
0.0
 10
20.86998637526
 20
73.50572985387998
 30
0.0
  0
SPLINE
  5
59D
330
2AF
100
AcDbEntity
  8
03___PRT_ALL_CURVES
  6
Continuous
 62
     4
100
AcDbSpline
210
0.0
220
0.0
230
1.0
 70
     8
 71
     3
 72
     8
 73
     4
 74
     0
 42
0.0000001
 43
0.0000000001
 40
0.0
 40
0.0
 40
0.0
 40
0.0
 40
1.0
 40
1.0
 40
1.0
 40
1.0
 10
21.25579812077999
 20
73.50477489261999
 30
0.0
 10
21.25579812077999
 20
73.32619374356
 30
0.0
 10
21.27107780066001
 20
73.20395634262002
 30
0.0
 10
21.30259212167999
 20
73.1390177298
 30
0.0
  0
SPLINE
  5
59E
330
2AF
100
AcDbEntity
  8
03___PRT_ALL_CURVES
  6
Continuous
 62
     4
100
AcDbSpline
210
0.0
220
0.0
230
1.0
 70
     8
 71
     3
 72
     8
 73
     4
 74
     0
 42
0.0000001
 43
0.0000000001
 40
0.0
 40
0.0
 40
0.0
 40
0.0
 40
1.0
 40
1.0
 40
1.0
 40
1.0
 10
21.30259212167999
 20
73.1390177298
 30
0.0
 10
21.33410644523997
 20
73.07407911952001
 30
0.0
 10
21.37994544423995
 20
73.04160981438
 30
0.0
 10
21.44010916439998
 20
73.04160981438
 30
0.0
  0
SPLINE
  5
59F
330
2AF
100
AcDbEntity
  8
03___PRT_ALL_CURVES
  6
Continuous
 62
     4
100
AcDbSpline
210
0.0
220
0.0
230
1.0
 70
     8
 71
     3
 72
     8
 73
     4
 74
     0
 42
0.0000001
 43
0.0000000001
 40
0.0
 40
0.0
 40
0.0
 40
0.0
 40
1.0
 40
1.0
 40
1.0
 40
1.0
 10
21.44010916439998
 20
73.04160981438
 30
0.0
 10
21.47926330504001
 20
73.04160981438
 30
0.0
 10
21.51364255555998
 20
73.05497952856001
 30
0.0
 10
21.54229197248
 20
73.08267396389999
 30
0.0
  0
SPLINE
  5
5A0
330
2AF
100
AcDbEntity
  8
03___PRT_ALL_CURVES
  6
Continuous
 62
     4
100
AcDbSpline
210
0.0
220
0.0
230
1.0
 70
     8
 71
     3
 72
     8
 73
     4
 74
     0
 42
0.0000001
 43
0.0000000001
 40
0.0
 40
0.0
 40
0.0
 40
0.0
 40
1.0
 40
1.0
 40
1.0
 40
1.0
 10
21.54229197248
 20
73.08267396389999
 30
0.0
 10
21.57094134622
 20
73.11036835606001
 30
0.0
 10
21.59290588446001
 20
73.15429741221999
 30
0.0
 10
21.60637747041997
 20
73.21443840192
 30
0.0
  0
SPLINE
  5
5A1
330
2AF
100
AcDbEntity
  8
03___PRT_ALL_CURVES
  6
Continuous
 62
     4
100
AcDbSpline
210
0.0
220
0.0
230
1.0
 70
     8
 71
     3
 72
     8
 73
     4
 74
     0
 42
0.0000001
 43
0.0000000001
 40
0.0
 40
0.0
 40
0.0
 40
0.0
 40
1.0
 40
1.0
 40
1.0
 40
1.0
 10
21.60637747041997
 20
73.21443840192
 30
0.0
 10
21.61964531536
 20
73.27366984556002
 30
0.0
 10
21.62728517561996
 20
73.3672578499
 30
0.0
 10
21.62728517561996
 20
73.49427010285999
 30
0.0
  0
SPLINE
  5
5A2
330
2AF
100
AcDbEntity
  8
03___PRT_ALL_CURVES
  6
Continuous
 62
     4
100
AcDbSpline
210
0.0
220
0.0
230
1.0
 70
     8
 71
     3
 72
     8
 73
     4
 74
     0
 42
0.0000001
 43
0.0000000001
 40
0.0
 40
0.0
 40
0.0
 40
0.0
 40
1.0
 40
1.0
 40
1.0
 40
1.0
 10
21.62728517561996
 20
73.49427010285999
 30
0.0
 10
21.62728517561996
 20
73.67953615092
 30
0.0
 10
21.61105049384
 20
73.80463848136
 30
0.0
 10
21.57953617027999
 20
73.86862208719998
 30
0.0
  0
SPLINE
  5
5A3
330
2AF
100
AcDbEntity
  8
03___PRT_ALL_CURVES
  6
Continuous
 62
     4
100
AcDbSpline
210
0.0
220
0.0
230
1.0
 70
     8
 71
     3
 72
     8
 73
     4
 74
     0
 42
0.0000001
 43
0.0000000001
 40
0.0
 40
0.0
 40
0.0
 40
0.0
 40
1.0
 40
1.0
 40
1.0
 40
1.0
 10
21.57953617027999
 20
73.86862208719998
 30
0.0
 10
21.54802184671999
 20
73.93260569558001
 30
0.0
 10
21.50122788645999
 20
73.96507506422
 30
0.0
 10
21.43819919869998
 20
73.96507506422
 30
0.0
  0
SPLINE
  5
5A4
330
2AF
100
AcDbEntity
  8
03___PRT_ALL_CURVES
  6
Continuous
 62
     4
100
AcDbSpline
210
0.0
220
0.0
230
1.0
 70
     8
 71
     3
 72
     8
 73
     4
 74
     0
 42
0.0000001
 43
0.0000000001
 40
0.0
 40
0.0
 40
0.0
 40
0.0
 40
1.0
 40
1.0
 40
1.0
 40
1.0
 10
21.43819919869998
 20
73.96507506422
 30
0.0
 10
21.37326058842001
 20
73.96507506422
 30
0.0
 10
21.32742158688004
 20
73.93165073431999
 30
0.0
 10
21.29877220806
 20
73.86671215706002
 30
0.0
  0
SPLINE
  5
5A5
330
2AF
100
AcDbEntity
  8
03___PRT_ALL_CURVES
  6
Continuous
 62
     4
100
AcDbSpline
210
0.0
220
0.0
230
1.0
 70
     8
 71
     3
 72
     8
 73
     4
 74
     0
 42
0.0000001
 43
0.0000000001
 40
0.0
 40
0.0
 40
0.0
 40
0.0
 40
1.0
 40
1.0
 40
1.0
 40
1.0
 10
21.29877220806
 20
73.86671215706002
 30
0.0
 10
21.27012279621999
 20
73.80177351122
 30
0.0
 10
21.25579812077999
 20
73.68049111218
 30
0.0
 10
21.25579812077999
 20
73.50477489261999
 30
0.0
  0
SPLINE
  5
5A6
330
2AF
100
AcDbEntity
  8
03___PRT_ALL_CURVES
  6
Continuous
 62
     4
100
AcDbSpline
210
0.0
220
0.0
230
1.0
 70
     8
 71
     3
 72
     8
 73
     4
 74
     0
 42
0.0000001
 43
0.0000000001
 40
0.0
 40
0.0
 40
0.0
 40
0.0
 40
1.0
 40
1.0
 40
1.0
 40
1.0
 10
22.91364263846
 20
73.83710776618
 30
0.0
 10
22.90313772677996
 20
73.89058662543997
 30
0.0
 10
22.88594824629996
 20
73.92878584800002
 30
0.0
 10
22.86183408573996
 20
73.95145310518001
 30
0.0
  0
SPLINE
  5
5A7
330
2AF
100
AcDbEntity
  8
03___PRT_ALL_CURVES
  6
Continuous
 62
     4
100
AcDbSpline
210
0.0
220
0.0
230
1.0
 70
     8
 71
     3
 72
     8
 73
     4
 74
     0
 42
0.0000001
 43
0.0000000001
 40
0.0
 40
0.0
 40
0.0
 40
0.0
 40
1.0
 40
1.0
 40
1.0
 40
1.0
 10
22.86183408573996
 20
73.95145310518001
 30
0.0
 10
22.83819915713997
 20
73.97366988574001
 30
0.0
 10
22.80859483992
 20
73.98512959358001
 30
0.0
 10
22.77421554876
 20
73.98512959358001
 30
0.0
  0
SPLINE
  5
5A8
330
2AF
100
AcDbEntity
  8
03___PRT_ALL_CURVES
  6
Continuous
 62
     4
100
AcDbSpline
210
0.0
220
0.0
230
1.0
 70
     8
 71
     3
 72
     8
 73
     4
 74
     0
 42
0.0000001
 43
0.0000000001
 40
0.0
 40
0.0
 40
0.0
 40
0.0
 40
1.0
 40
1.0
 40
1.0
 40
1.0
 10
22.77421554876
 20
73.98512959358001
 30
0.0
 10
22.71118690417998
 20
73.98512959358001
 30
0.0
 10
22.66152805759998
 20
73.95266030876002
 30
0.0
 10
22.62680170592003
 20
73.88982221498
 30
0.0
  0
SPLINE
  5
5A9
330
2AF
100
AcDbEntity
  8
03___PRT_ALL_CURVES
  6
Continuous
 62
     4
100
AcDbSpline
210
0.0
220
0.0
230
1.0
 70
     8
 71
     3
 72
     8
 73
     4
 74
     0
 42
0.0000001
 43
0.0000000001
 40
0.0
 40
0.0
 40
0.0
 40
0.0
 40
1.0
 40
1.0
 40
1.0
 40
1.0
 10
22.62680170592003
 20
73.88982221498
 30
0.0
 10
22.60136429679997
 20
73.84379266517999
 30
0.0
 10
22.58226472869995
 20
73.74542976563998
 30
0.0
 10
22.57080485322001
 20
73.59549792936
 30
0.0
  0
SPLINE
  5
5AA
330
2AF
100
AcDbEntity
  8
03___PRT_ALL_CURVES
  6
Continuous
 62
     4
100
AcDbSpline
210
0.0
220
0.0
230
1.0
 70
     8
 71
     3
 72
     8
 73
     4
 74
     0
 42
0.0000001
 43
0.0000000001
 40
0.0
 40
0.0
 40
0.0
 40
0.0
 40
1.0
 40
1.0
 40
1.0
 40
1.0
 10
22.57080485322001
 20
73.59549792936
 30
0.0
 10
22.61664401986002
 20
73.64229197597999
 30
0.0
 10
22.66439294138002
 20
73.67667118332
 30
0.0
 10
22.71396693163999
 20
73.69977365425999
 30
0.0
  0
SPLINE
  5
5AB
330
2AF
100
AcDbEntity
  8
03___PRT_ALL_CURVES
  6
Continuous
 62
     4
100
AcDbSpline
210
0.0
220
0.0
230
1.0
 70
     8
 71
     3
 72
     8
 73
     4
 74
     0
 42
0.0000001
 43
0.0000000001
 40
0.0
 40
0.0
 40
0.0
 40
0.0
 40
1.0
 40
1.0
 40
1.0
 40
1.0
 10
22.71396693163999
 20
73.69977365425999
 30
0.0
 10
22.76275584091999
 20
73.72251026614
 30
0.0
 10
22.81909958649999
 20
73.73396997397998
 30
0.0
 10
22.88403815613998
 20
73.73396997397998
 30
0.0
  0
SPLINE
  5
5AC
330
2AF
100
AcDbEntity
  8
03___PRT_ALL_CURVES
  6
Continuous
 62
     4
100
AcDbSpline
210
0.0
220
0.0
230
1.0
 70
     8
 71
     3
 72
     8
 73
     4
 74
     0
 42
0.0000001
 43
0.0000000001
 40
0.0
 40
0.0
 40
0.0
 40
0.0
 40
1.0
 40
1.0
 40
1.0
 40
1.0
 10
22.88403815613998
 20
73.73396997397998
 30
0.0
 10
23.00818552532002
 20
73.73396997397998
 30
0.0
 10
23.11418828512001
 20
73.68908593623999
 30
0.0
 10
23.19989821021997
 20
73.60004282502001
 30
0.0
  0
SPLINE
  5
5AD
330
2AF
100
AcDbEntity
  8
03___PRT_ALL_CURVES
  6
Continuous
 62
     4
100
AcDbSpline
210
0.0
220
0.0
230
1.0
 70
     8
 71
     3
 72
     8
 73
     4
 74
     0
 42
0.0000001
 43
0.0000000001
 40
0.0
 40
0.0
 40
0.0
 40
0.0
 40
1.0
 40
1.0
 40
1.0
 40
1.0
 10
23.19989821021997
 20
73.60004282502001
 30
0.0
 10
23.28608457581998
 20
73.51050474654002
 30
0.0
 10
23.33001364975996
 20
73.39781717156
 30
0.0
 10
23.33001364975996
 20
73.26125513328
 30
0.0
  0
SPLINE
  5
5AE
330
2AF
100
AcDbEntity
  8
03___PRT_ALL_CURVES
  6
Continuous
 62
     4
100
AcDbSpline
210
0.0
220
0.0
230
1.0
 70
     8
 71
     3
 72
     8
 73
     4
 74
     0
 42
0.0000001
 43
0.0000000001
 40
0.0
 40
0.0
 40
0.0
 40
0.0
 40
1.0
 40
1.0
 40
1.0
 40
1.0
 10
23.33001364975996
 20
73.26125513328
 30
0.0
 10
23.33001364975996
 20
73.16862208766
 30
0.0
 10
23.30804919534003
 20
73.08458390927998
 30
0.0
 10
23.2641201214
 20
73.00818554543997
 30
0.0
  0
SPLINE
  5
5AF
330
2AF
100
AcDbEntity
  8
03___PRT_ALL_CURVES
  6
Continuous
 62
     4
100
AcDbSpline
210
0.0
220
0.0
230
1.0
 70
     8
 71
     3
 72
     8
 73
     4
 74
     0
 42
0.0000001
 43
0.0000000001
 40
0.0
 40
0.0
 40
0.0
 40
0.0
 40
1.0
 40
1.0
 40
1.0
 40
1.0
 10
23.2641201214
 20
73.00818554543997
 30
0.0
 10
23.22019104491997
 20
72.93178717652
 30
0.0
 10
23.16002728411999
 20
72.87353342206
 30
0.0
 10
23.08248195787999
 20
72.83476075132
 30
0.0
  0
SPLINE
  5
5B0
330
2AF
100
AcDbEntity
  8
03___PRT_ALL_CURVES
  6
Continuous
 62
     4
100
AcDbSpline
210
0.0
220
0.0
230
1.0
 70
     8
 71
     3
 72
     8
 73
     4
 74
     0
 42
0.0000001
 43
0.0000000001
 40
0.0
 40
0.0
 40
0.0
 40
0.0
 40
1.0
 40
1.0
 40
1.0
 40
1.0
 10
23.08248195787999
 20
72.83476075132
 30
0.0
 10
23.00532063899999
 20
72.79618008172
 30
0.0
 10
22.90886766451999
 20
72.77612551171998
 30
0.0
 10
22.79236015813999
 20
72.77612551171998
 30
0.0
  0
SPLINE
  5
5B1
330
2AF
100
AcDbEntity
  8
03___PRT_ALL_CURVES
  6
Continuous
 62
     4
100
AcDbSpline
210
0.0
220
0.0
230
1.0
 70
     8
 71
     3
 72
     8
 73
     4
 74
     0
 42
0.0000001
 43
0.0000000001
 40
0.0
 40
0.0
 40
0.0
 40
0.0
 40
1.0
 40
1.0
 40
1.0
 40
1.0
 10
22.79236015813999
 20
72.77612551171998
 30
0.0
 10
22.65197827227996
 20
72.77612551171998
 30
0.0
 10
22.53929061348001
 20
72.80000000041997
 30
0.0
 10
22.4551366746
 20
72.84754458910001
 30
0.0
  0
SPLINE
  5
5B2
330
2AF
100
AcDbEntity
  8
03___PRT_ALL_CURVES
  6
Continuous
 62
     4
100
AcDbSpline
210
0.0
220
0.0
230
1.0
 70
     8
 71
     3
 72
     8
 73
     4
 74
     0
 42
0.0000001
 43
0.0000000001
 40
0.0
 40
0.0
 40
0.0
 40
0.0
 40
1.0
 40
1.0
 40
1.0
 40
1.0
 10
22.4551366746
 20
72.84754458910001
 30
0.0
 10
22.3702592091
 20
72.89549795014003
 30
0.0
 10
22.30245575313998
 20
72.97094134002003
 30
0.0
 10
22.25184178019998
 20
73.07598908522002
 30
0.0
  0
SPLINE
  5
5B3
330
2AF
100
AcDbEntity
  8
03___PRT_ALL_CURVES
  6
Continuous
 62
     4
100
AcDbSpline
210
0.0
220
0.0
230
1.0
 70
     8
 71
     3
 72
     8
 73
     4
 74
     0
 42
0.0000001
 43
0.0000000001
 40
0.0
 40
0.0
 40
0.0
 40
0.0
 40
1.0
 40
1.0
 40
1.0
 40
1.0
 10
22.25184178019998
 20
73.07598908522002
 30
0.0
 10
22.20122780218
 20
73.18103684057999
 30
0.0
 10
22.17639838015998
 20
73.31950888520001
 30
0.0
 10
22.17639838015998
 20
73.49236018034
 30
0.0
  0
SPLINE
  5
5B4
330
2AF
100
AcDbEntity
  8
03___PRT_ALL_CURVES
  6
Continuous
 62
     4
100
AcDbSpline
210
0.0
220
0.0
230
1.0
 70
     8
 71
     3
 72
     8
 73
     4
 74
     0
 42
0.0000001
 43
0.0000000001
 40
0.0
 40
0.0
 40
0.0
 40
0.0
 40
1.0
 40
1.0
 40
1.0
 40
1.0
 10
22.17639838015998
 20
73.49236018034
 30
0.0
 10
22.17639838015998
 20
73.74447472055999
 30
0.0
 10
22.22892219434002
 20
73.92974080925998
 30
0.0
 10
22.33561808203999
 20
74.04744116568
 30
0.0
  0
SPLINE
  5
5B5
330
2AF
100
AcDbEntity
  8
03___PRT_ALL_CURVES
  6
Continuous
 62
     4
100
AcDbSpline
210
0.0
220
0.0
230
1.0
 70
     8
 71
     3
 72
     8
 73
     4
 74
     0
 42
0.0000001
 43
0.0000000001
 40
0.0
 40
0.0
 40
0.0
 40
0.0
 40
1.0
 40
1.0
 40
1.0
 40
1.0
 10
22.33561808203999
 20
74.04744116568
 30
0.0
 10
22.44188267519999
 20
74.16466574708
 30
0.0
 10
22.58894946005998
 20
74.22387454408002
 30
0.0
 10
22.77803556398001
 20
74.22387454408002
 30
0.0
  0
SPLINE
  5
5B6
330
2AF
100
AcDbEntity
  8
03___PRT_ALL_CURVES
  6
Continuous
 62
     4
100
AcDbSpline
210
0.0
220
0.0
230
1.0
 70
     8
 71
     3
 72
     8
 73
     4
 74
     0
 42
0.0000001
 43
0.0000000001
 40
0.0
 40
0.0
 40
0.0
 40
0.0
 40
1.0
 40
1.0
 40
1.0
 40
1.0
 10
22.77803556398001
 20
74.22387454408002
 30
0.0
 10
22.88881313261999
 20
74.22387454408002
 30
0.0
 10
22.97667128557998
 20
74.21050474608
 30
0.0
 10
23.04160983998003
 20
74.18472032469998
 30
0.0
  0
SPLINE
  5
5B7
330
2AF
100
AcDbEntity
  8
03___PRT_ALL_CURVES
  6
Continuous
 62
     4
100
AcDbSpline
210
0.0
220
0.0
230
1.0
 70
     8
 71
     3
 72
     8
 73
     4
 74
     0
 42
0.0000001
 43
0.0000000001
 40
0.0
 40
0.0
 40
0.0
 40
0.0
 40
1.0
 40
1.0
 40
1.0
 40
1.0
 10
23.04160983998003
 20
74.18472032469998
 30
0.0
 10
23.10654842232
 20
74.15893589316002
 30
0.0
 10
23.16002728411999
 20
74.12169171568002
 30
0.0
 10
23.2027264418
 20
74.07179608522
 30
0.0
  0
SPLINE
  5
5B8
330
2AF
100
AcDbEntity
  8
03___PRT_ALL_CURVES
  6
Continuous
 62
     4
100
AcDbSpline
210
0.0
220
0.0
230
1.0
 70
     8
 71
     3
 72
     8
 73
     4
 74
     0
 42
0.0000001
 43
0.0000000001
 40
0.0
 40
0.0
 40
0.0
 40
0.0
 40
1.0
 40
1.0
 40
1.0
 40
1.0
 10
23.2027264418
 20
74.07179608522
 30
0.0
 10
23.24502055075996
 20
74.02237377106002
 30
0.0
 10
23.27748975175999
 20
73.95934512648
 30
0.0
 10
23.30040933507999
 20
73.88485677151999
 30
0.0
  0
SPLINE
  5
5B9
330
2AF
100
AcDbEntity
  8
03___PRT_ALL_CURVES
  6
Continuous
 62
     4
100
AcDbSpline
210
0.0
220
0.0
230
1.0
 70
     8
 71
     3
 72
     8
 73
     4
 74
     0
 42
0.0000001
 43
0.0000000001
 40
0.0
 40
0.0
 40
0.0
 40
0.0
 40
1.0
 40
1.0
 40
1.0
 40
1.0
 10
22.58417465122
 20
73.26125513328
 30
0.0
 10
22.58417465122
 20
73.18485677197998
 30
0.0
 10
22.60327422186003
 20
73.12564801562002
 30
0.0
 10
22.64147340632002
 20
73.08267398422001
 30
0.0
  0
SPLINE
  5
5BA
330
2AF
100
AcDbEntity
  8
03___PRT_ALL_CURVES
  6
Continuous
 62
     4
100
AcDbSpline
210
0.0
220
0.0
230
1.0
 70
     8
 71
     3
 72
     8
 73
     4
 74
     0
 42
0.0000001
 43
0.0000000001
 40
0.0
 40
0.0
 40
0.0
 40
0.0
 40
1.0
 40
1.0
 40
1.0
 40
1.0
 10
22.64147340632002
 20
73.08267398422001
 30
0.0
 10
22.67967266443998
 20
73.039699869
 30
0.0
 10
22.72646662723997
 20
73.01869031487999
 30
0.0
 10
22.78185541156
 20
73.01869031487999
 30
0.0
  0
SPLINE
  5
5BB
330
2AF
100
AcDbEntity
  8
03___PRT_ALL_CURVES
  6
Continuous
 62
     4
100
AcDbSpline
210
0.0
220
0.0
230
1.0
 70
     8
 71
     3
 72
     8
 73
     4
 74
     0
 42
0.0000001
 43
0.0000000001
 40
0.0
 40
0.0
 40
0.0
 40
0.0
 40
1.0
 40
1.0
 40
1.0
 40
1.0
 10
22.78185541156
 20
73.01869031487999
 30
0.0
 10
22.83246938703999
 20
73.01869031487999
 30
0.0
 10
22.87544333462
 20
73.03778990583999
 30
0.0
 10
22.91006036723999
 20
73.0767340342
 30
0.0
  0
SPLINE
  5
5BC
330
2AF
100
AcDbEntity
  8
03___PRT_ALL_CURVES
  6
Continuous
 62
     4
100
AcDbSpline
210
0.0
220
0.0
230
1.0
 70
     8
 71
     3
 72
     8
 73
     4
 74
     0
 42
0.0000001
 43
0.0000000001
 40
0.0
 40
0.0
 40
0.0
 40
0.0
 40
1.0
 40
1.0
 40
1.0
 40
1.0
 10
22.91006036723999
 20
73.0767340342
 30
0.0
 10
22.94420191693999
 20
73.11514324871999
 30
0.0
 10
22.96139156251996
 20
73.17339698032
 30
0.0
 10
22.96139156251996
 20
73.25075034352
 30
0.0
  0
SPLINE
  5
5BD
330
2AF
100
AcDbEntity
  8
03___PRT_ALL_CURVES
  6
Continuous
 62
     4
100
AcDbSpline
210
0.0
220
0.0
230
1.0
 70
     8
 71
     3
 72
     8
 73
     4
 74
     0
 42
0.0000001
 43
0.0000000001
 40
0.0
 40
0.0
 40
0.0
 40
0.0
 40
1.0
 40
1.0
 40
1.0
 40
1.0
 10
22.96139156251996
 20
73.25075034352
 30
0.0
 10
22.96139156251996
 20
73.32905867052003
 30
0.0
 10
22.94324695568
 20
73.38922238814001
 30
0.0
 10
22.90739996361998
 20
73.43080489578
 30
0.0
  0
SPLINE
  5
5BE
330
2AF
100
AcDbEntity
  8
03___PRT_ALL_CURVES
  6
Continuous
 62
     4
100
AcDbSpline
210
0.0
220
0.0
230
1.0
 70
     8
 71
     3
 72
     8
 73
     4
 74
     0
 42
0.0000001
 43
0.0000000001
 40
0.0
 40
0.0
 40
0.0
 40
0.0
 40
1.0
 40
1.0
 40
1.0
 40
1.0
 10
22.90739996361998
 20
73.43080489578
 30
0.0
 10
22.87162348704001
 20
73.4723056078
 30
0.0
 10
22.82769441055999
 20
73.4933151416
 30
0.0
 10
22.77517051256001
 20
73.4933151416
 30
0.0
  0
SPLINE
  5
5BF
330
2AF
100
AcDbEntity
  8
03___PRT_ALL_CURVES
  6
Continuous
 62
     4
100
AcDbSpline
210
0.0
220
0.0
230
1.0
 70
     8
 71
     3
 72
     8
 73
     4
 74
     0
 42
0.0000001
 43
0.0000000001
 40
0.0
 40
0.0
 40
0.0
 40
0.0
 40
1.0
 40
1.0
 40
1.0
 40
1.0
 10
22.77517051256001
 20
73.4933151416
 30
0.0
 10
22.7207366895
 20
73.4933151416
 30
0.0
 10
22.67489768796
 20
73.47326056906002
 30
0.0
 10
22.63860847427998
 20
73.43315142398001
 30
0.0
  0
SPLINE
  5
5C0
330
2AF
100
AcDbEntity
  8
03___PRT_ALL_CURVES
  6
Continuous
 62
     4
100
AcDbSpline
210
0.0
220
0.0
230
1.0
 70
     8
 71
     3
 72
     8
 73
     4
 74
     0
 42
0.0000001
 43
0.0000000001
 40
0.0
 40
0.0
 40
0.0
 40
0.0
 40
1.0
 40
1.0
 40
1.0
 40
1.0
 10
22.63860847427998
 20
73.43315142398001
 30
0.0
 10
22.60231925806002
 20
73.3930422789
 30
0.0
 10
22.58417465122
 20
73.33574352887999
 30
0.0
 10
22.58417465122
 20
73.26125513328
 30
0.0
  0
SPLINE
  5
5C1
330
2AF
100
AcDbEntity
  8
03___PRT_ALL_CURVES
  6
Continuous
 62
     4
100
AcDbSpline
210
0.0
220
0.0
230
1.0
 70
     8
 71
     3
 72
     8
 73
     4
 74
     0
 42
0.0000001
 43
0.0000000001
 40
0.0
 40
0.0
 40
0.0
 40
0.0
 40
1.0
 40
1.0
 40
1.0
 40
1.0
 10
20.87571628759997
 20
70.00572985363999
 30
0.0
 10
20.87571628759997
 20
70.27121415122
 30
0.0
 10
20.92346526499998
 20
70.45743520118
 30
0.0
 10
21.01920080632001
 20
70.56418031408
 30
0.0
  0
SPLINE
  5
5C2
330
2AF
100
AcDbEntity
  8
03___PRT_ALL_CURVES
  6
Continuous
 62
     4
100
AcDbSpline
210
0.0
220
0.0
230
1.0
 70
     8
 71
     3
 72
     8
 73
     4
 74
     0
 42
0.0000001
 43
0.0000000001
 40
0.0
 40
0.0
 40
0.0
 40
0.0
 40
1.0
 40
1.0
 40
1.0
 40
1.0
 10
21.01920080632001
 20
70.56418031408
 30
0.0
 10
21.11446116698002
 20
70.67039560076
 30
0.0
 10
21.26057302867997
 20
70.72387454384
 30
0.0
 10
21.45729882775996
 20
70.72387454384
 30
0.0
  0
SPLINE
  5
5C3
330
2AF
100
AcDbEntity
  8
03___PRT_ALL_CURVES
  6
Continuous
 62
     4
100
AcDbSpline
210
0.0
220
0.0
230
1.0
 70
     8
 71
     3
 72
     8
 73
     4
 74
     0
 42
0.0000001
 43
0.0000000001
 40
0.0
 40
0.0
 40
0.0
 40
0.0
 40
1.0
 40
1.0
 40
1.0
 40
1.0
 10
21.45729882775996
 20
70.72387454384
 30
0.0
 10
21.55088679145999
 20
70.72387454384
 30
0.0
 10
21.62824019783997
 20
70.7114597071
 30
0.0
 10
21.68929936451997
 20
70.68838223738001
 30
0.0
  0
SPLINE
  5
5C4
330
2AF
100
AcDbEntity
  8
03___PRT_ALL_CURVES
  6
Continuous
 62
     4
100
AcDbSpline
210
0.0
220
0.0
230
1.0
 70
     8
 71
     3
 72
     8
 73
     4
 74
     0
 42
0.0000001
 43
0.0000000001
 40
0.0
 40
0.0
 40
0.0
 40
0.0
 40
1.0
 40
1.0
 40
1.0
 40
1.0
 10
21.68929936451997
 20
70.68838223738001
 30
0.0
 10
21.74952259688001
 20
70.66562070810002
 30
0.0
 10
21.79918152728001
 20
70.63506142962001
 30
0.0
 10
21.83738070665999
 20
70.5978172115
 30
0.0
  0
SPLINE
  5
5C5
330
2AF
100
AcDbEntity
  8
03___PRT_ALL_CURVES
  6
Continuous
 62
     4
100
AcDbSpline
210
0.0
220
0.0
230
1.0
 70
     8
 71
     3
 72
     8
 73
     4
 74
     0
 42
0.0000001
 43
0.0000000001
 40
0.0
 40
0.0
 40
0.0
 40
0.0
 40
1.0
 40
1.0
 40
1.0
 40
1.0
 10
21.83738070665999
 20
70.5978172115
 30
0.0
 10
21.87557988858001
 20
70.56057299337999
 30
0.0
 10
21.90518420325998
 20
70.52141880956
 30
0.0
 10
21.92714874150002
 20
70.48035470322
 30
0.0
  0
SPLINE
  5
5C6
330
2AF
100
AcDbEntity
  8
03___PRT_ALL_CURVES
  6
Continuous
 62
     4
100
AcDbSpline
210
0.0
220
0.0
230
1.0
 70
     8
 71
     3
 72
     8
 73
     4
 74
     0
 42
0.0000001
 43
0.0000000001
 40
0.0
 40
0.0
 40
0.0
 40
0.0
 40
1.0
 40
1.0
 40
1.0
 40
1.0
 10
21.92714874150002
 20
70.48035470322
 30
0.0
 10
21.94911327974
 20
70.43929059434001
 30
0.0
 10
21.96725788657997
 20
70.39154158900001
 30
0.0
 10
21.98062221596001
 20
70.3371064426
 30
0.0
  0
SPLINE
  5
5C7
330
2AF
100
AcDbEntity
  8
03___PRT_ALL_CURVES
  6
Continuous
 62
     4
100
AcDbSpline
210
0.0
220
0.0
230
1.0
 70
     8
 71
     3
 72
     8
 73
     4
 74
     0
 42
0.0000001
 43
0.0000000001
 40
0.0
 40
0.0
 40
0.0
 40
0.0
 40
1.0
 40
1.0
 40
1.0
 40
1.0
 10
21.98062221596001
 20
70.3371064426
 30
0.0
 10
22.00641207039999
 20
70.23206005122
 30
0.0
 10
22.01978178712002
 20
70.12319232127999
 30
0.0
 10
22.01978178712002
 20
70.0105047463
 30
0.0
  0
SPLINE
  5
5C8
330
2AF
100
AcDbEntity
  8
03___PRT_ALL_CURVES
  6
Continuous
 62
     4
100
AcDbSpline
210
0.0
220
0.0
230
1.0
 70
     8
 71
     3
 72
     8
 73
     4
 74
     0
 42
0.0000001
 43
0.0000000001
 40
0.0
 40
0.0
 40
0.0
 40
0.0
 40
1.0
 40
1.0
 40
1.0
 40
1.0
 10
22.01978178712002
 20
70.0105047463
 30
0.0
 10
22.01978178712002
 20
69.75648019974003
 30
0.0
 10
21.97680767189999
 20
69.57025921074
 30
0.0
 10
21.89108663684001
 20
69.45263088109999
 30
0.0
  0
SPLINE
  5
5C9
330
2AF
100
AcDbEntity
  8
03___PRT_ALL_CURVES
  6
Continuous
 62
     4
100
AcDbSpline
210
0.0
220
0.0
230
1.0
 70
     8
 71
     3
 72
     8
 73
     4
 74
     0
 42
0.0000001
 43
0.0000000001
 40
0.0
 40
0.0
 40
0.0
 40
0.0
 40
1.0
 40
1.0
 40
1.0
 40
1.0
 10
21.89108663684001
 20
69.45263088109999
 30
0.0
 10
21.80491138119999
 20
69.3343792634
 30
0.0
 10
21.65688955126001
 20
69.27612551147999
 30
0.0
 10
21.44679404053997
 20
69.27612551147999
 30
0.0
  0
SPLINE
  5
5CA
330
2AF
100
AcDbEntity
  8
03___PRT_ALL_CURVES
  6
Continuous
 62
     4
100
AcDbSpline
210
0.0
220
0.0
230
1.0
 70
     8
 71
     3
 72
     8
 73
     4
 74
     0
 42
0.0000001
 43
0.0000000001
 40
0.0
 40
0.0
 40
0.0
 40
0.0
 40
1.0
 40
1.0
 40
1.0
 40
1.0
 10
21.44679404053997
 20
69.27612551147999
 30
0.0
 10
21.32837660909999
 20
69.27612551147999
 30
0.0
 10
21.23383360032003
 20
69.29522510243999
 30
0.0
 10
21.16125516788003
 20
69.33246930024
 30
0.0
  0
SPLINE
  5
5CB
330
2AF
100
AcDbEntity
  8
03___PRT_ALL_CURVES
  6
Continuous
 62
     4
100
AcDbSpline
210
0.0
220
0.0
230
1.0
 70
     8
 71
     3
 72
     8
 73
     4
 74
     0
 42
0.0000001
 43
0.0000000001
 40
0.0
 40
0.0
 40
0.0
 40
0.0
 40
1.0
 40
1.0
 40
1.0
 40
1.0
 10
21.16125516788003
 20
69.33246930024
 30
0.0
 10
21.08867671765998
 20
69.3697135082
 30
0.0
 10
21.02851302036001
 20
69.42510231792
 30
0.0
 10
20.98192525222001
 20
69.49720242772
 30
0.0
  0
SPLINE
  5
5CC
330
2AF
100
AcDbEntity
  8
03___PRT_ALL_CURVES
  6
Continuous
 62
     4
100
AcDbSpline
210
0.0
220
0.0
230
1.0
 70
     8
 71
     3
 72
     8
 73
     4
 74
     0
 42
0.0000001
 43
0.0000000001
 40
0.0
 40
0.0
 40
0.0
 40
0.0
 40
1.0
 40
1.0
 40
1.0
 40
1.0
 10
20.98192525222001
 20
69.49720242772
 30
0.0
 10
20.94829473019996
 20
69.54924965408
 30
0.0
 10
20.92251028088003
 20
69.61896315702
 30
0.0
 10
20.90341069245997
 20
69.70873123504003
 30
0.0
  0
SPLINE
  5
5CD
330
2AF
100
AcDbEntity
  8
03___PRT_ALL_CURVES
  6
Continuous
 62
     4
100
AcDbSpline
210
0.0
220
0.0
230
1.0
 70
     8
 71
     3
 72
     8
 73
     4
 74
     0
 42
0.0000001
 43
0.0000000001
 40
0.0
 40
0.0
 40
0.0
 40
0.0
 40
1.0
 40
1.0
 40
1.0
 40
1.0
 10
20.90341069245997
 20
69.70873123504003
 30
0.0
 10
20.88431110149997
 20
69.79849931052001
 30
0.0
 10
20.87571628759997
 20
69.89686220752
 30
0.0
 10
20.87571628759997
 20
70.00572985363999
 30
0.0
  0
SPLINE
  5
5CE
330
2AF
100
AcDbEntity
  8
03___PRT_ALL_CURVES
  6
Continuous
 62
     4
100
AcDbSpline
210
0.0
220
0.0
230
1.0
 70
     8
 71
     3
 72
     8
 73
     4
 74
     0
 42
0.0000001
 43
0.0000000001
 40
0.0
 40
0.0
 40
0.0
 40
0.0
 40
1.0
 40
1.0
 40
1.0
 40
1.0
 10
21.26152803311999
 20
70.00477489238
 30
0.0
 10
21.26152803311999
 20
69.82619374332
 30
0.0
 10
21.27680771299998
 20
69.70395634238
 30
0.0
 10
21.30832203655999
 20
69.63901772956001
 30
0.0
  0
SPLINE
  5
5CF
330
2AF
100
AcDbEntity
  8
03___PRT_ALL_CURVES
  6
Continuous
 62
     4
100
AcDbSpline
210
0.0
220
0.0
230
1.0
 70
     8
 71
     3
 72
     8
 73
     4
 74
     0
 42
0.0000001
 43
0.0000000001
 40
0.0
 40
0.0
 40
0.0
 40
0.0
 40
1.0
 40
1.0
 40
1.0
 40
1.0
 10
21.30832203655999
 20
69.63901772956001
 30
0.0
 10
21.33983636011999
 20
69.57407911928001
 30
0.0
 10
21.38567535911997
 20
69.54160981414
 30
0.0
 10
21.44583907673996
 20
69.54160981414
 30
0.0
  0
SPLINE
  5
5D0
330
2AF
100
AcDbEntity
  8
03___PRT_ALL_CURVES
  6
Continuous
 62
     4
100
AcDbSpline
210
0.0
220
0.0
230
1.0
 70
     8
 71
     3
 72
     8
 73
     4
 74
     0
 42
0.0000001
 43
0.0000000001
 40
0.0
 40
0.0
 40
0.0
 40
0.0
 40
1.0
 40
1.0
 40
1.0
 40
1.0
 10
21.44583907673996
 20
69.54160981414
 30
0.0
 10
21.48499321992003
 20
69.54160981414
 30
0.0
 10
21.51937247044
 20
69.55497953085998
 30
0.0
 10
21.54802188735999
 20
69.58267396366003
 30
0.0
  0
SPLINE
  5
5D1
330
2AF
100
AcDbEntity
  8
03___PRT_ALL_CURVES
  6
Continuous
 62
     4
100
AcDbSpline
210
0.0
220
0.0
230
1.0
 70
     8
 71
     3
 72
     8
 73
     4
 74
     0
 42
0.0000001
 43
0.0000000001
 40
0.0
 40
0.0
 40
0.0
 40
0.0
 40
1.0
 40
1.0
 40
1.0
 40
1.0
 10
21.54802188735999
 20
69.58267396366003
 30
0.0
 10
21.57667126110002
 20
69.61036835581999
 30
0.0
 10
21.59863579934
 20
69.65429741198
 30
0.0
 10
21.61210738275997
 20
69.71443840168001
 30
0.0
  0
SPLINE
  5
5D2
330
2AF
100
AcDbEntity
  8
03___PRT_ALL_CURVES
  6
Continuous
 62
     4
100
AcDbSpline
210
0.0
220
0.0
230
1.0
 70
     8
 71
     3
 72
     8
 73
     4
 74
     0
 42
0.0000001
 43
0.0000000001
 40
0.0
 40
0.0
 40
0.0
 40
0.0
 40
1.0
 40
1.0
 40
1.0
 40
1.0
 10
21.61210738275997
 20
69.71443840168001
 30
0.0
 10
21.62537523024
 20
69.77366984532
 30
0.0
 10
21.63301509050001
 20
69.8672578522
 30
0.0
 10
21.63301509050001
 20
69.99427010516001
 30
0.0
  0
SPLINE
  5
5D3
330
2AF
100
AcDbEntity
  8
03___PRT_ALL_CURVES
  6
Continuous
 62
     4
100
AcDbSpline
210
0.0
220
0.0
230
1.0
 70
     8
 71
     3
 72
     8
 73
     4
 74
     0
 42
0.0000001
 43
0.0000000001
 40
0.0
 40
0.0
 40
0.0
 40
0.0
 40
1.0
 40
1.0
 40
1.0
 40
1.0
 10
21.63301509050001
 20
69.99427010516001
 30
0.0
 10
21.63301509050001
 20
70.17953615068001
 30
0.0
 10
21.61678040617997
 20
70.30463848112001
 30
0.0
 10
21.58526608261997
 20
70.36862208695999
 30
0.0
  0
SPLINE
  5
5D4
330
2AF
100
AcDbEntity
  8
03___PRT_ALL_CURVES
  6
Continuous
 62
     4
100
AcDbSpline
210
0.0
220
0.0
230
1.0
 70
     8
 71
     3
 72
     8
 73
     4
 74
     0
 42
0.0000001
 43
0.0000000001
 40
0.0
 40
0.0
 40
0.0
 40
0.0
 40
1.0
 40
1.0
 40
1.0
 40
1.0
 10
21.58526608261997
 20
70.36862208695999
 30
0.0
 10
21.55375176159995
 20
70.43260569533999
 30
0.0
 10
21.50695779879996
 20
70.46507506397998
 30
0.0
 10
21.44392911358
 20
70.46507506397998
 30
0.0
  0
SPLINE
  5
5D5
330
2AF
100
AcDbEntity
  8
03___PRT_ALL_CURVES
  6
Continuous
 62
     4
100
AcDbSpline
210
0.0
220
0.0
230
1.0
 70
     8
 71
     3
 72
     8
 73
     4
 74
     0
 42
0.0000001
 43
0.0000000001
 40
0.0
 40
0.0
 40
0.0
 40
0.0
 40
1.0
 40
1.0
 40
1.0
 40
1.0
 10
21.44392911358
 20
70.46507506397998
 30
0.0
 10
21.37899050076001
 20
70.46507506397998
 30
0.0
 10
21.33315150175997
 20
70.43165073408
 30
0.0
 10
21.30450212039997
 20
70.36671215682
 30
0.0
  0
SPLINE
  5
5D6
330
2AF
100
AcDbEntity
  8
03___PRT_ALL_CURVES
  6
Continuous
 62
     4
100
AcDbSpline
210
0.0
220
0.0
230
1.0
 70
     8
 71
     3
 72
     8
 73
     4
 74
     0
 42
0.0000001
 43
0.0000000001
 40
0.0
 40
0.0
 40
0.0
 40
0.0
 40
1.0
 40
1.0
 40
1.0
 40
1.0
 10
21.30450212039997
 20
70.36671215682
 30
0.0
 10
21.27585271110001
 20
70.30177351097998
 30
0.0
 10
21.26152803311999
 20
70.18049111447999
 30
0.0
 10
21.26152803311999
 20
70.00477489238
 30
0.0
  0
SPLINE
  5
5D7
330
2AF
100
AcDbEntity
  8
03___PRT_ALL_CURVES
  6
Continuous
 62
     4
100
AcDbSpline
210
0.0
220
0.0
230
1.0
 70
     8
 71
     3
 72
     8
 73
     4
 74
     0
 42
0.0000001
 43
0.0000000001
 40
0.0
 40
0.0
 40
0.0
 40
0.0
 40
1.0
 40
1.0
 40
1.0
 40
1.0
 10
22.41418826017997
 20
70.05252389772002
 30
0.0
 10
22.35306970575999
 20
70.08499318254002
 30
0.0
 10
22.30818566802
 20
70.12128239876
 30
0.0
 10
22.28031561199998
 20
70.16126979910001
 30
0.0
  0
SPLINE
  5
5D8
330
2AF
100
AcDbEntity
  8
03___PRT_ALL_CURVES
  6
Continuous
 62
     4
100
AcDbSpline
210
0.0
220
0.0
230
1.0
 70
     8
 71
     3
 72
     8
 73
     4
 74
     0
 42
0.0000001
 43
0.0000000001
 40
0.0
 40
0.0
 40
0.0
 40
0.0
 40
1.0
 40
1.0
 40
1.0
 40
1.0
 10
22.28031561199998
 20
70.16126979910001
 30
0.0
 10
22.24229196947999
 20
70.21582536689999
 30
0.0
 10
22.22319240138
 20
70.27885401148
 30
0.0
 10
22.22319240138
 20
70.35047748011999
 30
0.0
  0
SPLINE
  5
5D9
330
2AF
100
AcDbEntity
  8
03___PRT_ALL_CURVES
  6
Continuous
 62
     4
100
AcDbSpline
210
0.0
220
0.0
230
1.0
 70
     8
 71
     3
 72
     8
 73
     4
 74
     0
 42
0.0000001
 43
0.0000000001
 40
0.0
 40
0.0
 40
0.0
 40
0.0
 40
1.0
 40
1.0
 40
1.0
 40
1.0
 10
22.22319240138
 20
70.35047748011999
 30
0.0
 10
22.22319240138
 20
70.46698498650002
 30
0.0
 10
22.27762622189999
 20
70.56343796352002
 30
0.0
 10
22.38853257616
 20
70.63773442910002
 30
0.0
  0
SPLINE
  5
5DA
330
2AF
100
AcDbEntity
  8
03___PRT_ALL_CURVES
  6
Continuous
 62
     4
100
AcDbSpline
210
0.0
220
0.0
230
1.0
 70
     8
 71
     3
 72
     8
 73
     4
 74
     0
 42
0.0000001
 43
0.0000000001
 40
0.0
 40
0.0
 40
0.0
 40
0.0
 40
1.0
 40
1.0
 40
1.0
 40
1.0
 10
22.38853257616
 20
70.63773442910002
 30
0.0
 10
22.47435202098001
 20
70.69522510659999
 30
0.0
 10
22.58799464103998
 20
70.72387454384
 30
0.0
 10
22.72933148816
 20
70.72387454384
 30
0.0
  0
SPLINE
  5
5DB
330
2AF
100
AcDbEntity
  8
03___PRT_ALL_CURVES
  6
Continuous
 62
     4
100
AcDbSpline
210
0.0
220
0.0
230
1.0
 70
     8
 71
     3
 72
     8
 73
     4
 74
     0
 42
0.0000001
 43
0.0000000001
 40
0.0
 40
0.0
 40
0.0
 40
0.0
 40
1.0
 40
1.0
 40
1.0
 40
1.0
 10
22.72933148816
 20
70.72387454384
 30
0.0
 10
22.91650750191999
 20
70.72387454384
 30
0.0
 10
23.05402466656
 20
70.68758524634
 30
0.0
 10
23.14356081209999
 20
70.61662311750001
 30
0.0
  0
SPLINE
  5
5DC
330
2AF
100
AcDbEntity
  8
03___PRT_ALL_CURVES
  6
Continuous
 62
     4
100
AcDbSpline
210
0.0
220
0.0
230
1.0
 70
     8
 71
     3
 72
     8
 73
     4
 74
     0
 42
0.0000001
 43
0.0000000001
 40
0.0
 40
0.0
 40
0.0
 40
0.0
 40
1.0
 40
1.0
 40
1.0
 40
1.0
 10
23.14356081209999
 20
70.61662311750001
 30
0.0
 10
23.23356082006001
 20
70.54529335414
 30
0.0
 10
23.2784448578
 20
70.45552527866002
 30
0.0
 10
23.2784448578
 20
70.34761251252002
 30
0.0
  0
SPLINE
  5
5DD
330
2AF
100
AcDbEntity
  8
03___PRT_ALL_CURVES
  6
Continuous
 62
     4
100
AcDbSpline
210
0.0
220
0.0
230
1.0
 70
     8
 71
     3
 72
     8
 73
     4
 74
     0
 42
0.0000001
 43
0.0000000001
 40
0.0
 40
0.0
 40
0.0
 40
0.0
 40
1.0
 40
1.0
 40
1.0
 40
1.0
 10
23.2784448578
 20
70.34761251252002
 30
0.0
 10
23.2784448578
 20
70.28458386539998
 30
0.0
 10
23.26030024842001
 20
70.22537515222001
 30
0.0
 10
23.22493242227998
 20
70.17096313760001
 30
0.0
  0
SPLINE
  5
5DE
330
2AF
100
AcDbEntity
  8
03___PRT_ALL_CURVES
  6
Continuous
 62
     4
100
AcDbSpline
210
0.0
220
0.0
230
1.0
 70
     8
 71
     3
 72
     8
 73
     4
 74
     0
 42
0.0000001
 43
0.0000000001
 40
0.0
 40
0.0
 40
0.0
 40
0.0
 40
1.0
 40
1.0
 40
1.0
 40
1.0
 10
23.22493242227998
 20
70.17096313760001
 30
0.0
 10
23.19822656510001
 20
70.12987722027998
 30
0.0
 10
23.15620741367999
 20
70.09072303645999
 30
0.0
 10
23.09890870429996
 20
70.05252389772002
 30
0.0
  0
SPLINE
  5
5DF
330
2AF
100
AcDbEntity
  8
03___PRT_ALL_CURVES
  6
Continuous
 62
     4
100
AcDbSpline
210
0.0
220
0.0
230
1.0
 70
     8
 71
     3
 72
     8
 73
     4
 74
     0
 42
0.0000001
 43
0.0000000001
 40
0.0
 40
0.0
 40
0.0
 40
0.0
 40
1.0
 40
1.0
 40
1.0
 40
1.0
 10
23.09890870429996
 20
70.05252389772002
 30
0.0
 10
23.17435202051999
 20
70.01623468404003
 30
0.0
 10
23.23069576609996
 20
69.9675307149
 30
0.0
 10
23.26772584444001
 20
69.908187717
 30
0.0
  0
SPLINE
  5
5E0
330
2AF
100
AcDbEntity
  8
03___PRT_ALL_CURVES
  6
Continuous
 62
     4
100
AcDbSpline
210
0.0
220
0.0
230
1.0
 70
     8
 71
     3
 72
     8
 73
     4
 74
     0
 42
0.0000001
 43
0.0000000001
 40
0.0
 40
0.0
 40
0.0
 40
0.0
 40
1.0
 40
1.0
 40
1.0
 40
1.0
 10
23.26772584444001
 20
69.908187717
 30
0.0
 10
23.30518428616
 20
69.84815824091999
 30
0.0
 10
23.32428385679998
 20
69.78226466684
 30
0.0
 10
23.32428385679998
 20
69.70968623694
 30
0.0
  0
SPLINE
  5
5E1
330
2AF
100
AcDbEntity
  8
03___PRT_ALL_CURVES
  6
Continuous
 62
     4
100
AcDbSpline
210
0.0
220
0.0
230
1.0
 70
     8
 71
     3
 72
     8
 73
     4
 74
     0
 42
0.0000001
 43
0.0000000001
 40
0.0
 40
0.0
 40
0.0
 40
0.0
 40
1.0
 40
1.0
 40
1.0
 40
1.0
 10
23.32428385679998
 20
69.70968623694
 30
0.0
 10
23.32428385679998
 20
69.63901772956001
 30
0.0
 10
23.30804917247997
 20
69.57407911928001
 30
0.0
 10
23.27557987242
 20
69.51296040483999
 30
0.0
  0
SPLINE
  5
5E2
330
2AF
100
AcDbEntity
  8
03___PRT_ALL_CURVES
  6
Continuous
 62
     4
100
AcDbSpline
210
0.0
220
0.0
230
1.0
 70
     8
 71
     3
 72
     8
 73
     4
 74
     0
 42
0.0000001
 43
0.0000000001
 40
0.0
 40
0.0
 40
0.0
 40
0.0
 40
1.0
 40
1.0
 40
1.0
 40
1.0
 10
23.27557987242
 20
69.51296040483999
 30
0.0
 10
23.24311060283998
 20
69.45184174881999
 30
0.0
 10
23.20395633519996
 20
69.40504774537999
 30
0.0
 10
23.15738604988002
 20
69.37225843834
 30
0.0
  0
SPLINE
  5
5E3
330
2AF
100
AcDbEntity
  8
03___PRT_ALL_CURVES
  6
Continuous
 62
     4
100
AcDbSpline
210
0.0
220
0.0
230
1.0
 70
     8
 71
     3
 72
     8
 73
     4
 74
     0
 42
0.0000001
 43
0.0000000001
 40
0.0
 40
0.0
 40
0.0
 40
0.0
 40
1.0
 40
1.0
 40
1.0
 40
1.0
 10
23.15738604988002
 20
69.37225843834
 30
0.0
 10
23.11036841214002
 20
69.33915416114002
 30
0.0
 10
23.05211457639999
 20
69.31432469339998
 30
0.0
 10
22.98249670700002
 20
69.29954280780001
 30
0.0
  0
SPLINE
  5
5E4
330
2AF
100
AcDbEntity
  8
03___PRT_ALL_CURVES
  6
Continuous
 62
     4
100
AcDbSpline
210
0.0
220
0.0
230
1.0
 70
     8
 71
     3
 72
     8
 73
     4
 74
     0
 42
0.0000001
 43
0.0000000001
 40
0.0
 40
0.0
 40
0.0
 40
0.0
 40
1.0
 40
1.0
 40
1.0
 40
1.0
 10
22.75989093173996
 20
69.27612551147999
 30
0.0
 10
22.61091405671999
 20
69.27612551147999
 30
0.0
 10
22.49822656555997
 20
69.2942701234
 30
0.0
 10
22.41991819792
 20
69.32864938662001
 30
0.0
  0
SPLINE
  5
5E5
330
2AF
100
AcDbEntity
  8
03___PRT_ALL_CURVES
  6
Continuous
 62
     4
100
AcDbSpline
210
0.0
220
0.0
230
1.0
 70
     8
 71
     3
 72
     8
 73
     4
 74
     0
 42
0.0000001
 43
0.0000000001
 40
0.0
 40
0.0
 40
0.0
 40
0.0
 40
1.0
 40
1.0
 40
1.0
 40
1.0
 10
22.41991819792
 20
69.32864938662001
 30
0.0
 10
22.34160983027999
 20
69.36302864984
 30
0.0
 10
22.28144623712001
 20
69.41459754085997
 30
0.0
 10
22.24077315361998
 20
69.48302403087999
 30
0.0
  0
SPLINE
  5
5E6
330
2AF
100
AcDbEntity
  8
03___PRT_ALL_CURVES
  6
Continuous
 62
     4
100
AcDbSpline
210
0.0
220
0.0
230
1.0
 70
     8
 71
     3
 72
     8
 73
     4
 74
     0
 42
0.0000001
 43
0.0000000001
 40
0.0
 40
0.0
 40
0.0
 40
0.0
 40
1.0
 40
1.0
 40
1.0
 40
1.0
 10
22.24077315361998
 20
69.48302403087999
 30
0.0
 10
22.20027298316
 20
69.55115961978001
 30
0.0
 10
22.18021836998
 20
69.62755798108003
 30
0.0
 10
22.18021836998
 20
69.711596162
 30
0.0
  0
SPLINE
  5
5E7
330
2AF
100
AcDbEntity
  8
03___PRT_ALL_CURVES
  6
Continuous
 62
     4
100
AcDbSpline
210
0.0
220
0.0
230
1.0
 70
     8
 71
     3
 72
     8
 73
     4
 74
     0
 42
0.0000001
 43
0.0000000001
 40
0.0
 40
0.0
 40
0.0
 40
0.0
 40
1.0
 40
1.0
 40
1.0
 40
1.0
 10
22.18021836998
 20
69.711596162
 30
0.0
 10
22.18021836998
 20
69.79372441786
 30
0.0
 10
22.19931785425999
 20
69.86248295954002
 30
0.0
 10
22.23751709205999
 20
69.91978175274
 30
0.0
  0
SPLINE
  5
5E8
330
2AF
100
AcDbEntity
  8
03___PRT_ALL_CURVES
  6
Continuous
 62
     4
100
AcDbSpline
210
0.0
220
0.0
230
1.0
 70
     8
 71
     3
 72
     8
 73
     4
 74
     0
 42
0.0000001
 43
0.0000000001
 40
0.0
 40
0.0
 40
0.0
 40
0.0
 40
1.0
 40
1.0
 40
1.0
 40
1.0
 10
22.23751709205999
 20
69.91978175274
 30
0.0
 10
22.27571629937998
 20
69.97708050022001
 30
0.0
 10
22.33396997001998
 20
70.02100957670001
 30
0.0
 10
22.41418826017997
 20
70.05252389772002
 30
0.0
  0
SPLINE
  5
5E9
330
2AF
100
AcDbEntity
  8
03___PRT_ALL_CURVES
  6
Continuous
 62
     4
100
AcDbSpline
210
0.0
220
0.0
230
1.0
 70
     8
 71
     3
 72
     8
 73
     4
 74
     0
 42
0.0000001
 43
0.0000000001
 40
0.0
 40
0.0
 40
0.0
 40
0.0
 40
1.0
 40
1.0
 40
1.0
 40
1.0
 10
22.5889496023
 20
70.32755798062001
 30
0.0
 10
22.5889496023
 20
70.27885401148
 30
0.0
 10
22.60327419645998
 20
70.23969982766002
 30
0.0
 10
22.63383357907998
 20
70.21009544947998
 30
0.0
  0
SPLINE
  5
5EA
330
2AF
100
AcDbEntity
  8
03___PRT_ALL_CURVES
  6
Continuous
 62
     4
100
AcDbSpline
210
0.0
220
0.0
230
1.0
 70
     8
 71
     3
 72
     8
 73
     4
 74
     0
 42
0.0000001
 43
0.0000000001
 40
0.0
 40
0.0
 40
0.0
 40
0.0
 40
1.0
 40
1.0
 40
1.0
 40
1.0
 10
22.63383357907998
 20
70.21009544947998
 30
0.0
 10
22.66439291851998
 20
70.18049111447999
 30
0.0
 10
22.70450214741999
 20
70.16616643650002
 30
0.0
 10
22.75511595525998
 20
70.16616643650002
 30
0.0
  0
SPLINE
  5
5EB
330
2AF
100
AcDbEntity
  8
03___PRT_ALL_CURVES
  6
Continuous
 62
     4
100
AcDbSpline
210
0.0
220
0.0
230
1.0
 70
     8
 71
     3
 72
     8
 73
     4
 74
     0
 42
0.0000001
 43
0.0000000001
 40
0.0
 40
0.0
 40
0.0
 40
0.0
 40
1.0
 40
1.0
 40
1.0
 40
1.0
 10
22.75511595525998
 20
70.16616643650002
 30
0.0
 10
22.79904503173998
 20
70.16616643650002
 30
0.0
 10
22.83628920921998
 20
70.18049111447999
 30
0.0
 10
22.86517837165999
 20
70.20986170852001
 30
0.0
  0
SPLINE
  5
5EC
330
2AF
100
AcDbEntity
  8
03___PRT_ALL_CURVES
  6
Continuous
 62
     4
100
AcDbSpline
210
0.0
220
0.0
230
1.0
 70
     8
 71
     3
 72
     8
 73
     4
 74
     0
 42
0.0000001
 43
0.0000000001
 40
0.0
 40
0.0
 40
0.0
 40
0.0
 40
1.0
 40
1.0
 40
1.0
 40
1.0
 10
22.86517837165999
 20
70.20986170852001
 30
0.0
 10
22.8935880837
 20
70.2387448664
 30
0.0
 10
22.90791267786003
 20
70.27694408895997
 30
0.0
 10
22.90791267786003
 20
70.32373804922
 30
0.0
  0
SPLINE
  5
5ED
330
2AF
100
AcDbEntity
  8
03___PRT_ALL_CURVES
  6
Continuous
 62
     4
100
AcDbSpline
210
0.0
220
0.0
230
1.0
 70
     8
 71
     3
 72
     8
 73
     4
 74
     0
 42
0.0000001
 43
0.0000000001
 40
0.0
 40
0.0
 40
0.0
 40
0.0
 40
1.0
 40
1.0
 40
1.0
 40
1.0
 10
22.90791267786003
 20
70.32373804922
 30
0.0
 10
22.90791267786003
 20
70.37148705710001
 30
0.0
 10
22.89263312244
 20
70.41064124091997
 30
0.0
 10
22.86278524969998
 20
70.44096283889999
 30
0.0
  0
SPLINE
  5
5EE
330
2AF
100
AcDbEntity
  8
03___PRT_ALL_CURVES
  6
Continuous
 62
     4
100
AcDbSpline
210
0.0
220
0.0
230
1.0
 70
     8
 71
     3
 72
     8
 73
     4
 74
     0
 42
0.0000001
 43
0.0000000001
 40
0.0
 40
0.0
 40
0.0
 40
0.0
 40
1.0
 40
1.0
 40
1.0
 40
1.0
 10
22.86278524969998
 20
70.44096283889999
 30
0.0
 10
22.83246936163999
 20
70.47175987916
 30
0.0
 10
22.79427022290002
 20
70.48703960222
 30
0.0
 10
22.74843122390001
 20
70.48703960222
 30
0.0
  0
SPLINE
  5
5EF
330
2AF
100
AcDbEntity
  8
03___PRT_ALL_CURVES
  6
Continuous
 62
     4
100
AcDbSpline
210
0.0
220
0.0
230
1.0
 70
     8
 71
     3
 72
     8
 73
     4
 74
     0
 42
0.0000001
 43
0.0000000001
 40
0.0
 40
0.0
 40
0.0
 40
0.0
 40
1.0
 40
1.0
 40
1.0
 40
1.0
 10
22.74843122390001
 20
70.48703960222
 30
0.0
 10
22.70068213473999
 20
70.48703960222
 30
0.0
 10
22.66248299599999
 20
70.47175987916
 30
0.0
 10
22.63287865846002
 20
70.44215558479999
 30
0.0
  0
SPLINE
  5
5F0
330
2AF
100
AcDbEntity
  8
03___PRT_ALL_CURVES
  6
Continuous
 62
     4
100
AcDbSpline
210
0.0
220
0.0
230
1.0
 70
     8
 71
     3
 72
     8
 73
     4
 74
     0
 42
0.0000001
 43
0.0000000001
 40
0.0
 40
0.0
 40
0.0
 40
0.0
 40
1.0
 40
1.0
 40
1.0
 40
1.0
 10
22.63287865846002
 20
70.44215558479999
 30
0.0
 10
22.60327419645998
 20
70.41255116343999
 30
0.0
 10
22.5889496023
 20
70.37435194341998
 30
0.0
 10
22.5889496023
 20
70.32755798062001
 30
0.0
  0
SPLINE
  5
5F1
330
2AF
100
AcDbEntity
  8
03___PRT_ALL_CURVES
  6
Continuous
 62
     4
100
AcDbSpline
210
0.0
220
0.0
230
1.0
 70
     8
 71
     3
 72
     8
 73
     4
 74
     0
 42
0.0000001
 43
0.0000000001
 40
0.0
 40
0.0
 40
0.0
 40
0.0
 40
1.0
 40
1.0
 40
1.0
 40
1.0
 10
22.56794010913998
 20
69.72496587618
 30
0.0
 10
22.56794010913998
 20
69.6628922335
 30
0.0
 10
22.58608471852003
 20
69.6122783012
 30
0.0
 10
22.62403697688001
 20
69.57288478842
 30
0.0
  0
SPLINE
  5
5F2
330
2AF
100
AcDbEntity
  8
03___PRT_ALL_CURVES
  6
Continuous
 62
     4
100
AcDbSpline
210
0.0
220
0.0
230
1.0
 70
     8
 71
     3
 72
     8
 73
     4
 74
     0
 42
0.0000001
 43
0.0000000001
 40
0.0
 40
0.0
 40
0.0
 40
0.0
 40
1.0
 40
1.0
 40
1.0
 40
1.0
 10
22.62403697688001
 20
69.57288478842
 30
0.0
 10
22.66152803219998
 20
69.53396999452002
 30
0.0
 10
22.70450214741999
 20
69.51487040610002
 30
0.0
 10
22.75320603273997
 20
69.51487040610002
 30
0.0
  0
SPLINE
  5
5F3
330
2AF
100
AcDbEntity
  8
03___PRT_ALL_CURVES
  6
Continuous
 62
     4
100
AcDbSpline
210
0.0
220
0.0
230
1.0
 70
     8
 71
     3
 72
     8
 73
     4
 74
     0
 42
0.0000001
 43
0.0000000001
 40
0.0
 40
0.0
 40
0.0
 40
0.0
 40
1.0
 40
1.0
 40
1.0
 40
1.0
 10
22.75320603273997
 20
69.51487040610002
 30
0.0
 10
22.79904503173998
 20
69.51487040610002
 30
0.0
 10
22.84106418569996
 20
69.53396999452002
 30
0.0
 10
22.87804965909999
 20
69.57431779800001
 30
0.0
  0
SPLINE
  5
5F4
330
2AF
100
AcDbEntity
  8
03___PRT_ALL_CURVES
  6
Continuous
 62
     4
100
AcDbSpline
210
0.0
220
0.0
230
1.0
 70
     8
 71
     3
 72
     8
 73
     4
 74
     0
 42
0.0000001
 43
0.0000000001
 40
0.0
 40
0.0
 40
0.0
 40
0.0
 40
1.0
 40
1.0
 40
1.0
 40
1.0
 10
22.87804965909999
 20
69.57431779800001
 30
0.0
 10
22.91459757686002
 20
69.61418826436
 30
0.0
 10
22.9336971475
 20
69.66480219920001
 30
0.0
 10
22.9336971475
 20
69.72592088062001
 30
0.0
  0
SPLINE
  5
5F5
330
2AF
100
AcDbEntity
  8
03___PRT_ALL_CURVES
  6
Continuous
 62
     4
100
AcDbSpline
210
0.0
220
0.0
230
1.0
 70
     8
 71
     3
 72
     8
 73
     4
 74
     0
 42
0.0000001
 43
0.0000000001
 40
0.0
 40
0.0
 40
0.0
 40
0.0
 40
1.0
 40
1.0
 40
1.0
 40
1.0
 10
22.9336971475
 20
69.72592088062001
 30
0.0
 10
22.9336971475
 20
69.78703955950002
 30
0.0
 10
22.91459757686002
 20
69.83765349434
 30
0.0
 10
22.87711444125998
 20
69.87753941406001
 30
0.0
  0
SPLINE
  5
5F6
330
2AF
100
AcDbEntity
  8
03___PRT_ALL_CURVES
  6
Continuous
 62
     4
100
AcDbSpline
210
0.0
220
0.0
230
1.0
 70
     8
 71
     3
 72
     8
 73
     4
 74
     0
 42
0.0000001
 43
0.0000000001
 40
0.0
 40
0.0
 40
0.0
 40
0.0
 40
1.0
 40
1.0
 40
1.0
 40
1.0
 10
22.87711444125998
 20
69.87753941406001
 30
0.0
 10
22.84010922444
 20
69.9169167826
 30
0.0
 10
22.79713510921999
 20
69.93697135514
 30
0.0
 10
22.74843122390001
 20
69.93697135514
 30
0.0
  0
SPLINE
  5
5F7
330
2AF
100
AcDbEntity
  8
03___PRT_ALL_CURVES
  6
Continuous
 62
     4
100
AcDbSpline
210
0.0
220
0.0
230
1.0
 70
     8
 71
     3
 72
     8
 73
     4
 74
     0
 42
0.0000001
 43
0.0000000001
 40
0.0
 40
0.0
 40
0.0
 40
0.0
 40
1.0
 40
1.0
 40
1.0
 40
1.0
 10
22.74843122390001
 20
69.93697135514
 30
0.0
 10
22.69972717093998
 20
69.93697135514
 30
0.0
 10
22.65770818715998
 20
69.91787174385999
 30
0.0
 10
22.62141884902002
 20
69.8796725213
 30
0.0
  0
SPLINE
  5
5F8
330
2AF
100
AcDbEntity
  8
03___PRT_ALL_CURVES
  6
Continuous
 62
     4
100
AcDbSpline
210
0.0
220
0.0
230
1.0
 70
     8
 71
     3
 72
     8
 73
     4
 74
     0
 42
0.0000001
 43
0.0000000001
 40
0.0
 40
0.0
 40
0.0
 40
0.0
 40
1.0
 40
1.0
 40
1.0
 40
1.0
 10
22.62141884902002
 20
69.8796725213
 30
0.0
 10
22.58512958961998
 20
69.84147338256003
 30
0.0
 10
22.56794010913998
 20
69.78990448645999
 30
0.0
 10
22.56794010913998
 20
69.72496587618
 30
0.0
  0
SPLINE
  5
5F9
330
2AF
100
AcDbEntity
  8
03___PRT_ALL_CURVES
  6
Continuous
 62
     4
100
AcDbSpline
210
0.0
220
0.0
230
1.0
 70
     8
 71
     3
 72
     8
 73
     4
 74
     0
 42
0.0000001
 43
0.0000000001
 40
0.0
 40
0.0
 40
0.0
 40
0.0
 40
1.0
 40
1.0
 40
1.0
 40
1.0
 10
21.32407916786002
 20
66.73301501224
 30
0.0
 10
21.26009555947999
 20
66.68431104310002
 30
0.0
 10
21.19802187615997
 20
66.64515685928001
 30
0.0
 10
21.13900477549998
 20
66.61517237772
 30
0.0
  0
SPLINE
  5
5FA
330
2AF
100
AcDbEntity
  8
03___PRT_ALL_CURVES
  6
Continuous
 62
     4
100
AcDbSpline
210
0.0
220
0.0
230
1.0
 70
     8
 71
     3
 72
     8
 73
     4
 74
     0
 42
0.0000001
 43
0.0000000001
 40
0.0
 40
0.0
 40
0.0
 40
0.0
 40
1.0
 40
1.0
 40
1.0
 40
1.0
 10
21.13900477549998
 20
66.61517237772
 30
0.0
 10
21.0796044244
 20
66.5849931823
 30
0.0
 10
21.00511600848003
 20
66.55634382887999
 30
0.0
 10
20.91534793299999
 20
66.52960439798
 30
0.0
  0
SPLINE
  5
5FB
330
2AF
100
AcDbEntity
  8
03___PRT_ALL_CURVES
  6
Continuous
 62
     4
100
AcDbSpline
210
0.0
220
0.0
230
1.0
 70
     8
 71
     3
 72
     8
 73
     4
 74
     0
 42
0.0000001
 43
0.0000000001
 40
0.0
 40
0.0
 40
0.0
 40
0.0
 40
1.0
 40
1.0
 40
1.0
 40
1.0
 10
20.91534793299999
 20
66.84856755735998
 30
0.0
 10
21.04713511925996
 20
66.8905866275
 30
0.0
 10
21.15027291146001
 20
66.94215556424001
 30
0.0
 10
21.2238491702
 20
67.00226686133999
 30
0.0
  0
SPLINE
  5
5FC
330
2AF
100
AcDbEntity
  8
03___PRT_ALL_CURVES
  6
Continuous
 62
     4
100
AcDbSpline
210
0.0
220
0.0
230
1.0
 70
     8
 71
     3
 72
     8
 73
     4
 74
     0
 42
0.0000001
 43
0.0000000001
 40
0.0
 40
0.0
 40
0.0
 40
0.0
 40
1.0
 40
1.0
 40
1.0
 40
1.0
 10
21.2238491702
 20
67.00226686133999
 30
0.0
 10
21.29638477570001
 20
67.06152795439999
 30
0.0
 10
21.35368352571999
 20
67.13601639318
 30
0.0
 10
21.39570263649998
 20
67.2238745436
 30
0.0
  0
SPLINE
  5
5FD
330
2AF
100
AcDbEntity
  8
03___PRT_ALL_CURVES
  6
Continuous
 62
     4
100
AcDbSpline
210
0.0
220
0.0
230
1.0
 70
     8
 71
     3
 72
     8
 73
     4
 74
     0
 42
0.0000001
 43
0.0000000001
 40
0.0
 40
0.0
 40
0.0
 40
0.0
 40
1.0
 40
1.0
 40
1.0
 40
1.0
 10
22.14058671442001
 20
66.5057298534
 30
0.0
 10
22.14058671442001
 20
66.77121415098
 30
0.0
 10
22.18833572229997
 20
66.95743520347997
 30
0.0
 10
22.28407120520001
 20
67.06418027320001
 30
0.0
  0
SPLINE
  5
5FE
330
2AF
100
AcDbEntity
  8
03___PRT_ALL_CURVES
  6
Continuous
 62
     4
100
AcDbSpline
210
0.0
220
0.0
230
1.0
 70
     8
 71
     3
 72
     8
 73
     4
 74
     0
 42
0.0000001
 43
0.0000000001
 40
0.0
 40
0.0
 40
0.0
 40
0.0
 40
1.0
 40
1.0
 40
1.0
 40
1.0
 10
22.28407120520001
 20
67.06418027320001
 30
0.0
 10
22.37933158364001
 20
67.17039560052001
 30
0.0
 10
22.52544340469998
 20
67.2238745436
 30
0.0
 10
22.72216920124001
 20
67.2238745436
 30
0.0
  0
SPLINE
  5
5FF
330
2AF
100
AcDbEntity
  8
03___PRT_ALL_CURVES
  6
Continuous
 62
     4
100
AcDbSpline
210
0.0
220
0.0
230
1.0
 70
     8
 71
     3
 72
     8
 73
     4
 74
     0
 42
0.0000001
 43
0.0000000001
 40
0.0
 40
0.0
 40
0.0
 40
0.0
 40
1.0
 40
1.0
 40
1.0
 40
1.0
 10
22.72216920124001
 20
67.2238745436
 30
0.0
 10
22.81575729194003
 20
67.2238745436
 30
0.0
 10
22.89311053067996
 20
67.21145970685998
 30
0.0
 10
22.9541697761
 20
67.18838222189999
 30
0.0
  0
SPLINE
  5
600
330
2AF
100
AcDbEntity
  8
03___PRT_ALL_CURVES
  6
Continuous
 62
     4
100
AcDbSpline
210
0.0
220
0.0
230
1.0
 70
     8
 71
     3
 72
     8
 73
     4
 74
     0
 42
0.0000001
 43
0.0000000001
 40
0.0
 40
0.0
 40
0.0
 40
0.0
 40
1.0
 40
1.0
 40
1.0
 40
1.0
 10
22.9541697761
 20
67.18838222189999
 30
0.0
 10
23.01439301354
 20
67.16562070786
 30
0.0
 10
23.06405186011997
 20
67.13506143191998
 30
0.0
 10
23.10225105982002
 20
67.09781723412001
 30
0.0
  0
SPLINE
  5
601
330
2AF
100
AcDbEntity
  8
03___PRT_ALL_CURVES
  6
Continuous
 62
     4
100
AcDbSpline
210
0.0
220
0.0
230
1.0
 70
     8
 71
     3
 72
     8
 73
     4
 74
     0
 42
0.0000001
 43
0.0000000001
 40
0.0
 40
0.0
 40
0.0
 40
0.0
 40
1.0
 40
1.0
 40
1.0
 40
1.0
 10
23.10225105982002
 20
67.09781723412001
 30
0.0
 10
23.14045030523999
 20
67.06057299314
 30
0.0
 10
23.17005461991999
 20
67.02141880931998
 30
0.0
 10
23.19201914037998
 20
66.98035473600001
 30
0.0
  0
SPLINE
  5
602
330
2AF
100
AcDbEntity
  8
03___PRT_ALL_CURVES
  6
Continuous
 62
     4
100
AcDbSpline
210
0.0
220
0.0
230
1.0
 70
     8
 71
     3
 72
     8
 73
     4
 74
     0
 42
0.0000001
 43
0.0000000001
 40
0.0
 40
0.0
 40
0.0
 40
0.0
 40
1.0
 40
1.0
 40
1.0
 40
1.0
 10
23.19201914037998
 20
66.98035473600001
 30
0.0
 10
23.21398369639999
 20
66.93929059410002
 30
0.0
 10
23.23212830323996
 20
66.89154158875999
 30
0.0
 10
23.24549260213999
 20
66.83710645506002
 30
0.0
  0
SPLINE
  5
603
330
2AF
100
AcDbEntity
  8
03___PRT_ALL_CURVES
  6
Continuous
 62
     4
100
AcDbSpline
210
0.0
220
0.0
230
1.0
 70
     8
 71
     3
 72
     8
 73
     4
 74
     0
 42
0.0000001
 43
0.0000000001
 40
0.0
 40
0.0
 40
0.0
 40
0.0
 40
1.0
 40
1.0
 40
1.0
 40
1.0
 10
23.24549260213999
 20
66.83710645506002
 30
0.0
 10
23.27128240323998
 20
66.73206005097998
 30
0.0
 10
23.28465220378001
 20
66.62319232104002
 30
0.0
 10
23.28465220378001
 20
66.51050474606001
 30
0.0
  0
SPLINE
  5
604
330
2AF
100
AcDbEntity
  8
03___PRT_ALL_CURVES
  6
Continuous
 62
     4
100
AcDbSpline
210
0.0
220
0.0
230
1.0
 70
     8
 71
     3
 72
     8
 73
     4
 74
     0
 42
0.0000001
 43
0.0000000001
 40
0.0
 40
0.0
 40
0.0
 40
0.0
 40
1.0
 40
1.0
 40
1.0
 40
1.0
 10
23.28465220378001
 20
66.51050474606001
 30
0.0
 10
23.28465220378001
 20
66.2564801995
 30
0.0
 10
23.24167808855998
 20
66.07025921050001
 30
0.0
 10
23.15595702301999
 20
65.95263084022002
 30
0.0
  0
SPLINE
  5
605
330
2AF
100
AcDbEntity
  8
03___PRT_ALL_CURVES
  6
Continuous
 62
     4
100
AcDbSpline
210
0.0
220
0.0
230
1.0
 70
     8
 71
     3
 72
     8
 73
     4
 74
     0
 42
0.0000001
 43
0.0000000001
 40
0.0
 40
0.0
 40
0.0
 40
0.0
 40
1.0
 40
1.0
 40
1.0
 40
1.0
 10
23.15595702301999
 20
65.95263084022002
 30
0.0
 10
23.06978179786
 20
65.83437926316
 30
0.0
 10
22.92175988409997
 20
65.77612551124
 30
0.0
 10
22.71166445465997
 20
65.77612551124
 30
0.0
  0
SPLINE
  5
606
330
2AF
100
AcDbEntity
  8
03___PRT_ALL_CURVES
  6
Continuous
 62
     4
100
AcDbSpline
210
0.0
220
0.0
230
1.0
 70
     8
 71
     3
 72
     8
 73
     4
 74
     0
 42
0.0000001
 43
0.0000000001
 40
0.0
 40
0.0
 40
0.0
 40
0.0
 40
1.0
 40
1.0
 40
1.0
 40
1.0
 10
22.71166445465997
 20
65.77612551124
 30
0.0
 10
22.59324702575998
 20
65.77612551124
 30
0.0
 10
22.49870397379999
 20
65.79522510219999
 30
0.0
 10
22.42612554390001
 20
65.83246930508
 30
0.0
  0
SPLINE
  5
607
330
2AF
100
AcDbEntity
  8
03___PRT_ALL_CURVES
  6
Continuous
 62
     4
100
AcDbSpline
210
0.0
220
0.0
230
1.0
 70
     8
 71
     3
 72
     8
 73
     4
 74
     0
 42
0.0000001
 43
0.0000000001
 40
0.0
 40
0.0
 40
0.0
 40
0.0
 40
1.0
 40
1.0
 40
1.0
 40
1.0
 10
22.42612554390001
 20
65.83246930508
 30
0.0
 10
22.35354711400001
 20
65.86971350796
 30
0.0
 10
22.29338335319997
 20
65.92510231768
 30
0.0
 10
22.24679559013998
 20
65.99720241731998
 30
0.0
  0
SPLINE
  5
608
330
2AF
100
AcDbEntity
  8
03___PRT_ALL_CURVES
  6
Continuous
 62
     4
100
AcDbSpline
210
0.0
220
0.0
230
1.0
 70
     8
 71
     3
 72
     8
 73
     4
 74
     0
 42
0.0000001
 43
0.0000000001
 40
0.0
 40
0.0
 40
0.0
 40
0.0
 40
1.0
 40
1.0
 40
1.0
 40
1.0
 10
22.24679559013998
 20
65.99720241731998
 30
0.0
 10
22.21316506303998
 20
66.04924965384001
 30
0.0
 10
22.18738076104
 20
66.11896315678001
 30
0.0
 10
22.16828114467998
 20
66.20873126019998
 30
0.0
  0
SPLINE
  5
609
330
2AF
100
AcDbEntity
  8
03___PRT_ALL_CURVES
  6
Continuous
 62
     4
100
AcDbSpline
210
0.0
220
0.0
230
1.0
 70
     8
 71
     3
 72
     8
 73
     4
 74
     0
 42
0.0000001
 43
0.0000000001
 40
0.0
 40
0.0
 40
0.0
 40
0.0
 40
1.0
 40
1.0
 40
1.0
 40
1.0
 10
22.16828114467998
 20
66.20873126019998
 30
0.0
 10
22.14918153848001
 20
66.29849931028
 30
0.0
 10
22.14058671442001
 20
66.39686220981997
 30
0.0
 10
22.14058671442001
 20
66.5057298534
 30
0.0
  0
SPLINE
  5
60A
330
2AF
100
AcDbEntity
  8
03___PRT_ALL_CURVES
  6
Continuous
 62
     4
100
AcDbSpline
210
0.0
220
0.0
230
1.0
 70
     8
 71
     3
 72
     8
 73
     4
 74
     0
 42
0.0000001
 43
0.0000000001
 40
0.0
 40
0.0
 40
0.0
 40
0.0
 40
1.0
 40
1.0
 40
1.0
 40
1.0
 10
22.52639836596001
 20
66.50477489214
 30
0.0
 10
22.52639836596001
 20
66.32619374308001
 30
0.0
 10
22.54167808902
 20
66.20395634214
 30
0.0
 10
22.57319242782
 20
66.13901769883998
 30
0.0
  0
SPLINE
  5
60B
330
2AF
100
AcDbEntity
  8
03___PRT_ALL_CURVES
  6
Continuous
 62
     4
100
AcDbSpline
210
0.0
220
0.0
230
1.0
 70
     8
 71
     3
 72
     8
 73
     4
 74
     0
 42
0.0000001
 43
0.0000000001
 40
0.0
 40
0.0
 40
0.0
 40
0.0
 40
1.0
 40
1.0
 40
1.0
 40
1.0
 10
22.57319242782
 20
66.13901769883998
 30
0.0
 10
22.60470673359998
 20
66.07407911904002
 30
0.0
 10
22.65054573259997
 20
66.04160981390001
 30
0.0
 10
22.7107094934
 20
66.04160981390001
 30
0.0
  0
SPLINE
  5
60C
330
2AF
100
AcDbEntity
  8
03___PRT_ALL_CURVES
  6
Continuous
 62
     4
100
AcDbSpline
210
0.0
220
0.0
230
1.0
 70
     8
 71
     3
 72
     8
 73
     4
 74
     0
 42
0.0000001
 43
0.0000000001
 40
0.0
 40
0.0
 40
0.0
 40
0.0
 40
1.0
 40
1.0
 40
1.0
 40
1.0
 10
22.7107094934
 20
66.04160981390001
 30
0.0
 10
22.74986359339999
 20
66.04160981390001
 30
0.0
 10
22.78424288709999
 20
66.05497953061999
 30
0.0
 10
22.81289224051997
 20
66.08267394310002
 30
0.0
  0
SPLINE
  5
60D
330
2AF
100
AcDbEntity
  8
03___PRT_ALL_CURVES
  6
Continuous
 62
     4
100
AcDbSpline
210
0.0
220
0.0
230
1.0
 70
     8
 71
     3
 72
     8
 73
     4
 74
     0
 42
0.0000001
 43
0.0000000001
 40
0.0
 40
0.0
 40
0.0
 40
0.0
 40
1.0
 40
1.0
 40
1.0
 40
1.0
 10
22.81289224051997
 20
66.08267394310002
 30
0.0
 10
22.84154159393998
 20
66.11036835558002
 30
0.0
 10
22.86350621599999
 20
66.15429741174
 30
0.0
 10
22.87697779688
 20
66.21443838366
 30
0.0
  0
SPLINE
  5
60E
330
2AF
100
AcDbEntity
  8
03___PRT_ALL_CURVES
  6
Continuous
 62
     4
100
AcDbSpline
210
0.0
220
0.0
230
1.0
 70
     8
 71
     3
 72
     8
 73
     4
 74
     0
 42
0.0000001
 43
0.0000000001
 40
0.0
 40
0.0
 40
0.0
 40
0.0
 40
1.0
 40
1.0
 40
1.0
 40
1.0
 10
22.87697779688
 20
66.21443838366
 30
0.0
 10
22.89024564689998
 20
66.27366984508001
 30
0.0
 10
22.89788550716
 20
66.36725785195998
 30
0.0
 10
22.89788550716
 20
66.49427010491999
 30
0.0
  0
SPLINE
  5
60F
330
2AF
100
AcDbEntity
  8
03___PRT_ALL_CURVES
  6
Continuous
 62
     4
100
AcDbSpline
210
0.0
220
0.0
230
1.0
 70
     8
 71
     3
 72
     8
 73
     4
 74
     0
 42
0.0000001
 43
0.0000000001
 40
0.0
 40
0.0
 40
0.0
 40
0.0
 40
1.0
 40
1.0
 40
1.0
 40
1.0
 10
22.89788550716
 20
66.49427010491999
 30
0.0
 10
22.89788550716
 20
66.67953615043999
 30
0.0
 10
22.88165082284002
 20
66.80463848087999
 30
0.0
 10
22.85013648404001
 20
66.86862212228002
 30
0.0
  0
SPLINE
  5
610
330
2AF
100
AcDbEntity
  8
03___PRT_ALL_CURVES
  6
Continuous
 62
     4
100
AcDbSpline
210
0.0
220
0.0
230
1.0
 70
     8
 71
     3
 72
     8
 73
     4
 74
     0
 42
0.0000001
 43
0.0000000001
 40
0.0
 40
0.0
 40
0.0
 40
0.0
 40
1.0
 40
1.0
 40
1.0
 40
1.0
 10
22.85013648404001
 20
66.86862212228002
 30
0.0
 10
22.81862217826
 20
66.9326056951
 30
0.0
 10
22.77182821546
 20
66.96507506374002
 30
0.0
 10
22.70879957087999
 20
66.96507506374002
 30
0.0
  0
SPLINE
  5
611
330
2AF
100
AcDbEntity
  8
03___PRT_ALL_CURVES
  6
Continuous
 62
     4
100
AcDbSpline
210
0.0
220
0.0
230
1.0
 70
     8
 71
     3
 72
     8
 73
     4
 74
     0
 42
0.0000001
 43
0.0000000001
 40
0.0
 40
0.0
 40
0.0
 40
0.0
 40
1.0
 40
1.0
 40
1.0
 40
1.0
 10
22.70879957087999
 20
66.96507506374002
 30
0.0
 10
22.64386083359997
 20
66.96507506374002
 30
0.0
 10
22.59802183459999
 20
66.93165073384
 30
0.0
 10
22.56937249642002
 20
66.86671215658001
 30
0.0
  0
SPLINE
  5
612
330
2AF
100
AcDbEntity
  8
03___PRT_ALL_CURVES
  6
Continuous
 62
     4
100
AcDbSpline
210
0.0
220
0.0
230
1.0
 70
     8
 71
     3
 72
     8
 73
     4
 74
     0
 42
0.0000001
 43
0.0000000001
 40
0.0
 40
0.0
 40
0.0
 40
0.0
 40
1.0
 40
1.0
 40
1.0
 40
1.0
 10
22.56937249642002
 20
66.86671215658001
 30
0.0
 10
22.54072312776
 20
66.80177351328001
 30
0.0
 10
22.52639836596001
 20
66.68049111424
 30
0.0
 10
22.52639836596001
 20
66.50477489214
 30
0.0
  0
SPLINE
  5
613
330
2AF
100
AcDbEntity
  8
03___PRT_ALL_CURVES
  6
Continuous
 62
     4
100
AcDbSpline
210
0.0
220
0.0
230
1.0
 70
     8
 71
     3
 72
     8
 73
     4
 74
     0
 42
0.0000001
 43
0.0000000001
 40
0.0
 40
0.0
 40
0.0
 40
0.0
 40
1.0
 40
1.0
 40
1.0
 40
1.0
 10
21.32694400591998
 20
63.23301501200001
 30
0.0
 10
21.26296039754001
 20
63.18431104286
 30
0.0
 10
21.20088671421999
 20
63.14515685904001
 30
0.0
 10
21.14186961102001
 20
63.11517238002
 30
0.0
  0
SPLINE
  5
614
330
2AF
100
AcDbEntity
  8
03___PRT_ALL_CURVES
  6
Continuous
 62
     4
100
AcDbSpline
210
0.0
220
0.0
230
1.0
 70
     8
 71
     3
 72
     8
 73
     4
 74
     0
 42
0.0000001
 43
0.0000000001
 40
0.0
 40
0.0
 40
0.0
 40
0.0
 40
1.0
 40
1.0
 40
1.0
 40
1.0
 10
21.14186961102001
 20
63.11517238002
 30
0.0
 10
21.08246926246002
 20
63.08499318460002
 30
0.0
 10
21.00798084653999
 20
63.05634382864
 30
0.0
 10
20.91821277105998
 20
63.02960439774
 30
0.0
  0
SPLINE
  5
615
330
2AF
100
AcDbEntity
  8
03___PRT_ALL_CURVES
  6
Continuous
 62
     4
100
AcDbSpline
210
0.0
220
0.0
230
1.0
 70
     8
 71
     3
 72
     8
 73
     4
 74
     0
 42
0.0000001
 43
0.0000000001
 40
0.0
 40
0.0
 40
0.0
 40
0.0
 40
1.0
 40
1.0
 40
1.0
 40
1.0
 10
20.91821277105998
 20
63.34856755712002
 30
0.0
 10
21.04999995731998
 20
63.39058662726001
 30
0.0
 10
21.15313774952
 20
63.44215556400002
 30
0.0
 10
21.22671400571997
 20
63.5022668611
 30
0.0
  0
SPLINE
  5
616
330
2AF
100
AcDbEntity
  8
03___PRT_ALL_CURVES
  6
Continuous
 62
     4
100
AcDbSpline
210
0.0
220
0.0
230
1.0
 70
     8
 71
     3
 72
     8
 73
     4
 74
     0
 42
0.0000001
 43
0.0000000001
 40
0.0
 40
0.0
 40
0.0
 40
0.0
 40
1.0
 40
1.0
 40
1.0
 40
1.0
 10
21.22671400571997
 20
63.5022668611
 30
0.0
 10
21.29924961375997
 20
63.56152795416
 30
0.0
 10
21.35654836377998
 20
63.63601639293998
 30
0.0
 10
21.39856747456002
 20
63.72387454589997
 30
0.0
  0
SPLINE
  5
617
330
2AF
100
AcDbEntity
  8
03___PRT_ALL_CURVES
  6
Continuous
 62
     4
100
AcDbSpline
210
0.0
220
0.0
230
1.0
 70
     8
 71
     3
 72
     8
 73
     4
 74
     0
 42
0.0000001
 43
0.0000000001
 40
0.0
 40
0.0
 40
0.0
 40
0.0
 40
1.0
 40
1.0
 40
1.0
 40
1.0
 10
22.11480211523997
 20
62.29999999970002
 30
0.0
 10
22.12817183195997
 20
62.41459754037999
 30
0.0
 10
22.16828097704001
 20
62.52346520681999
 30
0.0
 10
22.2360845346
 20
62.62469307396
 30
0.0
  0
SPLINE
  5
618
330
2AF
100
AcDbEntity
  8
03___PRT_ALL_CURVES
  6
Continuous
 62
     4
100
AcDbSpline
210
0.0
220
0.0
230
1.0
 70
     8
 71
     3
 72
     8
 73
     4
 74
     0
 42
0.0000001
 43
0.0000000001
 40
0.0
 40
0.0
 40
0.0
 40
0.0
 40
1.0
 40
1.0
 40
1.0
 40
1.0
 10
22.2360845346
 20
62.62469307396
 30
0.0
 10
22.30388805152
 20
62.72592088014
 30
0.0
 10
22.43090030447999
 20
62.84624827473999
 30
0.0
 10
22.61808648077997
 20
62.98470658050002
 30
0.0
  0
SPLINE
  5
619
330
2AF
100
AcDbEntity
  8
03___PRT_ALL_CURVES
  6
Continuous
 62
     4
100
AcDbSpline
210
0.0
220
0.0
230
1.0
 70
     8
 71
     3
 72
     8
 73
     4
 74
     0
 42
0.0000001
 43
0.0000000001
 40
0.0
 40
0.0
 40
0.0
 40
0.0
 40
1.0
 40
1.0
 40
1.0
 40
1.0
 10
22.61808648077997
 20
62.98470658050002
 30
0.0
 10
22.73171893829996
 20
63.06875850028001
 30
0.0
 10
22.8042973682
 20
63.13369715120001
 30
0.0
 10
22.83645550047999
 20
63.17785457622
 30
0.0
  0
SPLINE
  5
61A
330
2AF
100
AcDbEntity
  8
03___PRT_ALL_CURVES
  6
Continuous
 62
     4
100
AcDbSpline
210
0.0
220
0.0
230
1.0
 70
     8
 71
     3
 72
     8
 73
     4
 74
     0
 42
0.0000001
 43
0.0000000001
 40
0.0
 40
0.0
 40
0.0
 40
0.0
 40
1.0
 40
1.0
 40
1.0
 40
1.0
 10
22.83645550047999
 20
63.17785457622
 30
0.0
 10
22.86828097658
 20
63.22155522033998
 30
0.0
 10
22.88451566090001
 20
63.26261941050001
 30
0.0
 10
22.88451566090001
 20
63.30272847429998
 30
0.0
  0
SPLINE
  5
61B
330
2AF
100
AcDbEntity
  8
03___PRT_ALL_CURVES
  6
Continuous
 62
     4
100
AcDbSpline
210
0.0
220
0.0
230
1.0
 70
     8
 71
     3
 72
     8
 73
     4
 74
     0
 42
0.0000001
 43
0.0000000001
 40
0.0
 40
0.0
 40
0.0
 40
0.0
 40
1.0
 40
1.0
 40
1.0
 40
1.0
 10
22.88451566090001
 20
63.30272847429998
 30
0.0
 10
22.88451566090001
 20
63.34474762572
 30
0.0
 10
22.86828097658
 20
63.38103684193999
 30
0.0
 10
22.83676669619999
 20
63.41159616106
 30
0.0
  0
SPLINE
  5
61C
330
2AF
100
AcDbEntity
  8
03___PRT_ALL_CURVES
  6
Continuous
 62
     4
100
AcDbSpline
210
0.0
220
0.0
230
1.0
 70
     8
 71
     3
 72
     8
 73
     4
 74
     0
 42
0.0000001
 43
0.0000000001
 40
0.0
 40
0.0
 40
0.0
 40
0.0
 40
1.0
 40
1.0
 40
1.0
 40
1.0
 10
22.83676669619999
 20
63.41159616106
 30
0.0
 10
22.80525233200001
 20
63.44215556400002
 30
0.0
 10
22.76609822946
 20
63.45743520324001
 30
0.0
 10
22.71834914029998
 20
63.45743520324001
 30
0.0
  0
SPLINE
  5
61D
330
2AF
100
AcDbEntity
  8
03___PRT_ALL_CURVES
  6
Continuous
 62
     4
100
AcDbSpline
210
0.0
220
0.0
230
1.0
 70
     8
 71
     3
 72
     8
 73
     4
 74
     0
 42
0.0000001
 43
0.0000000001
 40
0.0
 40
0.0
 40
0.0
 40
0.0
 40
1.0
 40
1.0
 40
1.0
 40
1.0
 10
22.71834914029998
 20
63.45743520324001
 30
0.0
 10
22.66869029372
 20
63.45743520324001
 30
0.0
 10
22.62762610356
 20
63.44120051892
 30
0.0
 10
22.59634963829996
 20
63.4103979313
 30
0.0
  0
SPLINE
  5
61E
330
2AF
100
AcDbEntity
  8
03___PRT_ALL_CURVES
  6
Continuous
 62
     4
100
AcDbSpline
210
0.0
220
0.0
230
1.0
 70
     8
 71
     3
 72
     8
 73
     4
 74
     0
 42
0.0000001
 43
0.0000000001
 40
0.0
 40
0.0
 40
0.0
 40
0.0
 40
1.0
 40
1.0
 40
1.0
 40
1.0
 10
22.59634963829996
 20
63.4103979313
 30
0.0
 10
22.56459745644
 20
63.3791268356
 30
0.0
 10
22.54358796327998
 20
63.32373805127997
 30
0.0
 10
22.53308321669999
 20
63.24542976492
 30
0.0
  0
SPLINE
  5
61F
330
2AF
100
AcDbEntity
  8
03___PRT_ALL_CURVES
  6
Continuous
 62
     4
100
AcDbSpline
210
0.0
220
0.0
230
1.0
 70
     8
 71
     3
 72
     8
 73
     4
 74
     0
 42
0.0000001
 43
0.0000000001
 40
0.0
 40
0.0
 40
0.0
 40
0.0
 40
1.0
 40
1.0
 40
1.0
 40
1.0
 10
22.14345155247997
 20
63.27694408847998
 30
0.0
 10
22.15873119171999
 20
63.38581173460003
 30
0.0
 10
22.18642558387998
 20
63.47175987868002
 30
0.0
 10
22.22715897205998
 20
63.53309956550001
 30
0.0
  0
SPLINE
  5
620
330
2AF
100
AcDbEntity
  8
03___PRT_ALL_CURVES
  6
Continuous
 62
     4
100
AcDbSpline
210
0.0
220
0.0
230
1.0
 70
     8
 71
     3
 72
     8
 73
     4
 74
     0
 42
0.0000001
 43
0.0000000001
 40
0.0
 40
0.0
 40
0.0
 40
0.0
 40
1.0
 40
1.0
 40
1.0
 40
1.0
 10
22.22715897205998
 20
63.53309956550001
 30
0.0
 10
22.26759883783998
 20
63.59399723897999
 30
0.0
 10
22.32489771231999
 20
63.64174624685998
 30
0.0
 10
22.39938604950001
 20
63.67421556724
 30
0.0
  0
SPLINE
  5
621
330
2AF
100
AcDbEntity
  8
03___PRT_ALL_CURVES
  6
Continuous
 62
     4
100
AcDbSpline
210
0.0
220
0.0
230
1.0
 70
     8
 71
     3
 72
     8
 73
     4
 74
     0
 42
0.0000001
 43
0.0000000001
 40
0.0
 40
0.0
 40
0.0
 40
0.0
 40
1.0
 40
1.0
 40
1.0
 40
1.0
 10
22.39938604950001
 20
63.67421556724
 30
0.0
 10
22.47387441969997
 20
63.70668490032
 30
0.0
 10
22.57605733192
 20
63.72387454589997
 30
0.0
 10
22.70784439371999
 20
63.72387454589997
 30
0.0
  0
SPLINE
  5
622
330
2AF
100
AcDbEntity
  8
03___PRT_ALL_CURVES
  6
Continuous
 62
     4
100
AcDbSpline
210
0.0
220
0.0
230
1.0
 70
     8
 71
     3
 72
     8
 73
     4
 74
     0
 42
0.0000001
 43
0.0000000001
 40
0.0
 40
0.0
 40
0.0
 40
0.0
 40
1.0
 40
1.0
 40
1.0
 40
1.0
 10
22.70784439371999
 20
63.72387454589997
 30
0.0
 10
22.84440643200003
 20
63.72387454589997
 30
0.0
 10
22.95040919179999
 20
63.70763986158002
 30
0.0
 10
23.02664222703999
 20
63.67667018259999
 30
0.0
  0
SPLINE
  5
623
330
2AF
100
AcDbEntity
  8
03___PRT_ALL_CURVES
  6
Continuous
 62
     4
100
AcDbSpline
210
0.0
220
0.0
230
1.0
 70
     8
 71
     3
 72
     8
 73
     4
 74
     0
 42
0.0000001
 43
0.0000000001
 40
0.0
 40
0.0
 40
0.0
 40
0.0
 40
1.0
 40
1.0
 40
1.0
 40
1.0
 10
23.02664222703999
 20
63.67667018259999
 30
0.0
 10
23.10320591186002
 20
63.64556617826
 30
0.0
 10
23.1624147114
 20
63.59781717037998
 30
0.0
 10
23.20634376755999
 20
63.53287858804001
 30
0.0
  0
SPLINE
  5
624
330
2AF
100
AcDbEntity
  8
03___PRT_ALL_CURVES
  6
Continuous
 62
     4
100
AcDbSpline
210
0.0
220
0.0
230
1.0
 70
     8
 71
     3
 72
     8
 73
     4
 74
     0
 42
0.0000001
 43
0.0000000001
 40
0.0
 40
0.0
 40
0.0
 40
0.0
 40
1.0
 40
1.0
 40
1.0
 40
1.0
 10
23.20634376755999
 20
63.53287858804001
 30
0.0
 10
23.25027286436
 20
63.46793994981999
 30
0.0
 10
23.27223731877999
 20
63.39631648118001
 30
0.0
 10
23.27223731877999
 20
63.31609818848
 30
0.0
  0
SPLINE
  5
625
330
2AF
100
AcDbEntity
  8
03___PRT_ALL_CURVES
  6
Continuous
 62
     4
100
AcDbSpline
210
0.0
220
0.0
230
1.0
 70
     8
 71
     3
 72
     8
 73
     4
 74
     0
 42
0.0000001
 43
0.0000000001
 40
0.0
 40
0.0
 40
0.0
 40
0.0
 40
1.0
 40
1.0
 40
1.0
 40
1.0
 10
23.27223731877999
 20
63.31609818848
 30
0.0
 10
23.27223731877999
 20
63.23015004440001
 30
0.0
 10
23.24645284913998
 20
63.14897679044
 30
0.0
 10
23.19701027085998
 20
63.07148505565999
 30
0.0
  0
SPLINE
  5
626
330
2AF
100
AcDbEntity
  8
03___PRT_ALL_CURVES
  6
Continuous
 62
     4
100
AcDbSpline
210
0.0
220
0.0
230
1.0
 70
     8
 71
     3
 72
     8
 73
     4
 74
     0
 42
0.0000001
 43
0.0000000001
 40
0.0
 40
0.0
 40
0.0
 40
0.0
 40
1.0
 40
1.0
 40
1.0
 40
1.0
 10
23.19701027085998
 20
63.07148505565999
 30
0.0
 10
23.14713498834001
 20
62.99331514088001
 30
0.0
 10
23.05641195159998
 20
62.90832195806001
 30
0.0
 10
22.92444504509999
 20
62.81594510954
 30
0.0
  0
LINE
  5
627
330
2AF
100
AcDbEntity
  8
03___PRT_ALL_CURVES
  6
Continuous
 62
     4
100
AcDbLine
 10
22.92444504509999
 20
62.81594510954
 30
0.0
 11
22.76728474727997
 21
62.70175496708001
 31
0.0
  0
LINE
  5
628
330
2AF
100
AcDbEntity
  8
03___PRT_ALL_CURVES
  6
Continuous
 62
     4
100
AcDbLine
 10
22.76728474727997
 20
62.70175496708001
 30
0.0
 11
22.67442006382001
 21
62.61705321369999
 31
0.0
  0
SPLINE
  5
629
330
2AF
100
AcDbEntity
  8
03___PRT_ALL_CURVES
  6
Continuous
 62
     4
100
AcDbSpline
210
0.0
220
0.0
230
1.0
 70
     8
 71
     3
 72
     8
 73
     4
 74
     0
 42
0.0000001
 43
0.0000000001
 40
0.0
 40
0.0
 40
0.0
 40
0.0
 40
1.0
 40
1.0
 40
1.0
 40
1.0
 10
21.30450202134003
 20
59.73301501176002
 30
0.0
 10
21.24051841549999
 20
59.68431104516
 30
0.0
 10
21.17844472963998
 20
59.64515686133998
 30
0.0
 10
21.11942762897999
 20
59.61517237978001
 30
0.0
  0
SPLINE
  5
62A
330
2AF
100
AcDbEntity
  8
03___PRT_ALL_CURVES
  6
Continuous
 62
     4
100
AcDbSpline
210
0.0
220
0.0
230
1.0
 70
     8
 71
     3
 72
     8
 73
     4
 74
     0
 42
0.0000001
 43
0.0000000001
 40
0.0
 40
0.0
 40
0.0
 40
0.0
 40
1.0
 40
1.0
 40
1.0
 40
1.0
 10
21.11942762897999
 20
59.61517237978001
 30
0.0
 10
21.06002728042
 20
59.58499318435997
 30
0.0
 10
20.9855388645
 20
59.5563438284
 30
0.0
 10
20.89577078901996
 20
59.52960440004003
 30
0.0
  0
SPLINE
  5
62B
330
2AF
100
AcDbEntity
  8
03___PRT_ALL_CURVES
  6
Continuous
 62
     4
100
AcDbSpline
210
0.0
220
0.0
230
1.0
 70
     8
 71
     3
 72
     8
 73
     4
 74
     0
 42
0.0000001
 43
0.0000000001
 40
0.0
 40
0.0
 40
0.0
 40
0.0
 40
1.0
 40
1.0
 40
1.0
 40
1.0
 10
20.89577078901996
 20
59.84856755687997
 30
0.0
 10
21.02755797527999
 20
59.89058662702001
 30
0.0
 10
21.13069576494001
 20
59.94215556376
 30
0.0
 10
21.20427202368001
 20
60.00226686086
 30
0.0
  0
SPLINE
  5
62C
330
2AF
100
AcDbEntity
  8
03___PRT_ALL_CURVES
  6
Continuous
 62
     4
100
AcDbSpline
210
0.0
220
0.0
230
1.0
 70
     8
 71
     3
 72
     8
 73
     4
 74
     0
 42
0.0000001
 43
0.0000000001
 40
0.0
 40
0.0
 40
0.0
 40
0.0
 40
1.0
 40
1.0
 40
1.0
 40
1.0
 10
21.20427202368001
 20
60.00226686086
 30
0.0
 10
21.27680762917996
 20
60.06152795646
 30
0.0
 10
21.33410637919997
 20
60.13601639270001
 30
0.0
 10
21.37612548998001
 20
60.22387454566001
 30
0.0
  0
SPLINE
  5
62D
330
2AF
100
AcDbEntity
  8
03___PRT_ALL_CURVES
  6
Continuous
 62
     4
100
AcDbSpline
210
0.0
220
0.0
230
1.0
 70
     8
 71
     3
 72
     8
 73
     4
 74
     0
 42
0.0000001
 43
0.0000000001
 40
0.0
 40
0.0
 40
0.0
 40
0.0
 40
1.0
 40
1.0
 40
1.0
 40
1.0
 10
21.31834925297997
 20
56.23301501152002
 30
0.0
 10
21.25436564713999
 20
56.18431104491998
 30
0.0
 10
21.19229196382
 20
56.14515686109999
 30
0.0
 10
21.13327486061999
 20
56.11517237954001
 30
0.0
  0
SPLINE
  5
62E
330
2AF
100
AcDbEntity
  8
03___PRT_ALL_CURVES
  6
Continuous
 62
     4
100
AcDbSpline
210
0.0
220
0.0
230
1.0
 70
     8
 71
     3
 72
     8
 73
     4
 74
     0
 42
0.0000001
 43
0.0000000001
 40
0.0
 40
0.0
 40
0.0
 40
0.0
 40
1.0
 40
1.0
 40
1.0
 40
1.0
 10
21.13327486061999
 20
56.11517237954001
 30
0.0
 10
21.07387451206
 20
56.08499318412001
 30
0.0
 10
20.99938609614
 20
56.05634382816001
 30
0.0
 10
20.90961802065999
 20
56.02960439979998
 30
0.0
  0
SPLINE
  5
62F
330
2AF
100
AcDbEntity
  8
03___PRT_ALL_CURVES
  6
Continuous
 62
     4
100
AcDbSpline
210
0.0
220
0.0
230
1.0
 70
     8
 71
     3
 72
     8
 73
     4
 74
     0
 42
0.0000001
 43
0.0000000001
 40
0.0
 40
0.0
 40
0.0
 40
0.0
 40
1.0
 40
1.0
 40
1.0
 40
1.0
 10
20.90961802065999
 20
56.34856755664001
 30
0.0
 10
21.04140520691999
 20
56.39058662677999
 30
0.0
 10
21.14454299657999
 20
56.44215556352
 30
0.0
 10
21.21811925532
 20
56.50226686316
 30
0.0
  0
SPLINE
  5
630
330
2AF
100
AcDbEntity
  8
03___PRT_ALL_CURVES
  6
Continuous
 62
     4
100
AcDbSpline
210
0.0
220
0.0
230
1.0
 70
     8
 71
     3
 72
     8
 73
     4
 74
     0
 42
0.0000001
 43
0.0000000001
 40
0.0
 40
0.0
 40
0.0
 40
0.0
 40
1.0
 40
1.0
 40
1.0
 40
1.0
 10
21.21811925532
 20
56.50226686316
 30
0.0
 10
21.29065486082001
 20
56.56152795622
 30
0.0
 10
21.34795361084002
 20
56.63601639245999
 30
0.0
 10
21.38997272162001
 20
56.72387454541999
 30
0.0
  0
SPLINE
  5
631
330
2AF
100
AcDbEntity
  8
03___PRT_ALL_CURVES
  6
Continuous
 62
     4
100
AcDbSpline
210
0.0
220
0.0
230
1.0
 70
     8
 71
     3
 72
     8
 73
     4
 74
     0
 42
0.0000001
 43
0.0000000001
 40
0.0
 40
0.0
 40
0.0
 40
0.0
 40
1.0
 40
1.0
 40
1.0
 40
1.0
 10
22.87401098544001
 20
56.33710776498
 30
0.0
 10
22.86350607121997
 20
56.39058662677999
 30
0.0
 10
22.84631659327997
 20
56.42878584933999
 30
0.0
 10
22.82220243271999
 20
56.45145310652001
 30
0.0
  0
SPLINE
  5
632
330
2AF
100
AcDbEntity
  8
03___PRT_ALL_CURVES
  6
Continuous
 62
     4
100
AcDbSpline
210
0.0
220
0.0
230
1.0
 70
     8
 71
     3
 72
     8
 73
     4
 74
     0
 42
0.0000001
 43
0.0000000001
 40
0.0
 40
0.0
 40
0.0
 40
0.0
 40
1.0
 40
1.0
 40
1.0
 40
1.0
 10
22.82220243271999
 20
56.45145310652001
 30
0.0
 10
22.79856750411997
 20
56.47366988708001
 30
0.0
 10
22.76896318690001
 20
56.48512959491998
 30
0.0
 10
22.73458389574
 20
56.48512959491998
 30
0.0
  0
SPLINE
  5
633
330
2AF
100
AcDbEntity
  8
03___PRT_ALL_CURVES
  6
Continuous
 62
     4
100
AcDbSpline
210
0.0
220
0.0
230
1.0
 70
     8
 71
     3
 72
     8
 73
     4
 74
     0
 42
0.0000001
 43
0.0000000001
 40
0.0
 40
0.0
 40
0.0
 40
0.0
 40
1.0
 40
1.0
 40
1.0
 40
1.0
 10
22.73458389574
 20
56.48512959491998
 30
0.0
 10
22.67155525115999
 20
56.48512959491998
 30
0.0
 10
22.62189640458001
 20
56.45266031009999
 30
0.0
 10
22.58717005289998
 20
56.38982221378001
 30
0.0
  0
SPLINE
  5
634
330
2AF
100
AcDbEntity
  8
03___PRT_ALL_CURVES
  6
Continuous
 62
     4
100
AcDbSpline
210
0.0
220
0.0
230
1.0
 70
     8
 71
     3
 72
     8
 73
     4
 74
     0
 42
0.0000001
 43
0.0000000001
 40
0.0
 40
0.0
 40
0.0
 40
0.0
 40
1.0
 40
1.0
 40
1.0
 40
1.0
 10
22.58717005289998
 20
56.38982221378001
 30
0.0
 10
22.56173264377998
 20
56.34379266398
 30
0.0
 10
22.54263307313997
 20
56.24542976697998
 30
0.0
 10
22.53117320019996
 20
56.09549793070002
 30
0.0
  0
SPLINE
  5
635
330
2AF
100
AcDbEntity
  8
03___PRT_ALL_CURVES
  6
Continuous
 62
     4
100
AcDbSpline
210
0.0
220
0.0
230
1.0
 70
     8
 71
     3
 72
     8
 73
     4
 74
     0
 42
0.0000001
 43
0.0000000001
 40
0.0
 40
0.0
 40
0.0
 40
0.0
 40
1.0
 40
1.0
 40
1.0
 40
1.0
 10
22.53117320019996
 20
56.09549793070002
 30
0.0
 10
22.57701236684002
 20
56.14229197477999
 30
0.0
 10
22.62476128835999
 20
56.17667118212
 30
0.0
 10
22.67433527608
 20
56.19977365560001
 30
0.0
  0
SPLINE
  5
636
330
2AF
100
AcDbEntity
  8
03___PRT_ALL_CURVES
  6
Continuous
 62
     4
100
AcDbSpline
210
0.0
220
0.0
230
1.0
 70
     8
 71
     3
 72
     8
 73
     4
 74
     0
 42
0.0000001
 43
0.0000000001
 40
0.0
 40
0.0
 40
0.0
 40
0.0
 40
1.0
 40
1.0
 40
1.0
 40
1.0
 10
22.67433527608
 20
56.19977365560001
 30
0.0
 10
22.7231241879
 20
56.22251026493998
 30
0.0
 10
22.77946793347999
 20
56.23396997531998
 30
0.0
 10
22.84440650311998
 20
56.23396997531998
 30
0.0
  0
SPLINE
  5
637
330
2AF
100
AcDbEntity
  8
03___PRT_ALL_CURVES
  6
Continuous
 62
     4
100
AcDbSpline
210
0.0
220
0.0
230
1.0
 70
     8
 71
     3
 72
     8
 73
     4
 74
     0
 42
0.0000001
 43
0.0000000001
 40
0.0
 40
0.0
 40
0.0
 40
0.0
 40
1.0
 40
1.0
 40
1.0
 40
1.0
 10
22.84440650311998
 20
56.23396997531998
 30
0.0
 10
22.96855386976
 20
56.23396997531998
 30
0.0
 10
23.07455662956002
 20
56.18908593504003
 30
0.0
 10
23.16026655719998
 20
56.10004282381999
 30
0.0
  0
SPLINE
  5
638
330
2AF
100
AcDbEntity
  8
03___PRT_ALL_CURVES
  6
Continuous
 62
     4
100
AcDbSpline
210
0.0
220
0.0
230
1.0
 70
     8
 71
     3
 72
     8
 73
     4
 74
     0
 42
0.0000001
 43
0.0000000001
 40
0.0
 40
0.0
 40
0.0
 40
0.0
 40
1.0
 40
1.0
 40
1.0
 40
1.0
 10
23.16026655719998
 20
56.10004282381999
 30
0.0
 10
23.24645292026
 20
56.01050474533997
 30
0.0
 10
23.29038199673997
 20
55.89781717035999
 30
0.0
 10
23.29038199673997
 20
55.76125513208001
 30
0.0
  0
SPLINE
  5
639
330
2AF
100
AcDbEntity
  8
03___PRT_ALL_CURVES
  6
Continuous
 62
     4
100
AcDbSpline
210
0.0
220
0.0
230
1.0
 70
     8
 71
     3
 72
     8
 73
     4
 74
     0
 42
0.0000001
 43
0.0000000001
 40
0.0
 40
0.0
 40
0.0
 40
0.0
 40
1.0
 40
1.0
 40
1.0
 40
1.0
 10
23.29038199673997
 20
55.76125513208001
 30
0.0
 10
23.29038199673997
 20
55.66862208900002
 30
0.0
 10
23.26841754231998
 20
55.58458390808002
 30
0.0
 10
23.22448846838
 20
55.50818554678
 30
0.0
  0
SPLINE
  5
63A
330
2AF
100
AcDbEntity
  8
03___PRT_ALL_CURVES
  6
Continuous
 62
     4
100
AcDbSpline
210
0.0
220
0.0
230
1.0
 70
     8
 71
     3
 72
     8
 73
     4
 74
     0
 42
0.0000001
 43
0.0000000001
 40
0.0
 40
0.0
 40
0.0
 40
0.0
 40
1.0
 40
1.0
 40
1.0
 40
1.0
 10
23.22448846838
 20
55.50818554678
 30
0.0
 10
23.18055938935998
 20
55.43178717532001
 30
0.0
 10
23.1203956311
 20
55.3735334234
 30
0.0
 10
23.04285030486
 20
55.33476075012001
 30
0.0
  0
SPLINE
  5
63B
330
2AF
100
AcDbEntity
  8
03___PRT_ALL_CURVES
  6
Continuous
 62
     4
100
AcDbSpline
210
0.0
220
0.0
230
1.0
 70
     8
 71
     3
 72
     8
 73
     4
 74
     0
 42
0.0000001
 43
0.0000000001
 40
0.0
 40
0.0
 40
0.0
 40
0.0
 40
1.0
 40
1.0
 40
1.0
 40
1.0
 10
23.04285030486
 20
55.33476075012001
 30
0.0
 10
22.96568898597999
 20
55.29618008052
 30
0.0
 10
22.86923600896
 20
55.27612551306001
 30
0.0
 10
22.75272850258
 20
55.27612551306001
 30
0.0
  0
SPLINE
  5
63C
330
2AF
100
AcDbEntity
  8
03___PRT_ALL_CURVES
  6
Continuous
 62
     4
100
AcDbSpline
210
0.0
220
0.0
230
1.0
 70
     8
 71
     3
 72
     8
 73
     4
 74
     0
 42
0.0000001
 43
0.0000000001
 40
0.0
 40
0.0
 40
0.0
 40
0.0
 40
1.0
 40
1.0
 40
1.0
 40
1.0
 10
22.75272850258
 20
55.27612551306001
 30
0.0
 10
22.61234661925997
 20
55.27612551306001
 30
0.0
 10
22.49965896046001
 20
55.29999999922001
 30
0.0
 10
22.41550502158
 20
55.34754458789999
 30
0.0
  0
SPLINE
  5
63D
330
2AF
100
AcDbEntity
  8
03___PRT_ALL_CURVES
  6
Continuous
 62
     4
100
AcDbSpline
210
0.0
220
0.0
230
1.0
 70
     8
 71
     3
 72
     8
 73
     4
 74
     0
 42
0.0000001
 43
0.0000000001
 40
0.0
 40
0.0
 40
0.0
 40
0.0
 40
1.0
 40
1.0
 40
1.0
 40
1.0
 10
22.41550502158
 20
55.34754458789999
 30
0.0
 10
22.33062755354001
 20
55.39549795148
 30
0.0
 10
22.26282410011999
 20
55.47094133881998
 30
0.0
 10
22.21221012717999
 20
55.57598908656001
 30
0.0
  0
SPLINE
  5
63E
330
2AF
100
AcDbEntity
  8
03___PRT_ALL_CURVES
  6
Continuous
 62
     4
100
AcDbSpline
210
0.0
220
0.0
230
1.0
 70
     8
 71
     3
 72
     8
 73
     4
 74
     0
 42
0.0000001
 43
0.0000000001
 40
0.0
 40
0.0
 40
0.0
 40
0.0
 40
1.0
 40
1.0
 40
1.0
 40
1.0
 10
22.21221012717999
 20
55.57598908656001
 30
0.0
 10
22.16159614915998
 20
55.68103684191999
 30
0.0
 10
22.13676672459999
 20
55.81950888654001
 30
0.0
 10
22.13676672459999
 20
55.99236017914001
 30
0.0
  0
SPLINE
  5
63F
330
2AF
100
AcDbEntity
  8
03___PRT_ALL_CURVES
  6
Continuous
 62
     4
100
AcDbSpline
210
0.0
220
0.0
230
1.0
 70
     8
 71
     3
 72
     8
 73
     4
 74
     0
 42
0.0000001
 43
0.0000000001
 40
0.0
 40
0.0
 40
0.0
 40
0.0
 40
1.0
 40
1.0
 40
1.0
 40
1.0
 10
22.13676672459999
 20
55.99236017914001
 30
0.0
 10
22.13676672459999
 20
56.24447472189999
 30
0.0
 10
22.18929054132002
 20
56.42974081060001
 30
0.0
 10
22.29598642648
 20
56.54744116447998
 30
0.0
  0
SPLINE
  5
640
330
2AF
100
AcDbEntity
  8
03___PRT_ALL_CURVES
  6
Continuous
 62
     4
100
AcDbSpline
210
0.0
220
0.0
230
1.0
 70
     8
 71
     3
 72
     8
 73
     4
 74
     0
 42
0.0000001
 43
0.0000000001
 40
0.0
 40
0.0
 40
0.0
 40
0.0
 40
1.0
 40
1.0
 40
1.0
 40
1.0
 10
22.29598642648
 20
56.54744116447998
 30
0.0
 10
22.40225102218
 20
56.66466574588
 30
0.0
 10
22.54931780703998
 20
56.72387454541999
 30
0.0
 10
22.73840391096002
 20
56.72387454541999
 30
0.0
  0
SPLINE
  5
641
330
2AF
100
AcDbEntity
  8
03___PRT_ALL_CURVES
  6
Continuous
 62
     4
100
AcDbSpline
210
0.0
220
0.0
230
1.0
 70
     8
 71
     3
 72
     8
 73
     4
 74
     0
 42
0.0000001
 43
0.0000000001
 40
0.0
 40
0.0
 40
0.0
 40
0.0
 40
1.0
 40
1.0
 40
1.0
 40
1.0
 10
22.73840391096002
 20
56.72387454541999
 30
0.0
 10
22.84918147959999
 20
56.72387454541999
 30
0.0
 10
22.93703963002
 20
56.71050474742
 30
0.0
 10
23.00197818695997
 20
56.68472032604001
 30
0.0
  0
SPLINE
  5
642
330
2AF
100
AcDbEntity
  8
03___PRT_ALL_CURVES
  6
Continuous
 62
     4
100
AcDbSpline
210
0.0
220
0.0
230
1.0
 70
     8
 71
     3
 72
     8
 73
     4
 74
     0
 42
0.0000001
 43
0.0000000001
 40
0.0
 40
0.0
 40
0.0
 40
0.0
 40
1.0
 40
1.0
 40
1.0
 40
1.0
 10
23.00197818695997
 20
56.68472032604001
 30
0.0
 10
23.06691676929998
 20
56.65893589195997
 30
0.0
 10
23.1203956311
 20
56.62169171447999
 30
0.0
 10
23.16309478877997
 20
56.57179608402001
 30
0.0
  0
SPLINE
  5
643
330
2AF
100
AcDbEntity
  8
03___PRT_ALL_CURVES
  6
Continuous
 62
     4
100
AcDbSpline
210
0.0
220
0.0
230
1.0
 70
     8
 71
     3
 72
     8
 73
     4
 74
     0
 42
0.0000001
 43
0.0000000001
 40
0.0
 40
0.0
 40
0.0
 40
0.0
 40
1.0
 40
1.0
 40
1.0
 40
1.0
 10
23.16309478877997
 20
56.57179608402001
 30
0.0
 10
23.20538889773997
 20
56.52237377239999
 30
0.0
 10
23.23785809873999
 20
56.45934512528001
 30
0.0
 10
23.26077768206
 20
56.38485677285999
 30
0.0
  0
SPLINE
  5
644
330
2AF
100
AcDbEntity
  8
03___PRT_ALL_CURVES
  6
Continuous
 62
     4
100
AcDbSpline
210
0.0
220
0.0
230
1.0
 70
     8
 71
     3
 72
     8
 73
     4
 74
     0
 42
0.0000001
 43
0.0000000001
 40
0.0
 40
0.0
 40
0.0
 40
0.0
 40
1.0
 40
1.0
 40
1.0
 40
1.0
 10
22.5445429982
 20
55.76125513208001
 30
0.0
 10
22.5445429982
 20
55.68485677331998
 30
0.0
 10
22.56364256629999
 20
55.62564801441999
 30
0.0
 10
22.60184175329999
 20
55.58267398302002
 30
0.0
  0
SPLINE
  5
645
330
2AF
100
AcDbEntity
  8
03___PRT_ALL_CURVES
  6
Continuous
 62
     4
100
AcDbSpline
210
0.0
220
0.0
230
1.0
 70
     8
 71
     3
 72
     8
 73
     4
 74
     0
 42
0.0000001
 43
0.0000000001
 40
0.0
 40
0.0
 40
0.0
 40
0.0
 40
1.0
 40
1.0
 40
1.0
 40
1.0
 10
22.60184175329999
 20
55.58267398302002
 30
0.0
 10
22.64004101141998
 20
55.53969987034
 30
0.0
 10
22.68683497167999
 20
55.51869031368
 30
0.0
 10
22.74222375600002
 20
55.51869031368
 30
0.0
  0
SPLINE
  5
646
330
2AF
100
AcDbEntity
  8
03___PRT_ALL_CURVES
  6
Continuous
 62
     4
100
AcDbSpline
210
0.0
220
0.0
230
1.0
 70
     8
 71
     3
 72
     8
 73
     4
 74
     0
 42
0.0000001
 43
0.0000000001
 40
0.0
 40
0.0
 40
0.0
 40
0.0
 40
1.0
 40
1.0
 40
1.0
 40
1.0
 10
22.74222375600002
 20
55.51869031368
 30
0.0
 10
22.79283773148001
 20
55.51869031368
 30
0.0
 10
22.83581167906001
 20
55.53778990463999
 30
0.0
 10
22.87042871167998
 20
55.57673403554
 30
0.0
  0
SPLINE
  5
647
330
2AF
100
AcDbEntity
  8
03___PRT_ALL_CURVES
  6
Continuous
 62
     4
100
AcDbSpline
210
0.0
220
0.0
230
1.0
 70
     8
 71
     3
 72
     8
 73
     4
 74
     0
 42
0.0000001
 43
0.0000000001
 40
0.0
 40
0.0
 40
0.0
 40
0.0
 40
1.0
 40
1.0
 40
1.0
 40
1.0
 10
22.87042871167998
 20
55.57673403554
 30
0.0
 10
22.90457026392002
 20
55.61514324752
 30
0.0
 10
22.9217599095
 20
55.67339698166001
 30
0.0
 10
22.9217599095
 20
55.75075034485999
 30
0.0
  0
SPLINE
  5
648
330
2AF
100
AcDbEntity
  8
03___PRT_ALL_CURVES
  6
Continuous
 62
     4
100
AcDbSpline
210
0.0
220
0.0
230
1.0
 70
     8
 71
     3
 72
     8
 73
     4
 74
     0
 42
0.0000001
 43
0.0000000001
 40
0.0
 40
0.0
 40
0.0
 40
0.0
 40
1.0
 40
1.0
 40
1.0
 40
1.0
 10
22.9217599095
 20
55.75075034485999
 30
0.0
 10
22.9217599095
 20
55.82905867186
 30
0.0
 10
22.90361530266
 20
55.88922238947998
 30
0.0
 10
22.86776831059998
 20
55.93080489712
 30
0.0
  0
SPLINE
  5
649
330
2AF
100
AcDbEntity
  8
03___PRT_ALL_CURVES
  6
Continuous
 62
     4
100
AcDbSpline
210
0.0
220
0.0
230
1.0
 70
     8
 71
     3
 72
     8
 73
     4
 74
     0
 42
0.0000001
 43
0.0000000001
 40
0.0
 40
0.0
 40
0.0
 40
0.0
 40
1.0
 40
1.0
 40
1.0
 40
1.0
 10
22.86776831059998
 20
55.93080489712
 30
0.0
 10
22.83199183401996
 20
55.9723056066
 30
0.0
 10
22.78806275753999
 20
55.99331514293999
 30
0.0
 10
22.73553885700002
 20
55.99331514293999
 30
0.0
  0
SPLINE
  5
64A
330
2AF
100
AcDbEntity
  8
03___PRT_ALL_CURVES
  6
Continuous
 62
     4
100
AcDbSpline
210
0.0
220
0.0
230
1.0
 70
     8
 71
     3
 72
     8
 73
     4
 74
     0
 42
0.0000001
 43
0.0000000001
 40
0.0
 40
0.0
 40
0.0
 40
0.0
 40
1.0
 40
1.0
 40
1.0
 40
1.0
 10
22.73553885700002
 20
55.99331514293999
 30
0.0
 10
22.68110503394001
 20
55.99331514293999
 30
0.0
 10
22.63526603494
 20
55.97326057040002
 30
0.0
 10
22.59897682126001
 20
55.93315142278001
 30
0.0
  0
SPLINE
  5
64B
330
2AF
100
AcDbEntity
  8
03___PRT_ALL_CURVES
  6
Continuous
 62
     4
100
AcDbSpline
210
0.0
220
0.0
230
1.0
 70
     8
 71
     3
 72
     8
 73
     4
 74
     0
 42
0.0000001
 43
0.0000000001
 40
0.0
 40
0.0
 40
0.0
 40
0.0
 40
1.0
 40
1.0
 40
1.0
 40
1.0
 10
22.59897682126001
 20
55.93315142278001
 30
0.0
 10
22.56268760503997
 20
55.8930422777
 30
0.0
 10
22.5445429982
 20
55.83574352767999
 30
0.0
 10
22.5445429982
 20
55.76125513208001
 30
0.0
  0
SPLINE
  5
64C
330
2AF
100
AcDbEntity
  8
03___PRT_ALL_CURVES
  6
Continuous
 62
     4
100
AcDbSpline
210
0.0
220
0.0
230
1.0
 70
     8
 71
     3
 72
     8
 73
     4
 74
     0
 42
0.0000001
 43
0.0000000001
 40
0.0
 40
0.0
 40
0.0
 40
0.0
 40
1.0
 40
1.0
 40
1.0
 40
1.0
 10
21.32407916786002
 20
52.73301501128
 30
0.0
 10
21.26009555947999
 20
52.68431104468002
 30
0.0
 10
21.19802187615997
 20
52.64515686086
 30
0.0
 10
21.13900477549998
 20
52.61517237929999
 30
0.0
  0
SPLINE
  5
64D
330
2AF
100
AcDbEntity
  8
03___PRT_ALL_CURVES
  6
Continuous
 62
     4
100
AcDbSpline
210
0.0
220
0.0
230
1.0
 70
     8
 71
     3
 72
     8
 73
     4
 74
     0
 42
0.0000001
 43
0.0000000001
 40
0.0
 40
0.0
 40
0.0
 40
0.0
 40
1.0
 40
1.0
 40
1.0
 40
1.0
 10
21.13900477549998
 20
52.61517237929999
 30
0.0
 10
21.0796044244
 20
52.58499318387999
 30
0.0
 10
21.00511600848003
 20
52.55634383045998
 30
0.0
 10
20.91534793299999
 20
52.52960439956001
 30
0.0
  0
SPLINE
  5
64E
330
2AF
100
AcDbEntity
  8
03___PRT_ALL_CURVES
  6
Continuous
 62
     4
100
AcDbSpline
210
0.0
220
0.0
230
1.0
 70
     8
 71
     3
 72
     8
 73
     4
 74
     0
 42
0.0000001
 43
0.0000000001
 40
0.0
 40
0.0
 40
0.0
 40
0.0
 40
1.0
 40
1.0
 40
1.0
 40
1.0
 10
20.91534793299999
 20
52.84856755639998
 30
0.0
 10
21.04713511925996
 20
52.89058662654
 30
0.0
 10
21.15027291146001
 20
52.94215556328001
 30
0.0
 10
21.2238491702
 20
53.00226686291998
 30
0.0
  0
SPLINE
  5
64F
330
2AF
100
AcDbEntity
  8
03___PRT_ALL_CURVES
  6
Continuous
 62
     4
100
AcDbSpline
210
0.0
220
0.0
230
1.0
 70
     8
 71
     3
 72
     8
 73
     4
 74
     0
 42
0.0000001
 43
0.0000000001
 40
0.0
 40
0.0
 40
0.0
 40
0.0
 40
1.0
 40
1.0
 40
1.0
 40
1.0
 10
21.2238491702
 20
53.00226686291998
 30
0.0
 10
21.29638477570001
 20
53.06152795597998
 30
0.0
 10
21.35368352571999
 20
53.13601639222
 30
0.0
 10
21.39570263649998
 20
53.22387454518002
 30
0.0
  0
SPLINE
  5
650
330
2AF
100
AcDbEntity
  8
03___PRT_ALL_CURVES
  6
Continuous
 62
     4
100
AcDbSpline
210
0.0
220
0.0
230
1.0
 70
     8
 71
     3
 72
     8
 73
     4
 74
     0
 42
0.0000001
 43
0.0000000001
 40
0.0
 40
0.0
 40
0.0
 40
0.0
 40
1.0
 40
1.0
 40
1.0
 40
1.0
 10
22.37455660715997
 20
52.55252389905999
 30
0.0
 10
22.31343805274
 20
52.58499318387999
 30
0.0
 10
22.26855401246002
 20
52.62128239756001
 30
0.0
 10
22.24068395898001
 20
52.66126980044001
 30
0.0
  0
SPLINE
  5
651
330
2AF
100
AcDbEntity
  8
03___PRT_ALL_CURVES
  6
Continuous
 62
     4
100
AcDbSpline
210
0.0
220
0.0
230
1.0
 70
     8
 71
     3
 72
     8
 73
     4
 74
     0
 42
0.0000001
 43
0.0000000001
 40
0.0
 40
0.0
 40
0.0
 40
0.0
 40
1.0
 40
1.0
 40
1.0
 40
1.0
 10
22.24068395898001
 20
52.66126980044001
 30
0.0
 10
22.20266031646
 20
52.7158253657
 30
0.0
 10
22.18356074582002
 20
52.77885401281998
 30
0.0
 10
22.18356074582002
 20
52.85047748145999
 30
0.0
  0
SPLINE
  5
652
330
2AF
100
AcDbEntity
  8
03___PRT_ALL_CURVES
  6
Continuous
 62
     4
100
AcDbSpline
210
0.0
220
0.0
230
1.0
 70
     8
 71
     3
 72
     8
 73
     4
 74
     0
 42
0.0000001
 43
0.0000000001
 40
0.0
 40
0.0
 40
0.0
 40
0.0
 40
1.0
 40
1.0
 40
1.0
 40
1.0
 10
22.18356074582002
 20
52.85047748145999
 30
0.0
 10
22.18356074582002
 20
52.96698498783999
 30
0.0
 10
22.23799456888003
 20
53.06343796231999
 30
0.0
 10
22.34890092314001
 20
53.13773443043999
 30
0.0
  0
SPLINE
  5
653
330
2AF
100
AcDbEntity
  8
03___PRT_ALL_CURVES
  6
Continuous
 62
     4
100
AcDbSpline
210
0.0
220
0.0
230
1.0
 70
     8
 71
     3
 72
     8
 73
     4
 74
     0
 42
0.0000001
 43
0.0000000001
 40
0.0
 40
0.0
 40
0.0
 40
0.0
 40
1.0
 40
1.0
 40
1.0
 40
1.0
 10
22.34890092314001
 20
53.13773443043999
 30
0.0
 10
22.43472036796001
 20
53.19522510793999
 30
0.0
 10
22.54836298801999
 20
53.22387454518002
 30
0.0
 10
22.68969983513998
 20
53.22387454518002
 30
0.0
  0
SPLINE
  5
654
330
2AF
100
AcDbEntity
  8
03___PRT_ALL_CURVES
  6
Continuous
 62
     4
100
AcDbSpline
210
0.0
220
0.0
230
1.0
 70
     8
 71
     3
 72
     8
 73
     4
 74
     0
 42
0.0000001
 43
0.0000000001
 40
0.0
 40
0.0
 40
0.0
 40
0.0
 40
1.0
 40
1.0
 40
1.0
 40
1.0
 10
22.68969983513998
 20
53.22387454518002
 30
0.0
 10
22.87687584636001
 20
53.22387454518002
 30
0.0
 10
23.01439301354
 20
53.18758524514001
 30
0.0
 10
23.10392915908
 20
53.11662311629999
 30
0.0
  0
SPLINE
  5
655
330
2AF
100
AcDbEntity
  8
03___PRT_ALL_CURVES
  6
Continuous
 62
     4
100
AcDbSpline
210
0.0
220
0.0
230
1.0
 70
     8
 71
     3
 72
     8
 73
     4
 74
     0
 42
0.0000001
 43
0.0000000001
 40
0.0
 40
0.0
 40
0.0
 40
0.0
 40
1.0
 40
1.0
 40
1.0
 40
1.0
 10
23.10392915908
 20
53.11662311629999
 30
0.0
 10
23.19392916449996
 20
53.04529335548
 30
0.0
 10
23.23881320223995
 20
52.95552528000002
 30
0.0
 10
23.23881320223995
 20
52.84761251131999
 30
0.0
  0
SPLINE
  5
656
330
2AF
100
AcDbEntity
  8
03___PRT_ALL_CURVES
  6
Continuous
 62
     4
100
AcDbSpline
210
0.0
220
0.0
230
1.0
 70
     8
 71
     3
 72
     8
 73
     4
 74
     0
 42
0.0000001
 43
0.0000000001
 40
0.0
 40
0.0
 40
0.0
 40
0.0
 40
1.0
 40
1.0
 40
1.0
 40
1.0
 10
23.23881320223995
 20
52.84761251131999
 30
0.0
 10
23.23881320223995
 20
52.78458386674001
 30
0.0
 10
23.22066859540001
 20
52.72537515102002
 30
0.0
 10
23.18530076925998
 20
52.67096313639999
 30
0.0
  0
SPLINE
  5
657
330
2AF
100
AcDbEntity
  8
03___PRT_ALL_CURVES
  6
Continuous
 62
     4
100
AcDbSpline
210
0.0
220
0.0
230
1.0
 70
     8
 71
     3
 72
     8
 73
     4
 74
     0
 42
0.0000001
 43
0.0000000001
 40
0.0
 40
0.0
 40
0.0
 40
0.0
 40
1.0
 40
1.0
 40
1.0
 40
1.0
 10
23.18530076925998
 20
52.67096313639999
 30
0.0
 10
23.15859491208002
 20
52.62987722162001
 30
0.0
 10
23.11657575811998
 20
52.59072303779999
 30
0.0
 10
23.05927705127999
 20
52.55252389905999
 30
0.0
  0
SPLINE
  5
658
330
2AF
100
AcDbEntity
  8
03___PRT_ALL_CURVES
  6
Continuous
 62
     4
100
AcDbSpline
210
0.0
220
0.0
230
1.0
 70
     8
 71
     3
 72
     8
 73
     4
 74
     0
 42
0.0000001
 43
0.0000000001
 40
0.0
 40
0.0
 40
0.0
 40
0.0
 40
1.0
 40
1.0
 40
1.0
 40
1.0
 10
23.05927705127999
 20
52.55252389905999
 30
0.0
 10
23.13472036749999
 20
52.51623468284001
 30
0.0
 10
23.19106411307999
 20
52.46753071623999
 30
0.0
 10
23.22809419141998
 20
52.40818771834
 30
0.0
  0
SPLINE
  5
659
330
2AF
100
AcDbEntity
  8
03___PRT_ALL_CURVES
  6
Continuous
 62
     4
100
AcDbSpline
210
0.0
220
0.0
230
1.0
 70
     8
 71
     3
 72
     8
 73
     4
 74
     0
 42
0.0000001
 43
0.0000000001
 40
0.0
 40
0.0
 40
0.0
 40
0.0
 40
1.0
 40
1.0
 40
1.0
 40
1.0
 10
23.22809419141998
 20
52.40818771834
 30
0.0
 10
23.26555263314
 20
52.34815823971999
 30
0.0
 10
23.28465220378001
 20
52.28226466818001
 30
0.0
 10
23.28465220378001
 20
52.20968623828
 30
0.0
  0
SPLINE
  5
65A
330
2AF
100
AcDbEntity
  8
03___PRT_ALL_CURVES
  6
Continuous
 62
     4
100
AcDbSpline
210
0.0
220
0.0
230
1.0
 70
     8
 71
     3
 72
     8
 73
     4
 74
     0
 42
0.0000001
 43
0.0000000001
 40
0.0
 40
0.0
 40
0.0
 40
0.0
 40
1.0
 40
1.0
 40
1.0
 40
1.0
 10
23.28465220378001
 20
52.20968623828
 30
0.0
 10
23.28465220378001
 20
52.13901773089998
 30
0.0
 10
23.26841751945997
 20
52.07407912062001
 30
0.0
 10
23.2359482194
 20
52.01296040363999
 30
0.0
  0
SPLINE
  5
65B
330
2AF
100
AcDbEntity
  8
03___PRT_ALL_CURVES
  6
Continuous
 62
     4
100
AcDbSpline
210
0.0
220
0.0
230
1.0
 70
     8
 71
     3
 72
     8
 73
     4
 74
     0
 42
0.0000001
 43
0.0000000001
 40
0.0
 40
0.0
 40
0.0
 40
0.0
 40
1.0
 40
1.0
 40
1.0
 40
1.0
 10
23.2359482194
 20
52.01296040363999
 30
0.0
 10
23.20347894982001
 20
51.95184175016001
 30
0.0
 10
23.16432468217997
 20
51.90504774671999
 30
0.0
 10
23.11775439685999
 20
51.87225843714
 30
0.0
  0
SPLINE
  5
65C
330
2AF
100
AcDbEntity
  8
03___PRT_ALL_CURVES
  6
Continuous
 62
     4
100
AcDbSpline
210
0.0
220
0.0
230
1.0
 70
     8
 71
     3
 72
     8
 73
     4
 74
     0
 42
0.0000001
 43
0.0000000001
 40
0.0
 40
0.0
 40
0.0
 40
0.0
 40
1.0
 40
1.0
 40
1.0
 40
1.0
 10
23.11775439685999
 20
51.87225843714
 30
0.0
 10
23.07073675911997
 20
51.83915415993999
 30
0.0
 10
23.01248292338002
 20
51.81432469219999
 30
0.0
 10
22.94286505397997
 20
51.79954280660002
 30
0.0
  0
SPLINE
  5
65D
330
2AF
100
AcDbEntity
  8
03___PRT_ALL_CURVES
  6
Continuous
 62
     4
100
AcDbSpline
210
0.0
220
0.0
230
1.0
 70
     8
 71
     3
 72
     8
 73
     4
 74
     0
 42
0.0000001
 43
0.0000000001
 40
0.0
 40
0.0
 40
0.0
 40
0.0
 40
1.0
 40
1.0
 40
1.0
 40
1.0
 10
22.72025927871996
 20
51.77612551281999
 30
0.0
 10
22.5712824037
 20
51.77612551281999
 30
0.0
 10
22.45859491253998
 20
51.7942701222
 30
0.0
 10
22.3802865449
 20
51.82864938541999
 30
0.0
  0
SPLINE
  5
65E
330
2AF
100
AcDbEntity
  8
03___PRT_ALL_CURVES
  6
Continuous
 62
     4
100
AcDbSpline
210
0.0
220
0.0
230
1.0
 70
     8
 71
     3
 72
     8
 73
     4
 74
     0
 42
0.0000001
 43
0.0000000001
 40
0.0
 40
0.0
 40
0.0
 40
0.0
 40
1.0
 40
1.0
 40
1.0
 40
1.0
 10
22.3802865449
 20
51.82864938541999
 30
0.0
 10
22.30197817726
 20
51.86302865118
 30
0.0
 10
22.24181458409998
 20
51.91459753966001
 30
0.0
 10
22.20114150059999
 20
51.98302403221999
 30
0.0
  0
SPLINE
  5
65F
330
2AF
100
AcDbEntity
  8
03___PRT_ALL_CURVES
  6
Continuous
 62
     4
100
AcDbSpline
210
0.0
220
0.0
230
1.0
 70
     8
 71
     3
 72
     8
 73
     4
 74
     0
 42
0.0000001
 43
0.0000000001
 40
0.0
 40
0.0
 40
0.0
 40
0.0
 40
1.0
 40
1.0
 40
1.0
 40
1.0
 10
22.20114150059999
 20
51.98302403221999
 30
0.0
 10
22.16064133013998
 20
52.05115962112001
 30
0.0
 10
22.14058671442001
 20
52.12755797987998
 30
0.0
 10
22.14058671442001
 20
52.21159616079999
 30
0.0
  0
SPLINE
  5
660
330
2AF
100
AcDbEntity
  8
03___PRT_ALL_CURVES
  6
Continuous
 62
     4
100
AcDbSpline
210
0.0
220
0.0
230
1.0
 70
     8
 71
     3
 72
     8
 73
     4
 74
     0
 42
0.0000001
 43
0.0000000001
 40
0.0
 40
0.0
 40
0.0
 40
0.0
 40
1.0
 40
1.0
 40
1.0
 40
1.0
 10
22.14058671442001
 20
52.21159616079999
 30
0.0
 10
22.14058671442001
 20
52.29372441666001
 30
0.0
 10
22.15968620123999
 20
52.36248295834
 30
0.0
 10
22.19788543903999
 20
52.41978175407999
 30
0.0
  0
SPLINE
  5
661
330
2AF
100
AcDbEntity
  8
03___PRT_ALL_CURVES
  6
Continuous
 62
     4
100
AcDbSpline
210
0.0
220
0.0
230
1.0
 70
     8
 71
     3
 72
     8
 73
     4
 74
     0
 42
0.0000001
 43
0.0000000001
 40
0.0
 40
0.0
 40
0.0
 40
0.0
 40
1.0
 40
1.0
 40
1.0
 40
1.0
 10
22.19788543903999
 20
52.41978175407999
 30
0.0
 10
22.23608464635998
 20
52.47708049902002
 30
0.0
 10
22.29433831445999
 20
52.52100957550002
 30
0.0
 10
22.37455660715997
 20
52.55252389905999
 30
0.0
  0
SPLINE
  5
662
330
2AF
100
AcDbEntity
  8
03___PRT_ALL_CURVES
  6
Continuous
 62
     4
100
AcDbSpline
210
0.0
220
0.0
230
1.0
 70
     8
 71
     3
 72
     8
 73
     4
 74
     0
 42
0.0000001
 43
0.0000000001
 40
0.0
 40
0.0
 40
0.0
 40
0.0
 40
1.0
 40
1.0
 40
1.0
 40
1.0
 10
22.54931794927995
 20
52.82755798195998
 30
0.0
 10
22.54931794927995
 20
52.77885401281998
 30
0.0
 10
22.56364254343998
 20
52.73969982900002
 30
0.0
 10
22.59420192605998
 20
52.71009544827999
 30
0.0
  0
SPLINE
  5
663
330
2AF
100
AcDbEntity
  8
03___PRT_ALL_CURVES
  6
Continuous
 62
     4
100
AcDbSpline
210
0.0
220
0.0
230
1.0
 70
     8
 71
     3
 72
     8
 73
     4
 74
     0
 42
0.0000001
 43
0.0000000001
 40
0.0
 40
0.0
 40
0.0
 40
0.0
 40
1.0
 40
1.0
 40
1.0
 40
1.0
 10
22.59420192605998
 20
52.71009544827999
 30
0.0
 10
22.62476126549998
 20
52.68049111328
 30
0.0
 10
22.66487049440002
 20
52.6661664353
 30
0.0
 10
22.71548430223996
 20
52.6661664353
 30
0.0
  0
SPLINE
  5
664
330
2AF
100
AcDbEntity
  8
03___PRT_ALL_CURVES
  6
Continuous
 62
     4
100
AcDbSpline
210
0.0
220
0.0
230
1.0
 70
     8
 71
     3
 72
     8
 73
     4
 74
     0
 42
0.0000001
 43
0.0000000001
 40
0.0
 40
0.0
 40
0.0
 40
0.0
 40
1.0
 40
1.0
 40
1.0
 40
1.0
 10
22.71548430223996
 20
52.6661664353
 30
0.0
 10
22.75941337871998
 20
52.6661664353
 30
0.0
 10
22.79665755619996
 20
52.68049111328
 30
0.0
 10
22.82554671609998
 20
52.70986170985998
 30
0.0
  0
SPLINE
  5
665
330
2AF
100
AcDbEntity
  8
03___PRT_ALL_CURVES
  6
Continuous
 62
     4
100
AcDbSpline
210
0.0
220
0.0
230
1.0
 70
     8
 71
     3
 72
     8
 73
     4
 74
     0
 42
0.0000001
 43
0.0000000001
 40
0.0
 40
0.0
 40
0.0
 40
0.0
 40
1.0
 40
1.0
 40
1.0
 40
1.0
 10
22.82554671609998
 20
52.70986170985998
 30
0.0
 10
22.85395643067997
 20
52.73874486774002
 30
0.0
 10
22.86828102484
 20
52.77694408776
 30
0.0
 10
22.86828102484
 20
52.82373805056002
 30
0.0
  0
SPLINE
  5
666
330
2AF
100
AcDbEntity
  8
03___PRT_ALL_CURVES
  6
Continuous
 62
     4
100
AcDbSpline
210
0.0
220
0.0
230
1.0
 70
     8
 71
     3
 72
     8
 73
     4
 74
     0
 42
0.0000001
 43
0.0000000001
 40
0.0
 40
0.0
 40
0.0
 40
0.0
 40
1.0
 40
1.0
 40
1.0
 40
1.0
 10
22.86828102484
 20
52.82373805056002
 30
0.0
 10
22.86828102484
 20
52.87148705589999
 30
0.0
 10
22.85300146942001
 20
52.91064123972001
 30
0.0
 10
22.82315359667999
 20
52.9409628377
 30
0.0
  0
SPLINE
  5
667
330
2AF
100
AcDbEntity
  8
03___PRT_ALL_CURVES
  6
Continuous
 62
     4
100
AcDbSpline
210
0.0
220
0.0
230
1.0
 70
     8
 71
     3
 72
     8
 73
     4
 74
     0
 42
0.0000001
 43
0.0000000001
 40
0.0
 40
0.0
 40
0.0
 40
0.0
 40
1.0
 40
1.0
 40
1.0
 40
1.0
 10
22.82315359667999
 20
52.9409628377
 30
0.0
 10
22.79283770861997
 20
52.9717598805
 30
0.0
 10
22.75463856988003
 20
52.98703960102
 30
0.0
 10
22.70879957087999
 20
52.98703960102
 30
0.0
  0
SPLINE
  5
668
330
2AF
100
AcDbEntity
  8
03___PRT_ALL_CURVES
  6
Continuous
 62
     4
100
AcDbSpline
210
0.0
220
0.0
230
1.0
 70
     8
 71
     3
 72
     8
 73
     4
 74
     0
 42
0.0000001
 43
0.0000000001
 40
0.0
 40
0.0
 40
0.0
 40
0.0
 40
1.0
 40
1.0
 40
1.0
 40
1.0
 10
22.70879957087999
 20
52.98703960102
 30
0.0
 10
22.66105047918001
 20
52.98703960102
 30
0.0
 10
22.62285134044001
 20
52.9717598805
 30
0.0
 10
22.59324700543999
 20
52.9421555836
 30
0.0
  0
SPLINE
  5
669
330
2AF
100
AcDbEntity
  8
03___PRT_ALL_CURVES
  6
Continuous
 62
     4
100
AcDbSpline
210
0.0
220
0.0
230
1.0
 70
     8
 71
     3
 72
     8
 73
     4
 74
     0
 42
0.0000001
 43
0.0000000001
 40
0.0
 40
0.0
 40
0.0
 40
0.0
 40
1.0
 40
1.0
 40
1.0
 40
1.0
 10
22.59324700543999
 20
52.9421555836
 30
0.0
 10
22.56364254343998
 20
52.91255116477998
 30
0.0
 10
22.54931794927995
 20
52.87435194221999
 30
0.0
 10
22.54931794927995
 20
52.82755798195998
 30
0.0
  0
SPLINE
  5
66A
330
2AF
100
AcDbEntity
  8
03___PRT_ALL_CURVES
  6
Continuous
 62
     4
100
AcDbSpline
210
0.0
220
0.0
230
1.0
 70
     8
 71
     3
 72
     8
 73
     4
 74
     0
 42
0.0000001
 43
0.0000000001
 40
0.0
 40
0.0
 40
0.0
 40
0.0
 40
1.0
 40
1.0
 40
1.0
 40
1.0
 10
22.52830845611999
 20
52.22496587498
 30
0.0
 10
22.52830845611999
 20
52.16289223484
 30
0.0
 10
22.54645306549997
 20
52.11227830000001
 30
0.0
 10
22.58440532385998
 20
52.07288478976
 30
0.0
  0
SPLINE
  5
66B
330
2AF
100
AcDbEntity
  8
03___PRT_ALL_CURVES
  6
Continuous
 62
     4
100
AcDbSpline
210
0.0
220
0.0
230
1.0
 70
     8
 71
     3
 72
     8
 73
     4
 74
     0
 42
0.0000001
 43
0.0000000001
 40
0.0
 40
0.0
 40
0.0
 40
0.0
 40
1.0
 40
1.0
 40
1.0
 40
1.0
 10
22.58440532385998
 20
52.07288478976
 30
0.0
 10
22.62189637917999
 20
52.03396999585999
 30
0.0
 10
22.66487049440002
 20
52.01487040489999
 30
0.0
 10
22.71357437971997
 20
52.01487040489999
 30
0.0
  0
SPLINE
  5
66C
330
2AF
100
AcDbEntity
  8
03___PRT_ALL_CURVES
  6
Continuous
 62
     4
100
AcDbSpline
210
0.0
220
0.0
230
1.0
 70
     8
 71
     3
 72
     8
 73
     4
 74
     0
 42
0.0000001
 43
0.0000000001
 40
0.0
 40
0.0
 40
0.0
 40
0.0
 40
1.0
 40
1.0
 40
1.0
 40
1.0
 10
22.71357437971997
 20
52.01487040489999
 30
0.0
 10
22.75941337871998
 20
52.01487040489999
 30
0.0
 10
22.80143253267997
 20
52.03396999585999
 30
0.0
 10
22.83841800607999
 20
52.07431779934001
 30
0.0
  0
SPLINE
  5
66D
330
2AF
100
AcDbEntity
  8
03___PRT_ALL_CURVES
  6
Continuous
 62
     4
100
AcDbSpline
210
0.0
220
0.0
230
1.0
 70
     8
 71
     3
 72
     8
 73
     4
 74
     0
 42
0.0000001
 43
0.0000000001
 40
0.0
 40
0.0
 40
0.0
 40
0.0
 40
1.0
 40
1.0
 40
1.0
 40
1.0
 10
22.83841800607999
 20
52.07431779934001
 30
0.0
 10
22.87496592384002
 20
52.11418826570002
 30
0.0
 10
22.89406549194001
 20
52.16480220054001
 30
0.0
 10
22.89406549194001
 20
52.22592087941999
 30
0.0
  0
SPLINE
  5
66E
330
2AF
100
AcDbEntity
  8
03___PRT_ALL_CURVES
  6
Continuous
 62
     4
100
AcDbSpline
210
0.0
220
0.0
230
1.0
 70
     8
 71
     3
 72
     8
 73
     4
 74
     0
 42
0.0000001
 43
0.0000000001
 40
0.0
 40
0.0
 40
0.0
 40
0.0
 40
1.0
 40
1.0
 40
1.0
 40
1.0
 10
22.89406549194001
 20
52.22592087941999
 30
0.0
 10
22.89406549194001
 20
52.28703956084001
 30
0.0
 10
22.87496592384002
 20
52.33765349314001
 30
0.0
 10
22.83748278823998
 20
52.37753941539998
 30
0.0
  0
SPLINE
  5
66F
330
2AF
100
AcDbEntity
  8
03___PRT_ALL_CURVES
  6
Continuous
 62
     4
100
AcDbSpline
210
0.0
220
0.0
230
1.0
 70
     8
 71
     3
 72
     8
 73
     4
 74
     0
 42
0.0000001
 43
0.0000000001
 40
0.0
 40
0.0
 40
0.0
 40
0.0
 40
1.0
 40
1.0
 40
1.0
 40
1.0
 10
22.83748278823998
 20
52.37753941539998
 30
0.0
 10
22.80047756888001
 20
52.41691678139998
 30
0.0
 10
22.7575034562
 20
52.43697135394001
 30
0.0
 10
22.70879957087999
 20
52.43697135394001
 30
0.0
  0
SPLINE
  5
670
330
2AF
100
AcDbEntity
  8
03___PRT_ALL_CURVES
  6
Continuous
 62
     4
100
AcDbSpline
210
0.0
220
0.0
230
1.0
 70
     8
 71
     3
 72
     8
 73
     4
 74
     0
 42
0.0000001
 43
0.0000000001
 40
0.0
 40
0.0
 40
0.0
 40
0.0
 40
1.0
 40
1.0
 40
1.0
 40
1.0
 10
22.70879957087999
 20
52.43697135394001
 30
0.0
 10
22.66009551791998
 20
52.43697135394001
 30
0.0
 10
22.6180765316
 20
52.41787174266
 30
0.0
 10
22.58178719345997
 20
52.3796725201
 30
0.0
  0
SPLINE
  5
671
330
2AF
100
AcDbEntity
  8
03___PRT_ALL_CURVES
  6
Continuous
 62
     4
100
AcDbSpline
210
0.0
220
0.0
230
1.0
 70
     8
 71
     3
 72
     8
 73
     4
 74
     0
 42
0.0000001
 43
0.0000000001
 40
0.0
 40
0.0
 40
0.0
 40
0.0
 40
1.0
 40
1.0
 40
1.0
 40
1.0
 10
22.58178719345997
 20
52.3796725201
 30
0.0
 10
22.54549793659999
 20
52.34147338135998
 30
0.0
 10
22.52830845611999
 20
52.28990448779999
 30
0.0
 10
22.52830845611999
 20
52.22496587498
 30
0.0
  0
SPLINE
  5
672
330
2AF
100
AcDbEntity
  8
03___PRT_ALL_CURVES
  6
Continuous
 62
     4
100
AcDbSpline
210
0.0
220
0.0
230
1.0
 70
     8
 71
     3
 72
     8
 73
     4
 74
     0
 42
0.0000001
 43
0.0000000001
 40
0.0
 40
0.0
 40
0.0
 40
0.0
 40
1.0
 40
1.0
 40
1.0
 40
1.0
 10
20.86139159438
 20
48.29999999873999
 30
0.0
 10
20.8747613111
 20
48.41459754195998
 30
0.0
 10
20.91487044601999
 20
48.52346520585999
 30
0.0
 10
20.98267399088002
 20
48.62469303489999
 30
0.0
  0
SPLINE
  5
673
330
2AF
100
AcDbEntity
  8
03___PRT_ALL_CURVES
  6
Continuous
 62
     4
100
AcDbSpline
210
0.0
220
0.0
230
1.0
 70
     8
 71
     3
 72
     8
 73
     4
 74
     0
 42
0.0000001
 43
0.0000000001
 40
0.0
 40
0.0
 40
0.0
 40
0.0
 40
1.0
 40
1.0
 40
1.0
 40
1.0
 10
20.98267399088002
 20
48.62469303489999
 30
0.0
 10
21.05047755097999
 20
48.72592087917999
 30
0.0
 10
21.17748982679998
 20
48.84624827377999
 30
0.0
 10
21.36467595738
 20
48.98470658462
 30
0.0
  0
SPLINE
  5
674
330
2AF
100
AcDbEntity
  8
03___PRT_ALL_CURVES
  6
Continuous
 62
     4
100
AcDbSpline
210
0.0
220
0.0
230
1.0
 70
     8
 71
     3
 72
     8
 73
     4
 74
     0
 42
0.0000001
 43
0.0000000001
 40
0.0
 40
0.0
 40
0.0
 40
0.0
 40
1.0
 40
1.0
 40
1.0
 40
1.0
 10
21.36467595738
 20
48.98470658462
 30
0.0
 10
21.47830837679999
 20
49.06875849932001
 30
0.0
 10
21.55088680669999
 20
49.13369715278
 30
0.0
 10
21.5830449085
 20
49.17785453715999
 30
0.0
  0
SPLINE
  5
675
330
2AF
100
AcDbEntity
  8
03___PRT_ALL_CURVES
  6
Continuous
 62
     4
100
AcDbSpline
210
0.0
220
0.0
230
1.0
 70
     8
 71
     3
 72
     8
 73
     4
 74
     0
 42
0.0000001
 43
0.0000000001
 40
0.0
 40
0.0
 40
0.0
 40
0.0
 40
1.0
 40
1.0
 40
1.0
 40
1.0
 10
21.5830449085
 20
49.17785453715999
 30
0.0
 10
21.61487041254
 20
49.22155522191997
 30
0.0
 10
21.63110509686001
 20
49.26261941208003
 30
0.0
 10
21.63110509686001
 20
49.30272847333998
 30
0.0
  0
SPLINE
  5
676
330
2AF
100
AcDbEntity
  8
03___PRT_ALL_CURVES
  6
Continuous
 62
     4
100
AcDbSpline
210
0.0
220
0.0
230
1.0
 70
     8
 71
     3
 72
     8
 73
     4
 74
     0
 42
0.0000001
 43
0.0000000001
 40
0.0
 40
0.0
 40
0.0
 40
0.0
 40
1.0
 40
1.0
 40
1.0
 40
1.0
 10
21.63110509686001
 20
49.30272847333998
 30
0.0
 10
21.63110509686001
 20
49.34474762729999
 30
0.0
 10
21.61487041254
 20
49.38103684097999
 30
0.0
 10
21.58335609151999
 20
49.41159620328
 30
0.0
  0
SPLINE
  5
677
330
2AF
100
AcDbEntity
  8
03___PRT_ALL_CURVES
  6
Continuous
 62
     4
100
AcDbSpline
210
0.0
220
0.0
230
1.0
 70
     8
 71
     3
 72
     8
 73
     4
 74
     0
 42
0.0000001
 43
0.0000000001
 40
0.0
 40
0.0
 40
0.0
 40
0.0
 40
1.0
 40
1.0
 40
1.0
 40
1.0
 10
21.58335609151999
 20
49.41159620328
 30
0.0
 10
21.55184176795998
 20
49.44215556304002
 30
0.0
 10
21.51268766795999
 20
49.45743520227998
 30
0.0
 10
21.46493866008001
 20
49.45743520227998
 30
0.0
  0
SPLINE
  5
678
330
2AF
100
AcDbEntity
  8
03___PRT_ALL_CURVES
  6
Continuous
 62
     4
100
AcDbSpline
210
0.0
220
0.0
230
1.0
 70
     8
 71
     3
 72
     8
 73
     4
 74
     0
 42
0.0000001
 43
0.0000000001
 40
0.0
 40
0.0
 40
0.0
 40
0.0
 40
1.0
 40
1.0
 40
1.0
 40
1.0
 10
21.46493866008001
 20
49.45743520227998
 30
0.0
 10
21.41527972967998
 20
49.45743520227998
 30
0.0
 10
21.37421562333998
 20
49.44120051795997
 30
0.0
 10
21.34293910474
 20
49.41039789732
 30
0.0
  0
SPLINE
  5
679
330
2AF
100
AcDbEntity
  8
03___PRT_ALL_CURVES
  6
Continuous
 62
     4
100
AcDbSpline
210
0.0
220
0.0
230
1.0
 70
     8
 71
     3
 72
     8
 73
     4
 74
     0
 42
0.0000001
 43
0.0000000001
 40
0.0
 40
0.0
 40
0.0
 40
0.0
 40
1.0
 40
1.0
 40
1.0
 40
1.0
 10
21.34293910474
 20
49.41039789732
 30
0.0
 10
21.31118693557997
 20
49.37912683464
 30
0.0
 10
21.29017740178
 20
49.32373805031997
 30
0.0
 10
21.27967261456001
 20
49.24542976650002
 30
0.0
  0
SPLINE
  5
67A
330
2AF
100
AcDbEntity
  8
03___PRT_ALL_CURVES
  6
Continuous
 62
     4
100
AcDbSpline
210
0.0
220
0.0
230
1.0
 70
     8
 71
     3
 72
     8
 73
     4
 74
     0
 42
0.0000001
 43
0.0000000001
 40
0.0
 40
0.0
 40
0.0
 40
0.0
 40
1.0
 40
1.0
 40
1.0
 40
1.0
 10
20.89004098082
 20
49.27694408752001
 30
0.0
 10
20.90532065054001
 20
49.38581173364003
 30
0.0
 10
20.93301506302001
 20
49.47175988026001
 30
0.0
 10
20.97374842834
 20
49.53309953152001
 30
0.0
  0
SPLINE
  5
67B
330
2AF
100
AcDbEntity
  8
03___PRT_ALL_CURVES
  6
Continuous
 62
     4
100
AcDbSpline
210
0.0
220
0.0
230
1.0
 70
     8
 71
     3
 72
     8
 73
     4
 74
     0
 42
0.0000001
 43
0.0000000001
 40
0.0
 40
0.0
 40
0.0
 40
0.0
 40
1.0
 40
1.0
 40
1.0
 40
1.0
 10
20.97374842834
 20
49.53309953152001
 30
0.0
 10
21.01418831698001
 20
49.59399724056001
 30
0.0
 10
21.07148708732001
 20
49.64174624589998
 30
0.0
 10
21.14597548545999
 20
49.67421556881999
 30
0.0
  0
SPLINE
  5
67C
330
2AF
100
AcDbEntity
  8
03___PRT_ALL_CURVES
  6
Continuous
 62
     4
100
AcDbSpline
210
0.0
220
0.0
230
1.0
 70
     8
 71
     3
 72
     8
 73
     4
 74
     0
 42
0.0000001
 43
0.0000000001
 40
0.0
 40
0.0
 40
0.0
 40
0.0
 40
1.0
 40
1.0
 40
1.0
 40
1.0
 10
21.14597548545999
 20
49.67421556881999
 30
0.0
 10
21.22046389883999
 20
49.70668489935997
 30
0.0
 10
21.32264672723997
 20
49.72387454493997
 30
0.0
 10
21.45443387286002
 20
49.72387454493997
 30
0.0
  0
SPLINE
  5
67D
330
2AF
100
AcDbEntity
  8
03___PRT_ALL_CURVES
  6
Continuous
 62
     4
100
AcDbSpline
210
0.0
220
0.0
230
1.0
 70
     8
 71
     3
 72
     8
 73
     4
 74
     0
 42
0.0000001
 43
0.0000000001
 40
0.0
 40
0.0
 40
0.0
 40
0.0
 40
1.0
 40
1.0
 40
1.0
 40
1.0
 10
21.45443387286002
 20
49.72387454493997
 30
0.0
 10
21.59099595178
 20
49.72387454493997
 30
0.0
 10
21.69699871157997
 20
49.70763986062002
 30
0.0
 10
21.7732316757
 20
49.67667021212
 30
0.0
  0
SPLINE
  5
67E
330
2AF
100
AcDbEntity
  8
03___PRT_ALL_CURVES
  6
Continuous
 62
     4
100
AcDbSpline
210
0.0
220
0.0
230
1.0
 70
     8
 71
     3
 72
     8
 73
     4
 74
     0
 42
0.0000001
 43
0.0000000001
 40
0.0
 40
0.0
 40
0.0
 40
0.0
 40
1.0
 40
1.0
 40
1.0
 40
1.0
 10
21.7732316757
 20
49.67667021212
 30
0.0
 10
21.84979543418001
 20
49.6455661773
 30
0.0
 10
21.90900414736001
 20
49.59781716941998
 30
0.0
 10
21.95293320605998
 20
49.53287858708003
 30
0.0
  0
SPLINE
  5
67F
330
2AF
100
AcDbEntity
  8
03___PRT_ALL_CURVES
  6
Continuous
 62
     4
100
AcDbSpline
210
0.0
220
0.0
230
1.0
 70
     8
 71
     3
 72
     8
 73
     4
 74
     0
 42
0.0000001
 43
0.0000000001
 40
0.0
 40
0.0
 40
0.0
 40
0.0
 40
1.0
 40
1.0
 40
1.0
 40
1.0
 10
21.95293320605998
 20
49.53287858708003
 30
0.0
 10
21.99686230032
 20
49.46793994885999
 30
0.0
 10
22.01882675473999
 20
49.39631648022001
 30
0.0
 10
22.01882675473999
 20
49.31609819006002
 30
0.0
  0
SPLINE
  5
680
330
2AF
100
AcDbEntity
  8
03___PRT_ALL_CURVES
  6
Continuous
 62
     4
100
AcDbSpline
210
0.0
220
0.0
230
1.0
 70
     8
 71
     3
 72
     8
 73
     4
 74
     0
 42
0.0000001
 43
0.0000000001
 40
0.0
 40
0.0
 40
0.0
 40
0.0
 40
1.0
 40
1.0
 40
1.0
 40
1.0
 10
22.01882675473999
 20
49.31609819006002
 30
0.0
 10
22.01882675473999
 20
49.23015004344001
 30
0.0
 10
21.99304237146001
 20
49.14897678948
 30
0.0
 10
21.94359976777997
 20
49.07148501660001
 30
0.0
  0
SPLINE
  5
681
330
2AF
100
AcDbEntity
  8
03___PRT_ALL_CURVES
  6
Continuous
 62
     4
100
AcDbSpline
210
0.0
220
0.0
230
1.0
 70
     8
 71
     3
 72
     8
 73
     4
 74
     0
 42
0.0000001
 43
0.0000000001
 40
0.0
 40
0.0
 40
0.0
 40
0.0
 40
1.0
 40
1.0
 40
1.0
 40
1.0
 10
21.94359976777997
 20
49.07148501660001
 30
0.0
 10
21.89372451065998
 20
48.99331514246001
 30
0.0
 10
21.80300138755999
 20
48.90832195964001
 30
0.0
 10
21.67103453694
 20
48.81594514668001
 30
0.0
  0
LINE
  5
682
330
2AF
100
AcDbEntity
  8
03___PRT_ALL_CURVES
  6
Continuous
 62
     4
100
AcDbLine
 10
21.67103453694
 20
48.81594514668001
 30
0.0
 11
21.51387418577997
 21
48.70175496612001
 31
0.0
  0
LINE
  5
683
330
2AF
100
AcDbEntity
  8
03___PRT_ALL_CURVES
  6
Continuous
 62
     4
100
AcDbLine
 10
21.51387418577997
 20
48.70175496612001
 30
0.0
 11
21.42100958614
 21
48.61705321273999
 31
0.0
  0
SPLINE
  5
684
330
2AF
100
AcDbEntity
  8
03___PRT_ALL_CURVES
  6
Continuous
 62
     4
100
AcDbSpline
210
0.0
220
0.0
230
1.0
 70
     8
 71
     3
 72
     8
 73
     4
 74
     0
 42
0.0000001
 43
0.0000000001
 40
0.0
 40
0.0
 40
0.0
 40
0.0
 40
1.0
 40
1.0
 40
1.0
 40
1.0
 10
22.19454306065998
 20
49.00572985474
 30
0.0
 10
22.19454306065998
 20
49.27121415232
 30
0.0
 10
22.242292066
 20
49.45743520227998
 30
0.0
 10
22.33802755144001
 20
49.56418027454001
 30
0.0
  0
SPLINE
  5
685
330
2AF
100
AcDbEntity
  8
03___PRT_ALL_CURVES
  6
Continuous
 62
     4
100
AcDbSpline
210
0.0
220
0.0
230
1.0
 70
     8
 71
     3
 72
     8
 73
     4
 74
     0
 42
0.0000001
 43
0.0000000001
 40
0.0
 40
0.0
 40
0.0
 40
0.0
 40
1.0
 40
1.0
 40
1.0
 40
1.0
 10
22.33802755144001
 20
49.56418027454001
 30
0.0
 10
22.43328792734002
 20
49.67039559932002
 30
0.0
 10
22.57939974840002
 20
49.72387454493997
 30
0.0
 10
22.77612554748001
 20
49.72387454493997
 30
0.0
  0
SPLINE
  5
686
330
2AF
100
AcDbEntity
  8
03___PRT_ALL_CURVES
  6
Continuous
 62
     4
100
AcDbSpline
210
0.0
220
0.0
230
1.0
 70
     8
 71
     3
 72
     8
 73
     4
 74
     0
 42
0.0000001
 43
0.0000000001
 40
0.0
 40
0.0
 40
0.0
 40
0.0
 40
1.0
 40
1.0
 40
1.0
 40
1.0
 10
22.77612554748001
 20
49.72387454493997
 30
0.0
 10
22.86971363563998
 20
49.72387454493997
 30
0.0
 10
22.94706687691999
 20
49.71145970820001
 30
0.0
 10
23.00812611979998
 20
49.68838222324001
 30
0.0
  0
SPLINE
  5
687
330
2AF
100
AcDbEntity
  8
03___PRT_ALL_CURVES
  6
Continuous
 62
     4
100
AcDbSpline
210
0.0
220
0.0
230
1.0
 70
     8
 71
     3
 72
     8
 73
     4
 74
     0
 42
0.0000001
 43
0.0000000001
 40
0.0
 40
0.0
 40
0.0
 40
0.0
 40
1.0
 40
1.0
 40
1.0
 40
1.0
 10
23.00812611979998
 20
49.68838222324001
 30
0.0
 10
23.06834935723998
 20
49.6656207092
 30
0.0
 10
23.11800820382001
 20
49.63506143072001
 30
0.0
 10
23.15620740605999
 20
49.59781723291999
 30
0.0
  0
SPLINE
  5
688
330
2AF
100
AcDbEntity
  8
03___PRT_ALL_CURVES
  6
Continuous
 62
     4
100
AcDbSpline
210
0.0
220
0.0
230
1.0
 70
     8
 71
     3
 72
     8
 73
     4
 74
     0
 42
0.0000001
 43
0.0000000001
 40
0.0
 40
0.0
 40
0.0
 40
0.0
 40
1.0
 40
1.0
 40
1.0
 40
1.0
 10
23.15620740605999
 20
49.59781723291999
 30
0.0
 10
23.19440664894
 20
49.56057299448
 30
0.0
 10
23.22401096361997
 20
49.52141881066001
 30
0.0
 10
23.24597548407996
 20
49.48035473734001
 30
0.0
  0
SPLINE
  5
689
330
2AF
100
AcDbEntity
  8
03___PRT_ALL_CURVES
  6
Continuous
 62
     4
100
AcDbSpline
210
0.0
220
0.0
230
1.0
 70
     8
 71
     3
 72
     8
 73
     4
 74
     0
 42
0.0000001
 43
0.0000000001
 40
0.0
 40
0.0
 40
0.0
 40
0.0
 40
1.0
 40
1.0
 40
1.0
 40
1.0
 10
23.24597548407996
 20
49.48035473734001
 30
0.0
 10
23.2679400401
 20
49.43929059543999
 30
0.0
 10
23.28608464947999
 20
49.39154158756
 30
0.0
 10
23.29944894584003
 20
49.33710645639999
 30
0.0
  0
SPLINE
  5
68A
330
2AF
100
AcDbEntity
  8
03___PRT_ALL_CURVES
  6
Continuous
 62
     4
100
AcDbSpline
210
0.0
220
0.0
230
1.0
 70
     8
 71
     3
 72
     8
 73
     4
 74
     0
 42
0.0000001
 43
0.0000000001
 40
0.0
 40
0.0
 40
0.0
 40
0.0
 40
1.0
 40
1.0
 40
1.0
 40
1.0
 10
23.29944894584003
 20
49.33710645639999
 30
0.0
 10
23.32523874947998
 20
49.23206004977999
 30
0.0
 10
23.33860854747996
 20
49.12319232237999
 30
0.0
 10
23.33860854747996
 20
49.01050474740001
 30
0.0
  0
SPLINE
  5
68B
330
2AF
100
AcDbEntity
  8
03___PRT_ALL_CURVES
  6
Continuous
 62
     4
100
AcDbSpline
210
0.0
220
0.0
230
1.0
 70
     8
 71
     3
 72
     8
 73
     4
 74
     0
 42
0.0000001
 43
0.0000000001
 40
0.0
 40
0.0
 40
0.0
 40
0.0
 40
1.0
 40
1.0
 40
1.0
 40
1.0
 10
23.33860854747996
 20
49.01050474740001
 30
0.0
 10
23.33860854747996
 20
48.75648019830001
 30
0.0
 10
23.29563443225996
 20
48.57025920930002
 30
0.0
 10
23.20991336671997
 20
48.45263084156002
 30
0.0
  0
SPLINE
  5
68C
330
2AF
100
AcDbEntity
  8
03___PRT_ALL_CURVES
  6
Continuous
 62
     4
100
AcDbSpline
210
0.0
220
0.0
230
1.0
 70
     8
 71
     3
 72
     8
 73
     4
 74
     0
 42
0.0000001
 43
0.0000000001
 40
0.0
 40
0.0
 40
0.0
 40
0.0
 40
1.0
 40
1.0
 40
1.0
 40
1.0
 10
23.20991336671997
 20
48.45263084156002
 30
0.0
 10
23.12373814155998
 20
48.33437926195998
 30
0.0
 10
22.97571623034
 20
48.27612551258002
 30
0.0
 10
22.7656208009
 20
48.27612551258002
 30
0.0
  0
SPLINE
  5
68D
330
2AF
100
AcDbEntity
  8
03___PRT_ALL_CURVES
  6
Continuous
 62
     4
100
AcDbSpline
210
0.0
220
0.0
230
1.0
 70
     8
 71
     3
 72
     8
 73
     4
 74
     0
 42
0.0000001
 43
0.0000000001
 40
0.0
 40
0.0
 40
0.0
 40
0.0
 40
1.0
 40
1.0
 40
1.0
 40
1.0
 10
22.7656208009
 20
48.27612551258002
 30
0.0
 10
22.64720336946002
 20
48.27612551258002
 30
0.0
 10
22.55266032003996
 20
48.29522510100003
 30
0.0
 10
22.48008188759999
 20
48.33246930388
 30
0.0
  0
SPLINE
  5
68E
330
2AF
100
AcDbEntity
  8
03___PRT_ALL_CURVES
  6
Continuous
 62
     4
100
AcDbSpline
210
0.0
220
0.0
230
1.0
 70
     8
 71
     3
 72
     8
 73
     4
 74
     0
 42
0.0000001
 43
0.0000000001
 40
0.0
 40
0.0
 40
0.0
 40
0.0
 40
1.0
 40
1.0
 40
1.0
 40
1.0
 10
22.48008188759999
 20
48.33246930388
 30
0.0
 10
22.40750345769999
 20
48.3697135093
 30
0.0
 10
22.34733969944
 20
48.42510231902003
 30
0.0
 10
22.30075193384002
 20
48.49720241612002
 30
0.0
  0
SPLINE
  5
68F
330
2AF
100
AcDbEntity
  8
03___PRT_ALL_CURVES
  6
Continuous
 62
     4
100
AcDbSpline
210
0.0
220
0.0
230
1.0
 70
     8
 71
     3
 72
     8
 73
     4
 74
     0
 42
0.0000001
 43
0.0000000001
 40
0.0
 40
0.0
 40
0.0
 40
0.0
 40
1.0
 40
1.0
 40
1.0
 40
1.0
 10
22.30075193384002
 20
48.49720241612002
 30
0.0
 10
22.26712140673996
 20
48.54924965518001
 30
0.0
 10
22.24133710473998
 20
48.61896315812001
 30
0.0
 10
22.22223748837999
 20
48.70873125900002
 30
0.0
  0
SPLINE
  5
690
330
2AF
100
AcDbEntity
  8
03___PRT_ALL_CURVES
  6
Continuous
 62
     4
100
AcDbSpline
210
0.0
220
0.0
230
1.0
 70
     8
 71
     3
 72
     8
 73
     4
 74
     0
 42
0.0000001
 43
0.0000000001
 40
0.0
 40
0.0
 40
0.0
 40
0.0
 40
1.0
 40
1.0
 40
1.0
 40
1.0
 10
22.22223748837999
 20
48.70873125900002
 30
0.0
 10
22.20313788217999
 20
48.79849930908003
 30
0.0
 10
22.19454306065998
 20
48.89686220862001
 30
0.0
 10
22.19454306065998
 20
49.00572985474
 30
0.0
  0
SPLINE
  5
691
330
2AF
100
AcDbEntity
  8
03___PRT_ALL_CURVES
  6
Continuous
 62
     4
100
AcDbSpline
210
0.0
220
0.0
230
1.0
 70
     8
 71
     3
 72
     8
 73
     4
 74
     0
 42
0.0000001
 43
0.0000000001
 40
0.0
 40
0.0
 40
0.0
 40
0.0
 40
1.0
 40
1.0
 40
1.0
 40
1.0
 10
22.58035471219998
 20
49.00477489093998
 30
0.0
 10
22.58035471219998
 20
48.82619374441998
 30
0.0
 10
22.59563443271998
 20
48.70395634093998
 30
0.0
 10
22.62714877151998
 20
48.63901769763999
 30
0.0
  0
SPLINE
  5
692
330
2AF
100
AcDbEntity
  8
03___PRT_ALL_CURVES
  6
Continuous
 62
     4
100
AcDbSpline
210
0.0
220
0.0
230
1.0
 70
     8
 71
     3
 72
     8
 73
     4
 74
     0
 42
0.0000001
 43
0.0000000001
 40
0.0
 40
0.0
 40
0.0
 40
0.0
 40
1.0
 40
1.0
 40
1.0
 40
1.0
 10
22.62714877151998
 20
48.63901769763999
 30
0.0
 10
22.65866307984001
 20
48.57407912037999
 30
0.0
 10
22.70450207883999
 20
48.54160981524001
 30
0.0
 10
22.76466583963997
 20
48.54160981524001
 30
0.0
  0
SPLINE
  5
693
330
2AF
100
AcDbEntity
  8
03___PRT_ALL_CURVES
  6
Continuous
 62
     4
100
AcDbSpline
210
0.0
220
0.0
230
1.0
 70
     8
 71
     3
 72
     8
 73
     4
 74
     0
 42
0.0000001
 43
0.0000000001
 40
0.0
 40
0.0
 40
0.0
 40
0.0
 40
1.0
 40
1.0
 40
1.0
 40
1.0
 10
22.76466583963997
 20
48.54160981524001
 30
0.0
 10
22.80381993963999
 20
48.54160981524001
 30
0.0
 10
22.83819923079997
 20
48.55497952942
 30
0.0
 10
22.86684858422001
 20
48.5826739419
 30
0.0
  0
SPLINE
  5
694
330
2AF
100
AcDbEntity
  8
03___PRT_ALL_CURVES
  6
Continuous
 62
     4
100
AcDbSpline
210
0.0
220
0.0
230
1.0
 70
     8
 71
     3
 72
     8
 73
     4
 74
     0
 42
0.0000001
 43
0.0000000001
 40
0.0
 40
0.0
 40
0.0
 40
0.0
 40
1.0
 40
1.0
 40
1.0
 40
1.0
 10
22.86684858422001
 20
48.5826739419
 30
0.0
 10
22.89549793763996
 20
48.61036835691999
 30
0.0
 10
22.91746255969997
 20
48.65429741054001
 30
0.0
 10
22.93093414057998
 20
48.71443838500002
 30
0.0
  0
SPLINE
  5
695
330
2AF
100
AcDbEntity
  8
03___PRT_ALL_CURVES
  6
Continuous
 62
     4
100
AcDbSpline
210
0.0
220
0.0
230
1.0
 70
     8
 71
     3
 72
     8
 73
     4
 74
     0
 42
0.0000001
 43
0.0000000001
 40
0.0
 40
0.0
 40
0.0
 40
0.0
 40
1.0
 40
1.0
 40
1.0
 40
1.0
 10
22.93093414057998
 20
48.71443838500002
 30
0.0
 10
22.94420199059999
 20
48.77366984387999
 30
0.0
 10
22.95184185086001
 20
48.86725785075998
 30
0.0
 10
22.95184185086001
 20
48.99427010372
 30
0.0
  0
SPLINE
  5
696
330
2AF
100
AcDbEntity
  8
03___PRT_ALL_CURVES
  6
Continuous
 62
     4
100
AcDbSpline
210
0.0
220
0.0
230
1.0
 70
     8
 71
     3
 72
     8
 73
     4
 74
     0
 42
0.0000001
 43
0.0000000001
 40
0.0
 40
0.0
 40
0.0
 40
0.0
 40
1.0
 40
1.0
 40
1.0
 40
1.0
 10
22.95184185086001
 20
48.99427010372
 30
0.0
 10
22.95184185086001
 20
49.17953615177998
 30
0.0
 10
22.93560716654
 20
49.30463847968002
 30
0.0
 10
22.90409282773999
 20
49.36862212108002
 30
0.0
  0
SPLINE
  5
697
330
2AF
100
AcDbEntity
  8
03___PRT_ALL_CURVES
  6
Continuous
 62
     4
100
AcDbSpline
210
0.0
220
0.0
230
1.0
 70
     8
 71
     3
 72
     8
 73
     4
 74
     0
 42
0.0000001
 43
0.0000000001
 40
0.0
 40
0.0
 40
0.0
 40
0.0
 40
1.0
 40
1.0
 40
1.0
 40
1.0
 10
22.90409282773999
 20
49.36862212108002
 30
0.0
 10
22.87257852195998
 20
49.43260569643999
 30
0.0
 10
22.82578456169998
 20
49.46507506254002
 30
0.0
 10
22.76275591458
 20
49.46507506254002
 30
0.0
  0
SPLINE
  5
698
330
2AF
100
AcDbEntity
  8
03___PRT_ALL_CURVES
  6
Continuous
 62
     4
100
AcDbSpline
210
0.0
220
0.0
230
1.0
 70
     8
 71
     3
 72
     8
 73
     4
 74
     0
 42
0.0000001
 43
0.0000000001
 40
0.0
 40
0.0
 40
0.0
 40
0.0
 40
1.0
 40
1.0
 40
1.0
 40
1.0
 10
22.76275591458
 20
49.46507506254002
 30
0.0
 10
22.69781717984
 20
49.46507506254002
 30
0.0
 10
22.65197817829997
 20
49.43165073264001
 30
0.0
 10
22.62332884012
 20
49.36671215792001
 30
0.0
  0
SPLINE
  5
699
330
2AF
100
AcDbEntity
  8
03___PRT_ALL_CURVES
  6
Continuous
 62
     4
100
AcDbSpline
210
0.0
220
0.0
230
1.0
 70
     8
 71
     3
 72
     8
 73
     4
 74
     0
 42
0.0000001
 43
0.0000000001
 40
0.0
 40
0.0
 40
0.0
 40
0.0
 40
1.0
 40
1.0
 40
1.0
 40
1.0
 10
22.62332884012
 20
49.36671215792001
 30
0.0
 10
22.59467947146001
 20
49.30177351208002
 30
0.0
 10
22.58035471219998
 20
49.18049111304003
 30
0.0
 10
22.58035471219998
 20
49.00477489093998
 30
0.0
  0
SPLINE
  5
69A
330
2AF
100
AcDbEntity
  8
03___PRT_ALL_CURVES
  6
Continuous
 62
     4
100
AcDbSpline
210
0.0
220
0.0
230
1.0
 70
     8
 71
     3
 72
     8
 73
     4
 74
     0
 42
0.0000001
 43
0.0000000001
 40
0.0
 40
0.0
 40
0.0
 40
0.0
 40
1.0
 40
1.0
 40
1.0
 40
1.0
 10
20.86425643244002
 20
44.79999999850003
 30
0.0
 10
20.87762614661997
 20
44.91459754172001
 30
0.0
 10
20.91773528153999
 20
45.02346520815999
 30
0.0
 10
20.98553882893998
 20
45.12469303466
 30
0.0
  0
SPLINE
  5
69B
330
2AF
100
AcDbEntity
  8
03___PRT_ALL_CURVES
  6
Continuous
 62
     4
100
AcDbSpline
210
0.0
220
0.0
230
1.0
 70
     8
 71
     3
 72
     8
 73
     4
 74
     0
 42
0.0000001
 43
0.0000000001
 40
0.0
 40
0.0
 40
0.0
 40
0.0
 40
1.0
 40
1.0
 40
1.0
 40
1.0
 10
20.98553882893998
 20
45.12469303466
 30
0.0
 10
21.05334238904001
 20
45.22592087894
 30
0.0
 10
21.18035466232001
 20
45.34624827354
 30
0.0
 10
21.36754079544002
 20
45.48470658438001
 30
0.0
  0
SPLINE
  5
69C
330
2AF
100
AcDbEntity
  8
03___PRT_ALL_CURVES
  6
Continuous
 62
     4
100
AcDbSpline
210
0.0
220
0.0
230
1.0
 70
     8
 71
     3
 72
     8
 73
     4
 74
     0
 42
0.0000001
 43
0.0000000001
 40
0.0
 40
0.0
 40
0.0
 40
0.0
 40
1.0
 40
1.0
 40
1.0
 40
1.0
 10
21.36754079544002
 20
45.48470658438001
 30
0.0
 10
21.48117321486001
 20
45.56875849908002
 30
0.0
 10
21.55375164475996
 20
45.63369715254001
 30
0.0
 10
21.58590974655999
 20
45.67785453691999
 30
0.0
  0
SPLINE
  5
69D
330
2AF
100
AcDbEntity
  8
03___PRT_ALL_CURVES
  6
Continuous
 62
     4
100
AcDbSpline
210
0.0
220
0.0
230
1.0
 70
     8
 71
     3
 72
     8
 73
     4
 74
     0
 42
0.0000001
 43
0.0000000001
 40
0.0
 40
0.0
 40
0.0
 40
0.0
 40
1.0
 40
1.0
 40
1.0
 40
1.0
 10
21.58590974655999
 20
45.67785453691999
 30
0.0
 10
21.61773525059999
 20
45.72155522168001
 30
0.0
 10
21.63396993492
 20
45.76261941183998
 30
0.0
 10
21.63396993492
 20
45.80272847309999
 30
0.0
  0
SPLINE
  5
69E
330
2AF
100
AcDbEntity
  8
03___PRT_ALL_CURVES
  6
Continuous
 62
     4
100
AcDbSpline
210
0.0
220
0.0
230
1.0
 70
     8
 71
     3
 72
     8
 73
     4
 74
     0
 42
0.0000001
 43
0.0000000001
 40
0.0
 40
0.0
 40
0.0
 40
0.0
 40
1.0
 40
1.0
 40
1.0
 40
1.0
 10
21.63396993492
 20
45.80272847309999
 30
0.0
 10
21.63396993492
 20
45.84474762706
 30
0.0
 10
21.61773525059999
 20
45.88103684073999
 30
0.0
 10
21.58622092957998
 20
45.91159620304001
 30
0.0
  0
SPLINE
  5
69F
330
2AF
100
AcDbEntity
  8
03___PRT_ALL_CURVES
  6
Continuous
 62
     4
100
AcDbSpline
210
0.0
220
0.0
230
1.0
 70
     8
 71
     3
 72
     8
 73
     4
 74
     0
 42
0.0000001
 43
0.0000000001
 40
0.0
 40
0.0
 40
0.0
 40
0.0
 40
1.0
 40
1.0
 40
1.0
 40
1.0
 10
21.58622092957998
 20
45.91159620304001
 30
0.0
 10
21.55470660602001
 20
45.9421555628
 30
0.0
 10
21.51555250602001
 20
45.95743520204002
 30
0.0
 10
21.46780349814
 20
45.95743520204002
 30
0.0
  0
SPLINE
  5
6A0
330
2AF
100
AcDbEntity
  8
03___PRT_ALL_CURVES
  6
Continuous
 62
     4
100
AcDbSpline
210
0.0
220
0.0
230
1.0
 70
     8
 71
     3
 72
     8
 73
     4
 74
     0
 42
0.0000001
 43
0.0000000001
 40
0.0
 40
0.0
 40
0.0
 40
0.0
 40
1.0
 40
1.0
 40
1.0
 40
1.0
 10
21.46780349814
 20
45.95743520204002
 30
0.0
 10
21.41814456774
 20
45.95743520204002
 30
0.0
 10
21.37708046140003
 20
45.94120051772001
 30
0.0
 10
21.34580394279996
 20
45.91039789962002
 30
0.0
  0
SPLINE
  5
6A1
330
2AF
100
AcDbEntity
  8
03___PRT_ALL_CURVES
  6
Continuous
 62
     4
100
AcDbSpline
210
0.0
220
0.0
230
1.0
 70
     8
 71
     3
 72
     8
 73
     4
 74
     0
 42
0.0000001
 43
0.0000000001
 40
0.0
 40
0.0
 40
0.0
 40
0.0
 40
1.0
 40
1.0
 40
1.0
 40
1.0
 10
21.34580394279996
 20
45.91039789962002
 30
0.0
 10
21.31405177363999
 20
45.87912683439998
 30
0.0
 10
21.29304223984002
 20
45.82373805008001
 30
0.0
 10
21.28253745007999
 20
45.74542976626
 30
0.0
  0
SPLINE
  5
6A2
330
2AF
100
AcDbEntity
  8
03___PRT_ALL_CURVES
  6
Continuous
 62
     4
100
AcDbSpline
210
0.0
220
0.0
230
1.0
 70
     8
 71
     3
 72
     8
 73
     4
 74
     0
 42
0.0000001
 43
0.0000000001
 40
0.0
 40
0.0
 40
0.0
 40
0.0
 40
1.0
 40
1.0
 40
1.0
 40
1.0
 10
20.89290581633998
 20
45.77694408982001
 30
0.0
 10
20.90818548859997
 20
45.88581173339998
 30
0.0
 10
20.93587990108
 20
45.97175988002002
 30
0.0
 10
20.97661326639999
 20
46.03309953127999
 30
0.0
  0
SPLINE
  5
6A3
330
2AF
100
AcDbEntity
  8
03___PRT_ALL_CURVES
  6
Continuous
 62
     4
100
AcDbSpline
210
0.0
220
0.0
230
1.0
 70
     8
 71
     3
 72
     8
 73
     4
 74
     0
 42
0.0000001
 43
0.0000000001
 40
0.0
 40
0.0
 40
0.0
 40
0.0
 40
1.0
 40
1.0
 40
1.0
 40
1.0
 10
20.97661326639999
 20
46.03309953127999
 30
0.0
 10
21.01705315249998
 20
46.09399724031999
 30
0.0
 10
21.07435192538
 20
46.14174624566002
 30
0.0
 10
21.14884032352001
 20
46.17421557111999
 30
0.0
  0
SPLINE
  5
6A4
330
2AF
100
AcDbEntity
  8
03___PRT_ALL_CURVES
  6
Continuous
 62
     4
100
AcDbSpline
210
0.0
220
0.0
230
1.0
 70
     8
 71
     3
 72
     8
 73
     4
 74
     0
 42
0.0000001
 43
0.0000000001
 40
0.0
 40
0.0
 40
0.0
 40
0.0
 40
1.0
 40
1.0
 40
1.0
 40
1.0
 10
21.14884032352001
 20
46.17421557111999
 30
0.0
 10
21.22332873690002
 20
46.20668489912001
 30
0.0
 10
21.32551156529999
 20
46.22387454470001
 30
0.0
 10
21.45729871092001
 20
46.22387454470001
 30
0.0
  0
SPLINE
  5
6A5
330
2AF
100
AcDbEntity
  8
03___PRT_ALL_CURVES
  6
Continuous
 62
     4
100
AcDbSpline
210
0.0
220
0.0
230
1.0
 70
     8
 71
     3
 72
     8
 73
     4
 74
     0
 42
0.0000001
 43
0.0000000001
 40
0.0
 40
0.0
 40
0.0
 40
0.0
 40
1.0
 40
1.0
 40
1.0
 40
1.0
 10
21.45729871092001
 20
46.22387454470001
 30
0.0
 10
21.59386078984002
 20
46.22387454470001
 30
0.0
 10
21.69986354964001
 20
46.20763986038
 30
0.0
 10
21.77609651375997
 20
46.17667021187998
 30
0.0
  0
SPLINE
  5
6A6
330
2AF
100
AcDbEntity
  8
03___PRT_ALL_CURVES
  6
Continuous
 62
     4
100
AcDbSpline
210
0.0
220
0.0
230
1.0
 70
     8
 71
     3
 72
     8
 73
     4
 74
     0
 42
0.0000001
 43
0.0000000001
 40
0.0
 40
0.0
 40
0.0
 40
0.0
 40
1.0
 40
1.0
 40
1.0
 40
1.0
 10
21.77609651375997
 20
46.17667021187998
 30
0.0
 10
21.85266027223997
 20
46.14556617706
 30
0.0
 10
21.91186898542
 20
46.09781716918002
 30
0.0
 10
21.95579804411997
 20
46.03287858938
 30
0.0
  0
SPLINE
  5
6A7
330
2AF
100
AcDbEntity
  8
03___PRT_ALL_CURVES
  6
Continuous
 62
     4
100
AcDbSpline
210
0.0
220
0.0
230
1.0
 70
     8
 71
     3
 72
     8
 73
     4
 74
     0
 42
0.0000001
 43
0.0000000001
 40
0.0
 40
0.0
 40
0.0
 40
0.0
 40
1.0
 40
1.0
 40
1.0
 40
1.0
 10
21.95579804411997
 20
46.03287858938
 30
0.0
 10
21.99972713838
 20
45.96793994862003
 30
0.0
 10
22.02169159279998
 20
45.89631647997999
 30
0.0
 10
22.02169159279998
 20
45.81609818982
 30
0.0
  0
SPLINE
  5
6A8
330
2AF
100
AcDbEntity
  8
03___PRT_ALL_CURVES
  6
Continuous
 62
     4
100
AcDbSpline
210
0.0
220
0.0
230
1.0
 70
     8
 71
     3
 72
     8
 73
     4
 74
     0
 42
0.0000001
 43
0.0000000001
 40
0.0
 40
0.0
 40
0.0
 40
0.0
 40
1.0
 40
1.0
 40
1.0
 40
1.0
 10
22.02169159279998
 20
45.81609818982
 30
0.0
 10
22.02169159279998
 20
45.73015004320001
 30
0.0
 10
21.99590720698001
 20
45.64897679178
 30
0.0
 10
21.94646460583999
 20
45.57148501889998
 30
0.0
  0
SPLINE
  5
6A9
330
2AF
100
AcDbEntity
  8
03___PRT_ALL_CURVES
  6
Continuous
 62
     4
100
AcDbSpline
210
0.0
220
0.0
230
1.0
 70
     8
 71
     3
 72
     8
 73
     4
 74
     0
 42
0.0000001
 43
0.0000000001
 40
0.0
 40
0.0
 40
0.0
 40
0.0
 40
1.0
 40
1.0
 40
1.0
 40
1.0
 10
21.94646460583999
 20
45.57148501889998
 30
0.0
 10
21.89658934618001
 20
45.49331514221998
 30
0.0
 10
21.80586622561998
 20
45.40832195939998
 30
0.0
 10
21.67389937499999
 20
45.31594514643999
 30
0.0
  0
LINE
  5
6AA
330
2AF
100
AcDbEntity
  8
03___PRT_ALL_CURVES
  6
Continuous
 62
     4
100
AcDbLine
 10
21.67389937499999
 20
45.31594514643999
 30
0.0
 11
21.51673902384002
 21
45.20175496587999
 31
0.0
  0
LINE
  5
6AB
330
2AF
100
AcDbEntity
  8
03___PRT_ALL_CURVES
  6
Continuous
 62
     4
100
AcDbLine
 10
21.51673902384002
 20
45.20175496587999
 30
0.0
 11
21.42387442165997
 21
45.1170532125
 31
0.0
  0
SPLINE
  5
6AC
330
2AF
100
AcDbEntity
  8
03___PRT_ALL_CURVES
  6
Continuous
 62
     4
100
AcDbSpline
210
0.0
220
0.0
230
1.0
 70
     8
 71
     3
 72
     8
 73
     4
 74
     0
 42
0.0000001
 43
0.0000000001
 40
0.0
 40
0.0
 40
0.0
 40
0.0
 40
1.0
 40
1.0
 40
1.0
 40
1.0
 10
22.16875846148
 20
44.79999999850003
 30
0.0
 10
22.18212817566001
 20
44.91459754172001
 30
0.0
 10
22.22223732073999
 20
45.02346520815999
 30
0.0
 10
22.29004088084
 20
45.1246930753
 30
0.0
  0
SPLINE
  5
6AD
330
2AF
100
AcDbEntity
  8
03___PRT_ALL_CURVES
  6
Continuous
 62
     4
100
AcDbSpline
210
0.0
220
0.0
230
1.0
 70
     8
 71
     3
 72
     8
 73
     4
 74
     0
 42
0.0000001
 43
0.0000000001
 40
0.0
 40
0.0
 40
0.0
 40
0.0
 40
1.0
 40
1.0
 40
1.0
 40
1.0
 10
22.29004088084
 20
45.1246930753
 30
0.0
 10
22.35784439775998
 20
45.22592087894
 30
0.0
 10
22.48485665071999
 20
45.34624827354
 30
0.0
 10
22.67204282701999
 20
45.4847065793
 30
0.0
  0
SPLINE
  5
6AE
330
2AF
100
AcDbEntity
  8
03___PRT_ALL_CURVES
  6
Continuous
 62
     4
100
AcDbSpline
210
0.0
220
0.0
230
1.0
 70
     8
 71
     3
 72
     8
 73
     4
 74
     0
 42
0.0000001
 43
0.0000000001
 40
0.0
 40
0.0
 40
0.0
 40
0.0
 40
1.0
 40
1.0
 40
1.0
 40
1.0
 10
22.67204282701999
 20
45.4847065793
 30
0.0
 10
22.78567528453999
 20
45.56875849908002
 30
0.0
 10
22.85825371443997
 20
45.63369715254001
 30
0.0
 10
22.89041184671999
 20
45.67785457756003
 30
0.0
  0
SPLINE
  5
6AF
330
2AF
100
AcDbEntity
  8
03___PRT_ALL_CURVES
  6
Continuous
 62
     4
100
AcDbSpline
210
0.0
220
0.0
230
1.0
 70
     8
 71
     3
 72
     8
 73
     4
 74
     0
 42
0.0000001
 43
0.0000000001
 40
0.0
 40
0.0
 40
0.0
 40
0.0
 40
1.0
 40
1.0
 40
1.0
 40
1.0
 10
22.89041184671999
 20
45.67785457756003
 30
0.0
 10
22.92223732027998
 20
45.72155522168001
 30
0.0
 10
22.93847200459999
 20
45.76261941183998
 30
0.0
 10
22.93847200459999
 20
45.80272847309999
 30
0.0
  0
SPLINE
  5
6B0
330
2AF
100
AcDbEntity
  8
03___PRT_ALL_CURVES
  6
Continuous
 62
     4
100
AcDbSpline
210
0.0
220
0.0
230
1.0
 70
     8
 71
     3
 72
     8
 73
     4
 74
     0
 42
0.0000001
 43
0.0000000001
 40
0.0
 40
0.0
 40
0.0
 40
0.0
 40
1.0
 40
1.0
 40
1.0
 40
1.0
 10
22.93847200459999
 20
45.80272847309999
 30
0.0
 10
22.93847200459999
 20
45.84474762706
 30
0.0
 10
22.92223732027998
 20
45.88103684073999
 30
0.0
 10
22.89072304244002
 20
45.91159615985998
 30
0.0
  0
SPLINE
  5
6B1
330
2AF
100
AcDbEntity
  8
03___PRT_ALL_CURVES
  6
Continuous
 62
     4
100
AcDbSpline
210
0.0
220
0.0
230
1.0
 70
     8
 71
     3
 72
     8
 73
     4
 74
     0
 42
0.0000001
 43
0.0000000001
 40
0.0
 40
0.0
 40
0.0
 40
0.0
 40
1.0
 40
1.0
 40
1.0
 40
1.0
 10
22.89072304244002
 20
45.91159615985998
 30
0.0
 10
22.85920867569999
 20
45.9421555628
 30
0.0
 10
22.8200545757
 20
45.95743520204002
 30
0.0
 10
22.77230548400001
 20
45.95743520204002
 30
0.0
  0
SPLINE
  5
6B2
330
2AF
100
AcDbEntity
  8
03___PRT_ALL_CURVES
  6
Continuous
 62
     4
100
AcDbSpline
210
0.0
220
0.0
230
1.0
 70
     8
 71
     3
 72
     8
 73
     4
 74
     0
 42
0.0000001
 43
0.0000000001
 40
0.0
 40
0.0
 40
0.0
 40
0.0
 40
1.0
 40
1.0
 40
1.0
 40
1.0
 10
22.77230548400001
 20
45.95743520204002
 30
0.0
 10
22.72264663742001
 20
45.95743520204002
 30
0.0
 10
22.68158244725998
 20
45.94120051772001
 30
0.0
 10
22.65030598199999
 20
45.9103979301
 30
0.0
  0
SPLINE
  5
6B3
330
2AF
100
AcDbEntity
  8
03___PRT_ALL_CURVES
  6
Continuous
 62
     4
100
AcDbSpline
210
0.0
220
0.0
230
1.0
 70
     8
 71
     3
 72
     8
 73
     4
 74
     0
 42
0.0000001
 43
0.0000000001
 40
0.0
 40
0.0
 40
0.0
 40
0.0
 40
1.0
 40
1.0
 40
1.0
 40
1.0
 10
22.65030598199999
 20
45.9103979301
 30
0.0
 10
22.61855380267997
 20
45.87912683439998
 30
0.0
 10
22.59754430952
 20
45.82373805008001
 30
0.0
 10
22.58703956294002
 20
45.74542976626
 30
0.0
  0
SPLINE
  5
6B4
330
2AF
100
AcDbEntity
  8
03___PRT_ALL_CURVES
  6
Continuous
 62
     4
100
AcDbSpline
210
0.0
220
0.0
230
1.0
 70
     8
 71
     3
 72
     8
 73
     4
 74
     0
 42
0.0000001
 43
0.0000000001
 40
0.0
 40
0.0
 40
0.0
 40
0.0
 40
1.0
 40
1.0
 40
1.0
 40
1.0
 10
22.19740789871997
 20
45.77694408982001
 30
0.0
 10
22.21268753795999
 20
45.88581173339998
 30
0.0
 10
22.24038193012001
 20
45.97175988002002
 30
0.0
 10
22.28111531575996
 20
46.03309956429999
 30
0.0
  0
SPLINE
  5
6B5
330
2AF
100
AcDbEntity
  8
03___PRT_ALL_CURVES
  6
Continuous
 62
     4
100
AcDbSpline
210
0.0
220
0.0
230
1.0
 70
     8
 71
     3
 72
     8
 73
     4
 74
     0
 42
0.0000001
 43
0.0000000001
 40
0.0
 40
0.0
 40
0.0
 40
0.0
 40
1.0
 40
1.0
 40
1.0
 40
1.0
 10
22.28111531575996
 20
46.03309956429999
 30
0.0
 10
22.32155518154002
 20
46.09399724031999
 30
0.0
 10
22.37885405602
 20
46.14174624566002
 30
0.0
 10
22.45334239573998
 20
46.17421556604003
 30
0.0
  0
SPLINE
  5
6B6
330
2AF
100
AcDbEntity
  8
03___PRT_ALL_CURVES
  6
Continuous
 62
     4
100
AcDbSpline
210
0.0
220
0.0
230
1.0
 70
     8
 71
     3
 72
     8
 73
     4
 74
     0
 42
0.0000001
 43
0.0000000001
 40
0.0
 40
0.0
 40
0.0
 40
0.0
 40
1.0
 40
1.0
 40
1.0
 40
1.0
 10
22.45334239573998
 20
46.17421556604003
 30
0.0
 10
22.5278307634
 20
46.20668489912001
 30
0.0
 10
22.63001367815997
 20
46.22387454470001
 30
0.0
 10
22.76180073995997
 20
46.22387454470001
 30
0.0
  0
SPLINE
  5
6B7
330
2AF
100
AcDbEntity
  8
03___PRT_ALL_CURVES
  6
Continuous
 62
     4
100
AcDbSpline
210
0.0
220
0.0
230
1.0
 70
     8
 71
     3
 72
     8
 73
     4
 74
     0
 42
0.0000001
 43
0.0000000001
 40
0.0
 40
0.0
 40
0.0
 40
0.0
 40
1.0
 40
1.0
 40
1.0
 40
1.0
 10
22.76180073995997
 20
46.22387454470001
 30
0.0
 10
22.89836277570001
 20
46.22387454470001
 30
0.0
 10
23.00436553549997
 20
46.20763986038
 30
0.0
 10
23.08059857327996
 20
46.1766701814
 30
0.0
  0
SPLINE
  5
6B8
330
2AF
100
AcDbEntity
  8
03___PRT_ALL_CURVES
  6
Continuous
 62
     4
100
AcDbSpline
210
0.0
220
0.0
230
1.0
 70
     8
 71
     3
 72
     8
 73
     4
 74
     0
 42
0.0000001
 43
0.0000000001
 40
0.0
 40
0.0
 40
0.0
 40
0.0
 40
1.0
 40
1.0
 40
1.0
 40
1.0
 10
23.08059857327996
 20
46.1766701814
 30
0.0
 10
23.15716225810002
 20
46.14556617706
 30
0.0
 10
23.21637105509998
 20
46.09781716918002
 30
0.0
 10
23.26030011379999
 20
46.03287858938
 30
0.0
  0
SPLINE
  5
6B9
330
2AF
100
AcDbEntity
  8
03___PRT_ALL_CURVES
  6
Continuous
 62
     4
100
AcDbSpline
210
0.0
220
0.0
230
1.0
 70
     8
 71
     3
 72
     8
 73
     4
 74
     0
 42
0.0000001
 43
0.0000000001
 40
0.0
 40
0.0
 40
0.0
 40
0.0
 40
1.0
 40
1.0
 40
1.0
 40
1.0
 10
23.26030011379999
 20
46.03287858938
 30
0.0
 10
23.30422920806001
 20
45.96793994862003
 30
0.0
 10
23.32619366247999
 20
45.89631647997999
 30
0.0
 10
23.32619366247999
 20
45.81609818982
 30
0.0
  0
SPLINE
  5
6BA
330
2AF
100
AcDbEntity
  8
03___PRT_ALL_CURVES
  6
Continuous
 62
     4
100
AcDbSpline
210
0.0
220
0.0
230
1.0
 70
     8
 71
     3
 72
     8
 73
     4
 74
     0
 42
0.0000001
 43
0.0000000001
 40
0.0
 40
0.0
 40
0.0
 40
0.0
 40
1.0
 40
1.0
 40
1.0
 40
1.0
 10
23.32619366247999
 20
45.81609818982
 30
0.0
 10
23.32619366247999
 20
45.73015004320001
 30
0.0
 10
23.30040919538001
 20
45.64897679178
 30
0.0
 10
23.25096661456001
 20
45.57148505700002
 30
0.0
  0
SPLINE
  5
6BB
330
2AF
100
AcDbEntity
  8
03___PRT_ALL_CURVES
  6
Continuous
 62
     4
100
AcDbSpline
210
0.0
220
0.0
230
1.0
 70
     8
 71
     3
 72
     8
 73
     4
 74
     0
 42
0.0000001
 43
0.0000000001
 40
0.0
 40
0.0
 40
0.0
 40
0.0
 40
1.0
 40
1.0
 40
1.0
 40
1.0
 10
23.25096661456001
 20
45.57148505700002
 30
0.0
 10
23.20109133457998
 20
45.49331514221998
 30
0.0
 10
23.11036829529999
 20
45.40832195939998
 30
0.0
 10
22.97840138879997
 20
45.31594510834
 30
0.0
  0
LINE
  5
6BC
330
2AF
100
AcDbEntity
  8
03___PRT_ALL_CURVES
  6
Continuous
 62
     4
100
AcDbLine
 10
22.97840138879997
 20
45.31594510834
 30
0.0
 11
22.82124109351997
 21
45.20175496587999
 31
0.0
  0
LINE
  5
6BD
330
2AF
100
AcDbEntity
  8
03___PRT_ALL_CURVES
  6
Continuous
 62
     4
100
AcDbLine
 10
22.82124109351997
 20
45.20175496587999
 30
0.0
 11
22.72837641005998
 21
45.1170532125
 31
0.0
  0
SPLINE
  5
6BE
330
2AF
100
AcDbEntity
  8
03___PRT_ALL_CURVES
  6
Continuous
 62
     4
100
AcDbSpline
210
0.0
220
0.0
230
1.0
 70
     8
 71
     3
 72
     8
 73
     4
 74
     0
 42
0.0000001
 43
0.0000000001
 40
0.0
 40
0.0
 40
0.0
 40
0.0
 40
1.0
 40
1.0
 40
1.0
 40
1.0
 10
20.84181444786
 20
41.3000000008
 30
0.0
 10
20.85518416457998
 20
41.41459754147996
 30
0.0
 10
20.8952932995
 20
41.52346520792
 30
0.0
 10
20.96309684690002
 20
41.62469303442001
 30
0.0
  0
SPLINE
  5
6BF
330
2AF
100
AcDbEntity
  8
03___PRT_ALL_CURVES
  6
Continuous
 62
     4
100
AcDbSpline
210
0.0
220
0.0
230
1.0
 70
     8
 71
     3
 72
     8
 73
     4
 74
     0
 42
0.0000001
 43
0.0000000001
 40
0.0
 40
0.0
 40
0.0
 40
0.0
 40
1.0
 40
1.0
 40
1.0
 40
1.0
 10
20.96309684690002
 20
41.62469303442001
 30
0.0
 10
21.03090040699999
 20
41.72592087870001
 30
0.0
 10
21.15791268027999
 20
41.84624827584
 30
0.0
 10
21.34509881086001
 20
41.98470658414001
 30
0.0
  0
SPLINE
  5
6C0
330
2AF
100
AcDbEntity
  8
03___PRT_ALL_CURVES
  6
Continuous
 62
     4
100
AcDbSpline
210
0.0
220
0.0
230
1.0
 70
     8
 71
     3
 72
     8
 73
     4
 74
     0
 42
0.0000001
 43
0.0000000001
 40
0.0
 40
0.0
 40
0.0
 40
0.0
 40
1.0
 40
1.0
 40
1.0
 40
1.0
 10
21.34509881086001
 20
41.98470658414001
 30
0.0
 10
21.45873123027999
 20
42.06875849884
 30
0.0
 10
21.53130966018
 20
42.13369715230002
 30
0.0
 10
21.56346776197998
 20
42.17785453668
 30
0.0
  0
SPLINE
  5
6C1
330
2AF
100
AcDbEntity
  8
03___PRT_ALL_CURVES
  6
Continuous
 62
     4
100
AcDbSpline
210
0.0
220
0.0
230
1.0
 70
     8
 71
     3
 72
     8
 73
     4
 74
     0
 42
0.0000001
 43
0.0000000001
 40
0.0
 40
0.0
 40
0.0
 40
0.0
 40
1.0
 40
1.0
 40
1.0
 40
1.0
 10
21.56346776197998
 20
42.17785453668
 30
0.0
 10
21.59529326855997
 20
42.22155522143998
 30
0.0
 10
21.61152795287998
 20
42.26261941160001
 30
0.0
 10
21.61152795287998
 20
42.30272847286
 30
0.0
  0
SPLINE
  5
6C2
330
2AF
100
AcDbEntity
  8
03___PRT_ALL_CURVES
  6
Continuous
 62
     4
100
AcDbSpline
210
0.0
220
0.0
230
1.0
 70
     8
 71
     3
 72
     8
 73
     4
 74
     0
 42
0.0000001
 43
0.0000000001
 40
0.0
 40
0.0
 40
0.0
 40
0.0
 40
1.0
 40
1.0
 40
1.0
 40
1.0
 10
21.61152795287998
 20
42.30272847286
 30
0.0
 10
21.61152795287998
 20
42.34474762681998
 30
0.0
 10
21.59529326855997
 20
42.3810368405
 30
0.0
 10
21.563778945
 20
42.41159620279998
 30
0.0
  0
SPLINE
  5
6C3
330
2AF
100
AcDbEntity
  8
03___PRT_ALL_CURVES
  6
Continuous
 62
     4
100
AcDbSpline
210
0.0
220
0.0
230
1.0
 70
     8
 71
     3
 72
     8
 73
     4
 74
     0
 42
0.0000001
 43
0.0000000001
 40
0.0
 40
0.0
 40
0.0
 40
0.0
 40
1.0
 40
1.0
 40
1.0
 40
1.0
 10
21.563778945
 20
42.41159620279998
 30
0.0
 10
21.53226462143999
 20
42.44215556256
 30
0.0
 10
21.49311052144
 20
42.4574352018
 30
0.0
 10
21.44536151609998
 20
42.4574352018
 30
0.0
  0
SPLINE
  5
6C4
330
2AF
100
AcDbEntity
  8
03___PRT_ALL_CURVES
  6
Continuous
 62
     4
100
AcDbSpline
210
0.0
220
0.0
230
1.0
 70
     8
 71
     3
 72
     8
 73
     4
 74
     0
 42
0.0000001
 43
0.0000000001
 40
0.0
 40
0.0
 40
0.0
 40
0.0
 40
1.0
 40
1.0
 40
1.0
 40
1.0
 10
21.44536151609998
 20
42.4574352018
 30
0.0
 10
21.39570258569998
 20
42.4574352018
 30
0.0
 10
21.35463847682001
 20
42.44120051747998
 30
0.0
 10
21.32336196076
 20
42.41039789938
 30
0.0
  0
SPLINE
  5
6C5
330
2AF
100
AcDbEntity
  8
03___PRT_ALL_CURVES
  6
Continuous
 62
     4
100
AcDbSpline
210
0.0
220
0.0
230
1.0
 70
     8
 71
     3
 72
     8
 73
     4
 74
     0
 42
0.0000001
 43
0.0000000001
 40
0.0
 40
0.0
 40
0.0
 40
0.0
 40
1.0
 40
1.0
 40
1.0
 40
1.0
 10
21.32336196076
 20
42.41039789938
 30
0.0
 10
21.2916097916
 20
42.37912683416002
 30
0.0
 10
21.27060025525995
 20
42.32373804983999
 30
0.0
 10
21.26009546803996
 20
42.24542976602001
 30
0.0
  0
SPLINE
  5
6C6
330
2AF
100
AcDbEntity
  8
03___PRT_ALL_CURVES
  6
Continuous
 62
     4
100
AcDbSpline
210
0.0
220
0.0
230
1.0
 70
     8
 71
     3
 72
     8
 73
     4
 74
     0
 42
0.0000001
 43
0.0000000001
 40
0.0
 40
0.0
 40
0.0
 40
0.0
 40
1.0
 40
1.0
 40
1.0
 40
1.0
 10
20.87046383429998
 20
42.27694408958001
 30
0.0
 10
20.88574350402001
 20
42.38581173316001
 30
0.0
 10
20.91343791649999
 20
42.47175987978
 30
0.0
 10
20.95417128182004
 20
42.53309953104002
 30
0.0
  0
SPLINE
  5
6C7
330
2AF
100
AcDbEntity
  8
03___PRT_ALL_CURVES
  6
Continuous
 62
     4
100
AcDbSpline
210
0.0
220
0.0
230
1.0
 70
     8
 71
     3
 72
     8
 73
     4
 74
     0
 42
0.0000001
 43
0.0000000001
 40
0.0
 40
0.0
 40
0.0
 40
0.0
 40
1.0
 40
1.0
 40
1.0
 40
1.0
 10
20.95417128182004
 20
42.53309953104002
 30
0.0
 10
20.99461117045999
 20
42.59399724008003
 30
0.0
 10
21.05190994079999
 20
42.64174624541999
 30
0.0
 10
21.12639834147998
 20
42.67421557087999
 30
0.0
  0
SPLINE
  5
6C8
330
2AF
100
AcDbEntity
  8
03___PRT_ALL_CURVES
  6
Continuous
 62
     4
100
AcDbSpline
210
0.0
220
0.0
230
1.0
 70
     8
 71
     3
 72
     8
 73
     4
 74
     0
 42
0.0000001
 43
0.0000000001
 40
0.0
 40
0.0
 40
0.0
 40
0.0
 40
1.0
 40
1.0
 40
1.0
 40
1.0
 10
21.12639834147998
 20
42.67421557087999
 30
0.0
 10
21.20088675232
 20
42.70668489887998
 30
0.0
 10
21.30306958326
 20
42.72387454445999
 30
0.0
 10
21.43485672634
 20
42.72387454445999
 30
0.0
  0
SPLINE
  5
6C9
330
2AF
100
AcDbEntity
  8
03___PRT_ALL_CURVES
  6
Continuous
 62
     4
100
AcDbSpline
210
0.0
220
0.0
230
1.0
 70
     8
 71
     3
 72
     8
 73
     4
 74
     0
 42
0.0000001
 43
0.0000000001
 40
0.0
 40
0.0
 40
0.0
 40
0.0
 40
1.0
 40
1.0
 40
1.0
 40
1.0
 10
21.43485672634
 20
42.72387454445999
 30
0.0
 10
21.57141880779997
 20
42.72387454445999
 30
0.0
 10
21.67742156759999
 20
42.70763986014001
 30
0.0
 10
21.75365453171997
 20
42.67667021164002
 30
0.0
  0
SPLINE
  5
6CA
330
2AF
100
AcDbEntity
  8
03___PRT_ALL_CURVES
  6
Continuous
 62
     4
100
AcDbSpline
210
0.0
220
0.0
230
1.0
 70
     8
 71
     3
 72
     8
 73
     4
 74
     0
 42
0.0000001
 43
0.0000000001
 40
0.0
 40
0.0
 40
0.0
 40
0.0
 40
1.0
 40
1.0
 40
1.0
 40
1.0
 10
21.75365453171997
 20
42.67667021164002
 30
0.0
 10
21.83021828765999
 20
42.64556617681998
 30
0.0
 10
21.88942700337998
 20
42.59781717147999
 30
0.0
 10
21.93335605954002
 20
42.53287858914001
 30
0.0
  0
SPLINE
  5
6CB
330
2AF
100
AcDbEntity
  8
03___PRT_ALL_CURVES
  6
Continuous
 62
     4
100
AcDbSpline
210
0.0
220
0.0
230
1.0
 70
     8
 71
     3
 72
     8
 73
     4
 74
     0
 42
0.0000001
 43
0.0000000001
 40
0.0
 40
0.0
 40
0.0
 40
0.0
 40
1.0
 40
1.0
 40
1.0
 40
1.0
 10
21.93335605954002
 20
42.53287858914001
 30
0.0
 10
21.97728515633997
 20
42.46793994837998
 30
0.0
 10
21.99924961075996
 20
42.39631647973999
 30
0.0
 10
21.99924961075996
 20
42.31609818958
 30
0.0
  0
SPLINE
  5
6CC
330
2AF
100
AcDbEntity
  8
03___PRT_ALL_CURVES
  6
Continuous
 62
     4
100
AcDbSpline
210
0.0
220
0.0
230
1.0
 70
     8
 71
     3
 72
     8
 73
     4
 74
     0
 42
0.0000001
 43
0.0000000001
 40
0.0
 40
0.0
 40
0.0
 40
0.0
 40
1.0
 40
1.0
 40
1.0
 40
1.0
 10
21.99924961075996
 20
42.31609818958
 30
0.0
 10
21.99924961075996
 20
42.23015004295999
 30
0.0
 10
21.97346522493999
 20
42.14897679154004
 30
0.0
 10
21.92402262125998
 20
42.07148501866001
 30
0.0
  0
SPLINE
  5
6CD
330
2AF
100
AcDbEntity
  8
03___PRT_ALL_CURVES
  6
Continuous
 62
     4
100
AcDbSpline
210
0.0
220
0.0
230
1.0
 70
     8
 71
     3
 72
     8
 73
     4
 74
     0
 42
0.0000001
 43
0.0000000001
 40
0.0
 40
0.0
 40
0.0
 40
0.0
 40
1.0
 40
1.0
 40
1.0
 40
1.0
 10
21.92402262125998
 20
42.07148501866001
 30
0.0
 10
21.87414736413999
 20
41.99331514197999
 30
0.0
 10
21.78342424358001
 20
41.90832195915999
 30
0.0
 10
21.65145739295997
 20
41.81594514619999
 30
0.0
  0
LINE
  5
6CE
330
2AF
100
AcDbEntity
  8
03___PRT_ALL_CURVES
  6
Continuous
 62
     4
100
AcDbLine
 10
21.65145739295997
 20
41.81594514619999
 30
0.0
 11
21.49429703926
 21
41.70175496564002
 31
0.0
  0
LINE
  5
6CF
330
2AF
100
AcDbEntity
  8
03___PRT_ALL_CURVES
  6
Continuous
 62
     4
100
AcDbLine
 10
21.49429703926
 20
41.70175496564002
 30
0.0
 11
21.40143243962001
 21
41.61705321226
 31
0.0
  0
SPLINE
  5
6D0
330
2AF
100
AcDbEntity
  8
03___PRT_ALL_CURVES
  6
Continuous
 62
     4
100
AcDbSpline
210
0.0
220
0.0
230
1.0
 70
     8
 71
     3
 72
     8
 73
     4
 74
     0
 42
0.0000001
 43
0.0000000001
 40
0.0
 40
0.0
 40
0.0
 40
0.0
 40
1.0
 40
1.0
 40
1.0
 40
1.0
 10
20.85566168203999
 20
37.80000000056
 30
0.0
 10
20.86903139621998
 20
37.91459754124
 30
0.0
 10
20.90914053114
 20
38.02346520768
 30
0.0
 10
20.97694407853999
 20
38.12469303418001
 30
0.0
  0
SPLINE
  5
6D1
330
2AF
100
AcDbEntity
  8
03___PRT_ALL_CURVES
  6
Continuous
 62
     4
100
AcDbSpline
210
0.0
220
0.0
230
1.0
 70
     8
 71
     3
 72
     8
 73
     4
 74
     0
 42
0.0000001
 43
0.0000000001
 40
0.0
 40
0.0
 40
0.0
 40
0.0
 40
1.0
 40
1.0
 40
1.0
 40
1.0
 10
20.97694407853999
 20
38.12469303418001
 30
0.0
 10
21.04474763864002
 20
38.22592087845999
 30
0.0
 10
21.17175991191999
 20
38.3462482756
 30
0.0
 10
21.35894604250001
 20
38.48470658389999
 30
0.0
  0
SPLINE
  5
6D2
330
2AF
100
AcDbEntity
  8
03___PRT_ALL_CURVES
  6
Continuous
 62
     4
100
AcDbSpline
210
0.0
220
0.0
230
1.0
 70
     8
 71
     3
 72
     8
 73
     4
 74
     0
 42
0.0000001
 43
0.0000000001
 40
0.0
 40
0.0
 40
0.0
 40
0.0
 40
1.0
 40
1.0
 40
1.0
 40
1.0
 10
21.35894604250001
 20
38.48470658389999
 30
0.0
 10
21.47257846191999
 20
38.5687584986
 30
0.0
 10
21.54515689182
 20
38.63369715206002
 30
0.0
 10
21.57731499616
 20
38.67785453643998
 30
0.0
  0
SPLINE
  5
6D3
330
2AF
100
AcDbEntity
  8
03___PRT_ALL_CURVES
  6
Continuous
 62
     4
100
AcDbSpline
210
0.0
220
0.0
230
1.0
 70
     8
 71
     3
 72
     8
 73
     4
 74
     0
 42
0.0000001
 43
0.0000000001
 40
0.0
 40
0.0
 40
0.0
 40
0.0
 40
1.0
 40
1.0
 40
1.0
 40
1.0
 10
21.57731499616
 20
38.67785453643998
 30
0.0
 10
21.60914050019997
 20
38.72155522120002
 30
0.0
 10
21.62537518451998
 20
38.76261941135999
 30
0.0
 10
21.62537518451998
 20
38.80272847262
 30
0.0
  0
SPLINE
  5
6D4
330
2AF
100
AcDbEntity
  8
03___PRT_ALL_CURVES
  6
Continuous
 62
     4
100
AcDbSpline
210
0.0
220
0.0
230
1.0
 70
     8
 71
     3
 72
     8
 73
     4
 74
     0
 42
0.0000001
 43
0.0000000001
 40
0.0
 40
0.0
 40
0.0
 40
0.0
 40
1.0
 40
1.0
 40
1.0
 40
1.0
 10
21.62537518451998
 20
38.80272847262
 30
0.0
 10
21.62537518451998
 20
38.84474762658002
 30
0.0
 10
21.60914050019997
 20
38.8810368428
 30
0.0
 10
21.57762617663997
 20
38.91159620255999
 30
0.0
  0
SPLINE
  5
6D5
330
2AF
100
AcDbEntity
  8
03___PRT_ALL_CURVES
  6
Continuous
 62
     4
100
AcDbSpline
210
0.0
220
0.0
230
1.0
 70
     8
 71
     3
 72
     8
 73
     4
 74
     0
 42
0.0000001
 43
0.0000000001
 40
0.0
 40
0.0
 40
0.0
 40
0.0
 40
1.0
 40
1.0
 40
1.0
 40
1.0
 10
21.57762617663997
 20
38.91159620255999
 30
0.0
 10
21.54611185562001
 20
38.94215556232001
 30
0.0
 10
21.50695775308
 20
38.95743520156003
 30
0.0
 10
21.45920874773998
 20
38.95743520156003
 30
0.0
  0
SPLINE
  5
6D6
330
2AF
100
AcDbEntity
  8
03___PRT_ALL_CURVES
  6
Continuous
 62
     4
100
AcDbSpline
210
0.0
220
0.0
230
1.0
 70
     8
 71
     3
 72
     8
 73
     4
 74
     0
 42
0.0000001
 43
0.0000000001
 40
0.0
 40
0.0
 40
0.0
 40
0.0
 40
1.0
 40
1.0
 40
1.0
 40
1.0
 10
21.45920874773998
 20
38.95743520156003
 30
0.0
 10
21.40954981733998
 20
38.95743520156003
 30
0.0
 10
21.36848570846001
 20
38.94120051724002
 30
0.0
 10
21.3372091924
 20
38.91039789914001
 30
0.0
  0
SPLINE
  5
6D7
330
2AF
100
AcDbEntity
  8
03___PRT_ALL_CURVES
  6
Continuous
 62
     4
100
AcDbSpline
210
0.0
220
0.0
230
1.0
 70
     8
 71
     3
 72
     8
 73
     4
 74
     0
 42
0.0000001
 43
0.0000000001
 40
0.0
 40
0.0
 40
0.0
 40
0.0
 40
1.0
 40
1.0
 40
1.0
 40
1.0
 10
21.3372091924
 20
38.91039789914001
 30
0.0
 10
21.30545702324
 20
38.87912683391997
 30
0.0
 10
21.28444748690001
 20
38.82373804960002
 30
0.0
 10
21.27394269967999
 20
38.74542976577999
 30
0.0
  0
SPLINE
  5
6D8
330
2AF
100
AcDbEntity
  8
03___PRT_ALL_CURVES
  6
Continuous
 62
     4
100
AcDbSpline
210
0.0
220
0.0
230
1.0
 70
     8
 71
     3
 72
     8
 73
     4
 74
     0
 42
0.0000001
 43
0.0000000001
 40
0.0
 40
0.0
 40
0.0
 40
0.0
 40
1.0
 40
1.0
 40
1.0
 40
1.0
 10
20.88431106593998
 20
38.77694408933999
 30
0.0
 10
20.89959073565998
 20
38.88581173291999
 30
0.0
 10
20.92728514813999
 20
38.97175987954
 30
0.0
 10
20.968018516
 20
39.03309953079997
 30
0.0
  0
SPLINE
  5
6D9
330
2AF
100
AcDbEntity
  8
03___PRT_ALL_CURVES
  6
Continuous
 62
     4
100
AcDbSpline
210
0.0
220
0.0
230
1.0
 70
     8
 71
     3
 72
     8
 73
     4
 74
     0
 42
0.0000001
 43
0.0000000001
 40
0.0
 40
0.0
 40
0.0
 40
0.0
 40
1.0
 40
1.0
 40
1.0
 40
1.0
 10
20.968018516
 20
39.03309953079997
 30
0.0
 10
21.00845840209999
 20
39.09399723983998
 30
0.0
 10
21.06575717243999
 20
39.14174624772002
 30
0.0
 10
21.14024557311998
 20
39.17421557064
 30
0.0
  0
SPLINE
  5
6DA
330
2AF
100
AcDbEntity
  8
03___PRT_ALL_CURVES
  6
Continuous
 62
     4
100
AcDbSpline
210
0.0
220
0.0
230
1.0
 70
     8
 71
     3
 72
     8
 73
     4
 74
     0
 42
0.0000001
 43
0.0000000001
 40
0.0
 40
0.0
 40
0.0
 40
0.0
 40
1.0
 40
1.0
 40
1.0
 40
1.0
 10
21.14024557311998
 20
39.17421557064
 30
0.0
 10
21.21473398396
 20
39.20668489864002
 30
0.0
 10
21.3169168149
 20
39.22387454422
 30
0.0
 10
21.44870395798
 20
39.22387454422
 30
0.0
  0
SPLINE
  5
6DB
330
2AF
100
AcDbEntity
  8
03___PRT_ALL_CURVES
  6
Continuous
 62
     4
100
AcDbSpline
210
0.0
220
0.0
230
1.0
 70
     8
 71
     3
 72
     8
 73
     4
 74
     0
 42
0.0000001
 43
0.0000000001
 40
0.0
 40
0.0
 40
0.0
 40
0.0
 40
1.0
 40
1.0
 40
1.0
 40
1.0
 10
21.44870395798
 20
39.22387454422
 30
0.0
 10
21.58526603944003
 20
39.22387454422
 30
0.0
 10
21.69126879923999
 20
39.20763985989998
 30
0.0
 10
21.76750176336003
 20
39.17667021139999
 30
0.0
  0
SPLINE
  5
6DC
330
2AF
100
AcDbEntity
  8
03___PRT_ALL_CURVES
  6
Continuous
 62
     4
100
AcDbSpline
210
0.0
220
0.0
230
1.0
 70
     8
 71
     3
 72
     8
 73
     4
 74
     0
 42
0.0000001
 43
0.0000000001
 40
0.0
 40
0.0
 40
0.0
 40
0.0
 40
1.0
 40
1.0
 40
1.0
 40
1.0
 10
21.76750176336003
 20
39.17667021139999
 30
0.0
 10
21.84406551929999
 20
39.14556617658002
 30
0.0
 10
21.90327423502001
 20
39.09781717124
 30
0.0
 10
21.94720329117996
 20
39.03287858889999
 30
0.0
  0
SPLINE
  5
6DD
330
2AF
100
AcDbEntity
  8
03___PRT_ALL_CURVES
  6
Continuous
 62
     4
100
AcDbSpline
210
0.0
220
0.0
230
1.0
 70
     8
 71
     3
 72
     8
 73
     4
 74
     0
 42
0.0000001
 43
0.0000000001
 40
0.0
 40
0.0
 40
0.0
 40
0.0
 40
1.0
 40
1.0
 40
1.0
 40
1.0
 10
21.94720329117996
 20
39.03287858889999
 30
0.0
 10
21.99113238798
 20
38.96793994814001
 30
0.0
 10
22.01309684240002
 20
38.89631647950003
 30
0.0
 10
22.01309684240002
 20
38.81609818933998
 30
0.0
  0
SPLINE
  5
6DE
330
2AF
100
AcDbEntity
  8
03___PRT_ALL_CURVES
  6
Continuous
 62
     4
100
AcDbSpline
210
0.0
220
0.0
230
1.0
 70
     8
 71
     3
 72
     8
 73
     4
 74
     0
 42
0.0000001
 43
0.0000000001
 40
0.0
 40
0.0
 40
0.0
 40
0.0
 40
1.0
 40
1.0
 40
1.0
 40
1.0
 10
22.01309684240002
 20
38.81609818933998
 30
0.0
 10
22.01309684240002
 20
38.73015004272
 30
0.0
 10
21.98731245657999
 20
38.64897679129999
 30
0.0
 10
21.93786985289998
 20
38.57148501841999
 30
0.0
  0
SPLINE
  5
6DF
330
2AF
100
AcDbEntity
  8
03___PRT_ALL_CURVES
  6
Continuous
 62
     4
100
AcDbSpline
210
0.0
220
0.0
230
1.0
 70
     8
 71
     3
 72
     8
 73
     4
 74
     0
 42
0.0000001
 43
0.0000000001
 40
0.0
 40
0.0
 40
0.0
 40
0.0
 40
1.0
 40
1.0
 40
1.0
 40
1.0
 10
21.93786985289998
 20
38.57148501841999
 30
0.0
 10
21.88799459578001
 20
38.49331514174
 30
0.0
 10
21.79727147521996
 20
38.40832195892
 30
0.0
 10
21.6653046246
 20
38.31594514850002
 30
0.0
  0
LINE
  5
6E0
330
2AF
100
AcDbEntity
  8
03___PRT_ALL_CURVES
  6
Continuous
 62
     4
100
AcDbLine
 10
21.6653046246
 20
38.31594514850002
 30
0.0
 11
21.5081442709
 21
38.20175496793999
 31
0.0
  0
LINE
  5
6E1
330
2AF
100
AcDbEntity
  8
03___PRT_ALL_CURVES
  6
Continuous
 62
     4
100
AcDbLine
 10
21.5081442709
 20
38.20175496793999
 30
0.0
 11
21.41527967125995
 21
38.11705321456003
 31
0.0
  0
SPLINE
  5
6E2
330
2AF
100
AcDbEntity
  8
03___PRT_ALL_CURVES
  6
Continuous
 62
     4
100
AcDbSpline
210
0.0
220
0.0
230
1.0
 70
     8
 71
     3
 72
     8
 73
     4
 74
     0
 42
0.0000001
 43
0.0000000001
 40
0.0
 40
0.0
 40
0.0
 40
0.0
 40
1.0
 40
1.0
 40
1.0
 40
1.0
 10
22.92796733168001
 20
38.83710776631997
 30
0.0
 10
22.91746241746
 20
38.89058662558
 30
0.0
 10
22.90027293697997
 20
38.92878584814
 30
0.0
 10
22.87615877642
 20
38.95145310531998
 30
0.0
  0
SPLINE
  5
6E3
330
2AF
100
AcDbEntity
  8
03___PRT_ALL_CURVES
  6
Continuous
 62
     4
100
AcDbSpline
210
0.0
220
0.0
230
1.0
 70
     8
 71
     3
 72
     8
 73
     4
 74
     0
 42
0.0000001
 43
0.0000000001
 40
0.0
 40
0.0
 40
0.0
 40
0.0
 40
1.0
 40
1.0
 40
1.0
 40
1.0
 10
22.87615877642
 20
38.95145310531998
 30
0.0
 10
22.85252384782001
 20
38.97366988587999
 30
0.0
 10
22.82291953313998
 20
38.98512959372002
 30
0.0
 10
22.78854024197997
 20
38.98512959372002
 30
0.0
  0
SPLINE
  5
6E4
330
2AF
100
AcDbEntity
  8
03___PRT_ALL_CURVES
  6
Continuous
 62
     4
100
AcDbSpline
210
0.0
220
0.0
230
1.0
 70
     8
 71
     3
 72
     8
 73
     4
 74
     0
 42
0.0000001
 43
0.0000000001
 40
0.0
 40
0.0
 40
0.0
 40
0.0
 40
1.0
 40
1.0
 40
1.0
 40
1.0
 10
22.78854024197997
 20
38.98512959372002
 30
0.0
 10
22.72551159486002
 20
38.98512959372002
 30
0.0
 10
22.67585274827996
 20
38.95266030889999
 30
0.0
 10
22.64112639660001
 20
38.88982221258001
 30
0.0
  0
SPLINE
  5
6E5
330
2AF
100
AcDbEntity
  8
03___PRT_ALL_CURVES
  6
Continuous
 62
     4
100
AcDbSpline
210
0.0
220
0.0
230
1.0
 70
     8
 71
     3
 72
     8
 73
     4
 74
     0
 42
0.0000001
 43
0.0000000001
 40
0.0
 40
0.0
 40
0.0
 40
0.0
 40
1.0
 40
1.0
 40
1.0
 40
1.0
 10
22.64112639660001
 20
38.88982221258001
 30
0.0
 10
22.61568898747998
 20
38.84379266532
 30
0.0
 10
22.59658941938
 20
38.74542976577999
 30
0.0
 10
22.5851295439
 20
38.59549792950003
 30
0.0
  0
SPLINE
  5
6E6
330
2AF
100
AcDbEntity
  8
03___PRT_ALL_CURVES
  6
Continuous
 62
     4
100
AcDbSpline
210
0.0
220
0.0
230
1.0
 70
     8
 71
     3
 72
     8
 73
     4
 74
     0
 42
0.0000001
 43
0.0000000001
 40
0.0
 40
0.0
 40
0.0
 40
0.0
 40
1.0
 40
1.0
 40
1.0
 40
1.0
 10
22.5851295439
 20
38.59549792950003
 30
0.0
 10
22.63096871054
 20
38.64229197358
 30
0.0
 10
22.67871763460002
 20
38.67667118345997
 30
0.0
 10
22.72829162232
 20
38.69977365439999
 30
0.0
  0
SPLINE
  5
6E7
330
2AF
100
AcDbEntity
  8
03___PRT_ALL_CURVES
  6
Continuous
 62
     4
100
AcDbSpline
210
0.0
220
0.0
230
1.0
 70
     8
 71
     3
 72
     8
 73
     4
 74
     0
 42
0.0000001
 43
0.0000000001
 40
0.0
 40
0.0
 40
0.0
 40
0.0
 40
1.0
 40
1.0
 40
1.0
 40
1.0
 10
22.72829162232
 20
38.69977365439999
 30
0.0
 10
22.77708053159998
 20
38.72251026628001
 30
0.0
 10
22.83342427971996
 20
38.73396997412001
 30
0.0
 10
22.89836284681999
 20
38.73396997412001
 30
0.0
  0
SPLINE
  5
6E8
330
2AF
100
AcDbEntity
  8
03___PRT_ALL_CURVES
  6
Continuous
 62
     4
100
AcDbSpline
210
0.0
220
0.0
230
1.0
 70
     8
 71
     3
 72
     8
 73
     4
 74
     0
 42
0.0000001
 43
0.0000000001
 40
0.0
 40
0.0
 40
0.0
 40
0.0
 40
1.0
 40
1.0
 40
1.0
 40
1.0
 10
22.89836284681999
 20
38.73396997412001
 30
0.0
 10
23.022510216
 20
38.73396997412001
 30
0.0
 10
23.12851297579999
 20
38.68908593638
 30
0.0
 10
23.21422290090001
 20
38.60004282515999
 30
0.0
  0
SPLINE
  5
6E9
330
2AF
100
AcDbEntity
  8
03___PRT_ALL_CURVES
  6
Continuous
 62
     4
100
AcDbSpline
210
0.0
220
0.0
230
1.0
 70
     8
 71
     3
 72
     8
 73
     4
 74
     0
 42
0.0000001
 43
0.0000000001
 40
0.0
 40
0.0
 40
0.0
 40
0.0
 40
1.0
 40
1.0
 40
1.0
 40
1.0
 10
23.21422290090001
 20
38.60004282515999
 30
0.0
 10
23.30040926650003
 20
38.51050474668
 30
0.0
 10
23.34433834298
 20
38.39781716916002
 30
0.0
 10
23.34433834298
 20
38.26125513341998
 30
0.0
  0
SPLINE
  5
6EA
330
2AF
100
AcDbEntity
  8
03___PRT_ALL_CURVES
  6
Continuous
 62
     4
100
AcDbSpline
210
0.0
220
0.0
230
1.0
 70
     8
 71
     3
 72
     8
 73
     4
 74
     0
 42
0.0000001
 43
0.0000000001
 40
0.0
 40
0.0
 40
0.0
 40
0.0
 40
1.0
 40
1.0
 40
1.0
 40
1.0
 10
23.34433834298
 20
38.26125513341998
 30
0.0
 10
23.34433834298
 20
38.16862208779997
 30
0.0
 10
23.32237388856001
 20
38.08458390688
 30
0.0
 10
23.27844481462
 20
38.00818554558001
 30
0.0
  0
SPLINE
  5
6EB
330
2AF
100
AcDbEntity
  8
03___PRT_ALL_CURVES
  6
Continuous
 62
     4
100
AcDbSpline
210
0.0
220
0.0
230
1.0
 70
     8
 71
     3
 72
     8
 73
     4
 74
     0
 42
0.0000001
 43
0.0000000001
 40
0.0
 40
0.0
 40
0.0
 40
0.0
 40
1.0
 40
1.0
 40
1.0
 40
1.0
 10
23.27844481462
 20
38.00818554558001
 30
0.0
 10
23.23451573559998
 20
37.93178717666001
 30
0.0
 10
23.17435197479998
 20
37.87353342220001
 30
0.0
 10
23.09680664855998
 20
37.83476075145998
 30
0.0
  0
SPLINE
  5
6EC
330
2AF
100
AcDbEntity
  8
03___PRT_ALL_CURVES
  6
Continuous
 62
     4
100
AcDbSpline
210
0.0
220
0.0
230
1.0
 70
     8
 71
     3
 72
     8
 73
     4
 74
     0
 42
0.0000001
 43
0.0000000001
 40
0.0
 40
0.0
 40
0.0
 40
0.0
 40
1.0
 40
1.0
 40
1.0
 40
1.0
 10
23.09680664855998
 20
37.83476075145998
 30
0.0
 10
23.01964532967997
 20
37.79618008185997
 30
0.0
 10
22.92319235519997
 20
37.77612551185999
 30
0.0
 10
22.80668484882003
 20
37.77612551185999
 30
0.0
  0
SPLINE
  5
6ED
330
2AF
100
AcDbEntity
  8
03___PRT_ALL_CURVES
  6
Continuous
 62
     4
100
AcDbSpline
210
0.0
220
0.0
230
1.0
 70
     8
 71
     3
 72
     8
 73
     4
 74
     0
 42
0.0000001
 43
0.0000000001
 40
0.0
 40
0.0
 40
0.0
 40
0.0
 40
1.0
 40
1.0
 40
1.0
 40
1.0
 10
22.80668484882003
 20
37.77612551185999
 30
0.0
 10
22.66630296296
 20
37.77612551185999
 30
0.0
 10
22.55361530415999
 20
37.80000000056
 30
0.0
 10
22.46946136527998
 20
37.84754458924002
 30
0.0
  0
SPLINE
  5
6EE
330
2AF
100
AcDbEntity
  8
03___PRT_ALL_CURVES
  6
Continuous
 62
     4
100
AcDbSpline
210
0.0
220
0.0
230
1.0
 70
     8
 71
     3
 72
     8
 73
     4
 74
     0
 42
0.0000001
 43
0.0000000001
 40
0.0
 40
0.0
 40
0.0
 40
0.0
 40
1.0
 40
1.0
 40
1.0
 40
1.0
 10
22.46946136527998
 20
37.84754458924002
 30
0.0
 10
22.38458389977998
 20
37.89549795028
 30
0.0
 10
22.31678044382002
 20
37.97094134016001
 30
0.0
 10
22.26616647087999
 20
38.07598908535999
 30
0.0
  0
SPLINE
  5
6EF
330
2AF
100
AcDbEntity
  8
03___PRT_ALL_CURVES
  6
Continuous
 62
     4
100
AcDbSpline
210
0.0
220
0.0
230
1.0
 70
     8
 71
     3
 72
     8
 73
     4
 74
     0
 42
0.0000001
 43
0.0000000001
 40
0.0
 40
0.0
 40
0.0
 40
0.0
 40
1.0
 40
1.0
 40
1.0
 40
1.0
 10
22.26616647087999
 20
38.07598908535999
 30
0.0
 10
22.21555249285998
 20
38.18103684072
 30
0.0
 10
22.19072307084002
 20
38.31950888533999
 30
0.0
 10
22.19072307084002
 20
38.49236018047998
 30
0.0
  0
SPLINE
  5
6F0
330
2AF
100
AcDbEntity
  8
03___PRT_ALL_CURVES
  6
Continuous
 62
     4
100
AcDbSpline
210
0.0
220
0.0
230
1.0
 70
     8
 71
     3
 72
     8
 73
     4
 74
     0
 42
0.0000001
 43
0.0000000001
 40
0.0
 40
0.0
 40
0.0
 40
0.0
 40
1.0
 40
1.0
 40
1.0
 40
1.0
 10
22.19072307084002
 20
38.49236018047998
 30
0.0
 10
22.19072307084002
 20
38.7444747207
 30
0.0
 10
22.24324688502
 20
38.92974080939999
 30
0.0
 10
22.34994277271997
 20
39.04744116582
 30
0.0
  0
SPLINE
  5
6F1
330
2AF
100
AcDbEntity
  8
03___PRT_ALL_CURVES
  6
Continuous
 62
     4
100
AcDbSpline
210
0.0
220
0.0
230
1.0
 70
     8
 71
     3
 72
     8
 73
     4
 74
     0
 42
0.0000001
 43
0.0000000001
 40
0.0
 40
0.0
 40
0.0
 40
0.0
 40
1.0
 40
1.0
 40
1.0
 40
1.0
 10
22.34994277271997
 20
39.04744116582
 30
0.0
 10
22.45620736842002
 20
39.16466574722
 30
0.0
 10
22.60327415073996
 20
39.22387454422
 30
0.0
 10
22.79236025466
 20
39.22387454422
 30
0.0
  0
SPLINE
  5
6F2
330
2AF
100
AcDbEntity
  8
03___PRT_ALL_CURVES
  6
Continuous
 62
     4
100
AcDbSpline
210
0.0
220
0.0
230
1.0
 70
     8
 71
     3
 72
     8
 73
     4
 74
     0
 42
0.0000001
 43
0.0000000001
 40
0.0
 40
0.0
 40
0.0
 40
0.0
 40
1.0
 40
1.0
 40
1.0
 40
1.0
 10
22.79236025466
 20
39.22387454422
 30
0.0
 10
22.90313782329997
 20
39.22387454422
 30
0.0
 10
22.99099597625997
 20
39.21050474622001
 30
0.0
 10
23.05593453066001
 20
39.18472032483999
 30
0.0
  0
SPLINE
  5
6F3
330
2AF
100
AcDbEntity
  8
03___PRT_ALL_CURVES
  6
Continuous
 62
     4
100
AcDbSpline
210
0.0
220
0.0
230
1.0
 70
     8
 71
     3
 72
     8
 73
     4
 74
     0
 42
0.0000001
 43
0.0000000001
 40
0.0
 40
0.0
 40
0.0
 40
0.0
 40
1.0
 40
1.0
 40
1.0
 40
1.0
 10
23.05593453066001
 20
39.18472032483999
 30
0.0
 10
23.12087311299999
 20
39.1589358933
 30
0.0
 10
23.17435197479998
 20
39.12169171581999
 30
0.0
 10
23.21705113501997
 20
39.07179608535998
 30
0.0
  0
SPLINE
  5
6F4
330
2AF
100
AcDbEntity
  8
03___PRT_ALL_CURVES
  6
Continuous
 62
     4
100
AcDbSpline
210
0.0
220
0.0
230
1.0
 70
     8
 71
     3
 72
     8
 73
     4
 74
     0
 42
0.0000001
 43
0.0000000001
 40
0.0
 40
0.0
 40
0.0
 40
0.0
 40
1.0
 40
1.0
 40
1.0
 40
1.0
 10
23.21705113501997
 20
39.07179608535998
 30
0.0
 10
23.25934524144
 20
39.02237377120002
 30
0.0
 10
23.29181444244
 20
38.95934512662001
 30
0.0
 10
23.31473402575998
 20
38.88485677166
 30
0.0
  0
SPLINE
  5
6F5
330
2AF
100
AcDbEntity
  8
03___PRT_ALL_CURVES
  6
Continuous
 62
     4
100
AcDbSpline
210
0.0
220
0.0
230
1.0
 70
     8
 71
     3
 72
     8
 73
     4
 74
     0
 42
0.0000001
 43
0.0000000001
 40
0.0
 40
0.0
 40
0.0
 40
0.0
 40
1.0
 40
1.0
 40
1.0
 40
1.0
 10
22.59849934190001
 20
38.26125513341998
 30
0.0
 10
22.59849934190001
 20
38.18485677212001
 30
0.0
 10
22.61759891254002
 20
38.12564801575999
 30
0.0
 10
22.655798097
 20
38.08267398436001
 30
0.0
  0
SPLINE
  5
6F6
330
2AF
100
AcDbEntity
  8
03___PRT_ALL_CURVES
  6
Continuous
 62
     4
100
AcDbSpline
210
0.0
220
0.0
230
1.0
 70
     8
 71
     3
 72
     8
 73
     4
 74
     0
 42
0.0000001
 43
0.0000000001
 40
0.0
 40
0.0
 40
0.0
 40
0.0
 40
1.0
 40
1.0
 40
1.0
 40
1.0
 10
22.655798097
 20
38.08267398436001
 30
0.0
 10
22.69399735512002
 20
38.03969986914001
 30
0.0
 10
22.74079131792001
 20
38.01869031502002
 30
0.0
 10
22.79618010223999
 20
38.01869031502002
 30
0.0
  0
SPLINE
  5
6F7
330
2AF
100
AcDbEntity
  8
03___PRT_ALL_CURVES
  6
Continuous
 62
     4
100
AcDbSpline
210
0.0
220
0.0
230
1.0
 70
     8
 71
     3
 72
     8
 73
     4
 74
     0
 42
0.0000001
 43
0.0000000001
 40
0.0
 40
0.0
 40
0.0
 40
0.0
 40
1.0
 40
1.0
 40
1.0
 40
1.0
 10
22.79618010223999
 20
38.01869031502002
 30
0.0
 10
22.84679407772001
 20
38.01869031502002
 30
0.0
 10
22.88976802529999
 20
38.03778990597999
 30
0.0
 10
22.92438505791998
 20
38.07673403433998
 30
0.0
  0
SPLINE
  5
6F8
330
2AF
100
AcDbEntity
  8
03___PRT_ALL_CURVES
  6
Continuous
 62
     4
100
AcDbSpline
210
0.0
220
0.0
230
1.0
 70
     8
 71
     3
 72
     8
 73
     4
 74
     0
 42
0.0000001
 43
0.0000000001
 40
0.0
 40
0.0
 40
0.0
 40
0.0
 40
1.0
 40
1.0
 40
1.0
 40
1.0
 10
22.92438505791998
 20
38.07673403433998
 30
0.0
 10
22.95852660761997
 20
38.11514324885999
 30
0.0
 10
22.97571625319998
 20
38.17339698046001
 30
0.0
 10
22.97571625319998
 20
38.25075034366
 30
0.0
  0
SPLINE
  5
6F9
330
2AF
100
AcDbEntity
  8
03___PRT_ALL_CURVES
  6
Continuous
 62
     4
100
AcDbSpline
210
0.0
220
0.0
230
1.0
 70
     8
 71
     3
 72
     8
 73
     4
 74
     0
 42
0.0000001
 43
0.0000000001
 40
0.0
 40
0.0
 40
0.0
 40
0.0
 40
1.0
 40
1.0
 40
1.0
 40
1.0
 10
22.97571625319998
 20
38.25075034366
 30
0.0
 10
22.97571625319998
 20
38.32905867066
 30
0.0
 10
22.95757164636001
 20
38.38922238827999
 30
0.0
 10
22.92172465429996
 20
38.43080489592001
 30
0.0
  0
SPLINE
  5
6FA
330
2AF
100
AcDbEntity
  8
03___PRT_ALL_CURVES
  6
Continuous
 62
     4
100
AcDbSpline
210
0.0
220
0.0
230
1.0
 70
     8
 71
     3
 72
     8
 73
     4
 74
     0
 42
0.0000001
 43
0.0000000001
 40
0.0
 40
0.0
 40
0.0
 40
0.0
 40
1.0
 40
1.0
 40
1.0
 40
1.0
 10
22.92172465429996
 20
38.43080489592001
 30
0.0
 10
22.88594817772
 20
38.47230560793997
 30
0.0
 10
22.84201910123997
 20
38.49331514174
 30
0.0
 10
22.78949520323999
 20
38.49331514174
 30
0.0
  0
SPLINE
  5
6FB
330
2AF
100
AcDbEntity
  8
03___PRT_ALL_CURVES
  6
Continuous
 62
     4
100
AcDbSpline
210
0.0
220
0.0
230
1.0
 70
     8
 71
     3
 72
     8
 73
     4
 74
     0
 42
0.0000001
 43
0.0000000001
 40
0.0
 40
0.0
 40
0.0
 40
0.0
 40
1.0
 40
1.0
 40
1.0
 40
1.0
 10
22.78949520323999
 20
38.49331514174
 30
0.0
 10
22.73506138017999
 20
38.49331514174
 30
0.0
 10
22.68922238118
 20
38.47326056920002
 30
0.0
 10
22.65293316496002
 20
38.43315142412001
 30
0.0
  0
SPLINE
  5
6FC
330
2AF
100
AcDbEntity
  8
03___PRT_ALL_CURVES
  6
Continuous
 62
     4
100
AcDbSpline
210
0.0
220
0.0
230
1.0
 70
     8
 71
     3
 72
     8
 73
     4
 74
     0
 42
0.0000001
 43
0.0000000001
 40
0.0
 40
0.0
 40
0.0
 40
0.0
 40
1.0
 40
1.0
 40
1.0
 40
1.0
 10
22.65293316496002
 20
38.43315142412001
 30
0.0
 10
22.61664394874001
 20
38.39304227904003
 30
0.0
 10
22.59849934190001
 20
38.33574352901999
 30
0.0
 10
22.59849934190001
 20
38.26125513341998
 30
0.0
  0
SPLINE
  5
6FD
330
2AF
100
AcDbEntity
  8
03___PRT_ALL_CURVES
  6
Continuous
 62
     4
100
AcDbSpline
210
0.0
220
0.0
230
1.0
 70
     8
 71
     3
 72
     8
 73
     4
 74
     0
 42
0.0000001
 43
0.0000000001
 40
0.0
 40
0.0
 40
0.0
 40
0.0
 40
1.0
 40
1.0
 40
1.0
 40
1.0
 10
20.86139159438
 20
34.30000000032001
 30
0.0
 10
20.8747613111
 20
34.41459754100001
 30
0.0
 10
20.91487044601999
 20
34.52346520744001
 30
0.0
 10
20.98267399088002
 20
34.62469303393999
 30
0.0
  0
SPLINE
  5
6FE
330
2AF
100
AcDbEntity
  8
03___PRT_ALL_CURVES
  6
Continuous
 62
     4
100
AcDbSpline
210
0.0
220
0.0
230
1.0
 70
     8
 71
     3
 72
     8
 73
     4
 74
     0
 42
0.0000001
 43
0.0000000001
 40
0.0
 40
0.0
 40
0.0
 40
0.0
 40
1.0
 40
1.0
 40
1.0
 40
1.0
 10
20.98267399088002
 20
34.62469303393999
 30
0.0
 10
21.05047755097999
 20
34.72592088075999
 30
0.0
 10
21.17748982679998
 20
34.84624827535998
 30
0.0
 10
21.36467595738
 20
34.98470658366
 30
0.0
  0
SPLINE
  5
6FF
330
2AF
100
AcDbEntity
  8
03___PRT_ALL_CURVES
  6
Continuous
 62
     4
100
AcDbSpline
210
0.0
220
0.0
230
1.0
 70
     8
 71
     3
 72
     8
 73
     4
 74
     0
 42
0.0000001
 43
0.0000000001
 40
0.0
 40
0.0
 40
0.0
 40
0.0
 40
1.0
 40
1.0
 40
1.0
 40
1.0
 10
21.36467595738
 20
34.98470658366
 30
0.0
 10
21.47830837679999
 20
35.06875849835998
 30
0.0
 10
21.55088680669999
 20
35.13369715182
 30
0.0
 10
21.5830449085
 20
35.17785453619999
 30
0.0
  0
SPLINE
  5
700
330
2AF
100
AcDbEntity
  8
03___PRT_ALL_CURVES
  6
Continuous
 62
     4
100
AcDbSpline
210
0.0
220
0.0
230
1.0
 70
     8
 71
     3
 72
     8
 73
     4
 74
     0
 42
0.0000001
 43
0.0000000001
 40
0.0
 40
0.0
 40
0.0
 40
0.0
 40
1.0
 40
1.0
 40
1.0
 40
1.0
 10
21.5830449085
 20
35.17785453619999
 30
0.0
 10
21.61487041254
 20
35.22155522095997
 30
0.0
 10
21.63110509686001
 20
35.26261941112003
 30
0.0
 10
21.63110509686001
 20
35.30272847491997
 30
0.0
  0
SPLINE
  5
701
330
2AF
100
AcDbEntity
  8
03___PRT_ALL_CURVES
  6
Continuous
 62
     4
100
AcDbSpline
210
0.0
220
0.0
230
1.0
 70
     8
 71
     3
 72
     8
 73
     4
 74
     0
 42
0.0000001
 43
0.0000000001
 40
0.0
 40
0.0
 40
0.0
 40
0.0
 40
1.0
 40
1.0
 40
1.0
 40
1.0
 10
21.63110509686001
 20
35.30272847491997
 30
0.0
 10
21.63110509686001
 20
35.34474762633999
 30
0.0
 10
21.61487041254
 20
35.38103684256004
 30
0.0
 10
21.58335609151999
 20
35.41159620232
 30
0.0
  0
SPLINE
  5
702
330
2AF
100
AcDbEntity
  8
03___PRT_ALL_CURVES
  6
Continuous
 62
     4
100
AcDbSpline
210
0.0
220
0.0
230
1.0
 70
     8
 71
     3
 72
     8
 73
     4
 74
     0
 42
0.0000001
 43
0.0000000001
 40
0.0
 40
0.0
 40
0.0
 40
0.0
 40
1.0
 40
1.0
 40
1.0
 40
1.0
 10
21.58335609151999
 20
35.41159620232
 30
0.0
 10
21.55184176795998
 20
35.44215556462001
 30
0.0
 10
21.51268766795999
 20
35.45743520131998
 30
0.0
 10
21.46493866008001
 20
35.45743520131998
 30
0.0
  0
SPLINE
  5
703
330
2AF
100
AcDbEntity
  8
03___PRT_ALL_CURVES
  6
Continuous
 62
     4
100
AcDbSpline
210
0.0
220
0.0
230
1.0
 70
     8
 71
     3
 72
     8
 73
     4
 74
     0
 42
0.0000001
 43
0.0000000001
 40
0.0
 40
0.0
 40
0.0
 40
0.0
 40
1.0
 40
1.0
 40
1.0
 40
1.0
 10
21.46493866008001
 20
35.45743520131998
 30
0.0
 10
21.41527972967998
 20
35.45743520131998
 30
0.0
 10
21.37421562333998
 20
35.44120051954002
 30
0.0
 10
21.34293910474
 20
35.41039789889999
 30
0.0
  0
SPLINE
  5
704
330
2AF
100
AcDbEntity
  8
03___PRT_ALL_CURVES
  6
Continuous
 62
     4
100
AcDbSpline
210
0.0
220
0.0
230
1.0
 70
     8
 71
     3
 72
     8
 73
     4
 74
     0
 42
0.0000001
 43
0.0000000001
 40
0.0
 40
0.0
 40
0.0
 40
0.0
 40
1.0
 40
1.0
 40
1.0
 40
1.0
 10
21.34293910474
 20
35.41039789889999
 30
0.0
 10
21.31118693557997
 20
35.37912683368
 30
0.0
 10
21.29017740178
 20
35.32373804936
 30
0.0
 10
21.27967261456001
 20
35.24542976554002
 30
0.0
  0
SPLINE
  5
705
330
2AF
100
AcDbEntity
  8
03___PRT_ALL_CURVES
  6
Continuous
 62
     4
100
AcDbSpline
210
0.0
220
0.0
230
1.0
 70
     8
 71
     3
 72
     8
 73
     4
 74
     0
 42
0.0000001
 43
0.0000000001
 40
0.0
 40
0.0
 40
0.0
 40
0.0
 40
1.0
 40
1.0
 40
1.0
 40
1.0
 10
20.89004098082
 20
35.2769440891
 30
0.0
 10
20.90532065054001
 20
35.38581173268
 30
0.0
 10
20.93301506302001
 20
35.47175987930001
 30
0.0
 10
20.97374842834
 20
35.53309953056001
 30
0.0
  0
SPLINE
  5
706
330
2AF
100
AcDbEntity
  8
03___PRT_ALL_CURVES
  6
Continuous
 62
     4
100
AcDbSpline
210
0.0
220
0.0
230
1.0
 70
     8
 71
     3
 72
     8
 73
     4
 74
     0
 42
0.0000001
 43
0.0000000001
 40
0.0
 40
0.0
 40
0.0
 40
0.0
 40
1.0
 40
1.0
 40
1.0
 40
1.0
 10
20.97374842834
 20
35.53309953056001
 30
0.0
 10
21.01418831698001
 20
35.59399723960001
 30
0.0
 10
21.07148708732001
 20
35.64174624747997
 30
0.0
 10
21.14597548545999
 20
35.67421557039998
 30
0.0
  0
SPLINE
  5
707
330
2AF
100
AcDbEntity
  8
03___PRT_ALL_CURVES
  6
Continuous
 62
     4
100
AcDbSpline
210
0.0
220
0.0
230
1.0
 70
     8
 71
     3
 72
     8
 73
     4
 74
     0
 42
0.0000001
 43
0.0000000001
 40
0.0
 40
0.0
 40
0.0
 40
0.0
 40
1.0
 40
1.0
 40
1.0
 40
1.0
 10
21.14597548545999
 20
35.67421557039998
 30
0.0
 10
21.22046389883999
 20
35.7066848984
 30
0.0
 10
21.32264672723997
 20
35.72387454397997
 30
0.0
 10
21.45443387286002
 20
35.72387454397997
 30
0.0
  0
SPLINE
  5
708
330
2AF
100
AcDbEntity
  8
03___PRT_ALL_CURVES
  6
Continuous
 62
     4
100
AcDbSpline
210
0.0
220
0.0
230
1.0
 70
     8
 71
     3
 72
     8
 73
     4
 74
     0
 42
0.0000001
 43
0.0000000001
 40
0.0
 40
0.0
 40
0.0
 40
0.0
 40
1.0
 40
1.0
 40
1.0
 40
1.0
 10
21.45443387286002
 20
35.72387454397997
 30
0.0
 10
21.59099595178
 20
35.72387454397997
 30
0.0
 10
21.69699871157997
 20
35.70763985966002
 30
0.0
 10
21.7732316757
 20
35.67667021116
 30
0.0
  0
SPLINE
  5
709
330
2AF
100
AcDbEntity
  8
03___PRT_ALL_CURVES
  6
Continuous
 62
     4
100
AcDbSpline
210
0.0
220
0.0
230
1.0
 70
     8
 71
     3
 72
     8
 73
     4
 74
     0
 42
0.0000001
 43
0.0000000001
 40
0.0
 40
0.0
 40
0.0
 40
0.0
 40
1.0
 40
1.0
 40
1.0
 40
1.0
 10
21.7732316757
 20
35.67667021116
 30
0.0
 10
21.84979543418001
 20
35.64556617634
 30
0.0
 10
21.90900414736001
 20
35.597817171
 30
0.0
 10
21.95293320605998
 20
35.53287858866003
 30
0.0
  0
SPLINE
  5
70A
330
2AF
100
AcDbEntity
  8
03___PRT_ALL_CURVES
  6
Continuous
 62
     4
100
AcDbSpline
210
0.0
220
0.0
230
1.0
 70
     8
 71
     3
 72
     8
 73
     4
 74
     0
 42
0.0000001
 43
0.0000000001
 40
0.0
 40
0.0
 40
0.0
 40
0.0
 40
1.0
 40
1.0
 40
1.0
 40
1.0
 10
21.95293320605998
 20
35.53287858866003
 30
0.0
 10
21.99686230032
 20
35.46793994789999
 30
0.0
 10
22.01882675473999
 20
35.39631647926001
 30
0.0
 10
22.01882675473999
 20
35.31609818909999
 30
0.0
  0
SPLINE
  5
70B
330
2AF
100
AcDbEntity
  8
03___PRT_ALL_CURVES
  6
Continuous
 62
     4
100
AcDbSpline
210
0.0
220
0.0
230
1.0
 70
     8
 71
     3
 72
     8
 73
     4
 74
     0
 42
0.0000001
 43
0.0000000001
 40
0.0
 40
0.0
 40
0.0
 40
0.0
 40
1.0
 40
1.0
 40
1.0
 40
1.0
 10
22.01882675473999
 20
35.31609818909999
 30
0.0
 10
22.01882675473999
 20
35.23015004247998
 30
0.0
 10
21.99304237146001
 20
35.14897679106002
 30
0.0
 10
21.94359976777997
 20
35.07148501818003
 30
0.0
  0
SPLINE
  5
70C
330
2AF
100
AcDbEntity
  8
03___PRT_ALL_CURVES
  6
Continuous
 62
     4
100
AcDbSpline
210
0.0
220
0.0
230
1.0
 70
     8
 71
     3
 72
     8
 73
     4
 74
     0
 42
0.0000001
 43
0.0000000001
 40
0.0
 40
0.0
 40
0.0
 40
0.0
 40
1.0
 40
1.0
 40
1.0
 40
1.0
 10
21.94359976777997
 20
35.07148501818003
 30
0.0
 10
21.89372451065998
 20
34.99331514150001
 30
0.0
 10
21.80300138755999
 20
34.90832195868001
 30
0.0
 10
21.67103453694
 20
34.81594514826
 30
0.0
  0
LINE
  5
70D
330
2AF
100
AcDbEntity
  8
03___PRT_ALL_CURVES
  6
Continuous
 62
     4
100
AcDbLine
 10
21.67103453694
 20
34.81594514826
 30
0.0
 11
21.51387418577997
 21
34.7017549677
 31
0.0
  0
LINE
  5
70E
330
2AF
100
AcDbEntity
  8
03___PRT_ALL_CURVES
  6
Continuous
 62
     4
100
AcDbLine
 10
21.51387418577997
 20
34.7017549677
 30
0.0
 11
21.42100958614
 21
34.61705321431998
 31
0.0
  0
SPLINE
  5
70F
330
2AF
100
AcDbEntity
  8
03___PRT_ALL_CURVES
  6
Continuous
 62
     4
100
AcDbSpline
210
0.0
220
0.0
230
1.0
 70
     8
 71
     3
 72
     8
 73
     4
 74
     0
 42
0.0000001
 43
0.0000000001
 40
0.0
 40
0.0
 40
0.0
 40
0.0
 40
1.0
 40
1.0
 40
1.0
 40
1.0
 10
22.42851295086001
 20
35.05252389786
 30
0.0
 10
22.36739439643998
 20
35.08499318267999
 30
0.0
 10
22.32251035869999
 20
35.12128239889998
 30
0.0
 10
22.29464030267999
 20
35.16126979924002
 30
0.0
  0
SPLINE
  5
710
330
2AF
100
AcDbEntity
  8
03___PRT_ALL_CURVES
  6
Continuous
 62
     4
100
AcDbSpline
210
0.0
220
0.0
230
1.0
 70
     8
 71
     3
 72
     8
 73
     4
 74
     0
 42
0.0000001
 43
0.0000000001
 40
0.0
 40
0.0
 40
0.0
 40
0.0
 40
1.0
 40
1.0
 40
1.0
 40
1.0
 10
22.29464030267999
 20
35.16126979924002
 30
0.0
 10
22.25661666015998
 20
35.21582536704
 30
0.0
 10
22.23751709205999
 20
35.27885401162001
 30
0.0
 10
22.23751709205999
 20
35.35047748026
 30
0.0
  0
SPLINE
  5
711
330
2AF
100
AcDbEntity
  8
03___PRT_ALL_CURVES
  6
Continuous
 62
     4
100
AcDbSpline
210
0.0
220
0.0
230
1.0
 70
     8
 71
     3
 72
     8
 73
     4
 74
     0
 42
0.0000001
 43
0.0000000001
 40
0.0
 40
0.0
 40
0.0
 40
0.0
 40
1.0
 40
1.0
 40
1.0
 40
1.0
 10
22.23751709205999
 20
35.35047748026
 30
0.0
 10
22.23751709205999
 20
35.46698498664
 30
0.0
 10
22.29195091512
 20
35.56343796112003
 30
0.0
 10
22.40285726937998
 20
35.63773442924
 30
0.0
  0
SPLINE
  5
712
330
2AF
100
AcDbEntity
  8
03___PRT_ALL_CURVES
  6
Continuous
 62
     4
100
AcDbSpline
210
0.0
220
0.0
230
1.0
 70
     8
 71
     3
 72
     8
 73
     4
 74
     0
 42
0.0000001
 43
0.0000000001
 40
0.0
 40
0.0
 40
0.0
 40
0.0
 40
1.0
 40
1.0
 40
1.0
 40
1.0
 10
22.40285726937998
 20
35.63773442924
 30
0.0
 10
22.48867671165999
 20
35.69522510674
 30
0.0
 10
22.60231933171997
 20
35.72387454397997
 30
0.0
 10
22.74365617883998
 20
35.72387454397997
 30
0.0
  0
SPLINE
  5
713
330
2AF
100
AcDbEntity
  8
03___PRT_ALL_CURVES
  6
Continuous
 62
     4
100
AcDbSpline
210
0.0
220
0.0
230
1.0
 70
     8
 71
     3
 72
     8
 73
     4
 74
     0
 42
0.0000001
 43
0.0000000001
 40
0.0
 40
0.0
 40
0.0
 40
0.0
 40
1.0
 40
1.0
 40
1.0
 40
1.0
 10
22.74365617883998
 20
35.72387454397997
 30
0.0
 10
22.93083219259998
 20
35.72387454397997
 30
0.0
 10
23.06834935723998
 20
35.68758524647998
 30
0.0
 10
23.15788550532002
 20
35.61662311764002
 30
0.0
  0
SPLINE
  5
714
330
2AF
100
AcDbEntity
  8
03___PRT_ALL_CURVES
  6
Continuous
 62
     4
100
AcDbSpline
210
0.0
220
0.0
230
1.0
 70
     8
 71
     3
 72
     8
 73
     4
 74
     0
 42
0.0000001
 43
0.0000000001
 40
0.0
 40
0.0
 40
0.0
 40
0.0
 40
1.0
 40
1.0
 40
1.0
 40
1.0
 10
23.15788550532002
 20
35.61662311764002
 30
0.0
 10
23.24788551073999
 20
35.54529335428001
 30
0.0
 10
23.29276954847998
 20
35.4555252788
 30
0.0
 10
23.29276954847998
 20
35.34761251266002
 30
0.0
  0
SPLINE
  5
715
330
2AF
100
AcDbEntity
  8
03___PRT_ALL_CURVES
  6
Continuous
 62
     4
100
AcDbSpline
210
0.0
220
0.0
230
1.0
 70
     8
 71
     3
 72
     8
 73
     4
 74
     0
 42
0.0000001
 43
0.0000000001
 40
0.0
 40
0.0
 40
0.0
 40
0.0
 40
1.0
 40
1.0
 40
1.0
 40
1.0
 10
23.29276954847998
 20
35.34761251266002
 30
0.0
 10
23.29276954847998
 20
35.28458386554001
 30
0.0
 10
23.27462494163998
 20
35.22537515236002
 30
0.0
 10
23.23925711296002
 20
35.17096313773999
 30
0.0
  0
SPLINE
  5
716
330
2AF
100
AcDbEntity
  8
03___PRT_ALL_CURVES
  6
Continuous
 62
     4
100
AcDbSpline
210
0.0
220
0.0
230
1.0
 70
     8
 71
     3
 72
     8
 73
     4
 74
     0
 42
0.0000001
 43
0.0000000001
 40
0.0
 40
0.0
 40
0.0
 40
0.0
 40
1.0
 40
1.0
 40
1.0
 40
1.0
 10
23.23925711296002
 20
35.17096313773999
 30
0.0
 10
23.21255125578
 20
35.12987722041998
 30
0.0
 10
23.17053210435998
 20
35.0907230366
 30
0.0
 10
23.11323339498
 20
35.05252389786
 30
0.0
  0
SPLINE
  5
717
330
2AF
100
AcDbEntity
  8
03___PRT_ALL_CURVES
  6
Continuous
 62
     4
100
AcDbSpline
210
0.0
220
0.0
230
1.0
 70
     8
 71
     3
 72
     8
 73
     4
 74
     0
 42
0.0000001
 43
0.0000000001
 40
0.0
 40
0.0
 40
0.0
 40
0.0
 40
1.0
 40
1.0
 40
1.0
 40
1.0
 10
23.11323339498
 20
35.05252389786
 30
0.0
 10
23.18867671119997
 20
35.01623468418001
 30
0.0
 10
23.24502045678
 20
34.96753071504
 30
0.0
 10
23.28205053511999
 20
34.90818771714001
 30
0.0
  0
SPLINE
  5
718
330
2AF
100
AcDbEntity
  8
03___PRT_ALL_CURVES
  6
Continuous
 62
     4
100
AcDbSpline
210
0.0
220
0.0
230
1.0
 70
     8
 71
     3
 72
     8
 73
     4
 74
     0
 42
0.0000001
 43
0.0000000001
 40
0.0
 40
0.0
 40
0.0
 40
0.0
 40
1.0
 40
1.0
 40
1.0
 40
1.0
 10
23.28205053511999
 20
34.90818771714001
 30
0.0
 10
23.31950897938003
 20
34.84815824106002
 30
0.0
 10
23.33860854747996
 20
34.78226466697998
 30
0.0
 10
23.33860854747996
 20
34.70968623708001
 30
0.0
  0
SPLINE
  5
719
330
2AF
100
AcDbEntity
  8
03___PRT_ALL_CURVES
  6
Continuous
 62
     4
100
AcDbSpline
210
0.0
220
0.0
230
1.0
 70
     8
 71
     3
 72
     8
 73
     4
 74
     0
 42
0.0000001
 43
0.0000000001
 40
0.0
 40
0.0
 40
0.0
 40
0.0
 40
1.0
 40
1.0
 40
1.0
 40
1.0
 10
23.33860854747996
 20
34.70968623708001
 30
0.0
 10
23.33860854747996
 20
34.63901772969999
 30
0.0
 10
23.32237386315995
 20
34.57407911941999
 30
0.0
 10
23.28990456309998
 20
34.51296040497999
 30
0.0
  0
SPLINE
  5
71A
330
2AF
100
AcDbEntity
  8
03___PRT_ALL_CURVES
  6
Continuous
 62
     4
100
AcDbSpline
210
0.0
220
0.0
230
1.0
 70
     8
 71
     3
 72
     8
 73
     4
 74
     0
 42
0.0000001
 43
0.0000000001
 40
0.0
 40
0.0
 40
0.0
 40
0.0
 40
1.0
 40
1.0
 40
1.0
 40
1.0
 10
23.28990456309998
 20
34.51296040497999
 30
0.0
 10
23.25743529351996
 20
34.45184174895999
 30
0.0
 10
23.21828102841999
 20
34.40504774552002
 30
0.0
 10
23.17171074056
 20
34.37225843847997
 30
0.0
  0
SPLINE
  5
71B
330
2AF
100
AcDbEntity
  8
03___PRT_ALL_CURVES
  6
Continuous
 62
     4
100
AcDbSpline
210
0.0
220
0.0
230
1.0
 70
     8
 71
     3
 72
     8
 73
     4
 74
     0
 42
0.0000001
 43
0.0000000001
 40
0.0
 40
0.0
 40
0.0
 40
0.0
 40
1.0
 40
1.0
 40
1.0
 40
1.0
 10
23.17171074056
 20
34.37225843847997
 30
0.0
 10
23.12469310536
 20
34.33915416127999
 30
0.0
 10
23.06643926707997
 20
34.31432469354002
 30
0.0
 10
22.99682139768001
 20
34.29954280539999
 30
0.0
  0
SPLINE
  5
71C
330
2AF
100
AcDbEntity
  8
03___PRT_ALL_CURVES
  6
Continuous
 62
     4
100
AcDbSpline
210
0.0
220
0.0
230
1.0
 70
     8
 71
     3
 72
     8
 73
     4
 74
     0
 42
0.0000001
 43
0.0000000001
 40
0.0
 40
0.0
 40
0.0
 40
0.0
 40
1.0
 40
1.0
 40
1.0
 40
1.0
 10
22.77421562242
 20
34.27612551162002
 30
0.0
 10
22.62523874994
 20
34.27612551162002
 30
0.0
 10
22.51255125623996
 20
34.29427012354003
 30
0.0
 10
22.43424288859998
 20
34.32864938675999
 30
0.0
  0
SPLINE
  5
71D
330
2AF
100
AcDbEntity
  8
03___PRT_ALL_CURVES
  6
Continuous
 62
     4
100
AcDbSpline
210
0.0
220
0.0
230
1.0
 70
     8
 71
     3
 72
     8
 73
     4
 74
     0
 42
0.0000001
 43
0.0000000001
 40
0.0
 40
0.0
 40
0.0
 40
0.0
 40
1.0
 40
1.0
 40
1.0
 40
1.0
 10
22.43424288859998
 20
34.32864938675999
 30
0.0
 10
22.35593452096001
 20
34.36302864997998
 30
0.0
 10
22.29577092779999
 20
34.41459754100001
 30
0.0
 10
22.25509784429997
 20
34.48302403101999
 30
0.0
  0
SPLINE
  5
71E
330
2AF
100
AcDbEntity
  8
03___PRT_ALL_CURVES
  6
Continuous
 62
     4
100
AcDbSpline
210
0.0
220
0.0
230
1.0
 70
     8
 71
     3
 72
     8
 73
     4
 74
     0
 42
0.0000001
 43
0.0000000001
 40
0.0
 40
0.0
 40
0.0
 40
0.0
 40
1.0
 40
1.0
 40
1.0
 40
1.0
 10
22.25509784429997
 20
34.48302403101999
 30
0.0
 10
22.21459767383999
 20
34.55115961991999
 30
0.0
 10
22.19454306065998
 20
34.62755798122001
 30
0.0
 10
22.19454306065998
 20
34.71159615960002
 30
0.0
  0
SPLINE
  5
71F
330
2AF
100
AcDbEntity
  8
03___PRT_ALL_CURVES
  6
Continuous
 62
     4
100
AcDbSpline
210
0.0
220
0.0
230
1.0
 70
     8
 71
     3
 72
     8
 73
     4
 74
     0
 42
0.0000001
 43
0.0000000001
 40
0.0
 40
0.0
 40
0.0
 40
0.0
 40
1.0
 40
1.0
 40
1.0
 40
1.0
 10
22.19454306065998
 20
34.71159615960002
 30
0.0
 10
22.19454306065998
 20
34.79372441800004
 30
0.0
 10
22.21364254494003
 20
34.86248295967999
 30
0.0
 10
22.25184178527996
 20
34.91978175288
 30
0.0
  0
SPLINE
  5
720
330
2AF
100
AcDbEntity
  8
03___PRT_ALL_CURVES
  6
Continuous
 62
     4
100
AcDbSpline
210
0.0
220
0.0
230
1.0
 70
     8
 71
     3
 72
     8
 73
     4
 74
     0
 42
0.0000001
 43
0.0000000001
 40
0.0
 40
0.0
 40
0.0
 40
0.0
 40
1.0
 40
1.0
 40
1.0
 40
1.0
 10
22.25184178527996
 20
34.91978175288
 30
0.0
 10
22.29004099005996
 20
34.97708050035999
 30
0.0
 10
22.34829466069996
 20
35.02100957684002
 30
0.0
 10
22.42851295086001
 20
35.05252389786
 30
0.0
  0
SPLINE
  5
721
330
2AF
100
AcDbEntity
  8
03___PRT_ALL_CURVES
  6
Continuous
 62
     4
100
AcDbSpline
210
0.0
220
0.0
230
1.0
 70
     8
 71
     3
 72
     8
 73
     4
 74
     0
 42
0.0000001
 43
0.0000000001
 40
0.0
 40
0.0
 40
0.0
 40
0.0
 40
1.0
 40
1.0
 40
1.0
 40
1.0
 10
22.60327429551998
 20
35.32755798075999
 30
0.0
 10
22.60327429551998
 20
35.27885401162001
 30
0.0
 10
22.61759888714002
 20
35.2396998278
 30
0.0
 10
22.64815827229995
 20
35.21009544962001
 30
0.0
  0
SPLINE
  5
722
330
2AF
100
AcDbEntity
  8
03___PRT_ALL_CURVES
  6
Continuous
 62
     4
100
AcDbSpline
210
0.0
220
0.0
230
1.0
 70
     8
 71
     3
 72
     8
 73
     4
 74
     0
 42
0.0000001
 43
0.0000000001
 40
0.0
 40
0.0
 40
0.0
 40
0.0
 40
1.0
 40
1.0
 40
1.0
 40
1.0
 10
22.64815827229995
 20
35.21009544962001
 30
0.0
 10
22.67871760919999
 20
35.18049111462003
 30
0.0
 10
22.71882683809997
 20
35.16616643664
 30
0.0
 10
22.76944064847999
 20
35.16616643664
 30
0.0
  0
SPLINE
  5
723
330
2AF
100
AcDbEntity
  8
03___PRT_ALL_CURVES
  6
Continuous
 62
     4
100
AcDbSpline
210
0.0
220
0.0
230
1.0
 70
     8
 71
     3
 72
     8
 73
     4
 74
     0
 42
0.0000001
 43
0.0000000001
 40
0.0
 40
0.0
 40
0.0
 40
0.0
 40
1.0
 40
1.0
 40
1.0
 40
1.0
 10
22.76944064847999
 20
35.16616643664
 30
0.0
 10
22.81336972496001
 20
35.16616643664
 30
0.0
 10
22.8506138999
 20
35.18049111462003
 30
0.0
 10
22.87950306233998
 20
35.20986170865999
 30
0.0
  0
SPLINE
  5
724
330
2AF
100
AcDbEntity
  8
03___PRT_ALL_CURVES
  6
Continuous
 62
     4
100
AcDbSpline
210
0.0
220
0.0
230
1.0
 70
     8
 71
     3
 72
     8
 73
     4
 74
     0
 42
0.0000001
 43
0.0000000001
 40
0.0
 40
0.0
 40
0.0
 40
0.0
 40
1.0
 40
1.0
 40
1.0
 40
1.0
 10
22.87950306233998
 20
35.20986170865999
 30
0.0
 10
22.90791277437998
 20
35.23874486654003
 30
0.0
 10
22.92223736854001
 20
35.2769440891
 30
0.0
 10
22.92223736854001
 20
35.32373804936
 30
0.0
  0
SPLINE
  5
725
330
2AF
100
AcDbEntity
  8
03___PRT_ALL_CURVES
  6
Continuous
 62
     4
100
AcDbSpline
210
0.0
220
0.0
230
1.0
 70
     8
 71
     3
 72
     8
 73
     4
 74
     0
 42
0.0000001
 43
0.0000000001
 40
0.0
 40
0.0
 40
0.0
 40
0.0
 40
1.0
 40
1.0
 40
1.0
 40
1.0
 10
22.92223736854001
 20
35.32373804936
 30
0.0
 10
22.92223736854001
 20
35.37148705723999
 30
0.0
 10
22.90695781311999
 20
35.41064124106001
 30
0.0
 10
22.87710994038002
 20
35.44096283904
 30
0.0
  0
SPLINE
  5
726
330
2AF
100
AcDbEntity
  8
03___PRT_ALL_CURVES
  6
Continuous
 62
     4
100
AcDbSpline
210
0.0
220
0.0
230
1.0
 70
     8
 71
     3
 72
     8
 73
     4
 74
     0
 42
0.0000001
 43
0.0000000001
 40
0.0
 40
0.0
 40
0.0
 40
0.0
 40
1.0
 40
1.0
 40
1.0
 40
1.0
 10
22.87710994038002
 20
35.44096283904
 30
0.0
 10
22.84679405231998
 20
35.47175987930001
 30
0.0
 10
22.80859491612
 20
35.48703960236
 30
0.0
 10
22.76275591458
 20
35.48703960236
 30
0.0
  0
SPLINE
  5
727
330
2AF
100
AcDbEntity
  8
03___PRT_ALL_CURVES
  6
Continuous
 62
     4
100
AcDbSpline
210
0.0
220
0.0
230
1.0
 70
     8
 71
     3
 72
     8
 73
     4
 74
     0
 42
0.0000001
 43
0.0000000001
 40
0.0
 40
0.0
 40
0.0
 40
0.0
 40
1.0
 40
1.0
 40
1.0
 40
1.0
 10
22.76275591458
 20
35.48703960236
 30
0.0
 10
22.71500682542003
 20
35.48703960236
 30
0.0
 10
22.67680768667998
 20
35.47175987930001
 30
0.0
 10
22.64720334914
 20
35.44215558494
 30
0.0
  0
SPLINE
  5
728
330
2AF
100
AcDbEntity
  8
03___PRT_ALL_CURVES
  6
Continuous
 62
     4
100
AcDbSpline
210
0.0
220
0.0
230
1.0
 70
     8
 71
     3
 72
     8
 73
     4
 74
     0
 42
0.0000001
 43
0.0000000001
 40
0.0
 40
0.0
 40
0.0
 40
0.0
 40
1.0
 40
1.0
 40
1.0
 40
1.0
 10
22.64720334914
 20
35.44215558494
 30
0.0
 10
22.61759888714002
 20
35.41255116358002
 30
0.0
 10
22.60327429551998
 20
35.37435194102
 30
0.0
 10
22.60327429551998
 20
35.32755798075999
 30
0.0
  0
SPLINE
  5
729
330
2AF
100
AcDbEntity
  8
03___PRT_ALL_CURVES
  6
Continuous
 62
     4
100
AcDbSpline
210
0.0
220
0.0
230
1.0
 70
     8
 71
     3
 72
     8
 73
     4
 74
     0
 42
0.0000001
 43
0.0000000001
 40
0.0
 40
0.0
 40
0.0
 40
0.0
 40
1.0
 40
1.0
 40
1.0
 40
1.0
 10
22.58226480236002
 20
34.72496587632
 30
0.0
 10
22.58226480236002
 20
34.66289223364001
 30
0.0
 10
22.60040940920001
 20
34.61227830134001
 30
0.0
 10
22.63836166755999
 20
34.57288478856003
 30
0.0
  0
SPLINE
  5
72A
330
2AF
100
AcDbEntity
  8
03___PRT_ALL_CURVES
  6
Continuous
 62
     4
100
AcDbSpline
210
0.0
220
0.0
230
1.0
 70
     8
 71
     3
 72
     8
 73
     4
 74
     0
 42
0.0000001
 43
0.0000000001
 40
0.0
 40
0.0
 40
0.0
 40
0.0
 40
1.0
 40
1.0
 40
1.0
 40
1.0
 10
22.63836166755999
 20
34.57288478856003
 30
0.0
 10
22.67585272542001
 20
34.53396999466
 30
0.0
 10
22.71882683809997
 20
34.5148704037
 30
0.0
 10
22.76753072342001
 20
34.5148704037
 30
0.0
  0
SPLINE
  5
72B
330
2AF
100
AcDbEntity
  8
03___PRT_ALL_CURVES
  6
Continuous
 62
     4
100
AcDbSpline
210
0.0
220
0.0
230
1.0
 70
     8
 71
     3
 72
     8
 73
     4
 74
     0
 42
0.0000001
 43
0.0000000001
 40
0.0
 40
0.0
 40
0.0
 40
0.0
 40
1.0
 40
1.0
 40
1.0
 40
1.0
 10
22.76753072342001
 20
34.5148704037
 30
0.0
 10
22.81336972496001
 20
34.5148704037
 30
0.0
 10
22.85538887638
 20
34.53396999466
 30
0.0
 10
22.89237435232002
 20
34.57431779814002
 30
0.0
  0
SPLINE
  5
72C
330
2AF
100
AcDbEntity
  8
03___PRT_ALL_CURVES
  6
Continuous
 62
     4
100
AcDbSpline
210
0.0
220
0.0
230
1.0
 70
     8
 71
     3
 72
     8
 73
     4
 74
     0
 42
0.0000001
 43
0.0000000001
 40
0.0
 40
0.0
 40
0.0
 40
0.0
 40
1.0
 40
1.0
 40
1.0
 40
1.0
 10
22.89237435232002
 20
34.57431779814002
 30
0.0
 10
22.92892226754
 20
34.61418826450003
 30
0.0
 10
22.94802183818001
 20
34.66480219933999
 30
0.0
 10
22.94802183818001
 20
34.72592088075999
 30
0.0
  0
SPLINE
  5
72D
330
2AF
100
AcDbEntity
  8
03___PRT_ALL_CURVES
  6
Continuous
 62
     4
100
AcDbSpline
210
0.0
220
0.0
230
1.0
 70
     8
 71
     3
 72
     8
 73
     4
 74
     0
 42
0.0000001
 43
0.0000000001
 40
0.0
 40
0.0
 40
0.0
 40
0.0
 40
1.0
 40
1.0
 40
1.0
 40
1.0
 10
22.94802183818001
 20
34.72592088075999
 30
0.0
 10
22.94802183818001
 20
34.78703955964002
 30
0.0
 10
22.92892226754
 20
34.83765349447998
 30
0.0
 10
22.89143913194002
 20
34.87753941420002
 30
0.0
  0
SPLINE
  5
72E
330
2AF
100
AcDbEntity
  8
03___PRT_ALL_CURVES
  6
Continuous
 62
     4
100
AcDbSpline
210
0.0
220
0.0
230
1.0
 70
     8
 71
     3
 72
     8
 73
     4
 74
     0
 42
0.0000001
 43
0.0000000001
 40
0.0
 40
0.0
 40
0.0
 40
0.0
 40
1.0
 40
1.0
 40
1.0
 40
1.0
 10
22.89143913194002
 20
34.87753941420002
 30
0.0
 10
22.85443391511998
 20
34.91691678020001
 30
0.0
 10
22.81145979989998
 20
34.93697135527998
 30
0.0
 10
22.76275591458
 20
34.93697135527998
 30
0.0
  0
SPLINE
  5
72F
330
2AF
100
AcDbEntity
  8
03___PRT_ALL_CURVES
  6
Continuous
 62
     4
100
AcDbSpline
210
0.0
220
0.0
230
1.0
 70
     8
 71
     3
 72
     8
 73
     4
 74
     0
 42
0.0000001
 43
0.0000000001
 40
0.0
 40
0.0
 40
0.0
 40
0.0
 40
1.0
 40
1.0
 40
1.0
 40
1.0
 10
22.76275591458
 20
34.93697135527998
 30
0.0
 10
22.71405186415996
 20
34.93697135527998
 30
0.0
 10
22.67203287784002
 20
34.91787174400002
 30
0.0
 10
22.6357435397
 20
34.87967252144
 30
0.0
  0
SPLINE
  5
730
330
2AF
100
AcDbEntity
  8
03___PRT_ALL_CURVES
  6
Continuous
 62
     4
100
AcDbSpline
210
0.0
220
0.0
230
1.0
 70
     8
 71
     3
 72
     8
 73
     4
 74
     0
 42
0.0000001
 43
0.0000000001
 40
0.0
 40
0.0
 40
0.0
 40
0.0
 40
1.0
 40
1.0
 40
1.0
 40
1.0
 10
22.6357435397
 20
34.87967252144
 30
0.0
 10
22.59945428029997
 20
34.8414733827
 30
0.0
 10
22.58226480236002
 20
34.78990448659999
 30
0.0
 10
22.58226480236002
 20
34.72496587632
 30
0.0
  0
SPLINE
  5
731
330
2AF
100
AcDbEntity
  8
03___PRT_ALL_CURVES
  6
Continuous
 62
     4
100
AcDbSpline
210
0.0
220
0.0
230
1.0
 70
     8
 71
     3
 72
     8
 73
     4
 74
     0
 42
0.0000001
 43
0.0000000001
 40
0.0
 40
0.0
 40
0.0
 40
0.0
 40
1.0
 40
1.0
 40
1.0
 40
1.0
 10
20.89099595986002
 20
31.86098222660002
 30
0.0
 10
20.92155531200001
 20
31.97748973297999
 30
0.0
 10
20.97980905375996
 20
32.06725780845997
 30
0.0
 10
21.0669391589
 20
32.12997233886
 30
0.0
  0
SPLINE
  5
732
330
2AF
100
AcDbEntity
  8
03___PRT_ALL_CURVES
  6
Continuous
 62
     4
100
AcDbSpline
210
0.0
220
0.0
230
1.0
 70
     8
 71
     3
 72
     8
 73
     4
 74
     0
 42
0.0000001
 43
0.0000000001
 40
0.0
 40
0.0
 40
0.0
 40
0.0
 40
1.0
 40
1.0
 40
1.0
 40
1.0
 10
21.0669391589
 20
32.12997233886
 30
0.0
 10
21.15361533047997
 20
32.1923601389
 30
0.0
 10
21.27680769521999
 20
32.22387454373998
 30
0.0
 10
21.43628927364
 20
32.22387454373998
 30
0.0
  0
SPLINE
  5
733
330
2AF
100
AcDbEntity
  8
03___PRT_ALL_CURVES
  6
Continuous
 62
     4
100
AcDbSpline
210
0.0
220
0.0
230
1.0
 70
     8
 71
     3
 72
     8
 73
     4
 74
     0
 42
0.0000001
 43
0.0000000001
 40
0.0
 40
0.0
 40
0.0
 40
0.0
 40
1.0
 40
1.0
 40
1.0
 40
1.0
 10
21.43628927364
 20
32.22387454373998
 30
0.0
 10
21.61869035155999
 20
32.22387454373998
 30
0.0
 10
21.75047758100001
 20
32.18949525258003
 30
0.0
 10
21.83217593169996
 20
32.12117437322001
 30
0.0
  0
SPLINE
  5
734
330
2AF
100
AcDbEntity
  8
03___PRT_ALL_CURVES
  6
Continuous
 62
     4
100
AcDbSpline
210
0.0
220
0.0
230
1.0
 70
     8
 71
     3
 72
     8
 73
     4
 74
     0
 42
0.0000001
 43
0.0000000001
 40
0.0
 40
0.0
 40
0.0
 40
0.0
 40
1.0
 40
1.0
 40
1.0
 40
1.0
 10
21.83217593169996
 20
32.12117437322001
 30
0.0
 10
21.91377905017998
 20
32.05293313302002
 30
0.0
 10
21.95484315652001
 20
31.96793994766003
 30
0.0
 10
21.95484315652001
 20
31.86480215800003
 30
0.0
  0
SPLINE
  5
735
330
2AF
100
AcDbEntity
  8
03___PRT_ALL_CURVES
  6
Continuous
 62
     4
100
AcDbSpline
210
0.0
220
0.0
230
1.0
 70
     8
 71
     3
 72
     8
 73
     4
 74
     0
 42
0.0000001
 43
0.0000000001
 40
0.0
 40
0.0
 40
0.0
 40
0.0
 40
1.0
 40
1.0
 40
1.0
 40
1.0
 10
21.95484315652001
 20
31.86480215800003
 30
0.0
 10
21.95484315652001
 20
31.80368351976
 30
0.0
 10
21.93765351093998
 20
31.74924969670002
 30
0.0
 10
21.90507535155999
 20
31.70061848585999
 30
0.0
  0
SPLINE
  5
736
330
2AF
100
AcDbEntity
  8
03___PRT_ALL_CURVES
  6
Continuous
 62
     4
100
AcDbSpline
210
0.0
220
0.0
230
1.0
 70
     8
 71
     3
 72
     8
 73
     4
 74
     0
 42
0.0000001
 43
0.0000000001
 40
0.0
 40
0.0
 40
0.0
 40
0.0
 40
1.0
 40
1.0
 40
1.0
 40
1.0
 10
21.90507535155999
 20
31.70061848585999
 30
0.0
 10
21.87175998004
 20
31.65088679716001
 30
0.0
 10
21.82210104964
 20
31.60791268448
 30
0.0
 10
21.75525247365999
 20
31.57162346826001
 30
0.0
  0
SPLINE
  5
737
330
2AF
100
AcDbEntity
  8
03___PRT_ALL_CURVES
  6
Continuous
 62
     4
100
AcDbSpline
210
0.0
220
0.0
230
1.0
 70
     8
 71
     3
 72
     8
 73
     4
 74
     0
 42
0.0000001
 43
0.0000000001
 40
0.0
 40
0.0
 40
0.0
 40
0.0
 40
1.0
 40
1.0
 40
1.0
 40
1.0
 10
21.75525247365999
 20
31.57162346826001
 30
0.0
 10
21.80873133545998
 20
31.55825375408
 30
0.0
 10
21.85075040305998
 20
31.54201906975999
 30
0.0
 10
21.87920479623997
 20
31.52450866789999
 30
0.0
  0
SPLINE
  5
738
330
2AF
100
AcDbEntity
  8
03___PRT_ALL_CURVES
  6
Continuous
 62
     4
100
AcDbSpline
210
0.0
220
0.0
230
1.0
 70
     8
 71
     3
 72
     8
 73
     4
 74
     0
 42
0.0000001
 43
0.0000000001
 40
0.0
 40
0.0
 40
0.0
 40
0.0
 40
1.0
 40
1.0
 40
1.0
 40
1.0
 10
21.87920479623997
 20
31.52450866789999
 30
0.0
 10
21.92523875801999
 20
31.49618006821999
 30
0.0
 10
21.96152805552001
 20
31.45798088884001
 30
0.0
 10
21.98731248197998
 20
31.41118690825999
 30
0.0
  0
SPLINE
  5
739
330
2AF
100
AcDbEntity
  8
03___PRT_ALL_CURVES
  6
Continuous
 62
     4
100
AcDbSpline
210
0.0
220
0.0
230
1.0
 70
     8
 71
     3
 72
     8
 73
     4
 74
     0
 42
0.0000001
 43
0.0000000001
 40
0.0
 40
0.0
 40
0.0
 40
0.0
 40
1.0
 40
1.0
 40
1.0
 40
1.0
 10
21.98731248197998
 20
31.41118690825999
 30
0.0
 10
22.01309690844002
 20
31.36439292514001
 30
0.0
 10
22.02646662516
 20
31.30900409764001
 30
0.0
 10
22.02646662516
 20
31.24406548735999
 30
0.0
  0
SPLINE
  5
73A
330
2AF
100
AcDbEntity
  8
03___PRT_ALL_CURVES
  6
Continuous
 62
     4
100
AcDbSpline
210
0.0
220
0.0
230
1.0
 70
     8
 71
     3
 72
     8
 73
     4
 74
     0
 42
0.0000001
 43
0.0000000001
 40
0.0
 40
0.0
 40
0.0
 40
0.0
 40
1.0
 40
1.0
 40
1.0
 40
1.0
 10
22.02646662516
 20
31.24406548735999
 30
0.0
 10
22.02646662516
 20
31.16193723150002
 30
0.0
 10
22.00450208692001
 20
31.08362892482
 30
0.0
 10
21.96212225296
 20
31.00934517194
 30
0.0
  0
SPLINE
  5
73B
330
2AF
100
AcDbEntity
  8
03___PRT_ALL_CURVES
  6
Continuous
 62
     4
100
AcDbSpline
210
0.0
220
0.0
230
1.0
 70
     8
 71
     3
 72
     8
 73
     4
 74
     0
 42
0.0000001
 43
0.0000000001
 40
0.0
 40
0.0
 40
0.0
 40
0.0
 40
1.0
 40
1.0
 40
1.0
 40
1.0
 10
21.96212225296
 20
31.00934517194
 30
0.0
 10
21.91950890410001
 20
30.93465211329999
 30
0.0
 10
21.85839026332002
 20
30.87639836137998
 30
0.0
 10
21.7779814376
 20
30.83667257850001
 30
0.0
  0
SPLINE
  5
73C
330
2AF
100
AcDbEntity
  8
03___PRT_ALL_CURVES
  6
Continuous
 62
     4
100
AcDbSpline
210
0.0
220
0.0
230
1.0
 70
     8
 71
     3
 72
     8
 73
     4
 74
     0
 42
0.0000001
 43
0.0000000001
 40
0.0
 40
0.0
 40
0.0
 40
0.0
 40
1.0
 40
1.0
 40
1.0
 40
1.0
 10
21.7779814376
 20
30.83667257850001
 30
0.0
 10
21.69795368299998
 20
30.79713506041998
 30
0.0
 10
21.59195092319996
 20
30.77612551137997
 30
0.0
 10
21.46207374327997
 20
30.77612551137997
 30
0.0
  0
SPLINE
  5
73D
330
2AF
100
AcDbEntity
  8
03___PRT_ALL_CURVES
  6
Continuous
 62
     4
100
AcDbSpline
210
0.0
220
0.0
230
1.0
 70
     8
 71
     3
 72
     8
 73
     4
 74
     0
 42
0.0000001
 43
0.0000000001
 40
0.0
 40
0.0
 40
0.0
 40
0.0
 40
1.0
 40
1.0
 40
1.0
 40
1.0
 10
21.46207374327997
 20
30.77612551137997
 30
0.0
 10
21.33410648588003
 20
30.77612551137997
 30
0.0
 10
21.23383362063996
 20
30.79140518363999
 30
0.0
 10
21.16030018884001
 20
30.82100955166001
 30
0.0
  0
SPLINE
  5
73E
330
2AF
100
AcDbEntity
  8
03___PRT_ALL_CURVES
  6
Continuous
 62
     4
100
AcDbSpline
210
0.0
220
0.0
230
1.0
 70
     8
 71
     3
 72
     8
 73
     4
 74
     0
 42
0.0000001
 43
0.0000000001
 40
0.0
 40
0.0
 40
0.0
 40
0.0
 40
1.0
 40
1.0
 40
1.0
 40
1.0
 10
21.16030018884001
 20
30.82100955166001
 30
0.0
 10
21.08676677482001
 20
30.85061391206003
 30
0.0
 10
21.02660305719999
 20
30.89454297838
 30
0.0
 10
20.97885407471995
 20
30.95184175126002
 30
0.0
  0
SPLINE
  5
73F
330
2AF
100
AcDbEntity
  8
03___PRT_ALL_CURVES
  6
Continuous
 62
     4
100
AcDbSpline
210
0.0
220
0.0
230
1.0
 70
     8
 71
     3
 72
     8
 73
     4
 74
     0
 42
0.0000001
 43
0.0000000001
 40
0.0
 40
0.0
 40
0.0
 40
0.0
 40
1.0
 40
1.0
 40
1.0
 40
1.0
 10
20.97885407471995
 20
30.95184175126002
 30
0.0
 10
20.93110510494
 20
31.00914050889997
 30
0.0
 10
20.89481588109996
 20
31.08171895912002
 30
0.0
 10
20.86998641081999
 20
31.16957709176
 30
0.0
  0
SPLINE
  5
740
330
2AF
100
AcDbEntity
  8
03___PRT_ALL_CURVES
  6
Continuous
 62
     4
100
AcDbSpline
210
0.0
220
0.0
230
1.0
 70
     8
 71
     3
 72
     8
 73
     4
 74
     0
 42
0.0000001
 43
0.0000000001
 40
0.0
 40
0.0
 40
0.0
 40
0.0
 40
1.0
 40
1.0
 40
1.0
 40
1.0
 10
21.25866308584
 20
31.22114598785998
 30
0.0
 10
21.27394276825999
 20
31.14283766085998
 30
0.0
 10
21.29686226775999
 20
31.08840381747999
 30
0.0
 10
21.32933156274001
 20
31.0578444882
 30
0.0
  0
SPLINE
  5
741
330
2AF
100
AcDbEntity
  8
03___PRT_ALL_CURVES
  6
Continuous
 62
     4
100
AcDbSpline
210
0.0
220
0.0
230
1.0
 70
     8
 71
     3
 72
     8
 73
     4
 74
     0
 42
0.0000001
 43
0.0000000001
 40
0.0
 40
0.0
 40
0.0
 40
0.0
 40
1.0
 40
1.0
 40
1.0
 40
1.0
 10
21.32933156274001
 20
31.0578444882
 30
0.0
 10
21.36180087803999
 20
31.02728513860001
 30
0.0
 10
21.40286498438002
 20
31.01296044029999
 30
0.0
 10
21.45252391477999
 20
31.01296044029999
 30
0.0
  0
SPLINE
  5
742
330
2AF
100
AcDbEntity
  8
03___PRT_ALL_CURVES
  6
Continuous
 62
     4
100
AcDbSpline
210
0.0
220
0.0
230
1.0
 70
     8
 71
     3
 72
     8
 73
     4
 74
     0
 42
0.0000001
 43
0.0000000001
 40
0.0
 40
0.0
 40
0.0
 40
0.0
 40
1.0
 40
1.0
 40
1.0
 40
1.0
 10
21.45252391477999
 20
31.01296044029999
 30
0.0
 10
21.50409285405996
 20
31.01296044029999
 30
0.0
 10
21.54802184671999
 20
31.03206002872
 30
0.0
 10
21.58240113788
 20
31.07025921063999
 30
0.0
  0
SPLINE
  5
743
330
2AF
100
AcDbEntity
  8
03___PRT_ALL_CURVES
  6
Continuous
 62
     4
100
AcDbSpline
210
0.0
220
0.0
230
1.0
 70
     8
 71
     3
 72
     8
 73
     4
 74
     0
 42
0.0000001
 43
0.0000000001
 40
0.0
 40
0.0
 40
0.0
 40
0.0
 40
1.0
 40
1.0
 40
1.0
 40
1.0
 10
21.58240113788
 20
31.07025921063999
 30
0.0
 10
21.61678042903998
 20
31.10845839002002
 30
0.0
 10
21.63492503588003
 20
31.15907230454002
 30
0.0
 10
21.63492503588003
 20
31.22305595355999
 30
0.0
  0
SPLINE
  5
744
330
2AF
100
AcDbEntity
  8
03___PRT_ALL_CURVES
  6
Continuous
 62
     4
100
AcDbSpline
210
0.0
220
0.0
230
1.0
 70
     8
 71
     3
 72
     8
 73
     4
 74
     0
 42
0.0000001
 43
0.0000000001
 40
0.0
 40
0.0
 40
0.0
 40
0.0
 40
1.0
 40
1.0
 40
1.0
 40
1.0
 10
21.63492503588003
 20
31.22305595355999
 30
0.0
 10
21.63492503588003
 20
31.28799456383999
 30
0.0
 10
21.6177353903
 20
31.33765349423999
 30
0.0
 10
21.58407221404002
 20
31.37372117928001
 30
0.0
  0
SPLINE
  5
745
330
2AF
100
AcDbEntity
  8
03___PRT_ALL_CURVES
  6
Continuous
 62
     4
100
AcDbSpline
210
0.0
220
0.0
230
1.0
 70
     8
 71
     3
 72
     8
 73
     4
 74
     0
 42
0.0000001
 43
0.0000000001
 40
0.0
 40
0.0
 40
0.0
 40
0.0
 40
1.0
 40
1.0
 40
1.0
 40
1.0
 10
21.58407221404002
 20
31.37372117928001
 30
0.0
 10
21.55088681432002
 20
31.40927696288
 30
0.0
 10
21.50600277658
 20
31.42742156972
 30
0.0
 10
21.44870402655999
 20
31.42742156972
 30
0.0
  0
SPLINE
  5
746
330
2AF
100
AcDbEntity
  8
03___PRT_ALL_CURVES
  6
Continuous
 62
     4
100
AcDbSpline
210
0.0
220
0.0
230
1.0
 70
     8
 71
     3
 72
     8
 73
     4
 74
     0
 42
0.0000001
 43
0.0000000001
 40
0.0
 40
0.0
 40
0.0
 40
0.0
 40
1.0
 40
1.0
 40
1.0
 40
1.0
 10
21.44870402655999
 20
31.42742156972
 30
0.0
 10
21.41814466679995
 20
31.42742156972
 30
0.0
 10
21.37612555602001
 20
31.41978170945998
 30
0.0
 10
21.32264669421997
 20
31.40450202704
 30
0.0
  0
LINE
  5
747
330
2AF
100
AcDbEntity
  8
03___PRT_ALL_CURVES
  6
Continuous
 62
     4
100
AcDbLine
 10
21.34270126675997
 20
31.68240112071999
 30
0.0
 11
21.39331520159999
 21
31.67762622806001
 31
0.0
  0
SPLINE
  5
748
330
2AF
100
AcDbEntity
  8
03___PRT_ALL_CURVES
  6
Continuous
 62
     4
100
AcDbSpline
210
0.0
220
0.0
230
1.0
 70
     8
 71
     3
 72
     8
 73
     4
 74
     0
 42
0.0000001
 43
0.0000000001
 40
0.0
 40
0.0
 40
0.0
 40
0.0
 40
1.0
 40
1.0
 40
1.0
 40
1.0
 10
21.39331520159999
 20
31.67762622806001
 30
0.0
 10
21.44392909325998
 20
31.67762622806001
 30
0.0
 10
21.48594820404
 20
31.69386082856002
 30
0.0
 10
21.52032744186002
 20
31.72633012354001
 30
0.0
  0
SPLINE
  5
749
330
2AF
100
AcDbEntity
  8
03___PRT_ALL_CURVES
  6
Continuous
 62
     4
100
AcDbSpline
210
0.0
220
0.0
230
1.0
 70
     8
 71
     3
 72
     8
 73
     4
 74
     0
 42
0.0000001
 43
0.0000000001
 40
0.0
 40
0.0
 40
0.0
 40
0.0
 40
1.0
 40
1.0
 40
1.0
 40
1.0
 10
21.52032744186002
 20
31.72633012354001
 30
0.0
 10
21.55470674571998
 20
31.75879948202001
 30
0.0
 10
21.57189639129996
 20
31.79699862076001
 30
0.0
 10
21.57189639129996
 20
31.8418826585
 30
0.0
  0
SPLINE
  5
74A
330
2AF
100
AcDbEntity
  8
03___PRT_ALL_CURVES
  6
Continuous
 62
     4
100
AcDbSpline
210
0.0
220
0.0
230
1.0
 70
     8
 71
     3
 72
     8
 73
     4
 74
     0
 42
0.0000001
 43
0.0000000001
 40
0.0
 40
0.0
 40
0.0
 40
0.0
 40
1.0
 40
1.0
 40
1.0
 40
1.0
 10
21.57189639129996
 20
31.8418826585
 30
0.0
 10
21.57189639129996
 20
31.88390180991999
 30
0.0
 10
21.55852667457998
 20
31.91828101726
 30
0.0
 10
21.53321516310001
 20
31.94359249064001
 30
0.0
  0
SPLINE
  5
74B
330
2AF
100
AcDbEntity
  8
03___PRT_ALL_CURVES
  6
Continuous
 62
     4
100
AcDbSpline
210
0.0
220
0.0
230
1.0
 70
     8
 71
     3
 72
     8
 73
     4
 74
     0
 42
0.0000001
 43
0.0000000001
 40
0.0
 40
0.0
 40
0.0
 40
0.0
 40
1.0
 40
1.0
 40
1.0
 40
1.0
 10
21.53321516310001
 20
31.94359249064001
 30
0.0
 10
21.50791269909996
 20
31.96889491145998
 30
0.0
 10
21.47257848986001
 20
31.98226462564
 30
0.0
 10
21.42864945401999
 20
31.98226462564
 30
0.0
  0
SPLINE
  5
74C
330
2AF
100
AcDbEntity
  8
03___PRT_ALL_CURVES
  6
Continuous
 62
     4
100
AcDbSpline
210
0.0
220
0.0
230
1.0
 70
     8
 71
     3
 72
     8
 73
     4
 74
     0
 42
0.0000001
 43
0.0000000001
 40
0.0
 40
0.0
 40
0.0
 40
0.0
 40
1.0
 40
1.0
 40
1.0
 40
1.0
 10
21.42864945401999
 20
31.98226462564
 30
0.0
 10
21.38281041183998
 20
31.98226462564
 30
0.0
 10
21.34556623690003
 20
31.96793994766003
 30
0.0
 10
21.3169168403
 20
31.94024555550001
 30
0.0
  0
SPLINE
  5
74D
330
2AF
100
AcDbEntity
  8
03___PRT_ALL_CURVES
  6
Continuous
 62
     4
100
AcDbSpline
210
0.0
220
0.0
230
1.0
 70
     8
 71
     3
 72
     8
 73
     4
 74
     0
 42
0.0000001
 43
0.0000000001
 40
0.0
 40
0.0
 40
0.0
 40
0.0
 40
1.0
 40
1.0
 40
1.0
 40
1.0
 10
21.3169168403
 20
31.94024555550001
 30
0.0
 10
21.28826744369997
 20
31.91255116334
 30
0.0
 10
21.26821287116002
 20
31.86384719673998
 30
0.0
 10
21.25866308584
 20
31.7950886957
 30
0.0
  0
SPLINE
  5
74E
330
2AF
100
AcDbEntity
  8
03___PRT_ALL_CURVES
  6
Continuous
 62
     4
100
AcDbSpline
210
0.0
220
0.0
230
1.0
 70
     8
 71
     3
 72
     8
 73
     4
 74
     0
 42
0.0000001
 43
0.0000000001
 40
0.0
 40
0.0
 40
0.0
 40
0.0
 40
1.0
 40
1.0
 40
1.0
 40
1.0
 10
22.18594824675998
 20
31.50572985354003
 30
0.0
 10
22.18594824675998
 20
31.77121415112001
 30
0.0
 10
22.2336972521
 20
31.95743520108002
 30
0.0
 10
22.32943273500001
 20
32.06418027333999
 30
0.0
  0
SPLINE
  5
74F
330
2AF
100
AcDbEntity
  8
03___PRT_ALL_CURVES
  6
Continuous
 62
     4
100
AcDbSpline
210
0.0
220
0.0
230
1.0
 70
     8
 71
     3
 72
     8
 73
     4
 74
     0
 42
0.0000001
 43
0.0000000001
 40
0.0
 40
0.0
 40
0.0
 40
0.0
 40
1.0
 40
1.0
 40
1.0
 40
1.0
 10
22.32943273500001
 20
32.06418027333999
 30
0.0
 10
22.42469311344001
 20
32.17039560066002
 30
0.0
 10
22.57080493450002
 20
32.22387454373998
 30
0.0
 10
22.76753073104001
 20
32.22387454373998
 30
0.0
  0
SPLINE
  5
750
330
2AF
100
AcDbEntity
  8
03___PRT_ALL_CURVES
  6
Continuous
 62
     4
100
AcDbSpline
210
0.0
220
0.0
230
1.0
 70
     8
 71
     3
 72
     8
 73
     4
 74
     0
 42
0.0000001
 43
0.0000000001
 40
0.0
 40
0.0
 40
0.0
 40
0.0
 40
1.0
 40
1.0
 40
1.0
 40
1.0
 10
22.76753073104001
 20
32.22387454373998
 30
0.0
 10
22.86111882173998
 20
32.22387454373998
 30
0.0
 10
22.93847206047997
 20
32.21145970700002
 30
0.0
 10
22.99953130590001
 20
32.18838222204002
 30
0.0
  0
SPLINE
  5
751
330
2AF
100
AcDbEntity
  8
03___PRT_ALL_CURVES
  6
Continuous
 62
     4
100
AcDbSpline
210
0.0
220
0.0
230
1.0
 70
     8
 71
     3
 72
     8
 73
     4
 74
     0
 42
0.0000001
 43
0.0000000001
 40
0.0
 40
0.0
 40
0.0
 40
0.0
 40
1.0
 40
1.0
 40
1.0
 40
1.0
 10
22.99953130590001
 20
32.18838222204002
 30
0.0
 10
23.05975454334001
 20
32.16562070800001
 30
0.0
 10
23.10941338992001
 20
32.13506142952002
 30
0.0
 10
23.14761258962
 20
32.09781723426002
 30
0.0
  0
SPLINE
  5
752
330
2AF
100
AcDbEntity
  8
03___PRT_ALL_CURVES
  6
Continuous
 62
     4
100
AcDbSpline
210
0.0
220
0.0
230
1.0
 70
     8
 71
     3
 72
     8
 73
     4
 74
     0
 42
0.0000001
 43
0.0000000001
 40
0.0
 40
0.0
 40
0.0
 40
0.0
 40
1.0
 40
1.0
 40
1.0
 40
1.0
 10
23.14761258962
 20
32.09781723426002
 30
0.0
 10
23.18581183504
 20
32.06057299328
 30
0.0
 10
23.21541614971997
 20
32.02141880945999
 30
0.0
 10
23.23738067018002
 20
31.98035473614001
 30
0.0
  0
SPLINE
  5
753
330
2AF
100
AcDbEntity
  8
03___PRT_ALL_CURVES
  6
Continuous
 62
     4
100
AcDbSpline
210
0.0
220
0.0
230
1.0
 70
     8
 71
     3
 72
     8
 73
     4
 74
     0
 42
0.0000001
 43
0.0000000001
 40
0.0
 40
0.0
 40
0.0
 40
0.0
 40
1.0
 40
1.0
 40
1.0
 40
1.0
 10
23.23738067018002
 20
31.98035473614001
 30
0.0
 10
23.2593452262
 20
31.93929059423999
 30
0.0
 10
23.27748983303999
 20
31.8915415889
 30
0.0
 10
23.29085413193999
 20
31.8371064552
 30
0.0
  0
SPLINE
  5
754
330
2AF
100
AcDbEntity
  8
03___PRT_ALL_CURVES
  6
Continuous
 62
     4
100
AcDbSpline
210
0.0
220
0.0
230
1.0
 70
     8
 71
     3
 72
     8
 73
     4
 74
     0
 42
0.0000001
 43
0.0000000001
 40
0.0
 40
0.0
 40
0.0
 40
0.0
 40
1.0
 40
1.0
 40
1.0
 40
1.0
 10
23.29085413193999
 20
31.8371064552
 30
0.0
 10
23.31664393557998
 20
31.73206005112002
 30
0.0
 10
23.33001373358002
 20
31.62319232118003
 30
0.0
 10
23.33001373358002
 20
31.51050474620001
 30
0.0
  0
SPLINE
  5
755
330
2AF
100
AcDbEntity
  8
03___PRT_ALL_CURVES
  6
Continuous
 62
     4
100
AcDbSpline
210
0.0
220
0.0
230
1.0
 70
     8
 71
     3
 72
     8
 73
     4
 74
     0
 42
0.0000001
 43
0.0000000001
 40
0.0
 40
0.0
 40
0.0
 40
0.0
 40
1.0
 40
1.0
 40
1.0
 40
1.0
 10
23.33001373358002
 20
31.51050474620001
 30
0.0
 10
23.33001373358002
 20
31.25648019964001
 30
0.0
 10
23.28703961836001
 20
31.07025921063999
 30
0.0
 10
23.20131855282
 20
30.95263084036
 30
0.0
  0
SPLINE
  5
756
330
2AF
100
AcDbEntity
  8
03___PRT_ALL_CURVES
  6
Continuous
 62
     4
100
AcDbSpline
210
0.0
220
0.0
230
1.0
 70
     8
 71
     3
 72
     8
 73
     4
 74
     0
 42
0.0000001
 43
0.0000000001
 40
0.0
 40
0.0
 40
0.0
 40
0.0
 40
1.0
 40
1.0
 40
1.0
 40
1.0
 10
23.20131855282
 20
30.95263084036
 30
0.0
 10
23.11514332765998
 20
30.83437926329998
 30
0.0
 10
22.96712141643999
 20
30.77612551137997
 30
0.0
 10
22.75702598699999
 20
30.77612551137997
 30
0.0
  0
SPLINE
  5
757
330
2AF
100
AcDbEntity
  8
03___PRT_ALL_CURVES
  6
Continuous
 62
     4
100
AcDbSpline
210
0.0
220
0.0
230
1.0
 70
     8
 71
     3
 72
     8
 73
     4
 74
     0
 42
0.0000001
 43
0.0000000001
 40
0.0
 40
0.0
 40
0.0
 40
0.0
 40
1.0
 40
1.0
 40
1.0
 40
1.0
 10
22.75702598699999
 20
30.77612551137997
 30
0.0
 10
22.63860855555998
 20
30.77612551137997
 30
0.0
 10
22.5440655036
 20
30.79522510234
 30
0.0
 10
22.47148707369996
 20
30.83246930522
 30
0.0
  0
SPLINE
  5
758
330
2AF
100
AcDbEntity
  8
03___PRT_ALL_CURVES
  6
Continuous
 62
     4
100
AcDbSpline
210
0.0
220
0.0
230
1.0
 70
     8
 71
     3
 72
     8
 73
     4
 74
     0
 42
0.0000001
 43
0.0000000001
 40
0.0
 40
0.0
 40
0.0
 40
0.0
 40
1.0
 40
1.0
 40
1.0
 40
1.0
 10
22.47148707369996
 20
30.83246930522
 30
0.0
 10
22.39890864379998
 20
30.86971350810001
 30
0.0
 10
22.338744883
 20
30.92510231781998
 30
0.0
 10
22.29215711993999
 20
30.99720241745999
 30
0.0
  0
SPLINE
  5
759
330
2AF
100
AcDbEntity
  8
03___PRT_ALL_CURVES
  6
Continuous
 62
     4
100
AcDbSpline
210
0.0
220
0.0
230
1.0
 70
     8
 71
     3
 72
     8
 73
     4
 74
     0
 42
0.0000001
 43
0.0000000001
 40
0.0
 40
0.0
 40
0.0
 40
0.0
 40
1.0
 40
1.0
 40
1.0
 40
1.0
 10
22.29215711993999
 20
30.99720241745999
 30
0.0
 10
22.25852659284001
 20
31.04924965397998
 30
0.0
 10
22.23274229084004
 20
31.11896315691999
 30
0.0
 10
22.21364267447998
 20
31.20873126033999
 30
0.0
  0
SPLINE
  5
75A
330
2AF
100
AcDbEntity
  8
03___PRT_ALL_CURVES
  6
Continuous
 62
     4
100
AcDbSpline
210
0.0
220
0.0
230
1.0
 70
     8
 71
     3
 72
     8
 73
     4
 74
     0
 42
0.0000001
 43
0.0000000001
 40
0.0
 40
0.0
 40
0.0
 40
0.0
 40
1.0
 40
1.0
 40
1.0
 40
1.0
 10
22.21364267447998
 20
31.20873126033999
 30
0.0
 10
22.19454306827998
 20
31.29849931042
 30
0.0
 10
22.18594824675998
 20
31.39686220741999
 30
0.0
 10
22.18594824675998
 20
31.50572985354003
 30
0.0
  0
SPLINE
  5
75B
330
2AF
100
AcDbEntity
  8
03___PRT_ALL_CURVES
  6
Continuous
 62
     4
100
AcDbSpline
210
0.0
220
0.0
230
1.0
 70
     8
 71
     3
 72
     8
 73
     4
 74
     0
 42
0.0000001
 43
0.0000000001
 40
0.0
 40
0.0
 40
0.0
 40
0.0
 40
1.0
 40
1.0
 40
1.0
 40
1.0
 10
22.57175989575998
 20
31.50477489228001
 30
0.0
 10
22.57175989575998
 20
31.32619374321999
 30
0.0
 10
22.58703961882003
 20
31.20395634228001
 30
0.0
 10
22.61855395761998
 20
31.13901769897998
 30
0.0
  0
SPLINE
  5
75C
330
2AF
100
AcDbEntity
  8
03___PRT_ALL_CURVES
  6
Continuous
 62
     4
100
AcDbSpline
210
0.0
220
0.0
230
1.0
 70
     8
 71
     3
 72
     8
 73
     4
 74
     0
 42
0.0000001
 43
0.0000000001
 40
0.0
 40
0.0
 40
0.0
 40
0.0
 40
1.0
 40
1.0
 40
1.0
 40
1.0
 10
22.61855395761998
 20
31.13901769897998
 30
0.0
 10
22.65006826339999
 20
31.07407911918
 30
0.0
 10
22.69590726493999
 20
31.04160981404002
 30
0.0
 10
22.75607102319998
 20
31.04160981404002
 30
0.0
  0
SPLINE
  5
75D
330
2AF
100
AcDbEntity
  8
03___PRT_ALL_CURVES
  6
Continuous
 62
     4
100
AcDbSpline
210
0.0
220
0.0
230
1.0
 70
     8
 71
     3
 72
     8
 73
     4
 74
     0
 42
0.0000001
 43
0.0000000001
 40
0.0
 40
0.0
 40
0.0
 40
0.0
 40
1.0
 40
1.0
 40
1.0
 40
1.0
 10
22.75607102319998
 20
31.04160981404002
 30
0.0
 10
22.79522512319997
 20
31.04160981404002
 30
0.0
 10
22.82960441690003
 20
31.05497953075999
 30
0.0
 10
22.85825377031998
 20
31.08267394324
 30
0.0
  0
SPLINE
  5
75E
330
2AF
100
AcDbEntity
  8
03___PRT_ALL_CURVES
  6
Continuous
 62
     4
100
AcDbSpline
210
0.0
220
0.0
230
1.0
 70
     8
 71
     3
 72
     8
 73
     4
 74
     0
 42
0.0000001
 43
0.0000000001
 40
0.0
 40
0.0
 40
0.0
 40
0.0
 40
1.0
 40
1.0
 40
1.0
 40
1.0
 10
22.85825377031998
 20
31.08267394324
 30
0.0
 10
22.88690312374001
 20
31.11036835572
 30
0.0
 10
22.90886774579999
 20
31.15429741187998
 30
0.0
 10
22.92233932667997
 20
31.2144383838
 30
0.0
  0
SPLINE
  5
75F
330
2AF
100
AcDbEntity
  8
03___PRT_ALL_CURVES
  6
Continuous
 62
     4
100
AcDbSpline
210
0.0
220
0.0
230
1.0
 70
     8
 71
     3
 72
     8
 73
     4
 74
     0
 42
0.0000001
 43
0.0000000001
 40
0.0
 40
0.0
 40
0.0
 40
0.0
 40
1.0
 40
1.0
 40
1.0
 40
1.0
 10
22.92233932667997
 20
31.2144383838
 30
0.0
 10
22.93560717669999
 20
31.27366984522001
 30
0.0
 10
22.94324703696
 20
31.36725785210001
 30
0.0
 10
22.94324703696
 20
31.49427010506002
 30
0.0
  0
SPLINE
  5
760
330
2AF
100
AcDbEntity
  8
03___PRT_ALL_CURVES
  6
Continuous
 62
     4
100
AcDbSpline
210
0.0
220
0.0
230
1.0
 70
     8
 71
     3
 72
     8
 73
     4
 74
     0
 42
0.0000001
 43
0.0000000001
 40
0.0
 40
0.0
 40
0.0
 40
0.0
 40
1.0
 40
1.0
 40
1.0
 40
1.0
 10
22.94324703696
 20
31.49427010506002
 30
0.0
 10
22.94324703696
 20
31.67953615057999
 30
0.0
 10
22.92701235263999
 20
31.80463848102002
 30
0.0
 10
22.89549801384001
 20
31.86862212241999
 30
0.0
  0
SPLINE
  5
761
330
2AF
100
AcDbEntity
  8
03___PRT_ALL_CURVES
  6
Continuous
 62
     4
100
AcDbSpline
210
0.0
220
0.0
230
1.0
 70
     8
 71
     3
 72
     8
 73
     4
 74
     0
 42
0.0000001
 43
0.0000000001
 40
0.0
 40
0.0
 40
0.0
 40
0.0
 40
1.0
 40
1.0
 40
1.0
 40
1.0
 10
22.89549801384001
 20
31.86862212241999
 30
0.0
 10
22.86398370806
 20
31.93260569524
 30
0.0
 10
22.81718974525995
 20
31.96507506387999
 30
0.0
 10
22.75416110067999
 20
31.96507506387999
 30
0.0
  0
SPLINE
  5
762
330
2AF
100
AcDbEntity
  8
03___PRT_ALL_CURVES
  6
Continuous
 62
     4
100
AcDbSpline
210
0.0
220
0.0
230
1.0
 70
     8
 71
     3
 72
     8
 73
     4
 74
     0
 42
0.0000001
 43
0.0000000001
 40
0.0
 40
0.0
 40
0.0
 40
0.0
 40
1.0
 40
1.0
 40
1.0
 40
1.0
 10
22.75416110067999
 20
31.96507506387999
 30
0.0
 10
22.68922236339998
 20
31.96507506387999
 30
0.0
 10
22.64338336439999
 20
31.93165073398001
 30
0.0
 10
22.61473402621999
 20
31.86671215672001
 30
0.0
  0
SPLINE
  5
763
330
2AF
100
AcDbEntity
  8
03___PRT_ALL_CURVES
  6
Continuous
 62
     4
100
AcDbSpline
210
0.0
220
0.0
230
1.0
 70
     8
 71
     3
 72
     8
 73
     4
 74
     0
 42
0.0000001
 43
0.0000000001
 40
0.0
 40
0.0
 40
0.0
 40
0.0
 40
1.0
 40
1.0
 40
1.0
 40
1.0
 10
22.61473402621999
 20
31.86671215672001
 30
0.0
 10
22.58608465756001
 20
31.80177351088
 30
0.0
 10
22.57175989575998
 20
31.68049111437998
 30
0.0
 10
22.57175989575998
 20
31.50477489228001
 30
0.0
  0
SPLINE
  5
764
330
2AF
100
AcDbEntity
  8
03___PRT_ALL_CURVES
  6
Continuous
 62
     4
100
AcDbSpline
210
0.0
220
0.0
230
1.0
 70
     8
 71
     3
 72
     8
 73
     4
 74
     0
 42
0.0000001
 43
0.0000000001
 40
0.0
 40
0.0
 40
0.0
 40
0.0
 40
1.0
 40
1.0
 40
1.0
 40
1.0
 10
20.89386079791998
 20
28.36098222635999
 30
0.0
 10
20.92442014751998
 20
28.47748973274
 30
0.0
 10
20.98267389181999
 20
28.56725780822001
 30
0.0
 10
21.06980399695999
 20
28.62997233862001
 30
0.0
  0
SPLINE
  5
765
330
2AF
100
AcDbEntity
  8
03___PRT_ALL_CURVES
  6
Continuous
 62
     4
100
AcDbSpline
210
0.0
220
0.0
230
1.0
 70
     8
 71
     3
 72
     8
 73
     4
 74
     0
 42
0.0000001
 43
0.0000000001
 40
0.0
 40
0.0
 40
0.0
 40
0.0
 40
1.0
 40
1.0
 40
1.0
 40
1.0
 10
21.06980399695999
 20
28.62997233862001
 30
0.0
 10
21.15648016854001
 20
28.69236013866001
 30
0.0
 10
21.27967253328001
 20
28.72387454604001
 30
0.0
 10
21.43915411169996
 20
28.72387454604001
 30
0.0
  0
SPLINE
  5
766
330
2AF
100
AcDbEntity
  8
03___PRT_ALL_CURVES
  6
Continuous
 62
     4
100
AcDbSpline
210
0.0
220
0.0
230
1.0
 70
     8
 71
     3
 72
     8
 73
     4
 74
     0
 42
0.0000001
 43
0.0000000001
 40
0.0
 40
0.0
 40
0.0
 40
0.0
 40
1.0
 40
1.0
 40
1.0
 40
1.0
 10
21.43915411169996
 20
28.72387454604001
 30
0.0
 10
21.62155518961998
 20
28.72387454604001
 30
0.0
 10
21.75334241906
 20
28.68949525233998
 30
0.0
 10
21.83504076975998
 20
28.62117437297997
 30
0.0
  0
SPLINE
  5
767
330
2AF
100
AcDbEntity
  8
03___PRT_ALL_CURVES
  6
Continuous
 62
     4
100
AcDbSpline
210
0.0
220
0.0
230
1.0
 70
     8
 71
     3
 72
     8
 73
     4
 74
     0
 42
0.0000001
 43
0.0000000001
 40
0.0
 40
0.0
 40
0.0
 40
0.0
 40
1.0
 40
1.0
 40
1.0
 40
1.0
 10
21.83504076975998
 20
28.62117437297997
 30
0.0
 10
21.91664388569995
 20
28.55293313278
 30
0.0
 10
21.95770799458001
 20
28.46793994996
 30
0.0
 10
21.95770799458001
 20
28.36480215776001
 30
0.0
  0
SPLINE
  5
768
330
2AF
100
AcDbEntity
  8
03___PRT_ALL_CURVES
  6
Continuous
 62
     4
100
AcDbSpline
210
0.0
220
0.0
230
1.0
 70
     8
 71
     3
 72
     8
 73
     4
 74
     0
 42
0.0000001
 43
0.0000000001
 40
0.0
 40
0.0
 40
0.0
 40
0.0
 40
1.0
 40
1.0
 40
1.0
 40
1.0
 10
21.95770799458001
 20
28.36480215776001
 30
0.0
 10
21.95770799458001
 20
28.30368351952001
 30
0.0
 10
21.94051834899997
 20
28.24924969645997
 30
0.0
 10
21.90794018961998
 20
28.20061848562003
 30
0.0
  0
SPLINE
  5
769
330
2AF
100
AcDbEntity
  8
03___PRT_ALL_CURVES
  6
Continuous
 62
     4
100
AcDbSpline
210
0.0
220
0.0
230
1.0
 70
     8
 71
     3
 72
     8
 73
     4
 74
     0
 42
0.0000001
 43
0.0000000001
 40
0.0
 40
0.0
 40
0.0
 40
0.0
 40
1.0
 40
1.0
 40
1.0
 40
1.0
 10
21.90794018961998
 20
28.20061848562003
 30
0.0
 10
21.87462481809996
 20
28.15088679691999
 30
0.0
 10
21.82496588769999
 20
28.10791268423998
 30
0.0
 10
21.75811731171996
 20
28.07162346802002
 30
0.0
  0
SPLINE
  5
76A
330
2AF
100
AcDbEntity
  8
03___PRT_ALL_CURVES
  6
Continuous
 62
     4
100
AcDbSpline
210
0.0
220
0.0
230
1.0
 70
     8
 71
     3
 72
     8
 73
     4
 74
     0
 42
0.0000001
 43
0.0000000001
 40
0.0
 40
0.0
 40
0.0
 40
0.0
 40
1.0
 40
1.0
 40
1.0
 40
1.0
 10
21.75811731171996
 20
28.07162346802002
 30
0.0
 10
21.81159617098001
 20
28.05825375384001
 30
0.0
 10
21.85361524112
 20
28.04201906951999
 30
0.0
 10
21.8820696343
 20
28.02450866766
 30
0.0
  0
SPLINE
  5
76B
330
2AF
100
AcDbEntity
  8
03___PRT_ALL_CURVES
  6
Continuous
 62
     4
100
AcDbSpline
210
0.0
220
0.0
230
1.0
 70
     8
 71
     3
 72
     8
 73
     4
 74
     0
 42
0.0000001
 43
0.0000000001
 40
0.0
 40
0.0
 40
0.0
 40
0.0
 40
1.0
 40
1.0
 40
1.0
 40
1.0
 10
21.8820696343
 20
28.02450866766
 30
0.0
 10
21.92810359608001
 20
27.99618006797999
 30
0.0
 10
21.96439289358
 20
27.95798088860002
 30
0.0
 10
21.99017732003998
 20
27.91118690802
 30
0.0
  0
SPLINE
  5
76C
330
2AF
100
AcDbEntity
  8
03___PRT_ALL_CURVES
  6
Continuous
 62
     4
100
AcDbSpline
210
0.0
220
0.0
230
1.0
 70
     8
 71
     3
 72
     8
 73
     4
 74
     0
 42
0.0000001
 43
0.0000000001
 40
0.0
 40
0.0
 40
0.0
 40
0.0
 40
1.0
 40
1.0
 40
1.0
 40
1.0
 10
21.99017732003998
 20
27.91118690802
 30
0.0
 10
22.01596174650001
 20
27.86439292489999
 30
0.0
 10
22.02933146321999
 20
27.80900409739999
 30
0.0
 10
22.02933146321999
 20
27.74406548712003
 30
0.0
  0
SPLINE
  5
76D
330
2AF
100
AcDbEntity
  8
03___PRT_ALL_CURVES
  6
Continuous
 62
     4
100
AcDbSpline
210
0.0
220
0.0
230
1.0
 70
     8
 71
     3
 72
     8
 73
     4
 74
     0
 42
0.0000001
 43
0.0000000001
 40
0.0
 40
0.0
 40
0.0
 40
0.0
 40
1.0
 40
1.0
 40
1.0
 40
1.0
 10
22.02933146321999
 20
27.74406548712003
 30
0.0
 10
22.02933146321999
 20
27.66193723126
 30
0.0
 10
22.00736692497998
 20
27.58362892458001
 30
0.0
 10
21.96498708848003
 20
27.50934517170001
 30
0.0
  0
SPLINE
  5
76E
330
2AF
100
AcDbEntity
  8
03___PRT_ALL_CURVES
  6
Continuous
 62
     4
100
AcDbSpline
210
0.0
220
0.0
230
1.0
 70
     8
 71
     3
 72
     8
 73
     4
 74
     0
 42
0.0000001
 43
0.0000000001
 40
0.0
 40
0.0
 40
0.0
 40
0.0
 40
1.0
 40
1.0
 40
1.0
 40
1.0
 10
21.96498708848003
 20
27.50934517170001
 30
0.0
 10
21.92237373961999
 20
27.43465211306
 30
0.0
 10
21.86125510138001
 20
27.37639836113999
 30
0.0
 10
21.78084627566
 20
27.33667257825999
 30
0.0
  0
SPLINE
  5
76F
330
2AF
100
AcDbEntity
  8
03___PRT_ALL_CURVES
  6
Continuous
 62
     4
100
AcDbSpline
210
0.0
220
0.0
230
1.0
 70
     8
 71
     3
 72
     8
 73
     4
 74
     0
 42
0.0000001
 43
0.0000000001
 40
0.0
 40
0.0
 40
0.0
 40
0.0
 40
1.0
 40
1.0
 40
1.0
 40
1.0
 10
21.78084627566
 20
27.33667257825999
 30
0.0
 10
21.70081851852001
 20
27.29713506018001
 30
0.0
 10
21.59481575871999
 20
27.27612551114001
 30
0.0
 10
21.46493857879994
 20
27.27612551114001
 30
0.0
  0
SPLINE
  5
770
330
2AF
100
AcDbEntity
  8
03___PRT_ALL_CURVES
  6
Continuous
 62
     4
100
AcDbSpline
210
0.0
220
0.0
230
1.0
 70
     8
 71
     3
 72
     8
 73
     4
 74
     0
 42
0.0000001
 43
0.0000000001
 40
0.0
 40
0.0
 40
0.0
 40
0.0
 40
1.0
 40
1.0
 40
1.0
 40
1.0
 10
21.46493857879994
 20
27.27612551114001
 30
0.0
 10
21.33697132393999
 20
27.27612551114001
 30
0.0
 10
21.2366984587
 20
27.2914051834
 30
0.0
 10
21.1631650269
 20
27.32100955141999
 30
0.0
  0
SPLINE
  5
771
330
2AF
100
AcDbEntity
  8
03___PRT_ALL_CURVES
  6
Continuous
 62
     4
100
AcDbSpline
210
0.0
220
0.0
230
1.0
 70
     8
 71
     3
 72
     8
 73
     4
 74
     0
 42
0.0000001
 43
0.0000000001
 40
0.0
 40
0.0
 40
0.0
 40
0.0
 40
1.0
 40
1.0
 40
1.0
 40
1.0
 10
21.1631650269
 20
27.32100955141999
 30
0.0
 10
21.08963161288
 20
27.35061391182001
 30
0.0
 10
21.02946789525996
 20
27.39454297814001
 30
0.0
 10
20.98171891278
 20
27.45184175102
 30
0.0
  0
SPLINE
  5
772
330
2AF
100
AcDbEntity
  8
03___PRT_ALL_CURVES
  6
Continuous
 62
     4
100
AcDbSpline
210
0.0
220
0.0
230
1.0
 70
     8
 71
     3
 72
     8
 73
     4
 74
     0
 42
0.0000001
 43
0.0000000001
 40
0.0
 40
0.0
 40
0.0
 40
0.0
 40
1.0
 40
1.0
 40
1.0
 40
1.0
 10
20.98171891278
 20
27.45184175102
 30
0.0
 10
20.93396994300002
 20
27.50914050866001
 30
0.0
 10
20.89768071916001
 20
27.58171895888
 30
0.0
 10
20.87285124888001
 20
27.66957709152001
 30
0.0
  0
SPLINE
  5
773
330
2AF
100
AcDbEntity
  8
03___PRT_ALL_CURVES
  6
Continuous
 62
     4
100
AcDbSpline
210
0.0
220
0.0
230
1.0
 70
     8
 71
     3
 72
     8
 73
     4
 74
     0
 42
0.0000001
 43
0.0000000001
 40
0.0
 40
0.0
 40
0.0
 40
0.0
 40
1.0
 40
1.0
 40
1.0
 40
1.0
 10
21.26152792390002
 20
27.72114598761999
 30
0.0
 10
21.27680760632001
 20
27.64283766062002
 30
0.0
 10
21.29972710582001
 20
27.58840381723999
 30
0.0
 10
21.33219639825998
 20
27.55784448795998
 30
0.0
  0
SPLINE
  5
774
330
2AF
100
AcDbEntity
  8
03___PRT_ALL_CURVES
  6
Continuous
 62
     4
100
AcDbSpline
210
0.0
220
0.0
230
1.0
 70
     8
 71
     3
 72
     8
 73
     4
 74
     0
 42
0.0000001
 43
0.0000000001
 40
0.0
 40
0.0
 40
0.0
 40
0.0
 40
1.0
 40
1.0
 40
1.0
 40
1.0
 10
21.33219639825998
 20
27.55784448795998
 30
0.0
 10
21.36466571610001
 20
27.52728513835999
 30
0.0
 10
21.40572982243998
 20
27.51296044006003
 30
0.0
 10
21.45538875284004
 20
27.51296044006003
 30
0.0
  0
SPLINE
  5
775
330
2AF
100
AcDbEntity
  8
03___PRT_ALL_CURVES
  6
Continuous
 62
     4
100
AcDbSpline
210
0.0
220
0.0
230
1.0
 70
     8
 71
     3
 72
     8
 73
     4
 74
     0
 42
0.0000001
 43
0.0000000001
 40
0.0
 40
0.0
 40
0.0
 40
0.0
 40
1.0
 40
1.0
 40
1.0
 40
1.0
 10
21.45538875284004
 20
27.51296044006003
 30
0.0
 10
21.50695768957999
 20
27.51296044006003
 30
0.0
 10
21.55088668477998
 20
27.53206003102002
 30
0.0
 10
21.58526597594002
 20
27.5702592104
 30
0.0
  0
SPLINE
  5
776
330
2AF
100
AcDbEntity
  8
03___PRT_ALL_CURVES
  6
Continuous
 62
     4
100
AcDbSpline
210
0.0
220
0.0
230
1.0
 70
     8
 71
     3
 72
     8
 73
     4
 74
     0
 42
0.0000001
 43
0.0000000001
 40
0.0
 40
0.0
 40
0.0
 40
0.0
 40
1.0
 40
1.0
 40
1.0
 40
1.0
 10
21.58526597594002
 20
27.5702592104
 30
0.0
 10
21.6196452671
 20
27.60845838978
 30
0.0
 10
21.63778987393999
 20
27.6590723043
 30
0.0
 10
21.63778987393999
 20
27.72305595332
 30
0.0
  0
SPLINE
  5
777
330
2AF
100
AcDbEntity
  8
03___PRT_ALL_CURVES
  6
Continuous
 62
     4
100
AcDbSpline
210
0.0
220
0.0
230
1.0
 70
     8
 71
     3
 72
     8
 73
     4
 74
     0
 42
0.0000001
 43
0.0000000001
 40
0.0
 40
0.0
 40
0.0
 40
0.0
 40
1.0
 40
1.0
 40
1.0
 40
1.0
 10
21.63778987393999
 20
27.72305595332
 30
0.0
 10
21.63778987393999
 20
27.78799456360002
 30
0.0
 10
21.62060022836002
 20
27.83765349400002
 30
0.0
 10
21.58693705209998
 20
27.87372117904002
 30
0.0
  0
SPLINE
  5
778
330
2AF
100
AcDbEntity
  8
03___PRT_ALL_CURVES
  6
Continuous
 62
     4
100
AcDbSpline
210
0.0
220
0.0
230
1.0
 70
     8
 71
     3
 72
     8
 73
     4
 74
     0
 42
0.0000001
 43
0.0000000001
 40
0.0
 40
0.0
 40
0.0
 40
0.0
 40
1.0
 40
1.0
 40
1.0
 40
1.0
 10
21.58693705209998
 20
27.87372117904002
 30
0.0
 10
21.55375165238002
 20
27.90927696264001
 30
0.0
 10
21.50886761463997
 20
27.92742156947998
 30
0.0
 10
21.45156886461999
 20
27.92742156947998
 30
0.0
  0
SPLINE
  5
779
330
2AF
100
AcDbEntity
  8
03___PRT_ALL_CURVES
  6
Continuous
 62
     4
100
AcDbSpline
210
0.0
220
0.0
230
1.0
 70
     8
 71
     3
 72
     8
 73
     4
 74
     0
 42
0.0000001
 43
0.0000000001
 40
0.0
 40
0.0
 40
0.0
 40
0.0
 40
1.0
 40
1.0
 40
1.0
 40
1.0
 10
21.45156886461999
 20
27.92742156947998
 30
0.0
 10
21.42100950486
 20
27.92742156947998
 30
0.0
 10
21.37899039153999
 20
27.91978170921999
 30
0.0
 10
21.32551153227999
 20
27.9045020268
 30
0.0
  0
LINE
  5
77A
330
2AF
100
AcDbEntity
  8
03___PRT_ALL_CURVES
  6
Continuous
 62
     4
100
AcDbLine
 10
21.34556610481999
 20
28.18240112047999
 30
0.0
 11
21.39618003965995
 21
28.17762622781999
 31
0.0
  0
SPLINE
  5
77B
330
2AF
100
AcDbEntity
  8
03___PRT_ALL_CURVES
  6
Continuous
 62
     4
100
AcDbSpline
210
0.0
220
0.0
230
1.0
 70
     8
 71
     3
 72
     8
 73
     4
 74
     0
 42
0.0000001
 43
0.0000000001
 40
0.0
 40
0.0
 40
0.0
 40
0.0
 40
1.0
 40
1.0
 40
1.0
 40
1.0
 10
21.39618003965995
 20
28.17762622781999
 30
0.0
 10
21.44679393132
 20
28.17762622781999
 30
0.0
 10
21.48881304210002
 20
28.19386082832
 30
0.0
 10
21.52319227992001
 20
28.22633012584001
 30
0.0
  0
SPLINE
  5
77C
330
2AF
100
AcDbEntity
  8
03___PRT_ALL_CURVES
  6
Continuous
 62
     4
100
AcDbSpline
210
0.0
220
0.0
230
1.0
 70
     8
 71
     3
 72
     8
 73
     4
 74
     0
 42
0.0000001
 43
0.0000000001
 40
0.0
 40
0.0
 40
0.0
 40
0.0
 40
1.0
 40
1.0
 40
1.0
 40
1.0
 10
21.52319227992001
 20
28.22633012584001
 30
0.0
 10
21.55757158377995
 20
28.25879948177999
 30
0.0
 10
21.57476122935998
 20
28.29699862052001
 30
0.0
 10
21.57476122935998
 20
28.34188265826
 30
0.0
  0
SPLINE
  5
77D
330
2AF
100
AcDbEntity
  8
03___PRT_ALL_CURVES
  6
Continuous
 62
     4
100
AcDbSpline
210
0.0
220
0.0
230
1.0
 70
     8
 71
     3
 72
     8
 73
     4
 74
     0
 42
0.0000001
 43
0.0000000001
 40
0.0
 40
0.0
 40
0.0
 40
0.0
 40
1.0
 40
1.0
 40
1.0
 40
1.0
 10
21.57476122935998
 20
28.34188265826
 30
0.0
 10
21.57476122935998
 20
28.38390180968
 30
0.0
 10
21.56139151264
 20
28.41828101956003
 30
0.0
 10
21.53608000115997
 20
28.44359249039999
 30
0.0
  0
SPLINE
  5
77E
330
2AF
100
AcDbEntity
  8
03___PRT_ALL_CURVES
  6
Continuous
 62
     4
100
AcDbSpline
210
0.0
220
0.0
230
1.0
 70
     8
 71
     3
 72
     8
 73
     4
 74
     0
 42
0.0000001
 43
0.0000000001
 40
0.0
 40
0.0
 40
0.0
 40
0.0
 40
1.0
 40
1.0
 40
1.0
 40
1.0
 10
21.53608000115997
 20
28.44359249039999
 30
0.0
 10
21.51077753715998
 20
28.46889491121999
 30
0.0
 10
21.47544332537998
 20
28.48226462540001
 30
0.0
 10
21.43151429207998
 20
28.48226462540001
 30
0.0
  0
SPLINE
  5
77F
330
2AF
100
AcDbEntity
  8
03___PRT_ALL_CURVES
  6
Continuous
 62
     4
100
AcDbSpline
210
0.0
220
0.0
230
1.0
 70
     8
 71
     3
 72
     8
 73
     4
 74
     0
 42
0.0000001
 43
0.0000000001
 40
0.0
 40
0.0
 40
0.0
 40
0.0
 40
1.0
 40
1.0
 40
1.0
 40
1.0
 10
21.43151429207998
 20
28.48226462540001
 30
0.0
 10
21.38567524990003
 20
28.48226462540001
 30
0.0
 10
21.34843107242
 20
28.46793994996
 30
0.0
 10
21.31978167836002
 20
28.44024555780001
 30
0.0
  0
SPLINE
  5
780
330
2AF
100
AcDbEntity
  8
03___PRT_ALL_CURVES
  6
Continuous
 62
     4
100
AcDbSpline
210
0.0
220
0.0
230
1.0
 70
     8
 71
     3
 72
     8
 73
     4
 74
     0
 42
0.0000001
 43
0.0000000001
 40
0.0
 40
0.0
 40
0.0
 40
0.0
 40
1.0
 40
1.0
 40
1.0
 40
1.0
 10
21.31978167836002
 20
28.44024555780001
 30
0.0
 10
21.29113228175999
 20
28.41255116310001
 30
0.0
 10
21.27107770921998
 20
28.36384719650002
 30
0.0
 10
21.26152792390002
 20
28.29508869546001
 30
0.0
  0
SPLINE
  5
781
330
2AF
100
AcDbEntity
  8
03___PRT_ALL_CURVES
  6
Continuous
 62
     4
100
AcDbSpline
210
0.0
220
0.0
230
1.0
 70
     8
 71
     3
 72
     8
 73
     4
 74
     0
 42
0.0000001
 43
0.0000000001
 40
0.0
 40
0.0
 40
0.0
 40
0.0
 40
1.0
 40
1.0
 40
1.0
 40
1.0
 10
22.16016364503997
 20
27.29999999984
 30
0.0
 10
22.17353336176001
 20
27.41459754052002
 30
0.0
 10
22.21364250684002
 20
27.52346520696
 30
0.0
 10
22.2814460644
 20
27.62469307410001
 30
0.0
  0
SPLINE
  5
782
330
2AF
100
AcDbEntity
  8
03___PRT_ALL_CURVES
  6
Continuous
 62
     4
100
AcDbSpline
210
0.0
220
0.0
230
1.0
 70
     8
 71
     3
 72
     8
 73
     4
 74
     0
 42
0.0000001
 43
0.0000000001
 40
0.0
 40
0.0
 40
0.0
 40
0.0
 40
1.0
 40
1.0
 40
1.0
 40
1.0
 10
22.2814460644
 20
27.62469307410001
 30
0.0
 10
22.34924958132001
 20
27.72592088028
 30
0.0
 10
22.47626183427997
 20
27.84624827488
 30
0.0
 10
22.66344801057997
 20
27.98470658063999
 30
0.0
  0
SPLINE
  5
783
330
2AF
100
AcDbEntity
  8
03___PRT_ALL_CURVES
  6
Continuous
 62
     4
100
AcDbSpline
210
0.0
220
0.0
230
1.0
 70
     8
 71
     3
 72
     8
 73
     4
 74
     0
 42
0.0000001
 43
0.0000000001
 40
0.0
 40
0.0
 40
0.0
 40
0.0
 40
1.0
 40
1.0
 40
1.0
 40
1.0
 10
22.66344801057997
 20
27.98470658063999
 30
0.0
 10
22.77708046809997
 20
28.06875850041999
 30
0.0
 10
22.84965890053996
 20
28.13369715134002
 30
0.0
 10
22.88181703027996
 20
28.17785457635998
 30
0.0
  0
SPLINE
  5
784
330
2AF
100
AcDbEntity
  8
03___PRT_ALL_CURVES
  6
Continuous
 62
     4
100
AcDbSpline
210
0.0
220
0.0
230
1.0
 70
     8
 71
     3
 72
     8
 73
     4
 74
     0
 42
0.0000001
 43
0.0000000001
 40
0.0
 40
0.0
 40
0.0
 40
0.0
 40
1.0
 40
1.0
 40
1.0
 40
1.0
 10
22.88181703027996
 20
28.17785457635998
 30
0.0
 10
22.91364250638
 20
28.22155522047998
 30
0.0
 10
22.92987719069995
 20
28.26261941064001
 30
0.0
 10
22.92987719069995
 20
28.30272847443999
 30
0.0
  0
SPLINE
  5
785
330
2AF
100
AcDbEntity
  8
03___PRT_ALL_CURVES
  6
Continuous
 62
     4
100
AcDbSpline
210
0.0
220
0.0
230
1.0
 70
     8
 71
     3
 72
     8
 73
     4
 74
     0
 42
0.0000001
 43
0.0000000001
 40
0.0
 40
0.0
 40
0.0
 40
0.0
 40
1.0
 40
1.0
 40
1.0
 40
1.0
 10
22.92987719069995
 20
28.30272847443999
 30
0.0
 10
22.92987719069995
 20
28.34474762585998
 30
0.0
 10
22.91364250638
 20
28.38103684208002
 30
0.0
 10
22.88212822599999
 20
28.41159616120001
 30
0.0
  0
SPLINE
  5
786
330
2AF
100
AcDbEntity
  8
03___PRT_ALL_CURVES
  6
Continuous
 62
     4
100
AcDbSpline
210
0.0
220
0.0
230
1.0
 70
     8
 71
     3
 72
     8
 73
     4
 74
     0
 42
0.0000001
 43
0.0000000001
 40
0.0
 40
0.0
 40
0.0
 40
0.0
 40
1.0
 40
1.0
 40
1.0
 40
1.0
 10
22.88212822599999
 20
28.41159616120001
 30
0.0
 10
22.85061386179999
 20
28.44215556413999
 30
0.0
 10
22.81145976179997
 20
28.45743520337999
 30
0.0
 10
22.76371067010001
 20
28.45743520337999
 30
0.0
  0
SPLINE
  5
787
330
2AF
100
AcDbEntity
  8
03___PRT_ALL_CURVES
  6
Continuous
 62
     4
100
AcDbSpline
210
0.0
220
0.0
230
1.0
 70
     8
 71
     3
 72
     8
 73
     4
 74
     0
 42
0.0000001
 43
0.0000000001
 40
0.0
 40
0.0
 40
0.0
 40
0.0
 40
1.0
 40
1.0
 40
1.0
 40
1.0
 10
22.76371067010001
 20
28.45743520337999
 30
0.0
 10
22.71405182352001
 20
28.45743520337999
 30
0.0
 10
22.67298763336001
 20
28.44120051906
 30
0.0
 10
22.64171116809999
 20
28.41039792889998
 30
0.0
  0
SPLINE
  5
788
330
2AF
100
AcDbEntity
  8
03___PRT_ALL_CURVES
  6
Continuous
 62
     4
100
AcDbSpline
210
0.0
220
0.0
230
1.0
 70
     8
 71
     3
 72
     8
 73
     4
 74
     0
 42
0.0000001
 43
0.0000000001
 40
0.0
 40
0.0
 40
0.0
 40
0.0
 40
1.0
 40
1.0
 40
1.0
 40
1.0
 10
22.64171116809999
 20
28.41039792889998
 30
0.0
 10
22.60995898623995
 20
28.37912683574001
 30
0.0
 10
22.58894949562
 20
28.32373805141998
 30
0.0
 10
22.57844474904002
 20
28.24542976506001
 30
0.0
  0
SPLINE
  5
789
330
2AF
100
AcDbEntity
  8
03___PRT_ALL_CURVES
  6
Continuous
 62
     4
100
AcDbSpline
210
0.0
220
0.0
230
1.0
 70
     8
 71
     3
 72
     8
 73
     4
 74
     0
 42
0.0000001
 43
0.0000000001
 40
0.0
 40
0.0
 40
0.0
 40
0.0
 40
1.0
 40
1.0
 40
1.0
 40
1.0
 10
22.18881308228001
 20
28.27694408862001
 30
0.0
 10
22.20409272152
 20
28.38581173474
 30
0.0
 10
22.23178711368001
 20
28.47175987882
 30
0.0
 10
22.27252050186001
 20
28.53309956564001
 30
0.0
  0
SPLINE
  5
78A
330
2AF
100
AcDbEntity
  8
03___PRT_ALL_CURVES
  6
Continuous
 62
     4
100
AcDbSpline
210
0.0
220
0.0
230
1.0
 70
     8
 71
     3
 72
     8
 73
     4
 74
     0
 42
0.0000001
 43
0.0000000001
 40
0.0
 40
0.0
 40
0.0
 40
0.0
 40
1.0
 40
1.0
 40
1.0
 40
1.0
 10
22.27252050186001
 20
28.53309956564001
 30
0.0
 10
22.31296036764002
 20
28.59399723912003
 30
0.0
 10
22.37025924212
 20
28.64174624700001
 30
0.0
 10
22.44474758184001
 20
28.67421556738
 30
0.0
  0
SPLINE
  5
78B
330
2AF
100
AcDbEntity
  8
03___PRT_ALL_CURVES
  6
Continuous
 62
     4
100
AcDbSpline
210
0.0
220
0.0
230
1.0
 70
     8
 71
     3
 72
     8
 73
     4
 74
     0
 42
0.0000001
 43
0.0000000001
 40
0.0
 40
0.0
 40
0.0
 40
0.0
 40
1.0
 40
1.0
 40
1.0
 40
1.0
 10
22.44474758184001
 20
28.67421556738
 30
0.0
 10
22.51923594949997
 20
28.70668489791998
 30
0.0
 10
22.62141886171997
 20
28.72387454604001
 30
0.0
 10
22.75320592352
 20
28.72387454604001
 30
0.0
  0
SPLINE
  5
78C
330
2AF
100
AcDbEntity
  8
03___PRT_ALL_CURVES
  6
Continuous
 62
     4
100
AcDbSpline
210
0.0
220
0.0
230
1.0
 70
     8
 71
     3
 72
     8
 73
     4
 74
     0
 42
0.0000001
 43
0.0000000001
 40
0.0
 40
0.0
 40
0.0
 40
0.0
 40
1.0
 40
1.0
 40
1.0
 40
1.0
 10
22.75320592352
 20
28.72387454604001
 30
0.0
 10
22.88976796179998
 20
28.72387454604001
 30
0.0
 10
22.9957707216
 20
28.70763986172
 30
0.0
 10
23.07200375683999
 20
28.67667018274
 30
0.0
  0
SPLINE
  5
78D
330
2AF
100
AcDbEntity
  8
03___PRT_ALL_CURVES
  6
Continuous
 62
     4
100
AcDbSpline
210
0.0
220
0.0
230
1.0
 70
     8
 71
     3
 72
     8
 73
     4
 74
     0
 42
0.0000001
 43
0.0000000001
 40
0.0
 40
0.0
 40
0.0
 40
0.0
 40
1.0
 40
1.0
 40
1.0
 40
1.0
 10
23.07200375683999
 20
28.67667018274
 30
0.0
 10
23.14856744419998
 20
28.64556617585998
 30
0.0
 10
23.20777624119998
 20
28.59781717052002
 30
0.0
 10
23.25170529735999
 20
28.53287858818001
 30
0.0
  0
SPLINE
  5
78E
330
2AF
100
AcDbEntity
  8
03___PRT_ALL_CURVES
  6
Continuous
 62
     4
100
AcDbSpline
210
0.0
220
0.0
230
1.0
 70
     8
 71
     3
 72
     8
 73
     4
 74
     0
 42
0.0000001
 43
0.0000000001
 40
0.0
 40
0.0
 40
0.0
 40
0.0
 40
1.0
 40
1.0
 40
1.0
 40
1.0
 10
23.25170529735999
 20
28.53287858818001
 30
0.0
 10
23.29563439416
 20
28.46793994996
 30
0.0
 10
23.31759884857999
 20
28.39631648132001
 30
0.0
 10
23.31759884857999
 20
28.31609818862
 30
0.0
  0
SPLINE
  5
78F
330
2AF
100
AcDbEntity
  8
03___PRT_ALL_CURVES
  6
Continuous
 62
     4
100
AcDbSpline
210
0.0
220
0.0
230
1.0
 70
     8
 71
     3
 72
     8
 73
     4
 74
     0
 42
0.0000001
 43
0.0000000001
 40
0.0
 40
0.0
 40
0.0
 40
0.0
 40
1.0
 40
1.0
 40
1.0
 40
1.0
 10
23.31759884857999
 20
28.31609818862
 30
0.0
 10
23.31759884857999
 20
28.23015004454001
 30
0.0
 10
23.29181437893999
 20
28.14897679058001
 30
0.0
 10
23.24237180065998
 20
28.0714850558
 30
0.0
  0
SPLINE
  5
790
330
2AF
100
AcDbEntity
  8
03___PRT_ALL_CURVES
  6
Continuous
 62
     4
100
AcDbSpline
210
0.0
220
0.0
230
1.0
 70
     8
 71
     3
 72
     8
 73
     4
 74
     0
 42
0.0000001
 43
0.0000000001
 40
0.0
 40
0.0
 40
0.0
 40
0.0
 40
1.0
 40
1.0
 40
1.0
 40
1.0
 10
23.24237180065998
 20
28.0714850558
 30
0.0
 10
23.19249651813996
 20
27.99331514102002
 30
0.0
 10
23.10177348139999
 20
27.90832195819999
 30
0.0
 10
22.96980657489999
 20
27.81594510714001
 30
0.0
  0
LINE
  5
791
330
2AF
100
AcDbEntity
  8
03___PRT_ALL_CURVES
  6
Continuous
 62
     4
100
AcDbLine
 10
22.96980657489999
 20
27.81594510714001
 30
0.0
 11
22.81264627707998
 21
27.70175496722001
 31
0.0
  0
LINE
  5
792
330
2AF
100
AcDbEntity
  8
03___PRT_ALL_CURVES
  6
Continuous
 62
     4
100
AcDbLine
 10
22.81264627707998
 20
27.70175496722001
 30
0.0
 11
22.71978159361998
 21
27.61705321383999
 31
0.0
  0
SPLINE
  5
793
330
2AF
100
AcDbEntity
  8
03___PRT_ALL_CURVES
  6
Continuous
 62
     4
100
AcDbSpline
210
0.0
220
0.0
230
1.0
 70
     8
 71
     3
 72
     8
 73
     4
 74
     0
 42
0.0000001
 43
0.0000000001
 40
0.0
 40
0.0
 40
0.0
 40
0.0
 40
1.0
 40
1.0
 40
1.0
 40
1.0
 10
20.87141881587999
 20
24.86098222612
 30
0.0
 10
20.90197816547999
 20
24.9774897325
 30
0.0
 10
20.96023190723997
 20
25.06725781052
 30
0.0
 10
21.04736201238001
 20
25.12997234092001
 30
0.0
  0
SPLINE
  5
794
330
2AF
100
AcDbEntity
  8
03___PRT_ALL_CURVES
  6
Continuous
 62
     4
100
AcDbSpline
210
0.0
220
0.0
230
1.0
 70
     8
 71
     3
 72
     8
 73
     4
 74
     0
 42
0.0000001
 43
0.0000000001
 40
0.0
 40
0.0
 40
0.0
 40
0.0
 40
1.0
 40
1.0
 40
1.0
 40
1.0
 10
21.04736201238001
 20
25.12997234092001
 30
0.0
 10
21.13403818396
 20
25.19236013842001
 30
0.0
 10
21.25723054869999
 20
25.22387454580002
 30
0.0
 10
21.41671212712001
 20
25.22387454580002
 30
0.0
  0
SPLINE
  5
795
330
2AF
100
AcDbEntity
  8
03___PRT_ALL_CURVES
  6
Continuous
 62
     4
100
AcDbSpline
210
0.0
220
0.0
230
1.0
 70
     8
 71
     3
 72
     8
 73
     4
 74
     0
 42
0.0000001
 43
0.0000000001
 40
0.0
 40
0.0
 40
0.0
 40
0.0
 40
1.0
 40
1.0
 40
1.0
 40
1.0
 10
21.41671212712001
 20
25.22387454580002
 30
0.0
 10
21.59911320757996
 20
25.22387454580002
 30
0.0
 10
21.73090043447999
 20
25.18949525210002
 30
0.0
 10
21.81259878771999
 20
25.12117437274
 30
0.0
  0
SPLINE
  5
796
330
2AF
100
AcDbEntity
  8
03___PRT_ALL_CURVES
  6
Continuous
 62
     4
100
AcDbSpline
210
0.0
220
0.0
230
1.0
 70
     8
 71
     3
 72
     8
 73
     4
 74
     0
 42
0.0000001
 43
0.0000000001
 40
0.0
 40
0.0
 40
0.0
 40
0.0
 40
1.0
 40
1.0
 40
1.0
 40
1.0
 10
21.81259878771999
 20
25.12117437274
 30
0.0
 10
21.89420190365999
 20
25.05293313254001
 30
0.0
 10
21.93526600999999
 20
24.96793994972001
 30
0.0
 10
21.93526600999999
 20
24.86480215751999
 30
0.0
  0
SPLINE
  5
797
330
2AF
100
AcDbEntity
  8
03___PRT_ALL_CURVES
  6
Continuous
 62
     4
100
AcDbSpline
210
0.0
220
0.0
230
1.0
 70
     8
 71
     3
 72
     8
 73
     4
 74
     0
 42
0.0000001
 43
0.0000000001
 40
0.0
 40
0.0
 40
0.0
 40
0.0
 40
1.0
 40
1.0
 40
1.0
 40
1.0
 10
21.93526600999999
 20
24.86480215751999
 30
0.0
 10
21.93526600999999
 20
24.80368351928001
 30
0.0
 10
21.91807636442002
 20
24.74924969622001
 30
0.0
 10
21.88549820758001
 20
24.70061848792
 30
0.0
  0
SPLINE
  5
798
330
2AF
100
AcDbEntity
  8
03___PRT_ALL_CURVES
  6
Continuous
 62
     4
100
AcDbSpline
210
0.0
220
0.0
230
1.0
 70
     8
 71
     3
 72
     8
 73
     4
 74
     0
 42
0.0000001
 43
0.0000000001
 40
0.0
 40
0.0
 40
0.0
 40
0.0
 40
1.0
 40
1.0
 40
1.0
 40
1.0
 10
21.88549820758001
 20
24.70061848792
 30
0.0
 10
21.85218283352
 20
24.65088679668
 30
0.0
 10
21.80252390311998
 20
24.60791268400001
 30
0.0
 10
21.73567532714
 20
24.57162346778
 30
0.0
  0
SPLINE
  5
799
330
2AF
100
AcDbEntity
  8
03___PRT_ALL_CURVES
  6
Continuous
 62
     4
100
AcDbSpline
210
0.0
220
0.0
230
1.0
 70
     8
 71
     3
 72
     8
 73
     4
 74
     0
 42
0.0000001
 43
0.0000000001
 40
0.0
 40
0.0
 40
0.0
 40
0.0
 40
1.0
 40
1.0
 40
1.0
 40
1.0
 10
21.73567532714
 20
24.57162346778
 30
0.0
 10
21.78915418893999
 20
24.55825375359998
 30
0.0
 10
21.83117325907997
 20
24.54201906928
 30
0.0
 10
21.85962764971998
 20
24.52450866996003
 30
0.0
  0
SPLINE
  5
79A
330
2AF
100
AcDbEntity
  8
03___PRT_ALL_CURVES
  6
Continuous
 62
     4
100
AcDbSpline
210
0.0
220
0.0
230
1.0
 70
     8
 71
     3
 72
     8
 73
     4
 74
     0
 42
0.0000001
 43
0.0000000001
 40
0.0
 40
0.0
 40
0.0
 40
0.0
 40
1.0
 40
1.0
 40
1.0
 40
1.0
 10
21.85962764971998
 20
24.52450866996003
 30
0.0
 10
21.90566161149999
 20
24.49618007028002
 30
0.0
 10
21.94195090899998
 20
24.45798088836
 30
0.0
 10
21.96773533545999
 20
24.41118690778001
 30
0.0
  0
SPLINE
  5
79B
330
2AF
100
AcDbEntity
  8
03___PRT_ALL_CURVES
  6
Continuous
 62
     4
100
AcDbSpline
210
0.0
220
0.0
230
1.0
 70
     8
 71
     3
 72
     8
 73
     4
 74
     0
 42
0.0000001
 43
0.0000000001
 40
0.0
 40
0.0
 40
0.0
 40
0.0
 40
1.0
 40
1.0
 40
1.0
 40
1.0
 10
21.96773533545999
 20
24.41118690778001
 30
0.0
 10
21.99351976445999
 20
24.36439292466
 30
0.0
 10
22.00688947863998
 20
24.30900409716
 30
0.0
 10
22.00688947863998
 20
24.24406548688
 30
0.0
  0
SPLINE
  5
79C
330
2AF
100
AcDbEntity
  8
03___PRT_ALL_CURVES
  6
Continuous
 62
     4
100
AcDbSpline
210
0.0
220
0.0
230
1.0
 70
     8
 71
     3
 72
     8
 73
     4
 74
     0
 42
0.0000001
 43
0.0000000001
 40
0.0
 40
0.0
 40
0.0
 40
0.0
 40
1.0
 40
1.0
 40
1.0
 40
1.0
 10
22.00688947863998
 20
24.24406548688
 30
0.0
 10
22.00688947863998
 20
24.16193723102
 30
0.0
 10
21.98492494040002
 20
24.08362892434002
 30
0.0
 10
21.94254510644001
 20
24.00934517146001
 30
0.0
  0
SPLINE
  5
79D
330
2AF
100
AcDbEntity
  8
03___PRT_ALL_CURVES
  6
Continuous
 62
     4
100
AcDbSpline
210
0.0
220
0.0
230
1.0
 70
     8
 71
     3
 72
     8
 73
     4
 74
     0
 42
0.0000001
 43
0.0000000001
 40
0.0
 40
0.0
 40
0.0
 40
0.0
 40
1.0
 40
1.0
 40
1.0
 40
1.0
 10
21.94254510644001
 20
24.00934517146001
 30
0.0
 10
21.89993175757996
 20
23.93465211282
 30
0.0
 10
21.83881311933999
 20
23.87639836090003
 30
0.0
 10
21.75840429361998
 20
23.83667257802
 30
0.0
  0
SPLINE
  5
79E
330
2AF
100
AcDbEntity
  8
03___PRT_ALL_CURVES
  6
Continuous
 62
     4
100
AcDbSpline
210
0.0
220
0.0
230
1.0
 70
     8
 71
     3
 72
     8
 73
     4
 74
     0
 42
0.0000001
 43
0.0000000001
 40
0.0
 40
0.0
 40
0.0
 40
0.0
 40
1.0
 40
1.0
 40
1.0
 40
1.0
 10
21.75840429361998
 20
23.83667257802
 30
0.0
 10
21.67837653647999
 20
23.79713506248001
 30
0.0
 10
21.57237377667997
 20
23.77612551090002
 30
0.0
 10
21.44249659675998
 20
23.77612551090002
 30
0.0
  0
SPLINE
  5
79F
330
2AF
100
AcDbEntity
  8
03___PRT_ALL_CURVES
  6
Continuous
 62
     4
100
AcDbSpline
210
0.0
220
0.0
230
1.0
 70
     8
 71
     3
 72
     8
 73
     4
 74
     0
 42
0.0000001
 43
0.0000000001
 40
0.0
 40
0.0
 40
0.0
 40
0.0
 40
1.0
 40
1.0
 40
1.0
 40
1.0
 10
21.44249659675998
 20
23.77612551090002
 30
0.0
 10
21.31452933935998
 20
23.77612551090002
 30
0.0
 10
21.21425647665998
 20
23.79140518316001
 30
0.0
 10
21.14072304232002
 20
23.82100955118
 30
0.0
  0
SPLINE
  5
7A0
330
2AF
100
AcDbEntity
  8
03___PRT_ALL_CURVES
  6
Continuous
 62
     4
100
AcDbSpline
210
0.0
220
0.0
230
1.0
 70
     8
 71
     3
 72
     8
 73
     4
 74
     0
 42
0.0000001
 43
0.0000000001
 40
0.0
 40
0.0
 40
0.0
 40
0.0
 40
1.0
 40
1.0
 40
1.0
 40
1.0
 10
21.14072304232002
 20
23.82100955118
 30
0.0
 10
21.06718963084003
 20
23.85061391158001
 30
0.0
 10
21.00702591068
 20
23.89454297790002
 30
0.0
 10
20.95927692819998
 20
23.95184175078001
 30
0.0
  0
SPLINE
  5
7A1
330
2AF
100
AcDbEntity
  8
03___PRT_ALL_CURVES
  6
Continuous
 62
     4
100
AcDbSpline
210
0.0
220
0.0
230
1.0
 70
     8
 71
     3
 72
     8
 73
     4
 74
     0
 42
0.0000001
 43
0.0000000001
 40
0.0
 40
0.0
 40
0.0
 40
0.0
 40
1.0
 40
1.0
 40
1.0
 40
1.0
 10
20.95927692819998
 20
23.95184175078001
 30
0.0
 10
20.91152796096
 20
24.00914050842002
 30
0.0
 10
20.87523873457999
 20
24.08171896118
 30
0.0
 10
20.85040926429997
 20
24.16957709127999
 30
0.0
  0
SPLINE
  5
7A2
330
2AF
100
AcDbEntity
  8
03___PRT_ALL_CURVES
  6
Continuous
 62
     4
100
AcDbSpline
210
0.0
220
0.0
230
1.0
 70
     8
 71
     3
 72
     8
 73
     4
 74
     0
 42
0.0000001
 43
0.0000000001
 40
0.0
 40
0.0
 40
0.0
 40
0.0
 40
1.0
 40
1.0
 40
1.0
 40
1.0
 10
21.23908594186
 20
24.22114598738003
 30
0.0
 10
21.25436562173999
 20
24.14283766038
 30
0.0
 10
21.27728512124
 20
24.088403817
 30
0.0
 10
21.30975441621996
 20
24.05784448771999
 30
0.0
  0
SPLINE
  5
7A3
330
2AF
100
AcDbEntity
  8
03___PRT_ALL_CURVES
  6
Continuous
 62
     4
100
AcDbSpline
210
0.0
220
0.0
230
1.0
 70
     8
 71
     3
 72
     8
 73
     4
 74
     0
 42
0.0000001
 43
0.0000000001
 40
0.0
 40
0.0
 40
0.0
 40
0.0
 40
1.0
 40
1.0
 40
1.0
 40
1.0
 10
21.30975441621996
 20
24.05784448771999
 30
0.0
 10
21.34222373151999
 20
24.02728513811999
 30
0.0
 10
21.38328784040002
 20
24.01296043981998
 30
0.0
 10
21.43294677079996
 20
24.01296043981998
 30
0.0
  0
SPLINE
  5
7A4
330
2AF
100
AcDbEntity
  8
03___PRT_ALL_CURVES
  6
Continuous
 62
     4
100
AcDbSpline
210
0.0
220
0.0
230
1.0
 70
     8
 71
     3
 72
     8
 73
     4
 74
     0
 42
0.0000001
 43
0.0000000001
 40
0.0
 40
0.0
 40
0.0
 40
0.0
 40
1.0
 40
1.0
 40
1.0
 40
1.0
 10
21.43294677079996
 20
24.01296043981998
 30
0.0
 10
21.48451570754
 20
24.01296043981998
 30
0.0
 10
21.5284447002
 20
24.03206003078
 30
0.0
 10
21.56282399136001
 20
24.07025921016
 30
0.0
  0
SPLINE
  5
7A5
330
2AF
100
AcDbEntity
  8
03___PRT_ALL_CURVES
  6
Continuous
 62
     4
100
AcDbSpline
210
0.0
220
0.0
230
1.0
 70
     8
 71
     3
 72
     8
 73
     4
 74
     0
 42
0.0000001
 43
0.0000000001
 40
0.0
 40
0.0
 40
0.0
 40
0.0
 40
1.0
 40
1.0
 40
1.0
 40
1.0
 10
21.56282399136001
 20
24.07025921016
 30
0.0
 10
21.59720328252001
 20
24.10845838954
 30
0.0
 10
21.61534789189997
 20
24.15907230405998
 30
0.0
 10
21.61534789189997
 20
24.22305595308001
 30
0.0
  0
SPLINE
  5
7A6
330
2AF
100
AcDbEntity
  8
03___PRT_ALL_CURVES
  6
Continuous
 62
     4
100
AcDbSpline
210
0.0
220
0.0
230
1.0
 70
     8
 71
     3
 72
     8
 73
     4
 74
     0
 42
0.0000001
 43
0.0000000001
 40
0.0
 40
0.0
 40
0.0
 40
0.0
 40
1.0
 40
1.0
 40
1.0
 40
1.0
 10
21.61534789189997
 20
24.22305595308001
 30
0.0
 10
21.61534789189997
 20
24.28799456335997
 30
0.0
 10
21.59815824632
 20
24.33765349376
 30
0.0
 10
21.56449507005996
 20
24.3737211788
 30
0.0
  0
SPLINE
  5
7A7
330
2AF
100
AcDbEntity
  8
03___PRT_ALL_CURVES
  6
Continuous
 62
     4
100
AcDbSpline
210
0.0
220
0.0
230
1.0
 70
     8
 71
     3
 72
     8
 73
     4
 74
     0
 42
0.0000001
 43
0.0000000001
 40
0.0
 40
0.0
 40
0.0
 40
0.0
 40
1.0
 40
1.0
 40
1.0
 40
1.0
 10
21.56449507005996
 20
24.3737211788
 30
0.0
 10
21.53130967033999
 20
24.40927696240001
 30
0.0
 10
21.48642563006001
 20
24.42742156923998
 30
0.0
 10
21.42912688257996
 20
24.42742156923998
 30
0.0
  0
SPLINE
  5
7A8
330
2AF
100
AcDbEntity
  8
03___PRT_ALL_CURVES
  6
Continuous
 62
     4
100
AcDbSpline
210
0.0
220
0.0
230
1.0
 70
     8
 71
     3
 72
     8
 73
     4
 74
     0
 42
0.0000001
 43
0.0000000001
 40
0.0
 40
0.0
 40
0.0
 40
0.0
 40
1.0
 40
1.0
 40
1.0
 40
1.0
 10
21.42912688257996
 20
24.42742156923998
 30
0.0
 10
21.39856752027998
 20
24.42742156923998
 30
0.0
 10
21.35654840949996
 20
24.41978170898
 30
0.0
 10
21.30306954769998
 20
24.4045020291
 30
0.0
  0
LINE
  5
7A9
330
2AF
100
AcDbEntity
  8
03___PRT_ALL_CURVES
  6
Continuous
 62
     4
100
AcDbLine
 10
21.32312412023998
 20
24.68240112024
 30
0.0
 11
21.37373805508
 21
24.67762622757999
 31
0.0
  0
SPLINE
  5
7AA
330
2AF
100
AcDbEntity
  8
03___PRT_ALL_CURVES
  6
Continuous
 62
     4
100
AcDbSpline
210
0.0
220
0.0
230
1.0
 70
     8
 71
     3
 72
     8
 73
     4
 74
     0
 42
0.0000001
 43
0.0000000001
 40
0.0
 40
0.0
 40
0.0
 40
0.0
 40
1.0
 40
1.0
 40
1.0
 40
1.0
 10
21.37373805508
 20
24.67762622757999
 30
0.0
 10
21.42435194673999
 20
24.67762622757999
 30
0.0
 10
21.46637105752001
 20
24.69386082808001
 30
0.0
 10
21.50075029787999
 20
24.72633012559999
 30
0.0
  0
SPLINE
  5
7AB
330
2AF
100
AcDbEntity
  8
03___PRT_ALL_CURVES
  6
Continuous
 62
     4
100
AcDbSpline
210
0.0
220
0.0
230
1.0
 70
     8
 71
     3
 72
     8
 73
     4
 74
     0
 42
0.0000001
 43
0.0000000001
 40
0.0
 40
0.0
 40
0.0
 40
0.0
 40
1.0
 40
1.0
 40
1.0
 40
1.0
 10
21.50075029787999
 20
24.72633012559999
 30
0.0
 10
21.53512959919999
 20
24.75879948154
 30
0.0
 10
21.55231924477997
 20
24.79699862028002
 30
0.0
 10
21.55231924477997
 20
24.84188265801998
 30
0.0
  0
SPLINE
  5
7AC
330
2AF
100
AcDbEntity
  8
03___PRT_ALL_CURVES
  6
Continuous
 62
     4
100
AcDbSpline
210
0.0
220
0.0
230
1.0
 70
     8
 71
     3
 72
     8
 73
     4
 74
     0
 42
0.0000001
 43
0.0000000001
 40
0.0
 40
0.0
 40
0.0
 40
0.0
 40
1.0
 40
1.0
 40
1.0
 40
1.0
 10
21.55231924477997
 20
24.84188265801998
 30
0.0
 10
21.55231924477997
 20
24.88390180944
 30
0.0
 10
21.53894953060001
 20
24.91828101932001
 30
0.0
 10
21.51363801657996
 20
24.94359249016
 30
0.0
  0
SPLINE
  5
7AD
330
2AF
100
AcDbEntity
  8
03___PRT_ALL_CURVES
  6
Continuous
 62
     4
100
AcDbSpline
210
0.0
220
0.0
230
1.0
 70
     8
 71
     3
 72
     8
 73
     4
 74
     0
 42
0.0000001
 43
0.0000000001
 40
0.0
 40
0.0
 40
0.0
 40
0.0
 40
1.0
 40
1.0
 40
1.0
 40
1.0
 10
21.51363801657996
 20
24.94359249016
 30
0.0
 10
21.48833555511999
 20
24.96889491098
 30
0.0
 10
21.45300134334002
 20
24.98226462516001
 30
0.0
 10
21.4090723075
 20
24.98226462516001
 30
0.0
  0
SPLINE
  5
7AE
330
2AF
100
AcDbEntity
  8
03___PRT_ALL_CURVES
  6
Continuous
 62
     4
100
AcDbSpline
210
0.0
220
0.0
230
1.0
 70
     8
 71
     3
 72
     8
 73
     4
 74
     0
 42
0.0000001
 43
0.0000000001
 40
0.0
 40
0.0
 40
0.0
 40
0.0
 40
1.0
 40
1.0
 40
1.0
 40
1.0
 10
21.4090723075
 20
24.98226462516001
 30
0.0
 10
21.36323326786001
 20
24.98226462516001
 30
0.0
 10
21.32598909037998
 20
24.96793994972001
 30
0.0
 10
21.29733969377997
 20
24.94024555755999
 30
0.0
  0
SPLINE
  5
7AF
330
2AF
100
AcDbEntity
  8
03___PRT_ALL_CURVES
  6
Continuous
 62
     4
100
AcDbSpline
210
0.0
220
0.0
230
1.0
 70
     8
 71
     3
 72
     8
 73
     4
 74
     0
 42
0.0000001
 43
0.0000000001
 40
0.0
 40
0.0
 40
0.0
 40
0.0
 40
1.0
 40
1.0
 40
1.0
 40
1.0
 10
21.29733969377997
 20
24.94024555755999
 30
0.0
 10
21.26869029971999
 20
24.9125511654
 30
0.0
 10
21.24863572717999
 20
24.86384719626
 30
0.0
 10
21.23908594186
 20
24.79508869522002
 30
0.0
  0
SPLINE
  5
7B0
330
2AF
100
AcDbEntity
  8
03___PRT_ALL_CURVES
  6
Continuous
 62
     4
100
AcDbSpline
210
0.0
220
0.0
230
1.0
 70
     8
 71
     3
 72
     8
 73
     4
 74
     0
 42
0.0000001
 43
0.0000000001
 40
0.0
 40
0.0
 40
0.0
 40
0.0
 40
1.0
 40
1.0
 40
1.0
 40
1.0
 10
20.88526604751999
 20
21.36098222588001
 30
0.0
 10
20.91582539711999
 20
21.47748973225998
 30
0.0
 10
20.97407913888
 20
21.56725781028001
 30
0.0
 10
21.06120924401998
 20
21.62997234068001
 30
0.0
  0
SPLINE
  5
7B1
330
2AF
100
AcDbEntity
  8
03___PRT_ALL_CURVES
  6
Continuous
 62
     4
100
AcDbSpline
210
0.0
220
0.0
230
1.0
 70
     8
 71
     3
 72
     8
 73
     4
 74
     0
 42
0.0000001
 43
0.0000000001
 40
0.0
 40
0.0
 40
0.0
 40
0.0
 40
1.0
 40
1.0
 40
1.0
 40
1.0
 10
21.06120924401998
 20
21.62997234068001
 30
0.0
 10
21.1478854156
 20
21.69236013817999
 30
0.0
 10
21.27107778033999
 20
21.72387454555999
 30
0.0
 10
21.43055935875998
 20
21.72387454555999
 30
0.0
  0
SPLINE
  5
7B2
330
2AF
100
AcDbEntity
  8
03___PRT_ALL_CURVES
  6
Continuous
 62
     4
100
AcDbSpline
210
0.0
220
0.0
230
1.0
 70
     8
 71
     3
 72
     8
 73
     4
 74
     0
 42
0.0000001
 43
0.0000000001
 40
0.0
 40
0.0
 40
0.0
 40
0.0
 40
1.0
 40
1.0
 40
1.0
 40
1.0
 10
21.43055935875998
 20
21.72387454555999
 30
0.0
 10
21.61296043921999
 20
21.72387454555999
 30
0.0
 10
21.74474766611999
 20
21.68949525439999
 30
0.0
 10
21.82644601935999
 20
21.62117437250001
 30
0.0
  0
SPLINE
  5
7B3
330
2AF
100
AcDbEntity
  8
03___PRT_ALL_CURVES
  6
Continuous
 62
     4
100
AcDbSpline
210
0.0
220
0.0
230
1.0
 70
     8
 71
     3
 72
     8
 73
     4
 74
     0
 42
0.0000001
 43
0.0000000001
 40
0.0
 40
0.0
 40
0.0
 40
0.0
 40
1.0
 40
1.0
 40
1.0
 40
1.0
 10
21.82644601935999
 20
21.62117437250001
 30
0.0
 10
21.90804913529996
 20
21.55293313230001
 30
0.0
 10
21.94911324163999
 20
21.46793994947998
 30
0.0
 10
21.94911324163999
 20
21.36480215728
 30
0.0
  0
SPLINE
  5
7B4
330
2AF
100
AcDbEntity
  8
03___PRT_ALL_CURVES
  6
Continuous
 62
     4
100
AcDbSpline
210
0.0
220
0.0
230
1.0
 70
     8
 71
     3
 72
     8
 73
     4
 74
     0
 42
0.0000001
 43
0.0000000001
 40
0.0
 40
0.0
 40
0.0
 40
0.0
 40
1.0
 40
1.0
 40
1.0
 40
1.0
 10
21.94911324163999
 20
21.36480215728
 30
0.0
 10
21.94911324163999
 20
21.30368351903999
 30
0.0
 10
21.93192359606002
 20
21.24924969598001
 30
0.0
 10
21.89934543921996
 20
21.20061848768
 30
0.0
  0
SPLINE
  5
7B5
330
2AF
100
AcDbEntity
  8
03___PRT_ALL_CURVES
  6
Continuous
 62
     4
100
AcDbSpline
210
0.0
220
0.0
230
1.0
 70
     8
 71
     3
 72
     8
 73
     4
 74
     0
 42
0.0000001
 43
0.0000000001
 40
0.0
 40
0.0
 40
0.0
 40
0.0
 40
1.0
 40
1.0
 40
1.0
 40
1.0
 10
21.89934543921996
 20
21.20061848768
 30
0.0
 10
21.86603006515998
 20
21.15088679644001
 30
0.0
 10
21.81637113475998
 20
21.10791268375999
 30
0.0
 10
21.74952255877997
 20
21.07162346754001
 30
0.0
  0
SPLINE
  5
7B6
330
2AF
100
AcDbEntity
  8
03___PRT_ALL_CURVES
  6
Continuous
 62
     4
100
AcDbSpline
210
0.0
220
0.0
230
1.0
 70
     8
 71
     3
 72
     8
 73
     4
 74
     0
 42
0.0000001
 43
0.0000000001
 40
0.0
 40
0.0
 40
0.0
 40
0.0
 40
1.0
 40
1.0
 40
1.0
 40
1.0
 10
21.74952255877997
 20
21.07162346754001
 30
0.0
 10
21.80300142057999
 20
21.05825375335999
 30
0.0
 10
21.84502049072
 20
21.04201906903998
 30
0.0
 10
21.87347488135998
 20
21.02450866972001
 30
0.0
  0
SPLINE
  5
7B7
330
2AF
100
AcDbEntity
  8
03___PRT_ALL_CURVES
  6
Continuous
 62
     4
100
AcDbSpline
210
0.0
220
0.0
230
1.0
 70
     8
 71
     3
 72
     8
 73
     4
 74
     0
 42
0.0000001
 43
0.0000000001
 40
0.0
 40
0.0
 40
0.0
 40
0.0
 40
1.0
 40
1.0
 40
1.0
 40
1.0
 10
21.87347488135998
 20
21.02450866972001
 30
0.0
 10
21.91950884313999
 20
20.99618007004
 30
0.0
 10
21.95579814317998
 20
20.95798088812001
 30
0.0
 10
21.98158256710002
 20
20.91118690754001
 30
0.0
  0
SPLINE
  5
7B8
330
2AF
100
AcDbEntity
  8
03___PRT_ALL_CURVES
  6
Continuous
 62
     4
100
AcDbSpline
210
0.0
220
0.0
230
1.0
 70
     8
 71
     3
 72
     8
 73
     4
 74
     0
 42
0.0000001
 43
0.0000000001
 40
0.0
 40
0.0
 40
0.0
 40
0.0
 40
1.0
 40
1.0
 40
1.0
 40
1.0
 10
21.98158256710002
 20
20.91118690754001
 30
0.0
 10
22.00736699609999
 20
20.86439292442003
 30
0.0
 10
22.02073671027998
 20
20.80900409692001
 30
0.0
 10
22.02073671027998
 20
20.74406548664001
 30
0.0
  0
SPLINE
  5
7B9
330
2AF
100
AcDbEntity
  8
03___PRT_ALL_CURVES
  6
Continuous
 62
     4
100
AcDbSpline
210
0.0
220
0.0
230
1.0
 70
     8
 71
     3
 72
     8
 73
     4
 74
     0
 42
0.0000001
 43
0.0000000001
 40
0.0
 40
0.0
 40
0.0
 40
0.0
 40
1.0
 40
1.0
 40
1.0
 40
1.0
 10
22.02073671027998
 20
20.74406548664001
 30
0.0
 10
22.02073671027998
 20
20.66193723077998
 30
0.0
 10
21.99877217203999
 20
20.58362892663999
 30
0.0
 10
21.95639233808001
 20
20.50934517121999
 30
0.0
  0
SPLINE
  5
7BA
330
2AF
100
AcDbEntity
  8
03___PRT_ALL_CURVES
  6
Continuous
 62
     4
100
AcDbSpline
210
0.0
220
0.0
230
1.0
 70
     8
 71
     3
 72
     8
 73
     4
 74
     0
 42
0.0000001
 43
0.0000000001
 40
0.0
 40
0.0
 40
0.0
 40
0.0
 40
1.0
 40
1.0
 40
1.0
 40
1.0
 10
21.95639233808001
 20
20.50934517121999
 30
0.0
 10
21.91377898921999
 20
20.43465211257998
 30
0.0
 10
21.85266035097999
 20
20.37639836066
 30
0.0
 10
21.77225152525997
 20
20.33667257777998
 30
0.0
  0
SPLINE
  5
7BB
330
2AF
100
AcDbEntity
  8
03___PRT_ALL_CURVES
  6
Continuous
 62
     4
100
AcDbSpline
210
0.0
220
0.0
230
1.0
 70
     8
 71
     3
 72
     8
 73
     4
 74
     0
 42
0.0000001
 43
0.0000000001
 40
0.0
 40
0.0
 40
0.0
 40
0.0
 40
1.0
 40
1.0
 40
1.0
 40
1.0
 10
21.77225152525997
 20
20.33667257777998
 30
0.0
 10
21.69222376812002
 20
20.29713506224002
 30
0.0
 10
21.58622100832002
 20
20.27612551320001
 30
0.0
 10
21.45634382840001
 20
20.27612551320001
 30
0.0
  0
SPLINE
  5
7BC
330
2AF
100
AcDbEntity
  8
03___PRT_ALL_CURVES
  6
Continuous
 62
     4
100
AcDbSpline
210
0.0
220
0.0
230
1.0
 70
     8
 71
     3
 72
     8
 73
     4
 74
     0
 42
0.0000001
 43
0.0000000001
 40
0.0
 40
0.0
 40
0.0
 40
0.0
 40
1.0
 40
1.0
 40
1.0
 40
1.0
 10
21.45634382840001
 20
20.27612551320001
 30
0.0
 10
21.32837657099998
 20
20.27612551320001
 30
0.0
 10
21.22810370829998
 20
20.29140518292002
 30
0.0
 10
21.15457027649998
 20
20.32100955094
 30
0.0
  0
SPLINE
  5
7BD
330
2AF
100
AcDbEntity
  8
03___PRT_ALL_CURVES
  6
Continuous
 62
     4
100
AcDbSpline
210
0.0
220
0.0
230
1.0
 70
     8
 71
     3
 72
     8
 73
     4
 74
     0
 42
0.0000001
 43
0.0000000001
 40
0.0
 40
0.0
 40
0.0
 40
0.0
 40
1.0
 40
1.0
 40
1.0
 40
1.0
 10
21.15457027649998
 20
20.32100955094
 30
0.0
 10
21.08103686247998
 20
20.35061391388001
 30
0.0
 10
21.02087314232
 20
20.39454297766
 30
0.0
 10
20.97312415984001
 20
20.45184175308
 30
0.0
  0
SPLINE
  5
7BE
330
2AF
100
AcDbEntity
  8
03___PRT_ALL_CURVES
  6
Continuous
 62
     4
100
AcDbSpline
210
0.0
220
0.0
230
1.0
 70
     8
 71
     3
 72
     8
 73
     4
 74
     0
 42
0.0000001
 43
0.0000000001
 40
0.0
 40
0.0
 40
0.0
 40
0.0
 40
1.0
 40
1.0
 40
1.0
 40
1.0
 10
20.97312415984001
 20
20.45184175308
 30
0.0
 10
20.9253751926
 20
20.50914050818
 30
0.0
 10
20.88908596621999
 20
20.58171896094001
 30
0.0
 10
20.86425649594003
 20
20.66957709104
 30
0.0
  0
SPLINE
  5
7BF
330
2AF
100
AcDbEntity
  8
03___PRT_ALL_CURVES
  6
Continuous
 62
     4
100
AcDbSpline
210
0.0
220
0.0
230
1.0
 70
     8
 71
     3
 72
     8
 73
     4
 74
     0
 42
0.0000001
 43
0.0000000001
 40
0.0
 40
0.0
 40
0.0
 40
0.0
 40
1.0
 40
1.0
 40
1.0
 40
1.0
 10
21.2529331735
 20
20.72114598714001
 30
0.0
 10
21.26821285338002
 20
20.64283766014
 30
0.0
 10
21.29113235288
 20
20.58840381676001
 30
0.0
 10
21.32360164786002
 20
20.55784448748
 30
0.0
  0
SPLINE
  5
7C0
330
2AF
100
AcDbEntity
  8
03___PRT_ALL_CURVES
  6
Continuous
 62
     4
100
AcDbSpline
210
0.0
220
0.0
230
1.0
 70
     8
 71
     3
 72
     8
 73
     4
 74
     0
 42
0.0000001
 43
0.0000000001
 40
0.0
 40
0.0
 40
0.0
 40
0.0
 40
1.0
 40
1.0
 40
1.0
 40
1.0
 10
21.32360164786002
 20
20.55784448748
 30
0.0
 10
21.35607096315999
 20
20.52728513788003
 30
0.0
 10
21.39713507203999
 20
20.51296043958001
 30
0.0
 10
21.44679400244001
 20
20.51296043958001
 30
0.0
  0
SPLINE
  5
7C1
330
2AF
100
AcDbEntity
  8
03___PRT_ALL_CURVES
  6
Continuous
 62
     4
100
AcDbSpline
210
0.0
220
0.0
230
1.0
 70
     8
 71
     3
 72
     8
 73
     4
 74
     0
 42
0.0000001
 43
0.0000000001
 40
0.0
 40
0.0
 40
0.0
 40
0.0
 40
1.0
 40
1.0
 40
1.0
 40
1.0
 10
21.44679400244001
 20
20.51296043958001
 30
0.0
 10
21.49836293918
 20
20.51296043958001
 30
0.0
 10
21.54229193184
 20
20.53206003054001
 30
0.0
 10
21.57667122300001
 20
20.57025920992001
 30
0.0
  0
SPLINE
  5
7C2
330
2AF
100
AcDbEntity
  8
03___PRT_ALL_CURVES
  6
Continuous
 62
     4
100
AcDbSpline
210
0.0
220
0.0
230
1.0
 70
     8
 71
     3
 72
     8
 73
     4
 74
     0
 42
0.0000001
 43
0.0000000001
 40
0.0
 40
0.0
 40
0.0
 40
0.0
 40
1.0
 40
1.0
 40
1.0
 40
1.0
 10
21.57667122300001
 20
20.57025920992001
 30
0.0
 10
21.61105051416001
 20
20.60845839184
 30
0.0
 10
21.62919512354
 20
20.65907230382001
 30
0.0
 10
21.62919512354
 20
20.72305595283999
 30
0.0
  0
SPLINE
  5
7C3
330
2AF
100
AcDbEntity
  8
03___PRT_ALL_CURVES
  6
Continuous
 62
     4
100
AcDbSpline
210
0.0
220
0.0
230
1.0
 70
     8
 71
     3
 72
     8
 73
     4
 74
     0
 42
0.0000001
 43
0.0000000001
 40
0.0
 40
0.0
 40
0.0
 40
0.0
 40
1.0
 40
1.0
 40
1.0
 40
1.0
 10
21.62919512354
 20
20.72305595283999
 30
0.0
 10
21.62919512354
 20
20.78799456312001
 30
0.0
 10
21.61200547796003
 20
20.83765349352001
 30
0.0
 10
21.57834230169999
 20
20.87372117856
 30
0.0
  0
SPLINE
  5
7C4
330
2AF
100
AcDbEntity
  8
03___PRT_ALL_CURVES
  6
Continuous
 62
     4
100
AcDbSpline
210
0.0
220
0.0
230
1.0
 70
     8
 71
     3
 72
     8
 73
     4
 74
     0
 42
0.0000001
 43
0.0000000001
 40
0.0
 40
0.0
 40
0.0
 40
0.0
 40
1.0
 40
1.0
 40
1.0
 40
1.0
 10
21.57834230169999
 20
20.87372117856
 30
0.0
 10
21.54515690197999
 20
20.90927696215999
 30
0.0
 10
21.50027286423997
 20
20.92742156900002
 30
0.0
 10
21.44297411421996
 20
20.92742156900002
 30
0.0
  0
SPLINE
  5
7C5
330
2AF
100
AcDbEntity
  8
03___PRT_ALL_CURVES
  6
Continuous
 62
     4
100
AcDbSpline
210
0.0
220
0.0
230
1.0
 70
     8
 71
     3
 72
     8
 73
     4
 74
     0
 42
0.0000001
 43
0.0000000001
 40
0.0
 40
0.0
 40
0.0
 40
0.0
 40
1.0
 40
1.0
 40
1.0
 40
1.0
 10
21.44297411421996
 20
20.92742156900002
 30
0.0
 10
21.41241475191998
 20
20.92742156900002
 30
0.0
 10
21.37039564113999
 20
20.91978170874
 30
0.0
 10
21.31691677933998
 20
20.90450202885998
 30
0.0
  0
LINE
  5
7C6
330
2AF
100
AcDbEntity
  8
03___PRT_ALL_CURVES
  6
Continuous
 62
     4
100
AcDbLine
 10
21.33697135442
 20
21.18240112000001
 30
0.0
 11
21.38758528671997
 21
21.17762622734
 31
0.0
  0
SPLINE
  5
7C7
330
2AF
100
AcDbEntity
  8
03___PRT_ALL_CURVES
  6
Continuous
 62
     4
100
AcDbSpline
210
0.0
220
0.0
230
1.0
 70
     8
 71
     3
 72
     8
 73
     4
 74
     0
 42
0.0000001
 43
0.0000000001
 40
0.0
 40
0.0
 40
0.0
 40
0.0
 40
1.0
 40
1.0
 40
1.0
 40
1.0
 10
21.38758528671997
 20
21.17762622734
 30
0.0
 10
21.43819917838002
 20
21.17762622734
 30
0.0
 10
21.48021828916001
 20
21.19386082783998
 30
0.0
 10
21.51459752951999
 20
21.22633012535999
 30
0.0
  0
SPLINE
  5
7C8
330
2AF
100
AcDbEntity
  8
03___PRT_ALL_CURVES
  6
Continuous
 62
     4
100
AcDbSpline
210
0.0
220
0.0
230
1.0
 70
     8
 71
     3
 72
     8
 73
     4
 74
     0
 42
0.0000001
 43
0.0000000001
 40
0.0
 40
0.0
 40
0.0
 40
0.0
 40
1.0
 40
1.0
 40
1.0
 40
1.0
 10
21.51459752951999
 20
21.22633012535999
 30
0.0
 10
21.54897683083999
 20
21.25879948129997
 30
0.0
 10
21.56616647642002
 20
21.29699862004
 30
0.0
 10
21.56616647642002
 20
21.34188265778002
 30
0.0
  0
SPLINE
  5
7C9
330
2AF
100
AcDbEntity
  8
03___PRT_ALL_CURVES
  6
Continuous
 62
     4
100
AcDbSpline
210
0.0
220
0.0
230
1.0
 70
     8
 71
     3
 72
     8
 73
     4
 74
     0
 42
0.0000001
 43
0.0000000001
 40
0.0
 40
0.0
 40
0.0
 40
0.0
 40
1.0
 40
1.0
 40
1.0
 40
1.0
 10
21.56616647642002
 20
21.34188265778002
 30
0.0
 10
21.56616647642002
 20
21.38390180920001
 30
0.0
 10
21.55279676224001
 20
21.41828101908001
 30
0.0
 10
21.52748524821999
 20
21.44359248992001
 30
0.0
  0
SPLINE
  5
7CA
330
2AF
100
AcDbEntity
  8
03___PRT_ALL_CURVES
  6
Continuous
 62
     4
100
AcDbSpline
210
0.0
220
0.0
230
1.0
 70
     8
 71
     3
 72
     8
 73
     4
 74
     0
 42
0.0000001
 43
0.0000000001
 40
0.0
 40
0.0
 40
0.0
 40
0.0
 40
1.0
 40
1.0
 40
1.0
 40
1.0
 10
21.52748524821999
 20
21.44359248992001
 30
0.0
 10
21.50218278675999
 20
21.46889491074
 30
0.0
 10
21.46684857497999
 20
21.48226462491999
 30
0.0
 10
21.42291954167996
 20
21.48226462491999
 30
0.0
  0
SPLINE
  5
7CB
330
2AF
100
AcDbEntity
  8
03___PRT_ALL_CURVES
  6
Continuous
 62
     4
100
AcDbSpline
210
0.0
220
0.0
230
1.0
 70
     8
 71
     3
 72
     8
 73
     4
 74
     0
 42
0.0000001
 43
0.0000000001
 40
0.0
 40
0.0
 40
0.0
 40
0.0
 40
1.0
 40
1.0
 40
1.0
 40
1.0
 10
21.42291954167996
 20
21.48226462491999
 30
0.0
 10
21.37708049950001
 20
21.48226462491999
 30
0.0
 10
21.33983632201998
 20
21.46793994947998
 30
0.0
 10
21.31118692542
 20
21.44024555732
 30
0.0
  0
SPLINE
  5
7CC
330
2AF
100
AcDbEntity
  8
03___PRT_ALL_CURVES
  6
Continuous
 62
     4
100
AcDbSpline
210
0.0
220
0.0
230
1.0
 70
     8
 71
     3
 72
     8
 73
     4
 74
     0
 42
0.0000001
 43
0.0000000001
 40
0.0
 40
0.0
 40
0.0
 40
0.0
 40
1.0
 40
1.0
 40
1.0
 40
1.0
 10
21.31118692542
 20
21.44024555732
 30
0.0
 10
21.28253753135999
 20
21.41255116516001
 30
0.0
 10
21.26248295882002
 20
21.36384719602
 30
0.0
 10
21.2529331735
 20
21.29508869498
 30
0.0
  0
SPLINE
  5
7CD
330
2AF
100
AcDbEntity
  8
03___PRT_ALL_CURVES
  6
Continuous
 62
     4
100
AcDbSpline
210
0.0
220
0.0
230
1.0
 70
     8
 71
     3
 72
     8
 73
     4
 74
     0
 42
0.0000001
 43
0.0000000001
 40
0.0
 40
0.0
 40
0.0
 40
0.0
 40
1.0
 40
1.0
 40
1.0
 40
1.0
 10
22.91937251523998
 20
21.33710776512001
 30
0.0
 10
22.90886760356
 20
21.39058662692003
 30
0.0
 10
22.89167812307997
 20
21.42878584947999
 30
0.0
 10
22.86756396251999
 20
21.45145310666001
 30
0.0
  0
SPLINE
  5
7CE
330
2AF
100
AcDbEntity
  8
03___PRT_ALL_CURVES
  6
Continuous
 62
     4
100
AcDbSpline
210
0.0
220
0.0
230
1.0
 70
     8
 71
     3
 72
     8
 73
     4
 74
     0
 42
0.0000001
 43
0.0000000001
 40
0.0
 40
0.0
 40
0.0
 40
0.0
 40
1.0
 40
1.0
 40
1.0
 40
1.0
 10
22.86756396251999
 20
21.45145310666001
 30
0.0
 10
22.84392903392001
 20
21.47366988722001
 30
0.0
 10
22.81432471669996
 20
21.48512959505999
 30
0.0
 10
22.77994542554001
 20
21.48512959505999
 30
0.0
  0
SPLINE
  5
7CF
330
2AF
100
AcDbEntity
  8
03___PRT_ALL_CURVES
  6
Continuous
 62
     4
100
AcDbSpline
210
0.0
220
0.0
230
1.0
 70
     8
 71
     3
 72
     8
 73
     4
 74
     0
 42
0.0000001
 43
0.0000000001
 40
0.0
 40
0.0
 40
0.0
 40
0.0
 40
1.0
 40
1.0
 40
1.0
 40
1.0
 10
22.77994542554001
 20
21.48512959505999
 30
0.0
 10
22.71691678095999
 20
21.48512959505999
 30
0.0
 10
22.66725793438002
 20
21.45266031023999
 30
0.0
 10
22.63253158269998
 20
21.38982221392001
 30
0.0
  0
SPLINE
  5
7D0
330
2AF
100
AcDbEntity
  8
03___PRT_ALL_CURVES
  6
Continuous
 62
     4
100
AcDbSpline
210
0.0
220
0.0
230
1.0
 70
     8
 71
     3
 72
     8
 73
     4
 74
     0
 42
0.0000001
 43
0.0000000001
 40
0.0
 40
0.0
 40
0.0
 40
0.0
 40
1.0
 40
1.0
 40
1.0
 40
1.0
 10
22.63253158269998
 20
21.38982221392001
 30
0.0
 10
22.60709417357998
 20
21.34379266412
 30
0.0
 10
22.58799460293997
 20
21.24542976712002
 30
0.0
 10
22.57653472999996
 20
21.09549793084
 30
0.0
  0
SPLINE
  5
7D1
330
2AF
100
AcDbEntity
  8
03___PRT_ALL_CURVES
  6
Continuous
 62
     4
100
AcDbSpline
210
0.0
220
0.0
230
1.0
 70
     8
 71
     3
 72
     8
 73
     4
 74
     0
 42
0.0000001
 43
0.0000000001
 40
0.0
 40
0.0
 40
0.0
 40
0.0
 40
1.0
 40
1.0
 40
1.0
 40
1.0
 10
22.57653472999996
 20
21.09549793084
 30
0.0
 10
22.62237389663997
 20
21.14229197492
 30
0.0
 10
22.67012281816
 20
21.17667118225998
 30
0.0
 10
22.71969680842
 20
21.19977365574002
 30
0.0
  0
SPLINE
  5
7D2
330
2AF
100
AcDbEntity
  8
03___PRT_ALL_CURVES
  6
Continuous
 62
     4
100
AcDbSpline
210
0.0
220
0.0
230
1.0
 70
     8
 71
     3
 72
     8
 73
     4
 74
     0
 42
0.0000001
 43
0.0000000001
 40
0.0
 40
0.0
 40
0.0
 40
0.0
 40
1.0
 40
1.0
 40
1.0
 40
1.0
 10
22.71969680842
 20
21.19977365574002
 30
0.0
 10
22.76848571769997
 20
21.22251026507999
 30
0.0
 10
22.82482946328
 20
21.23396997546001
 30
0.0
 10
22.88976803291999
 20
21.23396997546001
 30
0.0
  0
SPLINE
  5
7D3
330
2AF
100
AcDbEntity
  8
03___PRT_ALL_CURVES
  6
Continuous
 62
     4
100
AcDbSpline
210
0.0
220
0.0
230
1.0
 70
     8
 71
     3
 72
     8
 73
     4
 74
     0
 42
0.0000001
 43
0.0000000001
 40
0.0
 40
0.0
 40
0.0
 40
0.0
 40
1.0
 40
1.0
 40
1.0
 40
1.0
 10
22.88976803291999
 20
21.23396997546001
 30
0.0
 10
23.01391539956001
 20
21.23396997546001
 30
0.0
 10
23.11991815935997
 20
21.18908593518
 30
0.0
 10
23.20562808700001
 20
21.10004282396002
 30
0.0
  0
SPLINE
  5
7D4
330
2AF
100
AcDbEntity
  8
03___PRT_ALL_CURVES
  6
Continuous
 62
     4
100
AcDbSpline
210
0.0
220
0.0
230
1.0
 70
     8
 71
     3
 72
     8
 73
     4
 74
     0
 42
0.0000001
 43
0.0000000001
 40
0.0
 40
0.0
 40
0.0
 40
0.0
 40
1.0
 40
1.0
 40
1.0
 40
1.0
 10
23.20562808700001
 20
21.10004282396002
 30
0.0
 10
23.29181445006
 20
21.01050474548001
 30
0.0
 10
23.33574352653997
 20
20.89781717049999
 30
0.0
 10
23.33574352653997
 20
20.76125513222001
 30
0.0
  0
SPLINE
  5
7D5
330
2AF
100
AcDbEntity
  8
03___PRT_ALL_CURVES
  6
Continuous
 62
     4
100
AcDbSpline
210
0.0
220
0.0
230
1.0
 70
     8
 71
     3
 72
     8
 73
     4
 74
     0
 42
0.0000001
 43
0.0000000001
 40
0.0
 40
0.0
 40
0.0
 40
0.0
 40
1.0
 40
1.0
 40
1.0
 40
1.0
 10
23.33574352653997
 20
20.76125513222001
 30
0.0
 10
23.33574352653997
 20
20.66862208914
 30
0.0
 10
23.31377907212001
 20
20.58458390822
 30
0.0
 10
23.26984999817998
 20
20.50818554692
 30
0.0
  0
SPLINE
  5
7D6
330
2AF
100
AcDbEntity
  8
03___PRT_ALL_CURVES
  6
Continuous
 62
     4
100
AcDbSpline
210
0.0
220
0.0
230
1.0
 70
     8
 71
     3
 72
     8
 73
     4
 74
     0
 42
0.0000001
 43
0.0000000001
 40
0.0
 40
0.0
 40
0.0
 40
0.0
 40
1.0
 40
1.0
 40
1.0
 40
1.0
 10
23.26984999817998
 20
20.50818554692
 30
0.0
 10
23.22592092169995
 20
20.43178717546002
 30
0.0
 10
23.16575716090003
 20
20.37353342354001
 30
0.0
 10
23.08821183465997
 20
20.33476075025999
 30
0.0
  0
SPLINE
  5
7D7
330
2AF
100
AcDbEntity
  8
03___PRT_ALL_CURVES
  6
Continuous
 62
     4
100
AcDbSpline
210
0.0
220
0.0
230
1.0
 70
     8
 71
     3
 72
     8
 73
     4
 74
     0
 42
0.0000001
 43
0.0000000001
 40
0.0
 40
0.0
 40
0.0
 40
0.0
 40
1.0
 40
1.0
 40
1.0
 40
1.0
 10
23.08821183465997
 20
20.33476075025999
 30
0.0
 10
23.01105051577997
 20
20.29618008066001
 30
0.0
 10
22.91459753875998
 20
20.27612551320001
 30
0.0
 10
22.79809003238
 20
20.27612551320001
 30
0.0
  0
SPLINE
  5
7D8
330
2AF
100
AcDbEntity
  8
03___PRT_ALL_CURVES
  6
Continuous
 62
     4
100
AcDbSpline
210
0.0
220
0.0
230
1.0
 70
     8
 71
     3
 72
     8
 73
     4
 74
     0
 42
0.0000001
 43
0.0000000001
 40
0.0
 40
0.0
 40
0.0
 40
0.0
 40
1.0
 40
1.0
 40
1.0
 40
1.0
 10
22.79809003238
 20
20.27612551320001
 30
0.0
 10
22.65770814906
 20
20.27612551320001
 30
0.0
 10
22.54502049025999
 20
20.29999999935998
 30
0.0
 10
22.46086655138001
 20
20.34754458803999
 30
0.0
  0
SPLINE
  5
7D9
330
2AF
100
AcDbEntity
  8
03___PRT_ALL_CURVES
  6
Continuous
 62
     4
100
AcDbSpline
210
0.0
220
0.0
230
1.0
 70
     8
 71
     3
 72
     8
 73
     4
 74
     0
 42
0.0000001
 43
0.0000000001
 40
0.0
 40
0.0
 40
0.0
 40
0.0
 40
1.0
 40
1.0
 40
1.0
 40
1.0
 10
22.46086655138001
 20
20.34754458803999
 30
0.0
 10
22.37598908334002
 20
20.39549795162
 30
0.0
 10
22.30818562992002
 20
20.47094133896002
 30
0.0
 10
22.25757165697999
 20
20.57598908669999
 30
0.0
  0
SPLINE
  5
7DA
330
2AF
100
AcDbEntity
  8
03___PRT_ALL_CURVES
  6
Continuous
 62
     4
100
AcDbSpline
210
0.0
220
0.0
230
1.0
 70
     8
 71
     3
 72
     8
 73
     4
 74
     0
 42
0.0000001
 43
0.0000000001
 40
0.0
 40
0.0
 40
0.0
 40
0.0
 40
1.0
 40
1.0
 40
1.0
 40
1.0
 10
22.25757165697999
 20
20.57598908669999
 30
0.0
 10
22.20695767895998
 20
20.68103684206
 30
0.0
 10
22.1821282544
 20
20.81950888668001
 30
0.0
 10
22.1821282544
 20
20.99236017928001
 30
0.0
  0
SPLINE
  5
7DB
330
2AF
100
AcDbEntity
  8
03___PRT_ALL_CURVES
  6
Continuous
 62
     4
100
AcDbSpline
210
0.0
220
0.0
230
1.0
 70
     8
 71
     3
 72
     8
 73
     4
 74
     0
 42
0.0000001
 43
0.0000000001
 40
0.0
 40
0.0
 40
0.0
 40
0.0
 40
1.0
 40
1.0
 40
1.0
 40
1.0
 10
22.1821282544
 20
20.99236017928001
 30
0.0
 10
22.1821282544
 20
21.2444747195
 30
0.0
 10
22.23465207112
 20
21.42974081074001
 30
0.0
 10
22.34134795627998
 20
21.54744116462001
 30
0.0
  0
SPLINE
  5
7DC
330
2AF
100
AcDbEntity
  8
03___PRT_ALL_CURVES
  6
Continuous
 62
     4
100
AcDbSpline
210
0.0
220
0.0
230
1.0
 70
     8
 71
     3
 72
     8
 73
     4
 74
     0
 42
0.0000001
 43
0.0000000001
 40
0.0
 40
0.0
 40
0.0
 40
0.0
 40
1.0
 40
1.0
 40
1.0
 40
1.0
 10
22.34134795627998
 20
21.54744116462001
 30
0.0
 10
22.44761255198
 20
21.66466574602001
 30
0.0
 10
22.59467933684002
 20
21.72387454555999
 30
0.0
 10
22.78376544075996
 20
21.72387454555999
 30
0.0
  0
SPLINE
  5
7DD
330
2AF
100
AcDbEntity
  8
03___PRT_ALL_CURVES
  6
Continuous
 62
     4
100
AcDbSpline
210
0.0
220
0.0
230
1.0
 70
     8
 71
     3
 72
     8
 73
     4
 74
     0
 42
0.0000001
 43
0.0000000001
 40
0.0
 40
0.0
 40
0.0
 40
0.0
 40
1.0
 40
1.0
 40
1.0
 40
1.0
 10
22.78376544075996
 20
21.72387454555999
 30
0.0
 10
22.8945430094
 20
21.72387454555999
 30
0.0
 10
22.98240116235999
 20
21.71050474501999
 30
0.0
 10
23.04733971675998
 20
21.68472032618001
 30
0.0
  0
SPLINE
  5
7DE
330
2AF
100
AcDbEntity
  8
03___PRT_ALL_CURVES
  6
Continuous
 62
     4
100
AcDbSpline
210
0.0
220
0.0
230
1.0
 70
     8
 71
     3
 72
     8
 73
     4
 74
     0
 42
0.0000001
 43
0.0000000001
 40
0.0
 40
0.0
 40
0.0
 40
0.0
 40
1.0
 40
1.0
 40
1.0
 40
1.0
 10
23.04733971675998
 20
21.68472032618001
 30
0.0
 10
23.11227829909998
 20
21.6589358921
 30
0.0
 10
23.16575716090003
 20
21.62169171462003
 30
0.0
 10
23.20845631857998
 20
21.57179608415998
 30
0.0
  0
SPLINE
  5
7DF
330
2AF
100
AcDbEntity
  8
03___PRT_ALL_CURVES
  6
Continuous
 62
     4
100
AcDbSpline
210
0.0
220
0.0
230
1.0
 70
     8
 71
     3
 72
     8
 73
     4
 74
     0
 42
0.0000001
 43
0.0000000001
 40
0.0
 40
0.0
 40
0.0
 40
0.0
 40
1.0
 40
1.0
 40
1.0
 40
1.0
 10
23.20845631857998
 20
21.57179608415998
 30
0.0
 10
23.25075042754
 20
21.52237377253999
 30
0.0
 10
23.28321962854
 20
21.45934512542001
 30
0.0
 10
23.30613921186
 20
21.384856773
 30
0.0
  0
SPLINE
  5
7E0
330
2AF
100
AcDbEntity
  8
03___PRT_ALL_CURVES
  6
Continuous
 62
     4
100
AcDbSpline
210
0.0
220
0.0
230
1.0
 70
     8
 71
     3
 72
     8
 73
     4
 74
     0
 42
0.0000001
 43
0.0000000001
 40
0.0
 40
0.0
 40
0.0
 40
0.0
 40
1.0
 40
1.0
 40
1.0
 40
1.0
 10
22.58990452800001
 20
20.76125513222001
 30
0.0
 10
22.58990452800001
 20
20.68485677092002
 30
0.0
 10
22.60900409609999
 20
20.62564801456
 30
0.0
 10
22.6472032831
 20
20.58267398316002
 30
0.0
  0
SPLINE
  5
7E1
330
2AF
100
AcDbEntity
  8
03___PRT_ALL_CURVES
  6
Continuous
 62
     4
100
AcDbSpline
210
0.0
220
0.0
230
1.0
 70
     8
 71
     3
 72
     8
 73
     4
 74
     0
 42
0.0000001
 43
0.0000000001
 40
0.0
 40
0.0
 40
0.0
 40
0.0
 40
1.0
 40
1.0
 40
1.0
 40
1.0
 10
22.6472032831
 20
20.58267398316002
 30
0.0
 10
22.68540254121999
 20
20.53969987048001
 30
0.0
 10
22.73219650402001
 20
20.51869031382
 30
0.0
 10
22.78758528834001
 20
20.51869031382
 30
0.0
  0
SPLINE
  5
7E2
330
2AF
100
AcDbEntity
  8
03___PRT_ALL_CURVES
  6
Continuous
 62
     4
100
AcDbSpline
210
0.0
220
0.0
230
1.0
 70
     8
 71
     3
 72
     8
 73
     4
 74
     0
 42
0.0000001
 43
0.0000000001
 40
0.0
 40
0.0
 40
0.0
 40
0.0
 40
1.0
 40
1.0
 40
1.0
 40
1.0
 10
22.78758528834001
 20
20.51869031382
 30
0.0
 10
22.83819926382003
 20
20.51869031382
 30
0.0
 10
22.88117321140001
 20
20.53778990478
 30
0.0
 10
22.91579024147998
 20
20.57673403568
 30
0.0
  0
SPLINE
  5
7E3
330
2AF
100
AcDbEntity
  8
03___PRT_ALL_CURVES
  6
Continuous
 62
     4
100
AcDbSpline
210
0.0
220
0.0
230
1.0
 70
     8
 71
     3
 72
     8
 73
     4
 74
     0
 42
0.0000001
 43
0.0000000001
 40
0.0
 40
0.0
 40
0.0
 40
0.0
 40
1.0
 40
1.0
 40
1.0
 40
1.0
 10
22.91579024147998
 20
20.57673403568
 30
0.0
 10
22.94993179371997
 20
20.61514324766
 30
0.0
 10
22.9671214393
 20
20.67339697926002
 30
0.0
 10
22.9671214393
 20
20.750750345
 30
0.0
  0
SPLINE
  5
7E4
330
2AF
100
AcDbEntity
  8
03___PRT_ALL_CURVES
  6
Continuous
 62
     4
100
AcDbSpline
210
0.0
220
0.0
230
1.0
 70
     8
 71
     3
 72
     8
 73
     4
 74
     0
 42
0.0000001
 43
0.0000000001
 40
0.0
 40
0.0
 40
0.0
 40
0.0
 40
1.0
 40
1.0
 40
1.0
 40
1.0
 10
22.9671214393
 20
20.750750345
 30
0.0
 10
22.9671214393
 20
20.829058672
 30
0.0
 10
22.94897683246
 20
20.88922238962002
 30
0.0
 10
22.91312984039999
 20
20.93080489726
 30
0.0
  0
SPLINE
  5
7E5
330
2AF
100
AcDbEntity
  8
03___PRT_ALL_CURVES
  6
Continuous
 62
     4
100
AcDbSpline
210
0.0
220
0.0
230
1.0
 70
     8
 71
     3
 72
     8
 73
     4
 74
     0
 42
0.0000001
 43
0.0000000001
 40
0.0
 40
0.0
 40
0.0
 40
0.0
 40
1.0
 40
1.0
 40
1.0
 40
1.0
 10
22.91312984039999
 20
20.93080489726
 30
0.0
 10
22.87735336381999
 20
20.97230560674001
 30
0.0
 10
22.83342428734002
 20
20.99331514308
 30
0.0
 10
22.78090038679997
 20
20.99331514308
 30
0.0
  0
SPLINE
  5
7E6
330
2AF
100
AcDbEntity
  8
03___PRT_ALL_CURVES
  6
Continuous
 62
     4
100
AcDbSpline
210
0.0
220
0.0
230
1.0
 70
     8
 71
     3
 72
     8
 73
     4
 74
     0
 42
0.0000001
 43
0.0000000001
 40
0.0
 40
0.0
 40
0.0
 40
0.0
 40
1.0
 40
1.0
 40
1.0
 40
1.0
 10
22.78090038679997
 20
20.99331514308
 30
0.0
 10
22.72646656627998
 20
20.99331514308
 30
0.0
 10
22.68062756473998
 20
20.97326057053999
 30
0.0
 10
22.64433835106001
 20
20.93315142292002
 30
0.0
  0
SPLINE
  5
7E7
330
2AF
100
AcDbEntity
  8
03___PRT_ALL_CURVES
  6
Continuous
 62
     4
100
AcDbSpline
210
0.0
220
0.0
230
1.0
 70
     8
 71
     3
 72
     8
 73
     4
 74
     0
 42
0.0000001
 43
0.0000000001
 40
0.0
 40
0.0
 40
0.0
 40
0.0
 40
1.0
 40
1.0
 40
1.0
 40
1.0
 10
22.64433835106001
 20
20.93315142292002
 30
0.0
 10
22.60804913484
 20
20.89304227783998
 30
0.0
 10
22.58990452800001
 20
20.83574352782
 30
0.0
 10
22.58990452800001
 20
20.76125513222001
 30
0.0
  0
LINE
  5
7EC
330
2AF
100
AcDbEntity
  8
02___PRT_ALL_AXES
  6
Continuous
 62
     7
100
AcDbLine
 10
32.00000000038003
 20
0.0
 30
0.0
 11
0.0
 21
0.0
 31
0.0
  0
LINE
  5
7ED
330
2AF
100
AcDbEntity
  8
06___PRT_ALL_SURFS
  6
Continuous
 62
     7
100
AcDbLine
 10
32.00000000038003
 20
0.0
 30
0.0
 11
0.0
 21
0.0
 31
0.0
  0
LINE
  5
7EE
330
2AF
100
AcDbEntity
  8
0
  6
Continuous
 62
     7
100
AcDbLine
 10
16.39999999902
 20
1.649999999460007
 30
0.0
 11
15.59999999882001
 21
1.649999999460007
 31
0.0
  0
LINE
  5
7EF
330
2AF
100
AcDbEntity
  8
0
  6
Continuous
 62
     7
100
AcDbLine
 10
17.74999999904
 20
2.999999999479996
 30
0.0
 11
16.39999999902
 21
2.999999999479996
 31
0.0
  0
LINE
  5
7F0
330
2AF
100
AcDbEntity
  8
0
  6
Continuous
 62
     7
100
AcDbLine
 10
14.24999999879995
 20
2.999999999479996
 30
0.0
 11
15.59999999882001
 21
2.999999999479996
 31
0.0
  0
LINE
  5
7F1
330
2AF
100
AcDbEntity
  8
0
  6
Continuous
 62
     7
100
AcDbLine
 10
14.24999999879995
 20
3.799999999680011
 30
0.0
 11
15.59999999882001
 21
3.799999999680011
 31
0.0
  0
LINE
  5
7F2
330
2AF
100
AcDbEntity
  8
0
  6
Continuous
 62
     7
100
AcDbLine
 10
16.39999999902
 20
3.799999999680011
 30
0.0
 11
17.74999999904
 21
3.799999999680011
 31
0.0
  0
LINE
  5
7F3
330
2AF
100
AcDbEntity
  8
0
  6
Continuous
 62
     7
100
AcDbLine
 10
15.59999999882001
 20
5.149999999700015
 30
0.0
 11
16.39999999902
 21
5.149999999700015
 31
0.0
  0
LINE
  5
7F4
330
2AF
100
AcDbEntity
  8
0
  6
Continuous
 62
     7
100
AcDbLine
 10
32.25000000075997
 20
5.999999998960021
 30
0.0
 11
-0.2500000003800267
 21
5.999999998960021
 31
0.0
  0
LINE
  5
7F5
330
2AF
100
AcDbEntity
  8
06___PRT_ALL_SURFS
  6
Continuous
 62
     7
100
AcDbLine
 10
0.0
 20
6.799999999160008
 30
0.0
 11
32.00000000038003
 21
6.799999999160008
 31
0.0
  0
LINE
  5
7F6
330
2AF
100
AcDbEntity
  8
0
  6
Continuous
 62
     7
100
AcDbLine
 10
32.25000000075997
 20
12.40000000056001
 30
0.0
 11
-0.2500000003800267
 21
12.40000000056001
 31
0.0
  0
LINE
  5
7F7
330
2AF
100
AcDbEntity
  8
0
  6
Continuous
 62
     7
100
AcDbLine
 10
32.25000000075997
 20
12.99999999944001
 30
0.0
 11
-0.2500000003800267
 21
12.99999999944001
 31
0.0
  0
LINE
  5
7F8
330
2AF
100
AcDbEntity
  8
02___PRT_ALL_AXES
  6
Continuous
 62
     7
100
AcDbLine
 10
7.899999998799956
 20
15.14999999966001
 30
0.0
 11
17.59999999932
 21
15.14999999966001
 31
0.0
  0
LINE
  5
7F9
330
2AF
100
AcDbEntity
  8
0
  6
Continuous
 62
     7
100
AcDbLine
 10
17.99999999942
 20
15.75000000616001
 30
0.0
 11
7.500000001239982
 21
15.75000000616001
 31
0.0
  0
LINE
  5
7FA
330
2AF
100
AcDbEntity
  8
03___PRT_ALL_CURVES
  6
Continuous
 62
     4
100
AcDbLine
 10
21.2529331735
 20
20.72114598714001
 30
0.0
 11
20.86425649594003
 21
20.66957709104
 31
0.0
  0
LINE
  5
7FB
330
2AF
100
AcDbEntity
  8
02___PRT_ALL_AXES
  6
Continuous
 62
     7
100
AcDbLine
 10
18.60000000084
 20
17.04337567188001
 30
0.0
 11
17.99999999942
 21
17.04337567188001
 31
0.0
  0
LINE
  5
7FC
330
2AF
100
AcDbEntity
  8
02___PRT_ALL_AXES
  6
Continuous
 62
     7
100
AcDbLine
 10
18.60000000084
 20
18.48675134493999
 30
0.0
 11
17.99999999942
 21
18.48675134493999
 31
0.0
  0
LINE
  5
7FD
330
2AF
100
AcDbEntity
  8
02___PRT_ALL_AXES
  6
Continuous
 62
     7
100
AcDbLine
 10
17.99999999942
 20
18.75662432564002
 30
0.0
 11
18.60000000084
 21
18.75662432564002
 31
0.0
  0
LINE
  5
7FE
330
2AF
100
AcDbEntity
  8
03___PRT_ALL_CURVES
  6
Continuous
 62
     4
100
AcDbLine
 10
23.60000000081999
 20
19.24999999878
 30
0.0
 11
20.59999999879994
 21
19.24999999878
 31
0.0
  0
LINE
  5
7FF
330
2AF
100
AcDbEntity
  8
03___PRT_ALL_CURVES
  6
Continuous
 62
     4
100
AcDbLine
 10
1.20000000029998
 20
19.24999999878
 30
0.0
 11
4.199999999779976
 21
19.24999999878
 31
0.0
  0
LINE
  5
800
330
2AF
100
AcDbEntity
  8
0
  6
Continuous
 62
     7
100
AcDbLine
 10
8.200000000779994
 20
19.2500000064
 30
0.0
 11
15.84999999919998
 21
19.2500000064
 31
0.0
  0
LINE
  5
801
330
2AF
100
AcDbEntity
  8
0
  6
Continuous
 62
     7
100
AcDbLine
 10
9.70151727459998
 20
19.524999431
 30
0.0
 11
8.949997718459997
 21
19.524999431
 31
0.0
  0
LINE
  5
802
330
2AF
100
AcDbEntity
  8
0
  6
Continuous
 62
     7
100
AcDbLine
 10
14.74999997923996
 20
20.00000000754
 30
0.0
 11
12.74999997873999
 21
20.00000000754
 31
0.0
  0
LINE
  5
803
330
2AF
100
AcDbEntity
  8
0
  6
Continuous
 62
     7
100
AcDbLine
 10
12.24999998051999
 20
20.00000000754
 30
0.0
 11
10.24999998001996
 21
20.00000000754
 31
0.0
  0
LINE
  5
804
330
2AF
100
AcDbEntity
  8
0
  6
Continuous
 62
     7
100
AcDbLine
 10
16.65014920407998
 20
20.20000000378002
 30
0.0
 11
15.84999999919998
 21
20.20000000378002
 31
0.0
  0
LINE
  5
805
330
2AF
100
AcDbEntity
  8
0
  6
Continuous
 62
     7
100
AcDbLine
 10
17.99999999942
 20
20.29956969542002
 30
0.0
 11
17.74999999904
 21
20.29956969542002
 31
0.0
  0
LINE
  5
806
330
2AF
100
AcDbEntity
  8
0
  6
Continuous
 62
     7
100
AcDbLine
 10
17.25000000081999
 20
20.60000000388001
 30
0.0
 11
17.05291979807998
 21
20.60000000388001
 31
0.0
  0
LINE
  5
807
330
2AF
100
AcDbEntity
  8
0
  6
Continuous
 62
     7
100
AcDbLine
 10
14.14999899992003
 20
20.60000000642
 30
0.0
 11
13.34999964234001
 21
20.60000000642
 31
0.0
  0
LINE
  5
808
330
2AF
100
AcDbEntity
  8
0
  6
Continuous
 62
     7
100
AcDbLine
 10
11.64999999942
 20
20.60000000642
 30
0.0
 11
10.84999999921999
 21
20.60000000642
 31
0.0
  0
LINE
  5
809
330
2AF
100
AcDbEntity
  8
03___PRT_ALL_CURVES
  6
Continuous
 62
     4
100
AcDbLine
 10
2.818417482279983
 20
20.94747614153999
 30
0.0
 11
3.149795394579968
 21
20.8997271362
 31
0.0
  0
LINE
  5
80A
330
2AF
100
AcDbEntity
  8
03___PRT_ALL_CURVES
  6
Continuous
 62
     4
100
AcDbLine
 10
1.489085988039989
 20
21.36098222588001
 30
0.0
 11
1.856753116559986
 21
21.29508869498
 31
0.0
  0
LINE
  5
80B
330
2AF
100
AcDbEntity
  8
03___PRT_ALL_CURVES
  6
Continuous
 62
     4
100
AcDbLine
 10
1.856753116559986
 20
20.72114598714001
 30
0.0
 11
1.468076439000015
 21
20.66957709104
 31
0.0
  0
LINE
  5
80C
330
2AF
100
AcDbEntity
  8
03___PRT_ALL_CURVES
  6
Continuous
 62
     4
100
AcDbLine
 10
21.23908594186
 20
24.22114598738003
 30
0.0
 11
20.85040926429997
 21
24.16957709127999
 31
0.0
  0
LINE
  5
80D
330
2AF
100
AcDbEntity
  8
03___PRT_ALL_CURVES
  6
Continuous
 62
     4
100
AcDbLine
 10
22.91937251523998
 20
21.33710776512001
 30
0.0
 11
23.30613921186
 21
21.384856773
 31
0.0
  0
LINE
  5
80E
330
2AF
100
AcDbEntity
  8
03___PRT_ALL_CURVES
  6
Continuous
 62
     4
100
AcDbLine
 10
3.16125510242
 20
20.70586630726001
 30
0.0
 11
2.767803590619963
 21
20.66289223522
 31
0.0
  0
LINE
  5
80F
330
2AF
100
AcDbEntity
  8
03___PRT_ALL_CURVES
  6
Continuous
 62
     4
100
AcDbLine
 10
3.239563470059977
 20
21.38963166566
 30
0.0
 11
3.865075117179998
 21
21.38963166566
 31
0.0
  0
LINE
  5
810
330
2AF
100
AcDbEntity
  8
0
  6
Continuous
 62
     7
100
AcDbLine
 10
10.84999999921999
 20
21.40000000662002
 30
0.0
 11
11.64999999942
 21
21.40000000662002
 31
0.0
  0
LINE
  5
811
330
2AF
100
AcDbEntity
  8
0
  6
Continuous
 62
     7
100
AcDbLine
 10
13.34999964234001
 20
21.40000000662002
 30
0.0
 11
14.14999899992003
 21
21.40000000662002
 31
0.0
  0
LINE
  5
812
330
2AF
100
AcDbEntity
  8
0
  6
Continuous
 62
     7
100
AcDbLine
 10
17.05291979807998
 20
21.40000000408
 30
0.0
 11
17.24999999828
 21
21.40000000408
 31
0.0
  0
LINE
  5
813
330
2AF
100
AcDbEntity
  8
02___PRT_ALL_AXES
  6
Continuous
 62
     7
100
AcDbLine
 10
17.99999999942
 20
21.64337567176
 30
0.0
 11
18.60000000084
 21
21.64337567176
 31
0.0
  0
LINE
  5
814
330
2AF
100
AcDbEntity
  8
03___PRT_ALL_CURVES
  6
Continuous
 62
     4
100
AcDbLine
 10
3.865075117179998
 20
21.70000000098
 30
0.0
 11
2.941609887659979
 21
21.70000000098
 31
0.0
  0
LINE
  5
815
330
2AF
100
AcDbEntity
  8
0
  6
Continuous
 62
     7
100
AcDbLine
 10
17.74999999904
 20
21.70043031507998
 30
0.0
 11
17.99999999942
 21
21.70043031507998
 31
0.0
  0
LINE
  5
816
330
2AF
100
AcDbEntity
  8
0
  6
Continuous
 62
     7
100
AcDbLine
 10
15.84999999919998
 20
21.80000000418002
 30
0.0
 11
16.65014920407998
 21
21.80000000418002
 31
0.0
  0
LINE
  5
817
330
2AF
100
AcDbEntity
  8
0
  6
Continuous
 62
     7
100
AcDbLine
 10
14.74999997923996
 20
22.00000000804002
 30
0.0
 11
12.74999997873999
 21
22.00000000804002
 31
0.0
  0
LINE
  5
818
330
2AF
100
AcDbEntity
  8
0
  6
Continuous
 62
     7
100
AcDbLine
 10
12.24999998051999
 20
22.00000000804002
 30
0.0
 11
10.24999998001996
 21
22.00000000804002
 31
0.0
  0
LINE
  5
819
330
2AF
100
AcDbEntity
  8
0
  6
Continuous
 62
     7
100
AcDbLine
 10
8.949997718459997
 20
22.47499951777999
 30
0.0
 11
9.70151727459998
 21
22.47499951777999
 31
0.0
  0
LINE
  5
81A
330
2AF
100
AcDbEntity
  8
0
  6
Continuous
 62
     7
100
AcDbLine
 10
12.02499979298
 20
22.57500000612001
 30
0.0
 11
8.200000000779994
 21
22.57500000612001
 31
0.0
  0
LINE
  5
81B
330
2AF
100
AcDbEntity
  8
03___PRT_ALL_CURVES
  6
Continuous
 62
     4
100
AcDbLine
 10
23.60000000081999
 20
22.74999999901999
 30
0.0
 11
20.59999999879994
 21
22.74999999901999
 31
0.0
  0
LINE
  5
81C
330
2AF
100
AcDbEntity
  8
03___PRT_ALL_CURVES
  6
Continuous
 62
     4
100
AcDbLine
 10
4.199999999779976
 20
22.74999999901999
 30
0.0
 11
1.20000000029998
 21
22.74999999901999
 31
0.0
  0
LINE
  5
81D
330
2AF
100
AcDbEntity
  8
0
  6
Continuous
 62
     7
100
AcDbLine
 10
8.200000000779994
 20
22.92500000716001
 30
0.0
 11
12.02499979298
 21
22.92500000716001
 31
0.0
  0
LINE
  5
81E
330
2AF
100
AcDbEntity
  8
0
  6
Continuous
 62
     7
100
AcDbLine
 10
9.701518265200008
 20
23.02499943123999
 30
0.0
 11
8.949997718459997
 21
23.02499943123999
 31
0.0
  0
LINE
  5
81F
330
2AF
100
AcDbEntity
  8
02___PRT_ALL_AXES
  6
Continuous
 62
     7
100
AcDbLine
 10
17.99999999942
 20
23.08675134481999
 30
0.0
 11
18.60000000084
 21
23.08675134481999
 31
0.0
  0
LINE
  5
820
330
2AF
100
AcDbEntity
  8
0
  6
Continuous
 62
     7
100
AcDbLine
 10
14.74999997923996
 20
23.50000000778002
 30
0.0
 11
12.74999997873999
 21
23.50000000778002
 31
0.0
  0
LINE
  5
821
330
2AF
100
AcDbEntity
  8
0
  6
Continuous
 62
     7
100
AcDbLine
 10
12.24999998051999
 20
23.50000000778002
 30
0.0
 11
10.24999998001996
 21
23.50000000778002
 31
0.0
  0
LINE
  5
822
330
2AF
100
AcDbEntity
  8
0
  6
Continuous
 62
     7
100
AcDbLine
 10
16.65014920407998
 20
23.70000000401998
 30
0.0
 11
15.84999999919998
 21
23.70000000401998
 31
0.0
  0
LINE
  5
823
330
2AF
100
AcDbEntity
  8
0
  6
Continuous
 62
     7
100
AcDbLine
 10
17.99999999942
 20
23.79956969566001
 30
0.0
 11
17.74999999904
 21
23.79956969566001
 31
0.0
  0
LINE
  5
824
330
2AF
100
AcDbEntity
  8
03___PRT_ALL_CURVES
  6
Continuous
 62
     4
100
AcDbLine
 10
22.83485677621997
 20
23.7999999996
 30
0.0
 11
23.17387454877996
 21
23.7999999996
 31
0.0
  0
LINE
  5
825
330
2AF
100
AcDbEntity
  8
03___PRT_ALL_CURVES
  6
Continuous
 62
     4
100
AcDbLine
 10
22.12626195515998
 20
24.06166438610001
 30
0.0
 11
22.83485677621997
 21
24.06166438610001
 31
0.0
  0
LINE
  5
826
330
2AF
100
AcDbEntity
  8
03___PRT_ALL_CURVES
  6
Continuous
 62
     4
100
AcDbLine
 10
23.17387454877996
 20
24.06166438610001
 30
0.0
 11
23.34959068705999
 21
24.06166438610001
 31
0.0
  0
LINE
  5
827
330
2AF
100
AcDbEntity
  8
0
  6
Continuous
 62
     7
100
AcDbLine
 10
17.25000000081999
 20
24.10000000412001
 30
0.0
 11
17.05291979807998
 21
24.10000000412001
 31
0.0
  0
LINE
  5
828
330
2AF
100
AcDbEntity
  8
0
  6
Continuous
 62
     7
100
AcDbLine
 10
14.14999899992003
 20
24.10000000666
 30
0.0
 11
13.34999964234001
 21
24.10000000666
 31
0.0
  0
LINE
  5
829
330
2AF
100
AcDbEntity
  8
0
  6
Continuous
 62
     7
100
AcDbLine
 10
11.64999999942
 20
24.10000000666
 30
0.0
 11
10.84999999921999
 21
24.10000000666
 31
0.0
  0
LINE
  5
82A
330
2AF
100
AcDbEntity
  8
03___PRT_ALL_CURVES
  6
Continuous
 62
     4
100
AcDbLine
 10
23.34959068705999
 20
24.36343792022001
 30
0.0
 11
23.17387454877996
 21
24.36343792022001
 31
0.0
  0
LINE
  5
82B
330
2AF
100
AcDbEntity
  8
03___PRT_ALL_CURVES
  6
Continuous
 62
     4
100
AcDbLine
 10
22.83485677621997
 20
24.36343792022001
 30
0.0
 11
22.45954978997997
 21
24.36343792022001
 31
0.0
  0
LINE
  5
82C
330
2AF
100
AcDbEntity
  8
0
  6
Continuous
 62
     7
100
AcDbLine
 10
10.84999999921999
 20
24.90000000685998
 30
0.0
 11
11.64999999942
 21
24.90000000685998
 31
0.0
  0
LINE
  5
82D
330
2AF
100
AcDbEntity
  8
0
  6
Continuous
 62
     7
100
AcDbLine
 10
13.34999964234001
 20
24.90000000685998
 30
0.0
 11
14.14999899992003
 21
24.90000000685998
 31
0.0
  0
LINE
  5
82E
330
2AF
100
AcDbEntity
  8
0
  6
Continuous
 62
     7
100
AcDbLine
 10
17.05291979807998
 20
24.90000000431999
 30
0.0
 11
17.25000000081999
 21
24.90000000431999
 31
0.0
  0
LINE
  5
82F
330
2AF
100
AcDbEntity
  8
0
  6
Continuous
 62
     7
100
AcDbLine
 10
17.74999999904
 20
25.20043031532001
 30
0.0
 11
17.99999999942
 21
25.20043031532001
 31
0.0
  0
LINE
  5
830
330
2AF
100
AcDbEntity
  8
03___PRT_ALL_CURVES
  6
Continuous
 62
     4
100
AcDbLine
 10
20.88526604751999
 20
21.36098222588001
 30
0.0
 11
21.2529331735
 21
21.29508869498
 31
0.0
  0
LINE
  5
831
330
2AF
100
AcDbEntity
  8
03___PRT_ALL_CURVES
  6
Continuous
 62
     4
100
AcDbLine
 10
1.490518408340023
 20
24.86098222612
 30
0.0
 11
1.85818553432
 21
24.79508869522002
 31
0.0
  0
LINE
  5
832
330
2AF
100
AcDbEntity
  8
03___PRT_ALL_CURVES
  6
Continuous
 62
     4
100
AcDbLine
 10
2.795020478019978
 20
24.86098222612
 30
0.0
 11
3.162687520180015
 21
24.79508869522002
 31
0.0
  0
LINE
  5
833
330
2AF
100
AcDbEntity
  8
0
  6
Continuous
 62
     2
100
AcDbLine
 10
15.45525077345999
 20
116.89999999938
 30
0.0
 11
15.55525077157998
 21
117.00000000004
 31
0.0
  0
LINE
  5
834
330
2AF
100
AcDbEntity
  8
03___PRT_ALL_CURVES
  6
Continuous
 62
     4
100
AcDbLine
 10
3.162687520180015
 20
24.22114598738003
 30
0.0
 11
2.774010901040015
 21
24.16957709127999
 31
0.0
  0
LINE
  5
835
330
2AF
100
AcDbEntity
  8
03___PRT_ALL_CURVES
  6
Continuous
 62
     4
100
AcDbLine
 10
1.85818553432
 20
24.22114598738003
 30
0.0
 11
1.469508856759973
 21
24.16957709127999
 31
0.0
  0
LINE
  5
836
330
2AF
100
AcDbEntity
  8
03___PRT_ALL_CURVES
  6
Continuous
 62
     4
100
AcDbLine
 10
21.26152792390002
 20
27.72114598761999
 30
0.0
 11
20.87285124888001
 21
27.66957709152001
 31
0.0
  0
LINE
  5
837
330
2AF
100
AcDbEntity
  8
03___PRT_ALL_CURVES
  6
Continuous
 62
     4
100
AcDbLine
 10
23.17387454877996
 20
25.22387454580002
 30
0.0
 11
22.83485677621997
 21
25.22387454580002
 31
0.0
  0
LINE
  5
838
330
2AF
100
AcDbEntity
  8
0
  6
Continuous
 62
     7
100
AcDbLine
 10
15.84999999919998
 20
25.30000000441999
 30
0.0
 11
16.65014920407998
 21
25.30000000441999
 31
0.0
  0
LINE
  5
839
330
2AF
100
AcDbEntity
  8
0
  6
Continuous
 62
     7
100
AcDbLine
 10
14.74999997923996
 20
25.50000000827998
 30
0.0
 11
12.74999997873999
 21
25.50000000827998
 31
0.0
  0
LINE
  5
83A
330
2AF
100
AcDbEntity
  8
0
  6
Continuous
 62
     7
100
AcDbLine
 10
12.24999998051999
 20
25.50000000827998
 30
0.0
 11
10.24999998001996
 21
25.50000000827998
 31
0.0
  0
LINE
  5
83B
330
2AF
100
AcDbEntity
  8
0
  6
Continuous
 62
     7
100
AcDbLine
 10
8.949997718459997
 20
25.97499951802001
 30
0.0
 11
9.701518265200008
 21
25.97499951802001
 31
0.0
  0
LINE
  5
83C
330
2AF
100
AcDbEntity
  8
0
  6
Continuous
 62
     7
100
AcDbLine
 10
12.02499979298
 20
26.07500000636
 30
0.0
 11
8.200000000779994
 21
26.07500000636
 31
0.0
  0
LINE
  5
83D
330
2AF
100
AcDbEntity
  8
03___PRT_ALL_CURVES
  6
Continuous
 62
     4
100
AcDbLine
 10
1.20000000029998
 20
26.24999999926001
 30
0.0
 11
4.199999999779976
 21
26.24999999926001
 31
0.0
  0
LINE
  5
83E
330
2AF
100
AcDbEntity
  8
03___PRT_ALL_CURVES
  6
Continuous
 62
     4
100
AcDbLine
 10
20.59999999879994
 20
26.24999999926001
 30
0.0
 11
23.60000000081999
 21
26.24999999926001
 31
0.0
  0
LINE
  5
83F
330
2AF
100
AcDbEntity
  8
0
  6
Continuous
 62
     7
100
AcDbLine
 10
8.200000000779994
 20
26.4250000074
 30
0.0
 11
12.02499979298
 21
26.4250000074
 31
0.0
  0
LINE
  5
840
330
2AF
100
AcDbEntity
  8
0
  6
Continuous
 62
     7
100
AcDbLine
 10
9.701518189000012
 20
26.52499943147998
 30
0.0
 11
8.949997718459997
 21
26.52499943147998
 31
0.0
  0
LINE
  5
841
330
2AF
100
AcDbEntity
  8
0
  6
Continuous
 62
     7
100
AcDbLine
 10
14.74999997923996
 20
27.00000000802001
 30
0.0
 11
12.74999997873999
 21
27.00000000802001
 31
0.0
  0
LINE
  5
842
330
2AF
100
AcDbEntity
  8
0
  6
Continuous
 62
     7
100
AcDbLine
 10
12.24999998051999
 20
27.00000000802001
 30
0.0
 11
10.24999998001996
 21
27.00000000802001
 31
0.0
  0
LINE
  5
843
330
2AF
100
AcDbEntity
  8
0
  6
Continuous
 62
     7
100
AcDbLine
 10
16.65014920407998
 20
27.20000000426
 30
0.0
 11
15.84999999919998
 21
27.20000000426
 31
0.0
  0
LINE
  5
844
330
2AF
100
AcDbEntity
  8
0
  6
Continuous
 62
     7
100
AcDbLine
 10
17.99999999942
 20
27.29956969589998
 30
0.0
 11
17.74999999904
 21
27.29956969589998
 31
0.0
  0
LINE
  5
845
330
2AF
100
AcDbEntity
  8
03___PRT_ALL_CURVES
  6
Continuous
 62
     4
100
AcDbLine
 10
3.405252437640002
 20
27.29999999984
 30
0.0
 11
3.79870403325998
 21
27.29999999984
 31
0.0
  0
LINE
  5
846
330
2AF
100
AcDbEntity
  8
03___PRT_ALL_CURVES
  6
Continuous
 62
     4
100
AcDbLine
 10
22.16016364503997
 20
27.29999999984
 30
0.0
 11
23.32714863390001
 21
27.29999999984
 31
0.0
  0
LINE
  5
847
330
2AF
100
AcDbEntity
  8
0
  6
Continuous
 62
     7
100
AcDbLine
 10
17.25000000081999
 20
27.60000000436
 30
0.0
 11
17.05291979807998
 21
27.60000000436
 31
0.0
  0
LINE
  5
848
330
2AF
100
AcDbEntity
  8
0
  6
Continuous
 62
     7
100
AcDbLine
 10
14.14999899992003
 20
27.60000000689999
 30
0.0
 11
13.34999964234001
 21
27.60000000689999
 31
0.0
  0
LINE
  5
849
330
2AF
100
AcDbEntity
  8
0
  6
Continuous
 62
     7
100
AcDbLine
 10
11.64999999942
 20
27.60000000689999
 30
0.0
 11
10.84999999921999
 21
27.60000000689999
 31
0.0
  0
LINE
  5
84A
330
2AF
100
AcDbEntity
  8
03___PRT_ALL_CURVES
  6
Continuous
 62
     4
100
AcDbLine
 10
23.32714863390001
 20
27.61705321383999
 30
0.0
 11
22.71978159361998
 21
27.61705321383999
 31
0.0
  0
LINE
  5
84B
330
2AF
100
AcDbEntity
  8
0
  6
Continuous
 62
     7
100
AcDbLine
 10
10.84999999921999
 20
28.40000000710003
 30
0.0
 11
11.64999999942
 21
28.40000000710003
 31
0.0
  0
LINE
  5
84C
330
2AF
100
AcDbEntity
  8
0
  6
Continuous
 62
     7
100
AcDbLine
 10
13.34999964234001
 20
28.40000000710003
 30
0.0
 11
14.14999899992003
 21
28.40000000710003
 31
0.0
  0
LINE
  5
84D
330
2AF
100
AcDbEntity
  8
0
  6
Continuous
 62
     7
100
AcDbLine
 10
17.05291979807998
 20
28.40000000456001
 30
0.0
 11
17.25000000081999
 21
28.40000000456001
 31
0.0
  0
LINE
  5
84E
330
2AF
100
AcDbEntity
  8
0
  6
Continuous
 62
     7
100
AcDbLine
 10
17.74999999904
 20
28.70043031556
 30
0.0
 11
17.99999999942
 21
28.70043031556
 31
0.0
  0
LINE
  5
84F
330
2AF
100
AcDbEntity
  8
03___PRT_ALL_CURVES
  6
Continuous
 62
     4
100
AcDbLine
 10
3.79870403325998
 20
28.72387454604001
 30
0.0
 11
3.476875906279986
 21
28.72387454604001
 31
0.0
  0
LINE
  5
850
330
2AF
100
AcDbEntity
  8
0
  6
Continuous
 62
     7
100
AcDbLine
 10
15.84999999919998
 20
28.80000000466001
 30
0.0
 11
16.65014920407998
 21
28.80000000466001
 31
0.0
  0
LINE
  5
851
330
2AF
100
AcDbEntity
  8
0
  6
Continuous
 62
     7
100
AcDbLine
 10
14.74999997923996
 20
29.00000000852003
 30
0.0
 11
12.74999997873999
 21
29.00000000852003
 31
0.0
  0
LINE
  5
852
330
2AF
100
AcDbEntity
  8
0
  6
Continuous
 62
     7
100
AcDbLine
 10
12.24999998051999
 20
29.00000000852003
 30
0.0
 11
10.24999998001996
 21
29.00000000852003
 31
0.0
  0
LINE
  5
853
330
2AF
100
AcDbEntity
  8
0
  6
Continuous
 62
     7
100
AcDbLine
 10
8.949997718459997
 20
29.47499951826001
 30
0.0
 11
9.701518189000012
 21
29.47499951826001
 31
0.0
  0
LINE
  5
854
330
2AF
100
AcDbEntity
  8
0
  6
Continuous
 62
     7
100
AcDbLine
 10
12.02499979298
 20
29.57500000660002
 30
0.0
 11
8.200000000779994
 21
29.57500000660002
 31
0.0
  0
LINE
  5
855
330
2AF
100
AcDbEntity
  8
03___PRT_ALL_CURVES
  6
Continuous
 62
     4
100
AcDbLine
 10
22.18881308228001
 20
28.27694408862001
 30
0.0
 11
22.57844474904002
 21
28.24542976506001
 31
0.0
  0
LINE
  5
856
330
2AF
100
AcDbEntity
  8
03___PRT_ALL_CURVES
  6
Continuous
 62
     4
100
AcDbLine
 10
20.87141881587999
 20
24.86098222612
 30
0.0
 11
21.23908594186
 21
24.79508869522002
 31
0.0
  0
LINE
  5
857
330
2AF
100
AcDbEntity
  8
03___PRT_ALL_CURVES
  6
Continuous
 62
     4
100
AcDbLine
 10
1.62230558952001
 20
28.36098222635999
 30
0.0
 11
1.989972715499988
 21
28.29508869546001
 31
0.0
  0
LINE
  5
858
330
2AF
100
AcDbEntity
  8
03___PRT_ALL_CURVES
  6
Continuous
 62
     4
100
AcDbLine
 10
20.89386079791998
 20
28.36098222635999
 30
0.0
 11
21.26152792390002
 21
28.29508869546001
 31
0.0
  0
LINE
  5
859
330
2AF
100
AcDbEntity
  8
0
  6
Continuous
 62
     7
100
AcDbLine
 10
17.74999999904
 20
20.29956969542002
 30
0.0
 11
17.25000000081999
 21
20.60000000388001
 31
0.0
  0
LINE
  5
85A
330
2AF
100
AcDbEntity
  8
0
  6
Continuous
 62
     7
100
AcDbLine
 10
16.65014920407998
 20
21.64200899427999
 30
0.0
 11
17.05291979807998
 21
21.40000000408
 31
0.0
  0
LINE
  5
85B
330
2AF
100
AcDbEntity
  8
03___PRT_ALL_CURVES
  6
Continuous
 62
     4
100
AcDbLine
 10
22.02830887954002
 20
121.79263311478
 30
0.0
 11
20.76296068379997
 21
120.28854023016
 31
0.0
  0
LINE
  5
85C
330
2AF
100
AcDbEntity
  8
03___PRT_ALL_CURVES
  6
Continuous
 62
     4
100
AcDbLine
 10
21.35811782977999
 20
120.25613914434
 30
0.0
 11
22.02830887954002
 21
121.04229199926
 31
0.0
  0
LINE
  5
85D
330
2AF
100
AcDbEntity
  8
03___PRT_ALL_CURVES
  6
Continuous
 62
     4
100
AcDbLine
 10
1.989972715499988
 20
27.72114598761999
 30
0.0
 11
1.601296037939989
 21
27.66957709152001
 31
0.0
  0
LINE
  5
85E
330
2AF
100
AcDbEntity
  8
03___PRT_ALL_CURVES
  6
Continuous
 62
     4
100
AcDbLine
 10
21.25866308584
 20
31.22114598785998
 30
0.0
 11
20.86998641081999
 21
31.16957709176
 31
0.0
  0
LINE
  5
85F
330
2AF
100
AcDbEntity
  8
03___PRT_ALL_CURVES
  6
Continuous
 62
     4
100
AcDbLine
 10
3.199931738299995
 20
31.16289223339999
 30
0.0
 11
2.81316504167998
 21
31.1141882668
 31
0.0
  0
LINE
  5
860
330
2AF
100
AcDbEntity
  8
03___PRT_ALL_CURVES
  6
Continuous
 62
     4
100
AcDbLine
 10
23.60000000081999
 20
29.74999999950001
 30
0.0
 11
20.59999999879994
 21
29.74999999950001
 31
0.0
  0
LINE
  5
861
330
2AF
100
AcDbEntity
  8
03___PRT_ALL_CURVES
  6
Continuous
 62
     4
100
AcDbLine
 10
4.199999999779976
 20
29.74999999950001
 30
0.0
 11
1.20000000029998
 21
29.74999999950001
 31
0.0
  0
LINE
  5
862
330
2AF
100
AcDbEntity
  8
0
  6
Continuous
 62
     7
100
AcDbLine
 10
8.200000000779994
 20
29.92500000763999
 30
0.0
 11
12.02499979298
 21
29.92500000763999
 31
0.0
  0
LINE
  5
863
330
2AF
100
AcDbEntity
  8
0
  6
Continuous
 62
     7
100
AcDbLine
 10
9.701518112799988
 20
30.02499942918001
 30
0.0
 11
8.949997718459997
 21
30.02499942918001
 31
0.0
  0
LINE
  5
864
330
2AF
100
AcDbEntity
  8
0
  6
Continuous
 62
     7
100
AcDbLine
 10
14.74999997923996
 20
30.50000000826
 30
0.0
 11
12.74999997873999
 21
30.50000000826
 31
0.0
  0
LINE
  5
865
330
2AF
100
AcDbEntity
  8
0
  6
Continuous
 62
     7
100
AcDbLine
 10
12.24999998051999
 20
30.50000000826
 30
0.0
 11
10.24999998001996
 21
30.50000000826
 31
0.0
  0
LINE
  5
866
330
2AF
100
AcDbEntity
  8
0
  6
Continuous
 62
     7
100
AcDbLine
 10
16.65014920407998
 20
30.7000000045
 30
0.0
 11
15.84999999919998
 21
30.7000000045
 31
0.0
  0
LINE
  5
867
330
2AF
100
AcDbEntity
  8
0
  6
Continuous
 62
     7
100
AcDbLine
 10
17.99999999942
 20
30.79956969614
 30
0.0
 11
17.74999999904
 21
30.79956969614
 31
0.0
  0
LINE
  5
868
330
2AF
100
AcDbEntity
  8
03___PRT_ALL_CURVES
  6
Continuous
 62
     4
100
AcDbLine
 10
1.462824013639988
 20
30.80000000008002
 30
0.0
 11
2.62980904314
 21
30.80000000008002
 31
0.0
  0
LINE
  5
869
330
2AF
100
AcDbEntity
  8
0
  6
Continuous
 62
     7
100
AcDbLine
 10
17.25000000081999
 20
31.10000000460002
 30
0.0
 11
17.05291979807998
 21
31.10000000460002
 31
0.0
  0
LINE
  5
86A
330
2AF
100
AcDbEntity
  8
0
  6
Continuous
 62
     7
100
AcDbLine
 10
14.14999899992003
 20
31.10000000714001
 30
0.0
 11
13.34999964234001
 21
31.10000000714001
 31
0.0
  0
LINE
  5
86B
330
2AF
100
AcDbEntity
  8
0
  6
Continuous
 62
     7
100
AcDbLine
 10
11.64999999942
 20
31.10000000714001
 30
0.0
 11
10.84999999921999
 21
31.10000000714001
 31
0.0
  0
LINE
  5
86C
330
2AF
100
AcDbEntity
  8
03___PRT_ALL_CURVES
  6
Continuous
 62
     4
100
AcDbLine
 10
2.62980904314
 20
31.11705321408002
 30
0.0
 11
2.022442002860004
 21
31.11705321408002
 31
0.0
  0
LINE
  5
86D
330
2AF
100
AcDbEntity
  8
0
  6
Continuous
 62
     7
100
AcDbLine
 10
10.84999999921999
 20
31.90000000734
 30
0.0
 11
11.64999999942
 21
31.90000000734
 31
0.0
  0
LINE
  5
86E
330
2AF
100
AcDbEntity
  8
0
  6
Continuous
 62
     7
100
AcDbLine
 10
13.34999964234001
 20
31.90000000734
 30
0.0
 11
14.14999899992003
 21
31.90000000734
 31
0.0
  0
LINE
  5
86F
330
2AF
100
AcDbEntity
  8
0
  6
Continuous
 62
     7
100
AcDbLine
 10
17.05291979807998
 20
31.90000000480001
 30
0.0
 11
17.25000000081999
 21
31.90000000480001
 31
0.0
  0
LINE
  5
870
330
2AF
100
AcDbEntity
  8
0
  6
Continuous
 62
     7
100
AcDbLine
 10
17.74999999904
 20
32.20043031579999
 30
0.0
 11
17.99999999942
 21
32.20043031579999
 31
0.0
  0
LINE
  5
871
330
2AF
100
AcDbEntity
  8
0
  6
Continuous
 62
     7
100
AcDbLine
 10
15.84999999919998
 20
32.3000000049
 30
0.0
 11
16.65014920407998
 21
32.3000000049
 31
0.0
  0
LINE
  5
872
330
2AF
100
AcDbEntity
  8
0
  6
Continuous
 62
     7
100
AcDbLine
 10
14.74999997923996
 20
32.50000000622001
 30
0.0
 11
12.74999997873999
 21
32.50000000622001
 31
0.0
  0
LINE
  5
873
330
2AF
100
AcDbEntity
  8
0
  6
Continuous
 62
     7
100
AcDbLine
 10
12.24999998051999
 20
32.50000000622001
 30
0.0
 11
10.24999998001996
 21
32.50000000622001
 31
0.0
  0
LINE
  5
874
330
2AF
100
AcDbEntity
  8
0
  6
Continuous
 62
     7
100
AcDbLine
 10
8.949997718459997
 20
32.97499951595998
 30
0.0
 11
9.701518112799988
 21
32.97499951595998
 31
0.0
  0
LINE
  5
875
330
2AF
100
AcDbEntity
  8
0
  6
Continuous
 62
     7
100
AcDbLine
 10
12.02499979298
 20
33.07500000683999
 30
0.0
 11
8.200000000779994
 21
33.07500000683999
 31
0.0
  0
LINE
  5
876
330
2AF
100
AcDbEntity
  8
03___PRT_ALL_CURVES
  6
Continuous
 62
     4
100
AcDbLine
 10
1.20000000029998
 20
33.24999999974
 30
0.0
 11
4.199999999779976
 21
33.24999999974
 31
0.0
  0
LINE
  5
877
330
2AF
100
AcDbEntity
  8
03___PRT_ALL_CURVES
  6
Continuous
 62
     4
100
AcDbLine
 10
20.59999999879994
 20
33.24999999974
 30
0.0
 11
23.60000000081999
 21
33.24999999974
 31
0.0
  0
LINE
  5
878
330
2AF
100
AcDbEntity
  8
0
  6
Continuous
 62
     7
100
AcDbLine
 10
8.200000000779994
 20
33.42500000787999
 30
0.0
 11
12.02499979298
 21
33.42500000787999
 31
0.0
  0
LINE
  5
879
330
2AF
100
AcDbEntity
  8
0
  6
Continuous
 62
     7
100
AcDbLine
 10
9.701518036599992
 20
33.52499942941998
 30
0.0
 11
8.949997718459997
 21
33.52499942941998
 31
0.0
  0
LINE
  5
87A
330
2AF
100
AcDbEntity
  8
0
  6
Continuous
 62
     7
100
AcDbLine
 10
14.74999997923996
 20
34.00000000850002
 30
0.0
 11
12.74999997873999
 21
34.00000000850002
 31
0.0
  0
LINE
  5
87B
330
2AF
100
AcDbEntity
  8
0
  6
Continuous
 62
     7
100
AcDbLine
 10
12.24999998051999
 20
34.00000000850002
 30
0.0
 11
10.24999998001996
 21
34.00000000850002
 31
0.0
  0
LINE
  5
87C
330
2AF
100
AcDbEntity
  8
03___PRT_ALL_CURVES
  6
Continuous
 62
     4
100
AcDbLine
 10
1.491473397540005
 20
31.77694408886001
 30
0.0
 11
1.881105031279986
 21
31.7454297653
 31
0.0
  0
LINE
  5
87D
330
2AF
100
AcDbEntity
  8
03___PRT_ALL_CURVES
  6
Continuous
 62
     4
100
AcDbLine
 10
1.490995966440011
 20
35.2769440891
 30
0.0
 11
1.880627600179992
 21
35.24542976554002
 31
0.0
  0
LINE
  5
87E
330
2AF
100
AcDbEntity
  8
03___PRT_ALL_CURVES
  6
Continuous
 62
     4
100
AcDbLine
 10
20.89099595986002
 20
31.86098222660002
 30
0.0
 11
21.25866308584
 21
31.7950886957
 31
0.0
  0
LINE
  5
87F
330
2AF
100
AcDbEntity
  8
0
  6
Continuous
 62
     7
100
AcDbLine
 10
17.74999999904
 20
23.79956969566001
 30
0.0
 11
17.25000000081999
 21
24.10000000412001
 31
0.0
  0
LINE
  5
880
330
2AF
100
AcDbEntity
  8
0
  6
Continuous
 62
     7
100
AcDbLine
 10
16.65014920407998
 20
25.14200899452001
 30
0.0
 11
17.05291979807998
 21
24.90000000431999
 31
0.0
  0
LINE
  5
881
330
2AF
100
AcDbEntity
  8
0
  6
Continuous
 62
     7
100
AcDbLine
 10
17.74999999904
 20
27.29956969589998
 30
0.0
 11
17.25000000081999
 21
27.60000000436
 31
0.0
  0
LINE
  5
882
330
2AF
100
AcDbEntity
  8
0
  6
Continuous
 62
     7
100
AcDbLine
 10
16.65014920407998
 20
28.64200899222001
 30
0.0
 11
17.05291979807998
 21
28.40000000456001
 31
0.0
  0
LINE
  5
883
330
2AF
100
AcDbEntity
  8
03___PRT_ALL_CURVES
  6
Continuous
 62
     4
100
AcDbLine
 10
9.992155504599992
 20
121.74999999964
 30
0.0
 11
9.052523838019994
 21
119.25000000092
 31
0.0
  0
LINE
  5
884
330
2AF
100
AcDbEntity
  8
0
  6
Continuous
 62
     2
100
AcDbLine
 10
6.160501544860011
 20
91.79999999882
 30
0.0
 11
6.260501545519986
 21
91.89999999948
 31
0.0
  0
LINE
  5
885
330
2AF
100
AcDbEntity
  8
0
  6
Continuous
 62
     2
100
AcDbLine
 10
31.26050154542
 20
116.89999999938
 30
0.0
 11
31.36050154608
 21
117.00000000004
 31
0.0
  0
LINE
  5
886
330
2AF
100
AcDbEntity
  8
03___PRT_ALL_CURVES
  6
Continuous
 62
     4
100
AcDbLine
 10
22.92796733168001
 20
38.83710776631997
 30
0.0
 11
23.31473402575998
 21
38.88485677166
 31
0.0
  0
LINE
  5
887
330
2AF
100
AcDbEntity
  8
0
  6
Continuous
 62
     7
100
AcDbLine
 10
16.65014920407998
 20
34.20000000473999
 30
0.0
 11
15.84999999919998
 21
34.20000000473999
 31
0.0
  0
LINE
  5
888
330
2AF
100
AcDbEntity
  8
0
  6
Continuous
 62
     7
100
AcDbLine
 10
17.99999999942
 20
34.29956969637999
 30
0.0
 11
17.74999999904
 21
34.29956969637999
 31
0.0
  0
LINE
  5
889
330
2AF
100
AcDbEntity
  8
03___PRT_ALL_CURVES
  6
Continuous
 62
     4
100
AcDbLine
 10
1.462346580000002
 20
34.30000000032001
 30
0.0
 11
2.629331609499985
 21
34.30000000032001
 31
0.0
  0
LINE
  5
88A
330
2AF
100
AcDbEntity
  8
03___PRT_ALL_CURVES
  6
Continuous
 62
     4
100
AcDbLine
 10
3.038062760540015
 20
34.30000000032001
 30
0.0
 11
3.425784583519999
 21
34.30000000032001
 31
0.0
  0
LINE
  5
88B
330
2AF
100
AcDbEntity
  8
03___PRT_ALL_CURVES
  6
Continuous
 62
     4
100
AcDbLine
 10
20.86139159438
 20
34.30000000032001
 30
0.0
 11
22.02837662388004
 21
34.30000000032001
 31
0.0
  0
LINE
  5
88C
330
2AF
100
AcDbEntity
  8
0
  6
Continuous
 62
     7
100
AcDbLine
 10
17.25000000081999
 20
34.60000000484001
 30
0.0
 11
17.05291979807998
 21
34.60000000484001
 31
0.0
  0
LINE
  5
88D
330
2AF
100
AcDbEntity
  8
0
  6
Continuous
 62
     7
100
AcDbLine
 10
14.14999899992003
 20
34.60000000738
 30
0.0
 11
13.34999964234001
 21
34.60000000738
 31
0.0
  0
LINE
  5
88E
330
2AF
100
AcDbEntity
  8
0
  6
Continuous
 62
     7
100
AcDbLine
 10
11.64999999942
 20
34.60000000738
 30
0.0
 11
10.84999999921999
 21
34.60000000738
 31
0.0
  0
LINE
  5
88F
330
2AF
100
AcDbEntity
  8
03___PRT_ALL_CURVES
  6
Continuous
 62
     4
100
AcDbLine
 10
22.02837662388004
 20
34.61705321431998
 30
0.0
 11
21.42100958614
 21
34.61705321431998
 31
0.0
  0
LINE
  5
890
330
2AF
100
AcDbEntity
  8
03___PRT_ALL_CURVES
  6
Continuous
 62
     4
100
AcDbLine
 10
2.629331609499985
 20
34.61705321431998
 30
0.0
 11
2.02196457175998
 21
34.61705321431998
 31
0.0
  0
LINE
  5
891
330
2AF
100
AcDbEntity
  8
03___PRT_ALL_CURVES
  6
Continuous
 62
     4
100
AcDbLine
 10
2.802182861460011
 20
35.37148705723999
 30
0.0
 11
3.493588039479988
 21
35.37148705723999
 31
0.0
  0
LINE
  5
892
330
2AF
100
AcDbEntity
  8
0
  6
Continuous
 62
     7
100
AcDbLine
 10
10.84999999921999
 20
35.40000000758002
 30
0.0
 11
11.64999999942
 21
35.40000000758002
 31
0.0
  0
LINE
  5
893
330
2AF
100
AcDbEntity
  8
0
  6
Continuous
 62
     7
100
AcDbLine
 10
13.34999964234001
 20
35.40000000758002
 30
0.0
 11
14.14999899992003
 21
35.40000000758002
 31
0.0
  0
LINE
  5
894
330
2AF
100
AcDbEntity
  8
0
  6
Continuous
 62
     7
100
AcDbLine
 10
17.05291979807998
 20
35.40000000504
 30
0.0
 11
17.25000000081999
 21
35.40000000504
 31
0.0
  0
LINE
  5
895
330
2AF
100
AcDbEntity
  8
03___PRT_ALL_CURVES
  6
Continuous
 62
     4
100
AcDbLine
 10
3.937653610580014
 20
35.69999999939998
 30
0.0
 11
2.802182861460011
 21
35.69999999939998
 31
0.0
  0
LINE
  5
896
330
2AF
100
AcDbEntity
  8
0
  6
Continuous
 62
     7
100
AcDbLine
 10
17.74999999904
 20
35.70043031604001
 30
0.0
 11
17.99999999942
 21
35.70043031604001
 31
0.0
  0
LINE
  5
897
330
2AF
100
AcDbEntity
  8
0
  6
Continuous
 62
     7
100
AcDbLine
 10
15.84999999919998
 20
35.80000000514002
 30
0.0
 11
16.65014920407998
 21
35.80000000514002
 31
0.0
  0
LINE
  5
898
330
2AF
100
AcDbEntity
  8
0
  6
Continuous
 62
     7
100
AcDbLine
 10
14.74999997923996
 20
36.00000000646
 30
0.0
 11
12.74999997873999
 21
36.00000000646
 31
0.0
  0
LINE
  5
899
330
2AF
100
AcDbEntity
  8
0
  6
Continuous
 62
     7
100
AcDbLine
 10
12.24999998051999
 20
36.00000000646
 30
0.0
 11
10.24999998001996
 21
36.00000000646
 31
0.0
  0
LINE
  5
89A
330
2AF
100
AcDbEntity
  8
0
  6
Continuous
 62
     7
100
AcDbLine
 10
8.949997718459997
 20
36.4749995162
 30
0.0
 11
9.701518036599992
 21
36.4749995162
 31
0.0
  0
LINE
  5
89B
330
2AF
100
AcDbEntity
  8
0
  6
Continuous
 62
     7
100
AcDbLine
 10
12.02499979298
 20
36.57500000708001
 30
0.0
 11
8.200000000779994
 21
36.57500000708001
 31
0.0
  0
LINE
  5
89C
330
2AF
100
AcDbEntity
  8
03___PRT_ALL_CURVES
  6
Continuous
 62
     4
100
AcDbLine
 10
23.60000000081999
 20
36.74999999997999
 30
0.0
 11
20.59999999879994
 21
36.74999999997999
 31
0.0
  0
LINE
  5
89D
330
2AF
100
AcDbEntity
  8
03___PRT_ALL_CURVES
  6
Continuous
 62
     4
100
AcDbLine
 10
4.199999999779976
 20
36.74999999997999
 30
0.0
 11
1.20000000029998
 21
36.74999999997999
 31
0.0
  0
LINE
  5
89E
330
2AF
100
AcDbEntity
  8
0
  6
Continuous
 62
     7
100
AcDbLine
 10
8.200000000779994
 20
36.92500000812001
 30
0.0
 11
12.02499979298
 21
36.92500000812001
 31
0.0
  0
LINE
  5
89F
330
2AF
100
AcDbEntity
  8
0
  6
Continuous
 62
     7
100
AcDbLine
 10
9.701517960399968
 20
37.02499942966
 30
0.0
 11
8.949997718459997
 21
37.02499942966
 31
0.0
  0
LINE
  5
8A0
330
2AF
100
AcDbEntity
  8
0
  6
Continuous
 62
     7
100
AcDbLine
 10
14.74999997923996
 20
37.5000000062
 30
0.0
 11
12.74999997873999
 21
37.5000000062
 31
0.0
  0
LINE
  5
8A1
330
2AF
100
AcDbEntity
  8
0
  6
Continuous
 62
     7
100
AcDbLine
 10
12.24999998051999
 20
37.5000000062
 30
0.0
 11
10.24999998001996
 21
37.5000000062
 31
0.0
  0
LINE
  5
8A2
330
2AF
100
AcDbEntity
  8
0
  6
Continuous
 62
     7
100
AcDbLine
 10
16.65014920407998
 20
37.70000000497998
 30
0.0
 11
15.84999999919998
 21
37.70000000497998
 31
0.0
  0
LINE
  5
8A3
330
2AF
100
AcDbEntity
  8
0
  6
Continuous
 62
     7
100
AcDbLine
 10
17.99999999942
 20
37.79956969662001
 30
0.0
 11
17.74999999904
 21
37.79956969662001
 31
0.0
  0
LINE
  5
8A4
330
2AF
100
AcDbEntity
  8
03___PRT_ALL_CURVES
  6
Continuous
 62
     4
100
AcDbLine
 10
1.459481622559991
 20
37.80000000056
 30
0.0
 11
2.626466652059975
 21
37.80000000056
 31
0.0
  0
LINE
  5
8A5
330
2AF
100
AcDbEntity
  8
03___PRT_ALL_CURVES
  6
Continuous
 62
     4
100
AcDbLine
 10
20.85566168203999
 20
37.80000000056
 30
0.0
 11
22.02264670899999
 21
37.80000000056
 31
0.0
  0
LINE
  5
8A6
330
2AF
100
AcDbEntity
  8
0
  6
Continuous
 62
     7
100
AcDbLine
 10
17.25000000081999
 20
38.10000000508001
 30
0.0
 11
17.05291979807998
 21
38.10000000508001
 31
0.0
  0
LINE
  5
8A7
330
2AF
100
AcDbEntity
  8
0
  6
Continuous
 62
     7
100
AcDbLine
 10
14.14999899992003
 20
38.10000000762
 30
0.0
 11
13.34999964234001
 21
38.10000000762
 31
0.0
  0
LINE
  5
8A8
330
2AF
100
AcDbEntity
  8
0
  6
Continuous
 62
     7
100
AcDbLine
 10
11.64999999942
 20
38.10000000762
 30
0.0
 11
10.84999999921999
 21
38.10000000762
 31
0.0
  0
LINE
  5
8A9
330
2AF
100
AcDbEntity
  8
03___PRT_ALL_CURVES
  6
Continuous
 62
     4
100
AcDbLine
 10
22.02264670899999
 20
38.11705321456003
 30
0.0
 11
21.41527967125995
 21
38.11705321456003
 31
0.0
  0
LINE
  5
8AA
330
2AF
100
AcDbEntity
  8
03___PRT_ALL_CURVES
  6
Continuous
 62
     4
100
AcDbLine
 10
2.626466652059975
 20
38.11705321456003
 30
0.0
 11
2.019099614319998
 21
38.11705321456003
 31
0.0
  0
LINE
  5
8AB
330
2AF
100
AcDbEntity
  8
03___PRT_ALL_CURVES
  6
Continuous
 62
     4
100
AcDbLine
 10
20.89004098082
 20
35.2769440891
 30
0.0
 11
21.27967261456001
 21
35.24542976554002
 31
0.0
  0
LINE
  5
8AC
330
2AF
100
AcDbEntity
  8
03___PRT_ALL_CURVES
  6
Continuous
 62
     4
100
AcDbLine
 10
1.488131009
 20
38.77694408933999
 30
0.0
 11
1.877762642739981
 21
38.74542976577999
 31
0.0
  0
LINE
  5
8AD
330
2AF
100
AcDbEntity
  8
03___PRT_ALL_CURVES
  6
Continuous
 62
     4
100
AcDbLine
 10
2.827012296179987
 20
38.44747614274002
 30
0.0
 11
3.158390208479972
 21
38.39972713486
 31
0.0
  0
LINE
  5
8AE
330
2AF
100
AcDbEntity
  8
0
  6
Continuous
 62
     7
100
AcDbLine
 10
17.74999999904
 20
30.79956969614
 30
0.0
 11
17.25000000081999
 21
31.10000000460002
 31
0.0
  0
LINE
  5
8AF
330
2AF
100
AcDbEntity
  8
0
  6
Continuous
 62
     7
100
AcDbLine
 10
16.65014920407998
 20
32.14200899245998
 30
0.0
 11
17.05291979807998
 21
31.90000000480001
 31
0.0
  0
LINE
  5
8B0
330
2AF
100
AcDbEntity
  8
03___PRT_ALL_CURVES
  6
Continuous
 62
     4
100
AcDbLine
 10
9.840381962580011
 20
119.25000000092
 30
0.0
 11
9.961459708739966
 21
119.6626875855
 31
0.0
  0
LINE
  5
8B1
330
2AF
100
AcDbEntity
  8
03___PRT_ALL_CURVES
  6
Continuous
 62
     4
100
AcDbLine
 10
10.13028643737999
 20
120.20327422086
 30
0.0
 11
10.40313772555999
 21
121.1019781537
 31
0.0
  0
LINE
  5
8B2
330
2AF
100
AcDbEntity
  8
03___PRT_ALL_CURVES
  6
Continuous
 62
     4
100
AcDbLine
 10
3.169849916320032
 20
38.20586630592001
 30
0.0
 11
2.776398404519966
 21
38.16289223388
 31
0.0
  0
LINE
  5
8B3
330
2AF
100
AcDbEntity
  8
03___PRT_ALL_CURVES
  6
Continuous
 62
     4
100
AcDbLine
 10
3.248158283960009
 20
38.88963166432001
 30
0.0
 11
3.873669931080002
 21
38.88963166432001
 31
0.0
  0
LINE
  5
8B4
330
2AF
100
AcDbEntity
  8
0
  6
Continuous
 62
     7
100
AcDbLine
 10
10.84999999921999
 20
38.90000000781998
 30
0.0
 11
11.64999999942
 21
38.90000000781998
 31
0.0
  0
LINE
  5
8B5
330
2AF
100
AcDbEntity
  8
0
  6
Continuous
 62
     7
100
AcDbLine
 10
13.34999964234001
 20
38.90000000781998
 30
0.0
 11
14.14999899992003
 21
38.90000000781998
 31
0.0
  0
LINE
  5
8B6
330
2AF
100
AcDbEntity
  8
0
  6
Continuous
 62
     7
100
AcDbLine
 10
17.05291979807998
 20
38.90000000527999
 30
0.0
 11
17.25000000081999
 21
38.90000000527999
 31
0.0
  0
LINE
  5
8B7
330
2AF
100
AcDbEntity
  8
03___PRT_ALL_CURVES
  6
Continuous
 62
     4
100
AcDbLine
 10
3.873669931080002
 20
39.19999999964003
 30
0.0
 11
2.950204704099974
 21
39.19999999964003
 31
0.0
  0
LINE
  5
8B8
330
2AF
100
AcDbEntity
  8
0
  6
Continuous
 62
     7
100
AcDbLine
 10
17.74999999904
 20
39.20043031373999
 30
0.0
 11
17.99999999942
 21
39.20043031373999
 31
0.0
  0
LINE
  5
8B9
330
2AF
100
AcDbEntity
  8
0
  6
Continuous
 62
     7
100
AcDbLine
 10
15.84999999919998
 20
39.30000000538001
 30
0.0
 11
16.65014920407998
 21
39.30000000538001
 31
0.0
  0
LINE
  5
8BA
330
2AF
100
AcDbEntity
  8
0
  6
Continuous
 62
     7
100
AcDbLine
 10
14.74999997923996
 20
39.50000000669999
 30
0.0
 11
12.74999997873999
 21
39.50000000669999
 31
0.0
  0
LINE
  5
8BB
330
2AF
100
AcDbEntity
  8
0
  6
Continuous
 62
     7
100
AcDbLine
 10
12.24999998051999
 20
39.50000000669999
 30
0.0
 11
10.24999998001996
 21
39.50000000669999
 31
0.0
  0
LINE
  5
8BC
330
2AF
100
AcDbEntity
  8
0
  6
Continuous
 62
     7
100
AcDbLine
 10
8.949997718459997
 20
39.97499951643999
 30
0.0
 11
9.701517960399968
 21
39.97499951643999
 31
0.0
  0
LINE
  5
8BD
330
2AF
100
AcDbEntity
  8
0
  6
Continuous
 62
     7
100
AcDbLine
 10
12.02499979298
 20
40.07500000731997
 30
0.0
 11
8.200000000779994
 21
40.07500000731997
 31
0.0
  0
LINE
  5
8BE
330
2AF
100
AcDbEntity
  8
03___PRT_ALL_CURVES
  6
Continuous
 62
     4
100
AcDbLine
 10
1.20000000029998
 20
40.25000000021998
 30
0.0
 11
4.199999999779976
 21
40.25000000021998
 31
0.0
  0
LINE
  5
8BF
330
2AF
100
AcDbEntity
  8
03___PRT_ALL_CURVES
  6
Continuous
 62
     4
100
AcDbLine
 10
20.59999999879994
 20
40.25000000021998
 30
0.0
 11
23.60000000081999
 21
40.25000000021998
 31
0.0
  0
LINE
  5
8C0
330
2AF
100
AcDbEntity
  8
0
  6
Continuous
 62
     7
100
AcDbLine
 10
8.200000000779994
 20
40.42500000836
 30
0.0
 11
12.02499979298
 21
40.42500000836
 31
0.0
  0
LINE
  5
8C1
330
2AF
100
AcDbEntity
  8
0
  6
Continuous
 62
     7
100
AcDbLine
 10
9.701517884199973
 20
40.52499942989999
 30
0.0
 11
8.949997718459997
 21
40.52499942989999
 31
0.0
  0
LINE
  5
8C2
330
2AF
100
AcDbEntity
  8
0
  6
Continuous
 62
     7
100
AcDbLine
 10
14.74999997923996
 20
41.00000000643999
 30
0.0
 11
12.74999997873999
 21
41.00000000643999
 31
0.0
  0
LINE
  5
8C3
330
2AF
100
AcDbEntity
  8
0
  6
Continuous
 62
     7
100
AcDbLine
 10
12.24999998051999
 20
41.00000000643999
 30
0.0
 11
10.24999998001996
 21
41.00000000643999
 31
0.0
  0
LINE
  5
8C4
330
2AF
100
AcDbEntity
  8
0
  6
Continuous
 62
     7
100
AcDbLine
 10
16.65014920407998
 20
41.20000000522001
 30
0.0
 11
15.84999999919998
 21
41.20000000522001
 31
0.0
  0
LINE
  5
8C5
330
2AF
100
AcDbEntity
  8
0
  6
Continuous
 62
     7
100
AcDbLine
 10
17.99999999942
 20
41.29956969685998
 30
0.0
 11
17.74999999904
 21
41.29956969685998
 31
0.0
  0
LINE
  5
8C6
330
2AF
100
AcDbEntity
  8
03___PRT_ALL_CURVES
  6
Continuous
 62
     4
100
AcDbLine
 10
1.460914042859997
 20
41.3000000008
 30
0.0
 11
2.627899072360009
 21
41.3000000008
 31
0.0
  0
LINE
  5
8C7
330
2AF
100
AcDbEntity
  8
03___PRT_ALL_CURVES
  6
Continuous
 62
     4
100
AcDbLine
 10
20.84181444786
 20
41.3000000008
 30
0.0
 11
22.00879947735999
 21
41.3000000008
 31
0.0
  0
LINE
  5
8C8
330
2AF
100
AcDbEntity
  8
03___PRT_ALL_CURVES
  6
Continuous
 62
     4
100
AcDbLine
 10
22.84345159265996
 20
41.3000000008
 30
0.0
 11
23.18246936521999
 21
41.3000000008
 31
0.0
  0
LINE
  5
8C9
330
2AF
100
AcDbEntity
  8
03___PRT_ALL_CURVES
  6
Continuous
 62
     4
100
AcDbLine
 10
22.13485676905998
 20
41.5616643873
 30
0.0
 11
22.84345159265996
 21
41.5616643873
 31
0.0
  0
LINE
  5
8CA
330
2AF
100
AcDbEntity
  8
03___PRT_ALL_CURVES
  6
Continuous
 62
     4
100
AcDbLine
 10
23.18246936521999
 20
41.5616643873
 30
0.0
 11
23.35818550349998
 21
41.5616643873
 31
0.0
  0
LINE
  5
8CB
330
2AF
100
AcDbEntity
  8
0
  6
Continuous
 62
     7
100
AcDbLine
 10
17.25000000081999
 20
41.60000000532
 30
0.0
 11
17.05291979807998
 21
41.60000000532
 31
0.0
  0
LINE
  5
8CC
330
2AF
100
AcDbEntity
  8
0
  6
Continuous
 62
     7
100
AcDbLine
 10
14.14999899992003
 20
41.60000000785999
 30
0.0
 11
13.34999964234001
 21
41.60000000785999
 31
0.0
  0
LINE
  5
8CD
330
2AF
100
AcDbEntity
  8
0
  6
Continuous
 62
     7
100
AcDbLine
 10
11.64999999942
 20
41.60000000785999
 30
0.0
 11
10.84999999921999
 21
41.60000000785999
 31
0.0
  0
LINE
  5
8CE
330
2AF
100
AcDbEntity
  8
03___PRT_ALL_CURVES
  6
Continuous
 62
     4
100
AcDbLine
 10
22.00879947735999
 20
41.61705321226
 30
0.0
 11
21.40143243962001
 21
41.61705321226
 31
0.0
  0
LINE
  5
8CF
330
2AF
100
AcDbEntity
  8
03___PRT_ALL_CURVES
  6
Continuous
 62
     4
100
AcDbLine
 10
2.627899072360009
 20
41.61705321226
 30
0.0
 11
2.020532032079984
 21
41.61705321226
 31
0.0
  0
LINE
  5
8D0
330
2AF
100
AcDbEntity
  8
03___PRT_ALL_CURVES
  6
Continuous
 62
     4
100
AcDbLine
 10
23.35818550349998
 20
41.86343792142
 30
0.0
 11
23.18246936521999
 21
41.86343792142
 31
0.0
  0
LINE
  5
8D1
330
2AF
100
AcDbEntity
  8
03___PRT_ALL_CURVES
  6
Continuous
 62
     4
100
AcDbLine
 10
22.84345159265996
 20
41.86343792142
 30
0.0
 11
22.46814460388001
 21
41.86343792142
 31
0.0
  0
LINE
  5
8D2
330
2AF
100
AcDbEntity
  8
0
  6
Continuous
 62
     7
100
AcDbLine
 10
10.84999999921999
 20
42.40000000806
 30
0.0
 11
11.64999999942
 21
42.40000000806
 31
0.0
  0
LINE
  5
8D3
330
2AF
100
AcDbEntity
  8
0
  6
Continuous
 62
     7
100
AcDbLine
 10
13.34999964234001
 20
42.40000000806
 30
0.0
 11
14.14999899992003
 21
42.40000000806
 31
0.0
  0
LINE
  5
8D4
330
2AF
100
AcDbEntity
  8
0
  6
Continuous
 62
     7
100
AcDbLine
 10
17.05291979807998
 20
42.40000000552001
 30
0.0
 11
17.25000000081999
 21
42.40000000552001
 31
0.0
  0
LINE
  5
8D5
330
2AF
100
AcDbEntity
  8
0
  6
Continuous
 62
     7
100
AcDbLine
 10
17.74999999904
 20
42.70043031397998
 30
0.0
 11
17.99999999942
 21
42.70043031397998
 31
0.0
  0
LINE
  5
8D6
330
2AF
100
AcDbEntity
  8
03___PRT_ALL_CURVES
  6
Continuous
 62
     4
100
AcDbLine
 10
23.18246936521999
 20
42.72387454445999
 30
0.0
 11
22.84345159265996
 21
42.72387454445999
 31
0.0
  0
LINE
  5
8D7
330
2AF
100
AcDbEntity
  8
0
  6
Continuous
 62
     7
100
AcDbLine
 10
15.84999999919998
 20
42.80000000562001
 30
0.0
 11
16.65014920407998
 21
42.80000000562001
 31
0.0
  0
LINE
  5
8D8
330
2AF
100
AcDbEntity
  8
0
  6
Continuous
 62
     7
100
AcDbLine
 10
14.74999997923996
 20
43.00000000693998
 30
0.0
 11
12.74999997873999
 21
43.00000000693998
 31
0.0
  0
LINE
  5
8D9
330
2AF
100
AcDbEntity
  8
0
  6
Continuous
 62
     7
100
AcDbLine
 10
12.24999998051999
 20
43.00000000693998
 30
0.0
 11
10.24999998001996
 21
43.00000000693998
 31
0.0
  0
LINE
  5
8DA
330
2AF
100
AcDbEntity
  8
03___PRT_ALL_CURVES
  6
Continuous
 62
     4
100
AcDbLine
 10
20.88431106593998
 20
38.77694408933999
 30
0.0
 11
21.27394269967999
 21
38.74542976577999
 31
0.0
  0
LINE
  5
8DB
330
2AF
100
AcDbEntity
  8
03___PRT_ALL_CURVES
  6
Continuous
 62
     4
100
AcDbLine
 10
1.489563426759986
 20
42.27694408958001
 30
0.0
 11
1.879195060499995
 21
42.24542976602001
 31
0.0
  0
LINE
  5
8DC
330
2AF
100
AcDbEntity
  8
03___PRT_ALL_CURVES
  6
Continuous
 62
     4
100
AcDbLine
 10
20.87046383429998
 20
42.27694408958001
 30
0.0
 11
21.26009546803996
 21
42.24542976602001
 31
0.0
  0
LINE
  5
8DD
330
2AF
100
AcDbEntity
  8
03___PRT_ALL_CURVES
  6
Continuous
 62
     4
100
AcDbLine
 10
2.803615291920011
 20
42.36098222731999
 30
0.0
 11
3.171282336619981
 21
42.29508869642001
 31
0.0
  0
LINE
  5
8DE
330
2AF
100
AcDbEntity
  8
0
  6
Continuous
 62
     7
100
AcDbLine
 10
17.74999999904
 20
34.29956969637999
 30
0.0
 11
17.25000000081999
 21
34.60000000484001
 31
0.0
  0
LINE
  5
8DF
330
2AF
100
AcDbEntity
  8
0
  6
Continuous
 62
     7
100
AcDbLine
 10
16.65014920407998
 20
35.6420089927
 30
0.0
 11
17.05291979807998
 21
35.40000000504
 31
0.0
  0
LINE
  5
8E0
330
2AF
100
AcDbEntity
  8
0
  6
Continuous
 62
     7
100
AcDbLine
 10
17.74999999904
 20
37.79956969662001
 30
0.0
 11
17.25000000081999
 21
38.10000000508001
 31
0.0
  0
LINE
  5
8E1
330
2AF
100
AcDbEntity
  8
0
  6
Continuous
 62
     7
100
AcDbLine
 10
16.65014920407998
 20
39.14200899293999
 30
0.0
 11
17.05291979807998
 21
38.90000000527999
 31
0.0
  0
LINE
  5
8E2
330
2AF
100
AcDbEntity
  8
0
  6
Continuous
 62
     7
100
AcDbLine
 10
-0.2500000003800267
 20
5.999999998960021
 30
0.0
 11
-0.2500000003800267
 21
124.00000000052
 31
0.0
  0
LINE
  5
8E3
330
2AF
100
AcDbEntity
  8
03___PRT_ALL_CURVES
  6
Continuous
 62
     4
100
AcDbLine
 10
3.171282336619981
 20
41.72114598604
 30
0.0
 11
2.782605717479981
 21
41.66957709247998
 31
0.0
  0
LINE
  5
8E4
330
2AF
100
AcDbEntity
  8
0
  6
Continuous
 62
     7
100
AcDbLine
 10
8.949997718459997
 20
43.47499951668001
 30
0.0
 11
9.701517884199973
 21
43.47499951668001
 31
0.0
  0
LINE
  5
8E5
330
2AF
100
AcDbEntity
  8
0
  6
Continuous
 62
     7
100
AcDbLine
 10
12.02499979298
 20
43.57500000756002
 30
0.0
 11
8.200000000779994
 21
43.57500000756002
 31
0.0
  0
LINE
  5
8E6
330
2AF
100
AcDbEntity
  8
03___PRT_ALL_CURVES
  6
Continuous
 62
     4
100
AcDbLine
 10
23.60000000081999
 20
43.75000000046001
 30
0.0
 11
20.59999999879994
 21
43.75000000046001
 31
0.0
  0
LINE
  5
8E7
330
2AF
100
AcDbEntity
  8
03___PRT_ALL_CURVES
  6
Continuous
 62
     4
100
AcDbLine
 10
4.199999999779976
 20
43.75000000046001
 30
0.0
 11
1.20000000029998
 21
43.75000000046001
 31
0.0
  0
LINE
  5
8E8
330
2AF
100
AcDbEntity
  8
0
  6
Continuous
 62
     7
100
AcDbLine
 10
8.200000000779994
 20
43.92500000859999
 30
0.0
 11
12.02499979298
 21
43.92500000859999
 31
0.0
  0
LINE
  5
8E9
330
2AF
100
AcDbEntity
  8
0
  6
Continuous
 62
     7
100
AcDbLine
 10
9.701517808000006
 20
44.02499943014001
 30
0.0
 11
8.949997718459997
 21
44.02499943014001
 31
0.0
  0
LINE
  5
8EA
330
2AF
100
AcDbEntity
  8
0
  6
Continuous
 62
     7
100
AcDbLine
 10
14.74999997923996
 20
44.50000000668001
 30
0.0
 11
12.74999997873999
 21
44.50000000668001
 31
0.0
  0
LINE
  5
8EB
330
2AF
100
AcDbEntity
  8
0
  6
Continuous
 62
     7
100
AcDbLine
 10
12.24999998051999
 20
44.50000000668001
 30
0.0
 11
10.24999998001996
 21
44.50000000668001
 31
0.0
  0
LINE
  5
8EC
330
2AF
100
AcDbEntity
  8
0
  6
Continuous
 62
     7
100
AcDbLine
 10
16.65014920407998
 20
44.70000000546
 30
0.0
 11
15.84999999919998
 21
44.70000000546
 31
0.0
  0
LINE
  5
8ED
330
2AF
100
AcDbEntity
  8
0
  6
Continuous
 62
     7
100
AcDbLine
 10
17.99999999942
 20
44.79956969710003
 30
0.0
 11
17.74999999904
 21
44.79956969710003
 31
0.0
  0
LINE
  5
8EE
330
2AF
100
AcDbEntity
  8
03___PRT_ALL_CURVES
  6
Continuous
 62
     4
100
AcDbLine
 10
1.592701224039985
 20
44.79999999850003
 30
0.0
 11
2.759686250999977
 21
44.79999999850003
 31
0.0
  0
LINE
  5
8EF
330
2AF
100
AcDbEntity
  8
03___PRT_ALL_CURVES
  6
Continuous
 62
     4
100
AcDbLine
 10
3.413847251539977
 20
44.79999999850003
 30
0.0
 11
3.807298847159984
 21
44.79999999850003
 31
0.0
  0
LINE
  5
8F0
330
2AF
100
AcDbEntity
  8
03___PRT_ALL_CURVES
  6
Continuous
 62
     4
100
AcDbLine
 10
20.86425643244002
 20
44.79999999850003
 30
0.0
 11
22.03124146194
 21
44.79999999850003
 31
0.0
  0
LINE
  5
8F1
330
2AF
100
AcDbEntity
  8
03___PRT_ALL_CURVES
  6
Continuous
 62
     4
100
AcDbLine
 10
22.16875846148
 20
44.79999999850003
 30
0.0
 11
23.33574344779998
 21
44.79999999850003
 31
0.0
  0
LINE
  5
8F2
330
2AF
100
AcDbEntity
  8
0
  6
Continuous
 62
     7
100
AcDbLine
 10
17.25000000081999
 20
45.10000000556002
 30
0.0
 11
17.05291979807998
 21
45.10000000556002
 31
0.0
  0
LINE
  5
8F3
330
2AF
100
AcDbEntity
  8
0
  6
Continuous
 62
     7
100
AcDbLine
 10
14.14999899992003
 20
45.10000000810001
 30
0.0
 11
13.34999964234001
 21
45.10000000810001
 31
0.0
  0
LINE
  5
8F4
330
2AF
100
AcDbEntity
  8
0
  6
Continuous
 62
     7
100
AcDbLine
 10
11.64999999942
 20
45.10000000810001
 30
0.0
 11
10.84999999921999
 21
45.10000000810001
 31
0.0
  0
LINE
  5
8F5
330
2AF
100
AcDbEntity
  8
03___PRT_ALL_CURVES
  6
Continuous
 62
     4
100
AcDbLine
 10
23.33574344779998
 20
45.1170532125
 30
0.0
 11
22.72837641005998
 21
45.1170532125
 31
0.0
  0
LINE
  5
8F6
330
2AF
100
AcDbEntity
  8
03___PRT_ALL_CURVES
  6
Continuous
 62
     4
100
AcDbLine
 10
22.03124146194
 20
45.1170532125
 30
0.0
 11
21.42387442165997
 21
45.1170532125
 31
0.0
  0
LINE
  5
8F7
330
2AF
100
AcDbEntity
  8
03___PRT_ALL_CURVES
  6
Continuous
 62
     4
100
AcDbLine
 10
2.759686250999977
 20
45.1170532125
 30
0.0
 11
2.15231921326
 21
45.1170532125
 31
0.0
  0
LINE
  5
8F8
330
2AF
100
AcDbEntity
  8
0
  6
Continuous
 62
     7
100
AcDbLine
 10
10.84999999921999
 20
45.9000000083
 30
0.0
 11
11.64999999942
 21
45.9000000083
 31
0.0
  0
LINE
  5
8F9
330
2AF
100
AcDbEntity
  8
0
  6
Continuous
 62
     7
100
AcDbLine
 10
13.34999964234001
 20
45.9000000083
 30
0.0
 11
14.14999899992003
 21
45.9000000083
 31
0.0
  0
LINE
  5
8FA
330
2AF
100
AcDbEntity
  8
0
  6
Continuous
 62
     7
100
AcDbLine
 10
17.05291979807998
 20
45.90000000576001
 30
0.0
 11
17.25000000081999
 21
45.90000000576001
 31
0.0
  0
LINE
  5
8FB
330
2AF
100
AcDbEntity
  8
0
  6
Continuous
 62
     7
100
AcDbLine
 10
17.74999999904
 20
46.20043031422
 30
0.0
 11
17.99999999942
 21
46.20043031422
 31
0.0
  0
LINE
  5
8FC
330
2AF
100
AcDbEntity
  8
03___PRT_ALL_CURVES
  6
Continuous
 62
     4
100
AcDbLine
 10
3.807298847159984
 20
46.22387454470001
 30
0.0
 11
3.48547072017999
 21
46.22387454470001
 31
0.0
  0
LINE
  5
8FD
330
2AF
100
AcDbEntity
  8
0
  6
Continuous
 62
     7
100
AcDbLine
 10
15.84999999919998
 20
46.30000000586
 30
0.0
 11
16.65014920407998
 21
46.30000000586
 31
0.0
  0
LINE
  5
8FE
330
2AF
100
AcDbEntity
  8
0
  6
Continuous
 62
     7
100
AcDbLine
 10
14.74999997923996
 20
46.50000000718001
 30
0.0
 11
12.74999997873999
 21
46.50000000718001
 31
0.0
  0
LINE
  5
8FF
330
2AF
100
AcDbEntity
  8
0
  6
Continuous
 62
     7
100
AcDbLine
 10
12.24999998051999
 20
46.50000000718001
 30
0.0
 11
10.24999998001996
 21
46.50000000718001
 31
0.0
  0
LINE
  5
900
330
2AF
100
AcDbEntity
  8
0
  6
Continuous
 62
     7
100
AcDbLine
 10
8.949997718459997
 20
46.97499951692001
 30
0.0
 11
9.701517808000006
 21
46.97499951692001
 31
0.0
  0
LINE
  5
901
330
2AF
100
AcDbEntity
  8
0
  6
Continuous
 62
     7
100
AcDbLine
 10
12.02499979298
 20
47.07500000779999
 30
0.0
 11
8.200000000779994
 21
47.07500000779999
 31
0.0
  0
LINE
  5
902
330
2AF
100
AcDbEntity
  8
03___PRT_ALL_CURVES
  6
Continuous
 62
     4
100
AcDbLine
 10
1.20000000029998
 20
47.2500000007
 30
0.0
 11
4.199999999779976
 21
47.2500000007
 31
0.0
  0
LINE
  5
903
330
2AF
100
AcDbEntity
  8
03___PRT_ALL_CURVES
  6
Continuous
 62
     4
100
AcDbLine
 10
20.59999999879994
 20
47.2500000007
 30
0.0
 11
23.60000000081999
 21
47.2500000007
 31
0.0
  0
LINE
  5
904
330
2AF
100
AcDbEntity
  8
0
  6
Continuous
 62
     7
100
AcDbLine
 10
8.200000000779994
 20
47.4250000063
 30
0.0
 11
12.02499979298
 21
47.4250000063
 31
0.0
  0
LINE
  5
905
330
2AF
100
AcDbEntity
  8
0
  6
Continuous
 62
     7
100
AcDbLine
 10
9.701517731799953
 20
47.52499943038001
 30
0.0
 11
8.949997718459997
 21
47.52499943038001
 31
0.0
  0
LINE
  5
906
330
2AF
100
AcDbEntity
  8
03___PRT_ALL_CURVES
  6
Continuous
 62
     4
100
AcDbLine
 10
1.621350607940002
 20
45.77694408982001
 30
0.0
 11
2.010982241679983
 21
45.74542976626
 31
0.0
  0
LINE
  5
907
330
2AF
100
AcDbEntity
  8
03___PRT_ALL_CURVES
  6
Continuous
 62
     4
100
AcDbLine
 10
20.89290581633998
 20
45.77694408982001
 30
0.0
 11
21.28253745007999
 21
45.74542976626
 31
0.0
  0
LINE
  5
908
330
2AF
100
AcDbEntity
  8
03___PRT_ALL_CURVES
  6
Continuous
 62
     4
100
AcDbLine
 10
22.19740789871997
 20
45.77694408982001
 30
0.0
 11
22.58703956294002
 21
45.74542976626
 31
0.0
  0
LINE
  5
909
330
2AF
100
AcDbEntity
  8
0
  6
Continuous
 62
     7
100
AcDbLine
 10
17.74999999904
 20
41.29956969685998
 30
0.0
 11
17.25000000081999
 21
41.60000000532
 31
0.0
  0
LINE
  5
90A
330
2AF
100
AcDbEntity
  8
0
  6
Continuous
 62
     7
100
AcDbLine
 10
16.65014920407998
 20
42.64200899318001
 30
0.0
 11
17.05291979807998
 21
42.40000000552001
 31
0.0
  0
LINE
  5
90B
330
2AF
100
AcDbEntity
  8
0
  6
Continuous
 62
     7
100
AcDbLine
 10
0.0
 20
129.99999999948
 30
0.0
 11
0.0
 21
124.00000000052
 31
0.0
  0
LINE
  5
90C
330
2AF
100
AcDbEntity
  8
0
  6
Continuous
 62
     7
100
AcDbLine
 10
0.0
 20
5.999999998960021
 30
0.0
 11
0.0
 21
0.0
 31
0.0
  0
LINE
  5
90D
330
2AF
100
AcDbEntity
  8
06___PRT_ALL_SURFS
  6
Continuous
 62
     7
100
AcDbLine
 10
0.0
 20
0.0
 30
0.0
 11
0.0
 21
6.799999999160008
 31
0.0
  0
LINE
  5
90E
330
2AF
100
AcDbEntity
  8
06___PRT_ALL_SURFS
  6
Continuous
 62
     7
100
AcDbLine
 10
0.0
 20
123.20000000032
 30
0.0
 11
0.0
 21
129.99999999948
 31
0.0
  0
LINE
  5
90F
330
2AF
100
AcDbEntity
  8
03___PRT_ALL_CURVES
  6
Continuous
 62
     4
100
AcDbLine
 10
1.20000000029998
 20
82.25000000056
 30
0.0
 11
1.20000000029998
 21
19.24999999878
 31
0.0
  0
LINE
  5
910
330
2AF
100
AcDbEntity
  8
03___PRT_ALL_CURVES
  6
Continuous
 62
     4
100
AcDbLine
 10
1.513437961179989
 20
56.34856755664001
 30
0.0
 11
1.513437961179989
 21
56.02960439979998
 31
0.0
  0
LINE
  5
911
330
2AF
100
AcDbEntity
  8
03___PRT_ALL_CURVES
  6
Continuous
 62
     4
100
AcDbLine
 10
1.514870381479994
 20
59.84856755687997
 30
0.0
 11
1.514870381479994
 21
59.52960440004003
 31
0.0
  0
LINE
  5
912
330
2AF
100
AcDbEntity
  8
03___PRT_ALL_CURVES
  6
Continuous
 62
     4
100
AcDbLine
 10
1.516302918619971
 20
52.84856755639998
 30
0.0
 11
1.516302918619971
 21
52.52960439956001
 31
0.0
  0
LINE
  5
913
330
2AF
100
AcDbEntity
  8
03___PRT_ALL_CURVES
  6
Continuous
 62
     4
100
AcDbLine
 10
1.516780352259985
 20
49.34856755616002
 30
0.0
 11
1.516780352259985
 21
49.02960439931999
 31
0.0
  0
LINE
  5
914
330
2AF
100
AcDbEntity
  8
03___PRT_ALL_CURVES
  6
Continuous
 62
     4
100
AcDbLine
 10
1.646657562659982
 20
63.34856755712002
 30
0.0
 11
1.646657562659982
 21
63.02960439774
 31
0.0
  0
LINE
  5
915
330
2AF
100
AcDbEntity
  8
03___PRT_ALL_CURVES
  6
Continuous
 62
     4
100
AcDbLine
 10
1.922169196039988
 20
56.23301501152002
 30
0.0
 11
1.922169196039988
 21
55.29999999922001
 31
0.0
  0
LINE
  5
916
330
2AF
100
AcDbEntity
  8
03___PRT_ALL_CURVES
  6
Continuous
 62
     4
100
AcDbLine
 10
1.923601613799974
 20
59.73301501176002
 30
0.0
 11
1.923601613799974
 21
58.79999999945997
 31
0.0
  0
LINE
  5
917
330
2AF
100
AcDbEntity
  8
03___PRT_ALL_CURVES
  6
Continuous
 62
     4
100
AcDbLine
 10
1.925034153479999
 20
52.73301501128
 30
0.0
 11
1.925034153479999
 21
51.79999999897998
 31
0.0
  0
LINE
  5
918
330
2AF
100
AcDbEntity
  8
03___PRT_ALL_CURVES
  6
Continuous
 62
     4
100
AcDbLine
 10
1.925511587119985
 20
49.23301501358
 30
0.0
 11
1.925511587119985
 21
48.29999999873999
 31
0.0
  0
LINE
  5
919
330
2AF
100
AcDbEntity
  8
03___PRT_ALL_CURVES
  6
Continuous
 62
     4
100
AcDbLine
 10
2.05538879497999
 20
63.23301501200001
 30
0.0
 11
2.05538879497999
 21
62.29999999970002
 31
0.0
  0
LINE
  5
91A
330
2AF
100
AcDbEntity
  8
03___PRT_ALL_CURVES
  6
Continuous
 62
     4
100
AcDbLine
 10
2.315620751019964
 20
55.29999999922001
 30
0.0
 11
2.315620751019964
 21
56.72387454541999
 31
0.0
  0
LINE
  5
91B
330
2AF
100
AcDbEntity
  8
03___PRT_ALL_CURVES
  6
Continuous
 62
     4
100
AcDbLine
 10
2.317053168779978
 20
58.79999999945997
 30
0.0
 11
2.317053168779978
 21
60.22387454566001
 31
0.0
  0
LINE
  5
91C
330
2AF
100
AcDbEntity
  8
03___PRT_ALL_CURVES
  6
Continuous
 62
     4
100
AcDbLine
 10
2.318485705920011
 20
51.79999999897998
 30
0.0
 11
2.318485705920011
 21
53.22387454518002
 31
0.0
  0
LINE
  5
91D
330
2AF
100
AcDbEntity
  8
03___PRT_ALL_CURVES
  6
Continuous
 62
     4
100
AcDbLine
 10
2.318963139559997
 20
48.29999999873999
 30
0.0
 11
2.318963139559997
 21
49.72387454493997
 31
0.0
  0
LINE
  5
91E
330
2AF
100
AcDbEntity
  8
03___PRT_ALL_CURVES
  6
Continuous
 62
     4
100
AcDbLine
 10
2.448840349960022
 20
62.29999999970002
 30
0.0
 11
2.448840349960022
 21
63.72387454589997
 31
0.0
  0
LINE
  5
91F
330
2AF
100
AcDbEntity
  8
02___PRT_ALL_AXES
  6
Continuous
 62
     7
100
AcDbLine
 10
2.499999998719971
 20
129.99999999948
 30
0.0
 11
2.499999998719971
 21
124.00000000052
 31
0.0
  0
LINE
  5
920
330
2AF
100
AcDbEntity
  8
02___PRT_ALL_AXES
  6
Continuous
 62
     7
100
AcDbLine
 10
2.499999998719971
 20
5.999999998960021
 30
0.0
 11
2.499999998719971
 21
0.0
 31
0.0
  0
LINE
  5
921
330
2AF
100
AcDbEntity
  8
03___PRT_ALL_CURVES
  6
Continuous
 62
     4
100
AcDbLine
 10
2.626466652059975
 20
37.80000000056
 30
0.0
 11
2.626466652059975
 21
38.11705321456003
 31
0.0
  0
LINE
  5
922
330
2AF
100
AcDbEntity
  8
03___PRT_ALL_CURVES
  6
Continuous
 62
     4
100
AcDbLine
 10
2.627899072360009
 20
41.3000000008
 30
0.0
 11
2.627899072360009
 21
41.61705321226
 31
0.0
  0
LINE
  5
923
330
2AF
100
AcDbEntity
  8
03___PRT_ALL_CURVES
  6
Continuous
 62
     4
100
AcDbLine
 10
2.629331609499985
 20
34.30000000032001
 30
0.0
 11
2.629331609499985
 21
34.61705321431998
 31
0.0
  0
LINE
  5
924
330
2AF
100
AcDbEntity
  8
03___PRT_ALL_CURVES
  6
Continuous
 62
     4
100
AcDbLine
 10
2.62980904314
 20
30.80000000008002
 30
0.0
 11
2.62980904314
 21
31.11705321408002
 31
0.0
  0
LINE
  5
925
330
2AF
100
AcDbEntity
  8
03___PRT_ALL_CURVES
  6
Continuous
 62
     4
100
AcDbLine
 10
2.748226517759974
 20
53.2000000006
 30
0.0
 11
2.748226517759974
 21
52.87148705589999
 31
0.0
  0
LINE
  5
926
330
2AF
100
AcDbEntity
  8
03___PRT_ALL_CURVES
  6
Continuous
 62
     4
100
AcDbLine
 10
2.759686250999977
 20
44.79999999850003
 30
0.0
 11
2.759686250999977
 21
45.1170532125
 31
0.0
  0
LINE
  5
927
330
2AF
100
AcDbEntity
  8
03___PRT_ALL_CURVES
  6
Continuous
 62
     4
100
AcDbLine
 10
2.78785817077997
 20
70.69999999926
 30
0.0
 11
2.78785817077997
 21
70.37148705710001
 31
0.0
  0
LINE
  5
928
330
2AF
100
AcDbEntity
  8
03___PRT_ALL_CURVES
  6
Continuous
 62
     4
100
AcDbLine
 10
2.802182861460011
 20
35.69999999939998
 30
0.0
 11
2.802182861460011
 21
35.37148705723999
 31
0.0
  0
LINE
  5
929
330
2AF
100
AcDbEntity
  8
03___PRT_ALL_CURVES
  6
Continuous
 62
     4
100
AcDbLine
 10
2.95115958916
 20
63.34856755712002
 30
0.0
 11
2.95115958916
 21
63.02960439774
 31
0.0
  0
LINE
  5
92A
330
2AF
100
AcDbEntity
  8
03___PRT_ALL_CURVES
  6
Continuous
 62
     4
100
AcDbLine
 10
2.990791244719986
 20
80.84856755832001
 30
0.0
 11
2.990791244719986
 21
80.52960439894
 31
0.0
  0
LINE
  5
92B
330
2AF
100
AcDbEntity
  8
03___PRT_ALL_CURVES
  6
Continuous
 62
     4
100
AcDbLine
 10
2.996521118960004
 20
28.34856755726
 30
0.0
 11
2.996521118960004
 21
28.02960439788001
 31
0.0
  0
LINE
  5
92C
330
2AF
100
AcDbEntity
  8
03___PRT_ALL_CURVES
  6
Continuous
 62
     4
100
AcDbLine
 10
3.005115935399999
 20
45.84856755591997
 30
0.0
 11
3.005115935399999
 21
45.52960439908
 31
0.0
  0
LINE
  5
92D
330
2AF
100
AcDbEntity
  8
03___PRT_ALL_CURVES
  6
Continuous
 62
     4
100
AcDbLine
 10
3.359890907839997
 20
63.23301501200001
 30
0.0
 11
3.359890907839997
 21
62.29999999970002
 31
0.0
  0
LINE
  5
92E
330
2AF
100
AcDbEntity
  8
03___PRT_ALL_CURVES
  6
Continuous
 62
     4
100
AcDbLine
 10
3.399522560859992
 20
80.7330150132
 30
0.0
 11
3.399522560859992
 21
79.80000000089998
 31
0.0
  0
LINE
  5
92F
330
2AF
100
AcDbEntity
  8
03___PRT_ALL_CURVES
  6
Continuous
 62
     4
100
AcDbLine
 10
3.405252437640002
 20
28.23301501214002
 30
0.0
 11
3.405252437640002
 21
27.29999999984
 31
0.0
  0
LINE
  5
930
330
2AF
100
AcDbEntity
  8
03___PRT_ALL_CURVES
  6
Continuous
 62
     4
100
AcDbLine
 10
3.413847251539977
 20
45.73301501334001
 30
0.0
 11
3.413847251539977
 21
44.79999999850003
 31
0.0
  0
LINE
  5
931
330
2AF
100
AcDbEntity
  8
03___PRT_ALL_CURVES
  6
Continuous
 62
     4
100
AcDbLine
 10
3.753342503460004
 20
62.29999999970002
 30
0.0
 11
3.753342503460004
 21
63.72387454589997
 31
0.0
  0
LINE
  5
932
330
2AF
100
AcDbEntity
  8
03___PRT_ALL_CURVES
  6
Continuous
 62
     4
100
AcDbLine
 10
3.79297415648
 20
79.80000000089998
 30
0.0
 11
3.79297415648
 21
81.22387454456003
 31
0.0
  0
LINE
  5
933
330
2AF
100
AcDbEntity
  8
03___PRT_ALL_CURVES
  6
Continuous
 62
     4
100
AcDbLine
 10
3.79870403325998
 20
27.29999999984
 30
0.0
 11
3.79870403325998
 21
28.72387454604001
 31
0.0
  0
LINE
  5
934
330
2AF
100
AcDbEntity
  8
03___PRT_ALL_CURVES
  6
Continuous
 62
     4
100
AcDbLine
 10
3.807298847159984
 20
44.79999999850003
 30
0.0
 11
3.807298847159984
 21
46.22387454470001
 31
0.0
  0
LINE
  5
935
330
2AF
100
AcDbEntity
  8
03___PRT_ALL_CURVES
  6
Continuous
 62
     4
100
AcDbLine
 10
3.819713587379994
 20
56.38963166552
 30
0.0
 11
3.819713587379994
 21
56.70000000083999
 31
0.0
  0
LINE
  5
936
330
2AF
100
AcDbEntity
  8
03___PRT_ALL_CURVES
  6
Continuous
 62
     4
100
AcDbLine
 10
3.859345240399989
 20
73.88963166418
 30
0.0
 11
3.859345240399989
 21
74.19999999950002
 31
0.0
  0
LINE
  5
937
330
2AF
100
AcDbEntity
  8
03___PRT_ALL_CURVES
  6
Continuous
 62
     4
100
AcDbLine
 10
3.865075117179998
 20
21.38963166566
 30
0.0
 11
3.865075117179998
 21
21.70000000098
 31
0.0
  0
LINE
  5
938
330
2AF
100
AcDbEntity
  8
03___PRT_ALL_CURVES
  6
Continuous
 62
     4
100
AcDbLine
 10
3.873669931080002
 20
38.88963166432001
 30
0.0
 11
3.873669931080002
 21
39.19999999964003
 31
0.0
  0
LINE
  5
939
330
2AF
100
AcDbEntity
  8
03___PRT_ALL_CURVES
  6
Continuous
 62
     4
100
AcDbLine
 10
3.883697264340014
 20
52.93738058679997
 30
0.0
 11
3.883697264340014
 21
53.2000000006
 31
0.0
  0
LINE
  5
93A
330
2AF
100
AcDbEntity
  8
03___PRT_ALL_CURVES
  6
Continuous
 62
     4
100
AcDbLine
 10
3.92332891736001
 20
70.43738058800002
 30
0.0
 11
3.92332891736001
 21
70.69999999926
 31
0.0
  0
LINE
  5
93B
330
2AF
100
AcDbEntity
  8
03___PRT_ALL_CURVES
  6
Continuous
 62
     4
100
AcDbLine
 10
3.937653610580014
 20
35.43738058814
 30
0.0
 11
3.937653610580014
 21
35.69999999939998
 31
0.0
  0
LINE
  5
93C
330
2AF
100
AcDbEntity
  8
03___PRT_ALL_CURVES
  6
Continuous
 62
     4
100
AcDbLine
 10
4.199999999779976
 20
19.24999999878
 30
0.0
 11
4.199999999779976
 21
82.25000000056
 31
0.0
  0
LINE
  5
93D
330
2AF
100
AcDbEntity
  8
03___PRT_ALL_CURVES
  6
Continuous
 62
     4
100
AcDbLine
 10
3.240995948779982
 20
77.18240112129999
 30
0.0
 11
3.220941251779948
 21
76.90450202762
 31
0.0
  0
LINE
  5
93E
330
2AF
100
AcDbEntity
  8
03___PRT_ALL_CURVES
  6
Continuous
 62
     4
100
AcDbLine
 10
3.201364295759987
 20
59.6824011201
 30
0.0
 11
3.181309598759981
 21
59.40450202896
 31
0.0
  0
LINE
  5
93F
330
2AF
100
AcDbEntity
  8
03___PRT_ALL_CURVES
  6
Continuous
 62
     4
100
AcDbLine
 10
3.20040926338001
 20
73.67953615092
 30
0.0
 11
3.233833593279968
 21
73.88963166418
 31
0.0
  0
LINE
  5
940
330
2AF
100
AcDbEntity
  8
03___PRT_ALL_CURVES
  6
Continuous
 62
     4
100
AcDbLine
 10
2.935880010879998
 20
74.19999999950002
 30
0.0
 11
2.812687605500003
 21
73.44747614260001
 31
0.0
  0
LINE
  5
941
330
2AF
100
AcDbEntity
  8
03___PRT_ALL_CURVES
  6
Continuous
 62
     4
100
AcDbLine
 10
2.896248357860003
 20
56.70000000083999
 30
0.0
 11
2.773055952480007
 21
55.94747614139999
 31
0.0
  0
LINE
  5
942
330
2AF
100
AcDbEntity
  8
0
  6
Continuous
 62
     2
100
AcDbLine
 10
15.72899691379996
 20
85.75000000841999
 30
0.0
 11
16.32899690759996
 21
86.34999999968
 31
0.0
  0
LINE
  5
943
330
2AF
100
AcDbEntity
  8
0
  6
Continuous
 62
     2
100
AcDbLine
 10
21.96575231935998
 20
91.79999999882
 30
0.0
 11
22.06575232002001
 21
91.89999999948
 31
0.0
  0
LINE
  5
944
330
2AF
100
AcDbEntity
  8
0
  6
Continuous
 62
     7
100
AcDbLine
 10
17.25000000081999
 20
80.90000000562
 30
0.0
 11
17.74999999904
 21
81.20043031408002
 31
0.0
  0
LINE
  5
945
330
2AF
100
AcDbEntity
  8
0
  6
Continuous
 62
     7
100
AcDbLine
 10
17.05291979807998
 20
80.10000000541999
 30
0.0
 11
16.65014920407998
 21
79.85799101776001
 31
0.0
  0
LINE
  5
946
330
2AF
100
AcDbEntity
  8
03___PRT_ALL_CURVES
  6
Continuous
 62
     4
100
AcDbLine
 10
3.145975392060024
 20
48.66289223460001
 30
0.0
 11
2.759208695440009
 21
48.61418826545997
 31
0.0
  0
LINE
  5
947
330
2AF
100
AcDbEntity
  8
0
  6
Continuous
 62
     7
100
AcDbLine
 10
14.74999997923996
 20
48.00000000691998
 30
0.0
 11
12.74999997873999
 21
48.00000000691998
 31
0.0
  0
LINE
  5
948
330
2AF
100
AcDbEntity
  8
0
  6
Continuous
 62
     7
100
AcDbLine
 10
12.24999998051999
 20
48.00000000691998
 30
0.0
 11
10.24999998001996
 21
48.00000000691998
 31
0.0
  0
LINE
  5
949
330
2AF
100
AcDbEntity
  8
0
  6
Continuous
 62
     7
100
AcDbLine
 10
16.65014920407998
 20
48.20000000569999
 30
0.0
 11
15.84999999919998
 21
48.20000000569999
 31
0.0
  0
LINE
  5
94A
330
2AF
100
AcDbEntity
  8
0
  6
Continuous
 62
     7
100
AcDbLine
 10
17.99999999942
 20
48.2995696948
 30
0.0
 11
17.74999999904
 21
48.2995696948
 31
0.0
  0
LINE
  5
94B
330
2AF
100
AcDbEntity
  8
03___PRT_ALL_CURVES
  6
Continuous
 62
     4
100
AcDbLine
 10
1.925511587119985
 20
48.29999999873999
 30
0.0
 11
2.318963139559997
 21
48.29999999873999
 31
0.0
  0
LINE
  5
94C
330
2AF
100
AcDbEntity
  8
03___PRT_ALL_CURVES
  6
Continuous
 62
     4
100
AcDbLine
 10
20.86139159438
 20
48.29999999873999
 30
0.0
 11
22.02837662388004
 21
48.29999999873999
 31
0.0
  0
LINE
  5
94D
330
2AF
100
AcDbEntity
  8
0
  6
Continuous
 62
     7
100
AcDbLine
 10
17.25000000081999
 20
48.60000000580001
 30
0.0
 11
17.05291979807998
 21
48.60000000580001
 31
0.0
  0
LINE
  5
94E
330
2AF
100
AcDbEntity
  8
0
  6
Continuous
 62
     7
100
AcDbLine
 10
14.14999899992003
 20
48.60000000834
 30
0.0
 11
13.34999964234001
 21
48.60000000834
 31
0.0
  0
LINE
  5
94F
330
2AF
100
AcDbEntity
  8
0
  6
Continuous
 62
     7
100
AcDbLine
 10
11.64999999942
 20
48.60000000834
 30
0.0
 11
10.84999999921999
 21
48.60000000834
 31
0.0
  0
LINE
  5
950
330
2AF
100
AcDbEntity
  8
03___PRT_ALL_CURVES
  6
Continuous
 62
     4
100
AcDbLine
 10
22.02837662388004
 20
48.61705321273999
 30
0.0
 11
21.42100958614
 21
48.61705321273999
 31
0.0
  0
LINE
  5
951
330
2AF
100
AcDbEntity
  8
0
  6
Continuous
 62
     7
100
AcDbLine
 10
10.84999999921999
 20
49.40000000854002
 30
0.0
 11
11.64999999942
 21
49.40000000854002
 31
0.0
  0
LINE
  5
952
330
2AF
100
AcDbEntity
  8
0
  6
Continuous
 62
     7
100
AcDbLine
 10
13.34999964234001
 20
49.40000000854002
 30
0.0
 11
14.14999899992003
 21
49.40000000854002
 31
0.0
  0
LINE
  5
953
330
2AF
100
AcDbEntity
  8
0
  6
Continuous
 62
     7
100
AcDbLine
 10
17.05291979807998
 20
49.40000000600003
 30
0.0
 11
17.25000000081999
 21
49.40000000600003
 31
0.0
  0
LINE
  5
954
330
2AF
100
AcDbEntity
  8
0
  6
Continuous
 62
     7
100
AcDbLine
 10
17.74999999904
 20
49.70043031445999
 30
0.0
 11
17.99999999942
 21
49.70043031445999
 31
0.0
  0
LINE
  5
955
330
2AF
100
AcDbEntity
  8
03___PRT_ALL_CURVES
  6
Continuous
 62
     4
100
AcDbLine
 10
2.318963139559997
 20
49.72387454493997
 30
0.0
 11
1.997135055759998
 21
49.72387454493997
 31
0.0
  0
LINE
  5
956
330
2AF
100
AcDbEntity
  8
0
  6
Continuous
 62
     7
100
AcDbLine
 10
15.84999999919998
 20
49.80000000609999
 30
0.0
 11
16.65014920407998
 21
49.80000000609999
 31
0.0
  0
LINE
  5
957
330
2AF
100
AcDbEntity
  8
0
  6
Continuous
 62
     7
100
AcDbLine
 10
14.74999997923996
 20
50.00000000742
 30
0.0
 11
12.74999997873999
 21
50.00000000742
 31
0.0
  0
LINE
  5
958
330
2AF
100
AcDbEntity
  8
0
  6
Continuous
 62
     7
100
AcDbLine
 10
12.24999998051999
 20
50.00000000742
 30
0.0
 11
10.24999998001996
 21
50.00000000742
 31
0.0
  0
LINE
  5
959
330
2AF
100
AcDbEntity
  8
0
  6
Continuous
 62
     7
100
AcDbLine
 10
8.949997718459997
 20
50.47499951716
 30
0.0
 11
9.701517731799953
 21
50.47499951716
 31
0.0
  0
LINE
  5
95A
330
2AF
100
AcDbEntity
  8
0
  6
Continuous
 62
     7
100
AcDbLine
 10
12.02499979298
 20
50.57500000804001
 30
0.0
 11
8.200000000779994
 21
50.57500000804001
 31
0.0
  0
LINE
  5
95B
330
2AF
100
AcDbEntity
  8
03___PRT_ALL_CURVES
  6
Continuous
 62
     4
100
AcDbLine
 10
23.60000000081999
 20
50.75000000093999
 30
0.0
 11
20.59999999879994
 21
50.75000000093999
 31
0.0
  0
LINE
  5
95C
330
2AF
100
AcDbEntity
  8
03___PRT_ALL_CURVES
  6
Continuous
 62
     4
100
AcDbLine
 10
4.199999999779976
 20
50.75000000093999
 30
0.0
 11
1.20000000029998
 21
50.75000000093999
 31
0.0
  0
LINE
  5
95D
330
2AF
100
AcDbEntity
  8
0
  6
Continuous
 62
     7
100
AcDbLine
 10
8.200000000779994
 20
50.92500000654002
 30
0.0
 11
12.02499979298
 21
50.92500000654002
 31
0.0
  0
LINE
  5
95E
330
2AF
100
AcDbEntity
  8
0
  6
Continuous
 62
     7
100
AcDbLine
 10
9.701517655600014
 20
51.02499943062
 30
0.0
 11
8.949997718459997
 21
51.02499943062
 31
0.0
  0
LINE
  5
95F
330
2AF
100
AcDbEntity
  8
0
  6
Continuous
 62
     7
100
AcDbLine
 10
14.74999997923996
 20
51.50000000716
 30
0.0
 11
12.74999997873999
 21
51.50000000716
 31
0.0
  0
LINE
  5
960
330
2AF
100
AcDbEntity
  8
0
  6
Continuous
 62
     7
100
AcDbLine
 10
12.24999998051999
 20
51.50000000716
 30
0.0
 11
10.24999998001996
 21
51.50000000716
 31
0.0
  0
LINE
  5
961
330
2AF
100
AcDbEntity
  8
0
  6
Continuous
 62
     7
100
AcDbLine
 10
16.65014920407998
 20
51.70000000593998
 30
0.0
 11
15.84999999919998
 21
51.70000000593998
 31
0.0
  0
LINE
  5
962
330
2AF
100
AcDbEntity
  8
0
  6
Continuous
 62
     7
100
AcDbLine
 10
17.99999999942
 20
51.79956969503999
 30
0.0
 11
17.74999999904
 21
51.79956969503999
 31
0.0
  0
LINE
  5
963
330
2AF
100
AcDbEntity
  8
03___PRT_ALL_CURVES
  6
Continuous
 62
     4
100
AcDbLine
 10
1.925034153479999
 20
51.79999999897998
 30
0.0
 11
2.318485705920011
 21
51.79999999897998
 31
0.0
  0
LINE
  5
964
330
2AF
100
AcDbEntity
  8
03___PRT_ALL_CURVES
  6
Continuous
 62
     4
100
AcDbLine
 10
2.984106414299987
 20
51.79999999897998
 30
0.0
 11
3.37182823981999
 21
51.79999999897998
 31
0.0
  0
LINE
  5
965
330
2AF
100
AcDbEntity
  8
03___PRT_ALL_CURVES
  6
Continuous
 62
     4
100
AcDbLine
 10
21.32407916786002
 20
51.79999999897998
 30
0.0
 11
21.71753072029998
 21
51.79999999897998
 31
0.0
  0
LINE
  5
966
330
2AF
100
AcDbEntity
  8
0
  6
Continuous
 62
     7
100
AcDbLine
 10
17.25000000081999
 20
52.10000000604001
 30
0.0
 11
17.05291979807998
 21
52.10000000604001
 31
0.0
  0
LINE
  5
967
330
2AF
100
AcDbEntity
  8
0
  6
Continuous
 62
     7
100
AcDbLine
 10
14.14999899992003
 20
52.10000000858
 30
0.0
 11
13.34999964234001
 21
52.10000000858
 31
0.0
  0
LINE
  5
968
330
2AF
100
AcDbEntity
  8
0
  6
Continuous
 62
     7
100
AcDbLine
 10
11.64999999942
 20
52.10000000858
 30
0.0
 11
10.84999999921999
 21
52.10000000858
 31
0.0
  0
LINE
  5
969
330
2AF
100
AcDbEntity
  8
03___PRT_ALL_CURVES
  6
Continuous
 62
     4
100
AcDbLine
 10
20.89004098082
 20
49.27694408752001
 30
0.0
 11
21.27967261456001
 21
49.24542976650002
 31
0.0
  0
LINE
  5
96A
330
2AF
100
AcDbEntity
  8
0
  6
Continuous
 62
     7
100
AcDbLine
 10
17.74999999904
 20
44.79956969710003
 30
0.0
 11
17.25000000081999
 21
45.10000000556002
 31
0.0
  0
LINE
  5
96B
330
2AF
100
AcDbEntity
  8
0
  6
Continuous
 62
     7
100
AcDbLine
 10
16.65014920407998
 20
46.14200899342001
 30
0.0
 11
17.05291979807998
 21
45.90000000576001
 31
0.0
  0
LINE
  5
96C
330
2AF
100
AcDbEntity
  8
0
  6
Continuous
 62
     7
100
AcDbLine
 10
17.74999999904
 20
48.2995696948
 30
0.0
 11
17.25000000081999
 21
48.60000000580001
 31
0.0
  0
LINE
  5
96D
330
2AF
100
AcDbEntity
  8
0
  6
Continuous
 62
     7
100
AcDbLine
 10
16.65014920407998
 20
49.64200899366
 30
0.0
 11
17.05291979807998
 21
49.40000000600003
 31
0.0
  0
LINE
  5
96E
330
2AF
100
AcDbEntity
  8
02___PRT_ALL_AXES
  6
Continuous
 62
     7
100
AcDbLine
 10
4.999999999979991
 20
129.99999999948
 30
0.0
 11
4.999999999979991
 21
124.00000000052
 31
0.0
  0
LINE
  5
96F
330
2AF
100
AcDbEntity
  8
02___PRT_ALL_AXES
  6
Continuous
 62
     7
100
AcDbLine
 10
4.999999999979991
 20
5.999999998960021
 30
0.0
 11
4.999999999979991
 21
0.0
 31
0.0
  0
LINE
  5
970
330
2AF
100
AcDbEntity
  8
02___PRT_ALL_AXES
  6
Continuous
 62
     7
100
AcDbLine
 10
6.899999999820011
 20
85.35000000069999
 30
0.0
 11
6.899999999820011
 21
16.14999999864
 31
0.0
  0
LINE
  5
971
330
2AF
100
AcDbEntity
  8
02___PRT_ALL_AXES
  6
Continuous
 62
     7
100
AcDbLine
 10
7.400000000579979
 20
129.99999999948
 30
0.0
 11
7.400000000579979
 21
124.00000000052
 31
0.0
  0
LINE
  5
972
330
2AF
100
AcDbEntity
  8
02___PRT_ALL_AXES
  6
Continuous
 62
     7
100
AcDbLine
 10
7.400000000579979
 20
5.999999998960021
 30
0.0
 11
7.400000000579979
 21
0.0
 31
0.0
  0
LINE
  5
973
330
2AF
100
AcDbEntity
  8
0
  6
Continuous
 62
     7
100
AcDbLine
 10
7.499999998699963
 20
86.25469835894
 30
0.0
 11
7.499999998699963
 21
15.2453016404
 31
0.0
  0
LINE
  5
974
330
2AF
100
AcDbEntity
  8
0
  6
Continuous
 62
     7
100
AcDbLine
 10
8.199999998240003
 20
19.2500000064
 30
0.0
 11
8.199999998240003
 21
19.61705992251999
 31
0.0
  0
LINE
  5
975
330
2AF
100
AcDbEntity
  8
0
  6
Continuous
 62
     7
100
AcDbLine
 10
8.199999998240003
 20
22.3829316755
 30
0.0
 11
8.199999998240003
 21
23.11705992276001
 31
0.0
  0
LINE
  5
976
330
2AF
100
AcDbEntity
  8
0
  6
Continuous
 62
     7
100
AcDbLine
 10
8.199999998240003
 20
25.88293167574
 30
0.0
 11
8.199999998240003
 21
26.617059923
 31
0.0
  0
LINE
  5
977
330
2AF
100
AcDbEntity
  8
0
  6
Continuous
 62
     7
100
AcDbLine
 10
8.199999998240003
 20
29.38293167597999
 30
0.0
 11
8.199999998240003
 21
30.1170599207
 31
0.0
  0
LINE
  5
978
330
2AF
100
AcDbEntity
  8
0
  6
Continuous
 62
     7
100
AcDbLine
 10
8.199999998240003
 20
32.88293167622001
 30
0.0
 11
8.199999998240003
 21
33.61705992093999
 31
0.0
  0
LINE
  5
979
330
2AF
100
AcDbEntity
  8
0
  6
Continuous
 62
     7
100
AcDbLine
 10
8.199999998240003
 20
36.38293167646
 30
0.0
 11
8.199999998240003
 21
37.11705992118002
 31
0.0
  0
LINE
  5
97A
330
2AF
100
AcDbEntity
  8
0
  6
Continuous
 62
     7
100
AcDbLine
 10
8.199999998240003
 20
39.8829316767
 30
0.0
 11
8.199999998240003
 21
40.61705992141998
 31
0.0
  0
LINE
  5
97B
330
2AF
100
AcDbEntity
  8
0
  6
Continuous
 62
     7
100
AcDbLine
 10
8.199999998240003
 20
43.38293167693999
 30
0.0
 11
8.199999998240003
 21
44.11705992166
 31
0.0
  0
LINE
  5
97C
330
2AF
100
AcDbEntity
  8
0
  6
Continuous
 62
     7
100
AcDbLine
 10
8.199999998240003
 20
46.88293167464002
 30
0.0
 11
8.199999998240003
 21
47.61705992189999
 31
0.0
  0
LINE
  5
97D
330
2AF
100
AcDbEntity
  8
0
  6
Continuous
 62
     7
100
AcDbLine
 10
8.199999998240003
 20
50.38293167487998
 30
0.0
 11
8.199999998240003
 21
51.11705992214002
 31
0.0
  0
LINE
  5
97E
330
2AF
100
AcDbEntity
  8
0
  6
Continuous
 62
     7
100
AcDbLine
 10
8.199999998240003
 20
53.88293167512001
 30
0.0
 11
8.199999998240003
 21
54.61705992237998
 31
0.0
  0
LINE
  5
97F
330
2AF
100
AcDbEntity
  8
0
  6
Continuous
 62
     7
100
AcDbLine
 10
8.199999998240003
 20
57.38293167536
 30
0.0
 11
8.199999998240003
 21
58.11705992262
 31
0.0
  0
LINE
  5
980
330
2AF
100
AcDbEntity
  8
0
  6
Continuous
 62
     7
100
AcDbLine
 10
8.199999998240003
 20
60.88293167560002
 30
0.0
 11
8.199999998240003
 21
61.61705992285999
 31
0.0
  0
LINE
  5
981
330
2AF
100
AcDbEntity
  8
0
  6
Continuous
 62
     7
100
AcDbLine
 10
8.199999998240003
 20
64.38293167584001
 30
0.0
 11
8.199999998240003
 21
65.11705992056002
 31
0.0
  0
LINE
  5
982
330
2AF
100
AcDbEntity
  8
0
  6
Continuous
 62
     7
100
AcDbLine
 10
8.199999998240003
 20
67.88293167608
 30
0.0
 11
8.199999998240003
 21
68.61705992079999
 31
0.0
  0
LINE
  5
983
330
2AF
100
AcDbEntity
  8
0
  6
Continuous
 62
     7
100
AcDbLine
 10
8.199999998240003
 20
71.38293167632
 30
0.0
 11
8.199999998240003
 21
72.11705992104001
 31
0.0
  0
LINE
  5
984
330
2AF
100
AcDbEntity
  8
0
  6
Continuous
 62
     7
100
AcDbLine
 10
8.199999998240003
 20
74.88293167656002
 30
0.0
 11
8.199999998240003
 21
75.61705992127997
 31
0.0
  0
LINE
  5
985
330
2AF
100
AcDbEntity
  8
0
  6
Continuous
 62
     7
100
AcDbLine
 10
8.199999998240003
 20
78.38293167680001
 30
0.0
 11
8.199999998240003
 21
79.11705992152002
 31
0.0
  0
LINE
  5
986
330
2AF
100
AcDbEntity
  8
0
  6
Continuous
 62
     7
100
AcDbLine
 10
8.200000000779994
 20
81.88293167450001
 30
0.0
 11
8.200000000779994
 21
82.25000000818
 31
0.0
  0
LINE
  5
987
330
2AF
100
AcDbEntity
  8
03___PRT_ALL_CURVES
  6
Continuous
 62
     4
100
AcDbLine
 10
2.07401089642002
 20
28.18240112047999
 30
0.0
 11
2.053956323879987
 21
27.9045020268
 31
0.0
  0
LINE
  5
988
330
2AF
100
AcDbEntity
  8
03___PRT_ALL_CURVES
  6
Continuous
 62
     4
100
AcDbLine
 10
1.942223715239976
 20
24.68240112024
 30
0.0
 11
1.9221691427
 21
24.4045020291
 31
0.0
  0
LINE
  5
989
330
2AF
100
AcDbEntity
  8
03___PRT_ALL_CURVES
  6
Continuous
 62
     4
100
AcDbLine
 10
3.255320642000015
 20
42.18240112143999
 30
0.0
 11
3.235265942459989
 21
41.90450202776
 31
0.0
  0
LINE
  5
98A
330
2AF
100
AcDbEntity
  8
03___PRT_ALL_CURVES
  6
Continuous
 62
     4
100
AcDbLine
 10
1.940791294939999
 20
21.18240112000001
 30
0.0
 11
1.920736722399994
 21
20.90450202885998
 31
0.0
  0
LINE
  5
98B
330
2AF
100
AcDbEntity
  8
03___PRT_ALL_CURVES
  6
Continuous
 62
     4
100
AcDbLine
 10
3.246725825559992
 20
24.68240112024
 30
0.0
 11
3.226671128559985
 21
24.4045020291
 31
0.0
  0
LINE
  5
98C
330
2AF
100
AcDbEntity
  8
03___PRT_ALL_CURVES
  6
Continuous
 62
     4
100
AcDbLine
 10
3.160777610359986
 20
56.17953615226
 30
0.0
 11
3.194201940259973
 21
56.38963166552
 31
0.0
  0
LINE
  5
98D
330
2AF
100
AcDbEntity
  8
03___PRT_ALL_CURVES
  6
Continuous
 62
     4
100
AcDbLine
 10
3.214733954059994
 20
38.67953615106001
 30
0.0
 11
3.248158283960009
 21
38.88963166432001
 31
0.0
  0
LINE
  5
98E
330
2AF
100
AcDbEntity
  8
03___PRT_ALL_CURVES
  6
Continuous
 62
     4
100
AcDbLine
 10
2.950204704099974
 20
39.19999999964003
 30
0.0
 11
2.827012296179987
 21
38.44747614274002
 31
0.0
  0
LINE
  5
98F
330
2AF
100
AcDbEntity
  8
0
  6
Continuous
 62
     7
100
AcDbLine
 10
17.25000000081999
 20
77.40000000538001
 30
0.0
 11
17.74999999904
 21
77.70043031384
 31
0.0
  0
LINE
  5
990
330
2AF
100
AcDbEntity
  8
0
  6
Continuous
 62
     7
100
AcDbLine
 10
17.05291979807998
 20
76.60000000518002
 30
0.0
 11
16.65014920407998
 21
76.35799101751999
 31
0.0
  0
LINE
  5
991
330
2AF
100
AcDbEntity
  8
03___PRT_ALL_CURVES
  6
Continuous
 62
     4
100
AcDbLine
 10
22.87401098544001
 20
56.33710776498
 30
0.0
 11
23.26077768206
 21
56.38485677285999
 31
0.0
  0
LINE
  5
992
330
2AF
100
AcDbEntity
  8
03___PRT_ALL_CURVES
  6
Continuous
 62
     4
100
AcDbLine
 10
2.748226517759974
 20
52.87148705589999
 30
0.0
 11
3.43963169323996
 21
52.87148705589999
 31
0.0
  0
LINE
  5
993
330
2AF
100
AcDbEntity
  8
0
  6
Continuous
 62
     7
100
AcDbLine
 10
10.84999999921999
 20
52.90000000623999
 30
0.0
 11
11.64999999942
 21
52.90000000623999
 31
0.0
  0
LINE
  5
994
330
2AF
100
AcDbEntity
  8
0
  6
Continuous
 62
     7
100
AcDbLine
 10
13.34999964234001
 20
52.90000000623999
 30
0.0
 11
14.14999899992003
 21
52.90000000623999
 31
0.0
  0
LINE
  5
995
330
2AF
100
AcDbEntity
  8
0
  6
Continuous
 62
     7
100
AcDbLine
 10
17.05291979807998
 20
52.90000000623999
 30
0.0
 11
17.25000000081999
 21
52.90000000623999
 31
0.0
  0
LINE
  5
996
330
2AF
100
AcDbEntity
  8
03___PRT_ALL_CURVES
  6
Continuous
 62
     4
100
AcDbLine
 10
3.883697264340014
 20
53.2000000006
 30
0.0
 11
2.748226517759974
 21
53.2000000006
 31
0.0
  0
LINE
  5
997
330
2AF
100
AcDbEntity
  8
0
  6
Continuous
 62
     7
100
AcDbLine
 10
17.74999999904
 20
53.20043031470001
 30
0.0
 11
17.99999999942
 21
53.20043031470001
 31
0.0
  0
LINE
  5
998
330
2AF
100
AcDbEntity
  8
03___PRT_ALL_CURVES
  6
Continuous
 62
     4
100
AcDbLine
 10
21.71753072029998
 20
53.22387454518002
 30
0.0
 11
21.39570263649998
 21
53.22387454518002
 31
0.0
  0
LINE
  5
999
330
2AF
100
AcDbEntity
  8
03___PRT_ALL_CURVES
  6
Continuous
 62
     4
100
AcDbLine
 10
2.318485705920011
 20
53.22387454518002
 30
0.0
 11
1.996657622119983
 21
53.22387454518002
 31
0.0
  0
LINE
  5
99A
330
2AF
100
AcDbEntity
  8
0
  6
Continuous
 62
     7
100
AcDbLine
 10
15.84999999919998
 20
53.30000000633999
 30
0.0
 11
16.65014920407998
 21
53.30000000633999
 31
0.0
  0
LINE
  5
99B
330
2AF
100
AcDbEntity
  8
0
  6
Continuous
 62
     7
100
AcDbLine
 10
14.74999997923996
 20
53.50000000765999
 30
0.0
 11
12.74999997873999
 21
53.50000000765999
 31
0.0
  0
LINE
  5
99C
330
2AF
100
AcDbEntity
  8
0
  6
Continuous
 62
     7
100
AcDbLine
 10
12.24999998051999
 20
53.50000000765999
 30
0.0
 11
10.24999998001996
 21
53.50000000765999
 31
0.0
  0
LINE
  5
99D
330
2AF
100
AcDbEntity
  8
0
  6
Continuous
 62
     7
100
AcDbLine
 10
8.949997718459997
 20
53.97499951739999
 30
0.0
 11
9.701517655600014
 21
53.97499951739999
 31
0.0
  0
LINE
  5
99E
330
2AF
100
AcDbEntity
  8
0
  6
Continuous
 62
     7
100
AcDbLine
 10
12.02499979298
 20
54.07500000828
 30
0.0
 11
8.200000000779994
 21
54.07500000828
 31
0.0
  0
LINE
  5
99F
330
2AF
100
AcDbEntity
  8
03___PRT_ALL_CURVES
  6
Continuous
 62
     4
100
AcDbLine
 10
23.60000000081999
 20
54.24999999863999
 30
0.0
 11
20.59999999879994
 21
54.24999999863999
 31
0.0
  0
LINE
  5
9A0
330
2AF
100
AcDbEntity
  8
03___PRT_ALL_CURVES
  6
Continuous
 62
     4
100
AcDbLine
 10
4.199999999779976
 20
54.24999999863999
 30
0.0
 11
1.20000000029998
 21
54.24999999863999
 31
0.0
  0
LINE
  5
9A1
330
2AF
100
AcDbEntity
  8
0
  6
Continuous
 62
     7
100
AcDbLine
 10
8.200000000779994
 20
54.42500000678001
 30
0.0
 11
12.02499979298
 21
54.42500000678001
 31
0.0
  0
LINE
  5
9A2
330
2AF
100
AcDbEntity
  8
0
  6
Continuous
 62
     7
100
AcDbLine
 10
9.70151757939999
 20
54.52499943085999
 30
0.0
 11
8.949997718459997
 21
54.52499943085999
 31
0.0
  0
LINE
  5
9A3
330
2AF
100
AcDbEntity
  8
0
  6
Continuous
 62
     7
100
AcDbLine
 10
14.74999997923996
 20
55.00000000739999
 30
0.0
 11
12.74999997873999
 21
55.00000000739999
 31
0.0
  0
LINE
  5
9A4
330
2AF
100
AcDbEntity
  8
0
  6
Continuous
 62
     7
100
AcDbLine
 10
12.24999998051999
 20
55.00000000739999
 30
0.0
 11
10.24999998001996
 21
55.00000000739999
 31
0.0
  0
LINE
  5
9A5
330
2AF
100
AcDbEntity
  8
0
  6
Continuous
 62
     7
100
AcDbLine
 10
16.65014920407998
 20
55.20000000618001
 30
0.0
 11
15.84999999919998
 21
55.20000000618001
 31
0.0
  0
LINE
  5
9A6
330
2AF
100
AcDbEntity
  8
0
  6
Continuous
 62
     7
100
AcDbLine
 10
17.99999999942
 20
55.29956969527998
 30
0.0
 11
17.74999999904
 21
55.29956969527998
 31
0.0
  0
LINE
  5
9A7
330
2AF
100
AcDbEntity
  8
03___PRT_ALL_CURVES
  6
Continuous
 62
     4
100
AcDbLine
 10
1.922169196039988
 20
55.29999999922001
 30
0.0
 11
2.315620751019964
 21
55.29999999922001
 31
0.0
  0
LINE
  5
9A8
330
2AF
100
AcDbEntity
  8
03___PRT_ALL_CURVES
  6
Continuous
 62
     4
100
AcDbLine
 10
21.31834925297997
 20
55.29999999922001
 30
0.0
 11
21.71180080795997
 21
55.29999999922001
 31
0.0
  0
LINE
  5
9A9
330
2AF
100
AcDbEntity
  8
0
  6
Continuous
 62
     7
100
AcDbLine
 10
17.25000000081999
 20
55.60000000628
 30
0.0
 11
17.05291979807998
 21
55.60000000628
 31
0.0
  0
LINE
  5
9AA
330
2AF
100
AcDbEntity
  8
0
  6
Continuous
 62
     7
100
AcDbLine
 10
14.14999899992003
 20
55.60000000628
 30
0.0
 11
13.34999964234001
 21
55.60000000628
 31
0.0
  0
LINE
  5
9AB
330
2AF
100
AcDbEntity
  8
0
  6
Continuous
 62
     7
100
AcDbLine
 10
11.64999999942
 20
55.60000000628
 30
0.0
 11
10.84999999921999
 21
55.60000000628
 31
0.0
  0
LINE
  5
9AC
330
2AF
100
AcDbEntity
  8
03___PRT_ALL_CURVES
  6
Continuous
 62
     4
100
AcDbLine
 10
3.194201940259973
 20
56.38963166552
 30
0.0
 11
3.819713587379994
 21
56.38963166552
 31
0.0
  0
LINE
  5
9AD
330
2AF
100
AcDbEntity
  8
0
  6
Continuous
 62
     7
100
AcDbLine
 10
10.84999999921999
 20
56.40000000647998
 30
0.0
 11
11.64999999942
 21
56.40000000647998
 31
0.0
  0
LINE
  5
9AE
330
2AF
100
AcDbEntity
  8
0
  6
Continuous
 62
     7
100
AcDbLine
 10
13.34999964234001
 20
56.40000000647998
 30
0.0
 11
14.14999899992003
 21
56.40000000647998
 31
0.0
  0
LINE
  5
9AF
330
2AF
100
AcDbEntity
  8
0
  6
Continuous
 62
     7
100
AcDbLine
 10
17.05291979807998
 20
56.40000000393999
 30
0.0
 11
17.25000000081999
 21
56.40000000393999
 31
0.0
  0
LINE
  5
9B0
330
2AF
100
AcDbEntity
  8
03___PRT_ALL_CURVES
  6
Continuous
 62
     4
100
AcDbLine
 10
2.773055952480007
 20
55.94747614139999
 30
0.0
 11
3.104433864779963
 21
55.89972713606002
 31
0.0
  0
LINE
  5
9B1
330
2AF
100
AcDbEntity
  8
0
  6
Continuous
 62
     7
100
AcDbLine
 10
17.74999999904
 20
51.79956969503999
 30
0.0
 11
17.25000000081999
 21
52.10000000604001
 31
0.0
  0
LINE
  5
9B2
330
2AF
100
AcDbEntity
  8
0
  6
Continuous
 62
     7
100
AcDbLine
 10
16.65014920407998
 20
53.14200899389999
 30
0.0
 11
17.05291979807998
 21
52.90000000623999
 31
0.0
  0
LINE
  5
9B3
330
2AF
100
AcDbEntity
  8
0
  6
Continuous
 62
     7
100
AcDbLine
 10
8.949997718459997
 20
19.524999431
 30
0.0
 11
8.949997718459997
 21
20.99598200338002
 31
0.0
  0
LINE
  5
9B4
330
2AF
100
AcDbEntity
  8
0
  6
Continuous
 62
     7
100
AcDbLine
 10
8.949997718459997
 20
21.00400959464002
 30
0.0
 11
8.949997718459997
 21
22.47499951777999
 31
0.0
  0
LINE
  5
9B5
330
2AF
100
AcDbEntity
  8
0
  6
Continuous
 62
     7
100
AcDbLine
 10
8.949997718459997
 20
23.02499943123999
 30
0.0
 11
8.949997718459997
 21
24.49598200107999
 31
0.0
  0
LINE
  5
9B6
330
2AF
100
AcDbEntity
  8
0
  6
Continuous
 62
     7
100
AcDbLine
 10
8.949997718459997
 20
24.50400959487999
 30
0.0
 11
8.949997718459997
 21
25.97499951802001
 31
0.0
  0
LINE
  5
9B7
330
2AF
100
AcDbEntity
  8
0
  6
Continuous
 62
     7
100
AcDbLine
 10
8.949997718459997
 20
26.52499943147998
 30
0.0
 11
8.949997718459997
 21
27.99598200132002
 31
0.0
  0
LINE
  5
9B8
330
2AF
100
AcDbEntity
  8
0
  6
Continuous
 62
     7
100
AcDbLine
 10
8.949997718459997
 20
28.00400959512001
 30
0.0
 11
8.949997718459997
 21
29.47499951826001
 31
0.0
  0
LINE
  5
9B9
330
2AF
100
AcDbEntity
  8
0
  6
Continuous
 62
     7
100
AcDbLine
 10
8.949997718459997
 20
30.02499942918001
 30
0.0
 11
8.949997718459997
 21
31.49598200156001
 31
0.0
  0
LINE
  5
9BA
330
2AF
100
AcDbEntity
  8
0
  6
Continuous
 62
     7
100
AcDbLine
 10
8.949997718459997
 20
31.50400959536
 30
0.0
 11
8.949997718459997
 21
32.97499951595998
 31
0.0
  0
LINE
  5
9BB
330
2AF
100
AcDbEntity
  8
0
  6
Continuous
 62
     7
100
AcDbLine
 10
8.949997718459997
 20
33.52499942941998
 30
0.0
 11
8.949997718459997
 21
34.9959820018
 31
0.0
  0
LINE
  5
9BC
330
2AF
100
AcDbEntity
  8
0
  6
Continuous
 62
     7
100
AcDbLine
 10
8.949997718459997
 20
35.00400959560002
 30
0.0
 11
8.949997718459997
 21
36.4749995162
 31
0.0
  0
LINE
  5
9BD
330
2AF
100
AcDbEntity
  8
0
  6
Continuous
 62
     7
100
AcDbLine
 10
8.949997718459997
 20
37.02499942966
 30
0.0
 11
8.949997718459997
 21
38.49598200204002
 31
0.0
  0
LINE
  5
9BE
330
2AF
100
AcDbEntity
  8
0
  6
Continuous
 62
     7
100
AcDbLine
 10
8.949997718459997
 20
38.50400959584002
 30
0.0
 11
8.949997718459997
 21
39.97499951643999
 31
0.0
  0
LINE
  5
9BF
330
2AF
100
AcDbEntity
  8
0
  6
Continuous
 62
     7
100
AcDbLine
 10
8.949997718459997
 20
40.52499942989999
 30
0.0
 11
8.949997718459997
 21
41.99598200228002
 31
0.0
  0
LINE
  5
9C0
330
2AF
100
AcDbEntity
  8
0
  6
Continuous
 62
     7
100
AcDbLine
 10
8.949997718459997
 20
42.00400959608001
 30
0.0
 11
8.949997718459997
 21
43.47499951668001
 31
0.0
  0
LINE
  5
9C1
330
2AF
100
AcDbEntity
  8
0
  6
Continuous
 62
     7
100
AcDbLine
 10
8.949997718459997
 20
44.02499943014001
 30
0.0
 11
8.949997718459997
 21
45.49598200252001
 31
0.0
  0
LINE
  5
9C2
330
2AF
100
AcDbEntity
  8
0
  6
Continuous
 62
     7
100
AcDbLine
 10
8.949997718459997
 20
45.50400959632
 30
0.0
 11
8.949997718459997
 21
46.97499951692001
 31
0.0
  0
LINE
  5
9C3
330
2AF
100
AcDbEntity
  8
0
  6
Continuous
 62
     7
100
AcDbLine
 10
8.949997718459997
 20
47.52499943038001
 30
0.0
 11
8.949997718459997
 21
48.99598200276
 31
0.0
  0
LINE
  5
9C4
330
2AF
100
AcDbEntity
  8
0
  6
Continuous
 62
     7
100
AcDbLine
 10
8.949997718459997
 20
49.00400959402003
 30
0.0
 11
8.949997718459997
 21
50.47499951716
 31
0.0
  0
LINE
  5
9C5
330
2AF
100
AcDbEntity
  8
0
  6
Continuous
 62
     7
100
AcDbLine
 10
8.949997718459997
 20
51.02499943062
 30
0.0
 11
8.949997718459997
 21
52.49598200299999
 31
0.0
  0
LINE
  5
9C6
330
2AF
100
AcDbEntity
  8
0
  6
Continuous
 62
     7
100
AcDbLine
 10
8.949997718459997
 20
52.50400959426
 30
0.0
 11
8.949997718459997
 21
53.97499951739999
 31
0.0
  0
LINE
  5
9C7
330
2AF
100
AcDbEntity
  8
0
  6
Continuous
 62
     7
100
AcDbLine
 10
8.949997718459997
 20
54.52499943085999
 30
0.0
 11
8.949997718459997
 21
55.99598200324002
 31
0.0
  0
LINE
  5
9C8
330
2AF
100
AcDbEntity
  8
0
  6
Continuous
 62
     7
100
AcDbLine
 10
8.949997718459997
 20
56.00400959450002
 30
0.0
 11
8.949997718459997
 21
57.47499951764001
 31
0.0
  0
LINE
  5
9C9
330
2AF
100
AcDbEntity
  8
0
  6
Continuous
 62
     7
100
AcDbLine
 10
8.949997718459997
 20
58.02499943110001
 30
0.0
 11
8.949997718459997
 21
59.49598200348001
 31
0.0
  0
LINE
  5
9CA
330
2AF
100
AcDbEntity
  8
0
  6
Continuous
 62
     7
100
AcDbLine
 10
8.949997718459997
 20
59.50400959473998
 30
0.0
 11
8.949997718459997
 21
60.97499951788001
 31
0.0
  0
LINE
  5
9CB
330
2AF
100
AcDbEntity
  8
0
  6
Continuous
 62
     7
100
AcDbLine
 10
8.949997718459997
 20
61.52499943134001
 30
0.0
 11
8.949997718459997
 21
62.99598200118001
 31
0.0
  0
LINE
  5
9CC
330
2AF
100
AcDbEntity
  8
0
  6
Continuous
 62
     7
100
AcDbLine
 10
8.949997718459997
 20
63.00400959497998
 30
0.0
 11
8.949997718459997
 21
64.47499951812
 31
0.0
  0
LINE
  5
9CD
330
2AF
100
AcDbEntity
  8
0
  6
Continuous
 62
     7
100
AcDbLine
 10
8.949997718459997
 20
65.02499943158
 30
0.0
 11
8.949997718459997
 21
66.49598200141997
 31
0.0
  0
LINE
  5
9CE
330
2AF
100
AcDbEntity
  8
0
  6
Continuous
 62
     7
100
AcDbLine
 10
8.949997718459997
 20
66.50400959522
 30
0.0
 11
8.949997718459997
 21
67.97499951836
 31
0.0
  0
LINE
  5
9CF
330
2AF
100
AcDbEntity
  8
0
  6
Continuous
 62
     7
100
AcDbLine
 10
8.949997718459997
 20
68.52499942928
 30
0.0
 11
8.949997718459997
 21
69.99598200166002
 31
0.0
  0
LINE
  5
9D0
330
2AF
100
AcDbEntity
  8
0
  6
Continuous
 62
     7
100
AcDbLine
 10
8.949997718459997
 20
70.00400959545999
 30
0.0
 11
8.949997718459997
 21
71.47499951606002
 31
0.0
  0
LINE
  5
9D1
330
2AF
100
AcDbEntity
  8
0
  6
Continuous
 62
     7
100
AcDbLine
 10
8.949997718459997
 20
72.02499942952002
 30
0.0
 11
8.949997718459997
 21
73.49598200189999
 31
0.0
  0
LINE
  5
9D2
330
2AF
100
AcDbEntity
  8
0
  6
Continuous
 62
     7
100
AcDbLine
 10
8.949997718459997
 20
73.50400959570001
 30
0.0
 11
8.949997718459997
 21
74.97499951630002
 31
0.0
  0
LINE
  5
9D3
330
2AF
100
AcDbEntity
  8
0
  6
Continuous
 62
     7
100
AcDbLine
 10
8.949997718459997
 20
75.52499942976002
 30
0.0
 11
8.949997718459997
 21
76.99598200214001
 31
0.0
  0
LINE
  5
9D4
330
2AF
100
AcDbEntity
  8
0
  6
Continuous
 62
     7
100
AcDbLine
 10
8.949997718459997
 20
77.00400959593998
 30
0.0
 11
8.949997718459997
 21
78.47499951654001
 31
0.0
  0
LINE
  5
9D5
330
2AF
100
AcDbEntity
  8
0
  6
Continuous
 62
     7
100
AcDbLine
 10
8.949997718459997
 20
79.02499943000001
 30
0.0
 11
8.949997718459997
 21
80.49598200238
 31
0.0
  0
LINE
  5
9D6
330
2AF
100
AcDbEntity
  8
0
  6
Continuous
 62
     7
100
AcDbLine
 10
8.949997718459997
 20
80.50400959618
 30
0.0
 11
8.949997718459997
 21
81.97499951678
 31
0.0
  0
LINE
  5
9D7
330
2AF
100
AcDbEntity
  8
0
  6
Continuous
 62
     7
100
AcDbLine
 10
9.701517045999992
 20
81.97499951678
 30
0.0
 11
9.701517045999992
 21
79.02499943000001
 31
0.0
  0
LINE
  5
9D8
330
2AF
100
AcDbEntity
  8
0
  6
Continuous
 62
     7
100
AcDbLine
 10
9.701517122199988
 20
78.47499951654001
 30
0.0
 11
9.701517122199988
 21
75.52499942976002
 31
0.0
  0
LINE
  5
9D9
330
2AF
100
AcDbEntity
  8
0
  6
Continuous
 62
     7
100
AcDbLine
 10
9.701517198400012
 20
74.97499951630002
 30
0.0
 11
9.701517198400012
 21
72.02499942952002
 31
0.0
  0
LINE
  5
9DA
330
2AF
100
AcDbEntity
  8
0
  6
Continuous
 62
     7
100
AcDbLine
 10
9.70151727459998
 20
71.47499951606002
 30
0.0
 11
9.70151727459998
 21
68.52499942928
 31
0.0
  0
LINE
  5
9DB
330
2AF
100
AcDbEntity
  8
0
  6
Continuous
 62
     7
100
AcDbLine
 10
9.701517350799975
 20
67.97499951836
 30
0.0
 11
9.701517350799975
 21
65.02499943158
 31
0.0
  0
LINE
  5
9DC
330
2AF
100
AcDbEntity
  8
0
  6
Continuous
 62
     7
100
AcDbLine
 10
9.70151727459998
 20
22.47499951777999
 30
0.0
 11
9.70151727459998
 21
19.524999431
 31
0.0
  0
LINE
  5
9DD
330
2AF
100
AcDbEntity
  8
0
  6
Continuous
 62
     7
100
AcDbLine
 10
9.70151742699997
 20
64.47499951812
 30
0.0
 11
9.70151742699997
 21
61.52499943134001
 31
0.0
  0
LINE
  5
9DE
330
2AF
100
AcDbEntity
  8
0
  6
Continuous
 62
     7
100
AcDbLine
 10
9.701517503199995
 20
60.97499951788001
 30
0.0
 11
9.701517503199995
 21
58.02499943110001
 31
0.0
  0
LINE
  5
9DF
330
2AF
100
AcDbEntity
  8
0
  6
Continuous
 62
     7
100
AcDbLine
 10
9.70151757939999
 20
57.47499951764001
 30
0.0
 11
9.70151757939999
 21
54.52499943085999
 31
0.0
  0
LINE
  5
9E0
330
2AF
100
AcDbEntity
  8
0
  6
Continuous
 62
     7
100
AcDbLine
 10
9.701517655600014
 20
53.97499951739999
 30
0.0
 11
9.701517655600014
 21
51.02499943062
 31
0.0
  0
LINE
  5
9E1
330
2AF
100
AcDbEntity
  8
0
  6
Continuous
 62
     7
100
AcDbLine
 10
9.701517731799953
 20
50.47499951716
 30
0.0
 11
9.701517731799953
 21
47.52499943038001
 31
0.0
  0
LINE
  5
9E2
330
2AF
100
AcDbEntity
  8
0
  6
Continuous
 62
     7
100
AcDbLine
 10
9.701517808000006
 20
46.97499951692001
 30
0.0
 11
9.701517808000006
 21
44.02499943014001
 31
0.0
  0
LINE
  5
9E3
330
2AF
100
AcDbEntity
  8
0
  6
Continuous
 62
     7
100
AcDbLine
 10
9.701517884199973
 20
43.47499951668001
 30
0.0
 11
9.701517884199973
 21
40.52499942989999
 31
0.0
  0
LINE
  5
9E4
330
2AF
100
AcDbEntity
  8
0
  6
Continuous
 62
     7
100
AcDbLine
 10
9.701517960399968
 20
39.97499951643999
 30
0.0
 11
9.701517960399968
 21
37.02499942966
 31
0.0
  0
LINE
  5
9E5
330
2AF
100
AcDbEntity
  8
0
  6
Continuous
 62
     7
100
AcDbLine
 10
9.701518036599992
 20
36.4749995162
 30
0.0
 11
9.701518036599992
 21
33.52499942941998
 31
0.0
  0
LINE
  5
9E6
330
2AF
100
AcDbEntity
  8
0
  6
Continuous
 62
     7
100
AcDbLine
 10
9.701518112799988
 20
32.97499951595998
 30
0.0
 11
9.701518112799988
 21
30.02499942918001
 31
0.0
  0
LINE
  5
9E7
330
2AF
100
AcDbEntity
  8
0
  6
Continuous
 62
     7
100
AcDbLine
 10
9.701518189000012
 20
29.47499951826001
 30
0.0
 11
9.701518189000012
 21
26.52499943147998
 31
0.0
  0
LINE
  5
9E8
330
2AF
100
AcDbEntity
  8
0
  6
Continuous
 62
     7
100
AcDbLine
 10
9.701518265200008
 20
25.97499951802001
 30
0.0
 11
9.701518265200008
 21
23.02499943123999
 31
0.0
  0
LINE
  5
9E9
330
2AF
100
AcDbEntity
  8
02___PRT_ALL_AXES
  6
Continuous
 62
     7
100
AcDbLine
 10
9.899999999299979
 20
129.99999999948
 30
0.0
 11
9.899999999299979
 21
124.00000000052
 31
0.0
  0
LINE
  5
9EA
330
2AF
100
AcDbEntity
  8
02___PRT_ALL_AXES
  6
Continuous
 62
     7
100
AcDbLine
 10
9.899999999299979
 20
5.999999998960021
 30
0.0
 11
9.899999999299979
 21
0.0
 31
0.0
  0
LINE
  5
9EB
330
2AF
100
AcDbEntity
  8
0
  6
Continuous
 62
     7
100
AcDbLine
 10
10.24999998001996
 20
20.00000000754
 30
0.0
 11
10.24999998001996
 21
22.00000000804002
 31
0.0
  0
LINE
  5
9EC
330
2AF
100
AcDbEntity
  8
0
  6
Continuous
 62
     7
100
AcDbLine
 10
10.24999998001996
 20
23.50000000778002
 30
0.0
 11
10.24999998001996
 21
25.50000000827998
 31
0.0
  0
LINE
  5
9ED
330
2AF
100
AcDbEntity
  8
0
  6
Continuous
 62
     7
100
AcDbLine
 10
10.24999998001996
 20
27.00000000802001
 30
0.0
 11
10.24999998001996
 21
29.00000000852003
 31
0.0
  0
LINE
  5
9EE
330
2AF
100
AcDbEntity
  8
0
  6
Continuous
 62
     7
100
AcDbLine
 10
10.24999998001996
 20
30.50000000826
 30
0.0
 11
10.24999998001996
 21
32.50000000622001
 31
0.0
  0
LINE
  5
9EF
330
2AF
100
AcDbEntity
  8
0
  6
Continuous
 62
     7
100
AcDbLine
 10
10.24999998001996
 20
34.00000000850002
 30
0.0
 11
10.24999998001996
 21
36.00000000646
 31
0.0
  0
LINE
  5
9F0
330
2AF
100
AcDbEntity
  8
0
  6
Continuous
 62
     7
100
AcDbLine
 10
10.24999998001996
 20
37.5000000062
 30
0.0
 11
10.24999998001996
 21
39.50000000669999
 31
0.0
  0
LINE
  5
9F1
330
2AF
100
AcDbEntity
  8
0
  6
Continuous
 62
     7
100
AcDbLine
 10
10.24999998001996
 20
41.00000000643999
 30
0.0
 11
10.24999998001996
 21
43.00000000693998
 31
0.0
  0
LINE
  5
9F2
330
2AF
100
AcDbEntity
  8
0
  6
Continuous
 62
     7
100
AcDbLine
 10
10.24999998001996
 20
44.50000000668001
 30
0.0
 11
10.24999998001996
 21
46.50000000718001
 31
0.0
  0
LINE
  5
9F3
330
2AF
100
AcDbEntity
  8
0
  6
Continuous
 62
     7
100
AcDbLine
 10
10.24999998001996
 20
48.00000000691998
 30
0.0
 11
10.24999998001996
 21
50.00000000742
 31
0.0
  0
LINE
  5
9F4
330
2AF
100
AcDbEntity
  8
0
  6
Continuous
 62
     7
100
AcDbLine
 10
10.24999998001996
 20
51.50000000716
 30
0.0
 11
10.24999998001996
 21
53.50000000765999
 31
0.0
  0
LINE
  5
9F5
330
2AF
100
AcDbEntity
  8
0
  6
Continuous
 62
     7
100
AcDbLine
 10
10.24999998001996
 20
55.00000000739999
 30
0.0
 11
10.24999998001996
 21
57.00000000789998
 31
0.0
  0
LINE
  5
9F6
330
2AF
100
AcDbEntity
  8
0
  6
Continuous
 62
     7
100
AcDbLine
 10
10.24999998001996
 20
58.50000000764001
 30
0.0
 11
10.24999998001996
 21
60.50000000814001
 31
0.0
  0
LINE
  5
9F7
330
2AF
100
AcDbEntity
  8
0
  6
Continuous
 62
     7
100
AcDbLine
 10
10.24999998001996
 20
62.00000000787998
 30
0.0
 11
10.24999998001996
 21
64.00000000838
 31
0.0
  0
LINE
  5
9F8
330
2AF
100
AcDbEntity
  8
0
  6
Continuous
 62
     7
100
AcDbLine
 10
10.24999998001996
 20
65.50000000812003
 30
0.0
 11
10.24999998001996
 21
67.50000000608
 31
0.0
  0
LINE
  5
9F9
330
2AF
100
AcDbEntity
  8
0
  6
Continuous
 62
     7
100
AcDbLine
 10
10.24999998001996
 20
69.00000000835999
 30
0.0
 11
10.24999998001996
 21
71.00000000632
 31
0.0
  0
LINE
  5
9FA
330
2AF
100
AcDbEntity
  8
0
  6
Continuous
 62
     7
100
AcDbLine
 10
10.24999998001996
 20
72.50000000860001
 30
0.0
 11
10.24999998001996
 21
74.50000000656001
 31
0.0
  0
LINE
  5
9FB
330
2AF
100
AcDbEntity
  8
0
  6
Continuous
 62
     7
100
AcDbLine
 10
10.24999998001996
 20
76.00000000629998
 30
0.0
 11
10.24999998001996
 21
78.00000000680001
 31
0.0
  0
LINE
  5
9FC
330
2AF
100
AcDbEntity
  8
0
  6
Continuous
 62
     7
100
AcDbLine
 10
10.24999998001996
 20
79.50000000654
 30
0.0
 11
10.24999998001996
 21
81.50000000704
 31
0.0
  0
LINE
  5
9FD
330
2AF
100
AcDbEntity
  8
0
  6
Continuous
 62
     7
100
AcDbLine
 10
10.84999999921999
 20
20.60000000642
 30
0.0
 11
10.84999999921999
 21
21.40000000662002
 31
0.0
  0
LINE
  5
9FE
330
2AF
100
AcDbEntity
  8
0
  6
Continuous
 62
     7
100
AcDbLine
 10
10.84999999921999
 20
24.10000000666
 30
0.0
 11
10.84999999921999
 21
24.90000000685998
 31
0.0
  0
LINE
  5
9FF
330
2AF
100
AcDbEntity
  8
0
  6
Continuous
 62
     7
100
AcDbLine
 10
10.84999999921999
 20
27.60000000689999
 30
0.0
 11
10.84999999921999
 21
28.40000000710003
 31
0.0
  0
LINE
  5
A00
330
2AF
100
AcDbEntity
  8
0
  6
Continuous
 62
     7
100
AcDbLine
 10
10.84999999921999
 20
31.10000000714001
 30
0.0
 11
10.84999999921999
 21
31.90000000734
 31
0.0
  0
LINE
  5
A01
330
2AF
100
AcDbEntity
  8
0
  6
Continuous
 62
     7
100
AcDbLine
 10
10.84999999921999
 20
34.60000000738
 30
0.0
 11
10.84999999921999
 21
35.40000000758002
 31
0.0
  0
LINE
  5
A02
330
2AF
100
AcDbEntity
  8
0
  6
Continuous
 62
     7
100
AcDbLine
 10
10.84999999921999
 20
38.10000000762
 30
0.0
 11
10.84999999921999
 21
38.90000000781998
 31
0.0
  0
LINE
  5
A03
330
2AF
100
AcDbEntity
  8
0
  6
Continuous
 62
     7
100
AcDbLine
 10
10.84999999921999
 20
41.60000000785999
 30
0.0
 11
10.84999999921999
 21
42.40000000806
 31
0.0
  0
LINE
  5
A04
330
2AF
100
AcDbEntity
  8
0
  6
Continuous
 62
     7
100
AcDbLine
 10
10.84999999921999
 20
45.10000000810001
 30
0.0
 11
10.84999999921999
 21
45.9000000083
 31
0.0
  0
LINE
  5
A05
330
2AF
100
AcDbEntity
  8
0
  6
Continuous
 62
     7
100
AcDbLine
 10
10.84999999921999
 20
48.60000000834
 30
0.0
 11
10.84999999921999
 21
49.40000000854002
 31
0.0
  0
LINE
  5
A06
330
2AF
100
AcDbEntity
  8
0
  6
Continuous
 62
     7
100
AcDbLine
 10
10.84999999921999
 20
52.10000000858
 30
0.0
 11
10.84999999921999
 21
52.90000000623999
 31
0.0
  0
LINE
  5
A07
330
2AF
100
AcDbEntity
  8
0
  6
Continuous
 62
     7
100
AcDbLine
 10
10.84999999921999
 20
55.60000000628
 30
0.0
 11
10.84999999921999
 21
56.40000000647998
 31
0.0
  0
LINE
  5
A08
330
2AF
100
AcDbEntity
  8
0
  6
Continuous
 62
     7
100
AcDbLine
 10
10.84999999921999
 20
59.10000000652002
 30
0.0
 11
10.84999999921999
 21
59.90000000671998
 31
0.0
  0
LINE
  5
A09
330
2AF
100
AcDbEntity
  8
0
  6
Continuous
 62
     7
100
AcDbLine
 10
10.84999999921999
 20
62.60000000676001
 30
0.0
 11
10.84999999921999
 21
63.40000000696
 31
0.0
  0
LINE
  5
A0A
330
2AF
100
AcDbEntity
  8
0
  6
Continuous
 62
     7
100
AcDbLine
 10
10.84999999921999
 20
66.100000007
 30
0.0
 11
10.84999999921999
 21
66.90000000719999
 31
0.0
  0
LINE
  5
A0B
330
2AF
100
AcDbEntity
  8
0
  6
Continuous
 62
     7
100
AcDbLine
 10
10.84999999921999
 20
69.60000000724
 30
0.0
 11
10.84999999921999
 21
70.40000000743998
 31
0.0
  0
LINE
  5
A0C
330
2AF
100
AcDbEntity
  8
0
  6
Continuous
 62
     7
100
AcDbLine
 10
10.84999999921999
 20
73.10000000747999
 30
0.0
 11
10.84999999921999
 21
73.90000000768
 31
0.0
  0
LINE
  5
A0D
330
2AF
100
AcDbEntity
  8
0
  6
Continuous
 62
     7
100
AcDbLine
 10
10.84999999921999
 20
76.60000000772001
 30
0.0
 11
10.84999999921999
 21
77.40000000791997
 31
0.0
  0
LINE
  5
A0E
330
2AF
100
AcDbEntity
  8
0
  6
Continuous
 62
     7
100
AcDbLine
 10
10.84999999921999
 20
80.10000000796
 30
0.0
 11
10.84999999921999
 21
80.90000000816002
 31
0.0
  0
LINE
  5
A0F
330
2AF
100
AcDbEntity
  8
0
  6
Continuous
 62
     7
100
AcDbLine
 10
11.64999999942
 20
80.90000000816002
 30
0.0
 11
11.64999999942
 21
80.10000000796
 31
0.0
  0
LINE
  5
A10
330
2AF
100
AcDbEntity
  8
0
  6
Continuous
 62
     7
100
AcDbLine
 10
11.64999999942
 20
77.40000000791997
 30
0.0
 11
11.64999999942
 21
76.60000000772001
 31
0.0
  0
LINE
  5
A11
330
2AF
100
AcDbEntity
  8
0
  6
Continuous
 62
     7
100
AcDbLine
 10
11.64999999942
 20
73.90000000768
 30
0.0
 11
11.64999999942
 21
73.10000000747999
 31
0.0
  0
LINE
  5
A12
330
2AF
100
AcDbEntity
  8
0
  6
Continuous
 62
     7
100
AcDbLine
 10
11.64999999942
 20
70.40000000743998
 30
0.0
 11
11.64999999942
 21
69.60000000724
 31
0.0
  0
LINE
  5
A13
330
2AF
100
AcDbEntity
  8
0
  6
Continuous
 62
     7
100
AcDbLine
 10
11.64999999942
 20
66.90000000719999
 30
0.0
 11
11.64999999942
 21
66.100000007
 31
0.0
  0
LINE
  5
A14
330
2AF
100
AcDbEntity
  8
0
  6
Continuous
 62
     7
100
AcDbLine
 10
11.64999999942
 20
63.40000000696
 30
0.0
 11
11.64999999942
 21
62.60000000676001
 31
0.0
  0
LINE
  5
A15
330
2AF
100
AcDbEntity
  8
0
  6
Continuous
 62
     7
100
AcDbLine
 10
11.64999999942
 20
59.90000000671998
 30
0.0
 11
11.64999999942
 21
59.10000000652002
 31
0.0
  0
LINE
  5
A16
330
2AF
100
AcDbEntity
  8
0
  6
Continuous
 62
     7
100
AcDbLine
 10
11.64999999942
 20
56.40000000647998
 30
0.0
 11
11.64999999942
 21
55.60000000628
 31
0.0
  0
LINE
  5
A17
330
2AF
100
AcDbEntity
  8
0
  6
Continuous
 62
     7
100
AcDbLine
 10
11.64999999942
 20
52.90000000623999
 30
0.0
 11
11.64999999942
 21
52.10000000858
 31
0.0
  0
LINE
  5
A18
330
2AF
100
AcDbEntity
  8
0
  6
Continuous
 62
     7
100
AcDbLine
 10
11.64999999942
 20
49.40000000854002
 30
0.0
 11
11.64999999942
 21
48.60000000834
 31
0.0
  0
LINE
  5
A19
330
2AF
100
AcDbEntity
  8
0
  6
Continuous
 62
     7
100
AcDbLine
 10
11.64999999942
 20
45.9000000083
 30
0.0
 11
11.64999999942
 21
45.10000000810001
 31
0.0
  0
LINE
  5
A1A
330
2AF
100
AcDbEntity
  8
0
  6
Continuous
 62
     7
100
AcDbLine
 10
11.64999999942
 20
42.40000000806
 30
0.0
 11
11.64999999942
 21
41.60000000785999
 31
0.0
  0
LINE
  5
A1B
330
2AF
100
AcDbEntity
  8
0
  6
Continuous
 62
     7
100
AcDbLine
 10
11.64999999942
 20
38.90000000781998
 30
0.0
 11
11.64999999942
 21
38.10000000762
 31
0.0
  0
LINE
  5
A1C
330
2AF
100
AcDbEntity
  8
0
  6
Continuous
 62
     7
100
AcDbLine
 10
11.64999999942
 20
35.40000000758002
 30
0.0
 11
11.64999999942
 21
34.60000000738
 31
0.0
  0
LINE
  5
A1D
330
2AF
100
AcDbEntity
  8
0
  6
Continuous
 62
     7
100
AcDbLine
 10
11.64999999942
 20
31.90000000734
 30
0.0
 11
11.64999999942
 21
31.10000000714001
 31
0.0
  0
LINE
  5
A1E
330
2AF
100
AcDbEntity
  8
0
  6
Continuous
 62
     7
100
AcDbLine
 10
11.64999999942
 20
28.40000000710003
 30
0.0
 11
11.64999999942
 21
27.60000000689999
 31
0.0
  0
LINE
  5
A1F
330
2AF
100
AcDbEntity
  8
0
  6
Continuous
 62
     7
100
AcDbLine
 10
11.64999999942
 20
24.90000000685998
 30
0.0
 11
11.64999999942
 21
24.10000000666
 31
0.0
  0
LINE
  5
A20
330
2AF
100
AcDbEntity
  8
0
  6
Continuous
 62
     7
100
AcDbLine
 10
11.64999999942
 20
21.40000000662002
 30
0.0
 11
11.64999999942
 21
20.60000000642
 31
0.0
  0
LINE
  5
A21
330
2AF
100
AcDbEntity
  8
0
  6
Continuous
 62
     7
100
AcDbLine
 10
12.02499975742001
 20
22.57500000612001
 30
0.0
 11
12.02499975742001
 21
22.92500000716001
 31
0.0
  0
LINE
  5
A22
330
2AF
100
AcDbEntity
  8
0
  6
Continuous
 62
     7
100
AcDbLine
 10
12.02499975742001
 20
26.07500000636
 30
0.0
 11
12.02499975742001
 21
26.4250000074
 31
0.0
  0
LINE
  5
A23
330
2AF
100
AcDbEntity
  8
0
  6
Continuous
 62
     7
100
AcDbLine
 10
12.02499975742001
 20
29.57500000660002
 30
0.0
 11
12.02499975742001
 21
29.92500000763999
 31
0.0
  0
LINE
  5
A24
330
2AF
100
AcDbEntity
  8
0
  6
Continuous
 62
     7
100
AcDbLine
 10
12.02499975742001
 20
33.07500000683999
 30
0.0
 11
12.02499975742001
 21
33.42500000787999
 31
0.0
  0
LINE
  5
A25
330
2AF
100
AcDbEntity
  8
0
  6
Continuous
 62
     7
100
AcDbLine
 10
12.02499975742001
 20
36.57500000708001
 30
0.0
 11
12.02499975742001
 21
36.92500000812001
 31
0.0
  0
LINE
  5
A26
330
2AF
100
AcDbEntity
  8
0
  6
Continuous
 62
     7
100
AcDbLine
 10
12.02499975742001
 20
40.07500000731997
 30
0.0
 11
12.02499975742001
 21
40.42500000836
 31
0.0
  0
LINE
  5
A27
330
2AF
100
AcDbEntity
  8
0
  6
Continuous
 62
     7
100
AcDbLine
 10
12.02499975742001
 20
43.57500000756002
 30
0.0
 11
12.02499975742001
 21
43.92500000859999
 31
0.0
  0
LINE
  5
A28
330
2AF
100
AcDbEntity
  8
0
  6
Continuous
 62
     7
100
AcDbLine
 10
12.02499975742001
 20
47.07500000779999
 30
0.0
 11
12.02499975742001
 21
47.4250000063
 31
0.0
  0
LINE
  5
A29
330
2AF
100
AcDbEntity
  8
0
  6
Continuous
 62
     7
100
AcDbLine
 10
12.02499975742001
 20
50.57500000550002
 30
0.0
 11
12.02499975742001
 21
50.92500000654002
 31
0.0
  0
LINE
  5
A2A
330
2AF
100
AcDbEntity
  8
0
  6
Continuous
 62
     7
100
AcDbLine
 10
12.02499975742001
 20
54.07500000573998
 30
0.0
 11
12.02499975742001
 21
54.42500000678001
 31
0.0
  0
LINE
  5
A2B
330
2AF
100
AcDbEntity
  8
0
  6
Continuous
 62
     7
100
AcDbLine
 10
12.02499975742001
 20
57.57500000598
 30
0.0
 11
12.02499975742001
 21
57.92500000702
 31
0.0
  0
LINE
  5
A2C
330
2AF
100
AcDbEntity
  8
0
  6
Continuous
 62
     7
100
AcDbLine
 10
12.02499975742001
 20
61.07500000621999
 30
0.0
 11
12.02499975742001
 21
61.42500000726
 31
0.0
  0
LINE
  5
A2D
330
2AF
100
AcDbEntity
  8
0
  6
Continuous
 62
     7
100
AcDbLine
 10
12.02499975742001
 20
64.57500000645999
 30
0.0
 11
12.02499975742001
 21
64.92500000750002
 31
0.0
  0
LINE
  5
A2E
330
2AF
100
AcDbEntity
  8
0
  6
Continuous
 62
     7
100
AcDbLine
 10
12.02499975742001
 20
68.07500000669998
 30
0.0
 11
12.02499975742001
 21
68.42500000774001
 31
0.0
  0
LINE
  5
A2F
330
2AF
100
AcDbEntity
  8
0
  6
Continuous
 62
     7
100
AcDbLine
 10
12.02499975742001
 20
71.57500000693997
 30
0.0
 11
12.02499975742001
 21
71.92500000798
 31
0.0
  0
LINE
  5
A30
330
2AF
100
AcDbEntity
  8
0
  6
Continuous
 62
     7
100
AcDbLine
 10
12.02499975742001
 20
75.07500000718
 30
0.0
 11
12.02499975742001
 21
75.42500000822
 31
0.0
  0
LINE
  5
A31
330
2AF
100
AcDbEntity
  8
0
  6
Continuous
 62
     7
100
AcDbLine
 10
12.02499975742001
 20
78.57500000741999
 30
0.0
 11
12.02499975742001
 21
78.92500000845999
 31
0.0
  0
LINE
  5
A32
330
2AF
100
AcDbEntity
  8
03___PRT_ALL_CURVES
  6
Continuous
 62
     4
100
AcDbLine
 10
12.05047733664
 20
121.74999999964
 30
0.0
 11
12.05047733664
 21
119.25000000092
 31
0.0
  0
LINE
  5
A33
330
2AF
100
AcDbEntity
  8
0
  6
Continuous
 62
     7
100
AcDbLine
 10
12.24999998051999
 20
81.50000000704
 30
0.0
 11
12.24999998051999
 21
79.50000000654
 31
0.0
  0
LINE
  5
A34
330
2AF
100
AcDbEntity
  8
0
  6
Continuous
 62
     7
100
AcDbLine
 10
12.24999998051999
 20
78.00000000680001
 30
0.0
 11
12.24999998051999
 21
76.00000000629998
 31
0.0
  0
LINE
  5
A35
330
2AF
100
AcDbEntity
  8
0
  6
Continuous
 62
     7
100
AcDbLine
 10
12.24999998051999
 20
74.50000000656001
 30
0.0
 11
12.24999998051999
 21
72.50000000860001
 31
0.0
  0
LINE
  5
A36
330
2AF
100
AcDbEntity
  8
0
  6
Continuous
 62
     7
100
AcDbLine
 10
12.24999998051999
 20
71.00000000632
 30
0.0
 11
12.24999998051999
 21
69.00000000835999
 31
0.0
  0
LINE
  5
A37
330
2AF
100
AcDbEntity
  8
0
  6
Continuous
 62
     7
100
AcDbLine
 10
12.24999998051999
 20
67.50000000608
 30
0.0
 11
12.24999998051999
 21
65.50000000812003
 31
0.0
  0
LINE
  5
A38
330
2AF
100
AcDbEntity
  8
0
  6
Continuous
 62
     7
100
AcDbLine
 10
12.24999998051999
 20
64.00000000838
 30
0.0
 11
12.24999998051999
 21
62.00000000787998
 31
0.0
  0
LINE
  5
A39
330
2AF
100
AcDbEntity
  8
0
  6
Continuous
 62
     7
100
AcDbLine
 10
12.24999998051999
 20
60.50000000814001
 30
0.0
 11
12.24999998051999
 21
58.50000000764001
 31
0.0
  0
LINE
  5
A3A
330
2AF
100
AcDbEntity
  8
0
  6
Continuous
 62
     7
100
AcDbLine
 10
12.24999998051999
 20
57.00000000789998
 30
0.0
 11
12.24999998051999
 21
55.00000000739999
 31
0.0
  0
LINE
  5
A3B
330
2AF
100
AcDbEntity
  8
0
  6
Continuous
 62
     7
100
AcDbLine
 10
12.24999998051999
 20
53.50000000765999
 30
0.0
 11
12.24999998051999
 21
51.50000000716
 31
0.0
  0
LINE
  5
A3C
330
2AF
100
AcDbEntity
  8
0
  6
Continuous
 62
     7
100
AcDbLine
 10
12.24999998051999
 20
50.00000000742
 30
0.0
 11
12.24999998051999
 21
48.00000000691998
 31
0.0
  0
LINE
  5
A3D
330
2AF
100
AcDbEntity
  8
0
  6
Continuous
 62
     7
100
AcDbLine
 10
12.24999998051999
 20
46.50000000718001
 30
0.0
 11
12.24999998051999
 21
44.50000000668001
 31
0.0
  0
LINE
  5
A3E
330
2AF
100
AcDbEntity
  8
0
  6
Continuous
 62
     7
100
AcDbLine
 10
12.24999998051999
 20
43.00000000693998
 30
0.0
 11
12.24999998051999
 21
41.00000000643999
 31
0.0
  0
LINE
  5
A3F
330
2AF
100
AcDbEntity
  8
0
  6
Continuous
 62
     7
100
AcDbLine
 10
12.24999998051999
 20
39.50000000669999
 30
0.0
 11
12.24999998051999
 21
37.5000000062
 31
0.0
  0
LINE
  5
A40
330
2AF
100
AcDbEntity
  8
0
  6
Continuous
 62
     7
100
AcDbLine
 10
12.24999998051999
 20
36.00000000646
 30
0.0
 11
12.24999998051999
 21
34.00000000850002
 31
0.0
  0
LINE
  5
A41
330
2AF
100
AcDbEntity
  8
0
  6
Continuous
 62
     7
100
AcDbLine
 10
12.24999998051999
 20
32.50000000622001
 30
0.0
 11
12.24999998051999
 21
30.50000000826
 31
0.0
  0
LINE
  5
A42
330
2AF
100
AcDbEntity
  8
0
  6
Continuous
 62
     7
100
AcDbLine
 10
12.24999998051999
 20
29.00000000852003
 30
0.0
 11
12.24999998051999
 21
27.00000000802001
 31
0.0
  0
LINE
  5
A43
330
2AF
100
AcDbEntity
  8
0
  6
Continuous
 62
     7
100
AcDbLine
 10
12.24999998051999
 20
25.50000000827998
 30
0.0
 11
12.24999998051999
 21
23.50000000778002
 31
0.0
  0
LINE
  5
A44
330
2AF
100
AcDbEntity
  8
0
  6
Continuous
 62
     7
100
AcDbLine
 10
12.24999998051999
 20
22.00000000804002
 30
0.0
 11
12.24999998051999
 21
20.00000000754
 31
0.0
  0
LINE
  5
A45
330
2AF
100
AcDbEntity
  8
0
  6
Continuous
 62
     7
100
AcDbLine
 10
12.74999997873999
 20
81.50000000704
 30
0.0
 11
12.74999997873999
 21
79.50000000654
 31
0.0
  0
LINE
  5
A46
330
2AF
100
AcDbEntity
  8
0
  6
Continuous
 62
     7
100
AcDbLine
 10
12.74999997873999
 20
78.00000000680001
 30
0.0
 11
12.74999997873999
 21
76.00000000629998
 31
0.0
  0
LINE
  5
A47
330
2AF
100
AcDbEntity
  8
0
  6
Continuous
 62
     7
100
AcDbLine
 10
12.74999997873999
 20
74.50000000656001
 30
0.0
 11
12.74999997873999
 21
72.50000000860001
 31
0.0
  0
LINE
  5
A48
330
2AF
100
AcDbEntity
  8
0
  6
Continuous
 62
     7
100
AcDbLine
 10
12.74999997873999
 20
71.00000000632
 30
0.0
 11
12.74999997873999
 21
69.00000000835999
 31
0.0
  0
LINE
  5
A49
330
2AF
100
AcDbEntity
  8
0
  6
Continuous
 62
     7
100
AcDbLine
 10
12.74999997873999
 20
67.50000000608
 30
0.0
 11
12.74999997873999
 21
65.50000000812003
 31
0.0
  0
LINE
  5
A4A
330
2AF
100
AcDbEntity
  8
0
  6
Continuous
 62
     7
100
AcDbLine
 10
12.74999997873999
 20
64.00000000838
 30
0.0
 11
12.74999997873999
 21
62.00000000787998
 31
0.0
  0
LINE
  5
A4B
330
2AF
100
AcDbEntity
  8
0
  6
Continuous
 62
     7
100
AcDbLine
 10
12.74999997873999
 20
60.50000000814001
 30
0.0
 11
12.74999997873999
 21
58.50000000764001
 31
0.0
  0
LINE
  5
A4C
330
2AF
100
AcDbEntity
  8
0
  6
Continuous
 62
     7
100
AcDbLine
 10
12.74999997873999
 20
57.00000000789998
 30
0.0
 11
12.74999997873999
 21
55.00000000739999
 31
0.0
  0
LINE
  5
A4D
330
2AF
100
AcDbEntity
  8
0
  6
Continuous
 62
     7
100
AcDbLine
 10
12.74999997873999
 20
53.50000000765999
 30
0.0
 11
12.74999997873999
 21
51.50000000716
 31
0.0
  0
LINE
  5
A4E
330
2AF
100
AcDbEntity
  8
0
  6
Continuous
 62
     7
100
AcDbLine
 10
12.74999997873999
 20
50.00000000742
 30
0.0
 11
12.74999997873999
 21
48.00000000691998
 31
0.0
  0
LINE
  5
A4F
330
2AF
100
AcDbEntity
  8
0
  6
Continuous
 62
     7
100
AcDbLine
 10
12.74999997873999
 20
46.50000000718001
 30
0.0
 11
12.74999997873999
 21
44.50000000668001
 31
0.0
  0
LINE
  5
A50
330
2AF
100
AcDbEntity
  8
0
  6
Continuous
 62
     7
100
AcDbLine
 10
12.74999997873999
 20
43.00000000693998
 30
0.0
 11
12.74999997873999
 21
41.00000000643999
 31
0.0
  0
LINE
  5
A51
330
2AF
100
AcDbEntity
  8
0
  6
Continuous
 62
     7
100
AcDbLine
 10
12.74999997873999
 20
39.50000000669999
 30
0.0
 11
12.74999997873999
 21
37.5000000062
 31
0.0
  0
LINE
  5
A52
330
2AF
100
AcDbEntity
  8
0
  6
Continuous
 62
     7
100
AcDbLine
 10
12.74999997873999
 20
36.00000000646
 30
0.0
 11
12.74999997873999
 21
34.00000000850002
 31
0.0
  0
LINE
  5
A53
330
2AF
100
AcDbEntity
  8
0
  6
Continuous
 62
     7
100
AcDbLine
 10
12.74999997873999
 20
32.50000000622001
 30
0.0
 11
12.74999997873999
 21
30.50000000826
 31
0.0
  0
LINE
  5
A54
330
2AF
100
AcDbEntity
  8
0
  6
Continuous
 62
     7
100
AcDbLine
 10
12.74999997873999
 20
29.00000000852003
 30
0.0
 11
12.74999997873999
 21
27.00000000802001
 31
0.0
  0
LINE
  5
A55
330
2AF
100
AcDbEntity
  8
0
  6
Continuous
 62
     7
100
AcDbLine
 10
12.74999997873999
 20
25.50000000827998
 30
0.0
 11
12.74999997873999
 21
23.50000000778002
 31
0.0
  0
LINE
  5
A56
330
2AF
100
AcDbEntity
  8
0
  6
Continuous
 62
     7
100
AcDbLine
 10
12.74999997873999
 20
22.00000000804002
 30
0.0
 11
12.74999997873999
 21
20.00000000754
 31
0.0
  0
LINE
  5
A57
330
2AF
100
AcDbEntity
  8
03___PRT_ALL_CURVES
  6
Continuous
 62
     4
100
AcDbLine
 10
12.8246930958
 20
119.25000000092
 30
0.0
 11
12.8246930958
 21
121.74999999964
 31
0.0
  0
LINE
  5
A58
330
2AF
100
AcDbEntity
  8
0
  6
Continuous
 62
     7
100
AcDbLine
 10
13.34999964234001
 20
20.60000000642
 30
0.0
 11
13.34999964234001
 21
21.40000000662002
 31
0.0
  0
LINE
  5
A59
330
2AF
100
AcDbEntity
  8
0
  6
Continuous
 62
     7
100
AcDbLine
 10
13.34999964234001
 20
24.10000000666
 30
0.0
 11
13.34999964234001
 21
24.90000000685998
 31
0.0
  0
LINE
  5
A5A
330
2AF
100
AcDbEntity
  8
0
  6
Continuous
 62
     7
100
AcDbLine
 10
13.34999964234001
 20
27.60000000689999
 30
0.0
 11
13.34999964234001
 21
28.40000000710003
 31
0.0
  0
LINE
  5
A5B
330
2AF
100
AcDbEntity
  8
0
  6
Continuous
 62
     7
100
AcDbLine
 10
13.34999964234001
 20
31.10000000714001
 30
0.0
 11
13.34999964234001
 21
31.90000000734
 31
0.0
  0
LINE
  5
A5C
330
2AF
100
AcDbEntity
  8
0
  6
Continuous
 62
     7
100
AcDbLine
 10
13.34999964234001
 20
34.60000000738
 30
0.0
 11
13.34999964234001
 21
35.40000000758002
 31
0.0
  0
LINE
  5
A5D
330
2AF
100
AcDbEntity
  8
0
  6
Continuous
 62
     7
100
AcDbLine
 10
13.34999964234001
 20
38.10000000762
 30
0.0
 11
13.34999964234001
 21
38.90000000781998
 31
0.0
  0
LINE
  5
A5E
330
2AF
100
AcDbEntity
  8
0
  6
Continuous
 62
     7
100
AcDbLine
 10
13.34999964234001
 20
41.60000000785999
 30
0.0
 11
13.34999964234001
 21
42.40000000806
 31
0.0
  0
LINE
  5
A5F
330
2AF
100
AcDbEntity
  8
0
  6
Continuous
 62
     7
100
AcDbLine
 10
13.34999964234001
 20
45.10000000810001
 30
0.0
 11
13.34999964234001
 21
45.9000000083
 31
0.0
  0
LINE
  5
A60
330
2AF
100
AcDbEntity
  8
0
  6
Continuous
 62
     7
100
AcDbLine
 10
13.34999964234001
 20
48.60000000834
 30
0.0
 11
13.34999964234001
 21
49.40000000854002
 31
0.0
  0
LINE
  5
A61
330
2AF
100
AcDbEntity
  8
0
  6
Continuous
 62
     7
100
AcDbLine
 10
13.34999964234001
 20
52.10000000858
 30
0.0
 11
13.34999964234001
 21
52.90000000623999
 31
0.0
  0
LINE
  5
A62
330
2AF
100
AcDbEntity
  8
0
  6
Continuous
 62
     7
100
AcDbLine
 10
13.34999964234001
 20
55.60000000628
 30
0.0
 11
13.34999964234001
 21
56.40000000647998
 31
0.0
  0
LINE
  5
A63
330
2AF
100
AcDbEntity
  8
0
  6
Continuous
 62
     7
100
AcDbLine
 10
13.34999964234001
 20
59.10000000652002
 30
0.0
 11
13.34999964234001
 21
59.90000000671998
 31
0.0
  0
LINE
  5
A64
330
2AF
100
AcDbEntity
  8
0
  6
Continuous
 62
     7
100
AcDbLine
 10
13.34999964234001
 20
62.60000000676001
 30
0.0
 11
13.34999964234001
 21
63.40000000696
 31
0.0
  0
LINE
  5
A65
330
2AF
100
AcDbEntity
  8
0
  6
Continuous
 62
     7
100
AcDbLine
 10
13.34999964234001
 20
66.100000007
 30
0.0
 11
13.34999964234001
 21
66.90000000719999
 31
0.0
  0
LINE
  5
A66
330
2AF
100
AcDbEntity
  8
0
  6
Continuous
 62
     7
100
AcDbLine
 10
13.34999964234001
 20
69.60000000724
 30
0.0
 11
13.34999964234001
 21
70.40000000743998
 31
0.0
  0
LINE
  5
A67
330
2AF
100
AcDbEntity
  8
0
  6
Continuous
 62
     7
100
AcDbLine
 10
13.34999964234001
 20
73.10000000747999
 30
0.0
 11
13.34999964234001
 21
73.90000000768
 31
0.0
  0
LINE
  5
A68
330
2AF
100
AcDbEntity
  8
0
  6
Continuous
 62
     7
100
AcDbLine
 10
13.34999964234001
 20
76.60000000772001
 30
0.0
 11
13.34999964234001
 21
77.40000000791997
 31
0.0
  0
LINE
  5
A69
330
2AF
100
AcDbEntity
  8
0
  6
Continuous
 62
     7
100
AcDbLine
 10
13.34999964234001
 20
80.10000000796
 30
0.0
 11
13.34999964234001
 21
80.90000000816002
 31
0.0
  0
LINE
  5
A6A
330
2AF
100
AcDbEntity
  8
03___PRT_ALL_CURVES
  6
Continuous
 62
     4
100
AcDbLine
 10
3.206139140159991
 20
21.1795361524
 30
0.0
 11
3.239563470059977
 21
21.38963166566
 31
0.0
  0
LINE
  5
A6B
330
2AF
100
AcDbEntity
  8
03___PRT_ALL_CURVES
  6
Continuous
 62
     4
100
AcDbLine
 10
2.941609887659979
 20
21.70000000098
 30
0.0
 11
2.818417482279983
 21
20.94747614153999
 31
0.0
  0
LINE
  5
A6C
330
2AF
100
AcDbEntity
  8
03___PRT_ALL_CURVES
  6
Continuous
 62
     4
100
AcDbLine
 10
22.82912690197998
 20
77.72387454431998
 30
0.0
 11
22.12053207837999
 21
76.88158252811999
 31
0.0
  0
LINE
  5
A6D
330
2AF
100
AcDbEntity
  8
0
  6
Continuous
 62
     2
100
AcDbLine
 10
17.99999999942
 20
72.21575231954
 30
0.0
 11
18.50000000017999
 21
72.7157523203
 31
0.0
  0
LINE
  5
A6E
330
2AF
100
AcDbEntity
  8
0
  6
Continuous
 62
     7
100
AcDbLine
 10
17.25000000081999
 20
73.90000000514001
 30
0.0
 11
17.74999999904
 21
74.20043031360001
 31
0.0
  0
LINE
  5
A6F
330
2AF
100
AcDbEntity
  8
0
  6
Continuous
 62
     7
100
AcDbLine
 10
17.05291979807998
 20
73.10000000493997
 30
0.0
 11
16.65014920407998
 21
72.85799101728
 31
0.0
  0
LINE
  5
A70
330
2AF
100
AcDbEntity
  8
0
  6
Continuous
 62
     7
100
AcDbLine
 10
17.25000000081999
 20
70.4000000049
 30
0.0
 11
17.74999999904
 21
70.70043031589998
 31
0.0
  0
LINE
  5
A71
330
2AF
100
AcDbEntity
  8
0
  6
Continuous
 62
     7
100
AcDbLine
 10
17.05291979807998
 20
69.60000000470001
 30
0.0
 11
16.65014920407998
 21
69.35799101704
 31
0.0
  0
LINE
  5
A72
330
2AF
100
AcDbEntity
  8
03___PRT_ALL_CURVES
  6
Continuous
 62
     4
100
AcDbLine
 10
3.115893572619996
 20
55.70586630712
 30
0.0
 11
2.722442060820015
 21
55.66289223507999
 31
0.0
  0
LINE
  5
A73
330
2AF
100
AcDbEntity
  8
03___PRT_ALL_CURVES
  6
Continuous
 62
     4
100
AcDbLine
 10
3.819713587379994
 20
56.70000000083999
 30
0.0
 11
2.896248357860003
 21
56.70000000083999
 31
0.0
  0
LINE
  5
A74
330
2AF
100
AcDbEntity
  8
0
  6
Continuous
 62
     7
100
AcDbLine
 10
17.74999999904
 20
56.70043031493998
 30
0.0
 11
17.99999999942
 21
56.70043031493998
 31
0.0
  0
LINE
  5
A75
330
2AF
100
AcDbEntity
  8
03___PRT_ALL_CURVES
  6
Continuous
 62
     4
100
AcDbLine
 10
21.71180080795997
 20
56.72387454541999
 30
0.0
 11
21.38997272162001
 21
56.72387454541999
 31
0.0
  0
LINE
  5
A76
330
2AF
100
AcDbEntity
  8
03___PRT_ALL_CURVES
  6
Continuous
 62
     4
100
AcDbLine
 10
2.315620751019964
 20
56.72387454541999
 30
0.0
 11
1.993792664679972
 21
56.72387454541999
 31
0.0
  0
LINE
  5
A77
330
2AF
100
AcDbEntity
  8
0
  6
Continuous
 62
     7
100
AcDbLine
 10
15.84999999919998
 20
56.80000000404002
 30
0.0
 11
16.65014920407998
 21
56.80000000404002
 31
0.0
  0
LINE
  5
A78
330
2AF
100
AcDbEntity
  8
0
  6
Continuous
 62
     7
100
AcDbLine
 10
14.74999997923996
 20
57.00000000789998
 30
0.0
 11
12.74999997873999
 21
57.00000000789998
 31
0.0
  0
LINE
  5
A79
330
2AF
100
AcDbEntity
  8
0
  6
Continuous
 62
     7
100
AcDbLine
 10
12.24999998051999
 20
57.00000000789998
 30
0.0
 11
10.24999998001996
 21
57.00000000789998
 31
0.0
  0
LINE
  5
A7A
330
2AF
100
AcDbEntity
  8
0
  6
Continuous
 62
     7
100
AcDbLine
 10
8.949997718459997
 20
57.47499951764001
 30
0.0
 11
9.70151757939999
 21
57.47499951764001
 31
0.0
  0
LINE
  5
A7B
330
2AF
100
AcDbEntity
  8
0
  6
Continuous
 62
     7
100
AcDbLine
 10
12.02499979298
 20
57.57500000852002
 30
0.0
 11
8.200000000779994
 21
57.57500000852002
 31
0.0
  0
LINE
  5
A7C
330
2AF
100
AcDbEntity
  8
03___PRT_ALL_CURVES
  6
Continuous
 62
     4
100
AcDbLine
 10
1.20000000029998
 20
57.74999999888001
 30
0.0
 11
4.199999999779976
 21
57.74999999888001
 31
0.0
  0
LINE
  5
A7D
330
2AF
100
AcDbEntity
  8
03___PRT_ALL_CURVES
  6
Continuous
 62
     4
100
AcDbLine
 10
20.59999999879994
 20
57.74999999888001
 30
0.0
 11
23.60000000081999
 21
57.74999999888001
 31
0.0
  0
LINE
  5
A7E
330
2AF
100
AcDbEntity
  8
0
  6
Continuous
 62
     7
100
AcDbLine
 10
8.200000000779994
 20
57.92500000702
 30
0.0
 11
12.02499979298
 21
57.92500000702
 31
0.0
  0
LINE
  5
A7F
330
2AF
100
AcDbEntity
  8
0
  6
Continuous
 62
     7
100
AcDbLine
 10
9.701517503199995
 20
58.02499943110001
 30
0.0
 11
8.949997718459997
 21
58.02499943110001
 31
0.0
  0
LINE
  5
A80
330
2AF
100
AcDbEntity
  8
0
  6
Continuous
 62
     7
100
AcDbLine
 10
14.74999997923996
 20
58.50000000764001
 30
0.0
 11
12.74999997873999
 21
58.50000000764001
 31
0.0
  0
LINE
  5
A81
330
2AF
100
AcDbEntity
  8
0
  6
Continuous
 62
     7
100
AcDbLine
 10
12.24999998051999
 20
58.50000000764001
 30
0.0
 11
10.24999998001996
 21
58.50000000764001
 31
0.0
  0
LINE
  5
A82
330
2AF
100
AcDbEntity
  8
0
  6
Continuous
 62
     7
100
AcDbLine
 10
16.65014920407998
 20
58.70000000388001
 30
0.0
 11
15.84999999919998
 21
58.70000000388001
 31
0.0
  0
LINE
  5
A83
330
2AF
100
AcDbEntity
  8
0
  6
Continuous
 62
     7
100
AcDbLine
 10
17.99999999942
 20
58.79956969552001
 30
0.0
 11
17.74999999904
 21
58.79956969552001
 31
0.0
  0
LINE
  5
A84
330
2AF
100
AcDbEntity
  8
03___PRT_ALL_CURVES
  6
Continuous
 62
     4
100
AcDbLine
 10
1.923601613799974
 20
58.79999999945997
 30
0.0
 11
2.317053168779978
 21
58.79999999945997
 31
0.0
  0
LINE
  5
A85
330
2AF
100
AcDbEntity
  8
03___PRT_ALL_CURVES
  6
Continuous
 62
     4
100
AcDbLine
 10
21.30450202134003
 20
58.79999999945997
 30
0.0
 11
21.69795357632003
 21
58.79999999945997
 31
0.0
  0
LINE
  5
A86
330
2AF
100
AcDbEntity
  8
03___PRT_ALL_CURVES
  6
Continuous
 62
     4
100
AcDbLine
 10
22.78949524641999
 20
58.79999999945997
 30
0.0
 11
23.12851301897999
 21
58.79999999945997
 31
0.0
  0
LINE
  5
A87
330
2AF
100
AcDbEntity
  8
03___PRT_ALL_CURVES
  6
Continuous
 62
     4
100
AcDbLine
 10
22.08090042536
 20
59.06166438850002
 30
0.0
 11
22.78949524641999
 21
59.06166438850002
 31
0.0
  0
LINE
  5
A88
330
2AF
100
AcDbEntity
  8
03___PRT_ALL_CURVES
  6
Continuous
 62
     4
100
AcDbLine
 10
23.12851301897999
 20
59.06166438850002
 30
0.0
 11
23.30422915725998
 21
59.06166438850002
 31
0.0
  0
LINE
  5
A89
330
2AF
100
AcDbEntity
  8
0
  6
Continuous
 62
     7
100
AcDbLine
 10
17.25000000081999
 20
59.10000000397997
 30
0.0
 11
17.05291979807998
 21
59.10000000397997
 31
0.0
  0
LINE
  5
A8A
330
2AF
100
AcDbEntity
  8
0
  6
Continuous
 62
     7
100
AcDbLine
 10
14.14999899992003
 20
59.10000000652002
 30
0.0
 11
13.34999964234001
 21
59.10000000652002
 31
0.0
  0
LINE
  5
A8B
330
2AF
100
AcDbEntity
  8
0
  6
Continuous
 62
     7
100
AcDbLine
 10
11.64999999942
 20
59.10000000652002
 30
0.0
 11
10.84999999921999
 21
59.10000000652002
 31
0.0
  0
LINE
  5
A8C
330
2AF
100
AcDbEntity
  8
03___PRT_ALL_CURVES
  6
Continuous
 62
     4
100
AcDbLine
 10
23.30422915725998
 20
59.36343792008
 30
0.0
 11
23.12851301897999
 21
59.36343792008
 31
0.0
  0
LINE
  5
A8D
330
2AF
100
AcDbEntity
  8
03___PRT_ALL_CURVES
  6
Continuous
 62
     4
100
AcDbLine
 10
22.78949524641999
 20
59.36343792008
 30
0.0
 11
22.41418826017997
 21
59.36343792008
 31
0.0
  0
LINE
  5
A8E
330
2AF
100
AcDbEntity
  8
0
  6
Continuous
 62
     7
100
AcDbLine
 10
10.84999999921999
 20
59.90000000671998
 30
0.0
 11
11.64999999942
 21
59.90000000671998
 31
0.0
  0
LINE
  5
A8F
330
2AF
100
AcDbEntity
  8
0
  6
Continuous
 62
     7
100
AcDbLine
 10
13.34999964234001
 20
59.90000000671998
 30
0.0
 11
14.14999899992003
 21
59.90000000671998
 31
0.0
  0
LINE
  5
A90
330
2AF
100
AcDbEntity
  8
0
  6
Continuous
 62
     7
100
AcDbLine
 10
17.05291979807998
 20
59.90000000418001
 30
0.0
 11
17.25000000081999
 21
59.90000000418001
 31
0.0
  0
LINE
  5
A91
330
2AF
100
AcDbEntity
  8
0
  6
Continuous
 62
     7
100
AcDbLine
 10
17.74999999904
 20
60.20043031518
 30
0.0
 11
17.99999999942
 21
60.20043031518
 31
0.0
  0
LINE
  5
A92
330
2AF
100
AcDbEntity
  8
03___PRT_ALL_CURVES
  6
Continuous
 62
     4
100
AcDbLine
 10
23.12851301897999
 20
60.22387454566001
 30
0.0
 11
22.78949524641999
 21
60.22387454566001
 31
0.0
  0
LINE
  5
A93
330
2AF
100
AcDbEntity
  8
03___PRT_ALL_CURVES
  6
Continuous
 62
     4
100
AcDbLine
 10
21.69795357632003
 20
60.22387454566001
 30
0.0
 11
21.37612548998001
 21
60.22387454566001
 31
0.0
  0
LINE
  5
A94
330
2AF
100
AcDbEntity
  8
03___PRT_ALL_CURVES
  6
Continuous
 62
     4
100
AcDbLine
 10
2.317053168779978
 20
60.22387454566001
 30
0.0
 11
1.995225082440015
 21
60.22387454566001
 31
0.0
  0
LINE
  5
A95
330
2AF
100
AcDbEntity
  8
0
  6
Continuous
 62
     7
100
AcDbLine
 10
15.84999999919998
 20
60.30000000428001
 30
0.0
 11
16.65014920407998
 21
60.30000000428001
 31
0.0
  0
LINE
  5
A96
330
2AF
100
AcDbEntity
  8
0
  6
Continuous
 62
     7
100
AcDbLine
 10
14.74999997923996
 20
60.50000000814001
 30
0.0
 11
12.74999997873999
 21
60.50000000814001
 31
0.0
  0
LINE
  5
A97
330
2AF
100
AcDbEntity
  8
0
  6
Continuous
 62
     7
100
AcDbLine
 10
12.24999998051999
 20
60.50000000814001
 30
0.0
 11
10.24999998001996
 21
60.50000000814001
 31
0.0
  0
LINE
  5
A98
330
2AF
100
AcDbEntity
  8
0
  6
Continuous
 62
     7
100
AcDbLine
 10
8.949997718459997
 20
60.97499951788001
 30
0.0
 11
9.701517503199995
 21
60.97499951788001
 31
0.0
  0
LINE
  5
A99
330
2AF
100
AcDbEntity
  8
0
  6
Continuous
 62
     7
100
AcDbLine
 10
12.02499979298
 20
61.07500000621999
 30
0.0
 11
8.200000000779994
 21
61.07500000621999
 31
0.0
  0
LINE
  5
A9A
330
2AF
100
AcDbEntity
  8
03___PRT_ALL_CURVES
  6
Continuous
 62
     4
100
AcDbLine
 10
2.749658948219974
 20
59.86098222598
 30
0.0
 11
3.117325990379982
 21
59.79508869508001
 31
0.0
  0
LINE
  5
A9B
330
2AF
100
AcDbEntity
  8
0
  6
Continuous
 62
     7
100
AcDbLine
 10
17.74999999904
 20
55.29956969527998
 30
0.0
 11
17.25000000081999
 21
55.60000000628
 31
0.0
  0
LINE
  5
A9C
330
2AF
100
AcDbEntity
  8
0
  6
Continuous
 62
     7
100
AcDbLine
 10
16.65014920407998
 20
56.64200899414001
 30
0.0
 11
17.05291979807998
 21
56.40000000393999
 31
0.0
  0
LINE
  5
A9D
330
2AF
100
AcDbEntity
  8
0
  6
Continuous
 62
     7
100
AcDbLine
 10
17.74999999904
 20
58.79956969552001
 30
0.0
 11
17.25000000081999
 21
59.10000000397997
 31
0.0
  0
LINE
  5
A9E
330
2AF
100
AcDbEntity
  8
0
  6
Continuous
 62
     7
100
AcDbLine
 10
16.65014920407998
 20
60.14200899438001
 30
0.0
 11
17.05291979807998
 21
59.90000000418001
 31
0.0
  0
LINE
  5
A9F
330
2AF
100
AcDbEntity
  8
0
  6
Continuous
 62
     7
100
AcDbLine
 10
14.14999899992003
 20
80.90000000816002
 30
0.0
 11
14.14999899992003
 21
80.10000000796
 31
0.0
  0
LINE
  5
AA0
330
2AF
100
AcDbEntity
  8
0
  6
Continuous
 62
     7
100
AcDbLine
 10
14.14999899992003
 20
77.40000000791997
 30
0.0
 11
14.14999899992003
 21
76.60000000772001
 31
0.0
  0
LINE
  5
AA1
330
2AF
100
AcDbEntity
  8
0
  6
Continuous
 62
     7
100
AcDbLine
 10
14.14999899992003
 20
73.90000000768
 30
0.0
 11
14.14999899992003
 21
73.10000000747999
 31
0.0
  0
LINE
  5
AA2
330
2AF
100
AcDbEntity
  8
0
  6
Continuous
 62
     7
100
AcDbLine
 10
14.14999899992003
 20
70.40000000743998
 30
0.0
 11
14.14999899992003
 21
69.60000000724
 31
0.0
  0
LINE
  5
AA3
330
2AF
100
AcDbEntity
  8
0
  6
Continuous
 62
     7
100
AcDbLine
 10
14.14999899992003
 20
66.90000000719999
 30
0.0
 11
14.14999899992003
 21
66.100000007
 31
0.0
  0
LINE
  5
AA4
330
2AF
100
AcDbEntity
  8
0
  6
Continuous
 62
     7
100
AcDbLine
 10
14.14999899992003
 20
63.40000000696
 30
0.0
 11
14.14999899992003
 21
62.60000000676001
 31
0.0
  0
LINE
  5
AA5
330
2AF
100
AcDbEntity
  8
0
  6
Continuous
 62
     7
100
AcDbLine
 10
14.14999899992003
 20
59.90000000671998
 30
0.0
 11
14.14999899992003
 21
59.10000000652002
 31
0.0
  0
LINE
  5
AA6
330
2AF
100
AcDbEntity
  8
0
  6
Continuous
 62
     7
100
AcDbLine
 10
14.14999899992003
 20
56.40000000647998
 30
0.0
 11
14.14999899992003
 21
55.60000000628
 31
0.0
  0
LINE
  5
AA7
330
2AF
100
AcDbEntity
  8
0
  6
Continuous
 62
     7
100
AcDbLine
 10
14.14999899992003
 20
52.90000000623999
 30
0.0
 11
14.14999899992003
 21
52.10000000604001
 31
0.0
  0
LINE
  5
AA8
330
2AF
100
AcDbEntity
  8
0
  6
Continuous
 62
     7
100
AcDbLine
 10
14.14999899992003
 20
49.40000000854002
 30
0.0
 11
14.14999899992003
 21
48.60000000580001
 31
0.0
  0
LINE
  5
AA9
330
2AF
100
AcDbEntity
  8
0
  6
Continuous
 62
     7
100
AcDbLine
 10
14.14999899992003
 20
45.9000000083
 30
0.0
 11
14.14999899992003
 21
45.10000000556002
 31
0.0
  0
LINE
  5
AAA
330
2AF
100
AcDbEntity
  8
0
  6
Continuous
 62
     7
100
AcDbLine
 10
14.14999899992003
 20
42.40000000806
 30
0.0
 11
14.14999899992003
 21
41.60000000785999
 31
0.0
  0
LINE
  5
AAB
330
2AF
100
AcDbEntity
  8
0
  6
Continuous
 62
     7
100
AcDbLine
 10
14.14999899992003
 20
38.90000000781998
 30
0.0
 11
14.14999899992003
 21
38.10000000762
 31
0.0
  0
LINE
  5
AAC
330
2AF
100
AcDbEntity
  8
0
  6
Continuous
 62
     7
100
AcDbLine
 10
14.14999899992003
 20
35.40000000758002
 30
0.0
 11
14.14999899992003
 21
34.60000000738
 31
0.0
  0
LINE
  5
AAD
330
2AF
100
AcDbEntity
  8
0
  6
Continuous
 62
     7
100
AcDbLine
 10
14.14999899992003
 20
31.90000000734
 30
0.0
 11
14.14999899992003
 21
31.10000000714001
 31
0.0
  0
LINE
  5
AAE
330
2AF
100
AcDbEntity
  8
0
  6
Continuous
 62
     7
100
AcDbLine
 10
14.14999899992003
 20
28.40000000710003
 30
0.0
 11
14.14999899992003
 21
27.60000000689999
 31
0.0
  0
LINE
  5
AAF
330
2AF
100
AcDbEntity
  8
0
  6
Continuous
 62
     7
100
AcDbLine
 10
14.14999899992003
 20
24.90000000685998
 30
0.0
 11
14.14999899992003
 21
24.10000000666
 31
0.0
  0
LINE
  5
AB0
330
2AF
100
AcDbEntity
  8
0
  6
Continuous
 62
     7
100
AcDbLine
 10
14.14999899992003
 20
21.40000000662002
 30
0.0
 11
14.14999899992003
 21
20.60000000642
 31
0.0
  0
LINE
  5
AB1
330
2AF
100
AcDbEntity
  8
0
  6
Continuous
 62
     7
100
AcDbLine
 10
14.24999999879995
 20
127.0
 30
0.0
 11
14.24999999879995
 21
126.1999999998
 31
0.0
  0
LINE
  5
AB2
330
2AF
100
AcDbEntity
  8
0
  6
Continuous
 62
     7
100
AcDbLine
 10
14.24999999879995
 20
3.799999999680011
 30
0.0
 11
14.24999999879995
 21
2.999999999479996
 31
0.0
  0
LINE
  5
AB3
330
2AF
100
AcDbEntity
  8
0
  6
Continuous
 62
     7
100
AcDbLine
 10
14.74999997923996
 20
81.50000000704
 30
0.0
 11
14.74999997923996
 21
79.50000000654
 31
0.0
  0
LINE
  5
AB4
330
2AF
100
AcDbEntity
  8
0
  6
Continuous
 62
     7
100
AcDbLine
 10
14.74999997923996
 20
78.00000000680001
 30
0.0
 11
14.74999997923996
 21
76.00000000629998
 31
0.0
  0
LINE
  5
AB5
330
2AF
100
AcDbEntity
  8
0
  6
Continuous
 62
     7
100
AcDbLine
 10
14.74999997923996
 20
74.50000000656001
 30
0.0
 11
14.74999997923996
 21
72.50000000860001
 31
0.0
  0
LINE
  5
AB6
330
2AF
100
AcDbEntity
  8
0
  6
Continuous
 62
     7
100
AcDbLine
 10
14.74999997923996
 20
71.00000000632
 30
0.0
 11
14.74999997923996
 21
69.00000000835999
 31
0.0
  0
LINE
  5
AB7
330
2AF
100
AcDbEntity
  8
0
  6
Continuous
 62
     7
100
AcDbLine
 10
14.74999997923996
 20
67.50000000608
 30
0.0
 11
14.74999997923996
 21
65.50000000812003
 31
0.0
  0
LINE
  5
AB8
330
2AF
100
AcDbEntity
  8
0
  6
Continuous
 62
     7
100
AcDbLine
 10
14.74999997923996
 20
64.00000000838
 30
0.0
 11
14.74999997923996
 21
62.00000000787998
 31
0.0
  0
LINE
  5
AB9
330
2AF
100
AcDbEntity
  8
0
  6
Continuous
 62
     7
100
AcDbLine
 10
14.74999997923996
 20
60.50000000814001
 30
0.0
 11
14.74999997923996
 21
58.50000000764001
 31
0.0
  0
LINE
  5
ABA
330
2AF
100
AcDbEntity
  8
0
  6
Continuous
 62
     7
100
AcDbLine
 10
14.74999997923996
 20
57.00000000789998
 30
0.0
 11
14.74999997923996
 21
55.00000000739999
 31
0.0
  0
LINE
  5
ABB
330
2AF
100
AcDbEntity
  8
0
  6
Continuous
 62
     7
100
AcDbLine
 10
14.74999997923996
 20
53.50000000765999
 30
0.0
 11
14.74999997923996
 21
51.50000000716
 31
0.0
  0
LINE
  5
ABC
330
2AF
100
AcDbEntity
  8
0
  6
Continuous
 62
     7
100
AcDbLine
 10
14.74999997923996
 20
50.00000000742
 30
0.0
 11
14.74999997923996
 21
48.00000000691998
 31
0.0
  0
LINE
  5
ABD
330
2AF
100
AcDbEntity
  8
0
  6
Continuous
 62
     7
100
AcDbLine
 10
14.74999997923996
 20
46.50000000718001
 30
0.0
 11
14.74999997923996
 21
44.50000000668001
 31
0.0
  0
LINE
  5
ABE
330
2AF
100
AcDbEntity
  8
0
  6
Continuous
 62
     7
100
AcDbLine
 10
14.74999997923996
 20
43.00000000693998
 30
0.0
 11
14.74999997923996
 21
41.00000000643999
 31
0.0
  0
LINE
  5
ABF
330
2AF
100
AcDbEntity
  8
0
  6
Continuous
 62
     7
100
AcDbLine
 10
14.74999997923996
 20
39.50000000669999
 30
0.0
 11
14.74999997923996
 21
37.5000000062
 31
0.0
  0
LINE
  5
AC0
330
2AF
100
AcDbEntity
  8
0
  6
Continuous
 62
     7
100
AcDbLine
 10
14.74999997923996
 20
36.00000000646
 30
0.0
 11
14.74999997923996
 21
34.00000000850002
 31
0.0
  0
LINE
  5
AC1
330
2AF
100
AcDbEntity
  8
0
  6
Continuous
 62
     7
100
AcDbLine
 10
14.74999997923996
 20
32.50000000622001
 30
0.0
 11
14.74999997923996
 21
30.50000000826
 31
0.0
  0
LINE
  5
AC2
330
2AF
100
AcDbEntity
  8
0
  6
Continuous
 62
     7
100
AcDbLine
 10
14.74999997923996
 20
29.00000000852003
 30
0.0
 11
14.74999997923996
 21
27.00000000802001
 31
0.0
  0
LINE
  5
AC3
330
2AF
100
AcDbEntity
  8
0
  6
Continuous
 62
     7
100
AcDbLine
 10
14.74999997923996
 20
25.50000000827998
 30
0.0
 11
14.74999997923996
 21
23.50000000778002
 31
0.0
  0
LINE
  5
AC4
330
2AF
100
AcDbEntity
  8
0
  6
Continuous
 62
     7
100
AcDbLine
 10
14.74999997923996
 20
22.00000000804002
 30
0.0
 11
14.74999997923996
 21
20.00000000754
 31
0.0
  0
LINE
  5
AC5
330
2AF
100
AcDbEntity
  8
0
  6
Continuous
 62
     7
100
AcDbLine
 10
15.59999999882001
 20
1.649999999460007
 30
0.0
 11
15.59999999882001
 21
2.999999999479996
 31
0.0
  0
LINE
  5
AC6
330
2AF
100
AcDbEntity
  8
0
  6
Continuous
 62
     7
100
AcDbLine
 10
15.59999999882001
 20
3.799999999680011
 30
0.0
 11
15.59999999882001
 21
5.149999999700015
 31
0.0
  0
LINE
  5
AC7
330
2AF
100
AcDbEntity
  8
0
  6
Continuous
 62
     7
100
AcDbLine
 10
15.59999999882001
 20
124.84999999978
 30
0.0
 11
15.59999999882001
 21
126.1999999998
 31
0.0
  0
LINE
  5
AC8
330
2AF
100
AcDbEntity
  8
0
  6
Continuous
 62
     7
100
AcDbLine
 10
15.59999999882001
 20
127.0
 30
0.0
 11
15.59999999882001
 21
128.35000000002
 31
0.0
  0
LINE
  5
AC9
330
2AF
100
AcDbEntity
  8
0
  6
Continuous
 62
     7
100
AcDbLine
 10
15.84999999919998
 20
19.2500000064
 30
0.0
 11
15.84999999919998
 21
20.20000000378002
 31
0.0
  0
LINE
  5
ACA
330
2AF
100
AcDbEntity
  8
0
  6
Continuous
 62
     7
100
AcDbLine
 10
15.84999999919998
 20
21.80000000418002
 30
0.0
 11
15.84999999919998
 21
23.70000000401998
 31
0.0
  0
LINE
  5
ACB
330
2AF
100
AcDbEntity
  8
0
  6
Continuous
 62
     7
100
AcDbLine
 10
15.84999999919998
 20
25.30000000441999
 30
0.0
 11
15.84999999919998
 21
27.20000000426
 31
0.0
  0
LINE
  5
ACC
330
2AF
100
AcDbEntity
  8
0
  6
Continuous
 62
     7
100
AcDbLine
 10
15.84999999919998
 20
28.80000000466001
 30
0.0
 11
15.84999999919998
 21
30.7000000045
 31
0.0
  0
LINE
  5
ACD
330
2AF
100
AcDbEntity
  8
0
  6
Continuous
 62
     7
100
AcDbLine
 10
15.84999999919998
 20
32.3000000049
 30
0.0
 11
15.84999999919998
 21
34.20000000473999
 31
0.0
  0
LINE
  5
ACE
330
2AF
100
AcDbEntity
  8
0
  6
Continuous
 62
     7
100
AcDbLine
 10
15.84999999919998
 20
35.80000000514002
 30
0.0
 11
15.84999999919998
 21
37.70000000497998
 31
0.0
  0
LINE
  5
ACF
330
2AF
100
AcDbEntity
  8
0
  6
Continuous
 62
     7
100
AcDbLine
 10
15.84999999919998
 20
39.30000000538001
 30
0.0
 11
15.84999999919998
 21
41.20000000522001
 31
0.0
  0
LINE
  5
AD0
330
2AF
100
AcDbEntity
  8
0
  6
Continuous
 62
     7
100
AcDbLine
 10
15.84999999919998
 20
42.80000000562001
 30
0.0
 11
15.84999999919998
 21
44.70000000546
 31
0.0
  0
LINE
  5
AD1
330
2AF
100
AcDbEntity
  8
0
  6
Continuous
 62
     7
100
AcDbLine
 10
15.84999999919998
 20
46.30000000586
 30
0.0
 11
15.84999999919998
 21
48.20000000569999
 31
0.0
  0
LINE
  5
AD2
330
2AF
100
AcDbEntity
  8
0
  6
Continuous
 62
     7
100
AcDbLine
 10
15.84999999919998
 20
49.80000000609999
 30
0.0
 11
15.84999999919998
 21
51.70000000593998
 31
0.0
  0
LINE
  5
AD3
330
2AF
100
AcDbEntity
  8
0
  6
Continuous
 62
     7
100
AcDbLine
 10
15.84999999919998
 20
53.30000000633999
 30
0.0
 11
15.84999999919998
 21
55.20000000364001
 31
0.0
  0
LINE
  5
AD4
330
2AF
100
AcDbEntity
  8
0
  6
Continuous
 62
     7
100
AcDbLine
 10
15.84999999919998
 20
56.80000000404002
 30
0.0
 11
15.84999999919998
 21
58.70000000388001
 31
0.0
  0
LINE
  5
AD5
330
2AF
100
AcDbEntity
  8
0
  6
Continuous
 62
     7
100
AcDbLine
 10
15.84999999919998
 20
60.30000000428001
 30
0.0
 11
15.84999999919998
 21
62.20000000412
 31
0.0
  0
LINE
  5
AD6
330
2AF
100
AcDbEntity
  8
0
  6
Continuous
 62
     7
100
AcDbLine
 10
15.84999999919998
 20
63.80000000452
 30
0.0
 11
15.84999999919998
 21
65.70000000435999
 31
0.0
  0
LINE
  5
AD7
330
2AF
100
AcDbEntity
  8
0
  6
Continuous
 62
     7
100
AcDbLine
 10
15.84999999919998
 20
67.30000000476002
 30
0.0
 11
15.84999999919998
 21
69.20000000460001
 31
0.0
  0
LINE
  5
AD8
330
2AF
100
AcDbEntity
  8
0
  6
Continuous
 62
     7
100
AcDbLine
 10
15.84999999919998
 20
70.80000000500002
 30
0.0
 11
15.84999999919998
 21
72.70000000484
 31
0.0
  0
LINE
  5
AD9
330
2AF
100
AcDbEntity
  8
0
  6
Continuous
 62
     7
100
AcDbLine
 10
15.84999999919998
 20
74.30000000524001
 30
0.0
 11
15.84999999919998
 21
76.20000000508
 31
0.0
  0
LINE
  5
ADA
330
2AF
100
AcDbEntity
  8
0
  6
Continuous
 62
     7
100
AcDbLine
 10
15.84999999919998
 20
77.80000000547997
 30
0.0
 11
15.84999999919998
 21
79.70000000531999
 31
0.0
  0
LINE
  5
ADB
330
2AF
100
AcDbEntity
  8
0
  6
Continuous
 62
     7
100
AcDbLine
 10
15.84999999919998
 20
81.30000000572
 30
0.0
 11
15.84999999919998
 21
82.25000000818
 31
0.0
  0
LINE
  5
ADC
330
2AF
100
AcDbEntity
  8
03___PRT_ALL_CURVES
  6
Continuous
 62
     4
100
AcDbLine
 10
16.18758536670001
 20
121.74999999964
 30
0.0
 11
16.18758536670001
 21
121.16336974542
 31
0.0
  0
LINE
  5
ADD
330
2AF
100
AcDbEntity
  8
0
  6
Continuous
 62
     7
100
AcDbLine
 10
16.39999999902
 20
128.35000000002
 30
0.0
 11
16.39999999902
 21
127.0
 31
0.0
  0
LINE
  5
ADE
330
2AF
100
AcDbEntity
  8
0
  6
Continuous
 62
     7
100
AcDbLine
 10
16.39999999902
 20
5.149999999700015
 30
0.0
 11
16.39999999902
 21
3.799999999680011
 31
0.0
  0
LINE
  5
ADF
330
2AF
100
AcDbEntity
  8
0
  6
Continuous
 62
     7
100
AcDbLine
 10
16.39999999902
 20
1.649999999460007
 30
0.0
 11
16.39999999902
 21
2.999999999479996
 31
0.0
  0
LINE
  5
AE0
330
2AF
100
AcDbEntity
  8
0
  6
Continuous
 62
     7
100
AcDbLine
 10
16.39999999902
 20
124.84999999978
 30
0.0
 11
16.39999999902
 21
126.1999999998
 31
0.0
  0
LINE
  5
AE1
330
2AF
100
AcDbEntity
  8
0
  6
Continuous
 62
     7
100
AcDbLine
 10
16.65014920407998
 20
81.30000000318
 30
0.0
 11
16.65014920407998
 21
81.14200899328
 31
0.0
  0
LINE
  5
AE2
330
2AF
100
AcDbEntity
  8
0
  6
Continuous
 62
     7
100
AcDbLine
 10
16.65014920407998
 20
79.85799101776001
 30
0.0
 11
16.65014920407998
 21
79.70000000531999
 31
0.0
  0
LINE
  5
AE3
330
2AF
100
AcDbEntity
  8
0
  6
Continuous
 62
     7
100
AcDbLine
 10
16.65014920407998
 20
77.80000000547997
 30
0.0
 11
16.65014920407998
 21
77.64200899304001
 31
0.0
  0
LINE
  5
AE4
330
2AF
100
AcDbEntity
  8
0
  6
Continuous
 62
     7
100
AcDbLine
 10
16.65014920407998
 20
76.35799101751999
 30
0.0
 11
16.65014920407998
 21
76.20000000508
 31
0.0
  0
LINE
  5
AE5
330
2AF
100
AcDbEntity
  8
0
  6
Continuous
 62
     7
100
AcDbLine
 10
16.65014920407998
 20
74.30000000524001
 30
0.0
 11
16.65014920407998
 21
74.14200899280002
 31
0.0
  0
LINE
  5
AE6
330
2AF
100
AcDbEntity
  8
0
  6
Continuous
 62
     7
100
AcDbLine
 10
16.65014920407998
 20
72.85799101728
 30
0.0
 11
16.65014920407998
 21
72.70000000484
 31
0.0
  0
LINE
  5
AE7
330
2AF
100
AcDbEntity
  8
0
  6
Continuous
 62
     7
100
AcDbLine
 10
16.65014920407998
 20
70.80000000500002
 30
0.0
 11
16.65014920407998
 21
70.64200899256002
 31
0.0
  0
LINE
  5
AE8
330
2AF
100
AcDbEntity
  8
0
  6
Continuous
 62
     7
100
AcDbLine
 10
16.65014920407998
 20
69.35799101704
 30
0.0
 11
16.65014920407998
 21
69.20000000460001
 31
0.0
  0
LINE
  5
AE9
330
2AF
100
AcDbEntity
  8
0
  6
Continuous
 62
     7
100
AcDbLine
 10
16.65014920407998
 20
67.30000000476002
 30
0.0
 11
16.65014920407998
 21
67.14200899232
 31
0.0
  0
LINE
  5
AEA
330
2AF
100
AcDbEntity
  8
0
  6
Continuous
 62
     7
100
AcDbLine
 10
16.65014920407998
 20
65.85799101680001
 30
0.0
 11
16.65014920407998
 21
65.70000000435999
 31
0.0
  0
LINE
  5
AEB
330
2AF
100
AcDbEntity
  8
0
  6
Continuous
 62
     7
100
AcDbLine
 10
16.65014920407998
 20
63.80000000452
 30
0.0
 11
16.65014920407998
 21
63.64200899462
 31
0.0
  0
LINE
  5
AEC
330
2AF
100
AcDbEntity
  8
0
  6
Continuous
 62
     7
100
AcDbLine
 10
16.65014920407998
 20
62.35799101656002
 30
0.0
 11
16.65014920407998
 21
62.20000000412
 31
0.0
  0
LINE
  5
AED
330
2AF
100
AcDbEntity
  8
0
  6
Continuous
 62
     7
100
AcDbLine
 10
16.65014920407998
 20
60.30000000428001
 30
0.0
 11
16.65014920407998
 21
60.14200899438001
 31
0.0
  0
LINE
  5
AEE
330
2AF
100
AcDbEntity
  8
0
  6
Continuous
 62
     7
100
AcDbLine
 10
16.65014920407998
 20
58.85799101632
 30
0.0
 11
16.65014920407998
 21
58.70000000388001
 31
0.0
  0
LINE
  5
AEF
330
2AF
100
AcDbEntity
  8
0
  6
Continuous
 62
     7
100
AcDbLine
 10
16.65014920407998
 20
56.80000000404002
 30
0.0
 11
16.65014920407998
 21
56.64200899414001
 31
0.0
  0
LINE
  5
AF0
330
2AF
100
AcDbEntity
  8
0
  6
Continuous
 62
     7
100
AcDbLine
 10
16.65014920407998
 20
55.35799101608001
 30
0.0
 11
16.65014920407998
 21
55.20000000618001
 31
0.0
  0
LINE
  5
AF1
330
2AF
100
AcDbEntity
  8
0
  6
Continuous
 62
     7
100
AcDbLine
 10
16.65014920407998
 20
53.30000000633999
 30
0.0
 11
16.65014920407998
 21
53.14200899389999
 31
0.0
  0
LINE
  5
AF2
330
2AF
100
AcDbEntity
  8
0
  6
Continuous
 62
     7
100
AcDbLine
 10
16.65014920407998
 20
51.85799101584001
 30
0.0
 11
16.65014920407998
 21
51.70000000593998
 31
0.0
  0
LINE
  5
AF3
330
2AF
100
AcDbEntity
  8
0
  6
Continuous
 62
     7
100
AcDbLine
 10
16.65014920407998
 20
49.80000000609999
 30
0.0
 11
16.65014920407998
 21
49.64200899366
 31
0.0
  0
LINE
  5
AF4
330
2AF
100
AcDbEntity
  8
0
  6
Continuous
 62
     7
100
AcDbLine
 10
16.65014920407998
 20
48.35799101814001
 30
0.0
 11
16.65014920407998
 21
48.20000000569999
 31
0.0
  0
LINE
  5
AF5
330
2AF
100
AcDbEntity
  8
0
  6
Continuous
 62
     7
100
AcDbLine
 10
16.65014920407998
 20
46.30000000586
 30
0.0
 11
16.65014920407998
 21
46.14200899342001
 31
0.0
  0
LINE
  5
AF6
330
2AF
100
AcDbEntity
  8
0
  6
Continuous
 62
     7
100
AcDbLine
 10
16.65014920407998
 20
44.85799101789999
 30
0.0
 11
16.65014920407998
 21
44.70000000546
 31
0.0
  0
LINE
  5
AF7
330
2AF
100
AcDbEntity
  8
0
  6
Continuous
 62
     7
100
AcDbLine
 10
16.65014920407998
 20
42.80000000562001
 30
0.0
 11
16.65014920407998
 21
42.64200899318001
 31
0.0
  0
LINE
  5
AF8
330
2AF
100
AcDbEntity
  8
0
  6
Continuous
 62
     7
100
AcDbLine
 10
16.65014920407998
 20
41.35799101766
 30
0.0
 11
16.65014920407998
 21
41.20000000522001
 31
0.0
  0
LINE
  5
AF9
330
2AF
100
AcDbEntity
  8
0
  6
Continuous
 62
     7
100
AcDbLine
 10
16.65014920407998
 20
39.30000000538001
 30
0.0
 11
16.65014920407998
 21
39.14200899293999
 31
0.0
  0
LINE
  5
AFA
330
2AF
100
AcDbEntity
  8
0
  6
Continuous
 62
     7
100
AcDbLine
 10
16.65014920407998
 20
37.85799101742001
 30
0.0
 11
16.65014920407998
 21
37.70000000497998
 31
0.0
  0
LINE
  5
AFB
330
2AF
100
AcDbEntity
  8
0
  6
Continuous
 62
     7
100
AcDbLine
 10
16.65014920407998
 20
35.80000000514002
 30
0.0
 11
16.65014920407998
 21
35.6420089927
 31
0.0
  0
LINE
  5
AFC
330
2AF
100
AcDbEntity
  8
0
  6
Continuous
 62
     7
100
AcDbLine
 10
16.65014920407998
 20
34.35799101718001
 30
0.0
 11
16.65014920407998
 21
34.20000000473999
 31
0.0
  0
LINE
  5
AFD
330
2AF
100
AcDbEntity
  8
0
  6
Continuous
 62
     7
100
AcDbLine
 10
16.65014920407998
 20
32.3000000049
 30
0.0
 11
16.65014920407998
 21
32.14200899245998
 31
0.0
  0
LINE
  5
AFE
330
2AF
100
AcDbEntity
  8
0
  6
Continuous
 62
     7
100
AcDbLine
 10
16.65014920407998
 20
30.85799101693999
 30
0.0
 11
16.65014920407998
 21
30.7000000045
 31
0.0
  0
LINE
  5
AFF
330
2AF
100
AcDbEntity
  8
0
  6
Continuous
 62
     7
100
AcDbLine
 10
16.65014920407998
 20
28.80000000466001
 30
0.0
 11
16.65014920407998
 21
28.64200899222001
 31
0.0
  0
LINE
  5
B00
330
2AF
100
AcDbEntity
  8
0
  6
Continuous
 62
     7
100
AcDbLine
 10
16.65014920407998
 20
27.3579910167
 30
0.0
 11
16.65014920407998
 21
27.20000000426
 31
0.0
  0
LINE
  5
B01
330
2AF
100
AcDbEntity
  8
0
  6
Continuous
 62
     7
100
AcDbLine
 10
16.65014920407998
 20
25.30000000441999
 30
0.0
 11
16.65014920407998
 21
25.14200899452001
 31
0.0
  0
LINE
  5
B02
330
2AF
100
AcDbEntity
  8
0
  6
Continuous
 62
     7
100
AcDbLine
 10
16.65014920407998
 20
23.85799101646001
 30
0.0
 11
16.65014920407998
 21
23.70000000401998
 31
0.0
  0
LINE
  5
B03
330
2AF
100
AcDbEntity
  8
0
  6
Continuous
 62
     7
100
AcDbLine
 10
16.65014920407998
 20
21.80000000418002
 30
0.0
 11
16.65014920407998
 21
21.64200899427999
 31
0.0
  0
LINE
  5
B04
330
2AF
100
AcDbEntity
  8
0
  6
Continuous
 62
     7
100
AcDbLine
 10
16.65014920407998
 20
20.35799101622001
 30
0.0
 11
16.65014920407998
 21
20.20000000378002
 31
0.0
  0
LINE
  5
B05
330
2AF
100
AcDbEntity
  8
0
  6
Continuous
 62
     7
100
AcDbLine
 10
16.69999999846002
 20
86.34999999968
 30
0.0
 11
16.69999999846002
 21
85.75000000841999
 31
0.0
  0
LINE
  5
B06
330
2AF
100
AcDbEntity
  8
0
  6
Continuous
 62
     7
100
AcDbLine
 10
17.00000000044
 20
85.75000000841999
 30
0.0
 11
17.00000000044
 21
86.34999999968
 31
0.0
  0
LINE
  5
B07
330
2AF
100
AcDbEntity
  8
0
  6
Continuous
 62
     7
100
AcDbLine
 10
17.15000000016002
 20
80.90000000562
 30
0.0
 11
17.15000000016002
 21
80.10000000541999
 31
0.0
  0
LINE
  5
B08
330
2AF
100
AcDbEntity
  8
0
  6
Continuous
 62
     7
100
AcDbLine
 10
17.15000000016002
 20
77.40000000538001
 30
0.0
 11
17.15000000016002
 21
76.60000000518002
 31
0.0
  0
LINE
  5
B09
330
2AF
100
AcDbEntity
  8
0
  6
Continuous
 62
     7
100
AcDbLine
 10
17.15000000016002
 20
73.90000000514001
 30
0.0
 11
17.15000000016002
 21
73.10000000493997
 31
0.0
  0
LINE
  5
B0A
330
2AF
100
AcDbEntity
  8
0
  6
Continuous
 62
     7
100
AcDbLine
 10
17.15000000016002
 20
70.4000000049
 30
0.0
 11
17.15000000016002
 21
69.60000000470001
 31
0.0
  0
LINE
  5
B0B
330
2AF
100
AcDbEntity
  8
0
  6
Continuous
 62
     7
100
AcDbLine
 10
17.15000000016002
 20
66.90000000466
 30
0.0
 11
17.15000000016002
 21
66.10000000445999
 31
0.0
  0
LINE
  5
B0C
330
2AF
100
AcDbEntity
  8
0
  6
Continuous
 62
     7
100
AcDbLine
 10
17.15000000016002
 20
63.40000000442001
 30
0.0
 11
17.15000000016002
 21
62.60000000421999
 31
0.0
  0
LINE
  5
B0D
330
2AF
100
AcDbEntity
  8
0
  6
Continuous
 62
     7
100
AcDbLine
 10
17.15000000016002
 20
59.90000000418001
 30
0.0
 11
17.15000000016002
 21
59.10000000397997
 31
0.0
  0
LINE
  5
B0E
330
2AF
100
AcDbEntity
  8
0
  6
Continuous
 62
     7
100
AcDbLine
 10
17.15000000016002
 20
56.40000000393999
 30
0.0
 11
17.15000000016002
 21
55.60000000628
 31
0.0
  0
LINE
  5
B0F
330
2AF
100
AcDbEntity
  8
0
  6
Continuous
 62
     7
100
AcDbLine
 10
17.15000000016002
 20
52.90000000623999
 30
0.0
 11
17.15000000016002
 21
52.10000000604001
 31
0.0
  0
LINE
  5
B10
330
2AF
100
AcDbEntity
  8
0
  6
Continuous
 62
     7
100
AcDbLine
 10
17.15000000016002
 20
49.40000000600003
 30
0.0
 11
17.15000000016002
 21
48.60000000580001
 31
0.0
  0
LINE
  5
B11
330
2AF
100
AcDbEntity
  8
0
  6
Continuous
 62
     7
100
AcDbLine
 10
17.15000000016002
 20
45.90000000576001
 30
0.0
 11
17.15000000016002
 21
45.10000000556002
 31
0.0
  0
LINE
  5
B12
330
2AF
100
AcDbEntity
  8
0
  6
Continuous
 62
     7
100
AcDbLine
 10
17.15000000016002
 20
42.40000000552001
 30
0.0
 11
17.15000000016002
 21
41.60000000532
 31
0.0
  0
LINE
  5
B13
330
2AF
100
AcDbEntity
  8
0
  6
Continuous
 62
     7
100
AcDbLine
 10
17.15000000016002
 20
38.90000000527999
 30
0.0
 11
17.15000000016002
 21
38.10000000508001
 31
0.0
  0
LINE
  5
B14
330
2AF
100
AcDbEntity
  8
0
  6
Continuous
 62
     7
100
AcDbLine
 10
17.15000000016002
 20
35.40000000504
 30
0.0
 11
17.15000000016002
 21
34.60000000484001
 31
0.0
  0
LINE
  5
B15
330
2AF
100
AcDbEntity
  8
0
  6
Continuous
 62
     7
100
AcDbLine
 10
17.15000000016002
 20
31.90000000480001
 30
0.0
 11
17.15000000016002
 21
31.10000000460002
 31
0.0
  0
LINE
  5
B16
330
2AF
100
AcDbEntity
  8
0
  6
Continuous
 62
     7
100
AcDbLine
 10
17.15000000016002
 20
28.40000000456001
 30
0.0
 11
17.15000000016002
 21
27.60000000436
 31
0.0
  0
LINE
  5
B17
330
2AF
100
AcDbEntity
  8
0
  6
Continuous
 62
     7
100
AcDbLine
 10
17.15000000016002
 20
24.90000000431999
 30
0.0
 11
17.15000000016002
 21
24.10000000412001
 31
0.0
  0
LINE
  5
B18
330
2AF
100
AcDbEntity
  8
0
  6
Continuous
 62
     7
100
AcDbLine
 10
17.15000000016002
 20
21.40000000408
 30
0.0
 11
17.15000000016002
 21
20.60000000388001
 31
0.0
  0
LINE
  5
B19
330
2AF
100
AcDbEntity
  8
0
  6
Continuous
 62
     7
100
AcDbLine
 10
17.74999999904
 20
2.999999999479996
 30
0.0
 11
17.74999999904
 21
3.799999999680011
 31
0.0
  0
LINE
  5
B1A
330
2AF
100
AcDbEntity
  8
0
  6
Continuous
 62
     7
100
AcDbLine
 10
17.74999999904
 20
126.1999999998
 30
0.0
 11
17.74999999904
 21
127.0
 31
0.0
  0
LINE
  5
B1B
330
2AF
100
AcDbEntity
  8
03___PRT_ALL_CURVES
  6
Continuous
 62
     4
100
AcDbLine
 10
22.45381991319996
 20
76.86343792128
 30
0.0
 11
22.82912690197998
 21
77.30368352033997
 31
0.0
  0
LINE
  5
B1C
330
2AF
100
AcDbEntity
  8
0
  6
Continuous
 62
     7
100
AcDbLine
 10
17.25000000081999
 20
66.90000000466
 30
0.0
 11
17.74999999904
 21
67.20043031566001
 31
0.0
  0
LINE
  5
B1D
330
2AF
100
AcDbEntity
  8
0
  6
Continuous
 62
     7
100
AcDbLine
 10
17.05291979807998
 20
66.10000000445999
 30
0.0
 11
16.65014920407998
 21
65.85799101680001
 31
0.0
  0
LINE
  5
B1E
330
2AF
100
AcDbEntity
  8
03___PRT_ALL_CURVES
  6
Continuous
 62
     4
100
AcDbLine
 10
3.117325990379982
 20
59.22114598723999
 30
0.0
 11
2.72864937124001
 21
59.16957709113998
 31
0.0
  0
LINE
  5
B1F
330
2AF
100
AcDbEntity
  8
03___PRT_ALL_CURVES
  6
Continuous
 62
     4
100
AcDbLine
 10
23.60000000081999
 20
61.24999999912001
 30
0.0
 11
20.59999999879994
 21
61.24999999912001
 31
0.0
  0
LINE
  5
B20
330
2AF
100
AcDbEntity
  8
03___PRT_ALL_CURVES
  6
Continuous
 62
     4
100
AcDbLine
 10
4.199999999779976
 20
61.24999999912001
 30
0.0
 11
1.20000000029998
 21
61.24999999912001
 31
0.0
  0
LINE
  5
B21
330
2AF
100
AcDbEntity
  8
0
  6
Continuous
 62
     7
100
AcDbLine
 10
8.200000000779994
 20
61.42500000726
 30
0.0
 11
12.02499979298
 21
61.42500000726
 31
0.0
  0
LINE
  5
B22
330
2AF
100
AcDbEntity
  8
0
  6
Continuous
 62
     7
100
AcDbLine
 10
9.70151742699997
 20
61.52499943134001
 30
0.0
 11
8.949997718459997
 21
61.52499943134001
 31
0.0
  0
LINE
  5
B23
330
2AF
100
AcDbEntity
  8
0
  6
Continuous
 62
     7
100
AcDbLine
 10
14.74999997923996
 20
62.00000000787998
 30
0.0
 11
12.74999997873999
 21
62.00000000787998
 31
0.0
  0
LINE
  5
B24
330
2AF
100
AcDbEntity
  8
0
  6
Continuous
 62
     7
100
AcDbLine
 10
12.24999998051999
 20
62.00000000787998
 30
0.0
 11
10.24999998001996
 21
62.00000000787998
 31
0.0
  0
LINE
  5
B25
330
2AF
100
AcDbEntity
  8
0
  6
Continuous
 62
     7
100
AcDbLine
 10
16.65014920407998
 20
62.20000000412
 30
0.0
 11
15.84999999919998
 21
62.20000000412
 31
0.0
  0
LINE
  5
B26
330
2AF
100
AcDbEntity
  8
0
  6
Continuous
 62
     7
100
AcDbLine
 10
17.99999999942
 20
62.29956969576
 30
0.0
 11
17.74999999904
 21
62.29956969576
 31
0.0
  0
LINE
  5
B27
330
2AF
100
AcDbEntity
  8
03___PRT_ALL_CURVES
  6
Continuous
 62
     4
100
AcDbLine
 10
2.05538879497999
 20
62.29999999970002
 30
0.0
 11
2.448840349960022
 21
62.29999999970002
 31
0.0
  0
LINE
  5
B28
330
2AF
100
AcDbEntity
  8
03___PRT_ALL_CURVES
  6
Continuous
 62
     4
100
AcDbLine
 10
3.359890907839997
 20
62.29999999970002
 30
0.0
 11
3.753342503460004
 21
62.29999999970002
 31
0.0
  0
LINE
  5
B29
330
2AF
100
AcDbEntity
  8
03___PRT_ALL_CURVES
  6
Continuous
 62
     4
100
AcDbLine
 10
21.32694400591998
 20
62.29999999970002
 30
0.0
 11
21.72039555836
 21
62.29999999970002
 31
0.0
  0
LINE
  5
B2A
330
2AF
100
AcDbEntity
  8
03___PRT_ALL_CURVES
  6
Continuous
 62
     4
100
AcDbLine
 10
22.11480211523997
 20
62.29999999970002
 30
0.0
 11
23.2817871041
 21
62.29999999970002
 31
0.0
  0
LINE
  5
B2B
330
2AF
100
AcDbEntity
  8
0
  6
Continuous
 62
     7
100
AcDbLine
 10
17.25000000081999
 20
62.60000000421999
 30
0.0
 11
17.05291979807998
 21
62.60000000421999
 31
0.0
  0
LINE
  5
B2C
330
2AF
100
AcDbEntity
  8
0
  6
Continuous
 62
     7
100
AcDbLine
 10
14.14999899992003
 20
62.60000000676001
 30
0.0
 11
13.34999964234001
 21
62.60000000676001
 31
0.0
  0
LINE
  5
B2D
330
2AF
100
AcDbEntity
  8
0
  6
Continuous
 62
     7
100
AcDbLine
 10
11.64999999942
 20
62.60000000676001
 30
0.0
 11
10.84999999921999
 21
62.60000000676001
 31
0.0
  0
LINE
  5
B2E
330
2AF
100
AcDbEntity
  8
03___PRT_ALL_CURVES
  6
Continuous
 62
     4
100
AcDbLine
 10
23.2817871041
 20
62.61705321369999
 30
0.0
 11
22.67442006382001
 21
62.61705321369999
 31
0.0
  0
LINE
  5
B2F
330
2AF
100
AcDbEntity
  8
0
  6
Continuous
 62
     7
100
AcDbLine
 10
10.84999999921999
 20
63.40000000696
 30
0.0
 11
11.64999999942
 21
63.40000000696
 31
0.0
  0
LINE
  5
B30
330
2AF
100
AcDbEntity
  8
0
  6
Continuous
 62
     7
100
AcDbLine
 10
13.34999964234001
 20
63.40000000696
 30
0.0
 11
14.14999899992003
 21
63.40000000696
 31
0.0
  0
LINE
  5
B31
330
2AF
100
AcDbEntity
  8
0
  6
Continuous
 62
     7
100
AcDbLine
 10
17.05291979807998
 20
63.40000000442001
 30
0.0
 11
17.25000000081999
 21
63.40000000442001
 31
0.0
  0
LINE
  5
B32
330
2AF
100
AcDbEntity
  8
0
  6
Continuous
 62
     7
100
AcDbLine
 10
17.74999999904
 20
63.70043031541996
 30
0.0
 11
17.99999999942
 21
63.70043031541996
 31
0.0
  0
LINE
  5
B33
330
2AF
100
AcDbEntity
  8
03___PRT_ALL_CURVES
  6
Continuous
 62
     4
100
AcDbLine
 10
21.72039555836
 20
63.72387454589997
 30
0.0
 11
21.39856747456002
 21
63.72387454589997
 31
0.0
  0
LINE
  5
B34
330
2AF
100
AcDbEntity
  8
03___PRT_ALL_CURVES
  6
Continuous
 62
     4
100
AcDbLine
 10
3.753342503460004
 20
63.72387454589997
 30
0.0
 11
3.431514376479981
 21
63.72387454589997
 31
0.0
  0
LINE
  5
B35
330
2AF
100
AcDbEntity
  8
03___PRT_ALL_CURVES
  6
Continuous
 62
     4
100
AcDbLine
 10
2.448840349960022
 20
63.72387454589997
 30
0.0
 11
2.127012263620003
 21
63.72387454589997
 31
0.0
  0
LINE
  5
B36
330
2AF
100
AcDbEntity
  8
0
  6
Continuous
 62
     7
100
AcDbLine
 10
15.84999999919998
 20
63.80000000452
 30
0.0
 11
16.65014920407998
 21
63.80000000452
 31
0.0
  0
LINE
  5
B37
330
2AF
100
AcDbEntity
  8
0
  6
Continuous
 62
     7
100
AcDbLine
 10
14.74999997923996
 20
64.00000000838
 30
0.0
 11
12.74999997873999
 21
64.00000000838
 31
0.0
  0
LINE
  5
B38
330
2AF
100
AcDbEntity
  8
0
  6
Continuous
 62
     7
100
AcDbLine
 10
12.24999998051999
 20
64.00000000838
 30
0.0
 11
10.24999998001996
 21
64.00000000838
 31
0.0
  0
LINE
  5
B39
330
2AF
100
AcDbEntity
  8
0
  6
Continuous
 62
     7
100
AcDbLine
 10
8.949997718459997
 20
64.47499951812
 30
0.0
 11
9.70151742699997
 21
64.47499951812
 31
0.0
  0
LINE
  5
B3A
330
2AF
100
AcDbEntity
  8
0
  6
Continuous
 62
     7
100
AcDbLine
 10
12.02499979298
 20
64.57500000645999
 30
0.0
 11
8.200000000779994
 21
64.57500000645999
 31
0.0
  0
LINE
  5
B3B
330
2AF
100
AcDbEntity
  8
03___PRT_ALL_CURVES
  6
Continuous
 62
     4
100
AcDbLine
 10
1.20000000029998
 20
64.74999999936
 30
0.0
 11
4.199999999779976
 21
64.74999999936
 31
0.0
  0
LINE
  5
B3C
330
2AF
100
AcDbEntity
  8
03___PRT_ALL_CURVES
  6
Continuous
 62
     4
100
AcDbLine
 10
20.59999999879994
 20
64.74999999936
 30
0.0
 11
23.60000000081999
 21
64.74999999936
 31
0.0
  0
LINE
  5
B3D
330
2AF
100
AcDbEntity
  8
0
  6
Continuous
 62
     7
100
AcDbLine
 10
8.200000000779994
 20
64.92500000750002
 30
0.0
 11
12.02499979298
 21
64.92500000750002
 31
0.0
  0
LINE
  5
B3E
330
2AF
100
AcDbEntity
  8
0
  6
Continuous
 62
     7
100
AcDbLine
 10
9.701517350799975
 20
65.02499943158
 30
0.0
 11
8.949997718459997
 21
65.02499943158
 31
0.0
  0
LINE
  5
B3F
330
2AF
100
AcDbEntity
  8
0
  6
Continuous
 62
     7
100
AcDbLine
 10
14.74999997923996
 20
65.50000000812003
 30
0.0
 11
12.74999997873999
 21
65.50000000812003
 31
0.0
  0
LINE
  5
B40
330
2AF
100
AcDbEntity
  8
0
  6
Continuous
 62
     7
100
AcDbLine
 10
12.24999998051999
 20
65.50000000812003
 30
0.0
 11
10.24999998001996
 21
65.50000000812003
 31
0.0
  0
LINE
  5
B41
330
2AF
100
AcDbEntity
  8
03___PRT_ALL_CURVES
  6
Continuous
 62
     4
100
AcDbLine
 10
22.14345155247997
 20
63.27694408847998
 30
0.0
 11
22.53308321669999
 21
63.24542976492
 31
0.0
  0
LINE
  5
B42
330
2AF
100
AcDbEntity
  8
0
  6
Continuous
 62
     7
100
AcDbLine
 10
17.74999999904
 20
62.29956969576
 30
0.0
 11
17.25000000081999
 21
62.60000000421999
 31
0.0
  0
LINE
  5
B43
330
2AF
100
AcDbEntity
  8
0
  6
Continuous
 62
     7
100
AcDbLine
 10
16.65014920407998
 20
63.64200899462
 30
0.0
 11
17.05291979807998
 21
63.40000000442001
 31
0.0
  0
LINE
  5
B44
330
2AF
100
AcDbEntity
  8
0
  6
Continuous
 62
     7
100
AcDbLine
 10
17.99999999942
 20
15.75000000616001
 30
0.0
 11
18.00000000195999
 21
85.75000000841999
 31
0.0
  0
LINE
  5
B45
330
2AF
100
AcDbEntity
  8
03___PRT_ALL_CURVES
  6
Continuous
 62
     4
100
AcDbLine
 10
18.21521140287999
 20
121.28103676434
 30
0.0
 11
18.21521140287999
 21
121.74999999964
 31
0.0
  0
LINE
  5
B46
330
2AF
100
AcDbEntity
  8
0
  6
Continuous
 62
     7
100
AcDbLine
 10
18.50000000017999
 20
69.16000000078
 30
0.0
 11
18.50000000017999
 21
73.05999999858003
 31
0.0
  0
LINE
  5
B47
330
2AF
100
AcDbEntity
  8
02___PRT_ALL_AXES
  6
Continuous
 62
     7
100
AcDbLine
 10
18.60000000084
 20
16.14999999864
 30
0.0
 11
18.60000000084
 21
85.35000000069999
 31
0.0
  0
LINE
  5
B48
330
2AF
100
AcDbEntity
  8
03___PRT_ALL_CURVES
  6
Continuous
 62
     4
100
AcDbLine
 10
20.59999999879994
 20
19.24999999878
 30
0.0
 11
20.59999999879994
 21
82.25000000056
 31
0.0
  0
LINE
  5
B49
330
2AF
100
AcDbEntity
  8
03___PRT_ALL_CURVES
  6
Continuous
 62
     4
100
AcDbLine
 10
20.76296068379997
 20
120.28854023016
 30
0.0
 11
20.76296068379997
 21
119.7172578345
 31
0.0
  0
LINE
  5
B4A
330
2AF
100
AcDbEntity
  8
03___PRT_ALL_CURVES
  6
Continuous
 62
     4
100
AcDbLine
 10
20.89577078901996
 20
59.84856755687997
 30
0.0
 11
20.89577078901996
 21
59.52960440004003
 31
0.0
  0
LINE
  5
B4B
330
2AF
100
AcDbEntity
  8
03___PRT_ALL_CURVES
  6
Continuous
 62
     4
100
AcDbLine
 10
20.90961802065999
 20
56.34856755664001
 30
0.0
 11
20.90961802065999
 21
56.02960439979998
 31
0.0
  0
LINE
  5
B4C
330
2AF
100
AcDbEntity
  8
03___PRT_ALL_CURVES
  6
Continuous
 62
     4
100
AcDbLine
 10
20.91534793299999
 20
66.84856755735998
 30
0.0
 11
20.91534793299999
 21
66.52960439798
 31
0.0
  0
LINE
  5
B4D
330
2AF
100
AcDbEntity
  8
03___PRT_ALL_CURVES
  6
Continuous
 62
     4
100
AcDbLine
 10
20.91534793299999
 20
52.84856755639998
 30
0.0
 11
20.91534793299999
 21
52.52960439956001
 31
0.0
  0
LINE
  5
B4E
330
2AF
100
AcDbEntity
  8
03___PRT_ALL_CURVES
  6
Continuous
 62
     4
100
AcDbLine
 10
20.91821277105998
 20
63.34856755712002
 30
0.0
 11
20.91821277105998
 21
63.02960439774
 31
0.0
  0
LINE
  5
B4F
330
2AF
100
AcDbEntity
  8
03___PRT_ALL_CURVES
  6
Continuous
 62
     4
100
AcDbLine
 10
21.30450202134003
 20
59.73301501176002
 30
0.0
 11
21.30450202134003
 21
58.79999999945997
 31
0.0
  0
LINE
  5
B50
330
2AF
100
AcDbEntity
  8
03___PRT_ALL_CURVES
  6
Continuous
 62
     4
100
AcDbLine
 10
21.31834925297997
 20
56.23301501152002
 30
0.0
 11
21.31834925297997
 21
55.29999999922001
 31
0.0
  0
LINE
  5
B51
330
2AF
100
AcDbEntity
  8
03___PRT_ALL_CURVES
  6
Continuous
 62
     4
100
AcDbLine
 10
21.32407916786002
 20
66.73301501224
 30
0.0
 11
21.32407916786002
 21
65.79999999993998
 31
0.0
  0
LINE
  5
B52
330
2AF
100
AcDbEntity
  8
03___PRT_ALL_CURVES
  6
Continuous
 62
     4
100
AcDbLine
 10
21.32407916786002
 20
52.73301501128
 30
0.0
 11
21.32407916786002
 21
51.79999999897998
 31
0.0
  0
LINE
  5
B53
330
2AF
100
AcDbEntity
  8
03___PRT_ALL_CURVES
  6
Continuous
 62
     4
100
AcDbLine
 10
21.32694400591998
 20
63.23301501200001
 30
0.0
 11
21.32694400591998
 21
62.29999999970002
 31
0.0
  0
LINE
  5
B54
330
2AF
100
AcDbEntity
  8
03___PRT_ALL_CURVES
  6
Continuous
 62
     4
100
AcDbLine
 10
21.69795357632003
 20
58.79999999945997
 30
0.0
 11
21.69795357632003
 21
60.22387454566001
 31
0.0
  0
LINE
  5
B55
330
2AF
100
AcDbEntity
  8
03___PRT_ALL_CURVES
  6
Continuous
 62
     4
100
AcDbLine
 10
21.71180080795997
 20
55.29999999922001
 30
0.0
 11
21.71180080795997
 21
56.72387454541999
 31
0.0
  0
LINE
  5
B56
330
2AF
100
AcDbEntity
  8
03___PRT_ALL_CURVES
  6
Continuous
 62
     4
100
AcDbLine
 10
21.71753072029998
 20
51.79999999897998
 30
0.0
 11
21.71753072029998
 21
53.22387454518002
 31
0.0
  0
LINE
  5
B57
330
2AF
100
AcDbEntity
  8
03___PRT_ALL_CURVES
  6
Continuous
 62
     4
100
AcDbLine
 10
21.71753072029998
 20
65.79999999993998
 30
0.0
 11
21.71753072029998
 21
67.2238745436
 31
0.0
  0
LINE
  5
B58
330
2AF
100
AcDbEntity
  8
03___PRT_ALL_CURVES
  6
Continuous
 62
     4
100
AcDbLine
 10
21.72039555836
 20
62.29999999970002
 30
0.0
 11
21.72039555836
 21
63.72387454589997
 31
0.0
  0
LINE
  5
B59
330
2AF
100
AcDbEntity
  8
03___PRT_ALL_CURVES
  6
Continuous
 62
     4
100
AcDbLine
 10
22.00879947735999
 20
41.3000000008
 30
0.0
 11
22.00879947735999
 21
41.61705321226
 31
0.0
  0
LINE
  5
B5A
330
2AF
100
AcDbEntity
  8
03___PRT_ALL_CURVES
  6
Continuous
 62
     4
100
AcDbLine
 10
22.02264670899999
 20
37.80000000056
 30
0.0
 11
22.02264670899999
 21
38.11705321456003
 31
0.0
  0
LINE
  5
B5B
330
2AF
100
AcDbEntity
  8
03___PRT_ALL_CURVES
  6
Continuous
 62
     4
100
AcDbLine
 10
22.02830887954002
 20
121.04229199926
 30
0.0
 11
22.02830887954002
 21
120.25613914434
 31
0.0
  0
LINE
  5
B5C
330
2AF
100
AcDbEntity
  8
03___PRT_ALL_CURVES
  6
Continuous
 62
     4
100
AcDbLine
 10
22.02830887954002
 20
119.7172578345
 30
0.0
 11
22.02830887954002
 21
119.25000000092
 31
0.0
  0
LINE
  5
B5D
330
2AF
100
AcDbEntity
  8
03___PRT_ALL_CURVES
  6
Continuous
 62
     4
100
AcDbLine
 10
22.02837662388004
 20
34.30000000032001
 30
0.0
 11
22.02837662388004
 21
34.61705321431998
 31
0.0
  0
LINE
  5
B5E
330
2AF
100
AcDbEntity
  8
03___PRT_ALL_CURVES
  6
Continuous
 62
     4
100
AcDbLine
 10
22.02837662388004
 20
48.29999999873999
 30
0.0
 11
22.02837662388004
 21
48.61705321273999
 31
0.0
  0
LINE
  5
B5F
330
2AF
100
AcDbEntity
  8
03___PRT_ALL_CURVES
  6
Continuous
 62
     4
100
AcDbLine
 10
22.03124146194
 20
44.79999999850003
 30
0.0
 11
22.03124146194
 21
45.1170532125
 31
0.0
  0
LINE
  5
B60
330
2AF
100
AcDbEntity
  8
03___PRT_ALL_CURVES
  6
Continuous
 62
     4
100
AcDbLine
 10
22.08090042536
 20
59.38158252692
 30
0.0
 11
22.08090042536
 21
59.06166438850002
 31
0.0
  0
LINE
  5
B61
330
2AF
100
AcDbEntity
  8
02___PRT_ALL_AXES
  6
Continuous
 62
     7
100
AcDbLine
 10
22.09999999854
 20
129.99999999948
 30
0.0
 11
22.09999999854
 21
124.00000000052
 31
0.0
  0
LINE
  5
B62
330
2AF
100
AcDbEntity
  8
02___PRT_ALL_AXES
  6
Continuous
 62
     7
100
AcDbLine
 10
22.09999999854
 20
5.999999998960021
 30
0.0
 11
22.09999999854
 21
0.0
 31
0.0
  0
LINE
  5
B63
330
2AF
100
AcDbEntity
  8
03___PRT_ALL_CURVES
  6
Continuous
 62
     4
100
AcDbLine
 10
22.12053207837999
 20
76.88158252811999
 30
0.0
 11
22.12053207837999
 21
76.56166438716
 31
0.0
  0
LINE
  5
B64
330
2AF
100
AcDbEntity
  8
03___PRT_ALL_CURVES
  6
Continuous
 62
     4
100
AcDbLine
 10
22.12626195515998
 20
24.38158252706
 30
0.0
 11
22.12626195515998
 21
24.06166438610001
 31
0.0
  0
LINE
  5
B65
330
2AF
100
AcDbEntity
  8
03___PRT_ALL_CURVES
  6
Continuous
 62
     4
100
AcDbLine
 10
22.13485676905998
 20
41.88158252826
 30
0.0
 11
22.13485676905998
 21
41.5616643873
 31
0.0
  0
LINE
  5
B66
330
2AF
100
AcDbEntity
  8
0
  6
Continuous
 62
     7
100
AcDbLine
 10
17.25000000081999
 20
63.40000000442001
 30
0.0
 11
17.74999999904
 21
63.70043031541996
 31
0.0
  0
LINE
  5
B67
330
2AF
100
AcDbEntity
  8
0
  6
Continuous
 62
     7
100
AcDbLine
 10
17.05291979807998
 20
62.60000000421999
 30
0.0
 11
16.65014920407998
 21
62.35799101656002
 31
0.0
  0
LINE
  5
B68
330
2AF
100
AcDbEntity
  8
0
  6
Continuous
 62
     7
100
AcDbLine
 10
17.25000000081999
 20
59.90000000418001
 30
0.0
 11
17.74999999904
 21
60.20043031518
 31
0.0
  0
LINE
  5
B69
330
2AF
100
AcDbEntity
  8
0
  6
Continuous
 62
     7
100
AcDbLine
 10
17.05291979807998
 20
59.10000000397997
 30
0.0
 11
16.65014920407998
 21
58.85799101632
 31
0.0
  0
LINE
  5
B6A
330
2AF
100
AcDbEntity
  8
03___PRT_ALL_CURVES
  6
Continuous
 62
     4
100
AcDbLine
 10
3.18560704507999
 20
66.16289223326001
 30
0.0
 11
2.798840350999996
 21
66.11418826666002
 31
0.0
  0
LINE
  5
B6B
330
2AF
100
AcDbEntity
  8
0
  6
Continuous
 62
     7
100
AcDbLine
 10
16.65014920407998
 20
65.70000000435999
 30
0.0
 11
15.84999999919998
 21
65.70000000435999
 31
0.0
  0
LINE
  5
B6C
330
2AF
100
AcDbEntity
  8
0
  6
Continuous
 62
     7
100
AcDbLine
 10
17.99999999942
 20
65.79956969600002
 30
0.0
 11
17.74999999904
 21
65.79956969600002
 31
0.0
  0
LINE
  5
B6D
330
2AF
100
AcDbEntity
  8
03___PRT_ALL_CURVES
  6
Continuous
 62
     4
100
AcDbLine
 10
21.32407916786002
 20
65.79999999993998
 30
0.0
 11
21.71753072029998
 21
65.79999999993998
 31
0.0
  0
LINE
  5
B6E
330
2AF
100
AcDbEntity
  8
0
  6
Continuous
 62
     7
100
AcDbLine
 10
17.25000000081999
 20
66.10000000445999
 30
0.0
 11
17.05291979807998
 21
66.10000000445999
 31
0.0
  0
LINE
  5
B6F
330
2AF
100
AcDbEntity
  8
0
  6
Continuous
 62
     7
100
AcDbLine
 10
14.14999899992003
 20
66.100000007
 30
0.0
 11
13.34999964234001
 21
66.100000007
 31
0.0
  0
LINE
  5
B70
330
2AF
100
AcDbEntity
  8
0
  6
Continuous
 62
     7
100
AcDbLine
 10
11.64999999942
 20
66.100000007
 30
0.0
 11
10.84999999921999
 21
66.100000007
 31
0.0
  0
LINE
  5
B71
330
2AF
100
AcDbEntity
  8
0
  6
Continuous
 62
     7
100
AcDbLine
 10
10.84999999921999
 20
66.90000000719999
 30
0.0
 11
11.64999999942
 21
66.90000000719999
 31
0.0
  0
LINE
  5
B72
330
2AF
100
AcDbEntity
  8
0
  6
Continuous
 62
     7
100
AcDbLine
 10
13.34999964234001
 20
66.90000000719999
 30
0.0
 11
14.14999899992003
 21
66.90000000719999
 31
0.0
  0
LINE
  5
B73
330
2AF
100
AcDbEntity
  8
0
  6
Continuous
 62
     7
100
AcDbLine
 10
17.05291979807998
 20
66.90000000466
 30
0.0
 11
17.25000000081999
 21
66.90000000466
 31
0.0
  0
LINE
  5
B74
330
2AF
100
AcDbEntity
  8
0
  6
Continuous
 62
     7
100
AcDbLine
 10
17.74999999904
 20
67.20043031566001
 30
0.0
 11
17.99999999942
 21
67.20043031566001
 31
0.0
  0
LINE
  5
B75
330
2AF
100
AcDbEntity
  8
03___PRT_ALL_CURVES
  6
Continuous
 62
     4
100
AcDbLine
 10
21.71753072029998
 20
67.2238745436
 30
0.0
 11
21.39570263649998
 21
67.2238745436
 31
0.0
  0
LINE
  5
B76
330
2AF
100
AcDbEntity
  8
0
  6
Continuous
 62
     7
100
AcDbLine
 10
15.84999999919998
 20
67.30000000476002
 30
0.0
 11
16.65014920407998
 21
67.30000000476002
 31
0.0
  0
LINE
  5
B77
330
2AF
100
AcDbEntity
  8
0
  6
Continuous
 62
     7
100
AcDbLine
 10
14.74999997923996
 20
67.50000000608
 30
0.0
 11
12.74999997873999
 21
67.50000000608
 31
0.0
  0
LINE
  5
B78
330
2AF
100
AcDbEntity
  8
0
  6
Continuous
 62
     7
100
AcDbLine
 10
12.24999998051999
 20
67.50000000608
 30
0.0
 11
10.24999998001996
 21
67.50000000608
 31
0.0
  0
LINE
  5
B79
330
2AF
100
AcDbEntity
  8
0
  6
Continuous
 62
     7
100
AcDbLine
 10
17.99999999942
 20
67.95000000016
 30
0.0
 11
18.60000000084
 21
67.95000000016
 31
0.0
  0
LINE
  5
B7A
330
2AF
100
AcDbEntity
  8
0
  6
Continuous
 62
     7
100
AcDbLine
 10
8.949997718459997
 20
67.97499951836
 30
0.0
 11
9.701517350799975
 21
67.97499951836
 31
0.0
  0
LINE
  5
B7B
330
2AF
100
AcDbEntity
  8
0
  6
Continuous
 62
     7
100
AcDbLine
 10
12.02499979298
 20
68.07500000669998
 30
0.0
 11
8.200000000779994
 21
68.07500000669998
 31
0.0
  0
LINE
  5
B7C
330
2AF
100
AcDbEntity
  8
03___PRT_ALL_CURVES
  6
Continuous
 62
     4
100
AcDbLine
 10
23.60000000081999
 20
68.24999999959999
 30
0.0
 11
20.59999999879994
 21
68.24999999959999
 31
0.0
  0
LINE
  5
B7D
330
2AF
100
AcDbEntity
  8
03___PRT_ALL_CURVES
  6
Continuous
 62
     4
100
AcDbLine
 10
4.199999999779976
 20
68.24999999959999
 30
0.0
 11
1.20000000029998
 21
68.24999999959999
 31
0.0
  0
LINE
  5
B7E
330
2AF
100
AcDbEntity
  8
0
  6
Continuous
 62
     7
100
AcDbLine
 10
8.200000000779994
 20
68.42500000774001
 30
0.0
 11
12.02499979298
 21
68.42500000774001
 31
0.0
  0
LINE
  5
B7F
330
2AF
100
AcDbEntity
  8
0
  6
Continuous
 62
     7
100
AcDbLine
 10
9.70151727459998
 20
68.52499942928
 30
0.0
 11
8.949997718459997
 21
68.52499942928
 31
0.0
  0
LINE
  5
B80
330
2AF
100
AcDbEntity
  8
0
  6
Continuous
 62
     7
100
AcDbLine
 10
14.74999997923996
 20
69.00000000835999
 30
0.0
 11
12.74999997873999
 21
69.00000000835999
 31
0.0
  0
LINE
  5
B81
330
2AF
100
AcDbEntity
  8
0
  6
Continuous
 62
     7
100
AcDbLine
 10
12.24999998051999
 20
69.00000000835999
 30
0.0
 11
10.24999998001996
 21
69.00000000835999
 31
0.0
  0
LINE
  5
B82
330
2AF
100
AcDbEntity
  8
0
  6
Continuous
 62
     7
100
AcDbLine
 10
17.99999999942
 20
69.16000000078
 30
0.0
 11
18.60000000084
 21
69.16000000078
 31
0.0
  0
LINE
  5
B83
330
2AF
100
AcDbEntity
  8
0
  6
Continuous
 62
     7
100
AcDbLine
 10
16.65014920407998
 20
69.20000000460001
 30
0.0
 11
15.84999999919998
 21
69.20000000460001
 31
0.0
  0
LINE
  5
B84
330
2AF
100
AcDbEntity
  8
0
  6
Continuous
 62
     7
100
AcDbLine
 10
17.99999999942
 20
69.29956969623998
 30
0.0
 11
17.74999999904
 21
69.29956969623998
 31
0.0
  0
LINE
  5
B85
330
2AF
100
AcDbEntity
  8
03___PRT_ALL_CURVES
  6
Continuous
 62
     4
100
AcDbLine
 10
3.023738069859974
 20
69.30000000018
 30
0.0
 11
3.411459892840014
 21
69.30000000018
 31
0.0
  0
LINE
  5
B86
330
2AF
100
AcDbEntity
  8
0
  6
Continuous
 62
     7
100
AcDbLine
 10
17.25000000081999
 20
69.60000000470001
 30
0.0
 11
17.05291979807998
 21
69.60000000470001
 31
0.0
  0
LINE
  5
B87
330
2AF
100
AcDbEntity
  8
0
  6
Continuous
 62
     7
100
AcDbLine
 10
14.14999899992003
 20
69.60000000724
 30
0.0
 11
13.34999964234001
 21
69.60000000724
 31
0.0
  0
LINE
  5
B88
330
2AF
100
AcDbEntity
  8
0
  6
Continuous
 62
     7
100
AcDbLine
 10
11.64999999942
 20
69.60000000724
 30
0.0
 11
10.84999999921999
 21
69.60000000724
 31
0.0
  0
LINE
  5
B89
330
2AF
100
AcDbEntity
  8
0
  6
Continuous
 62
     7
100
AcDbLine
 10
17.74999999904
 20
65.79956969600002
 30
0.0
 11
17.25000000081999
 21
66.10000000445999
 31
0.0
  0
LINE
  5
B8A
330
2AF
100
AcDbEntity
  8
0
  6
Continuous
 62
     7
100
AcDbLine
 10
16.65014920407998
 20
67.14200899232
 30
0.0
 11
17.05291979807998
 21
66.90000000466
 31
0.0
  0
LINE
  5
B8B
330
2AF
100
AcDbEntity
  8
0
  6
Continuous
 62
     7
100
AcDbLine
 10
17.74999999904
 20
69.29956969623998
 30
0.0
 11
17.25000000081999
 21
69.60000000470001
 31
0.0
  0
LINE
  5
B8C
330
2AF
100
AcDbEntity
  8
0
  6
Continuous
 62
     7
100
AcDbLine
 10
16.65014920407998
 20
70.64200899256002
 30
0.0
 11
17.05291979807998
 21
70.4000000049
 31
0.0
  0
LINE
  5
B8D
330
2AF
100
AcDbEntity
  8
03___PRT_ALL_CURVES
  6
Continuous
 62
     4
100
AcDbLine
 10
22.63369656894
 20
119.25000000092
 30
0.0
 11
22.63369656894
 21
119.7172578345
 31
0.0
  0
LINE
  5
B8E
330
2AF
100
AcDbEntity
  8
03___PRT_ALL_CURVES
  6
Continuous
 62
     4
100
AcDbLine
 10
22.63369656894
 20
120.25613914434
 30
0.0
 11
22.63369656894
 21
121.79263311478
 31
0.0
  0
LINE
  5
B8F
330
2AF
100
AcDbEntity
  8
03___PRT_ALL_CURVES
  6
Continuous
 62
     4
100
AcDbLine
 10
22.78949524641999
 20
59.80368351914001
 30
0.0
 11
22.78949524641999
 21
59.36343792008
 31
0.0
  0
LINE
  5
B90
330
2AF
100
AcDbEntity
  8
03___PRT_ALL_CURVES
  6
Continuous
 62
     4
100
AcDbLine
 10
22.78949524641999
 20
59.06166438850002
 30
0.0
 11
22.78949524641999
 21
58.79999999945997
 31
0.0
  0
LINE
  5
B91
330
2AF
100
AcDbEntity
  8
03___PRT_ALL_CURVES
  6
Continuous
 62
     4
100
AcDbLine
 10
22.82912690197998
 20
77.30368352033997
 30
0.0
 11
22.82912690197998
 21
76.86343792128
 31
0.0
  0
LINE
  5
B92
330
2AF
100
AcDbEntity
  8
03___PRT_ALL_CURVES
  6
Continuous
 62
     4
100
AcDbLine
 10
22.82912690197998
 20
76.56166438716
 30
0.0
 11
22.82912690197998
 21
76.30000000066002
 31
0.0
  0
LINE
  5
B93
330
2AF
100
AcDbEntity
  8
03___PRT_ALL_CURVES
  6
Continuous
 62
     4
100
AcDbLine
 10
22.83485677621997
 20
24.80368351928001
 30
0.0
 11
22.83485677621997
 21
24.36343792022001
 31
0.0
  0
LINE
  5
B94
330
2AF
100
AcDbEntity
  8
03___PRT_ALL_CURVES
  6
Continuous
 62
     4
100
AcDbLine
 10
22.83485677621997
 20
24.06166438610001
 30
0.0
 11
22.83485677621997
 21
23.7999999996
 31
0.0
  0
LINE
  5
B95
330
2AF
100
AcDbEntity
  8
03___PRT_ALL_CURVES
  6
Continuous
 62
     4
100
AcDbLine
 10
22.84345159265996
 20
42.30368351793999
 30
0.0
 11
22.84345159265996
 21
41.86343792142
 31
0.0
  0
LINE
  5
B96
330
2AF
100
AcDbEntity
  8
03___PRT_ALL_CURVES
  6
Continuous
 62
     4
100
AcDbLine
 10
22.84345159265996
 20
41.5616643873
 30
0.0
 11
22.84345159265996
 21
41.3000000008
 31
0.0
  0
LINE
  5
B97
330
2AF
100
AcDbEntity
  8
03___PRT_ALL_CURVES
  6
Continuous
 62
     4
100
AcDbLine
 10
22.94747568229997
 20
119.7172578345
 30
0.0
 11
22.94747568229997
 21
120.25613914434
 31
0.0
  0
LINE
  5
B98
330
2AF
100
AcDbEntity
  8
03___PRT_ALL_CURVES
  6
Continuous
 62
     4
100
AcDbLine
 10
23.12851301897999
 20
58.79999999945997
 30
0.0
 11
23.12851301897999
 21
59.06166438850002
 31
0.0
  0
LINE
  5
B99
330
2AF
100
AcDbEntity
  8
03___PRT_ALL_CURVES
  6
Continuous
 62
     4
100
AcDbLine
 10
23.12851301897999
 20
59.36343792008
 30
0.0
 11
23.12851301897999
 21
60.22387454566001
 31
0.0
  0
LINE
  5
B9A
330
2AF
100
AcDbEntity
  8
03___PRT_ALL_CURVES
  6
Continuous
 62
     4
100
AcDbLine
 10
23.16814467453997
 20
76.30000000066002
 30
0.0
 11
23.16814467453997
 21
76.56166438716
 31
0.0
  0
LINE
  5
B9B
330
2AF
100
AcDbEntity
  8
03___PRT_ALL_CURVES
  6
Continuous
 62
     4
100
AcDbLine
 10
23.16814467453997
 20
76.86343792128
 30
0.0
 11
23.16814467453997
 21
77.72387454431998
 31
0.0
  0
LINE
  5
B9C
330
2AF
100
AcDbEntity
  8
03___PRT_ALL_CURVES
  6
Continuous
 62
     4
100
AcDbLine
 10
23.17387454877996
 20
23.7999999996
 30
0.0
 11
23.17387454877996
 21
24.06166438610001
 31
0.0
  0
LINE
  5
B9D
330
2AF
100
AcDbEntity
  8
03___PRT_ALL_CURVES
  6
Continuous
 62
     4
100
AcDbLine
 10
23.17387454877996
 20
24.36343792022001
 30
0.0
 11
23.17387454877996
 21
25.22387454580002
 31
0.0
  0
LINE
  5
B9E
330
2AF
100
AcDbEntity
  8
03___PRT_ALL_CURVES
  6
Continuous
 62
     4
100
AcDbLine
 10
23.18246936521999
 20
41.3000000008
 30
0.0
 11
23.18246936521999
 21
41.5616643873
 31
0.0
  0
LINE
  5
B9F
330
2AF
100
AcDbEntity
  8
03___PRT_ALL_CURVES
  6
Continuous
 62
     4
100
AcDbLine
 10
23.18246936521999
 20
41.86343792142
 30
0.0
 11
23.18246936521999
 21
42.72387454445999
 31
0.0
  0
LINE
  5
BA0
330
2AF
100
AcDbEntity
  8
03___PRT_ALL_CURVES
  6
Continuous
 62
     4
100
AcDbLine
 10
23.2817871041
 20
62.29999999970002
 30
0.0
 11
23.2817871041
 21
62.61705321369999
 31
0.0
  0
LINE
  5
BA1
330
2AF
100
AcDbEntity
  8
03___PRT_ALL_CURVES
  6
Continuous
 62
     4
100
AcDbLine
 10
23.30422915725998
 20
59.06166438850002
 30
0.0
 11
23.30422915725998
 21
59.36343792008
 31
0.0
  0
LINE
  5
BA2
330
2AF
100
AcDbEntity
  8
03___PRT_ALL_CURVES
  6
Continuous
 62
     4
100
AcDbLine
 10
23.32141875712
 20
79.80000000089998
 30
0.0
 11
23.32141875712
 21
80.11705321235999
 31
0.0
  0
LINE
  5
BA3
330
2AF
100
AcDbEntity
  8
03___PRT_ALL_CURVES
  6
Continuous
 62
     4
100
AcDbLine
 10
23.32714863390001
 20
27.29999999984
 30
0.0
 11
23.32714863390001
 21
27.61705321383999
 31
0.0
  0
LINE
  5
BA4
330
2AF
100
AcDbEntity
  8
03___PRT_ALL_CURVES
  6
Continuous
 62
     4
100
AcDbLine
 10
23.33574344779998
 20
44.79999999850003
 30
0.0
 11
23.33574344779998
 21
45.1170532125
 31
0.0
  0
LINE
  5
BA5
330
2AF
100
AcDbEntity
  8
03___PRT_ALL_CURVES
  6
Continuous
 62
     4
100
AcDbLine
 10
23.34386081027995
 20
76.56166438716
 30
0.0
 11
23.34386081027995
 21
76.86343792128
 31
0.0
  0
LINE
  5
BA6
330
2AF
100
AcDbEntity
  8
03___PRT_ALL_CURVES
  6
Continuous
 62
     4
100
AcDbLine
 10
23.34959068705999
 20
24.06166438610001
 30
0.0
 11
23.34959068705999
 21
24.36343792022001
 31
0.0
  0
LINE
  5
BA7
330
2AF
100
AcDbEntity
  8
03___PRT_ALL_CURVES
  6
Continuous
 62
     4
100
AcDbLine
 10
23.35818550349998
 20
41.5616643873
 30
0.0
 11
23.35818550349998
 21
41.86343792142
 31
0.0
  0
LINE
  5
BA8
330
2AF
100
AcDbEntity
  8
03___PRT_ALL_CURVES
  6
Continuous
 62
     4
100
AcDbLine
 10
23.60000000081999
 20
82.25000000056
 30
0.0
 11
23.60000000081999
 21
19.24999999878
 31
0.0
  0
LINE
  5
BA9
330
2AF
100
AcDbEntity
  8
02___PRT_ALL_AXES
  6
Continuous
 62
     7
100
AcDbLine
 10
24.59999999979996
 20
129.99999999948
 30
0.0
 11
24.59999999979996
 21
124.00000000052
 31
0.0
  0
LINE
  5
BAA
330
2AF
100
AcDbEntity
  8
02___PRT_ALL_AXES
  6
Continuous
 62
     7
100
AcDbLine
 10
24.59999999979996
 20
5.999999998960021
 30
0.0
 11
24.59999999979996
 21
0.0
 31
0.0
  0
LINE
  5
BAB
330
2AF
100
AcDbEntity
  8
03___PRT_ALL_CURVES
  6
Continuous
 62
     4
100
AcDbLine
 10
21.34270126675997
 20
31.68240112071999
 30
0.0
 11
21.32264669421997
 21
31.40450202704
 31
0.0
  0
LINE
  5
BAC
330
2AF
100
AcDbEntity
  8
03___PRT_ALL_CURVES
  6
Continuous
 62
     4
100
AcDbLine
 10
21.34556610481999
 20
28.18240112047999
 30
0.0
 11
21.32551153227999
 21
27.9045020268
 31
0.0
  0
LINE
  5
BAD
330
2AF
100
AcDbEntity
  8
03___PRT_ALL_CURVES
  6
Continuous
 62
     4
100
AcDbLine
 10
21.32312412023998
 20
24.68240112024
 30
0.0
 11
21.30306954769998
 21
24.4045020291
 31
0.0
  0
LINE
  5
BAE
330
2AF
100
AcDbEntity
  8
03___PRT_ALL_CURVES
  6
Continuous
 62
     4
100
AcDbLine
 10
21.33697135442
 20
21.18240112000001
 30
0.0
 11
21.31691677933998
 21
20.90450202885998
 31
0.0
  0
LINE
  5
BAF
330
2AF
100
AcDbEntity
  8
03___PRT_ALL_CURVES
  6
Continuous
 62
     4
100
AcDbLine
 10
22.78949524641999
 20
60.22387454566001
 30
0.0
 11
22.08090042536
 21
59.38158252692
 31
0.0
  0
LINE
  5
BB0
330
2AF
100
AcDbEntity
  8
03___PRT_ALL_CURVES
  6
Continuous
 62
     4
100
AcDbLine
 10
22.41418826017997
 20
59.36343792008
 30
0.0
 11
22.78949524641999
 21
59.80368351914001
 31
0.0
  0
LINE
  5
BB1
330
2AF
100
AcDbEntity
  8
0
  6
Continuous
 62
     2
100
AcDbLine
 10
17.99999999942
 20
56.41050154504001
 30
0.0
 11
18.60000000084
 21
57.01050154646001
 31
0.0
  0
LINE
  5
BB2
330
2AF
100
AcDbEntity
  8
0
  6
Continuous
 62
     7
100
AcDbLine
 10
17.25000000081999
 20
56.40000000393999
 30
0.0
 11
17.74999999904
 21
56.70043031493998
 31
0.0
  0
LINE
  5
BB3
330
2AF
100
AcDbEntity
  8
0
  6
Continuous
 62
     7
100
AcDbLine
 10
17.05291979807998
 20
55.60000000628
 30
0.0
 11
16.65014920407998
 21
55.35799101608001
 31
0.0
  0
LINE
  5
BB4
330
2AF
100
AcDbEntity
  8
03___PRT_ALL_CURVES
  6
Continuous
 62
     4
100
AcDbLine
 10
22.91364263846
 20
73.83710776618
 30
0.0
 11
23.30040933507999
 21
73.88485677151999
 31
0.0
  0
LINE
  5
BB5
330
2AF
100
AcDbEntity
  8
03___PRT_ALL_CURVES
  6
Continuous
 62
     4
100
AcDbLine
 10
2.78785817077997
 20
70.37148705710001
 30
0.0
 11
3.479263348800004
 21
70.37148705710001
 31
0.0
  0
LINE
  5
BB6
330
2AF
100
AcDbEntity
  8
0
  6
Continuous
 62
     7
100
AcDbLine
 10
10.84999999921999
 20
70.40000000743998
 30
0.0
 11
11.64999999942
 21
70.40000000743998
 31
0.0
  0
LINE
  5
BB7
330
2AF
100
AcDbEntity
  8
0
  6
Continuous
 62
     7
100
AcDbLine
 10
13.34999964234001
 20
70.40000000743998
 30
0.0
 11
14.14999899992003
 21
70.40000000743998
 31
0.0
  0
LINE
  5
BB8
330
2AF
100
AcDbEntity
  8
0
  6
Continuous
 62
     7
100
AcDbLine
 10
17.05291979807998
 20
70.4000000049
 30
0.0
 11
17.25000000081999
 21
70.4000000049
 31
0.0
  0
LINE
  5
BB9
330
2AF
100
AcDbEntity
  8
03___PRT_ALL_CURVES
  6
Continuous
 62
     4
100
AcDbLine
 10
3.92332891736001
 20
70.69999999926
 30
0.0
 11
2.78785817077997
 21
70.69999999926
 31
0.0
  0
LINE
  5
BBA
330
2AF
100
AcDbEntity
  8
0
  6
Continuous
 62
     7
100
AcDbLine
 10
17.74999999904
 20
70.70043031589998
 30
0.0
 11
17.99999999942
 21
70.70043031589998
 31
0.0
  0
LINE
  5
BBB
330
2AF
100
AcDbEntity
  8
0
  6
Continuous
 62
     7
100
AcDbLine
 10
15.84999999919998
 20
70.80000000500002
 30
0.0
 11
16.65014920407998
 21
70.80000000500002
 31
0.0
  0
LINE
  5
BBC
330
2AF
100
AcDbEntity
  8
0
  6
Continuous
 62
     7
100
AcDbLine
 10
14.74999997923996
 20
71.00000000632
 30
0.0
 11
12.74999997873999
 21
71.00000000632
 31
0.0
  0
LINE
  5
BBD
330
2AF
100
AcDbEntity
  8
0
  6
Continuous
 62
     7
100
AcDbLine
 10
12.24999998051999
 20
71.00000000632
 30
0.0
 11
10.24999998001996
 21
71.00000000632
 31
0.0
  0
LINE
  5
BBE
330
2AF
100
AcDbEntity
  8
0
  6
Continuous
 62
     7
100
AcDbLine
 10
8.949997718459997
 20
71.47499951606002
 30
0.0
 11
9.70151727459998
 21
71.47499951606002
 31
0.0
  0
LINE
  5
BBF
330
2AF
100
AcDbEntity
  8
0
  6
Continuous
 62
     7
100
AcDbLine
 10
12.02499979298
 20
71.57500000693997
 30
0.0
 11
8.200000000779994
 21
71.57500000693997
 31
0.0
  0
LINE
  5
BC0
330
2AF
100
AcDbEntity
  8
03___PRT_ALL_CURVES
  6
Continuous
 62
     4
100
AcDbLine
 10
1.20000000029998
 20
71.74999999983999
 30
0.0
 11
4.199999999779976
 21
71.74999999983999
 31
0.0
  0
LINE
  5
BC1
330
2AF
100
AcDbEntity
  8
03___PRT_ALL_CURVES
  6
Continuous
 62
     4
100
AcDbLine
 10
20.59999999879994
 20
71.74999999983999
 30
0.0
 11
23.60000000081999
 21
71.74999999983999
 31
0.0
  0
LINE
  5
BC2
330
2AF
100
AcDbEntity
  8
0
  6
Continuous
 62
     7
100
AcDbLine
 10
8.200000000779994
 20
71.92500000798
 30
0.0
 11
12.02499979298
 21
71.92500000798
 31
0.0
  0
LINE
  5
BC3
330
2AF
100
AcDbEntity
  8
0
  6
Continuous
 62
     7
100
AcDbLine
 10
9.701517198400012
 20
72.02499942952002
 30
0.0
 11
8.949997718459997
 21
72.02499942952002
 31
0.0
  0
LINE
  5
BC4
330
2AF
100
AcDbEntity
  8
0
  6
Continuous
 62
     7
100
AcDbLine
 10
14.74999997923996
 20
72.50000000860001
 30
0.0
 11
12.74999997873999
 21
72.50000000860001
 31
0.0
  0
LINE
  5
BC5
330
2AF
100
AcDbEntity
  8
0
  6
Continuous
 62
     7
100
AcDbLine
 10
12.24999998051999
 20
72.50000000860001
 30
0.0
 11
10.24999998001996
 21
72.50000000860001
 31
0.0
  0
LINE
  5
BC6
330
2AF
100
AcDbEntity
  8
0
  6
Continuous
 62
     7
100
AcDbLine
 10
16.65014920407998
 20
72.70000000484
 30
0.0
 11
15.84999999919998
 21
72.70000000484
 31
0.0
  0
LINE
  5
BC7
330
2AF
100
AcDbEntity
  8
0
  6
Continuous
 62
     7
100
AcDbLine
 10
17.99999999942
 20
72.79956969647998
 30
0.0
 11
17.74999999904
 21
72.79956969647998
 31
0.0
  0
LINE
  5
BC8
330
2AF
100
AcDbEntity
  8
0
  6
Continuous
 62
     7
100
AcDbLine
 10
17.99999999942
 20
73.05999999858003
 30
0.0
 11
18.60000000084
 21
73.05999999858003
 31
0.0
  0
LINE
  5
BC9
330
2AF
100
AcDbEntity
  8
0
  6
Continuous
 62
     7
100
AcDbLine
 10
17.25000000081999
 20
73.10000000493997
 30
0.0
 11
17.05291979807998
 21
73.10000000493997
 31
0.0
  0
LINE
  5
BCA
330
2AF
100
AcDbEntity
  8
0
  6
Continuous
 62
     7
100
AcDbLine
 10
14.14999899992003
 20
73.10000000747999
 30
0.0
 11
13.34999964234001
 21
73.10000000747999
 31
0.0
  0
LINE
  5
BCB
330
2AF
100
AcDbEntity
  8
0
  6
Continuous
 62
     7
100
AcDbLine
 10
11.64999999942
 20
73.10000000747999
 30
0.0
 11
10.84999999921999
 21
73.10000000747999
 31
0.0
  0
LINE
  5
BCC
330
2AF
100
AcDbEntity
  8
0
  6
Continuous
 62
     7
100
AcDbLine
 10
18.60000000084
 20
73.85999999878001
 30
0.0
 11
17.99999999942
 21
73.85999999878001
 31
0.0
  0
LINE
  5
BCD
330
2AF
100
AcDbEntity
  8
03___PRT_ALL_CURVES
  6
Continuous
 62
     4
100
AcDbLine
 10
3.233833593279968
 20
73.88963166418
 30
0.0
 11
3.859345240399989
 21
73.88963166418
 31
0.0
  0
LINE
  5
BCE
330
2AF
100
AcDbEntity
  8
0
  6
Continuous
 62
     7
100
AcDbLine
 10
10.84999999921999
 20
73.90000000768
 30
0.0
 11
11.64999999942
 21
73.90000000768
 31
0.0
  0
LINE
  5
BCF
330
2AF
100
AcDbEntity
  8
0
  6
Continuous
 62
     7
100
AcDbLine
 10
13.34999964234001
 20
73.90000000768
 30
0.0
 11
14.14999899992003
 21
73.90000000768
 31
0.0
  0
LINE
  5
BD0
330
2AF
100
AcDbEntity
  8
0
  6
Continuous
 62
     7
100
AcDbLine
 10
17.05291979807998
 20
73.90000000514001
 30
0.0
 11
17.25000000081999
 21
73.90000000514001
 31
0.0
  0
LINE
  5
BD1
330
2AF
100
AcDbEntity
  8
03___PRT_ALL_CURVES
  6
Continuous
 62
     4
100
AcDbLine
 10
3.859345240399989
 20
74.19999999950002
 30
0.0
 11
2.935880010879998
 21
74.19999999950002
 31
0.0
  0
LINE
  5
BD2
330
2AF
100
AcDbEntity
  8
0
  6
Continuous
 62
     7
100
AcDbLine
 10
17.74999999904
 20
74.20043031360001
 30
0.0
 11
17.99999999942
 21
74.20043031360001
 31
0.0
  0
LINE
  5
BD3
330
2AF
100
AcDbEntity
  8
0
  6
Continuous
 62
     7
100
AcDbLine
 10
15.84999999919998
 20
74.30000000524001
 30
0.0
 11
16.65014920407998
 21
74.30000000524001
 31
0.0
  0
LINE
  5
BD4
330
2AF
100
AcDbEntity
  8
0
  6
Continuous
 62
     7
100
AcDbLine
 10
14.74999997923996
 20
74.50000000656001
 30
0.0
 11
12.74999997873999
 21
74.50000000656001
 31
0.0
  0
LINE
  5
BD5
330
2AF
100
AcDbEntity
  8
0
  6
Continuous
 62
     7
100
AcDbLine
 10
12.24999998051999
 20
74.50000000656001
 30
0.0
 11
10.24999998001996
 21
74.50000000656001
 31
0.0
  0
LINE
  5
BD6
330
2AF
100
AcDbEntity
  8
03___PRT_ALL_CURVES
  6
Continuous
 62
     4
100
AcDbLine
 10
2.812687605500003
 20
73.44747614260001
 30
0.0
 11
3.144065517799987
 21
73.39972713472
 31
0.0
  0
LINE
  5
BD7
330
2AF
100
AcDbEntity
  8
0
  6
Continuous
 62
     7
100
AcDbLine
 10
17.74999999904
 20
72.79956969647998
 30
0.0
 11
17.25000000081999
 21
73.10000000493997
 31
0.0
  0
LINE
  5
BD8
330
2AF
100
AcDbEntity
  8
0
  6
Continuous
 62
     7
100
AcDbLine
 10
16.65014920407998
 20
74.14200899280002
 30
0.0
 11
17.05291979807998
 21
73.90000000514001
 31
0.0
  0
LINE
  5
BD9
330
2AF
100
AcDbEntity
  8
03___PRT_ALL_CURVES
  6
Continuous
 62
     4
100
AcDbLine
 10
10.83969987504
 20
119.6626875855
 30
0.0
 11
10.96418820111998
 21
119.25000000092
 31
0.0
  0
LINE
  5
BDA
330
2AF
100
AcDbEntity
  8
02___PRT_ALL_AXES
  6
Continuous
 62
     7
100
AcDbLine
 10
27.00000000040001
 20
129.99999999948
 30
0.0
 11
27.00000000040001
 21
124.00000000052
 31
0.0
  0
LINE
  5
BDB
330
2AF
100
AcDbEntity
  8
02___PRT_ALL_AXES
  6
Continuous
 62
     7
100
AcDbLine
 10
27.00000000040001
 20
5.999999998960021
 30
0.0
 11
27.00000000040001
 21
0.0
 31
0.0
  0
LINE
  5
BDC
330
2AF
100
AcDbEntity
  8
02___PRT_ALL_AXES
  6
Continuous
 62
     7
100
AcDbLine
 10
29.49999999912001
 20
129.99999999948
 30
0.0
 11
29.49999999912001
 21
124.00000000052
 31
0.0
  0
LINE
  5
BDD
330
2AF
100
AcDbEntity
  8
02___PRT_ALL_AXES
  6
Continuous
 62
     7
100
AcDbLine
 10
29.49999999912001
 20
5.999999998960021
 30
0.0
 11
29.49999999912001
 21
0.0
 31
0.0
  0
LINE
  5
BDE
330
2AF
100
AcDbEntity
  8
0
  6
Continuous
 62
     7
100
AcDbLine
 10
17.25000000081999
 20
52.90000000623999
 30
0.0
 11
17.74999999904
 21
53.20043031470001
 31
0.0
  0
LINE
  5
BDF
330
2AF
100
AcDbEntity
  8
0
  6
Continuous
 62
     7
100
AcDbLine
 10
17.05291979807998
 20
52.10000000604001
 30
0.0
 11
16.65014920407998
 21
51.85799101584001
 31
0.0
  0
LINE
  5
BE0
330
2AF
100
AcDbEntity
  8
0
  6
Continuous
 62
     7
100
AcDbLine
 10
17.25000000081999
 20
49.40000000600003
 30
0.0
 11
17.74999999904
 21
49.70043031445999
 31
0.0
  0
LINE
  5
BE1
330
2AF
100
AcDbEntity
  8
0
  6
Continuous
 62
     7
100
AcDbLine
 10
17.05291979807998
 20
48.60000000580001
 30
0.0
 11
16.65014920407998
 21
48.35799101814001
 31
0.0
  0
LINE
  5
BE2
330
2AF
100
AcDbEntity
  8
03___PRT_ALL_CURVES
  6
Continuous
 62
     4
100
AcDbLine
 10
3.156957643399977
 20
76.72114598843999
 30
0.0
 11
2.768281024260006
 21
76.66957709233998
 31
0.0
  0
LINE
  5
BE3
330
2AF
100
AcDbEntity
  8
03___PRT_ALL_CURVES
  6
Continuous
 62
     4
100
AcDbLine
 10
3.155525225639991
 20
73.20586630578
 30
0.0
 11
2.762073713839982
 21
73.16289223374
 31
0.0
  0
LINE
  5
BE4
330
2AF
100
AcDbEntity
  8
0
  6
Continuous
 62
     7
100
AcDbLine
 10
8.949997718459997
 20
74.97499951630002
 30
0.0
 11
9.701517198400012
 21
74.97499951630002
 31
0.0
  0
LINE
  5
BE5
330
2AF
100
AcDbEntity
  8
0
  6
Continuous
 62
     7
100
AcDbLine
 10
12.02499979298
 20
75.07500000718
 30
0.0
 11
8.200000000779994
 21
75.07500000718
 31
0.0
  0
LINE
  5
BE6
330
2AF
100
AcDbEntity
  8
03___PRT_ALL_CURVES
  6
Continuous
 62
     4
100
AcDbLine
 10
23.60000000081999
 20
75.25000000008001
 30
0.0
 11
20.59999999879994
 21
75.25000000008001
 31
0.0
  0
LINE
  5
BE7
330
2AF
100
AcDbEntity
  8
03___PRT_ALL_CURVES
  6
Continuous
 62
     4
100
AcDbLine
 10
4.199999999779976
 20
75.25000000008001
 30
0.0
 11
1.20000000029998
 21
75.25000000008001
 31
0.0
  0
LINE
  5
BE8
330
2AF
100
AcDbEntity
  8
0
  6
Continuous
 62
     7
100
AcDbLine
 10
8.200000000779994
 20
75.42500000822
 30
0.0
 11
12.02499979298
 21
75.42500000822
 31
0.0
  0
LINE
  5
BE9
330
2AF
100
AcDbEntity
  8
0
  6
Continuous
 62
     7
100
AcDbLine
 10
9.701517122199988
 20
75.52499942976002
 30
0.0
 11
8.949997718459997
 21
75.52499942976002
 31
0.0
  0
LINE
  5
BEA
330
2AF
100
AcDbEntity
  8
0
  6
Continuous
 62
     7
100
AcDbLine
 10
14.74999997923996
 20
76.00000000629998
 30
0.0
 11
12.74999997873999
 21
76.00000000629998
 31
0.0
  0
LINE
  5
BEB
330
2AF
100
AcDbEntity
  8
0
  6
Continuous
 62
     7
100
AcDbLine
 10
12.24999998051999
 20
76.00000000629998
 30
0.0
 11
10.24999998001996
 21
76.00000000629998
 31
0.0
  0
LINE
  5
BEC
330
2AF
100
AcDbEntity
  8
0
  6
Continuous
 62
     7
100
AcDbLine
 10
16.65014920407998
 20
76.20000000508
 30
0.0
 11
15.84999999919998
 21
76.20000000508
 31
0.0
  0
LINE
  5
BED
330
2AF
100
AcDbEntity
  8
0
  6
Continuous
 62
     7
100
AcDbLine
 10
17.99999999942
 20
76.29956969672
 30
0.0
 11
17.74999999904
 21
76.29956969672
 31
0.0
  0
LINE
  5
BEE
330
2AF
100
AcDbEntity
  8
03___PRT_ALL_CURVES
  6
Continuous
 62
     4
100
AcDbLine
 10
22.82912690197998
 20
76.30000000066002
 30
0.0
 11
23.16814467453997
 21
76.30000000066002
 31
0.0
  0
LINE
  5
BEF
330
2AF
100
AcDbEntity
  8
03___PRT_ALL_CURVES
  6
Continuous
 62
     4
100
AcDbLine
 10
22.12053207837999
 20
76.56166438716
 30
0.0
 11
22.82912690197998
 21
76.56166438716
 31
0.0
  0
LINE
  5
BF0
330
2AF
100
AcDbEntity
  8
03___PRT_ALL_CURVES
  6
Continuous
 62
     4
100
AcDbLine
 10
23.16814467453997
 20
76.56166438716
 30
0.0
 11
23.34386081027995
 21
76.56166438716
 31
0.0
  0
LINE
  5
BF1
330
2AF
100
AcDbEntity
  8
0
  6
Continuous
 62
     7
100
AcDbLine
 10
17.25000000081999
 20
76.60000000518002
 30
0.0
 11
17.05291979807998
 21
76.60000000518002
 31
0.0
  0
LINE
  5
BF2
330
2AF
100
AcDbEntity
  8
0
  6
Continuous
 62
     7
100
AcDbLine
 10
14.14999899992003
 20
76.60000000772001
 30
0.0
 11
13.34999964234001
 21
76.60000000772001
 31
0.0
  0
LINE
  5
BF3
330
2AF
100
AcDbEntity
  8
0
  6
Continuous
 62
     7
100
AcDbLine
 10
11.64999999942
 20
76.60000000772001
 30
0.0
 11
10.84999999921999
 21
76.60000000772001
 31
0.0
  0
LINE
  5
BF4
330
2AF
100
AcDbEntity
  8
03___PRT_ALL_CURVES
  6
Continuous
 62
     4
100
AcDbLine
 10
23.34386081027995
 20
76.86343792128
 30
0.0
 11
23.16814467453997
 21
76.86343792128
 31
0.0
  0
LINE
  5
BF5
330
2AF
100
AcDbEntity
  8
03___PRT_ALL_CURVES
  6
Continuous
 62
     4
100
AcDbLine
 10
22.82912690197998
 20
76.86343792128
 30
0.0
 11
22.45381991319996
 21
76.86343792128
 31
0.0
  0
LINE
  5
BF6
330
2AF
100
AcDbEntity
  8
0
  6
Continuous
 62
     7
100
AcDbLine
 10
10.84999999921999
 20
77.40000000791997
 30
0.0
 11
11.64999999942
 21
77.40000000791997
 31
0.0
  0
LINE
  5
BF7
330
2AF
100
AcDbEntity
  8
0
  6
Continuous
 62
     7
100
AcDbLine
 10
13.34999964234001
 20
77.40000000791997
 30
0.0
 11
14.14999899992003
 21
77.40000000791997
 31
0.0
  0
LINE
  5
BF8
330
2AF
100
AcDbEntity
  8
0
  6
Continuous
 62
     7
100
AcDbLine
 10
17.05291979807998
 20
77.40000000538001
 30
0.0
 11
17.25000000081999
 21
77.40000000538001
 31
0.0
  0
LINE
  5
BF9
330
2AF
100
AcDbEntity
  8
0
  6
Continuous
 62
     7
100
AcDbLine
 10
17.74999999904
 20
77.70043031384
 30
0.0
 11
17.99999999942
 21
77.70043031384
 31
0.0
  0
LINE
  5
BFA
330
2AF
100
AcDbEntity
  8
03___PRT_ALL_CURVES
  6
Continuous
 62
     4
100
AcDbLine
 10
23.16814467453997
 20
77.72387454431998
 30
0.0
 11
22.82912690197998
 21
77.72387454431998
 31
0.0
  0
LINE
  5
BFB
330
2AF
100
AcDbEntity
  8
0
  6
Continuous
 62
     7
100
AcDbLine
 10
15.84999999919998
 20
77.80000000547997
 30
0.0
 11
16.65014920407998
 21
77.80000000547997
 31
0.0
  0
LINE
  5
BFC
330
2AF
100
AcDbEntity
  8
0
  6
Continuous
 62
     7
100
AcDbLine
 10
14.74999997923996
 20
78.00000000680001
 30
0.0
 11
12.74999997873999
 21
78.00000000680001
 31
0.0
  0
LINE
  5
BFD
330
2AF
100
AcDbEntity
  8
0
  6
Continuous
 62
     7
100
AcDbLine
 10
12.24999998051999
 20
78.00000000680001
 30
0.0
 11
10.24999998001996
 21
78.00000000680001
 31
0.0
  0
LINE
  5
BFE
330
2AF
100
AcDbEntity
  8
0
  6
Continuous
 62
     7
100
AcDbLine
 10
8.949997718459997
 20
78.47499951654001
 30
0.0
 11
9.701517122199988
 21
78.47499951654001
 31
0.0
  0
LINE
  5
BFF
330
2AF
100
AcDbEntity
  8
0
  6
Continuous
 62
     7
100
AcDbLine
 10
12.02499979298
 20
78.57500000741999
 30
0.0
 11
8.200000000779994
 21
78.57500000741999
 31
0.0
  0
LINE
  5
C00
330
2AF
100
AcDbEntity
  8
03___PRT_ALL_CURVES
  6
Continuous
 62
     4
100
AcDbLine
 10
1.20000000029998
 20
78.75000000032
 30
0.0
 11
4.199999999779976
 21
78.75000000032
 31
0.0
  0
LINE
  5
C01
330
2AF
100
AcDbEntity
  8
03___PRT_ALL_CURVES
  6
Continuous
 62
     4
100
AcDbLine
 10
20.59999999879994
 20
78.75000000032
 30
0.0
 11
23.60000000081999
 21
78.75000000032
 31
0.0
  0
LINE
  5
C02
330
2AF
100
AcDbEntity
  8
0
  6
Continuous
 62
     7
100
AcDbLine
 10
8.200000000779994
 20
78.92500000845999
 30
0.0
 11
12.02499979298
 21
78.92500000845999
 31
0.0
  0
LINE
  5
C03
330
2AF
100
AcDbEntity
  8
0
  6
Continuous
 62
     7
100
AcDbLine
 10
9.701517045999992
 20
79.02499943000001
 30
0.0
 11
8.949997718459997
 21
79.02499943000001
 31
0.0
  0
LINE
  5
C04
330
2AF
100
AcDbEntity
  8
03___PRT_ALL_CURVES
  6
Continuous
 62
     4
100
AcDbLine
 10
2.789290601239969
 20
77.36098222717999
 30
0.0
 11
3.156957643399977
 21
77.29508869628
 31
0.0
  0
LINE
  5
C05
330
2AF
100
AcDbEntity
  8
0
  6
Continuous
 62
     7
100
AcDbLine
 10
17.74999999904
 20
76.29956969672
 30
0.0
 11
17.25000000081999
 21
76.60000000518002
 31
0.0
  0
LINE
  5
C06
330
2AF
100
AcDbEntity
  8
0
  6
Continuous
 62
     7
100
AcDbLine
 10
16.65014920407998
 20
77.64200899304001
 30
0.0
 11
17.05291979807998
 21
77.40000000538001
 31
0.0
  0
LINE
  5
C07
330
2AF
100
AcDbEntity
  8
0
  6
Continuous
 62
     7
100
AcDbLine
 10
17.74999999904
 20
79.79956969695999
 30
0.0
 11
17.25000000081999
 21
80.10000000541999
 31
0.0
  0
LINE
  5
C08
330
2AF
100
AcDbEntity
  8
0
  6
Continuous
 62
     7
100
AcDbLine
 10
16.65014920407998
 20
81.14200899328
 30
0.0
 11
17.05291979807998
 21
80.90000000562
 31
0.0
  0
LINE
  5
C09
330
2AF
100
AcDbEntity
  8
03___PRT_ALL_CURVES
  6
Continuous
 62
     4
100
AcDbLine
 10
11.77421547108
 20
119.25000000092
 30
0.0
 11
10.83458386038001
 21
121.74999999964
 31
0.0
  0
LINE
  5
C0A
330
2AF
100
AcDbEntity
  8
03___PRT_ALL_CURVES
  6
Continuous
 62
     4
100
AcDbLine
 10
10.40313772555999
 20
121.1019781537
 30
0.0
 11
10.67939974097999
 21
120.20327422086
 31
0.0
  0
LINE
  5
C0B
330
2AF
100
AcDbEntity
  8
06___PRT_ALL_SURFS
  6
Continuous
 62
     7
100
AcDbLine
 10
32.00000000038003
 20
129.99999999948
 30
0.0
 11
32.00000000038003
 21
123.20000000032
 31
0.0
  0
LINE
  5
C0C
330
2AF
100
AcDbEntity
  8
0
  6
Continuous
 62
     7
100
AcDbLine
 10
32.00000000038003
 20
129.99999999948
 30
0.0
 11
32.00000000038003
 21
124.00000000052
 31
0.0
  0
LINE
  5
C0D
330
2AF
100
AcDbEntity
  8
06___PRT_ALL_SURFS
  6
Continuous
 62
     7
100
AcDbLine
 10
32.00000000038003
 20
6.799999999160008
 30
0.0
 11
32.00000000038003
 21
0.0
 31
0.0
  0
LINE
  5
C0E
330
2AF
100
AcDbEntity
  8
0
  6
Continuous
 62
     7
100
AcDbLine
 10
32.00000000038003
 20
5.999999998960021
 30
0.0
 11
32.00000000038003
 21
0.0
 31
0.0
  0
LINE
  5
C0F
330
2AF
100
AcDbEntity
  8
0
  6
Continuous
 62
     7
100
AcDbLine
 10
32.25000000075997
 20
5.999999998960021
 30
0.0
 11
32.25000000075997
 21
124.00000000052
 31
0.0
  0
LINE
  5
C10
330
2AF
100
AcDbEntity
  8
0
  6
Continuous
 62
     2
100
AcDbLine
 10
17.99999999942
 20
40.60525077308
 30
0.0
 11
18.60000000084
 21
41.20525077195998
 31
0.0
  0
LINE
  5
C11
330
2AF
100
AcDbEntity
  8
0
  6
Continuous
 62
     7
100
AcDbLine
 10
17.25000000081999
 20
45.90000000576001
 30
0.0
 11
17.74999999904
 21
46.20043031422
 31
0.0
  0
LINE
  5
C12
330
2AF
100
AcDbEntity
  8
0
  6
Continuous
 62
     7
100
AcDbLine
 10
17.05291979807998
 20
45.10000000556002
 30
0.0
 11
16.65014920407998
 21
44.85799101789999
 31
0.0
  0
LINE
  5
C13
330
2AF
100
AcDbEntity
  8
0
  6
Continuous
 62
     7
100
AcDbLine
 10
14.74999997923996
 20
79.50000000654
 30
0.0
 11
12.74999997873999
 21
79.50000000654
 31
0.0
  0
LINE
  5
C14
330
2AF
100
AcDbEntity
  8
0
  6
Continuous
 62
     7
100
AcDbLine
 10
12.24999998051999
 20
79.50000000654
 30
0.0
 11
10.24999998001996
 21
79.50000000654
 31
0.0
  0
LINE
  5
C15
330
2AF
100
AcDbEntity
  8
0
  6
Continuous
 62
     7
100
AcDbLine
 10
16.65014920407998
 20
79.70000000531999
 30
0.0
 11
15.84999999919998
 21
79.70000000531999
 31
0.0
  0
LINE
  5
C16
330
2AF
100
AcDbEntity
  8
0
  6
Continuous
 62
     7
100
AcDbLine
 10
17.99999999942
 20
79.79956969695999
 30
0.0
 11
17.74999999904
 21
79.79956969695999
 31
0.0
  0
LINE
  5
C17
330
2AF
100
AcDbEntity
  8
03___PRT_ALL_CURVES
  6
Continuous
 62
     4
100
AcDbLine
 10
3.399522560859992
 20
79.80000000089998
 30
0.0
 11
3.79297415648
 21
79.80000000089998
 31
0.0
  0
LINE
  5
C18
330
2AF
100
AcDbEntity
  8
03___PRT_ALL_CURVES
  6
Continuous
 62
     4
100
AcDbLine
 10
22.15443376825999
 20
79.80000000089998
 30
0.0
 11
23.32141875712
 21
79.80000000089998
 31
0.0
  0
LINE
  5
C19
330
2AF
100
AcDbEntity
  8
0
  6
Continuous
 62
     7
100
AcDbLine
 10
17.25000000081999
 20
80.10000000541999
 30
0.0
 11
17.05291979807998
 21
80.10000000541999
 31
0.0
  0
LINE
  5
C1A
330
2AF
100
AcDbEntity
  8
0
  6
Continuous
 62
     7
100
AcDbLine
 10
14.14999899992003
 20
80.10000000796
 30
0.0
 11
13.34999964234001
 21
80.10000000796
 31
0.0
  0
LINE
  5
C1B
330
2AF
100
AcDbEntity
  8
0
  6
Continuous
 62
     7
100
AcDbLine
 10
11.64999999942
 20
80.10000000796
 30
0.0
 11
10.84999999921999
 21
80.10000000796
 31
0.0
  0
LINE
  5
C1C
330
2AF
100
AcDbEntity
  8
03___PRT_ALL_CURVES
  6
Continuous
 62
     4
100
AcDbLine
 10
23.32141875712
 20
80.11705321235999
 30
0.0
 11
22.71405171684
 21
80.11705321235999
 31
0.0
  0
LINE
  5
C1D
330
2AF
100
AcDbEntity
  8
0
  6
Continuous
 62
     7
100
AcDbLine
 10
10.84999999921999
 20
80.90000000816002
 30
0.0
 11
11.64999999942
 21
80.90000000816002
 31
0.0
  0
LINE
  5
C1E
330
2AF
100
AcDbEntity
  8
0
  6
Continuous
 62
     7
100
AcDbLine
 10
13.34999964234001
 20
80.90000000816002
 30
0.0
 11
14.14999899992003
 21
80.90000000816002
 31
0.0
  0
LINE
  5
C1F
330
2AF
100
AcDbEntity
  8
0
  6
Continuous
 62
     7
100
AcDbLine
 10
17.05291979807998
 20
80.90000000562
 30
0.0
 11
17.25000000081999
 21
80.90000000562
 31
0.0
  0
LINE
  5
C20
330
2AF
100
AcDbEntity
  8
0
  6
Continuous
 62
     7
100
AcDbLine
 10
17.74999999904
 20
81.20043031408002
 30
0.0
 11
17.99999999942
 21
81.20043031408002
 31
0.0
  0
LINE
  5
C21
330
2AF
100
AcDbEntity
  8
03___PRT_ALL_CURVES
  6
Continuous
 62
     4
100
AcDbLine
 10
3.79297415648
 20
81.22387454456003
 30
0.0
 11
3.471146029500005
 21
81.22387454456003
 31
0.0
  0
LINE
  5
C22
330
2AF
100
AcDbEntity
  8
0
  6
Continuous
 62
     7
100
AcDbLine
 10
15.84999999919998
 20
81.30000000318
 30
0.0
 11
16.65014920407998
 21
81.30000000318
 31
0.0
  0
LINE
  5
C23
330
2AF
100
AcDbEntity
  8
0
  6
Continuous
 62
     7
100
AcDbLine
 10
14.74999997923996
 20
81.50000000704
 30
0.0
 11
12.74999997873999
 21
81.50000000704
 31
0.0
  0
LINE
  5
C24
330
2AF
100
AcDbEntity
  8
0
  6
Continuous
 62
     7
100
AcDbLine
 10
12.24999998051999
 20
81.50000000704
 30
0.0
 11
10.24999998001996
 21
81.50000000704
 31
0.0
  0
LINE
  5
C25
330
2AF
100
AcDbEntity
  8
0
  6
Continuous
 62
     7
100
AcDbLine
 10
8.949997718459997
 20
81.97499951678
 30
0.0
 11
9.701517045999992
 21
81.97499951678
 31
0.0
  0
LINE
  5
C26
330
2AF
100
AcDbEntity
  8
03___PRT_ALL_CURVES
  6
Continuous
 62
     4
100
AcDbLine
 10
4.199999999779976
 20
82.25000000056
 30
0.0
 11
1.20000000029998
 21
82.25000000056
 31
0.0
  0
LINE
  5
C27
330
2AF
100
AcDbEntity
  8
0
  6
Continuous
 62
     7
100
AcDbLine
 10
8.200000000779994
 20
82.25000000818
 30
0.0
 11
15.84999999919998
 21
82.25000000818
 31
0.0
  0
LINE
  5
C28
330
2AF
100
AcDbEntity
  8
03___PRT_ALL_CURVES
  6
Continuous
 62
     4
100
AcDbLine
 10
20.59999999879994
 20
82.25000000056
 30
0.0
 11
23.60000000081999
 21
82.25000000056
 31
0.0
  0
LINE
  5
C29
330
2AF
100
AcDbEntity
  8
03___PRT_ALL_CURVES
  6
Continuous
 62
     4
100
AcDbLine
 10
22.18308320803999
 20
80.77694408968
 30
0.0
 11
22.57271487225998
 21
80.74542976612
 31
0.0
  0
LINE
  5
C2A
330
2AF
100
AcDbEntity
  8
03___PRT_ALL_CURVES
  6
Continuous
 62
     4
100
AcDbLine
 10
22.84345159265996
 20
42.72387454445999
 30
0.0
 11
22.13485676905998
 21
41.88158252826
 31
0.0
  0
LINE
  5
C2B
330
2AF
100
AcDbEntity
  8
03___PRT_ALL_CURVES
  6
Continuous
 62
     4
100
AcDbLine
 10
22.46814460388001
 20
41.86343792142
 30
0.0
 11
22.84345159265996
 21
42.30368351793999
 31
0.0
  0
LINE
  5
C2C
330
2AF
100
AcDbEntity
  8
0
  6
Continuous
 62
     7
100
AcDbLine
 10
17.25000000081999
 20
42.40000000552001
 30
0.0
 11
17.74999999904
 21
42.70043031397998
 31
0.0
  0
LINE
  5
C2D
330
2AF
100
AcDbEntity
  8
0
  6
Continuous
 62
     7
100
AcDbLine
 10
17.05291979807998
 20
41.60000000532
 30
0.0
 11
16.65014920407998
 21
41.35799101766
 31
0.0
  0
LINE
  5
C2E
330
2AF
100
AcDbEntity
  8
0
  6
Continuous
 62
     7
100
AcDbLine
 10
17.25000000081999
 20
38.90000000527999
 30
0.0
 11
17.74999999904
 21
39.20043031373999
 31
0.0
  0
LINE
  5
C2F
330
2AF
100
AcDbEntity
  8
0
  6
Continuous
 62
     7
100
AcDbLine
 10
17.05291979807998
 20
38.10000000508001
 30
0.0
 11
16.65014920407998
 21
37.85799101742001
 31
0.0
  0
LINE
  5
C30
330
2AF
100
AcDbEntity
  8
0
  6
Continuous
 62
     7
100
AcDbLine
 10
18.00000000195999
 20
85.75000000841999
 30
0.0
 11
7.500000001239982
 21
85.75000000841999
 31
0.0
  0
LINE
  5
C31
330
2AF
100
AcDbEntity
  8
02___PRT_ALL_AXES
  6
Continuous
 62
     7
100
AcDbLine
 10
17.59999999932
 20
86.34999999968
 30
0.0
 11
7.899999998799956
 21
86.34999999968
 31
0.0
  0
LINE
  5
C32
330
2AF
100
AcDbEntity
  8
0
  6
Continuous
 62
     7
100
AcDbLine
 10
17.25000000081999
 20
35.40000000504
 30
0.0
 11
17.74999999904
 21
35.70043031604001
 31
0.0
  0
LINE
  5
C33
330
2AF
100
AcDbEntity
  8
0
  6
Continuous
 62
     7
100
AcDbLine
 10
17.05291979807998
 20
34.60000000484001
 30
0.0
 11
16.65014920407998
 21
34.35799101718001
 31
0.0
  0
LINE
  5
C34
330
2AF
100
AcDbEntity
  8
0
  6
Continuous
 62
     7
100
AcDbLine
 10
-0.2500000003800267
 20
91.79999999882
 30
0.0
 11
32.25000000075997
 21
91.79999999882
 31
0.0
  0
LINE
  5
C35
330
2AF
100
AcDbEntity
  8
0
  6
Continuous
 62
     7
100
AcDbLine
 10
-0.2500000003800267
 20
91.89999999948
 30
0.0
 11
32.25000000075997
 21
91.89999999948
 31
0.0
  0
LINE
  5
C36
330
2AF
100
AcDbEntity
  8
03___PRT_ALL_CURVES
  6
Continuous
 62
     4
100
AcDbLine
 10
22.83485677621997
 20
25.22387454580002
 30
0.0
 11
22.12626195515998
 21
24.38158252706
 31
0.0
  0
LINE
  5
C37
330
2AF
100
AcDbEntity
  8
03___PRT_ALL_CURVES
  6
Continuous
 62
     4
100
AcDbLine
 10
22.45954978997997
 20
24.36343792022001
 30
0.0
 11
22.83485677621997
 21
24.80368351928001
 31
0.0
  0
LINE
  5
C38
330
2AF
100
AcDbEntity
  8
0
  6
Continuous
 62
     2
100
AcDbLine
 10
17.99999999942
 20
24.79999999858001
 30
0.0
 11
18.60000000084
 21
25.40000000000001
 31
0.0
  0
LINE
  5
C39
330
2AF
100
AcDbEntity
  8
0
  6
Continuous
 62
     7
100
AcDbLine
 10
17.25000000081999
 20
31.90000000480001
 30
0.0
 11
17.74999999904
 21
32.20043031579999
 31
0.0
  0
LINE
  5
C3A
330
2AF
100
AcDbEntity
  8
0
  6
Continuous
 62
     7
100
AcDbLine
 10
17.05291979807998
 20
31.10000000460002
 30
0.0
 11
16.65014920407998
 21
30.85799101693999
 31
0.0
  0
LINE
  5
C3B
330
2AF
100
AcDbEntity
  8
0
  6
Continuous
 62
     7
100
AcDbLine
 10
17.25000000081999
 20
28.40000000456001
 30
0.0
 11
17.74999999904
 21
28.70043031556
 31
0.0
  0
LINE
  5
C3C
330
2AF
100
AcDbEntity
  8
0
  6
Continuous
 62
     7
100
AcDbLine
 10
17.05291979807998
 20
27.60000000436
 30
0.0
 11
16.65014920407998
 21
27.3579910167
 31
0.0
  0
LINE
  5
C3D
330
2AF
100
AcDbEntity
  8
0
  6
Continuous
 62
     7
100
AcDbLine
 10
17.25000000081999
 20
24.90000000431999
 30
0.0
 11
17.74999999904
 21
25.20043031532001
 31
0.0
  0
LINE
  5
C3E
330
2AF
100
AcDbEntity
  8
0
  6
Continuous
 62
     7
100
AcDbLine
 10
17.05291979807998
 20
24.10000000412001
 30
0.0
 11
16.65014920407998
 21
23.85799101646001
 31
0.0
  0
LINE
  5
C3F
330
2AF
100
AcDbEntity
  8
0
  6
Continuous
 62
     7
100
AcDbLine
 10
17.24999999828
 20
21.40000000408
 30
0.0
 11
17.74999999904
 21
21.70043031507998
 31
0.0
  0
LINE
  5
C40
330
2AF
100
AcDbEntity
  8
0
  6
Continuous
 62
     7
100
AcDbLine
 10
17.05291979807998
 20
20.60000000388001
 30
0.0
 11
16.65014920407998
 21
20.35799101622001
 31
0.0
  0
LINE
  5
C41
330
2AF
100
AcDbEntity
  8
0
  6
Continuous
 62
     7
100
AcDbLine
 10
32.25000000075997
 20
116.89999999938
 30
0.0
 11
-0.2500000003800267
 21
116.89999999938
 31
0.0
  0
LINE
  5
C42
330
2AF
100
AcDbEntity
  8
0
  6
Continuous
 62
     7
100
AcDbLine
 10
-0.2500000003800267
 20
117.00000000004
 30
0.0
 11
32.25000000075997
 21
117.00000000004
 31
0.0
  0
LINE
  5
C43
330
2AF
100
AcDbEntity
  8
0
  6
Continuous
 62
     7
100
AcDbLine
 10
32.25000000075997
 20
117.59999999892
 30
0.0
 11
-0.2500000003800267
 21
117.59999999892
 31
0.0
  0
LINE
  5
C44
330
2AF
100
AcDbEntity
  8
03___PRT_ALL_CURVES
  6
Continuous
 62
     4
100
AcDbLine
 10
9.052523838019994
 20
119.25000000092
 30
0.0
 11
9.840381962580011
 21
119.25000000092
 31
0.0
  0
LINE
  5
C45
330
2AF
100
AcDbEntity
  8
03___PRT_ALL_CURVES
  6
Continuous
 62
     4
100
AcDbLine
 10
10.96418820111998
 20
119.25000000092
 30
0.0
 11
11.77421547108
 21
119.25000000092
 31
0.0
  0
LINE
  5
C46
330
2AF
100
AcDbEntity
  8
03___PRT_ALL_CURVES
  6
Continuous
 62
     4
100
AcDbLine
 10
12.05047733664
 20
119.25000000092
 30
0.0
 11
12.8246930958
 21
119.25000000092
 31
0.0
  0
LINE
  5
C47
330
2AF
100
AcDbEntity
  8
03___PRT_ALL_CURVES
  6
Continuous
 62
     4
100
AcDbLine
 10
16.60879946966
 20
119.25000000092
 30
0.0
 11
17.30115987056001
 21
119.25000000092
 31
0.0
  0
LINE
  5
C48
330
2AF
100
AcDbEntity
  8
03___PRT_ALL_CURVES
  6
Continuous
 62
     4
100
AcDbLine
 10
22.02830887954002
 20
119.25000000092
 30
0.0
 11
22.63369656894
 21
119.25000000092
 31
0.0
  0
LINE
  5
C49
330
2AF
100
AcDbEntity
  8
03___PRT_ALL_CURVES
  6
Continuous
 62
     4
100
AcDbLine
 10
9.961459708739966
 20
119.6626875855
 30
0.0
 11
10.83969987504
 21
119.6626875855
 31
0.0
  0
LINE
  5
C4A
330
2AF
100
AcDbEntity
  8
03___PRT_ALL_CURVES
  6
Continuous
 62
     4
100
AcDbLine
 10
20.76296068379997
 20
119.7172578345
 30
0.0
 11
22.02830887954002
 21
119.7172578345
 31
0.0
  0
LINE
  5
C4B
330
2AF
100
AcDbEntity
  8
03___PRT_ALL_CURVES
  6
Continuous
 62
     4
100
AcDbLine
 10
22.63369656894
 20
119.7172578345
 30
0.0
 11
22.94747568229997
 21
119.7172578345
 31
0.0
  0
LINE
  5
C4C
330
2AF
100
AcDbEntity
  8
03___PRT_ALL_CURVES
  6
Continuous
 62
     4
100
AcDbLine
 10
10.67939974097999
 20
120.20327422086
 30
0.0
 11
10.13028643737999
 21
120.20327422086
 31
0.0
  0
LINE
  5
C4D
330
2AF
100
AcDbEntity
  8
03___PRT_ALL_CURVES
  6
Continuous
 62
     4
100
AcDbLine
 10
22.94747568229997
 20
120.25613914434
 30
0.0
 11
22.63369656894
 21
120.25613914434
 31
0.0
  0
LINE
  5
C4E
330
2AF
100
AcDbEntity
  8
03___PRT_ALL_CURVES
  6
Continuous
 62
     4
100
AcDbLine
 10
22.02830887954002
 20
120.25613914434
 30
0.0
 11
21.35811782977999
 21
120.25613914434
 31
0.0
  0
LINE
  5
C4F
330
2AF
100
AcDbEntity
  8
03___PRT_ALL_CURVES
  6
Continuous
 62
     4
100
AcDbLine
 10
16.18758536670001
 20
121.16336974542
 30
0.0
 11
17.42223716967999
 21
121.16336974542
 31
0.0
  0
LINE
  5
C50
330
2AF
100
AcDbEntity
  8
03___PRT_ALL_CURVES
  6
Continuous
 62
     4
100
AcDbLine
 10
18.21521140287999
 20
121.74999999964
 30
0.0
 11
16.18758536670001
 21
121.74999999964
 31
0.0
  0
LINE
  5
C51
330
2AF
100
AcDbEntity
  8
03___PRT_ALL_CURVES
  6
Continuous
 62
     4
100
AcDbLine
 10
12.8246930958
 20
121.74999999964
 30
0.0
 11
12.05047733664
 21
121.74999999964
 31
0.0
  0
LINE
  5
C52
330
2AF
100
AcDbEntity
  8
03___PRT_ALL_CURVES
  6
Continuous
 62
     4
100
AcDbLine
 10
10.83458386038001
 20
121.74999999964
 30
0.0
 11
9.992155504599992
 21
121.74999999964
 31
0.0
  0
LINE
  5
C53
330
2AF
100
AcDbEntity
  8
03___PRT_ALL_CURVES
  6
Continuous
 62
     4
100
AcDbLine
 10
22.63369656894
 20
121.79263311478
 30
0.0
 11
22.02830887954002
 21
121.79263311478
 31
0.0
  0
LINE
  5
C54
330
2AF
100
AcDbEntity
  8
06___PRT_ALL_SURFS
  6
Continuous
 62
     7
100
AcDbLine
 10
32.00000000038003
 20
123.20000000032
 30
0.0
 11
0.0
 21
123.20000000032
 31
0.0
  0
LINE
  5
C55
330
2AF
100
AcDbEntity
  8
0
  6
Continuous
 62
     7
100
AcDbLine
 10
32.25000000075997
 20
124.00000000052
 30
0.0
 11
-0.2500000003800267
 21
124.00000000052
 31
0.0
  0
LINE
  5
C56
330
2AF
100
AcDbEntity
  8
0
  6
Continuous
 62
     7
100
AcDbLine
 10
16.39999999902
 20
124.84999999978
 30
0.0
 11
15.59999999882001
 21
124.84999999978
 31
0.0
  0
LINE
  5
C57
330
2AF
100
AcDbEntity
  8
0
  6
Continuous
 62
     7
100
AcDbLine
 10
17.74999999904
 20
126.1999999998
 30
0.0
 11
16.39999999902
 21
126.1999999998
 31
0.0
  0
LINE
  5
C58
330
2AF
100
AcDbEntity
  8
0
  6
Continuous
 62
     7
100
AcDbLine
 10
14.24999999879995
 20
126.1999999998
 30
0.0
 11
15.59999999882001
 21
126.1999999998
 31
0.0
  0
LINE
  5
C59
330
2AF
100
AcDbEntity
  8
0
  6
Continuous
 62
     7
100
AcDbLine
 10
14.24999999879995
 20
127.0
 30
0.0
 11
15.59999999882001
 21
127.0
 31
0.0
  0
LINE
  5
C5A
330
2AF
100
AcDbEntity
  8
0
  6
Continuous
 62
     7
100
AcDbLine
 10
16.39999999902
 20
127.0
 30
0.0
 11
17.74999999904
 21
127.0
 31
0.0
  0
LINE
  5
C5B
330
2AF
100
AcDbEntity
  8
0
  6
Continuous
 62
     7
100
AcDbLine
 10
15.59999999882001
 20
128.35000000002
 30
0.0
 11
16.39999999902
 21
128.35000000002
 31
0.0
  0
LINE
  5
C5C
330
2AF
100
AcDbEntity
  8
02___PRT_ALL_AXES
  6
Continuous
 62
     7
100
AcDbLine
 10
32.00000000038003
 20
129.99999999948
 30
0.0
 11
0.0
 21
129.99999999948
 31
0.0
  0
LINE
  5
C5D
330
2AF
100
AcDbEntity
  8
06___PRT_ALL_SURFS
  6
Continuous
 62
     7
100
AcDbLine
 10
0.0
 20
129.99999999948
 30
0.0
 11
32.00000000038003
 21
129.99999999948
 31
0.0
  0
ARC
  5
C5E
330
2AF
100
AcDbEntity
  8
0
  6
Continuous
 62
     7
100
AcDbCircle
 10
7.299997960299976
 20
20.99999579773998
 30
0.0
 40
1.65000464004
100
AcDbArc
 50
303.0557108007
 51
56.9442891995
  0
ARC
  5
C5F
330
2AF
100
AcDbEntity
  8
0
  6
Continuous
 62
     7
100
AcDbCircle
 10
7.299997960299976
 20
24.49999579798001
 30
0.0
 40
1.65000464004
100
AcDbArc
 50
303.0557108007
 51
56.9442891995
  0
ARC
  5
C60
330
2AF
100
AcDbEntity
  8
0
  6
Continuous
 62
     7
100
AcDbCircle
 10
7.299997960299976
 20
27.99999579822
 30
0.0
 40
1.65000464004
100
AcDbArc
 50
303.0557108007
 51
56.9442891995
  0
ARC
  5
C61
330
2AF
100
AcDbEntity
  8
0
  6
Continuous
 62
     7
100
AcDbCircle
 10
7.299997960299976
 20
31.49999579845999
 30
0.0
 40
1.65000464004
100
AcDbArc
 50
303.0557108007
 51
56.9442891995
  0
ARC
  5
C62
330
2AF
100
AcDbEntity
  8
0
  6
Continuous
 62
     7
100
AcDbCircle
 10
7.299997960299976
 20
34.99999579869998
 30
0.0
 40
1.65000464004
100
AcDbArc
 50
303.0557108007
 51
56.9442891995
  0
ARC
  5
C63
330
2AF
100
AcDbEntity
  8
0
  6
Continuous
 62
     7
100
AcDbCircle
 10
7.299997960299976
 20
38.49999579893998
 30
0.0
 40
1.65000464004
100
AcDbArc
 50
303.0557108007
 51
56.9442891995
  0
ARC
  5
C64
330
2AF
100
AcDbEntity
  8
0
  6
Continuous
 62
     7
100
AcDbCircle
 10
7.299997960299976
 20
41.99999579918
 30
0.0
 40
1.65000464004
100
AcDbArc
 50
303.0557108007
 51
56.9442891995
  0
ARC
  5
C65
330
2AF
100
AcDbEntity
  8
0
  6
Continuous
 62
     7
100
AcDbCircle
 10
7.299997960299976
 20
45.49999579941999
 30
0.0
 40
1.65000464004
100
AcDbArc
 50
303.0557108007
 51
56.9442891995
  0
ARC
  5
C66
330
2AF
100
AcDbEntity
  8
0
  6
Continuous
 62
     7
100
AcDbCircle
 10
7.299997960299976
 20
48.99999579966001
 30
0.0
 40
1.65000464004
100
AcDbArc
 50
303.0557108007
 51
56.9442891995
  0
ARC
  5
C67
330
2AF
100
AcDbEntity
  8
0
  6
Continuous
 62
     7
100
AcDbCircle
 10
7.299997960299976
 20
52.49999579989998
 30
0.0
 40
1.65000464004
100
AcDbArc
 50
303.0557108007
 51
56.9442891995
  0
ARC
  5
C68
330
2AF
100
AcDbEntity
  8
0
  6
Continuous
 62
     7
100
AcDbCircle
 10
7.299997960299976
 20
55.99999579760001
 30
0.0
 40
1.65000464004
100
AcDbArc
 50
303.0557108007
 51
56.9442891995
  0
ARC
  5
C69
330
2AF
100
AcDbEntity
  8
0
  6
Continuous
 62
     7
100
AcDbCircle
 10
7.299997960299976
 20
59.49999579784
 30
0.0
 40
1.65000464004
100
AcDbArc
 50
303.0557108007
 51
56.9442891995
  0
ARC
  5
C6A
330
2AF
100
AcDbEntity
  8
0
  6
Continuous
 62
     7
100
AcDbCircle
 10
7.299997960299976
 20
62.99999579807999
 30
0.0
 40
1.65000464004
100
AcDbArc
 50
303.0557108007
 51
56.9442891995
  0
CIRCLE
  5
C6B
330
2AF
100
AcDbEntity
  8
0
  6
Continuous
 62
     7
100
AcDbCircle
 10
12.49999742057997
 20
17.50000034156
 30
0.0
 40
1.03349807016
  0
ARC
  5
C6C
330
2AF
100
AcDbEntity
  8
02___PRT_ALL_AXES
  6
Continuous
 62
     7
100
AcDbCircle
 10
7.899999998799956
 20
16.14999999864
 30
0.0
 40
0.9999999989799999
100
AcDbArc
 50
180.0
 51
270.0
  0
ARC
  5
C6D
330
2AF
100
AcDbEntity
  8
0
  6
Continuous
 62
     7
100
AcDbCircle
 10
7.299997960299976
 20
66.49999579831999
 30
0.0
 40
1.65000464004
100
AcDbArc
 50
303.0557108007
 51
56.9442891995
  0
ARC
  5
C6E
330
2AF
100
AcDbEntity
  8
0
  6
Continuous
 62
     7
100
AcDbCircle
 10
7.299997960299976
 20
69.99999579856001
 30
0.0
 40
1.65000464004
100
AcDbArc
 50
303.0557108007
 51
56.9442891995
  0
ARC
  5
C6F
330
2AF
100
AcDbEntity
  8
0
  6
Continuous
 62
     7
100
AcDbCircle
 10
7.299997960299976
 20
73.4999957988
 30
0.0
 40
1.65000464004
100
AcDbArc
 50
303.0557108007
 51
56.9442891995
  0
ARC
  5
C70
330
2AF
100
AcDbEntity
  8
0
  6
Continuous
 62
     7
100
AcDbCircle
 10
7.299997960299976
 20
76.99999579904
 30
0.0
 40
1.65000464004
100
AcDbArc
 50
303.0557107989
 51
56.94428919769997
  0
ARC
  5
C71
330
2AF
100
AcDbEntity
  8
0
  6
Continuous
 62
     7
100
AcDbCircle
 10
7.299997960299976
 20
80.49999579927999
 30
0.0
 40
1.65000464004
100
AcDbArc
 50
303.0557107989
 51
56.94428916620006
  0
CIRCLE
  5
C72
330
2AF
100
AcDbEntity
  8
0
  6
Continuous
 62
     7
100
AcDbCircle
 10
12.49999742057997
 20
83.99999967302
 30
0.0
 40
1.03349807016
  0
ARC
  5
C73
330
2AF
100
AcDbEntity
  8
02___PRT_ALL_AXES
  6
Continuous
 62
     7
100
AcDbCircle
 10
7.899999998799956
 20
85.35000000069999
 30
0.0
 40
0.9999999989799999
100
AcDbArc
 50
90.0
 51
180.0
  0
ARC
  5
C74
330
2AF
100
AcDbEntity
  8
0
  6
Continuous
 62
     7
100
AcDbCircle
 10
1.54999999879999
 20
92.80000000033999
 30
0.0
 40
0.9999999989799999
100
AcDbArc
 50
245.5491792547
 51
270.0
  0
ARC
  5
C75
330
2AF
100
AcDbEntity
  8
0
  6
Continuous
 62
     7
100
AcDbCircle
 10
1.54999999879999
 20
115.99999999852
 30
0.0
 40
0.9999999989799999
100
AcDbArc
 50
90.0
 51
114.4508207454
  0
ARC
  5
C76
330
2AF
100
AcDbEntity
  8
0
  6
Continuous
 62
     7
100
AcDbCircle
 10
15.99999999891998
 20
3.399999999580004
 30
0.0
 40
2.84999999976
100
AcDbArc
 50
113.7203254665
 51
66.27967453810001
  0
ARC
  5
C77
330
2AF
100
AcDbEntity
  8
0
  6
Continuous
 62
     7
100
AcDbCircle
 10
15.99999999891998
 20
3.399999999580004
 30
0.0
 40
2.7499999991
100
AcDbArc
 50
108.8395913588
 51
71.16040866799997
  0
CIRCLE
  5
C78
330
2AF
100
AcDbEntity
  8
06___PRT_ALL_SURFS
  6
Continuous
 62
     7
100
AcDbCircle
 10
15.99999999891998
 20
3.399999999580004
 30
0.0
 40
1.6000000004
  0
ARC
  5
C79
330
2AF
100
AcDbEntity
  8
03___PRT_ALL_CURVES
  6
Continuous
 62
     4
100
AcDbCircle
 10
22.72014611664
 20
52.84695974147999
 30
0.0
 40
1.07083423628
100
AcDbArc
 50
270.0060547738
 51
282.0043750055
  0
ARC
  5
C7A
330
2AF
100
AcDbEntity
  8
03___PRT_ALL_CURVES
  6
Continuous
 62
     4
100
AcDbCircle
 10
22.77410246288002
 20
35.34695974028
 30
0.0
 40
1.07083423628
100
AcDbArc
 50
270.0060547738
 51
282.0043750054
  0
ARC
  5
C7B
330
2AF
100
AcDbEntity
  8
02___PRT_ALL_AXES
  6
Continuous
 62
     7
100
AcDbCircle
 10
17.59999999932
 20
16.14999999864
 30
0.0
 40
0.9999999989799999
100
AcDbArc
 50
270.0
 51
0.0
  0
ARC
  5
C7C
330
2AF
100
AcDbEntity
  8
0
  6
Continuous
 62
     7
100
AcDbCircle
 10
15.99999999891998
 20
126.5999999999
 30
0.0
 40
2.84999999976
100
AcDbArc
 50
293.7203254654
 51
246.2796745504
  0
ARC
  5
C7D
330
2AF
100
AcDbEntity
  8
0
  6
Continuous
 62
     7
100
AcDbCircle
 10
15.99999999891998
 20
126.5999999999
 30
0.0
 40
2.7499999991
100
AcDbArc
 50
288.8395913588
 51
251.160408668
  0
ARC
  5
C7E
330
2AF
100
AcDbEntity
  8
03___PRT_ALL_CURVES
  6
Continuous
 62
     4
100
AcDbCircle
 10
19.54004278673997
 20
121.11957380558
 30
0.0
 40
1.9122068309
100
AcDbArc
 50
270.0060681574
 51
282.0043791568
  0
CIRCLE
  5
C7F
330
2AF
100
AcDbEntity
  8
06___PRT_ALL_SURFS
  6
Continuous
 62
     7
100
AcDbCircle
 10
15.99999999891998
 20
126.5999999999
 30
0.0
 40
1.6000000004
  0
ARC
  5
C80
330
2AF
100
AcDbEntity
  8
03___PRT_ALL_CURVES
  6
Continuous
 62
     4
100
AcDbCircle
 10
22.75977777219998
 20
70.34695974268001
 30
0.0
 40
1.07083423628
100
AcDbArc
 50
270.0060547738
 51
282.0043750055
  0
ARC
  5
C81
330
2AF
100
AcDbEntity
  8
02___PRT_ALL_AXES
  6
Continuous
 62
     7
100
AcDbCircle
 10
17.59999999932
 20
85.35000000069999
 30
0.0
 40
0.9999999989799999
100
AcDbArc
 50
0.0
 51
90.0
  0
ARC
  5
C82
330
2AF
100
AcDbEntity
  8
0
  6
Continuous
 62
     7
100
AcDbCircle
 10
30.44999999904002
 20
115.99999999852
 30
0.0
 40
0.9999999989799999
100
AcDbArc
 50
65.54917925459998
 51
90.0
  0
ARC
  5
C83
330
2AF
100
AcDbEntity
  8
0
  6
Continuous
 62
     7
100
AcDbCircle
 10
30.44999999904002
 20
92.80000000033999
 30
0.0
 40
0.9999999989799999
100
AcDbArc
 50
270.0
 51
294.4508207453
  0
ENDSEC
  0
SECTION
  2
OBJECTS
  0
DICTIONARY
  5
C
330
0
100
AcDbDictionary
281
     1
  3
ACAD_CIP_PREVIOUS_PRODUCT_INFO
350
CE0
  3
ACAD_COLOR
350
CBA
  3
ACAD_DETAILVIEWSTYLE
350
CD3
  3
ACAD_GROUP
350
D
  3
ACAD_LAYOUT
350
1A
  3
ACAD_MATERIAL
350
C88
  3
ACAD_MLEADERSTYLE
350
CCF
  3
ACAD_MLINESTYLE
350
17
  3
ACAD_PLOTSETTINGS
350
19
  3
ACAD_PLOTSTYLENAME
350
E
  3
ACAD_SCALELIST
350
CBD
  3
ACAD_SECTIONVIEWSTYLE
350
CD1
  3
ACAD_TABLESTYLE
350
CBB
  3
ACAD_VISUALSTYLE
350
CA1
  3
ACDB_RECOMPOSE_DATA
350
CED
  3
AcDbVariableDictionary
350
CD5
  0
DICTIONARY
  5
CE4
330
2
100
AcDbDictionary
280
     1
281
     1
  3
ACAD_LAYERSTATES
360
CE5
  0
XRECORD
  5
CE0
102
{ACAD_REACTORS
330
C
102
}
330
C
100
AcDbXrecord
280
     1
300
ACD
300
2018
300
ACD_F_S
  0
DICTIONARY
  5
CBA
102
{ACAD_REACTORS
330
C
102
}
330
C
100
AcDbDictionary
281
     1
  0
DICTIONARY
  5
CD3
102
{ACAD_REACTORS
330
C
102
}
330
C
100
AcDbDictionary
281
     1
  3
Imperial24
350
CD4
  0
DICTIONARY
  5
D
102
{ACAD_REACTORS
330
C
102
}
330
C
100
AcDbDictionary
281
     1
  0
DICTIONARY
  5
1A
102
{ACAD_REACTORS
330
C
102
}
330
C
100
AcDbDictionary
281
     1
  3
Layout1
350
C85
  3
Model
350
C84
  0
DICTIONARY
  5
C88
102
{ACAD_REACTORS
330
C
102
}
330
C
100
AcDbDictionary
281
     1
  3
ByBlock
350
C91
  3
ByLayer
350
C89
  3
Global
350
C99
  0
DICTIONARY
  5
CCF
102
{ACAD_REACTORS
330
C
102
}
330
C
100
AcDbDictionary
281
     1
  3
Standard
350
CD0
  0
DICTIONARY
  5
17
102
{ACAD_REACTORS
330
C
102
}
330
C
100
AcDbDictionary
281
     1
  3
Standard
350
18
  0
DICTIONARY
  5
19
102
{ACAD_REACTORS
330
C
102
}
330
C
100
AcDbDictionary
281
     1
  0
ACDBDICTIONARYWDFLT
  5
E
102
{ACAD_REACTORS
330
C
102
}
330
C
100
AcDbDictionary
281
     1
  3
Normal
350
F
100
AcDbDictionaryWithDefault
340
F
  0
DICTIONARY
  5
CBD
102
{ACAD_REACTORS
330
C
102
}
330
C
100
AcDbDictionary
281
     1
  3
A0
350
CBE
  3
A1
350
CBF
  3
A2
350
CC0
  3
A3
350
CC1
  3
A4
350
CC2
  3
A5
350
CC3
  3
A6
350
CC4
  3
A7
350
CC5
  3
A8
350
CC6
  3
A9
350
CC7
  3
B0
350
CC8
  3
B1
350
CC9
  3
B2
350
CCA
  3
B3
350
CCB
  3
B4
350
CCC
  3
B5
350
CCD
  3
B6
350
CCE
  0
DICTIONARY
  5
CD1
102
{ACAD_REACTORS
330
C
102
}
330
C
100
AcDbDictionary
281
     1
  3
Imperial24
350
CD2
  0
DICTIONARY
  5
CBB
102
{ACAD_REACTORS
330
C
102
}
330
C
100
AcDbDictionary
281
     1
  3
Standard
350
CBC
  0
DICTIONARY
  5
CA1
102
{ACAD_REACTORS
330
C
102
}
330
C
100
AcDbDictionary
281
     1
  3
2dWireframe
350
CA7
  3
Basic
350
CA6
  3
Brighten
350
CAD
  3
ColorChange
350
CB1
  3
Conceptual
350
CAA
  3
Dim
350
CAC
  3
EdgeColorOff
350
CB9
  3
Facepattern
350
CB0
  3
Flat
350
CA2
  3
FlatWithEdges
350
CA3
  3
Gouraud
350
CA4
  3
GouraudWithEdges
350
CA5
  3
Hidden
350
CA9
  3
JitterOff
350
CB7
  3
Linepattern
350
CAF
  3
OverhangOff
350
CB8
  3
Realistic
350
CAB
  3
Shaded
350
CB6
  3
Shaded with edges
350
CB5
  3
Shades of Gray
350
CB2
  3
Sketchy
350
CB3
  3
Thicken
350
CAE
  3
Wireframe
350
CA8
  3
X-Ray
350
CB4
  0
XRECORD
  5
CED
102
{ACAD_REACTORS
330
C
102
}
330
C
100
AcDbXrecord
280
     1
 90
        1
330
CBC
  0
DICTIONARY
  5
CD5
102
{ACAD_REACTORS
330
C
102
}
330
C
100
AcDbDictionary
281
     1
  3
CANNOSCALE
350
CDA
  3
CMLEADERSTYLE
350
CD7
  3
CTABLESTYLE
350
CD6
  3
CVIEWDETAILSTYLE
350
CD8
  3
CVIEWSECTIONSTYLE
350
CD9
  0
DICTIONARY
  5
CE5
102
{ACAD_REACTORS
330
CE4
102
}
330
CE4
100
AcDbDictionary
281
     1
  0
ACDBDETAILVIEWSTYLE
  5
CD4
102
{ACAD_REACTORS
330
CD3
102
}
330
CD3
100
AcDbModelDocViewStyle
 70
     0
  3
Imperial24
290
     0
300
Imperial24
 90
        0
100
AcDbDetailViewStyle
 70
     0
 71
     0
 90
        3
 71
     1
340
11
 62
   256
 40
0.24
340
0
 62
   256
 40
0.24
300

 40
0.36
280
     3
 71
     2
340
16
 90
       25
 62
   256
 71
     3
340
11
 62
   256
 40
0.24
 90
        1
 40
0.75
 90
        1
300
%<\AcVar ViewType \f "%tc1">% %<\AcVar ViewDetailId>%\PSCALE %<\AcVar ViewScale \f "%sn">%
 71
     4
340
16
 90
       25
 62
   256
340
16
 90
       25
 62
   256
280
     0
  0
LAYOUT
  5
C85
102
{ACAD_REACTORS
330
1A
102
}
330
1A
100
AcDbPlotSettings
  1

  2
none_device
  4
ANSI_C_(22.00_x_17.00_Inches)
  6

 40
0.0
 41
0.0
 42
0.0
 43
0.0
 44
558.8
 45
431.8
 46
0.0
 47
0.0
 48
0.0
 49
0.0
140
0.0
141
0.0
142
1.0
143
1.0
 70
     0
 72
     0
 73
     0
 74
     0
  7

 75
     0
 76
     0
 77
     2
 78
   300
147
1.0
148
0.0
149
0.0
100
AcDbLayout
  1
Layout1
 70
     1
 71
     1
 10
0.0
 20
0.0
 11
12.0
 21
9.0
 12
0.0
 22
0.0
 32
0.0
 14
1.000000000000000E+20
 24
1.000000000000000E+20
 34
1.000000000000000E+20
 15
-1.000000000000000E+20
 25
-1.000000000000000E+20
 35
-1.000000000000000E+20
146
0.0
 13
0.0
 23
0.0
 33
0.0
 16
1.0
 26
0.0
 36
0.0
 17
0.0
 27
1.0
 37
0.0
 76
     0
330
2B0
  0
LAYOUT
  5
C84
102
{ACAD_REACTORS
330
1A
102
}
330
1A
100
AcDbPlotSettings
  1

  2
none_device
  4
ANSI_C_(22.00_x_17.00_Inches)
  6

 40
0.0
 41
0.0
 42
0.0
 43
0.0
 44
558.8
 45
431.8
 46
0.0
 47
0.0
 48
0.0
 49
0.0
140
0.0
141
0.0
142
1.0
143
1.0
 70
  1024
 72
     0
 73
     0
 74
     0
  7

 75
     0
 76
     0
 77
     2
 78
   300
147
1.0
148
0.0
149
0.0
100
AcDbLayout
  1
Model
 70
     0
 71
     0
 10
0.0
 20
0.0
 11
22.0
 21
17.0
 12
0.0
 22
0.0
 32
0.0
 14
0.0
 24
0.0
 34
0.0
 15
0.0
 25
0.0
 35
0.0
146
0.0
 13
0.0
 23
0.0
 33
0.0
 16
1.0
 26
0.0
 36
0.0
 17
0.0
 27
1.0
 37
0.0
 76
     0
330
2AF
331
1F4
  0
MATERIAL
  5
C91
102
{ACAD_REACTORS
330
C88
102
}
330
C88
100
AcDbMaterial
  1
ByBlock
 72
     0
 73
     2
 43
0.0208333333333333
 43
0.0
 43
0.0
 43
0.0
 43
0.0
 43
0.0208333333333333
 43
0.0
 43
0.0
 43
0.0
 43
0.0
 43
1.0
 43
0.0
 43
0.0
 43
0.0
 43
0.0
 43
1.0
 77
     0
 78
     2
 47
0.0208333333333333
 47
0.0
 47
0.0
 47
0.0
 47
0.0
 47
0.0208333333333333
 47
0.0
 47
0.0
 47
0.0
 47
0.0
 47
1.0
 47
0.0
 47
0.0
 47
0.0
 47
0.0
 47
1.0
171
     0
172
     2
 49
0.0208333333333333
 49
0.0
 49
0.0
 49
0.0
 49
0.0
 49
0.0208333333333333
 49
0.0
 49
0.0
 49
0.0
 49
0.0
 49
1.0
 49
0.0
 49
0.0
 49
0.0
 49
0.0
 49
1.0
175
     0
176
     2
142
0.0208333333333333
142
0.0
142
0.0
142
0.0
142
0.0
142
0.0208333333333333
142
0.0
142
0.0
142
0.0
142
0.0
142
1.0
142
0.0
142
0.0
142
0.0
142
0.0
142
1.0
179
     0
270
     2
144
0.0208333333333333
144
0.0
144
0.0
144
0.0
144
0.0
144
0.0208333333333333
144
0.0
144
0.0
144
0.0
144
0.0
144
1.0
144
0.0
144
0.0
144
0.0
144
0.0
144
1.0
274
     2
147
0.0208333333333333
147
0.0
147
0.0
147
0.0
147
0.0
147
0.0208333333333333
147
0.0
147
0.0
147
0.0
147
0.0
147
1.0
147
0.0
147
0.0
147
0.0
147
0.0
147
1.0
 94
      127
  0
MATERIAL
  5
C89
102
{ACAD_REACTORS
330
C88
102
}
330
C88
100
AcDbMaterial
  1
ByLayer
 72
     0
 73
     2
 43
0.0208333333333333
 43
0.0
 43
0.0
 43
0.0
 43
0.0
 43
0.0208333333333333
 43
0.0
 43
0.0
 43
0.0
 43
0.0
 43
1.0
 43
0.0
 43
0.0
 43
0.0
 43
0.0
 43
1.0
 77
     0
 78
     2
 47
0.0208333333333333
 47
0.0
 47
0.0
 47
0.0
 47
0.0
 47
0.0208333333333333
 47
0.0
 47
0.0
 47
0.0
 47
0.0
 47
1.0
 47
0.0
 47
0.0
 47
0.0
 47
0.0
 47
1.0
171
     0
172
     2
 49
0.0208333333333333
 49
0.0
 49
0.0
 49
0.0
 49
0.0
 49
0.0208333333333333
 49
0.0
 49
0.0
 49
0.0
 49
0.0
 49
1.0
 49
0.0
 49
0.0
 49
0.0
 49
0.0
 49
1.0
175
     0
176
     2
142
0.0208333333333333
142
0.0
142
0.0
142
0.0
142
0.0
142
0.0208333333333333
142
0.0
142
0.0
142
0.0
142
0.0
142
1.0
142
0.0
142
0.0
142
0.0
142
0.0
142
1.0
179
     0
270
     2
144
0.0208333333333333
144
0.0
144
0.0
144
0.0
144
0.0
144
0.0208333333333333
144
0.0
144
0.0
144
0.0
144
0.0
144
1.0
144
0.0
144
0.0
144
0.0
144
0.0
144
1.0
274
     2
147
0.0208333333333333
147
0.0
147
0.0
147
0.0
147
0.0
147
0.0208333333333333
147
0.0
147
0.0
147
0.0
147
0.0
147
1.0
147
0.0
147
0.0
147
0.0
147
0.0
147
1.0
 94
      127
  0
MATERIAL
  5
C99
102
{ACAD_REACTORS
330
C88
102
}
330
C88
100
AcDbMaterial
  1
Global
 72
     0
 73
     2
 43
0.0208333333333333
 43
0.0
 43
0.0
 43
0.0
 43
0.0
 43
0.0208333333333333
 43
0.0
 43
0.0
 43
0.0
 43
0.0
 43
1.0
 43
0.0
 43
0.0
 43
0.0
 43
0.0
 43
1.0
 77
     0
 78
     2
 47
0.0208333333333333
 47
0.0
 47
0.0
 47
0.0
 47
0.0
 47
0.0208333333333333
 47
0.0
 47
0.0
 47
0.0
 47
0.0
 47
1.0
 47
0.0
 47
0.0
 47
0.0
 47
0.0
 47
1.0
171
     0
172
     2
 49
0.0208333333333333
 49
0.0
 49
0.0
 49
0.0
 49
0.0
 49
0.0208333333333333
 49
0.0
 49
0.0
 49
0.0
 49
0.0
 49
1.0
 49
0.0
 49
0.0
 49
0.0
 49
0.0
 49
1.0
175
     0
176
     2
142
0.0208333333333333
142
0.0
142
0.0
142
0.0
142
0.0
142
0.0208333333333333
142
0.0
142
0.0
142
0.0
142
0.0
142
1.0
142
0.0
142
0.0
142
0.0
142
0.0
142
1.0
179
     0
270
     2
144
0.0208333333333333
144
0.0
144
0.0
144
0.0
144
0.0
144
0.0208333333333333
144
0.0
144
0.0
144
0.0
144
0.0
144
1.0
144
0.0
144
0.0
144
0.0
144
0.0
144
1.0
274
     2
147
0.0208333333333333
147
0.0
147
0.0
147
0.0
147
0.0
147
0.0208333333333333
147
0.0
147
0.0
147
0.0
147
0.0
147
1.0
147
0.0
147
0.0
147
0.0
147
0.0
147
1.0
 94
      127
  0
MLEADERSTYLE
  5
CD0
102
{ACAD_REACTORS
330
CCF
102
}
330
CCF
100
AcDbMLeaderStyle
179
     2
170
     2
171
     1
172
     0
 90
        2
 40
0.0
 41
0.0
173
     1
 91
-1056964608
340
14
 92
       -2
290
     1
 42
0.09
291
     1
 43
0.36
  3
Standard
341
0
 44
0.18
300

342
11
174
     1
178
     6
175
     1
176
     0
 93
-1056964608
 45
0.18
292
     0
297
     0
 46
0.18
343
0
 94
-1056964608
 47
1.0
 49
1.0
140
1.0
293
     1
141
0.0
294
     1
177
     0
142
1.0
295
     0
296
     0
143
0.125
271
     0
272
     9
273
     9
298
     1
  0
MLINESTYLE
  5
18
102
{ACAD_REACTORS
330
17
102
}
330
17
100
AcDbMlineStyle
  2
STANDARD
 70
     0
  3

 62
   256
 51
90.0
 52
90.0
 71
     2
 49
0.5
 62
   256
  6
BYLAYER
 49
-0.5
 62
   256
  6
BYLAYER
  0
ACDBPLACEHOLDER
  5
F
102
{ACAD_REACTORS
330
E
102
}
330
E
  0
SCALE
  5
CBE
102
{ACAD_REACTORS
330
CBD
102
}
330
CBD
100
AcDbScale
 70
     0
300
1:1
140
1.0
141
1.0
290
     1
  0
SCALE
  5
CBF
102
{ACAD_REACTORS
330
CBD
102
}
330
CBD
100
AcDbScale
 70
     0
300
1/128" = 1'-0"
140
0.0078125
141
12.0
290
     0
  0
SCALE
  5
CC0
102
{ACAD_REACTORS
330
CBD
102
}
330
CBD
100
AcDbScale
 70
     0
300
1/64" = 1'-0"
140
0.015625
141
12.0
290
     0
  0
SCALE
  5
CC1
102
{ACAD_REACTORS
330
CBD
102
}
330
CBD
100
AcDbScale
 70
     0
300
1/32" = 1'-0"
140
0.03125
141
12.0
290
     0
  0
SCALE
  5
CC2
102
{ACAD_REACTORS
330
CBD
102
}
330
CBD
100
AcDbScale
 70
     0
300
1/16" = 1'-0"
140
0.0625
141
12.0
290
     0
  0
SCALE
  5
CC3
102
{ACAD_REACTORS
330
CBD
102
}
330
CBD
100
AcDbScale
 70
     0
300
3/32" = 1'-0"
140
0.09375
141
12.0
290
     0
  0
SCALE
  5
CC4
102
{ACAD_REACTORS
330
CBD
102
}
330
CBD
100
AcDbScale
 70
     0
300
1/8" = 1'-0"
140
0.125
141
12.0
290
     0
  0
SCALE
  5
CC5
102
{ACAD_REACTORS
330
CBD
102
}
330
CBD
100
AcDbScale
 70
     0
300
3/16" = 1'-0"
140
0.1875
141
12.0
290
     0
  0
SCALE
  5
CC6
102
{ACAD_REACTORS
330
CBD
102
}
330
CBD
100
AcDbScale
 70
     0
300
1/4" = 1'-0"
140
0.25
141
12.0
290
     0
  0
SCALE
  5
CC7
102
{ACAD_REACTORS
330
CBD
102
}
330
CBD
100
AcDbScale
 70
     0
300
3/8" = 1'-0"
140
0.375
141
12.0
290
     0
  0
SCALE
  5
CC8
102
{ACAD_REACTORS
330
CBD
102
}
330
CBD
100
AcDbScale
 70
     0
300
1/2" = 1'-0"
140
0.5
141
12.0
290
     0
  0
SCALE
  5
CC9
102
{ACAD_REACTORS
330
CBD
102
}
330
CBD
100
AcDbScale
 70
     0
300
3/4" = 1'-0"
140
0.75
141
12.0
290
     0
  0
SCALE
  5
CCA
102
{ACAD_REACTORS
330
CBD
102
}
330
CBD
100
AcDbScale
 70
     0
300
1" = 1'-0"
140
1.0
141
12.0
290
     0
  0
SCALE
  5
CCB
102
{ACAD_REACTORS
330
CBD
102
}
330
CBD
100
AcDbScale
 70
     0
300
1-1/2" = 1'-0"
140
1.5
141
12.0
290
     0
  0
SCALE
  5
CCC
102
{ACAD_REACTORS
330
CBD
102
}
330
CBD
100
AcDbScale
 70
     0
300
3" = 1'-0"
140
3.0
141
12.0
290
     0
  0
SCALE
  5
CCD
102
{ACAD_REACTORS
330
CBD
102
}
330
CBD
100
AcDbScale
 70
     0
300
6" = 1'-0"
140
6.0
141
12.0
290
     0
  0
SCALE
  5
CCE
102
{ACAD_REACTORS
330
CBD
102
}
330
CBD
100
AcDbScale
 70
     0
300
1'-0" = 1'-0"
140
12.0
141
12.0
290
     0
  0
ACDBSECTIONVIEWSTYLE
  5
CD2
102
{ACAD_REACTORS
330
CD1
102
}
330
CD1
100
AcDbModelDocViewStyle
 70
     0
  3
Imperial24
290
     0
300
Imperial24
 90
        0
100
AcDbSectionViewStyle
 70
     0
 71
     0
 90
       78
 71
     1
340
11
 62
   256
 40
0.24
340
0
340
0
 62
   256
 40
0.24
300
I, O, Q, S, X, Z
 40
0.48
 90
        3
 40
0.18
 90
        1
 71
     2
340
16
 90
       25
 62
   256
340
16
 90
       50
 62
   256
 40
0.24
 40
0.0
 40
0.24
 71
     3
340
11
 62
   256
 40
0.24
 90
        1
 40
0.75
 90
        1
300
%<\AcVar ViewType \f "%tc1">% %<\AcVar ViewSectionStartId>%-%<\AcVar ViewSectionEndId>%\PSCALE %<\AcVar ViewScale \f "%sn">%
 71
     4
 62
   256
 62
   257
300
ANSI31
 40
1.0
 90
        0
290
     0
290
     0
 90
        6
 40
0.0
 40
1.570796326794897
 40
0.2617993877991494
 40
1.308996938995747
 40
-0.2617993877991494
 40
1.832595714594046
  0
TABLESTYLE
  5
CBC
102
{ACAD_REACTORS
330
CBB
102
}
102
{ACAD_XDICTIONARY
360
CEB
102
}
330
CBB
100
AcDbTableStyle
  3
Standard
 70
     0
 71
     0
 40
0.06
 41
0.06
280
     0
281
     0
  7
STANDARD
140
0.18
170
     2
 62
     0
 63
   257
283
     0
 90
      512
 91
        0
  1

274
    -2
284
     1
 64
     0
275
    -2
285
     1
 65
     0
276
    -2
286
     1
 66
     0
277
    -2
287
     1
 67
     0
278
    -2
288
     1
 68
     0
279
    -2
289
     1
 69
     0
  7
STANDARD
140
0.25
170
     5
 62
     0
 63
   257
283
     0
 90
      512
 91
        0
  1

274
    -2
284
     1
 64
     0
275
    -2
285
     1
 65
     0
276
    -2
286
     1
 66
     0
277
    -2
287
     1
 67
     0
278
    -2
288
     1
 68
     0
279
    -2
289
     1
 69
     0
  7
STANDARD
140
0.18
170
     5
 62
     0
 63
   257
283
     0
 90
      512
 91
        0
  1

274
    -2
284
     1
 64
     0
275
    -2
285
     1
 65
     0
276
    -2
286
     1
 66
     0
277
    -2
287
     1
 67
     0
278
    -2
288
     1
 68
     0
279
    -2
289
     1
 69
     0
  0
VISUALSTYLE
  5
CA7
102
{ACAD_REACTORS
330
CA1
102
}
330
CA1
100
AcDbVisualStyle
  2
2dWireframe
 70
     4
177
     3
291
     0
 70
    58
 90
        0
176
     1
 90
        2
176
     1
 90
        0
176
     1
 90
        0
176
     1
 40
0.6
176
     1
 40
30.0
176
     1
 62
     7
420
 16777215
176
     1
 90
        1
176
     1
 90
        4
176
     1
 62
     7
176
     1
 62
   257
176
     1
 90
        1
176
     1
 90
        1
176
     1
 40
1.0
176
     1
 90
        0
176
     1
 62
   257
176
     1
 40
1.0
176
     1
 90
        1
176
     1
 90
        6
176
     1
 90
        2
176
     1
 62
     7
176
     1
 90
        5
176
     1
 90
        0
176
     1
 90
        0
176
     1
290
     0
176
     1
 90
        1
176
     1
 40
0.0
176
     1
 90
        0
176
     1
290
     1
176
     1
290
     1
176
     1
290
     0
176
     1
290
     0
176
     1
290
     0
176
     1
290
     0
176
     1
290
     0
176
     1
290
     0
176
     1
290
     0
176
     1
 90
       50
176
     1
 40
0.0
176
     1
 40
1.0
176
     1
 90
        0
176
     1
 62
    18
420
        0
176
     1
 90
       50
176
     1
 90
        3
176
     1
 62
     5
420
      255
176
     1
290
     0
176
     1
 90
       50
176
     1
 90
       50
176
     1
 90
       50
176
     1
290
     0
176
     1
 90
       50
176
     1
 62
   256
176
     0
 40
1.0
176
     0
 90
        2
176
     1
  1
strokes_ogs.tif
176
     1
290
     0
176
     1
 40
1.0
176
     1
 40
1.0
176
     1
  0
VISUALSTYLE
  5
CA6
102
{ACAD_REACTORS
330
CA1
102
}
330
CA1
100
AcDbVisualStyle
  2
Basic
 70
     7
177
     3
291
     1
 70
    58
 90
        1
176
     1
 90
        0
176
     1
 90
        1
176
     1
 90
        0
176
     1
 40
0.6
176
     1
 40
30.0
176
     1
 62
     7
420
 16777215
176
     1
 90
        0
176
     1
 90
        4
176
     1
 62
     7
176
     1
 62
   257
176
     1
 90
        1
176
     1
 90
        1
176
     1
 40
1.0
176
     1
 90
        8
176
     1
 62
     7
176
     1
 40
1.0
176
     1
 90
        1
176
     1
 90
        6
176
     1
 90
        2
176
     1
 62
     7
176
     1
 90
        5
176
     1
 90
        0
176
     1
 90
        0
176
     1
290
     0
176
     1
 90
        1
176
     1
 40
0.0
176
     1
 90
        0
176
     1
290
     0
176
     1
290
     1
176
     1
290
     1
176
     1
290
     0
176
     1
290
     0
176
     1
290
     0
176
     1
290
     0
176
     1
290
     0
176
     1
290
     0
176
     1
 90
       50
176
     1
 40
0.0
176
     1
 40
1.0
176
     1
 90
        0
176
     1
 62
    18
420
        0
176
     1
 90
       50
176
     1
 90
        3
176
     1
 62
     5
420
      255
176
     1
290
     0
176
     1
 90
       50
176
     1
 90
       50
176
     1
 90
       50
176
     1
290
     0
176
     1
 90
       50
176
     1
 62
   256
176
     0
 40
1.0
176
     0
 90
        2
176
     1
  1
strokes_ogs.tif
176
     1
290
     0
176
     1
 40
1.0
176
     1
 40
1.0
176
     1
  0
VISUALSTYLE
  5
CAD
102
{ACAD_REACTORS
330
CA1
102
}
330
CA1
100
AcDbVisualStyle
  2
Brighten
 70
    12
177
     3
291
     1
 70
    58
 90
        2
176
     1
 90
        2
176
     1
 90
        0
176
     1
 90
        0
176
     1
 40
0.6
176
     1
 40
30.0
176
     1
 62
     7
420
 16777215
176
     1
 90
        1
176
     1
 90
        4
176
     1
 62
     7
176
     1
 62
   257
176
     1
 90
        1
176
     1
 90
        1
176
     1
 40
1.0
176
     1
 90
        8
176
     1
 62
     7
176
     1
 40
1.0
176
     1
 90
        1
176
     1
 90
        6
176
     1
 90
        2
176
     1
 62
     7
176
     1
 90
        5
176
     1
 90
        0
176
     1
 90
        0
176
     1
290
     0
176
     1
 90
        1
176
     1
 40
50.0
176
     1
 90
        0
176
     1
290
     0
176
     1
290
     1
176
     1
290
     1
176
     1
290
     0
176
     1
290
     0
176
     1
290
     0
176
     1
290
     0
176
     1
290
     0
176
     1
290
     0
176
     1
 90
       50
176
     1
 40
0.0
176
     1
 40
1.0
176
     1
 90
        0
176
     1
 62
    18
420
        0
176
     1
 90
       50
176
     1
 90
        3
176
     1
 62
     5
420
      255
176
     1
290
     0
176
     1
 90
       50
176
     1
 90
       50
176
     1
 90
       50
176
     1
290
     0
176
     1
 90
       50
176
     1
 62
   256
176
     0
 40
1.0
176
     0
 90
        2
176
     1
  1
strokes_ogs.tif
176
     1
290
     0
176
     1
 40
1.0
176
     1
 40
1.0
176
     1
  0
VISUALSTYLE
  5
CB1
102
{ACAD_REACTORS
330
CA1
102
}
330
CA1
100
AcDbVisualStyle
  2
ColorChange
 70
    16
177
     3
291
     1
 70
    58
 90
        2
176
     1
 90
        2
176
     1
 90
        3
176
     1
 90
        0
176
     1
 40
0.6
176
     1
 40
30.0
176
     1
 62
     8
420
  8421504
176
     1
 90
        1
176
     1
 90
        4
176
     1
 62
     7
176
     1
 62
   257
176
     1
 90
        1
176
     1
 90
        1
176
     1
 40
1.0
176
     1
 90
        8
176
     1
 62
     8
420
  8421504
176
     1
 40
1.0
176
     1
 90
        1
176
     1
 90
        6
176
     1
 90
        2
176
     1
 62
     7
176
     1
 90
        5
176
     1
 90
        0
176
     1
 90
        0
176
     1
290
     0
176
     1
 90
        1
176
     1
 40
0.0
176
     1
 90
        0
176
     1
290
     0
176
     1
290
     1
176
     1
290
     1
176
     1
290
     0
176
     1
290
     0
176
     1
290
     0
176
     1
290
     0
176
     1
290
     0
176
     1
290
     0
176
     1
 90
       50
176
     1
 40
0.0
176
     1
 40
1.0
176
     1
 90
        0
176
     1
 62
    18
420
        0
176
     1
 90
       50
176
     1
 90
        3
176
     1
 62
     5
420
      255
176
     1
290
     0
176
     1
 90
       50
176
     1
 90
       50
176
     1
 90
       50
176
     1
290
     0
176
     1
 90
       50
176
     1
 62
   256
176
     0
 40
1.0
176
     0
 90
        2
176
     1
  1
strokes_ogs.tif
176
     1
290
     0
176
     1
 40
1.0
176
     1
 40
1.0
176
     1
  0
VISUALSTYLE
  5
CAA
102
{ACAD_REACTORS
330
CA1
102
}
330
CA1
100
AcDbVisualStyle
  2
Conceptual
 70
     9
177
     3
291
     0
 70
    58
 90
        3
176
     1
 90
        2
176
     1
 90
        0
176
     1
 90
        0
176
     1
 40
0.6
176
     1
 40
30.0
176
     1
 62
     7
420
 16777215
176
     1
 90
        2
176
     1
 90
        2
176
     1
 62
     7
176
     1
 62
   257
176
     1
 90
        1
176
     1
 90
        1
176
     1
 40
179.0
176
     1
 90
        8
176
     1
 62
     7
176
     1
 40
1.0
176
     1
 90
        1
176
     1
 90
        6
176
     1
 90
        2
176
     1
 62
     7
176
     1
 90
        3
176
     1
 90
        0
176
     1
 90
        0
176
     1
290
     0
176
     1
 90
        1
176
     1
 40
0.0
176
     1
 90
        0
176
     1
290
     0
176
     1
290
     1
176
     1
290
     1
176
     1
290
     0
176
     1
290
     0
176
     1
290
     0
176
     1
290
     0
176
     1
290
     0
176
     1
290
     0
176
     1
 90
       50
176
     1
 40
0.0
176
     1
 40
1.0
176
     1
 90
        0
176
     1
 62
    18
420
        0
176
     1
 90
       50
176
     1
 90
        3
176
     1
 62
     5
420
      255
176
     1
290
     0
176
     1
 90
       50
176
     1
 90
       50
176
     1
 90
       50
176
     1
290
     0
176
     1
 90
       50
176
     1
 62
   256
176
     0
 40
1.0
176
     0
 90
        2
176
     1
  1
strokes_ogs.tif
176
     1
290
     0
176
     1
 40
1.0
176
     1
 40
1.0
176
     1
  0
VISUALSTYLE
  5
CAC
102
{ACAD_REACTORS
330
CA1
102
}
330
CA1
100
AcDbVisualStyle
  2
Dim
 70
    11
177
     3
291
     1
 70
    58
 90
        2
176
     1
 90
        2
176
     1
 90
        0
176
     1
 90
        0
176
     1
 40
0.6
176
     1
 40
30.0
176
     1
 62
     7
420
 16777215
176
     1
 90
        1
176
     1
 90
        4
176
     1
 62
     7
176
     1
 62
   257
176
     1
 90
        1
176
     1
 90
        1
176
     1
 40
1.0
176
     1
 90
        8
176
     1
 62
     7
176
     1
 40
1.0
176
     1
 90
        1
176
     1
 90
        6
176
     1
 90
        2
176
     1
 62
     7
176
     1
 90
        5
176
     1
 90
        0
176
     1
 90
        0
176
     1
290
     0
176
     1
 90
        1
176
     1
 40
-50.0
176
     1
 90
        0
176
     1
290
     0
176
     1
290
     1
176
     1
290
     1
176
     1
290
     0
176
     1
290
     0
176
     1
290
     0
176
     1
290
     0
176
     1
290
     0
176
     1
290
     0
176
     1
 90
       50
176
     1
 40
0.0
176
     1
 40
1.0
176
     1
 90
        0
176
     1
 62
    18
420
        0
176
     1
 90
       50
176
     1
 90
        3
176
     1
 62
     5
420
      255
176
     1
290
     0
176
     1
 90
       50
176
     1
 90
       50
176
     1
 90
       50
176
     1
290
     0
176
     1
 90
       50
176
     1
 62
   256
176
     0
 40
1.0
176
     0
 90
        2
176
     1
  1
strokes_ogs.tif
176
     1
290
     0
176
     1
 40
1.0
176
     1
 40
1.0
176
     1
  0
VISUALSTYLE
  5
CB9
102
{ACAD_REACTORS
330
CA1
102
}
330
CA1
100
AcDbVisualStyle
  2
EdgeColorOff
 70
    22
177
     3
291
     1
 70
    58
 90
        2
176
     0
 90
        2
176
     0
 90
        0
176
     0
 90
        0
176
     0
 40
0.6
176
     0
 40
30.0
176
     0
 62
     7
420
 16777215
176
     0
 90
        1
176
     0
 90
        4
176
     0
 62
     7
176
     0
 62
   257
176
     0
 90
        1
176
     0
 90
        1
176
     0
 40
1.0
176
     0
 90
        8
176
     2
 62
     7
176
     0
 40
1.0
176
     0
 90
        1
176
     0
 90
        6
176
     0
 90
        2
176
     0
 62
     7
176
     0
 90
        5
176
     0
 90
        0
176
     0
 90
        0
176
     0
290
     0
176
     0
 90
        1
176
     0
 40
0.0
176
     0
 90
        0
176
     0
290
     0
176
     0
290
     1
176
     0
290
     1
176
     0
290
     0
176
     0
290
     0
176
     0
290
     0
176
     0
290
     0
176
     0
290
     0
176
     0
290
     0
176
     0
 90
       50
176
     0
 40
0.0
176
     0
 40
1.0
176
     0
 90
        0
176
     0
 62
    18
420
        0
176
     0
 90
       50
176
     0
 90
        3
176
     0
 62
     5
420
      255
176
     0
290
     0
176
     0
 90
       50
176
     0
 90
       50
176
     0
 90
       50
176
     0
290
     0
176
     0
 90
       50
176
     0
 62
   256
176
     0
 40
1.0
176
     0
 90
        2
176
     0
  1
strokes_ogs.tif
176
     0
290
     0
176
     0
 40
1.0
176
     0
 40
1.0
176
     0
  0
VISUALSTYLE
  5
CB0
102
{ACAD_REACTORS
330
CA1
102
}
330
CA1
100
AcDbVisualStyle
  2
Facepattern
 70
    15
177
     3
291
     1
 70
    58
 90
        2
176
     1
 90
        2
176
     1
 90
        0
176
     1
 90
        0
176
     1
 40
0.6
176
     1
 40
30.0
176
     1
 62
     7
420
 16777215
176
     1
 90
        1
176
     1
 90
        4
176
     1
 62
     7
176
     1
 62
   257
176
     1
 90
        1
176
     1
 90
        1
176
     1
 40
1.0
176
     1
 90
        8
176
     1
 62
     7
176
     1
 40
1.0
176
     1
 90
        1
176
     1
 90
        6
176
     1
 90
        2
176
     1
 62
     7
176
     1
 90
        5
176
     1
 90
        0
176
     1
 90
        0
176
     1
290
     0
176
     1
 90
        1
176
     1
 40
0.0
176
     1
 90
        0
176
     1
290
     0
176
     1
290
     1
176
     1
290
     1
176
     1
290
     0
176
     1
290
     0
176
     1
290
     0
176
     1
290
     0
176
     1
290
     0
176
     1
290
     0
176
     1
 90
       50
176
     1
 40
0.0
176
     1
 40
1.0
176
     1
 90
        0
176
     1
 62
    18
420
        0
176
     1
 90
       50
176
     1
 90
        3
176
     1
 62
     5
420
      255
176
     1
290
     0
176
     1
 90
       50
176
     1
 90
       50
176
     1
 90
       50
176
     1
290
     0
176
     1
 90
       50
176
     1
 62
   256
176
     0
 40
1.0
176
     0
 90
        2
176
     1
  1
strokes_ogs.tif
176
     1
290
     0
176
     1
 40
1.0
176
     1
 40
1.0
176
     1
  0
VISUALSTYLE
  5
CA2
102
{ACAD_REACTORS
330
CA1
102
}
330
CA1
100
AcDbVisualStyle
  2
Flat
 70
     0
177
     3
291
     1
 70
    58
 90
        2
176
     1
 90
        1
176
     1
 90
        1
176
     1
 90
        2
176
     1
 40
0.6
176
     1
 40
30.0
176
     1
 62
     7
420
 16777215
176
     1
 90
        0
176
     1
 90
        0
176
     1
 62
     7
176
     1
 62
   257
176
     1
 90
        1
176
     1
 90
        1
176
     1
 40
1.0
176
     1
 90
        8
176
     1
 62
     7
176
     1
 40
1.0
176
     1
 90
        1
176
     1
 90
        6
176
     1
 90
        2
176
     1
 62
     7
176
     1
 90
        5
176
     1
 90
        0
176
     1
 90
        0
176
     1
290
     0
176
     1
 90
       13
176
     1
 40
0.0
176
     1
 90
        0
176
     1
290
     0
176
     1
290
     1
176
     1
290
     1
176
     1
290
     0
176
     1
290
     0
176
     1
290
     0
176
     1
290
     0
176
     1
290
     0
176
     1
290
     0
176
     1
 90
       50
176
     1
 40
0.0
176
     1
 40
1.0
176
     1
 90
        0
176
     1
 62
    18
420
        0
176
     1
 90
       50
176
     1
 90
        3
176
     1
 62
     5
420
      255
176
     1
290
     0
176
     1
 90
       50
176
     1
 90
       50
176
     1
 90
       50
176
     1
290
     0
176
     1
 90
       50
176
     1
 62
   256
176
     0
 40
1.0
176
     0
 90
        2
176
     1
  1
strokes_ogs.tif
176
     1
290
     0
176
     1
 40
1.0
176
     1
 40
1.0
176
     1
  0
VISUALSTYLE
  5
CA3
102
{ACAD_REACTORS
330
CA1
102
}
330
CA1
100
AcDbVisualStyle
  2
FlatWithEdges
 70
     1
177
     3
291
     1
 70
    58
 90
        2
176
     1
 90
        1
176
     1
 90
        1
176
     1
 90
        2
176
     1
 40
0.6
176
     1
 40
30.0
176
     1
 62
     7
420
 16777215
176
     1
 90
        1
176
     1
 90
        0
176
     1
 62
     7
176
     1
 62
   257
176
     1
 90
        1
176
     1
 90
        1
176
     1
 40
1.0
176
     1
 90
        0
176
     1
 62
   257
176
     1
 40
1.0
176
     1
 90
        1
176
     1
 90
        6
176
     1
 90
        2
176
     1
 62
     7
176
     1
 90
        5
176
     1
 90
        0
176
     1
 90
        0
176
     1
290
     0
176
     1
 90
       13
176
     1
 40
0.0
176
     1
 90
        0
176
     1
290
     0
176
     1
290
     1
176
     1
290
     1
176
     1
290
     0
176
     1
290
     0
176
     1
290
     0
176
     1
290
     0
176
     1
290
     0
176
     1
290
     0
176
     1
 90
       50
176
     1
 40
0.0
176
     1
 40
1.0
176
     1
 90
        0
176
     1
 62
    18
420
        0
176
     1
 90
       50
176
     1
 90
        3
176
     1
 62
     5
420
      255
176
     1
290
     0
176
     1
 90
       50
176
     1
 90
       50
176
     1
 90
       50
176
     1
290
     0
176
     1
 90
       50
176
     1
 62
   256
176
     0
 40
1.0
176
     0
 90
        2
176
     1
  1
strokes_ogs.tif
176
     1
290
     0
176
     1
 40
1.0
176
     1
 40
1.0
176
     1
  0
VISUALSTYLE
  5
CA4
102
{ACAD_REACTORS
330
CA1
102
}
330
CA1
100
AcDbVisualStyle
  2
Gouraud
 70
     2
177
     3
291
     1
 70
    58
 90
        2
176
     1
 90
        2
176
     1
 90
        1
176
     1
 90
        2
176
     1
 40
0.6
176
     1
 40
30.0
176
     1
 62
     7
420
 16777215
176
     1
 90
        0
176
     1
 90
        0
176
     1
 62
     7
176
     1
 62
   257
176
     1
 90
        1
176
     1
 90
        1
176
     1
 40
1.0
176
     1
 90
        0
176
     1
 62
     7
176
     1
 40
1.0
176
     1
 90
        1
176
     1
 90
        6
176
     1
 90
        2
176
     1
 62
     7
176
     1
 90
        5
176
     1
 90
        0
176
     1
 90
        0
176
     1
290
     0
176
     1
 90
       13
176
     1
 40
0.0
176
     1
 90
        0
176
     1
290
     0
176
     1
290
     1
176
     1
290
     1
176
     1
290
     0
176
     1
290
     0
176
     1
290
     0
176
     1
290
     0
176
     1
290
     0
176
     1
290
     0
176
     1
 90
       50
176
     1
 40
0.0
176
     1
 40
1.0
176
     1
 90
        0
176
     1
 62
    18
420
        0
176
     1
 90
       50
176
     1
 90
        3
176
     1
 62
     5
420
      255
176
     1
290
     0
176
     1
 90
       50
176
     1
 90
       50
176
     1
 90
       50
176
     1
290
     0
176
     1
 90
       50
176
     1
 62
   256
176
     0
 40
1.0
176
     0
 90
        2
176
     1
  1
strokes_ogs.tif
176
     1
290
     0
176
     1
 40
1.0
176
     1
 40
1.0
176
     1
  0
VISUALSTYLE
  5
CA5
102
{ACAD_REACTORS
330
CA1
102
}
330
CA1
100
AcDbVisualStyle
  2
GouraudWithEdges
 70
     3
177
     3
291
     1
 70
    58
 90
        2
176
     1
 90
        2
176
     1
 90
        1
176
     1
 90
        2
176
     1
 40
0.6
176
     1
 40
30.0
176
     1
 62
     7
420
 16777215
176
     1
 90
        1
176
     1
 90
        0
176
     1
 62
     7
176
     1
 62
   257
176
     1
 90
        1
176
     1
 90
        1
176
     1
 40
1.0
176
     1
 90
        0
176
     1
 62
   257
176
     1
 40
1.0
176
     1
 90
        1
176
     1
 90
        6
176
     1
 90
        2
176
     1
 62
     7
176
     1
 90
        5
176
     1
 90
        0
176
     1
 90
        0
176
     1
290
     0
176
     1
 90
       13
176
     1
 40
0.0
176
     1
 90
        0
176
     1
290
     0
176
     1
290
     1
176
     1
290
     1
176
     1
290
     0
176
     1
290
     0
176
     1
290
     0
176
     1
290
     0
176
     1
290
     0
176
     1
290
     0
176
     1
 90
       50
176
     1
 40
0.0
176
     1
 40
1.0
176
     1
 90
        0
176
     1
 62
    18
420
        0
176
     1
 90
       50
176
     1
 90
        3
176
     1
 62
     5
420
      255
176
     1
290
     0
176
     1
 90
       50
176
     1
 90
       50
176
     1
 90
       50
176
     1
290
     0
176
     1
 90
       50
176
     1
 62
   256
176
     0
 40
1.0
176
     0
 90
        2
176
     1
  1
strokes_ogs.tif
176
     1
290
     0
176
     1
 40
1.0
176
     1
 40
1.0
176
     1
  0
VISUALSTYLE
  5
CA9
102
{ACAD_REACTORS
330
CA1
102
}
330
CA1
100
AcDbVisualStyle
  2
Hidden
 70
     6
177
     3
291
     0
 70
    58
 90
        1
176
     1
 90
        2
176
     1
 90
        2
176
     1
 90
        0
176
     1
 40
0.6
176
     1
 40
30.0
176
     1
 62
     7
420
 16777215
176
     1
 90
        2
176
     1
 90
        2
176
     1
 62
     7
176
     1
 62
   257
176
     1
 90
        2
176
     1
 90
        1
176
     1
 40
40.0
176
     1
 90
        0
176
     1
 62
   257
176
     1
 40
1.0
176
     1
 90
        1
176
     1
 90
        6
176
     1
 90
        2
176
     1
 62
     7
176
     1
 90
        3
176
     1
 90
        0
176
     1
 90
        0
176
     1
290
     0
176
     1
 90
        1
176
     1
 40
0.0
176
     1
 90
        0
176
     1
290
     0
176
     1
290
     1
176
     1
290
     1
176
     1
290
     0
176
     1
290
     0
176
     1
290
     0
176
     1
290
     0
176
     1
290
     0
176
     1
290
     0
176
     1
 90
       50
176
     1
 40
0.0
176
     1
 40
1.0
176
     1
 90
        0
176
     1
 62
    18
420
        0
176
     1
 90
       50
176
     1
 90
        3
176
     1
 62
     5
420
      255
176
     1
290
     0
176
     1
 90
       50
176
     1
 90
       50
176
     1
 90
       50
176
     1
290
     0
176
     1
 90
       50
176
     1
 62
   256
176
     0
 40
1.0
176
     0
 90
        2
176
     1
  1
strokes_ogs.tif
176
     1
290
     0
176
     1
 40
1.0
176
     1
 40
1.0
176
     1
  0
VISUALSTYLE
  5
CB7
102
{ACAD_REACTORS
330
CA1
102
}
330
CA1
100
AcDbVisualStyle
  2
JitterOff
 70
    20
177
     3
291
     1
 70
    58
 90
        2
176
     0
 90
        2
176
     0
 90
        0
176
     0
 90
        0
176
     0
 40
0.6
176
     0
 40
30.0
176
     0
 62
     7
420
 16777215
176
     0
 90
        1
176
     0
 90
        4
176
     0
 62
     7
176
     0
 62
   257
176
     0
 90
        1
176
     0
 90
        1
176
     0
 40
1.0
176
     0
 90
       10
176
     2
 62
     7
176
     0
 40
1.0
176
     0
 90
        1
176
     0
 90
        6
176
     0
 90
        2
176
     0
 62
     7
176
     0
 90
        5
176
     0
 90
        0
176
     0
 90
        0
176
     0
290
     0
176
     0
 90
        1
176
     0
 40
0.0
176
     0
 90
        0
176
     0
290
     0
176
     0
290
     1
176
     0
290
     1
176
     0
290
     0
176
     0
290
     0
176
     0
290
     0
176
     0
290
     0
176
     0
290
     0
176
     0
290
     0
176
     0
 90
       50
176
     0
 40
0.0
176
     0
 40
1.0
176
     0
 90
        0
176
     0
 62
    18
420
        0
176
     0
 90
       50
176
     0
 90
        3
176
     0
 62
     5
420
      255
176
     0
290
     0
176
     0
 90
       50
176
     0
 90
       50
176
     0
 90
       50
176
     0
290
     0
176
     0
 90
       50
176
     0
 62
   256
176
     0
 40
1.0
176
     0
 90
        2
176
     0
  1
strokes_ogs.tif
176
     0
290
     0
176
     0
 40
1.0
176
     0
 40
1.0
176
     0
  0
VISUALSTYLE
  5
CAF
102
{ACAD_REACTORS
330
CA1
102
}
330
CA1
100
AcDbVisualStyle
  2
Linepattern
 70
    14
177
     3
291
     1
 70
    58
 90
        2
176
     1
 90
        2
176
     1
 90
        0
176
     1
 90
        0
176
     1
 40
0.6
176
     1
 40
30.0
176
     1
 62
     7
420
 16777215
176
     1
 90
        1
176
     1
 90
        4
176
     1
 62
     7
176
     1
 62
   257
176
     1
 90
        7
176
     1
 90
        7
176
     1
 40
1.0
176
     1
 90
        8
176
     1
 62
     7
176
     1
 40
1.0
176
     1
 90
        1
176
     1
 90
        6
176
     1
 90
        2
176
     1
 62
     7
176
     1
 90
        5
176
     1
 90
        0
176
     1
 90
        0
176
     1
290
     0
176
     1
 90
        1
176
     1
 40
0.0
176
     1
 90
        0
176
     1
290
     0
176
     1
290
     1
176
     1
290
     1
176
     1
290
     0
176
     1
290
     0
176
     1
290
     0
176
     1
290
     0
176
     1
290
     0
176
     1
290
     0
176
     1
 90
       50
176
     1
 40
0.0
176
     1
 40
1.0
176
     1
 90
        0
176
     1
 62
    18
420
        0
176
     1
 90
       50
176
     1
 90
        3
176
     1
 62
     5
420
      255
176
     1
290
     0
176
     1
 90
       50
176
     1
 90
       50
176
     1
 90
       50
176
     1
290
     0
176
     1
 90
       50
176
     1
 62
   256
176
     0
 40
1.0
176
     0
 90
        2
176
     1
  1
strokes_ogs.tif
176
     1
290
     0
176
     1
 40
1.0
176
     1
 40
1.0
176
     1
  0
VISUALSTYLE
  5
CB8
102
{ACAD_REACTORS
330
CA1
102
}
330
CA1
100
AcDbVisualStyle
  2
OverhangOff
 70
    21
177
     3
291
     1
 70
    58
 90
        2
176
     0
 90
        2
176
     0
 90
        0
176
     0
 90
        0
176
     0
 40
0.6
176
     0
 40
30.0
176
     0
 62
     7
420
 16777215
176
     0
 90
        1
176
     0
 90
        4
176
     0
 62
     7
176
     0
 62
   257
176
     0
 90
        1
176
     0
 90
        1
176
     0
 40
1.0
176
     0
 90
        9
176
     2
 62
     7
176
     0
 40
1.0
176
     0
 90
        1
176
     0
 90
        6
176
     0
 90
        2
176
     0
 62
     7
176
     0
 90
        5
176
     0
 90
        0
176
     0
 90
        0
176
     0
290
     0
176
     0
 90
        1
176
     0
 40
0.0
176
     0
 90
        0
176
     0
290
     0
176
     0
290
     1
176
     0
290
     1
176
     0
290
     0
176
     0
290
     0
176
     0
290
     0
176
     0
290
     0
176
     0
290
     0
176
     0
290
     0
176
     0
 90
       50
176
     0
 40
0.0
176
     0
 40
1.0
176
     0
 90
        0
176
     0
 62
    18
420
        0
176
     0
 90
       50
176
     0
 90
        3
176
     0
 62
     5
420
      255
176
     0
290
     0
176
     0
 90
       50
176
     0
 90
       50
176
     0
 90
       50
176
     0
290
     0
176
     0
 90
       50
176
     0
 62
   256
176
     0
 40
1.0
176
     0
 90
        2
176
     0
  1
strokes_ogs.tif
176
     0
290
     0
176
     0
 40
1.0
176
     0
 40
1.0
176
     0
  0
VISUALSTYLE
  5
CAB
102
{ACAD_REACTORS
330
CA1
102
}
330
CA1
100
AcDbVisualStyle
  2
Realistic
 70
     8
177
     3
291
     0
 70
    58
 90
        2
176
     1
 90
        3
176
     1
 90
        0
176
     1
 90
        2
176
     1
 40
0.6
176
     1
 40
30.0
176
     1
 62
     7
420
 16777215
176
     1
 90
        0
176
     1
 90
        0
176
     1
 62
     7
176
     1
 62
   257
176
     1
 90
        1
176
     1
 90
        1
176
     1
 40
1.0
176
     1
 90
        8
176
     1
 62
   257
176
     1
 40
1.0
176
     1
 90
        1
176
     1
 90
        6
176
     1
 90
        2
176
     1
 62
     7
176
     1
 90
        3
176
     1
 90
        0
176
     1
 90
        0
176
     1
290
     0
176
     1
 90
       13
176
     1
 40
0.0
176
     1
 90
        0
176
     1
290
     0
176
     1
290
     1
176
     1
290
     1
176
     1
290
     0
176
     1
290
     0
176
     1
290
     0
176
     1
290
     0
176
     1
290
     0
176
     1
290
     0
176
     1
 90
       50
176
     1
 40
0.0
176
     1
 40
1.0
176
     1
 90
        0
176
     1
 62
    18
420
        0
176
     1
 90
       50
176
     1
 90
        3
176
     1
 62
     5
420
      255
176
     1
290
     0
176
     1
 90
       50
176
     1
 90
       50
176
     1
 90
       50
176
     1
290
     0
176
     1
 90
       50
176
     1
 62
   256
176
     0
 40
1.0
176
     0
 90
        2
176
     1
  1
strokes_ogs.tif
176
     1
290
     0
176
     1
 40
1.0
176
     1
 40
1.0
176
     1
  0
VISUALSTYLE
  5
CB6
102
{ACAD_REACTORS
330
CA1
102
}
330
CA1
100
AcDbVisualStyle
  2
Shaded
 70
    27
177
     3
291
     0
 70
    58
 90
        2
176
     1
 90
        2
176
     1
 90
        1
176
     1
 90
        2
176
     1
 40
0.6
176
     1
 40
30.0
176
     1
 62
     7
420
 16777215
176
     1
 90
        0
176
     1
 90
        4
176
     1
 62
     7
176
     1
 62
   257
176
     1
 90
        1
176
     1
 90
        1
176
     1
 40
1.0
176
     1
 90
        8
176
     1
 62
   257
176
     1
 40
1.0
176
     1
 90
        1
176
     1
 90
        6
176
     1
 90
        2
176
     1
 62
     8
420
  7895160
176
     1
 90
        3
176
     1
 90
        0
176
     1
 90
        0
176
     1
290
     0
176
     1
 90
        5
176
     1
 40
0.0
176
     1
 90
        0
176
     1
290
     0
176
     1
290
     1
176
     1
290
     1
176
     1
290
     0
176
     1
290
     0
176
     1
290
     0
176
     1
290
     0
176
     1
290
     0
176
     1
290
     0
176
     1
 90
       50
176
     1
 40
0.0
176
     1
 40
1.0
176
     1
 90
        0
176
     1
 62
    18
420
        0
176
     1
 90
       50
176
     1
 90
        3
176
     1
 62
     5
420
      255
176
     1
290
     0
176
     1
 90
       50
176
     1
 90
       50
176
     1
 90
       50
176
     1
290
     0
176
     1
 90
       50
176
     1
 62
   256
176
     0
 40
1.0
176
     0
 90
        2
176
     1
  1
strokes_ogs.tif
176
     1
290
     0
176
     1
 40
1.0
176
     1
 40
1.0
176
     1
  0
VISUALSTYLE
  5
CB5
102
{ACAD_REACTORS
330
CA1
102
}
330
CA1
100
AcDbVisualStyle
  2
Shaded with edges
 70
    26
177
     3
291
     0
 70
    58
 90
        2
176
     1
 90
        2
176
     1
 90
        1
176
     1
 90
        2
176
     1
 40
0.6
176
     1
 40
30.0
176
     1
 62
     7
420
 16777215
176
     1
 90
        1
176
     1
 90
        2
176
     1
 62
     7
176
     1
 62
   257
176
     1
 90
        2
176
     1
 90
        1
176
     1
 40
1.0
176
     1
 90
        8
176
     1
 62
   257
176
     1
 40
1.0
176
     1
 90
        1
176
     1
 90
        6
176
     1
 90
        2
176
     1
 62
     7
176
     1
 90
        3
176
     1
 90
        0
176
     1
 90
        0
176
     1
290
     0
176
     1
 90
        5
176
     1
 40
0.0
176
     1
 90
        0
176
     1
290
     0
176
     1
290
     1
176
     1
290
     1
176
     1
290
     0
176
     1
290
     0
176
     1
290
     0
176
     1
290
     0
176
     1
290
     0
176
     1
290
     0
176
     1
 90
       50
176
     1
 40
0.0
176
     1
 40
1.0
176
     1
 90
        0
176
     1
 62
    18
420
        0
176
     1
 90
       50
176
     1
 90
        3
176
     1
 62
     5
420
      255
176
     1
290
     0
176
     1
 90
       50
176
     1
 90
       50
176
     1
 90
       50
176
     1
290
     0
176
     1
 90
       50
176
     1
 62
   256
176
     0
 40
1.0
176
     0
 90
        2
176
     1
  1
strokes_ogs.tif
176
     1
290
     0
176
     1
 40
1.0
176
     1
 40
1.0
176
     1
  0
VISUALSTYLE
  5
CB2
102
{ACAD_REACTORS
330
CA1
102
}
330
CA1
100
AcDbVisualStyle
  2
Shades of Gray
 70
    23
177
     3
291
     0
 70
    58
 90
        2
176
     1
 90
        2
176
     1
 90
        3
176
     1
 90
        0
176
     1
 40
0.6
176
     1
 40
30.0
176
     1
 62
     7
420
 16777215
176
     1
 90
        2
176
     1
 90
        2
176
     1
 62
     7
176
     1
 62
     7
176
     1
 90
        1
176
     1
 90
        1
176
     1
 40
40.0
176
     1
 90
        8
176
     1
 62
     7
176
     1
 40
1.0
176
     1
 90
        1
176
     1
 90
        6
176
     1
 90
        2
176
     1
 62
     7
176
     1
 90
        3
176
     1
 90
        0
176
     1
 90
        0
176
     1
290
     0
176
     1
 90
        1
176
     1
 40
0.0
176
     1
 90
        0
176
     1
290
     0
176
     1
290
     1
176
     1
290
     1
176
     1
290
     0
176
     1
290
     0
176
     1
290
     0
176
     1
290
     0
176
     1
290
     0
176
     1
290
     0
176
     1
 90
       50
176
     1
 40
0.0
176
     1
 40
1.0
176
     1
 90
        0
176
     1
 62
    18
420
        0
176
     1
 90
       50
176
     1
 90
        3
176
     1
 62
     5
420
      255
176
     1
290
     0
176
     1
 90
       50
176
     1
 90
       50
176
     1
 90
       50
176
     1
290
     0
176
     1
 90
       50
176
     1
 62
   256
176
     0
 40
1.0
176
     0
 90
        2
176
     1
  1
strokes_ogs.tif
176
     1
290
     0
176
     1
 40
1.0
176
     1
 40
1.0
176
     1
  0
VISUALSTYLE
  5
CB3
102
{ACAD_REACTORS
330
CA1
102
}
330
CA1
100
AcDbVisualStyle
  2
Sketchy
 70
    24
177
     3
291
     0
 70
    58
 90
        1
176
     1
 90
        2
176
     1
 90
        2
176
     1
 90
        0
176
     1
 40
0.6
176
     1
 40
30.0
176
     1
 62
     7
420
 16777215
176
     1
 90
        2
176
     1
 90
        2
176
     1
 62
     7
176
     1
 62
     7
176
     1
 90
        1
176
     1
 90
        1
176
     1
 40
40.0
176
     1
 90
       11
176
     1
 62
     7
176
     1
 40
1.0
176
     1
 90
        1
176
     1
 90
        6
176
     1
 90
        2
176
     1
 62
     7
176
     1
 90
        6
176
     1
 90
        0
176
     1
 90
        0
176
     1
290
     0
176
     1
 90
        1
176
     1
 40
0.0
176
     1
 90
        0
176
     1
290
     0
176
     1
290
     1
176
     1
290
     1
176
     1
290
     0
176
     1
290
     0
176
     1
290
     0
176
     1
290
     0
176
     1
290
     0
176
     1
290
     0
176
     1
 90
       50
176
     1
 40
0.0
176
     1
 40
1.0
176
     1
 90
        0
176
     1
 62
    18
420
        0
176
     1
 90
       50
176
     1
 90
        3
176
     1
 62
     5
420
      255
176
     1
290
     0
176
     1
 90
       50
176
     1
 90
       50
176
     1
 90
       50
176
     1
290
     0
176
     1
 90
       50
176
     1
 62
   256
176
     0
 40
1.0
176
     0
 90
        2
176
     1
  1
strokes_ogs.tif
176
     1
290
     0
176
     1
 40
1.0
176
     1
 40
1.0
176
     1
  0
VISUALSTYLE
  5
CAE
102
{ACAD_REACTORS
330
CA1
102
}
330
CA1
100
AcDbVisualStyle
  2
Thicken
 70
    13
177
     3
291
     1
 70
    58
 90
        2
176
     1
 90
        2
176
     1
 90
        0
176
     1
 90
        0
176
     1
 40
0.6
176
     1
 40
30.0
176
     1
 62
     7
420
 16777215
176
     1
 90
        1
176
     1
 90
        4
176
     1
 62
     7
176
     1
 62
   257
176
     1
 90
        1
176
     1
 90
        1
176
     1
 40
1.0
176
     1
 90
       12
176
     1
 62
     7
176
     1
 40
1.0
176
     1
 90
        1
176
     1
 90
        6
176
     1
 90
        2
176
     1
 62
     7
176
     1
 90
        5
176
     1
 90
        0
176
     1
 90
        0
176
     1
290
     0
176
     1
 90
        1
176
     1
 40
0.0
176
     1
 90
        0
176
     1
290
     0
176
     1
290
     1
176
     1
290
     1
176
     1
290
     0
176
     1
290
     0
176
     1
290
     0
176
     1
290
     0
176
     1
290
     0
176
     1
290
     0
176
     1
 90
       50
176
     1
 40
0.0
176
     1
 40
1.0
176
     1
 90
        0
176
     1
 62
    18
420
        0
176
     1
 90
       50
176
     1
 90
        3
176
     1
 62
     5
420
      255
176
     1
290
     0
176
     1
 90
       50
176
     1
 90
       50
176
     1
 90
       50
176
     1
290
     0
176
     1
 90
       50
176
     1
 62
   256
176
     0
 40
1.0
176
     0
 90
        2
176
     1
  1
strokes_ogs.tif
176
     1
290
     0
176
     1
 40
1.0
176
     1
 40
1.0
176
     1
  0
VISUALSTYLE
  5
CA8
102
{ACAD_REACTORS
330
CA1
102
}
330
CA1
100
AcDbVisualStyle
  2
Wireframe
 70
     5
177
     3
291
     0
 70
    58
 90
        0
176
     1
 90
        2
176
     1
 90
        0
176
     1
 90
        0
176
     1
 40
0.6
176
     1
 40
30.0
176
     1
 62
     7
420
 16777215
176
     1
 90
        1
176
     1
 90
        4
176
     1
 62
     7
176
     1
 62
   257
176
     1
 90
        1
176
     1
 90
        1
176
     1
 40
1.0
176
     1
 90
        0
176
     1
 62
   257
176
     1
 40
1.0
176
     1
 90
        1
176
     1
 90
        6
176
     1
 90
        2
176
     1
 62
     7
176
     1
 90
        3
176
     1
 90
        0
176
     1
 90
        0
176
     1
290
     0
176
     1
 90
        1
176
     1
 40
0.0
176
     1
 90
        0
176
     1
290
     0
176
     1
290
     1
176
     1
290
     1
176
     1
290
     0
176
     1
290
     0
176
     1
290
     0
176
     1
290
     0
176
     1
290
     0
176
     1
290
     0
176
     1
 90
       50
176
     1
 40
0.0
176
     1
 40
1.0
176
     1
 90
        0
176
     1
 62
    18
420
        0
176
     1
 90
       50
176
     1
 90
        3
176
     1
 62
     5
420
      255
176
     1
290
     0
176
     1
 90
       50
176
     1
 90
       50
176
     1
 90
       50
176
     1
290
     0
176
     1
 90
       50
176
     1
 62
   256
176
     0
 40
1.0
176
     0
 90
        2
176
     1
  1
strokes_ogs.tif
176
     1
290
     0
176
     1
 40
1.0
176
     1
 40
1.0
176
     1
  0
VISUALSTYLE
  5
CB4
102
{ACAD_REACTORS
330
CA1
102
}
330
CA1
100
AcDbVisualStyle
  2
X-Ray
 70
    25
177
     3
291
     0
 70
    58
 90
        2
176
     1
 90
        2
176
     1
 90
        1
176
     1
 90
        1
176
     1
 40
0.5
176
     1
 40
30.0
176
     1
 62
     7
420
 16777215
176
     1
 90
        1
176
     1
 90
        0
176
     1
 62
     7
176
     1
 62
   257
176
     1
 90
        1
176
     1
 90
        1
176
     1
 40
1.0
176
     1
 90
        8
176
     1
 62
     7
176
     1
 40
1.0
176
     1
 90
        1
176
     1
 90
        6
176
     1
 90
        2
176
     1
 62
     7
176
     1
 90
        3
176
     1
 90
        0
176
     1
 90
        0
176
     1
290
     0
176
     1
 90
       13
176
     1
 40
0.0
176
     1
 90
        0
176
     1
290
     0
176
     1
290
     1
176
     1
290
     1
176
     1
290
     0
176
     1
290
     0
176
     1
290
     0
176
     1
290
     0
176
     1
290
     0
176
     1
290
     0
176
     1
 90
       50
176
     1
 40
0.0
176
     1
 40
1.0
176
     1
 90
        0
176
     1
 62
    18
420
        0
176
     1
 90
       50
176
     1
 90
        3
176
     1
 62
     5
420
      255
176
     1
290
     0
176
     1
 90
       50
176
     1
 90
       50
176
     1
 90
       50
176
     1
290
     0
176
     1
 90
       50
176
     1
 62
   256
176
     0
 40
1.0
176
     0
 90
        2
176
     1
  1
strokes_ogs.tif
176
     1
290
     0
176
     1
 40
1.0
176
     1
 40
1.0
176
     1
  0
DICTIONARYVAR
  5
CDA
102
{ACAD_REACTORS
330
CD5
102
}
330
CD5
100
DictionaryVariables
280
     0
  1
1:1
  0
DICTIONARYVAR
  5
CD7
102
{ACAD_REACTORS
330
CD5
102
}
330
CD5
100
DictionaryVariables
280
     0
  1
Standard
  0
DICTIONARYVAR
  5
CD6
102
{ACAD_REACTORS
330
CD5
102
}
330
CD5
100
DictionaryVariables
280
     0
  1
Standard
  0
DICTIONARYVAR
  5
CD8
102
{ACAD_REACTORS
330
CD5
102
}
330
CD5
100
DictionaryVariables
280
     0
  1
Imperial24
  0
DICTIONARYVAR
  5
CD9
102
{ACAD_REACTORS
330
CD5
102
}
330
CD5
100
DictionaryVariables
280
     0
  1
Imperial24
  0
DICTIONARY
  5
CEB
330
CBC
100
AcDbDictionary
280
     1
281
     1
  3
ACAD_ROUNDTRIP_2008_TABLESTYLE_CELLSTYLEMAP
360
CEC
  0
CELLSTYLEMAP
  5
CEC
102
{ACAD_REACTORS
330
CEB
102
}
330
CEB
100
AcDbCellStyleMap
 90
        3
300
CELLSTYLE
  1
TABLEFORMAT_BEGIN
 90
        5
170
     1
 91
        0
 92
    32768
 62
   257
 93
        1
300
CONTENTFORMAT
  1
CONTENTFORMAT_BEGIN
 90
        0
 91
        0
 92
      512
 93
        0
300

 40
0.0
140
1.0
 94
        5
 62
     0
340
11
144
0.25
309
CONTENTFORMAT_END
171
     0
 94
        0
309
TABLEFORMAT_END
  1
CELLSTYLE_BEGIN
 90
        1
 91
        1
300
_TITLE
309
CELLSTYLE_END
300
CELLSTYLE
  1
TABLEFORMAT_BEGIN
 90
        5
170
     1
 91
        0
 92
        0
 62
   257
 93
        1
300
CONTENTFORMAT
  1
CONTENTFORMAT_BEGIN
 90
        0
 91
        0
 92
      512
 93
        0
300

 40
0.0
140
1.0
 94
        5
 62
     0
340
11
144
0.18
309
CONTENTFORMAT_END
171
     0
 94
        0
309
TABLEFORMAT_END
  1
CELLSTYLE_BEGIN
 90
        2
 91
        1
300
_HEADER
309
CELLSTYLE_END
300
CELLSTYLE
  1
TABLEFORMAT_BEGIN
 90
        5
170
     1
 91
        0
 92
        0
 62
   257
 93
        1
300
CONTENTFORMAT
  1
CONTENTFORMAT_BEGIN
 90
        0
 91
        0
 92
      512
 93
        0
300

 40
0.0
140
1.0
 94
        2
 62
     0
340
11
144
0.18
309
CONTENTFORMAT_END
171
     0
 94
        0
309
TABLEFORMAT_END
  1
CELLSTYLE_BEGIN
 90
        3
 91
        2
300
_DATA
309
CELLSTYLE_END
  0
ENDSEC
  0
SECTION
  2
ACDSDATA
 70
     2
 71
     2
  0
ACDSSCHEMA
 90
        0
  1
AcDb_Thumbnail_Schema
  2
AcDbDs::ID
280
    10
 91
        8
  2
Thumbnail_Data
280
    15
 91
        0
101
ACDSRECORD
 95
        0
 90
        2
  2
AcDbDs::TreatedAsObjectData
280
     1
291
     1
101
ACDSRECORD
 95
        0
 90
        3
  2
AcDbDs::Legacy
280
     1
291
     1
101
ACDSRECORD
  1
AcDbDs::ID
 90
        4
  2
AcDs:Indexable
280
     1
291
     1
101
ACDSRECORD
  1
AcDbDs::ID
 90
        5
  2
AcDbDs::HandleAttribute
280
     7
282
     1
  0
ACDSSCHEMA
 90
        1
  1
AcDb3DSolid_ASM_Data
  2
AcDbDs::ID
280
    10
 91
        8
  2
ASM_Data
280
    15
 91
        0
101
ACDSRECORD
 95
        1
 90
        2
  2
AcDbDs::TreatedAsObjectData
280
     1
291
     1
101
ACDSRECORD
 95
        1
 90
        3
  2
AcDbDs::Legacy
280
     1
291
     1
101
ACDSRECORD
  1
AcDbDs::ID
 90
        4
  2
AcDs:Indexable
280
     1
291
     1
101
ACDSRECORD
  1
AcDbDs::ID
 90
        5
  2
AcDbDs::HandleAttribute
280
     7
282
     1
  0
ACDSSCHEMA
 90
        2
  1
AcDbDs::TreatedAsObjectDataSchema
  2
AcDbDs::TreatedAsObjectData
280
     1
 91
        0
  0
ACDSSCHEMA
 90
        3
  1
AcDbDs::LegacySchema
  2
AcDbDs::Legacy
280
     1
 91
        0
  0
ACDSSCHEMA
 90
        4
  1
AcDbDs::IndexedPropertySchema
  2
AcDs:Indexable
280
     1
 91
        0
  0
ACDSSCHEMA
 90
        5
  1
AcDbDs::HandleAttributeSchema
  2
AcDbDs::HandleAttribute
280
     7
 91
        1
284
     1
  0
ACDSRECORD
 90
        0
  2
AcDbDs::ID
280
    10
320
C84
  2
Thumbnail_Data
280
    15
 94
     1036
310
89504E470D0A1A0A0000000D49484452000001000000007F080300000037AFECF400000300504C5445212830FFFFFF2128300000000000000000000000000000000000000000000000000000330000660000990000CC0000FF0033000033330033660033990033CC0033FF0066000066330066660066990066CC0066FF0099
310
000099330099660099990099CC0099FF00CC0000CC3300CC6600CC9900CCCC00CCFF00FF0000FF3300FF6600FF9900FFCC00FFFF3300003300333300663300993300CC3300FF3333003333333333663333993333CC3333FF3366003366333366663366993366CC3366FF3399003399333399663399993399CC3399FF33CC00
310
33CC3333CC6633CC9933CCCC33CCFF33FF0033FF3333FF6633FF9933FFCC33FFFF6600006600336600666600996600CC6600FF6633006633336633666633996633CC6633FF6666006666336666666666996666CC6666FF6699006699336699666699996699CC6699FF66CC0066CC3366CC6666CC9966CCCC66CCFF66FF0066
310
FF3366FF6666FF9966FFCC66FFFF9900009900339900669900999900CC9900FF9933009933339933669933999933CC9933FF9966009966339966669966999966CC9966FF9999009999339999669999999999CC9999FF99CC0099CC3399CC6699CC9999CCCC99CCFF99FF0099FF3399FF6699FF9999FFCC99FFFFCC0000CC00
310
33CC0066CC0099CC00CCCC00FFCC3300CC3333CC3366CC3399CC33CCCC33FFCC6600CC6633CC6666CC6699CC66CCCC66FFCC9900CC9933CC9966CC9999CC99CCCC99FFCCCC00CCCC33CCCC66CCCC99CCCCCCCCCCFFCCFF00CCFF33CCFF66CCFF99CCFFCCCCFFFFFF0000FF0033FF0066FF0099FF00CCFF00FFFF3300FF3333
310
FF3366FF3399FF33CCFF33FFFF6600FF6633FF6666FF6699FF66CCFF66FFFF9900FF9933FF9966FF9999FF99CCFF99FFFFCC00FFCC33FFCC66FFCC99FFCCCCFFCCFFFFFF00FFFF33FFFF66FFFF99FFFFCCFFFFFF0000000D0D0D1A1A1A2828283535354343435050505D5D5D6B6B6B787878868686939393A1A1A1AEAEAEBB
310
BBBBC9C9C9D6D6D6E4E4E4F1F1F1FFFFFF0000000000000000000000000000000000000000000000000000000000002E4550F1000000C74944415478DAEDDB310E82501445C1BF21F6BFB2D76B048C58D858509C99C482D293FB8D21B0160000000000FC61AEA201D6F1C906284FE0FDCDB76A80E767DB9D97BD051C01920B
310
18BF015F3DE201960002082080000208E08F90BFC216100A301F218A012EE3EF0538EF03CC7E47A41860EA012C400047C0022CC0020470042C400047C0022CC0020470042C400047C0022CC0020470042C400047A0605E4F458CE703B2CF077846E8E7A5008E402340FEBD412F4E865F9D0500000000000000000000B8DF03
310
E53DDB3DECC2EE3F0000000049454E44AE426082
  0
ENDSEC
  0
EOF
