  0
SECTION
  2
HEADER
  9
$ACADVER
  1
AC1032
  9
$ACADMAINTVER
 90
       55
  9
$DWGCODEPAGE
  3
ANSI_936
  9
$LASTSAVEDBY
  1
zongti2
  9
$REQUIREDVERSIONS
160
                 0
  9
$INSBASE
 10
0.0
 20
0.0
 30
0.0
  9
$EXTMIN
 10
-0.2500000003799983
 20
0.0
 30
0.0
  9
$EXTMAX
 10
32.24999999822003
 20
129.99999999948
 30
0.0
  9
$LIMMIN
 10
0.0
 20
0.0
  9
$LIMMAX
 10
22.0
 20
17.0
  9
$ORTHOMODE
 70
     0
  9
$REGENMODE
 70
     1
  9
$FILLMODE
 70
     1
  9
$QTEXTMODE
 70
     0
  9
$MIRRTEXT
 70
     0
  9
$LTSCALE
 40
1.21
  9
$ATTMODE
 70
     1
  9
$TEXTSIZE
 40
0.2
  9
$TRACEWID
 40
0.05
  9
$TEXTSTYLE
  7
STANDARD
  9
$CLAYER
  8
0
  9
$CELTYPE
  6
BYLAYER
  9
$CECOLOR
 62
   256
  9
$CELTSCALE
 40
1.0
  9
$DISPSILH
 70
     0
  9
$DIMSCALE
 40
1.0
  9
$DIMASZ
 40
0.1875
  9
$DIMEXO
 40
0.0625
  9
$DIMDLI
 40
0.836
  9
$DIMRND
 40
0.0
  9
$DIMDLE
 40
0.0
  9
$DIMEXE
 40
0.125
  9
$DIMTP
 40
0.0
  9
$DIMTM
 40
0.0
  9
$DIMTXT
 40
0.15625
  9
$DIMCEN
 40
0.198
  9
$DIMTSZ
 40
0.0
  9
$DIMTOL
 70
     0
  9
$DIMLIM
 70
     0
  9
$DIMTIH
 70
     1
  9
$DIMTOH
 70
     1
  9
$DIMSE1
 70
     0
  9
$DIMSE2
 70
     0
  9
$DIMTAD
 70
     0
  9
$DIMZIN
 70
     0
  9
$DIMBLK
  1
FILLED
  9
$DIMASO
 70
     1
  9
$DIMSHO
 70
     1
  9
$DIMPOST
  1

  9
$DIMAPOST
  1

  9
$DIMALT
 70
     0
  9
$DIMALTD
 70
     2
  9
$DIMALTF
 40
25.4
  9
$DIMLFAC
 40
1.0
  9
$DIMTOFL
 70
     0
  9
$DIMTVP
 40
0.0
  9
$DIMTIX
 70
     0
  9
$DIMSOXD
 70
     0
  9
$DIMSAH
 70
     0
  9
$DIMBLK1
  1

  9
$DIMBLK2
  1

  9
$DIMSTYLE
  2
STANDARD
  9
$DIMCLRD
 70
     0
  9
$DIMCLRE
 70
     0
  9
$DIMCLRT
 70
     0
  9
$DIMTFAC
 40
1.0
  9
$DIMGAP
 40
0.09
  9
$DIMJUST
 70
     0
  9
$DIMSD1
 70
     0
  9
$DIMSD2
 70
     0
  9
$DIMTOLJ
 70
     1
  9
$DIMTZIN
 70
     0
  9
$DIMALTZ
 70
     0
  9
$DIMALTTZ
 70
     0
  9
$DIMUPT
 70
     0
  9
$DIMDEC
 70
     4
  9
$DIMTDEC
 70
     4
  9
$DIMALTU
 70
     2
  9
$DIMALTTD
 70
     2
  9
$DIMTXSTY
  7
STANDARD
  9
$DIMAUNIT
 70
     0
  9
$DIMADEC
 70
     0
  9
$DIMALTRND
 40
0.0
  9
$DIMAZIN
 70
     0
  9
$DIMDSEP
 70
    46
  9
$DIMATFIT
 70
     3
  9
$DIMFRAC
 70
     0
  9
$DIMLDRBLK
  1

  9
$DIMLUNIT
 70
     2
  9
$DIMLWD
 70
    -2
  9
$DIMLWE
 70
    -2
  9
$DIMTMOVE
 70
     0
  9
$DIMFXL
 40
1.0
  9
$DIMFXLON
 70
     0
  9
$DIMJOGANG
 40
0.7853981633974483
  9
$DIMTFILL
 70
     0
  9
$DIMTFILLCLR
 70
     0
  9
$DIMARCSYM
 70
     0
  9
$DIMLTYPE
  6

  9
$DIMLTEX1
  6

  9
$DIMLTEX2
  6

  9
$DIMTXTDIRECTION
 70
     0
  9
$LUNITS
 70
     2
  9
$LUPREC
 70
     4
  9
$SKETCHINC
 40
0.1
  9
$FILLETRAD
 40
0.0
  9
$AUNITS
 70
     0
  9
$AUPREC
 70
     0
  9
$MENU
  1
.
  9
$ELEVATION
 40
0.0
  9
$PELEVATION
 40
0.0
  9
$THICKNESS
 40
0.0
  9
$LIMCHECK
 70
     0
  9
$CHAMFERA
 40
0.0
  9
$CHAMFERB
 40
0.0
  9
$CHAMFERC
 40
0.0
  9
$CHAMFERD
 40
0.0
  9
$SKPOLY
 70
     0
  9
$TDCREATE
 40
2460811.644594908
  9
$TDUCREATE
 40
2460811.311261575
  9
$TDUPDATE
 40
2461307.476800961
  9
$TDUUPDATE
 40
2461307.143467628
  9
$TDINDWG
 40
0.0004282407
  9
$TDUSRTIMER
 40
0.0004282407
  9
$USRTIMER
 70
     1
  9
$ANGBASE
 50
0.0
  9
$ANGDIR
 70
     0
  9
$PDMODE
 70
     3
  9
$PDSIZE
 40
0.3125
  9
$PLINEWID
 40
0.0
  9
$SPLFRAME
 70
     0
  9
$SPLINETYPE
 70
     6
  9
$SPLINESEGS
 70
     8
  9
$HANDSEED
  5
CF8
  9
$SURFTAB1
 70
     6
  9
$SURFTAB2
 70
     6
  9
$SURFTYPE
 70
     6
  9
$SURFU
 70
     6
  9
$SURFV
 70
     6
  9
$UCSBASE
  2

  9
$UCSNAME
  2

  9
$UCSORG
 10
0.0
 20
0.0
 30
0.0
  9
$UCSXDIR
 10
1.0
 20
0.0
 30
0.0
  9
$UCSYDIR
 10
0.0
 20
1.0
 30
0.0
  9
$UCSORTHOREF
  2

  9
$UCSORTHOVIEW
 70
     0
  9
$UCSORGTOP
 10
0.0
 20
0.0
 30
0.0
  9
$UCSORGBOTTOM
 10
0.0
 20
0.0
 30
0.0
  9
$UCSORGLEFT
 10
0.0
 20
0.0
 30
0.0
  9
$UCSORGRIGHT
 10
0.0
 20
0.0
 30
0.0
  9
$UCSORGFRONT
 10
0.0
 20
0.0
 30
0.0
  9
$UCSORGBACK
 10
0.0
 20
0.0
 30
0.0
  9
$PUCSBASE
  2

  9
$PUCSNAME
  2

  9
$PUCSORG
 10
0.0
 20
0.0
 30
0.0
  9
$PUCSXDIR
 10
1.0
 20
0.0
 30
0.0
  9
$PUCSYDIR
 10
0.0
 20
1.0
 30
0.0
  9
$PUCSORTHOREF
  2

  9
$PUCSORTHOVIEW
 70
     0
  9
$PUCSORGTOP
 10
0.0
 20
0.0
 30
0.0
  9
$PUCSORGBOTTOM
 10
0.0
 20
0.0
 30
0.0
  9
$PUCSORGLEFT
 10
0.0
 20
0.0
 30
0.0
  9
$PUCSORGRIGHT
 10
0.0
 20
0.0
 30
0.0
  9
$PUCSORGFRONT
 10
0.0
 20
0.0
 30
0.0
  9
$PUCSORGBACK
 10
0.0
 20
0.0
 30
0.0
  9
$USERI1
 70
     0
  9
$USERI2
 70
     0
  9
$USERI3
 70
     0
  9
$USERI4
 70
     0
  9
$USERI5
 70
     0
  9
$USERR1
 40
0.0
  9
$USERR2
 40
0.0
  9
$USERR3
 40
0.0
  9
$USERR4
 40
0.0
  9
$USERR5
 40
0.0
  9
$WORLDVIEW
 70
     1
  9
$SHADEDGE
 70
     3
  9
$SHADEDIF
 70
    70
  9
$TILEMODE
 70
     1
  9
$MAXACTVP
 70
    64
  9
$PINSBASE
 10
0.0
 20
0.0
 30
0.0
  9
$PLIMCHECK
 70
     0
  9
$PEXTMIN
 10
1.000000000000000E+20
 20
1.000000000000000E+20
 30
1.000000000000000E+20
  9
$PEXTMAX
 10
-1.000000000000000E+20
 20
-1.000000000000000E+20
 30
-1.000000000000000E+20
  9
$PLIMMIN
 10
0.0
 20
0.0
  9
$PLIMMAX
 10
12.0
 20
9.0
  9
$UNITMODE
 70
     0
  9
$VISRETAIN
 70
     1
  9
$PLINEGEN
 70
     0
  9
$PSLTSCALE
 70
     1
  9
$TREEDEPTH
 70
  3020
  9
$CMLSTYLE
  2
Standard
  9
$CMLJUST
 70
     0
  9
$CMLSCALE
 40
1.0
  9
$PROXYGRAPHICS
 70
     1
  9
$MEASUREMENT
 70
     0
  9
$CELWEIGHT
370
    -1
  9
$ENDCAPS
280
     0
  9
$JOINSTYLE
280
     0
  9
$LWDISPLAY
290
     0
  9
$INSUNITS
 70
     1
  9
$HYPERLINKBASE
  1

  9
$STYLESHEET
  1

  9
$XEDIT
290
     1
  9
$CEPSNTYPE
380
     0
  9
$PSTYLEMODE
290
     1
  9
$FINGERPRINTGUID
  2
{66168FC1-D304-0B4E-B288-49BD13585160}
  9
$VERSIONGUID
  2
{B4CA831A-EDF0-CE42-93BF-EB326AFFDEAA}
  9
$EXTNAMES
290
     1
  9
$PSVPSCALE
 40
0.0
  9
$OLESTARTUP
290
     0
  9
$SORTENTS
280
   127
  9
$INDEXCTL
280
     0
  9
$HIDETEXT
280
     1
  9
$XCLIPFRAME
280
     2
  9
$HALOGAP
280
     0
  9
$OBSCOLOR
 70
   257
  9
$OBSLTYPE
280
     0
  9
$INTERSECTIONDISPLAY
280
     0
  9
$INTERSECTIONCOLOR
 70
   257
  9
$DIMASSOC
280
     2
  9
$PROJECTNAME
  1

  9
$CAMERADISPLAY
290
     0
  9
$LENSLENGTH
 40
50.0
  9
$CAMERAHEIGHT
 40
0.0
  9
$STEPSPERSEC
 40
2.0
  9
$STEPSIZE
 40
6.0
  9
$3DDWFPREC
 40
2.0
  9
$PSOLWIDTH
 40
0.25
  9
$PSOLHEIGHT
 40
4.0
  9
$LOFTANG1
 40
1.570796326794897
  9
$LOFTANG2
 40
1.570796326794897
  9
$LOFTMAG1
 40
0.0
  9
$LOFTMAG2
 40
0.0
  9
$LOFTPARAM
 70
     7
  9
$LOFTNORMALS
280
     1
  9
$LATITUDE
 40
37.795
  9
$LONGITUDE
 40
-122.394
  9
$NORTHDIRECTION
 40
0.0
  9
$TIMEZONE
 70
 -8000
  9
$LIGHTGLYPHDISPLAY
280
     1
  9
$TILEMODELIGHTSYNCH
280
     1
  9
$CMATERIAL
347
C93
  9
$SOLIDHIST
280
     0
  9
$SHOWHIST
280
     1
  9
$DWFFRAME
280
     2
  9
$DGNFRAME
280
     0
  9
$REALWORLDSCALE
290
     1
  9
$INTERFERECOLOR
 62
     1
  9
$CSHADOW
280
     0
  9
$SHADOWPLANELOCATION
 40
0.0
  0
ENDSEC
  0
SECTION
  2
CLASSES
  0
CLASS
  1
ACDBDICTIONARYWDFLT
  2
AcDbDictionaryWithDefault
  3
ObjectDBX Classes
 90
        0
 91
        3
280
     0
281
     0
  0
CLASS
  1
ACDBPLACEHOLDER
  2
AcDbPlaceHolder
  3
ObjectDBX Classes
 90
        0
 91
        1
280
     0
281
     0
  0
CLASS
  1
LAYOUT
  2
AcDbLayout
  3
ObjectDBX Classes
 90
        0
 91
        1
280
     0
281
     0
  0
CLASS
  1
MATERIAL
  2
AcDbMaterial
  3
ObjectDBX Classes
 90
     1153
 91
        3
280
     0
281
     0
  0
CLASS
  1
VISUALSTYLE
  2
AcDbVisualStyle
  3
ObjectDBX Classes
 90
     4095
 91
        3
280
     0
281
     0
  0
CLASS
  1
TABLESTYLE
  2
AcDbTableStyle
  3
ObjectDBX Classes
 90
     4095
 91
        3
280
     0
281
     0
  0
CLASS
  1
SCALE
  2
AcDbScale
  3
ObjectDBX Classes
 90
     1153
 91
        3
280
     0
281
     0
  0
CLASS
  1
MLEADERSTYLE
  2
AcDbMLeaderStyle
  3
ACDB_MLEADERSTYLE_CLASS
 90
     4095
 91
        3
280
     0
281
     0
  0
CLASS
  1
ACDBSECTIONVIEWSTYLE
  2
AcDbSectionViewStyle
  3
ObjectDBX Classes
 90
     1025
 91
        3
280
     0
281
     0
  0
CLASS
  1
ACDBDETAILVIEWSTYLE
  2
AcDbDetailViewStyle
  3
ObjectDBX Classes
 90
     1025
 91
        3
280
     0
281
     0
  0
CLASS
  1
DICTIONARYVAR
  2
AcDbDictionaryVar
  3
ObjectDBX Classes
 90
        0
 91
        3
280
     0
281
     0
  0
CLASS
  1
CELLSTYLEMAP
  2
AcDbCellStyleMap
  3
ObjectDBX Classes
 90
     1152
 91
        3
280
     0
281
     0
  0
ENDSEC
  0
SECTION
  2
TABLES
  0
TABLE
  2
VPORT
  5
8
330
0
100
AcDbSymbolTable
 70
     1
  0
VPORT
  5
1F4
330
8
100
AcDbSymbolTableRecord
100
AcDbViewportTableRecord
  2
*ACTIVE
 70
     0
 10
0.0
 20
0.0
 11
1.0
 21
1.0
 12
15.99999999892003
 22
64.99999999973998
 13
0.0
 23
0.0
 14
1.0
 24
1.0
 15
0.0
 25
0.0
 16
0.0
 26
0.0
 36
1.0
 17
0.0
 27
0.0
 37
0.0
 40
130.9605911324811
 41
2.00616522811344
 42
50.0
 43
0.0
 44
0.0
 50
0.0
 51
0.0
 71
     0
 72
   100
 73
     1
 74
     1
 75
     0
 76
     0
 77
     0
 78
     0
281
     0
 65
     1
110
0.0
120
0.0
130
0.0
111
1.0
121
0.0
131
0.0
112
0.0
122
1.0
132
0.0
 79
     0
146
0.0
348
CB1
 60
     3
 61
     5
292
     1
282
     1
141
0.0
142
0.0
 63
   250
421
  3355443
1001
ACAD_NAV_VCDISPLAY
1070
     3
  0
ENDTAB
  0
TABLE
  2
LTYPE
  5
5
330
0
100
AcDbSymbolTable
 70
     6
  0
LTYPE
  5
14
330
5
100
AcDbSymbolTableRecord
100
AcDbLinetypeTableRecord
  2
BYBLOCK
 70
     0
  3

 72
    65
 73
     0
 40
0.0
  0
LTYPE
  5
15
330
5
100
AcDbSymbolTableRecord
100
AcDbLinetypeTableRecord
  2
BYLAYER
 70
     0
  3

 72
    65
 73
     0
 40
0.0
  0
LTYPE
  5
16
330
5
100
AcDbSymbolTableRecord
100
AcDbLinetypeTableRecord
  2
CONTINUOUS
 70
     0
  3
Solid line
 72
    65
 73
     0
 40
0.0
  0
LTYPE
  5
1F5
330
5
100
AcDbSymbolTableRecord
100
AcDbLinetypeTableRecord
  2
CENTER
 70
     0
  3
____ _ ____ _ ____ _ ____ _ ____ _ ____ _ ____
 72
    65
 73
     4
 40
0.6
 49
0.375
 74
     0
 49
-0.075
 74
     0
 49
0.075
 74
     0
 49
-0.075
 74
     0
  0
LTYPE
  5
1F6
330
5
100
AcDbSymbolTableRecord
100
AcDbLinetypeTableRecord
  2
HIDDEN
 70
     0
  3
- - - - - - - - - - - - - - - - - - - -
 72
    65
 73
     2
 40
0.2
 49
0.1
 74
     0
 49
-0.1
 74
     0
  0
LTYPE
  5
1F7
330
5
100
AcDbSymbolTableRecord
100
AcDbLinetypeTableRecord
  2
PHANTOM
 70
     0
  3
_____ _ _ _____ _ _ _____ _ _ _____
 72
    65
 73
     6
 40
0.8
 49
0.45
 74
     0
 49
-0.05
 74
     0
 49
0.1
 74
     0
 49
-0.05
 74
     0
 49
0.1
 74
     0
 49
-0.05
 74
     0
  0
LTYPE
  5
1F8
330
5
100
AcDbSymbolTableRecord
100
AcDbLinetypeTableRecord
  2
DOT
 70
     0
  3
. . . . . . . . . . . . . . . . . . . .
 72
    65
 73
     2
 40
0.2
 49
0.1
 74
     0
 49
-0.1
 74
     0
  0
LTYPE
  5
1F9
330
5
100
AcDbSymbolTableRecord
100
AcDbLinetypeTableRecord
  2
DASHED
 70
     0
  3
- - - - - - - - - - - - - - - - - - - -
 72
    65
 73
     2
 40
0.2
 49
0.1
 74
     0
 49
-0.1
 74
     0
  0
ENDTAB
  0
TABLE
  2
LAYER
  5
2
102
{ACAD_XDICTIONARY
360
CEE
102
}
330
0
100
AcDbSymbolTable
 70
  1774
  0
LAYER
  5
10
330
2
100
AcDbSymbolTableRecord
100
AcDbLayerTableRecord
  2
0
 70
     0
 62
     7
  6
CONTINUOUS
370
    -3
390
F
347
CA3
348
0
  0
LAYER
  5
1FA
330
2
100
AcDbSymbolTableRecord
100
AcDbLayerTableRecord
  2
DEFAULT_1
 70
     0
 62
     7
  6
CENTER
370
    -3
390
F
347
CA3
348
0
  0
LAYER
  5
1FB
330
2
100
AcDbSymbolTableRecord
100
AcDbLayerTableRecord
  2
DEFAULT_2
 70
     0
 62
     8
  6
HIDDEN
370
    -3
390
F
347
CA3
348
0
  0
LAYER
  5
1FC
330
2
100
AcDbSymbolTableRecord
100
AcDbLayerTableRecord
  2
DEFAULT_3
 70
     0
 62
     7
  6
PHANTOM
370
    -3
390
F
347
CA3
348
0
  0
LAYER
  5
1FD
330
2
100
AcDbSymbolTableRecord
100
AcDbLayerTableRecord
  2
01_ALL_DTM_PLN
 70
     0
 62
     7
  6
CONTINUOUS
370
    -3
390
F
347
CA3
348
0
  0
LAYER
  5
1FE
330
2
100
AcDbSymbolTableRecord
100
AcDbLayerTableRecord
  2
01__ASM_ALL_DTM_PLN
 70
     0
 62
     7
  6
CONTINUOUS
370
    -3
390
F
347
CA3
348
0
  0
LAYER
  5
1FF
330
2
100
AcDbSymbolTableRecord
100
AcDbLayerTableRecord
  2
01__ASM_DEF_DTM_PLN
 70
     0
 62
     7
  6
CONTINUOUS
370
    -3
390
F
347
CA3
348
0
  0
LAYER
  5
200
330
2
100
AcDbSymbolTableRecord
100
AcDbLayerTableRecord
  2
01___PRT_ALL_DTM_PLN
 70
     0
 62
     7
  6
CONTINUOUS
370
    -3
390
F
347
CA3
348
0
  0
LAYER
  5
201
330
2
100
AcDbSymbolTableRecord
100
AcDbLayerTableRecord
  2
01___PRT_DEF_DTM_PLN
 70
     0
 62
     7
  6
CONTINUOUS
370
    -3
390
F
347
CA3
348
0
  0
LAYER
  5
202
330
2
100
AcDbSymbolTableRecord
100
AcDbLayerTableRecord
  2
02_ALL_AXES
 70
     0
 62
     7
  6
CONTINUOUS
370
    -3
390
F
347
CA3
348
0
  0
LAYER
  5
203
330
2
100
AcDbSymbolTableRecord
100
AcDbLayerTableRecord
  2
02__ASM_ALL_AXES
 70
     0
 62
     7
  6
CONTINUOUS
370
    -3
390
F
347
CA3
348
0
  0
LAYER
  5
204
330
2
100
AcDbSymbolTableRecord
100
AcDbLayerTableRecord
  2
02___PRT_ALL_AXES
 70
     0
 62
     7
  6
CONTINUOUS
370
    -3
390
F
347
CA3
348
0
  0
LAYER
  5
205
330
2
100
AcDbSymbolTableRecord
100
AcDbLayerTableRecord
  2
03_ALL_CURVES
 70
     0
 62
     7
  6
CONTINUOUS
370
    -3
390
F
347
CA3
348
0
  0
LAYER
  5
206
330
2
100
AcDbSymbolTableRecord
100
AcDbLayerTableRecord
  2
03__ASM_ALL_CURVES
 70
     0
 62
     7
  6
CONTINUOUS
370
    -3
390
F
347
CA3
348
0
  0
LAYER
  5
207
330
2
100
AcDbSymbolTableRecord
100
AcDbLayerTableRecord
  2
03___PRT_ALL_CURVES
 70
     0
 62
     7
  6
CONTINUOUS
370
    -3
390
F
347
CA3
348
0
  0
LAYER
  5
208
330
2
100
AcDbSymbolTableRecord
100
AcDbLayerTableRecord
  2
04_ALL_DTM_PNT
 70
     0
 62
     7
  6
CONTINUOUS
370
    -3
390
F
347
CA3
348
0
  0
LAYER
  5
209
330
2
100
AcDbSymbolTableRecord
100
AcDbLayerTableRecord
  2
04__ASM_ALL_DTM_PNT
 70
     0
 62
     7
  6
CONTINUOUS
370
    -3
390
F
347
CA3
348
0
  0
LAYER
  5
20A
330
2
100
AcDbSymbolTableRecord
100
AcDbLayerTableRecord
  2
04___PRT_ALL_DTM_PNT
 70
     0
 62
     7
  6
CONTINUOUS
370
    -3
390
F
347
CA3
348
0
  0
LAYER
  5
20B
330
2
100
AcDbSymbolTableRecord
100
AcDbLayerTableRecord
  2
05_ALL_DTM_CSYS
 70
     0
 62
     7
  6
CONTINUOUS
370
    -3
390
F
347
CA3
348
0
  0
LAYER
  5
20C
330
2
100
AcDbSymbolTableRecord
100
AcDbLayerTableRecord
  2
05__ASM_ALL_DTM_CSYS
 70
     0
 62
     7
  6
CONTINUOUS
370
    -3
390
F
347
CA3
348
0
  0
LAYER
  5
20D
330
2
100
AcDbSymbolTableRecord
100
AcDbLayerTableRecord
  2
05__ASM_DEF_DTM_CSYS
 70
     0
 62
     7
  6
CONTINUOUS
370
    -3
390
F
347
CA3
348
0
  0
LAYER
  5
20E
330
2
100
AcDbSymbolTableRecord
100
AcDbLayerTableRecord
  2
05___PRT_ALL_DTM_CSYS
 70
     0
 62
     7
  6
CONTINUOUS
370
    -3
390
F
347
CA3
348
0
  0
LAYER
  5
20F
330
2
100
AcDbSymbolTableRecord
100
AcDbLayerTableRecord
  2
05___PRT_DEF_DTM_CSYS
 70
     0
 62
     7
  6
CONTINUOUS
370
    -3
390
F
347
CA3
348
0
  0
LAYER
  5
210
330
2
100
AcDbSymbolTableRecord
100
AcDbLayerTableRecord
  2
06_ALL_SURFS
 70
     0
 62
     7
  6
CONTINUOUS
370
    -3
390
F
347
CA3
348
0
  0
LAYER
  5
211
330
2
100
AcDbSymbolTableRecord
100
AcDbLayerTableRecord
  2
06__ASM_ALL_SURFS
 70
     0
 62
     7
  6
CONTINUOUS
370
    -3
390
F
347
CA3
348
0
  0
LAYER
  5
212
330
2
100
AcDbSymbolTableRecord
100
AcDbLayerTableRecord
  2
06___PRT_ALL_SURFS
 70
     0
 62
     7
  6
CONTINUOUS
370
    -3
390
F
347
CA3
348
0
  0
LAYER
  5
213
330
2
100
AcDbSymbolTableRecord
100
AcDbLayerTableRecord
  2
07__ASM_ALL_SKELETONS
 70
     0
 62
     7
  6
CONTINUOUS
370
    -3
390
F
347
CA3
348
0
  0
LAYER
  5
214
330
2
100
AcDbSymbolTableRecord
100
AcDbLayerTableRecord
  2
17623-1_ASM
 70
     0
 62
     7
  6
CONTINUOUS
370
    -3
390
F
347
CA3
348
0
  0
LAYER
  5
215
330
2
100
AcDbSymbolTableRecord
100
AcDbLayerTableRecord
  2
1762ZHONG_ASM
 70
     0
 62
     7
  6
CONTINUOUS
370
    -3
390
F
347
CA3
348
0
  0
LAYER
  5
216
330
2
100
AcDbSymbolTableRecord
100
AcDbLayerTableRecord
  2
1_ALL_PLANES
 70
     0
 62
     7
  6
CONTINUOUS
370
    -3
390
F
347
CA3
348
0
  0
LAYER
  5
217
330
2
100
AcDbSymbolTableRecord
100
AcDbLayerTableRecord
  2
2_ALL_CSYS
 70
     0
 62
     7
  6
CONTINUOUS
370
    -3
390
F
347
CA3
348
0
  0
LAYER
  5
218
330
2
100
AcDbSymbolTableRecord
100
AcDbLayerTableRecord
  2
3_ALL_AXES
 70
     0
 62
     7
  6
CONTINUOUS
370
    -3
390
F
347
CA3
348
0
  0
LAYER
  5
219
330
2
100
AcDbSymbolTableRecord
100
AcDbLayerTableRecord
  2
5_ALL_CURVES
 70
     0
 62
     7
  6
CONTINUOUS
370
    -3
390
F
347
CA3
348
0
  0
LAYER
  5
21A
330
2
100
AcDbSymbolTableRecord
100
AcDbLayerTableRecord
  2
7_ALL_FEATURES
 70
     0
 62
     7
  6
CONTINUOUS
370
    -3
390
F
347
CA3
348
0
  0
LAYER
  5
21B
330
2
100
AcDbSymbolTableRecord
100
AcDbLayerTableRecord
  2
ASM0002_ASM
 70
     0
 62
     7
  6
CONTINUOUS
370
    -3
390
F
347
CA3
348
0
  0
LAYER
  5
21C
330
2
100
AcDbSymbolTableRecord
100
AcDbLayerTableRecord
  2
ASM0003_ASM
 70
     0
 62
     7
  6
CONTINUOUS
370
    -3
390
F
347
CA3
348
0
  0
LAYER
  5
21D
330
2
100
AcDbSymbolTableRecord
100
AcDbLayerTableRecord
  2
ASM0004_ASM
 70
     0
 62
     7
  6
CONTINUOUS
370
    -3
390
F
347
CA3
348
0
  0
LAYER
  5
21E
330
2
100
AcDbSymbolTableRecord
100
AcDbLayerTableRecord
  2
ASM0005_ASM_2_ASM
 70
     0
 62
     7
  6
CONTINUOUS
370
    -3
390
F
347
CA3
348
0
  0
LAYER
  5
21F
330
2
100
AcDbSymbolTableRecord
100
AcDbLayerTableRecord
  2
ECAD_C0402N
 70
     0
 62
     7
  6
CONTINUOUS
370
    -3
390
F
347
CA3
348
0
  0
LAYER
  5
220
330
2
100
AcDbSymbolTableRecord
100
AcDbLayerTableRecord
  2
ECAD_C0603M
 70
     0
 62
     7
  6
CONTINUOUS
370
    -3
390
F
347
CA3
348
0
  0
LAYER
  5
221
330
2
100
AcDbSymbolTableRecord
100
AcDbLayerTableRecord
  2
ECAD_C0805M
 70
     0
 62
     7
  6
CONTINUOUS
370
    -3
390
F
347
CA3
348
0
  0
LAYER
  5
222
330
2
100
AcDbSymbolTableRecord
100
AcDbLayerTableRecord
  2
ECAD_C1206M
 70
     0
 62
     7
  6
CONTINUOUS
370
    -3
390
F
347
CA3
348
0
  0
LAYER
  5
223
330
2
100
AcDbSymbolTableRecord
100
AcDbLayerTableRecord
  2
ECAD_C1210M
 70
     0
 62
     7
  6
CONTINUOUS
370
    -3
390
F
347
CA3
348
0
  0
LAYER
  5
224
330
2
100
AcDbSymbolTableRecord
100
AcDbLayerTableRecord
  2
ECAD_C1812M
 70
     0
 62
     7
  6
CONTINUOUS
370
    -3
390
F
347
CA3
348
0
  0
LAYER
  5
225
330
2
100
AcDbSymbolTableRecord
100
AcDbLayerTableRecord
  2
ECAD_C3528M
 70
     0
 62
     7
  6
CONTINUOUS
370
    -3
390
F
347
CA3
348
0
  0
LAYER
  5
226
330
2
100
AcDbSymbolTableRecord
100
AcDbLayerTableRecord
  2
ECAD_DFN1006-2N_SOD882
 70
     0
 62
     7
  6
CONTINUOUS
370
    -3
390
F
347
CA3
348
0
  0
LAYER
  5
227
330
2
100
AcDbSymbolTableRecord
100
AcDbLayerTableRecord
  2
ECAD_DIPTRONICS_DTS-63
 70
     0
 62
     7
  6
CONTINUOUS
370
    -3
390
F
347
CA3
348
0
  0
LAYER
  5
228
330
2
100
AcDbSymbolTableRecord
100
AcDbLayerTableRecord
  2
ECAD_DIPTRONICS_EMR-08
 70
     0
 62
     7
  6
CONTINUOUS
370
    -3
390
F
347
CA3
348
0
  0
LAYER
  5
229
330
2
100
AcDbSymbolTableRecord
100
AcDbLayerTableRecord
  2
ECAD_EPSON_TSX-3225
 70
     0
 62
     7
  6
CONTINUOUS
370
    -3
390
F
347
CA3
348
0
  0
LAYER
  5
22A
330
2
100
AcDbSymbolTableRecord
100
AcDbLayerTableRecord
  2
ECAD_LED0402N
 70
     0
 62
     7
  6
CONTINUOUS
370
    -3
390
F
347
CA3
348
0
  0
LAYER
  5
22B
330
2
100
AcDbSymbolTableRecord
100
AcDbLayerTableRecord
  2
ECAD_MARK
 70
     0
 62
     7
  6
CONTINUOUS
370
    -3
390
F
347
CA3
348
0
  0
LAYER
  5
22C
330
2
100
AcDbSymbolTableRecord
100
AcDbLayerTableRecord
  2
ECAD_MOUNTINGHOLEPLATED-M2_5
 70
     0
 62
     7
  6
CONTINUOUS
370
    -3
390
F
347
CA3
348
0
  0
LAYER
  5
22D
330
2
100
AcDbSymbolTableRecord
100
AcDbLayerTableRecord
  2
ECAD_PULSE_HX5401NL
 70
     0
 62
     7
  6
CONTINUOUS
370
    -3
390
F
347
CA3
348
0
  0
LAYER
  5
22E
330
2
100
AcDbSymbolTableRecord
100
AcDbLayerTableRecord
  2
ECAD_QFP40P1800X1800X120-145N
 70
     0
 62
     7
  6
CONTINUOUS
370
    -3
390
F
347
CA3
348
0
  0
LAYER
  5
22F
330
2
100
AcDbSymbolTableRecord
100
AcDbLayerTableRecord
  2
ECAD_QFP50P2200X2200X160-144M_M
 70
     0
 62
     7
  6
CONTINUOUS
370
    -3
390
F
347
CA3
348
0
  0
LAYER
  5
230
330
2
100
AcDbSymbolTableRecord
100
AcDbLayerTableRecord
  2
ECAD_R0402N
 70
     0
 62
     7
  6
CONTINUOUS
370
    -3
390
F
347
CA3
348
0
  0
LAYER
  5
231
330
2
100
AcDbSymbolTableRecord
100
AcDbLayerTableRecord
  2
ECAD_R0603M
 70
     0
 62
     7
  6
CONTINUOUS
370
    -3
390
F
347
CA3
348
0
  0
LAYER
  5
232
330
2
100
AcDbSymbolTableRecord
100
AcDbLayerTableRecord
  2
ECAD_R0603X4M
 70
     0
 62
     7
  6
CONTINUOUS
370
    -3
390
F
347
CA3
348
0
  0
LAYER
  5
233
330
2
100
AcDbSymbolTableRecord
100
AcDbLayerTableRecord
  2
ECAD_R0805M
 70
     0
 62
     7
  6
CONTINUOUS
370
    -3
390
F
347
CA3
348
0
  0
LAYER
  5
234
330
2
100
AcDbSymbolTableRecord
100
AcDbLayerTableRecord
  2
ECAD_SAMTEC_TSW-102-08-L-S-RA
 70
     0
 62
     7
  6
CONTINUOUS
370
    -3
390
F
347
CA3
348
0
  0
LAYER
  5
235
330
2
100
AcDbSymbolTableRecord
100
AcDbLayerTableRecord
  2
ECAD_SAMTEC_TSW-102-XX-X-S
 70
     0
 62
     7
  6
CONTINUOUS
370
    -3
390
F
347
CA3
348
0
  0
LAYER
  5
236
330
2
100
AcDbSymbolTableRecord
100
AcDbLayerTableRecord
  2
ECAD_SHINNING_1762-608-66-N
 70
     0
 62
     7
  6
CONTINUOUS
370
    -3
390
F
347
CA3
348
0
  0
LAYER
  5
237
330
2
100
AcDbSymbolTableRecord
100
AcDbLayerTableRecord
  2
ECAD_SOIC127P600X175-8M_MS-012A
 70
     0
 62
     7
  6
CONTINUOUS
370
    -3
390
F
347
CA3
348
0
  0
LAYER
  5
238
330
2
100
AcDbSymbolTableRecord
100
AcDbLayerTableRecord
  2
ECAD_SON50P200X200X100-9M_NCP45
 70
     0
 62
     7
  6
CONTINUOUS
370
    -3
390
F
347
CA3
348
0
  0
LAYER
  5
239
330
2
100
AcDbSymbolTableRecord
100
AcDbLayerTableRecord
  2
ECAD_SON50P300X400X80-15WGED3M_
 70
     0
 62
     7
  6
CONTINUOUS
370
    -3
390
F
347
CA3
348
0
  0
LAYER
  5
23A
330
2
100
AcDbSymbolTableRecord
100
AcDbLayerTableRecord
  2
ECAD_SOT95P280X145-5M_MO-178AA
 70
     0
 62
     7
  6
CONTINUOUS
370
    -3
390
F
347
CA3
348
0
  0
LAYER
  5
23B
330
2
100
AcDbSymbolTableRecord
100
AcDbLayerTableRecord
  2
ECAD_TESTPOINT-SMD
 70
     0
 62
     7
  6
CONTINUOUS
370
    -3
390
F
347
CA3
348
0
  0
LAYER
  5
23C
330
2
100
AcDbSymbolTableRecord
100
AcDbLayerTableRecord
  2
ECAD_TE_1734099-5
 70
     0
 62
     7
  6
CONTINUOUS
370
    -3
390
F
347
CA3
348
0
  0
LAYER
  5
23D
330
2
100
AcDbSymbolTableRecord
100
AcDbLayerTableRecord
  2
ECAD_WURTH_WE-HCI
 70
     0
 62
     7
  6
CONTINUOUS
370
    -3
390
F
347
CA3
348
0
  0
LAYER
  5
23E
330
2
100
AcDbSymbolTableRecord
100
AcDbLayerTableRecord
  2
ECAD_WURTH_WE-LQS-SIZE4025
 70
     0
 62
     7
  6
CONTINUOUS
370
    -3
390
F
347
CA3
348
0
  0
LAYER
  5
23F
330
2
100
AcDbSymbolTableRecord
100
AcDbLayerTableRecord
  2
HOUSING_AF1_1
 70
     0
 62
     7
  6
CONTINUOUS
370
    -3
390
F
347
CA3
348
0
  0
LAYER
  5
240
330
2
100
AcDbSymbolTableRecord
100
AcDbLayerTableRecord
  2
INTF_RED
 70
     0
 62
     7
  6
CONTINUOUS
370
    -3
390
F
347
CA3
348
0
  0
LAYER
  5
241
330
2
100
AcDbSymbolTableRecord
100
AcDbLayerTableRecord
  2
INTF_YELLOW
 70
     0
 62
     7
  6
CONTINUOUS
370
    -3
390
F
347
CA3
348
0
  0
LAYER
  5
242
330
2
100
AcDbSymbolTableRecord
100
AcDbLayerTableRecord
  2
LAYER_3493
 70
     0
 62
     7
  6
CONTINUOUS
370
    -3
390
F
347
CA3
348
0
  0
LAYER
  5
243
330
2
100
AcDbSymbolTableRecord
100
AcDbLayerTableRecord
  2
NONE
 70
     0
 62
     7
  6
CONTINUOUS
370
    -3
390
F
347
CA3
348
0
  0
LAYER
  5
244
330
2
100
AcDbSymbolTableRecord
100
AcDbLayerTableRecord
  2
PLUGTERMINAL
 70
     0
 62
     7
  6
CONTINUOUS
370
    -3
390
F
347
CA3
348
0
  0
LAYER
  5
245
330
2
100
AcDbSymbolTableRecord
100
AcDbLayerTableRecord
  2
PLUGTERMINAL_1
 70
     0
 62
     7
  6
CONTINUOUS
370
    -3
390
F
347
CA3
348
0
  0
LAYER
  5
246
330
2
100
AcDbSymbolTableRecord
100
AcDbLayerTableRecord
  2
PLUGTERMINAL_10
 70
     0
 62
     7
  6
CONTINUOUS
370
    -3
390
F
347
CA3
348
0
  0
LAYER
  5
247
330
2
100
AcDbSymbolTableRecord
100
AcDbLayerTableRecord
  2
PLUGTERMINAL_11
 70
     0
 62
     7
  6
CONTINUOUS
370
    -3
390
F
347
CA3
348
0
  0
LAYER
  5
248
330
2
100
AcDbSymbolTableRecord
100
AcDbLayerTableRecord
  2
PLUGTERMINAL_12
 70
     0
 62
     7
  6
CONTINUOUS
370
    -3
390
F
347
CA3
348
0
  0
LAYER
  5
249
330
2
100
AcDbSymbolTableRecord
100
AcDbLayerTableRecord
  2
PLUGTERMINAL_13
 70
     0
 62
     7
  6
CONTINUOUS
370
    -3
390
F
347
CA3
348
0
  0
LAYER
  5
24A
330
2
100
AcDbSymbolTableRecord
100
AcDbLayerTableRecord
  2
PLUGTERMINAL_14
 70
     0
 62
     7
  6
CONTINUOUS
370
    -3
390
F
347
CA3
348
0
  0
LAYER
  5
24B
330
2
100
AcDbSymbolTableRecord
100
AcDbLayerTableRecord
  2
PLUGTERMINAL_15
 70
     0
 62
     7
  6
CONTINUOUS
370
    -3
390
F
347
CA3
348
0
  0
LAYER
  5
24C
330
2
100
AcDbSymbolTableRecord
100
AcDbLayerTableRecord
  2
PLUGTERMINAL_16
 70
     0
 62
     7
  6
CONTINUOUS
370
    -3
390
F
347
CA3
348
0
  0
LAYER
  5
24D
330
2
100
AcDbSymbolTableRecord
100
AcDbLayerTableRecord
  2
PLUGTERMINAL_17
 70
     0
 62
     7
  6
CONTINUOUS
370
    -3
390
F
347
CA3
348
0
  0
LAYER
  5
24E
330
2
100
AcDbSymbolTableRecord
100
AcDbLayerTableRecord
  2
PLUGTERMINAL_18
 70
     0
 62
     7
  6
CONTINUOUS
370
    -3
390
F
347
CA3
348
0
  0
LAYER
  5
24F
330
2
100
AcDbSymbolTableRecord
100
AcDbLayerTableRecord
  2
PLUGTERMINAL_19
 70
     0
 62
     7
  6
CONTINUOUS
370
    -3
390
F
347
CA3
348
0
  0
LAYER
  5
250
330
2
100
AcDbSymbolTableRecord
100
AcDbLayerTableRecord
  2
PLUGTERMINAL_2
 70
     0
 62
     7
  6
CONTINUOUS
370
    -3
390
F
347
CA3
348
0
  0
LAYER
  5
251
330
2
100
AcDbSymbolTableRecord
100
AcDbLayerTableRecord
  2
PLUGTERMINAL_20
 70
     0
 62
     7
  6
CONTINUOUS
370
    -3
390
F
347
CA3
348
0
  0
LAYER
  5
252
330
2
100
AcDbSymbolTableRecord
100
AcDbLayerTableRecord
  2
PLUGTERMINAL_21
 70
     0
 62
     7
  6
CONTINUOUS
370
    -3
390
F
347
CA3
348
0
  0
LAYER
  5
253
330
2
100
AcDbSymbolTableRecord
100
AcDbLayerTableRecord
  2
PLUGTERMINAL_22
 70
     0
 62
     7
  6
CONTINUOUS
370
    -3
390
F
347
CA3
348
0
  0
LAYER
  5
254
330
2
100
AcDbSymbolTableRecord
100
AcDbLayerTableRecord
  2
PLUGTERMINAL_23
 70
     0
 62
     7
  6
CONTINUOUS
370
    -3
390
F
347
CA3
348
0
  0
LAYER
  5
255
330
2
100
AcDbSymbolTableRecord
100
AcDbLayerTableRecord
  2
PLUGTERMINAL_24
 70
     0
 62
     7
  6
CONTINUOUS
370
    -3
390
F
347
CA3
348
0
  0
LAYER
  5
256
330
2
100
AcDbSymbolTableRecord
100
AcDbLayerTableRecord
  2
PLUGTERMINAL_25
 70
     0
 62
     7
  6
CONTINUOUS
370
    -3
390
F
347
CA3
348
0
  0
LAYER
  5
257
330
2
100
AcDbSymbolTableRecord
100
AcDbLayerTableRecord
  2
PLUGTERMINAL_26
 70
     0
 62
     7
  6
CONTINUOUS
370
    -3
390
F
347
CA3
348
0
  0
LAYER
  5
258
330
2
100
AcDbSymbolTableRecord
100
AcDbLayerTableRecord
  2
PLUGTERMINAL_27
 70
     0
 62
     7
  6
CONTINUOUS
370
    -3
390
F
347
CA3
348
0
  0
LAYER
  5
259
330
2
100
AcDbSymbolTableRecord
100
AcDbLayerTableRecord
  2
PLUGTERMINAL_28
 70
     0
 62
     7
  6
CONTINUOUS
370
    -3
390
F
347
CA3
348
0
  0
LAYER
  5
25A
330
2
100
AcDbSymbolTableRecord
100
AcDbLayerTableRecord
  2
PLUGTERMINAL_29
 70
     0
 62
     7
  6
CONTINUOUS
370
    -3
390
F
347
CA3
348
0
  0
LAYER
  5
25B
330
2
100
AcDbSymbolTableRecord
100
AcDbLayerTableRecord
  2
PLUGTERMINAL_3
 70
     0
 62
     7
  6
CONTINUOUS
370
    -3
390
F
347
CA3
348
0
  0
LAYER
  5
25C
330
2
100
AcDbSymbolTableRecord
100
AcDbLayerTableRecord
  2
PLUGTERMINAL_30
 70
     0
 62
     7
  6
CONTINUOUS
370
    -3
390
F
347
CA3
348
0
  0
LAYER
  5
25D
330
2
100
AcDbSymbolTableRecord
100
AcDbLayerTableRecord
  2
PLUGTERMINAL_31
 70
     0
 62
     7
  6
CONTINUOUS
370
    -3
390
F
347
CA3
348
0
  0
LAYER
  5
25E
330
2
100
AcDbSymbolTableRecord
100
AcDbLayerTableRecord
  2
PLUGTERMINAL_32
 70
     0
 62
     7
  6
CONTINUOUS
370
    -3
390
F
347
CA3
348
0
  0
LAYER
  5
25F
330
2
100
AcDbSymbolTableRecord
100
AcDbLayerTableRecord
  2
PLUGTERMINAL_33
 70
     0
 62
     7
  6
CONTINUOUS
370
    -3
390
F
347
CA3
348
0
  0
LAYER
  5
260
330
2
100
AcDbSymbolTableRecord
100
AcDbLayerTableRecord
  2
PLUGTERMINAL_34
 70
     0
 62
     7
  6
CONTINUOUS
370
    -3
390
F
347
CA3
348
0
  0
LAYER
  5
261
330
2
100
AcDbSymbolTableRecord
100
AcDbLayerTableRecord
  2
PLUGTERMINAL_35
 70
     0
 62
     7
  6
CONTINUOUS
370
    -3
390
F
347
CA3
348
0
  0
LAYER
  5
262
330
2
100
AcDbSymbolTableRecord
100
AcDbLayerTableRecord
  2
PLUGTERMINAL_36
 70
     0
 62
     7
  6
CONTINUOUS
370
    -3
390
F
347
CA3
348
0
  0
LAYER
  5
263
330
2
100
AcDbSymbolTableRecord
100
AcDbLayerTableRecord
  2
PLUGTERMINAL_37
 70
     0
 62
     7
  6
CONTINUOUS
370
    -3
390
F
347
CA3
348
0
  0
LAYER
  5
264
330
2
100
AcDbSymbolTableRecord
100
AcDbLayerTableRecord
  2
PLUGTERMINAL_38
 70
     0
 62
     7
  6
CONTINUOUS
370
    -3
390
F
347
CA3
348
0
  0
LAYER
  5
265
330
2
100
AcDbSymbolTableRecord
100
AcDbLayerTableRecord
  2
PLUGTERMINAL_39
 70
     0
 62
     7
  6
CONTINUOUS
370
    -3
390
F
347
CA3
348
0
  0
LAYER
  5
266
330
2
100
AcDbSymbolTableRecord
100
AcDbLayerTableRecord
  2
PLUGTERMINAL_4
 70
     0
 62
     7
  6
CONTINUOUS
370
    -3
390
F
347
CA3
348
0
  0
LAYER
  5
267
330
2
100
AcDbSymbolTableRecord
100
AcDbLayerTableRecord
  2
PLUGTERMINAL_40
 70
     0
 62
     7
  6
CONTINUOUS
370
    -3
390
F
347
CA3
348
0
  0
LAYER
  5
268
330
2
100
AcDbSymbolTableRecord
100
AcDbLayerTableRecord
  2
PLUGTERMINAL_41
 70
     0
 62
     7
  6
CONTINUOUS
370
    -3
390
F
347
CA3
348
0
  0
LAYER
  5
269
330
2
100
AcDbSymbolTableRecord
100
AcDbLayerTableRecord
  2
PLUGTERMINAL_42
 70
     0
 62
     7
  6
CONTINUOUS
370
    -3
390
F
347
CA3
348
0
  0
LAYER
  5
26A
330
2
100
AcDbSymbolTableRecord
100
AcDbLayerTableRecord
  2
PLUGTERMINAL_43
 70
     0
 62
     7
  6
CONTINUOUS
370
    -3
390
F
347
CA3
348
0
  0
LAYER
  5
26B
330
2
100
AcDbSymbolTableRecord
100
AcDbLayerTableRecord
  2
PLUGTERMINAL_44
 70
     0
 62
     7
  6
CONTINUOUS
370
    -3
390
F
347
CA3
348
0
  0
LAYER
  5
26C
330
2
100
AcDbSymbolTableRecord
100
AcDbLayerTableRecord
  2
PLUGTERMINAL_45
 70
     0
 62
     7
  6
CONTINUOUS
370
    -3
390
F
347
CA3
348
0
  0
LAYER
  5
26D
330
2
100
AcDbSymbolTableRecord
100
AcDbLayerTableRecord
  2
PLUGTERMINAL_46
 70
     0
 62
     7
  6
CONTINUOUS
370
    -3
390
F
347
CA3
348
0
  0
LAYER
  5
26E
330
2
100
AcDbSymbolTableRecord
100
AcDbLayerTableRecord
  2
PLUGTERMINAL_47
 70
     0
 62
     7
  6
CONTINUOUS
370
    -3
390
F
347
CA3
348
0
  0
LAYER
  5
26F
330
2
100
AcDbSymbolTableRecord
100
AcDbLayerTableRecord
  2
PLUGTERMINAL_48
 70
     0
 62
     7
  6
CONTINUOUS
370
    -3
390
F
347
CA3
348
0
  0
LAYER
  5
270
330
2
100
AcDbSymbolTableRecord
100
AcDbLayerTableRecord
  2
PLUGTERMINAL_49
 70
     0
 62
     7
  6
CONTINUOUS
370
    -3
390
F
347
CA3
348
0
  0
LAYER
  5
271
330
2
100
AcDbSymbolTableRecord
100
AcDbLayerTableRecord
  2
PLUGTERMINAL_5
 70
     0
 62
     7
  6
CONTINUOUS
370
    -3
390
F
347
CA3
348
0
  0
LAYER
  5
272
330
2
100
AcDbSymbolTableRecord
100
AcDbLayerTableRecord
  2
PLUGTERMINAL_50
 70
     0
 62
     7
  6
CONTINUOUS
370
    -3
390
F
347
CA3
348
0
  0
LAYER
  5
273
330
2
100
AcDbSymbolTableRecord
100
AcDbLayerTableRecord
  2
PLUGTERMINAL_51
 70
     0
 62
     7
  6
CONTINUOUS
370
    -3
390
F
347
CA3
348
0
  0
LAYER
  5
274
330
2
100
AcDbSymbolTableRecord
100
AcDbLayerTableRecord
  2
PLUGTERMINAL_52
 70
     0
 62
     7
  6
CONTINUOUS
370
    -3
390
F
347
CA3
348
0
  0
LAYER
  5
275
330
2
100
AcDbSymbolTableRecord
100
AcDbLayerTableRecord
  2
PLUGTERMINAL_53
 70
     0
 62
     7
  6
CONTINUOUS
370
    -3
390
F
347
CA3
348
0
  0
LAYER
  5
276
330
2
100
AcDbSymbolTableRecord
100
AcDbLayerTableRecord
  2
PLUGTERMINAL_54
 70
     0
 62
     7
  6
CONTINUOUS
370
    -3
390
F
347
CA3
348
0
  0
LAYER
  5
277
330
2
100
AcDbSymbolTableRecord
100
AcDbLayerTableRecord
  2
PLUGTERMINAL_55
 70
     0
 62
     7
  6
CONTINUOUS
370
    -3
390
F
347
CA3
348
0
  0
LAYER
  5
278
330
2
100
AcDbSymbolTableRecord
100
AcDbLayerTableRecord
  2
PLUGTERMINAL_56
 70
     0
 62
     7
  6
CONTINUOUS
370
    -3
390
F
347
CA3
348
0
  0
LAYER
  5
279
330
2
100
AcDbSymbolTableRecord
100
AcDbLayerTableRecord
  2
PLUGTERMINAL_57
 70
     0
 62
     7
  6
CONTINUOUS
370
    -3
390
F
347
CA3
348
0
  0
LAYER
  5
27A
330
2
100
AcDbSymbolTableRecord
100
AcDbLayerTableRecord
  2
PLUGTERMINAL_58
 70
     0
 62
     7
  6
CONTINUOUS
370
    -3
390
F
347
CA3
348
0
  0
LAYER
  5
27B
330
2
100
AcDbSymbolTableRecord
100
AcDbLayerTableRecord
  2
PLUGTERMINAL_59
 70
     0
 62
     7
  6
CONTINUOUS
370
    -3
390
F
347
CA3
348
0
  0
LAYER
  5
27C
330
2
100
AcDbSymbolTableRecord
100
AcDbLayerTableRecord
  2
PLUGTERMINAL_6
 70
     0
 62
     7
  6
CONTINUOUS
370
    -3
390
F
347
CA3
348
0
  0
LAYER
  5
27D
330
2
100
AcDbSymbolTableRecord
100
AcDbLayerTableRecord
  2
PLUGTERMINAL_7
 70
     0
 62
     7
  6
CONTINUOUS
370
    -3
390
F
347
CA3
348
0
  0
LAYER
  5
27E
330
2
100
AcDbSymbolTableRecord
100
AcDbLayerTableRecord
  2
PLUGTERMINAL_8
 70
     0
 62
     7
  6
CONTINUOUS
370
    -3
390
F
347
CA3
348
0
  0
LAYER
  5
27F
330
2
100
AcDbSymbolTableRecord
100
AcDbLayerTableRecord
  2
PLUGTERMINAL_9
 70
     0
 62
     7
  6
CONTINUOUS
370
    -3
390
F
347
CA3
348
0
  0
LAYER
  5
280
330
2
100
AcDbSymbolTableRecord
100
AcDbLayerTableRecord
  2
PRT0002
 70
     0
 62
     7
  6
CONTINUOUS
370
    -3
390
F
347
CA3
348
0
  0
LAYER
  5
281
330
2
100
AcDbSymbolTableRecord
100
AcDbLayerTableRecord
  2
PRT0008
 70
     0
 62
     7
  6
CONTINUOUS
370
    -3
390
F
347
CA3
348
0
  0
LAYER
  5
282
330
2
100
AcDbSymbolTableRecord
100
AcDbLayerTableRecord
  2
PRT0009
 70
     0
 62
     7
  6
CONTINUOUS
370
    -3
390
F
347
CA3
348
0
  0
LAYER
  5
283
330
2
100
AcDbSymbolTableRecord
100
AcDbLayerTableRecord
  2
PRT0010
 70
     0
 62
     7
  6
CONTINUOUS
370
    -3
390
F
347
CA3
348
0
  0
LAYER
  5
284
330
2
100
AcDbSymbolTableRecord
100
AcDbLayerTableRecord
  2
PRT0012
 70
     0
 62
     7
  6
CONTINUOUS
370
    -3
390
F
347
CA3
348
0
  0
LAYER
  5
285
330
2
100
AcDbSymbolTableRecord
100
AcDbLayerTableRecord
  2
PRT0013
 70
     0
 62
     7
  6
CONTINUOUS
370
    -3
390
F
347
CA3
348
0
  0
LAYER
  5
286
330
2
100
AcDbSymbolTableRecord
100
AcDbLayerTableRecord
  2
PRT0014
 70
     0
 62
     7
  6
CONTINUOUS
370
    -3
390
F
347
CA3
348
0
  0
LAYER
  5
287
330
2
100
AcDbSymbolTableRecord
100
AcDbLayerTableRecord
  2
PRT0015
 70
     0
 62
     7
  6
CONTINUOUS
370
    -3
390
F
347
CA3
348
0
  0
LAYER
  5
288
330
2
100
AcDbSymbolTableRecord
100
AcDbLayerTableRecord
  2
PRT0016
 70
     0
 62
     7
  6
CONTINUOUS
370
    -3
390
F
347
CA3
348
0
  0
LAYER
  5
289
330
2
100
AcDbSymbolTableRecord
100
AcDbLayerTableRecord
  2
PRT0017
 70
     0
 62
     7
  6
CONTINUOUS
370
    -3
390
F
347
CA3
348
0
  0
LAYER
  5
28A
330
2
100
AcDbSymbolTableRecord
100
AcDbLayerTableRecord
  2
TERMINAL_AF100_1
 70
     0
 62
     7
  6
CONTINUOUS
370
    -3
390
F
347
CA3
348
0
  0
LAYER
  5
28B
330
2
100
AcDbSymbolTableRecord
100
AcDbLayerTableRecord
  2
TERMINAL_AF101_1
 70
     0
 62
     7
  6
CONTINUOUS
370
    -3
390
F
347
CA3
348
0
  0
LAYER
  5
28C
330
2
100
AcDbSymbolTableRecord
100
AcDbLayerTableRecord
  2
TERMINAL_AF102_1
 70
     0
 62
     7
  6
CONTINUOUS
370
    -3
390
F
347
CA3
348
0
  0
LAYER
  5
28D
330
2
100
AcDbSymbolTableRecord
100
AcDbLayerTableRecord
  2
TERMINAL_AF13_1
 70
     0
 62
     7
  6
CONTINUOUS
370
    -3
390
F
347
CA3
348
0
  0
LAYER
  5
28E
330
2
100
AcDbSymbolTableRecord
100
AcDbLayerTableRecord
  2
TERMINAL_AF147_1
 70
     0
 62
     7
  6
CONTINUOUS
370
    -3
390
F
347
CA3
348
0
  0
LAYER
  5
28F
330
2
100
AcDbSymbolTableRecord
100
AcDbLayerTableRecord
  2
TERMINAL_AF148_1
 70
     0
 62
     7
  6
CONTINUOUS
370
    -3
390
F
347
CA3
348
0
  0
LAYER
  5
290
330
2
100
AcDbSymbolTableRecord
100
AcDbLayerTableRecord
  2
TERMINAL_AF149_1
 70
     0
 62
     7
  6
CONTINUOUS
370
    -3
390
F
347
CA3
348
0
  0
LAYER
  5
291
330
2
100
AcDbSymbolTableRecord
100
AcDbLayerTableRecord
  2
TERMINAL_AF14_1
 70
     0
 62
     7
  6
CONTINUOUS
370
    -3
390
F
347
CA3
348
0
  0
LAYER
  5
292
330
2
100
AcDbSymbolTableRecord
100
AcDbLayerTableRecord
  2
TERMINAL_AF15_1
 70
     0
 62
     7
  6
CONTINUOUS
370
    -3
390
F
347
CA3
348
0
  0
LAYER
  5
293
330
2
100
AcDbSymbolTableRecord
100
AcDbLayerTableRecord
  2
TERMINAL_AF16_1
 70
     0
 62
     7
  6
CONTINUOUS
370
    -3
390
F
347
CA3
348
0
  0
LAYER
  5
294
330
2
100
AcDbSymbolTableRecord
100
AcDbLayerTableRecord
  2
TERMINAL_AF17_1
 70
     0
 62
     7
  6
CONTINUOUS
370
    -3
390
F
347
CA3
348
0
  0
LAYER
  5
295
330
2
100
AcDbSymbolTableRecord
100
AcDbLayerTableRecord
  2
TERMINAL_AF18_1
 70
     0
 62
     7
  6
CONTINUOUS
370
    -3
390
F
347
CA3
348
0
  0
LAYER
  5
296
330
2
100
AcDbSymbolTableRecord
100
AcDbLayerTableRecord
  2
TERMINAL_AF19_1
 70
     0
 62
     7
  6
CONTINUOUS
370
    -3
390
F
347
CA3
348
0
  0
LAYER
  5
297
330
2
100
AcDbSymbolTableRecord
100
AcDbLayerTableRecord
  2
TERMINAL_AF20_1
 70
     0
 62
     7
  6
CONTINUOUS
370
    -3
390
F
347
CA3
348
0
  0
LAYER
  5
298
330
2
100
AcDbSymbolTableRecord
100
AcDbLayerTableRecord
  2
TERMINAL_AF21_1
 70
     0
 62
     7
  6
CONTINUOUS
370
    -3
390
F
347
CA3
348
0
  0
LAYER
  5
299
330
2
100
AcDbSymbolTableRecord
100
AcDbLayerTableRecord
  2
TERMINAL_AF22_1
 70
     0
 62
     7
  6
CONTINUOUS
370
    -3
390
F
347
CA3
348
0
  0
LAYER
  5
29A
330
2
100
AcDbSymbolTableRecord
100
AcDbLayerTableRecord
  2
TERMINAL_AF23_1
 70
     0
 62
     7
  6
CONTINUOUS
370
    -3
390
F
347
CA3
348
0
  0
LAYER
  5
29B
330
2
100
AcDbSymbolTableRecord
100
AcDbLayerTableRecord
  2
TERMINAL_AF24_1
 70
     0
 62
     7
  6
CONTINUOUS
370
    -3
390
F
347
CA3
348
0
  0
LAYER
  5
29C
330
2
100
AcDbSymbolTableRecord
100
AcDbLayerTableRecord
  2
TERMINAL_AF25_1
 70
     0
 62
     7
  6
CONTINUOUS
370
    -3
390
F
347
CA3
348
0
  0
LAYER
  5
29D
330
2
100
AcDbSymbolTableRecord
100
AcDbLayerTableRecord
  2
TERMINAL_AF26_1
 70
     0
 62
     7
  6
CONTINUOUS
370
    -3
390
F
347
CA3
348
0
  0
LAYER
  5
29E
330
2
100
AcDbSymbolTableRecord
100
AcDbLayerTableRecord
  2
TERMINAL_AF27_1
 70
     0
 62
     7
  6
CONTINUOUS
370
    -3
390
F
347
CA3
348
0
  0
LAYER
  5
29F
330
2
100
AcDbSymbolTableRecord
100
AcDbLayerTableRecord
  2
TERMINAL_AF28_1
 70
     0
 62
     7
  6
CONTINUOUS
370
    -3
390
F
347
CA3
348
0
  0
LAYER
  5
2A0
330
2
100
AcDbSymbolTableRecord
100
AcDbLayerTableRecord
  2
TERMINAL_AF29_1
 70
     0
 62
     7
  6
CONTINUOUS
370
    -3
390
F
347
CA3
348
0
  0
LAYER
  5
2A1
330
2
100
AcDbSymbolTableRecord
100
AcDbLayerTableRecord
  2
TERMINAL_AF30_1
 70
     0
 62
     7
  6
CONTINUOUS
370
    -3
390
F
347
CA3
348
0
  0
LAYER
  5
2A2
330
2
100
AcDbSymbolTableRecord
100
AcDbLayerTableRecord
  2
TERMINAL_AF31_1
 70
     0
 62
     7
  6
CONTINUOUS
370
    -3
390
F
347
CA3
348
0
  0
LAYER
  5
2A3
330
2
100
AcDbSymbolTableRecord
100
AcDbLayerTableRecord
  2
TERMINAL_AF32_1
 70
     0
 62
     7
  6
CONTINUOUS
370
    -3
390
F
347
CA3
348
0
  0
LAYER
  5
2A4
330
2
100
AcDbSymbolTableRecord
100
AcDbLayerTableRecord
  2
TERMINAL_AF33_1
 70
     0
 62
     7
  6
CONTINUOUS
370
    -3
390
F
347
CA3
348
0
  0
LAYER
  5
2A5
330
2
100
AcDbSymbolTableRecord
100
AcDbLayerTableRecord
  2
TERMINAL_AF34_1
 70
     0
 62
     7
  6
CONTINUOUS
370
    -3
390
F
347
CA3
348
0
  0
LAYER
  5
2A6
330
2
100
AcDbSymbolTableRecord
100
AcDbLayerTableRecord
  2
TERMINAL_AF35_1
 70
     0
 62
     7
  6
CONTINUOUS
370
    -3
390
F
347
CA3
348
0
  0
LAYER
  5
2A7
330
2
100
AcDbSymbolTableRecord
100
AcDbLayerTableRecord
  2
TERMINAL_AF36_1
 70
     0
 62
     7
  6
CONTINUOUS
370
    -3
390
F
347
CA3
348
0
  0
LAYER
  5
2A8
330
2
100
AcDbSymbolTableRecord
100
AcDbLayerTableRecord
  2
TERMINAL_AF63_1
 70
     0
 62
     7
  6
CONTINUOUS
370
    -3
390
F
347
CA3
348
0
  0
LAYER
  5
2A9
330
2
100
AcDbSymbolTableRecord
100
AcDbLayerTableRecord
  2
TERMINAL_AF64_1
 70
     0
 62
     7
  6
CONTINUOUS
370
    -3
390
F
347
CA3
348
0
  0
LAYER
  5
2AA
330
2
100
AcDbSymbolTableRecord
100
AcDbLayerTableRecord
  2
TERMINAL_AF65_1
 70
     0
 62
     7
  6
CONTINUOUS
370
    -3
390
F
347
CA3
348
0
  0
LAYER
  5
2AB
330
2
100
AcDbSymbolTableRecord
100
AcDbLayerTableRecord
  2
TERMINAL_AF66_1
 70
     0
 62
     7
  6
CONTINUOUS
370
    -3
390
F
347
CA3
348
0
  0
LAYER
  5
2AC
330
2
100
AcDbSymbolTableRecord
100
AcDbLayerTableRecord
  2
TERMINAL_AF67_1
 70
     0
 62
     7
  6
CONTINUOUS
370
    -3
390
F
347
CA3
348
0
  0
LAYER
  5
2AD
330
2
100
AcDbSymbolTableRecord
100
AcDbLayerTableRecord
  2
TERMINAL_AF68_1
 70
     0
 62
     7
  6
CONTINUOUS
370
    -3
390
F
347
CA3
348
0
  0
LAYER
  5
2AE
330
2
100
AcDbSymbolTableRecord
100
AcDbLayerTableRecord
  2
TERMINAL_AF69_1
 70
     0
 62
     7
  6
CONTINUOUS
370
    -3
390
F
347
CA3
348
0
  0
LAYER
  5
2AF
330
2
100
AcDbSymbolTableRecord
100
AcDbLayerTableRecord
  2
TERMINAL_AF70_1
 70
     0
 62
     7
  6
CONTINUOUS
370
    -3
390
F
347
CA3
348
0
  0
LAYER
  5
2B0
330
2
100
AcDbSymbolTableRecord
100
AcDbLayerTableRecord
  2
TERMINAL_AF71_1
 70
     0
 62
     7
  6
CONTINUOUS
370
    -3
390
F
347
CA3
348
0
  0
LAYER
  5
2B1
330
2
100
AcDbSymbolTableRecord
100
AcDbLayerTableRecord
  2
TERMINAL_AF72_1
 70
     0
 62
     7
  6
CONTINUOUS
370
    -3
390
F
347
CA3
348
0
  0
LAYER
  5
2B2
330
2
100
AcDbSymbolTableRecord
100
AcDbLayerTableRecord
  2
TERMINAL_AF73_1
 70
     0
 62
     7
  6
CONTINUOUS
370
    -3
390
F
347
CA3
348
0
  0
LAYER
  5
2B3
330
2
100
AcDbSymbolTableRecord
100
AcDbLayerTableRecord
  2
TERMINAL_AF74_1
 70
     0
 62
     7
  6
CONTINUOUS
370
    -3
390
F
347
CA3
348
0
  0
LAYER
  5
2B4
330
2
100
AcDbSymbolTableRecord
100
AcDbLayerTableRecord
  2
TERMINAL_AF75_1
 70
     0
 62
     7
  6
CONTINUOUS
370
    -3
390
F
347
CA3
348
0
  0
LAYER
  5
2B5
330
2
100
AcDbSymbolTableRecord
100
AcDbLayerTableRecord
  2
TERMINAL_AF76_1
 70
     0
 62
     7
  6
CONTINUOUS
370
    -3
390
F
347
CA3
348
0
  0
LAYER
  5
2B6
330
2
100
AcDbSymbolTableRecord
100
AcDbLayerTableRecord
  2
TERMINAL_AF77_1
 70
     0
 62
     7
  6
CONTINUOUS
370
    -3
390
F
347
CA3
348
0
  0
LAYER
  5
2B7
330
2
100
AcDbSymbolTableRecord
100
AcDbLayerTableRecord
  2
TERMINAL_AF78_1
 70
     0
 62
     7
  6
CONTINUOUS
370
    -3
390
F
347
CA3
348
0
  0
LAYER
  5
2B8
330
2
100
AcDbSymbolTableRecord
100
AcDbLayerTableRecord
  2
TERMINAL_AF79_1
 70
     0
 62
     7
  6
CONTINUOUS
370
    -3
390
F
347
CA3
348
0
  0
LAYER
  5
2B9
330
2
100
AcDbSymbolTableRecord
100
AcDbLayerTableRecord
  2
TERMINAL_AF80_1
 70
     0
 62
     7
  6
CONTINUOUS
370
    -3
390
F
347
CA3
348
0
  0
LAYER
  5
2BA
330
2
100
AcDbSymbolTableRecord
100
AcDbLayerTableRecord
  2
TERMINAL_AF81_1
 70
     0
 62
     7
  6
CONTINUOUS
370
    -3
390
F
347
CA3
348
0
  0
LAYER
  5
2BB
330
2
100
AcDbSymbolTableRecord
100
AcDbLayerTableRecord
  2
TERMINAL_AF82_1
 70
     0
 62
     7
  6
CONTINUOUS
370
    -3
390
F
347
CA3
348
0
  0
LAYER
  5
2BC
330
2
100
AcDbSymbolTableRecord
100
AcDbLayerTableRecord
  2
TERMINAL_AF83_1
 70
     0
 62
     7
  6
CONTINUOUS
370
    -3
390
F
347
CA3
348
0
  0
LAYER
  5
2BD
330
2
100
AcDbSymbolTableRecord
100
AcDbLayerTableRecord
  2
TERMINAL_AF84_1
 70
     0
 62
     7
  6
CONTINUOUS
370
    -3
390
F
347
CA3
348
0
  0
LAYER
  5
2BE
330
2
100
AcDbSymbolTableRecord
100
AcDbLayerTableRecord
  2
TERMINAL_AF85_1
 70
     0
 62
     7
  6
CONTINUOUS
370
    -3
390
F
347
CA3
348
0
  0
LAYER
  5
2BF
330
2
100
AcDbSymbolTableRecord
100
AcDbLayerTableRecord
  2
TERMINAL_AF86_1
 70
     0
 62
     7
  6
CONTINUOUS
370
    -3
390
F
347
CA3
348
0
  0
LAYER
  5
2C0
330
2
100
AcDbSymbolTableRecord
100
AcDbLayerTableRecord
  2
XSEC_DATUMS
 70
     0
 62
     7
  6
CONTINUOUS
370
    -3
390
F
347
CA3
348
0
  0
LAYER
  5
2C1
330
2
100
AcDbSymbolTableRecord
100
AcDbLayerTableRecord
  2
_13980
 70
     0
 62
     7
  6
CONTINUOUS
370
    -3
390
F
347
CA3
348
0
  0
LAYER
  5
2C2
330
2
100
AcDbSymbolTableRecord
100
AcDbLayerTableRecord
  2
_13985
 70
     0
 62
     7
  6
CONTINUOUS
370
    -3
390
F
347
CA3
348
0
  0
LAYER
  5
2C3
330
2
100
AcDbSymbolTableRecord
100
AcDbLayerTableRecord
  2
_13989
 70
     0
 62
     7
  6
CONTINUOUS
370
    -3
390
F
347
CA3
348
0
  0
LAYER
  5
2C4
330
2
100
AcDbSymbolTableRecord
100
AcDbLayerTableRecord
  2
_14004
 70
     0
 62
     7
  6
CONTINUOUS
370
    -3
390
F
347
CA3
348
0
  0
LAYER
  5
2C5
330
2
100
AcDbSymbolTableRecord
100
AcDbLayerTableRecord
  2
_14010
 70
     0
 62
     7
  6
CONTINUOUS
370
    -3
390
F
347
CA3
348
0
  0
LAYER
  5
2C6
330
2
100
AcDbSymbolTableRecord
100
AcDbLayerTableRecord
  2
_14024
 70
     0
 62
     7
  6
CONTINUOUS
370
    -3
390
F
347
CA3
348
0
  0
LAYER
  5
2C7
330
2
100
AcDbSymbolTableRecord
100
AcDbLayerTableRecord
  2
_14027
 70
     0
 62
     7
  6
CONTINUOUS
370
    -3
390
F
347
CA3
348
0
  0
LAYER
  5
2C8
330
2
100
AcDbSymbolTableRecord
100
AcDbLayerTableRecord
  2
_14041
 70
     0
 62
     7
  6
CONTINUOUS
370
    -3
390
F
347
CA3
348
0
  0
LAYER
  5
2C9
330
2
100
AcDbSymbolTableRecord
100
AcDbLayerTableRecord
  2
_14047
 70
     0
 62
     7
  6
CONTINUOUS
370
    -3
390
F
347
CA3
348
0
  0
LAYER
  5
2CA
330
2
100
AcDbSymbolTableRecord
100
AcDbLayerTableRecord
  2
_14057
 70
     0
 62
     7
  6
CONTINUOUS
370
    -3
390
F
347
CA3
348
0
  0
LAYER
  5
2CB
330
2
100
AcDbSymbolTableRecord
100
AcDbLayerTableRecord
  2
_14066
 70
     0
 62
     7
  6
CONTINUOUS
370
    -3
390
F
347
CA3
348
0
  0
LAYER
  5
2CC
330
2
100
AcDbSymbolTableRecord
100
AcDbLayerTableRecord
  2
_14073
 70
     0
 62
     7
  6
CONTINUOUS
370
    -3
390
F
347
CA3
348
0
  0
LAYER
  5
2CD
330
2
100
AcDbSymbolTableRecord
100
AcDbLayerTableRecord
  2
_14086
 70
     0
 62
     7
  6
CONTINUOUS
370
    -3
390
F
347
CA3
348
0
  0
LAYER
  5
2CE
330
2
100
AcDbSymbolTableRecord
100
AcDbLayerTableRecord
  2
_14092
 70
     0
 62
     7
  6
CONTINUOUS
370
    -3
390
F
347
CA3
348
0
  0
LAYER
  5
2CF
330
2
100
AcDbSymbolTableRecord
100
AcDbLayerTableRecord
  2
_14098
 70
     0
 62
     7
  6
CONTINUOUS
370
    -3
390
F
347
CA3
348
0
  0
LAYER
  5
2D0
330
2
100
AcDbSymbolTableRecord
100
AcDbLayerTableRecord
  2
_14109
 70
     0
 62
     7
  6
CONTINUOUS
370
    -3
390
F
347
CA3
348
0
  0
LAYER
  5
2D1
330
2
100
AcDbSymbolTableRecord
100
AcDbLayerTableRecord
  2
_14119
 70
     0
 62
     7
  6
CONTINUOUS
370
    -3
390
F
347
CA3
348
0
  0
LAYER
  5
2D2
330
2
100
AcDbSymbolTableRecord
100
AcDbLayerTableRecord
  2
_14128
 70
     0
 62
     7
  6
CONTINUOUS
370
    -3
390
F
347
CA3
348
0
  0
LAYER
  5
2D3
330
2
100
AcDbSymbolTableRecord
100
AcDbLayerTableRecord
  2
_14137
 70
     0
 62
     7
  6
CONTINUOUS
370
    -3
390
F
347
CA3
348
0
  0
LAYER
  5
2D4
330
2
100
AcDbSymbolTableRecord
100
AcDbLayerTableRecord
  2
_14147
 70
     0
 62
     7
  6
CONTINUOUS
370
    -3
390
F
347
CA3
348
0
  0
LAYER
  5
2D5
330
2
100
AcDbSymbolTableRecord
100
AcDbLayerTableRecord
  2
_14156
 70
     0
 62
     7
  6
CONTINUOUS
370
    -3
390
F
347
CA3
348
0
  0
LAYER
  5
2D6
330
2
100
AcDbSymbolTableRecord
100
AcDbLayerTableRecord
  2
_14161
 70
     0
 62
     7
  6
CONTINUOUS
370
    -3
390
F
347
CA3
348
0
  0
LAYER
  5
2D7
330
2
100
AcDbSymbolTableRecord
100
AcDbLayerTableRecord
  2
_14172
 70
     0
 62
     7
  6
CONTINUOUS
370
    -3
390
F
347
CA3
348
0
  0
LAYER
  5
2D8
330
2
100
AcDbSymbolTableRecord
100
AcDbLayerTableRecord
  2
_14182
 70
     0
 62
     7
  6
CONTINUOUS
370
    -3
390
F
347
CA3
348
0
  0
LAYER
  5
2D9
330
2
100
AcDbSymbolTableRecord
100
AcDbLayerTableRecord
  2
_14192
 70
     0
 62
     7
  6
CONTINUOUS
370
    -3
390
F
347
CA3
348
0
  0
LAYER
  5
2DA
330
2
100
AcDbSymbolTableRecord
100
AcDbLayerTableRecord
  2
_14195
 70
     0
 62
     7
  6
CONTINUOUS
370
    -3
390
F
347
CA3
348
0
  0
LAYER
  5
2DB
330
2
100
AcDbSymbolTableRecord
100
AcDbLayerTableRecord
  2
_14209
 70
     0
 62
     7
  6
CONTINUOUS
370
    -3
390
F
347
CA3
348
0
  0
LAYER
  5
2DC
330
2
100
AcDbSymbolTableRecord
100
AcDbLayerTableRecord
  2
_14218
 70
     0
 62
     7
  6
CONTINUOUS
370
    -3
390
F
347
CA3
348
0
  0
LAYER
  5
2DD
330
2
100
AcDbSymbolTableRecord
100
AcDbLayerTableRecord
  2
_14227
 70
     0
 62
     7
  6
CONTINUOUS
370
    -3
390
F
347
CA3
348
0
  0
LAYER
  5
2DE
330
2
100
AcDbSymbolTableRecord
100
AcDbLayerTableRecord
  2
_14233
 70
     0
 62
     7
  6
CONTINUOUS
370
    -3
390
F
347
CA3
348
0
  0
LAYER
  5
2DF
330
2
100
AcDbSymbolTableRecord
100
AcDbLayerTableRecord
  2
_14245
 70
     0
 62
     7
  6
CONTINUOUS
370
    -3
390
F
347
CA3
348
0
  0
LAYER
  5
2E0
330
2
100
AcDbSymbolTableRecord
100
AcDbLayerTableRecord
  2
_14254
 70
     0
 62
     7
  6
CONTINUOUS
370
    -3
390
F
347
CA3
348
0
  0
LAYER
  5
2E1
330
2
100
AcDbSymbolTableRecord
100
AcDbLayerTableRecord
  2
_14264
 70
     0
 62
     7
  6
CONTINUOUS
370
    -3
390
F
347
CA3
348
0
  0
LAYER
  5
2E2
330
2
100
AcDbSymbolTableRecord
100
AcDbLayerTableRecord
  2
_14268
 70
     0
 62
     7
  6
CONTINUOUS
370
    -3
390
F
347
CA3
348
0
  0
LAYER
  5
2E3
330
2
100
AcDbSymbolTableRecord
100
AcDbLayerTableRecord
  2
_14281
 70
     0
 62
     7
  6
CONTINUOUS
370
    -3
390
F
347
CA3
348
0
  0
LAYER
  5
2E4
330
2
100
AcDbSymbolTableRecord
100
AcDbLayerTableRecord
  2
_14290
 70
     0
 62
     7
  6
CONTINUOUS
370
    -3
390
F
347
CA3
348
0
  0
LAYER
  5
2E5
330
2
100
AcDbSymbolTableRecord
100
AcDbLayerTableRecord
  2
_14299
 70
     0
 62
     7
  6
CONTINUOUS
370
    -3
390
F
347
CA3
348
0
  0
LAYER
  5
2E6
330
2
100
AcDbSymbolTableRecord
100
AcDbLayerTableRecord
  2
_14309
 70
     0
 62
     7
  6
CONTINUOUS
370
    -3
390
F
347
CA3
348
0
  0
LAYER
  5
2E7
330
2
100
AcDbSymbolTableRecord
100
AcDbLayerTableRecord
  2
_14317
 70
     0
 62
     7
  6
CONTINUOUS
370
    -3
390
F
347
CA3
348
0
  0
LAYER
  5
2E8
330
2
100
AcDbSymbolTableRecord
100
AcDbLayerTableRecord
  2
_14327
 70
     0
 62
     7
  6
CONTINUOUS
370
    -3
390
F
347
CA3
348
0
  0
LAYER
  5
2E9
330
2
100
AcDbSymbolTableRecord
100
AcDbLayerTableRecord
  2
_14335
 70
     0
 62
     7
  6
CONTINUOUS
370
    -3
390
F
347
CA3
348
0
  0
LAYER
  5
2EA
330
2
100
AcDbSymbolTableRecord
100
AcDbLayerTableRecord
  2
_14345
 70
     0
 62
     7
  6
CONTINUOUS
370
    -3
390
F
347
CA3
348
0
  0
LAYER
  5
2EB
330
2
100
AcDbSymbolTableRecord
100
AcDbLayerTableRecord
  2
_14352
 70
     0
 62
     7
  6
CONTINUOUS
370
    -3
390
F
347
CA3
348
0
  0
LAYER
  5
2EC
330
2
100
AcDbSymbolTableRecord
100
AcDbLayerTableRecord
  2
_14362
 70
     0
 62
     7
  6
CONTINUOUS
370
    -3
390
F
347
CA3
348
0
  0
LAYER
  5
2ED
330
2
100
AcDbSymbolTableRecord
100
AcDbLayerTableRecord
  2
_14367
 70
     0
 62
     7
  6
CONTINUOUS
370
    -3
390
F
347
CA3
348
0
  0
LAYER
  5
2EE
330
2
100
AcDbSymbolTableRecord
100
AcDbLayerTableRecord
  2
_14375
 70
     0
 62
     7
  6
CONTINUOUS
370
    -3
390
F
347
CA3
348
0
  0
LAYER
  5
2EF
330
2
100
AcDbSymbolTableRecord
100
AcDbLayerTableRecord
  2
_14382
 70
     0
 62
     7
  6
CONTINUOUS
370
    -3
390
F
347
CA3
348
0
  0
LAYER
  5
2F0
330
2
100
AcDbSymbolTableRecord
100
AcDbLayerTableRecord
  2
_14388
 70
     0
 62
     7
  6
CONTINUOUS
370
    -3
390
F
347
CA3
348
0
  0
LAYER
  5
2F1
330
2
100
AcDbSymbolTableRecord
100
AcDbLayerTableRecord
  2
_14397
 70
     0
 62
     7
  6
CONTINUOUS
370
    -3
390
F
347
CA3
348
0
  0
LAYER
  5
2F2
330
2
100
AcDbSymbolTableRecord
100
AcDbLayerTableRecord
  2
_14402
 70
     0
 62
     7
  6
CONTINUOUS
370
    -3
390
F
347
CA3
348
0
  0
LAYER
  5
2F3
330
2
100
AcDbSymbolTableRecord
100
AcDbLayerTableRecord
  2
_14412
 70
     0
 62
     7
  6
CONTINUOUS
370
    -3
390
F
347
CA3
348
0
  0
LAYER
  5
2F4
330
2
100
AcDbSymbolTableRecord
100
AcDbLayerTableRecord
  2
_14417
 70
     0
 62
     7
  6
CONTINUOUS
370
    -3
390
F
347
CA3
348
0
  0
LAYER
  5
2F5
330
2
100
AcDbSymbolTableRecord
100
AcDbLayerTableRecord
  2
_14425
 70
     0
 62
     7
  6
CONTINUOUS
370
    -3
390
F
347
CA3
348
0
  0
LAYER
  5
2F6
330
2
100
AcDbSymbolTableRecord
100
AcDbLayerTableRecord
  2
_14432
 70
     0
 62
     7
  6
CONTINUOUS
370
    -3
390
F
347
CA3
348
0
  0
LAYER
  5
2F7
330
2
100
AcDbSymbolTableRecord
100
AcDbLayerTableRecord
  2
_14438
 70
     0
 62
     7
  6
CONTINUOUS
370
    -3
390
F
347
CA3
348
0
  0
LAYER
  5
2F8
330
2
100
AcDbSymbolTableRecord
100
AcDbLayerTableRecord
  2
_14447
 70
     0
 62
     7
  6
CONTINUOUS
370
    -3
390
F
347
CA3
348
0
  0
LAYER
  5
2F9
330
2
100
AcDbSymbolTableRecord
100
AcDbLayerTableRecord
  2
_14452
 70
     0
 62
     7
  6
CONTINUOUS
370
    -3
390
F
347
CA3
348
0
  0
LAYER
  5
2FA
330
2
100
AcDbSymbolTableRecord
100
AcDbLayerTableRecord
  2
_14462
 70
     0
 62
     7
  6
CONTINUOUS
370
    -3
390
F
347
CA3
348
0
  0
LAYER
  5
2FB
330
2
100
AcDbSymbolTableRecord
100
AcDbLayerTableRecord
  2
_14467
 70
     0
 62
     7
  6
CONTINUOUS
370
    -3
390
F
347
CA3
348
0
  0
LAYER
  5
2FC
330
2
100
AcDbSymbolTableRecord
100
AcDbLayerTableRecord
  2
_14475
 70
     0
 62
     7
  6
CONTINUOUS
370
    -3
390
F
347
CA3
348
0
  0
LAYER
  5
2FD
330
2
100
AcDbSymbolTableRecord
100
AcDbLayerTableRecord
  2
_14482
 70
     0
 62
     7
  6
CONTINUOUS
370
    -3
390
F
347
CA3
348
0
  0
LAYER
  5
2FE
330
2
100
AcDbSymbolTableRecord
100
AcDbLayerTableRecord
  2
_14488
 70
     0
 62
     7
  6
CONTINUOUS
370
    -3
390
F
347
CA3
348
0
  0
LAYER
  5
2FF
330
2
100
AcDbSymbolTableRecord
100
AcDbLayerTableRecord
  2
_14499
 70
     0
 62
     7
  6
CONTINUOUS
370
    -3
390
F
347
CA3
348
0
  0
LAYER
  5
300
330
2
100
AcDbSymbolTableRecord
100
AcDbLayerTableRecord
  2
_14502
 70
     0
 62
     7
  6
CONTINUOUS
370
    -3
390
F
347
CA3
348
0
  0
LAYER
  5
301
330
2
100
AcDbSymbolTableRecord
100
AcDbLayerTableRecord
  2
_14510
 70
     0
 62
     7
  6
CONTINUOUS
370
    -3
390
F
347
CA3
348
0
  0
LAYER
  5
302
330
2
100
AcDbSymbolTableRecord
100
AcDbLayerTableRecord
  2
_14516
 70
     0
 62
     7
  6
CONTINUOUS
370
    -3
390
F
347
CA3
348
0
  0
LAYER
  5
303
330
2
100
AcDbSymbolTableRecord
100
AcDbLayerTableRecord
  2
_14523
 70
     0
 62
     7
  6
CONTINUOUS
370
    -3
390
F
347
CA3
348
0
  0
LAYER
  5
304
330
2
100
AcDbSymbolTableRecord
100
AcDbLayerTableRecord
  2
_14527
 70
     0
 62
     7
  6
CONTINUOUS
370
    -3
390
F
347
CA3
348
0
  0
LAYER
  5
305
330
2
100
AcDbSymbolTableRecord
100
AcDbLayerTableRecord
  2
_14535
 70
     0
 62
     7
  6
CONTINUOUS
370
    -3
390
F
347
CA3
348
0
  0
LAYER
  5
306
330
2
100
AcDbSymbolTableRecord
100
AcDbLayerTableRecord
  2
_14540
 70
     0
 62
     7
  6
CONTINUOUS
370
    -3
390
F
347
CA3
348
0
  0
LAYER
  5
307
330
2
100
AcDbSymbolTableRecord
100
AcDbLayerTableRecord
  2
_14548
 70
     0
 62
     7
  6
CONTINUOUS
370
    -3
390
F
347
CA3
348
0
  0
LAYER
  5
308
330
2
100
AcDbSymbolTableRecord
100
AcDbLayerTableRecord
  2
_14554
 70
     0
 62
     7
  6
CONTINUOUS
370
    -3
390
F
347
CA3
348
0
  0
LAYER
  5
309
330
2
100
AcDbSymbolTableRecord
100
AcDbLayerTableRecord
  2
_14564
 70
     0
 62
     7
  6
CONTINUOUS
370
    -3
390
F
347
CA3
348
0
  0
LAYER
  5
30A
330
2
100
AcDbSymbolTableRecord
100
AcDbLayerTableRecord
  2
_14570
 70
     0
 62
     7
  6
CONTINUOUS
370
    -3
390
F
347
CA3
348
0
  0
LAYER
  5
30B
330
2
100
AcDbSymbolTableRecord
100
AcDbLayerTableRecord
  2
_14576
 70
     0
 62
     7
  6
CONTINUOUS
370
    -3
390
F
347
CA3
348
0
  0
LAYER
  5
30C
330
2
100
AcDbSymbolTableRecord
100
AcDbLayerTableRecord
  2
_14584
 70
     0
 62
     7
  6
CONTINUOUS
370
    -3
390
F
347
CA3
348
0
  0
LAYER
  5
30D
330
2
100
AcDbSymbolTableRecord
100
AcDbLayerTableRecord
  2
_14589
 70
     0
 62
     7
  6
CONTINUOUS
370
    -3
390
F
347
CA3
348
0
  0
LAYER
  5
30E
330
2
100
AcDbSymbolTableRecord
100
AcDbLayerTableRecord
  2
_14600
 70
     0
 62
     7
  6
CONTINUOUS
370
    -3
390
F
347
CA3
348
0
  0
LAYER
  5
30F
330
2
100
AcDbSymbolTableRecord
100
AcDbLayerTableRecord
  2
_14605
 70
     0
 62
     7
  6
CONTINUOUS
370
    -3
390
F
347
CA3
348
0
  0
LAYER
  5
310
330
2
100
AcDbSymbolTableRecord
100
AcDbLayerTableRecord
  2
_14614
 70
     0
 62
     7
  6
CONTINUOUS
370
    -3
390
F
347
CA3
348
0
  0
LAYER
  5
311
330
2
100
AcDbSymbolTableRecord
100
AcDbLayerTableRecord
  2
_14619
 70
     0
 62
     7
  6
CONTINUOUS
370
    -3
390
F
347
CA3
348
0
  0
LAYER
  5
312
330
2
100
AcDbSymbolTableRecord
100
AcDbLayerTableRecord
  2
_14626
 70
     0
 62
     7
  6
CONTINUOUS
370
    -3
390
F
347
CA3
348
0
  0
LAYER
  5
313
330
2
100
AcDbSymbolTableRecord
100
AcDbLayerTableRecord
  2
_14636
 70
     0
 62
     7
  6
CONTINUOUS
370
    -3
390
F
347
CA3
348
0
  0
LAYER
  5
314
330
2
100
AcDbSymbolTableRecord
100
AcDbLayerTableRecord
  2
_14641
 70
     0
 62
     7
  6
CONTINUOUS
370
    -3
390
F
347
CA3
348
0
  0
LAYER
  5
315
330
2
100
AcDbSymbolTableRecord
100
AcDbLayerTableRecord
  2
_14650
 70
     0
 62
     7
  6
CONTINUOUS
370
    -3
390
F
347
CA3
348
0
  0
LAYER
  5
316
330
2
100
AcDbSymbolTableRecord
100
AcDbLayerTableRecord
  2
_14655
 70
     0
 62
     7
  6
CONTINUOUS
370
    -3
390
F
347
CA3
348
0
  0
LAYER
  5
317
330
2
100
AcDbSymbolTableRecord
100
AcDbLayerTableRecord
  2
_14664
 70
     0
 62
     7
  6
CONTINUOUS
370
    -3
390
F
347
CA3
348
0
  0
LAYER
  5
318
330
2
100
AcDbSymbolTableRecord
100
AcDbLayerTableRecord
  2
_14670
 70
     0
 62
     7
  6
CONTINUOUS
370
    -3
390
F
347
CA3
348
0
  0
LAYER
  5
319
330
2
100
AcDbSymbolTableRecord
100
AcDbLayerTableRecord
  2
_14679
 70
     0
 62
     7
  6
CONTINUOUS
370
    -3
390
F
347
CA3
348
0
  0
LAYER
  5
31A
330
2
100
AcDbSymbolTableRecord
100
AcDbLayerTableRecord
  2
_14693
 70
     0
 62
     7
  6
CONTINUOUS
370
    -3
390
F
347
CA3
348
0
  0
LAYER
  5
31B
330
2
100
AcDbSymbolTableRecord
100
AcDbLayerTableRecord
  2
_14701
 70
     0
 62
     7
  6
CONTINUOUS
370
    -3
390
F
347
CA3
348
0
  0
LAYER
  5
31C
330
2
100
AcDbSymbolTableRecord
100
AcDbLayerTableRecord
  2
_14717
 70
     0
 62
     7
  6
CONTINUOUS
370
    -3
390
F
347
CA3
348
0
  0
LAYER
  5
31D
330
2
100
AcDbSymbolTableRecord
100
AcDbLayerTableRecord
  2
_14730
 70
     0
 62
     7
  6
CONTINUOUS
370
    -3
390
F
347
CA3
348
0
  0
LAYER
  5
31E
330
2
100
AcDbSymbolTableRecord
100
AcDbLayerTableRecord
  2
_14741
 70
     0
 62
     7
  6
CONTINUOUS
370
    -3
390
F
347
CA3
348
0
  0
LAYER
  5
31F
330
2
100
AcDbSymbolTableRecord
100
AcDbLayerTableRecord
  2
_14753
 70
     0
 62
     7
  6
CONTINUOUS
370
    -3
390
F
347
CA3
348
0
  0
LAYER
  5
320
330
2
100
AcDbSymbolTableRecord
100
AcDbLayerTableRecord
  2
_14765
 70
     0
 62
     7
  6
CONTINUOUS
370
    -3
390
F
347
CA3
348
0
  0
LAYER
  5
321
330
2
100
AcDbSymbolTableRecord
100
AcDbLayerTableRecord
  2
_14776
 70
     0
 62
     7
  6
CONTINUOUS
370
    -3
390
F
347
CA3
348
0
  0
LAYER
  5
322
330
2
100
AcDbSymbolTableRecord
100
AcDbLayerTableRecord
  2
_14788
 70
     0
 62
     7
  6
CONTINUOUS
370
    -3
390
F
347
CA3
348
0
  0
LAYER
  5
323
330
2
100
AcDbSymbolTableRecord
100
AcDbLayerTableRecord
  2
_14800
 70
     0
 62
     7
  6
CONTINUOUS
370
    -3
390
F
347
CA3
348
0
  0
LAYER
  5
324
330
2
100
AcDbSymbolTableRecord
100
AcDbLayerTableRecord
  2
_14811
 70
     0
 62
     7
  6
CONTINUOUS
370
    -3
390
F
347
CA3
348
0
  0
LAYER
  5
325
330
2
100
AcDbSymbolTableRecord
100
AcDbLayerTableRecord
  2
_14823
 70
     0
 62
     7
  6
CONTINUOUS
370
    -3
390
F
347
CA3
348
0
  0
LAYER
  5
326
330
2
100
AcDbSymbolTableRecord
100
AcDbLayerTableRecord
  2
_14835
 70
     0
 62
     7
  6
CONTINUOUS
370
    -3
390
F
347
CA3
348
0
  0
LAYER
  5
327
330
2
100
AcDbSymbolTableRecord
100
AcDbLayerTableRecord
  2
_14846
 70
     0
 62
     7
  6
CONTINUOUS
370
    -3
390
F
347
CA3
348
0
  0
LAYER
  5
328
330
2
100
AcDbSymbolTableRecord
100
AcDbLayerTableRecord
  2
_14858
 70
     0
 62
     7
  6
CONTINUOUS
370
    -3
390
F
347
CA3
348
0
  0
LAYER
  5
329
330
2
100
AcDbSymbolTableRecord
100
AcDbLayerTableRecord
  2
_14870
 70
     0
 62
     7
  6
CONTINUOUS
370
    -3
390
F
347
CA3
348
0
  0
LAYER
  5
32A
330
2
100
AcDbSymbolTableRecord
100
AcDbLayerTableRecord
  2
_14881
 70
     0
 62
     7
  6
CONTINUOUS
370
    -3
390
F
347
CA3
348
0
  0
LAYER
  5
32B
330
2
100
AcDbSymbolTableRecord
100
AcDbLayerTableRecord
  2
_14894
 70
     0
 62
     7
  6
CONTINUOUS
370
    -3
390
F
347
CA3
348
0
  0
LAYER
  5
32C
330
2
100
AcDbSymbolTableRecord
100
AcDbLayerTableRecord
  2
_14905
 70
     0
 62
     7
  6
CONTINUOUS
370
    -3
390
F
347
CA3
348
0
  0
LAYER
  5
32D
330
2
100
AcDbSymbolTableRecord
100
AcDbLayerTableRecord
  2
_14917
 70
     0
 62
     7
  6
CONTINUOUS
370
    -3
390
F
347
CA3
348
0
  0
LAYER
  5
32E
330
2
100
AcDbSymbolTableRecord
100
AcDbLayerTableRecord
  2
_14929
 70
     0
 62
     7
  6
CONTINUOUS
370
    -3
390
F
347
CA3
348
0
  0
LAYER
  5
32F
330
2
100
AcDbSymbolTableRecord
100
AcDbLayerTableRecord
  2
_14940
 70
     0
 62
     7
  6
CONTINUOUS
370
    -3
390
F
347
CA3
348
0
  0
LAYER
  5
330
330
2
100
AcDbSymbolTableRecord
100
AcDbLayerTableRecord
  2
_14952
 70
     0
 62
     7
  6
CONTINUOUS
370
    -3
390
F
347
CA3
348
0
  0
LAYER
  5
331
330
2
100
AcDbSymbolTableRecord
100
AcDbLayerTableRecord
  2
_14964
 70
     0
 62
     7
  6
CONTINUOUS
370
    -3
390
F
347
CA3
348
0
  0
LAYER
  5
332
330
2
100
AcDbSymbolTableRecord
100
AcDbLayerTableRecord
  2
_14970
 70
     0
 62
     7
  6
CONTINUOUS
370
    -3
390
F
347
CA3
348
0
  0
LAYER
  5
333
330
2
100
AcDbSymbolTableRecord
100
AcDbLayerTableRecord
  2
_14986
 70
     0
 62
     7
  6
CONTINUOUS
370
    -3
390
F
347
CA3
348
0
  0
LAYER
  5
334
330
2
100
AcDbSymbolTableRecord
100
AcDbLayerTableRecord
  2
_14992
 70
     0
 62
     7
  6
CONTINUOUS
370
    -3
390
F
347
CA3
348
0
  0
LAYER
  5
335
330
2
100
AcDbSymbolTableRecord
100
AcDbLayerTableRecord
  2
_15003
 70
     0
 62
     7
  6
CONTINUOUS
370
    -3
390
F
347
CA3
348
0
  0
LAYER
  5
336
330
2
100
AcDbSymbolTableRecord
100
AcDbLayerTableRecord
  2
_15019
 70
     0
 62
     7
  6
CONTINUOUS
370
    -3
390
F
347
CA3
348
0
  0
LAYER
  5
337
330
2
100
AcDbSymbolTableRecord
100
AcDbLayerTableRecord
  2
_15026
 70
     0
 62
     7
  6
CONTINUOUS
370
    -3
390
F
347
CA3
348
0
  0
LAYER
  5
338
330
2
100
AcDbSymbolTableRecord
100
AcDbLayerTableRecord
  2
_15036
 70
     0
 62
     7
  6
CONTINUOUS
370
    -3
390
F
347
CA3
348
0
  0
LAYER
  5
339
330
2
100
AcDbSymbolTableRecord
100
AcDbLayerTableRecord
  2
_15052
 70
     0
 62
     7
  6
CONTINUOUS
370
    -3
390
F
347
CA3
348
0
  0
LAYER
  5
33A
330
2
100
AcDbSymbolTableRecord
100
AcDbLayerTableRecord
  2
_15058
 70
     0
 62
     7
  6
CONTINUOUS
370
    -3
390
F
347
CA3
348
0
  0
LAYER
  5
33B
330
2
100
AcDbSymbolTableRecord
100
AcDbLayerTableRecord
  2
_15069
 70
     0
 62
     7
  6
CONTINUOUS
370
    -3
390
F
347
CA3
348
0
  0
LAYER
  5
33C
330
2
100
AcDbSymbolTableRecord
100
AcDbLayerTableRecord
  2
_15085
 70
     0
 62
     7
  6
CONTINUOUS
370
    -3
390
F
347
CA3
348
0
  0
LAYER
  5
33D
330
2
100
AcDbSymbolTableRecord
100
AcDbLayerTableRecord
  2
_15091
 70
     0
 62
     7
  6
CONTINUOUS
370
    -3
390
F
347
CA3
348
0
  0
LAYER
  5
33E
330
2
100
AcDbSymbolTableRecord
100
AcDbLayerTableRecord
  2
_15102
 70
     0
 62
     7
  6
CONTINUOUS
370
    -3
390
F
347
CA3
348
0
  0
LAYER
  5
33F
330
2
100
AcDbSymbolTableRecord
100
AcDbLayerTableRecord
  2
_15118
 70
     0
 62
     7
  6
CONTINUOUS
370
    -3
390
F
347
CA3
348
0
  0
LAYER
  5
340
330
2
100
AcDbSymbolTableRecord
100
AcDbLayerTableRecord
  2
_15125
 70
     0
 62
     7
  6
CONTINUOUS
370
    -3
390
F
347
CA3
348
0
  0
LAYER
  5
341
330
2
100
AcDbSymbolTableRecord
100
AcDbLayerTableRecord
  2
_15134
 70
     0
 62
     7
  6
CONTINUOUS
370
    -3
390
F
347
CA3
348
0
  0
LAYER
  5
342
330
2
100
AcDbSymbolTableRecord
100
AcDbLayerTableRecord
  2
_15150
 70
     0
 62
     7
  6
CONTINUOUS
370
    -3
390
F
347
CA3
348
0
  0
LAYER
  5
343
330
2
100
AcDbSymbolTableRecord
100
AcDbLayerTableRecord
  2
_15157
 70
     0
 62
     7
  6
CONTINUOUS
370
    -3
390
F
347
CA3
348
0
  0
LAYER
  5
344
330
2
100
AcDbSymbolTableRecord
100
AcDbLayerTableRecord
  2
_15168
 70
     0
 62
     7
  6
CONTINUOUS
370
    -3
390
F
347
CA3
348
0
  0
LAYER
  5
345
330
2
100
AcDbSymbolTableRecord
100
AcDbLayerTableRecord
  2
_15184
 70
     0
 62
     7
  6
CONTINUOUS
370
    -3
390
F
347
CA3
348
0
  0
LAYER
  5
346
330
2
100
AcDbSymbolTableRecord
100
AcDbLayerTableRecord
  2
_15189
 70
     0
 62
     7
  6
CONTINUOUS
370
    -3
390
F
347
CA3
348
0
  0
LAYER
  5
347
330
2
100
AcDbSymbolTableRecord
100
AcDbLayerTableRecord
  2
_15206
 70
     0
 62
     7
  6
CONTINUOUS
370
    -3
390
F
347
CA3
348
0
  0
LAYER
  5
348
330
2
100
AcDbSymbolTableRecord
100
AcDbLayerTableRecord
  2
_15218
 70
     0
 62
     7
  6
CONTINUOUS
370
    -3
390
F
347
CA3
348
0
  0
LAYER
  5
349
330
2
100
AcDbSymbolTableRecord
100
AcDbLayerTableRecord
  2
_15224
 70
     0
 62
     7
  6
CONTINUOUS
370
    -3
390
F
347
CA3
348
0
  0
LAYER
  5
34A
330
2
100
AcDbSymbolTableRecord
100
AcDbLayerTableRecord
  2
_15240
 70
     0
 62
     7
  6
CONTINUOUS
370
    -3
390
F
347
CA3
348
0
  0
LAYER
  5
34B
330
2
100
AcDbSymbolTableRecord
100
AcDbLayerTableRecord
  2
_15252
 70
     0
 62
     7
  6
CONTINUOUS
370
    -3
390
F
347
CA3
348
0
  0
LAYER
  5
34C
330
2
100
AcDbSymbolTableRecord
100
AcDbLayerTableRecord
  2
_15263
 70
     0
 62
     7
  6
CONTINUOUS
370
    -3
390
F
347
CA3
348
0
  0
LAYER
  5
34D
330
2
100
AcDbSymbolTableRecord
100
AcDbLayerTableRecord
  2
_15276
 70
     0
 62
     7
  6
CONTINUOUS
370
    -3
390
F
347
CA3
348
0
  0
LAYER
  5
34E
330
2
100
AcDbSymbolTableRecord
100
AcDbLayerTableRecord
  2
_15287
 70
     0
 62
     7
  6
CONTINUOUS
370
    -3
390
F
347
CA3
348
0
  0
LAYER
  5
34F
330
2
100
AcDbSymbolTableRecord
100
AcDbLayerTableRecord
  2
_15299
 70
     0
 62
     7
  6
CONTINUOUS
370
    -3
390
F
347
CA3
348
0
  0
LAYER
  5
350
330
2
100
AcDbSymbolTableRecord
100
AcDbLayerTableRecord
  2
_15311
 70
     0
 62
     7
  6
CONTINUOUS
370
    -3
390
F
347
CA3
348
0
  0
LAYER
  5
351
330
2
100
AcDbSymbolTableRecord
100
AcDbLayerTableRecord
  2
_15322
 70
     0
 62
     7
  6
CONTINUOUS
370
    -3
390
F
347
CA3
348
0
  0
LAYER
  5
352
330
2
100
AcDbSymbolTableRecord
100
AcDbLayerTableRecord
  2
_15334
 70
     0
 62
     7
  6
CONTINUOUS
370
    -3
390
F
347
CA3
348
0
  0
LAYER
  5
353
330
2
100
AcDbSymbolTableRecord
100
AcDbLayerTableRecord
  2
_15346
 70
     0
 62
     7
  6
CONTINUOUS
370
    -3
390
F
347
CA3
348
0
  0
LAYER
  5
354
330
2
100
AcDbSymbolTableRecord
100
AcDbLayerTableRecord
  2
_15358
 70
     0
 62
     7
  6
CONTINUOUS
370
    -3
390
F
347
CA3
348
0
  0
LAYER
  5
355
330
2
100
AcDbSymbolTableRecord
100
AcDbLayerTableRecord
  2
_15370
 70
     0
 62
     7
  6
CONTINUOUS
370
    -3
390
F
347
CA3
348
0
  0
LAYER
  5
356
330
2
100
AcDbSymbolTableRecord
100
AcDbLayerTableRecord
  2
_15381
 70
     0
 62
     7
  6
CONTINUOUS
370
    -3
390
F
347
CA3
348
0
  0
LAYER
  5
357
330
2
100
AcDbSymbolTableRecord
100
AcDbLayerTableRecord
  2
_15393
 70
     0
 62
     7
  6
CONTINUOUS
370
    -3
390
F
347
CA3
348
0
  0
LAYER
  5
358
330
2
100
AcDbSymbolTableRecord
100
AcDbLayerTableRecord
  2
_15405
 70
     0
 62
     7
  6
CONTINUOUS
370
    -3
390
F
347
CA3
348
0
  0
LAYER
  5
359
330
2
100
AcDbSymbolTableRecord
100
AcDbLayerTableRecord
  2
_15416
 70
     0
 62
     7
  6
CONTINUOUS
370
    -3
390
F
347
CA3
348
0
  0
LAYER
  5
35A
330
2
100
AcDbSymbolTableRecord
100
AcDbLayerTableRecord
  2
_15428
 70
     0
 62
     7
  6
CONTINUOUS
370
    -3
390
F
347
CA3
348
0
  0
LAYER
  5
35B
330
2
100
AcDbSymbolTableRecord
100
AcDbLayerTableRecord
  2
_15440
 70
     0
 62
     7
  6
CONTINUOUS
370
    -3
390
F
347
CA3
348
0
  0
LAYER
  5
35C
330
2
100
AcDbSymbolTableRecord
100
AcDbLayerTableRecord
  2
_15446
 70
     0
 62
     7
  6
CONTINUOUS
370
    -3
390
F
347
CA3
348
0
  0
LAYER
  5
35D
330
2
100
AcDbSymbolTableRecord
100
AcDbLayerTableRecord
  2
_15462
 70
     0
 62
     7
  6
CONTINUOUS
370
    -3
390
F
347
CA3
348
0
  0
LAYER
  5
35E
330
2
100
AcDbSymbolTableRecord
100
AcDbLayerTableRecord
  2
_15473
 70
     0
 62
     7
  6
CONTINUOUS
370
    -3
390
F
347
CA3
348
0
  0
LAYER
  5
35F
330
2
100
AcDbSymbolTableRecord
100
AcDbLayerTableRecord
  2
_15485
 70
     0
 62
     7
  6
CONTINUOUS
370
    -3
390
F
347
CA3
348
0
  0
LAYER
  5
360
330
2
100
AcDbSymbolTableRecord
100
AcDbLayerTableRecord
  2
_15497
 70
     0
 62
     7
  6
CONTINUOUS
370
    -3
390
F
347
CA3
348
0
  0
LAYER
  5
361
330
2
100
AcDbSymbolTableRecord
100
AcDbLayerTableRecord
  2
_15508
 70
     0
 62
     7
  6
CONTINUOUS
370
    -3
390
F
347
CA3
348
0
  0
LAYER
  5
362
330
2
100
AcDbSymbolTableRecord
100
AcDbLayerTableRecord
  2
_15515
 70
     0
 62
     7
  6
CONTINUOUS
370
    -3
390
F
347
CA3
348
0
  0
LAYER
  5
363
330
2
100
AcDbSymbolTableRecord
100
AcDbLayerTableRecord
  2
_15531
 70
     0
 62
     7
  6
CONTINUOUS
370
    -3
390
F
347
CA3
348
0
  0
LAYER
  5
364
330
2
100
AcDbSymbolTableRecord
100
AcDbLayerTableRecord
  2
_15543
 70
     0
 62
     7
  6
CONTINUOUS
370
    -3
390
F
347
CA3
348
0
  0
LAYER
  5
365
330
2
100
AcDbSymbolTableRecord
100
AcDbLayerTableRecord
  2
_15555
 70
     0
 62
     7
  6
CONTINUOUS
370
    -3
390
F
347
CA3
348
0
  0
LAYER
  5
366
330
2
100
AcDbSymbolTableRecord
100
AcDbLayerTableRecord
  2
_15566
 70
     0
 62
     7
  6
CONTINUOUS
370
    -3
390
F
347
CA3
348
0
  0
LAYER
  5
367
330
2
100
AcDbSymbolTableRecord
100
AcDbLayerTableRecord
  2
_15578
 70
     0
 62
     7
  6
CONTINUOUS
370
    -3
390
F
347
CA3
348
0
  0
LAYER
  5
368
330
2
100
AcDbSymbolTableRecord
100
AcDbLayerTableRecord
  2
_15590
 70
     0
 62
     7
  6
CONTINUOUS
370
    -3
390
F
347
CA3
348
0
  0
LAYER
  5
369
330
2
100
AcDbSymbolTableRecord
100
AcDbLayerTableRecord
  2
_15602
 70
     0
 62
     7
  6
CONTINUOUS
370
    -3
390
F
347
CA3
348
0
  0
LAYER
  5
36A
330
2
100
AcDbSymbolTableRecord
100
AcDbLayerTableRecord
  2
_22121
 70
     0
 62
     7
  6
CONTINUOUS
370
    -3
390
F
347
CA3
348
0
  0
LAYER
  5
36B
330
2
100
AcDbSymbolTableRecord
100
AcDbLayerTableRecord
  2
_22140
 70
     0
 62
     7
  6
CONTINUOUS
370
    -3
390
F
347
CA3
348
0
  0
LAYER
  5
36C
330
2
100
AcDbSymbolTableRecord
100
AcDbLayerTableRecord
  2
_22159
 70
     0
 62
     7
  6
CONTINUOUS
370
    -3
390
F
347
CA3
348
0
  0
LAYER
  5
36D
330
2
100
AcDbSymbolTableRecord
100
AcDbLayerTableRecord
  2
_22169
 70
     0
 62
     7
  6
CONTINUOUS
370
    -3
390
F
347
CA3
348
0
  0
LAYER
  5
36E
330
2
100
AcDbSymbolTableRecord
100
AcDbLayerTableRecord
  2
_22194
 70
     0
 62
     7
  6
CONTINUOUS
370
    -3
390
F
347
CA3
348
0
  0
LAYER
  5
36F
330
2
100
AcDbSymbolTableRecord
100
AcDbLayerTableRecord
  2
_22215
 70
     0
 62
     7
  6
CONTINUOUS
370
    -3
390
F
347
CA3
348
0
  0
LAYER
  5
370
330
2
100
AcDbSymbolTableRecord
100
AcDbLayerTableRecord
  2
_22235
 70
     0
 62
     7
  6
CONTINUOUS
370
    -3
390
F
347
CA3
348
0
  0
LAYER
  5
371
330
2
100
AcDbSymbolTableRecord
100
AcDbLayerTableRecord
  2
_22252
 70
     0
 62
     7
  6
CONTINUOUS
370
    -3
390
F
347
CA3
348
0
  0
LAYER
  5
372
330
2
100
AcDbSymbolTableRecord
100
AcDbLayerTableRecord
  2
_22270
 70
     0
 62
     7
  6
CONTINUOUS
370
    -3
390
F
347
CA3
348
0
  0
LAYER
  5
373
330
2
100
AcDbSymbolTableRecord
100
AcDbLayerTableRecord
  2
_22290
 70
     0
 62
     7
  6
CONTINUOUS
370
    -3
390
F
347
CA3
348
0
  0
LAYER
  5
374
330
2
100
AcDbSymbolTableRecord
100
AcDbLayerTableRecord
  2
_22308
 70
     0
 62
     7
  6
CONTINUOUS
370
    -3
390
F
347
CA3
348
0
  0
LAYER
  5
375
330
2
100
AcDbSymbolTableRecord
100
AcDbLayerTableRecord
  2
_22318
 70
     0
 62
     7
  6
CONTINUOUS
370
    -3
390
F
347
CA3
348
0
  0
LAYER
  5
376
330
2
100
AcDbSymbolTableRecord
100
AcDbLayerTableRecord
  2
_22344
 70
     0
 62
     7
  6
CONTINUOUS
370
    -3
390
F
347
CA3
348
0
  0
LAYER
  5
377
330
2
100
AcDbSymbolTableRecord
100
AcDbLayerTableRecord
  2
_22365
 70
     0
 62
     7
  6
CONTINUOUS
370
    -3
390
F
347
CA3
348
0
  0
LAYER
  5
378
330
2
100
AcDbSymbolTableRecord
100
AcDbLayerTableRecord
  2
_22383
 70
     0
 62
     7
  6
CONTINUOUS
370
    -3
390
F
347
CA3
348
0
  0
LAYER
  5
379
330
2
100
AcDbSymbolTableRecord
100
AcDbLayerTableRecord
  2
_22402
 70
     0
 62
     7
  6
CONTINUOUS
370
    -3
390
F
347
CA3
348
0
  0
LAYER
  5
37A
330
2
100
AcDbSymbolTableRecord
100
AcDbLayerTableRecord
  2
_22420
 70
     0
 62
     7
  6
CONTINUOUS
370
    -3
390
F
347
CA3
348
0
  0
LAYER
  5
37B
330
2
100
AcDbSymbolTableRecord
100
AcDbLayerTableRecord
  2
_22440
 70
     0
 62
     7
  6
CONTINUOUS
370
    -3
390
F
347
CA3
348
0
  0
LAYER
  5
37C
330
2
100
AcDbSymbolTableRecord
100
AcDbLayerTableRecord
  2
_22458
 70
     0
 62
     7
  6
CONTINUOUS
370
    -3
390
F
347
CA3
348
0
  0
LAYER
  5
37D
330
2
100
AcDbSymbolTableRecord
100
AcDbLayerTableRecord
  2
_22468
 70
     0
 62
     7
  6
CONTINUOUS
370
    -3
390
F
347
CA3
348
0
  0
LAYER
  5
37E
330
2
100
AcDbSymbolTableRecord
100
AcDbLayerTableRecord
  2
_22496
 70
     0
 62
     7
  6
CONTINUOUS
370
    -3
390
F
347
CA3
348
0
  0
LAYER
  5
37F
330
2
100
AcDbSymbolTableRecord
100
AcDbLayerTableRecord
  2
_22524
 70
     0
 62
     7
  6
CONTINUOUS
370
    -3
390
F
347
CA3
348
0
  0
LAYER
  5
380
330
2
100
AcDbSymbolTableRecord
100
AcDbLayerTableRecord
  2
_22550
 70
     0
 62
     7
  6
CONTINUOUS
370
    -3
390
F
347
CA3
348
0
  0
LAYER
  5
381
330
2
100
AcDbSymbolTableRecord
100
AcDbLayerTableRecord
  2
_22576
 70
     0
 62
     7
  6
CONTINUOUS
370
    -3
390
F
347
CA3
348
0
  0
LAYER
  5
382
330
2
100
AcDbSymbolTableRecord
100
AcDbLayerTableRecord
  2
_22599
 70
     0
 62
     7
  6
CONTINUOUS
370
    -3
390
F
347
CA3
348
0
  0
LAYER
  5
383
330
2
100
AcDbSymbolTableRecord
100
AcDbLayerTableRecord
  2
_22625
 70
     0
 62
     7
  6
CONTINUOUS
370
    -3
390
F
347
CA3
348
0
  0
LAYER
  5
384
330
2
100
AcDbSymbolTableRecord
100
AcDbLayerTableRecord
  2
_22651
 70
     0
 62
     7
  6
CONTINUOUS
370
    -3
390
F
347
CA3
348
0
  0
LAYER
  5
385
330
2
100
AcDbSymbolTableRecord
100
AcDbLayerTableRecord
  2
_22665
 70
     0
 62
     7
  6
CONTINUOUS
370
    -3
390
F
347
CA3
348
0
  0
LAYER
  5
386
330
2
100
AcDbSymbolTableRecord
100
AcDbLayerTableRecord
  2
_22699
 70
     0
 62
     7
  6
CONTINUOUS
370
    -3
390
F
347
CA3
348
0
  0
LAYER
  5
387
330
2
100
AcDbSymbolTableRecord
100
AcDbLayerTableRecord
  2
_22712
 70
     0
 62
     7
  6
CONTINUOUS
370
    -3
390
F
347
CA3
348
0
  0
LAYER
  5
388
330
2
100
AcDbSymbolTableRecord
100
AcDbLayerTableRecord
  2
_22734
 70
     0
 62
     7
  6
CONTINUOUS
370
    -3
390
F
347
CA3
348
0
  0
LAYER
  5
389
330
2
100
AcDbSymbolTableRecord
100
AcDbLayerTableRecord
  2
_22768
 70
     0
 62
     7
  6
CONTINUOUS
370
    -3
390
F
347
CA3
348
0
  0
LAYER
  5
38A
330
2
100
AcDbSymbolTableRecord
100
AcDbLayerTableRecord
  2
_22781
 70
     0
 62
     7
  6
CONTINUOUS
370
    -3
390
F
347
CA3
348
0
  0
LAYER
  5
38B
330
2
100
AcDbSymbolTableRecord
100
AcDbLayerTableRecord
  2
_22804
 70
     0
 62
     7
  6
CONTINUOUS
370
    -3
390
F
347
CA3
348
0
  0
LAYER
  5
38C
330
2
100
AcDbSymbolTableRecord
100
AcDbLayerTableRecord
  2
_22835
 70
     0
 62
     7
  6
CONTINUOUS
370
    -3
390
F
347
CA3
348
0
  0
LAYER
  5
38D
330
2
100
AcDbSymbolTableRecord
100
AcDbLayerTableRecord
  2
_22848
 70
     0
 62
     7
  6
CONTINUOUS
370
    -3
390
F
347
CA3
348
0
  0
LAYER
  5
38E
330
2
100
AcDbSymbolTableRecord
100
AcDbLayerTableRecord
  2
_22870
 70
     0
 62
     7
  6
CONTINUOUS
370
    -3
390
F
347
CA3
348
0
  0
LAYER
  5
38F
330
2
100
AcDbSymbolTableRecord
100
AcDbLayerTableRecord
  2
_22903
 70
     0
 62
     7
  6
CONTINUOUS
370
    -3
390
F
347
CA3
348
0
  0
LAYER
  5
390
330
2
100
AcDbSymbolTableRecord
100
AcDbLayerTableRecord
  2
_22913
 70
     0
 62
     7
  6
CONTINUOUS
370
    -3
390
F
347
CA3
348
0
  0
LAYER
  5
391
330
2
100
AcDbSymbolTableRecord
100
AcDbLayerTableRecord
  2
_22933
 70
     0
 62
     7
  6
CONTINUOUS
370
    -3
390
F
347
CA3
348
0
  0
LAYER
  5
392
330
2
100
AcDbSymbolTableRecord
100
AcDbLayerTableRecord
  2
_22963
 70
     0
 62
     7
  6
CONTINUOUS
370
    -3
390
F
347
CA3
348
0
  0
LAYER
  5
393
330
2
100
AcDbSymbolTableRecord
100
AcDbLayerTableRecord
  2
_22977
 70
     0
 62
     7
  6
CONTINUOUS
370
    -3
390
F
347
CA3
348
0
  0
LAYER
  5
394
330
2
100
AcDbSymbolTableRecord
100
AcDbLayerTableRecord
  2
_23000
 70
     0
 62
     7
  6
CONTINUOUS
370
    -3
390
F
347
CA3
348
0
  0
LAYER
  5
395
330
2
100
AcDbSymbolTableRecord
100
AcDbLayerTableRecord
  2
_23030
 70
     0
 62
     7
  6
CONTINUOUS
370
    -3
390
F
347
CA3
348
0
  0
LAYER
  5
396
330
2
100
AcDbSymbolTableRecord
100
AcDbLayerTableRecord
  2
_23040
 70
     0
 62
     7
  6
CONTINUOUS
370
    -3
390
F
347
CA3
348
0
  0
LAYER
  5
397
330
2
100
AcDbSymbolTableRecord
100
AcDbLayerTableRecord
  2
_23042
 70
     0
 62
     7
  6
CONTINUOUS
370
    -3
390
F
347
CA3
348
0
  0
LAYER
  5
398
330
2
100
AcDbSymbolTableRecord
100
AcDbLayerTableRecord
  2
_23063
 70
     0
 62
     7
  6
CONTINUOUS
370
    -3
390
F
347
CA3
348
0
  0
LAYER
  5
399
330
2
100
AcDbSymbolTableRecord
100
AcDbLayerTableRecord
  2
_23065
 70
     0
 62
     7
  6
CONTINUOUS
370
    -3
390
F
347
CA3
348
0
  0
LAYER
  5
39A
330
2
100
AcDbSymbolTableRecord
100
AcDbLayerTableRecord
  2
_23088
 70
     0
 62
     7
  6
CONTINUOUS
370
    -3
390
F
347
CA3
348
0
  0
LAYER
  5
39B
330
2
100
AcDbSymbolTableRecord
100
AcDbLayerTableRecord
  2
_23095
 70
     0
 62
     7
  6
CONTINUOUS
370
    -3
390
F
347
CA3
348
0
  0
LAYER
  5
39C
330
2
100
AcDbSymbolTableRecord
100
AcDbLayerTableRecord
  2
_23106
 70
     0
 62
     7
  6
CONTINUOUS
370
    -3
390
F
347
CA3
348
0
  0
LAYER
  5
39D
330
2
100
AcDbSymbolTableRecord
100
AcDbLayerTableRecord
  2
_23113
 70
     0
 62
     7
  6
CONTINUOUS
370
    -3
390
F
347
CA3
348
0
  0
LAYER
  5
39E
330
2
100
AcDbSymbolTableRecord
100
AcDbLayerTableRecord
  2
_23126
 70
     0
 62
     7
  6
CONTINUOUS
370
    -3
390
F
347
CA3
348
0
  0
LAYER
  5
39F
330
2
100
AcDbSymbolTableRecord
100
AcDbLayerTableRecord
  2
_23137
 70
     0
 62
     7
  6
CONTINUOUS
370
    -3
390
F
347
CA3
348
0
  0
LAYER
  5
3A0
330
2
100
AcDbSymbolTableRecord
100
AcDbLayerTableRecord
  2
_23158
 70
     0
 62
     7
  6
CONTINUOUS
370
    -3
390
F
347
CA3
348
0
  0
LAYER
  5
3A1
330
2
100
AcDbSymbolTableRecord
100
AcDbLayerTableRecord
  2
_23160
 70
     0
 62
     7
  6
CONTINUOUS
370
    -3
390
F
347
CA3
348
0
  0
LAYER
  5
3A2
330
2
100
AcDbSymbolTableRecord
100
AcDbLayerTableRecord
  2
_23171
 70
     0
 62
     7
  6
CONTINUOUS
370
    -3
390
F
347
CA3
348
0
  0
LAYER
  5
3A3
330
2
100
AcDbSymbolTableRecord
100
AcDbLayerTableRecord
  2
_23190
 70
     0
 62
     7
  6
CONTINUOUS
370
    -3
390
F
347
CA3
348
0
  0
LAYER
  5
3A4
330
2
100
AcDbSymbolTableRecord
100
AcDbLayerTableRecord
  2
_23198
 70
     0
 62
     7
  6
CONTINUOUS
370
    -3
390
F
347
CA3
348
0
  0
LAYER
  5
3A5
330
2
100
AcDbSymbolTableRecord
100
AcDbLayerTableRecord
  2
_23223
 70
     0
 62
     7
  6
CONTINUOUS
370
    -3
390
F
347
CA3
348
0
  0
LAYER
  5
3A6
330
2
100
AcDbSymbolTableRecord
100
AcDbLayerTableRecord
  2
_23241
 70
     0
 62
     7
  6
CONTINUOUS
370
    -3
390
F
347
CA3
348
0
  0
LAYER
  5
3A7
330
2
100
AcDbSymbolTableRecord
100
AcDbLayerTableRecord
  2
_23255
 70
     0
 62
     7
  6
CONTINUOUS
370
    -3
390
F
347
CA3
348
0
  0
LAYER
  5
3A8
330
2
100
AcDbSymbolTableRecord
100
AcDbLayerTableRecord
  2
_23258
 70
     0
 62
     7
  6
CONTINUOUS
370
    -3
390
F
347
CA3
348
0
  0
LAYER
  5
3A9
330
2
100
AcDbSymbolTableRecord
100
AcDbLayerTableRecord
  2
_23285
 70
     0
 62
     7
  6
CONTINUOUS
370
    -3
390
F
347
CA3
348
0
  0
LAYER
  5
3AA
330
2
100
AcDbSymbolTableRecord
100
AcDbLayerTableRecord
  2
_23288
 70
     0
 62
     7
  6
CONTINUOUS
370
    -3
390
F
347
CA3
348
0
  0
LAYER
  5
3AB
330
2
100
AcDbSymbolTableRecord
100
AcDbLayerTableRecord
  2
_23311
 70
     0
 62
     7
  6
CONTINUOUS
370
    -3
390
F
347
CA3
348
0
  0
LAYER
  5
3AC
330
2
100
AcDbSymbolTableRecord
100
AcDbLayerTableRecord
  2
_23320
 70
     0
 62
     7
  6
CONTINUOUS
370
    -3
390
F
347
CA3
348
0
  0
LAYER
  5
3AD
330
2
100
AcDbSymbolTableRecord
100
AcDbLayerTableRecord
  2
_23339
 70
     0
 62
     7
  6
CONTINUOUS
370
    -3
390
F
347
CA3
348
0
  0
LAYER
  5
3AE
330
2
100
AcDbSymbolTableRecord
100
AcDbLayerTableRecord
  2
_23353
 70
     0
 62
     7
  6
CONTINUOUS
370
    -3
390
F
347
CA3
348
0
  0
LAYER
  5
3AF
330
2
100
AcDbSymbolTableRecord
100
AcDbLayerTableRecord
  2
_23366
 70
     0
 62
     7
  6
CONTINUOUS
370
    -3
390
F
347
CA3
348
0
  0
LAYER
  5
3B0
330
2
100
AcDbSymbolTableRecord
100
AcDbLayerTableRecord
  2
_23386
 70
     0
 62
     7
  6
CONTINUOUS
370
    -3
390
F
347
CA3
348
0
  0
LAYER
  5
3B1
330
2
100
AcDbSymbolTableRecord
100
AcDbLayerTableRecord
  2
_23395
 70
     0
 62
     7
  6
CONTINUOUS
370
    -3
390
F
347
CA3
348
0
  0
LAYER
  5
3B2
330
2
100
AcDbSymbolTableRecord
100
AcDbLayerTableRecord
  2
_23418
 70
     0
 62
     7
  6
CONTINUOUS
370
    -3
390
F
347
CA3
348
0
  0
LAYER
  5
3B3
330
2
100
AcDbSymbolTableRecord
100
AcDbLayerTableRecord
  2
_23420
 70
     0
 62
     7
  6
CONTINUOUS
370
    -3
390
F
347
CA3
348
0
  0
LAYER
  5
3B4
330
2
100
AcDbSymbolTableRecord
100
AcDbLayerTableRecord
  2
_23447
 70
     0
 62
     7
  6
CONTINUOUS
370
    -3
390
F
347
CA3
348
0
  0
LAYER
  5
3B5
330
2
100
AcDbSymbolTableRecord
100
AcDbLayerTableRecord
  2
_23450
 70
     0
 62
     7
  6
CONTINUOUS
370
    -3
390
F
347
CA3
348
0
  0
LAYER
  5
3B6
330
2
100
AcDbSymbolTableRecord
100
AcDbLayerTableRecord
  2
_23475
 70
     0
 62
     7
  6
CONTINUOUS
370
    -3
390
F
347
CA3
348
0
  0
LAYER
  5
3B7
330
2
100
AcDbSymbolTableRecord
100
AcDbLayerTableRecord
  2
_23483
 70
     0
 62
     7
  6
CONTINUOUS
370
    -3
390
F
347
CA3
348
0
  0
LAYER
  5
3B8
330
2
100
AcDbSymbolTableRecord
100
AcDbLayerTableRecord
  2
_23501
 70
     0
 62
     7
  6
CONTINUOUS
370
    -3
390
F
347
CA3
348
0
  0
LAYER
  5
3B9
330
2
100
AcDbSymbolTableRecord
100
AcDbLayerTableRecord
  2
_23515
 70
     0
 62
     7
  6
CONTINUOUS
370
    -3
390
F
347
CA3
348
0
  0
LAYER
  5
3BA
330
2
100
AcDbSymbolTableRecord
100
AcDbLayerTableRecord
  2
_23533
 70
     0
 62
     7
  6
CONTINUOUS
370
    -3
390
F
347
CA3
348
0
  0
LAYER
  5
3BB
330
2
100
AcDbSymbolTableRecord
100
AcDbLayerTableRecord
  2
_23551
 70
     0
 62
     7
  6
CONTINUOUS
370
    -3
390
F
347
CA3
348
0
  0
LAYER
  5
3BC
330
2
100
AcDbSymbolTableRecord
100
AcDbLayerTableRecord
  2
_23574
 70
     0
 62
     7
  6
CONTINUOUS
370
    -3
390
F
347
CA3
348
0
  0
LAYER
  5
3BD
330
2
100
AcDbSymbolTableRecord
100
AcDbLayerTableRecord
  2
_23583
 70
     0
 62
     7
  6
CONTINUOUS
370
    -3
390
F
347
CA3
348
0
  0
LAYER
  5
3BE
330
2
100
AcDbSymbolTableRecord
100
AcDbLayerTableRecord
  2
_23591
 70
     0
 62
     7
  6
CONTINUOUS
370
    -3
390
F
347
CA3
348
0
  0
LAYER
  5
3BF
330
2
100
AcDbSymbolTableRecord
100
AcDbLayerTableRecord
  2
_23614
 70
     0
 62
     7
  6
CONTINUOUS
370
    -3
390
F
347
CA3
348
0
  0
LAYER
  5
3C0
330
2
100
AcDbSymbolTableRecord
100
AcDbLayerTableRecord
  2
_23632
 70
     0
 62
     7
  6
CONTINUOUS
370
    -3
390
F
347
CA3
348
0
  0
LAYER
  5
3C1
330
2
100
AcDbSymbolTableRecord
100
AcDbLayerTableRecord
  2
_23646
 70
     0
 62
     7
  6
CONTINUOUS
370
    -3
390
F
347
CA3
348
0
  0
LAYER
  5
3C2
330
2
100
AcDbSymbolTableRecord
100
AcDbLayerTableRecord
  2
_23649
 70
     0
 62
     7
  6
CONTINUOUS
370
    -3
390
F
347
CA3
348
0
  0
LAYER
  5
3C3
330
2
100
AcDbSymbolTableRecord
100
AcDbLayerTableRecord
  2
_23676
 70
     0
 62
     7
  6
CONTINUOUS
370
    -3
390
F
347
CA3
348
0
  0
LAYER
  5
3C4
330
2
100
AcDbSymbolTableRecord
100
AcDbLayerTableRecord
  2
_23679
 70
     0
 62
     7
  6
CONTINUOUS
370
    -3
390
F
347
CA3
348
0
  0
LAYER
  5
3C5
330
2
100
AcDbSymbolTableRecord
100
AcDbLayerTableRecord
  2
_23710
 70
     0
 62
     7
  6
CONTINUOUS
370
    -3
390
F
347
CA3
348
0
  0
LAYER
  5
3C6
330
2
100
AcDbSymbolTableRecord
100
AcDbLayerTableRecord
  2
_23719
 70
     0
 62
     7
  6
CONTINUOUS
370
    -3
390
F
347
CA3
348
0
  0
LAYER
  5
3C7
330
2
100
AcDbSymbolTableRecord
100
AcDbLayerTableRecord
  2
_23727
 70
     0
 62
     7
  6
CONTINUOUS
370
    -3
390
F
347
CA3
348
0
  0
LAYER
  5
3C8
330
2
100
AcDbSymbolTableRecord
100
AcDbLayerTableRecord
  2
_23736
 70
     0
 62
     7
  6
CONTINUOUS
370
    -3
390
F
347
CA3
348
0
  0
LAYER
  5
3C9
330
2
100
AcDbSymbolTableRecord
100
AcDbLayerTableRecord
  2
_23770
 70
     0
 62
     7
  6
CONTINUOUS
370
    -3
390
F
347
CA3
348
0
  0
LAYER
  5
3CA
330
2
100
AcDbSymbolTableRecord
100
AcDbLayerTableRecord
  2
_23778
 70
     0
 62
     7
  6
CONTINUOUS
370
    -3
390
F
347
CA3
348
0
  0
LAYER
  5
3CB
330
2
100
AcDbSymbolTableRecord
100
AcDbLayerTableRecord
  2
_23794
 70
     0
 62
     7
  6
CONTINUOUS
370
    -3
390
F
347
CA3
348
0
  0
LAYER
  5
3CC
330
2
100
AcDbSymbolTableRecord
100
AcDbLayerTableRecord
  2
_23808
 70
     0
 62
     7
  6
CONTINUOUS
370
    -3
390
F
347
CA3
348
0
  0
LAYER
  5
3CD
330
2
100
AcDbSymbolTableRecord
100
AcDbLayerTableRecord
  2
_23838
 70
     0
 62
     7
  6
CONTINUOUS
370
    -3
390
F
347
CA3
348
0
  0
LAYER
  5
3CE
330
2
100
AcDbSymbolTableRecord
100
AcDbLayerTableRecord
  2
_23839
 70
     0
 62
     7
  6
CONTINUOUS
370
    -3
390
F
347
CA3
348
0
  0
LAYER
  5
3CF
330
2
100
AcDbSymbolTableRecord
100
AcDbLayerTableRecord
  2
_23853
 70
     0
 62
     7
  6
CONTINUOUS
370
    -3
390
F
347
CA3
348
0
  0
LAYER
  5
3D0
330
2
100
AcDbSymbolTableRecord
100
AcDbLayerTableRecord
  2
_23872
 70
     0
 62
     7
  6
CONTINUOUS
370
    -3
390
F
347
CA3
348
0
  0
LAYER
  5
3D1
330
2
100
AcDbSymbolTableRecord
100
AcDbLayerTableRecord
  2
_23881
 70
     0
 62
     7
  6
CONTINUOUS
370
    -3
390
F
347
CA3
348
0
  0
LAYER
  5
3D2
330
2
100
AcDbSymbolTableRecord
100
AcDbLayerTableRecord
  2
_23905
 70
     0
 62
     7
  6
CONTINUOUS
370
    -3
390
F
347
CA3
348
0
  0
LAYER
  5
3D3
330
2
100
AcDbSymbolTableRecord
100
AcDbLayerTableRecord
  2
_23922
 70
     0
 62
     7
  6
CONTINUOUS
370
    -3
390
F
347
CA3
348
0
  0
LAYER
  5
3D4
330
2
100
AcDbSymbolTableRecord
100
AcDbLayerTableRecord
  2
_23937
 70
     0
 62
     7
  6
CONTINUOUS
370
    -3
390
F
347
CA3
348
0
  0
LAYER
  5
3D5
330
2
100
AcDbSymbolTableRecord
100
AcDbLayerTableRecord
  2
_23954
 70
     0
 62
     7
  6
CONTINUOUS
370
    -3
390
F
347
CA3
348
0
  0
LAYER
  5
3D6
330
2
100
AcDbSymbolTableRecord
100
AcDbLayerTableRecord
  2
_23968
 70
     0
 62
     7
  6
CONTINUOUS
370
    -3
390
F
347
CA3
348
0
  0
LAYER
  5
3D7
330
2
100
AcDbSymbolTableRecord
100
AcDbLayerTableRecord
  2
_23984
 70
     0
 62
     7
  6
CONTINUOUS
370
    -3
390
F
347
CA3
348
0
  0
LAYER
  5
3D8
330
2
100
AcDbSymbolTableRecord
100
AcDbLayerTableRecord
  2
_23987
 70
     0
 62
     7
  6
CONTINUOUS
370
    -3
390
F
347
CA3
348
0
  0
LAYER
  5
3D9
330
2
100
AcDbSymbolTableRecord
100
AcDbLayerTableRecord
  2
_24018
 70
     0
 62
     7
  6
CONTINUOUS
370
    -3
390
F
347
CA3
348
0
  0
LAYER
  5
3DA
330
2
100
AcDbSymbolTableRecord
100
AcDbLayerTableRecord
  2
_24026
 70
     0
 62
     7
  6
CONTINUOUS
370
    -3
390
F
347
CA3
348
0
  0
LAYER
  5
3DB
330
2
100
AcDbSymbolTableRecord
100
AcDbLayerTableRecord
  2
_24049
 70
     0
 62
     7
  6
CONTINUOUS
370
    -3
390
F
347
CA3
348
0
  0
LAYER
  5
3DC
330
2
100
AcDbSymbolTableRecord
100
AcDbLayerTableRecord
  2
_24063
 70
     0
 62
     7
  6
CONTINUOUS
370
    -3
390
F
347
CA3
348
0
  0
LAYER
  5
3DD
330
2
100
AcDbSymbolTableRecord
100
AcDbLayerTableRecord
  2
_24081
 70
     0
 62
     7
  6
CONTINUOUS
370
    -3
390
F
347
CA3
348
0
  0
LAYER
  5
3DE
330
2
100
AcDbSymbolTableRecord
100
AcDbLayerTableRecord
  2
_24095
 70
     0
 62
     7
  6
CONTINUOUS
370
    -3
390
F
347
CA3
348
0
  0
LAYER
  5
3DF
330
2
100
AcDbSymbolTableRecord
100
AcDbLayerTableRecord
  2
_24113
 70
     0
 62
     7
  6
CONTINUOUS
370
    -3
390
F
347
CA3
348
0
  0
LAYER
  5
3E0
330
2
100
AcDbSymbolTableRecord
100
AcDbLayerTableRecord
  2
_24126
 70
     0
 62
     7
  6
CONTINUOUS
370
    -3
390
F
347
CA3
348
0
  0
LAYER
  5
3E1
330
2
100
AcDbSymbolTableRecord
100
AcDbLayerTableRecord
  2
_24144
 70
     0
 62
     7
  6
CONTINUOUS
370
    -3
390
F
347
CA3
348
0
  0
LAYER
  5
3E2
330
2
100
AcDbSymbolTableRecord
100
AcDbLayerTableRecord
  2
_24156
 70
     0
 62
     7
  6
CONTINUOUS
370
    -3
390
F
347
CA3
348
0
  0
LAYER
  5
3E3
330
2
100
AcDbSymbolTableRecord
100
AcDbLayerTableRecord
  2
_24172
 70
     0
 62
     7
  6
CONTINUOUS
370
    -3
390
F
347
CA3
348
0
  0
LAYER
  5
3E4
330
2
100
AcDbSymbolTableRecord
100
AcDbLayerTableRecord
  2
_24187
 70
     0
 62
     7
  6
CONTINUOUS
370
    -3
390
F
347
CA3
348
0
  0
LAYER
  5
3E5
330
2
100
AcDbSymbolTableRecord
100
AcDbLayerTableRecord
  2
_24204
 70
     0
 62
     7
  6
CONTINUOUS
370
    -3
390
F
347
CA3
348
0
  0
LAYER
  5
3E6
330
2
100
AcDbSymbolTableRecord
100
AcDbLayerTableRecord
  2
_24218
 70
     0
 62
     7
  6
CONTINUOUS
370
    -3
390
F
347
CA3
348
0
  0
LAYER
  5
3E7
330
2
100
AcDbSymbolTableRecord
100
AcDbLayerTableRecord
  2
_24234
 70
     0
 62
     7
  6
CONTINUOUS
370
    -3
390
F
347
CA3
348
0
  0
LAYER
  5
3E8
330
2
100
AcDbSymbolTableRecord
100
AcDbLayerTableRecord
  2
_24237
 70
     0
 62
     7
  6
CONTINUOUS
370
    -3
390
F
347
CA3
348
0
  0
LAYER
  5
3E9
330
2
100
AcDbSymbolTableRecord
100
AcDbLayerTableRecord
  2
_24267
 70
     0
 62
     7
  6
CONTINUOUS
370
    -3
390
F
347
CA3
348
0
  0
LAYER
  5
3EA
330
2
100
AcDbSymbolTableRecord
100
AcDbLayerTableRecord
  2
_24276
 70
     0
 62
     7
  6
CONTINUOUS
370
    -3
390
F
347
CA3
348
0
  0
LAYER
  5
3EB
330
2
100
AcDbSymbolTableRecord
100
AcDbLayerTableRecord
  2
_24297
 70
     0
 62
     7
  6
CONTINUOUS
370
    -3
390
F
347
CA3
348
0
  0
LAYER
  5
3EC
330
2
100
AcDbSymbolTableRecord
100
AcDbLayerTableRecord
  2
_24311
 70
     0
 62
     7
  6
CONTINUOUS
370
    -3
390
F
347
CA3
348
0
  0
LAYER
  5
3ED
330
2
100
AcDbSymbolTableRecord
100
AcDbLayerTableRecord
  2
_24328
 70
     0
 62
     7
  6
CONTINUOUS
370
    -3
390
F
347
CA3
348
0
  0
LAYER
  5
3EE
330
2
100
AcDbSymbolTableRecord
100
AcDbLayerTableRecord
  2
_24343
 70
     0
 62
     7
  6
CONTINUOUS
370
    -3
390
F
347
CA3
348
0
  0
LAYER
  5
3EF
330
2
100
AcDbSymbolTableRecord
100
AcDbLayerTableRecord
  2
_24360
 70
     0
 62
     7
  6
CONTINUOUS
370
    -3
390
F
347
CA3
348
0
  0
LAYER
  5
3F0
330
2
100
AcDbSymbolTableRecord
100
AcDbLayerTableRecord
  2
_24374
 70
     0
 62
     7
  6
CONTINUOUS
370
    -3
390
F
347
CA3
348
0
  0
LAYER
  5
3F1
330
2
100
AcDbSymbolTableRecord
100
AcDbLayerTableRecord
  2
_24392
 70
     0
 62
     7
  6
CONTINUOUS
370
    -3
390
F
347
CA3
348
0
  0
LAYER
  5
3F2
330
2
100
AcDbSymbolTableRecord
100
AcDbLayerTableRecord
  2
_24406
 70
     0
 62
     7
  6
CONTINUOUS
370
    -3
390
F
347
CA3
348
0
  0
LAYER
  5
3F3
330
2
100
AcDbSymbolTableRecord
100
AcDbLayerTableRecord
  2
_24423
 70
     0
 62
     7
  6
CONTINUOUS
370
    -3
390
F
347
CA3
348
0
  0
LAYER
  5
3F4
330
2
100
AcDbSymbolTableRecord
100
AcDbLayerTableRecord
  2
_24437
 70
     0
 62
     7
  6
CONTINUOUS
370
    -3
390
F
347
CA3
348
0
  0
LAYER
  5
3F5
330
2
100
AcDbSymbolTableRecord
100
AcDbLayerTableRecord
  2
_24454
 70
     0
 62
     7
  6
CONTINUOUS
370
    -3
390
F
347
CA3
348
0
  0
LAYER
  5
3F6
330
2
100
AcDbSymbolTableRecord
100
AcDbLayerTableRecord
  2
_24468
 70
     0
 62
     7
  6
CONTINUOUS
370
    -3
390
F
347
CA3
348
0
  0
LAYER
  5
3F7
330
2
100
AcDbSymbolTableRecord
100
AcDbLayerTableRecord
  2
_24484
 70
     0
 62
     7
  6
CONTINUOUS
370
    -3
390
F
347
CA3
348
0
  0
LAYER
  5
3F8
330
2
100
AcDbSymbolTableRecord
100
AcDbLayerTableRecord
  2
_24486
 70
     0
 62
     7
  6
CONTINUOUS
370
    -3
390
F
347
CA3
348
0
  0
LAYER
  5
3F9
330
2
100
AcDbSymbolTableRecord
100
AcDbLayerTableRecord
  2
_24518
 70
     0
 62
     7
  6
CONTINUOUS
370
    -3
390
F
347
CA3
348
0
  0
LAYER
  5
3FA
330
2
100
AcDbSymbolTableRecord
100
AcDbLayerTableRecord
  2
_24526
 70
     0
 62
     7
  6
CONTINUOUS
370
    -3
390
F
347
CA3
348
0
  0
LAYER
  5
3FB
330
2
100
AcDbSymbolTableRecord
100
AcDbLayerTableRecord
  2
_24544
 70
     0
 62
     7
  6
CONTINUOUS
370
    -3
390
F
347
CA3
348
0
  0
LAYER
  5
3FC
330
2
100
AcDbSymbolTableRecord
100
AcDbLayerTableRecord
  2
_24553
 70
     0
 62
     7
  6
CONTINUOUS
370
    -3
390
F
347
CA3
348
0
  0
LAYER
  5
3FD
330
2
100
AcDbSymbolTableRecord
100
AcDbLayerTableRecord
  2
_24560
 70
     0
 62
     7
  6
CONTINUOUS
370
    -3
390
F
347
CA3
348
0
  0
LAYER
  5
3FE
330
2
100
AcDbSymbolTableRecord
100
AcDbLayerTableRecord
  2
_24569
 70
     0
 62
     7
  6
CONTINUOUS
370
    -3
390
F
347
CA3
348
0
  0
LAYER
  5
3FF
330
2
100
AcDbSymbolTableRecord
100
AcDbLayerTableRecord
  2
_24577
 70
     0
 62
     7
  6
CONTINUOUS
370
    -3
390
F
347
CA3
348
0
  0
LAYER
  5
400
330
2
100
AcDbSymbolTableRecord
100
AcDbLayerTableRecord
  2
_24585
 70
     0
 62
     7
  6
CONTINUOUS
370
    -3
390
F
347
CA3
348
0
  0
LAYER
  5
401
330
2
100
AcDbSymbolTableRecord
100
AcDbLayerTableRecord
  2
_24594
 70
     0
 62
     7
  6
CONTINUOUS
370
    -3
390
F
347
CA3
348
0
  0
LAYER
  5
402
330
2
100
AcDbSymbolTableRecord
100
AcDbLayerTableRecord
  2
_24602
 70
     0
 62
     7
  6
CONTINUOUS
370
    -3
390
F
347
CA3
348
0
  0
LAYER
  5
403
330
2
100
AcDbSymbolTableRecord
100
AcDbLayerTableRecord
  2
_24611
 70
     0
 62
     7
  6
CONTINUOUS
370
    -3
390
F
347
CA3
348
0
  0
LAYER
  5
404
330
2
100
AcDbSymbolTableRecord
100
AcDbLayerTableRecord
  2
_24629
 70
     0
 62
     7
  6
CONTINUOUS
370
    -3
390
F
347
CA3
348
0
  0
LAYER
  5
405
330
2
100
AcDbSymbolTableRecord
100
AcDbLayerTableRecord
  2
_24647
 70
     0
 62
     7
  6
CONTINUOUS
370
    -3
390
F
347
CA3
348
0
  0
LAYER
  5
406
330
2
100
AcDbSymbolTableRecord
100
AcDbLayerTableRecord
  2
_24665
 70
     0
 62
     7
  6
CONTINUOUS
370
    -3
390
F
347
CA3
348
0
  0
LAYER
  5
407
330
2
100
AcDbSymbolTableRecord
100
AcDbLayerTableRecord
  2
_24683
 70
     0
 62
     7
  6
CONTINUOUS
370
    -3
390
F
347
CA3
348
0
  0
LAYER
  5
408
330
2
100
AcDbSymbolTableRecord
100
AcDbLayerTableRecord
  2
_24700
 70
     0
 62
     7
  6
CONTINUOUS
370
    -3
390
F
347
CA3
348
0
  0
LAYER
  5
409
330
2
100
AcDbSymbolTableRecord
100
AcDbLayerTableRecord
  2
_24718
 70
     0
 62
     7
  6
CONTINUOUS
370
    -3
390
F
347
CA3
348
0
  0
LAYER
  5
40A
330
2
100
AcDbSymbolTableRecord
100
AcDbLayerTableRecord
  2
_24736
 70
     0
 62
     7
  6
CONTINUOUS
370
    -3
390
F
347
CA3
348
0
  0
LAYER
  5
40B
330
2
100
AcDbSymbolTableRecord
100
AcDbLayerTableRecord
  2
_24753
 70
     0
 62
     7
  6
CONTINUOUS
370
    -3
390
F
347
CA3
348
0
  0
LAYER
  5
40C
330
2
100
AcDbSymbolTableRecord
100
AcDbLayerTableRecord
  2
_24771
 70
     0
 62
     7
  6
CONTINUOUS
370
    -3
390
F
347
CA3
348
0
  0
LAYER
  5
40D
330
2
100
AcDbSymbolTableRecord
100
AcDbLayerTableRecord
  2
_24789
 70
     0
 62
     7
  6
CONTINUOUS
370
    -3
390
F
347
CA3
348
0
  0
LAYER
  5
40E
330
2
100
AcDbSymbolTableRecord
100
AcDbLayerTableRecord
  2
_24812
 70
     0
 62
     7
  6
CONTINUOUS
370
    -3
390
F
347
CA3
348
0
  0
LAYER
  5
40F
330
2
100
AcDbSymbolTableRecord
100
AcDbLayerTableRecord
  2
_24889
 70
     0
 62
     7
  6
CONTINUOUS
370
    -3
390
F
347
CA3
348
0
  0
LAYER
  5
410
330
2
100
AcDbSymbolTableRecord
100
AcDbLayerTableRecord
  2
_24905
 70
     0
 62
     7
  6
CONTINUOUS
370
    -3
390
F
347
CA3
348
0
  0
LAYER
  5
411
330
2
100
AcDbSymbolTableRecord
100
AcDbLayerTableRecord
  2
_24912
 70
     0
 62
     7
  6
CONTINUOUS
370
    -3
390
F
347
CA3
348
0
  0
LAYER
  5
412
330
2
100
AcDbSymbolTableRecord
100
AcDbLayerTableRecord
  2
_24925
 70
     0
 62
     7
  6
CONTINUOUS
370
    -3
390
F
347
CA3
348
0
  0
LAYER
  5
413
330
2
100
AcDbSymbolTableRecord
100
AcDbLayerTableRecord
  2
_24941
 70
     0
 62
     7
  6
CONTINUOUS
370
    -3
390
F
347
CA3
348
0
  0
LAYER
  5
414
330
2
100
AcDbSymbolTableRecord
100
AcDbLayerTableRecord
  2
_24984
 70
     0
 62
     7
  6
CONTINUOUS
370
    -3
390
F
347
CA3
348
0
  0
LAYER
  5
415
330
2
100
AcDbSymbolTableRecord
100
AcDbLayerTableRecord
  2
_25002
 70
     0
 62
     7
  6
CONTINUOUS
370
    -3
390
F
347
CA3
348
0
  0
LAYER
  5
416
330
2
100
AcDbSymbolTableRecord
100
AcDbLayerTableRecord
  2
_25009
 70
     0
 62
     7
  6
CONTINUOUS
370
    -3
390
F
347
CA3
348
0
  0
LAYER
  5
417
330
2
100
AcDbSymbolTableRecord
100
AcDbLayerTableRecord
  2
_25024
 70
     0
 62
     7
  6
CONTINUOUS
370
    -3
390
F
347
CA3
348
0
  0
LAYER
  5
418
330
2
100
AcDbSymbolTableRecord
100
AcDbLayerTableRecord
  2
_25038
 70
     0
 62
     7
  6
CONTINUOUS
370
    -3
390
F
347
CA3
348
0
  0
LAYER
  5
419
330
2
100
AcDbSymbolTableRecord
100
AcDbLayerTableRecord
  2
_25066
 70
     0
 62
     7
  6
CONTINUOUS
370
    -3
390
F
347
CA3
348
0
  0
LAYER
  5
41A
330
2
100
AcDbSymbolTableRecord
100
AcDbLayerTableRecord
  2
_25078
 70
     0
 62
     7
  6
CONTINUOUS
370
    -3
390
F
347
CA3
348
0
  0
LAYER
  5
41B
330
2
100
AcDbSymbolTableRecord
100
AcDbLayerTableRecord
  2
_25084
 70
     0
 62
     7
  6
CONTINUOUS
370
    -3
390
F
347
CA3
348
0
  0
LAYER
  5
41C
330
2
100
AcDbSymbolTableRecord
100
AcDbLayerTableRecord
  2
_25095
 70
     0
 62
     7
  6
CONTINUOUS
370
    -3
390
F
347
CA3
348
0
  0
LAYER
  5
41D
330
2
100
AcDbSymbolTableRecord
100
AcDbLayerTableRecord
  2
_25106
 70
     0
 62
     7
  6
CONTINUOUS
370
    -3
390
F
347
CA3
348
0
  0
LAYER
  5
41E
330
2
100
AcDbSymbolTableRecord
100
AcDbLayerTableRecord
  2
_25133
 70
     0
 62
     7
  6
CONTINUOUS
370
    -3
390
F
347
CA3
348
0
  0
LAYER
  5
41F
330
2
100
AcDbSymbolTableRecord
100
AcDbLayerTableRecord
  2
_25145
 70
     0
 62
     7
  6
CONTINUOUS
370
    -3
390
F
347
CA3
348
0
  0
LAYER
  5
420
330
2
100
AcDbSymbolTableRecord
100
AcDbLayerTableRecord
  2
_25151
 70
     0
 62
     7
  6
CONTINUOUS
370
    -3
390
F
347
CA3
348
0
  0
LAYER
  5
421
330
2
100
AcDbSymbolTableRecord
100
AcDbLayerTableRecord
  2
_25162
 70
     0
 62
     7
  6
CONTINUOUS
370
    -3
390
F
347
CA3
348
0
  0
LAYER
  5
422
330
2
100
AcDbSymbolTableRecord
100
AcDbLayerTableRecord
  2
_25172
 70
     0
 62
     7
  6
CONTINUOUS
370
    -3
390
F
347
CA3
348
0
  0
LAYER
  5
423
330
2
100
AcDbSymbolTableRecord
100
AcDbLayerTableRecord
  2
_25200
 70
     0
 62
     7
  6
CONTINUOUS
370
    -3
390
F
347
CA3
348
0
  0
LAYER
  5
424
330
2
100
AcDbSymbolTableRecord
100
AcDbLayerTableRecord
  2
_25212
 70
     0
 62
     7
  6
CONTINUOUS
370
    -3
390
F
347
CA3
348
0
  0
LAYER
  5
425
330
2
100
AcDbSymbolTableRecord
100
AcDbLayerTableRecord
  2
_25219
 70
     0
 62
     7
  6
CONTINUOUS
370
    -3
390
F
347
CA3
348
0
  0
LAYER
  5
426
330
2
100
AcDbSymbolTableRecord
100
AcDbLayerTableRecord
  2
_25229
 70
     0
 62
     7
  6
CONTINUOUS
370
    -3
390
F
347
CA3
348
0
  0
LAYER
  5
427
330
2
100
AcDbSymbolTableRecord
100
AcDbLayerTableRecord
  2
_25239
 70
     0
 62
     7
  6
CONTINUOUS
370
    -3
390
F
347
CA3
348
0
  0
LAYER
  5
428
330
2
100
AcDbSymbolTableRecord
100
AcDbLayerTableRecord
  2
_25267
 70
     0
 62
     7
  6
CONTINUOUS
370
    -3
390
F
347
CA3
348
0
  0
LAYER
  5
429
330
2
100
AcDbSymbolTableRecord
100
AcDbLayerTableRecord
  2
_25279
 70
     0
 62
     7
  6
CONTINUOUS
370
    -3
390
F
347
CA3
348
0
  0
LAYER
  5
42A
330
2
100
AcDbSymbolTableRecord
100
AcDbLayerTableRecord
  2
_25285
 70
     0
 62
     7
  6
CONTINUOUS
370
    -3
390
F
347
CA3
348
0
  0
LAYER
  5
42B
330
2
100
AcDbSymbolTableRecord
100
AcDbLayerTableRecord
  2
_25296
 70
     0
 62
     7
  6
CONTINUOUS
370
    -3
390
F
347
CA3
348
0
  0
LAYER
  5
42C
330
2
100
AcDbSymbolTableRecord
100
AcDbLayerTableRecord
  2
_25307
 70
     0
 62
     7
  6
CONTINUOUS
370
    -3
390
F
347
CA3
348
0
  0
LAYER
  5
42D
330
2
100
AcDbSymbolTableRecord
100
AcDbLayerTableRecord
  2
_25335
 70
     0
 62
     7
  6
CONTINUOUS
370
    -3
390
F
347
CA3
348
0
  0
LAYER
  5
42E
330
2
100
AcDbSymbolTableRecord
100
AcDbLayerTableRecord
  2
_25347
 70
     0
 62
     7
  6
CONTINUOUS
370
    -3
390
F
347
CA3
348
0
  0
LAYER
  5
42F
330
2
100
AcDbSymbolTableRecord
100
AcDbLayerTableRecord
  2
_25353
 70
     0
 62
     7
  6
CONTINUOUS
370
    -3
390
F
347
CA3
348
0
  0
LAYER
  5
430
330
2
100
AcDbSymbolTableRecord
100
AcDbLayerTableRecord
  2
_25363
 70
     0
 62
     7
  6
CONTINUOUS
370
    -3
390
F
347
CA3
348
0
  0
LAYER
  5
431
330
2
100
AcDbSymbolTableRecord
100
AcDbLayerTableRecord
  2
_25374
 70
     0
 62
     7
  6
CONTINUOUS
370
    -3
390
F
347
CA3
348
0
  0
LAYER
  5
432
330
2
100
AcDbSymbolTableRecord
100
AcDbLayerTableRecord
  2
_25402
 70
     0
 62
     7
  6
CONTINUOUS
370
    -3
390
F
347
CA3
348
0
  0
LAYER
  5
433
330
2
100
AcDbSymbolTableRecord
100
AcDbLayerTableRecord
  2
_25414
 70
     0
 62
     7
  6
CONTINUOUS
370
    -3
390
F
347
CA3
348
0
  0
LAYER
  5
434
330
2
100
AcDbSymbolTableRecord
100
AcDbLayerTableRecord
  2
_25420
 70
     0
 62
     7
  6
CONTINUOUS
370
    -3
390
F
347
CA3
348
0
  0
LAYER
  5
435
330
2
100
AcDbSymbolTableRecord
100
AcDbLayerTableRecord
  2
_25431
 70
     0
 62
     7
  6
CONTINUOUS
370
    -3
390
F
347
CA3
348
0
  0
LAYER
  5
436
330
2
100
AcDbSymbolTableRecord
100
AcDbLayerTableRecord
  2
_25441
 70
     0
 62
     7
  6
CONTINUOUS
370
    -3
390
F
347
CA3
348
0
  0
LAYER
  5
437
330
2
100
AcDbSymbolTableRecord
100
AcDbLayerTableRecord
  2
_25468
 70
     0
 62
     7
  6
CONTINUOUS
370
    -3
390
F
347
CA3
348
0
  0
LAYER
  5
438
330
2
100
AcDbSymbolTableRecord
100
AcDbLayerTableRecord
  2
_25481
 70
     0
 62
     7
  6
CONTINUOUS
370
    -3
390
F
347
CA3
348
0
  0
LAYER
  5
439
330
2
100
AcDbSymbolTableRecord
100
AcDbLayerTableRecord
  2
_25487
 70
     0
 62
     7
  6
CONTINUOUS
370
    -3
390
F
347
CA3
348
0
  0
LAYER
  5
43A
330
2
100
AcDbSymbolTableRecord
100
AcDbLayerTableRecord
  2
_25498
 70
     0
 62
     7
  6
CONTINUOUS
370
    -3
390
F
347
CA3
348
0
  0
LAYER
  5
43B
330
2
100
AcDbSymbolTableRecord
100
AcDbLayerTableRecord
  2
_25509
 70
     0
 62
     7
  6
CONTINUOUS
370
    -3
390
F
347
CA3
348
0
  0
LAYER
  5
43C
330
2
100
AcDbSymbolTableRecord
100
AcDbLayerTableRecord
  2
_25537
 70
     0
 62
     7
  6
CONTINUOUS
370
    -3
390
F
347
CA3
348
0
  0
LAYER
  5
43D
330
2
100
AcDbSymbolTableRecord
100
AcDbLayerTableRecord
  2
_25548
 70
     0
 62
     7
  6
CONTINUOUS
370
    -3
390
F
347
CA3
348
0
  0
LAYER
  5
43E
330
2
100
AcDbSymbolTableRecord
100
AcDbLayerTableRecord
  2
_25555
 70
     0
 62
     7
  6
CONTINUOUS
370
    -3
390
F
347
CA3
348
0
  0
LAYER
  5
43F
330
2
100
AcDbSymbolTableRecord
100
AcDbLayerTableRecord
  2
_25565
 70
     0
 62
     7
  6
CONTINUOUS
370
    -3
390
F
347
CA3
348
0
  0
LAYER
  5
440
330
2
100
AcDbSymbolTableRecord
100
AcDbLayerTableRecord
  2
_25576
 70
     0
 62
     7
  6
CONTINUOUS
370
    -3
390
F
347
CA3
348
0
  0
LAYER
  5
441
330
2
100
AcDbSymbolTableRecord
100
AcDbLayerTableRecord
  2
_25609
 70
     0
 62
     7
  6
CONTINUOUS
370
    -3
390
F
347
CA3
348
0
  0
LAYER
  5
442
330
2
100
AcDbSymbolTableRecord
100
AcDbLayerTableRecord
  2
_25613
 70
     0
 62
     7
  6
CONTINUOUS
370
    -3
390
F
347
CA3
348
0
  0
LAYER
  5
443
330
2
100
AcDbSymbolTableRecord
100
AcDbLayerTableRecord
  2
_25618
 70
     0
 62
     7
  6
CONTINUOUS
370
    -3
390
F
347
CA3
348
0
  0
LAYER
  5
444
330
2
100
AcDbSymbolTableRecord
100
AcDbLayerTableRecord
  2
_25623
 70
     0
 62
     7
  6
CONTINUOUS
370
    -3
390
F
347
CA3
348
0
  0
LAYER
  5
445
330
2
100
AcDbSymbolTableRecord
100
AcDbLayerTableRecord
  2
_25628
 70
     0
 62
     7
  6
CONTINUOUS
370
    -3
390
F
347
CA3
348
0
  0
LAYER
  5
446
330
2
100
AcDbSymbolTableRecord
100
AcDbLayerTableRecord
  2
_25633
 70
     0
 62
     7
  6
CONTINUOUS
370
    -3
390
F
347
CA3
348
0
  0
LAYER
  5
447
330
2
100
AcDbSymbolTableRecord
100
AcDbLayerTableRecord
  2
_25638
 70
     0
 62
     7
  6
CONTINUOUS
370
    -3
390
F
347
CA3
348
0
  0
LAYER
  5
448
330
2
100
AcDbSymbolTableRecord
100
AcDbLayerTableRecord
  2
_25643
 70
     0
 62
     7
  6
CONTINUOUS
370
    -3
390
F
347
CA3
348
0
  0
LAYER
  5
449
330
2
100
AcDbSymbolTableRecord
100
AcDbLayerTableRecord
  2
_25648
 70
     0
 62
     7
  6
CONTINUOUS
370
    -3
390
F
347
CA3
348
0
  0
LAYER
  5
44A
330
2
100
AcDbSymbolTableRecord
100
AcDbLayerTableRecord
  2
_25653
 70
     0
 62
     7
  6
CONTINUOUS
370
    -3
390
F
347
CA3
348
0
  0
LAYER
  5
44B
330
2
100
AcDbSymbolTableRecord
100
AcDbLayerTableRecord
  2
_25658
 70
     0
 62
     7
  6
CONTINUOUS
370
    -3
390
F
347
CA3
348
0
  0
LAYER
  5
44C
330
2
100
AcDbSymbolTableRecord
100
AcDbLayerTableRecord
  2
_25663
 70
     0
 62
     7
  6
CONTINUOUS
370
    -3
390
F
347
CA3
348
0
  0
LAYER
  5
44D
330
2
100
AcDbSymbolTableRecord
100
AcDbLayerTableRecord
  2
_25668
 70
     0
 62
     7
  6
CONTINUOUS
370
    -3
390
F
347
CA3
348
0
  0
LAYER
  5
44E
330
2
100
AcDbSymbolTableRecord
100
AcDbLayerTableRecord
  2
_25673
 70
     0
 62
     7
  6
CONTINUOUS
370
    -3
390
F
347
CA3
348
0
  0
LAYER
  5
44F
330
2
100
AcDbSymbolTableRecord
100
AcDbLayerTableRecord
  2
_25678
 70
     0
 62
     7
  6
CONTINUOUS
370
    -3
390
F
347
CA3
348
0
  0
LAYER
  5
450
330
2
100
AcDbSymbolTableRecord
100
AcDbLayerTableRecord
  2
_25683
 70
     0
 62
     7
  6
CONTINUOUS
370
    -3
390
F
347
CA3
348
0
  0
LAYER
  5
451
330
2
100
AcDbSymbolTableRecord
100
AcDbLayerTableRecord
  2
_25688
 70
     0
 62
     7
  6
CONTINUOUS
370
    -3
390
F
347
CA3
348
0
  0
LAYER
  5
452
330
2
100
AcDbSymbolTableRecord
100
AcDbLayerTableRecord
  2
_25693
 70
     0
 62
     7
  6
CONTINUOUS
370
    -3
390
F
347
CA3
348
0
  0
LAYER
  5
453
330
2
100
AcDbSymbolTableRecord
100
AcDbLayerTableRecord
  2
_25698
 70
     0
 62
     7
  6
CONTINUOUS
370
    -3
390
F
347
CA3
348
0
  0
LAYER
  5
454
330
2
100
AcDbSymbolTableRecord
100
AcDbLayerTableRecord
  2
_25703
 70
     0
 62
     7
  6
CONTINUOUS
370
    -3
390
F
347
CA3
348
0
  0
LAYER
  5
455
330
2
100
AcDbSymbolTableRecord
100
AcDbLayerTableRecord
  2
_25708
 70
     0
 62
     7
  6
CONTINUOUS
370
    -3
390
F
347
CA3
348
0
  0
LAYER
  5
456
330
2
100
AcDbSymbolTableRecord
100
AcDbLayerTableRecord
  2
_25713
 70
     0
 62
     7
  6
CONTINUOUS
370
    -3
390
F
347
CA3
348
0
  0
LAYER
  5
457
330
2
100
AcDbSymbolTableRecord
100
AcDbLayerTableRecord
  2
_25718
 70
     0
 62
     7
  6
CONTINUOUS
370
    -3
390
F
347
CA3
348
0
  0
LAYER
  5
458
330
2
100
AcDbSymbolTableRecord
100
AcDbLayerTableRecord
  2
_25723
 70
     0
 62
     7
  6
CONTINUOUS
370
    -3
390
F
347
CA3
348
0
  0
LAYER
  5
459
330
2
100
AcDbSymbolTableRecord
100
AcDbLayerTableRecord
  2
_25728
 70
     0
 62
     7
  6
CONTINUOUS
370
    -3
390
F
347
CA3
348
0
  0
LAYER
  5
45A
330
2
100
AcDbSymbolTableRecord
100
AcDbLayerTableRecord
  2
_25733
 70
     0
 62
     7
  6
CONTINUOUS
370
    -3
390
F
347
CA3
348
0
  0
LAYER
  5
45B
330
2
100
AcDbSymbolTableRecord
100
AcDbLayerTableRecord
  2
_25738
 70
     0
 62
     7
  6
CONTINUOUS
370
    -3
390
F
347
CA3
348
0
  0
LAYER
  5
45C
330
2
100
AcDbSymbolTableRecord
100
AcDbLayerTableRecord
  2
_25743
 70
     0
 62
     7
  6
CONTINUOUS
370
    -3
390
F
347
CA3
348
0
  0
LAYER
  5
45D
330
2
100
AcDbSymbolTableRecord
100
AcDbLayerTableRecord
  2
_25748
 70
     0
 62
     7
  6
CONTINUOUS
370
    -3
390
F
347
CA3
348
0
  0
LAYER
  5
45E
330
2
100
AcDbSymbolTableRecord
100
AcDbLayerTableRecord
  2
_25753
 70
     0
 62
     7
  6
CONTINUOUS
370
    -3
390
F
347
CA3
348
0
  0
LAYER
  5
45F
330
2
100
AcDbSymbolTableRecord
100
AcDbLayerTableRecord
  2
_25758
 70
     0
 62
     7
  6
CONTINUOUS
370
    -3
390
F
347
CA3
348
0
  0
LAYER
  5
460
330
2
100
AcDbSymbolTableRecord
100
AcDbLayerTableRecord
  2
_25763
 70
     0
 62
     7
  6
CONTINUOUS
370
    -3
390
F
347
CA3
348
0
  0
LAYER
  5
461
330
2
100
AcDbSymbolTableRecord
100
AcDbLayerTableRecord
  2
_25768
 70
     0
 62
     7
  6
CONTINUOUS
370
    -3
390
F
347
CA3
348
0
  0
LAYER
  5
462
330
2
100
AcDbSymbolTableRecord
100
AcDbLayerTableRecord
  2
_25773
 70
     0
 62
     7
  6
CONTINUOUS
370
    -3
390
F
347
CA3
348
0
  0
LAYER
  5
463
330
2
100
AcDbSymbolTableRecord
100
AcDbLayerTableRecord
  2
_25778
 70
     0
 62
     7
  6
CONTINUOUS
370
    -3
390
F
347
CA3
348
0
  0
LAYER
  5
464
330
2
100
AcDbSymbolTableRecord
100
AcDbLayerTableRecord
  2
_25783
 70
     0
 62
     7
  6
CONTINUOUS
370
    -3
390
F
347
CA3
348
0
  0
LAYER
  5
465
330
2
100
AcDbSymbolTableRecord
100
AcDbLayerTableRecord
  2
_25788
 70
     0
 62
     7
  6
CONTINUOUS
370
    -3
390
F
347
CA3
348
0
  0
LAYER
  5
466
330
2
100
AcDbSymbolTableRecord
100
AcDbLayerTableRecord
  2
_25793
 70
     0
 62
     7
  6
CONTINUOUS
370
    -3
390
F
347
CA3
348
0
  0
LAYER
  5
467
330
2
100
AcDbSymbolTableRecord
100
AcDbLayerTableRecord
  2
_25798
 70
     0
 62
     7
  6
CONTINUOUS
370
    -3
390
F
347
CA3
348
0
  0
LAYER
  5
468
330
2
100
AcDbSymbolTableRecord
100
AcDbLayerTableRecord
  2
_25803
 70
     0
 62
     7
  6
CONTINUOUS
370
    -3
390
F
347
CA3
348
0
  0
LAYER
  5
469
330
2
100
AcDbSymbolTableRecord
100
AcDbLayerTableRecord
  2
_25808
 70
     0
 62
     7
  6
CONTINUOUS
370
    -3
390
F
347
CA3
348
0
  0
LAYER
  5
46A
330
2
100
AcDbSymbolTableRecord
100
AcDbLayerTableRecord
  2
_25813
 70
     0
 62
     7
  6
CONTINUOUS
370
    -3
390
F
347
CA3
348
0
  0
LAYER
  5
46B
330
2
100
AcDbSymbolTableRecord
100
AcDbLayerTableRecord
  2
_25818
 70
     0
 62
     7
  6
CONTINUOUS
370
    -3
390
F
347
CA3
348
0
  0
LAYER
  5
46C
330
2
100
AcDbSymbolTableRecord
100
AcDbLayerTableRecord
  2
_25823
 70
     0
 62
     7
  6
CONTINUOUS
370
    -3
390
F
347
CA3
348
0
  0
LAYER
  5
46D
330
2
100
AcDbSymbolTableRecord
100
AcDbLayerTableRecord
  2
_25828
 70
     0
 62
     7
  6
CONTINUOUS
370
    -3
390
F
347
CA3
348
0
  0
LAYER
  5
46E
330
2
100
AcDbSymbolTableRecord
100
AcDbLayerTableRecord
  2
_25833
 70
     0
 62
     7
  6
CONTINUOUS
370
    -3
390
F
347
CA3
348
0
  0
LAYER
  5
46F
330
2
100
AcDbSymbolTableRecord
100
AcDbLayerTableRecord
  2
_25838
 70
     0
 62
     7
  6
CONTINUOUS
370
    -3
390
F
347
CA3
348
0
  0
LAYER
  5
470
330
2
100
AcDbSymbolTableRecord
100
AcDbLayerTableRecord
  2
_25843
 70
     0
 62
     7
  6
CONTINUOUS
370
    -3
390
F
347
CA3
348
0
  0
LAYER
  5
471
330
2
100
AcDbSymbolTableRecord
100
AcDbLayerTableRecord
  2
_25848
 70
     0
 62
     7
  6
CONTINUOUS
370
    -3
390
F
347
CA3
348
0
  0
LAYER
  5
472
330
2
100
AcDbSymbolTableRecord
100
AcDbLayerTableRecord
  2
_25853
 70
     0
 62
     7
  6
CONTINUOUS
370
    -3
390
F
347
CA3
348
0
  0
LAYER
  5
473
330
2
100
AcDbSymbolTableRecord
100
AcDbLayerTableRecord
  2
_25858
 70
     0
 62
     7
  6
CONTINUOUS
370
    -3
390
F
347
CA3
348
0
  0
LAYER
  5
474
330
2
100
AcDbSymbolTableRecord
100
AcDbLayerTableRecord
  2
_25863
 70
     0
 62
     7
  6
CONTINUOUS
370
    -3
390
F
347
CA3
348
0
  0
LAYER
  5
475
330
2
100
AcDbSymbolTableRecord
100
AcDbLayerTableRecord
  2
_25868
 70
     0
 62
     7
  6
CONTINUOUS
370
    -3
390
F
347
CA3
348
0
  0
LAYER
  5
476
330
2
100
AcDbSymbolTableRecord
100
AcDbLayerTableRecord
  2
_26119
 70
     0
 62
     7
  6
CONTINUOUS
370
    -3
390
F
347
CA3
348
0
  0
LAYER
  5
477
330
2
100
AcDbSymbolTableRecord
100
AcDbLayerTableRecord
  2
_26124
 70
     0
 62
     7
  6
CONTINUOUS
370
    -3
390
F
347
CA3
348
0
  0
LAYER
  5
478
330
2
100
AcDbSymbolTableRecord
100
AcDbLayerTableRecord
  2
_26127
 70
     0
 62
     7
  6
CONTINUOUS
370
    -3
390
F
347
CA3
348
0
  0
LAYER
  5
479
330
2
100
AcDbSymbolTableRecord
100
AcDbLayerTableRecord
  2
_26134
 70
     0
 62
     7
  6
CONTINUOUS
370
    -3
390
F
347
CA3
348
0
  0
LAYER
  5
47A
330
2
100
AcDbSymbolTableRecord
100
AcDbLayerTableRecord
  2
_26140
 70
     0
 62
     7
  6
CONTINUOUS
370
    -3
390
F
347
CA3
348
0
  0
LAYER
  5
47B
330
2
100
AcDbSymbolTableRecord
100
AcDbLayerTableRecord
  2
_26145
 70
     0
 62
     7
  6
CONTINUOUS
370
    -3
390
F
347
CA3
348
0
  0
LAYER
  5
47C
330
2
100
AcDbSymbolTableRecord
100
AcDbLayerTableRecord
  2
_26150
 70
     0
 62
     7
  6
CONTINUOUS
370
    -3
390
F
347
CA3
348
0
  0
LAYER
  5
47D
330
2
100
AcDbSymbolTableRecord
100
AcDbLayerTableRecord
  2
_26155
 70
     0
 62
     7
  6
CONTINUOUS
370
    -3
390
F
347
CA3
348
0
  0
LAYER
  5
47E
330
2
100
AcDbSymbolTableRecord
100
AcDbLayerTableRecord
  2
_26160
 70
     0
 62
     7
  6
CONTINUOUS
370
    -3
390
F
347
CA3
348
0
  0
LAYER
  5
47F
330
2
100
AcDbSymbolTableRecord
100
AcDbLayerTableRecord
  2
_26165
 70
     0
 62
     7
  6
CONTINUOUS
370
    -3
390
F
347
CA3
348
0
  0
LAYER
  5
480
330
2
100
AcDbSymbolTableRecord
100
AcDbLayerTableRecord
  2
_26168
 70
     0
 62
     7
  6
CONTINUOUS
370
    -3
390
F
347
CA3
348
0
  0
LAYER
  5
481
330
2
100
AcDbSymbolTableRecord
100
AcDbLayerTableRecord
  2
_26175
 70
     0
 62
     7
  6
CONTINUOUS
370
    -3
390
F
347
CA3
348
0
  0
LAYER
  5
482
330
2
100
AcDbSymbolTableRecord
100
AcDbLayerTableRecord
  2
_26178
 70
     0
 62
     7
  6
CONTINUOUS
370
    -3
390
F
347
CA3
348
0
  0
LAYER
  5
483
330
2
100
AcDbSymbolTableRecord
100
AcDbLayerTableRecord
  2
_26185
 70
     0
 62
     7
  6
CONTINUOUS
370
    -3
390
F
347
CA3
348
0
  0
LAYER
  5
484
330
2
100
AcDbSymbolTableRecord
100
AcDbLayerTableRecord
  2
_26190
 70
     0
 62
     7
  6
CONTINUOUS
370
    -3
390
F
347
CA3
348
0
  0
LAYER
  5
485
330
2
100
AcDbSymbolTableRecord
100
AcDbLayerTableRecord
  2
_26195
 70
     0
 62
     7
  6
CONTINUOUS
370
    -3
390
F
347
CA3
348
0
  0
LAYER
  5
486
330
2
100
AcDbSymbolTableRecord
100
AcDbLayerTableRecord
  2
_26200
 70
     0
 62
     7
  6
CONTINUOUS
370
    -3
390
F
347
CA3
348
0
  0
LAYER
  5
487
330
2
100
AcDbSymbolTableRecord
100
AcDbLayerTableRecord
  2
_26205
 70
     0
 62
     7
  6
CONTINUOUS
370
    -3
390
F
347
CA3
348
0
  0
LAYER
  5
488
330
2
100
AcDbSymbolTableRecord
100
AcDbLayerTableRecord
  2
_26210
 70
     0
 62
     7
  6
CONTINUOUS
370
    -3
390
F
347
CA3
348
0
  0
LAYER
  5
489
330
2
100
AcDbSymbolTableRecord
100
AcDbLayerTableRecord
  2
_26215
 70
     0
 62
     7
  6
CONTINUOUS
370
    -3
390
F
347
CA3
348
0
  0
LAYER
  5
48A
330
2
100
AcDbSymbolTableRecord
100
AcDbLayerTableRecord
  2
_26220
 70
     0
 62
     7
  6
CONTINUOUS
370
    -3
390
F
347
CA3
348
0
  0
LAYER
  5
48B
330
2
100
AcDbSymbolTableRecord
100
AcDbLayerTableRecord
  2
_26225
 70
     0
 62
     7
  6
CONTINUOUS
370
    -3
390
F
347
CA3
348
0
  0
LAYER
  5
48C
330
2
100
AcDbSymbolTableRecord
100
AcDbLayerTableRecord
  2
_26230
 70
     0
 62
     7
  6
CONTINUOUS
370
    -3
390
F
347
CA3
348
0
  0
LAYER
  5
48D
330
2
100
AcDbSymbolTableRecord
100
AcDbLayerTableRecord
  2
_26235
 70
     0
 62
     7
  6
CONTINUOUS
370
    -3
390
F
347
CA3
348
0
  0
LAYER
  5
48E
330
2
100
AcDbSymbolTableRecord
100
AcDbLayerTableRecord
  2
_26240
 70
     0
 62
     7
  6
CONTINUOUS
370
    -3
390
F
347
CA3
348
0
  0
LAYER
  5
48F
330
2
100
AcDbSymbolTableRecord
100
AcDbLayerTableRecord
  2
_26243
 70
     0
 62
     7
  6
CONTINUOUS
370
    -3
390
F
347
CA3
348
0
  0
LAYER
  5
490
330
2
100
AcDbSymbolTableRecord
100
AcDbLayerTableRecord
  2
_26248
 70
     0
 62
     7
  6
CONTINUOUS
370
    -3
390
F
347
CA3
348
0
  0
LAYER
  5
491
330
2
100
AcDbSymbolTableRecord
100
AcDbLayerTableRecord
  2
_26255
 70
     0
 62
     7
  6
CONTINUOUS
370
    -3
390
F
347
CA3
348
0
  0
LAYER
  5
492
330
2
100
AcDbSymbolTableRecord
100
AcDbLayerTableRecord
  2
_26258
 70
     0
 62
     7
  6
CONTINUOUS
370
    -3
390
F
347
CA3
348
0
  0
LAYER
  5
493
330
2
100
AcDbSymbolTableRecord
100
AcDbLayerTableRecord
  2
_26263
 70
     0
 62
     7
  6
CONTINUOUS
370
    -3
390
F
347
CA3
348
0
  0
LAYER
  5
494
330
2
100
AcDbSymbolTableRecord
100
AcDbLayerTableRecord
  2
_26270
 70
     0
 62
     7
  6
CONTINUOUS
370
    -3
390
F
347
CA3
348
0
  0
LAYER
  5
495
330
2
100
AcDbSymbolTableRecord
100
AcDbLayerTableRecord
  2
_26273
 70
     0
 62
     7
  6
CONTINUOUS
370
    -3
390
F
347
CA3
348
0
  0
LAYER
  5
496
330
2
100
AcDbSymbolTableRecord
100
AcDbLayerTableRecord
  2
_26278
 70
     0
 62
     7
  6
CONTINUOUS
370
    -3
390
F
347
CA3
348
0
  0
LAYER
  5
497
330
2
100
AcDbSymbolTableRecord
100
AcDbLayerTableRecord
  2
_26285
 70
     0
 62
     7
  6
CONTINUOUS
370
    -3
390
F
347
CA3
348
0
  0
LAYER
  5
498
330
2
100
AcDbSymbolTableRecord
100
AcDbLayerTableRecord
  2
_26288
 70
     0
 62
     7
  6
CONTINUOUS
370
    -3
390
F
347
CA3
348
0
  0
LAYER
  5
499
330
2
100
AcDbSymbolTableRecord
100
AcDbLayerTableRecord
  2
_26293
 70
     0
 62
     7
  6
CONTINUOUS
370
    -3
390
F
347
CA3
348
0
  0
LAYER
  5
49A
330
2
100
AcDbSymbolTableRecord
100
AcDbLayerTableRecord
  2
_26300
 70
     0
 62
     7
  6
CONTINUOUS
370
    -3
390
F
347
CA3
348
0
  0
LAYER
  5
49B
330
2
100
AcDbSymbolTableRecord
100
AcDbLayerTableRecord
  2
_26303
 70
     0
 62
     7
  6
CONTINUOUS
370
    -3
390
F
347
CA3
348
0
  0
LAYER
  5
49C
330
2
100
AcDbSymbolTableRecord
100
AcDbLayerTableRecord
  2
_26308
 70
     0
 62
     7
  6
CONTINUOUS
370
    -3
390
F
347
CA3
348
0
  0
LAYER
  5
49D
330
2
100
AcDbSymbolTableRecord
100
AcDbLayerTableRecord
  2
_26313
 70
     0
 62
     7
  6
CONTINUOUS
370
    -3
390
F
347
CA3
348
0
  0
LAYER
  5
49E
330
2
100
AcDbSymbolTableRecord
100
AcDbLayerTableRecord
  2
_26318
 70
     0
 62
     7
  6
CONTINUOUS
370
    -3
390
F
347
CA3
348
0
  0
LAYER
  5
49F
330
2
100
AcDbSymbolTableRecord
100
AcDbLayerTableRecord
  2
_26325
 70
     0
 62
     7
  6
CONTINUOUS
370
    -3
390
F
347
CA3
348
0
  0
LAYER
  5
4A0
330
2
100
AcDbSymbolTableRecord
100
AcDbLayerTableRecord
  2
_26330
 70
     0
 62
     7
  6
CONTINUOUS
370
    -3
390
F
347
CA3
348
0
  0
LAYER
  5
4A1
330
2
100
AcDbSymbolTableRecord
100
AcDbLayerTableRecord
  2
_26335
 70
     0
 62
     7
  6
CONTINUOUS
370
    -3
390
F
347
CA3
348
0
  0
LAYER
  5
4A2
330
2
100
AcDbSymbolTableRecord
100
AcDbLayerTableRecord
  2
_26340
 70
     0
 62
     7
  6
CONTINUOUS
370
    -3
390
F
347
CA3
348
0
  0
LAYER
  5
4A3
330
2
100
AcDbSymbolTableRecord
100
AcDbLayerTableRecord
  2
_26345
 70
     0
 62
     7
  6
CONTINUOUS
370
    -3
390
F
347
CA3
348
0
  0
LAYER
  5
4A4
330
2
100
AcDbSymbolTableRecord
100
AcDbLayerTableRecord
  2
_26350
 70
     0
 62
     7
  6
CONTINUOUS
370
    -3
390
F
347
CA3
348
0
  0
LAYER
  5
4A5
330
2
100
AcDbSymbolTableRecord
100
AcDbLayerTableRecord
  2
_26355
 70
     0
 62
     7
  6
CONTINUOUS
370
    -3
390
F
347
CA3
348
0
  0
LAYER
  5
4A6
330
2
100
AcDbSymbolTableRecord
100
AcDbLayerTableRecord
  2
_26358
 70
     0
 62
     7
  6
CONTINUOUS
370
    -3
390
F
347
CA3
348
0
  0
LAYER
  5
4A7
330
2
100
AcDbSymbolTableRecord
100
AcDbLayerTableRecord
  2
_26363
 70
     0
 62
     7
  6
CONTINUOUS
370
    -3
390
F
347
CA3
348
0
  0
LAYER
  5
4A8
330
2
100
AcDbSymbolTableRecord
100
AcDbLayerTableRecord
  2
_26368
 70
     0
 62
     7
  6
CONTINUOUS
370
    -3
390
F
347
CA3
348
0
  0
LAYER
  5
4A9
330
2
100
AcDbSymbolTableRecord
100
AcDbLayerTableRecord
  2
_26373
 70
     0
 62
     7
  6
CONTINUOUS
370
    -3
390
F
347
CA3
348
0
  0
LAYER
  5
4AA
330
2
100
AcDbSymbolTableRecord
100
AcDbLayerTableRecord
  2
_26380
 70
     0
 62
     7
  6
CONTINUOUS
370
    -3
390
F
347
CA3
348
0
  0
LAYER
  5
4AB
330
2
100
AcDbSymbolTableRecord
100
AcDbLayerTableRecord
  2
_26385
 70
     0
 62
     7
  6
CONTINUOUS
370
    -3
390
F
347
CA3
348
0
  0
LAYER
  5
4AC
330
2
100
AcDbSymbolTableRecord
100
AcDbLayerTableRecord
  2
_26388
 70
     0
 62
     7
  6
CONTINUOUS
370
    -3
390
F
347
CA3
348
0
  0
LAYER
  5
4AD
330
2
100
AcDbSymbolTableRecord
100
AcDbLayerTableRecord
  2
_26395
 70
     0
 62
     7
  6
CONTINUOUS
370
    -3
390
F
347
CA3
348
0
  0
LAYER
  5
4AE
330
2
100
AcDbSymbolTableRecord
100
AcDbLayerTableRecord
  2
_26398
 70
     0
 62
     7
  6
CONTINUOUS
370
    -3
390
F
347
CA3
348
0
  0
LAYER
  5
4AF
330
2
100
AcDbSymbolTableRecord
100
AcDbLayerTableRecord
  2
_26403
 70
     0
 62
     7
  6
CONTINUOUS
370
    -3
390
F
347
CA3
348
0
  0
LAYER
  5
4B0
330
2
100
AcDbSymbolTableRecord
100
AcDbLayerTableRecord
  2
_26410
 70
     0
 62
     7
  6
CONTINUOUS
370
    -3
390
F
347
CA3
348
0
  0
LAYER
  5
4B1
330
2
100
AcDbSymbolTableRecord
100
AcDbLayerTableRecord
  2
_26413
 70
     0
 62
     7
  6
CONTINUOUS
370
    -3
390
F
347
CA3
348
0
  0
LAYER
  5
4B2
330
2
100
AcDbSymbolTableRecord
100
AcDbLayerTableRecord
  2
_26420
 70
     0
 62
     7
  6
CONTINUOUS
370
    -3
390
F
347
CA3
348
0
  0
LAYER
  5
4B3
330
2
100
AcDbSymbolTableRecord
100
AcDbLayerTableRecord
  2
_26425
 70
     0
 62
     7
  6
CONTINUOUS
370
    -3
390
F
347
CA3
348
0
  0
LAYER
  5
4B4
330
2
100
AcDbSymbolTableRecord
100
AcDbLayerTableRecord
  2
_26430
 70
     0
 62
     7
  6
CONTINUOUS
370
    -3
390
F
347
CA3
348
0
  0
LAYER
  5
4B5
330
2
100
AcDbSymbolTableRecord
100
AcDbLayerTableRecord
  2
_26435
 70
     0
 62
     7
  6
CONTINUOUS
370
    -3
390
F
347
CA3
348
0
  0
LAYER
  5
4B6
330
2
100
AcDbSymbolTableRecord
100
AcDbLayerTableRecord
  2
_26440
 70
     0
 62
     7
  6
CONTINUOUS
370
    -3
390
F
347
CA3
348
0
  0
LAYER
  5
4B7
330
2
100
AcDbSymbolTableRecord
100
AcDbLayerTableRecord
  2
_26445
 70
     0
 62
     7
  6
CONTINUOUS
370
    -3
390
F
347
CA3
348
0
  0
LAYER
  5
4B8
330
2
100
AcDbSymbolTableRecord
100
AcDbLayerTableRecord
  2
_26450
 70
     0
 62
     7
  6
CONTINUOUS
370
    -3
390
F
347
CA3
348
0
  0
LAYER
  5
4B9
330
2
100
AcDbSymbolTableRecord
100
AcDbLayerTableRecord
  2
_26455
 70
     0
 62
     7
  6
CONTINUOUS
370
    -3
390
F
347
CA3
348
0
  0
LAYER
  5
4BA
330
2
100
AcDbSymbolTableRecord
100
AcDbLayerTableRecord
  2
_26460
 70
     0
 62
     7
  6
CONTINUOUS
370
    -3
390
F
347
CA3
348
0
  0
LAYER
  5
4BB
330
2
100
AcDbSymbolTableRecord
100
AcDbLayerTableRecord
  2
_26463
 70
     0
 62
     7
  6
CONTINUOUS
370
    -3
390
F
347
CA3
348
0
  0
LAYER
  5
4BC
330
2
100
AcDbSymbolTableRecord
100
AcDbLayerTableRecord
  2
_26470
 70
     0
 62
     7
  6
CONTINUOUS
370
    -3
390
F
347
CA3
348
0
  0
LAYER
  5
4BD
330
2
100
AcDbSymbolTableRecord
100
AcDbLayerTableRecord
  2
_26473
 70
     0
 62
     7
  6
CONTINUOUS
370
    -3
390
F
347
CA3
348
0
  0
LAYER
  5
4BE
330
2
100
AcDbSymbolTableRecord
100
AcDbLayerTableRecord
  2
_26480
 70
     0
 62
     7
  6
CONTINUOUS
370
    -3
390
F
347
CA3
348
0
  0
LAYER
  5
4BF
330
2
100
AcDbSymbolTableRecord
100
AcDbLayerTableRecord
  2
_26483
 70
     0
 62
     7
  6
CONTINUOUS
370
    -3
390
F
347
CA3
348
0
  0
LAYER
  5
4C0
330
2
100
AcDbSymbolTableRecord
100
AcDbLayerTableRecord
  2
_26488
 70
     0
 62
     7
  6
CONTINUOUS
370
    -3
390
F
347
CA3
348
0
  0
LAYER
  5
4C1
330
2
100
AcDbSymbolTableRecord
100
AcDbLayerTableRecord
  2
_26495
 70
     0
 62
     7
  6
CONTINUOUS
370
    -3
390
F
347
CA3
348
0
  0
LAYER
  5
4C2
330
2
100
AcDbSymbolTableRecord
100
AcDbLayerTableRecord
  2
_26498
 70
     0
 62
     7
  6
CONTINUOUS
370
    -3
390
F
347
CA3
348
0
  0
LAYER
  5
4C3
330
2
100
AcDbSymbolTableRecord
100
AcDbLayerTableRecord
  2
_26505
 70
     0
 62
     7
  6
CONTINUOUS
370
    -3
390
F
347
CA3
348
0
  0
LAYER
  5
4C4
330
2
100
AcDbSymbolTableRecord
100
AcDbLayerTableRecord
  2
_26508
 70
     0
 62
     7
  6
CONTINUOUS
370
    -3
390
F
347
CA3
348
0
  0
LAYER
  5
4C5
330
2
100
AcDbSymbolTableRecord
100
AcDbLayerTableRecord
  2
_26515
 70
     0
 62
     7
  6
CONTINUOUS
370
    -3
390
F
347
CA3
348
0
  0
LAYER
  5
4C6
330
2
100
AcDbSymbolTableRecord
100
AcDbLayerTableRecord
  2
_26518
 70
     0
 62
     7
  6
CONTINUOUS
370
    -3
390
F
347
CA3
348
0
  0
LAYER
  5
4C7
330
2
100
AcDbSymbolTableRecord
100
AcDbLayerTableRecord
  2
_26523
 70
     0
 62
     7
  6
CONTINUOUS
370
    -3
390
F
347
CA3
348
0
  0
LAYER
  5
4C8
330
2
100
AcDbSymbolTableRecord
100
AcDbLayerTableRecord
  2
_26530
 70
     0
 62
     7
  6
CONTINUOUS
370
    -3
390
F
347
CA3
348
0
  0
LAYER
  5
4C9
330
2
100
AcDbSymbolTableRecord
100
AcDbLayerTableRecord
  2
_26535
 70
     0
 62
     7
  6
CONTINUOUS
370
    -3
390
F
347
CA3
348
0
  0
LAYER
  5
4CA
330
2
100
AcDbSymbolTableRecord
100
AcDbLayerTableRecord
  2
_26542
 70
     0
 62
     7
  6
CONTINUOUS
370
    -3
390
F
347
CA3
348
0
  0
LAYER
  5
4CB
330
2
100
AcDbSymbolTableRecord
100
AcDbLayerTableRecord
  2
_26554
 70
     0
 62
     7
  6
CONTINUOUS
370
    -3
390
F
347
CA3
348
0
  0
LAYER
  5
4CC
330
2
100
AcDbSymbolTableRecord
100
AcDbLayerTableRecord
  2
_26566
 70
     0
 62
     7
  6
CONTINUOUS
370
    -3
390
F
347
CA3
348
0
  0
LAYER
  5
4CD
330
2
100
AcDbSymbolTableRecord
100
AcDbLayerTableRecord
  2
_26578
 70
     0
 62
     7
  6
CONTINUOUS
370
    -3
390
F
347
CA3
348
0
  0
LAYER
  5
4CE
330
2
100
AcDbSymbolTableRecord
100
AcDbLayerTableRecord
  2
_26590
 70
     0
 62
     7
  6
CONTINUOUS
370
    -3
390
F
347
CA3
348
0
  0
LAYER
  5
4CF
330
2
100
AcDbSymbolTableRecord
100
AcDbLayerTableRecord
  2
_26596
 70
     0
 62
     7
  6
CONTINUOUS
370
    -3
390
F
347
CA3
348
0
  0
LAYER
  5
4D0
330
2
100
AcDbSymbolTableRecord
100
AcDbLayerTableRecord
  2
_26612
 70
     0
 62
     7
  6
CONTINUOUS
370
    -3
390
F
347
CA3
348
0
  0
LAYER
  5
4D1
330
2
100
AcDbSymbolTableRecord
100
AcDbLayerTableRecord
  2
_26619
 70
     0
 62
     7
  6
CONTINUOUS
370
    -3
390
F
347
CA3
348
0
  0
LAYER
  5
4D2
330
2
100
AcDbSymbolTableRecord
100
AcDbLayerTableRecord
  2
_26635
 70
     0
 62
     7
  6
CONTINUOUS
370
    -3
390
F
347
CA3
348
0
  0
LAYER
  5
4D3
330
2
100
AcDbSymbolTableRecord
100
AcDbLayerTableRecord
  2
_26641
 70
     0
 62
     7
  6
CONTINUOUS
370
    -3
390
F
347
CA3
348
0
  0
LAYER
  5
4D4
330
2
100
AcDbSymbolTableRecord
100
AcDbLayerTableRecord
  2
_26652
 70
     0
 62
     7
  6
CONTINUOUS
370
    -3
390
F
347
CA3
348
0
  0
LAYER
  5
4D5
330
2
100
AcDbSymbolTableRecord
100
AcDbLayerTableRecord
  2
_26668
 70
     0
 62
     7
  6
CONTINUOUS
370
    -3
390
F
347
CA3
348
0
  0
LAYER
  5
4D6
330
2
100
AcDbSymbolTableRecord
100
AcDbLayerTableRecord
  2
_26675
 70
     0
 62
     7
  6
CONTINUOUS
370
    -3
390
F
347
CA3
348
0
  0
LAYER
  5
4D7
330
2
100
AcDbSymbolTableRecord
100
AcDbLayerTableRecord
  2
_26691
 70
     0
 62
     7
  6
CONTINUOUS
370
    -3
390
F
347
CA3
348
0
  0
LAYER
  5
4D8
330
2
100
AcDbSymbolTableRecord
100
AcDbLayerTableRecord
  2
_26697
 70
     0
 62
     7
  6
CONTINUOUS
370
    -3
390
F
347
CA3
348
0
  0
LAYER
  5
4D9
330
2
100
AcDbSymbolTableRecord
100
AcDbLayerTableRecord
  2
_26713
 70
     0
 62
     7
  6
CONTINUOUS
370
    -3
390
F
347
CA3
348
0
  0
LAYER
  5
4DA
330
2
100
AcDbSymbolTableRecord
100
AcDbLayerTableRecord
  2
_26720
 70
     0
 62
     7
  6
CONTINUOUS
370
    -3
390
F
347
CA3
348
0
  0
LAYER
  5
4DB
330
2
100
AcDbSymbolTableRecord
100
AcDbLayerTableRecord
  2
_26730
 70
     0
 62
     7
  6
CONTINUOUS
370
    -3
390
F
347
CA3
348
0
  0
LAYER
  5
4DC
330
2
100
AcDbSymbolTableRecord
100
AcDbLayerTableRecord
  2
_26747
 70
     0
 62
     7
  6
CONTINUOUS
370
    -3
390
F
347
CA3
348
0
  0
LAYER
  5
4DD
330
2
100
AcDbSymbolTableRecord
100
AcDbLayerTableRecord
  2
_26758
 70
     0
 62
     7
  6
CONTINUOUS
370
    -3
390
F
347
CA3
348
0
  0
LAYER
  5
4DE
330
2
100
AcDbSymbolTableRecord
100
AcDbLayerTableRecord
  2
_26770
 70
     0
 62
     7
  6
CONTINUOUS
370
    -3
390
F
347
CA3
348
0
  0
LAYER
  5
4DF
330
2
100
AcDbSymbolTableRecord
100
AcDbLayerTableRecord
  2
_26782
 70
     0
 62
     7
  6
CONTINUOUS
370
    -3
390
F
347
CA3
348
0
  0
LAYER
  5
4E0
330
2
100
AcDbSymbolTableRecord
100
AcDbLayerTableRecord
  2
_26794
 70
     0
 62
     7
  6
CONTINUOUS
370
    -3
390
F
347
CA3
348
0
  0
LAYER
  5
4E1
330
2
100
AcDbSymbolTableRecord
100
AcDbLayerTableRecord
  2
_26806
 70
     0
 62
     7
  6
CONTINUOUS
370
    -3
390
F
347
CA3
348
0
  0
LAYER
  5
4E2
330
2
100
AcDbSymbolTableRecord
100
AcDbLayerTableRecord
  2
_26818
 70
     0
 62
     7
  6
CONTINUOUS
370
    -3
390
F
347
CA3
348
0
  0
LAYER
  5
4E3
330
2
100
AcDbSymbolTableRecord
100
AcDbLayerTableRecord
  2
_26824
 70
     0
 62
     7
  6
CONTINUOUS
370
    -3
390
F
347
CA3
348
0
  0
LAYER
  5
4E4
330
2
100
AcDbSymbolTableRecord
100
AcDbLayerTableRecord
  2
_26840
 70
     0
 62
     7
  6
CONTINUOUS
370
    -3
390
F
347
CA3
348
0
  0
LAYER
  5
4E5
330
2
100
AcDbSymbolTableRecord
100
AcDbLayerTableRecord
  2
_26847
 70
     0
 62
     7
  6
CONTINUOUS
370
    -3
390
F
347
CA3
348
0
  0
LAYER
  5
4E6
330
2
100
AcDbSymbolTableRecord
100
AcDbLayerTableRecord
  2
_26863
 70
     0
 62
     7
  6
CONTINUOUS
370
    -3
390
F
347
CA3
348
0
  0
LAYER
  5
4E7
330
2
100
AcDbSymbolTableRecord
100
AcDbLayerTableRecord
  2
_26869
 70
     0
 62
     7
  6
CONTINUOUS
370
    -3
390
F
347
CA3
348
0
  0
LAYER
  5
4E8
330
2
100
AcDbSymbolTableRecord
100
AcDbLayerTableRecord
  2
_26880
 70
     0
 62
     7
  6
CONTINUOUS
370
    -3
390
F
347
CA3
348
0
  0
LAYER
  5
4E9
330
2
100
AcDbSymbolTableRecord
100
AcDbLayerTableRecord
  2
_26896
 70
     0
 62
     7
  6
CONTINUOUS
370
    -3
390
F
347
CA3
348
0
  0
LAYER
  5
4EA
330
2
100
AcDbSymbolTableRecord
100
AcDbLayerTableRecord
  2
_26903
 70
     0
 62
     7
  6
CONTINUOUS
370
    -3
390
F
347
CA3
348
0
  0
LAYER
  5
4EB
330
2
100
AcDbSymbolTableRecord
100
AcDbLayerTableRecord
  2
_26919
 70
     0
 62
     7
  6
CONTINUOUS
370
    -3
390
F
347
CA3
348
0
  0
LAYER
  5
4EC
330
2
100
AcDbSymbolTableRecord
100
AcDbLayerTableRecord
  2
_26925
 70
     0
 62
     7
  6
CONTINUOUS
370
    -3
390
F
347
CA3
348
0
  0
LAYER
  5
4ED
330
2
100
AcDbSymbolTableRecord
100
AcDbLayerTableRecord
  2
_26941
 70
     0
 62
     7
  6
CONTINUOUS
370
    -3
390
F
347
CA3
348
0
  0
LAYER
  5
4EE
330
2
100
AcDbSymbolTableRecord
100
AcDbLayerTableRecord
  2
_26948
 70
     0
 62
     7
  6
CONTINUOUS
370
    -3
390
F
347
CA3
348
0
  0
LAYER
  5
4EF
330
2
100
AcDbSymbolTableRecord
100
AcDbLayerTableRecord
  2
_26958
 70
     0
 62
     7
  6
CONTINUOUS
370
    -3
390
F
347
CA3
348
0
  0
LAYER
  5
4F0
330
2
100
AcDbSymbolTableRecord
100
AcDbLayerTableRecord
  2
_26975
 70
     0
 62
     7
  6
CONTINUOUS
370
    -3
390
F
347
CA3
348
0
  0
LAYER
  5
4F1
330
2
100
AcDbSymbolTableRecord
100
AcDbLayerTableRecord
  2
_26986
 70
     0
 62
     7
  6
CONTINUOUS
370
    -3
390
F
347
CA3
348
0
  0
LAYER
  5
4F2
330
2
100
AcDbSymbolTableRecord
100
AcDbLayerTableRecord
  2
_26998
 70
     0
 62
     7
  6
CONTINUOUS
370
    -3
390
F
347
CA3
348
0
  0
LAYER
  5
4F3
330
2
100
AcDbSymbolTableRecord
100
AcDbLayerTableRecord
  2
_27010
 70
     0
 62
     7
  6
CONTINUOUS
370
    -3
390
F
347
CA3
348
0
  0
LAYER
  5
4F4
330
2
100
AcDbSymbolTableRecord
100
AcDbLayerTableRecord
  2
_27022
 70
     0
 62
     7
  6
CONTINUOUS
370
    -3
390
F
347
CA3
348
0
  0
LAYER
  5
4F5
330
2
100
AcDbSymbolTableRecord
100
AcDbLayerTableRecord
  2
_27034
 70
     0
 62
     7
  6
CONTINUOUS
370
    -3
390
F
347
CA3
348
0
  0
LAYER
  5
4F6
330
2
100
AcDbSymbolTableRecord
100
AcDbLayerTableRecord
  2
_27046
 70
     0
 62
     7
  6
CONTINUOUS
370
    -3
390
F
347
CA3
348
0
  0
LAYER
  5
4F7
330
2
100
AcDbSymbolTableRecord
100
AcDbLayerTableRecord
  2
_27052
 70
     0
 62
     7
  6
CONTINUOUS
370
    -3
390
F
347
CA3
348
0
  0
LAYER
  5
4F8
330
2
100
AcDbSymbolTableRecord
100
AcDbLayerTableRecord
  2
_27068
 70
     0
 62
     7
  6
CONTINUOUS
370
    -3
390
F
347
CA3
348
0
  0
LAYER
  5
4F9
330
2
100
AcDbSymbolTableRecord
100
AcDbLayerTableRecord
  2
_27075
 70
     0
 62
     7
  6
CONTINUOUS
370
    -3
390
F
347
CA3
348
0
  0
LAYER
  5
4FA
330
2
100
AcDbSymbolTableRecord
100
AcDbLayerTableRecord
  2
_27091
 70
     0
 62
     7
  6
CONTINUOUS
370
    -3
390
F
347
CA3
348
0
  0
LAYER
  5
4FB
330
2
100
AcDbSymbolTableRecord
100
AcDbLayerTableRecord
  2
_27097
 70
     0
 62
     7
  6
CONTINUOUS
370
    -3
390
F
347
CA3
348
0
  0
LAYER
  5
4FC
330
2
100
AcDbSymbolTableRecord
100
AcDbLayerTableRecord
  2
_27108
 70
     0
 62
     7
  6
CONTINUOUS
370
    -3
390
F
347
CA3
348
0
  0
LAYER
  5
4FD
330
2
100
AcDbSymbolTableRecord
100
AcDbLayerTableRecord
  2
_27124
 70
     0
 62
     7
  6
CONTINUOUS
370
    -3
390
F
347
CA3
348
0
  0
LAYER
  5
4FE
330
2
100
AcDbSymbolTableRecord
100
AcDbLayerTableRecord
  2
_27131
 70
     0
 62
     7
  6
CONTINUOUS
370
    -3
390
F
347
CA3
348
0
  0
LAYER
  5
4FF
330
2
100
AcDbSymbolTableRecord
100
AcDbLayerTableRecord
  2
_27147
 70
     0
 62
     7
  6
CONTINUOUS
370
    -3
390
F
347
CA3
348
0
  0
LAYER
  5
500
330
2
100
AcDbSymbolTableRecord
100
AcDbLayerTableRecord
  2
_27153
 70
     0
 62
     7
  6
CONTINUOUS
370
    -3
390
F
347
CA3
348
0
  0
LAYER
  5
501
330
2
100
AcDbSymbolTableRecord
100
AcDbLayerTableRecord
  2
_27169
 70
     0
 62
     7
  6
CONTINUOUS
370
    -3
390
F
347
CA3
348
0
  0
LAYER
  5
502
330
2
100
AcDbSymbolTableRecord
100
AcDbLayerTableRecord
  2
_27176
 70
     0
 62
     7
  6
CONTINUOUS
370
    -3
390
F
347
CA3
348
0
  0
LAYER
  5
503
330
2
100
AcDbSymbolTableRecord
100
AcDbLayerTableRecord
  2
_27186
 70
     0
 62
     7
  6
CONTINUOUS
370
    -3
390
F
347
CA3
348
0
  0
LAYER
  5
504
330
2
100
AcDbSymbolTableRecord
100
AcDbLayerTableRecord
  2
_27199
 70
     0
 62
     7
  6
CONTINUOUS
370
    -3
390
F
347
CA3
348
0
  0
LAYER
  5
505
330
2
100
AcDbSymbolTableRecord
100
AcDbLayerTableRecord
  2
_27205
 70
     0
 62
     7
  6
CONTINUOUS
370
    -3
390
F
347
CA3
348
0
  0
LAYER
  5
506
330
2
100
AcDbSymbolTableRecord
100
AcDbLayerTableRecord
  2
_27212
 70
     0
 62
     7
  6
CONTINUOUS
370
    -3
390
F
347
CA3
348
0
  0
LAYER
  5
507
330
2
100
AcDbSymbolTableRecord
100
AcDbLayerTableRecord
  2
_27217
 70
     0
 62
     7
  6
CONTINUOUS
370
    -3
390
F
347
CA3
348
0
  0
LAYER
  5
508
330
2
100
AcDbSymbolTableRecord
100
AcDbLayerTableRecord
  2
_27227
 70
     0
 62
     7
  6
CONTINUOUS
370
    -3
390
F
347
CA3
348
0
  0
LAYER
  5
509
330
2
100
AcDbSymbolTableRecord
100
AcDbLayerTableRecord
  2
_27232
 70
     0
 62
     7
  6
CONTINUOUS
370
    -3
390
F
347
CA3
348
0
  0
LAYER
  5
50A
330
2
100
AcDbSymbolTableRecord
100
AcDbLayerTableRecord
  2
_27241
 70
     0
 62
     7
  6
CONTINUOUS
370
    -3
390
F
347
CA3
348
0
  0
LAYER
  5
50B
330
2
100
AcDbSymbolTableRecord
100
AcDbLayerTableRecord
  2
_27244
 70
     0
 62
     7
  6
CONTINUOUS
370
    -3
390
F
347
CA3
348
0
  0
LAYER
  5
50C
330
2
100
AcDbSymbolTableRecord
100
AcDbLayerTableRecord
  2
_27252
 70
     0
 62
     7
  6
CONTINUOUS
370
    -3
390
F
347
CA3
348
0
  0
LAYER
  5
50D
330
2
100
AcDbSymbolTableRecord
100
AcDbLayerTableRecord
  2
_27258
 70
     0
 62
     7
  6
CONTINUOUS
370
    -3
390
F
347
CA3
348
0
  0
LAYER
  5
50E
330
2
100
AcDbSymbolTableRecord
100
AcDbLayerTableRecord
  2
_27265
 70
     0
 62
     7
  6
CONTINUOUS
370
    -3
390
F
347
CA3
348
0
  0
LAYER
  5
50F
330
2
100
AcDbSymbolTableRecord
100
AcDbLayerTableRecord
  2
_27270
 70
     0
 62
     7
  6
CONTINUOUS
370
    -3
390
F
347
CA3
348
0
  0
LAYER
  5
510
330
2
100
AcDbSymbolTableRecord
100
AcDbLayerTableRecord
  2
_27277
 70
     0
 62
     7
  6
CONTINUOUS
370
    -3
390
F
347
CA3
348
0
  0
LAYER
  5
511
330
2
100
AcDbSymbolTableRecord
100
AcDbLayerTableRecord
  2
_27286
 70
     0
 62
     7
  6
CONTINUOUS
370
    -3
390
F
347
CA3
348
0
  0
LAYER
  5
512
330
2
100
AcDbSymbolTableRecord
100
AcDbLayerTableRecord
  2
_27292
 70
     0
 62
     7
  6
CONTINUOUS
370
    -3
390
F
347
CA3
348
0
  0
LAYER
  5
513
330
2
100
AcDbSymbolTableRecord
100
AcDbLayerTableRecord
  2
_27299
 70
     0
 62
     7
  6
CONTINUOUS
370
    -3
390
F
347
CA3
348
0
  0
LAYER
  5
514
330
2
100
AcDbSymbolTableRecord
100
AcDbLayerTableRecord
  2
_27304
 70
     0
 62
     7
  6
CONTINUOUS
370
    -3
390
F
347
CA3
348
0
  0
LAYER
  5
515
330
2
100
AcDbSymbolTableRecord
100
AcDbLayerTableRecord
  2
_27313
 70
     0
 62
     7
  6
CONTINUOUS
370
    -3
390
F
347
CA3
348
0
  0
LAYER
  5
516
330
2
100
AcDbSymbolTableRecord
100
AcDbLayerTableRecord
  2
_27316
 70
     0
 62
     7
  6
CONTINUOUS
370
    -3
390
F
347
CA3
348
0
  0
LAYER
  5
517
330
2
100
AcDbSymbolTableRecord
100
AcDbLayerTableRecord
  2
_27325
 70
     0
 62
     7
  6
CONTINUOUS
370
    -3
390
F
347
CA3
348
0
  0
LAYER
  5
518
330
2
100
AcDbSymbolTableRecord
100
AcDbLayerTableRecord
  2
_27332
 70
     0
 62
     7
  6
CONTINUOUS
370
    -3
390
F
347
CA3
348
0
  0
LAYER
  5
519
330
2
100
AcDbSymbolTableRecord
100
AcDbLayerTableRecord
  2
_27341
 70
     0
 62
     7
  6
CONTINUOUS
370
    -3
390
F
347
CA3
348
0
  0
LAYER
  5
51A
330
2
100
AcDbSymbolTableRecord
100
AcDbLayerTableRecord
  2
_27346
 70
     0
 62
     7
  6
CONTINUOUS
370
    -3
390
F
347
CA3
348
0
  0
LAYER
  5
51B
330
2
100
AcDbSymbolTableRecord
100
AcDbLayerTableRecord
  2
_27355
 70
     0
 62
     7
  6
CONTINUOUS
370
    -3
390
F
347
CA3
348
0
  0
LAYER
  5
51C
330
2
100
AcDbSymbolTableRecord
100
AcDbLayerTableRecord
  2
_27360
 70
     0
 62
     7
  6
CONTINUOUS
370
    -3
390
F
347
CA3
348
0
  0
LAYER
  5
51D
330
2
100
AcDbSymbolTableRecord
100
AcDbLayerTableRecord
  2
_27369
 70
     0
 62
     7
  6
CONTINUOUS
370
    -3
390
F
347
CA3
348
0
  0
LAYER
  5
51E
330
2
100
AcDbSymbolTableRecord
100
AcDbLayerTableRecord
  2
_27374
 70
     0
 62
     7
  6
CONTINUOUS
370
    -3
390
F
347
CA3
348
0
  0
LAYER
  5
51F
330
2
100
AcDbSymbolTableRecord
100
AcDbLayerTableRecord
  2
_27377
 70
     0
 62
     7
  6
CONTINUOUS
370
    -3
390
F
347
CA3
348
0
  0
LAYER
  5
520
330
2
100
AcDbSymbolTableRecord
100
AcDbLayerTableRecord
  2
_27389
 70
     0
 62
     7
  6
CONTINUOUS
370
    -3
390
F
347
CA3
348
0
  0
LAYER
  5
521
330
2
100
AcDbSymbolTableRecord
100
AcDbLayerTableRecord
  2
_27392
 70
     0
 62
     7
  6
CONTINUOUS
370
    -3
390
F
347
CA3
348
0
  0
LAYER
  5
522
330
2
100
AcDbSymbolTableRecord
100
AcDbLayerTableRecord
  2
_27403
 70
     0
 62
     7
  6
CONTINUOUS
370
    -3
390
F
347
CA3
348
0
  0
LAYER
  5
523
330
2
100
AcDbSymbolTableRecord
100
AcDbLayerTableRecord
  2
_27406
 70
     0
 62
     7
  6
CONTINUOUS
370
    -3
390
F
347
CA3
348
0
  0
LAYER
  5
524
330
2
100
AcDbSymbolTableRecord
100
AcDbLayerTableRecord
  2
_27411
 70
     0
 62
     7
  6
CONTINUOUS
370
    -3
390
F
347
CA3
348
0
  0
LAYER
  5
525
330
2
100
AcDbSymbolTableRecord
100
AcDbLayerTableRecord
  2
_27423
 70
     0
 62
     7
  6
CONTINUOUS
370
    -3
390
F
347
CA3
348
0
  0
LAYER
  5
526
330
2
100
AcDbSymbolTableRecord
100
AcDbLayerTableRecord
  2
_27426
 70
     0
 62
     7
  6
CONTINUOUS
370
    -3
390
F
347
CA3
348
0
  0
LAYER
  5
527
330
2
100
AcDbSymbolTableRecord
100
AcDbLayerTableRecord
  2
_27437
 70
     0
 62
     7
  6
CONTINUOUS
370
    -3
390
F
347
CA3
348
0
  0
LAYER
  5
528
330
2
100
AcDbSymbolTableRecord
100
AcDbLayerTableRecord
  2
_27440
 70
     0
 62
     7
  6
CONTINUOUS
370
    -3
390
F
347
CA3
348
0
  0
LAYER
  5
529
330
2
100
AcDbSymbolTableRecord
100
AcDbLayerTableRecord
  2
_27449
 70
     0
 62
     7
  6
CONTINUOUS
370
    -3
390
F
347
CA3
348
0
  0
LAYER
  5
52A
330
2
100
AcDbSymbolTableRecord
100
AcDbLayerTableRecord
  2
_27454
 70
     0
 62
     7
  6
CONTINUOUS
370
    -3
390
F
347
CA3
348
0
  0
LAYER
  5
52B
330
2
100
AcDbSymbolTableRecord
100
AcDbLayerTableRecord
  2
_27459
 70
     0
 62
     7
  6
CONTINUOUS
370
    -3
390
F
347
CA3
348
0
  0
LAYER
  5
52C
330
2
100
AcDbSymbolTableRecord
100
AcDbLayerTableRecord
  2
_28305
 70
     0
 62
     7
  6
CONTINUOUS
370
    -3
390
F
347
CA3
348
0
  0
LAYER
  5
52D
330
2
100
AcDbSymbolTableRecord
100
AcDbLayerTableRecord
  2
_28321
 70
     0
 62
     7
  6
CONTINUOUS
370
    -3
390
F
347
CA3
348
0
  0
LAYER
  5
52E
330
2
100
AcDbSymbolTableRecord
100
AcDbLayerTableRecord
  2
_28337
 70
     0
 62
     7
  6
CONTINUOUS
370
    -3
390
F
347
CA3
348
0
  0
LAYER
  5
52F
330
2
100
AcDbSymbolTableRecord
100
AcDbLayerTableRecord
  2
_28354
 70
     0
 62
     7
  6
CONTINUOUS
370
    -3
390
F
347
CA3
348
0
  0
LAYER
  5
530
330
2
100
AcDbSymbolTableRecord
100
AcDbLayerTableRecord
  2
_28366
 70
     0
 62
     7
  6
CONTINUOUS
370
    -3
390
F
347
CA3
348
0
  0
LAYER
  5
531
330
2
100
AcDbSymbolTableRecord
100
AcDbLayerTableRecord
  2
_28378
 70
     0
 62
     7
  6
CONTINUOUS
370
    -3
390
F
347
CA3
348
0
  0
LAYER
  5
532
330
2
100
AcDbSymbolTableRecord
100
AcDbLayerTableRecord
  2
_28391
 70
     0
 62
     7
  6
CONTINUOUS
370
    -3
390
F
347
CA3
348
0
  0
LAYER
  5
533
330
2
100
AcDbSymbolTableRecord
100
AcDbLayerTableRecord
  2
_28402
 70
     0
 62
     7
  6
CONTINUOUS
370
    -3
390
F
347
CA3
348
0
  0
LAYER
  5
534
330
2
100
AcDbSymbolTableRecord
100
AcDbLayerTableRecord
  2
_28413
 70
     0
 62
     7
  6
CONTINUOUS
370
    -3
390
F
347
CA3
348
0
  0
LAYER
  5
535
330
2
100
AcDbSymbolTableRecord
100
AcDbLayerTableRecord
  2
_28424
 70
     0
 62
     7
  6
CONTINUOUS
370
    -3
390
F
347
CA3
348
0
  0
LAYER
  5
536
330
2
100
AcDbSymbolTableRecord
100
AcDbLayerTableRecord
  2
_28435
 70
     0
 62
     7
  6
CONTINUOUS
370
    -3
390
F
347
CA3
348
0
  0
LAYER
  5
537
330
2
100
AcDbSymbolTableRecord
100
AcDbLayerTableRecord
  2
_28445
 70
     0
 62
     7
  6
CONTINUOUS
370
    -3
390
F
347
CA3
348
0
  0
LAYER
  5
538
330
2
100
AcDbSymbolTableRecord
100
AcDbLayerTableRecord
  2
_28456
 70
     0
 62
     7
  6
CONTINUOUS
370
    -3
390
F
347
CA3
348
0
  0
LAYER
  5
539
330
2
100
AcDbSymbolTableRecord
100
AcDbLayerTableRecord
  2
_28467
 70
     0
 62
     7
  6
CONTINUOUS
370
    -3
390
F
347
CA3
348
0
  0
LAYER
  5
53A
330
2
100
AcDbSymbolTableRecord
100
AcDbLayerTableRecord
  2
_28478
 70
     0
 62
     7
  6
CONTINUOUS
370
    -3
390
F
347
CA3
348
0
  0
LAYER
  5
53B
330
2
100
AcDbSymbolTableRecord
100
AcDbLayerTableRecord
  2
_28488
 70
     0
 62
     7
  6
CONTINUOUS
370
    -3
390
F
347
CA3
348
0
  0
LAYER
  5
53C
330
2
100
AcDbSymbolTableRecord
100
AcDbLayerTableRecord
  2
_28499
 70
     0
 62
     7
  6
CONTINUOUS
370
    -3
390
F
347
CA3
348
0
  0
LAYER
  5
53D
330
2
100
AcDbSymbolTableRecord
100
AcDbLayerTableRecord
  2
_28510
 70
     0
 62
     7
  6
CONTINUOUS
370
    -3
390
F
347
CA3
348
0
  0
LAYER
  5
53E
330
2
100
AcDbSymbolTableRecord
100
AcDbLayerTableRecord
  2
_28520
 70
     0
 62
     7
  6
CONTINUOUS
370
    -3
390
F
347
CA3
348
0
  0
LAYER
  5
53F
330
2
100
AcDbSymbolTableRecord
100
AcDbLayerTableRecord
  2
_28531
 70
     0
 62
     7
  6
CONTINUOUS
370
    -3
390
F
347
CA3
348
0
  0
LAYER
  5
540
330
2
100
AcDbSymbolTableRecord
100
AcDbLayerTableRecord
  2
_28547
 70
     0
 62
     7
  6
CONTINUOUS
370
    -3
390
F
347
CA3
348
0
  0
LAYER
  5
541
330
2
100
AcDbSymbolTableRecord
100
AcDbLayerTableRecord
  2
_28559
 70
     0
 62
     7
  6
CONTINUOUS
370
    -3
390
F
347
CA3
348
0
  0
LAYER
  5
542
330
2
100
AcDbSymbolTableRecord
100
AcDbLayerTableRecord
  2
_28571
 70
     0
 62
     7
  6
CONTINUOUS
370
    -3
390
F
347
CA3
348
0
  0
LAYER
  5
543
330
2
100
AcDbSymbolTableRecord
100
AcDbLayerTableRecord
  2
_28583
 70
     0
 62
     7
  6
CONTINUOUS
370
    -3
390
F
347
CA3
348
0
  0
LAYER
  5
544
330
2
100
AcDbSymbolTableRecord
100
AcDbLayerTableRecord
  2
_28595
 70
     0
 62
     7
  6
CONTINUOUS
370
    -3
390
F
347
CA3
348
0
  0
LAYER
  5
545
330
2
100
AcDbSymbolTableRecord
100
AcDbLayerTableRecord
  2
_28607
 70
     0
 62
     7
  6
CONTINUOUS
370
    -3
390
F
347
CA3
348
0
  0
LAYER
  5
546
330
2
100
AcDbSymbolTableRecord
100
AcDbLayerTableRecord
  2
_28618
 70
     0
 62
     7
  6
CONTINUOUS
370
    -3
390
F
347
CA3
348
0
  0
LAYER
  5
547
330
2
100
AcDbSymbolTableRecord
100
AcDbLayerTableRecord
  2
_28630
 70
     0
 62
     7
  6
CONTINUOUS
370
    -3
390
F
347
CA3
348
0
  0
LAYER
  5
548
330
2
100
AcDbSymbolTableRecord
100
AcDbLayerTableRecord
  2
_28642
 70
     0
 62
     7
  6
CONTINUOUS
370
    -3
390
F
347
CA3
348
0
  0
LAYER
  5
549
330
2
100
AcDbSymbolTableRecord
100
AcDbLayerTableRecord
  2
_28654
 70
     0
 62
     7
  6
CONTINUOUS
370
    -3
390
F
347
CA3
348
0
  0
LAYER
  5
54A
330
2
100
AcDbSymbolTableRecord
100
AcDbLayerTableRecord
  2
_28660
 70
     0
 62
     7
  6
CONTINUOUS
370
    -3
390
F
347
CA3
348
0
  0
LAYER
  5
54B
330
2
100
AcDbSymbolTableRecord
100
AcDbLayerTableRecord
  2
_28671
 70
     0
 62
     7
  6
CONTINUOUS
370
    -3
390
F
347
CA3
348
0
  0
LAYER
  5
54C
330
2
100
AcDbSymbolTableRecord
100
AcDbLayerTableRecord
  2
_28682
 70
     0
 62
     7
  6
CONTINUOUS
370
    -3
390
F
347
CA3
348
0
  0
LAYER
  5
54D
330
2
100
AcDbSymbolTableRecord
100
AcDbLayerTableRecord
  2
_28693
 70
     0
 62
     7
  6
CONTINUOUS
370
    -3
390
F
347
CA3
348
0
  0
LAYER
  5
54E
330
2
100
AcDbSymbolTableRecord
100
AcDbLayerTableRecord
  2
_28707
 70
     0
 62
     7
  6
CONTINUOUS
370
    -3
390
F
347
CA3
348
0
  0
LAYER
  5
54F
330
2
100
AcDbSymbolTableRecord
100
AcDbLayerTableRecord
  2
_28715
 70
     0
 62
     7
  6
CONTINUOUS
370
    -3
390
F
347
CA3
348
0
  0
LAYER
  5
550
330
2
100
AcDbSymbolTableRecord
100
AcDbLayerTableRecord
  2
_28729
 70
     0
 62
     7
  6
CONTINUOUS
370
    -3
390
F
347
CA3
348
0
  0
LAYER
  5
551
330
2
100
AcDbSymbolTableRecord
100
AcDbLayerTableRecord
  2
_28738
 70
     0
 62
     7
  6
CONTINUOUS
370
    -3
390
F
347
CA3
348
0
  0
LAYER
  5
552
330
2
100
AcDbSymbolTableRecord
100
AcDbLayerTableRecord
  2
_28748
 70
     0
 62
     7
  6
CONTINUOUS
370
    -3
390
F
347
CA3
348
0
  0
LAYER
  5
553
330
2
100
AcDbSymbolTableRecord
100
AcDbLayerTableRecord
  2
_28753
 70
     0
 62
     7
  6
CONTINUOUS
370
    -3
390
F
347
CA3
348
0
  0
LAYER
  5
554
330
2
100
AcDbSymbolTableRecord
100
AcDbLayerTableRecord
  2
_28760
 70
     0
 62
     7
  6
CONTINUOUS
370
    -3
390
F
347
CA3
348
0
  0
LAYER
  5
555
330
2
100
AcDbSymbolTableRecord
100
AcDbLayerTableRecord
  2
_28763
 70
     0
 62
     7
  6
CONTINUOUS
370
    -3
390
F
347
CA3
348
0
  0
LAYER
  5
556
330
2
100
AcDbSymbolTableRecord
100
AcDbLayerTableRecord
  2
_28768
 70
     0
 62
     7
  6
CONTINUOUS
370
    -3
390
F
347
CA3
348
0
  0
LAYER
  5
557
330
2
100
AcDbSymbolTableRecord
100
AcDbLayerTableRecord
  2
_28773
 70
     0
 62
     7
  6
CONTINUOUS
370
    -3
390
F
347
CA3
348
0
  0
LAYER
  5
558
330
2
100
AcDbSymbolTableRecord
100
AcDbLayerTableRecord
  2
_28780
 70
     0
 62
     7
  6
CONTINUOUS
370
    -3
390
F
347
CA3
348
0
  0
LAYER
  5
559
330
2
100
AcDbSymbolTableRecord
100
AcDbLayerTableRecord
  2
_28783
 70
     0
 62
     7
  6
CONTINUOUS
370
    -3
390
F
347
CA3
348
0
  0
LAYER
  5
55A
330
2
100
AcDbSymbolTableRecord
100
AcDbLayerTableRecord
  2
_28788
 70
     0
 62
     7
  6
CONTINUOUS
370
    -3
390
F
347
CA3
348
0
  0
LAYER
  5
55B
330
2
100
AcDbSymbolTableRecord
100
AcDbLayerTableRecord
  2
_28795
 70
     0
 62
     7
  6
CONTINUOUS
370
    -3
390
F
347
CA3
348
0
  0
LAYER
  5
55C
330
2
100
AcDbSymbolTableRecord
100
AcDbLayerTableRecord
  2
_28798
 70
     0
 62
     7
  6
CONTINUOUS
370
    -3
390
F
347
CA3
348
0
  0
LAYER
  5
55D
330
2
100
AcDbSymbolTableRecord
100
AcDbLayerTableRecord
  2
_28803
 70
     0
 62
     7
  6
CONTINUOUS
370
    -3
390
F
347
CA3
348
0
  0
LAYER
  5
55E
330
2
100
AcDbSymbolTableRecord
100
AcDbLayerTableRecord
  2
_28810
 70
     0
 62
     7
  6
CONTINUOUS
370
    -3
390
F
347
CA3
348
0
  0
LAYER
  5
55F
330
2
100
AcDbSymbolTableRecord
100
AcDbLayerTableRecord
  2
_28815
 70
     0
 62
     7
  6
CONTINUOUS
370
    -3
390
F
347
CA3
348
0
  0
LAYER
  5
560
330
2
100
AcDbSymbolTableRecord
100
AcDbLayerTableRecord
  2
_28820
 70
     0
 62
     7
  6
CONTINUOUS
370
    -3
390
F
347
CA3
348
0
  0
LAYER
  5
561
330
2
100
AcDbSymbolTableRecord
100
AcDbLayerTableRecord
  2
_28825
 70
     0
 62
     7
  6
CONTINUOUS
370
    -3
390
F
347
CA3
348
0
  0
LAYER
  5
562
330
2
100
AcDbSymbolTableRecord
100
AcDbLayerTableRecord
  2
_28830
 70
     0
 62
     7
  6
CONTINUOUS
370
    -3
390
F
347
CA3
348
0
  0
LAYER
  5
563
330
2
100
AcDbSymbolTableRecord
100
AcDbLayerTableRecord
  2
_28835
 70
     0
 62
     7
  6
CONTINUOUS
370
    -3
390
F
347
CA3
348
0
  0
LAYER
  5
564
330
2
100
AcDbSymbolTableRecord
100
AcDbLayerTableRecord
  2
_28840
 70
     0
 62
     7
  6
CONTINUOUS
370
    -3
390
F
347
CA3
348
0
  0
LAYER
  5
565
330
2
100
AcDbSymbolTableRecord
100
AcDbLayerTableRecord
  2
_28845
 70
     0
 62
     7
  6
CONTINUOUS
370
    -3
390
F
347
CA3
348
0
  0
LAYER
  5
566
330
2
100
AcDbSymbolTableRecord
100
AcDbLayerTableRecord
  2
_28848
 70
     0
 62
     7
  6
CONTINUOUS
370
    -3
390
F
347
CA3
348
0
  0
LAYER
  5
567
330
2
100
AcDbSymbolTableRecord
100
AcDbLayerTableRecord
  2
_28853
 70
     0
 62
     7
  6
CONTINUOUS
370
    -3
390
F
347
CA3
348
0
  0
LAYER
  5
568
330
2
100
AcDbSymbolTableRecord
100
AcDbLayerTableRecord
  2
_28858
 70
     0
 62
     7
  6
CONTINUOUS
370
    -3
390
F
347
CA3
348
0
  0
LAYER
  5
569
330
2
100
AcDbSymbolTableRecord
100
AcDbLayerTableRecord
  2
_28863
 70
     0
 62
     7
  6
CONTINUOUS
370
    -3
390
F
347
CA3
348
0
  0
LAYER
  5
56A
330
2
100
AcDbSymbolTableRecord
100
AcDbLayerTableRecord
  2
_28868
 70
     0
 62
     7
  6
CONTINUOUS
370
    -3
390
F
347
CA3
348
0
  0
LAYER
  5
56B
330
2
100
AcDbSymbolTableRecord
100
AcDbLayerTableRecord
  2
_28873
 70
     0
 62
     7
  6
CONTINUOUS
370
    -3
390
F
347
CA3
348
0
  0
LAYER
  5
56C
330
2
100
AcDbSymbolTableRecord
100
AcDbLayerTableRecord
  2
_28880
 70
     0
 62
     7
  6
CONTINUOUS
370
    -3
390
F
347
CA3
348
0
  0
LAYER
  5
56D
330
2
100
AcDbSymbolTableRecord
100
AcDbLayerTableRecord
  2
_28883
 70
     0
 62
     7
  6
CONTINUOUS
370
    -3
390
F
347
CA3
348
0
  0
LAYER
  5
56E
330
2
100
AcDbSymbolTableRecord
100
AcDbLayerTableRecord
  2
_28890
 70
     0
 62
     7
  6
CONTINUOUS
370
    -3
390
F
347
CA3
348
0
  0
LAYER
  5
56F
330
2
100
AcDbSymbolTableRecord
100
AcDbLayerTableRecord
  2
_28893
 70
     0
 62
     7
  6
CONTINUOUS
370
    -3
390
F
347
CA3
348
0
  0
LAYER
  5
570
330
2
100
AcDbSymbolTableRecord
100
AcDbLayerTableRecord
  2
_28900
 70
     0
 62
     7
  6
CONTINUOUS
370
    -3
390
F
347
CA3
348
0
  0
LAYER
  5
571
330
2
100
AcDbSymbolTableRecord
100
AcDbLayerTableRecord
  2
_28903
 70
     0
 62
     7
  6
CONTINUOUS
370
    -3
390
F
347
CA3
348
0
  0
LAYER
  5
572
330
2
100
AcDbSymbolTableRecord
100
AcDbLayerTableRecord
  2
_28910
 70
     0
 62
     7
  6
CONTINUOUS
370
    -3
390
F
347
CA3
348
0
  0
LAYER
  5
573
330
2
100
AcDbSymbolTableRecord
100
AcDbLayerTableRecord
  2
_28913
 70
     0
 62
     7
  6
CONTINUOUS
370
    -3
390
F
347
CA3
348
0
  0
LAYER
  5
574
330
2
100
AcDbSymbolTableRecord
100
AcDbLayerTableRecord
  2
_28920
 70
     0
 62
     7
  6
CONTINUOUS
370
    -3
390
F
347
CA3
348
0
  0
LAYER
  5
575
330
2
100
AcDbSymbolTableRecord
100
AcDbLayerTableRecord
  2
_28923
 70
     0
 62
     7
  6
CONTINUOUS
370
    -3
390
F
347
CA3
348
0
  0
LAYER
  5
576
330
2
100
AcDbSymbolTableRecord
100
AcDbLayerTableRecord
  2
_28930
 70
     0
 62
     7
  6
CONTINUOUS
370
    -3
390
F
347
CA3
348
0
  0
LAYER
  5
577
330
2
100
AcDbSymbolTableRecord
100
AcDbLayerTableRecord
  2
_28933
 70
     0
 62
     7
  6
CONTINUOUS
370
    -3
390
F
347
CA3
348
0
  0
LAYER
  5
578
330
2
100
AcDbSymbolTableRecord
100
AcDbLayerTableRecord
  2
_28940
 70
     0
 62
     7
  6
CONTINUOUS
370
    -3
390
F
347
CA3
348
0
  0
LAYER
  5
579
330
2
100
AcDbSymbolTableRecord
100
AcDbLayerTableRecord
  2
_28943
 70
     0
 62
     7
  6
CONTINUOUS
370
    -3
390
F
347
CA3
348
0
  0
LAYER
  5
57A
330
2
100
AcDbSymbolTableRecord
100
AcDbLayerTableRecord
  2
_28950
 70
     0
 62
     7
  6
CONTINUOUS
370
    -3
390
F
347
CA3
348
0
  0
LAYER
  5
57B
330
2
100
AcDbSymbolTableRecord
100
AcDbLayerTableRecord
  2
_28955
 70
     0
 62
     7
  6
CONTINUOUS
370
    -3
390
F
347
CA3
348
0
  0
LAYER
  5
57C
330
2
100
AcDbSymbolTableRecord
100
AcDbLayerTableRecord
  2
_28958
 70
     0
 62
     7
  6
CONTINUOUS
370
    -3
390
F
347
CA3
348
0
  0
LAYER
  5
57D
330
2
100
AcDbSymbolTableRecord
100
AcDbLayerTableRecord
  2
_28963
 70
     0
 62
     7
  6
CONTINUOUS
370
    -3
390
F
347
CA3
348
0
  0
LAYER
  5
57E
330
2
100
AcDbSymbolTableRecord
100
AcDbLayerTableRecord
  2
_28968
 70
     0
 62
     7
  6
CONTINUOUS
370
    -3
390
F
347
CA3
348
0
  0
LAYER
  5
57F
330
2
100
AcDbSymbolTableRecord
100
AcDbLayerTableRecord
  2
_28975
 70
     0
 62
     7
  6
CONTINUOUS
370
    -3
390
F
347
CA3
348
0
  0
LAYER
  5
580
330
2
100
AcDbSymbolTableRecord
100
AcDbLayerTableRecord
  2
_28978
 70
     0
 62
     7
  6
CONTINUOUS
370
    -3
390
F
347
CA3
348
0
  0
LAYER
  5
581
330
2
100
AcDbSymbolTableRecord
100
AcDbLayerTableRecord
  2
_28986
 70
     0
 62
     7
  6
CONTINUOUS
370
    -3
390
F
347
CA3
348
0
  0
LAYER
  5
582
330
2
100
AcDbSymbolTableRecord
100
AcDbLayerTableRecord
  2
_28991
 70
     0
 62
     7
  6
CONTINUOUS
370
    -3
390
F
347
CA3
348
0
  0
LAYER
  5
583
330
2
100
AcDbSymbolTableRecord
100
AcDbLayerTableRecord
  2
_29004
 70
     0
 62
     7
  6
CONTINUOUS
370
    -3
390
F
347
CA3
348
0
  0
LAYER
  5
584
330
2
100
AcDbSymbolTableRecord
100
AcDbLayerTableRecord
  2
_29009
 70
     0
 62
     7
  6
CONTINUOUS
370
    -3
390
F
347
CA3
348
0
  0
LAYER
  5
585
330
2
100
AcDbSymbolTableRecord
100
AcDbLayerTableRecord
  2
_29017
 70
     0
 62
     7
  6
CONTINUOUS
370
    -3
390
F
347
CA3
348
0
  0
LAYER
  5
586
330
2
100
AcDbSymbolTableRecord
100
AcDbLayerTableRecord
  2
_29025
 70
     0
 62
     7
  6
CONTINUOUS
370
    -3
390
F
347
CA3
348
0
  0
LAYER
  5
587
330
2
100
AcDbSymbolTableRecord
100
AcDbLayerTableRecord
  2
_29038
 70
     0
 62
     7
  6
CONTINUOUS
370
    -3
390
F
347
CA3
348
0
  0
LAYER
  5
588
330
2
100
AcDbSymbolTableRecord
100
AcDbLayerTableRecord
  2
_29043
 70
     0
 62
     7
  6
CONTINUOUS
370
    -3
390
F
347
CA3
348
0
  0
LAYER
  5
589
330
2
100
AcDbSymbolTableRecord
100
AcDbLayerTableRecord
  2
_29056
 70
     0
 62
     7
  6
CONTINUOUS
370
    -3
390
F
347
CA3
348
0
  0
LAYER
  5
58A
330
2
100
AcDbSymbolTableRecord
100
AcDbLayerTableRecord
  2
_29061
 70
     0
 62
     7
  6
CONTINUOUS
370
    -3
390
F
347
CA3
348
0
  0
LAYER
  5
58B
330
2
100
AcDbSymbolTableRecord
100
AcDbLayerTableRecord
  2
_29070
 70
     0
 62
     7
  6
CONTINUOUS
370
    -3
390
F
347
CA3
348
0
  0
LAYER
  5
58C
330
2
100
AcDbSymbolTableRecord
100
AcDbLayerTableRecord
  2
_29083
 70
     0
 62
     7
  6
CONTINUOUS
370
    -3
390
F
347
CA3
348
0
  0
LAYER
  5
58D
330
2
100
AcDbSymbolTableRecord
100
AcDbLayerTableRecord
  2
_29092
 70
     0
 62
     7
  6
CONTINUOUS
370
    -3
390
F
347
CA3
348
0
  0
LAYER
  5
58E
330
2
100
AcDbSymbolTableRecord
100
AcDbLayerTableRecord
  2
_29101
 70
     0
 62
     7
  6
CONTINUOUS
370
    -3
390
F
347
CA3
348
0
  0
LAYER
  5
58F
330
2
100
AcDbSymbolTableRecord
100
AcDbLayerTableRecord
  2
_29110
 70
     0
 62
     7
  6
CONTINUOUS
370
    -3
390
F
347
CA3
348
0
  0
LAYER
  5
590
330
2
100
AcDbSymbolTableRecord
100
AcDbLayerTableRecord
  2
_29119
 70
     0
 62
     7
  6
CONTINUOUS
370
    -3
390
F
347
CA3
348
0
  0
LAYER
  5
591
330
2
100
AcDbSymbolTableRecord
100
AcDbLayerTableRecord
  2
_29129
 70
     0
 62
     7
  6
CONTINUOUS
370
    -3
390
F
347
CA3
348
0
  0
LAYER
  5
592
330
2
100
AcDbSymbolTableRecord
100
AcDbLayerTableRecord
  2
_29138
 70
     0
 62
     7
  6
CONTINUOUS
370
    -3
390
F
347
CA3
348
0
  0
LAYER
  5
593
330
2
100
AcDbSymbolTableRecord
100
AcDbLayerTableRecord
  2
_29147
 70
     0
 62
     7
  6
CONTINUOUS
370
    -3
390
F
347
CA3
348
0
  0
LAYER
  5
594
330
2
100
AcDbSymbolTableRecord
100
AcDbLayerTableRecord
  2
_29152
 70
     0
 62
     7
  6
CONTINUOUS
370
    -3
390
F
347
CA3
348
0
  0
LAYER
  5
595
330
2
100
AcDbSymbolTableRecord
100
AcDbLayerTableRecord
  2
_29161
 70
     0
 62
     7
  6
CONTINUOUS
370
    -3
390
F
347
CA3
348
0
  0
LAYER
  5
596
330
2
100
AcDbSymbolTableRecord
100
AcDbLayerTableRecord
  2
_29174
 70
     0
 62
     7
  6
CONTINUOUS
370
    -3
390
F
347
CA3
348
0
  0
LAYER
  5
597
330
2
100
AcDbSymbolTableRecord
100
AcDbLayerTableRecord
  2
_29179
 70
     0
 62
     7
  6
CONTINUOUS
370
    -3
390
F
347
CA3
348
0
  0
LAYER
  5
598
330
2
100
AcDbSymbolTableRecord
100
AcDbLayerTableRecord
  2
_29188
 70
     0
 62
     7
  6
CONTINUOUS
370
    -3
390
F
347
CA3
348
0
  0
LAYER
  5
599
330
2
100
AcDbSymbolTableRecord
100
AcDbLayerTableRecord
  2
_29196
 70
     0
 62
     7
  6
CONTINUOUS
370
    -3
390
F
347
CA3
348
0
  0
LAYER
  5
59A
330
2
100
AcDbSymbolTableRecord
100
AcDbLayerTableRecord
  2
_29209
 70
     0
 62
     7
  6
CONTINUOUS
370
    -3
390
F
347
CA3
348
0
  0
LAYER
  5
59B
330
2
100
AcDbSymbolTableRecord
100
AcDbLayerTableRecord
  2
_29214
 70
     0
 62
     7
  6
CONTINUOUS
370
    -3
390
F
347
CA3
348
0
  0
LAYER
  5
59C
330
2
100
AcDbSymbolTableRecord
100
AcDbLayerTableRecord
  2
_29227
 70
     0
 62
     7
  6
CONTINUOUS
370
    -3
390
F
347
CA3
348
0
  0
LAYER
  5
59D
330
2
100
AcDbSymbolTableRecord
100
AcDbLayerTableRecord
  2
_29232
 70
     0
 62
     7
  6
CONTINUOUS
370
    -3
390
F
347
CA3
348
0
  0
LAYER
  5
59E
330
2
100
AcDbSymbolTableRecord
100
AcDbLayerTableRecord
  2
_29245
 70
     0
 62
     7
  6
CONTINUOUS
370
    -3
390
F
347
CA3
348
0
  0
LAYER
  5
59F
330
2
100
AcDbSymbolTableRecord
100
AcDbLayerTableRecord
  2
_29250
 70
     0
 62
     7
  6
CONTINUOUS
370
    -3
390
F
347
CA3
348
0
  0
LAYER
  5
5A0
330
2
100
AcDbSymbolTableRecord
100
AcDbLayerTableRecord
  2
_29263
 70
     0
 62
     7
  6
CONTINUOUS
370
    -3
390
F
347
CA3
348
0
  0
LAYER
  5
5A1
330
2
100
AcDbSymbolTableRecord
100
AcDbLayerTableRecord
  2
_29268
 70
     0
 62
     7
  6
CONTINUOUS
370
    -3
390
F
347
CA3
348
0
  0
LAYER
  5
5A2
330
2
100
AcDbSymbolTableRecord
100
AcDbLayerTableRecord
  2
_29281
 70
     0
 62
     7
  6
CONTINUOUS
370
    -3
390
F
347
CA3
348
0
  0
LAYER
  5
5A3
330
2
100
AcDbSymbolTableRecord
100
AcDbLayerTableRecord
  2
_29286
 70
     0
 62
     7
  6
CONTINUOUS
370
    -3
390
F
347
CA3
348
0
  0
LAYER
  5
5A4
330
2
100
AcDbSymbolTableRecord
100
AcDbLayerTableRecord
  2
_29299
 70
     0
 62
     7
  6
CONTINUOUS
370
    -3
390
F
347
CA3
348
0
  0
LAYER
  5
5A5
330
2
100
AcDbSymbolTableRecord
100
AcDbLayerTableRecord
  2
_29304
 70
     0
 62
     7
  6
CONTINUOUS
370
    -3
390
F
347
CA3
348
0
  0
LAYER
  5
5A6
330
2
100
AcDbSymbolTableRecord
100
AcDbLayerTableRecord
  2
_29313
 70
     0
 62
     7
  6
CONTINUOUS
370
    -3
390
F
347
CA3
348
0
  0
LAYER
  5
5A7
330
2
100
AcDbSymbolTableRecord
100
AcDbLayerTableRecord
  2
_29322
 70
     0
 62
     7
  6
CONTINUOUS
370
    -3
390
F
347
CA3
348
0
  0
LAYER
  5
5A8
330
2
100
AcDbSymbolTableRecord
100
AcDbLayerTableRecord
  2
_29330
 70
     0
 62
     7
  6
CONTINUOUS
370
    -3
390
F
347
CA3
348
0
  0
LAYER
  5
5A9
330
2
100
AcDbSymbolTableRecord
100
AcDbLayerTableRecord
  2
_29337
 70
     0
 62
     7
  6
CONTINUOUS
370
    -3
390
F
347
CA3
348
0
  0
LAYER
  5
5AA
330
2
100
AcDbSymbolTableRecord
100
AcDbLayerTableRecord
  2
_29350
 70
     0
 62
     7
  6
CONTINUOUS
370
    -3
390
F
347
CA3
348
0
  0
LAYER
  5
5AB
330
2
100
AcDbSymbolTableRecord
100
AcDbLayerTableRecord
  2
_29359
 70
     0
 62
     7
  6
CONTINUOUS
370
    -3
390
F
347
CA3
348
0
  0
LAYER
  5
5AC
330
2
100
AcDbSymbolTableRecord
100
AcDbLayerTableRecord
  2
_29368
 70
     0
 62
     7
  6
CONTINUOUS
370
    -3
390
F
347
CA3
348
0
  0
LAYER
  5
5AD
330
2
100
AcDbSymbolTableRecord
100
AcDbLayerTableRecord
  2
_29378
 70
     0
 62
     7
  6
CONTINUOUS
370
    -3
390
F
347
CA3
348
0
  0
LAYER
  5
5AE
330
2
100
AcDbSymbolTableRecord
100
AcDbLayerTableRecord
  2
_29387
 70
     0
 62
     7
  6
CONTINUOUS
370
    -3
390
F
347
CA3
348
0
  0
LAYER
  5
5AF
330
2
100
AcDbSymbolTableRecord
100
AcDbLayerTableRecord
  2
_29392
 70
     0
 62
     7
  6
CONTINUOUS
370
    -3
390
F
347
CA3
348
0
  0
LAYER
  5
5B0
330
2
100
AcDbSymbolTableRecord
100
AcDbLayerTableRecord
  2
_29405
 70
     0
 62
     7
  6
CONTINUOUS
370
    -3
390
F
347
CA3
348
0
  0
LAYER
  5
5B1
330
2
100
AcDbSymbolTableRecord
100
AcDbLayerTableRecord
  2
_29409
 70
     0
 62
     7
  6
CONTINUOUS
370
    -3
390
F
347
CA3
348
0
  0
LAYER
  5
5B2
330
2
100
AcDbSymbolTableRecord
100
AcDbLayerTableRecord
  2
_29416
 70
     0
 62
     7
  6
CONTINUOUS
370
    -3
390
F
347
CA3
348
0
  0
LAYER
  5
5B3
330
2
100
AcDbSymbolTableRecord
100
AcDbLayerTableRecord
  2
_29421
 70
     0
 62
     7
  6
CONTINUOUS
370
    -3
390
F
347
CA3
348
0
  0
LAYER
  5
5B4
330
2
100
AcDbSymbolTableRecord
100
AcDbLayerTableRecord
  2
_29426
 70
     0
 62
     7
  6
CONTINUOUS
370
    -3
390
F
347
CA3
348
0
  0
LAYER
  5
5B5
330
2
100
AcDbSymbolTableRecord
100
AcDbLayerTableRecord
  2
_29429
 70
     0
 62
     7
  6
CONTINUOUS
370
    -3
390
F
347
CA3
348
0
  0
LAYER
  5
5B6
330
2
100
AcDbSymbolTableRecord
100
AcDbLayerTableRecord
  2
_29434
 70
     0
 62
     7
  6
CONTINUOUS
370
    -3
390
F
347
CA3
348
0
  0
LAYER
  5
5B7
330
2
100
AcDbSymbolTableRecord
100
AcDbLayerTableRecord
  2
_29441
 70
     0
 62
     7
  6
CONTINUOUS
370
    -3
390
F
347
CA3
348
0
  0
LAYER
  5
5B8
330
2
100
AcDbSymbolTableRecord
100
AcDbLayerTableRecord
  2
_29446
 70
     0
 62
     7
  6
CONTINUOUS
370
    -3
390
F
347
CA3
348
0
  0
LAYER
  5
5B9
330
2
100
AcDbSymbolTableRecord
100
AcDbLayerTableRecord
  2
_29451
 70
     0
 62
     7
  6
CONTINUOUS
370
    -3
390
F
347
CA3
348
0
  0
LAYER
  5
5BA
330
2
100
AcDbSymbolTableRecord
100
AcDbLayerTableRecord
  2
_29456
 70
     0
 62
     7
  6
CONTINUOUS
370
    -3
390
F
347
CA3
348
0
  0
LAYER
  5
5BB
330
2
100
AcDbSymbolTableRecord
100
AcDbLayerTableRecord
  2
_29459
 70
     0
 62
     7
  6
CONTINUOUS
370
    -3
390
F
347
CA3
348
0
  0
LAYER
  5
5BC
330
2
100
AcDbSymbolTableRecord
100
AcDbLayerTableRecord
  2
_29464
 70
     0
 62
     7
  6
CONTINUOUS
370
    -3
390
F
347
CA3
348
0
  0
LAYER
  5
5BD
330
2
100
AcDbSymbolTableRecord
100
AcDbLayerTableRecord
  2
_29475
 70
     0
 62
     7
  6
CONTINUOUS
370
    -3
390
F
347
CA3
348
0
  0
LAYER
  5
5BE
330
2
100
AcDbSymbolTableRecord
100
AcDbLayerTableRecord
  2
_29492
 70
     0
 62
     7
  6
CONTINUOUS
370
    -3
390
F
347
CA3
348
0
  0
LAYER
  5
5BF
330
2
100
AcDbSymbolTableRecord
100
AcDbLayerTableRecord
  2
_29508
 70
     0
 62
     7
  6
CONTINUOUS
370
    -3
390
F
347
CA3
348
0
  0
LAYER
  5
5C0
330
2
100
AcDbSymbolTableRecord
100
AcDbLayerTableRecord
  2
_29526
 70
     0
 62
     7
  6
CONTINUOUS
370
    -3
390
F
347
CA3
348
0
  0
LAYER
  5
5C1
330
2
100
AcDbSymbolTableRecord
100
AcDbLayerTableRecord
  2
_29541
 70
     0
 62
     7
  6
CONTINUOUS
370
    -3
390
F
347
CA3
348
0
  0
LAYER
  5
5C2
330
2
100
AcDbSymbolTableRecord
100
AcDbLayerTableRecord
  2
_29558
 70
     0
 62
     7
  6
CONTINUOUS
370
    -3
390
F
347
CA3
348
0
  0
LAYER
  5
5C3
330
2
100
AcDbSymbolTableRecord
100
AcDbLayerTableRecord
  2
_29574
 70
     0
 62
     7
  6
CONTINUOUS
370
    -3
390
F
347
CA3
348
0
  0
LAYER
  5
5C4
330
2
100
AcDbSymbolTableRecord
100
AcDbLayerTableRecord
  2
_29591
 70
     0
 62
     7
  6
CONTINUOUS
370
    -3
390
F
347
CA3
348
0
  0
LAYER
  5
5C5
330
2
100
AcDbSymbolTableRecord
100
AcDbLayerTableRecord
  2
_29608
 70
     0
 62
     7
  6
CONTINUOUS
370
    -3
390
F
347
CA3
348
0
  0
LAYER
  5
5C6
330
2
100
AcDbSymbolTableRecord
100
AcDbLayerTableRecord
  2
_29625
 70
     0
 62
     7
  6
CONTINUOUS
370
    -3
390
F
347
CA3
348
0
  0
LAYER
  5
5C7
330
2
100
AcDbSymbolTableRecord
100
AcDbLayerTableRecord
  2
_29642
 70
     0
 62
     7
  6
CONTINUOUS
370
    -3
390
F
347
CA3
348
0
  0
LAYER
  5
5C8
330
2
100
AcDbSymbolTableRecord
100
AcDbLayerTableRecord
  2
_29659
 70
     0
 62
     7
  6
CONTINUOUS
370
    -3
390
F
347
CA3
348
0
  0
LAYER
  5
5C9
330
2
100
AcDbSymbolTableRecord
100
AcDbLayerTableRecord
  2
_29676
 70
     0
 62
     7
  6
CONTINUOUS
370
    -3
390
F
347
CA3
348
0
  0
LAYER
  5
5CA
330
2
100
AcDbSymbolTableRecord
100
AcDbLayerTableRecord
  2
_29692
 70
     0
 62
     7
  6
CONTINUOUS
370
    -3
390
F
347
CA3
348
0
  0
LAYER
  5
5CB
330
2
100
AcDbSymbolTableRecord
100
AcDbLayerTableRecord
  2
_29709
 70
     0
 62
     7
  6
CONTINUOUS
370
    -3
390
F
347
CA3
348
0
  0
LAYER
  5
5CC
330
2
100
AcDbSymbolTableRecord
100
AcDbLayerTableRecord
  2
_29723
 70
     0
 62
     7
  6
CONTINUOUS
370
    -3
390
F
347
CA3
348
0
  0
LAYER
  5
5CD
330
2
100
AcDbSymbolTableRecord
100
AcDbLayerTableRecord
  2
_29737
 70
     0
 62
     7
  6
CONTINUOUS
370
    -3
390
F
347
CA3
348
0
  0
LAYER
  5
5CE
330
2
100
AcDbSymbolTableRecord
100
AcDbLayerTableRecord
  2
_29750
 70
     0
 62
     7
  6
CONTINUOUS
370
    -3
390
F
347
CA3
348
0
  0
LAYER
  5
5CF
330
2
100
AcDbSymbolTableRecord
100
AcDbLayerTableRecord
  2
_29768
 70
     0
 62
     7
  6
CONTINUOUS
370
    -3
390
F
347
CA3
348
0
  0
LAYER
  5
5D0
330
2
100
AcDbSymbolTableRecord
100
AcDbLayerTableRecord
  2
_29784
 70
     0
 62
     7
  6
CONTINUOUS
370
    -3
390
F
347
CA3
348
0
  0
LAYER
  5
5D1
330
2
100
AcDbSymbolTableRecord
100
AcDbLayerTableRecord
  2
_29801
 70
     0
 62
     7
  6
CONTINUOUS
370
    -3
390
F
347
CA3
348
0
  0
LAYER
  5
5D2
330
2
100
AcDbSymbolTableRecord
100
AcDbLayerTableRecord
  2
_29810
 70
     0
 62
     7
  6
CONTINUOUS
370
    -3
390
F
347
CA3
348
0
  0
LAYER
  5
5D3
330
2
100
AcDbSymbolTableRecord
100
AcDbLayerTableRecord
  2
_29827
 70
     0
 62
     7
  6
CONTINUOUS
370
    -3
390
F
347
CA3
348
0
  0
LAYER
  5
5D4
330
2
100
AcDbSymbolTableRecord
100
AcDbLayerTableRecord
  2
_29837
 70
     0
 62
     7
  6
CONTINUOUS
370
    -3
390
F
347
CA3
348
0
  0
LAYER
  5
5D5
330
2
100
AcDbSymbolTableRecord
100
AcDbLayerTableRecord
  2
_29847
 70
     0
 62
     7
  6
CONTINUOUS
370
    -3
390
F
347
CA3
348
0
  0
LAYER
  5
5D6
330
2
100
AcDbSymbolTableRecord
100
AcDbLayerTableRecord
  2
_29857
 70
     0
 62
     7
  6
CONTINUOUS
370
    -3
390
F
347
CA3
348
0
  0
LAYER
  5
5D7
330
2
100
AcDbSymbolTableRecord
100
AcDbLayerTableRecord
  2
_29862
 70
     0
 62
     7
  6
CONTINUOUS
370
    -3
390
F
347
CA3
348
0
  0
LAYER
  5
5D8
330
2
100
AcDbSymbolTableRecord
100
AcDbLayerTableRecord
  2
_29877
 70
     0
 62
     7
  6
CONTINUOUS
370
    -3
390
F
347
CA3
348
0
  0
LAYER
  5
5D9
330
2
100
AcDbSymbolTableRecord
100
AcDbLayerTableRecord
  2
_29881
 70
     0
 62
     7
  6
CONTINUOUS
370
    -3
390
F
347
CA3
348
0
  0
LAYER
  5
5DA
330
2
100
AcDbSymbolTableRecord
100
AcDbLayerTableRecord
  2
_29890
 70
     0
 62
     7
  6
CONTINUOUS
370
    -3
390
F
347
CA3
348
0
  0
LAYER
  5
5DB
330
2
100
AcDbSymbolTableRecord
100
AcDbLayerTableRecord
  2
_29900
 70
     0
 62
     7
  6
CONTINUOUS
370
    -3
390
F
347
CA3
348
0
  0
LAYER
  5
5DC
330
2
100
AcDbSymbolTableRecord
100
AcDbLayerTableRecord
  2
_29911
 70
     0
 62
     7
  6
CONTINUOUS
370
    -3
390
F
347
CA3
348
0
  0
LAYER
  5
5DD
330
2
100
AcDbSymbolTableRecord
100
AcDbLayerTableRecord
  2
_29923
 70
     0
 62
     7
  6
CONTINUOUS
370
    -3
390
F
347
CA3
348
0
  0
LAYER
  5
5DE
330
2
100
AcDbSymbolTableRecord
100
AcDbLayerTableRecord
  2
_29930
 70
     0
 62
     7
  6
CONTINUOUS
370
    -3
390
F
347
CA3
348
0
  0
LAYER
  5
5DF
330
2
100
AcDbSymbolTableRecord
100
AcDbLayerTableRecord
  2
_29940
 70
     0
 62
     7
  6
CONTINUOUS
370
    -3
390
F
347
CA3
348
0
  0
LAYER
  5
5E0
330
2
100
AcDbSymbolTableRecord
100
AcDbLayerTableRecord
  2
_29950
 70
     0
 62
     7
  6
CONTINUOUS
370
    -3
390
F
347
CA3
348
0
  0
LAYER
  5
5E1
330
2
100
AcDbSymbolTableRecord
100
AcDbLayerTableRecord
  2
_29959
 70
     0
 62
     7
  6
CONTINUOUS
370
    -3
390
F
347
CA3
348
0
  0
LAYER
  5
5E2
330
2
100
AcDbSymbolTableRecord
100
AcDbLayerTableRecord
  2
_29968
 70
     0
 62
     7
  6
CONTINUOUS
370
    -3
390
F
347
CA3
348
0
  0
LAYER
  5
5E3
330
2
100
AcDbSymbolTableRecord
100
AcDbLayerTableRecord
  2
_29980
 70
     0
 62
     7
  6
CONTINUOUS
370
    -3
390
F
347
CA3
348
0
  0
LAYER
  5
5E4
330
2
100
AcDbSymbolTableRecord
100
AcDbLayerTableRecord
  2
_29991
 70
     0
 62
     7
  6
CONTINUOUS
370
    -3
390
F
347
CA3
348
0
  0
LAYER
  5
5E5
330
2
100
AcDbSymbolTableRecord
100
AcDbLayerTableRecord
  2
_29997
 70
     0
 62
     7
  6
CONTINUOUS
370
    -3
390
F
347
CA3
348
0
  0
LAYER
  5
5E6
330
2
100
AcDbSymbolTableRecord
100
AcDbLayerTableRecord
  2
_3498
 70
     0
 62
     7
  6
CONTINUOUS
370
    -3
390
F
347
CA3
348
0
  0
LAYER
  5
5E7
330
2
100
AcDbSymbolTableRecord
100
AcDbLayerTableRecord
  2
_3503
 70
     0
 62
     7
  6
CONTINUOUS
370
    -3
390
F
347
CA3
348
0
  0
LAYER
  5
5E8
330
2
100
AcDbSymbolTableRecord
100
AcDbLayerTableRecord
  2
_3506
 70
     0
 62
     7
  6
CONTINUOUS
370
    -3
390
F
347
CA3
348
0
  0
LAYER
  5
5E9
330
2
100
AcDbSymbolTableRecord
100
AcDbLayerTableRecord
  2
_3513
 70
     0
 62
     7
  6
CONTINUOUS
370
    -3
390
F
347
CA3
348
0
  0
LAYER
  5
5EA
330
2
100
AcDbSymbolTableRecord
100
AcDbLayerTableRecord
  2
_3518
 70
     0
 62
     7
  6
CONTINUOUS
370
    -3
390
F
347
CA3
348
0
  0
LAYER
  5
5EB
330
2
100
AcDbSymbolTableRecord
100
AcDbLayerTableRecord
  2
_3521
 70
     0
 62
     7
  6
CONTINUOUS
370
    -3
390
F
347
CA3
348
0
  0
LAYER
  5
5EC
330
2
100
AcDbSymbolTableRecord
100
AcDbLayerTableRecord
  2
_3528
 70
     0
 62
     7
  6
CONTINUOUS
370
    -3
390
F
347
CA3
348
0
  0
LAYER
  5
5ED
330
2
100
AcDbSymbolTableRecord
100
AcDbLayerTableRecord
  2
_3531
 70
     0
 62
     7
  6
CONTINUOUS
370
    -3
390
F
347
CA3
348
0
  0
LAYER
  5
5EE
330
2
100
AcDbSymbolTableRecord
100
AcDbLayerTableRecord
  2
_3538
 70
     0
 62
     7
  6
CONTINUOUS
370
    -3
390
F
347
CA3
348
0
  0
LAYER
  5
5EF
330
2
100
AcDbSymbolTableRecord
100
AcDbLayerTableRecord
  2
_3543
 70
     0
 62
     7
  6
CONTINUOUS
370
    -3
390
F
347
CA3
348
0
  0
LAYER
  5
5F0
330
2
100
AcDbSymbolTableRecord
100
AcDbLayerTableRecord
  2
_3546
 70
     0
 62
     7
  6
CONTINUOUS
370
    -3
390
F
347
CA3
348
0
  0
LAYER
  5
5F1
330
2
100
AcDbSymbolTableRecord
100
AcDbLayerTableRecord
  2
_3551
 70
     0
 62
     7
  6
CONTINUOUS
370
    -3
390
F
347
CA3
348
0
  0
LAYER
  5
5F2
330
2
100
AcDbSymbolTableRecord
100
AcDbLayerTableRecord
  2
_3558
 70
     0
 62
     7
  6
CONTINUOUS
370
    -3
390
F
347
CA3
348
0
  0
LAYER
  5
5F3
330
2
100
AcDbSymbolTableRecord
100
AcDbLayerTableRecord
  2
_3563
 70
     0
 62
     7
  6
CONTINUOUS
370
    -3
390
F
347
CA3
348
0
  0
LAYER
  5
5F4
330
2
100
AcDbSymbolTableRecord
100
AcDbLayerTableRecord
  2
_3568
 70
     0
 62
     7
  6
CONTINUOUS
370
    -3
390
F
347
CA3
348
0
  0
LAYER
  5
5F5
330
2
100
AcDbSymbolTableRecord
100
AcDbLayerTableRecord
  2
_3573
 70
     0
 62
     7
  6
CONTINUOUS
370
    -3
390
F
347
CA3
348
0
  0
LAYER
  5
5F6
330
2
100
AcDbSymbolTableRecord
100
AcDbLayerTableRecord
  2
_3578
 70
     0
 62
     7
  6
CONTINUOUS
370
    -3
390
F
347
CA3
348
0
  0
LAYER
  5
5F7
330
2
100
AcDbSymbolTableRecord
100
AcDbLayerTableRecord
  2
_3583
 70
     0
 62
     7
  6
CONTINUOUS
370
    -3
390
F
347
CA3
348
0
  0
LAYER
  5
5F8
330
2
100
AcDbSymbolTableRecord
100
AcDbLayerTableRecord
  2
_3588
 70
     0
 62
     7
  6
CONTINUOUS
370
    -3
390
F
347
CA3
348
0
  0
LAYER
  5
5F9
330
2
100
AcDbSymbolTableRecord
100
AcDbLayerTableRecord
  2
_3593
 70
     0
 62
     7
  6
CONTINUOUS
370
    -3
390
F
347
CA3
348
0
  0
LAYER
  5
5FA
330
2
100
AcDbSymbolTableRecord
100
AcDbLayerTableRecord
  2
_3598
 70
     0
 62
     7
  6
CONTINUOUS
370
    -3
390
F
347
CA3
348
0
  0
LAYER
  5
5FB
330
2
100
AcDbSymbolTableRecord
100
AcDbLayerTableRecord
  2
_3603
 70
     0
 62
     7
  6
CONTINUOUS
370
    -3
390
F
347
CA3
348
0
  0
LAYER
  5
5FC
330
2
100
AcDbSymbolTableRecord
100
AcDbLayerTableRecord
  2
_3608
 70
     0
 62
     7
  6
CONTINUOUS
370
    -3
390
F
347
CA3
348
0
  0
LAYER
  5
5FD
330
2
100
AcDbSymbolTableRecord
100
AcDbLayerTableRecord
  2
_3613
 70
     0
 62
     7
  6
CONTINUOUS
370
    -3
390
F
347
CA3
348
0
  0
LAYER
  5
5FE
330
2
100
AcDbSymbolTableRecord
100
AcDbLayerTableRecord
  2
_3618
 70
     0
 62
     7
  6
CONTINUOUS
370
    -3
390
F
347
CA3
348
0
  0
LAYER
  5
5FF
330
2
100
AcDbSymbolTableRecord
100
AcDbLayerTableRecord
  2
_3623
 70
     0
 62
     7
  6
CONTINUOUS
370
    -3
390
F
347
CA3
348
0
  0
LAYER
  5
600
330
2
100
AcDbSymbolTableRecord
100
AcDbLayerTableRecord
  2
_3628
 70
     0
 62
     7
  6
CONTINUOUS
370
    -3
390
F
347
CA3
348
0
  0
LAYER
  5
601
330
2
100
AcDbSymbolTableRecord
100
AcDbLayerTableRecord
  2
_3633
 70
     0
 62
     7
  6
CONTINUOUS
370
    -3
390
F
347
CA3
348
0
  0
LAYER
  5
602
330
2
100
AcDbSymbolTableRecord
100
AcDbLayerTableRecord
  2
_3638
 70
     0
 62
     7
  6
CONTINUOUS
370
    -3
390
F
347
CA3
348
0
  0
LAYER
  5
603
330
2
100
AcDbSymbolTableRecord
100
AcDbLayerTableRecord
  2
_3643
 70
     0
 62
     7
  6
CONTINUOUS
370
    -3
390
F
347
CA3
348
0
  0
LAYER
  5
604
330
2
100
AcDbSymbolTableRecord
100
AcDbLayerTableRecord
  2
_3648
 70
     0
 62
     7
  6
CONTINUOUS
370
    -3
390
F
347
CA3
348
0
  0
LAYER
  5
605
330
2
100
AcDbSymbolTableRecord
100
AcDbLayerTableRecord
  2
_3653
 70
     0
 62
     7
  6
CONTINUOUS
370
    -3
390
F
347
CA3
348
0
  0
LAYER
  5
606
330
2
100
AcDbSymbolTableRecord
100
AcDbLayerTableRecord
  2
_3658
 70
     0
 62
     7
  6
CONTINUOUS
370
    -3
390
F
347
CA3
348
0
  0
LAYER
  5
607
330
2
100
AcDbSymbolTableRecord
100
AcDbLayerTableRecord
  2
_3663
 70
     0
 62
     7
  6
CONTINUOUS
370
    -3
390
F
347
CA3
348
0
  0
LAYER
  5
608
330
2
100
AcDbSymbolTableRecord
100
AcDbLayerTableRecord
  2
_3668
 70
     0
 62
     7
  6
CONTINUOUS
370
    -3
390
F
347
CA3
348
0
  0
LAYER
  5
609
330
2
100
AcDbSymbolTableRecord
100
AcDbLayerTableRecord
  2
_3673
 70
     0
 62
     7
  6
CONTINUOUS
370
    -3
390
F
347
CA3
348
0
  0
LAYER
  5
60A
330
2
100
AcDbSymbolTableRecord
100
AcDbLayerTableRecord
  2
_3678
 70
     0
 62
     7
  6
CONTINUOUS
370
    -3
390
F
347
CA3
348
0
  0
LAYER
  5
60B
330
2
100
AcDbSymbolTableRecord
100
AcDbLayerTableRecord
  2
_3683
 70
     0
 62
     7
  6
CONTINUOUS
370
    -3
390
F
347
CA3
348
0
  0
LAYER
  5
60C
330
2
100
AcDbSymbolTableRecord
100
AcDbLayerTableRecord
  2
_3688
 70
     0
 62
     7
  6
CONTINUOUS
370
    -3
390
F
347
CA3
348
0
  0
LAYER
  5
60D
330
2
100
AcDbSymbolTableRecord
100
AcDbLayerTableRecord
  2
_3693
 70
     0
 62
     7
  6
CONTINUOUS
370
    -3
390
F
347
CA3
348
0
  0
LAYER
  5
60E
330
2
100
AcDbSymbolTableRecord
100
AcDbLayerTableRecord
  2
_3698
 70
     0
 62
     7
  6
CONTINUOUS
370
    -3
390
F
347
CA3
348
0
  0
LAYER
  5
60F
330
2
100
AcDbSymbolTableRecord
100
AcDbLayerTableRecord
  2
_3703
 70
     0
 62
     7
  6
CONTINUOUS
370
    -3
390
F
347
CA3
348
0
  0
LAYER
  5
610
330
2
100
AcDbSymbolTableRecord
100
AcDbLayerTableRecord
  2
_3708
 70
     0
 62
     7
  6
CONTINUOUS
370
    -3
390
F
347
CA3
348
0
  0
LAYER
  5
611
330
2
100
AcDbSymbolTableRecord
100
AcDbLayerTableRecord
  2
_3713
 70
     0
 62
     7
  6
CONTINUOUS
370
    -3
390
F
347
CA3
348
0
  0
LAYER
  5
612
330
2
100
AcDbSymbolTableRecord
100
AcDbLayerTableRecord
  2
_3718
 70
     0
 62
     7
  6
CONTINUOUS
370
    -3
390
F
347
CA3
348
0
  0
LAYER
  5
613
330
2
100
AcDbSymbolTableRecord
100
AcDbLayerTableRecord
  2
_3723
 70
     0
 62
     7
  6
CONTINUOUS
370
    -3
390
F
347
CA3
348
0
  0
LAYER
  5
614
330
2
100
AcDbSymbolTableRecord
100
AcDbLayerTableRecord
  2
_3728
 70
     0
 62
     7
  6
CONTINUOUS
370
    -3
390
F
347
CA3
348
0
  0
LAYER
  5
615
330
2
100
AcDbSymbolTableRecord
100
AcDbLayerTableRecord
  2
_3733
 70
     0
 62
     7
  6
CONTINUOUS
370
    -3
390
F
347
CA3
348
0
  0
LAYER
  5
616
330
2
100
AcDbSymbolTableRecord
100
AcDbLayerTableRecord
  2
_3738
 70
     0
 62
     7
  6
CONTINUOUS
370
    -3
390
F
347
CA3
348
0
  0
LAYER
  5
617
330
2
100
AcDbSymbolTableRecord
100
AcDbLayerTableRecord
  2
_3743
 70
     0
 62
     7
  6
CONTINUOUS
370
    -3
390
F
347
CA3
348
0
  0
LAYER
  5
618
330
2
100
AcDbSymbolTableRecord
100
AcDbLayerTableRecord
  2
_3748
 70
     0
 62
     7
  6
CONTINUOUS
370
    -3
390
F
347
CA3
348
0
  0
LAYER
  5
619
330
2
100
AcDbSymbolTableRecord
100
AcDbLayerTableRecord
  2
_3753
 70
     0
 62
     7
  6
CONTINUOUS
370
    -3
390
F
347
CA3
348
0
  0
LAYER
  5
61A
330
2
100
AcDbSymbolTableRecord
100
AcDbLayerTableRecord
  2
_3758
 70
     0
 62
     7
  6
CONTINUOUS
370
    -3
390
F
347
CA3
348
0
  0
LAYER
  5
61B
330
2
100
AcDbSymbolTableRecord
100
AcDbLayerTableRecord
  2
_3763
 70
     0
 62
     7
  6
CONTINUOUS
370
    -3
390
F
347
CA3
348
0
  0
LAYER
  5
61C
330
2
100
AcDbSymbolTableRecord
100
AcDbLayerTableRecord
  2
_3768
 70
     0
 62
     7
  6
CONTINUOUS
370
    -3
390
F
347
CA3
348
0
  0
LAYER
  5
61D
330
2
100
AcDbSymbolTableRecord
100
AcDbLayerTableRecord
  2
_3773
 70
     0
 62
     7
  6
CONTINUOUS
370
    -3
390
F
347
CA3
348
0
  0
LAYER
  5
61E
330
2
100
AcDbSymbolTableRecord
100
AcDbLayerTableRecord
  2
_3778
 70
     0
 62
     7
  6
CONTINUOUS
370
    -3
390
F
347
CA3
348
0
  0
LAYER
  5
61F
330
2
100
AcDbSymbolTableRecord
100
AcDbLayerTableRecord
  2
_3783
 70
     0
 62
     7
  6
CONTINUOUS
370
    -3
390
F
347
CA3
348
0
  0
LAYER
  5
620
330
2
100
AcDbSymbolTableRecord
100
AcDbLayerTableRecord
  2
_3788
 70
     0
 62
     7
  6
CONTINUOUS
370
    -3
390
F
347
CA3
348
0
  0
LAYER
  5
621
330
2
100
AcDbSymbolTableRecord
100
AcDbLayerTableRecord
  2
_3793
 70
     0
 62
     7
  6
CONTINUOUS
370
    -3
390
F
347
CA3
348
0
  0
LAYER
  5
622
330
2
100
AcDbSymbolTableRecord
100
AcDbLayerTableRecord
  2
_3798
 70
     0
 62
     7
  6
CONTINUOUS
370
    -3
390
F
347
CA3
348
0
  0
LAYER
  5
623
330
2
100
AcDbSymbolTableRecord
100
AcDbLayerTableRecord
  2
_3803
 70
     0
 62
     7
  6
CONTINUOUS
370
    -3
390
F
347
CA3
348
0
  0
LAYER
  5
624
330
2
100
AcDbSymbolTableRecord
100
AcDbLayerTableRecord
  2
_3808
 70
     0
 62
     7
  6
CONTINUOUS
370
    -3
390
F
347
CA3
348
0
  0
LAYER
  5
625
330
2
100
AcDbSymbolTableRecord
100
AcDbLayerTableRecord
  2
_3813
 70
     0
 62
     7
  6
CONTINUOUS
370
    -3
390
F
347
CA3
348
0
  0
LAYER
  5
626
330
2
100
AcDbSymbolTableRecord
100
AcDbLayerTableRecord
  2
_3818
 70
     0
 62
     7
  6
CONTINUOUS
370
    -3
390
F
347
CA3
348
0
  0
LAYER
  5
627
330
2
100
AcDbSymbolTableRecord
100
AcDbLayerTableRecord
  2
_3823
 70
     0
 62
     7
  6
CONTINUOUS
370
    -3
390
F
347
CA3
348
0
  0
LAYER
  5
628
330
2
100
AcDbSymbolTableRecord
100
AcDbLayerTableRecord
  2
_3828
 70
     0
 62
     7
  6
CONTINUOUS
370
    -3
390
F
347
CA3
348
0
  0
LAYER
  5
629
330
2
100
AcDbSymbolTableRecord
100
AcDbLayerTableRecord
  2
_3833
 70
     0
 62
     7
  6
CONTINUOUS
370
    -3
390
F
347
CA3
348
0
  0
LAYER
  5
62A
330
2
100
AcDbSymbolTableRecord
100
AcDbLayerTableRecord
  2
_3838
 70
     0
 62
     7
  6
CONTINUOUS
370
    -3
390
F
347
CA3
348
0
  0
LAYER
  5
62B
330
2
100
AcDbSymbolTableRecord
100
AcDbLayerTableRecord
  2
_3843
 70
     0
 62
     7
  6
CONTINUOUS
370
    -3
390
F
347
CA3
348
0
  0
LAYER
  5
62C
330
2
100
AcDbSymbolTableRecord
100
AcDbLayerTableRecord
  2
_3848
 70
     0
 62
     7
  6
CONTINUOUS
370
    -3
390
F
347
CA3
348
0
  0
LAYER
  5
62D
330
2
100
AcDbSymbolTableRecord
100
AcDbLayerTableRecord
  2
_3853
 70
     0
 62
     7
  6
CONTINUOUS
370
    -3
390
F
347
CA3
348
0
  0
LAYER
  5
62E
330
2
100
AcDbSymbolTableRecord
100
AcDbLayerTableRecord
  2
_3858
 70
     0
 62
     7
  6
CONTINUOUS
370
    -3
390
F
347
CA3
348
0
  0
LAYER
  5
62F
330
2
100
AcDbSymbolTableRecord
100
AcDbLayerTableRecord
  2
_3863
 70
     0
 62
     7
  6
CONTINUOUS
370
    -3
390
F
347
CA3
348
0
  0
LAYER
  5
630
330
2
100
AcDbSymbolTableRecord
100
AcDbLayerTableRecord
  2
_3868
 70
     0
 62
     7
  6
CONTINUOUS
370
    -3
390
F
347
CA3
348
0
  0
LAYER
  5
631
330
2
100
AcDbSymbolTableRecord
100
AcDbLayerTableRecord
  2
_3873
 70
     0
 62
     7
  6
CONTINUOUS
370
    -3
390
F
347
CA3
348
0
  0
LAYER
  5
632
330
2
100
AcDbSymbolTableRecord
100
AcDbLayerTableRecord
  2
_3878
 70
     0
 62
     7
  6
CONTINUOUS
370
    -3
390
F
347
CA3
348
0
  0
LAYER
  5
633
330
2
100
AcDbSymbolTableRecord
100
AcDbLayerTableRecord
  2
_3883
 70
     0
 62
     7
  6
CONTINUOUS
370
    -3
390
F
347
CA3
348
0
  0
LAYER
  5
634
330
2
100
AcDbSymbolTableRecord
100
AcDbLayerTableRecord
  2
_3888
 70
     0
 62
     7
  6
CONTINUOUS
370
    -3
390
F
347
CA3
348
0
  0
LAYER
  5
635
330
2
100
AcDbSymbolTableRecord
100
AcDbLayerTableRecord
  2
_3893
 70
     0
 62
     7
  6
CONTINUOUS
370
    -3
390
F
347
CA3
348
0
  0
LAYER
  5
636
330
2
100
AcDbSymbolTableRecord
100
AcDbLayerTableRecord
  2
_3898
 70
     0
 62
     7
  6
CONTINUOUS
370
    -3
390
F
347
CA3
348
0
  0
LAYER
  5
637
330
2
100
AcDbSymbolTableRecord
100
AcDbLayerTableRecord
  2
_3903
 70
     0
 62
     7
  6
CONTINUOUS
370
    -3
390
F
347
CA3
348
0
  0
LAYER
  5
638
330
2
100
AcDbSymbolTableRecord
100
AcDbLayerTableRecord
  2
_3908
 70
     0
 62
     7
  6
CONTINUOUS
370
    -3
390
F
347
CA3
348
0
  0
LAYER
  5
639
330
2
100
AcDbSymbolTableRecord
100
AcDbLayerTableRecord
  2
_3913
 70
     0
 62
     7
  6
CONTINUOUS
370
    -3
390
F
347
CA3
348
0
  0
LAYER
  5
63A
330
2
100
AcDbSymbolTableRecord
100
AcDbLayerTableRecord
  2
_3918
 70
     0
 62
     7
  6
CONTINUOUS
370
    -3
390
F
347
CA3
348
0
  0
LAYER
  5
63B
330
2
100
AcDbSymbolTableRecord
100
AcDbLayerTableRecord
  2
_3923
 70
     0
 62
     7
  6
CONTINUOUS
370
    -3
390
F
347
CA3
348
0
  0
LAYER
  5
63C
330
2
100
AcDbSymbolTableRecord
100
AcDbLayerTableRecord
  2
_3928
 70
     0
 62
     7
  6
CONTINUOUS
370
    -3
390
F
347
CA3
348
0
  0
LAYER
  5
63D
330
2
100
AcDbSymbolTableRecord
100
AcDbLayerTableRecord
  2
_3933
 70
     0
 62
     7
  6
CONTINUOUS
370
    -3
390
F
347
CA3
348
0
  0
LAYER
  5
63E
330
2
100
AcDbSymbolTableRecord
100
AcDbLayerTableRecord
  2
_3938
 70
     0
 62
     7
  6
CONTINUOUS
370
    -3
390
F
347
CA3
348
0
  0
LAYER
  5
63F
330
2
100
AcDbSymbolTableRecord
100
AcDbLayerTableRecord
  2
_3943
 70
     0
 62
     7
  6
CONTINUOUS
370
    -3
390
F
347
CA3
348
0
  0
LAYER
  5
640
330
2
100
AcDbSymbolTableRecord
100
AcDbLayerTableRecord
  2
_3948
 70
     0
 62
     7
  6
CONTINUOUS
370
    -3
390
F
347
CA3
348
0
  0
LAYER
  5
641
330
2
100
AcDbSymbolTableRecord
100
AcDbLayerTableRecord
  2
_3953
 70
     0
 62
     7
  6
CONTINUOUS
370
    -3
390
F
347
CA3
348
0
  0
LAYER
  5
642
330
2
100
AcDbSymbolTableRecord
100
AcDbLayerTableRecord
  2
_3958
 70
     0
 62
     7
  6
CONTINUOUS
370
    -3
390
F
347
CA3
348
0
  0
LAYER
  5
643
330
2
100
AcDbSymbolTableRecord
100
AcDbLayerTableRecord
  2
_3963
 70
     0
 62
     7
  6
CONTINUOUS
370
    -3
390
F
347
CA3
348
0
  0
LAYER
  5
644
330
2
100
AcDbSymbolTableRecord
100
AcDbLayerTableRecord
  2
_3968
 70
     0
 62
     7
  6
CONTINUOUS
370
    -3
390
F
347
CA3
348
0
  0
LAYER
  5
645
330
2
100
AcDbSymbolTableRecord
100
AcDbLayerTableRecord
  2
_3973
 70
     0
 62
     7
  6
CONTINUOUS
370
    -3
390
F
347
CA3
348
0
  0
LAYER
  5
646
330
2
100
AcDbSymbolTableRecord
100
AcDbLayerTableRecord
  2
_3978
 70
     0
 62
     7
  6
CONTINUOUS
370
    -3
390
F
347
CA3
348
0
  0
LAYER
  5
647
330
2
100
AcDbSymbolTableRecord
100
AcDbLayerTableRecord
  2
_3983
 70
     0
 62
     7
  6
CONTINUOUS
370
    -3
390
F
347
CA3
348
0
  0
LAYER
  5
648
330
2
100
AcDbSymbolTableRecord
100
AcDbLayerTableRecord
  2
_3988
 70
     0
 62
     7
  6
CONTINUOUS
370
    -3
390
F
347
CA3
348
0
  0
LAYER
  5
649
330
2
100
AcDbSymbolTableRecord
100
AcDbLayerTableRecord
  2
_3993
 70
     0
 62
     7
  6
CONTINUOUS
370
    -3
390
F
347
CA3
348
0
  0
LAYER
  5
64A
330
2
100
AcDbSymbolTableRecord
100
AcDbLayerTableRecord
  2
_3998
 70
     0
 62
     7
  6
CONTINUOUS
370
    -3
390
F
347
CA3
348
0
  0
LAYER
  5
64B
330
2
100
AcDbSymbolTableRecord
100
AcDbLayerTableRecord
  2
_4003
 70
     0
 62
     7
  6
CONTINUOUS
370
    -3
390
F
347
CA3
348
0
  0
LAYER
  5
64C
330
2
100
AcDbSymbolTableRecord
100
AcDbLayerTableRecord
  2
_4008
 70
     0
 62
     7
  6
CONTINUOUS
370
    -3
390
F
347
CA3
348
0
  0
LAYER
  5
64D
330
2
100
AcDbSymbolTableRecord
100
AcDbLayerTableRecord
  2
_4013
 70
     0
 62
     7
  6
CONTINUOUS
370
    -3
390
F
347
CA3
348
0
  0
LAYER
  5
64E
330
2
100
AcDbSymbolTableRecord
100
AcDbLayerTableRecord
  2
_4018
 70
     0
 62
     7
  6
CONTINUOUS
370
    -3
390
F
347
CA3
348
0
  0
LAYER
  5
64F
330
2
100
AcDbSymbolTableRecord
100
AcDbLayerTableRecord
  2
_4023
 70
     0
 62
     7
  6
CONTINUOUS
370
    -3
390
F
347
CA3
348
0
  0
LAYER
  5
650
330
2
100
AcDbSymbolTableRecord
100
AcDbLayerTableRecord
  2
_4028
 70
     0
 62
     7
  6
CONTINUOUS
370
    -3
390
F
347
CA3
348
0
  0
LAYER
  5
651
330
2
100
AcDbSymbolTableRecord
100
AcDbLayerTableRecord
  2
_4033
 70
     0
 62
     7
  6
CONTINUOUS
370
    -3
390
F
347
CA3
348
0
  0
LAYER
  5
652
330
2
100
AcDbSymbolTableRecord
100
AcDbLayerTableRecord
  2
_4038
 70
     0
 62
     7
  6
CONTINUOUS
370
    -3
390
F
347
CA3
348
0
  0
LAYER
  5
653
330
2
100
AcDbSymbolTableRecord
100
AcDbLayerTableRecord
  2
_4043
 70
     0
 62
     7
  6
CONTINUOUS
370
    -3
390
F
347
CA3
348
0
  0
LAYER
  5
654
330
2
100
AcDbSymbolTableRecord
100
AcDbLayerTableRecord
  2
_4048
 70
     0
 62
     7
  6
CONTINUOUS
370
    -3
390
F
347
CA3
348
0
  0
LAYER
  5
655
330
2
100
AcDbSymbolTableRecord
100
AcDbLayerTableRecord
  2
_4053
 70
     0
 62
     7
  6
CONTINUOUS
370
    -3
390
F
347
CA3
348
0
  0
LAYER
  5
656
330
2
100
AcDbSymbolTableRecord
100
AcDbLayerTableRecord
  2
_4058
 70
     0
 62
     7
  6
CONTINUOUS
370
    -3
390
F
347
CA3
348
0
  0
LAYER
  5
657
330
2
100
AcDbSymbolTableRecord
100
AcDbLayerTableRecord
  2
_4063
 70
     0
 62
     7
  6
CONTINUOUS
370
    -3
390
F
347
CA3
348
0
  0
LAYER
  5
658
330
2
100
AcDbSymbolTableRecord
100
AcDbLayerTableRecord
  2
_4068
 70
     0
 62
     7
  6
CONTINUOUS
370
    -3
390
F
347
CA3
348
0
  0
LAYER
  5
659
330
2
100
AcDbSymbolTableRecord
100
AcDbLayerTableRecord
  2
_4073
 70
     0
 62
     7
  6
CONTINUOUS
370
    -3
390
F
347
CA3
348
0
  0
LAYER
  5
65A
330
2
100
AcDbSymbolTableRecord
100
AcDbLayerTableRecord
  2
_4078
 70
     0
 62
     7
  6
CONTINUOUS
370
    -3
390
F
347
CA3
348
0
  0
LAYER
  5
65B
330
2
100
AcDbSymbolTableRecord
100
AcDbLayerTableRecord
  2
_4083
 70
     0
 62
     7
  6
CONTINUOUS
370
    -3
390
F
347
CA3
348
0
  0
LAYER
  5
65C
330
2
100
AcDbSymbolTableRecord
100
AcDbLayerTableRecord
  2
_4088
 70
     0
 62
     7
  6
CONTINUOUS
370
    -3
390
F
347
CA3
348
0
  0
LAYER
  5
65D
330
2
100
AcDbSymbolTableRecord
100
AcDbLayerTableRecord
  2
_4093
 70
     0
 62
     7
  6
CONTINUOUS
370
    -3
390
F
347
CA3
348
0
  0
LAYER
  5
65E
330
2
100
AcDbSymbolTableRecord
100
AcDbLayerTableRecord
  2
_4098
 70
     0
 62
     7
  6
CONTINUOUS
370
    -3
390
F
347
CA3
348
0
  0
LAYER
  5
65F
330
2
100
AcDbSymbolTableRecord
100
AcDbLayerTableRecord
  2
_4103
 70
     0
 62
     7
  6
CONTINUOUS
370
    -3
390
F
347
CA3
348
0
  0
LAYER
  5
660
330
2
100
AcDbSymbolTableRecord
100
AcDbLayerTableRecord
  2
_4108
 70
     0
 62
     7
  6
CONTINUOUS
370
    -3
390
F
347
CA3
348
0
  0
LAYER
  5
661
330
2
100
AcDbSymbolTableRecord
100
AcDbLayerTableRecord
  2
_4113
 70
     0
 62
     7
  6
CONTINUOUS
370
    -3
390
F
347
CA3
348
0
  0
LAYER
  5
662
330
2
100
AcDbSymbolTableRecord
100
AcDbLayerTableRecord
  2
_4118
 70
     0
 62
     7
  6
CONTINUOUS
370
    -3
390
F
347
CA3
348
0
  0
LAYER
  5
663
330
2
100
AcDbSymbolTableRecord
100
AcDbLayerTableRecord
  2
_4123
 70
     0
 62
     7
  6
CONTINUOUS
370
    -3
390
F
347
CA3
348
0
  0
LAYER
  5
664
330
2
100
AcDbSymbolTableRecord
100
AcDbLayerTableRecord
  2
_4128
 70
     0
 62
     7
  6
CONTINUOUS
370
    -3
390
F
347
CA3
348
0
  0
LAYER
  5
665
330
2
100
AcDbSymbolTableRecord
100
AcDbLayerTableRecord
  2
_4133
 70
     0
 62
     7
  6
CONTINUOUS
370
    -3
390
F
347
CA3
348
0
  0
LAYER
  5
666
330
2
100
AcDbSymbolTableRecord
100
AcDbLayerTableRecord
  2
_4138
 70
     0
 62
     7
  6
CONTINUOUS
370
    -3
390
F
347
CA3
348
0
  0
LAYER
  5
667
330
2
100
AcDbSymbolTableRecord
100
AcDbLayerTableRecord
  2
_4143
 70
     0
 62
     7
  6
CONTINUOUS
370
    -3
390
F
347
CA3
348
0
  0
LAYER
  5
668
330
2
100
AcDbSymbolTableRecord
100
AcDbLayerTableRecord
  2
_4148
 70
     0
 62
     7
  6
CONTINUOUS
370
    -3
390
F
347
CA3
348
0
  0
LAYER
  5
669
330
2
100
AcDbSymbolTableRecord
100
AcDbLayerTableRecord
  2
_4153
 70
     0
 62
     7
  6
CONTINUOUS
370
    -3
390
F
347
CA3
348
0
  0
LAYER
  5
66A
330
2
100
AcDbSymbolTableRecord
100
AcDbLayerTableRecord
  2
_4158
 70
     0
 62
     7
  6
CONTINUOUS
370
    -3
390
F
347
CA3
348
0
  0
LAYER
  5
66B
330
2
100
AcDbSymbolTableRecord
100
AcDbLayerTableRecord
  2
_4163
 70
     0
 62
     7
  6
CONTINUOUS
370
    -3
390
F
347
CA3
348
0
  0
LAYER
  5
66C
330
2
100
AcDbSymbolTableRecord
100
AcDbLayerTableRecord
  2
_4168
 70
     0
 62
     7
  6
CONTINUOUS
370
    -3
390
F
347
CA3
348
0
  0
LAYER
  5
66D
330
2
100
AcDbSymbolTableRecord
100
AcDbLayerTableRecord
  2
_4174
 70
     0
 62
     7
  6
CONTINUOUS
370
    -3
390
F
347
CA3
348
0
  0
LAYER
  5
66E
330
2
100
AcDbSymbolTableRecord
100
AcDbLayerTableRecord
  2
_4179
 70
     0
 62
     7
  6
CONTINUOUS
370
    -3
390
F
347
CA3
348
0
  0
LAYER
  5
66F
330
2
100
AcDbSymbolTableRecord
100
AcDbLayerTableRecord
  2
_4184
 70
     0
 62
     7
  6
CONTINUOUS
370
    -3
390
F
347
CA3
348
0
  0
LAYER
  5
670
330
2
100
AcDbSymbolTableRecord
100
AcDbLayerTableRecord
  2
_4189
 70
     0
 62
     7
  6
CONTINUOUS
370
    -3
390
F
347
CA3
348
0
  0
LAYER
  5
671
330
2
100
AcDbSymbolTableRecord
100
AcDbLayerTableRecord
  2
_4194
 70
     0
 62
     7
  6
CONTINUOUS
370
    -3
390
F
347
CA3
348
0
  0
LAYER
  5
672
330
2
100
AcDbSymbolTableRecord
100
AcDbLayerTableRecord
  2
_4199
 70
     0
 62
     7
  6
CONTINUOUS
370
    -3
390
F
347
CA3
348
0
  0
LAYER
  5
673
330
2
100
AcDbSymbolTableRecord
100
AcDbLayerTableRecord
  2
_4204
 70
     0
 62
     7
  6
CONTINUOUS
370
    -3
390
F
347
CA3
348
0
  0
LAYER
  5
674
330
2
100
AcDbSymbolTableRecord
100
AcDbLayerTableRecord
  2
_4207
 70
     0
 62
     7
  6
CONTINUOUS
370
    -3
390
F
347
CA3
348
0
  0
LAYER
  5
675
330
2
100
AcDbSymbolTableRecord
100
AcDbLayerTableRecord
  2
_4215
 70
     0
 62
     7
  6
CONTINUOUS
370
    -3
390
F
347
CA3
348
0
  0
LAYER
  5
676
330
2
100
AcDbSymbolTableRecord
100
AcDbLayerTableRecord
  2
_4220
 70
     0
 62
     7
  6
CONTINUOUS
370
    -3
390
F
347
CA3
348
0
  0
LAYER
  5
677
330
2
100
AcDbSymbolTableRecord
100
AcDbLayerTableRecord
  2
_4225
 70
     0
 62
     7
  6
CONTINUOUS
370
    -3
390
F
347
CA3
348
0
  0
LAYER
  5
678
330
2
100
AcDbSymbolTableRecord
100
AcDbLayerTableRecord
  2
_4230
 70
     0
 62
     7
  6
CONTINUOUS
370
    -3
390
F
347
CA3
348
0
  0
LAYER
  5
679
330
2
100
AcDbSymbolTableRecord
100
AcDbLayerTableRecord
  2
_4235
 70
     0
 62
     7
  6
CONTINUOUS
370
    -3
390
F
347
CA3
348
0
  0
LAYER
  5
67A
330
2
100
AcDbSymbolTableRecord
100
AcDbLayerTableRecord
  2
_4240
 70
     0
 62
     7
  6
CONTINUOUS
370
    -3
390
F
347
CA3
348
0
  0
LAYER
  5
67B
330
2
100
AcDbSymbolTableRecord
100
AcDbLayerTableRecord
  2
_4243
 70
     0
 62
     7
  6
CONTINUOUS
370
    -3
390
F
347
CA3
348
0
  0
LAYER
  5
67C
330
2
100
AcDbSymbolTableRecord
100
AcDbLayerTableRecord
  2
_4250
 70
     0
 62
     7
  6
CONTINUOUS
370
    -3
390
F
347
CA3
348
0
  0
LAYER
  5
67D
330
2
100
AcDbSymbolTableRecord
100
AcDbLayerTableRecord
  2
_4256
 70
     0
 62
     7
  6
CONTINUOUS
370
    -3
390
F
347
CA3
348
0
  0
LAYER
  5
67E
330
2
100
AcDbSymbolTableRecord
100
AcDbLayerTableRecord
  2
_4261
 70
     0
 62
     7
  6
CONTINUOUS
370
    -3
390
F
347
CA3
348
0
  0
LAYER
  5
67F
330
2
100
AcDbSymbolTableRecord
100
AcDbLayerTableRecord
  2
_4266
 70
     0
 62
     7
  6
CONTINUOUS
370
    -3
390
F
347
CA3
348
0
  0
LAYER
  5
680
330
2
100
AcDbSymbolTableRecord
100
AcDbLayerTableRecord
  2
_4271
 70
     0
 62
     7
  6
CONTINUOUS
370
    -3
390
F
347
CA3
348
0
  0
LAYER
  5
681
330
2
100
AcDbSymbolTableRecord
100
AcDbLayerTableRecord
  2
_4276
 70
     0
 62
     7
  6
CONTINUOUS
370
    -3
390
F
347
CA3
348
0
  0
LAYER
  5
682
330
2
100
AcDbSymbolTableRecord
100
AcDbLayerTableRecord
  2
_4281
 70
     0
 62
     7
  6
CONTINUOUS
370
    -3
390
F
347
CA3
348
0
  0
LAYER
  5
683
330
2
100
AcDbSymbolTableRecord
100
AcDbLayerTableRecord
  2
_4284
 70
     0
 62
     7
  6
CONTINUOUS
370
    -3
390
F
347
CA3
348
0
  0
LAYER
  5
684
330
2
100
AcDbSymbolTableRecord
100
AcDbLayerTableRecord
  2
_4291
 70
     0
 62
     7
  6
CONTINUOUS
370
    -3
390
F
347
CA3
348
0
  0
LAYER
  5
685
330
2
100
AcDbSymbolTableRecord
100
AcDbLayerTableRecord
  2
_4297
 70
     0
 62
     7
  6
CONTINUOUS
370
    -3
390
F
347
CA3
348
0
  0
LAYER
  5
686
330
2
100
AcDbSymbolTableRecord
100
AcDbLayerTableRecord
  2
_4302
 70
     0
 62
     7
  6
CONTINUOUS
370
    -3
390
F
347
CA3
348
0
  0
LAYER
  5
687
330
2
100
AcDbSymbolTableRecord
100
AcDbLayerTableRecord
  2
_4307
 70
     0
 62
     7
  6
CONTINUOUS
370
    -3
390
F
347
CA3
348
0
  0
LAYER
  5
688
330
2
100
AcDbSymbolTableRecord
100
AcDbLayerTableRecord
  2
_4312
 70
     0
 62
     7
  6
CONTINUOUS
370
    -3
390
F
347
CA3
348
0
  0
LAYER
  5
689
330
2
100
AcDbSymbolTableRecord
100
AcDbLayerTableRecord
  2
_43158
 70
     0
 62
     7
  6
CONTINUOUS
370
    -3
390
F
347
CA3
348
0
  0
LAYER
  5
68A
330
2
100
AcDbSymbolTableRecord
100
AcDbLayerTableRecord
  2
_43167
 70
     0
 62
     7
  6
CONTINUOUS
370
    -3
390
F
347
CA3
348
0
  0
LAYER
  5
68B
330
2
100
AcDbSymbolTableRecord
100
AcDbLayerTableRecord
  2
_4317
 70
     0
 62
     7
  6
CONTINUOUS
370
    -3
390
F
347
CA3
348
0
  0
LAYER
  5
68C
330
2
100
AcDbSymbolTableRecord
100
AcDbLayerTableRecord
  2
_43172
 70
     0
 62
     7
  6
CONTINUOUS
370
    -3
390
F
347
CA3
348
0
  0
LAYER
  5
68D
330
2
100
AcDbSymbolTableRecord
100
AcDbLayerTableRecord
  2
_43180
 70
     0
 62
     7
  6
CONTINUOUS
370
    -3
390
F
347
CA3
348
0
  0
LAYER
  5
68E
330
2
100
AcDbSymbolTableRecord
100
AcDbLayerTableRecord
  2
_43186
 70
     0
 62
     7
  6
CONTINUOUS
370
    -3
390
F
347
CA3
348
0
  0
LAYER
  5
68F
330
2
100
AcDbSymbolTableRecord
100
AcDbLayerTableRecord
  2
_43193
 70
     0
 62
     7
  6
CONTINUOUS
370
    -3
390
F
347
CA3
348
0
  0
LAYER
  5
690
330
2
100
AcDbSymbolTableRecord
100
AcDbLayerTableRecord
  2
_43200
 70
     0
 62
     7
  6
CONTINUOUS
370
    -3
390
F
347
CA3
348
0
  0
LAYER
  5
691
330
2
100
AcDbSymbolTableRecord
100
AcDbLayerTableRecord
  2
_43206
 70
     0
 62
     7
  6
CONTINUOUS
370
    -3
390
F
347
CA3
348
0
  0
LAYER
  5
692
330
2
100
AcDbSymbolTableRecord
100
AcDbLayerTableRecord
  2
_43214
 70
     0
 62
     7
  6
CONTINUOUS
370
    -3
390
F
347
CA3
348
0
  0
LAYER
  5
693
330
2
100
AcDbSymbolTableRecord
100
AcDbLayerTableRecord
  2
_43219
 70
     0
 62
     7
  6
CONTINUOUS
370
    -3
390
F
347
CA3
348
0
  0
LAYER
  5
694
330
2
100
AcDbSymbolTableRecord
100
AcDbLayerTableRecord
  2
_4322
 70
     0
 62
     7
  6
CONTINUOUS
370
    -3
390
F
347
CA3
348
0
  0
LAYER
  5
695
330
2
100
AcDbSymbolTableRecord
100
AcDbLayerTableRecord
  2
_43228
 70
     0
 62
     7
  6
CONTINUOUS
370
    -3
390
F
347
CA3
348
0
  0
LAYER
  5
696
330
2
100
AcDbSymbolTableRecord
100
AcDbLayerTableRecord
  2
_43233
 70
     0
 62
     7
  6
CONTINUOUS
370
    -3
390
F
347
CA3
348
0
  0
LAYER
  5
697
330
2
100
AcDbSymbolTableRecord
100
AcDbLayerTableRecord
  2
_43242
 70
     0
 62
     7
  6
CONTINUOUS
370
    -3
390
F
347
CA3
348
0
  0
LAYER
  5
698
330
2
100
AcDbSymbolTableRecord
100
AcDbLayerTableRecord
  2
_43247
 70
     0
 62
     7
  6
CONTINUOUS
370
    -3
390
F
347
CA3
348
0
  0
LAYER
  5
699
330
2
100
AcDbSymbolTableRecord
100
AcDbLayerTableRecord
  2
_4325
 70
     0
 62
     7
  6
CONTINUOUS
370
    -3
390
F
347
CA3
348
0
  0
LAYER
  5
69A
330
2
100
AcDbSymbolTableRecord
100
AcDbLayerTableRecord
  2
_43256
 70
     0
 62
     7
  6
CONTINUOUS
370
    -3
390
F
347
CA3
348
0
  0
LAYER
  5
69B
330
2
100
AcDbSymbolTableRecord
100
AcDbLayerTableRecord
  2
_43261
 70
     0
 62
     7
  6
CONTINUOUS
370
    -3
390
F
347
CA3
348
0
  0
LAYER
  5
69C
330
2
100
AcDbSymbolTableRecord
100
AcDbLayerTableRecord
  2
_43268
 70
     0
 62
     7
  6
CONTINUOUS
370
    -3
390
F
347
CA3
348
0
  0
LAYER
  5
69D
330
2
100
AcDbSymbolTableRecord
100
AcDbLayerTableRecord
  2
_43275
 70
     0
 62
     7
  6
CONTINUOUS
370
    -3
390
F
347
CA3
348
0
  0
LAYER
  5
69E
330
2
100
AcDbSymbolTableRecord
100
AcDbLayerTableRecord
  2
_43281
 70
     0
 62
     7
  6
CONTINUOUS
370
    -3
390
F
347
CA3
348
0
  0
LAYER
  5
69F
330
2
100
AcDbSymbolTableRecord
100
AcDbLayerTableRecord
  2
_43289
 70
     0
 62
     7
  6
CONTINUOUS
370
    -3
390
F
347
CA3
348
0
  0
LAYER
  5
6A0
330
2
100
AcDbSymbolTableRecord
100
AcDbLayerTableRecord
  2
_43294
 70
     0
 62
     7
  6
CONTINUOUS
370
    -3
390
F
347
CA3
348
0
  0
LAYER
  5
6A1
330
2
100
AcDbSymbolTableRecord
100
AcDbLayerTableRecord
  2
_43303
 70
     0
 62
     7
  6
CONTINUOUS
370
    -3
390
F
347
CA3
348
0
  0
LAYER
  5
6A2
330
2
100
AcDbSymbolTableRecord
100
AcDbLayerTableRecord
  2
_43308
 70
     0
 62
     7
  6
CONTINUOUS
370
    -3
390
F
347
CA3
348
0
  0
LAYER
  5
6A3
330
2
100
AcDbSymbolTableRecord
100
AcDbLayerTableRecord
  2
_43317
 70
     0
 62
     7
  6
CONTINUOUS
370
    -3
390
F
347
CA3
348
0
  0
LAYER
  5
6A4
330
2
100
AcDbSymbolTableRecord
100
AcDbLayerTableRecord
  2
_4332
 70
     0
 62
     7
  6
CONTINUOUS
370
    -3
390
F
347
CA3
348
0
  0
LAYER
  5
6A5
330
2
100
AcDbSymbolTableRecord
100
AcDbLayerTableRecord
  2
_43322
 70
     0
 62
     7
  6
CONTINUOUS
370
    -3
390
F
347
CA3
348
0
  0
LAYER
  5
6A6
330
2
100
AcDbSymbolTableRecord
100
AcDbLayerTableRecord
  2
_43331
 70
     0
 62
     7
  6
CONTINUOUS
370
    -3
390
F
347
CA3
348
0
  0
LAYER
  5
6A7
330
2
100
AcDbSymbolTableRecord
100
AcDbLayerTableRecord
  2
_43336
 70
     0
 62
     7
  6
CONTINUOUS
370
    -3
390
F
347
CA3
348
0
  0
LAYER
  5
6A8
330
2
100
AcDbSymbolTableRecord
100
AcDbLayerTableRecord
  2
_43344
 70
     0
 62
     7
  6
CONTINUOUS
370
    -3
390
F
347
CA3
348
0
  0
LAYER
  5
6A9
330
2
100
AcDbSymbolTableRecord
100
AcDbLayerTableRecord
  2
_43350
 70
     0
 62
     7
  6
CONTINUOUS
370
    -3
390
F
347
CA3
348
0
  0
LAYER
  5
6AA
330
2
100
AcDbSymbolTableRecord
100
AcDbLayerTableRecord
  2
_43356
 70
     0
 62
     7
  6
CONTINUOUS
370
    -3
390
F
347
CA3
348
0
  0
LAYER
  5
6AB
330
2
100
AcDbSymbolTableRecord
100
AcDbLayerTableRecord
  2
_43364
 70
     0
 62
     7
  6
CONTINUOUS
370
    -3
390
F
347
CA3
348
0
  0
LAYER
  5
6AC
330
2
100
AcDbSymbolTableRecord
100
AcDbLayerTableRecord
  2
_43369
 70
     0
 62
     7
  6
CONTINUOUS
370
    -3
390
F
347
CA3
348
0
  0
LAYER
  5
6AD
330
2
100
AcDbSymbolTableRecord
100
AcDbLayerTableRecord
  2
_43378
 70
     0
 62
     7
  6
CONTINUOUS
370
    -3
390
F
347
CA3
348
0
  0
LAYER
  5
6AE
330
2
100
AcDbSymbolTableRecord
100
AcDbLayerTableRecord
  2
_4338
 70
     0
 62
     7
  6
CONTINUOUS
370
    -3
390
F
347
CA3
348
0
  0
LAYER
  5
6AF
330
2
100
AcDbSymbolTableRecord
100
AcDbLayerTableRecord
  2
_43383
 70
     0
 62
     7
  6
CONTINUOUS
370
    -3
390
F
347
CA3
348
0
  0
LAYER
  5
6B0
330
2
100
AcDbSymbolTableRecord
100
AcDbLayerTableRecord
  2
_43392
 70
     0
 62
     7
  6
CONTINUOUS
370
    -3
390
F
347
CA3
348
0
  0
LAYER
  5
6B1
330
2
100
AcDbSymbolTableRecord
100
AcDbLayerTableRecord
  2
_43397
 70
     0
 62
     7
  6
CONTINUOUS
370
    -3
390
F
347
CA3
348
0
  0
LAYER
  5
6B2
330
2
100
AcDbSymbolTableRecord
100
AcDbLayerTableRecord
  2
_43406
 70
     0
 62
     7
  6
CONTINUOUS
370
    -3
390
F
347
CA3
348
0
  0
LAYER
  5
6B3
330
2
100
AcDbSymbolTableRecord
100
AcDbLayerTableRecord
  2
_43411
 70
     0
 62
     7
  6
CONTINUOUS
370
    -3
390
F
347
CA3
348
0
  0
LAYER
  5
6B4
330
2
100
AcDbSymbolTableRecord
100
AcDbLayerTableRecord
  2
_43419
 70
     0
 62
     7
  6
CONTINUOUS
370
    -3
390
F
347
CA3
348
0
  0
LAYER
  5
6B5
330
2
100
AcDbSymbolTableRecord
100
AcDbLayerTableRecord
  2
_43425
 70
     0
 62
     7
  6
CONTINUOUS
370
    -3
390
F
347
CA3
348
0
  0
LAYER
  5
6B6
330
2
100
AcDbSymbolTableRecord
100
AcDbLayerTableRecord
  2
_4343
 70
     0
 62
     7
  6
CONTINUOUS
370
    -3
390
F
347
CA3
348
0
  0
LAYER
  5
6B7
330
2
100
AcDbSymbolTableRecord
100
AcDbLayerTableRecord
  2
_43432
 70
     0
 62
     7
  6
CONTINUOUS
370
    -3
390
F
347
CA3
348
0
  0
LAYER
  5
6B8
330
2
100
AcDbSymbolTableRecord
100
AcDbLayerTableRecord
  2
_43439
 70
     0
 62
     7
  6
CONTINUOUS
370
    -3
390
F
347
CA3
348
0
  0
LAYER
  5
6B9
330
2
100
AcDbSymbolTableRecord
100
AcDbLayerTableRecord
  2
_43445
 70
     0
 62
     7
  6
CONTINUOUS
370
    -3
390
F
347
CA3
348
0
  0
LAYER
  5
6BA
330
2
100
AcDbSymbolTableRecord
100
AcDbLayerTableRecord
  2
_43453
 70
     0
 62
     7
  6
CONTINUOUS
370
    -3
390
F
347
CA3
348
0
  0
LAYER
  5
6BB
330
2
100
AcDbSymbolTableRecord
100
AcDbLayerTableRecord
  2
_43458
 70
     0
 62
     7
  6
CONTINUOUS
370
    -3
390
F
347
CA3
348
0
  0
LAYER
  5
6BC
330
2
100
AcDbSymbolTableRecord
100
AcDbLayerTableRecord
  2
_43467
 70
     0
 62
     7
  6
CONTINUOUS
370
    -3
390
F
347
CA3
348
0
  0
LAYER
  5
6BD
330
2
100
AcDbSymbolTableRecord
100
AcDbLayerTableRecord
  2
_43472
 70
     0
 62
     7
  6
CONTINUOUS
370
    -3
390
F
347
CA3
348
0
  0
LAYER
  5
6BE
330
2
100
AcDbSymbolTableRecord
100
AcDbLayerTableRecord
  2
_43476
 70
     0
 62
     7
  6
CONTINUOUS
370
    -3
390
F
347
CA3
348
0
  0
LAYER
  5
6BF
330
2
100
AcDbSymbolTableRecord
100
AcDbLayerTableRecord
  2
_4348
 70
     0
 62
     7
  6
CONTINUOUS
370
    -3
390
F
347
CA3
348
0
  0
LAYER
  5
6C0
330
2
100
AcDbSymbolTableRecord
100
AcDbLayerTableRecord
  2
_43484
 70
     0
 62
     7
  6
CONTINUOUS
370
    -3
390
F
347
CA3
348
0
  0
LAYER
  5
6C1
330
2
100
AcDbSymbolTableRecord
100
AcDbLayerTableRecord
  2
_43489
 70
     0
 62
     7
  6
CONTINUOUS
370
    -3
390
F
347
CA3
348
0
  0
LAYER
  5
6C2
330
2
100
AcDbSymbolTableRecord
100
AcDbLayerTableRecord
  2
_43498
 70
     0
 62
     7
  6
CONTINUOUS
370
    -3
390
F
347
CA3
348
0
  0
LAYER
  5
6C3
330
2
100
AcDbSymbolTableRecord
100
AcDbLayerTableRecord
  2
_43503
 70
     0
 62
     7
  6
CONTINUOUS
370
    -3
390
F
347
CA3
348
0
  0
LAYER
  5
6C4
330
2
100
AcDbSymbolTableRecord
100
AcDbLayerTableRecord
  2
_43513
 70
     0
 62
     7
  6
CONTINUOUS
370
    -3
390
F
347
CA3
348
0
  0
LAYER
  5
6C5
330
2
100
AcDbSymbolTableRecord
100
AcDbLayerTableRecord
  2
_43519
 70
     0
 62
     7
  6
CONTINUOUS
370
    -3
390
F
347
CA3
348
0
  0
LAYER
  5
6C6
330
2
100
AcDbSymbolTableRecord
100
AcDbLayerTableRecord
  2
_43526
 70
     0
 62
     7
  6
CONTINUOUS
370
    -3
390
F
347
CA3
348
0
  0
LAYER
  5
6C7
330
2
100
AcDbSymbolTableRecord
100
AcDbLayerTableRecord
  2
_43533
 70
     0
 62
     7
  6
CONTINUOUS
370
    -3
390
F
347
CA3
348
0
  0
LAYER
  5
6C8
330
2
100
AcDbSymbolTableRecord
100
AcDbLayerTableRecord
  2
_43539
 70
     0
 62
     7
  6
CONTINUOUS
370
    -3
390
F
347
CA3
348
0
  0
LAYER
  5
6C9
330
2
100
AcDbSymbolTableRecord
100
AcDbLayerTableRecord
  2
_43547
 70
     0
 62
     7
  6
CONTINUOUS
370
    -3
390
F
347
CA3
348
0
  0
LAYER
  5
6CA
330
2
100
AcDbSymbolTableRecord
100
AcDbLayerTableRecord
  2
_43552
 70
     0
 62
     7
  6
CONTINUOUS
370
    -3
390
F
347
CA3
348
0
  0
LAYER
  5
6CB
330
2
100
AcDbSymbolTableRecord
100
AcDbLayerTableRecord
  2
_43561
 70
     0
 62
     7
  6
CONTINUOUS
370
    -3
390
F
347
CA3
348
0
  0
LAYER
  5
6CC
330
2
100
AcDbSymbolTableRecord
100
AcDbLayerTableRecord
  2
_43566
 70
     0
 62
     7
  6
CONTINUOUS
370
    -3
390
F
347
CA3
348
0
  0
LAYER
  5
6CD
330
2
100
AcDbSymbolTableRecord
100
AcDbLayerTableRecord
  2
_43575
 70
     0
 62
     7
  6
CONTINUOUS
370
    -3
390
F
347
CA3
348
0
  0
LAYER
  5
6CE
330
2
100
AcDbSymbolTableRecord
100
AcDbLayerTableRecord
  2
_43580
 70
     0
 62
     7
  6
CONTINUOUS
370
    -3
390
F
347
CA3
348
0
  0
LAYER
  5
6CF
330
2
100
AcDbSymbolTableRecord
100
AcDbLayerTableRecord
  2
_43589
 70
     0
 62
     7
  6
CONTINUOUS
370
    -3
390
F
347
CA3
348
0
  0
LAYER
  5
6D0
330
2
100
AcDbSymbolTableRecord
100
AcDbLayerTableRecord
  2
_43594
 70
     0
 62
     7
  6
CONTINUOUS
370
    -3
390
F
347
CA3
348
0
  0
LAYER
  5
6D1
330
2
100
AcDbSymbolTableRecord
100
AcDbLayerTableRecord
  2
_43602
 70
     0
 62
     7
  6
CONTINUOUS
370
    -3
390
F
347
CA3
348
0
  0
LAYER
  5
6D2
330
2
100
AcDbSymbolTableRecord
100
AcDbLayerTableRecord
  2
_43608
 70
     0
 62
     7
  6
CONTINUOUS
370
    -3
390
F
347
CA3
348
0
  0
LAYER
  5
6D3
330
2
100
AcDbSymbolTableRecord
100
AcDbLayerTableRecord
  2
_43614
 70
     0
 62
     7
  6
CONTINUOUS
370
    -3
390
F
347
CA3
348
0
  0
LAYER
  5
6D4
330
2
100
AcDbSymbolTableRecord
100
AcDbLayerTableRecord
  2
_43622
 70
     0
 62
     7
  6
CONTINUOUS
370
    -3
390
F
347
CA3
348
0
  0
LAYER
  5
6D5
330
2
100
AcDbSymbolTableRecord
100
AcDbLayerTableRecord
  2
_43627
 70
     0
 62
     7
  6
CONTINUOUS
370
    -3
390
F
347
CA3
348
0
  0
LAYER
  5
6D6
330
2
100
AcDbSymbolTableRecord
100
AcDbLayerTableRecord
  2
_43636
 70
     0
 62
     7
  6
CONTINUOUS
370
    -3
390
F
347
CA3
348
0
  0
LAYER
  5
6D7
330
2
100
AcDbSymbolTableRecord
100
AcDbLayerTableRecord
  2
_43641
 70
     0
 62
     7
  6
CONTINUOUS
370
    -3
390
F
347
CA3
348
0
  0
LAYER
  5
6D8
330
2
100
AcDbSymbolTableRecord
100
AcDbLayerTableRecord
  2
_43650
 70
     0
 62
     7
  6
CONTINUOUS
370
    -3
390
F
347
CA3
348
0
  0
LAYER
  5
6D9
330
2
100
AcDbSymbolTableRecord
100
AcDbLayerTableRecord
  2
_43655
 70
     0
 62
     7
  6
CONTINUOUS
370
    -3
390
F
347
CA3
348
0
  0
LAYER
  5
6DA
330
2
100
AcDbSymbolTableRecord
100
AcDbLayerTableRecord
  2
_43664
 70
     0
 62
     7
  6
CONTINUOUS
370
    -3
390
F
347
CA3
348
0
  0
LAYER
  5
6DB
330
2
100
AcDbSymbolTableRecord
100
AcDbLayerTableRecord
  2
_43669
 70
     0
 62
     7
  6
CONTINUOUS
370
    -3
390
F
347
CA3
348
0
  0
LAYER
  5
6DC
330
2
100
AcDbSymbolTableRecord
100
AcDbLayerTableRecord
  2
_43677
 70
     0
 62
     7
  6
CONTINUOUS
370
    -3
390
F
347
CA3
348
0
  0
LAYER
  5
6DD
330
2
100
AcDbSymbolTableRecord
100
AcDbLayerTableRecord
  2
_43683
 70
     0
 62
     7
  6
CONTINUOUS
370
    -3
390
F
347
CA3
348
0
  0
LAYER
  5
6DE
330
2
100
AcDbSymbolTableRecord
100
AcDbLayerTableRecord
  2
_43690
 70
     0
 62
     7
  6
CONTINUOUS
370
    -3
390
F
347
CA3
348
0
  0
LAYER
  5
6DF
330
2
100
AcDbSymbolTableRecord
100
AcDbLayerTableRecord
  2
_43697
 70
     0
 62
     7
  6
CONTINUOUS
370
    -3
390
F
347
CA3
348
0
  0
LAYER
  5
6E0
330
2
100
AcDbSymbolTableRecord
100
AcDbLayerTableRecord
  2
_43700
 70
     0
 62
     7
  6
CONTINUOUS
370
    -3
390
F
347
CA3
348
0
  0
LAYER
  5
6E1
330
2
100
AcDbSymbolTableRecord
100
AcDbLayerTableRecord
  2
_43711
 70
     0
 62
     7
  6
CONTINUOUS
370
    -3
390
F
347
CA3
348
0
  0
LAYER
  5
6E2
330
2
100
AcDbSymbolTableRecord
100
AcDbLayerTableRecord
  2
_43716
 70
     0
 62
     7
  6
CONTINUOUS
370
    -3
390
F
347
CA3
348
0
  0
LAYER
  5
6E3
330
2
100
AcDbSymbolTableRecord
100
AcDbLayerTableRecord
  2
_43725
 70
     0
 62
     7
  6
CONTINUOUS
370
    -3
390
F
347
CA3
348
0
  0
LAYER
  5
6E4
330
2
100
AcDbSymbolTableRecord
100
AcDbLayerTableRecord
  2
_43730
 70
     0
 62
     7
  6
CONTINUOUS
370
    -3
390
F
347
CA3
348
0
  0
LAYER
  5
6E5
330
2
100
AcDbSymbolTableRecord
100
AcDbLayerTableRecord
  2
_43733
 70
     0
 62
     7
  6
CONTINUOUS
370
    -3
390
F
347
CA3
348
0
  0
LAYER
  5
6E6
330
2
100
AcDbSymbolTableRecord
100
AcDbLayerTableRecord
  2
_43744
 70
     0
 62
     7
  6
CONTINUOUS
370
    -3
390
F
347
CA3
348
0
  0
LAYER
  5
6E7
330
2
100
AcDbSymbolTableRecord
100
AcDbLayerTableRecord
  2
_43750
 70
     0
 62
     7
  6
CONTINUOUS
370
    -3
390
F
347
CA3
348
0
  0
LAYER
  5
6E8
330
2
100
AcDbSymbolTableRecord
100
AcDbLayerTableRecord
  2
_43758
 70
     0
 62
     7
  6
CONTINUOUS
370
    -3
390
F
347
CA3
348
0
  0
LAYER
  5
6E9
330
2
100
AcDbSymbolTableRecord
100
AcDbLayerTableRecord
  2
_43763
 70
     0
 62
     7
  6
CONTINUOUS
370
    -3
390
F
347
CA3
348
0
  0
LAYER
  5
6EA
330
2
100
AcDbSymbolTableRecord
100
AcDbLayerTableRecord
  2
_43768
 70
     0
 62
     7
  6
CONTINUOUS
370
    -3
390
F
347
CA3
348
0
  0
LAYER
  5
6EB
330
2
100
AcDbSymbolTableRecord
100
AcDbLayerTableRecord
  2
_43773
 70
     0
 62
     7
  6
CONTINUOUS
370
    -3
390
F
347
CA3
348
0
  0
LAYER
  5
6EC
330
2
100
AcDbSymbolTableRecord
100
AcDbLayerTableRecord
  2
_43779
 70
     0
 62
     7
  6
CONTINUOUS
370
    -3
390
F
347
CA3
348
0
  0
LAYER
  5
6ED
330
2
100
AcDbSymbolTableRecord
100
AcDbLayerTableRecord
  2
_43782
 70
     0
 62
     7
  6
CONTINUOUS
370
    -3
390
F
347
CA3
348
0
  0
LAYER
  5
6EE
330
2
100
AcDbSymbolTableRecord
100
AcDbLayerTableRecord
  2
_43789
 70
     0
 62
     7
  6
CONTINUOUS
370
    -3
390
F
347
CA3
348
0
  0
LAYER
  5
6EF
330
2
100
AcDbSymbolTableRecord
100
AcDbLayerTableRecord
  2
_43794
 70
     0
 62
     7
  6
CONTINUOUS
370
    -3
390
F
347
CA3
348
0
  0
LAYER
  5
6F0
330
2
100
AcDbSymbolTableRecord
100
AcDbLayerTableRecord
  2
_43799
 70
     0
 62
     7
  6
CONTINUOUS
370
    -3
390
F
347
CA3
348
0
  0
LAYER
  5
6F1
330
2
100
AcDbSymbolTableRecord
100
AcDbLayerTableRecord
  2
_43804
 70
     0
 62
     7
  6
CONTINUOUS
370
    -3
390
F
347
CA3
348
0
  0
LAYER
  5
6F2
330
2
100
AcDbSymbolTableRecord
100
AcDbLayerTableRecord
  2
_43809
 70
     0
 62
     7
  6
CONTINUOUS
370
    -3
390
F
347
CA3
348
0
  0
LAYER
  5
6F3
330
2
100
AcDbSymbolTableRecord
100
AcDbLayerTableRecord
  2
_43814
 70
     0
 62
     7
  6
CONTINUOUS
370
    -3
390
F
347
CA3
348
0
  0
LAYER
  5
6F4
330
2
100
AcDbSymbolTableRecord
100
AcDbLayerTableRecord
  2
_43819
 70
     0
 62
     7
  6
CONTINUOUS
370
    -3
390
F
347
CA3
348
0
  0
LAYER
  5
6F5
330
2
100
AcDbSymbolTableRecord
100
AcDbLayerTableRecord
  2
_43824
 70
     0
 62
     7
  6
CONTINUOUS
370
    -3
390
F
347
CA3
348
0
  0
LAYER
  5
6F6
330
2
100
AcDbSymbolTableRecord
100
AcDbLayerTableRecord
  2
_43829
 70
     0
 62
     7
  6
CONTINUOUS
370
    -3
390
F
347
CA3
348
0
  0
LAYER
  5
6F7
330
2
100
AcDbSymbolTableRecord
100
AcDbLayerTableRecord
  2
_43834
 70
     0
 62
     7
  6
CONTINUOUS
370
    -3
390
F
347
CA3
348
0
  0
LAYER
  5
6F8
330
2
100
AcDbSymbolTableRecord
100
AcDbLayerTableRecord
  2
_43837
 70
     0
 62
     7
  6
CONTINUOUS
370
    -3
390
F
347
CA3
348
0
  0
LAYER
  5
6F9
330
2
100
AcDbSymbolTableRecord
100
AcDbLayerTableRecord
  2
_43844
 70
     0
 62
     7
  6
CONTINUOUS
370
    -3
390
F
347
CA3
348
0
  0
LAYER
  5
6FA
330
2
100
AcDbSymbolTableRecord
100
AcDbLayerTableRecord
  2
_43849
 70
     0
 62
     7
  6
CONTINUOUS
370
    -3
390
F
347
CA3
348
0
  0
LAYER
  5
6FB
330
2
100
AcDbSymbolTableRecord
100
AcDbLayerTableRecord
  2
_43854
 70
     0
 62
     7
  6
CONTINUOUS
370
    -3
390
F
347
CA3
348
0
  0
LAYER
  5
6FC
330
2
100
AcDbSymbolTableRecord
100
AcDbLayerTableRecord
  2
_43859
 70
     0
 62
     7
  6
CONTINUOUS
370
    -3
390
F
347
CA3
348
0
  0
LAYER
  5
6FD
330
2
100
AcDbSymbolTableRecord
100
AcDbLayerTableRecord
  2
_43864
 70
     0
 62
     7
  6
CONTINUOUS
370
    -3
390
F
347
CA3
348
0
  0
LAYER
  5
6FE
330
2
100
AcDbSymbolTableRecord
100
AcDbLayerTableRecord
  2
_43869
 70
     0
 62
     7
  6
CONTINUOUS
370
    -3
390
F
347
CA3
348
0
  0
LAYER
  5
6FF
330
2
100
AcDbSymbolTableRecord
100
AcDbLayerTableRecord
  2
_43874
 70
     0
 62
     7
  6
CONTINUOUS
370
    -3
390
F
347
CA3
348
0
  0
LAYER
  5
700
330
2
100
AcDbSymbolTableRecord
100
AcDbLayerTableRecord
  2
_43879
 70
     0
 62
     7
  6
CONTINUOUS
370
    -3
390
F
347
CA3
348
0
  0
LAYER
  5
701
330
2
100
AcDbSymbolTableRecord
100
AcDbLayerTableRecord
  2
_43884
 70
     0
 62
     7
  6
CONTINUOUS
370
    -3
390
F
347
CA3
348
0
  0
LAYER
  5
702
330
2
100
AcDbSymbolTableRecord
100
AcDbLayerTableRecord
  2
_43889
 70
     0
 62
     7
  6
CONTINUOUS
370
    -3
390
F
347
CA3
348
0
  0
LAYER
  5
703
330
2
100
AcDbSymbolTableRecord
100
AcDbLayerTableRecord
  2
_43892
 70
     0
 62
     7
  6
CONTINUOUS
370
    -3
390
F
347
CA3
348
0
  0
LAYER
  5
704
330
2
100
AcDbSymbolTableRecord
100
AcDbLayerTableRecord
  2
_43899
 70
     0
 62
     7
  6
CONTINUOUS
370
    -3
390
F
347
CA3
348
0
  0
LAYER
  5
705
330
2
100
AcDbSymbolTableRecord
100
AcDbLayerTableRecord
  2
_43904
 70
     0
 62
     7
  6
CONTINUOUS
370
    -3
390
F
347
CA3
348
0
  0
LAYER
  5
706
330
2
100
AcDbSymbolTableRecord
100
AcDbLayerTableRecord
  2
_43909
 70
     0
 62
     7
  6
CONTINUOUS
370
    -3
390
F
347
CA3
348
0
  0
LAYER
  5
707
330
2
100
AcDbSymbolTableRecord
100
AcDbLayerTableRecord
  2
_43914
 70
     0
 62
     7
  6
CONTINUOUS
370
    -3
390
F
347
CA3
348
0
  0
LAYER
  5
708
330
2
100
AcDbSymbolTableRecord
100
AcDbLayerTableRecord
  2
_43919
 70
     0
 62
     7
  6
CONTINUOUS
370
    -3
390
F
347
CA3
348
0
  0
LAYER
  5
709
330
2
100
AcDbSymbolTableRecord
100
AcDbLayerTableRecord
  2
_43922
 70
     0
 62
     7
  6
CONTINUOUS
370
    -3
390
F
347
CA3
348
0
  0
LAYER
  5
70A
330
2
100
AcDbSymbolTableRecord
100
AcDbLayerTableRecord
  2
_43929
 70
     0
 62
     7
  6
CONTINUOUS
370
    -3
390
F
347
CA3
348
0
  0
LAYER
  5
70B
330
2
100
AcDbSymbolTableRecord
100
AcDbLayerTableRecord
  2
_43934
 70
     0
 62
     7
  6
CONTINUOUS
370
    -3
390
F
347
CA3
348
0
  0
LAYER
  5
70C
330
2
100
AcDbSymbolTableRecord
100
AcDbLayerTableRecord
  2
_43939
 70
     0
 62
     7
  6
CONTINUOUS
370
    -3
390
F
347
CA3
348
0
  0
LAYER
  5
70D
330
2
100
AcDbSymbolTableRecord
100
AcDbLayerTableRecord
  2
_43944
 70
     0
 62
     7
  6
CONTINUOUS
370
    -3
390
F
347
CA3
348
0
  0
LAYER
  5
70E
330
2
100
AcDbSymbolTableRecord
100
AcDbLayerTableRecord
  2
_43949
 70
     0
 62
     7
  6
CONTINUOUS
370
    -3
390
F
347
CA3
348
0
  0
LAYER
  5
70F
330
2
100
AcDbSymbolTableRecord
100
AcDbLayerTableRecord
  2
_43954
 70
     0
 62
     7
  6
CONTINUOUS
370
    -3
390
F
347
CA3
348
0
  0
LAYER
  5
710
330
2
100
AcDbSymbolTableRecord
100
AcDbLayerTableRecord
  2
_43959
 70
     0
 62
     7
  6
CONTINUOUS
370
    -3
390
F
347
CA3
348
0
  0
LAYER
  5
711
330
2
100
AcDbSymbolTableRecord
100
AcDbLayerTableRecord
  2
_43964
 70
     0
 62
     7
  6
CONTINUOUS
370
    -3
390
F
347
CA3
348
0
  0
LAYER
  5
712
330
2
100
AcDbSymbolTableRecord
100
AcDbLayerTableRecord
  2
_43969
 70
     0
 62
     7
  6
CONTINUOUS
370
    -3
390
F
347
CA3
348
0
  0
LAYER
  5
713
330
2
100
AcDbSymbolTableRecord
100
AcDbLayerTableRecord
  2
_43974
 70
     0
 62
     7
  6
CONTINUOUS
370
    -3
390
F
347
CA3
348
0
  0
LAYER
  5
714
330
2
100
AcDbSymbolTableRecord
100
AcDbLayerTableRecord
  2
_43977
 70
     0
 62
     7
  6
CONTINUOUS
370
    -3
390
F
347
CA3
348
0
  0
LAYER
  5
715
330
2
100
AcDbSymbolTableRecord
100
AcDbLayerTableRecord
  2
_43984
 70
     0
 62
     7
  6
CONTINUOUS
370
    -3
390
F
347
CA3
348
0
  0
LAYER
  5
716
330
2
100
AcDbSymbolTableRecord
100
AcDbLayerTableRecord
  2
_43989
 70
     0
 62
     7
  6
CONTINUOUS
370
    -3
390
F
347
CA3
348
0
  0
LAYER
  5
717
330
2
100
AcDbSymbolTableRecord
100
AcDbLayerTableRecord
  2
_43994
 70
     0
 62
     7
  6
CONTINUOUS
370
    -3
390
F
347
CA3
348
0
  0
LAYER
  5
718
330
2
100
AcDbSymbolTableRecord
100
AcDbLayerTableRecord
  2
_43999
 70
     0
 62
     7
  6
CONTINUOUS
370
    -3
390
F
347
CA3
348
0
  0
LAYER
  5
719
330
2
100
AcDbSymbolTableRecord
100
AcDbLayerTableRecord
  2
_44004
 70
     0
 62
     7
  6
CONTINUOUS
370
    -3
390
F
347
CA3
348
0
  0
LAYER
  5
71A
330
2
100
AcDbSymbolTableRecord
100
AcDbLayerTableRecord
  2
_44009
 70
     0
 62
     7
  6
CONTINUOUS
370
    -3
390
F
347
CA3
348
0
  0
LAYER
  5
71B
330
2
100
AcDbSymbolTableRecord
100
AcDbLayerTableRecord
  2
_44014
 70
     0
 62
     7
  6
CONTINUOUS
370
    -3
390
F
347
CA3
348
0
  0
LAYER
  5
71C
330
2
100
AcDbSymbolTableRecord
100
AcDbLayerTableRecord
  2
_44019
 70
     0
 62
     7
  6
CONTINUOUS
370
    -3
390
F
347
CA3
348
0
  0
LAYER
  5
71D
330
2
100
AcDbSymbolTableRecord
100
AcDbLayerTableRecord
  2
_44024
 70
     0
 62
     7
  6
CONTINUOUS
370
    -3
390
F
347
CA3
348
0
  0
LAYER
  5
71E
330
2
100
AcDbSymbolTableRecord
100
AcDbLayerTableRecord
  2
_44029
 70
     0
 62
     7
  6
CONTINUOUS
370
    -3
390
F
347
CA3
348
0
  0
LAYER
  5
71F
330
2
100
AcDbSymbolTableRecord
100
AcDbLayerTableRecord
  2
_44034
 70
     0
 62
     7
  6
CONTINUOUS
370
    -3
390
F
347
CA3
348
0
  0
LAYER
  5
720
330
2
100
AcDbSymbolTableRecord
100
AcDbLayerTableRecord
  2
_44039
 70
     0
 62
     7
  6
CONTINUOUS
370
    -3
390
F
347
CA3
348
0
  0
LAYER
  5
721
330
2
100
AcDbSymbolTableRecord
100
AcDbLayerTableRecord
  2
_44044
 70
     0
 62
     7
  6
CONTINUOUS
370
    -3
390
F
347
CA3
348
0
  0
LAYER
  5
722
330
2
100
AcDbSymbolTableRecord
100
AcDbLayerTableRecord
  2
_44049
 70
     0
 62
     7
  6
CONTINUOUS
370
    -3
390
F
347
CA3
348
0
  0
LAYER
  5
723
330
2
100
AcDbSymbolTableRecord
100
AcDbLayerTableRecord
  2
_44064
 70
     0
 62
     7
  6
CONTINUOUS
370
    -3
390
F
347
CA3
348
0
  0
LAYER
  5
724
330
2
100
AcDbSymbolTableRecord
100
AcDbLayerTableRecord
  2
_44069
 70
     0
 62
     7
  6
CONTINUOUS
370
    -3
390
F
347
CA3
348
0
  0
LAYER
  5
725
330
2
100
AcDbSymbolTableRecord
100
AcDbLayerTableRecord
  2
_44074
 70
     0
 62
     7
  6
CONTINUOUS
370
    -3
390
F
347
CA3
348
0
  0
LAYER
  5
726
330
2
100
AcDbSymbolTableRecord
100
AcDbLayerTableRecord
  2
_44079
 70
     0
 62
     7
  6
CONTINUOUS
370
    -3
390
F
347
CA3
348
0
  0
LAYER
  5
727
330
2
100
AcDbSymbolTableRecord
100
AcDbLayerTableRecord
  2
_44084
 70
     0
 62
     7
  6
CONTINUOUS
370
    -3
390
F
347
CA3
348
0
  0
LAYER
  5
728
330
2
100
AcDbSymbolTableRecord
100
AcDbLayerTableRecord
  2
_44089
 70
     0
 62
     7
  6
CONTINUOUS
370
    -3
390
F
347
CA3
348
0
  0
LAYER
  5
729
330
2
100
AcDbSymbolTableRecord
100
AcDbLayerTableRecord
  2
_44094
 70
     0
 62
     7
  6
CONTINUOUS
370
    -3
390
F
347
CA3
348
0
  0
LAYER
  5
72A
330
2
100
AcDbSymbolTableRecord
100
AcDbLayerTableRecord
  2
_44099
 70
     0
 62
     7
  6
CONTINUOUS
370
    -3
390
F
347
CA3
348
0
  0
LAYER
  5
72B
330
2
100
AcDbSymbolTableRecord
100
AcDbLayerTableRecord
  2
_44104
 70
     0
 62
     7
  6
CONTINUOUS
370
    -3
390
F
347
CA3
348
0
  0
LAYER
  5
72C
330
2
100
AcDbSymbolTableRecord
100
AcDbLayerTableRecord
  2
_44109
 70
     0
 62
     7
  6
CONTINUOUS
370
    -3
390
F
347
CA3
348
0
  0
LAYER
  5
72D
330
2
100
AcDbSymbolTableRecord
100
AcDbLayerTableRecord
  2
_44114
 70
     0
 62
     7
  6
CONTINUOUS
370
    -3
390
F
347
CA3
348
0
  0
LAYER
  5
72E
330
2
100
AcDbSymbolTableRecord
100
AcDbLayerTableRecord
  2
_44119
 70
     0
 62
     7
  6
CONTINUOUS
370
    -3
390
F
347
CA3
348
0
  0
LAYER
  5
72F
330
2
100
AcDbSymbolTableRecord
100
AcDbLayerTableRecord
  2
_44124
 70
     0
 62
     7
  6
CONTINUOUS
370
    -3
390
F
347
CA3
348
0
  0
LAYER
  5
730
330
2
100
AcDbSymbolTableRecord
100
AcDbLayerTableRecord
  2
_44129
 70
     0
 62
     7
  6
CONTINUOUS
370
    -3
390
F
347
CA3
348
0
  0
LAYER
  5
731
330
2
100
AcDbSymbolTableRecord
100
AcDbLayerTableRecord
  2
_44134
 70
     0
 62
     7
  6
CONTINUOUS
370
    -3
390
F
347
CA3
348
0
  0
LAYER
  5
732
330
2
100
AcDbSymbolTableRecord
100
AcDbLayerTableRecord
  2
_44139
 70
     0
 62
     7
  6
CONTINUOUS
370
    -3
390
F
347
CA3
348
0
  0
LAYER
  5
733
330
2
100
AcDbSymbolTableRecord
100
AcDbLayerTableRecord
  2
_44144
 70
     0
 62
     7
  6
CONTINUOUS
370
    -3
390
F
347
CA3
348
0
  0
LAYER
  5
734
330
2
100
AcDbSymbolTableRecord
100
AcDbLayerTableRecord
  2
_44149
 70
     0
 62
     7
  6
CONTINUOUS
370
    -3
390
F
347
CA3
348
0
  0
LAYER
  5
735
330
2
100
AcDbSymbolTableRecord
100
AcDbLayerTableRecord
  2
_44154
 70
     0
 62
     7
  6
CONTINUOUS
370
    -3
390
F
347
CA3
348
0
  0
LAYER
  5
736
330
2
100
AcDbSymbolTableRecord
100
AcDbLayerTableRecord
  2
_44157
 70
     0
 62
     7
  6
CONTINUOUS
370
    -3
390
F
347
CA3
348
0
  0
LAYER
  5
737
330
2
100
AcDbSymbolTableRecord
100
AcDbLayerTableRecord
  2
_44162
 70
     0
 62
     7
  6
CONTINUOUS
370
    -3
390
F
347
CA3
348
0
  0
LAYER
  5
738
330
2
100
AcDbSymbolTableRecord
100
AcDbLayerTableRecord
  2
_44167
 70
     0
 62
     7
  6
CONTINUOUS
370
    -3
390
F
347
CA3
348
0
  0
LAYER
  5
739
330
2
100
AcDbSymbolTableRecord
100
AcDbLayerTableRecord
  2
_44174
 70
     0
 62
     7
  6
CONTINUOUS
370
    -3
390
F
347
CA3
348
0
  0
LAYER
  5
73A
330
2
100
AcDbSymbolTableRecord
100
AcDbLayerTableRecord
  2
_55924
 70
     0
 62
     7
  6
CONTINUOUS
370
    -3
390
F
347
CA3
348
0
  0
LAYER
  5
73B
330
2
100
AcDbSymbolTableRecord
100
AcDbLayerTableRecord
  2
_55929
 70
     0
 62
     7
  6
CONTINUOUS
370
    -3
390
F
347
CA3
348
0
  0
LAYER
  5
73C
330
2
100
AcDbSymbolTableRecord
100
AcDbLayerTableRecord
  2
_55934
 70
     0
 62
     7
  6
CONTINUOUS
370
    -3
390
F
347
CA3
348
0
  0
LAYER
  5
73D
330
2
100
AcDbSymbolTableRecord
100
AcDbLayerTableRecord
  2
_55939
 70
     0
 62
     7
  6
CONTINUOUS
370
    -3
390
F
347
CA3
348
0
  0
LAYER
  5
73E
330
2
100
AcDbSymbolTableRecord
100
AcDbLayerTableRecord
  2
_55944
 70
     0
 62
     7
  6
CONTINUOUS
370
    -3
390
F
347
CA3
348
0
  0
LAYER
  5
73F
330
2
100
AcDbSymbolTableRecord
100
AcDbLayerTableRecord
  2
_55949
 70
     0
 62
     7
  6
CONTINUOUS
370
    -3
390
F
347
CA3
348
0
  0
LAYER
  5
740
330
2
100
AcDbSymbolTableRecord
100
AcDbLayerTableRecord
  2
_55954
 70
     0
 62
     7
  6
CONTINUOUS
370
    -3
390
F
347
CA3
348
0
  0
LAYER
  5
741
330
2
100
AcDbSymbolTableRecord
100
AcDbLayerTableRecord
  2
_55959
 70
     0
 62
     7
  6
CONTINUOUS
370
    -3
390
F
347
CA3
348
0
  0
LAYER
  5
742
330
2
100
AcDbSymbolTableRecord
100
AcDbLayerTableRecord
  2
_55964
 70
     0
 62
     7
  6
CONTINUOUS
370
    -3
390
F
347
CA3
348
0
  0
LAYER
  5
743
330
2
100
AcDbSymbolTableRecord
100
AcDbLayerTableRecord
  2
_55969
 70
     0
 62
     7
  6
CONTINUOUS
370
    -3
390
F
347
CA3
348
0
  0
LAYER
  5
744
330
2
100
AcDbSymbolTableRecord
100
AcDbLayerTableRecord
  2
_55974
 70
     0
 62
     7
  6
CONTINUOUS
370
    -3
390
F
347
CA3
348
0
  0
LAYER
  5
745
330
2
100
AcDbSymbolTableRecord
100
AcDbLayerTableRecord
  2
_55979
 70
     0
 62
     7
  6
CONTINUOUS
370
    -3
390
F
347
CA3
348
0
  0
LAYER
  5
746
330
2
100
AcDbSymbolTableRecord
100
AcDbLayerTableRecord
  2
_55984
 70
     0
 62
     7
  6
CONTINUOUS
370
    -3
390
F
347
CA3
348
0
  0
LAYER
  5
747
330
2
100
AcDbSymbolTableRecord
100
AcDbLayerTableRecord
  2
_55989
 70
     0
 62
     7
  6
CONTINUOUS
370
    -3
390
F
347
CA3
348
0
  0
LAYER
  5
748
330
2
100
AcDbSymbolTableRecord
100
AcDbLayerTableRecord
  2
_55994
 70
     0
 62
     7
  6
CONTINUOUS
370
    -3
390
F
347
CA3
348
0
  0
LAYER
  5
749
330
2
100
AcDbSymbolTableRecord
100
AcDbLayerTableRecord
  2
_55999
 70
     0
 62
     7
  6
CONTINUOUS
370
    -3
390
F
347
CA3
348
0
  0
LAYER
  5
74A
330
2
100
AcDbSymbolTableRecord
100
AcDbLayerTableRecord
  2
_56004
 70
     0
 62
     7
  6
CONTINUOUS
370
    -3
390
F
347
CA3
348
0
  0
LAYER
  5
74B
330
2
100
AcDbSymbolTableRecord
100
AcDbLayerTableRecord
  2
_56009
 70
     0
 62
     7
  6
CONTINUOUS
370
    -3
390
F
347
CA3
348
0
  0
LAYER
  5
74C
330
2
100
AcDbSymbolTableRecord
100
AcDbLayerTableRecord
  2
_56014
 70
     0
 62
     7
  6
CONTINUOUS
370
    -3
390
F
347
CA3
348
0
  0
LAYER
  5
74D
330
2
100
AcDbSymbolTableRecord
100
AcDbLayerTableRecord
  2
_56019
 70
     0
 62
     7
  6
CONTINUOUS
370
    -3
390
F
347
CA3
348
0
  0
LAYER
  5
74E
330
2
100
AcDbSymbolTableRecord
100
AcDbLayerTableRecord
  2
_56024
 70
     0
 62
     7
  6
CONTINUOUS
370
    -3
390
F
347
CA3
348
0
  0
LAYER
  5
74F
330
2
100
AcDbSymbolTableRecord
100
AcDbLayerTableRecord
  2
_56029
 70
     0
 62
     7
  6
CONTINUOUS
370
    -3
390
F
347
CA3
348
0
  0
LAYER
  5
750
330
2
100
AcDbSymbolTableRecord
100
AcDbLayerTableRecord
  2
_56034
 70
     0
 62
     7
  6
CONTINUOUS
370
    -3
390
F
347
CA3
348
0
  0
LAYER
  5
751
330
2
100
AcDbSymbolTableRecord
100
AcDbLayerTableRecord
  2
_56039
 70
     0
 62
     7
  6
CONTINUOUS
370
    -3
390
F
347
CA3
348
0
  0
LAYER
  5
752
330
2
100
AcDbSymbolTableRecord
100
AcDbLayerTableRecord
  2
_56044
 70
     0
 62
     7
  6
CONTINUOUS
370
    -3
390
F
347
CA3
348
0
  0
LAYER
  5
753
330
2
100
AcDbSymbolTableRecord
100
AcDbLayerTableRecord
  2
_56049
 70
     0
 62
     7
  6
CONTINUOUS
370
    -3
390
F
347
CA3
348
0
  0
LAYER
  5
754
330
2
100
AcDbSymbolTableRecord
100
AcDbLayerTableRecord
  2
_56054
 70
     0
 62
     7
  6
CONTINUOUS
370
    -3
390
F
347
CA3
348
0
  0
LAYER
  5
755
330
2
100
AcDbSymbolTableRecord
100
AcDbLayerTableRecord
  2
_56059
 70
     0
 62
     7
  6
CONTINUOUS
370
    -3
390
F
347
CA3
348
0
  0
LAYER
  5
756
330
2
100
AcDbSymbolTableRecord
100
AcDbLayerTableRecord
  2
_56064
 70
     0
 62
     7
  6
CONTINUOUS
370
    -3
390
F
347
CA3
348
0
  0
LAYER
  5
757
330
2
100
AcDbSymbolTableRecord
100
AcDbLayerTableRecord
  2
_56069
 70
     0
 62
     7
  6
CONTINUOUS
370
    -3
390
F
347
CA3
348
0
  0
LAYER
  5
758
330
2
100
AcDbSymbolTableRecord
100
AcDbLayerTableRecord
  2
_56074
 70
     0
 62
     7
  6
CONTINUOUS
370
    -3
390
F
347
CA3
348
0
  0
LAYER
  5
759
330
2
100
AcDbSymbolTableRecord
100
AcDbLayerTableRecord
  2
_56079
 70
     0
 62
     7
  6
CONTINUOUS
370
    -3
390
F
347
CA3
348
0
  0
LAYER
  5
75A
330
2
100
AcDbSymbolTableRecord
100
AcDbLayerTableRecord
  2
_56084
 70
     0
 62
     7
  6
CONTINUOUS
370
    -3
390
F
347
CA3
348
0
  0
LAYER
  5
75B
330
2
100
AcDbSymbolTableRecord
100
AcDbLayerTableRecord
  2
_56089
 70
     0
 62
     7
  6
CONTINUOUS
370
    -3
390
F
347
CA3
348
0
  0
LAYER
  5
75C
330
2
100
AcDbSymbolTableRecord
100
AcDbLayerTableRecord
  2
_56094
 70
     0
 62
     7
  6
CONTINUOUS
370
    -3
390
F
347
CA3
348
0
  0
LAYER
  5
75D
330
2
100
AcDbSymbolTableRecord
100
AcDbLayerTableRecord
  2
_56099
 70
     0
 62
     7
  6
CONTINUOUS
370
    -3
390
F
347
CA3
348
0
  0
LAYER
  5
75E
330
2
100
AcDbSymbolTableRecord
100
AcDbLayerTableRecord
  2
_56104
 70
     0
 62
     7
  6
CONTINUOUS
370
    -3
390
F
347
CA3
348
0
  0
LAYER
  5
75F
330
2
100
AcDbSymbolTableRecord
100
AcDbLayerTableRecord
  2
_56109
 70
     0
 62
     7
  6
CONTINUOUS
370
    -3
390
F
347
CA3
348
0
  0
LAYER
  5
760
330
2
100
AcDbSymbolTableRecord
100
AcDbLayerTableRecord
  2
_56114
 70
     0
 62
     7
  6
CONTINUOUS
370
    -3
390
F
347
CA3
348
0
  0
LAYER
  5
761
330
2
100
AcDbSymbolTableRecord
100
AcDbLayerTableRecord
  2
_56119
 70
     0
 62
     7
  6
CONTINUOUS
370
    -3
390
F
347
CA3
348
0
  0
LAYER
  5
762
330
2
100
AcDbSymbolTableRecord
100
AcDbLayerTableRecord
  2
_56124
 70
     0
 62
     7
  6
CONTINUOUS
370
    -3
390
F
347
CA3
348
0
  0
LAYER
  5
763
330
2
100
AcDbSymbolTableRecord
100
AcDbLayerTableRecord
  2
_56129
 70
     0
 62
     7
  6
CONTINUOUS
370
    -3
390
F
347
CA3
348
0
  0
LAYER
  5
764
330
2
100
AcDbSymbolTableRecord
100
AcDbLayerTableRecord
  2
_56134
 70
     0
 62
     7
  6
CONTINUOUS
370
    -3
390
F
347
CA3
348
0
  0
LAYER
  5
765
330
2
100
AcDbSymbolTableRecord
100
AcDbLayerTableRecord
  2
_56139
 70
     0
 62
     7
  6
CONTINUOUS
370
    -3
390
F
347
CA3
348
0
  0
LAYER
  5
766
330
2
100
AcDbSymbolTableRecord
100
AcDbLayerTableRecord
  2
_56144
 70
     0
 62
     7
  6
CONTINUOUS
370
    -3
390
F
347
CA3
348
0
  0
LAYER
  5
767
330
2
100
AcDbSymbolTableRecord
100
AcDbLayerTableRecord
  2
_56149
 70
     0
 62
     7
  6
CONTINUOUS
370
    -3
390
F
347
CA3
348
0
  0
LAYER
  5
768
330
2
100
AcDbSymbolTableRecord
100
AcDbLayerTableRecord
  2
_56154
 70
     0
 62
     7
  6
CONTINUOUS
370
    -3
390
F
347
CA3
348
0
  0
LAYER
  5
769
330
2
100
AcDbSymbolTableRecord
100
AcDbLayerTableRecord
  2
_56159
 70
     0
 62
     7
  6
CONTINUOUS
370
    -3
390
F
347
CA3
348
0
  0
LAYER
  5
76A
330
2
100
AcDbSymbolTableRecord
100
AcDbLayerTableRecord
  2
_56164
 70
     0
 62
     7
  6
CONTINUOUS
370
    -3
390
F
347
CA3
348
0
  0
LAYER
  5
76B
330
2
100
AcDbSymbolTableRecord
100
AcDbLayerTableRecord
  2
_56169
 70
     0
 62
     7
  6
CONTINUOUS
370
    -3
390
F
347
CA3
348
0
  0
LAYER
  5
76C
330
2
100
AcDbSymbolTableRecord
100
AcDbLayerTableRecord
  2
_56174
 70
     0
 62
     7
  6
CONTINUOUS
370
    -3
390
F
347
CA3
348
0
  0
LAYER
  5
76D
330
2
100
AcDbSymbolTableRecord
100
AcDbLayerTableRecord
  2
_56179
 70
     0
 62
     7
  6
CONTINUOUS
370
    -3
390
F
347
CA3
348
0
  0
LAYER
  5
76E
330
2
100
AcDbSymbolTableRecord
100
AcDbLayerTableRecord
  2
_56184
 70
     0
 62
     7
  6
CONTINUOUS
370
    -3
390
F
347
CA3
348
0
  0
LAYER
  5
76F
330
2
100
AcDbSymbolTableRecord
100
AcDbLayerTableRecord
  2
_56189
 70
     0
 62
     7
  6
CONTINUOUS
370
    -3
390
F
347
CA3
348
0
  0
LAYER
  5
770
330
2
100
AcDbSymbolTableRecord
100
AcDbLayerTableRecord
  2
_56194
 70
     0
 62
     7
  6
CONTINUOUS
370
    -3
390
F
347
CA3
348
0
  0
LAYER
  5
771
330
2
100
AcDbSymbolTableRecord
100
AcDbLayerTableRecord
  2
_56199
 70
     0
 62
     7
  6
CONTINUOUS
370
    -3
390
F
347
CA3
348
0
  0
LAYER
  5
772
330
2
100
AcDbSymbolTableRecord
100
AcDbLayerTableRecord
  2
_56204
 70
     0
 62
     7
  6
CONTINUOUS
370
    -3
390
F
347
CA3
348
0
  0
LAYER
  5
773
330
2
100
AcDbSymbolTableRecord
100
AcDbLayerTableRecord
  2
_56209
 70
     0
 62
     7
  6
CONTINUOUS
370
    -3
390
F
347
CA3
348
0
  0
LAYER
  5
774
330
2
100
AcDbSymbolTableRecord
100
AcDbLayerTableRecord
  2
_56214
 70
     0
 62
     7
  6
CONTINUOUS
370
    -3
390
F
347
CA3
348
0
  0
LAYER
  5
775
330
2
100
AcDbSymbolTableRecord
100
AcDbLayerTableRecord
  2
_56219
 70
     0
 62
     7
  6
CONTINUOUS
370
    -3
390
F
347
CA3
348
0
  0
LAYER
  5
776
330
2
100
AcDbSymbolTableRecord
100
AcDbLayerTableRecord
  2
_56224
 70
     0
 62
     7
  6
CONTINUOUS
370
    -3
390
F
347
CA3
348
0
  0
LAYER
  5
777
330
2
100
AcDbSymbolTableRecord
100
AcDbLayerTableRecord
  2
_56229
 70
     0
 62
     7
  6
CONTINUOUS
370
    -3
390
F
347
CA3
348
0
  0
LAYER
  5
778
330
2
100
AcDbSymbolTableRecord
100
AcDbLayerTableRecord
  2
_56234
 70
     0
 62
     7
  6
CONTINUOUS
370
    -3
390
F
347
CA3
348
0
  0
LAYER
  5
779
330
2
100
AcDbSymbolTableRecord
100
AcDbLayerTableRecord
  2
_56239
 70
     0
 62
     7
  6
CONTINUOUS
370
    -3
390
F
347
CA3
348
0
  0
LAYER
  5
77A
330
2
100
AcDbSymbolTableRecord
100
AcDbLayerTableRecord
  2
_56244
 70
     0
 62
     7
  6
CONTINUOUS
370
    -3
390
F
347
CA3
348
0
  0
LAYER
  5
77B
330
2
100
AcDbSymbolTableRecord
100
AcDbLayerTableRecord
  2
_56249
 70
     0
 62
     7
  6
CONTINUOUS
370
    -3
390
F
347
CA3
348
0
  0
LAYER
  5
77C
330
2
100
AcDbSymbolTableRecord
100
AcDbLayerTableRecord
  2
_56254
 70
     0
 62
     7
  6
CONTINUOUS
370
    -3
390
F
347
CA3
348
0
  0
LAYER
  5
77D
330
2
100
AcDbSymbolTableRecord
100
AcDbLayerTableRecord
  2
_56259
 70
     0
 62
     7
  6
CONTINUOUS
370
    -3
390
F
347
CA3
348
0
  0
LAYER
  5
77E
330
2
100
AcDbSymbolTableRecord
100
AcDbLayerTableRecord
  2
_56264
 70
     0
 62
     7
  6
CONTINUOUS
370
    -3
390
F
347
CA3
348
0
  0
LAYER
  5
77F
330
2
100
AcDbSymbolTableRecord
100
AcDbLayerTableRecord
  2
_56269
 70
     0
 62
     7
  6
CONTINUOUS
370
    -3
390
F
347
CA3
348
0
  0
LAYER
  5
780
330
2
100
AcDbSymbolTableRecord
100
AcDbLayerTableRecord
  2
_56274
 70
     0
 62
     7
  6
CONTINUOUS
370
    -3
390
F
347
CA3
348
0
  0
LAYER
  5
781
330
2
100
AcDbSymbolTableRecord
100
AcDbLayerTableRecord
  2
_56279
 70
     0
 62
     7
  6
CONTINUOUS
370
    -3
390
F
347
CA3
348
0
  0
LAYER
  5
782
330
2
100
AcDbSymbolTableRecord
100
AcDbLayerTableRecord
  2
_56284
 70
     0
 62
     7
  6
CONTINUOUS
370
    -3
390
F
347
CA3
348
0
  0
LAYER
  5
783
330
2
100
AcDbSymbolTableRecord
100
AcDbLayerTableRecord
  2
_56289
 70
     0
 62
     7
  6
CONTINUOUS
370
    -3
390
F
347
CA3
348
0
  0
LAYER
  5
784
330
2
100
AcDbSymbolTableRecord
100
AcDbLayerTableRecord
  2
_56294
 70
     0
 62
     7
  6
CONTINUOUS
370
    -3
390
F
347
CA3
348
0
  0
LAYER
  5
785
330
2
100
AcDbSymbolTableRecord
100
AcDbLayerTableRecord
  2
_56299
 70
     0
 62
     7
  6
CONTINUOUS
370
    -3
390
F
347
CA3
348
0
  0
LAYER
  5
786
330
2
100
AcDbSymbolTableRecord
100
AcDbLayerTableRecord
  2
_56304
 70
     0
 62
     7
  6
CONTINUOUS
370
    -3
390
F
347
CA3
348
0
  0
LAYER
  5
787
330
2
100
AcDbSymbolTableRecord
100
AcDbLayerTableRecord
  2
_56308
 70
     0
 62
     7
  6
CONTINUOUS
370
    -3
390
F
347
CA3
348
0
  0
LAYER
  5
788
330
2
100
AcDbSymbolTableRecord
100
AcDbLayerTableRecord
  2
_56313
 70
     0
 62
     7
  6
CONTINUOUS
370
    -3
390
F
347
CA3
348
0
  0
LAYER
  5
789
330
2
100
AcDbSymbolTableRecord
100
AcDbLayerTableRecord
  2
_56317
 70
     0
 62
     7
  6
CONTINUOUS
370
    -3
390
F
347
CA3
348
0
  0
LAYER
  5
78A
330
2
100
AcDbSymbolTableRecord
100
AcDbLayerTableRecord
  2
_56321
 70
     0
 62
     7
  6
CONTINUOUS
370
    -3
390
F
347
CA3
348
0
  0
LAYER
  5
78B
330
2
100
AcDbSymbolTableRecord
100
AcDbLayerTableRecord
  2
_58907
 70
     0
 62
     7
  6
CONTINUOUS
370
    -3
390
F
347
CA3
348
0
  0
LAYER
  5
78C
330
2
100
AcDbSymbolTableRecord
100
AcDbLayerTableRecord
  2
_58914
 70
     0
 62
     7
  6
CONTINUOUS
370
    -3
390
F
347
CA3
348
0
  0
LAYER
  5
78D
330
2
100
AcDbSymbolTableRecord
100
AcDbLayerTableRecord
  2
_58917
 70
     0
 62
     7
  6
CONTINUOUS
370
    -3
390
F
347
CA3
348
0
  0
LAYER
  5
78E
330
2
100
AcDbSymbolTableRecord
100
AcDbLayerTableRecord
  2
_58924
 70
     0
 62
     7
  6
CONTINUOUS
370
    -3
390
F
347
CA3
348
0
  0
LAYER
  5
78F
330
2
100
AcDbSymbolTableRecord
100
AcDbLayerTableRecord
  2
_58929
 70
     0
 62
     7
  6
CONTINUOUS
370
    -3
390
F
347
CA3
348
0
  0
LAYER
  5
790
330
2
100
AcDbSymbolTableRecord
100
AcDbLayerTableRecord
  2
_58934
 70
     0
 62
     7
  6
CONTINUOUS
370
    -3
390
F
347
CA3
348
0
  0
LAYER
  5
791
330
2
100
AcDbSymbolTableRecord
100
AcDbLayerTableRecord
  2
_58939
 70
     0
 62
     7
  6
CONTINUOUS
370
    -3
390
F
347
CA3
348
0
  0
LAYER
  5
792
330
2
100
AcDbSymbolTableRecord
100
AcDbLayerTableRecord
  2
_58944
 70
     0
 62
     7
  6
CONTINUOUS
370
    -3
390
F
347
CA3
348
0
  0
LAYER
  5
793
330
2
100
AcDbSymbolTableRecord
100
AcDbLayerTableRecord
  2
_58947
 70
     0
 62
     7
  6
CONTINUOUS
370
    -3
390
F
347
CA3
348
0
  0
LAYER
  5
794
330
2
100
AcDbSymbolTableRecord
100
AcDbLayerTableRecord
  2
_58952
 70
     0
 62
     7
  6
CONTINUOUS
370
    -3
390
F
347
CA3
348
0
  0
LAYER
  5
795
330
2
100
AcDbSymbolTableRecord
100
AcDbLayerTableRecord
  2
_58959
 70
     0
 62
     7
  6
CONTINUOUS
370
    -3
390
F
347
CA3
348
0
  0
LAYER
  5
796
330
2
100
AcDbSymbolTableRecord
100
AcDbLayerTableRecord
  2
_58964
 70
     0
 62
     7
  6
CONTINUOUS
370
    -3
390
F
347
CA3
348
0
  0
LAYER
  5
797
330
2
100
AcDbSymbolTableRecord
100
AcDbLayerTableRecord
  2
_58967
 70
     0
 62
     7
  6
CONTINUOUS
370
    -3
390
F
347
CA3
348
0
  0
LAYER
  5
798
330
2
100
AcDbSymbolTableRecord
100
AcDbLayerTableRecord
  2
_58974
 70
     0
 62
     7
  6
CONTINUOUS
370
    -3
390
F
347
CA3
348
0
  0
LAYER
  5
799
330
2
100
AcDbSymbolTableRecord
100
AcDbLayerTableRecord
  2
_58977
 70
     0
 62
     7
  6
CONTINUOUS
370
    -3
390
F
347
CA3
348
0
  0
LAYER
  5
79A
330
2
100
AcDbSymbolTableRecord
100
AcDbLayerTableRecord
  2
_58982
 70
     0
 62
     7
  6
CONTINUOUS
370
    -3
390
F
347
CA3
348
0
  0
LAYER
  5
79B
330
2
100
AcDbSymbolTableRecord
100
AcDbLayerTableRecord
  2
_58988
 70
     0
 62
     7
  6
CONTINUOUS
370
    -3
390
F
347
CA3
348
0
  0
LAYER
  5
79C
330
2
100
AcDbSymbolTableRecord
100
AcDbLayerTableRecord
  2
_58993
 70
     0
 62
     7
  6
CONTINUOUS
370
    -3
390
F
347
CA3
348
0
  0
LAYER
  5
79D
330
2
100
AcDbSymbolTableRecord
100
AcDbLayerTableRecord
  2
_58998
 70
     0
 62
     7
  6
CONTINUOUS
370
    -3
390
F
347
CA3
348
0
  0
LAYER
  5
79E
330
2
100
AcDbSymbolTableRecord
100
AcDbLayerTableRecord
  2
_59001
 70
     0
 62
     7
  6
CONTINUOUS
370
    -3
390
F
347
CA3
348
0
  0
LAYER
  5
79F
330
2
100
AcDbSymbolTableRecord
100
AcDbLayerTableRecord
  2
_59007
 70
     0
 62
     7
  6
CONTINUOUS
370
    -3
390
F
347
CA3
348
0
  0
LAYER
  5
7A0
330
2
100
AcDbSymbolTableRecord
100
AcDbLayerTableRecord
  2
_59010
 70
     0
 62
     7
  6
CONTINUOUS
370
    -3
390
F
347
CA3
348
0
  0
LAYER
  5
7A1
330
2
100
AcDbSymbolTableRecord
100
AcDbLayerTableRecord
  2
_59017
 70
     0
 62
     7
  6
CONTINUOUS
370
    -3
390
F
347
CA3
348
0
  0
LAYER
  5
7A2
330
2
100
AcDbSymbolTableRecord
100
AcDbLayerTableRecord
  2
_59025
 70
     0
 62
     7
  6
CONTINUOUS
370
    -3
390
F
347
CA3
348
0
  0
LAYER
  5
7A3
330
2
100
AcDbSymbolTableRecord
100
AcDbLayerTableRecord
  2
_59031
 70
     0
 62
     7
  6
CONTINUOUS
370
    -3
390
F
347
CA3
348
0
  0
LAYER
  5
7A4
330
2
100
AcDbSymbolTableRecord
100
AcDbLayerTableRecord
  2
_59034
 70
     0
 62
     7
  6
CONTINUOUS
370
    -3
390
F
347
CA3
348
0
  0
LAYER
  5
7A5
330
2
100
AcDbSymbolTableRecord
100
AcDbLayerTableRecord
  2
_59041
 70
     0
 62
     7
  6
CONTINUOUS
370
    -3
390
F
347
CA3
348
0
  0
LAYER
  5
7A6
330
2
100
AcDbSymbolTableRecord
100
AcDbLayerTableRecord
  2
_59044
 70
     0
 62
     7
  6
CONTINUOUS
370
    -3
390
F
347
CA3
348
0
  0
LAYER
  5
7A7
330
2
100
AcDbSymbolTableRecord
100
AcDbLayerTableRecord
  2
_59050
 70
     0
 62
     7
  6
CONTINUOUS
370
    -3
390
F
347
CA3
348
0
  0
LAYER
  5
7A8
330
2
100
AcDbSymbolTableRecord
100
AcDbLayerTableRecord
  2
_59053
 70
     0
 62
     7
  6
CONTINUOUS
370
    -3
390
F
347
CA3
348
0
  0
LAYER
  5
7A9
330
2
100
AcDbSymbolTableRecord
100
AcDbLayerTableRecord
  2
_59060
 70
     0
 62
     7
  6
CONTINUOUS
370
    -3
390
F
347
CA3
348
0
  0
LAYER
  5
7AA
330
2
100
AcDbSymbolTableRecord
100
AcDbLayerTableRecord
  2
_59063
 70
     0
 62
     7
  6
CONTINUOUS
370
    -3
390
F
347
CA3
348
0
  0
LAYER
  5
7AB
330
2
100
AcDbSymbolTableRecord
100
AcDbLayerTableRecord
  2
_59070
 70
     0
 62
     7
  6
CONTINUOUS
370
    -3
390
F
347
CA3
348
0
  0
LAYER
  5
7AC
330
2
100
AcDbSymbolTableRecord
100
AcDbLayerTableRecord
  2
_59073
 70
     0
 62
     7
  6
CONTINUOUS
370
    -3
390
F
347
CA3
348
0
  0
LAYER
  5
7AD
330
2
100
AcDbSymbolTableRecord
100
AcDbLayerTableRecord
  2
_59080
 70
     0
 62
     7
  6
CONTINUOUS
370
    -3
390
F
347
CA3
348
0
  0
LAYER
  5
7AE
330
2
100
AcDbSymbolTableRecord
100
AcDbLayerTableRecord
  2
_59083
 70
     0
 62
     7
  6
CONTINUOUS
370
    -3
390
F
347
CA3
348
0
  0
LAYER
  5
7AF
330
2
100
AcDbSymbolTableRecord
100
AcDbLayerTableRecord
  2
_59088
 70
     0
 62
     7
  6
CONTINUOUS
370
    -3
390
F
347
CA3
348
0
  0
LAYER
  5
7B0
330
2
100
AcDbSymbolTableRecord
100
AcDbLayerTableRecord
  2
_59093
 70
     0
 62
     7
  6
CONTINUOUS
370
    -3
390
F
347
CA3
348
0
  0
LAYER
  5
7B1
330
2
100
AcDbSymbolTableRecord
100
AcDbLayerTableRecord
  2
_59100
 70
     0
 62
     7
  6
CONTINUOUS
370
    -3
390
F
347
CA3
348
0
  0
LAYER
  5
7B2
330
2
100
AcDbSymbolTableRecord
100
AcDbLayerTableRecord
  2
_59103
 70
     0
 62
     7
  6
CONTINUOUS
370
    -3
390
F
347
CA3
348
0
  0
LAYER
  5
7B3
330
2
100
AcDbSymbolTableRecord
100
AcDbLayerTableRecord
  2
_59110
 70
     0
 62
     7
  6
CONTINUOUS
370
    -3
390
F
347
CA3
348
0
  0
LAYER
  5
7B4
330
2
100
AcDbSymbolTableRecord
100
AcDbLayerTableRecord
  2
_59113
 70
     0
 62
     7
  6
CONTINUOUS
370
    -3
390
F
347
CA3
348
0
  0
LAYER
  5
7B5
330
2
100
AcDbSymbolTableRecord
100
AcDbLayerTableRecord
  2
_59120
 70
     0
 62
     7
  6
CONTINUOUS
370
    -3
390
F
347
CA3
348
0
  0
LAYER
  5
7B6
330
2
100
AcDbSymbolTableRecord
100
AcDbLayerTableRecord
  2
_59123
 70
     0
 62
     7
  6
CONTINUOUS
370
    -3
390
F
347
CA3
348
0
  0
LAYER
  5
7B7
330
2
100
AcDbSymbolTableRecord
100
AcDbLayerTableRecord
  2
_59128
 70
     0
 62
     7
  6
CONTINUOUS
370
    -3
390
F
347
CA3
348
0
  0
LAYER
  5
7B8
330
2
100
AcDbSymbolTableRecord
100
AcDbLayerTableRecord
  2
_59135
 70
     0
 62
     7
  6
CONTINUOUS
370
    -3
390
F
347
CA3
348
0
  0
LAYER
  5
7B9
330
2
100
AcDbSymbolTableRecord
100
AcDbLayerTableRecord
  2
_59140
 70
     0
 62
     7
  6
CONTINUOUS
370
    -3
390
F
347
CA3
348
0
  0
LAYER
  5
7BA
330
2
100
AcDbSymbolTableRecord
100
AcDbLayerTableRecord
  2
_59143
 70
     0
 62
     7
  6
CONTINUOUS
370
    -3
390
F
347
CA3
348
0
  0
LAYER
  5
7BB
330
2
100
AcDbSymbolTableRecord
100
AcDbLayerTableRecord
  2
_59152
 70
     0
 62
     7
  6
CONTINUOUS
370
    -3
390
F
347
CA3
348
0
  0
LAYER
  5
7BC
330
2
100
AcDbSymbolTableRecord
100
AcDbLayerTableRecord
  2
_59159
 70
     0
 62
     7
  6
CONTINUOUS
370
    -3
390
F
347
CA3
348
0
  0
LAYER
  5
7BD
330
2
100
AcDbSymbolTableRecord
100
AcDbLayerTableRecord
  2
_59164
 70
     0
 62
     7
  6
CONTINUOUS
370
    -3
390
F
347
CA3
348
0
  0
LAYER
  5
7BE
330
2
100
AcDbSymbolTableRecord
100
AcDbLayerTableRecord
  2
_59169
 70
     0
 62
     7
  6
CONTINUOUS
370
    -3
390
F
347
CA3
348
0
  0
LAYER
  5
7BF
330
2
100
AcDbSymbolTableRecord
100
AcDbLayerTableRecord
  2
_59174
 70
     0
 62
     7
  6
CONTINUOUS
370
    -3
390
F
347
CA3
348
0
  0
LAYER
  5
7C0
330
2
100
AcDbSymbolTableRecord
100
AcDbLayerTableRecord
  2
_59179
 70
     0
 62
     7
  6
CONTINUOUS
370
    -3
390
F
347
CA3
348
0
  0
LAYER
  5
7C1
330
2
100
AcDbSymbolTableRecord
100
AcDbLayerTableRecord
  2
_59184
 70
     0
 62
     7
  6
CONTINUOUS
370
    -3
390
F
347
CA3
348
0
  0
LAYER
  5
7C2
330
2
100
AcDbSymbolTableRecord
100
AcDbLayerTableRecord
  2
_59189
 70
     0
 62
     7
  6
CONTINUOUS
370
    -3
390
F
347
CA3
348
0
  0
LAYER
  5
7C3
330
2
100
AcDbSymbolTableRecord
100
AcDbLayerTableRecord
  2
_59192
 70
     0
 62
     7
  6
CONTINUOUS
370
    -3
390
F
347
CA3
348
0
  0
LAYER
  5
7C4
330
2
100
AcDbSymbolTableRecord
100
AcDbLayerTableRecord
  2
_59199
 70
     0
 62
     7
  6
CONTINUOUS
370
    -3
390
F
347
CA3
348
0
  0
LAYER
  5
7C5
330
2
100
AcDbSymbolTableRecord
100
AcDbLayerTableRecord
  2
_59204
 70
     0
 62
     7
  6
CONTINUOUS
370
    -3
390
F
347
CA3
348
0
  0
LAYER
  5
7C6
330
2
100
AcDbSymbolTableRecord
100
AcDbLayerTableRecord
  2
_59209
 70
     0
 62
     7
  6
CONTINUOUS
370
    -3
390
F
347
CA3
348
0
  0
LAYER
  5
7C7
330
2
100
AcDbSymbolTableRecord
100
AcDbLayerTableRecord
  2
_59214
 70
     0
 62
     7
  6
CONTINUOUS
370
    -3
390
F
347
CA3
348
0
  0
LAYER
  5
7C8
330
2
100
AcDbSymbolTableRecord
100
AcDbLayerTableRecord
  2
_59219
 70
     0
 62
     7
  6
CONTINUOUS
370
    -3
390
F
347
CA3
348
0
  0
LAYER
  5
7C9
330
2
100
AcDbSymbolTableRecord
100
AcDbLayerTableRecord
  2
_59222
 70
     0
 62
     7
  6
CONTINUOUS
370
    -3
390
F
347
CA3
348
0
  0
LAYER
  5
7CA
330
2
100
AcDbSymbolTableRecord
100
AcDbLayerTableRecord
  2
_59229
 70
     0
 62
     7
  6
CONTINUOUS
370
    -3
390
F
347
CA3
348
0
  0
LAYER
  5
7CB
330
2
100
AcDbSymbolTableRecord
100
AcDbLayerTableRecord
  2
_59234
 70
     0
 62
     7
  6
CONTINUOUS
370
    -3
390
F
347
CA3
348
0
  0
LAYER
  5
7CC
330
2
100
AcDbSymbolTableRecord
100
AcDbLayerTableRecord
  2
_59239
 70
     0
 62
     7
  6
CONTINUOUS
370
    -3
390
F
347
CA3
348
0
  0
LAYER
  5
7CD
330
2
100
AcDbSymbolTableRecord
100
AcDbLayerTableRecord
  2
_59242
 70
     0
 62
     7
  6
CONTINUOUS
370
    -3
390
F
347
CA3
348
0
  0
LAYER
  5
7CE
330
2
100
AcDbSymbolTableRecord
100
AcDbLayerTableRecord
  2
_59249
 70
     0
 62
     7
  6
CONTINUOUS
370
    -3
390
F
347
CA3
348
0
  0
LAYER
  5
7CF
330
2
100
AcDbSymbolTableRecord
100
AcDbLayerTableRecord
  2
_59252
 70
     0
 62
     7
  6
CONTINUOUS
370
    -3
390
F
347
CA3
348
0
  0
LAYER
  5
7D0
330
2
100
AcDbSymbolTableRecord
100
AcDbLayerTableRecord
  2
_59259
 70
     0
 62
     7
  6
CONTINUOUS
370
    -3
390
F
347
CA3
348
0
  0
LAYER
  5
7D1
330
2
100
AcDbSymbolTableRecord
100
AcDbLayerTableRecord
  2
_59262
 70
     0
 62
     7
  6
CONTINUOUS
370
    -3
390
F
347
CA3
348
0
  0
LAYER
  5
7D2
330
2
100
AcDbSymbolTableRecord
100
AcDbLayerTableRecord
  2
_59269
 70
     0
 62
     7
  6
CONTINUOUS
370
    -3
390
F
347
CA3
348
0
  0
LAYER
  5
7D3
330
2
100
AcDbSymbolTableRecord
100
AcDbLayerTableRecord
  2
_59272
 70
     0
 62
     7
  6
CONTINUOUS
370
    -3
390
F
347
CA3
348
0
  0
LAYER
  5
7D4
330
2
100
AcDbSymbolTableRecord
100
AcDbLayerTableRecord
  2
_59277
 70
     0
 62
     7
  6
CONTINUOUS
370
    -3
390
F
347
CA3
348
0
  0
LAYER
  5
7D5
330
2
100
AcDbSymbolTableRecord
100
AcDbLayerTableRecord
  2
_59282
 70
     0
 62
     7
  6
CONTINUOUS
370
    -3
390
F
347
CA3
348
0
  0
LAYER
  5
7D6
330
2
100
AcDbSymbolTableRecord
100
AcDbLayerTableRecord
  2
_59289
 70
     0
 62
     7
  6
CONTINUOUS
370
    -3
390
F
347
CA3
348
0
  0
LAYER
  5
7D7
330
2
100
AcDbSymbolTableRecord
100
AcDbLayerTableRecord
  2
_59292
 70
     0
 62
     7
  6
CONTINUOUS
370
    -3
390
F
347
CA3
348
0
  0
LAYER
  5
7D8
330
2
100
AcDbSymbolTableRecord
100
AcDbLayerTableRecord
  2
_59299
 70
     0
 62
     7
  6
CONTINUOUS
370
    -3
390
F
347
CA3
348
0
  0
LAYER
  5
7D9
330
2
100
AcDbSymbolTableRecord
100
AcDbLayerTableRecord
  2
_59302
 70
     0
 62
     7
  6
CONTINUOUS
370
    -3
390
F
347
CA3
348
0
  0
LAYER
  5
7DA
330
2
100
AcDbSymbolTableRecord
100
AcDbLayerTableRecord
  2
_59309
 70
     0
 62
     7
  6
CONTINUOUS
370
    -3
390
F
347
CA3
348
0
  0
LAYER
  5
7DB
330
2
100
AcDbSymbolTableRecord
100
AcDbLayerTableRecord
  2
_59312
 70
     0
 62
     7
  6
CONTINUOUS
370
    -3
390
F
347
CA3
348
0
  0
LAYER
  5
7DC
330
2
100
AcDbSymbolTableRecord
100
AcDbLayerTableRecord
  2
_59317
 70
     0
 62
     7
  6
CONTINUOUS
370
    -3
390
F
347
CA3
348
0
  0
LAYER
  5
7DD
330
2
100
AcDbSymbolTableRecord
100
AcDbLayerTableRecord
  2
_59322
 70
     0
 62
     7
  6
CONTINUOUS
370
    -3
390
F
347
CA3
348
0
  0
LAYER
  5
7DE
330
2
100
AcDbSymbolTableRecord
100
AcDbLayerTableRecord
  2
_59329
 70
     0
 62
     7
  6
CONTINUOUS
370
    -3
390
F
347
CA3
348
0
  0
LAYER
  5
7DF
330
2
100
AcDbSymbolTableRecord
100
AcDbLayerTableRecord
  2
_59334
 70
     0
 62
     7
  6
CONTINUOUS
370
    -3
390
F
347
CA3
348
0
  0
LAYER
  5
7E0
330
2
100
AcDbSymbolTableRecord
100
AcDbLayerTableRecord
  2
_59338
 70
     0
 62
     7
  6
CONTINUOUS
370
    -3
390
F
347
CA3
348
0
  0
LAYER
  5
7E1
330
2
100
AcDbSymbolTableRecord
100
AcDbLayerTableRecord
  2
_59341
 70
     0
 62
     7
  6
CONTINUOUS
370
    -3
390
F
347
CA3
348
0
  0
LAYER
  5
7E2
330
2
100
AcDbSymbolTableRecord
100
AcDbLayerTableRecord
  2
_59348
 70
     0
 62
     7
  6
CONTINUOUS
370
    -3
390
F
347
CA3
348
0
  0
LAYER
  5
7E3
330
2
100
AcDbSymbolTableRecord
100
AcDbLayerTableRecord
  2
_59351
 70
     0
 62
     7
  6
CONTINUOUS
370
    -3
390
F
347
CA3
348
0
  0
LAYER
  5
7E4
330
2
100
AcDbSymbolTableRecord
100
AcDbLayerTableRecord
  2
_59358
 70
     0
 62
     7
  6
CONTINUOUS
370
    -3
390
F
347
CA3
348
0
  0
LAYER
  5
7E5
330
2
100
AcDbSymbolTableRecord
100
AcDbLayerTableRecord
  2
_59363
 70
     0
 62
     7
  6
CONTINUOUS
370
    -3
390
F
347
CA3
348
0
  0
LAYER
  5
7E6
330
2
100
AcDbSymbolTableRecord
100
AcDbLayerTableRecord
  2
_59368
 70
     0
 62
     7
  6
CONTINUOUS
370
    -3
390
F
347
CA3
348
0
  0
LAYER
  5
7E7
330
2
100
AcDbSymbolTableRecord
100
AcDbLayerTableRecord
  2
_59373
 70
     0
 62
     7
  6
CONTINUOUS
370
    -3
390
F
347
CA3
348
0
  0
LAYER
  5
7E8
330
2
100
AcDbSymbolTableRecord
100
AcDbLayerTableRecord
  2
_59378
 70
     0
 62
     7
  6
CONTINUOUS
370
    -3
390
F
347
CA3
348
0
  0
LAYER
  5
7E9
330
2
100
AcDbSymbolTableRecord
100
AcDbLayerTableRecord
  2
_59383
 70
     0
 62
     7
  6
CONTINUOUS
370
    -3
390
F
347
CA3
348
0
  0
LAYER
  5
7EA
330
2
100
AcDbSymbolTableRecord
100
AcDbLayerTableRecord
  2
_59386
 70
     0
 62
     7
  6
CONTINUOUS
370
    -3
390
F
347
CA3
348
0
  0
LAYER
  5
7EB
330
2
100
AcDbSymbolTableRecord
100
AcDbLayerTableRecord
  2
_59393
 70
     0
 62
     7
  6
CONTINUOUS
370
    -3
390
F
347
CA3
348
0
  0
LAYER
  5
7EC
330
2
100
AcDbSymbolTableRecord
100
AcDbLayerTableRecord
  2
_59396
 70
     0
 62
     7
  6
CONTINUOUS
370
    -3
390
F
347
CA3
348
0
  0
LAYER
  5
7ED
330
2
100
AcDbSymbolTableRecord
100
AcDbLayerTableRecord
  2
_59403
 70
     0
 62
     7
  6
CONTINUOUS
370
    -3
390
F
347
CA3
348
0
  0
LAYER
  5
7EE
330
2
100
AcDbSymbolTableRecord
100
AcDbLayerTableRecord
  2
_59408
 70
     0
 62
     7
  6
CONTINUOUS
370
    -3
390
F
347
CA3
348
0
  0
LAYER
  5
7EF
330
2
100
AcDbSymbolTableRecord
100
AcDbLayerTableRecord
  2
_59411
 70
     0
 62
     7
  6
CONTINUOUS
370
    -3
390
F
347
CA3
348
0
  0
LAYER
  5
7F0
330
2
100
AcDbSymbolTableRecord
100
AcDbLayerTableRecord
  2
_59418
 70
     0
 62
     7
  6
CONTINUOUS
370
    -3
390
F
347
CA3
348
0
  0
LAYER
  5
7F1
330
2
100
AcDbSymbolTableRecord
100
AcDbLayerTableRecord
  2
_59423
 70
     0
 62
     7
  6
CONTINUOUS
370
    -3
390
F
347
CA3
348
0
  0
LAYER
  5
7F2
330
2
100
AcDbSymbolTableRecord
100
AcDbLayerTableRecord
  2
_59426
 70
     0
 62
     7
  6
CONTINUOUS
370
    -3
390
F
347
CA3
348
0
  0
LAYER
  5
7F3
330
2
100
AcDbSymbolTableRecord
100
AcDbLayerTableRecord
  2
_59431
 70
     0
 62
     7
  6
CONTINUOUS
370
    -3
390
F
347
CA3
348
0
  0
LAYER
  5
7F4
330
2
100
AcDbSymbolTableRecord
100
AcDbLayerTableRecord
  2
_59436
 70
     0
 62
     7
  6
CONTINUOUS
370
    -3
390
F
347
CA3
348
0
  0
LAYER
  5
7F5
330
2
100
AcDbSymbolTableRecord
100
AcDbLayerTableRecord
  2
_59441
 70
     0
 62
     7
  6
CONTINUOUS
370
    -3
390
F
347
CA3
348
0
  0
LAYER
  5
7F6
330
2
100
AcDbSymbolTableRecord
100
AcDbLayerTableRecord
  2
_59446
 70
     0
 62
     7
  6
CONTINUOUS
370
    -3
390
F
347
CA3
348
0
  0
LAYER
  5
7F7
330
2
100
AcDbSymbolTableRecord
100
AcDbLayerTableRecord
  2
_59451
 70
     0
 62
     7
  6
CONTINUOUS
370
    -3
390
F
347
CA3
348
0
  0
LAYER
  5
7F8
330
2
100
AcDbSymbolTableRecord
100
AcDbLayerTableRecord
  2
_59456
 70
     0
 62
     7
  6
CONTINUOUS
370
    -3
390
F
347
CA3
348
0
  0
LAYER
  5
7F9
330
2
100
AcDbSymbolTableRecord
100
AcDbLayerTableRecord
  2
_59461
 70
     0
 62
     7
  6
CONTINUOUS
370
    -3
390
F
347
CA3
348
0
  0
LAYER
  5
7FA
330
2
100
AcDbSymbolTableRecord
100
AcDbLayerTableRecord
  2
_59466
 70
     0
 62
     7
  6
CONTINUOUS
370
    -3
390
F
347
CA3
348
0
  0
LAYER
  5
7FB
330
2
100
AcDbSymbolTableRecord
100
AcDbLayerTableRecord
  2
_59471
 70
     0
 62
     7
  6
CONTINUOUS
370
    -3
390
F
347
CA3
348
0
  0
LAYER
  5
7FC
330
2
100
AcDbSymbolTableRecord
100
AcDbLayerTableRecord
  2
_59476
 70
     0
 62
     7
  6
CONTINUOUS
370
    -3
390
F
347
CA3
348
0
  0
LAYER
  5
7FD
330
2
100
AcDbSymbolTableRecord
100
AcDbLayerTableRecord
  2
_59481
 70
     0
 62
     7
  6
CONTINUOUS
370
    -3
390
F
347
CA3
348
0
  0
LAYER
  5
7FE
330
2
100
AcDbSymbolTableRecord
100
AcDbLayerTableRecord
  2
_59486
 70
     0
 62
     7
  6
CONTINUOUS
370
    -3
390
F
347
CA3
348
0
  0
LAYER
  5
7FF
330
2
100
AcDbSymbolTableRecord
100
AcDbLayerTableRecord
  2
_59491
 70
     0
 62
     7
  6
CONTINUOUS
370
    -3
390
F
347
CA3
348
0
  0
LAYER
  5
800
330
2
100
AcDbSymbolTableRecord
100
AcDbLayerTableRecord
  2
_59496
 70
     0
 62
     7
  6
CONTINUOUS
370
    -3
390
F
347
CA3
348
0
  0
LAYER
  5
801
330
2
100
AcDbSymbolTableRecord
100
AcDbLayerTableRecord
  2
_59501
 70
     0
 62
     7
  6
CONTINUOUS
370
    -3
390
F
347
CA3
348
0
  0
LAYER
  5
802
330
2
100
AcDbSymbolTableRecord
100
AcDbLayerTableRecord
  2
_59506
 70
     0
 62
     7
  6
CONTINUOUS
370
    -3
390
F
347
CA3
348
0
  0
LAYER
  5
803
330
2
100
AcDbSymbolTableRecord
100
AcDbLayerTableRecord
  2
_59513
 70
     0
 62
     7
  6
CONTINUOUS
370
    -3
390
F
347
CA3
348
0
  0
LAYER
  5
804
330
2
100
AcDbSymbolTableRecord
100
AcDbLayerTableRecord
  2
_59518
 70
     0
 62
     7
  6
CONTINUOUS
370
    -3
390
F
347
CA3
348
0
  0
LAYER
  5
805
330
2
100
AcDbSymbolTableRecord
100
AcDbLayerTableRecord
  2
_59523
 70
     0
 62
     7
  6
CONTINUOUS
370
    -3
390
F
347
CA3
348
0
  0
LAYER
  5
806
330
2
100
AcDbSymbolTableRecord
100
AcDbLayerTableRecord
  2
_59528
 70
     0
 62
     7
  6
CONTINUOUS
370
    -3
390
F
347
CA3
348
0
  0
LAYER
  5
807
330
2
100
AcDbSymbolTableRecord
100
AcDbLayerTableRecord
  2
_59533
 70
     0
 62
     7
  6
CONTINUOUS
370
    -3
390
F
347
CA3
348
0
  0
LAYER
  5
808
330
2
100
AcDbSymbolTableRecord
100
AcDbLayerTableRecord
  2
_59538
 70
     0
 62
     7
  6
CONTINUOUS
370
    -3
390
F
347
CA3
348
0
  0
LAYER
  5
809
330
2
100
AcDbSymbolTableRecord
100
AcDbLayerTableRecord
  2
_59541
 70
     0
 62
     7
  6
CONTINUOUS
370
    -3
390
F
347
CA3
348
0
  0
LAYER
  5
80A
330
2
100
AcDbSymbolTableRecord
100
AcDbLayerTableRecord
  2
_59548
 70
     0
 62
     7
  6
CONTINUOUS
370
    -3
390
F
347
CA3
348
0
  0
LAYER
  5
80B
330
2
100
AcDbSymbolTableRecord
100
AcDbLayerTableRecord
  2
_59553
 70
     0
 62
     7
  6
CONTINUOUS
370
    -3
390
F
347
CA3
348
0
  0
LAYER
  5
80C
330
2
100
AcDbSymbolTableRecord
100
AcDbLayerTableRecord
  2
_59558
 70
     0
 62
     7
  6
CONTINUOUS
370
    -3
390
F
347
CA3
348
0
  0
LAYER
  5
80D
330
2
100
AcDbSymbolTableRecord
100
AcDbLayerTableRecord
  2
_59561
 70
     0
 62
     7
  6
CONTINUOUS
370
    -3
390
F
347
CA3
348
0
  0
LAYER
  5
80E
330
2
100
AcDbSymbolTableRecord
100
AcDbLayerTableRecord
  2
_59568
 70
     0
 62
     7
  6
CONTINUOUS
370
    -3
390
F
347
CA3
348
0
  0
LAYER
  5
80F
330
2
100
AcDbSymbolTableRecord
100
AcDbLayerTableRecord
  2
_59638
 70
     0
 62
     7
  6
CONTINUOUS
370
    -3
390
F
347
CA3
348
0
  0
LAYER
  5
810
330
2
100
AcDbSymbolTableRecord
100
AcDbLayerTableRecord
  2
_59643
 70
     0
 62
     7
  6
CONTINUOUS
370
    -3
390
F
347
CA3
348
0
  0
LAYER
  5
811
330
2
100
AcDbSymbolTableRecord
100
AcDbLayerTableRecord
  2
_59648
 70
     0
 62
     7
  6
CONTINUOUS
370
    -3
390
F
347
CA3
348
0
  0
LAYER
  5
812
330
2
100
AcDbSymbolTableRecord
100
AcDbLayerTableRecord
  2
_59653
 70
     0
 62
     7
  6
CONTINUOUS
370
    -3
390
F
347
CA3
348
0
  0
LAYER
  5
813
330
2
100
AcDbSymbolTableRecord
100
AcDbLayerTableRecord
  2
_59656
 70
     0
 62
     7
  6
CONTINUOUS
370
    -3
390
F
347
CA3
348
0
  0
LAYER
  5
814
330
2
100
AcDbSymbolTableRecord
100
AcDbLayerTableRecord
  2
_59663
 70
     0
 62
     7
  6
CONTINUOUS
370
    -3
390
F
347
CA3
348
0
  0
LAYER
  5
815
330
2
100
AcDbSymbolTableRecord
100
AcDbLayerTableRecord
  2
_59668
 70
     0
 62
     7
  6
CONTINUOUS
370
    -3
390
F
347
CA3
348
0
  0
LAYER
  5
816
330
2
100
AcDbSymbolTableRecord
100
AcDbLayerTableRecord
  2
_59671
 70
     0
 62
     7
  6
CONTINUOUS
370
    -3
390
F
347
CA3
348
0
  0
LAYER
  5
817
330
2
100
AcDbSymbolTableRecord
100
AcDbLayerTableRecord
  2
_59678
 70
     0
 62
     7
  6
CONTINUOUS
370
    -3
390
F
347
CA3
348
0
  0
LAYER
  5
818
330
2
100
AcDbSymbolTableRecord
100
AcDbLayerTableRecord
  2
_59681
 70
     0
 62
     7
  6
CONTINUOUS
370
    -3
390
F
347
CA3
348
0
  0
LAYER
  5
819
330
2
100
AcDbSymbolTableRecord
100
AcDbLayerTableRecord
  2
_59688
 70
     0
 62
     7
  6
CONTINUOUS
370
    -3
390
F
347
CA3
348
0
  0
LAYER
  5
81A
330
2
100
AcDbSymbolTableRecord
100
AcDbLayerTableRecord
  2
_59691
 70
     0
 62
     7
  6
CONTINUOUS
370
    -3
390
F
347
CA3
348
0
  0
LAYER
  5
81B
330
2
100
AcDbSymbolTableRecord
100
AcDbLayerTableRecord
  2
_59698
 70
     0
 62
     7
  6
CONTINUOUS
370
    -3
390
F
347
CA3
348
0
  0
LAYER
  5
81C
330
2
100
AcDbSymbolTableRecord
100
AcDbLayerTableRecord
  2
_59701
 70
     0
 62
     7
  6
CONTINUOUS
370
    -3
390
F
347
CA3
348
0
  0
LAYER
  5
81D
330
2
100
AcDbSymbolTableRecord
100
AcDbLayerTableRecord
  2
_59708
 70
     0
 62
     7
  6
CONTINUOUS
370
    -3
390
F
347
CA3
348
0
  0
LAYER
  5
81E
330
2
100
AcDbSymbolTableRecord
100
AcDbLayerTableRecord
  2
_59711
 70
     0
 62
     7
  6
CONTINUOUS
370
    -3
390
F
347
CA3
348
0
  0
LAYER
  5
81F
330
2
100
AcDbSymbolTableRecord
100
AcDbLayerTableRecord
  2
_59718
 70
     0
 62
     7
  6
CONTINUOUS
370
    -3
390
F
347
CA3
348
0
  0
LAYER
  5
820
330
2
100
AcDbSymbolTableRecord
100
AcDbLayerTableRecord
  2
_59721
 70
     0
 62
     7
  6
CONTINUOUS
370
    -3
390
F
347
CA3
348
0
  0
LAYER
  5
821
330
2
100
AcDbSymbolTableRecord
100
AcDbLayerTableRecord
  2
_59728
 70
     0
 62
     7
  6
CONTINUOUS
370
    -3
390
F
347
CA3
348
0
  0
LAYER
  5
822
330
2
100
AcDbSymbolTableRecord
100
AcDbLayerTableRecord
  2
_59733
 70
     0
 62
     7
  6
CONTINUOUS
370
    -3
390
F
347
CA3
348
0
  0
LAYER
  5
823
330
2
100
AcDbSymbolTableRecord
100
AcDbLayerTableRecord
  2
_59738
 70
     0
 62
     7
  6
CONTINUOUS
370
    -3
390
F
347
CA3
348
0
  0
LAYER
  5
824
330
2
100
AcDbSymbolTableRecord
100
AcDbLayerTableRecord
  2
_59741
 70
     0
 62
     7
  6
CONTINUOUS
370
    -3
390
F
347
CA3
348
0
  0
LAYER
  5
825
330
2
100
AcDbSymbolTableRecord
100
AcDbLayerTableRecord
  2
_59746
 70
     0
 62
     7
  6
CONTINUOUS
370
    -3
390
F
347
CA3
348
0
  0
LAYER
  5
826
330
2
100
AcDbSymbolTableRecord
100
AcDbLayerTableRecord
  2
_59753
 70
     0
 62
     7
  6
CONTINUOUS
370
    -3
390
F
347
CA3
348
0
  0
LAYER
  5
827
330
2
100
AcDbSymbolTableRecord
100
AcDbLayerTableRecord
  2
_59758
 70
     0
 62
     7
  6
CONTINUOUS
370
    -3
390
F
347
CA3
348
0
  0
LAYER
  5
828
330
2
100
AcDbSymbolTableRecord
100
AcDbLayerTableRecord
  2
_59763
 70
     0
 62
     7
  6
CONTINUOUS
370
    -3
390
F
347
CA3
348
0
  0
LAYER
  5
829
330
2
100
AcDbSymbolTableRecord
100
AcDbLayerTableRecord
  2
_59768
 70
     0
 62
     7
  6
CONTINUOUS
370
    -3
390
F
347
CA3
348
0
  0
LAYER
  5
82A
330
2
100
AcDbSymbolTableRecord
100
AcDbLayerTableRecord
  2
_59773
 70
     0
 62
     7
  6
CONTINUOUS
370
    -3
390
F
347
CA3
348
0
  0
LAYER
  5
82B
330
2
100
AcDbSymbolTableRecord
100
AcDbLayerTableRecord
  2
_59778
 70
     0
 62
     7
  6
CONTINUOUS
370
    -3
390
F
347
CA3
348
0
  0
LAYER
  5
82C
330
2
100
AcDbSymbolTableRecord
100
AcDbLayerTableRecord
  2
_59783
 70
     0
 62
     7
  6
CONTINUOUS
370
    -3
390
F
347
CA3
348
0
  0
LAYER
  5
82D
330
2
100
AcDbSymbolTableRecord
100
AcDbLayerTableRecord
  2
_59788
 70
     0
 62
     7
  6
CONTINUOUS
370
    -3
390
F
347
CA3
348
0
  0
LAYER
  5
82E
330
2
100
AcDbSymbolTableRecord
100
AcDbLayerTableRecord
  2
_59793
 70
     0
 62
     7
  6
CONTINUOUS
370
    -3
390
F
347
CA3
348
0
  0
LAYER
  5
82F
330
2
100
AcDbSymbolTableRecord
100
AcDbLayerTableRecord
  2
_59798
 70
     0
 62
     7
  6
CONTINUOUS
370
    -3
390
F
347
CA3
348
0
  0
LAYER
  5
830
330
2
100
AcDbSymbolTableRecord
100
AcDbLayerTableRecord
  2
_59803
 70
     0
 62
     7
  6
CONTINUOUS
370
    -3
390
F
347
CA3
348
0
  0
LAYER
  5
831
330
2
100
AcDbSymbolTableRecord
100
AcDbLayerTableRecord
  2
_59808
 70
     0
 62
     7
  6
CONTINUOUS
370
    -3
390
F
347
CA3
348
0
  0
LAYER
  5
832
330
2
100
AcDbSymbolTableRecord
100
AcDbLayerTableRecord
  2
_65980
 70
     0
 62
     7
  6
CONTINUOUS
370
    -3
390
F
347
CA3
348
0
  0
LAYER
  5
833
330
2
100
AcDbSymbolTableRecord
100
AcDbLayerTableRecord
  2
_65985
 70
     0
 62
     7
  6
CONTINUOUS
370
    -3
390
F
347
CA3
348
0
  0
LAYER
  5
834
330
2
100
AcDbSymbolTableRecord
100
AcDbLayerTableRecord
  2
_65992
 70
     0
 62
     7
  6
CONTINUOUS
370
    -3
390
F
347
CA3
348
0
  0
LAYER
  5
835
330
2
100
AcDbSymbolTableRecord
100
AcDbLayerTableRecord
  2
_65995
 70
     0
 62
     7
  6
CONTINUOUS
370
    -3
390
F
347
CA3
348
0
  0
LAYER
  5
836
330
2
100
AcDbSymbolTableRecord
100
AcDbLayerTableRecord
  2
_66002
 70
     0
 62
     7
  6
CONTINUOUS
370
    -3
390
F
347
CA3
348
0
  0
LAYER
  5
837
330
2
100
AcDbSymbolTableRecord
100
AcDbLayerTableRecord
  2
_66005
 70
     0
 62
     7
  6
CONTINUOUS
370
    -3
390
F
347
CA3
348
0
  0
LAYER
  5
838
330
2
100
AcDbSymbolTableRecord
100
AcDbLayerTableRecord
  2
_66010
 70
     0
 62
     7
  6
CONTINUOUS
370
    -3
390
F
347
CA3
348
0
  0
LAYER
  5
839
330
2
100
AcDbSymbolTableRecord
100
AcDbLayerTableRecord
  2
_66015
 70
     0
 62
     7
  6
CONTINUOUS
370
    -3
390
F
347
CA3
348
0
  0
LAYER
  5
83A
330
2
100
AcDbSymbolTableRecord
100
AcDbLayerTableRecord
  2
_66020
 70
     0
 62
     7
  6
CONTINUOUS
370
    -3
390
F
347
CA3
348
0
  0
LAYER
  5
83B
330
2
100
AcDbSymbolTableRecord
100
AcDbLayerTableRecord
  2
_66025
 70
     0
 62
     7
  6
CONTINUOUS
370
    -3
390
F
347
CA3
348
0
  0
LAYER
  5
83C
330
2
100
AcDbSymbolTableRecord
100
AcDbLayerTableRecord
  2
_66030
 70
     0
 62
     7
  6
CONTINUOUS
370
    -3
390
F
347
CA3
348
0
  0
LAYER
  5
83D
330
2
100
AcDbSymbolTableRecord
100
AcDbLayerTableRecord
  2
_66035
 70
     0
 62
     7
  6
CONTINUOUS
370
    -3
390
F
347
CA3
348
0
  0
LAYER
  5
83E
330
2
100
AcDbSymbolTableRecord
100
AcDbLayerTableRecord
  2
_66040
 70
     0
 62
     7
  6
CONTINUOUS
370
    -3
390
F
347
CA3
348
0
  0
LAYER
  5
83F
330
2
100
AcDbSymbolTableRecord
100
AcDbLayerTableRecord
  2
_66045
 70
     0
 62
     7
  6
CONTINUOUS
370
    -3
390
F
347
CA3
348
0
  0
LAYER
  5
840
330
2
100
AcDbSymbolTableRecord
100
AcDbLayerTableRecord
  2
_66052
 70
     0
 62
     7
  6
CONTINUOUS
370
    -3
390
F
347
CA3
348
0
  0
LAYER
  5
841
330
2
100
AcDbSymbolTableRecord
100
AcDbLayerTableRecord
  2
_66057
 70
     0
 62
     7
  6
CONTINUOUS
370
    -3
390
F
347
CA3
348
0
  0
LAYER
  5
842
330
2
100
AcDbSymbolTableRecord
100
AcDbLayerTableRecord
  2
_66060
 70
     0
 62
     7
  6
CONTINUOUS
370
    -3
390
F
347
CA3
348
0
  0
LAYER
  5
843
330
2
100
AcDbSymbolTableRecord
100
AcDbLayerTableRecord
  2
_66067
 70
     0
 62
     7
  6
CONTINUOUS
370
    -3
390
F
347
CA3
348
0
  0
LAYER
  5
844
330
2
100
AcDbSymbolTableRecord
100
AcDbLayerTableRecord
  2
_66072
 70
     0
 62
     7
  6
CONTINUOUS
370
    -3
390
F
347
CA3
348
0
  0
LAYER
  5
845
330
2
100
AcDbSymbolTableRecord
100
AcDbLayerTableRecord
  2
_66075
 70
     0
 62
     7
  6
CONTINUOUS
370
    -3
390
F
347
CA3
348
0
  0
LAYER
  5
846
330
2
100
AcDbSymbolTableRecord
100
AcDbLayerTableRecord
  2
_66082
 70
     0
 62
     7
  6
CONTINUOUS
370
    -3
390
F
347
CA3
348
0
  0
LAYER
  5
847
330
2
100
AcDbSymbolTableRecord
100
AcDbLayerTableRecord
  2
_66087
 70
     0
 62
     7
  6
CONTINUOUS
370
    -3
390
F
347
CA3
348
0
  0
LAYER
  5
848
330
2
100
AcDbSymbolTableRecord
100
AcDbLayerTableRecord
  2
_66090
 70
     0
 62
     7
  6
CONTINUOUS
370
    -3
390
F
347
CA3
348
0
  0
LAYER
  5
849
330
2
100
AcDbSymbolTableRecord
100
AcDbLayerTableRecord
  2
_66095
 70
     0
 62
     7
  6
CONTINUOUS
370
    -3
390
F
347
CA3
348
0
  0
LAYER
  5
84A
330
2
100
AcDbSymbolTableRecord
100
AcDbLayerTableRecord
  2
_66100
 70
     0
 62
     7
  6
CONTINUOUS
370
    -3
390
F
347
CA3
348
0
  0
LAYER
  5
84B
330
2
100
AcDbSymbolTableRecord
100
AcDbLayerTableRecord
  2
_66105
 70
     0
 62
     7
  6
CONTINUOUS
370
    -3
390
F
347
CA3
348
0
  0
LAYER
  5
84C
330
2
100
AcDbSymbolTableRecord
100
AcDbLayerTableRecord
  2
_66110
 70
     0
 62
     7
  6
CONTINUOUS
370
    -3
390
F
347
CA3
348
0
  0
LAYER
  5
84D
330
2
100
AcDbSymbolTableRecord
100
AcDbLayerTableRecord
  2
_66117
 70
     0
 62
     7
  6
CONTINUOUS
370
    -3
390
F
347
CA3
348
0
  0
LAYER
  5
84E
330
2
100
AcDbSymbolTableRecord
100
AcDbLayerTableRecord
  2
_66122
 70
     0
 62
     7
  6
CONTINUOUS
370
    -3
390
F
347
CA3
348
0
  0
LAYER
  5
84F
330
2
100
AcDbSymbolTableRecord
100
AcDbLayerTableRecord
  2
_66127
 70
     0
 62
     7
  6
CONTINUOUS
370
    -3
390
F
347
CA3
348
0
  0
LAYER
  5
850
330
2
100
AcDbSymbolTableRecord
100
AcDbLayerTableRecord
  2
_66132
 70
     0
 62
     7
  6
CONTINUOUS
370
    -3
390
F
347
CA3
348
0
  0
LAYER
  5
851
330
2
100
AcDbSymbolTableRecord
100
AcDbLayerTableRecord
  2
_66137
 70
     0
 62
     7
  6
CONTINUOUS
370
    -3
390
F
347
CA3
348
0
  0
LAYER
  5
852
330
2
100
AcDbSymbolTableRecord
100
AcDbLayerTableRecord
  2
_66142
 70
     0
 62
     7
  6
CONTINUOUS
370
    -3
390
F
347
CA3
348
0
  0
LAYER
  5
853
330
2
100
AcDbSymbolTableRecord
100
AcDbLayerTableRecord
  2
_66147
 70
     0
 62
     7
  6
CONTINUOUS
370
    -3
390
F
347
CA3
348
0
  0
LAYER
  5
854
330
2
100
AcDbSymbolTableRecord
100
AcDbLayerTableRecord
  2
_66152
 70
     0
 62
     7
  6
CONTINUOUS
370
    -3
390
F
347
CA3
348
0
  0
LAYER
  5
855
330
2
100
AcDbSymbolTableRecord
100
AcDbLayerTableRecord
  2
_66157
 70
     0
 62
     7
  6
CONTINUOUS
370
    -3
390
F
347
CA3
348
0
  0
LAYER
  5
856
330
2
100
AcDbSymbolTableRecord
100
AcDbLayerTableRecord
  2
_66162
 70
     0
 62
     7
  6
CONTINUOUS
370
    -3
390
F
347
CA3
348
0
  0
LAYER
  5
857
330
2
100
AcDbSymbolTableRecord
100
AcDbLayerTableRecord
  2
_66167
 70
     0
 62
     7
  6
CONTINUOUS
370
    -3
390
F
347
CA3
348
0
  0
LAYER
  5
858
330
2
100
AcDbSymbolTableRecord
100
AcDbLayerTableRecord
  2
_66172
 70
     0
 62
     7
  6
CONTINUOUS
370
    -3
390
F
347
CA3
348
0
  0
LAYER
  5
859
330
2
100
AcDbSymbolTableRecord
100
AcDbLayerTableRecord
  2
_66177
 70
     0
 62
     7
  6
CONTINUOUS
370
    -3
390
F
347
CA3
348
0
  0
LAYER
  5
85A
330
2
100
AcDbSymbolTableRecord
100
AcDbLayerTableRecord
  2
_66182
 70
     0
 62
     7
  6
CONTINUOUS
370
    -3
390
F
347
CA3
348
0
  0
LAYER
  5
85B
330
2
100
AcDbSymbolTableRecord
100
AcDbLayerTableRecord
  2
_66185
 70
     0
 62
     7
  6
CONTINUOUS
370
    -3
390
F
347
CA3
348
0
  0
LAYER
  5
85C
330
2
100
AcDbSymbolTableRecord
100
AcDbLayerTableRecord
  2
_66190
 70
     0
 62
     7
  6
CONTINUOUS
370
    -3
390
F
347
CA3
348
0
  0
LAYER
  5
85D
330
2
100
AcDbSymbolTableRecord
100
AcDbLayerTableRecord
  2
_66197
 70
     0
 62
     7
  6
CONTINUOUS
370
    -3
390
F
347
CA3
348
0
  0
LAYER
  5
85E
330
2
100
AcDbSymbolTableRecord
100
AcDbLayerTableRecord
  2
_66200
 70
     0
 62
     7
  6
CONTINUOUS
370
    -3
390
F
347
CA3
348
0
  0
LAYER
  5
85F
330
2
100
AcDbSymbolTableRecord
100
AcDbLayerTableRecord
  2
_66205
 70
     0
 62
     7
  6
CONTINUOUS
370
    -3
390
F
347
CA3
348
0
  0
LAYER
  5
860
330
2
100
AcDbSymbolTableRecord
100
AcDbLayerTableRecord
  2
_66211
 70
     0
 62
     7
  6
CONTINUOUS
370
    -3
390
F
347
CA3
348
0
  0
LAYER
  5
861
330
2
100
AcDbSymbolTableRecord
100
AcDbLayerTableRecord
  2
_66215
 70
     0
 62
     7
  6
CONTINUOUS
370
    -3
390
F
347
CA3
348
0
  0
LAYER
  5
862
330
2
100
AcDbSymbolTableRecord
100
AcDbLayerTableRecord
  2
_66220
 70
     0
 62
     7
  6
CONTINUOUS
370
    -3
390
F
347
CA3
348
0
  0
LAYER
  5
863
330
2
100
AcDbSymbolTableRecord
100
AcDbLayerTableRecord
  2
_66225
 70
     0
 62
     7
  6
CONTINUOUS
370
    -3
390
F
347
CA3
348
0
  0
LAYER
  5
864
330
2
100
AcDbSymbolTableRecord
100
AcDbLayerTableRecord
  2
_66230
 70
     0
 62
     7
  6
CONTINUOUS
370
    -3
390
F
347
CA3
348
0
  0
LAYER
  5
865
330
2
100
AcDbSymbolTableRecord
100
AcDbLayerTableRecord
  2
_66235
 70
     0
 62
     7
  6
CONTINUOUS
370
    -3
390
F
347
CA3
348
0
  0
LAYER
  5
866
330
2
100
AcDbSymbolTableRecord
100
AcDbLayerTableRecord
  2
_66238
 70
     0
 62
     7
  6
CONTINUOUS
370
    -3
390
F
347
CA3
348
0
  0
LAYER
  5
867
330
2
100
AcDbSymbolTableRecord
100
AcDbLayerTableRecord
  2
_66243
 70
     0
 62
     7
  6
CONTINUOUS
370
    -3
390
F
347
CA3
348
0
  0
LAYER
  5
868
330
2
100
AcDbSymbolTableRecord
100
AcDbLayerTableRecord
  2
_66250
 70
     0
 62
     7
  6
CONTINUOUS
370
    -3
390
F
347
CA3
348
0
  0
LAYER
  5
869
330
2
100
AcDbSymbolTableRecord
100
AcDbLayerTableRecord
  2
_66253
 70
     0
 62
     7
  6
CONTINUOUS
370
    -3
390
F
347
CA3
348
0
  0
LAYER
  5
86A
330
2
100
AcDbSymbolTableRecord
100
AcDbLayerTableRecord
  2
_66258
 70
     0
 62
     7
  6
CONTINUOUS
370
    -3
390
F
347
CA3
348
0
  0
LAYER
  5
86B
330
2
100
AcDbSymbolTableRecord
100
AcDbLayerTableRecord
  2
_66265
 70
     0
 62
     7
  6
CONTINUOUS
370
    -3
390
F
347
CA3
348
0
  0
LAYER
  5
86C
330
2
100
AcDbSymbolTableRecord
100
AcDbLayerTableRecord
  2
_66268
 70
     0
 62
     7
  6
CONTINUOUS
370
    -3
390
F
347
CA3
348
0
  0
LAYER
  5
86D
330
2
100
AcDbSymbolTableRecord
100
AcDbLayerTableRecord
  2
_66275
 70
     0
 62
     7
  6
CONTINUOUS
370
    -3
390
F
347
CA3
348
0
  0
LAYER
  5
86E
330
2
100
AcDbSymbolTableRecord
100
AcDbLayerTableRecord
  2
_66280
 70
     0
 62
     7
  6
CONTINUOUS
370
    -3
390
F
347
CA3
348
0
  0
LAYER
  5
86F
330
2
100
AcDbSymbolTableRecord
100
AcDbLayerTableRecord
  2
_66285
 70
     0
 62
     7
  6
CONTINUOUS
370
    -3
390
F
347
CA3
348
0
  0
LAYER
  5
870
330
2
100
AcDbSymbolTableRecord
100
AcDbLayerTableRecord
  2
_66290
 70
     0
 62
     7
  6
CONTINUOUS
370
    -3
390
F
347
CA3
348
0
  0
LAYER
  5
871
330
2
100
AcDbSymbolTableRecord
100
AcDbLayerTableRecord
  2
_66295
 70
     0
 62
     7
  6
CONTINUOUS
370
    -3
390
F
347
CA3
348
0
  0
LAYER
  5
872
330
2
100
AcDbSymbolTableRecord
100
AcDbLayerTableRecord
  2
_66300
 70
     0
 62
     7
  6
CONTINUOUS
370
    -3
390
F
347
CA3
348
0
  0
LAYER
  5
873
330
2
100
AcDbSymbolTableRecord
100
AcDbLayerTableRecord
  2
_66305
 70
     0
 62
     7
  6
CONTINUOUS
370
    -3
390
F
347
CA3
348
0
  0
LAYER
  5
874
330
2
100
AcDbSymbolTableRecord
100
AcDbLayerTableRecord
  2
_66308
 70
     0
 62
     7
  6
CONTINUOUS
370
    -3
390
F
347
CA3
348
0
  0
LAYER
  5
875
330
2
100
AcDbSymbolTableRecord
100
AcDbLayerTableRecord
  2
_66313
 70
     0
 62
     7
  6
CONTINUOUS
370
    -3
390
F
347
CA3
348
0
  0
LAYER
  5
876
330
2
100
AcDbSymbolTableRecord
100
AcDbLayerTableRecord
  2
_66318
 70
     0
 62
     7
  6
CONTINUOUS
370
    -3
390
F
347
CA3
348
0
  0
LAYER
  5
877
330
2
100
AcDbSymbolTableRecord
100
AcDbLayerTableRecord
  2
_66323
 70
     0
 62
     7
  6
CONTINUOUS
370
    -3
390
F
347
CA3
348
0
  0
LAYER
  5
878
330
2
100
AcDbSymbolTableRecord
100
AcDbLayerTableRecord
  2
_66330
 70
     0
 62
     7
  6
CONTINUOUS
370
    -3
390
F
347
CA3
348
0
  0
LAYER
  5
879
330
2
100
AcDbSymbolTableRecord
100
AcDbLayerTableRecord
  2
_66335
 70
     0
 62
     7
  6
CONTINUOUS
370
    -3
390
F
347
CA3
348
0
  0
LAYER
  5
87A
330
2
100
AcDbSymbolTableRecord
100
AcDbLayerTableRecord
  2
_66340
 70
     0
 62
     7
  6
CONTINUOUS
370
    -3
390
F
347
CA3
348
0
  0
LAYER
  5
87B
330
2
100
AcDbSymbolTableRecord
100
AcDbLayerTableRecord
  2
_66345
 70
     0
 62
     7
  6
CONTINUOUS
370
    -3
390
F
347
CA3
348
0
  0
LAYER
  5
87C
330
2
100
AcDbSymbolTableRecord
100
AcDbLayerTableRecord
  2
_66348
 70
     0
 62
     7
  6
CONTINUOUS
370
    -3
390
F
347
CA3
348
0
  0
LAYER
  5
87D
330
2
100
AcDbSymbolTableRecord
100
AcDbLayerTableRecord
  2
_66355
 70
     0
 62
     7
  6
CONTINUOUS
370
    -3
390
F
347
CA3
348
0
  0
LAYER
  5
87E
330
2
100
AcDbSymbolTableRecord
100
AcDbLayerTableRecord
  2
_66360
 70
     0
 62
     7
  6
CONTINUOUS
370
    -3
390
F
347
CA3
348
0
  0
LAYER
  5
87F
330
2
100
AcDbSymbolTableRecord
100
AcDbLayerTableRecord
  2
_66363
 70
     0
 62
     7
  6
CONTINUOUS
370
    -3
390
F
347
CA3
348
0
  0
LAYER
  5
880
330
2
100
AcDbSymbolTableRecord
100
AcDbLayerTableRecord
  2
_66370
 70
     0
 62
     7
  6
CONTINUOUS
370
    -3
390
F
347
CA3
348
0
  0
LAYER
  5
881
330
2
100
AcDbSymbolTableRecord
100
AcDbLayerTableRecord
  2
_66373
 70
     0
 62
     7
  6
CONTINUOUS
370
    -3
390
F
347
CA3
348
0
  0
LAYER
  5
882
330
2
100
AcDbSymbolTableRecord
100
AcDbLayerTableRecord
  2
_66380
 70
     0
 62
     7
  6
CONTINUOUS
370
    -3
390
F
347
CA3
348
0
  0
LAYER
  5
883
330
2
100
AcDbSymbolTableRecord
100
AcDbLayerTableRecord
  2
_66385
 70
     0
 62
     7
  6
CONTINUOUS
370
    -3
390
F
347
CA3
348
0
  0
LAYER
  5
884
330
2
100
AcDbSymbolTableRecord
100
AcDbLayerTableRecord
  2
_66388
 70
     0
 62
     7
  6
CONTINUOUS
370
    -3
390
F
347
CA3
348
0
  0
LAYER
  5
885
330
2
100
AcDbSymbolTableRecord
100
AcDbLayerTableRecord
  2
_66395
 70
     0
 62
     7
  6
CONTINUOUS
370
    -3
390
F
347
CA3
348
0
  0
LAYER
  5
886
330
2
100
AcDbSymbolTableRecord
100
AcDbLayerTableRecord
  2
_66400
 70
     0
 62
     7
  6
CONTINUOUS
370
    -3
390
F
347
CA3
348
0
  0
LAYER
  5
887
330
2
100
AcDbSymbolTableRecord
100
AcDbLayerTableRecord
  2
_66405
 70
     0
 62
     7
  6
CONTINUOUS
370
    -3
390
F
347
CA3
348
0
  0
LAYER
  5
888
330
2
100
AcDbSymbolTableRecord
100
AcDbLayerTableRecord
  2
_66410
 70
     0
 62
     7
  6
CONTINUOUS
370
    -3
390
F
347
CA3
348
0
  0
LAYER
  5
889
330
2
100
AcDbSymbolTableRecord
100
AcDbLayerTableRecord
  2
_66415
 70
     0
 62
     7
  6
CONTINUOUS
370
    -3
390
F
347
CA3
348
0
  0
LAYER
  5
88A
330
2
100
AcDbSymbolTableRecord
100
AcDbLayerTableRecord
  2
_66420
 70
     0
 62
     7
  6
CONTINUOUS
370
    -3
390
F
347
CA3
348
0
  0
LAYER
  5
88B
330
2
100
AcDbSymbolTableRecord
100
AcDbLayerTableRecord
  2
_66425
 70
     0
 62
     7
  6
CONTINUOUS
370
    -3
390
F
347
CA3
348
0
  0
LAYER
  5
88C
330
2
100
AcDbSymbolTableRecord
100
AcDbLayerTableRecord
  2
_66430
 70
     0
 62
     7
  6
CONTINUOUS
370
    -3
390
F
347
CA3
348
0
  0
LAYER
  5
88D
330
2
100
AcDbSymbolTableRecord
100
AcDbLayerTableRecord
  2
_66435
 70
     0
 62
     7
  6
CONTINUOUS
370
    -3
390
F
347
CA3
348
0
  0
LAYER
  5
88E
330
2
100
AcDbSymbolTableRecord
100
AcDbLayerTableRecord
  2
_66440
 70
     0
 62
     7
  6
CONTINUOUS
370
    -3
390
F
347
CA3
348
0
  0
LAYER
  5
88F
330
2
100
AcDbSymbolTableRecord
100
AcDbLayerTableRecord
  2
_66445
 70
     0
 62
     7
  6
CONTINUOUS
370
    -3
390
F
347
CA3
348
0
  0
LAYER
  5
890
330
2
100
AcDbSymbolTableRecord
100
AcDbLayerTableRecord
  2
_66450
 70
     0
 62
     7
  6
CONTINUOUS
370
    -3
390
F
347
CA3
348
0
  0
LAYER
  5
891
330
2
100
AcDbSymbolTableRecord
100
AcDbLayerTableRecord
  2
_66455
 70
     0
 62
     7
  6
CONTINUOUS
370
    -3
390
F
347
CA3
348
0
  0
LAYER
  5
892
330
2
100
AcDbSymbolTableRecord
100
AcDbLayerTableRecord
  2
_66458
 70
     0
 62
     7
  6
CONTINUOUS
370
    -3
390
F
347
CA3
348
0
  0
LAYER
  5
893
330
2
100
AcDbSymbolTableRecord
100
AcDbLayerTableRecord
  2
_66465
 70
     0
 62
     7
  6
CONTINUOUS
370
    -3
390
F
347
CA3
348
0
  0
LAYER
  5
894
330
2
100
AcDbSymbolTableRecord
100
AcDbLayerTableRecord
  2
_66468
 70
     0
 62
     7
  6
CONTINUOUS
370
    -3
390
F
347
CA3
348
0
  0
LAYER
  5
895
330
2
100
AcDbSymbolTableRecord
100
AcDbLayerTableRecord
  2
_66475
 70
     0
 62
     7
  6
CONTINUOUS
370
    -3
390
F
347
CA3
348
0
  0
LAYER
  5
896
330
2
100
AcDbSymbolTableRecord
100
AcDbLayerTableRecord
  2
_66478
 70
     0
 62
     7
  6
CONTINUOUS
370
    -3
390
F
347
CA3
348
0
  0
LAYER
  5
897
330
2
100
AcDbSymbolTableRecord
100
AcDbLayerTableRecord
  2
_66483
 70
     0
 62
     7
  6
CONTINUOUS
370
    -3
390
F
347
CA3
348
0
  0
LAYER
  5
898
330
2
100
AcDbSymbolTableRecord
100
AcDbLayerTableRecord
  2
_66488
 70
     0
 62
     7
  6
CONTINUOUS
370
    -3
390
F
347
CA3
348
0
  0
LAYER
  5
899
330
2
100
AcDbSymbolTableRecord
100
AcDbLayerTableRecord
  2
_66493
 70
     0
 62
     7
  6
CONTINUOUS
370
    -3
390
F
347
CA3
348
0
  0
LAYER
  5
89A
330
2
100
AcDbSymbolTableRecord
100
AcDbLayerTableRecord
  2
_66500
 70
     0
 62
     7
  6
CONTINUOUS
370
    -3
390
F
347
CA3
348
0
  0
LAYER
  5
89B
330
2
100
AcDbSymbolTableRecord
100
AcDbLayerTableRecord
  2
_66503
 70
     0
 62
     7
  6
CONTINUOUS
370
    -3
390
F
347
CA3
348
0
  0
LAYER
  5
89C
330
2
100
AcDbSymbolTableRecord
100
AcDbLayerTableRecord
  2
_66508
 70
     0
 62
     7
  6
CONTINUOUS
370
    -3
390
F
347
CA3
348
0
  0
LAYER
  5
89D
330
2
100
AcDbSymbolTableRecord
100
AcDbLayerTableRecord
  2
_66513
 70
     0
 62
     7
  6
CONTINUOUS
370
    -3
390
F
347
CA3
348
0
  0
LAYER
  5
89E
330
2
100
AcDbSymbolTableRecord
100
AcDbLayerTableRecord
  2
_66520
 70
     0
 62
     7
  6
CONTINUOUS
370
    -3
390
F
347
CA3
348
0
  0
LAYER
  5
89F
330
2
100
AcDbSymbolTableRecord
100
AcDbLayerTableRecord
  2
_66525
 70
     0
 62
     7
  6
CONTINUOUS
370
    -3
390
F
347
CA3
348
0
  0
LAYER
  5
8A0
330
2
100
AcDbSymbolTableRecord
100
AcDbLayerTableRecord
  2
_66530
 70
     0
 62
     7
  6
CONTINUOUS
370
    -3
390
F
347
CA3
348
0
  0
LAYER
  5
8A1
330
2
100
AcDbSymbolTableRecord
100
AcDbLayerTableRecord
  2
_66535
 70
     0
 62
     7
  6
CONTINUOUS
370
    -3
390
F
347
CA3
348
0
  0
LAYER
  5
8A2
330
2
100
AcDbSymbolTableRecord
100
AcDbLayerTableRecord
  2
_66540
 70
     0
 62
     7
  6
CONTINUOUS
370
    -3
390
F
347
CA3
348
0
  0
LAYER
  5
8A3
330
2
100
AcDbSymbolTableRecord
100
AcDbLayerTableRecord
  2
_66545
 70
     0
 62
     7
  6
CONTINUOUS
370
    -3
390
F
347
CA3
348
0
  0
LAYER
  5
8A4
330
2
100
AcDbSymbolTableRecord
100
AcDbLayerTableRecord
  2
_66550
 70
     0
 62
     7
  6
CONTINUOUS
370
    -3
390
F
347
CA3
348
0
  0
LAYER
  5
8A5
330
2
100
AcDbSymbolTableRecord
100
AcDbLayerTableRecord
  2
_66555
 70
     0
 62
     7
  6
CONTINUOUS
370
    -3
390
F
347
CA3
348
0
  0
LAYER
  5
8A6
330
2
100
AcDbSymbolTableRecord
100
AcDbLayerTableRecord
  2
_66560
 70
     0
 62
     7
  6
CONTINUOUS
370
    -3
390
F
347
CA3
348
0
  0
LAYER
  5
8A7
330
2
100
AcDbSymbolTableRecord
100
AcDbLayerTableRecord
  2
_66565
 70
     0
 62
     7
  6
CONTINUOUS
370
    -3
390
F
347
CA3
348
0
  0
LAYER
  5
8A8
330
2
100
AcDbSymbolTableRecord
100
AcDbLayerTableRecord
  2
_66570
 70
     0
 62
     7
  6
CONTINUOUS
370
    -3
390
F
347
CA3
348
0
  0
LAYER
  5
8A9
330
2
100
AcDbSymbolTableRecord
100
AcDbLayerTableRecord
  2
_66575
 70
     0
 62
     7
  6
CONTINUOUS
370
    -3
390
F
347
CA3
348
0
  0
LAYER
  5
8AA
330
2
100
AcDbSymbolTableRecord
100
AcDbLayerTableRecord
  2
_66580
 70
     0
 62
     7
  6
CONTINUOUS
370
    -3
390
F
347
CA3
348
0
  0
LAYER
  5
8AB
330
2
100
AcDbSymbolTableRecord
100
AcDbLayerTableRecord
  2
_66585
 70
     0
 62
     7
  6
CONTINUOUS
370
    -3
390
F
347
CA3
348
0
  0
LAYER
  5
8AC
330
2
100
AcDbSymbolTableRecord
100
AcDbLayerTableRecord
  2
_66590
 70
     0
 62
     7
  6
CONTINUOUS
370
    -3
390
F
347
CA3
348
0
  0
LAYER
  5
8AD
330
2
100
AcDbSymbolTableRecord
100
AcDbLayerTableRecord
  2
_66595
 70
     0
 62
     7
  6
CONTINUOUS
370
    -3
390
F
347
CA3
348
0
  0
LAYER
  5
8AE
330
2
100
AcDbSymbolTableRecord
100
AcDbLayerTableRecord
  2
_66600
 70
     0
 62
     7
  6
CONTINUOUS
370
    -3
390
F
347
CA3
348
0
  0
LAYER
  5
8AF
330
2
100
AcDbSymbolTableRecord
100
AcDbLayerTableRecord
  2
_66605
 70
     0
 62
     7
  6
CONTINUOUS
370
    -3
390
F
347
CA3
348
0
  0
LAYER
  5
8B0
330
2
100
AcDbSymbolTableRecord
100
AcDbLayerTableRecord
  2
_66608
 70
     0
 62
     7
  6
CONTINUOUS
370
    -3
390
F
347
CA3
348
0
  0
LAYER
  5
8B1
330
2
100
AcDbSymbolTableRecord
100
AcDbLayerTableRecord
  2
_66615
 70
     0
 62
     7
  6
CONTINUOUS
370
    -3
390
F
347
CA3
348
0
  0
LAYER
  5
8B2
330
2
100
AcDbSymbolTableRecord
100
AcDbLayerTableRecord
  2
_66620
 70
     0
 62
     7
  6
CONTINUOUS
370
    -3
390
F
347
CA3
348
0
  0
LAYER
  5
8B3
330
2
100
AcDbSymbolTableRecord
100
AcDbLayerTableRecord
  2
_66625
 70
     0
 62
     7
  6
CONTINUOUS
370
    -3
390
F
347
CA3
348
0
  0
LAYER
  5
8B4
330
2
100
AcDbSymbolTableRecord
100
AcDbLayerTableRecord
  2
_66630
 70
     0
 62
     7
  6
CONTINUOUS
370
    -3
390
F
347
CA3
348
0
  0
LAYER
  5
8B5
330
2
100
AcDbSymbolTableRecord
100
AcDbLayerTableRecord
  2
_66635
 70
     0
 62
     7
  6
CONTINUOUS
370
    -3
390
F
347
CA3
348
0
  0
LAYER
  5
8B6
330
2
100
AcDbSymbolTableRecord
100
AcDbLayerTableRecord
  2
_66640
 70
     0
 62
     7
  6
CONTINUOUS
370
    -3
390
F
347
CA3
348
0
  0
LAYER
  5
8B7
330
2
100
AcDbSymbolTableRecord
100
AcDbLayerTableRecord
  2
_66645
 70
     0
 62
     7
  6
CONTINUOUS
370
    -3
390
F
347
CA3
348
0
  0
LAYER
  5
8B8
330
2
100
AcDbSymbolTableRecord
100
AcDbLayerTableRecord
  2
_66648
 70
     0
 62
     7
  6
CONTINUOUS
370
    -3
390
F
347
CA3
348
0
  0
LAYER
  5
8B9
330
2
100
AcDbSymbolTableRecord
100
AcDbLayerTableRecord
  2
_66655
 70
     0
 62
     7
  6
CONTINUOUS
370
    -3
390
F
347
CA3
348
0
  0
LAYER
  5
8BA
330
2
100
AcDbSymbolTableRecord
100
AcDbLayerTableRecord
  2
_66660
 70
     0
 62
     7
  6
CONTINUOUS
370
    -3
390
F
347
CA3
348
0
  0
LAYER
  5
8BB
330
2
100
AcDbSymbolTableRecord
100
AcDbLayerTableRecord
  2
_66665
 70
     0
 62
     7
  6
CONTINUOUS
370
    -3
390
F
347
CA3
348
0
  0
LAYER
  5
8BC
330
2
100
AcDbSymbolTableRecord
100
AcDbLayerTableRecord
  2
_66670
 70
     0
 62
     7
  6
CONTINUOUS
370
    -3
390
F
347
CA3
348
0
  0
LAYER
  5
8BD
330
2
100
AcDbSymbolTableRecord
100
AcDbLayerTableRecord
  2
_66675
 70
     0
 62
     7
  6
CONTINUOUS
370
    -3
390
F
347
CA3
348
0
  0
LAYER
  5
8BE
330
2
100
AcDbSymbolTableRecord
100
AcDbLayerTableRecord
  2
_66680
 70
     0
 62
     7
  6
CONTINUOUS
370
    -3
390
F
347
CA3
348
0
  0
LAYER
  5
8BF
330
2
100
AcDbSymbolTableRecord
100
AcDbLayerTableRecord
  2
_66683
 70
     0
 62
     7
  6
CONTINUOUS
370
    -3
390
F
347
CA3
348
0
  0
LAYER
  5
8C0
330
2
100
AcDbSymbolTableRecord
100
AcDbLayerTableRecord
  2
_66690
 70
     0
 62
     7
  6
CONTINUOUS
370
    -3
390
F
347
CA3
348
0
  0
LAYER
  5
8C1
330
2
100
AcDbSymbolTableRecord
100
AcDbLayerTableRecord
  2
_66695
 70
     0
 62
     7
  6
CONTINUOUS
370
    -3
390
F
347
CA3
348
0
  0
LAYER
  5
8C2
330
2
100
AcDbSymbolTableRecord
100
AcDbLayerTableRecord
  2
_66700
 70
     0
 62
     7
  6
CONTINUOUS
370
    -3
390
F
347
CA3
348
0
  0
LAYER
  5
8C3
330
2
100
AcDbSymbolTableRecord
100
AcDbLayerTableRecord
  2
_66703
 70
     0
 62
     7
  6
CONTINUOUS
370
    -3
390
F
347
CA3
348
0
  0
LAYER
  5
8C4
330
2
100
AcDbSymbolTableRecord
100
AcDbLayerTableRecord
  2
_66708
 70
     0
 62
     7
  6
CONTINUOUS
370
    -3
390
F
347
CA3
348
0
  0
LAYER
  5
8C5
330
2
100
AcDbSymbolTableRecord
100
AcDbLayerTableRecord
  2
_66715
 70
     0
 62
     7
  6
CONTINUOUS
370
    -3
390
F
347
CA3
348
0
  0
LAYER
  5
8C6
330
2
100
AcDbSymbolTableRecord
100
AcDbLayerTableRecord
  2
_66720
 70
     0
 62
     7
  6
CONTINUOUS
370
    -3
390
F
347
CA3
348
0
  0
LAYER
  5
8C7
330
2
100
AcDbSymbolTableRecord
100
AcDbLayerTableRecord
  2
_66723
 70
     0
 62
     7
  6
CONTINUOUS
370
    -3
390
F
347
CA3
348
0
  0
LAYER
  5
8C8
330
2
100
AcDbSymbolTableRecord
100
AcDbLayerTableRecord
  2
_66730
 70
     0
 62
     7
  6
CONTINUOUS
370
    -3
390
F
347
CA3
348
0
  0
LAYER
  5
8C9
330
2
100
AcDbSymbolTableRecord
100
AcDbLayerTableRecord
  2
_66735
 70
     0
 62
     7
  6
CONTINUOUS
370
    -3
390
F
347
CA3
348
0
  0
LAYER
  5
8CA
330
2
100
AcDbSymbolTableRecord
100
AcDbLayerTableRecord
  2
_66740
 70
     0
 62
     7
  6
CONTINUOUS
370
    -3
390
F
347
CA3
348
0
  0
LAYER
  5
8CB
330
2
100
AcDbSymbolTableRecord
100
AcDbLayerTableRecord
  2
_66745
 70
     0
 62
     7
  6
CONTINUOUS
370
    -3
390
F
347
CA3
348
0
  0
LAYER
  5
8CC
330
2
100
AcDbSymbolTableRecord
100
AcDbLayerTableRecord
  2
_66750
 70
     0
 62
     7
  6
CONTINUOUS
370
    -3
390
F
347
CA3
348
0
  0
LAYER
  5
8CD
330
2
100
AcDbSymbolTableRecord
100
AcDbLayerTableRecord
  2
_66755
 70
     0
 62
     7
  6
CONTINUOUS
370
    -3
390
F
347
CA3
348
0
  0
LAYER
  5
8CE
330
2
100
AcDbSymbolTableRecord
100
AcDbLayerTableRecord
  2
_66760
 70
     0
 62
     7
  6
CONTINUOUS
370
    -3
390
F
347
CA3
348
0
  0
LAYER
  5
8CF
330
2
100
AcDbSymbolTableRecord
100
AcDbLayerTableRecord
  2
_66765
 70
     0
 62
     7
  6
CONTINUOUS
370
    -3
390
F
347
CA3
348
0
  0
LAYER
  5
8D0
330
2
100
AcDbSymbolTableRecord
100
AcDbLayerTableRecord
  2
_66768
 70
     0
 62
     7
  6
CONTINUOUS
370
    -3
390
F
347
CA3
348
0
  0
LAYER
  5
8D1
330
2
100
AcDbSymbolTableRecord
100
AcDbLayerTableRecord
  2
_66775
 70
     0
 62
     7
  6
CONTINUOUS
370
    -3
390
F
347
CA3
348
0
  0
LAYER
  5
8D2
330
2
100
AcDbSymbolTableRecord
100
AcDbLayerTableRecord
  2
_66778
 70
     0
 62
     7
  6
CONTINUOUS
370
    -3
390
F
347
CA3
348
0
  0
LAYER
  5
8D3
330
2
100
AcDbSymbolTableRecord
100
AcDbLayerTableRecord
  2
_66783
 70
     0
 62
     7
  6
CONTINUOUS
370
    -3
390
F
347
CA3
348
0
  0
LAYER
  5
8D4
330
2
100
AcDbSymbolTableRecord
100
AcDbLayerTableRecord
  2
_66788
 70
     0
 62
     7
  6
CONTINUOUS
370
    -3
390
F
347
CA3
348
0
  0
LAYER
  5
8D5
330
2
100
AcDbSymbolTableRecord
100
AcDbLayerTableRecord
  2
_66795
 70
     0
 62
     7
  6
CONTINUOUS
370
    -3
390
F
347
CA3
348
0
  0
LAYER
  5
8D6
330
2
100
AcDbSymbolTableRecord
100
AcDbLayerTableRecord
  2
_66800
 70
     0
 62
     7
  6
CONTINUOUS
370
    -3
390
F
347
CA3
348
0
  0
LAYER
  5
8D7
330
2
100
AcDbSymbolTableRecord
100
AcDbLayerTableRecord
  2
_66803
 70
     0
 62
     7
  6
CONTINUOUS
370
    -3
390
F
347
CA3
348
0
  0
LAYER
  5
8D8
330
2
100
AcDbSymbolTableRecord
100
AcDbLayerTableRecord
  2
_66810
 70
     0
 62
     7
  6
CONTINUOUS
370
    -3
390
F
347
CA3
348
0
  0
LAYER
  5
8D9
330
2
100
AcDbSymbolTableRecord
100
AcDbLayerTableRecord
  2
_66815
 70
     0
 62
     7
  6
CONTINUOUS
370
    -3
390
F
347
CA3
348
0
  0
LAYER
  5
8DA
330
2
100
AcDbSymbolTableRecord
100
AcDbLayerTableRecord
  2
_66818
 70
     0
 62
     7
  6
CONTINUOUS
370
    -3
390
F
347
CA3
348
0
  0
LAYER
  5
8DB
330
2
100
AcDbSymbolTableRecord
100
AcDbLayerTableRecord
  2
_66825
 70
     0
 62
     7
  6
CONTINUOUS
370
    -3
390
F
347
CA3
348
0
  0
LAYER
  5
8DC
330
2
100
AcDbSymbolTableRecord
100
AcDbLayerTableRecord
  2
_66830
 70
     0
 62
     7
  6
CONTINUOUS
370
    -3
390
F
347
CA3
348
0
  0
LAYER
  5
8DD
330
2
100
AcDbSymbolTableRecord
100
AcDbLayerTableRecord
  2
_66840
 70
     0
 62
     7
  6
CONTINUOUS
370
    -3
390
F
347
CA3
348
0
  0
LAYER
  5
8DE
330
2
100
AcDbSymbolTableRecord
100
AcDbLayerTableRecord
  2
_66852
 70
     0
 62
     7
  6
CONTINUOUS
370
    -3
390
F
347
CA3
348
0
  0
LAYER
  5
8DF
330
2
100
AcDbSymbolTableRecord
100
AcDbLayerTableRecord
  2
_66863
 70
     0
 62
     7
  6
CONTINUOUS
370
    -3
390
F
347
CA3
348
0
  0
LAYER
  5
8E0
330
2
100
AcDbSymbolTableRecord
100
AcDbLayerTableRecord
  2
_66875
 70
     0
 62
     7
  6
CONTINUOUS
370
    -3
390
F
347
CA3
348
0
  0
LAYER
  5
8E1
330
2
100
AcDbSymbolTableRecord
100
AcDbLayerTableRecord
  2
_66882
 70
     0
 62
     7
  6
CONTINUOUS
370
    -3
390
F
347
CA3
348
0
  0
LAYER
  5
8E2
330
2
100
AcDbSymbolTableRecord
100
AcDbLayerTableRecord
  2
_66897
 70
     0
 62
     7
  6
CONTINUOUS
370
    -3
390
F
347
CA3
348
0
  0
LAYER
  5
8E3
330
2
100
AcDbSymbolTableRecord
100
AcDbLayerTableRecord
  2
_66903
 70
     0
 62
     7
  6
CONTINUOUS
370
    -3
390
F
347
CA3
348
0
  0
LAYER
  5
8E4
330
2
100
AcDbSymbolTableRecord
100
AcDbLayerTableRecord
  2
_66920
 70
     0
 62
     7
  6
CONTINUOUS
370
    -3
390
F
347
CA3
348
0
  0
LAYER
  5
8E5
330
2
100
AcDbSymbolTableRecord
100
AcDbLayerTableRecord
  2
_66926
 70
     0
 62
     7
  6
CONTINUOUS
370
    -3
390
F
347
CA3
348
0
  0
LAYER
  5
8E6
330
2
100
AcDbSymbolTableRecord
100
AcDbLayerTableRecord
  2
_66942
 70
     0
 62
     7
  6
CONTINUOUS
370
    -3
390
F
347
CA3
348
0
  0
ENDTAB
  0
TABLE
  2
STYLE
  5
3
330
0
100
AcDbSymbolTable
 70
     2
  0
STYLE
  5
11
330
3
100
AcDbSymbolTableRecord
100
AcDbTextStyleTableRecord
  2
STANDARD
 70
     0
 40
0.0
 41
0.8
 50
0.0
 71
     0
 42
0.2
  3
txt
  4

  0
STYLE
  5
8E7
330
3
100
AcDbSymbolTableRecord
100
AcDbTextStyleTableRecord
  2
TEXTSTYLE_1
 70
     0
 40
0.0
 41
0.8
 50
0.0
 71
     0
 42
0.2
  3
gdt
  4

  0
ENDTAB
  0
TABLE
  2
VIEW
  5
6
330
0
100
AcDbSymbolTable
 70
     0
  0
ENDTAB
  0
TABLE
  2
UCS
  5
7
330
0
100
AcDbSymbolTable
 70
     0
  0
ENDTAB
  0
TABLE
  2
APPID
  5
9
330
0
100
AcDbSymbolTable
 70
     2
  0
APPID
  5
8E8
330
9
100
AcDbSymbolTableRecord
100
AcDbRegAppTableRecord
  2
ACAD
 70
     0
  0
APPID
  5
CF4
330
9
100
AcDbSymbolTableRecord
100
AcDbRegAppTableRecord
  2
ACAD_NAV_VCDISPLAY
 70
     0
  0
ENDTAB
  0
TABLE
  2
DIMSTYLE
  5
A
330
0
100
AcDbSymbolTable
 70
     1
100
AcDbDimStyleTable
  0
DIMSTYLE
105
8EC
330
A
100
AcDbSymbolTableRecord
100
AcDbDimStyleTableRecord
  2
STANDARD
 70
     0
 41
0.1875
 44
0.125
 47
0.01
 48
0.01
 78
     4
 79
     1
140
0.15625
171
     1
178
     0
179
     2
271
     2
272
     2
284
     4
340
11
341
8EB
342
8EB
343
8EB
344
8EB
  0
ENDTAB
  0
TABLE
  2
BLOCK_RECORD
  5
1
330
0
100
AcDbSymbolTable
 70
     1
  0
BLOCK_RECORD
  5
8E9
330
1
100
AcDbSymbolTableRecord
100
AcDbBlockTableRecord
  2
*Model_Space
340
C8E
 70
     0
280
     1
281
     0
  0
BLOCK_RECORD
  5
8EA
330
1
100
AcDbSymbolTableRecord
100
AcDbBlockTableRecord
  2
*Paper_Space
340
C8F
 70
     0
280
     1
281
     0
  0
BLOCK_RECORD
  5
8EB
330
1
100
AcDbSymbolTableRecord
100
AcDbBlockTableRecord
  2
_FILLED
340
0
 70
     0
280
     1
281
     0
  0
ENDTAB
  0
ENDSEC
  0
SECTION
  2
BLOCKS
  0
BLOCK
  5
20
330
8E9
100
AcDbEntity
  8
0
100
AcDbBlockBegin
  2
*Model_Space
 70
     0
 10
0.0
 20
0.0
 30
0.0
  3
*Model_Space
  1

  0
ENDBLK
  5
21
330
8E9
100
AcDbEntity
  8
0
100
AcDbBlockEnd
  0
BLOCK
  5
1C
330
8EA
100
AcDbEntity
 67
     1
  8
0
100
AcDbBlockBegin
  2
*Paper_Space
 70
     0
 10
0.0
 20
0.0
 30
0.0
  3
*Paper_Space
  1

  0
ENDBLK
  5
1D
330
8EA
100
AcDbEntity
 67
     1
  8
0
100
AcDbBlockEnd
  0
BLOCK
  5
8ED
330
8EB
100
AcDbEntity
  8
0
100
AcDbBlockBegin
  2
_FILLED
 70
     0
 10
0.0
 20
0.0
 30
0.0
  3
_FILLED
  1

  0
SOLID
  5
8EE
330
8EB
100
AcDbEntity
  8
0
  6
ByBlock
 62
     0
100
AcDbTrace
 10
0.0
 20
0.0
 30
0.0
 11
-1.0
 21
0.1666666667
 31
0.0
 12
-1.0
 22
-0.1666666667
 32
0.0
 13
-1.0
 23
-0.1666666667
 33
0.0
  0
ENDBLK
  5
8EF
330
8EB
100
AcDbEntity
  8
0
  6
ByBlock
 62
     0
100
AcDbBlockEnd
  0
ENDSEC
  0
SECTION
  2
ENTITIES
  0
SPLINE
  5
8F0
330
8E9
100
AcDbEntity
  8
03___PRT_ALL_CURVES
  6
Continuous
 62
     4
100
AcDbSpline
210
0.0
220
0.0
230
1.0
 70
     8
 71
     3
 72
     8
 73
     4
 74
     0
 42
0.0000001
 43
0.0000000001
 40
0.0
 40
0.0
 40
0.0
 40
0.0
 40
1.0
 40
1.0
 40
1.0
 40
1.0
 10
13.19474746110001
 20
120.27319233096
 30
0.0
 10
13.16064108786
 20
120.11459755798
 30
0.0
 10
13.10436566065999
 20
119.99351981182
 30
0.0
 10
13.02975674205999
 20
119.91128053256
 30
0.0
  0
SPLINE
  5
8F1
330
8E9
100
AcDbEntity
  8
03___PRT_ALL_CURVES
  6
Continuous
 62
     4
100
AcDbSpline
210
0.0
220
0.0
230
1.0
 70
     8
 71
     3
 72
     8
 73
     4
 74
     0
 42
0.0000001
 43
0.0000000001
 40
0.0
 40
0.0
 40
0.0
 40
0.0
 40
1.0
 40
1.0
 40
1.0
 40
1.0
 10
13.02975674205999
 20
119.91128053256
 30
0.0
 10
12.95429725874001
 20
119.82810369866
 30
0.0
 10
12.84174610462
 20
119.7871759827
 30
0.0
 10
12.6950885798
 20
119.7871759827
 30
0.0
  0
SPLINE
  5
8F2
330
8E9
100
AcDbEntity
  8
03___PRT_ALL_CURVES
  6
Continuous
 62
     4
100
AcDbSpline
210
0.0
220
0.0
230
1.0
 70
     8
 71
     3
 72
     8
 73
     4
 74
     0
 42
0.0000001
 43
0.0000000001
 40
0.0
 40
0.0
 40
0.0
 40
0.0
 40
1.0
 40
1.0
 40
1.0
 40
1.0
 10
12.6950885798
 20
119.7871759827
 30
0.0
 10
12.54160989768002
 20
119.7871759827
 30
0.0
 10
12.42394257903999
 20
119.83833561876
 30
0.0
 10
12.33987564786003
 20
119.9402350238
 30
0.0
  0
SPLINE
  5
8F3
330
8E9
100
AcDbEntity
  8
03___PRT_ALL_CURVES
  6
Continuous
 62
     4
100
AcDbSpline
210
0.0
220
0.0
230
1.0
 70
     8
 71
     3
 72
     8
 73
     4
 74
     0
 42
0.0000001
 43
0.0000000001
 40
0.0
 40
0.0
 40
0.0
 40
0.0
 40
1.0
 40
1.0
 40
1.0
 40
1.0
 10
12.33987564786003
 20
119.9402350238
 30
0.0
 10
12.25511600026002
 20
120.04297408426
 30
0.0
 10
12.21418817253999
 20
120.23397001672
 30
0.0
 10
12.21418817253999
 20
120.51023188228
 30
0.0
  0
SPLINE
  5
8F4
330
8E9
100
AcDbEntity
  8
03___PRT_ALL_CURVES
  6
Continuous
 62
     4
100
AcDbSpline
210
0.0
220
0.0
230
1.0
 70
     8
 71
     3
 72
     8
 73
     4
 74
     0
 42
0.0000001
 43
0.0000000001
 40
0.0
 40
0.0
 40
0.0
 40
0.0
 40
1.0
 40
1.0
 40
1.0
 40
1.0
 10
12.21418817253999
 20
120.51023188228
 30
0.0
 10
12.21418817253999
 20
120.73362889802
 30
0.0
 10
12.24829454578003
 20
120.89733976186
 30
0.0
 10
12.31912949174003
 20
121.0035921808
 30
0.0
  0
SPLINE
  5
8F5
330
8E9
100
AcDbEntity
  8
03___PRT_ALL_CURVES
  6
Continuous
 62
     4
100
AcDbSpline
210
0.0
220
0.0
230
1.0
 70
     8
 71
     3
 72
     8
 73
     4
 74
     0
 42
0.0000001
 43
0.0000000001
 40
0.0
 40
0.0
 40
0.0
 40
0.0
 40
1.0
 40
1.0
 40
1.0
 40
1.0
 10
12.31912949174003
 20
121.0035921808
 30
0.0
 10
12.41200525976001
 20
121.14290583156
 30
0.0
 10
12.54672576502
 20
121.21452930528
 30
0.0
 10
12.72237379828002
 20
121.21452930528
 30
0.0
  0
SPLINE
  5
8F6
330
8E9
100
AcDbEntity
  8
03___PRT_ALL_CURVES
  6
Continuous
 62
     4
100
AcDbSpline
210
0.0
220
0.0
230
1.0
 70
     8
 71
     3
 72
     8
 73
     4
 74
     0
 42
0.0000001
 43
0.0000000001
 40
0.0
 40
0.0
 40
0.0
 40
0.0
 40
1.0
 40
1.0
 40
1.0
 40
1.0
 10
12.72237379828002
 20
121.21452930528
 30
0.0
 10
12.79911328666
 20
121.21452930528
 30
0.0
 10
12.86903132310002
 20
121.19747611866
 30
0.0
 10
12.93160166278003
 20
121.1657623924
 30
0.0
  0
SPLINE
  5
8F7
330
8E9
100
AcDbEntity
  8
03___PRT_ALL_CURVES
  6
Continuous
 62
     4
100
AcDbSpline
210
0.0
220
0.0
230
1.0
 70
     8
 71
     3
 72
     8
 73
     4
 74
     0
 42
0.0000001
 43
0.0000000001
 40
0.0
 40
0.0
 40
0.0
 40
0.0
 40
1.0
 40
1.0
 40
1.0
 40
1.0
 10
12.93160166278003
 20
121.1657623924
 30
0.0
 10
12.99351979650001
 20
121.13437923698
 30
0.0
 10
13.04638464632001
 20
121.08833554446
 30
0.0
 10
13.09000004296001
 20
121.02982706102
 30
0.0
  0
SPLINE
  5
8F8
330
8E9
100
AcDbEntity
  8
03___PRT_ALL_CURVES
  6
Continuous
 62
     4
100
AcDbSpline
210
0.0
220
0.0
230
1.0
 70
     8
 71
     3
 72
     8
 73
     4
 74
     0
 42
0.0000001
 43
0.0000000001
 40
0.0
 40
0.0
 40
0.0
 40
0.0
 40
1.0
 40
1.0
 40
1.0
 40
1.0
 10
13.09000004296001
 20
121.02982706102
 30
0.0
 10
13.11630268276002
 20
120.99454301678
 30
0.0
 10
13.14188261128004
 20
120.93826743972
 30
0.0
 10
13.16575725238002
 20
120.86323323876
 30
0.0
  0
SPLINE
  5
8F9
330
8E9
100
AcDbEntity
  8
03___PRT_ALL_CURVES
  6
Continuous
 62
     4
100
AcDbSpline
210
0.0
220
0.0
230
1.0
 70
     8
 71
     3
 72
     8
 73
     4
 74
     0
 42
0.0000001
 43
0.0000000001
 40
0.0
 40
0.0
 40
0.0
 40
0.0
 40
1.0
 40
1.0
 40
1.0
 40
1.0
 10
13.84788532424002
 20
121.01500678078
 30
0.0
 10
13.75920851404001
 20
121.27762618696
 30
0.0
 10
13.62619359592003
 20
121.47373813408
 30
0.0
 10
13.44502951324003
 20
121.60106572804
 30
0.0
  0
SPLINE
  5
8FA
330
8E9
100
AcDbEntity
  8
03___PRT_ALL_CURVES
  6
Continuous
 62
     4
100
AcDbSpline
210
0.0
220
0.0
230
1.0
 70
     8
 71
     3
 72
     8
 73
     4
 74
     0
 42
0.0000001
 43
0.0000000001
 40
0.0
 40
0.0
 40
0.0
 40
0.0
 40
1.0
 40
1.0
 40
1.0
 40
1.0
 10
13.44502951324003
 20
121.60106572804
 30
0.0
 10
13.26466579726002
 20
121.72783079836
 30
0.0
 10
13.01739414042001
 20
121.79263311478
 30
0.0
 10
12.70361532170003
 20
121.79263311478
 30
0.0
  0
SPLINE
  5
8FB
330
8E9
100
AcDbEntity
  8
03___PRT_ALL_CURVES
  6
Continuous
 62
     4
100
AcDbSpline
210
0.0
220
0.0
230
1.0
 70
     8
 71
     3
 72
     8
 73
     4
 74
     0
 42
0.0000001
 43
0.0000000001
 40
0.0
 40
0.0
 40
0.0
 40
0.0
 40
1.0
 40
1.0
 40
1.0
 40
1.0
 10
12.70361532170003
 20
121.79263311478
 30
0.0
 10
12.30115969278
 20
121.79263311478
 30
0.0
 10
11.98908586684001
 20
121.68008181334
 30
0.0
 10
11.76909954024003
 20
121.45839012312
 30
0.0
  0
SPLINE
  5
8FC
330
8E9
100
AcDbEntity
  8
03___PRT_ALL_CURVES
  6
Continuous
 62
     4
100
AcDbSpline
210
0.0
220
0.0
230
1.0
 70
     8
 71
     3
 72
     8
 73
     4
 74
     0
 42
0.0000001
 43
0.0000000001
 40
0.0
 40
0.0
 40
0.0
 40
0.0
 40
1.0
 40
1.0
 40
1.0
 40
1.0
 10
11.76909954024003
 20
121.45839012312
 30
0.0
 10
11.5491132873
 20
121.2366985091
 30
0.0
 10
11.43997271309999
 20
120.91950881582
 30
0.0
 10
11.43997271309999
 20
120.50511601494
 30
0.0
  0
SPLINE
  5
8FD
330
8E9
100
AcDbEntity
  8
03___PRT_ALL_CURVES
  6
Continuous
 62
     4
100
AcDbSpline
210
0.0
220
0.0
230
1.0
 70
     8
 71
     3
 72
     8
 73
     4
 74
     0
 42
0.0000001
 43
0.0000000001
 40
0.0
 40
0.0
 40
0.0
 40
0.0
 40
1.0
 40
1.0
 40
1.0
 40
1.0
 10
11.43997271309999
 20
120.50511601494
 30
0.0
 10
11.43997271309999
 20
120.19474762628
 30
0.0
 10
11.50136430482002
 20
119.94065481468
 30
0.0
 10
11.62733277526002
 20
119.74099036768
 30
0.0
  0
SPLINE
  5
8FE
330
8E9
100
AcDbEntity
  8
03___PRT_ALL_CURVES
  6
Continuous
 62
     4
100
AcDbSpline
210
0.0
220
0.0
230
1.0
 70
     8
 71
     3
 72
     8
 73
     4
 74
     0
 42
0.0000001
 43
0.0000000001
 40
0.0
 40
0.0
 40
0.0
 40
0.0
 40
1.0
 40
1.0
 40
1.0
 40
1.0
 10
11.62733277526002
 20
119.74099036768
 30
0.0
 10
11.75204624186003
 20
119.54331514708
 30
0.0
 10
11.90040935382001
 20
119.40347885068
 30
0.0
 10
12.07296439098002
 20
119.32574362896
 30
0.0
  0
SPLINE
  5
8FF
330
8E9
100
AcDbEntity
  8
03___PRT_ALL_CURVES
  6
Continuous
 62
     4
100
AcDbSpline
210
0.0
220
0.0
230
1.0
 70
     8
 71
     3
 72
     8
 73
     4
 74
     0
 42
0.0000001
 43
0.0000000001
 40
0.0
 40
0.0
 40
0.0
 40
0.0
 40
1.0
 40
1.0
 40
1.0
 40
1.0
 10
12.07296439098002
 20
119.32574362896
 30
0.0
 10
12.24488396840002
 20
119.24829467794
 30
0.0
 10
12.46657569672001
 20
119.20736698484
 30
0.0
 10
12.73942698490001
 20
119.20736698484
 30
0.0
  0
SPLINE
  5
900
330
8E9
100
AcDbEntity
  8
03___PRT_ALL_CURVES
  6
Continuous
 62
     4
100
AcDbSpline
210
0.0
220
0.0
230
1.0
 70
     8
 71
     3
 72
     8
 73
     4
 74
     0
 42
0.0000001
 43
0.0000000001
 40
0.0
 40
0.0
 40
0.0
 40
0.0
 40
1.0
 40
1.0
 40
1.0
 40
1.0
 10
12.73942698490001
 20
119.20736698484
 30
0.0
 10
12.96282400063998
 20
119.20736698484
 30
0.0
 10
13.14699847862002
 20
119.23976807574
 30
0.0
 10
13.29195071602001
 20
119.30457025754
 30
0.0
  0
SPLINE
  5
901
330
8E9
100
AcDbEntity
  8
03___PRT_ALL_CURVES
  6
Continuous
 62
     4
100
AcDbSpline
210
0.0
220
0.0
230
1.0
 70
     8
 71
     3
 72
     8
 73
     4
 74
     0
 42
0.0000001
 43
0.0000000001
 40
0.0
 40
0.0
 40
0.0
 40
0.0
 40
1.0
 40
1.0
 40
1.0
 40
1.0
 10
13.29195071602001
 20
119.30457025754
 30
0.0
 10
13.43690295342003
 20
119.36937243934
 30
0.0
 10
13.55798084944001
 20
119.4648704043
 30
0.0
 10
13.65676742098
 20
119.5928634808
 30
0.0
  0
SPLINE
  5
902
330
8E9
100
AcDbEntity
  8
03___PRT_ALL_CURVES
  6
Continuous
 62
     4
100
AcDbSpline
210
0.0
220
0.0
230
1.0
 70
     8
 71
     3
 72
     8
 73
     4
 74
     0
 42
0.0000001
 43
0.0000000001
 40
0.0
 40
0.0
 40
0.0
 40
0.0
 40
1.0
 40
1.0
 40
1.0
 40
1.0
 10
13.65676742098
 20
119.5928634808
 30
0.0
 10
13.75409264670003
 20
119.71896316002
 30
0.0
 10
13.82571597309999
 20
119.87755800666
 30
0.0
 10
13.87175996534003
 20
120.06855386546
 30
0.0
  0
SPLINE
  5
903
330
8E9
100
AcDbEntity
  8
03___PRT_ALL_CURVES
  6
Continuous
 62
     4
100
AcDbSpline
210
0.0
220
0.0
230
1.0
 70
     8
 71
     3
 72
     8
 73
     4
 74
     0
 42
0.0000001
 43
0.0000000001
 40
0.0
 40
0.0
 40
0.0
 40
0.0
 40
1.0
 40
1.0
 40
1.0
 40
1.0
 10
15.873806073
 20
120.22373805852
 30
0.0
 10
15.873806073
 20
120.08560712574
 30
0.0
 10
15.83458383242001
 20
119.97817191516
 30
0.0
 10
15.75954977116001
 20
119.90313794534
 30
0.0
  0
SPLINE
  5
904
330
8E9
100
AcDbEntity
  8
03___PRT_ALL_CURVES
  6
Continuous
 62
     4
100
AcDbSpline
210
0.0
220
0.0
230
1.0
 70
     8
 71
     3
 72
     8
 73
     4
 74
     0
 42
0.0000001
 43
0.0000000001
 40
0.0
 40
0.0
 40
0.0
 40
0.0
 40
1.0
 40
1.0
 40
1.0
 40
1.0
 10
15.75954977116001
 20
119.90313794534
 30
0.0
 10
15.6845154305
 20
119.82810369866
 30
0.0
 10
15.58049102082001
 20
119.79058663628
 30
0.0
 10
15.44747610270002
 20
119.79058663628
 30
0.0
  0
SPLINE
  5
905
330
8E9
100
AcDbEntity
  8
03___PRT_ALL_CURVES
  6
Continuous
 62
     4
100
AcDbSpline
210
0.0
220
0.0
230
1.0
 70
     8
 71
     3
 72
     8
 73
     4
 74
     0
 42
0.0000001
 43
0.0000000001
 40
0.0
 40
0.0
 40
0.0
 40
0.0
 40
1.0
 40
1.0
 40
1.0
 40
1.0
 10
15.44747610270002
 20
119.79058663628
 30
0.0
 10
15.31275589716
 20
119.79058663628
 30
0.0
 10
15.20702560062
 20
119.82810369866
 30
0.0
 10
15.13199172732001
 20
119.90484310322
 30
0.0
  0
SPLINE
  5
906
330
8E9
100
AcDbEntity
  8
03___PRT_ALL_CURVES
  6
Continuous
 62
     4
100
AcDbSpline
210
0.0
220
0.0
230
1.0
 70
     8
 71
     3
 72
     8
 73
     4
 74
     0
 42
0.0000001
 43
0.0000000001
 40
0.0
 40
0.0
 40
0.0
 40
0.0
 40
1.0
 40
1.0
 40
1.0
 40
1.0
 10
15.13199172732001
 20
119.90484310322
 30
0.0
 10
15.0569577956
 20
119.9815825662
 30
0.0
 10
15.01944084244002
 20
120.0873124157
 30
0.0
 10
15.01944084244002
 20
120.22373805852
 30
0.0
  0
SPLINE
  5
907
330
8E9
100
AcDbEntity
  8
03___PRT_ALL_CURVES
  6
Continuous
 62
     4
100
AcDbSpline
210
0.0
220
0.0
230
1.0
 70
     8
 71
     3
 72
     8
 73
     4
 74
     0
 42
0.0000001
 43
0.0000000001
 40
0.0
 40
0.0
 40
0.0
 40
0.0
 40
1.0
 40
1.0
 40
1.0
 40
1.0
 10
14.24863596038
 20
120.25954979538
 30
0.0
 10
14.24863596038
 20
120.1367666856
 30
0.0
 10
14.27251000712002
 20
119.9969303892
 30
0.0
 10
14.31999090276003
 20
119.8365512332
 30
0.0
  0
SPLINE
  5
908
330
8E9
100
AcDbEntity
  8
03___PRT_ALL_CURVES
  6
Continuous
 62
     4
100
AcDbSpline
210
0.0
220
0.0
230
1.0
 70
     8
 71
     3
 72
     8
 73
     4
 74
     0
 42
0.0000001
 43
0.0000000001
 40
0.0
 40
0.0
 40
0.0
 40
0.0
 40
1.0
 40
1.0
 40
1.0
 40
1.0
 10
14.31999090276003
 20
119.8365512332
 30
0.0
 10
14.34924979522003
 20
119.7377216747
 30
0.0
 10
14.40381963528003
 20
119.6422237453
 30
0.0
 10
14.48439070096001
 20
119.54879558824
 30
0.0
  0
SPLINE
  5
909
330
8E9
100
AcDbEntity
  8
03___PRT_ALL_CURVES
  6
Continuous
 62
     4
100
AcDbSpline
210
0.0
220
0.0
230
1.0
 70
     8
 71
     3
 72
     8
 73
     4
 74
     0
 42
0.0000001
 43
0.0000000001
 40
0.0
 40
0.0
 40
0.0
 40
0.0
 40
1.0
 40
1.0
 40
1.0
 40
1.0
 10
14.48439070096001
 20
119.54879558824
 30
0.0
 10
14.56411976934004
 20
119.45634379194
 30
0.0
 10
14.65279657954
 20
119.38472032584
 30
0.0
 10
14.74981166364
 20
119.3332078914
 30
0.0
  0
SPLINE
  5
90A
330
8E9
100
AcDbEntity
  8
03___PRT_ALL_CURVES
  6
Continuous
 62
     4
100
AcDbSpline
210
0.0
220
0.0
230
1.0
 70
     8
 71
     3
 72
     8
 73
     4
 74
     0
 42
0.0000001
 43
0.0000000001
 40
0.0
 40
0.0
 40
0.0
 40
0.0
 40
1.0
 40
1.0
 40
1.0
 40
1.0
 10
14.74981166364
 20
119.3332078914
 30
0.0
 10
14.84549780195999
 20
119.28240109182
 30
0.0
 10
14.96657569544001
 20
119.25000000092
 30
0.0
 10
15.10982235078004
 20
119.23294682954
 30
0.0
  0
SPLINE
  5
90B
330
8E9
100
AcDbEntity
  8
03___PRT_ALL_CURVES
  6
Continuous
 62
     4
100
AcDbSpline
210
0.0
220
0.0
230
1.0
 70
     8
 71
     3
 72
     8
 73
     4
 74
     0
 42
0.0000001
 43
0.0000000001
 40
0.0
 40
0.0
 40
0.0
 40
0.0
 40
1.0
 40
1.0
 40
1.0
 40
1.0
 10
15.10982235078004
 20
119.23294682954
 30
0.0
 10
15.25306959286002
 20
119.21589358958
 30
0.0
 10
15.38608451098
 20
119.20736698484
 30
0.0
 10
15.50886769441999
 20
119.20736698484
 30
0.0
  0
SPLINE
  5
90C
330
8E9
100
AcDbEntity
  8
03___PRT_ALL_CURVES
  6
Continuous
 62
     4
100
AcDbSpline
210
0.0
220
0.0
230
1.0
 70
     8
 71
     3
 72
     8
 73
     4
 74
     0
 42
0.0000001
 43
0.0000000001
 40
0.0
 40
0.0
 40
0.0
 40
0.0
 40
1.0
 40
1.0
 40
1.0
 40
1.0
 10
15.50886769441999
 20
119.20736698484
 30
0.0
 10
15.71862180374004
 20
119.20736698484
 30
0.0
 10
15.89938600152001
 20
119.23635743486
 30
0.0
 10
16.04886530378002
 20
119.29080354136
 30
0.0
  0
SPLINE
  5
90D
330
8E9
100
AcDbEntity
  8
03___PRT_ALL_CURVES
  6
Continuous
 62
     4
100
AcDbSpline
210
0.0
220
0.0
230
1.0
 70
     8
 71
     3
 72
     8
 73
     4
 74
     0
 42
0.0000001
 43
0.0000000001
 40
0.0
 40
0.0
 40
0.0
 40
0.0
 40
1.0
 40
1.0
 40
1.0
 40
1.0
 10
16.04886530378002
 20
119.29080354136
 30
0.0
 10
16.15688939303999
 20
119.33015006668
 30
0.0
 10
16.25920851530003
 20
119.39836288936
 30
0.0
 10
16.35811705764002
 20
119.49727149012
 30
0.0
  0
SPLINE
  5
90E
330
8E9
100
AcDbEntity
  8
03___PRT_ALL_CURVES
  6
Continuous
 62
     4
100
AcDbSpline
210
0.0
220
0.0
230
1.0
 70
     8
 71
     3
 72
     8
 73
     4
 74
     0
 42
0.0000001
 43
0.0000000001
 40
0.0
 40
0.0
 40
0.0
 40
0.0
 40
1.0
 40
1.0
 40
1.0
 40
1.0
 10
16.35811705764002
 20
119.49727149012
 30
0.0
 10
16.45702560252002
 20
119.59618008834
 30
0.0
 10
16.52864952328002
 20
119.71043656798
 30
0.0
 10
16.57469318532003
 20
119.84174614026
 30
0.0
  0
SPLINE
  5
90F
330
8E9
100
AcDbEntity
  8
03___PRT_ALL_CURVES
  6
Continuous
 62
     4
100
AcDbSpline
210
0.0
220
0.0
230
1.0
 70
     8
 71
     3
 72
     8
 73
     4
 74
     0
 42
0.0000001
 43
0.0000000001
 40
0.0
 40
0.0
 40
0.0
 40
0.0
 40
1.0
 40
1.0
 40
1.0
 40
1.0
 10
16.57469318532003
 20
119.84174614026
 30
0.0
 10
16.62073691086002
 20
119.97305589796
 30
0.0
 10
16.64461095505999
 20
120.11118690694
 30
0.0
 10
16.64461095505999
 20
120.25954979538
 30
0.0
  0
SPLINE
  5
910
330
8E9
100
AcDbEntity
  8
03___PRT_ALL_CURVES
  6
Continuous
 62
     4
100
AcDbSpline
210
0.0
220
0.0
230
1.0
 70
     8
 71
     3
 72
     8
 73
     4
 74
     0
 42
0.0000001
 43
0.0000000001
 40
0.0
 40
0.0
 40
0.0
 40
0.0
 40
1.0
 40
1.0
 40
1.0
 40
1.0
 10
18.29024572576003
 20
121.16336974542
 30
0.0
 10
18.03615291416
 20
120.84788533956
 30
0.0
 10
17.85027284903998
 20
120.55286499742
 30
0.0
 10
17.73358813956
 20
120.2769096743
 30
0.0
  0
SPLINE
  5
911
330
8E9
100
AcDbEntity
  8
03___PRT_ALL_CURVES
  6
Continuous
 62
     4
100
AcDbSpline
210
0.0
220
0.0
230
1.0
 70
     8
 71
     3
 72
     8
 73
     4
 74
     0
 42
0.0000001
 43
0.0000000001
 40
0.0
 40
0.0
 40
0.0
 40
0.0
 40
1.0
 40
1.0
 40
1.0
 40
1.0
 10
17.73358813956
 20
120.2769096743
 30
0.0
 10
17.61664409861999
 20
120.00034104278
 30
0.0
 10
17.53137786580004
 20
119.6575716064
 30
0.0
 10
17.47680742884003
 20
119.25000000092
 30
0.0
  0
SPLINE
  5
912
330
8E9
100
AcDbEntity
  8
03___PRT_ALL_CURVES
  6
Continuous
 62
     4
100
AcDbSpline
210
0.0
220
0.0
230
1.0
 70
     8
 71
     3
 72
     8
 73
     4
 74
     0
 42
0.0000001
 43
0.0000000001
 40
0.0
 40
0.0
 40
0.0
 40
0.0
 40
1.0
 40
1.0
 40
1.0
 40
1.0
 10
18.16916782974002
 20
119.25000000092
 30
0.0
 10
18.19133718088003
 20
119.54331514708
 30
0.0
 10
18.23567528880002
 20
119.7974079028
 30
0.0
 10
18.30071665478002
 20
120.01271692608
 30
0.0
  0
SPLINE
  5
913
330
8E9
100
AcDbEntity
  8
03___PRT_ALL_CURVES
  6
Continuous
 62
     4
100
AcDbSpline
210
0.0
220
0.0
230
1.0
 70
     8
 71
     3
 72
     8
 73
     4
 74
     0
 42
0.0000001
 43
0.0000000001
 40
0.0
 40
0.0
 40
0.0
 40
0.0
 40
1.0
 40
1.0
 40
1.0
 40
1.0
 10
18.30071665478002
 20
120.01271692608
 30
0.0
 10
18.38403840330002
 20
120.28854023016
 30
0.0
 10
18.49829454511999
 20
120.53922238818
 30
0.0
 10
18.64172335655999
 20
120.76420882162
 30
0.0
  0
SPLINE
  5
914
330
8E9
100
AcDbEntity
  8
03___PRT_ALL_CURVES
  6
Continuous
 62
     4
100
AcDbSpline
210
0.0
220
0.0
230
1.0
 70
     8
 71
     3
 72
     8
 73
     4
 74
     0
 42
0.0000001
 43
0.0000000001
 40
0.0
 40
0.0
 40
0.0
 40
0.0
 40
1.0
 40
1.0
 40
1.0
 40
1.0
 10
18.64172335655999
 20
120.76420882162
 30
0.0
 10
18.75920851402
 20
120.94849932172
 30
0.0
 10
18.90586574165999
 20
121.12073662774
 30
0.0
 10
19.08321936206002
 20
121.28103676434
 30
0.0
  0
SPLINE
  5
915
330
8E9
100
AcDbEntity
  8
03___PRT_ALL_CURVES
  6
Continuous
 62
     4
100
AcDbSpline
210
0.0
220
0.0
230
1.0
 70
     8
 71
     3
 72
     8
 73
     4
 74
     0
 42
0.0000001
 43
0.0000000001
 40
0.0
 40
0.0
 40
0.0
 40
0.0
 40
1.0
 40
1.0
 40
1.0
 40
1.0
 10
19.37312443376004
 20
120.51023188228
 30
0.0
 10
19.37312443376004
 20
120.31582537244
 30
0.0
 10
19.38847143888
 20
120.14017733918
 30
0.0
 10
19.42257840902002
 20
119.97987720258
 30
0.0
  0
SPLINE
  5
916
330
8E9
100
AcDbEntity
  8
03___PRT_ALL_CURVES
  6
Continuous
 62
     4
100
AcDbSpline
210
0.0
220
0.0
230
1.0
 70
     8
 71
     3
 72
     8
 73
     4
 74
     0
 42
0.0000001
 43
0.0000000001
 40
0.0
 40
0.0
 40
0.0
 40
0.0
 40
1.0
 40
1.0
 40
1.0
 40
1.0
 10
19.42257840902002
 20
119.97987720258
 30
0.0
 10
19.45668537915998
 20
119.81957706852
 30
0.0
 10
19.50272877449999
 20
119.69508866878
 30
0.0
 10
19.56278319846001
 20
119.60214711984
 30
0.0
  0
SPLINE
  5
917
330
8E9
100
AcDbEntity
  8
03___PRT_ALL_CURVES
  6
Continuous
 62
     4
100
AcDbSpline
210
0.0
220
0.0
230
1.0
 70
     8
 71
     3
 72
     8
 73
     4
 74
     0
 42
0.0000001
 43
0.0000000001
 40
0.0
 40
0.0
 40
0.0
 40
0.0
 40
1.0
 40
1.0
 40
1.0
 40
1.0
 10
19.56278319846001
 20
119.60214711984
 30
0.0
 10
19.64597542476002
 20
119.47339699888
 30
0.0
 10
19.75341041182003
 20
119.37448840828
 30
0.0
 10
19.88301475256
 20
119.3079809035
 30
0.0
  0
SPLINE
  5
918
330
8E9
100
AcDbEntity
  8
03___PRT_ALL_CURVES
  6
Continuous
 62
     4
100
AcDbSpline
210
0.0
220
0.0
230
1.0
 70
     8
 71
     3
 72
     8
 73
     4
 74
     0
 42
0.0000001
 43
0.0000000001
 40
0.0
 40
0.0
 40
0.0
 40
0.0
 40
1.0
 40
1.0
 40
1.0
 40
1.0
 10
19.88301475256
 20
119.3079809035
 30
0.0
 10
20.01261909076004
 20
119.24147339618
 30
0.0
 10
20.18144567208
 20
119.20736698484
 30
0.0
 10
20.39290626261999
 20
119.20736698484
 30
0.0
  0
SPLINE
  5
919
330
8E9
100
AcDbEntity
  8
03___PRT_ALL_CURVES
  6
Continuous
 62
     4
100
AcDbSpline
210
0.0
220
0.0
230
1.0
 70
     8
 71
     3
 72
     8
 73
     4
 74
     0
 42
0.0000001
 43
0.0000000001
 40
0.0
 40
0.0
 40
0.0
 40
0.0
 40
1.0
 40
1.0
 40
1.0
 40
1.0
 10
20.39290626261999
 20
119.20736698484
 30
0.0
 10
20.76807577898001
 20
119.20736698484
 30
0.0
 10
21.03240091961999
 20
119.3113915393
 30
0.0
 10
21.18628524482003
 20
119.5225548584
 30
0.0
  0
SPLINE
  5
91A
330
8E9
100
AcDbEntity
  8
03___PRT_ALL_CURVES
  6
Continuous
 62
     4
100
AcDbSpline
210
0.0
220
0.0
230
1.0
 70
     8
 71
     3
 72
     8
 73
     4
 74
     0
 42
0.0000001
 43
0.0000000001
 40
0.0
 40
0.0
 40
0.0
 40
0.0
 40
1.0
 40
1.0
 40
1.0
 40
1.0
 10
21.18628524482003
 20
119.5225548584
 30
0.0
 10
21.33935888076002
 20
119.7326057337
 30
0.0
 10
21.41609866886
 20
120.06514321188
 30
0.0
 10
21.41609866886
 20
120.51875847432
 30
0.0
  0
SPLINE
  5
91B
330
8E9
100
AcDbEntity
  8
03___PRT_ALL_CURVES
  6
Continuous
 62
     4
100
AcDbSpline
210
0.0
220
0.0
230
1.0
 70
     8
 71
     3
 72
     8
 73
     4
 74
     0
 42
0.0000001
 43
0.0000000001
 40
0.0
 40
0.0
 40
0.0
 40
0.0
 40
1.0
 40
1.0
 40
1.0
 40
1.0
 10
21.41609866886
 20
120.51875847432
 30
0.0
 10
21.41609866886
 20
120.71998628878
 30
0.0
 10
21.39222343086001
 20
120.91439294848
 30
0.0
 10
21.34617059942002
 20
121.10197583468
 30
0.0
  0
SPLINE
  5
91C
330
8E9
100
AcDbEntity
  8
03___PRT_ALL_CURVES
  6
Continuous
 62
     4
100
AcDbSpline
210
0.0
220
0.0
230
1.0
 70
     8
 71
     3
 72
     8
 73
     4
 74
     0
 42
0.0000001
 43
0.0000000001
 40
0.0
 40
0.0
 40
0.0
 40
0.0
 40
1.0
 40
1.0
 40
1.0
 40
1.0
 10
21.34617059942002
 20
121.10197583468
 30
0.0
 10
21.32230599132001
 20
121.19918140862
 30
0.0
 10
21.28990490550001
 20
121.28444749158
 30
0.0
 10
21.25068220264001
 20
121.35777600634
 30
0.0
  0
SPLINE
  5
91D
330
8E9
100
AcDbEntity
  8
03___PRT_ALL_CURVES
  6
Continuous
 62
     4
100
AcDbSpline
210
0.0
220
0.0
230
1.0
 70
     8
 71
     3
 72
     8
 73
     4
 74
     0
 42
0.0000001
 43
0.0000000001
 40
0.0
 40
0.0
 40
0.0
 40
0.0
 40
1.0
 40
1.0
 40
1.0
 40
1.0
 10
21.25068220264001
 20
121.35777600634
 30
0.0
 10
21.21145923308001
 20
121.4311050164
 30
0.0
 10
21.15859468298001
 20
121.5010232027
 30
0.0
 10
21.09038197205999
 20
121.56753069986
 30
0.0
  0
SPLINE
  5
91E
330
8E9
100
AcDbEntity
  8
03___PRT_ALL_CURVES
  6
Continuous
 62
     4
100
AcDbSpline
210
0.0
220
0.0
230
1.0
 70
     8
 71
     3
 72
     8
 73
     4
 74
     0
 42
0.0000001
 43
0.0000000001
 40
0.0
 40
0.0
 40
0.0
 40
0.0
 40
1.0
 40
1.0
 40
1.0
 40
1.0
 10
21.09038197205999
 20
121.56753069986
 30
0.0
 10
21.02216918748002
 20
121.63403826814
 30
0.0
 10
20.93349297163999
 20
121.68860840792
 30
0.0
 10
20.82595069243999
 20
121.72925426516
 30
0.0
  0
SPLINE
  5
91F
330
8E9
100
AcDbEntity
  8
03___PRT_ALL_CURVES
  6
Continuous
 62
     4
100
AcDbSpline
210
0.0
220
0.0
230
1.0
 70
     8
 71
     3
 72
     8
 73
     4
 74
     0
 42
0.0000001
 43
0.0000000001
 40
0.0
 40
0.0
 40
0.0
 40
0.0
 40
1.0
 40
1.0
 40
1.0
 40
1.0
 10
20.82595069243999
 20
121.72925426516
 30
0.0
 10
20.71691711066001
 20
121.77046376364
 30
0.0
 10
20.57878573084002
 20
121.79263311478
 30
0.0
 10
20.41166384511999
 20
121.79263311478
 30
0.0
  0
SPLINE
  5
920
330
8E9
100
AcDbEntity
  8
03___PRT_ALL_CURVES
  6
Continuous
 62
     4
100
AcDbSpline
210
0.0
220
0.0
230
1.0
 70
     8
 71
     3
 72
     8
 73
     4
 74
     0
 42
0.0000001
 43
0.0000000001
 40
0.0
 40
0.0
 40
0.0
 40
0.0
 40
1.0
 40
1.0
 40
1.0
 40
1.0
 10
20.41166384511999
 20
121.79263311478
 30
0.0
 10
20.06036837296
 20
121.79263311478
 30
0.0
 10
19.79945380970003
 20
121.69713499996
 30
0.0
 10
19.62934647402002
 20
121.50746514308
 30
0.0
  0
SPLINE
  5
921
330
8E9
100
AcDbEntity
  8
03___PRT_ALL_CURVES
  6
Continuous
 62
     4
100
AcDbSpline
210
0.0
220
0.0
230
1.0
 70
     8
 71
     3
 72
     8
 73
     4
 74
     0
 42
0.0000001
 43
0.0000000001
 40
0.0
 40
0.0
 40
0.0
 40
0.0
 40
1.0
 40
1.0
 40
1.0
 40
1.0
 10
19.62934647402002
 20
121.50746514308
 30
0.0
 10
19.45839006968001
 20
121.31684857486
 30
0.0
 10
19.37312443376004
 20
120.98431098492
 30
0.0
 10
19.37312443376004
 20
120.51023188228
 30
0.0
  0
SPLINE
  5
922
330
8E9
100
AcDbEntity
  8
03___PRT_ALL_CURVES
  6
Continuous
 62
     4
100
AcDbSpline
210
0.0
220
0.0
230
1.0
 70
     8
 71
     3
 72
     8
 73
     4
 74
     0
 42
0.0000001
 43
0.0000000001
 40
0.0
 40
0.0
 40
0.0
 40
0.0
 40
1.0
 40
1.0
 40
1.0
 40
1.0
 10
20.06207306602002
 20
120.50852659232
 30
0.0
 10
20.06207306602002
 20
120.8223055609
 30
0.0
 10
20.08765299453998
 20
121.03888127202
 30
0.0
 10
20.13881288205999
 20
121.15484313814
 30
0.0
  0
SPLINE
  5
923
330
8E9
100
AcDbEntity
  8
03___PRT_ALL_CURVES
  6
Continuous
 62
     4
100
AcDbSpline
210
0.0
220
0.0
230
1.0
 70
     8
 71
     3
 72
     8
 73
     4
 74
     0
 42
0.0000001
 43
0.0000000001
 40
0.0
 40
0.0
 40
0.0
 40
0.0
 40
1.0
 40
1.0
 40
1.0
 40
1.0
 10
20.13881288205999
 20
121.15484313814
 30
0.0
 10
20.18997271370003
 20
121.27080488234
 30
0.0
 10
20.27182777224002
 20
121.3304911841
 30
0.0
 10
20.38778980092002
 20
121.3304911841
 30
0.0
  0
SPLINE
  5
924
330
8E9
100
AcDbEntity
  8
03___PRT_ALL_CURVES
  6
Continuous
 62
     4
100
AcDbSpline
210
0.0
220
0.0
230
1.0
 70
     8
 71
     3
 72
     8
 73
     4
 74
     0
 42
0.0000001
 43
0.0000000001
 40
0.0
 40
0.0
 40
0.0
 40
0.0
 40
1.0
 40
1.0
 40
1.0
 40
1.0
 10
20.38778980092002
 20
121.3304911841
 30
0.0
 10
20.50034124968005
 20
121.3304911841
 30
0.0
 10
20.58390219507999
 20
121.27251016976
 30
0.0
 10
20.64017732255999
 20
121.15825372822
 30
0.0
  0
SPLINE
  5
925
330
8E9
100
AcDbEntity
  8
03___PRT_ALL_CURVES
  6
Continuous
 62
     4
100
AcDbSpline
210
0.0
220
0.0
230
1.0
 70
     8
 71
     3
 72
     8
 73
     4
 74
     0
 42
0.0000001
 43
0.0000000001
 40
0.0
 40
0.0
 40
0.0
 40
0.0
 40
1.0
 40
1.0
 40
1.0
 40
1.0
 10
20.64017732255999
 20
121.15825372822
 30
0.0
 10
20.69645245257999
 20
121.04399728668
 30
0.0
 10
20.72544296102001
 20
120.82060027094
 30
0.0
 10
20.72544296102001
 20
120.48976804208
 30
0.0
  0
SPLINE
  5
926
330
8E9
100
AcDbEntity
  8
03___PRT_ALL_CURVES
  6
Continuous
 62
     4
100
AcDbSpline
210
0.0
220
0.0
230
1.0
 70
     8
 71
     3
 72
     8
 73
     4
 74
     0
 42
0.0000001
 43
0.0000000001
 40
0.0
 40
0.0
 40
0.0
 40
0.0
 40
1.0
 40
1.0
 40
1.0
 40
1.0
 10
20.72544296102001
 20
120.48976804208
 30
0.0
 10
20.72544296102001
 20
120.26296044896
 30
0.0
 10
20.71180064896001
 20
120.09583900774
 30
0.0
 10
20.68810794806001
 20
119.99006870112
 30
0.0
  0
SPLINE
  5
927
330
8E9
100
AcDbEntity
  8
03___PRT_ALL_CURVES
  6
Continuous
 62
     4
100
AcDbSpline
210
0.0
220
0.0
230
1.0
 70
     8
 71
     3
 72
     8
 73
     4
 74
     0
 42
0.0000001
 43
0.0000000001
 40
0.0
 40
0.0
 40
0.0
 40
0.0
 40
1.0
 40
1.0
 40
1.0
 40
1.0
 10
20.68810794806001
 20
119.99006870112
 30
0.0
 10
20.66405136676002
 20
119.88267394766
 30
0.0
 10
20.62482912618003
 20
119.80422920742
 30
0.0
 10
20.57366955615998
 20
119.7547745997
 30
0.0
  0
SPLINE
  5
928
330
8E9
100
AcDbEntity
  8
03___PRT_ALL_CURVES
  6
Continuous
 62
     4
100
AcDbSpline
210
0.0
220
0.0
230
1.0
 70
     8
 71
     3
 72
     8
 73
     4
 74
     0
 42
0.0000001
 43
0.0000000001
 40
0.0
 40
0.0
 40
0.0
 40
0.0
 40
1.0
 40
1.0
 40
1.0
 40
1.0
 10
20.57366955615998
 20
119.7547745997
 30
0.0
 10
20.52251060082003
 20
119.70532058888
 30
0.0
 10
20.4611190091
 20
119.68144609764
 30
0.0
 10
20.39120037830003
 20
119.68144609764
 30
0.0
  0
SPLINE
  5
929
330
8E9
100
AcDbEntity
  8
03___PRT_ALL_CURVES
  6
Continuous
 62
     4
100
AcDbSpline
210
0.0
220
0.0
230
1.0
 70
     8
 71
     3
 72
     8
 73
     4
 74
     0
 42
0.0000001
 43
0.0000000001
 40
0.0
 40
0.0
 40
0.0
 40
0.0
 40
1.0
 40
1.0
 40
1.0
 40
1.0
 10
20.39120037830003
 20
119.68144609764
 30
0.0
 10
20.28376538870003
 20
119.68144609764
 30
0.0
 10
20.20191033015999
 20
119.73942700022
 30
0.0
 10
20.14563449148
 20
119.85538903906
 30
0.0
  0
SPLINE
  5
92A
330
8E9
100
AcDbEntity
  8
03___PRT_ALL_CURVES
  6
Continuous
 62
     4
100
AcDbSpline
210
0.0
220
0.0
230
1.0
 70
     8
 71
     3
 72
     8
 73
     4
 74
     0
 42
0.0000001
 43
0.0000000001
 40
0.0
 40
0.0
 40
0.0
 40
0.0
 40
1.0
 40
1.0
 40
1.0
 40
1.0
 10
20.14563449148
 20
119.85538903906
 30
0.0
 10
20.08935887886
 20
119.97135061054
 30
0.0
 10
20.06207306602002
 20
120.18963168528
 30
0.0
 10
20.06207306602002
 20
120.50852659232
 30
0.0
  0
SPLINE
  5
92B
330
8E9
100
AcDbEntity
  8
03___PRT_ALL_CURVES
  6
Continuous
 62
     4
100
AcDbSpline
210
0.0
220
0.0
230
1.0
 70
     8
 71
     3
 72
     8
 73
     4
 74
     0
 42
0.0000001
 43
0.0000000001
 40
0.0
 40
0.0
 40
0.0
 40
0.0
 40
1.0
 40
1.0
 40
1.0
 40
1.0
 10
22.70191033142001
 20
121.79263311478
 30
0.0
 10
22.62687523638002
 20
121.6357435581
 30
0.0
 10
22.52455671102001
 20
121.50272849266
 30
0.0
 10
22.39502873792
 20
121.3969052372
 30
0.0
  0
SPLINE
  5
92C
330
8E9
100
AcDbEntity
  8
03___PRT_ALL_CURVES
  6
Continuous
 62
     4
100
AcDbSpline
210
0.0
220
0.0
230
1.0
 70
     8
 71
     3
 72
     8
 73
     4
 74
     0
 42
0.0000001
 43
0.0000000001
 40
0.0
 40
0.0
 40
0.0
 40
0.0
 40
1.0
 40
1.0
 40
1.0
 40
1.0
 10
22.39502873792
 20
121.3969052372
 30
0.0
 10
22.26364214522002
 20
121.28956350624
 30
0.0
 10
22.07946737006
 20
121.19747611866
 30
0.0
 10
21.84413392658001
 20
121.12244206756
 30
0.0
  0
SPLINE
  5
92D
330
8E9
100
AcDbEntity
  8
03___PRT_ALL_CURVES
  6
Continuous
 62
     4
100
AcDbSpline
210
0.0
220
0.0
230
1.0
 70
     8
 71
     3
 72
     8
 73
     4
 74
     0
 42
0.0000001
 43
0.0000000001
 40
0.0
 40
0.0
 40
0.0
 40
0.0
 40
1.0
 40
1.0
 40
1.0
 40
1.0
 10
21.84413392658001
 20
120.55286499742
 30
0.0
 10
22.00443346628003
 20
120.60061398244
 30
0.0
 10
22.13744838440002
 20
120.6517735423
 30
0.0
 10
22.24352084942001
 20
120.70566495344
 30
0.0
  0
SPLINE
  5
92E
330
8E9
100
AcDbEntity
  8
03___PRT_ALL_CURVES
  6
Continuous
 62
     4
100
AcDbSpline
210
0.0
220
0.0
230
1.0
 70
     8
 71
     3
 72
     8
 73
     4
 74
     0
 42
0.0000001
 43
0.0000000001
 40
0.0
 40
0.0
 40
0.0
 40
0.0
 40
1.0
 40
1.0
 40
1.0
 40
1.0
 10
22.24352084942001
 20
120.70566495344
 30
0.0
 10
22.34890897494
 20
120.75920867922
 30
0.0
 10
22.45975453938001
 20
120.82912686552
 30
0.0
 10
22.57401068374003
 20
120.9160982359
 30
0.0
  0
SPLINE
  5
92F
330
8E9
100
AcDbEntity
  8
03___PRT_ALL_CURVES
  6
Continuous
 62
     4
100
AcDbSpline
210
0.0
220
0.0
230
1.0
 70
     8
 71
     3
 72
     8
 73
     4
 74
     0
 42
0.0000001
 43
0.0000000001
 40
0.0
 40
0.0
 40
0.0
 40
0.0
 40
1.0
 40
1.0
 40
1.0
 40
1.0
 10
30.88908615922003
 20
47.37046389489997
 30
0.0
 10
30.85306931227998
 20
47.2951569081
 30
0.0
 10
30.80395642092003
 20
47.23130967485999
 30
0.0
 10
30.74178299434001
 20
47.18051451356
 30
0.0
  0
SPLINE
  5
930
330
8E9
100
AcDbEntity
  8
03___PRT_ALL_CURVES
  6
Continuous
 62
     4
100
AcDbSpline
210
0.0
220
0.0
230
1.0
 70
     8
 71
     3
 72
     8
 73
     4
 74
     0
 42
0.0000001
 43
0.0000000001
 40
0.0
 40
0.0
 40
0.0
 40
0.0
 40
1.0
 40
1.0
 40
1.0
 40
1.0
 10
30.74178299434001
 20
47.18051451356
 30
0.0
 10
30.67871743086002
 20
47.12899048402001
 30
0.0
 10
30.59031353857998
 20
47.08478853787999
 30
0.0
 10
30.4773534851
 20
47.04877219132
 30
0.0
  0
SPLINE
  5
931
330
8E9
100
AcDbEntity
  8
03___PRT_ALL_CURVES
  6
Continuous
 62
     4
100
AcDbSpline
210
0.0
220
0.0
230
1.0
 70
     8
 71
     3
 72
     8
 73
     4
 74
     0
 42
0.0000001
 43
0.0000000001
 40
0.0
 40
0.0
 40
0.0
 40
0.0
 40
1.0
 40
1.0
 40
1.0
 40
1.0
 10
30.4773534851
 20
46.77537519938001
 30
0.0
 10
30.55429755016002
 20
46.79829471158003
 30
0.0
 10
30.61814442526
 20
46.82285129950002
 30
0.0
 10
30.66905920785999
 20
46.84871917766002
 30
0.0
  0
SPLINE
  5
932
330
8E9
100
AcDbEntity
  8
03___PRT_ALL_CURVES
  6
Continuous
 62
     4
100
AcDbSpline
210
0.0
220
0.0
230
1.0
 70
     8
 71
     3
 72
     8
 73
     4
 74
     0
 42
0.0000001
 43
0.0000000001
 40
0.0
 40
0.0
 40
0.0
 40
0.0
 40
1.0
 40
1.0
 40
1.0
 40
1.0
 10
30.66905920785999
 20
46.84871917766002
 30
0.0
 10
30.71964550750002
 20
46.87442016512001
 30
0.0
 10
30.77285138026002
 20
46.90798089556002
 30
0.0
 10
30.82769432873999
 20
46.94972715445998
 30
0.0
  0
LINE
  5
933
330
8E9
100
AcDbEntity
  8
03___PRT_ALL_CURVES
  6
Continuous
 62
     4
100
AcDbLine
 10
30.86452942651999
 20
27.67175989639999
 30
0.0
 11
30.9441275833
 21
27.74436139966001
 31
0.0
  0
LINE
  5
934
330
8E9
100
AcDbEntity
  8
03___PRT_ALL_CURVES
  6
Continuous
 62
     4
100
AcDbLine
 10
30.9441275833
 20
27.74436139966001
 30
0.0
 11
31.07883650108002
 21
27.8422387401
 31
0.0
  0
SPLINE
  5
935
330
8E9
100
AcDbEntity
  8
03___PRT_ALL_CURVES
  6
Continuous
 62
     4
100
AcDbSpline
210
0.0
220
0.0
230
1.0
 70
     8
 71
     3
 72
     8
 73
     4
 74
     0
 42
0.0000001
 43
0.0000000001
 40
0.0
 40
0.0
 40
0.0
 40
0.0
 40
1.0
 40
1.0
 40
1.0
 40
1.0
 10
31.07883650108002
 20
27.8422387401
 30
0.0
 10
31.19195061572003
 20
27.92141882049999
 30
0.0
 10
31.26971379014
 20
27.99427012260001
 30
0.0
 10
31.31246379607998
 20
28.06127287404003
 30
0.0
  0
SPLINE
  5
936
330
8E9
100
AcDbEntity
  8
03___PRT_ALL_CURVES
  6
Continuous
 62
     4
100
AcDbSpline
210
0.0
220
0.0
230
1.0
 70
     8
 71
     3
 72
     8
 73
     4
 74
     0
 42
0.0000001
 43
0.0000000001
 40
0.0
 40
0.0
 40
0.0
 40
0.0
 40
1.0
 40
1.0
 40
1.0
 40
1.0
 10
31.31246379607998
 20
28.06127287404003
 30
0.0
 10
31.35484295693999
 20
28.12769439220001
 30
0.0
 10
31.37694378650002
 20
28.19727146665998
 30
0.0
 10
31.37694378650002
 20
28.27094130408001
 30
0.0
  0
SPLINE
  5
937
330
8E9
100
AcDbEntity
  8
03___PRT_ALL_CURVES
  6
Continuous
 62
     4
100
AcDbSpline
210
0.0
220
0.0
230
1.0
 70
     8
 71
     3
 72
     8
 73
     4
 74
     0
 42
0.0000001
 43
0.0000000001
 40
0.0
 40
0.0
 40
0.0
 40
0.0
 40
1.0
 40
1.0
 40
1.0
 40
1.0
 10
31.37694378650002
 20
28.27094130408001
 30
0.0
 10
31.37694378650002
 20
28.33969984068001
 30
0.0
 10
31.35811711092001
 20
28.40109138414
 30
0.0
 10
31.32046374452
 20
28.45675307622001
 30
0.0
  0
SPLINE
  5
938
330
8E9
100
AcDbEntity
  8
03___PRT_ALL_CURVES
  6
Continuous
 62
     4
100
AcDbSpline
210
0.0
220
0.0
230
1.0
 70
     8
 71
     3
 72
     8
 73
     4
 74
     0
 42
0.0000001
 43
0.0000000001
 40
0.0
 40
0.0
 40
0.0
 40
0.0
 40
1.0
 40
1.0
 40
1.0
 40
1.0
 10
31.32046374452
 20
28.45675307622001
 30
0.0
 10
31.2828104086
 20
28.51241471750002
 30
0.0
 10
31.23205986748002
 20
28.55334243854001
 30
0.0
 10
31.16643386208
 20
28.58000303800002
 30
0.0
  0
SPLINE
  5
939
330
8E9
100
AcDbEntity
  8
03___PRT_ALL_CURVES
  6
Continuous
 62
     4
100
AcDbSpline
210
0.0
220
0.0
230
1.0
 70
     8
 71
     3
 72
     8
 73
     4
 74
     0
 42
0.0000001
 43
0.0000000001
 40
0.0
 40
0.0
 40
0.0
 40
0.0
 40
1.0
 40
1.0
 40
1.0
 40
1.0
 10
31.16643386208
 20
28.58000303800002
 30
0.0
 10
31.10109139180003
 20
28.60654845100002
 30
0.0
 10
31.01023217042001
 20
28.62046389434001
 30
0.0
 10
30.89317856657999
 20
28.62046389434001
 30
0.0
  0
SPLINE
  5
93A
330
8E9
100
AcDbEntity
  8
03___PRT_ALL_CURVES
  6
Continuous
 62
     4
100
AcDbSpline
210
0.0
220
0.0
230
1.0
 70
     8
 71
     3
 72
     8
 73
     4
 74
     0
 42
0.0000001
 43
0.0000000001
 40
0.0
 40
0.0
 40
0.0
 40
0.0
 40
1.0
 40
1.0
 40
1.0
 40
1.0
 10
30.89317856657999
 20
28.62046389434001
 30
0.0
 10
30.78021851309998
 20
28.62046389434001
 30
0.0
 10
30.69263287420003
 20
28.60572991314002
 30
0.0
 10
30.62878569938002
 20
28.57789905693998
 30
0.0
  0
SPLINE
  5
93B
330
8E9
100
AcDbEntity
  8
03___PRT_ALL_CURVES
  6
Continuous
 62
     4
100
AcDbSpline
210
0.0
220
0.0
230
1.0
 70
     8
 71
     3
 72
     8
 73
     4
 74
     0
 42
0.0000001
 43
0.0000000001
 40
0.0
 40
0.0
 40
0.0
 40
0.0
 40
1.0
 40
1.0
 40
1.0
 40
1.0
 10
30.62878569938002
 20
28.57789905693998
 30
0.0
 10
30.5649385525
 20
28.55006821089999
 30
0.0
 10
30.51582537412
 20
28.50914049239999
 30
0.0
 10
30.48116258339999
 20
28.45694251704002
 30
0.0
  0
SPLINE
  5
93C
330
8E9
100
AcDbEntity
  8
03___PRT_ALL_CURVES
  6
Continuous
 62
     4
100
AcDbSpline
210
0.0
220
0.0
230
1.0
 70
     8
 71
     3
 72
     8
 73
     4
 74
     0
 42
0.0000001
 43
0.0000000001
 40
0.0
 40
0.0
 40
0.0
 40
0.0
 40
1.0
 40
1.0
 40
1.0
 40
1.0
 10
30.48116258339999
 20
28.45694251704002
 30
0.0
 10
30.44624815742003
 20
28.40436561177999
 30
0.0
 10
30.42251024960001
 20
28.33069577182
 30
0.0
 10
30.40941334665999
 20
28.23738064729999
 30
0.0
  0
SPLINE
  5
93D
330
8E9
100
AcDbEntity
  8
03___PRT_ALL_CURVES
  6
Continuous
 62
     4
100
AcDbSpline
210
0.0
220
0.0
230
1.0
 70
     8
 71
     3
 72
     8
 73
     4
 74
     0
 42
0.0000001
 43
0.0000000001
 40
0.0
 40
0.0
 40
0.0
 40
0.0
 40
1.0
 40
1.0
 40
1.0
 40
1.0
 10
30.74338341532001
 20
28.2103683696
 30
0.0
 10
30.75238762642002
 20
28.27748975682
 30
0.0
 10
30.77039547712002
 20
28.32496585693998
 30
0.0
 10
30.79761181334004
 20
28.35176976065999
 30
0.0
  0
SPLINE
  5
93E
330
8E9
100
AcDbEntity
  8
03___PRT_ALL_CURVES
  6
Continuous
 62
     4
100
AcDbSpline
210
0.0
220
0.0
230
1.0
 70
     8
 71
     3
 72
     8
 73
     4
 74
     0
 42
0.0000001
 43
0.0000000001
 40
0.0
 40
0.0
 40
0.0
 40
0.0
 40
1.0
 40
1.0
 40
1.0
 40
1.0
 10
30.79761181334004
 20
28.35176976065999
 30
0.0
 10
30.82442017476001
 20
28.37817187193998
 30
0.0
 10
30.85961819428002
 20
28.39208731527999
 30
0.0
 10
30.90218277768003
 20
28.39208731527999
 30
0.0
  0
SPLINE
  5
93F
330
8E9
100
AcDbEntity
  8
03___PRT_ALL_CURVES
  6
Continuous
 62
     4
100
AcDbSpline
210
0.0
220
0.0
230
1.0
 70
     8
 71
     3
 72
     8
 73
     4
 74
     0
 42
0.0000001
 43
0.0000000001
 40
0.0
 40
0.0
 40
0.0
 40
0.0
 40
1.0
 40
1.0
 40
1.0
 40
1.0
 10
30.90218277768003
 20
28.39208731527999
 30
0.0
 10
30.94311028282004
 20
28.39208731527999
 30
0.0
 10
30.97667122662
 20
28.37899048345999
 30
0.0
 10
31.00368342812001
 20
28.35279688839996
 30
0.0
  0
SPLINE
  5
940
330
8E9
100
AcDbEntity
  8
03___PRT_ALL_CURVES
  6
Continuous
 62
     4
100
AcDbSpline
210
0.0
220
0.0
230
1.0
 70
     8
 71
     3
 72
     8
 73
     4
 74
     0
 42
0.0000001
 43
0.0000000001
 40
0.0
 40
0.0
 40
0.0
 40
0.0
 40
1.0
 40
1.0
 40
1.0
 40
1.0
 10
31.00368342812001
 20
28.35279688839996
 30
0.0
 10
31.03069592426004
 20
28.32660300632001
 30
0.0
 10
31.0446113676
 20
28.29549796566
 30
0.0
 10
31.0446113676
 20
28.25948154797997
 30
0.0
  0
SPLINE
  5
941
330
8E9
100
AcDbEntity
  8
03___PRT_ALL_CURVES
  6
Continuous
 62
     4
100
AcDbSpline
210
0.0
220
0.0
230
1.0
 70
     8
 71
     3
 72
     8
 73
     4
 74
     0
 42
0.0000001
 43
0.0000000001
 40
0.0
 40
0.0
 40
0.0
 40
0.0
 40
1.0
 40
1.0
 40
1.0
 40
1.0
 10
31.0446113676
 20
28.25948154797997
 30
0.0
 10
31.0446113676
 20
28.22510235334001
 30
0.0
 10
31.03069592426004
 20
28.18990447606002
 30
0.0
 10
31.00341665445998
 20
28.15244667695997
 30
0.0
  0
SPLINE
  5
942
330
8E9
100
AcDbEntity
  8
03___PRT_ALL_CURVES
  6
Continuous
 62
     4
100
AcDbSpline
210
0.0
220
0.0
230
1.0
 70
     8
 71
     3
 72
     8
 73
     4
 74
     0
 42
0.0000001
 43
0.0000000001
 40
0.0
 40
0.0
 40
0.0
 40
0.0
 40
1.0
 40
1.0
 40
1.0
 40
1.0
 10
31.00341665445998
 20
28.15244667695997
 30
0.0
 10
30.97585240174001
 20
28.11459755784001
 30
0.0
 10
30.91364231788
 20
28.05893585560001
 30
0.0
 10
30.81624342454
 20
27.98689145562001
 30
0.0
  0
SPLINE
  5
943
330
8E9
100
AcDbEntity
  8
03___PRT_ALL_CURVES
  6
Continuous
 62
     4
100
AcDbSpline
210
0.0
220
0.0
230
1.0
 70
     8
 71
     3
 72
     8
 73
     4
 74
     0
 42
0.0000001
 43
0.0000000001
 40
0.0
 40
0.0
 40
0.0
 40
0.0
 40
1.0
 40
1.0
 40
1.0
 40
1.0
 10
30.81624342454
 20
27.98689145562001
 30
0.0
 10
30.65579834792001
 20
27.86821280804001
 30
0.0
 10
30.54693041732003
 20
27.7650750387
 30
0.0
 10
30.48881302276001
 20
27.67830831612001
 30
0.0
  0
SPLINE
  5
944
330
8E9
100
AcDbEntity
  8
03___PRT_ALL_CURVES
  6
Continuous
 62
     4
100
AcDbSpline
210
0.0
220
0.0
230
1.0
 70
     8
 71
     3
 72
     8
 73
     4
 74
     0
 42
0.0000001
 43
0.0000000001
 40
0.0
 40
0.0
 40
0.0
 40
0.0
 40
1.0
 40
1.0
 40
1.0
 40
1.0
 10
30.48881302276001
 20
27.67830831612001
 30
0.0
 10
30.43069563582
 20
27.59154160624
 30
0.0
 10
30.39631644118003
 20
27.49822646393999
 30
0.0
 10
30.38485661396001
 20
27.40000000050001
 30
0.0
  0
SPLINE
  5
945
330
8E9
100
AcDbEntity
  8
03___PRT_ALL_CURVES
  6
Continuous
 62
     4
100
AcDbSpline
210
0.0
220
0.0
230
1.0
 70
     8
 71
     3
 72
     8
 73
     4
 74
     0
 42
0.0000001
 43
0.0000000001
 40
0.0
 40
0.0
 40
0.0
 40
0.0
 40
1.0
 40
1.0
 40
1.0
 40
1.0
 10
10.47817189858
 20
120.27319233096
 30
0.0
 10
10.44406537547999
 20
120.11459755798
 30
0.0
 10
10.38778979841999
 20
119.99351981182
 30
0.0
 10
10.31318102968001
 20
119.91128053256
 30
0.0
  0
SPLINE
  5
946
330
8E9
100
AcDbEntity
  8
03___PRT_ALL_CURVES
  6
Continuous
 62
     4
100
AcDbSpline
210
0.0
220
0.0
230
1.0
 70
     8
 71
     3
 72
     8
 73
     4
 74
     0
 42
0.0000001
 43
0.0000000001
 40
0.0
 40
0.0
 40
0.0
 40
0.0
 40
1.0
 40
1.0
 40
1.0
 40
1.0
 10
10.31318102968001
 20
119.91128053256
 30
0.0
 10
10.23772169622004
 20
119.82810369866
 30
0.0
 10
10.12517054209999
 20
119.7871759827
 30
0.0
 10
9.978512867420022
 20
119.7871759827
 30
0.0
  0
SPLINE
  5
947
330
8E9
100
AcDbEntity
  8
03___PRT_ALL_CURVES
  6
Continuous
 62
     4
100
AcDbSpline
210
0.0
220
0.0
230
1.0
 70
     8
 71
     3
 72
     8
 73
     4
 74
     0
 42
0.0000001
 43
0.0000000001
 40
0.0
 40
0.0
 40
0.0
 40
0.0
 40
1.0
 40
1.0
 40
1.0
 40
1.0
 10
9.978512867420022
 20
119.7871759827
 30
0.0
 10
9.825034035440012
 20
119.7871759827
 30
0.0
 10
9.707366942860006
 20
119.83833561876
 30
0.0
 10
9.623299935479992
 20
119.9402350238
 30
0.0
  0
SPLINE
  5
948
330
8E9
100
AcDbEntity
  8
03___PRT_ALL_CURVES
  6
Continuous
 62
     4
100
AcDbSpline
210
0.0
220
0.0
230
1.0
 70
     8
 71
     3
 72
     8
 73
     4
 74
     0
 42
0.0000001
 43
0.0000000001
 40
0.0
 40
0.0
 40
0.0
 40
0.0
 40
1.0
 40
1.0
 40
1.0
 40
1.0
 10
9.623299935479992
 20
119.9402350238
 30
0.0
 10
9.538540214220035
 20
120.04297408426
 30
0.0
 10
9.497612533820018
 20
120.23397001672
 30
0.0
 10
9.497612533820018
 20
120.51023188228
 30
0.0
  0
SPLINE
  5
949
330
8E9
100
AcDbEntity
  8
03___PRT_ALL_CURVES
  6
Continuous
 62
     4
100
AcDbSpline
210
0.0
220
0.0
230
1.0
 70
     8
 71
     3
 72
     8
 73
     4
 74
     0
 42
0.0000001
 43
0.0000000001
 40
0.0
 40
0.0
 40
0.0
 40
0.0
 40
1.0
 40
1.0
 40
1.0
 40
1.0
 10
9.497612533820018
 20
120.51023188228
 30
0.0
 10
9.497612533820018
 20
120.73362889802
 30
0.0
 10
9.531718909600016
 20
120.89733976186
 30
0.0
 10
9.602553832700039
 20
121.00359209952
 30
0.0
  0
SPLINE
  5
94A
330
8E9
100
AcDbEntity
  8
03___PRT_ALL_CURVES
  6
Continuous
 62
     4
100
AcDbSpline
210
0.0
220
0.0
230
1.0
 70
     8
 71
     3
 72
     8
 73
     4
 74
     0
 42
0.0000001
 43
0.0000000001
 40
0.0
 40
0.0
 40
0.0
 40
0.0
 40
1.0
 40
1.0
 40
1.0
 40
1.0
 10
9.602553832700039
 20
121.00359209952
 30
0.0
 10
9.69542969724003
 20
121.14290583156
 30
0.0
 10
9.830150052639993
 20
121.21452930528
 30
0.0
 10
10.00579808590001
 20
121.21452930528
 30
0.0
  0
SPLINE
  5
94B
330
8E9
100
AcDbEntity
  8
03___PRT_ALL_CURVES
  6
Continuous
 62
     4
100
AcDbSpline
210
0.0
220
0.0
230
1.0
 70
     8
 71
     3
 72
     8
 73
     4
 74
     0
 42
0.0000001
 43
0.0000000001
 40
0.0
 40
0.0
 40
0.0
 40
0.0
 40
1.0
 40
1.0
 40
1.0
 40
1.0
 10
10.00579808590001
 20
121.21452930528
 30
0.0
 10
10.08253742696002
 20
121.21452930528
 30
0.0
 10
10.15245561072004
 20
121.19747611866
 30
0.0
 10
10.21502595039999
 20
121.1657623924
 30
0.0
  0
SPLINE
  5
94C
330
8E9
100
AcDbEntity
  8
03___PRT_ALL_CURVES
  6
Continuous
 62
     4
100
AcDbSpline
210
0.0
220
0.0
230
1.0
 70
     8
 71
     3
 72
     8
 73
     4
 74
     0
 42
0.0000001
 43
0.0000000001
 40
0.0
 40
0.0
 40
0.0
 40
0.0
 40
1.0
 40
1.0
 40
1.0
 40
1.0
 10
10.21502595039999
 20
121.1657623924
 30
0.0
 10
10.27694408412
 20
121.13437923698
 30
0.0
 10
10.32980893394003
 20
121.08833554446
 30
0.0
 10
10.37342439154
 20
121.0298271042
 30
0.0
  0
SPLINE
  5
94D
330
8E9
100
AcDbEntity
  8
03___PRT_ALL_CURVES
  6
Continuous
 62
     4
100
AcDbSpline
210
0.0
220
0.0
230
1.0
 70
     8
 71
     3
 72
     8
 73
     4
 74
     0
 42
0.0000001
 43
0.0000000001
 40
0.0
 40
0.0
 40
0.0
 40
0.0
 40
1.0
 40
1.0
 40
1.0
 40
1.0
 10
10.37342439154
 20
121.0298271042
 30
0.0
 10
10.39972712024002
 20
120.99454301678
 30
0.0
 10
10.42530690144
 20
120.93826743972
 30
0.0
 10
10.44918139268
 20
120.86323323876
 30
0.0
  0
SPLINE
  5
94E
330
8E9
100
AcDbEntity
  8
03___PRT_ALL_CURVES
  6
Continuous
 62
     4
100
AcDbSpline
210
0.0
220
0.0
230
1.0
 70
     8
 71
     3
 72
     8
 73
     4
 74
     0
 42
0.0000001
 43
0.0000000001
 40
0.0
 40
0.0
 40
0.0
 40
0.0
 40
1.0
 40
1.0
 40
1.0
 40
1.0
 10
11.13130976172002
 20
121.01500678078
 30
0.0
 10
11.04263295152001
 20
121.27762618696
 30
0.0
 10
10.90961788607999
 20
121.47373813408
 30
0.0
 10
10.72845377546003
 20
121.60106569248
 30
0.0
  0
SPLINE
  5
94F
330
8E9
100
AcDbEntity
  8
03___PRT_ALL_CURVES
  6
Continuous
 62
     4
100
AcDbSpline
210
0.0
220
0.0
230
1.0
 70
     8
 71
     3
 72
     8
 73
     4
 74
     0
 42
0.0000001
 43
0.0000000001
 40
0.0
 40
0.0
 40
0.0
 40
0.0
 40
1.0
 40
1.0
 40
1.0
 40
1.0
 10
10.72845377546003
 20
121.60106569248
 30
0.0
 10
10.54808993501999
 20
121.72783079836
 30
0.0
 10
10.30081857536001
 20
121.79263311478
 30
0.0
 10
9.987039459460021
 20
121.79263311478
 30
0.0
  0
SPLINE
  5
950
330
8E9
100
AcDbEntity
  8
03___PRT_ALL_CURVES
  6
Continuous
 62
     4
100
AcDbSpline
210
0.0
220
0.0
230
1.0
 70
     8
 71
     3
 72
     8
 73
     4
 74
     0
 42
0.0000001
 43
0.0000000001
 40
0.0
 40
0.0
 40
0.0
 40
0.0
 40
1.0
 40
1.0
 40
1.0
 40
1.0
 10
9.987039459460021
 20
121.79263311478
 30
0.0
 10
9.584583833080018
 20
121.79263311478
 30
0.0
 10
9.272510154460008
 20
121.68008181334
 30
0.0
 10
9.052523855800018
 20
121.45839020694
 30
0.0
  0
SPLINE
  5
951
330
8E9
100
AcDbEntity
  8
03___PRT_ALL_CURVES
  6
Continuous
 62
     4
100
AcDbSpline
210
0.0
220
0.0
230
1.0
 70
     8
 71
     3
 72
     8
 73
     4
 74
     0
 42
0.0000001
 43
0.0000000001
 40
0.0
 40
0.0
 40
0.0
 40
0.0
 40
1.0
 40
1.0
 40
1.0
 40
1.0
 10
9.052523855800018
 20
121.45839020694
 30
0.0
 10
8.832537463160008
 20
121.2366985091
 30
0.0
 10
8.723396944840005
 20
120.91950881582
 30
0.0
 10
8.723396944840005
 20
120.50511601494
 30
0.0
  0
SPLINE
  5
952
330
8E9
100
AcDbEntity
  8
03___PRT_ALL_CURVES
  6
Continuous
 62
     4
100
AcDbSpline
210
0.0
220
0.0
230
1.0
 70
     8
 71
     3
 72
     8
 73
     4
 74
     0
 42
0.0000001
 43
0.0000000001
 40
0.0
 40
0.0
 40
0.0
 40
0.0
 40
1.0
 40
1.0
 40
1.0
 40
1.0
 10
8.723396944840005
 20
120.50511601494
 30
0.0
 10
8.723396944840005
 20
120.19474762628
 30
0.0
 10
8.784788480680021
 20
119.94065481468
 30
0.0
 10
8.910757007
 20
119.7409904261
 30
0.0
  0
SPLINE
  5
953
330
8E9
100
AcDbEntity
  8
03___PRT_ALL_CURVES
  6
Continuous
 62
     4
100
AcDbSpline
210
0.0
220
0.0
230
1.0
 70
     8
 71
     3
 72
     8
 73
     4
 74
     0
 42
0.0000001
 43
0.0000000001
 40
0.0
 40
0.0
 40
0.0
 40
0.0
 40
1.0
 40
1.0
 40
1.0
 40
1.0
 10
8.910757007
 20
119.7409904261
 30
0.0
 10
9.035470603139999
 20
119.54331514708
 30
0.0
 10
9.183833494119995
 20
119.40347885068
 30
0.0
 10
9.356388726860018
 20
119.32574357308
 30
0.0
  0
SPLINE
  5
954
330
8E9
100
AcDbEntity
  8
03___PRT_ALL_CURVES
  6
Continuous
 62
     4
100
AcDbSpline
210
0.0
220
0.0
230
1.0
 70
     8
 71
     3
 72
     8
 73
     4
 74
     0
 42
0.0000001
 43
0.0000000001
 40
0.0
 40
0.0
 40
0.0
 40
0.0
 40
1.0
 40
1.0
 40
1.0
 40
1.0
 10
9.356388726860018
 20
119.32574357308
 30
0.0
 10
9.528308256020011
 20
119.24829467794
 30
0.0
 10
9.749999984340008
 20
119.20736698484
 30
0.0
 10
10.02285127252
 20
119.20736698484
 30
0.0
  0
SPLINE
  5
955
330
8E9
100
AcDbEntity
  8
03___PRT_ALL_CURVES
  6
Continuous
 62
     4
100
AcDbSpline
210
0.0
220
0.0
230
1.0
 70
     8
 71
     3
 72
     8
 73
     4
 74
     0
 42
0.0000001
 43
0.0000000001
 40
0.0
 40
0.0
 40
0.0
 40
0.0
 40
1.0
 40
1.0
 40
1.0
 40
1.0
 10
10.02285127252
 20
119.20736698484
 30
0.0
 10
10.24624828826001
 20
119.20736698484
 30
0.0
 10
10.43042291609999
 20
119.23976807574
 30
0.0
 10
10.5753751535
 20
119.30457025754
 30
0.0
  0
SPLINE
  5
956
330
8E9
100
AcDbEntity
  8
03___PRT_ALL_CURVES
  6
Continuous
 62
     4
100
AcDbSpline
210
0.0
220
0.0
230
1.0
 70
     8
 71
     3
 72
     8
 73
     4
 74
     0
 42
0.0000001
 43
0.0000000001
 40
0.0
 40
0.0
 40
0.0
 40
0.0
 40
1.0
 40
1.0
 40
1.0
 40
1.0
 10
10.5753751535
 20
119.30457025754
 30
0.0
 10
10.7203273909
 20
119.36937243934
 30
0.0
 10
10.84140513705998
 20
119.4648704043
 30
0.0
 10
10.9401917086
 20
119.5928634808
 30
0.0
  0
SPLINE
  5
957
330
8E9
100
AcDbEntity
  8
03___PRT_ALL_CURVES
  6
Continuous
 62
     4
100
AcDbSpline
210
0.0
220
0.0
230
1.0
 70
     8
 71
     3
 72
     8
 73
     4
 74
     0
 42
0.0000001
 43
0.0000000001
 40
0.0
 40
0.0
 40
0.0
 40
0.0
 40
1.0
 40
1.0
 40
1.0
 40
1.0
 10
10.9401917086
 20
119.5928634808
 30
0.0
 10
11.03751693432002
 20
119.71896316002
 30
0.0
 10
11.10914041058001
 20
119.87755800666
 30
0.0
 10
11.1551841031
 20
120.06855386546
 30
0.0
  0
LINE
  5
95C
330
8E9
100
AcDbEntity
  8
02___PRT_ALL_AXES
  6
Continuous
 62
     7
100
AcDbLine
 10
31.99999999784001
 20
0.0
 30
0.0
 11
0.0
 21
0.0
 31
0.0
  0
LINE
  5
95D
330
8E9
100
AcDbEntity
  8
0
  6
Continuous
 62
     7
100
AcDbLine
 10
16.39999999902
 20
1.649999999459993
 30
0.0
 11
15.59999999882004
 21
1.649999999459993
 31
0.0
  0
LINE
  5
95E
330
8E9
100
AcDbEntity
  8
0
  6
Continuous
 62
     7
100
AcDbLine
 10
17.74999999904
 20
2.999999999479996
 30
0.0
 11
16.39999999902
 21
2.999999999479996
 31
0.0
  0
LINE
  5
95F
330
8E9
100
AcDbEntity
  8
0
  6
Continuous
 62
     7
100
AcDbLine
 10
14.24999999880001
 20
2.999999999479996
 30
0.0
 11
15.59999999882004
 21
2.999999999479996
 31
0.0
  0
LINE
  5
960
330
8E9
100
AcDbEntity
  8
0
  6
Continuous
 62
     7
100
AcDbLine
 10
14.24999999880001
 20
3.799999999680011
 30
0.0
 11
15.59999999882004
 21
3.799999999680011
 31
0.0
  0
LINE
  5
961
330
8E9
100
AcDbEntity
  8
0
  6
Continuous
 62
     7
100
AcDbLine
 10
16.39999999902
 20
3.799999999680011
 30
0.0
 11
17.74999999904
 21
3.799999999680011
 31
0.0
  0
LINE
  5
962
330
8E9
100
AcDbEntity
  8
0
  6
Continuous
 62
     7
100
AcDbLine
 10
15.59999999882004
 20
5.1499999997
 30
0.0
 11
16.39999999902
 21
5.1499999997
 31
0.0
  0
LINE
  5
963
330
8E9
100
AcDbEntity
  8
0
  6
Continuous
 62
     7
100
AcDbLine
 10
32.24999999822003
 20
5.999999998960007
 30
0.0
 11
-0.2500000003799983
 21
5.999999998960007
 31
0.0
  0
LINE
  5
964
330
8E9
100
AcDbEntity
  8
0
  6
Continuous
 62
     7
100
AcDbLine
 10
32.24999999822003
 20
12.40000000056001
 30
0.0
 11
-0.2500000003799983
 21
12.40000000056001
 31
0.0
  0
LINE
  5
965
330
8E9
100
AcDbEntity
  8
0
  6
Continuous
 62
     7
100
AcDbLine
 10
32.24999999822003
 20
12.99999999943999
 30
0.0
 11
-0.2500000003799983
 21
12.99999999943999
 31
0.0
  0
LINE
  5
966
330
8E9
100
AcDbEntity
  8
02___PRT_ALL_AXES
  6
Continuous
 62
     7
100
AcDbLine
 10
11.06499999848
 20
19.39999999850001
 30
0.0
 11
13.85261578468001
 21
19.39999999850001
 31
0.0
  0
LINE
  5
967
330
8E9
100
AcDbEntity
  8
0
  6
Continuous
 62
     7
100
AcDbLine
 10
11.06499999848
 20
19.39999999850001
 30
0.0
 11
13.85261578468001
 21
19.39999999850001
 31
0.0
  0
LINE
  5
968
330
8E9
100
AcDbEntity
  8
02___PRT_ALL_AXES
  6
Continuous
 62
     7
100
AcDbLine
 10
15.99738421294001
 20
19.39999999850001
 30
0.0
 11
19.69461578468002
 21
19.39999999850001
 31
0.0
  0
LINE
  5
969
330
8E9
100
AcDbEntity
  8
0
  6
Continuous
 62
     7
100
AcDbLine
 10
15.99738421294001
 20
19.39999999850001
 30
0.0
 11
19.69461578468002
 21
19.39999999850001
 31
0.0
  0
LINE
  5
96A
330
8E9
100
AcDbEntity
  8
02___PRT_ALL_AXES
  6
Continuous
 62
     7
100
AcDbLine
 10
21.83938421294002
 20
19.39999999850001
 30
0.0
 11
24.22499999796
 21
19.39999999850001
 31
0.0
  0
LINE
  5
96B
330
8E9
100
AcDbEntity
  8
0
  6
Continuous
 62
     7
100
AcDbLine
 10
21.83938421294002
 20
19.39999999850001
 30
0.0
 11
24.22499999796
 21
19.39999999850001
 31
0.0
  0
LINE
  5
96C
330
8E9
100
AcDbEntity
  8
02___PRT_ALL_AXES
  6
Continuous
 62
     7
100
AcDbLine
 10
24.49999999913999
 20
19.49999999916001
 30
0.0
 11
21.85160108970001
 21
19.49999999916001
 31
0.0
  0
LINE
  5
96D
330
8E9
100
AcDbEntity
  8
02___PRT_ALL_AXES
  6
Continuous
 62
     7
100
AcDbLine
 10
19.68239890792
 20
19.49999999916001
 30
0.0
 11
16.00960108970003
 21
19.49999999916001
 31
0.0
  0
LINE
  5
96E
330
8E9
100
AcDbEntity
  8
02___PRT_ALL_AXES
  6
Continuous
 62
     7
100
AcDbLine
 10
13.84039890792002
 20
19.49999999916001
 30
0.0
 11
10.70901895022004
 21
19.49999999916001
 31
0.0
  0
LINE
  5
96F
330
8E9
100
AcDbEntity
  8
0
  6
Continuous
 62
     7
100
AcDbLine
 10
22.99706815868004
 20
19.79679999992
 30
0.0
 11
24.49999999913999
 21
19.79679999992
 31
0.0
  0
LINE
  5
970
330
8E9
100
AcDbEntity
  8
02___PRT_ALL_AXES
  6
Continuous
 62
     7
100
AcDbLine
 10
10.58999999852
 20
19.95000000085999
 30
0.0
 11
13.70370128190001
 21
19.95000000085999
 31
0.0
  0
LINE
  5
971
330
8E9
100
AcDbEntity
  8
0
  6
Continuous
 62
     7
100
AcDbLine
 10
11.11500000007999
 20
19.99999999991998
 30
0.0
 11
24.49999999913999
 21
19.99999999991998
 31
0.0
  0
LINE
  5
972
330
8E9
100
AcDbEntity
  8
ECAD_TE_1734099-5
  6
Continuous
 62
     7
100
AcDbLine
 10
10.58999999852
 20
20.15978820206
 30
0.0
 11
10.91180000008001
 21
20.15978820206
 31
0.0
  0
LINE
  5
973
330
8E9
100
AcDbEntity
  8
0
  6
Continuous
 62
     7
100
AcDbLine
 10
11.11500000007999
 20
20.20319999991999
 30
0.0
 11
11.26232000008
 21
20.20319999991999
 31
0.0
  0
LINE
  5
974
330
8E9
100
AcDbEntity
  8
0
  6
Continuous
 62
     7
100
AcDbLine
 10
23.61179999246002
 20
20.20319999991999
 30
0.0
 11
23.71340000262001
 21
20.20319999991999
 31
0.0
  0
LINE
  5
975
330
8E9
100
AcDbEntity
  8
0
  6
Continuous
 62
     7
100
AcDbLine
 10
24.11899999914002
 20
20.20319999991999
 30
0.0
 11
24.49999999913999
 21
20.20319999991999
 31
0.0
  0
LINE
  5
976
330
8E9
100
AcDbEntity
  8
0
  6
Continuous
 62
     6
100
AcDbLine
 10
24.11899999914002
 20
20.20400000086001
 30
0.0
 11
23.91660000008
 21
20.20400000086001
 31
0.0
  0
LINE
  5
977
330
8E9
100
AcDbEntity
  8
0
  6
Continuous
 62
     7
100
AcDbLine
 10
10.91180000008001
 20
20.22859999991998
 30
0.0
 11
11.26231999500001
 21
20.22859999991998
 31
0.0
  0
LINE
  5
978
330
8E9
100
AcDbEntity
  8
0
  6
Continuous
 62
     7
100
AcDbLine
 10
23.61180000008
 20
20.22859999991998
 30
0.0
 11
24.37387797808
 21
20.22859999991998
 31
0.0
  0
LINE
  5
979
330
8E9
100
AcDbEntity
  8
0
  6
Continuous
 62
     7
100
AcDbLine
 10
24.54463020198
 20
20.63499999991997
 30
0.0
 11
24.96000880226003
 21
20.63499999991997
 31
0.0
  0
LINE
  5
97A
330
8E9
100
AcDbEntity
  8
0
  6
Continuous
 62
     7
100
AcDbLine
 10
12.91800039457999
 20
19.99999999991998
 30
0.0
 11
13.09006339310002
 21
19.95389585794
 31
0.0
  0
LINE
  5
97B
330
8E9
100
AcDbEntity
  8
0
  6
Continuous
 62
     7
100
AcDbLine
 10
23.05459999942002
 20
21.32700000022
 30
0.0
 11
21.00459999986001
 21
21.32700000022
 31
0.0
  0
LINE
  5
97C
330
8E9
100
AcDbEntity
  8
ECAD_PULSE_HX5401NL
  6
Continuous
 62
     7
100
AcDbLine
 10
10.58999999852
 20
21.44714256918
 30
0.0
 11
10.91180000008001
 21
21.44714256918
 31
0.0
  0
LINE
  5
97D
330
8E9
100
AcDbEntity
  8
0
  6
Continuous
 62
     7
100
AcDbLine
 10
21.92824999913998
 20
21.47349200085999
 30
0.0
 11
22.86804999914
 21
21.47349200085999
 31
0.0
  0
LINE
  5
97E
330
8E9
100
AcDbEntity
  8
0
  6
Continuous
 62
     7
100
AcDbLine
 10
13.75179999952002
 20
21.58100000022002
 30
0.0
 11
16.44900000007999
 21
21.58100000022002
 31
0.0
  0
LINE
  5
97F
330
8E9
100
AcDbEntity
  8
0
  6
Continuous
 62
     7
100
AcDbLine
 10
18.48100000008
 20
21.58100000022002
 30
0.0
 11
20.80459999854
 21
21.58100000022002
 31
0.0
  0
LINE
  5
980
330
8E9
100
AcDbEntity
  8
0
  6
Continuous
 62
     7
100
AcDbLine
 10
15.6353999966
 20
21.85500406486001
 30
0.0
 11
15.82589999914001
 21
21.85500406486001
 31
0.0
  0
LINE
  5
981
330
8E9
100
AcDbEntity
  8
0
  6
Continuous
 62
     6
100
AcDbLine
 10
20.68999999913999
 20
22.02010000085998
 30
0.0
 11
19.34379999914
 21
22.02010000085998
 31
0.0
  0
LINE
  5
982
330
8E9
100
AcDbEntity
  8
0
  6
Continuous
 62
     6
100
AcDbLine
 10
15.6353999966
 20
22.02010000085998
 30
0.0
 11
13.90819999659999
 21
22.02010000085998
 31
0.0
  0
LINE
  5
983
330
8E9
100
AcDbEntity
  8
0
  6
Continuous
 62
     7
100
AcDbLine
 10
24.54463020198
 20
22.15899999992
 30
0.0
 11
24.96000880226003
 21
22.15899999992
 31
0.0
  0
LINE
  5
984
330
8E9
100
AcDbEntity
  8
0
  6
Continuous
 62
     6
100
AcDbLine
 10
15.6353999966
 20
22.24870000085998
 30
0.0
 11
16.44900000007999
 21
22.24870000085998
 31
0.0
  0
LINE
  5
985
330
8E9
100
AcDbEntity
  8
0
  6
Continuous
 62
     6
100
AcDbLine
 10
13.90819999914001
 20
22.52809999832
 30
0.0
 11
14.08599999914
 21
22.52809999832
 31
0.0
  0
LINE
  5
986
330
8E9
100
AcDbEntity
  8
0
  6
Continuous
 62
     7
100
AcDbLine
 10
16.44900000007999
 20
22.61850707684
 30
0.0
 11
18.48100000008
 21
22.61850707684
 31
0.0
  0
LINE
  5
987
330
8E9
100
AcDbEntity
  8
0
  6
Continuous
 62
     6
100
AcDbLine
 10
24.37387797808
 20
22.64240000086001
 30
0.0
 11
24.49999999913999
 21
22.64240000086001
 31
0.0
  0
LINE
  5
988
330
8E9
100
AcDbEntity
  8
ECAD_SAMTEC_TSW-102-08-L-S-RA
  6
Continuous
 62
     7
100
AcDbLine
 10
10.31499999988
 20
23.00047959458
 30
0.0
 11
10.58999999852
 21
23.00047959458
 31
0.0
  0
LINE
  5
989
330
8E9
100
AcDbEntity
  8
0
  6
Continuous
 62
     7
100
AcDbLine
 10
13.95899999913999
 20
23.15040000085999
 30
0.0
 11
13.90819999914001
 21
23.15040000085999
 31
0.0
  0
LINE
  5
98A
330
8E9
100
AcDbEntity
  8
0
  6
Continuous
 62
     7
100
AcDbLine
 10
24.49999999913999
 20
23.33139999191998
 30
0.0
 11
24.37387797808
 21
23.33139999191998
 31
0.0
  0
LINE
  5
98B
330
8E9
100
AcDbEntity
  8
0
  6
Continuous
 62
     7
100
AcDbLine
 10
14.08600040300001
 20
23.35359995768
 30
0.0
 11
13.95899999913999
 21
23.35359995768
 31
0.0
  0
LINE
  5
98C
330
8E9
100
AcDbEntity
  8
0
  6
Continuous
 62
     7
100
AcDbLine
 10
24.37387797808
 20
23.60836200086
 30
0.0
 11
24.49999999913999
 21
23.60836200086
 31
0.0
  0
LINE
  5
98D
330
8E9
100
AcDbEntity
  8
0
  6
Continuous
 62
     7
100
AcDbLine
 10
13.95899999913999
 20
23.70919995768001
 30
0.0
 11
14.08600040300001
 21
23.70919995768001
 31
0.0
  0
LINE
  5
98E
330
8E9
100
AcDbEntity
  8
0
  6
Continuous
 62
     7
100
AcDbLine
 10
22.86804999914
 20
23.75949200085999
 30
0.0
 11
21.92824999913998
 21
23.75949200085999
 31
0.0
  0
LINE
  5
98F
330
8E9
100
AcDbEntity
  8
0
  6
Continuous
 62
     7
100
AcDbLine
 10
21.44818999914
 20
24.11636200085998
 30
0.0
 11
23.15460000007999
 21
24.11636200085998
 31
0.0
  0
LINE
  5
990
330
8E9
100
AcDbEntity
  8
0
  6
Continuous
 62
     7
100
AcDbLine
 10
24.37387797808
 20
24.11636200085998
 30
0.0
 11
24.49999999913999
 21
24.11636200085998
 31
0.0
  0
LINE
  5
991
330
8E9
100
AcDbEntity
  8
0
  6
Continuous
 62
     6
100
AcDbLine
 10
14.08599999914
 20
24.13465000085999
 30
0.0
 11
17.08319999913999
 21
24.13465000085999
 31
0.0
  0
LINE
  5
992
330
8E9
100
AcDbEntity
  8
0
  6
Continuous
 62
     6
100
AcDbLine
 10
23.15460000007999
 20
24.18832348508001
 30
0.0
 11
21.37486651358
 21
24.18832348508001
 31
0.0
  0
LINE
  5
993
330
8E9
100
AcDbEntity
  8
0
  6
Continuous
 62
     7
100
AcDbLine
 10
17.0831999966
 20
24.19815000085997
 30
0.0
 11
13.90819999914001
 21
24.19815000085997
 31
0.0
  0
LINE
  5
994
330
8E9
100
AcDbEntity
  8
0
  6
Continuous
 62
     7
100
AcDbLine
 10
24.49999999913999
 20
24.50999999945999
 30
0.0
 11
24.37387797808
 21
24.50999999945999
 31
0.0
  0
LINE
  5
995
330
8E9
100
AcDbEntity
  8
0
  6
Continuous
 62
     7
100
AcDbLine
 10
24.49999999913999
 20
24.60139999191999
 30
0.0
 11
24.37387797808
 21
24.60139999191999
 31
0.0
  0
LINE
  5
996
330
8E9
100
AcDbEntity
  8
0
  6
Continuous
 62
     7
100
AcDbLine
 10
13.90819999914001
 20
24.64265000085997
 30
0.0
 11
17.0831999966
 21
24.64265000085997
 31
0.0
  0
LINE
  5
997
330
8E9
100
AcDbEntity
  8
0
  6
Continuous
 62
     6
100
AcDbLine
 10
14.08599999914
 20
24.70615000086001
 30
0.0
 11
17.0831999966
 21
24.70615000086001
 31
0.0
  0
LINE
  5
998
330
8E9
100
AcDbEntity
  8
0
  6
Continuous
 62
     6
100
AcDbLine
 10
22.60089813313999
 20
24.77600000085998
 30
0.0
 11
18.37859999913999
 21
24.7760000034
 31
0.0
  0
LINE
  5
999
330
8E9
100
AcDbEntity
  8
0
  6
Continuous
 62
     7
100
AcDbLine
 10
13.95899999913999
 20
24.97919995768
 30
0.0
 11
14.08600040300001
 21
24.97919995768
 31
0.0
  0
LINE
  5
99A
330
8E9
100
AcDbEntity
  8
0
  6
Continuous
 62
     7
100
AcDbLine
 10
24.49999999913999
 20
25.00139999202001
 30
0.0
 11
24.37387797808
 21
25.00139999202001
 31
0.0
  0
LINE
  5
99B
330
8E9
100
AcDbEntity
  8
0
  6
Continuous
 62
     7
100
AcDbLine
 10
22.52016618639999
 20
25.00139999202001
 30
0.0
 11
22.49659999782
 21
25.00139999202001
 31
0.0
  0
LINE
  5
99C
330
8E9
100
AcDbEntity
  8
0
  6
Continuous
 62
     7
100
AcDbLine
 10
24.49999999913999
 20
25.01000000021999
 30
0.0
 11
24.37387797808
 21
25.01000000021999
 31
0.0
  0
LINE
  5
99D
330
8E9
100
AcDbEntity
  8
0
  6
Continuous
 62
     6
100
AcDbLine
 10
14.08599999914
 20
25.15065000085998
 30
0.0
 11
17.08319999913999
 21
25.15065000085998
 31
0.0
  0
LINE
  5
99E
330
8E9
100
AcDbEntity
  8
0
  6
Continuous
 62
     7
100
AcDbLine
 10
17.0831999966
 20
25.21415000085999
 30
0.0
 11
13.90819999914001
 21
25.21415000085999
 31
0.0
  0
LINE
  5
99F
330
8E9
100
AcDbEntity
  8
0
  6
Continuous
 62
     2
100
AcDbLine
 10
15.52525077316
 20
116.96999999908
 30
0.0
 11
15.55525077158001
 21
117.00000000004
 31
0.0
  0
LINE
  5
9A0
330
8E9
100
AcDbEntity
  8
0
  6
Continuous
 62
     7
100
AcDbLine
 10
23.40860000007999
 20
25.46099999991999
 30
0.0
 11
24.37387797808
 21
25.46099999991999
 31
0.0
  0
LINE
  5
9A1
330
8E9
100
AcDbEntity
  8
0
  6
Continuous
 62
     7
100
AcDbLine
 10
13.90819999914001
 20
25.65865000085999
 30
0.0
 11
17.0831999966
 21
25.65865000085999
 31
0.0
  0
LINE
  5
9A2
330
8E9
100
AcDbEntity
  8
0
  6
Continuous
 62
     6
100
AcDbLine
 10
22.72404533413999
 20
25.66500000339998
 30
0.0
 11
23.85229999914
 21
25.66500000339998
 31
0.0
  0
LINE
  5
9A3
330
8E9
100
AcDbEntity
  8
0
  6
Continuous
 62
     6
100
AcDbLine
 10
14.08599999914
 20
25.72215000086
 30
0.0
 11
17.0831999966
 21
25.72215000086
 31
0.0
  0
LINE
  5
9A4
330
8E9
100
AcDbEntity
  8
0
  6
Continuous
 62
     7
100
AcDbLine
 10
24.49999999913999
 20
25.77999999945997
 30
0.0
 11
24.37387797808
 21
25.77999999945997
 31
0.0
  0
LINE
  5
9A5
330
8E9
100
AcDbEntity
  8
0
  6
Continuous
 62
     7
100
AcDbLine
 10
24.17067797807999
 20
25.77999999945997
 30
0.0
 11
24.11900000930001
 21
25.77999999945997
 31
0.0
  0
LINE
  5
9A6
330
8E9
100
AcDbEntity
  8
0
  6
Continuous
 62
     7
100
AcDbLine
 10
24.49999999913999
 20
25.87139999192
 30
0.0
 11
24.37387797808
 21
25.87139999192
 31
0.0
  0
LINE
  5
9A7
330
8E9
100
AcDbEntity
  8
0
  6
Continuous
 62
     7
100
AcDbLine
 10
24.17067797807999
 20
25.87139999192
 30
0.0
 11
24.11900000930001
 21
25.87139999192
 31
0.0
  0
LINE
  5
9A8
330
8E9
100
AcDbEntity
  8
0
  6
Continuous
 62
     7
100
AcDbLine
 10
22.49659999782
 20
25.87139999192
 30
0.0
 11
22.52016618639999
 21
25.87139999192
 31
0.0
  0
LINE
  5
9A9
330
8E9
100
AcDbEntity
  8
0
  6
Continuous
 62
     7
100
AcDbLine
 10
14.08600040300001
 20
25.89359995768
 30
0.0
 11
13.95899999913999
 21
25.89359995768
 31
0.0
  0
LINE
  5
9AA
330
8E9
100
AcDbEntity
  8
0
  6
Continuous
 62
     6
100
AcDbLine
 10
22.51879999913999
 20
25.91900000085998
 30
0.0
 11
23.85229999914
 21
25.91900000085998
 31
0.0
  0
LINE
  5
9AB
330
8E9
100
AcDbEntity
  8
0
  6
Continuous
 62
     6
100
AcDbLine
 10
14.08599999914
 20
26.16665000086
 30
0.0
 11
17.08319999913999
 21
26.16665000086
 31
0.0
  0
LINE
  5
9AC
330
8E9
100
AcDbEntity
  8
0
  6
Continuous
 62
     7
100
AcDbLine
 10
17.0831999966
 20
26.23015000085998
 30
0.0
 11
13.90819999914001
 21
26.23015000085998
 31
0.0
  0
LINE
  5
9AD
330
8E9
100
AcDbEntity
  8
0
  6
Continuous
 62
     7
100
AcDbLine
 10
24.49999999913999
 20
26.27139999201999
 30
0.0
 11
24.37387797808
 21
26.27139999201999
 31
0.0
  0
LINE
  5
9AE
330
8E9
100
AcDbEntity
  8
0
  6
Continuous
 62
     7
100
AcDbLine
 10
24.17067797807999
 20
26.27139999201999
 30
0.0
 11
24.11900000930001
 21
26.27139999201999
 31
0.0
  0
LINE
  5
9AF
330
8E9
100
AcDbEntity
  8
0
  6
Continuous
 62
     7
100
AcDbLine
 10
22.89659999792002
 20
26.27139999201999
 30
0.0
 11
22.49659999782
 21
26.27139999201999
 31
0.0
  0
LINE
  5
9B0
330
8E9
100
AcDbEntity
  8
0
  6
Continuous
 62
     7
100
AcDbLine
 10
24.49999999913999
 20
26.28000000022
 30
0.0
 11
24.37387797808
 21
26.28000000022
 31
0.0
  0
LINE
  5
9B1
330
8E9
100
AcDbEntity
  8
0
  6
Continuous
 62
     7
100
AcDbLine
 10
24.17067797807999
 20
26.28000000022
 30
0.0
 11
24.11900000930001
 21
26.28000000022
 31
0.0
  0
LINE
  5
9B2
330
8E9
100
AcDbEntity
  8
0
  6
Continuous
 62
     6
100
AcDbLine
 10
21.98539999913999
 20
26.35080000085999
 30
0.0
 11
23.56019999914
 21
26.35080000085999
 31
0.0
  0
LINE
  5
9B3
330
8E9
100
AcDbEntity
  8
0
  6
Continuous
 62
     7
100
AcDbLine
 10
13.90819999914001
 20
26.67465000085998
 30
0.0
 11
17.0831999966
 21
26.67465000085998
 31
0.0
  0
LINE
  5
9B4
330
8E9
100
AcDbEntity
  8
0
  6
Continuous
 62
     6
100
AcDbLine
 10
14.08599999914
 20
26.73815000085999
 30
0.0
 11
17.0831999966
 21
26.73815000085999
 31
0.0
  0
LINE
  5
9B5
330
8E9
100
AcDbEntity
  8
0
  6
Continuous
 62
     7
100
AcDbLine
 10
24.49999999913999
 20
27.04999999945998
 30
0.0
 11
24.37387797808
 21
27.04999999945998
 31
0.0
  0
LINE
  5
9B6
330
8E9
100
AcDbEntity
  8
0
  6
Continuous
 62
     7
100
AcDbLine
 10
24.17067797807999
 20
27.04999999945998
 30
0.0
 11
24.11900000930001
 21
27.04999999945998
 31
0.0
  0
LINE
  5
9B7
330
8E9
100
AcDbEntity
  8
0
  6
Continuous
 62
     7
100
AcDbLine
 10
24.49999999913999
 20
27.14139999191998
 30
0.0
 11
24.37387797808
 21
27.14139999191998
 31
0.0
  0
LINE
  5
9B8
330
8E9
100
AcDbEntity
  8
0
  6
Continuous
 62
     7
100
AcDbLine
 10
24.17067797807999
 20
27.14139999191998
 30
0.0
 11
24.11900000930001
 21
27.14139999191998
 31
0.0
  0
LINE
  5
9B9
330
8E9
100
AcDbEntity
  8
0
  6
Continuous
 62
     7
100
AcDbLine
 10
14.08600040300001
 20
27.16359995767998
 30
0.0
 11
13.95899999913999
 21
27.16359995767998
 31
0.0
  0
LINE
  5
9BA
330
8E9
100
AcDbEntity
  8
0
  6
Continuous
 62
     6
100
AcDbLine
 10
14.08599999914
 20
27.18265000085999
 30
0.0
 11
17.08319999913999
 21
27.18265000085999
 31
0.0
  0
LINE
  5
9BB
330
8E9
100
AcDbEntity
  8
0
  6
Continuous
 62
     7
100
AcDbLine
 10
17.0831999966
 20
27.24615000085997
 30
0.0
 11
13.90819999914001
 21
27.24615000085997
 31
0.0
  0
LINE
  5
9BC
330
8E9
100
AcDbEntity
  8
03___PRT_ALL_CURVES
  6
Continuous
 62
     4
100
AcDbLine
 10
25.89999999822004
 20
27.40000000050001
 30
0.0
 11
26.84952252640002
 21
27.40000000050001
 31
0.0
  0
LINE
  5
9BD
330
8E9
100
AcDbEntity
  8
03___PRT_ALL_CURVES
  6
Continuous
 62
     4
100
AcDbLine
 10
27.03287855034
 20
27.40000000050001
 30
0.0
 11
27.40450211240002
 21
27.40000000050001
 31
0.0
  0
LINE
  5
9BE
330
8E9
100
AcDbEntity
  8
03___PRT_ALL_CURVES
  6
Continuous
 62
     4
100
AcDbLine
 10
27.67298765874
 20
27.40000000050001
 30
0.0
 11
28.02169171113999
 21
27.40000000050001
 31
0.0
  0
LINE
  5
9BF
330
8E9
100
AcDbEntity
  8
03___PRT_ALL_CURVES
  6
Continuous
 62
     4
100
AcDbLine
 10
28.47107773642
 20
27.40000000050001
 30
0.0
 11
28.82060032668005
 21
27.40000000050001
 31
0.0
  0
LINE
  5
9C0
330
8E9
100
AcDbEntity
  8
03___PRT_ALL_CURVES
  6
Continuous
 62
     4
100
AcDbLine
 10
29.06862211918005
 20
27.40000000050001
 30
0.0
 11
29.43942700114002
 21
27.40000000050001
 31
0.0
  0
LINE
  5
9C1
330
8E9
100
AcDbEntity
  8
03___PRT_ALL_CURVES
  6
Continuous
 62
     4
100
AcDbLine
 10
29.88390179418002
 20
27.40000000050001
 30
0.0
 11
30.34065495230001
 21
27.40000000050001
 31
0.0
  0
LINE
  5
9C2
330
8E9
100
AcDbEntity
  8
03___PRT_ALL_CURVES
  6
Continuous
 62
     4
100
AcDbLine
 10
30.38485661396001
 20
27.40000000050001
 30
0.0
 11
31.38512974676004
 21
27.40000000050001
 31
0.0
  0
LINE
  5
9C3
330
8E9
100
AcDbEntity
  8
0
  6
Continuous
 62
     7
100
AcDbLine
 10
24.49999999913999
 20
27.54139999202
 30
0.0
 11
24.37387797808
 21
27.54139999202
 31
0.0
  0
LINE
  5
9C4
330
8E9
100
AcDbEntity
  8
0
  6
Continuous
 62
     7
100
AcDbLine
 10
24.17067797807999
 20
27.54139999202
 30
0.0
 11
24.11900000930001
 21
27.54139999202
 31
0.0
  0
LINE
  5
9C5
330
8E9
100
AcDbEntity
  8
0
  6
Continuous
 62
     7
100
AcDbLine
 10
24.49999999913999
 20
27.55000000021998
 30
0.0
 11
24.37387797808
 21
27.55000000021998
 31
0.0
  0
LINE
  5
9C6
330
8E9
100
AcDbEntity
  8
0
  6
Continuous
 62
     7
100
AcDbLine
 10
24.17067797807999
 20
27.55000000021998
 30
0.0
 11
24.11900000930001
 21
27.55000000021998
 31
0.0
  0
LINE
  5
9C7
330
8E9
100
AcDbEntity
  8
03___PRT_ALL_CURVES
  6
Continuous
 62
     4
100
AcDbLine
 10
31.38512974676004
 20
27.67175989639999
 30
0.0
 11
30.86452942651999
 21
27.67175989639999
 31
0.0
  0
LINE
  5
9C8
330
8E9
100
AcDbEntity
  8
0
  6
Continuous
 62
     7
100
AcDbLine
 10
13.90819999914001
 20
27.69065000085997
 30
0.0
 11
17.0831999966
 21
27.69065000085997
 31
0.0
  0
LINE
  5
9C9
330
8E9
100
AcDbEntity
  8
03___PRT_ALL_CURVES
  6
Continuous
 62
     4
100
AcDbLine
 10
26.84952252640002
 20
27.69549794645998
 30
0.0
 11
26.27080492590002
 21
27.69549794645998
 31
0.0
  0
LINE
  5
9CA
330
8E9
100
AcDbEntity
  8
0
  6
Continuous
 62
     6
100
AcDbLine
 10
14.08599999914
 20
27.75415000086001
 30
0.0
 11
17.0831999966
 21
27.75415000086001
 31
0.0
  0
LINE
  5
9CB
330
8E9
100
AcDbEntity
  8
0
  6
Continuous
 62
     6
100
AcDbLine
 10
14.08599999914
 20
28.19865000085998
 30
0.0
 11
17.08319999913999
 21
28.19865000085998
 31
0.0
  0
LINE
  5
9CC
330
8E9
100
AcDbEntity
  8
0
  6
Continuous
 62
     7
100
AcDbLine
 10
17.0831999966
 20
28.26215000085999
 30
0.0
 11
13.90819999914001
 21
28.26215000085999
 31
0.0
  0
LINE
  5
9CD
330
8E9
100
AcDbEntity
  8
0
  6
Continuous
 62
     7
100
AcDbLine
 10
24.49999999913999
 20
28.31999999945999
 30
0.0
 11
24.37387797808
 21
28.31999999945999
 31
0.0
  0
LINE
  5
9CE
330
8E9
100
AcDbEntity
  8
0
  6
Continuous
 62
     7
100
AcDbLine
 10
24.17067797807999
 20
28.31999999945999
 30
0.0
 11
24.11900000930001
 21
28.31999999945999
 31
0.0
  0
LINE
  5
9CF
330
8E9
100
AcDbEntity
  8
0
  6
Continuous
 62
     7
100
AcDbLine
 10
24.49999999913999
 20
28.41139999191999
 30
0.0
 11
24.37387797808
 21
28.41139999191999
 31
0.0
  0
LINE
  5
9D0
330
8E9
100
AcDbEntity
  8
0
  6
Continuous
 62
     7
100
AcDbLine
 10
24.17067797807999
 20
28.41139999191999
 30
0.0
 11
24.11900000930001
 21
28.41139999191999
 31
0.0
  0
LINE
  5
9D1
330
8E9
100
AcDbEntity
  8
03___PRT_ALL_CURVES
  6
Continuous
 62
     4
100
AcDbLine
 10
30.32100945184001
 20
28.60000000079999
 30
0.0
 11
29.82742148296001
 21
28.60000000079999
 31
0.0
  0
LINE
  5
9D2
330
8E9
100
AcDbEntity
  8
03___PRT_ALL_CURVES
  6
Continuous
 62
     4
100
AcDbLine
 10
29.43942700114002
 20
28.60000000079999
 30
0.0
 11
29.06862211918005
 21
28.60000000079999
 31
0.0
  0
LINE
  5
9D3
330
8E9
100
AcDbEntity
  8
03___PRT_ALL_CURVES
  6
Continuous
 62
     4
100
AcDbLine
 10
28.82060032668005
 20
28.60000000079999
 30
0.0
 11
28.47107773642
 21
28.60000000079999
 31
0.0
  0
LINE
  5
9D4
330
8E9
100
AcDbEntity
  8
03___PRT_ALL_CURVES
  6
Continuous
 62
     4
100
AcDbLine
 10
28.01923595278004
 20
28.60000000079999
 30
0.0
 11
27.67298765874
 21
28.60000000079999
 31
0.0
  0
LINE
  5
9D5
330
8E9
100
AcDbEntity
  8
03___PRT_ALL_CURVES
  6
Continuous
 62
     4
100
AcDbLine
 10
27.40450211240002
 20
28.60000000079999
 30
0.0
 11
27.03287855034
 21
28.60000000079999
 31
0.0
  0
LINE
  5
9D6
330
8E9
100
AcDbEntity
  8
03___PRT_ALL_CURVES
  6
Continuous
 62
     4
100
AcDbLine
 10
26.27080492590002
 20
28.60000000079999
 30
0.0
 11
25.89999999822004
 21
28.60000000079999
 31
0.0
  0
LINE
  5
9D7
330
8E9
100
AcDbEntity
  8
0
  6
Continuous
 62
     7
100
AcDbLine
 10
13.90819999914001
 20
28.70665000085999
 30
0.0
 11
17.0831999966
 21
28.70665000085999
 31
0.0
  0
LINE
  5
9D8
330
8E9
100
AcDbEntity
  8
0
  6
Continuous
 62
     6
100
AcDbLine
 10
14.08599999914
 20
28.77015000086
 30
0.0
 11
17.0831999966
 21
28.77015000086
 31
0.0
  0
LINE
  5
9D9
330
8E9
100
AcDbEntity
  8
0
  6
Continuous
 62
     7
100
AcDbLine
 10
13.95899999913999
 20
28.78919995768
 30
0.0
 11
14.08600040300001
 21
28.78919995768
 31
0.0
  0
LINE
  5
9DA
330
8E9
100
AcDbEntity
  8
0
  6
Continuous
 62
     7
100
AcDbLine
 10
24.49999999913999
 20
28.81139999202001
 30
0.0
 11
24.37387797808
 21
28.81139999202001
 31
0.0
  0
LINE
  5
9DB
330
8E9
100
AcDbEntity
  8
0
  6
Continuous
 62
     7
100
AcDbLine
 10
24.17067797807999
 20
28.81139999202001
 30
0.0
 11
24.11900000930001
 21
28.81139999202001
 31
0.0
  0
LINE
  5
9DC
330
8E9
100
AcDbEntity
  8
0
  6
Continuous
 62
     7
100
AcDbLine
 10
24.49999999913999
 20
28.82000000022002
 30
0.0
 11
24.37387797808
 21
28.82000000022002
 31
0.0
  0
LINE
  5
9DD
330
8E9
100
AcDbEntity
  8
0
  6
Continuous
 62
     7
100
AcDbLine
 10
24.17067797807999
 20
28.82000000022002
 30
0.0
 11
24.11900000930001
 21
28.82000000022002
 31
0.0
  0
LINE
  5
9DE
330
8E9
100
AcDbEntity
  8
0
  6
Continuous
 62
     6
100
AcDbLine
 10
14.08599999914
 20
29.21465000086
 30
0.0
 11
17.08319999913999
 21
29.21465000086
 31
0.0
  0
LINE
  5
9DF
330
8E9
100
AcDbEntity
  8
0
  6
Continuous
 62
     7
100
AcDbLine
 10
17.0831999966
 20
29.27815000085998
 30
0.0
 11
13.90819999914001
 21
29.27815000085998
 31
0.0
  0
LINE
  5
9E0
330
8E9
100
AcDbEntity
  8
0
  6
Continuous
 62
     7
100
AcDbLine
 10
24.49999999913999
 20
29.58999999945998
 30
0.0
 11
24.37387797808
 21
29.58999999945998
 31
0.0
  0
LINE
  5
9E1
330
8E9
100
AcDbEntity
  8
0
  6
Continuous
 62
     7
100
AcDbLine
 10
24.17067797807999
 20
29.58999999945998
 30
0.0
 11
24.11900000930001
 21
29.58999999945998
 31
0.0
  0
LINE
  5
9E2
330
8E9
100
AcDbEntity
  8
0
  6
Continuous
 62
     6
100
AcDbLine
 10
23.56019999914
 20
29.60200000086
 30
0.0
 11
21.98539999913999
 21
29.60200000086
 31
0.0
  0
LINE
  5
9E3
330
8E9
100
AcDbEntity
  8
0
  6
Continuous
 62
     7
100
AcDbLine
 10
24.49999999913999
 20
29.68139999191997
 30
0.0
 11
24.37387797808
 21
29.68139999191997
 31
0.0
  0
LINE
  5
9E4
330
8E9
100
AcDbEntity
  8
0
  6
Continuous
 62
     7
100
AcDbLine
 10
24.17067797807999
 20
29.68139999191997
 30
0.0
 11
24.11900000930001
 21
29.68139999191997
 31
0.0
  0
LINE
  5
9E5
330
8E9
100
AcDbEntity
  8
0
  6
Continuous
 62
     7
100
AcDbLine
 10
22.49659999782
 20
29.68139999191997
 30
0.0
 11
22.89659999792002
 21
29.68139999191997
 31
0.0
  0
LINE
  5
9E6
330
8E9
100
AcDbEntity
  8
0
  6
Continuous
 62
     7
100
AcDbLine
 10
13.90819999914001
 20
29.72265000085999
 30
0.0
 11
17.0831999966
 21
29.72265000085999
 31
0.0
  0
LINE
  5
9E7
330
8E9
100
AcDbEntity
  8
0
  6
Continuous
 62
     6
100
AcDbLine
 10
14.08599999914
 20
29.78615000085999
 30
0.0
 11
17.0831999966
 21
29.78615000085999
 31
0.0
  0
LINE
  5
9E8
330
8E9
100
AcDbEntity
  8
03___PRT_ALL_CURVES
  6
Continuous
 62
     4
100
AcDbLine
 10
30.40941334665999
 20
28.23738064729999
 30
0.0
 11
30.74338341532001
 21
28.2103683696
 31
0.0
  0
LINE
  5
9E9
330
8E9
100
AcDbEntity
  8
0
  6
Continuous
 62
     6
100
AcDbLine
 10
22.51879999913999
 20
30.03380000085998
 30
0.0
 11
23.85229999914
 21
30.03380000085998
 31
0.0
  0
LINE
  5
9EA
330
8E9
100
AcDbEntity
  8
0
  6
Continuous
 62
     7
100
AcDbLine
 10
13.95899999913999
 20
30.05919995768001
 30
0.0
 11
14.08600040300001
 21
30.05919995768001
 31
0.0
  0
LINE
  5
9EB
330
8E9
100
AcDbEntity
  8
0
  6
Continuous
 62
     7
100
AcDbLine
 10
24.49999999913999
 20
30.08139999202002
 30
0.0
 11
24.37387797808
 21
30.08139999202002
 31
0.0
  0
LINE
  5
9EC
330
8E9
100
AcDbEntity
  8
0
  6
Continuous
 62
     7
100
AcDbLine
 10
24.17067797807999
 20
30.08139999202002
 30
0.0
 11
24.11900000930001
 21
30.08139999202002
 31
0.0
  0
LINE
  5
9ED
330
8E9
100
AcDbEntity
  8
0
  6
Continuous
 62
     7
100
AcDbLine
 10
22.52016618639999
 20
30.08139999202002
 30
0.0
 11
22.49659999782
 21
30.08139999202002
 31
0.0
  0
LINE
  5
9EE
330
8E9
100
AcDbEntity
  8
0
  6
Continuous
 62
     7
100
AcDbLine
 10
24.49999999913999
 20
30.09000000022
 30
0.0
 11
24.37387797808
 21
30.09000000022
 31
0.0
  0
LINE
  5
9EF
330
8E9
100
AcDbEntity
  8
0
  6
Continuous
 62
     7
100
AcDbLine
 10
24.17067797807999
 20
30.09000000022
 30
0.0
 11
24.11900000930001
 21
30.09000000022
 31
0.0
  0
LINE
  5
9F0
330
8E9
100
AcDbEntity
  8
0
  6
Continuous
 62
     6
100
AcDbLine
 10
14.08599999914
 20
30.23065000086
 30
0.0
 11
17.08319999913999
 21
30.23065000086
 31
0.0
  0
LINE
  5
9F1
330
8E9
100
AcDbEntity
  8
0
  6
Continuous
 62
     6
100
AcDbLine
 10
23.85229999914
 20
30.28779999577999
 30
0.0
 11
22.72404533413999
 21
30.28779999577999
 31
0.0
  0
LINE
  5
9F2
330
8E9
100
AcDbEntity
  8
0
  6
Continuous
 62
     7
100
AcDbLine
 10
17.0831999966
 20
30.29415000085997
 30
0.0
 11
13.90819999914001
 21
30.29415000085997
 31
0.0
  0
LINE
  5
9F3
330
8E9
100
AcDbEntity
  8
0
  6
Continuous
 62
     7
100
AcDbLine
 10
24.37387797808
 20
30.54099999992
 30
0.0
 11
23.40860000007999
 21
30.54099999992
 31
0.0
  0
LINE
  5
9F4
330
8E9
100
AcDbEntity
  8
0
  6
Continuous
 62
     7
100
AcDbLine
 10
13.90819999914001
 20
30.73865000085998
 30
0.0
 11
17.0831999966
 21
30.73865000085998
 31
0.0
  0
LINE
  5
9F5
330
8E9
100
AcDbEntity
  8
0
  6
Continuous
 62
     6
100
AcDbLine
 10
14.08599999914
 20
30.80215000086001
 30
0.0
 11
17.0831999966
 21
30.80215000086001
 31
0.0
  0
LINE
  5
9F6
330
8E9
100
AcDbEntity
  8
0
  6
Continuous
 62
     7
100
AcDbLine
 10
24.49999999913999
 20
30.85999999945999
 30
0.0
 11
24.37387797808
 21
30.85999999945999
 31
0.0
  0
LINE
  5
9F7
330
8E9
100
AcDbEntity
  8
0
  6
Continuous
 62
     7
100
AcDbLine
 10
24.49999999913999
 20
30.95139999191998
 30
0.0
 11
24.37387797808
 21
30.95139999191998
 31
0.0
  0
LINE
  5
9F8
330
8E9
100
AcDbEntity
  8
0
  6
Continuous
 62
     7
100
AcDbLine
 10
22.49659999782
 20
30.95139999191998
 30
0.0
 11
22.52016618639999
 21
30.95139999191998
 31
0.0
  0
LINE
  5
9F9
330
8E9
100
AcDbEntity
  8
0
  6
Continuous
 62
     7
100
AcDbLine
 10
14.08600040300001
 20
30.97359995768001
 30
0.0
 11
13.95899999913999
 21
30.97359995768001
 31
0.0
  0
LINE
  5
9FA
330
8E9
100
AcDbEntity
  8
0
  6
Continuous
 62
     6
100
AcDbLine
 10
18.37859999913999
 20
31.17679999578
 30
0.0
 11
22.60089813313999
 21
31.17680000085998
 31
0.0
  0
LINE
  5
9FB
330
8E9
100
AcDbEntity
  8
0
  6
Continuous
 62
     6
100
AcDbLine
 10
14.08599999914
 20
31.24665000085999
 30
0.0
 11
17.08319999913999
 21
31.24665000085999
 31
0.0
  0
LINE
  5
9FC
330
8E9
100
AcDbEntity
  8
0
  6
Continuous
 62
     7
100
AcDbLine
 10
17.0831999966
 20
31.31015000085999
 30
0.0
 11
13.90819999914001
 21
31.31015000085999
 31
0.0
  0
LINE
  5
9FD
330
8E9
100
AcDbEntity
  8
0
  6
Continuous
 62
     7
100
AcDbLine
 10
24.49999999913999
 20
31.35139999202001
 30
0.0
 11
24.37387797808
 21
31.35139999202001
 31
0.0
  0
LINE
  5
9FE
330
8E9
100
AcDbEntity
  8
0
  6
Continuous
 62
     7
100
AcDbLine
 10
24.49999999913999
 20
31.36000000022001
 30
0.0
 11
24.37387797808
 21
31.36000000022001
 31
0.0
  0
LINE
  5
9FF
330
8E9
100
AcDbEntity
  8
0
  6
Continuous
 62
     6
100
AcDbLine
 10
21.32118999914002
 20
31.71079999965998
 30
0.0
 11
23.15460000007999
 21
31.71079999965998
 31
0.0
  0
LINE
  5
A00
330
8E9
100
AcDbEntity
  8
0
  6
Continuous
 62
     7
100
AcDbLine
 10
13.90819999914001
 20
31.75465000086
 30
0.0
 11
17.0831999966
 21
31.75465000086
 31
0.0
  0
LINE
  5
A01
330
8E9
100
AcDbEntity
  8
0
  6
Continuous
 62
     6
100
AcDbLine
 10
17.08319999913999
 20
31.81815000086
 30
0.0
 11
14.08599999914
 21
31.81815000086
 31
0.0
  0
LINE
  5
A02
330
8E9
100
AcDbEntity
  8
0
  6
Continuous
 62
     7
100
AcDbLine
 10
23.15460000007999
 20
31.83643800085999
 30
0.0
 11
21.44818999914
 21
31.83643800085999
 31
0.0
  0
LINE
  5
A03
330
8E9
100
AcDbEntity
  8
0
  6
Continuous
 62
     7
100
AcDbLine
 10
24.37387797808
 20
31.83643800085999
 30
0.0
 11
24.49999999913999
 21
31.83643800085999
 31
0.0
  0
LINE
  5
A04
330
8E9
100
AcDbEntity
  8
0
  6
Continuous
 62
     7
100
AcDbLine
 10
21.92824999913998
 20
32.19330800085997
 30
0.0
 11
22.86804999914
 21
32.19330800085997
 31
0.0
  0
LINE
  5
A05
330
8E9
100
AcDbEntity
  8
0
  6
Continuous
 62
     7
100
AcDbLine
 10
14.08600040300001
 20
32.24359995767999
 30
0.0
 11
13.95899999913999
 21
32.24359995767999
 31
0.0
  0
LINE
  5
A06
330
8E9
100
AcDbEntity
  8
0
  6
Continuous
 62
     7
100
AcDbLine
 10
24.37387797808
 20
32.34443800085999
 30
0.0
 11
24.49999999913999
 21
32.34443800085999
 31
0.0
  0
LINE
  5
A07
330
8E9
100
AcDbEntity
  8
0
  6
Continuous
 62
     7
100
AcDbLine
 10
13.95899999913999
 20
32.59919995768
 30
0.0
 11
14.08600040300001
 21
32.59919995768
 31
0.0
  0
LINE
  5
A08
330
8E9
100
AcDbEntity
  8
0
  6
Continuous
 62
     7
100
AcDbLine
 10
24.49999999913999
 20
32.62139999202002
 30
0.0
 11
24.37387797808
 21
32.62139999202002
 31
0.0
  0
LINE
  5
A09
330
8E9
100
AcDbEntity
  8
0
  6
Continuous
 62
     7
100
AcDbLine
 10
24.49999999913999
 20
32.63000000021999
 30
0.0
 11
24.37387797808
 21
32.63000000021999
 31
0.0
  0
LINE
  5
A0A
330
8E9
100
AcDbEntity
  8
0
  6
Continuous
 62
     7
100
AcDbLine
 10
13.90819999914001
 20
32.80240000085998
 30
0.0
 11
13.95899999913999
 21
32.80240000085998
 31
0.0
  0
LINE
  5
A0B
330
8E9
100
AcDbEntity
  8
0
  6
Continuous
 62
     6
100
AcDbLine
 10
24.37387797808
 20
33.31040000085999
 30
0.0
 11
24.49999999913999
 21
33.31040000085999
 31
0.0
  0
LINE
  5
A0C
330
8E9
100
AcDbEntity
  8
0
  6
Continuous
 62
     7
100
AcDbLine
 10
18.48100000008
 20
33.38349292045997
 30
0.0
 11
16.44900000007999
 21
33.38349292045997
 31
0.0
  0
LINE
  5
A0D
330
8E9
100
AcDbEntity
  8
0
  6
Continuous
 62
     6
100
AcDbLine
 10
14.08599999914
 20
33.42470000086
 30
0.0
 11
13.90819999914001
 21
33.42470000086
 31
0.0
  0
LINE
  5
A0E
330
8E9
100
AcDbEntity
  8
0
  6
Continuous
 62
     6
100
AcDbLine
 10
15.6353999966
 20
33.70410000086001
 30
0.0
 11
16.44900000007999
 21
33.70410000086001
 31
0.0
  0
LINE
  5
A0F
330
8E9
100
AcDbEntity
  8
0
  6
Continuous
 62
     7
100
AcDbLine
 10
24.54463020198
 20
33.84299999992
 30
0.0
 11
24.96000880226003
 21
33.84299999992
 31
0.0
  0
LINE
  5
A10
330
8E9
100
AcDbEntity
  8
0
  6
Continuous
 62
     6
100
AcDbLine
 10
13.90819999659999
 20
33.93270000085998
 30
0.0
 11
15.6353999966
 21
33.93270000085998
 31
0.0
  0
LINE
  5
A11
330
8E9
100
AcDbEntity
  8
0
  6
Continuous
 62
     6
100
AcDbLine
 10
19.34379999914
 20
33.93270000085998
 30
0.0
 11
20.68999999913999
 21
33.93270000085998
 31
0.0
  0
LINE
  5
A12
330
8E9
100
AcDbEntity
  8
0
  6
Continuous
 62
     7
100
AcDbLine
 10
15.82589999914001
 20
34.09779593685998
 30
0.0
 11
15.6353999966
 21
34.09779593685998
 31
0.0
  0
LINE
  5
A13
330
8E9
100
AcDbEntity
  8
0
  6
Continuous
 62
     7
100
AcDbLine
 10
13.09006339310002
 20
36.0481041419
 30
0.0
 11
12.91800039457999
 21
36.00199999991999
 31
0.0
  0
LINE
  5
A14
330
8E9
100
AcDbEntity
  8
0
  6
Continuous
 62
     7
100
AcDbLine
 10
20.48947114949999
 20
34.42099999962001
 30
0.0
 11
18.48100000008
 21
34.42099999962001
 31
0.0
  0
LINE
  5
A15
330
8E9
100
AcDbEntity
  8
0
  6
Continuous
 62
     7
100
AcDbLine
 10
16.44900000007999
 20
34.42099999962001
 30
0.0
 11
13.75179999952002
 21
34.42099999962001
 31
0.0
  0
LINE
  5
A16
330
8E9
100
AcDbEntity
  8
0
  6
Continuous
 62
     7
100
AcDbLine
 10
22.86804999914
 20
34.47930800085997
 30
0.0
 11
21.92824999913998
 21
34.47930800085997
 31
0.0
  0
LINE
  5
A17
330
8E9
100
AcDbEntity
  8
0
  6
Continuous
 62
     7
100
AcDbLine
 10
20.68947115082003
 20
34.67499999962
 30
0.0
 11
23.05459999942002
 21
34.67499999962
 31
0.0
  0
LINE
  5
A18
330
8E9
100
AcDbEntity
  8
0
  6
Continuous
 62
     7
100
AcDbLine
 10
24.54463020198
 20
35.36699999991997
 30
0.0
 11
24.96000880226003
 21
35.36699999991997
 31
0.0
  0
LINE
  5
A19
330
8E9
100
AcDbEntity
  8
ECAD_DIPTRONICS_EMR-08
  6
Continuous
 62
     7
100
AcDbLine
 10
10.31499999988
 20
35.38885773623998
 30
0.0
 11
10.91180000008001
 21
35.38885773623998
 31
0.0
  0
LINE
  5
A1A
330
8E9
100
AcDbEntity
  8
0
  6
Continuous
 62
     7
100
AcDbLine
 10
10.91180000008001
 20
35.77339999991999
 30
0.0
 11
11.26232000008
 21
35.77339999991999
 31
0.0
  0
LINE
  5
A1B
330
8E9
100
AcDbEntity
  8
0
  6
Continuous
 62
     7
100
AcDbLine
 10
23.61180000008
 20
35.77339999991999
 30
0.0
 11
24.37387797808
 21
35.77339999991999
 31
0.0
  0
LINE
  5
A1C
330
8E9
100
AcDbEntity
  8
0
  6
Continuous
 62
     7
100
AcDbLine
 10
24.49999999913999
 20
35.79879999991998
 30
0.0
 11
23.91660000008
 21
35.79879999991998
 31
0.0
  0
LINE
  5
A1D
330
8E9
100
AcDbEntity
  8
0
  6
Continuous
 62
     7
100
AcDbLine
 10
23.71340000262001
 20
35.79879999991998
 30
0.0
 11
23.61179999246002
 21
35.79879999991998
 31
0.0
  0
LINE
  5
A1E
330
8E9
100
AcDbEntity
  8
0
  6
Continuous
 62
     7
100
AcDbLine
 10
11.26232000008
 20
35.79879999991998
 30
0.0
 11
11.11500000007999
 21
35.79879999991998
 31
0.0
  0
LINE
  5
A1F
330
8E9
100
AcDbEntity
  8
0
  6
Continuous
 62
     7
100
AcDbLine
 10
11.11500000007999
 20
36.00199999991999
 30
0.0
 11
24.49999999913999
 21
36.00199999991999
 31
0.0
  0
LINE
  5
A20
330
8E9
100
AcDbEntity
  8
0
  6
Continuous
 62
     7
100
AcDbLine
 10
22.99706815868004
 20
36.20519999992
 30
0.0
 11
24.49999999913999
 21
36.20519999992
 31
0.0
  0
LINE
  5
A21
330
8E9
100
AcDbEntity
  8
0
  6
Continuous
 62
     7
100
AcDbLine
 10
24.49999999913999
 20
36.44000000022
 30
0.0
 11
23.93999999900001
 21
36.44000000022
 31
0.0
  0
LINE
  5
A22
330
8E9
100
AcDbEntity
  8
0
  6
Continuous
 62
     7
100
AcDbLine
 10
22.49999999863999
 20
36.44000000022
 30
0.0
 11
21.85917558052
 21
36.44000000022
 31
0.0
  0
LINE
  5
A23
330
8E9
100
AcDbEntity
  8
0
  6
Continuous
 62
     7
100
AcDbLine
 10
19.67482441710001
 20
36.44000000022
 30
0.0
 11
19.64999999888002
 21
36.44000000022
 31
0.0
  0
LINE
  5
A24
330
8E9
100
AcDbEntity
  8
02___PRT_ALL_AXES
  6
Continuous
 62
     7
100
AcDbLine
 10
24.22499999796
 20
36.60000000026001
 30
0.0
 11
21.83962859650001
 21
36.60000000026001
 31
0.0
  0
LINE
  5
A25
330
8E9
100
AcDbEntity
  8
0
  6
Continuous
 62
     7
100
AcDbLine
 10
24.22499999796
 20
36.60000000026001
 30
0.0
 11
21.83962859650001
 21
36.60000000026001
 31
0.0
  0
LINE
  5
A26
330
8E9
100
AcDbEntity
  8
02___PRT_ALL_AXES
  6
Continuous
 62
     7
100
AcDbLine
 10
19.69437140112001
 20
36.60000000026001
 30
0.0
 11
15.99762859649999
 21
36.60000000026001
 31
0.0
  0
LINE
  5
A27
330
8E9
100
AcDbEntity
  8
0
  6
Continuous
 62
     7
100
AcDbLine
 10
19.69437140112001
 20
36.60000000026001
 30
0.0
 11
15.99762859649999
 21
36.60000000026001
 31
0.0
  0
LINE
  5
A28
330
8E9
100
AcDbEntity
  8
02___PRT_ALL_AXES
  6
Continuous
 62
     7
100
AcDbLine
 10
13.85237140112
 20
36.60000000026001
 30
0.0
 11
11.06499999848
 21
36.60000000026001
 31
0.0
  0
LINE
  5
A29
330
8E9
100
AcDbEntity
  8
0
  6
Continuous
 62
     7
100
AcDbLine
 10
13.85237140112
 20
36.60000000026001
 30
0.0
 11
11.06499999848
 21
36.60000000026001
 31
0.0
  0
LINE
  5
A2A
330
8E9
100
AcDbEntity
  8
0
  6
Continuous
 62
     7
100
AcDbLine
 10
24.37387797808
 20
20.75197722087999
 30
0.0
 11
24.50412060050002
 21
20.65031807443999
 31
0.0
  0
LINE
  5
A2B
330
8E9
100
AcDbEntity
  8
0
  6
Continuous
 62
     7
100
AcDbLine
 10
24.72832699486003
 20
20.65031807443999
 30
0.0
 11
24.43234745728
 21
20.88134096266002
 31
0.0
  0
LINE
  5
A2C
330
8E9
100
AcDbEntity
  8
0
  6
Continuous
 62
     2
100
AcDbLine
 10
6.160501544860011
 20
91.79999999882001
 30
0.0
 11
6.330501545220017
 21
91.96999999918002
 31
0.0
  0
LINE
  5
A2D
330
8E9
100
AcDbEntity
  8
0
  6
Continuous
 62
     2
100
AcDbLine
 10
31.33050154512003
 20
116.96999999908
 30
0.0
 11
31.36050154607997
 21
117.00000000004
 31
0.0
  0
LINE
  5
A2E
330
8E9
100
AcDbEntity
  8
02___PRT_ALL_AXES
  6
Continuous
 62
     7
100
AcDbLine
 10
15.24999999778001
 20
38.9000000002
 30
0.0
 11
24.34999999942002
 21
38.9000000002
 31
0.0
  0
LINE
  5
A2F
330
8E9
100
AcDbEntity
  8
0
  6
Continuous
 62
     7
100
AcDbLine
 10
15.24999999778001
 20
38.9000000002
 30
0.0
 11
24.34999999942002
 21
38.9000000002
 31
0.0
  0
LINE
  5
A30
330
8E9
100
AcDbEntity
  8
0
  6
Continuous
 62
     7
100
AcDbLine
 10
24.49999999913999
 20
38.98000000021999
 30
0.0
 11
23.93999999900001
 21
38.98000000021999
 31
0.0
  0
LINE
  5
A31
330
8E9
100
AcDbEntity
  8
0
  6
Continuous
 62
     7
100
AcDbLine
 10
22.49999999863999
 20
38.98000000021999
 30
0.0
 11
22.34999999892
 21
38.98000000021999
 31
0.0
  0
LINE
  5
A32
330
8E9
100
AcDbEntity
  8
0
  6
Continuous
 62
     7
100
AcDbLine
 10
21.14999999861999
 20
38.98000000021999
 30
0.0
 11
19.64999999888002
 21
38.98000000021999
 31
0.0
  0
LINE
  5
A33
330
8E9
100
AcDbEntity
  8
0
  6
Continuous
 62
     7
100
AcDbLine
 10
24.24999999876002
 20
39.23750000084
 30
0.0
 11
22.34999999892
 21
39.23750000084
 31
0.0
  0
LINE
  5
A34
330
8E9
100
AcDbEntity
  8
0
  6
Continuous
 62
     7
100
AcDbLine
 10
21.14999999861999
 20
39.23750000084
 30
0.0
 11
20.94999999984003
 21
39.23750000084
 31
0.0
  0
LINE
  5
A35
330
8E9
100
AcDbEntity
  8
0
  6
Continuous
 62
     7
100
AcDbLine
 10
22.57999999865999
 20
39.24999999870001
 30
0.0
 11
22.34999999892
 21
39.24999999870001
 31
0.0
  0
LINE
  5
A36
330
8E9
100
AcDbEntity
  8
0
  6
Continuous
 62
     7
100
AcDbLine
 10
24.19999999970003
 20
39.25999999902
 30
0.0
 11
22.34999999892
 21
39.25999999902
 31
0.0
  0
LINE
  5
A37
330
8E9
100
AcDbEntity
  8
0
  6
Continuous
 62
     7
100
AcDbLine
 10
21.14999999861999
 20
39.25999999902
 30
0.0
 11
21.04999999796001
 21
39.25999999902
 31
0.0
  0
LINE
  5
A38
330
8E9
100
AcDbEntity
  8
0
  6
Continuous
 62
     7
100
AcDbLine
 10
20.94999999984003
 20
39.48749999868001
 30
0.0
 11
21.04999999796001
 21
39.48749999868001
 31
0.0
  0
LINE
  5
A39
330
8E9
100
AcDbEntity
  8
0
  6
Continuous
 62
     7
100
AcDbLine
 10
15.40000000004002
 20
39.49999999908
 30
0.0
 11
24.64999999886001
 21
39.49999999908
 31
0.0
  0
LINE
  5
A3A
330
8E9
100
AcDbEntity
  8
0
  6
Continuous
 62
     7
100
AcDbLine
 10
24.24999999876002
 20
39.50999999939999
 30
0.0
 11
24.49999999913999
 21
39.50999999939999
 31
0.0
  0
LINE
  5
A3B
330
8E9
100
AcDbEntity
  8
0
  6
Continuous
 62
     7
100
AcDbLine
 10
15.40000000004002
 20
39.74999999945997
 30
0.0
 11
24.24999999876002
 21
39.74999999945997
 31
0.0
  0
LINE
  5
A3C
330
8E9
100
AcDbEntity
  8
0
  6
Continuous
 62
     7
100
AcDbLine
 10
24.49999999913999
 20
39.74999999945997
 30
0.0
 11
24.64999999886001
 21
39.74999999945997
 31
0.0
  0
LINE
  5
A3D
330
8E9
100
AcDbEntity
  8
0
  6
Continuous
 62
     7
100
AcDbLine
 10
22.02912878392002
 20
39.75999999977999
 30
0.0
 11
22.67087121392001
 21
39.75999999977999
 31
0.0
  0
LINE
  5
A3E
330
8E9
100
AcDbEntity
  8
0
  6
Continuous
 62
     7
100
AcDbLine
 10
15.77999999950001
 20
40.61999999935999
 30
0.0
 11
15.34999999844001
 21
40.61999999935999
 31
0.0
  0
LINE
  5
A3F
330
8E9
100
AcDbEntity
  8
0
  6
Continuous
 62
     7
100
AcDbLine
 10
24.49999999913999
 20
40.67999999874
 30
0.0
 11
24.24999999876002
 21
40.67999999874
 31
0.0
  0
LINE
  5
A40
330
8E9
100
AcDbEntity
  8
0
  6
Continuous
 62
     7
100
AcDbLine
 10
25.09999999802
 20
41.34999999986
 30
0.0
 11
24.49999999913999
 21
41.34999999986
 31
0.0
  0
LINE
  5
A41
330
8E9
100
AcDbEntity
  8
0
  6
Continuous
 62
     7
100
AcDbLine
 10
15.09999999806001
 20
41.64999999929999
 30
0.0
 11
14.49999999918001
 21
41.64999999929999
 31
0.0
  0
LINE
  5
A42
330
8E9
100
AcDbEntity
  8
0
  6
Continuous
 62
     7
100
AcDbLine
 10
24.49999999913999
 20
42.55000000016001
 30
0.0
 11
25.09999999802
 21
42.55000000016001
 31
0.0
  0
LINE
  5
A43
330
8E9
100
AcDbEntity
  8
0
  6
Continuous
 62
     7
100
AcDbLine
 10
24.49999999913999
 20
42.67999999924
 30
0.0
 11
24.24999999876002
 21
42.67999999924
 31
0.0
  0
LINE
  5
A44
330
8E9
100
AcDbEntity
  8
0
  6
Continuous
 62
     7
100
AcDbLine
 10
23.64999999988001
 20
42.74999999894
 30
0.0
 11
24.09999999904002
 21
42.74999999894
 31
0.0
  0
LINE
  5
A45
330
8E9
100
AcDbEntity
  8
0
  6
Continuous
 62
     7
100
AcDbLine
 10
24.24999999876002
 20
42.79000000021999
 30
0.0
 11
23.93999999900001
 21
42.79000000021999
 31
0.0
  0
LINE
  5
A46
330
8E9
100
AcDbEntity
  8
0
  6
Continuous
 62
     7
100
AcDbLine
 10
14.49999999918001
 20
42.8499999996
 30
0.0
 11
15.09999999806001
 21
42.8499999996
 31
0.0
  0
LINE
  5
A47
330
8E9
100
AcDbEntity
  8
0
  6
Continuous
 62
     6
100
AcDbLine
 10
20.74079999913999
 20
24.77600000085998
 30
0.0
 11
21.0455999966
 21
24.47120000086001
 31
0.0
  0
LINE
  5
A48
330
8E9
100
AcDbEntity
  8
0
  6
Continuous
 62
     6
100
AcDbLine
 10
21.37486651358
 20
24.18832348508001
 30
0.0
 11
21.44818999914
 21
24.11499999952001
 31
0.0
  0
LINE
  5
A49
330
8E9
100
AcDbEntity
  8
0
  6
Continuous
 62
     6
100
AcDbLine
 10
13.90819999914001
 20
33.93270000085998
 30
0.0
 11
13.60339999913998
 21
34.23750000593996
 31
0.0
  0
LINE
  5
A4A
330
8E9
100
AcDbEntity
  8
0
  6
Continuous
 62
     7
100
AcDbLine
 10
24.24999999876002
 20
43.55999999945998
 30
0.0
 11
23.93999999900001
 21
43.55999999945998
 31
0.0
  0
LINE
  5
A4B
330
8E9
100
AcDbEntity
  8
0
  6
Continuous
 62
     7
100
AcDbLine
 10
24.49999999913999
 20
43.79999999952001
 30
0.0
 11
24.24999999876002
 21
43.79999999952001
 31
0.0
  0
LINE
  5
A4C
330
8E9
100
AcDbEntity
  8
0
  6
Continuous
 62
     7
100
AcDbLine
 10
24.24999999876002
 20
44.06000000022
 30
0.0
 11
23.93999999900001
 21
44.06000000022
 31
0.0
  0
LINE
  5
A4D
330
8E9
100
AcDbEntity
  8
0
  6
Continuous
 62
     7
100
AcDbLine
 10
17.67999999934003
 20
44.25999999900002
 30
0.0
 11
17.02270509600001
 21
44.25999999900002
 31
0.0
  0
LINE
  5
A4E
330
8E9
100
AcDbEntity
  8
0
  6
Continuous
 62
     7
100
AcDbLine
 10
17.67999999934003
 20
44.42044385895998
 30
0.0
 11
17.02270509600001
 21
44.42044385895998
 31
0.0
  0
LINE
  5
A4F
330
8E9
100
AcDbEntity
  8
0
  6
Continuous
 62
     7
100
AcDbLine
 10
24.23366838042
 20
44.45
 30
0.0
 11
23.55999999954
 21
44.45
 31
0.0
  0
LINE
  5
A50
330
8E9
100
AcDbEntity
  8
0
  6
Continuous
 62
     7
100
AcDbLine
 10
24.24999999876002
 20
44.45
 30
0.0
 11
24.49416672150002
 21
44.45
 31
0.0
  0
LINE
  5
A51
330
8E9
100
AcDbEntity
  8
0
  6
Continuous
 62
     7
100
AcDbLine
 10
24.44570312272003
 20
44.74999999943996
 30
0.0
 11
24.34999999942002
 21
44.74999999943996
 31
0.0
  0
LINE
  5
A52
330
8E9
100
AcDbEntity
  8
0
  6
Continuous
 62
     7
100
AcDbLine
 10
15.09999999806001
 20
46.14999999852002
 30
0.0
 11
14.49999999918001
 21
46.14999999852002
 31
0.0
  0
LINE
  5
A53
330
8E9
100
AcDbEntity
  8
03___PRT_ALL_CURVES
  6
Continuous
 62
     4
100
AcDbLine
 10
25.89999999822004
 20
46.14999999852002
 30
0.0
 11
26.84952252640002
 21
46.14999999852002
 31
0.0
  0
LINE
  5
A54
330
8E9
100
AcDbEntity
  8
03___PRT_ALL_CURVES
  6
Continuous
 62
     4
100
AcDbLine
 10
27.03287855034
 20
46.14999999852002
 30
0.0
 11
27.40450211240002
 21
46.14999999852002
 31
0.0
  0
LINE
  5
A55
330
8E9
100
AcDbEntity
  8
03___PRT_ALL_CURVES
  6
Continuous
 62
     4
100
AcDbLine
 10
27.67298765874
 20
46.14999999852002
 30
0.0
 11
28.02169171113999
 21
46.14999999852002
 31
0.0
  0
LINE
  5
A56
330
8E9
100
AcDbEntity
  8
03___PRT_ALL_CURVES
  6
Continuous
 62
     4
100
AcDbLine
 10
28.47107773642
 20
46.14999999852002
 30
0.0
 11
28.82060032668005
 21
46.14999999852002
 31
0.0
  0
LINE
  5
A57
330
8E9
100
AcDbEntity
  8
03___PRT_ALL_CURVES
  6
Continuous
 62
     4
100
AcDbLine
 10
29.06862211918005
 20
46.14999999852002
 30
0.0
 11
29.43942700114002
 21
46.14999999852002
 31
0.0
  0
LINE
  5
A58
330
8E9
100
AcDbEntity
  8
03___PRT_ALL_CURVES
  6
Continuous
 62
     4
100
AcDbLine
 10
29.88390179418002
 20
46.14999999852002
 30
0.0
 11
30.34065495230001
 21
46.14999999852002
 31
0.0
  0
LINE
  5
A59
330
8E9
100
AcDbEntity
  8
03___PRT_ALL_CURVES
  6
Continuous
 62
     4
100
AcDbLine
 10
30.82769432873999
 20
46.14999999852002
 30
0.0
 11
31.16493855392
 21
46.14999999852002
 31
0.0
  0
LINE
  5
A5A
330
8E9
100
AcDbEntity
  8
03___PRT_ALL_CURVES
  6
Continuous
 62
     4
100
AcDbLine
 10
26.84952252640002
 20
46.44549794702003
 30
0.0
 11
26.27080492590002
 21
46.44549794702003
 31
0.0
  0
LINE
  5
A5B
330
8E9
100
AcDbEntity
  8
03___PRT_ALL_CURVES
  6
Continuous
 62
     4
100
AcDbLine
 10
30.32100945184001
 20
47.34999999882
 30
0.0
 11
29.82742148296001
 21
47.34999999882
 31
0.0
  0
LINE
  5
A5C
330
8E9
100
AcDbEntity
  8
03___PRT_ALL_CURVES
  6
Continuous
 62
     4
100
AcDbLine
 10
29.43942700114002
 20
47.34999999882
 30
0.0
 11
29.06862211918005
 21
47.34999999882
 31
0.0
  0
LINE
  5
A5D
330
8E9
100
AcDbEntity
  8
03___PRT_ALL_CURVES
  6
Continuous
 62
     4
100
AcDbLine
 10
28.82060032668005
 20
47.34999999882
 30
0.0
 11
28.47107773642
 21
47.34999999882
 31
0.0
  0
LINE
  5
A5E
330
8E9
100
AcDbEntity
  8
03___PRT_ALL_CURVES
  6
Continuous
 62
     4
100
AcDbLine
 10
28.01923595278004
 20
47.34999999882
 30
0.0
 11
27.67298765874
 21
47.34999999882
 31
0.0
  0
LINE
  5
A5F
330
8E9
100
AcDbEntity
  8
03___PRT_ALL_CURVES
  6
Continuous
 62
     4
100
AcDbLine
 10
27.40450211240002
 20
47.34999999882
 30
0.0
 11
27.03287855034
 21
47.34999999882
 31
0.0
  0
LINE
  5
A60
330
8E9
100
AcDbEntity
  8
03___PRT_ALL_CURVES
  6
Continuous
 62
     4
100
AcDbLine
 10
26.27080492590002
 20
47.34999999882
 30
0.0
 11
25.89999999822004
 21
47.34999999882
 31
0.0
  0
LINE
  5
A61
330
8E9
100
AcDbEntity
  8
0
  6
Continuous
 62
     7
100
AcDbLine
 10
14.49999999918001
 20
47.34999999882
 30
0.0
 11
15.09999999806001
 21
47.34999999882
 31
0.0
  0
LINE
  5
A62
330
8E9
100
AcDbEntity
  8
03___PRT_ALL_CURVES
  6
Continuous
 62
     4
100
AcDbLine
 10
31.16493855392
 20
47.37046389489997
 30
0.0
 11
30.88908615922003
 21
47.37046389489997
 31
0.0
  0
LINE
  5
A63
330
8E9
100
AcDbEntity
  8
0
  6
Continuous
 62
     7
100
AcDbLine
 10
24.50412060050002
 20
33.85831807443999
 30
0.0
 11
24.37387797808
 21
33.95997722087999
 31
0.0
  0
LINE
  5
A64
330
8E9
100
AcDbEntity
  8
0
  6
Continuous
 62
     7
100
AcDbLine
 10
24.72832699486003
 20
33.85831807443999
 30
0.0
 11
24.43234745728
 21
34.08934096265999
 31
0.0
  0
LINE
  5
A65
330
8E9
100
AcDbEntity
  8
0
  6
Continuous
 62
     7
100
AcDbLine
 10
-0.2500000003799983
 20
116.96999999908
 30
0.0
 11
-0.2500000003799983
 21
91.96999999918002
 31
0.0
  0
LINE
  5
A66
330
8E9
100
AcDbEntity
  8
0
  6
Continuous
 62
     7
100
AcDbLine
 10
-0.2500000003799983
 20
5.999999998960007
 30
0.0
 11
-0.2500000003799983
 21
91.79999999882001
 31
0.0
  0
LINE
  5
A67
330
8E9
100
AcDbEntity
  8
0
  6
Continuous
 62
     7
100
AcDbLine
 10
-0.2500000003799983
 20
117.00000000004
 30
0.0
 11
-0.2500000003799983
 21
124.00000000052
 31
0.0
  0
LINE
  5
A68
330
8E9
100
AcDbEntity
  8
0
  6
Continuous
 62
     7
100
AcDbLine
 10
0.0
 20
129.99999999948
 30
0.0
 11
0.0
 21
124.00000000052
 31
0.0
  0
LINE
  5
A69
330
8E9
100
AcDbEntity
  8
0
  6
Continuous
 62
     7
100
AcDbLine
 10
0.0
 20
5.999999998960007
 30
0.0
 11
0.0
 21
0.0
 31
0.0
  0
LINE
  5
A6A
330
8E9
100
AcDbEntity
  8
02___PRT_ALL_AXES
  6
Continuous
 62
     7
100
AcDbLine
 10
2.499999998720028
 20
129.99999999948
 30
0.0
 11
2.499999998720028
 21
124.00000000052
 31
0.0
  0
LINE
  5
A6B
330
8E9
100
AcDbEntity
  8
02___PRT_ALL_AXES
  6
Continuous
 62
     7
100
AcDbLine
 10
2.499999998720028
 20
5.999999998960007
 30
0.0
 11
2.499999998720028
 21
0.0
 31
0.0
  0
LINE
  5
A6C
330
8E9
100
AcDbEntity
  8
0
  6
Continuous
 62
     2
100
AcDbLine
 10
21.96575231936001
 20
91.79999999882001
 30
0.0
 11
22.13575231718002
 21
91.96999999918002
 31
0.0
  0
LINE
  5
A6D
330
8E9
100
AcDbEntity
  8
0
  6
Continuous
 62
     7
100
AcDbLine
 10
24.34999999942002
 20
48.75000000043998
 30
0.0
 11
24.44570312272003
 21
48.75000000043998
 31
0.0
  0
LINE
  5
A6E
330
8E9
100
AcDbEntity
  8
0
  6
Continuous
 62
     7
100
AcDbLine
 10
23.55999999954
 20
49.04999999988
 30
0.0
 11
24.23366838042
 21
49.04999999988
 31
0.0
  0
LINE
  5
A6F
330
8E9
100
AcDbEntity
  8
0
  6
Continuous
 62
     7
100
AcDbLine
 10
24.27664315858001
 20
49.04999999988
 30
0.0
 11
24.49416672150002
 21
49.04999999988
 31
0.0
  0
LINE
  5
A70
330
8E9
100
AcDbEntity
  8
0
  6
Continuous
 62
     7
100
AcDbLine
 10
17.67999999934003
 20
49.07955614091999
 30
0.0
 11
17.02270509600001
 21
49.07955614091999
 31
0.0
  0
LINE
  5
A71
330
8E9
100
AcDbEntity
  8
0
  6
Continuous
 62
     7
100
AcDbLine
 10
24.24999999876002
 20
49.14000000022001
 30
0.0
 11
23.93999999900001
 21
49.14000000022001
 31
0.0
  0
LINE
  5
A72
330
8E9
100
AcDbEntity
  8
0
  6
Continuous
 62
     7
100
AcDbLine
 10
17.67999999934003
 20
49.24000000087999
 30
0.0
 11
17.02270509600001
 21
49.24000000087999
 31
0.0
  0
LINE
  5
A73
330
8E9
100
AcDbEntity
  8
0
  6
Continuous
 62
     7
100
AcDbLine
 10
24.24999999876002
 20
49.70000000035999
 30
0.0
 11
24.49999999913999
 21
49.70000000035999
 31
0.0
  0
LINE
  5
A74
330
8E9
100
AcDbEntity
  8
0
  6
Continuous
 62
     7
100
AcDbLine
 10
24.24999999876002
 20
49.90999999945997
 30
0.0
 11
23.93999999900001
 21
49.90999999945997
 31
0.0
  0
LINE
  5
A75
330
8E9
100
AcDbEntity
  8
0
  6
Continuous
 62
     7
100
AcDbLine
 10
24.24999999876002
 20
50.41000000021999
 30
0.0
 11
23.93999999900001
 21
50.41000000021999
 31
0.0
  0
LINE
  5
A76
330
8E9
100
AcDbEntity
  8
0
  6
Continuous
 62
     7
100
AcDbLine
 10
15.09999999806001
 20
50.65000000028
 30
0.0
 11
14.49999999918001
 21
50.65000000028
 31
0.0
  0
LINE
  5
A77
330
8E9
100
AcDbEntity
  8
0
  6
Continuous
 62
     7
100
AcDbLine
 10
24.09999999904002
 20
50.75000000093998
 30
0.0
 11
23.64999999988001
 21
50.75000000093998
 31
0.0
  0
LINE
  5
A78
330
8E9
100
AcDbEntity
  8
0
  6
Continuous
 62
     7
100
AcDbLine
 10
24.49999999913999
 20
50.82000000064001
 30
0.0
 11
24.24999999876002
 21
50.82000000064001
 31
0.0
  0
LINE
  5
A79
330
8E9
100
AcDbEntity
  8
ECAD_PULSE_HX5401NL
  6
Continuous
 62
     7
100
AcDbLine
 10
15.34999999844001
 20
50.89514155977999
 30
0.0
 11
15.47097004606002
 21
50.89514155977999
 31
0.0
  0
LINE
  5
A7A
330
8E9
100
AcDbEntity
  8
0
  6
Continuous
 62
     7
100
AcDbLine
 10
25.09999999802
 20
50.94999999971999
 30
0.0
 11
24.49999999913999
 21
50.94999999971999
 31
0.0
  0
LINE
  5
A7B
330
8E9
100
AcDbEntity
  8
0
  6
Continuous
 62
     7
100
AcDbLine
 10
14.49999999918001
 20
51.85000000058001
 30
0.0
 11
15.09999999806001
 21
51.85000000058001
 31
0.0
  0
LINE
  5
A7C
330
8E9
100
AcDbEntity
  8
0
  6
Continuous
 62
     7
100
AcDbLine
 10
24.49999999913999
 20
52.15000000002003
 30
0.0
 11
25.09999999802
 21
52.15000000002003
 31
0.0
  0
LINE
  5
A7D
330
8E9
100
AcDbEntity
  8
02___PRT_ALL_AXES
  6
Continuous
 62
     7
100
AcDbLine
 10
4.999999999979991
 20
129.99999999948
 30
0.0
 11
4.999999999979991
 21
124.00000000052
 31
0.0
  0
LINE
  5
A7E
330
8E9
100
AcDbEntity
  8
02___PRT_ALL_AXES
  6
Continuous
 62
     7
100
AcDbLine
 10
4.999999999979991
 20
5.999999998960007
 30
0.0
 11
4.999999999979991
 21
0.0
 31
0.0
  0
LINE
  5
A7F
330
8E9
100
AcDbEntity
  8
02___PRT_ALL_AXES
  6
Continuous
 62
     7
100
AcDbLine
 10
7.399999998039988
 20
129.99999999948
 30
0.0
 11
7.399999998039988
 21
124.00000000052
 31
0.0
  0
LINE
  5
A80
330
8E9
100
AcDbEntity
  8
02___PRT_ALL_AXES
  6
Continuous
 62
     7
100
AcDbLine
 10
7.399999998039988
 20
5.999999998960007
 30
0.0
 11
7.399999998039988
 21
0.0
 31
0.0
  0
LINE
  5
A81
330
8E9
100
AcDbEntity
  8
0
  6
Continuous
 62
     7
100
AcDbLine
 10
24.49999999913999
 20
52.81999999860001
 30
0.0
 11
24.24999999876002
 21
52.81999999860001
 31
0.0
  0
LINE
  5
A82
330
8E9
100
AcDbEntity
  8
0
  6
Continuous
 62
     7
100
AcDbLine
 10
15.34999999844001
 20
52.88000000052001
 30
0.0
 11
15.77999999950001
 21
52.88000000052001
 31
0.0
  0
LINE
  5
A83
330
8E9
100
AcDbEntity
  8
0
  6
Continuous
 62
     7
100
AcDbLine
 10
21.97212795812001
 20
53.71999999946
 30
0.0
 11
21.64999999938001
 21
53.71999999946
 31
0.0
  0
LINE
  5
A84
330
8E9
100
AcDbEntity
  8
0
  6
Continuous
 62
     7
100
AcDbLine
 10
22.02912878392002
 20
53.74000000010001
 30
0.0
 11
22.67087121392001
 21
53.74000000010001
 31
0.0
  0
LINE
  5
A85
330
8E9
100
AcDbEntity
  8
0
  6
Continuous
 62
     7
100
AcDbLine
 10
24.64999999886001
 20
53.75000000041997
 30
0.0
 11
24.49999999913999
 21
53.75000000041997
 31
0.0
  0
LINE
  5
A86
330
8E9
100
AcDbEntity
  8
0
  6
Continuous
 62
     7
100
AcDbLine
 10
24.24999999876002
 20
53.75000000041997
 30
0.0
 11
15.40000000004002
 21
53.75000000041997
 31
0.0
  0
LINE
  5
A87
330
8E9
100
AcDbEntity
  8
0
  6
Continuous
 62
     7
100
AcDbLine
 10
24.49999999913999
 20
53.99000000047998
 30
0.0
 11
24.24999999876002
 21
53.99000000047998
 31
0.0
  0
LINE
  5
A88
330
8E9
100
AcDbEntity
  8
0
  6
Continuous
 62
     7
100
AcDbLine
 10
15.40000000004002
 20
54.00000000079997
 30
0.0
 11
24.64999999886001
 21
54.00000000079997
 31
0.0
  0
LINE
  5
A89
330
8E9
100
AcDbEntity
  8
0
  6
Continuous
 62
     7
100
AcDbLine
 10
21.04999999796001
 20
54.01249999866
 30
0.0
 11
20.94999999984003
 21
54.01249999866
 31
0.0
  0
LINE
  5
A8A
330
8E9
100
AcDbEntity
  8
0
  6
Continuous
 62
     7
100
AcDbLine
 10
24.49999999913999
 20
54.22000000022
 30
0.0
 11
24.3063019969
 21
54.22000000022
 31
0.0
  0
LINE
  5
A8B
330
8E9
100
AcDbEntity
  8
0
  6
Continuous
 62
     7
100
AcDbLine
 10
20.94999999984003
 20
54.22000000022
 30
0.0
 11
19.64999999888002
 21
54.22000000022
 31
0.0
  0
LINE
  5
A8C
330
8E9
100
AcDbEntity
  8
0
  6
Continuous
 62
     7
100
AcDbLine
 10
21.04999999796001
 20
54.24000000085998
 30
0.0
 11
21.14999999861999
 21
54.24000000085998
 31
0.0
  0
LINE
  5
A8D
330
8E9
100
AcDbEntity
  8
0
  6
Continuous
 62
     7
100
AcDbLine
 10
22.34999999892
 20
54.24000000085998
 30
0.0
 11
24.19999999970003
 21
54.24000000085998
 31
0.0
  0
LINE
  5
A8E
330
8E9
100
AcDbEntity
  8
0
  6
Continuous
 62
     7
100
AcDbLine
 10
22.57999999865999
 20
54.24999999863998
 30
0.0
 11
22.34999999892
 21
54.24999999863998
 31
0.0
  0
LINE
  5
A8F
330
8E9
100
AcDbEntity
  8
0
  6
Continuous
 62
     7
100
AcDbLine
 10
20.94999999984003
 20
54.26249999904003
 30
0.0
 11
21.14999999861999
 21
54.26249999904003
 31
0.0
  0
LINE
  5
A90
330
8E9
100
AcDbEntity
  8
0
  6
Continuous
 62
     7
100
AcDbLine
 10
22.34999999892
 20
54.26249999904003
 30
0.0
 11
24.24999999876002
 21
54.26249999904003
 31
0.0
  0
LINE
  5
A91
330
8E9
100
AcDbEntity
  8
02___PRT_ALL_AXES
  6
Continuous
 62
     7
100
AcDbLine
 10
24.34999999942002
 20
54.59999999968001
 30
0.0
 11
15.24999999778001
 21
54.59999999968001
 31
0.0
  0
LINE
  5
A92
330
8E9
100
AcDbEntity
  8
0
  6
Continuous
 62
     7
100
AcDbLine
 10
24.34999999942002
 20
54.59999999968001
 30
0.0
 11
15.24999999778001
 21
54.59999999968001
 31
0.0
  0
LINE
  5
A93
330
8E9
100
AcDbEntity
  8
03___PRT_ALL_CURVES
  6
Continuous
 62
     4
100
AcDbLine
 10
28.02169171113999
 20
28.05811731774001
 30
0.0
 11
28.47107773642
 21
27.40000000050001
 31
0.0
  0
LINE
  5
A94
330
8E9
100
AcDbEntity
  8
03___PRT_ALL_CURVES
  6
Continuous
 62
     4
100
AcDbLine
 10
28.47107773642
 20
27.93533422827998
 30
0.0
 11
28.01923595278004
 21
28.60000000079999
 31
0.0
  0
LINE
  5
A95
330
8E9
100
AcDbEntity
  8
0
  6
Continuous
 62
     6
100
AcDbLine
 10
22.62142266664
 20
25.91900000085998
 30
0.0
 11
22.72404533413999
 21
25.66500000339998
 31
0.0
  0
LINE
  5
A96
330
8E9
100
AcDbEntity
  8
0
  6
Continuous
 62
     7
100
AcDbLine
 10
13.1024169625
 20
36.00199999991999
 30
0.0
 11
13.09006339310002
 21
36.0481041419
 31
0.0
  0
LINE
  5
A97
330
8E9
100
AcDbEntity
  8
02___PRT_ALL_AXES
  6
Continuous
 62
     7
100
AcDbLine
 10
9.899999999300007
 20
129.99999999948
 30
0.0
 11
9.899999999300007
 21
124.00000000052
 31
0.0
  0
LINE
  5
A98
330
8E9
100
AcDbEntity
  8
02___PRT_ALL_AXES
  6
Continuous
 62
     7
100
AcDbLine
 10
9.899999999300007
 20
5.999999998960007
 30
0.0
 11
9.899999999300007
 21
0.0
 31
0.0
  0
LINE
  5
A99
330
8E9
100
AcDbEntity
  8
02___PRT_ALL_AXES
  6
Continuous
 62
     7
100
AcDbLine
 10
10.31499999988
 20
35.84999999912002
 30
0.0
 11
10.31499999988
 21
32.24753803972
 31
0.0
  0
LINE
  5
A9A
330
8E9
100
AcDbEntity
  8
0
  6
Continuous
 62
     7
100
AcDbLine
 10
10.31499999988
 20
35.84999999912002
 30
0.0
 11
10.31499999988
 21
32.24753803972
 31
0.0
  0
LINE
  5
A9B
330
8E9
100
AcDbEntity
  8
02___PRT_ALL_AXES
  6
Continuous
 62
     7
100
AcDbLine
 10
10.31499999988
 20
30.10446202870001
 30
0.0
 11
10.31499999988
 21
25.89753803972
 31
0.0
  0
LINE
  5
A9C
330
8E9
100
AcDbEntity
  8
0
  6
Continuous
 62
     7
100
AcDbLine
 10
10.31499999988
 20
30.10446202870001
 30
0.0
 11
10.31499999988
 21
25.89753803972
 31
0.0
  0
LINE
  5
A9D
330
8E9
100
AcDbEntity
  8
02___PRT_ALL_AXES
  6
Continuous
 62
     7
100
AcDbLine
 10
10.31499999988
 20
23.75446202870002
 30
0.0
 11
10.31499999988
 21
20.14999999964
 31
0.0
  0
LINE
  5
A9E
330
8E9
100
AcDbEntity
  8
0
  6
Continuous
 62
     7
100
AcDbLine
 10
10.31499999988
 20
23.75446202870002
 30
0.0
 11
10.31499999988
 21
20.14999999964
 31
0.0
  0
LINE
  5
A9F
330
8E9
100
AcDbEntity
  8
ECAD_SAMTEC_TSW-102-08-L-S-RA
  6
Continuous
 62
     7
100
AcDbLine
 10
10.58999999852
 20
23.00047959458
 30
0.0
 11
10.58999999852
 21
19.57739831528001
 31
0.0
  0
LINE
  5
AA0
330
8E9
100
AcDbEntity
  8
0
  6
Continuous
 62
     7
100
AcDbLine
 10
10.91180000008001
 20
35.79879999991998
 30
0.0
 11
10.91180000008001
 21
20.20319999991999
 31
0.0
  0
LINE
  5
AA1
330
8E9
100
AcDbEntity
  8
0
  6
Continuous
 62
     7
100
AcDbLine
 10
11.11500000007999
 20
20.2285999923
 30
0.0
 11
11.11500000007999
 21
19.99999999991998
 31
0.0
  0
LINE
  5
AA2
330
8E9
100
AcDbEntity
  8
0
  6
Continuous
 62
     7
100
AcDbLine
 10
11.11500000007999
 20
35.77340000753999
 30
0.0
 11
11.11500000007999
 21
36.00199999991999
 31
0.0
  0
LINE
  5
AA3
330
8E9
100
AcDbEntity
  8
0
  6
Continuous
 62
     7
100
AcDbLine
 10
11.26232000008
 20
19.99999999991998
 30
0.0
 11
11.26232000008
 21
20.22859999991998
 31
0.0
  0
LINE
  5
AA4
330
8E9
100
AcDbEntity
  8
0
  6
Continuous
 62
     7
100
AcDbLine
 10
11.26232000008
 20
35.77339999991999
 30
0.0
 11
11.26232000008
 21
36.00199999991999
 31
0.0
  0
LINE
  5
AA5
330
8E9
100
AcDbEntity
  8
0
  6
Continuous
 62
     7
100
AcDbLine
 10
16.88854101838001
 20
49.14314531269999
 30
0.0
 11
15.94583592132003
 21
50.58905247422
 31
0.0
  0
LINE
  5
AA6
330
8E9
100
AcDbEntity
  8
0
  6
Continuous
 62
     7
100
AcDbLine
 10
16.88854101838001
 20
49.30358917266001
 30
0.0
 11
15.94583592132003
 21
50.74949633417999
 31
0.0
  0
LINE
  5
AA7
330
8E9
100
AcDbEntity
  8
03___PRT_ALL_CURVES
  6
Continuous
 62
     4
100
AcDbLine
 10
30.34065495230001
 20
27.40000000050001
 30
0.0
 11
29.88308325631999
 21
28.14652113889998
 31
0.0
  0
LINE
  5
AA8
330
8E9
100
AcDbEntity
  8
03___PRT_ALL_CURVES
  6
Continuous
 62
     4
100
AcDbLine
 10
29.63096848242003
 20
27.89276943151999
 30
0.0
 11
29.88390179418002
 21
27.40000000050001
 31
0.0
  0
LINE
  5
AA9
330
8E9
100
AcDbEntity
  8
0
  6
Continuous
 62
     7
100
AcDbLine
 10
13.45180000008
 20
34.12100000017999
 30
0.0
 11
13.45180000008
 21
21.88099999966001
 31
0.0
  0
LINE
  5
AAA
330
8E9
100
AcDbEntity
  8
ECAD_DIPTRONICS_EMR-08
  6
Continuous
 62
     7
100
AcDbLine
 10
13.49999999765998
 20
36.60000000026001
 30
0.0
 11
13.49999999765998
 21
36.00199999991999
 31
0.0
  0
LINE
  5
AAB
330
8E9
100
AcDbEntity
  8
0
  6
Continuous
 62
     6
100
AcDbLine
 10
13.90819999914001
 20
22.02010000085998
 30
0.0
 11
13.90819999914001
 21
33.93270000085998
 31
0.0
  0
LINE
  5
AAC
330
8E9
100
AcDbEntity
  8
0
  6
Continuous
 62
     7
100
AcDbLine
 10
13.95899999913999
 20
23.15040000085999
 30
0.0
 11
13.95899999913999
 21
24.19815000085997
 31
0.0
  0
LINE
  5
AAD
330
8E9
100
AcDbEntity
  8
0
  6
Continuous
 62
     7
100
AcDbLine
 10
13.95899999913999
 20
24.64265000085997
 30
0.0
 11
13.95899999913999
 21
25.21415000085999
 31
0.0
  0
LINE
  5
AAE
330
8E9
100
AcDbEntity
  8
0
  6
Continuous
 62
     7
100
AcDbLine
 10
13.95899999913999
 20
25.65865000085999
 30
0.0
 11
13.95899999913999
 21
26.23015000085998
 31
0.0
  0
LINE
  5
AAF
330
8E9
100
AcDbEntity
  8
0
  6
Continuous
 62
     7
100
AcDbLine
 10
13.95899999913999
 20
26.67465000085998
 30
0.0
 11
13.95899999913999
 21
27.24615000085997
 31
0.0
  0
LINE
  5
AB0
330
8E9
100
AcDbEntity
  8
0
  6
Continuous
 62
     7
100
AcDbLine
 10
13.95899999913999
 20
27.69065000085997
 30
0.0
 11
13.95899999913999
 21
28.26215000085999
 31
0.0
  0
LINE
  5
AB1
330
8E9
100
AcDbEntity
  8
0
  6
Continuous
 62
     7
100
AcDbLine
 10
13.95899999913999
 20
28.70665000085999
 30
0.0
 11
13.95899999913999
 21
29.27815000085998
 31
0.0
  0
LINE
  5
AB2
330
8E9
100
AcDbEntity
  8
0
  6
Continuous
 62
     7
100
AcDbLine
 10
13.95899999913999
 20
29.72265000085999
 30
0.0
 11
13.95899999913999
 21
30.29415000085997
 31
0.0
  0
LINE
  5
AB3
330
8E9
100
AcDbEntity
  8
0
  6
Continuous
 62
     7
100
AcDbLine
 10
13.95899999913999
 20
30.73865000085998
 30
0.0
 11
13.95899999913999
 21
31.31015000085999
 31
0.0
  0
LINE
  5
AB4
330
8E9
100
AcDbEntity
  8
0
  6
Continuous
 62
     7
100
AcDbLine
 10
13.95899999913999
 20
31.75465000086
 30
0.0
 11
13.95899999913999
 21
32.80240000085998
 31
0.0
  0
LINE
  5
AB5
330
8E9
100
AcDbEntity
  8
0
  6
Continuous
 62
     6
100
AcDbLine
 10
14.08599999914
 20
22.52809999832
 30
0.0
 11
14.08599999914
 21
24.13465000085999
 31
0.0
  0
LINE
  5
AB6
330
8E9
100
AcDbEntity
  8
0
  6
Continuous
 62
     6
100
AcDbLine
 10
14.08599999914
 20
24.70615000086001
 30
0.0
 11
14.08599999914
 21
25.15065000085998
 31
0.0
  0
LINE
  5
AB7
330
8E9
100
AcDbEntity
  8
0
  6
Continuous
 62
     6
100
AcDbLine
 10
14.08599999914
 20
25.72215000086
 30
0.0
 11
14.08599999914
 21
26.16665000086
 31
0.0
  0
LINE
  5
AB8
330
8E9
100
AcDbEntity
  8
0
  6
Continuous
 62
     6
100
AcDbLine
 10
14.08599999914
 20
26.73815000085999
 30
0.0
 11
14.08599999914
 21
27.18265000085999
 31
0.0
  0
LINE
  5
AB9
330
8E9
100
AcDbEntity
  8
0
  6
Continuous
 62
     6
100
AcDbLine
 10
14.08599999914
 20
27.75415000086001
 30
0.0
 11
14.08599999914
 21
28.19865000085998
 31
0.0
  0
LINE
  5
ABA
330
8E9
100
AcDbEntity
  8
0
  6
Continuous
 62
     6
100
AcDbLine
 10
14.08599999914
 20
28.77015000086
 30
0.0
 11
14.08599999914
 21
29.21465000086
 31
0.0
  0
LINE
  5
ABB
330
8E9
100
AcDbEntity
  8
0
  6
Continuous
 62
     6
100
AcDbLine
 10
14.08599999914
 20
29.78615000085999
 30
0.0
 11
14.08599999914
 21
30.23065000086
 31
0.0
  0
LINE
  5
ABC
330
8E9
100
AcDbEntity
  8
0
  6
Continuous
 62
     6
100
AcDbLine
 10
14.08599999914
 20
30.80215000086001
 30
0.0
 11
14.08599999914
 21
31.24665000085999
 31
0.0
  0
LINE
  5
ABD
330
8E9
100
AcDbEntity
  8
0
  6
Continuous
 62
     6
100
AcDbLine
 10
14.08599999914
 20
31.81815000086
 30
0.0
 11
14.08599999914
 21
33.42470000086
 31
0.0
  0
LINE
  5
ABE
330
8E9
100
AcDbEntity
  8
0
  6
Continuous
 62
     7
100
AcDbLine
 10
14.08600040300001
 20
31.31015000085999
 30
0.0
 11
14.08600040300001
 21
31.24665000085999
 31
0.0
  0
LINE
  5
ABF
330
8E9
100
AcDbEntity
  8
0
  6
Continuous
 62
     7
100
AcDbLine
 10
14.08600040300001
 20
29.78615000085999
 30
0.0
 11
14.08600040300001
 21
29.72265000085999
 31
0.0
  0
LINE
  5
AC0
330
8E9
100
AcDbEntity
  8
0
  6
Continuous
 62
     7
100
AcDbLine
 10
14.08600040300001
 20
28.77015000086
 30
0.0
 11
14.08600040300001
 21
28.70665000085999
 31
0.0
  0
LINE
  5
AC1
330
8E9
100
AcDbEntity
  8
0
  6
Continuous
 62
     7
100
AcDbLine
 10
14.08600040300001
 20
27.24615000085997
 30
0.0
 11
14.08600040300001
 21
27.18265000085999
 31
0.0
  0
LINE
  5
AC2
330
8E9
100
AcDbEntity
  8
0
  6
Continuous
 62
     7
100
AcDbLine
 10
14.08600040300001
 20
26.23015000085998
 30
0.0
 11
14.08600040300001
 21
26.16665000086
 31
0.0
  0
LINE
  5
AC3
330
8E9
100
AcDbEntity
  8
0
  6
Continuous
 62
     7
100
AcDbLine
 10
14.08600040300001
 20
24.70615000086001
 30
0.0
 11
14.08600040300001
 21
24.64265000085997
 31
0.0
  0
LINE
  5
AC4
330
8E9
100
AcDbEntity
  8
03___PRT_ALL_CURVES
  6
Continuous
 62
     4
100
AcDbLine
 10
14.24863596038
 20
121.74999999964
 30
0.0
 11
14.24863596038
 21
120.25954979538
 31
0.0
  0
LINE
  5
AC5
330
8E9
100
AcDbEntity
  8
0
  6
Continuous
 62
     7
100
AcDbLine
 10
14.24999999880001
 20
127.0
 30
0.0
 11
14.24999999880001
 21
126.1999999998
 31
0.0
  0
LINE
  5
AC6
330
8E9
100
AcDbEntity
  8
0
  6
Continuous
 62
     7
100
AcDbLine
 10
14.24999999880001
 20
3.799999999680011
 30
0.0
 11
14.24999999880001
 21
2.999999999479996
 31
0.0
  0
LINE
  5
AC7
330
8E9
100
AcDbEntity
  8
02___PRT_ALL_AXES
  6
Continuous
 62
     7
100
AcDbLine
 10
14.49999999918001
 20
53.84999999854001
 30
0.0
 11
14.49999999918001
 21
39.6499999988
 31
0.0
  0
LINE
  5
AC8
330
8E9
100
AcDbEntity
  8
0
  6
Continuous
 62
     7
100
AcDbLine
 10
14.49999999918001
 20
53.84999999854001
 30
0.0
 11
14.49999999918001
 21
39.6499999988
 31
0.0
  0
LINE
  5
AC9
330
8E9
100
AcDbEntity
  8
03___PRT_ALL_CURVES
  6
Continuous
 62
     4
100
AcDbLine
 10
15.01944084244002
 20
120.22373805852
 30
0.0
 11
15.01944084244002
 21
121.74999999964
 31
0.0
  0
LINE
  5
ACA
330
8E9
100
AcDbEntity
  8
0
  6
Continuous
 62
     7
100
AcDbLine
 10
15.09999999806001
 20
53.69999999881999
 30
0.0
 11
15.09999999806001
 21
39.79999999852002
 31
0.0
  0
LINE
  5
ACB
330
8E9
100
AcDbEntity
  8
0
  6
Continuous
 62
     7
100
AcDbLine
 10
15.34999999844001
 20
53.69999999881999
 30
0.0
 11
15.34999999844001
 21
39.79999999852002
 31
0.0
  0
LINE
  5
ACC
330
8E9
100
AcDbEntity
  8
0
  6
Continuous
 62
     7
100
AcDbLine
 10
15.56241705392
 20
42.80000000054001
 30
0.0
 11
15.56241705392
 21
45.19999999860001
 31
0.0
  0
LINE
  5
ACD
330
8E9
100
AcDbEntity
  8
0
  6
Continuous
 62
     7
100
AcDbLine
 10
15.56241705392
 20
48.29999999874001
 30
0.0
 11
15.56241705392
 21
50.69999999933999
 31
0.0
  0
LINE
  5
ACE
330
8E9
100
AcDbEntity
  8
0
  6
Continuous
 62
     7
100
AcDbLine
 10
15.59999999882004
 20
1.649999999459993
 30
0.0
 11
15.59999999882004
 21
2.999999999479996
 31
0.0
  0
LINE
  5
ACF
330
8E9
100
AcDbEntity
  8
0
  6
Continuous
 62
     7
100
AcDbLine
 10
15.59999999882004
 20
3.799999999680011
 30
0.0
 11
15.59999999882004
 21
5.1499999997
 31
0.0
  0
LINE
  5
AD0
330
8E9
100
AcDbEntity
  8
0
  6
Continuous
 62
     7
100
AcDbLine
 10
15.59999999882004
 20
124.84999999978
 30
0.0
 11
15.59999999882004
 21
126.1999999998
 31
0.0
  0
LINE
  5
AD1
330
8E9
100
AcDbEntity
  8
0
  6
Continuous
 62
     7
100
AcDbLine
 10
15.59999999882004
 20
127.0
 30
0.0
 11
15.59999999882004
 21
128.35000000002
 31
0.0
  0
LINE
  5
AD2
330
8E9
100
AcDbEntity
  8
0
  6
Continuous
 62
     6
100
AcDbLine
 10
15.6353999966
 20
21.58100000022002
 30
0.0
 11
15.6353999966
 21
22.24870000085998
 31
0.0
  0
LINE
  5
AD3
330
8E9
100
AcDbEntity
  8
0
  6
Continuous
 62
     6
100
AcDbLine
 10
15.6353999966
 20
33.70410000086001
 30
0.0
 11
15.6353999966
 21
34.42099999962001
 31
0.0
  0
LINE
  5
AD4
330
8E9
100
AcDbEntity
  8
0
  6
Continuous
 62
     7
100
AcDbLine
 10
15.82589999914001
 20
34.42099999962001
 30
0.0
 11
15.82589999914001
 21
34.09779593685998
 31
0.0
  0
LINE
  5
AD5
330
8E9
100
AcDbEntity
  8
0
  6
Continuous
 62
     7
100
AcDbLine
 10
15.82589999914001
 20
21.85500406486001
 30
0.0
 11
15.82589999914001
 21
21.58100000022002
 31
0.0
  0
LINE
  5
AD6
330
8E9
100
AcDbEntity
  8
03___PRT_ALL_CURVES
  6
Continuous
 62
     4
100
AcDbLine
 10
15.873806073
 20
121.74999999964
 30
0.0
 11
15.873806073
 21
120.22373805852
 31
0.0
  0
LINE
  5
AD7
330
8E9
100
AcDbEntity
  8
0
  6
Continuous
 62
     7
100
AcDbLine
 10
15.92999999922
 20
39.74999999945997
 30
0.0
 11
15.92999999922
 21
42.88665862325998
 31
0.0
  0
LINE
  5
AD8
330
8E9
100
AcDbEntity
  8
0
  6
Continuous
 62
     7
100
AcDbLine
 10
15.92999999922
 20
50.64049719479998
 30
0.0
 11
15.92999999922
 21
53.75000000041997
 31
0.0
  0
LINE
  5
AD9
330
8E9
100
AcDbEntity
  8
0
  6
Continuous
 62
     7
100
AcDbLine
 10
16.39999999902
 20
128.35000000002
 30
0.0
 11
16.39999999902
 21
127.0
 31
0.0
  0
LINE
  5
ADA
330
8E9
100
AcDbEntity
  8
0
  6
Continuous
 62
     7
100
AcDbLine
 10
16.39999999902
 20
5.1499999997
 30
0.0
 11
16.39999999902
 21
3.799999999680011
 31
0.0
  0
LINE
  5
ADB
330
8E9
100
AcDbEntity
  8
0
  6
Continuous
 62
     7
100
AcDbLine
 10
16.39999999902
 20
1.649999999459993
 30
0.0
 11
16.39999999902
 21
2.999999999479996
 31
0.0
  0
LINE
  5
ADC
330
8E9
100
AcDbEntity
  8
0
  6
Continuous
 62
     7
100
AcDbLine
 10
16.39999999902
 20
124.84999999978
 30
0.0
 11
16.39999999902
 21
126.1999999998
 31
0.0
  0
LINE
  5
ADD
330
8E9
100
AcDbEntity
  8
0
  6
Continuous
 62
     7
100
AcDbLine
 10
16.44900000007999
 20
21.58100000022002
 30
0.0
 11
16.44900000007999
 21
22.61850707684
 31
0.0
  0
LINE
  5
ADE
330
8E9
100
AcDbEntity
  8
0
  6
Continuous
 62
     7
100
AcDbLine
 10
16.44900000007999
 20
33.38349292300002
 30
0.0
 11
16.44900000007999
 21
34.42099999962001
 31
0.0
  0
LINE
  5
ADF
330
8E9
100
AcDbEntity
  8
03___PRT_ALL_CURVES
  6
Continuous
 62
     4
100
AcDbLine
 10
28.02169171113999
 20
46.80811731829998
 30
0.0
 11
28.47107773642
 21
46.14999999852002
 31
0.0
  0
LINE
  5
AE0
330
8E9
100
AcDbEntity
  8
03___PRT_ALL_CURVES
  6
Continuous
 62
     4
100
AcDbLine
 10
28.47107773642
 20
46.68533422883998
 30
0.0
 11
28.01923595278004
 21
47.34999999882
 31
0.0
  0
LINE
  5
AE1
330
8E9
100
AcDbEntity
  8
03___PRT_ALL_CURVES
  6
Continuous
 62
     4
100
AcDbLine
 10
16.64461095505999
 20
120.25954979538
 30
0.0
 11
16.64461095505999
 21
121.74999999964
 31
0.0
  0
LINE
  5
AE2
330
8E9
100
AcDbEntity
  8
ECAD_TE_1734099-5
  6
Continuous
 62
     7
100
AcDbLine
 10
16.69999999846002
 20
54.59999999968001
 30
0.0
 11
16.69999999846002
 21
54.00000000079997
 31
0.0
  0
LINE
  5
AE3
330
8E9
100
AcDbEntity
  8
02___PRT_ALL_AXES
  6
Continuous
 62
     7
100
AcDbLine
 10
16.69999999846002
 20
19.99999999991998
 30
0.0
 11
16.69999999846002
 21
19.49999999916001
 31
0.0
  0
LINE
  5
AE4
330
8E9
100
AcDbEntity
  8
0
  6
Continuous
 62
     7
100
AcDbLine
 10
16.99999999790001
 20
19.99999999991998
 30
0.0
 11
16.99999999790001
 21
19.55999999854002
 31
0.0
  0
LINE
  5
AE5
330
8E9
100
AcDbEntity
  8
0
  6
Continuous
 62
     7
100
AcDbLine
 10
16.99999999790001
 20
54.00000000079997
 30
0.0
 11
16.99999999790001
 21
54.59999999968001
 31
0.0
  0
LINE
  5
AE6
330
8E9
100
AcDbEntity
  8
03___PRT_ALL_CURVES
  6
Continuous
 62
     4
100
AcDbLine
 10
17.05559332588001
 20
121.74999999964
 30
0.0
 11
17.05559332588001
 21
121.16336974542
 31
0.0
  0
LINE
  5
AE7
330
8E9
100
AcDbEntity
  8
0
  6
Continuous
 62
     6
100
AcDbLine
 10
17.0831999966
 20
31.81815000086
 30
0.0
 11
17.0831999966
 21
31.24665000085999
 31
0.0
  0
LINE
  5
AE8
330
8E9
100
AcDbEntity
  8
0
  6
Continuous
 62
     6
100
AcDbLine
 10
17.0831999966
 20
30.80215000086001
 30
0.0
 11
17.0831999966
 21
30.23065000086
 31
0.0
  0
LINE
  5
AE9
330
8E9
100
AcDbEntity
  8
0
  6
Continuous
 62
     6
100
AcDbLine
 10
17.0831999966
 20
29.78615000085999
 30
0.0
 11
17.0831999966
 21
29.21465000086
 31
0.0
  0
LINE
  5
AEA
330
8E9
100
AcDbEntity
  8
0
  6
Continuous
 62
     6
100
AcDbLine
 10
17.0831999966
 20
28.77015000086
 30
0.0
 11
17.0831999966
 21
28.19865000085998
 31
0.0
  0
LINE
  5
AEB
330
8E9
100
AcDbEntity
  8
0
  6
Continuous
 62
     6
100
AcDbLine
 10
17.0831999966
 20
27.75415000086001
 30
0.0
 11
17.0831999966
 21
27.18265000085999
 31
0.0
  0
LINE
  5
AEC
330
8E9
100
AcDbEntity
  8
0
  6
Continuous
 62
     6
100
AcDbLine
 10
17.0831999966
 20
26.73815000085999
 30
0.0
 11
17.0831999966
 21
26.16665000086
 31
0.0
  0
LINE
  5
AED
330
8E9
100
AcDbEntity
  8
0
  6
Continuous
 62
     6
100
AcDbLine
 10
17.0831999966
 20
25.72215000086
 30
0.0
 11
17.0831999966
 21
25.15065000085998
 31
0.0
  0
LINE
  5
AEE
330
8E9
100
AcDbEntity
  8
0
  6
Continuous
 62
     6
100
AcDbLine
 10
17.0831999966
 20
24.70615000086001
 30
0.0
 11
17.0831999966
 21
24.13465000085999
 31
0.0
  0
LINE
  5
AEF
330
8E9
100
AcDbEntity
  8
0
  6
Continuous
 62
     7
100
AcDbLine
 10
17.34999999894001
 20
38.9000000002
 30
0.0
 11
17.34999999894001
 21
39.49999999908
 31
0.0
  0
LINE
  5
AF0
330
8E9
100
AcDbEntity
  8
0
  6
Continuous
 62
     7
100
AcDbLine
 10
17.34999999894001
 20
54.00000000079997
 30
0.0
 11
17.34999999894001
 21
54.59999999968001
 31
0.0
  0
LINE
  5
AF1
330
8E9
100
AcDbEntity
  8
0
  6
Continuous
 62
     7
100
AcDbLine
 10
17.74999999904
 20
2.999999999479996
 30
0.0
 11
17.74999999904
 21
3.799999999680011
 31
0.0
  0
LINE
  5
AF2
330
8E9
100
AcDbEntity
  8
0
  6
Continuous
 62
     7
100
AcDbLine
 10
17.74999999904
 20
126.1999999998
 30
0.0
 11
17.74999999904
 21
127.0
 31
0.0
  0
LINE
  5
AF3
330
8E9
100
AcDbEntity
  8
0
  6
Continuous
 62
     7
100
AcDbLine
 10
17.82999999905999
 20
44.30540996660001
 30
0.0
 11
17.82999999905999
 21
39.74999999945997
 31
0.0
  0
LINE
  5
AF4
330
8E9
100
AcDbEntity
  8
0
  6
Continuous
 62
     7
100
AcDbLine
 10
17.82999999905999
 20
49.19459003327999
 30
0.0
 11
17.82999999905999
 21
53.75000000041997
 31
0.0
  0
LINE
  5
AF5
330
8E9
100
AcDbEntity
  8
0
  6
Continuous
 62
     6
100
AcDbLine
 10
18.37859999913999
 20
31.17680000085998
 30
0.0
 11
18.37859999913999
 21
24.77600000085998
 31
0.0
  0
LINE
  5
AF6
330
8E9
100
AcDbEntity
  8
0
  6
Continuous
 62
     7
100
AcDbLine
 10
18.48100000008
 20
34.42099999962001
 30
0.0
 11
18.48100000008
 21
33.38349292300002
 31
0.0
  0
LINE
  5
AF7
330
8E9
100
AcDbEntity
  8
0
  6
Continuous
 62
     7
100
AcDbLine
 10
18.48100000008
 20
22.61850707684
 30
0.0
 11
18.48100000008
 21
21.58100000022002
 31
0.0
  0
LINE
  5
AF8
330
8E9
100
AcDbEntity
  8
0
  6
Continuous
 62
     7
100
AcDbLine
 10
18.49999999763997
 20
19.49999999916001
 30
0.0
 11
18.49999999763997
 21
19.99999999991998
 31
0.0
  0
LINE
  5
AF9
330
8E9
100
AcDbEntity
  8
0
  6
Continuous
 62
     7
100
AcDbLine
 10
18.54999999924001
 20
54.59999999968001
 30
0.0
 11
18.54999999924001
 21
54.00000000079997
 31
0.0
  0
LINE
  5
AFA
330
8E9
100
AcDbEntity
  8
0
  6
Continuous
 62
     7
100
AcDbLine
 10
18.54999999924001
 20
39.49999999908
 30
0.0
 11
18.54999999924001
 21
38.9000000002
 31
0.0
  0
LINE
  5
AFB
330
8E9
100
AcDbEntity
  8
ECAD_PULSE_HX5401NL
  6
Continuous
 62
     7
100
AcDbLine
 10
18.67599999870004
 20
39.49999999908
 30
0.0
 11
18.67599999870004
 21
38.9000000002
 31
0.0
  0
LINE
  5
AFC
330
8E9
100
AcDbEntity
  8
ECAD_PULSE_HX5401NL
  6
Continuous
 62
     7
100
AcDbLine
 10
18.67599999870004
 20
36.60000000026001
 30
0.0
 11
18.67599999870004
 21
36.00199999991999
 31
0.0
  0
LINE
  5
AFD
330
8E9
100
AcDbEntity
  8
03___PRT_ALL_CURVES
  6
Continuous
 62
     4
100
AcDbLine
 10
19.08321936206002
 20
121.28103676434
 30
0.0
 11
19.08321936206002
 21
121.74999999964
 31
0.0
  0
LINE
  5
AFE
330
8E9
100
AcDbEntity
  8
0
  6
Continuous
 62
     6
100
AcDbLine
 10
19.34379999914
 20
21.58100000022002
 30
0.0
 11
19.34379999914
 21
22.02010000085998
 31
0.0
  0
LINE
  5
AFF
330
8E9
100
AcDbEntity
  8
0
  6
Continuous
 62
     6
100
AcDbLine
 10
19.34379999914
 20
33.93270000085998
 30
0.0
 11
19.34379999914
 21
34.42099999962001
 31
0.0
  0
LINE
  5
B00
330
8E9
100
AcDbEntity
  8
0
  6
Continuous
 62
     6
100
AcDbLine
 10
19.57239999914
 20
33.93270000085998
 30
0.0
 11
19.57239999914
 21
31.17680000085998
 31
0.0
  0
LINE
  5
B01
330
8E9
100
AcDbEntity
  8
0
  6
Continuous
 62
     6
100
AcDbLine
 10
19.57239999914
 20
24.77600000085998
 30
0.0
 11
19.57239999914
 21
22.02010000085998
 31
0.0
  0
LINE
  5
B02
330
8E9
100
AcDbEntity
  8
0
  6
Continuous
 62
     7
100
AcDbLine
 10
19.64999999888002
 20
36.23680206269999
 30
0.0
 11
19.64999999888002
 21
36.44000000022
 31
0.0
  0
LINE
  5
B03
330
8E9
100
AcDbEntity
  8
0
  6
Continuous
 62
     7
100
AcDbLine
 10
19.64999999888002
 20
38.9000000002
 30
0.0
 11
19.64999999888002
 21
38.98000000021999
 31
0.0
  0
LINE
  5
B04
330
8E9
100
AcDbEntity
  8
0
  6
Continuous
 62
     7
100
AcDbLine
 10
19.64999999888002
 20
54.00000000079997
 30
0.0
 11
19.64999999888002
 21
54.22000000022
 31
0.0
  0
LINE
  5
B05
330
8E9
100
AcDbEntity
  8
0
  6
Continuous
 62
     7
100
AcDbLine
 10
20.58947115015999
 20
34.52100000027998
 30
0.0
 11
20.58947115015999
 21
34.57499999896
 31
0.0
  0
LINE
  5
B06
330
8E9
100
AcDbEntity
  8
0
  6
Continuous
 62
     6
100
AcDbLine
 10
20.74079999913999
 20
33.88190000086
 30
0.0
 11
20.74079999913999
 21
31.17680000085998
 31
0.0
  0
LINE
  5
B07
330
8E9
100
AcDbEntity
  8
0
  6
Continuous
 62
     6
100
AcDbLine
 10
20.74079999913999
 20
24.77600000085998
 30
0.0
 11
20.74079999913999
 21
22.07090000085999
 31
0.0
  0
LINE
  5
B08
330
8E9
100
AcDbEntity
  8
0
  6
Continuous
 62
     7
100
AcDbLine
 10
20.90459999920003
 20
21.42700000088
 30
0.0
 11
20.90459999920003
 21
21.48099999956001
 31
0.0
  0
LINE
  5
B09
330
8E9
100
AcDbEntity
  8
0
  6
Continuous
 62
     7
100
AcDbLine
 10
20.94999999984003
 20
39.23750000084
 30
0.0
 11
20.94999999984003
 21
39.49999999908
 31
0.0
  0
LINE
  5
B0A
330
8E9
100
AcDbEntity
  8
0
  6
Continuous
 62
     7
100
AcDbLine
 10
20.94999999984003
 20
54.00000000079997
 30
0.0
 11
20.94999999984003
 21
54.26249999904003
 31
0.0
  0
LINE
  5
B0B
330
8E9
100
AcDbEntity
  8
0
  6
Continuous
 62
     7
100
AcDbLine
 10
21.04999999796001
 20
54.24000000085998
 30
0.0
 11
21.04999999796001
 21
54.00000000079997
 31
0.0
  0
LINE
  5
B0C
330
8E9
100
AcDbEntity
  8
0
  6
Continuous
 62
     7
100
AcDbLine
 10
21.04999999796001
 20
39.49999999908
 30
0.0
 11
21.04999999796001
 21
39.25999999902
 31
0.0
  0
LINE
  5
B0D
330
8E9
100
AcDbEntity
  8
03___PRT_ALL_CURVES
  6
Continuous
 62
     4
100
AcDbLine
 10
30.34065495230001
 20
46.14999999852002
 30
0.0
 11
29.88308325631999
 21
46.89652113945998
 31
0.0
  0
LINE
  5
B0E
330
8E9
100
AcDbEntity
  8
03___PRT_ALL_CURVES
  6
Continuous
 62
     4
100
AcDbLine
 10
29.63096848242003
 20
46.64276943208002
 30
0.0
 11
29.88390179418002
 21
46.14999999852002
 31
0.0
  0
LINE
  5
B0F
330
8E9
100
AcDbEntity
  8
0
  6
Continuous
 62
     7
100
AcDbLine
 10
21.14999999861999
 20
38.9000000002
 30
0.0
 11
21.14999999861999
 21
39.49999999908
 31
0.0
  0
LINE
  5
B10
330
8E9
100
AcDbEntity
  8
0
  6
Continuous
 62
     7
100
AcDbLine
 10
21.14999999861999
 20
54.00000000079997
 30
0.0
 11
21.14999999861999
 21
54.59999999968001
 31
0.0
  0
LINE
  5
B11
330
8E9
100
AcDbEntity
  8
0
  6
Continuous
 62
     6
100
AcDbLine
 10
21.32118999914002
 20
34.67499999962
 30
0.0
 11
21.32118999914002
 21
31.71079999965998
 31
0.0
  0
LINE
  5
B12
330
8E9
100
AcDbEntity
  8
0
  6
Continuous
 62
     6
100
AcDbLine
 10
21.37486651358
 20
24.18832348508001
 30
0.0
 11
21.37486651358
 21
21.32700000022
 31
0.0
  0
LINE
  5
B13
330
8E9
100
AcDbEntity
  8
0
  6
Continuous
 62
     7
100
AcDbLine
 10
21.44818999914
 20
21.32700000022
 30
0.0
 11
21.44818999914
 21
24.11636200085998
 31
0.0
  0
LINE
  5
B14
330
8E9
100
AcDbEntity
  8
0
  6
Continuous
 62
     7
100
AcDbLine
 10
21.44818999914
 20
31.83643800085999
 30
0.0
 11
21.44818999914
 21
34.67499999962
 31
0.0
  0
LINE
  5
B15
330
8E9
100
AcDbEntity
  8
0
  6
Continuous
 62
     7
100
AcDbLine
 10
21.64999999938001
 20
53.75000000041997
 30
0.0
 11
21.64999999938001
 21
53.74000000010001
 31
0.0
  0
LINE
  5
B16
330
8E9
100
AcDbEntity
  8
0
  6
Continuous
 62
     7
100
AcDbLine
 10
21.64999999938001
 20
39.74999999945997
 30
0.0
 11
21.64999999938001
 21
39.75999999977999
 31
0.0
  0
LINE
  5
B17
330
8E9
100
AcDbEntity
  8
03___PRT_ALL_CURVES
  6
Continuous
 62
     4
100
AcDbLine
 10
21.84413392658001
 20
121.12244206756
 30
0.0
 11
21.84413392658001
 21
120.55286499742
 31
0.0
  0
LINE
  5
B18
330
8E9
100
AcDbEntity
  8
0
  6
Continuous
 62
     7
100
AcDbLine
 10
21.92824999913998
 20
21.47349200085999
 30
0.0
 11
21.92824999913998
 21
23.75949200085999
 31
0.0
  0
LINE
  5
B19
330
8E9
100
AcDbEntity
  8
0
  6
Continuous
 62
     7
100
AcDbLine
 10
21.92824999913998
 20
32.19330800085997
 30
0.0
 11
21.92824999913998
 21
34.47930800085997
 31
0.0
  0
LINE
  5
B1A
330
8E9
100
AcDbEntity
  8
0
  6
Continuous
 62
     6
100
AcDbLine
 10
21.98539999913999
 20
24.77600000085998
 30
0.0
 11
21.98539999913999
 21
26.35080000085999
 31
0.0
  0
LINE
  5
B1B
330
8E9
100
AcDbEntity
  8
0
  6
Continuous
 62
     6
100
AcDbLine
 10
21.98539999913999
 20
29.60200000086
 30
0.0
 11
21.98539999913999
 21
31.17680000085998
 31
0.0
  0
LINE
  5
B1C
330
8E9
100
AcDbEntity
  8
0
  6
Continuous
 62
     7
100
AcDbLine
 10
21.99999999788002
 20
19.95880753721998
 30
0.0
 11
21.99999999788002
 21
19.55999999854002
 31
0.0
  0
LINE
  5
B1D
330
8E9
100
AcDbEntity
  8
02___PRT_ALL_AXES
  6
Continuous
 62
     7
100
AcDbLine
 10
22.09999999854
 20
129.99999999948
 30
0.0
 11
22.09999999854
 21
124.00000000052
 31
0.0
  0
LINE
  5
B1E
330
8E9
100
AcDbEntity
  8
02___PRT_ALL_AXES
  6
Continuous
 62
     7
100
AcDbLine
 10
22.09999999854
 20
5.999999998960007
 30
0.0
 11
22.09999999854
 21
0.0
 31
0.0
  0
LINE
  5
B1F
330
8E9
100
AcDbEntity
  8
0
  6
Continuous
 62
     7
100
AcDbLine
 10
22.34999999892
 20
54.59999999968001
 30
0.0
 11
22.34999999892
 21
54.00000000079997
 31
0.0
  0
LINE
  5
B20
330
8E9
100
AcDbEntity
  8
0
  6
Continuous
 62
     7
100
AcDbLine
 10
22.34999999892
 20
39.49999999908
 30
0.0
 11
22.34999999892
 21
38.9000000002
 31
0.0
  0
LINE
  5
B21
330
8E9
100
AcDbEntity
  8
0
  6
Continuous
 62
     7
100
AcDbLine
 10
22.49659999782
 20
31.17680000085998
 30
0.0
 11
22.49659999782
 21
30.95139999191998
 31
0.0
  0
LINE
  5
B22
330
8E9
100
AcDbEntity
  8
0
  6
Continuous
 62
     7
100
AcDbLine
 10
22.49659999782
 20
30.08139999202002
 30
0.0
 11
22.49659999782
 21
29.68139999191997
 31
0.0
  0
LINE
  5
B23
330
8E9
100
AcDbEntity
  8
0
  6
Continuous
 62
     7
100
AcDbLine
 10
22.49659999782
 20
26.27139999201999
 30
0.0
 11
22.49659999782
 21
25.87139999192
 31
0.0
  0
LINE
  5
B24
330
8E9
100
AcDbEntity
  8
0
  6
Continuous
 62
     7
100
AcDbLine
 10
22.49659999782
 20
25.00139999202001
 30
0.0
 11
22.49659999782
 21
24.77600000085998
 31
0.0
  0
LINE
  5
B25
330
8E9
100
AcDbEntity
  8
0
  6
Continuous
 62
     7
100
AcDbLine
 10
22.49999999863999
 20
36.00199999991999
 30
0.0
 11
22.49999999863999
 21
36.60000000026001
 31
0.0
  0
LINE
  5
B26
330
8E9
100
AcDbEntity
  8
0
  6
Continuous
 62
     7
100
AcDbLine
 10
22.49999999863999
 20
38.9000000002
 30
0.0
 11
22.49999999863999
 21
39.23750000084
 31
0.0
  0
LINE
  5
B27
330
8E9
100
AcDbEntity
  8
0
  6
Continuous
 62
     7
100
AcDbLine
 10
22.49999999863999
 20
54.26249999904003
 30
0.0
 11
22.49999999863999
 21
54.59999999968001
 31
0.0
  0
LINE
  5
B28
330
8E9
100
AcDbEntity
  8
0
  6
Continuous
 62
     6
100
AcDbLine
 10
22.51879999913999
 20
24.77600000085998
 30
0.0
 11
22.51879999913999
 21
25.91900000085998
 31
0.0
  0
LINE
  5
B29
330
8E9
100
AcDbEntity
  8
0
  6
Continuous
 62
     6
100
AcDbLine
 10
22.51879999913999
 20
30.03380000085998
 30
0.0
 11
22.51879999913999
 21
31.17680000085998
 31
0.0
  0
LINE
  5
B2A
330
8E9
100
AcDbEntity
  8
03___PRT_ALL_CURVES
  6
Continuous
 62
     4
100
AcDbLine
 10
22.57401068374003
 20
120.9160982359
 30
0.0
 11
22.57401068374003
 21
119.25000000092
 31
0.0
  0
LINE
  5
B2B
330
8E9
100
AcDbEntity
  8
0
  6
Continuous
 62
     6
100
AcDbLine
 10
22.72404533413999
 20
31.48160000085998
 30
0.0
 11
22.72404533413999
 21
30.28779999577999
 31
0.0
  0
LINE
  5
B2C
330
8E9
100
AcDbEntity
  8
0
  6
Continuous
 62
     6
100
AcDbLine
 10
22.72404533413999
 20
25.66500000339998
 30
0.0
 11
22.72404533413999
 21
24.47120000086001
 31
0.0
  0
LINE
  5
B2D
330
8E9
100
AcDbEntity
  8
0
  6
Continuous
 62
     7
100
AcDbLine
 10
22.86804999914
 20
34.47930800085997
 30
0.0
 11
22.86804999914
 21
32.19330800085997
 31
0.0
  0
LINE
  5
B2E
330
8E9
100
AcDbEntity
  8
0
  6
Continuous
 62
     7
100
AcDbLine
 10
22.86804999914
 20
23.75949200085999
 30
0.0
 11
22.86804999914
 21
21.47349200085999
 31
0.0
  0
LINE
  5
B2F
330
8E9
100
AcDbEntity
  8
0
  6
Continuous
 62
     7
100
AcDbLine
 10
22.89659999792002
 20
25.91900000085998
 30
0.0
 11
22.89659999792002
 21
26.27139999201999
 31
0.0
  0
LINE
  5
B30
330
8E9
100
AcDbEntity
  8
0
  6
Continuous
 62
     7
100
AcDbLine
 10
22.89659999792002
 20
29.68139999191997
 30
0.0
 11
22.89659999792002
 21
30.03380000085998
 31
0.0
  0
LINE
  5
B31
330
8E9
100
AcDbEntity
  8
0
  6
Continuous
 62
     7
100
AcDbLine
 10
22.99999999939999
 20
54.24000000085998
 30
0.0
 11
22.99999999939999
 21
54.00000000079997
 31
0.0
  0
LINE
  5
B32
330
8E9
100
AcDbEntity
  8
0
  6
Continuous
 62
     7
100
AcDbLine
 10
22.99999999939999
 20
39.49999999908
 30
0.0
 11
22.99999999939999
 21
39.25999999902
 31
0.0
  0
LINE
  5
B33
330
8E9
100
AcDbEntity
  8
0
  6
Continuous
 62
     7
100
AcDbLine
 10
23.04999999846001
 20
39.75999999977999
 30
0.0
 11
23.04999999846001
 21
39.74999999945997
 31
0.0
  0
LINE
  5
B34
330
8E9
100
AcDbEntity
  8
0
  6
Continuous
 62
     7
100
AcDbLine
 10
23.04999999846001
 20
53.74000000010001
 30
0.0
 11
23.04999999846001
 21
53.75069027081999
 31
0.0
  0
LINE
  5
B35
330
8E9
100
AcDbEntity
  8
0
  6
Continuous
 62
     7
100
AcDbLine
 10
23.15460000007999
 20
21.42700000088
 30
0.0
 11
23.15460000007999
 21
25.20699999992
 31
0.0
  0
LINE
  5
B36
330
8E9
100
AcDbEntity
  8
0
  6
Continuous
 62
     7
100
AcDbLine
 10
23.15460000007999
 20
30.79499999991999
 30
0.0
 11
23.15460000007999
 21
34.57499999896
 31
0.0
  0
LINE
  5
B37
330
8E9
100
AcDbEntity
  8
03___PRT_ALL_CURVES
  6
Continuous
 62
     4
100
AcDbLine
 10
23.27660281932003
 20
119.25000000092
 30
0.0
 11
23.27660281932003
 21
121.79263311478
 31
0.0
  0
LINE
  5
B38
330
8E9
100
AcDbEntity
  8
0
  6
Continuous
 62
     7
100
AcDbLine
 10
23.33159999914
 20
30.03380000085998
 30
0.0
 11
23.33159999914
 21
29.60200000086
 31
0.0
  0
LINE
  5
B39
330
8E9
100
AcDbEntity
  8
0
  6
Continuous
 62
     7
100
AcDbLine
 10
23.33159999914
 20
26.35080000085999
 30
0.0
 11
23.33159999914
 21
25.91900000085998
 31
0.0
  0
LINE
  5
B3A
330
8E9
100
AcDbEntity
  8
0
  6
Continuous
 62
     7
100
AcDbLine
 10
23.49999999761999
 20
50.59999999868002
 30
0.0
 11
23.49999999761999
 21
47.89999999863998
 31
0.0
  0
LINE
  5
B3B
330
8E9
100
AcDbEntity
  8
0
  6
Continuous
 62
     7
100
AcDbLine
 10
23.49999999761999
 20
45.5999999987
 30
0.0
 11
23.49999999761999
 21
42.89999999866002
 31
0.0
  0
LINE
  5
B3C
330
8E9
100
AcDbEntity
  8
0
  6
Continuous
 62
     7
100
AcDbLine
 10
23.55999999954
 20
49.04999999988
 30
0.0
 11
23.55999999954
 21
44.45
 31
0.0
  0
LINE
  5
B3D
330
8E9
100
AcDbEntity
  8
0
  6
Continuous
 62
     6
100
AcDbLine
 10
23.56019999914
 20
30.03380000085998
 30
0.0
 11
23.56019999914
 21
25.91900000085998
 31
0.0
  0
LINE
  5
B3E
330
8E9
100
AcDbEntity
  8
0
  6
Continuous
 62
     7
100
AcDbLine
 10
23.61180000008
 20
19.99999999991998
 30
0.0
 11
23.61180000008
 21
20.22859999991998
 31
0.0
  0
LINE
  5
B3F
330
8E9
100
AcDbEntity
  8
0
  6
Continuous
 62
     7
100
AcDbLine
 10
23.61180000008
 20
35.77339999991999
 30
0.0
 11
23.61180000008
 21
36.00199999991999
 31
0.0
  0
LINE
  5
B40
330
8E9
100
AcDbEntity
  8
0
  6
Continuous
 62
     7
100
AcDbLine
 10
23.71340000008001
 20
20.20319999991999
 30
0.0
 11
23.71340000008001
 21
20.22859999991998
 31
0.0
  0
LINE
  5
B41
330
8E9
100
AcDbEntity
  8
0
  6
Continuous
 62
     7
100
AcDbLine
 10
23.71340000008001
 20
35.77339999991999
 30
0.0
 11
23.71340000008001
 21
35.79879999991998
 31
0.0
  0
LINE
  5
B42
330
8E9
100
AcDbEntity
  8
0
  6
Continuous
 62
     6
100
AcDbLine
 10
23.85229999914
 20
25.66500000339998
 30
0.0
 11
23.85229999914
 21
30.28779999577999
 31
0.0
  0
LINE
  5
B43
330
8E9
100
AcDbEntity
  8
0
  6
Continuous
 62
     7
100
AcDbLine
 10
23.91660000008
 20
20.20319999991999
 30
0.0
 11
23.91660000008
 21
20.22859999991998
 31
0.0
  0
LINE
  5
B44
330
8E9
100
AcDbEntity
  8
0
  6
Continuous
 62
     7
100
AcDbLine
 10
23.91660000008
 20
35.77339999991999
 30
0.0
 11
23.91660000008
 21
35.79879999991998
 31
0.0
  0
LINE
  5
B45
330
8E9
100
AcDbEntity
  8
0
  6
Continuous
 62
     7
100
AcDbLine
 10
23.93999999900001
 20
35.77339999991999
 30
0.0
 11
23.93999999900001
 21
35.79879999991998
 31
0.0
  0
LINE
  5
B46
330
8E9
100
AcDbEntity
  8
0
  6
Continuous
 62
     7
100
AcDbLine
 10
23.93999999900001
 20
36.20519999992
 30
0.0
 11
23.93999999900001
 21
36.60000000026001
 31
0.0
  0
LINE
  5
B47
330
8E9
100
AcDbEntity
  8
0
  6
Continuous
 62
     7
100
AcDbLine
 10
23.93999999900001
 20
38.9000000002
 30
0.0
 11
23.93999999900001
 21
39.23750000084
 31
0.0
  0
LINE
  5
B48
330
8E9
100
AcDbEntity
  8
0
  6
Continuous
 62
     7
100
AcDbLine
 10
23.93999999900001
 20
42.74999999894
 30
0.0
 11
23.93999999900001
 21
44.45
 31
0.0
  0
LINE
  5
B49
330
8E9
100
AcDbEntity
  8
0
  6
Continuous
 62
     7
100
AcDbLine
 10
23.93999999900001
 20
49.04999999988
 30
0.0
 11
23.93999999900001
 21
50.75000000093998
 31
0.0
  0
LINE
  5
B4A
330
8E9
100
AcDbEntity
  8
0
  6
Continuous
 62
     7
100
AcDbLine
 10
23.93999999900001
 20
54.26249999904003
 30
0.0
 11
23.93999999900001
 21
54.59999999968001
 31
0.0
  0
LINE
  5
B4B
330
8E9
100
AcDbEntity
  8
0
  6
Continuous
 62
     6
100
AcDbLine
 10
24.11899999914002
 20
20.22859999991998
 30
0.0
 11
24.11899999914002
 21
20.20400000086001
 31
0.0
  0
LINE
  5
B4C
330
8E9
100
AcDbEntity
  8
0
  6
Continuous
 62
     6
100
AcDbLine
 10
24.11899999914002
 20
25.46099999991999
 30
0.0
 11
24.11899999914002
 21
30.54099999992
 31
0.0
  0
LINE
  5
B4D
330
8E9
100
AcDbEntity
  8
0
  6
Continuous
 62
     7
100
AcDbLine
 10
24.17067797807999
 20
30.54099999992
 30
0.0
 11
24.17067797807999
 21
25.46099999991999
 31
0.0
  0
LINE
  5
B4E
330
8E9
100
AcDbEntity
  8
0
  6
Continuous
 62
     7
100
AcDbLine
 10
24.24999999876002
 20
54.00000000079997
 30
0.0
 11
24.24999999876002
 21
53.84000000076001
 31
0.0
  0
LINE
  5
B4F
330
8E9
100
AcDbEntity
  8
0
  6
Continuous
 62
     7
100
AcDbLine
 10
24.24999999876002
 20
39.49999999908
 30
0.0
 11
24.24999999876002
 21
39.65999999912002
 31
0.0
  0
LINE
  5
B50
330
8E9
100
AcDbEntity
  8
0
  6
Continuous
 62
     7
100
AcDbLine
 10
24.24999999876002
 20
39.23750000084
 30
0.0
 11
24.24999999876002
 21
39.26892249831998
 31
0.0
  0
LINE
  5
B51
330
8E9
100
AcDbEntity
  8
0
  6
Continuous
 62
     7
100
AcDbLine
 10
24.24999999876002
 20
39.74999999945997
 30
0.0
 11
24.24999999876002
 21
44.45
 31
0.0
  0
LINE
  5
B52
330
8E9
100
AcDbEntity
  8
0
  6
Continuous
 62
     7
100
AcDbLine
 10
24.24999999876002
 20
49.04999999988
 30
0.0
 11
24.24999999876002
 21
53.75000000041997
 31
0.0
  0
LINE
  5
B53
330
8E9
100
AcDbEntity
  8
0
  6
Continuous
 62
     7
100
AcDbLine
 10
24.24999999876002
 20
54.23107750155999
 30
0.0
 11
24.24999999876002
 21
54.26249999904003
 31
0.0
  0
LINE
  5
B54
330
8E9
100
AcDbEntity
  8
0
  6
Continuous
 62
     7
100
AcDbLine
 10
24.34999999942002
 20
44.74999999943996
 30
0.0
 11
24.34999999942002
 21
48.75000000043998
 31
0.0
  0
LINE
  5
B55
330
8E9
100
AcDbEntity
  8
0
  6
Continuous
 62
     7
100
AcDbLine
 10
24.37387797808
 20
20.22859999991998
 30
0.0
 11
24.37387797808
 21
35.77339999991999
 31
0.0
  0
LINE
  5
B56
330
8E9
100
AcDbEntity
  8
0
  6
Continuous
 62
     7
100
AcDbLine
 10
24.44570312272003
 20
48.75000000043998
 30
0.0
 11
24.44570312272003
 21
44.74999999943996
 31
0.0
  0
LINE
  5
B57
330
8E9
100
AcDbEntity
  8
0
  6
Continuous
 62
     7
100
AcDbLine
 10
24.49999999913999
 20
39.49999999908
 30
0.0
 11
24.49999999913999
 21
38.92375766668
 31
0.0
  0
LINE
  5
B58
330
8E9
100
AcDbEntity
  8
0
  6
Continuous
 62
     7
100
AcDbLine
 10
24.49999999913999
 20
54.5762423332
 30
0.0
 11
24.49999999913999
 21
39.50999999939999
 31
0.0
  0
LINE
  5
B59
330
8E9
100
AcDbEntity
  8
0
  6
Continuous
 62
     7
100
AcDbLine
 10
24.49999999913999
 20
36.54126190589999
 30
0.0
 11
24.49999999913999
 21
35.35168192539997
 31
0.0
  0
LINE
  5
B5A
330
8E9
100
AcDbEntity
  8
0
  6
Continuous
 62
     7
100
AcDbLine
 10
24.49999999913999
 20
33.86153435452
 30
0.0
 11
24.49999999913999
 21
22.1436819254
 31
0.0
  0
LINE
  5
B5B
330
8E9
100
AcDbEntity
  8
0
  6
Continuous
 62
     7
100
AcDbLine
 10
24.49999999913999
 20
20.65353435452003
 30
0.0
 11
24.49999999913999
 21
19.45873809285997
 31
0.0
  0
LINE
  5
B5C
330
8E9
100
AcDbEntity
  8
02___PRT_ALL_AXES
  6
Continuous
 62
     7
100
AcDbLine
 10
24.59999999980002
 20
129.99999999948
 30
0.0
 11
24.59999999980002
 21
124.00000000052
 31
0.0
  0
LINE
  5
B5D
330
8E9
100
AcDbEntity
  8
02___PRT_ALL_AXES
  6
Continuous
 62
     7
100
AcDbLine
 10
24.59999999980002
 20
5.999999998960007
 30
0.0
 11
24.59999999980002
 21
0.0
 31
0.0
  0
LINE
  5
B5E
330
8E9
100
AcDbEntity
  8
0
  6
Continuous
 62
     7
100
AcDbLine
 10
24.64999999886001
 20
39.49999999908
 30
0.0
 11
24.64999999886001
 21
39.74999999945997
 31
0.0
  0
LINE
  5
B5F
330
8E9
100
AcDbEntity
  8
0
  6
Continuous
 62
     7
100
AcDbLine
 10
24.64999999886001
 20
53.75000000041997
 30
0.0
 11
24.64999999886001
 21
54.00000000079997
 31
0.0
  0
LINE
  5
B60
330
8E9
100
AcDbEntity
  8
02___PRT_ALL_AXES
  6
Continuous
 62
     7
100
AcDbLine
 10
24.97499999909999
 20
20.14999999964
 30
0.0
 11
24.97499999909999
 21
35.84999999912002
 31
0.0
  0
LINE
  5
B61
330
8E9
100
AcDbEntity
  8
0
  6
Continuous
 62
     7
100
AcDbLine
 10
24.97499999909999
 20
20.14999999964
 30
0.0
 11
24.97499999909999
 21
35.84999999912002
 31
0.0
  0
LINE
  5
B62
330
8E9
100
AcDbEntity
  8
02___PRT_ALL_AXES
  6
Continuous
 62
     7
100
AcDbLine
 10
25.09999999802
 20
39.6499999988
 30
0.0
 11
25.09999999802
 21
53.84999999854001
 31
0.0
  0
LINE
  5
B63
330
8E9
100
AcDbEntity
  8
0
  6
Continuous
 62
     7
100
AcDbLine
 10
25.09999999802
 20
39.6499999988
 30
0.0
 11
25.09999999802
 21
53.84999999854001
 31
0.0
  0
LINE
  5
B64
330
8E9
100
AcDbEntity
  8
0
  6
Continuous
 62
     7
100
AcDbLine
 10
13.09006339310002
 20
19.95389585794
 30
0.0
 11
13.1024169625
 21
19.99999999991998
 31
0.0
  0
LINE
  5
B65
330
8E9
100
AcDbEntity
  8
03___PRT_ALL_CURVES
  6
Continuous
 62
     4
100
AcDbLine
 10
25.89999999822004
 20
47.34999999882
 30
0.0
 11
25.89999999822004
 21
46.14999999852002
 31
0.0
  0
LINE
  5
B66
330
8E9
100
AcDbEntity
  8
03___PRT_ALL_CURVES
  6
Continuous
 62
     4
100
AcDbLine
 10
25.89999999822004
 20
28.60000000079999
 30
0.0
 11
25.89999999822004
 21
27.40000000050001
 31
0.0
  0
LINE
  5
B67
330
8E9
100
AcDbEntity
  8
03___PRT_ALL_CURVES
  6
Continuous
 62
     4
100
AcDbLine
 10
26.27080492590002
 20
27.69549794645998
 30
0.0
 11
26.27080492590002
 21
28.60000000079999
 31
0.0
  0
LINE
  5
B68
330
8E9
100
AcDbEntity
  8
03___PRT_ALL_CURVES
  6
Continuous
 62
     4
100
AcDbLine
 10
26.27080492590002
 20
46.44549794702003
 30
0.0
 11
26.27080492590002
 21
47.34999999882
 31
0.0
  0
LINE
  5
B69
330
8E9
100
AcDbEntity
  8
03___PRT_ALL_CURVES
  6
Continuous
 62
     4
100
AcDbLine
 10
26.84952252640002
 20
27.40000000050001
 30
0.0
 11
26.84952252640002
 21
27.69549794645998
 31
0.0
  0
LINE
  5
B6A
330
8E9
100
AcDbEntity
  8
03___PRT_ALL_CURVES
  6
Continuous
 62
     4
100
AcDbLine
 10
26.84952252640002
 20
46.14999999852002
 30
0.0
 11
26.84952252640002
 21
46.44549794702003
 31
0.0
  0
LINE
  5
B6B
330
8E9
100
AcDbEntity
  8
02___PRT_ALL_AXES
  6
Continuous
 62
     7
100
AcDbLine
 10
26.99999999786002
 20
129.99999999948
 30
0.0
 11
26.99999999786002
 21
124.00000000052
 31
0.0
  0
LINE
  5
B6C
330
8E9
100
AcDbEntity
  8
02___PRT_ALL_AXES
  6
Continuous
 62
     7
100
AcDbLine
 10
26.99999999786002
 20
5.999999998960007
 30
0.0
 11
26.99999999786002
 21
0.0
 31
0.0
  0
LINE
  5
B6D
330
8E9
100
AcDbEntity
  8
03___PRT_ALL_CURVES
  6
Continuous
 62
     4
100
AcDbLine
 10
27.03287855034
 20
47.34999999882
 30
0.0
 11
27.03287855034
 21
46.14999999852002
 31
0.0
  0
LINE
  5
B6E
330
8E9
100
AcDbEntity
  8
03___PRT_ALL_CURVES
  6
Continuous
 62
     4
100
AcDbLine
 10
27.03287855034
 20
28.60000000079999
 30
0.0
 11
27.03287855034
 21
27.40000000050001
 31
0.0
  0
LINE
  5
B6F
330
8E9
100
AcDbEntity
  8
03___PRT_ALL_CURVES
  6
Continuous
 62
     4
100
AcDbLine
 10
27.40450211240002
 20
27.40000000050001
 30
0.0
 11
27.40450211240002
 21
28.60000000079999
 31
0.0
  0
LINE
  5
B70
330
8E9
100
AcDbEntity
  8
03___PRT_ALL_CURVES
  6
Continuous
 62
     4
100
AcDbLine
 10
27.40450211240002
 20
46.14999999852002
 30
0.0
 11
27.40450211240002
 21
47.34999999882
 31
0.0
  0
LINE
  5
B71
330
8E9
100
AcDbEntity
  8
03___PRT_ALL_CURVES
  6
Continuous
 62
     4
100
AcDbLine
 10
27.67298765874
 20
47.34999999882
 30
0.0
 11
27.67298765874
 21
46.14999999852002
 31
0.0
  0
LINE
  5
B72
330
8E9
100
AcDbEntity
  8
03___PRT_ALL_CURVES
  6
Continuous
 62
     4
100
AcDbLine
 10
27.67298765874
 20
28.60000000079999
 30
0.0
 11
27.67298765874
 21
27.40000000050001
 31
0.0
  0
LINE
  5
B73
330
8E9
100
AcDbEntity
  8
03___PRT_ALL_CURVES
  6
Continuous
 62
     4
100
AcDbLine
 10
28.02169171113999
 20
27.40000000050001
 30
0.0
 11
28.02169171113999
 21
28.05811731774001
 31
0.0
  0
LINE
  5
B74
330
8E9
100
AcDbEntity
  8
03___PRT_ALL_CURVES
  6
Continuous
 62
     4
100
AcDbLine
 10
28.02169171113999
 20
46.14999999852002
 30
0.0
 11
28.02169171113999
 21
46.80811731829998
 31
0.0
  0
LINE
  5
B75
330
8E9
100
AcDbEntity
  8
03___PRT_ALL_CURVES
  6
Continuous
 62
     4
100
AcDbLine
 10
28.47107773642
 20
47.34999999882
 30
0.0
 11
28.47107773642
 21
46.68533422883998
 31
0.0
  0
LINE
  5
B76
330
8E9
100
AcDbEntity
  8
03___PRT_ALL_CURVES
  6
Continuous
 62
     4
100
AcDbLine
 10
28.47107773642
 20
28.60000000079999
 30
0.0
 11
28.47107773642
 21
27.93533422827998
 31
0.0
  0
LINE
  5
B77
330
8E9
100
AcDbEntity
  8
03___PRT_ALL_CURVES
  6
Continuous
 62
     4
100
AcDbLine
 10
28.82060032668005
 20
27.40000000050001
 30
0.0
 11
28.82060032668005
 21
28.60000000079999
 31
0.0
  0
LINE
  5
B78
330
8E9
100
AcDbEntity
  8
03___PRT_ALL_CURVES
  6
Continuous
 62
     4
100
AcDbLine
 10
28.82060032668005
 20
46.14999999852002
 30
0.0
 11
28.82060032668005
 21
47.34999999882
 31
0.0
  0
LINE
  5
B79
330
8E9
100
AcDbEntity
  8
03___PRT_ALL_CURVES
  6
Continuous
 62
     4
100
AcDbLine
 10
29.06862211918005
 20
47.34999999882
 30
0.0
 11
29.06862211918005
 21
46.14999999852002
 31
0.0
  0
LINE
  5
B7A
330
8E9
100
AcDbEntity
  8
03___PRT_ALL_CURVES
  6
Continuous
 62
     4
100
AcDbLine
 10
29.06862211918005
 20
28.60000000079999
 30
0.0
 11
29.06862211918005
 21
27.40000000050001
 31
0.0
  0
LINE
  5
B7B
330
8E9
100
AcDbEntity
  8
03___PRT_ALL_CURVES
  6
Continuous
 62
     4
100
AcDbLine
 10
29.43942700114002
 20
27.40000000050001
 30
0.0
 11
29.43942700114002
 21
27.69222373914
 31
0.0
  0
LINE
  5
B7C
330
8E9
100
AcDbEntity
  8
03___PRT_ALL_CURVES
  6
Continuous
 62
     4
100
AcDbLine
 10
29.43942700114002
 20
28.14652113889998
 30
0.0
 11
29.43942700114002
 21
28.60000000079999
 31
0.0
  0
LINE
  5
B7D
330
8E9
100
AcDbEntity
  8
03___PRT_ALL_CURVES
  6
Continuous
 62
     4
100
AcDbLine
 10
29.43942700114002
 20
46.14999999852002
 30
0.0
 11
29.43942700114002
 21
46.4422237397
 31
0.0
  0
LINE
  5
B7E
330
8E9
100
AcDbEntity
  8
03___PRT_ALL_CURVES
  6
Continuous
 62
     4
100
AcDbLine
 10
29.43942700114002
 20
46.89652113945998
 30
0.0
 11
29.43942700114002
 21
47.34999999882
 31
0.0
  0
LINE
  5
B7F
330
8E9
100
AcDbEntity
  8
02___PRT_ALL_AXES
  6
Continuous
 62
     7
100
AcDbLine
 10
29.49999999911998
 20
129.99999999948
 30
0.0
 11
29.49999999911998
 21
124.00000000052
 31
0.0
  0
LINE
  5
B80
330
8E9
100
AcDbEntity
  8
02___PRT_ALL_AXES
  6
Continuous
 62
     7
100
AcDbLine
 10
29.49999999911998
 20
5.999999998960007
 30
0.0
 11
29.49999999911998
 21
0.0
 31
0.0
  0
LINE
  5
B81
330
8E9
100
AcDbEntity
  8
0
  6
Continuous
 62
     7
100
AcDbLine
 10
16.88854101838001
 20
44.35685468717999
 30
0.0
 11
15.92999999922
 21
42.88665862325998
 31
0.0
  0
LINE
  5
B82
330
8E9
100
AcDbEntity
  8
0
  6
Continuous
 62
     7
100
AcDbLine
 10
16.88854101838001
 20
44.19641082721999
 30
0.0
 11
15.92999999922
 21
42.72621476329998
 31
0.0
  0
LINE
  5
B86
330
8E9
100
AcDbEntity
  8
03___PRT_ALL_CURVES
  6
Continuous
 62
     4
100
AcDbLine
 10
30.4773534851
 20
47.04877219132
 30
0.0
 11
30.4773534851
 21
46.77537519938001
 31
0.0
  0
LINE
  5
B87
330
8E9
100
AcDbEntity
  8
03___PRT_ALL_CURVES
  6
Continuous
 62
     4
100
AcDbLine
 10
30.82769432873999
 20
46.94972715445998
 30
0.0
 11
30.82769432873999
 21
46.14999999852002
 31
0.0
  0
LINE
  5
B88
330
8E9
100
AcDbEntity
  8
03___PRT_ALL_CURVES
  6
Continuous
 62
     4
100
AcDbLine
 10
31.16493855392
 20
46.14999999852002
 30
0.0
 11
31.16493855392
 21
47.37046389489997
 31
0.0
  0
LINE
  5
B89
330
8E9
100
AcDbEntity
  8
03___PRT_ALL_CURVES
  6
Continuous
 62
     4
100
AcDbLine
 10
31.38512974676004
 20
27.40000000050001
 30
0.0
 11
31.38512974676004
 21
27.67175989639999
 31
0.0
  0
LINE
  5
B8A
330
8E9
100
AcDbEntity
  8
0
  6
Continuous
 62
     7
100
AcDbLine
 10
31.99999999784001
 20
129.99999999948
 30
0.0
 11
31.99999999784001
 21
124.00000000052
 31
0.0
  0
LINE
  5
B8B
330
8E9
100
AcDbEntity
  8
0
  6
Continuous
 62
     7
100
AcDbLine
 10
31.99999999784001
 20
5.999999998960007
 30
0.0
 11
31.99999999784001
 21
0.0
 31
0.0
  0
LINE
  5
B8C
330
8E9
100
AcDbEntity
  8
0
  6
Continuous
 62
     7
100
AcDbLine
 10
32.24999999822003
 20
124.00000000052
 30
0.0
 11
32.24999999822003
 21
117.00000000004
 31
0.0
  0
LINE
  5
B8D
330
8E9
100
AcDbEntity
  8
0
  6
Continuous
 62
     7
100
AcDbLine
 10
32.24999999822003
 20
91.79999999882001
 30
0.0
 11
32.24999999822003
 21
5.999999998960007
 31
0.0
  0
LINE
  5
B8E
330
8E9
100
AcDbEntity
  8
0
  6
Continuous
 62
     7
100
AcDbLine
 10
32.24999999822003
 20
91.96999999918002
 30
0.0
 11
32.24999999822003
 21
116.96999999908
 31
0.0
  0
LINE
  5
B8F
330
8E9
100
AcDbEntity
  8
0
  6
Continuous
 62
     6
100
AcDbLine
 10
22.72404533413999
 20
30.28779999577999
 30
0.0
 11
22.62142266664
 21
30.03380000085998
 31
0.0
  0
LINE
  5
B90
330
8E9
100
AcDbEntity
  8
03___PRT_ALL_CURVES
  6
Continuous
 62
     4
100
AcDbLine
 10
29.82742148296001
 20
47.34999999882
 30
0.0
 11
29.43942700114002
 21
46.89652113945998
 31
0.0
  0
LINE
  5
B91
330
8E9
100
AcDbEntity
  8
03___PRT_ALL_CURVES
  6
Continuous
 62
     4
100
AcDbLine
 10
29.43942700114002
 20
46.4422237397
 30
0.0
 11
29.63096848242003
 21
46.64276943208002
 31
0.0
  0
LINE
  5
B92
330
8E9
100
AcDbEntity
  8
03___PRT_ALL_CURVES
  6
Continuous
 62
     4
100
AcDbLine
 10
29.88308325631999
 20
46.89652113945998
 30
0.0
 11
30.32100945184001
 21
47.34999999882
 31
0.0
  0
LINE
  5
B94
330
8E9
100
AcDbEntity
  8
0
  6
Continuous
 62
     2
100
AcDbLine
 10
21.87398986127999
 20
36.31873908958001
 30
0.0
 11
22.15525077196003
 21
36.60000000026001
 31
0.0
  0
LINE
  5
B95
330
8E9
100
AcDbEntity
  8
0
  6
Continuous
 62
     2
100
AcDbLine
 10
24.46395911618001
 20
38.90870834447999
 30
0.0
 11
25.09129165628002
 21
39.53604088204001
 31
0.0
  0
LINE
  5
B96
330
8E9
100
AcDbEntity
  8
0
  6
Continuous
 62
     6
100
AcDbLine
 10
20.74079999913999
 20
31.17680000085998
 30
0.0
 11
21.0455999966
 21
31.48160000085998
 31
0.0
  0
LINE
  5
B97
330
8E9
100
AcDbEntity
  8
0
  6
Continuous
 62
     6
100
AcDbLine
 10
21.44818999914
 20
31.83779999966002
 30
0.0
 11
21.32118999914002
 21
31.71079999965998
 31
0.0
  0
LINE
  5
B98
330
8E9
100
AcDbEntity
  8
0
  6
Continuous
 62
     7
100
AcDbLine
 10
-0.2500000003799983
 20
91.79999999882001
 30
0.0
 11
32.24999999822003
 21
91.79999999882001
 31
0.0
  0
LINE
  5
B99
330
8E9
100
AcDbEntity
  8
0
  6
Continuous
 62
     7
100
AcDbLine
 10
-0.2500000003799983
 20
91.96999999918002
 30
0.0
 11
32.24999999822003
 21
91.96999999918002
 31
0.0
  0
LINE
  5
B9A
330
8E9
100
AcDbEntity
  8
0
  6
Continuous
 62
     6
100
AcDbLine
 10
13.90819999914001
 20
22.02010000085998
 30
0.0
 11
13.60340000422002
 21
21.71530000085998
 31
0.0
  0
LINE
  5
B9B
330
8E9
100
AcDbEntity
  8
0
  6
Continuous
 62
     2
100
AcDbLine
 10
12.69999999999999
 20
19.49999999916001
 30
0.0
 11
13.19530354584001
 21
19.99530354500003
 31
0.0
  0
LINE
  5
B9C
330
8E9
100
AcDbEntity
  8
0
  6
Continuous
 62
     7
100
AcDbLine
 10
24.37387797808
 20
35.25002277895997
 30
0.0
 11
24.50412060050002
 21
35.35168192539997
 31
0.0
  0
LINE
  5
B9D
330
8E9
100
AcDbEntity
  8
0
  6
Continuous
 62
     7
100
AcDbLine
 10
24.43234745728
 20
35.12065903718
 30
0.0
 11
24.72832699486003
 21
35.35168192539997
 31
0.0
  0
LINE
  5
B9E
330
8E9
100
AcDbEntity
  8
03___PRT_ALL_CURVES
  6
Continuous
 62
     4
100
AcDbLine
 10
29.82742148296001
 20
28.60000000079999
 30
0.0
 11
29.43942700114002
 21
28.14652113889998
 31
0.0
  0
LINE
  5
B9F
330
8E9
100
AcDbEntity
  8
03___PRT_ALL_CURVES
  6
Continuous
 62
     4
100
AcDbLine
 10
29.43942700114002
 20
27.69222373914
 30
0.0
 11
29.63096848242003
 21
27.89276943151999
 31
0.0
  0
LINE
  5
BA0
330
8E9
100
AcDbEntity
  8
03___PRT_ALL_CURVES
  6
Continuous
 62
     4
100
AcDbLine
 10
29.88308325631999
 20
28.14652113889998
 30
0.0
 11
30.32100945184001
 21
28.60000000079999
 31
0.0
  0
LINE
  5
BA1
330
8E9
100
AcDbEntity
  8
0
  6
Continuous
 62
     2
100
AcDbLine
 10
24.37387797808
 20
23.01337643187999
 30
0.0
 11
24.97499999909999
 21
23.61449845290001
 31
0.0
  0
LINE
  5
BA2
330
8E9
100
AcDbEntity
  8
0
  6
Continuous
 62
     7
100
AcDbLine
 10
24.50412060050002
 20
22.1436819254
 30
0.0
 11
24.37387797808
 21
22.04202277895997
 31
0.0
  0
LINE
  5
BA3
330
8E9
100
AcDbEntity
  8
0
  6
Continuous
 62
     7
100
AcDbLine
 10
24.43234745728
 20
21.91265903718001
 30
0.0
 11
24.72832699486003
 21
22.1436819254
 31
0.0
  0
LINE
  5
BA4
330
8E9
100
AcDbEntity
  8
0
  6
Continuous
 62
     7
100
AcDbLine
 10
32.24999999822003
 20
116.96999999908
 30
0.0
 11
-0.2500000003799983
 21
116.96999999908
 31
0.0
  0
LINE
  5
BA5
330
8E9
100
AcDbEntity
  8
0
  6
Continuous
 62
     7
100
AcDbLine
 10
-0.2500000003799983
 20
117.00000000004
 30
0.0
 11
32.24999999822003
 21
117.00000000004
 31
0.0
  0
LINE
  5
BA6
330
8E9
100
AcDbEntity
  8
0
  6
Continuous
 62
     7
100
AcDbLine
 10
32.24999999822003
 20
117.59999999892
 30
0.0
 11
-0.2500000003799983
 21
117.59999999892
 31
0.0
  0
LINE
  5
BA7
330
8E9
100
AcDbEntity
  8
03___PRT_ALL_CURVES
  6
Continuous
 62
     4
100
AcDbLine
 10
11.1551841031
 20
120.06855386546
 30
0.0
 11
10.47817189858
 21
120.27319233096
 31
0.0
  0
LINE
  5
BA8
330
8E9
100
AcDbEntity
  8
03___PRT_ALL_CURVES
  6
Continuous
 62
     4
100
AcDbLine
 10
13.87175996534003
 20
120.06855386546
 30
0.0
 11
13.19474746110001
 21
120.27319233096
 31
0.0
  0
LINE
  5
BA9
330
8E9
100
AcDbEntity
  8
03___PRT_ALL_CURVES
  6
Continuous
 62
     4
100
AcDbLine
 10
13.16575725238002
 20
120.86323323876
 30
0.0
 11
13.84788532424002
 21
121.01500678078
 31
0.0
  0
LINE
  5
BAA
330
8E9
100
AcDbEntity
  8
03___PRT_ALL_CURVES
  6
Continuous
 62
     4
100
AcDbLine
 10
10.44918139268
 20
120.86323323876
 30
0.0
 11
11.13130976172002
 21
121.01500678078
 31
0.0
  0
LINE
  5
BAB
330
8E9
100
AcDbEntity
  8
03___PRT_ALL_CURVES
  6
Continuous
 62
     4
100
AcDbLine
 10
17.47680742884003
 20
119.25000000092
 30
0.0
 11
18.16916782974002
 21
119.25000000092
 31
0.0
  0
LINE
  5
BAC
330
8E9
100
AcDbEntity
  8
03___PRT_ALL_CURVES
  6
Continuous
 62
     4
100
AcDbLine
 10
22.57401068374003
 20
119.25000000092
 30
0.0
 11
23.27660281932003
 21
119.25000000092
 31
0.0
  0
LINE
  5
BAD
330
8E9
100
AcDbEntity
  8
03___PRT_ALL_CURVES
  6
Continuous
 62
     4
100
AcDbLine
 10
17.05559332588001
 20
121.16336974542
 30
0.0
 11
18.29024572576003
 21
121.16336974542
 31
0.0
  0
LINE
  5
BAE
330
8E9
100
AcDbEntity
  8
03___PRT_ALL_CURVES
  6
Continuous
 62
     4
100
AcDbLine
 10
19.08321936206002
 20
121.74999999964
 30
0.0
 11
17.05559332588001
 21
121.74999999964
 31
0.0
  0
LINE
  5
BAF
330
8E9
100
AcDbEntity
  8
03___PRT_ALL_CURVES
  6
Continuous
 62
     4
100
AcDbLine
 10
16.64461095505999
 20
121.74999999964
 30
0.0
 11
15.873806073
 21
121.74999999964
 31
0.0
  0
LINE
  5
BB0
330
8E9
100
AcDbEntity
  8
03___PRT_ALL_CURVES
  6
Continuous
 62
     4
100
AcDbLine
 10
15.01944084244002
 20
121.74999999964
 30
0.0
 11
14.24863596038
 21
121.74999999964
 31
0.0
  0
LINE
  5
BB1
330
8E9
100
AcDbEntity
  8
03___PRT_ALL_CURVES
  6
Continuous
 62
     4
100
AcDbLine
 10
23.27660281932003
 20
121.79263311478
 30
0.0
 11
22.70191033142001
 21
121.79263311478
 31
0.0
  0
LINE
  5
BB2
330
8E9
100
AcDbEntity
  8
0
  6
Continuous
 62
     7
100
AcDbLine
 10
32.24999999822003
 20
124.00000000052
 30
0.0
 11
-0.2500000003799983
 21
124.00000000052
 31
0.0
  0
LINE
  5
BB3
330
8E9
100
AcDbEntity
  8
0
  6
Continuous
 62
     7
100
AcDbLine
 10
16.39999999902
 20
124.84999999978
 30
0.0
 11
15.59999999882004
 21
124.84999999978
 31
0.0
  0
LINE
  5
BB4
330
8E9
100
AcDbEntity
  8
0
  6
Continuous
 62
     7
100
AcDbLine
 10
17.74999999904
 20
126.1999999998
 30
0.0
 11
16.39999999902
 21
126.1999999998
 31
0.0
  0
LINE
  5
BB5
330
8E9
100
AcDbEntity
  8
0
  6
Continuous
 62
     7
100
AcDbLine
 10
14.24999999880001
 20
126.1999999998
 30
0.0
 11
15.59999999882004
 21
126.1999999998
 31
0.0
  0
LINE
  5
BB6
330
8E9
100
AcDbEntity
  8
0
  6
Continuous
 62
     7
100
AcDbLine
 10
14.24999999880001
 20
127.0
 30
0.0
 11
15.59999999882004
 21
127.0
 31
0.0
  0
LINE
  5
BB7
330
8E9
100
AcDbEntity
  8
0
  6
Continuous
 62
     7
100
AcDbLine
 10
16.39999999902
 20
127.0
 30
0.0
 11
17.74999999904
 21
127.0
 31
0.0
  0
LINE
  5
BB8
330
8E9
100
AcDbEntity
  8
0
  6
Continuous
 62
     7
100
AcDbLine
 10
15.59999999882004
 20
128.35000000002
 30
0.0
 11
16.39999999902
 21
128.35000000002
 31
0.0
  0
LINE
  5
BB9
330
8E9
100
AcDbEntity
  8
02___PRT_ALL_AXES
  6
Continuous
 62
     7
100
AcDbLine
 10
31.99999999784001
 20
129.99999999948
 30
0.0
 11
0.0
 21
129.99999999948
 31
0.0
  0
ARC
  5
BBA
330
8E9
100
AcDbEntity
  8
02___PRT_ALL_AXES
  6
Continuous
 62
     7
100
AcDbCircle
 10
11.06499999848
 20
35.84999999912002
 30
0.0
 40
0.75000000114
100
AcDbArc
 50
90.0
 51
180.0
  0
ARC
  5
BBB
330
8E9
100
AcDbEntity
  8
02___PRT_ALL_AXES
  6
Continuous
 62
     7
100
AcDbCircle
 10
11.06499999848
 20
20.14999999964
 30
0.0
 40
0.75000000114
100
AcDbArc
 50
180.0
 51
270.0
  0
ARC
  5
BBC
330
8E9
100
AcDbEntity
  8
0
  6
Continuous
 62
     7
100
AcDbCircle
 10
11.06499999848
 20
35.84999999912002
 30
0.0
 40
0.75000000114
100
AcDbArc
 50
90.0
 51
180.0
  0
ARC
  5
BBD
330
8E9
100
AcDbEntity
  8
0
  6
Continuous
 62
     7
100
AcDbCircle
 10
11.06499999848
 20
20.14999999964
 30
0.0
 40
0.75000000114
100
AcDbArc
 50
180.0
 51
270.0
  0
ARC
  5
BBE
330
8E9
100
AcDbEntity
  8
0
  6
Continuous
 62
     7
100
AcDbCircle
 10
11.11500000007999
 20
20.20319999991999
 30
0.0
 40
0.2032
100
AcDbArc
 50
180.0
 51
270.0
  0
ARC
  5
BBF
330
8E9
100
AcDbEntity
  8
0
  6
Continuous
 62
     7
100
AcDbCircle
 10
11.11500000007999
 20
35.79879999991998
 30
0.0
 40
0.2032
100
AcDbArc
 50
90.0
 51
180.0
  0
ARC
  5
BC0
330
8E9
100
AcDbEntity
  8
0
  6
Continuous
 62
     7
100
AcDbCircle
 10
13.90820040300002
 20
23.53139995767999
 30
0.0
 40
0.4826
100
AcDbArc
 50
270.0
 51
291.8332513709
  0
ARC
  5
BC1
330
8E9
100
AcDbEntity
  8
0
  6
Continuous
 62
     7
100
AcDbCircle
 10
13.90820040300002
 20
23.53139995767999
 30
0.0
 40
0.4826
100
AcDbArc
 50
68.17149586490001
 51
83.80194260430002
  0
ARC
  5
BC2
330
8E9
100
AcDbEntity
  8
0
  6
Continuous
 62
     7
100
AcDbCircle
 10
13.90820040300002
 20
24.80139995768
 30
0.0
 40
0.4826
100
AcDbArc
 50
340.6083806412
 51
348.5454932995
  0
ARC
  5
BC3
330
8E9
100
AcDbEntity
  8
0
  6
Continuous
 62
     7
100
AcDbCircle
 10
13.90820040300002
 20
24.80139995768
 30
0.0
 40
0.4826
100
AcDbArc
 50
46.94257041900005
 51
59.25615382439999
  0
ARC
  5
BC4
330
8E9
100
AcDbEntity
  8
0
  6
Continuous
 62
     7
100
AcDbCircle
 10
13.90820040300002
 20
26.07139995768001
 30
0.0
 40
0.4826
100
AcDbArc
 50
300.8014854505
 51
313.0766172661
  0
ARC
  5
BC5
330
8E9
100
AcDbEntity
  8
0
  6
Continuous
 62
     7
100
AcDbCircle
 10
13.90820040300002
 20
26.07139995768001
 30
0.0
 40
0.4826
100
AcDbArc
 50
11.46210642740001
 51
19.37692378390001
  0
ARC
  5
BC6
330
8E9
100
AcDbEntity
  8
0
  6
Continuous
 62
     7
100
AcDbCircle
 10
13.90820040300002
 20
27.34139995768
 30
0.0
 40
0.4826
100
AcDbArc
 50
276.2061511543
 51
291.8332513709
  0
ARC
  5
BC7
330
8E9
100
AcDbEntity
  8
0
  6
Continuous
 62
     7
100
AcDbCircle
 10
13.90820040300002
 20
27.34139995768
 30
0.0
 40
0.4826
100
AcDbArc
 50
340.6083806412
 51
348.5454932995
  0
ARC
  5
BC8
330
8E9
100
AcDbEntity
  8
0
  6
Continuous
 62
     7
100
AcDbCircle
 10
13.90820040300002
 20
27.34139995768
 30
0.0
 40
0.4826
100
AcDbArc
 50
46.94257041900005
 51
59.25615382439999
  0
ARC
  5
BC9
330
8E9
100
AcDbEntity
  8
0
  6
Continuous
 62
     7
100
AcDbCircle
 10
13.90820040300002
 20
27.34139995768
 30
0.0
 40
0.4826
100
AcDbArc
 50
68.17149586490001
 51
83.80194260430002
  0
ARC
  5
BCA
330
8E9
100
AcDbEntity
  8
0
  6
Continuous
 62
     7
100
AcDbCircle
 10
14.03519999913999
 20
22.13439995768
 30
0.0
 40
0.4826
100
AcDbArc
 50
83.8018938443
 51
105.3038343787
  0
ARC
  5
BCB
330
8E9
100
AcDbEntity
  8
0
  6
Continuous
 62
     7
100
AcDbCircle
 10
13.90820040300002
 20
23.53139995767999
 30
0.0
 40
0.3048
100
AcDbArc
 50
54.26174778559999
 51
80.16387036790002
  0
ARC
  5
BCC
330
8E9
100
AcDbEntity
  8
0
  6
Continuous
 62
     7
100
AcDbCircle
 10
13.90820040300002
 20
23.53139995767999
 30
0.0
 40
0.3048
100
AcDbArc
 50
279.8282785774
 51
305.7661115618
  0
ARC
  5
BCD
330
8E9
100
AcDbEntity
  8
0
  6
Continuous
 62
     7
100
AcDbCircle
 10
13.90820040300002
 20
24.80139995768
 30
0.0
 40
0.3048
100
AcDbArc
 50
54.26174778559999
 51
80.16387036790002
  0
ARC
  5
BCE
330
8E9
100
AcDbEntity
  8
0
  6
Continuous
 62
     7
100
AcDbCircle
 10
13.90820040300002
 20
24.80139995768
 30
0.0
 40
0.3048
100
AcDbArc
 50
328.3205517888
 51
341.7633743784
  0
ARC
  5
BCF
330
8E9
100
AcDbEntity
  8
0
  6
Continuous
 62
     7
100
AcDbCircle
 10
13.90820040300002
 20
26.07139995768001
 30
0.0
 40
0.3048
100
AcDbArc
 50
18.21113356130001
 51
31.7077412222
  0
ARC
  5
BD0
330
8E9
100
AcDbEntity
  8
0
  6
Continuous
 62
     7
100
AcDbCircle
 10
13.90820040300002
 20
26.07139995768001
 30
0.0
 40
0.3048
100
AcDbArc
 50
279.8282785774
 51
305.7661115618
  0
ARC
  5
BD1
330
8E9
100
AcDbEntity
  8
0
  6
Continuous
 62
     7
100
AcDbCircle
 10
13.90820040300002
 20
27.34139995768
 30
0.0
 40
0.3048
100
AcDbArc
 50
328.3205517888
 51
341.7633743784
  0
ARC
  5
BD2
330
8E9
100
AcDbEntity
  8
0
  6
Continuous
 62
     7
100
AcDbCircle
 10
13.90820040300002
 20
27.34139995768
 30
0.0
 40
0.3048
100
AcDbArc
 50
279.8282785774
 51
305.7661115618
  0
ARC
  5
BD3
330
8E9
100
AcDbEntity
  8
0
  6
Continuous
 62
     7
100
AcDbCircle
 10
13.75179999952002
 20
21.88099999966001
 30
0.0
 40
0.29999999944
100
AcDbArc
 50
180.0
 51
270.0000000118
  0
ARC
  5
BD4
330
8E9
100
AcDbEntity
  8
0
  6
Continuous
 62
     7
100
AcDbCircle
 10
14.03519999913999
 20
33.81840004404002
 30
0.0
 40
0.4826
100
AcDbArc
 50
254.6962248454
 51
276.2061999397
  0
ARC
  5
BD5
330
8E9
100
AcDbEntity
  8
0
  6
Continuous
 62
     7
100
AcDbCircle
 10
13.90820040300002
 20
28.61139995768001
 30
0.0
 40
0.4826
100
AcDbArc
 50
276.2061511543
 51
291.8332513709
  0
ARC
  5
BD6
330
8E9
100
AcDbEntity
  8
0
  6
Continuous
 62
     7
100
AcDbCircle
 10
13.90820040300002
 20
28.61139995768001
 30
0.0
 40
0.4826
100
AcDbArc
 50
300.8014854505
 51
313.0766172661
  0
ARC
  5
BD7
330
8E9
100
AcDbEntity
  8
0
  6
Continuous
 62
     7
100
AcDbCircle
 10
13.90820040300002
 20
28.61139995768001
 30
0.0
 40
0.4826
100
AcDbArc
 50
11.46210642740001
 51
19.37692378390001
  0
ARC
  5
BD8
330
8E9
100
AcDbEntity
  8
0
  6
Continuous
 62
     7
100
AcDbCircle
 10
13.90820040300002
 20
28.61139995768001
 30
0.0
 40
0.4826
100
AcDbArc
 50
68.17149586490001
 51
83.80194260430002
  0
ARC
  5
BD9
330
8E9
100
AcDbEntity
  8
0
  6
Continuous
 62
     7
100
AcDbCircle
 10
13.90820040300002
 20
29.88139995767999
 30
0.0
 40
0.4826
100
AcDbArc
 50
340.6083806412
 51
348.5454932995
  0
ARC
  5
BDA
330
8E9
100
AcDbEntity
  8
0
  6
Continuous
 62
     7
100
AcDbCircle
 10
13.90820040300002
 20
29.88139995767999
 30
0.0
 40
0.4826
100
AcDbArc
 50
46.94257041900005
 51
59.25615382439999
  0
ARC
  5
BDB
330
8E9
100
AcDbEntity
  8
0
  6
Continuous
 62
     7
100
AcDbCircle
 10
13.90820040300002
 20
31.15139995768
 30
0.0
 40
0.4826
100
AcDbArc
 50
300.8014854505
 51
313.0766172661
  0
ARC
  5
BDC
330
8E9
100
AcDbEntity
  8
0
  6
Continuous
 62
     7
100
AcDbCircle
 10
13.90820040300002
 20
31.15139995768
 30
0.0
 40
0.4826
100
AcDbArc
 50
11.46210642740001
 51
19.3769237838
  0
ARC
  5
BDD
330
8E9
100
AcDbEntity
  8
0
  6
Continuous
 62
     7
100
AcDbCircle
 10
13.90820040300002
 20
32.42139995768001
 30
0.0
 40
0.4826
100
AcDbArc
 50
276.2061511543
 51
291.8332513709
  0
ARC
  5
BDE
330
8E9
100
AcDbEntity
  8
0
  6
Continuous
 62
     7
100
AcDbCircle
 10
13.90820040300002
 20
32.42139995768001
 30
0.0
 40
0.4826
100
AcDbArc
 50
68.17149586490001
 51
90.0
  0
ARC
  5
BDF
330
8E9
100
AcDbEntity
  8
0
  6
Continuous
 62
     7
100
AcDbCircle
 10
13.90820040300002
 20
28.61139995768001
 30
0.0
 40
0.3048
100
AcDbArc
 50
54.26174778559999
 51
80.16387036790002
  0
ARC
  5
BE0
330
8E9
100
AcDbEntity
  8
0
  6
Continuous
 62
     7
100
AcDbCircle
 10
13.90820040300002
 20
28.61139995768001
 30
0.0
 40
0.3048
100
AcDbArc
 50
18.21113356130001
 51
31.7077412222
  0
ARC
  5
BE1
330
8E9
100
AcDbEntity
  8
0
  6
Continuous
 62
     7
100
AcDbCircle
 10
13.90820040300002
 20
29.88139995767999
 30
0.0
 40
0.3048
100
AcDbArc
 50
54.26174778559999
 51
80.16387036790002
  0
ARC
  5
BE2
330
8E9
100
AcDbEntity
  8
0
  6
Continuous
 62
     7
100
AcDbCircle
 10
13.90820040300002
 20
29.88139995767999
 30
0.0
 40
0.3048
100
AcDbArc
 50
328.3205517888
 51
341.7633743784
  0
ARC
  5
BE3
330
8E9
100
AcDbEntity
  8
0
  6
Continuous
 62
     7
100
AcDbCircle
 10
13.90820040300002
 20
31.15139995768
 30
0.0
 40
0.3048
100
AcDbArc
 50
18.21113356130001
 51
31.7077412222
  0
ARC
  5
BE4
330
8E9
100
AcDbEntity
  8
0
  6
Continuous
 62
     7
100
AcDbCircle
 10
13.90820040300002
 20
31.15139995768
 30
0.0
 40
0.3048
100
AcDbArc
 50
279.8282785774
 51
305.7661115617
  0
ARC
  5
BE5
330
8E9
100
AcDbEntity
  8
0
  6
Continuous
 62
     7
100
AcDbCircle
 10
13.90820040300002
 20
32.42139995768001
 30
0.0
 40
0.3048
100
AcDbArc
 50
54.26174778559999
 51
80.16387036790002
  0
ARC
  5
BE6
330
8E9
100
AcDbEntity
  8
0
  6
Continuous
 62
     7
100
AcDbCircle
 10
13.90820040300002
 20
32.42139995768001
 30
0.0
 40
0.3048
100
AcDbArc
 50
279.8282785774
 51
305.7661115618
  0
ARC
  5
BE7
330
8E9
100
AcDbEntity
  8
0
  6
Continuous
 62
     7
100
AcDbCircle
 10
13.75179999952002
 20
34.12100000017999
 30
0.0
 40
0.29999999944
100
AcDbArc
 50
90.0
 51
180.0000000059
  0
ARC
  5
BE8
330
8E9
100
AcDbEntity
  8
0
  6
Continuous
 62
     7
100
AcDbCircle
 10
15.64809999914002
 20
21.67695006486001
 30
0.0
 40
0.4826
100
AcDbArc
 50
348.458531179
 51
91.5664805353
  0
ARC
  5
BE9
330
8E9
100
AcDbEntity
  8
0
  6
Continuous
 62
     7
100
AcDbCircle
 10
15.64809999914002
 20
21.67695006486001
 30
0.0
 40
0.3048
100
AcDbArc
 50
341.6171683608
 51
92.49462362080001
  0
ARC
  5
BEA
330
8E9
100
AcDbEntity
  8
0
  6
Continuous
 62
     7
100
AcDbCircle
 10
15.64809999914002
 20
34.27584993685998
 30
0.0
 40
0.4826
100
AcDbArc
 50
268.4364090931999
 51
17.68194149759999
  0
ARC
  5
BEB
330
8E9
100
AcDbEntity
  8
0
  6
Continuous
 62
     7
100
AcDbCircle
 10
15.64809999914002
 20
34.27584993685998
 30
0.0
 40
0.3048
100
AcDbArc
 50
267.5015944651
 51
28.81330924289999
  0
ARC
  5
BEC
330
8E9
100
AcDbEntity
  8
0
  6
Continuous
 62
     7
100
AcDbCircle
 10
15.07759105888002
 20
44.53831450460002
 30
0.0
 40
0.9434641608200001
100
AcDbArc
 50
70.70906078559996
 51
72.8413423175
  0
ARC
  5
BED
330
8E9
100
AcDbEntity
  8
0
  6
Continuous
 62
     7
100
AcDbCircle
 10
15.07759105888002
 20
50.03831450533998
 30
0.0
 40
0.9434641608200001
100
AcDbArc
 50
70.70906078580003
 51
72.84134231730002
  0
ARC
  5
BEE
330
8E9
100
AcDbEntity
  8
02___PRT_ALL_AXES
  6
Continuous
 62
     7
100
AcDbCircle
 10
15.24999999778001
 20
53.84999999854001
 30
0.0
 40
0.75000000114
100
AcDbArc
 50
90.0
 51
180.0
  0
ARC
  5
BEF
330
8E9
100
AcDbEntity
  8
02___PRT_ALL_AXES
  6
Continuous
 62
     7
100
AcDbCircle
 10
15.24999999778001
 20
39.6499999988
 30
0.0
 40
0.75000000114
100
AcDbArc
 50
180.0
 51
270.0
  0
ARC
  5
BF0
330
8E9
100
AcDbEntity
  8
0
  6
Continuous
 62
     7
100
AcDbCircle
 10
15.24999999778001
 20
53.84999999854001
 30
0.0
 40
0.75000000114
100
AcDbArc
 50
90.0
 51
180.0
  0
ARC
  5
BF1
330
8E9
100
AcDbEntity
  8
0
  6
Continuous
 62
     7
100
AcDbCircle
 10
15.24999999778001
 20
39.6499999988
 30
0.0
 40
0.75000000114
100
AcDbArc
 50
180.0
 51
270.0
  0
ARC
  5
BF2
330
8E9
100
AcDbEntity
  8
0
  6
Continuous
 62
     7
100
AcDbCircle
 10
15.40000000004002
 20
39.79999999852002
 30
0.0
 40
0.29999999944
100
AcDbArc
 50
180.0
 51
270.0
  0
ARC
  5
BF3
330
8E9
100
AcDbEntity
  8
0
  6
Continuous
 62
     7
100
AcDbCircle
 10
15.26241705448001
 20
45.19999999860001
 30
0.0
 40
0.29999999944
100
AcDbArc
 50
0.0
 51
37.63252570690002
  0
ARC
  5
BF4
330
8E9
100
AcDbEntity
  8
0
  6
Continuous
 62
     7
100
AcDbCircle
 10
15.26241705448001
 20
42.80000000054001
 30
0.0
 40
0.29999999944
100
AcDbArc
 50
322.3674742931
 51
0.0
  0
ARC
  5
BF5
330
8E9
100
AcDbEntity
  8
0
  6
Continuous
 62
     7
100
AcDbCircle
 10
15.26241705448001
 20
50.69999999933999
 30
0.0
 40
0.29999999944
100
AcDbArc
 50
0.0
 51
37.63252570690002
  0
ARC
  5
BF6
330
8E9
100
AcDbEntity
  8
0
  6
Continuous
 62
     7
100
AcDbCircle
 10
15.26241705448001
 20
48.29999999874001
 30
0.0
 40
0.29999999944
100
AcDbArc
 50
322.3674742931
 51
0.0
  0
ARC
  5
BF7
330
8E9
100
AcDbEntity
  8
0
  6
Continuous
 62
     7
100
AcDbCircle
 10
15.40000000004002
 20
53.69999999881999
 30
0.0
 40
0.29999999944
100
AcDbArc
 50
90.0
 51
180.0
  0
ARC
  5
BF8
330
8E9
100
AcDbEntity
  8
0
  6
Continuous
 62
     7
100
AcDbCircle
 10
15.77999999950001
 20
40.46999999964
 30
0.0
 40
0.14999999972
100
AcDbArc
 50
0.0
 51
90.0
  0
ARC
  5
BF9
330
8E9
100
AcDbEntity
  8
0
  6
Continuous
 62
     7
100
AcDbCircle
 10
15.77999999950001
 20
53.03000000023998
 30
0.0
 40
0.14999999972
100
AcDbArc
 50
270.0
 51
0.0
  0
ARC
  5
BFA
330
8E9
100
AcDbEntity
  8
0
  6
Continuous
 62
     7
100
AcDbCircle
 10
15.40000000004002
 20
39.79999999852002
 30
0.0
 40
0.04999999906
100
AcDbArc
 50
180.0
 51
270.0
  0
ARC
  5
BFB
330
8E9
100
AcDbEntity
  8
0
  6
Continuous
 62
     7
100
AcDbCircle
 10
15.40000000004002
 20
53.69999999881999
 30
0.0
 40
0.04999999906
100
AcDbArc
 50
90.0
 51
180.0
  0
ARC
  5
BFC
330
8E9
100
AcDbEntity
  8
0
  6
Continuous
 62
     7
100
AcDbCircle
 10
1.549999998800018
 20
92.80000000033998
 30
0.0
 40
0.9999999989799999
100
AcDbArc
 50
236.6327471275
 51
270.0
  0
ARC
  5
BFD
330
8E9
100
AcDbEntity
  8
0
  6
Continuous
 62
     7
100
AcDbCircle
 10
1.549999998800018
 20
115.99999999852
 30
0.0
 40
0.9999999989799999
100
AcDbArc
 50
90.0
 51
101.1296720497
  0
ARC
  5
BFE
330
8E9
100
AcDbEntity
  8
0
  6
Continuous
 62
     7
100
AcDbCircle
 10
15.99999999892
 20
3.399999999580004
 30
0.0
 40
2.84999999976
100
AcDbArc
 50
113.7203254665
 51
66.27967453810001
  0
ARC
  5
BFF
330
8E9
100
AcDbEntity
  8
0
  6
Continuous
 62
     7
100
AcDbCircle
 10
15.99999999892
 20
3.399999999580004
 30
0.0
 40
2.7499999991
100
AcDbArc
 50
108.8395913588
 51
71.16040866799997
  0
ARC
  5
C00
330
8E9
100
AcDbEntity
  8
0
  6
Continuous
 62
     7
100
AcDbCircle
 10
17.399999998
 20
19.55999999854002
 30
0.0
 40
0.4000000001
100
AcDbArc
 50
180.0
 51
188.8598170184
  0
ARC
  5
C01
330
8E9
100
AcDbEntity
  8
02___PRT_ALL_AXES
  6
Continuous
 62
     7
100
AcDbCircle
 10
24.22499999796
 20
20.14999999964
 30
0.0
 40
0.75000000114
100
AcDbArc
 50
270.0
 51
0.0
  0
ARC
  5
C02
330
8E9
100
AcDbEntity
  8
0
  6
Continuous
 62
     7
100
AcDbCircle
 10
24.22499999796
 20
20.14999999964
 30
0.0
 40
0.75000000114
100
AcDbArc
 50
270.0
 51
0.0
  0
ARC
  5
C03
330
8E9
100
AcDbEntity
  8
0
  6
Continuous
 62
     7
100
AcDbCircle
 10
22.69659999914001
 20
24.80139999070001
 30
0.0
 40
0.4445
100
AcDbArc
 50
113.8646959883
 51
183.3032800717
  0
ARC
  5
C04
330
8E9
100
AcDbEntity
  8
0
  6
Continuous
 62
     7
100
AcDbCircle
 10
22.69659999914001
 20
26.07139999069999
 30
0.0
 40
0.4445
100
AcDbArc
 50
339.8429897086
 51
39.31479153659998
  0
ARC
  5
C05
330
8E9
100
AcDbEntity
  8
0
  6
Continuous
 62
     7
100
AcDbCircle
 10
22.69659999914001
 20
26.07139999069999
 30
0.0
 40
0.4445
100
AcDbArc
 50
140.7173153072
 51
246.1397039989999
  0
ARC
  5
C06
330
8E9
100
AcDbEntity
  8
0
  6
Continuous
 62
     7
100
AcDbCircle
 10
22.39999999797999
 20
19.55999999854002
 30
0.0
 40
0.4000000001
100
AcDbArc
 50
180.0
 51
188.7373835392
  0
ARC
  5
C07
330
8E9
100
AcDbEntity
  8
0
  6
Continuous
 62
     7
100
AcDbCircle
 10
22.69659999914001
 20
24.80139999070001
 30
0.0
 40
0.2667
100
AcDbArc
 50
138.5822586446
 51
185.4960589003
  0
ARC
  5
C08
330
8E9
100
AcDbEntity
  8
0
  6
Continuous
 62
     7
100
AcDbCircle
 10
22.69659999914001
 20
26.07139999069999
 30
0.0
 40
0.2667
100
AcDbArc
 50
324.8625864864
 51
41.4177413554
  0
ARC
  5
C09
330
8E9
100
AcDbEntity
  8
0
  6
Continuous
 62
     7
100
AcDbCircle
 10
22.69659999914001
 20
26.07139999069999
 30
0.0
 40
0.2667
100
AcDbArc
 50
138.5822586446
 51
221.4177413554
  0
ARC
  5
C0A
330
8E9
100
AcDbEntity
  8
0
  6
Continuous
 62
     7
100
AcDbCircle
 10
22.69659999914001
 20
26.07139999069999
 30
0.0
 40
0.2667
100
AcDbArc
 50
48.58225864459998
 51
131.4177413554
  0
ARC
  5
C0B
330
8E9
100
AcDbEntity
  8
0
  6
Continuous
 62
     7
100
AcDbCircle
 10
22.99706815614002
 20
20.05079999991999
 30
0.0
 40
0.254
100
AcDbArc
 50
191.5369589366
 51
270.0
  0
ARC
  5
C0C
330
8E9
100
AcDbEntity
  8
0
  6
Continuous
 62
     7
100
AcDbCircle
 10
23.40860000007999
 20
25.20699999992
 30
0.0
 40
0.254
100
AcDbArc
 50
90.0
 51
180.0
  0
ARC
  5
C0D
330
8E9
100
AcDbEntity
  8
0
  6
Continuous
 62
     7
100
AcDbCircle
 10
23.71340000008001
 20
20.20319999991999
 30
0.0
 40
0.2032
100
AcDbArc
 50
270.0000006252
 51
359.999999989
  0
ARC
  5
C0E
330
8E9
100
AcDbEntity
  8
0
  6
Continuous
 62
     7
100
AcDbCircle
 10
23.05459999942002
 20
21.42700000088
 30
0.0
 40
0.10000000066
100
AcDbArc
 50
270.0
 51
0.0
  0
ARC
  5
C0F
330
8E9
100
AcDbEntity
  8
0
  6
Continuous
 62
     7
100
AcDbCircle
 10
21.00459999986001
 20
21.42700000088
 30
0.0
 40
0.10000000066
100
AcDbArc
 50
180.0
 51
270.0
  0
ARC
  5
C10
330
8E9
100
AcDbEntity
  8
0
  6
Continuous
 62
     7
100
AcDbCircle
 10
20.80459999854
 20
21.48099999956001
 30
0.0
 40
0.10000000066
100
AcDbArc
 50
0.0
 51
90.0
  0
ARC
  5
C11
330
8E9
100
AcDbEntity
  8
0
  6
Continuous
 62
     6
100
AcDbCircle
 10
20.68999999913999
 20
22.07090000085999
 30
0.0
 40
0.0508
100
AcDbArc
 50
270.0
 51
0.0
  0
ARC
  5
C12
330
8E9
100
AcDbEntity
  8
0
  6
Continuous
 62
     7
100
AcDbCircle
 10
21.79999999910001
 20
39.75999999977999
 30
0.0
 40
0.14999999972
100
AcDbArc
 50
23.57817847150001
 51
180.0
  0
ARC
  5
C13
330
8E9
100
AcDbEntity
  8
0
  6
Continuous
 62
     7
100
AcDbCircle
 10
22.02912878392002
 20
39.86000000044
 30
0.0
 40
0.10000000066
100
AcDbArc
 50
203.5781784881999
 51
270.0
  0
ARC
  5
C14
330
8E9
100
AcDbEntity
  8
0
  6
Continuous
 62
     7
100
AcDbCircle
 10
20.48947114949999
 20
34.52100000027998
 30
0.0
 40
0.10000000066
100
AcDbArc
 50
270.0
 51
0.0
  0
ARC
  5
C15
330
8E9
100
AcDbEntity
  8
0
  6
Continuous
 62
     7
100
AcDbCircle
 10
20.68947115082003
 20
34.57499999896
 30
0.0
 40
0.10000000066
100
AcDbArc
 50
90.0
 51
180.0
  0
ARC
  5
C16
330
8E9
100
AcDbEntity
  8
0
  6
Continuous
 62
     6
100
AcDbCircle
 10
20.68999999913999
 20
33.88190000086
 30
0.0
 40
0.0508
100
AcDbArc
 50
0.0
 51
90.0
  0
ARC
  5
C17
330
8E9
100
AcDbEntity
  8
0
  6
Continuous
 62
     7
100
AcDbCircle
 10
21.79999999910001
 20
53.74000000010001
 30
0.0
 40
0.14999999972
100
AcDbArc
 50
180.0
 51
336.4218215078999
  0
ARC
  5
C18
330
8E9
100
AcDbEntity
  8
0
  6
Continuous
 62
     7
100
AcDbCircle
 10
22.02912878392002
 20
53.63999999943998
 30
0.0
 40
0.10000000066
100
AcDbArc
 50
90.0
 51
156.4218215426
  0
ARC
  5
C19
330
8E9
100
AcDbEntity
  8
02___PRT_ALL_AXES
  6
Continuous
 62
     7
100
AcDbCircle
 10
24.34999999942002
 20
39.6499999988
 30
0.0
 40
0.75000000114
100
AcDbArc
 50
270.0
 51
0.0
  0
ARC
  5
C1A
330
8E9
100
AcDbEntity
  8
02___PRT_ALL_AXES
  6
Continuous
 62
     7
100
AcDbCircle
 10
24.22499999796
 20
35.84999999912002
 30
0.0
 40
0.75000000114
100
AcDbArc
 50
0.0
 51
90.0
  0
ARC
  5
C1B
330
8E9
100
AcDbEntity
  8
0
  6
Continuous
 62
     7
100
AcDbCircle
 10
24.34999999942002
 20
39.6499999988
 30
0.0
 40
0.75000000114
100
AcDbArc
 50
270.0
 51
0.0
  0
ARC
  5
C1C
330
8E9
100
AcDbEntity
  8
0
  6
Continuous
 62
     7
100
AcDbCircle
 10
24.22499999796
 20
35.84999999912002
 30
0.0
 40
0.75000000114
100
AcDbArc
 50
0.0
 51
90.0
  0
ARC
  5
C1D
330
8E9
100
AcDbEntity
  8
0
  6
Continuous
 62
     7
100
AcDbCircle
 10
22.69659999914001
 20
29.88139999069999
 30
0.0
 40
0.4445
100
AcDbArc
 50
320.7173182206
 51
20.17601520079997
  0
ARC
  5
C1E
330
8E9
100
AcDbEntity
  8
0
  6
Continuous
 62
     7
100
AcDbCircle
 10
22.69659999914001
 20
29.88139999069999
 30
0.0
 40
0.4445
100
AcDbArc
 50
113.8646959883
 51
219.3147886395
  0
ARC
  5
C1F
330
8E9
100
AcDbEntity
  8
0
  6
Continuous
 62
     7
100
AcDbCircle
 10
22.69659999914001
 20
31.1513999907
 30
0.0
 40
0.4445
100
AcDbArc
 50
176.7001863696
 51
246.1397039988999
  0
ARC
  5
C20
330
8E9
100
AcDbEntity
  8
0
  6
Continuous
 62
     7
100
AcDbCircle
 10
22.57999999865999
 20
39.59999999974001
 30
0.0
 40
0.35000000104
100
AcDbArc
 50
270.0
 51
283.4194952775999
  0
ARC
  5
C21
330
8E9
100
AcDbEntity
  8
0
  6
Continuous
 62
     7
100
AcDbCircle
 10
24.19999999970003
 20
39.56000000100001
 30
0.0
 40
0.29999999944
100
AcDbArc
 50
270.0
 51
348.2874310203999
  0
ARC
  5
C22
330
8E9
100
AcDbEntity
  8
0
  6
Continuous
 62
     7
100
AcDbCircle
 10
22.69659999914001
 20
29.88139999069999
 30
0.0
 40
0.2667
100
AcDbArc
 50
138.5822586446
 51
221.4177413554
  0
ARC
  5
C23
330
8E9
100
AcDbEntity
  8
0
  6
Continuous
 62
     7
100
AcDbCircle
 10
22.69659999914001
 20
29.88139999069999
 30
0.0
 40
0.2667
100
AcDbArc
 50
318.5822586446
 51
35.1373596195
  0
ARC
  5
C24
330
8E9
100
AcDbEntity
  8
0
  6
Continuous
 62
     7
100
AcDbCircle
 10
22.69659999914001
 20
29.88139999069999
 30
0.0
 40
0.2667
100
AcDbArc
 50
228.5822586446
 51
311.4177413553999
  0
ARC
  5
C25
330
8E9
100
AcDbEntity
  8
0
  6
Continuous
 62
     7
100
AcDbCircle
 10
22.69659999914001
 20
31.1513999907
 30
0.0
 40
0.2667
100
AcDbArc
 50
174.5038573119
 51
221.4177413554
  0
ARC
  5
C26
330
8E9
100
AcDbEntity
  8
0
  6
Continuous
 62
     7
100
AcDbCircle
 10
22.99706815614002
 20
35.95119999992001
 30
0.0
 40
0.254
100
AcDbArc
 50
90.0
 51
168.4630410221
  0
ARC
  5
C27
330
8E9
100
AcDbEntity
  8
0
  6
Continuous
 62
     7
100
AcDbCircle
 10
23.40860000007999
 20
30.79499999991999
 30
0.0
 40
0.254
100
AcDbArc
 50
180.0
 51
270.0
  0
ARC
  5
C28
330
8E9
100
AcDbEntity
  8
0
  6
Continuous
 62
     7
100
AcDbCircle
 10
23.71340000008001
 20
35.79879999991998
 30
0.0
 40
0.2032
100
AcDbArc
 50
0.0000000109999865
 51
89.99999937480005
  0
ARC
  5
C29
330
8E9
100
AcDbEntity
  8
0
  6
Continuous
 62
     7
100
AcDbCircle
 10
22.89999999874001
 20
39.75999999977999
 30
0.0
 40
0.14999999972
100
AcDbArc
 50
0.0
 51
156.4218215151
  0
ARC
  5
C2A
330
8E9
100
AcDbEntity
  8
0
  6
Continuous
 62
     7
100
AcDbCircle
 10
22.67087121392001
 20
39.86000000044
 30
0.0
 40
0.10000000066
100
AcDbArc
 50
270.0
 51
336.4218215317999
  0
ARC
  5
C2B
330
8E9
100
AcDbEntity
  8
0
  6
Continuous
 62
     7
100
AcDbCircle
 10
23.05459999942002
 20
34.57499999896
 30
0.0
 40
0.10000000066
100
AcDbArc
 50
0.0
 51
90.0
  0
ARC
  5
C2C
330
8E9
100
AcDbEntity
  8
02___PRT_ALL_AXES
  6
Continuous
 62
     7
100
AcDbCircle
 10
24.34999999942002
 20
53.84999999854001
 30
0.0
 40
0.75000000114
100
AcDbArc
 50
0.0
 51
90.0
  0
ARC
  5
C2D
330
8E9
100
AcDbEntity
  8
0
  6
Continuous
 62
     7
100
AcDbCircle
 10
24.34999999942002
 20
53.84999999854001
 30
0.0
 40
0.75000000114
100
AcDbArc
 50
0.0
 51
90.0
  0
ARC
  5
C2E
330
8E9
100
AcDbEntity
  8
0
  6
Continuous
 62
     7
100
AcDbCircle
 10
22.57999999865999
 20
53.90000000014
 30
0.0
 40
0.35000000104
100
AcDbArc
 50
76.58050472230002
 51
90.0
  0
ARC
  5
C2F
330
8E9
100
AcDbEntity
  8
0
  6
Continuous
 62
     7
100
AcDbCircle
 10
24.19999999970003
 20
53.93999999888
 30
0.0
 40
0.29999999944
100
AcDbArc
 50
11.71256897960003
 51
90.0
  0
ARC
  5
C30
330
8E9
100
AcDbEntity
  8
0
  6
Continuous
 62
     7
100
AcDbCircle
 10
24.22082882520002
 20
48.82245227108
 30
0.0
 40
0.22790968134
100
AcDbArc
 50
82.64727262590003
 51
86.77046616270002
  0
ARC
  5
C31
330
8E9
100
AcDbEntity
  8
0
  6
Continuous
 62
     7
100
AcDbCircle
 10
24.09999999904002
 20
42.59999999922
 30
0.0
 40
0.14999999972
100
AcDbArc
 50
0.0
 51
90.0
  0
ARC
  5
C32
330
8E9
100
AcDbEntity
  8
0
  6
Continuous
 62
     7
100
AcDbCircle
 10
23.64999999988001
 20
42.89999999866002
 30
0.0
 40
0.14999999972
100
AcDbArc
 50
180.0
 51
270.0
  0
ARC
  5
C33
330
8E9
100
AcDbEntity
  8
0
  6
Continuous
 62
     7
100
AcDbCircle
 10
23.64999999988001
 20
45.5999999987
 30
0.0
 40
0.14999999972
100
AcDbArc
 50
127.6185066371
 51
180.0
  0
ARC
  5
C34
330
8E9
100
AcDbEntity
  8
0
  6
Continuous
 62
     7
100
AcDbCircle
 10
23.64999999988001
 20
47.89999999863998
 30
0.0
 40
0.14999999972
100
AcDbArc
 50
180.0
 51
232.3814933629
  0
ARC
  5
C35
330
8E9
100
AcDbEntity
  8
0
  6
Continuous
 62
     7
100
AcDbCircle
 10
23.64999999988001
 20
50.59999999868002
 30
0.0
 40
0.14999999972
100
AcDbArc
 50
90.0
 51
180.0
  0
ARC
  5
C36
330
8E9
100
AcDbEntity
  8
0
  6
Continuous
 62
     7
100
AcDbCircle
 10
24.09999999904002
 20
50.90000000066
 30
0.0
 40
0.14999999972
100
AcDbArc
 50
270.0
 51
0.0
  0
ARC
  5
C37
330
8E9
100
AcDbEntity
  8
0
  6
Continuous
 62
     7
100
AcDbCircle
 10
22.89999999874001
 20
53.74000000010001
 30
0.0
 40
0.14999999972
100
AcDbArc
 50
203.5781784675
 51
0.0
  0
ARC
  5
C38
330
8E9
100
AcDbEntity
  8
0
  6
Continuous
 62
     7
100
AcDbCircle
 10
22.67087121392001
 20
53.63999999943998
 30
0.0
 40
0.10000000066
100
AcDbArc
 50
23.57817849420001
 51
90.0
  0
ARC
  5
C39
330
8E9
100
AcDbEntity
  8
0
  6
Continuous
 62
     7
100
AcDbCircle
 10
15.99999999892
 20
126.5999999999
 30
0.0
 40
2.84999999976
100
AcDbArc
 50
293.7203254653999
 51
246.2796745504
  0
ARC
  5
C3A
330
8E9
100
AcDbEntity
  8
0
  6
Continuous
 62
     7
100
AcDbCircle
 10
15.99999999892
 20
126.5999999999
 30
0.0
 40
2.7499999991
100
AcDbArc
 50
288.8395913588
 51
251.160408668
  0
ARC
  5
C3B
330
8E9
100
AcDbEntity
  8
0
  6
Continuous
 62
     7
100
AcDbCircle
 10
30.44999999903999
 20
115.99999999852
 30
0.0
 40
0.9999999989799999
100
AcDbArc
 50
78.87032795030001
 51
90.0
  0
ARC
  5
C3C
330
8E9
100
AcDbEntity
  8
0
  6
Continuous
 62
     7
100
AcDbCircle
 10
30.44999999903999
 20
92.80000000033998
 30
0.0
 40
0.9999999989799999
100
AcDbArc
 50
270.0
 51
303.3672528725
  0
SPLINE
  5
C3D
330
8E9
100
AcDbEntity
  8
0
  6
Continuous
 62
     7
100
AcDbSpline
210
0.0
220
0.0
230
1.0
 70
     8
 71
     3
 72
     9
 73
     5
 74
     0
 42
0.0000001
 43
0.0000000001
 40
0.0
 40
0.0
 40
0.0
 40
0.0
 40
0.5125105433
 40
1.0
 40
1.0
 40
1.0
 40
1.0
 10
15.39994277638002
 20
42.53220060218
 30
0.0
 10
15.39208947738001
 20
42.53219269262
 30
0.0
 10
15.37626729160002
 20
42.53675592708002
 30
0.0
 10
15.36612504620004
 20
42.54914826195999
 30
0.0
 10
15.3624445227
 20
42.5556485055
 30
0.0
  0
LINE
  5
C3E
330
8E9
100
AcDbEntity
  8
0
  6
Continuous
 62
     7
100
AcDbLine
 10
15.38927872354
 20
45.42880617802003
 30
0.0
 11
15.49999999816001
 21
45.38317844860002
 31
0.0
  0
SPLINE
  5
C3F
330
8E9
100
AcDbEntity
  8
0
  6
Continuous
 62
     7
100
AcDbSpline
210
0.0
220
0.0
230
1.0
 70
     8
 71
     3
 72
     9
 73
     5
 74
     0
 42
0.0000001
 43
0.0000000001
 40
0.0
 40
0.0
 40
0.0
 40
0.0
 40
0.5125105433
 40
1.0
 40
1.0
 40
1.0
 40
1.0
 10
15.39994277638002
 20
48.03220060291999
 30
0.0
 10
15.39208947738001
 20
48.03219269082
 30
0.0
 10
15.37626729160002
 20
48.03675592781998
 30
0.0
 10
15.36612504620004
 20
48.0491482627
 30
0.0
 10
15.3624445227
 20
48.05564850624002
 30
0.0
  0
LINE
  5
C40
330
8E9
100
AcDbEntity
  8
0
  6
Continuous
 62
     7
100
AcDbLine
 10
15.38927872354
 20
50.92880617876001
 30
0.0
 11
15.49999999816001
 21
50.88317844933998
 31
0.0
  0
SPLINE
  5
C41
330
8E9
100
AcDbEntity
  8
0
  6
Continuous
 62
     7
100
AcDbSpline
210
0.0
220
0.0
230
1.0
 70
     8
 71
     3
 72
    11
 73
     7
 74
     0
 42
0.0000001
 43
0.0000000001
 40
0.0
 40
0.0
 40
0.0
 40
0.0
 40
0.2189584626
 40
0.4572265063
 40
0.7204374506
 40
1.0
 40
1.0
 40
1.0
 40
1.0
 10
17.82999999905999
 20
49.19459003327999
 30
0.0
 10
17.82999999905999
 20
49.17942931175999
 30
0.0
 10
17.82124911994001
 20
49.14736339164001
 30
0.0
 10
17.78656776182001
 20
49.10953445281997
 30
0.0
 10
17.73720743890001
 20
49.08512532714001
 30
0.0
 10
17.6993569558
 20
49.07955614091999
 30
0.0
 10
17.67999999934003
 20
49.07955614091999
 30
0.0
  0
SPLINE
  5
C42
330
8E9
100
AcDbEntity
  8
0
  6
Continuous
 62
     7
100
AcDbSpline
210
0.0
220
0.0
230
1.0
 70
     8
 71
     3
 72
     9
 73
     5
 74
     0
 42
0.0000001
 43
0.0000000001
 40
0.0
 40
0.0
 40
0.0
 40
0.0
 40
0.5278404385000001
 40
1.0
 40
1.0
 40
1.0
 40
1.0
 10
17.02270509600001
 20
49.07955614091999
 30
0.0
 10
16.99580145918003
 20
49.07955614091999
 30
0.0
 10
16.94416984794
 20
49.08974214543998
 30
0.0
 10
16.90168457604
 20
49.12298591689996
 30
0.0
 10
16.88854101838001
 20
49.14314531269999
 30
0.0
  0
SPLINE
  5
C43
330
8E9
100
AcDbEntity
  8
0
  6
Continuous
 62
     7
100
AcDbSpline
210
0.0
220
0.0
230
1.0
 70
     8
 71
     3
 72
     9
 73
     5
 74
     0
 42
0.0000001
 43
0.0000000001
 40
0.0
 40
0.0
 40
0.0
 40
0.0
 40
0.2586737113
 40
1.0
 40
1.0
 40
1.0
 40
1.0
 10
15.94583592132003
 20
50.58905247422
 30
0.0
 10
15.94328121726002
 20
50.59297083823999
 30
0.0
 10
15.93438075500001
 20
50.60872489867999
 30
0.0
 10
15.92999999922
 20
50.62709173520001
 30
0.0
 10
15.92999999922
 20
50.64049719479998
 30
0.0
  0
SPLINE
  5
C44
330
8E9
100
AcDbEntity
  8
0
  6
Continuous
 62
     7
100
AcDbSpline
210
0.0
220
0.0
230
1.0
 70
     8
 71
     3
 72
     9
 73
     5
 74
     0
 42
0.0000001
 43
0.0000000001
 40
0.0
 40
0.0
 40
0.0
 40
0.0
 40
0.5196818057
 40
1.0
 40
1.0
 40
1.0
 40
1.0
 10
15.35622061084001
 20
50.9386263674
 30
0.0
 10
15.35858493428003
 20
50.94623408395999
 30
0.0
 10
15.36488452798002
 20
50.96126586745997
 30
0.0
 10
15.38088464838
 20
50.96779110967999
 30
0.0
 10
15.38824784676004
 20
50.96779939770001
 30
0.0
  0
SPLINE
  5
C45
330
8E9
100
AcDbEntity
  8
0
  6
Continuous
 62
     7
100
AcDbSpline
210
0.0
220
0.0
230
1.0
 70
     8
 71
     3
 72
    11
 73
     7
 74
     0
 42
0.0000001
 43
0.0000000001
 40
0.0
 40
0.0
 40
0.0
 40
0.0
 40
0.2795625494
 40
0.5427734936999999
 40
0.7810415373999999
 40
1.0
 40
1.0
 40
1.0
 40
1.0
 10
17.67999999934003
 20
44.42044385895998
 30
0.0
 10
17.6993569558
 20
44.42044385895998
 30
0.0
 10
17.73720743890001
 20
44.41487467274
 30
0.0
 10
17.78656776182001
 20
44.39046554706
 30
0.0
 10
17.82124911994001
 20
44.35263660823999
 30
0.0
 10
17.82999999905999
 20
44.32057068557999
 30
0.0
 10
17.82999999905999
 20
44.30540996660001
 30
0.0
  0
SPLINE
  5
C46
330
8E9
100
AcDbEntity
  8
0
  6
Continuous
 62
     7
100
AcDbSpline
210
0.0
220
0.0
230
1.0
 70
     8
 71
     3
 72
     9
 73
     5
 74
     0
 42
0.0000001
 43
0.0000000001
 40
0.0
 40
0.0
 40
0.0
 40
0.0
 40
0.4721586513
 40
1.0
 40
1.0
 40
1.0
 40
1.0
 10
16.88854101838001
 20
44.35685468717999
 30
0.0
 10
16.90168455064
 20
44.37701404488
 30
0.0
 10
16.94416979460001
 20
44.41025783412
 30
0.0
 10
16.99580141092002
 20
44.42044385895998
 30
0.0
 10
17.02270509600001
 20
44.42044385895998
 30
0.0
  0
SPLINE
  5
C47
330
8E9
100
AcDbEntity
  8
0
  6
Continuous
 62
     7
100
AcDbSpline
210
0.0
220
0.0
230
1.0
 70
     8
 71
     3
 72
     9
 73
     5
 74
     0
 42
0.0000001
 43
0.0000000001
 40
0.0
 40
0.0
 40
0.0
 40
0.0
 40
0.2540010416
 40
1.0
 40
1.0
 40
1.0
 40
1.0
 10
15.49999999816001
 20
42.61682155054002
 30
0.0
 10
15.48910626836002
 20
42.60999392385999
 30
0.0
 10
15.44533067138002
 20
42.58456197573999
 30
0.0
 10
15.39833170518003
 20
42.56462711339999
 30
0.0
 10
15.36225580070004
 20
42.55347784435999
 30
0.0
  0
SPLINE
  5
C48
330
8E9
100
AcDbEntity
  8
0
  6
Continuous
 62
     7
100
AcDbSpline
210
0.0
220
0.0
230
1.0
 70
     8
 71
     3
 72
     9
 73
     5
 74
     0
 42
0.0000001
 43
0.0000000001
 40
0.0
 40
0.0
 40
0.0
 40
0.0
 40
0.2540010416
 40
1.0
 40
1.0
 40
1.0
 40
1.0
 10
15.49999999816001
 20
48.11682154873999
 30
0.0
 10
15.48910626836002
 20
48.1099939246
 30
0.0
 10
15.44533067138002
 20
48.08456197648
 30
0.0
 10
15.39833170518003
 20
48.06462711160002
 30
0.0
 10
15.36225580070004
 20
48.05347784510001
 30
0.0
  0
SPLINE
  5
C49
330
8E9
100
AcDbEntity
  8
0
  6
Continuous
 62
     7
100
AcDbSpline
210
0.0
220
0.0
230
1.0
 70
     8
 71
     3
 72
     9
 73
     5
 74
     0
 42
0.0000001
 43
0.0000000001
 40
0.0
 40
0.0
 40
0.0
 40
0.0
 40
0.5196818057
 40
1.0
 40
1.0
 40
1.0
 40
1.0
 10
15.35622061084001
 20
45.43862636920001
 30
0.0
 10
15.35858493428003
 20
45.44623408322001
 30
0.0
 10
15.36488452798002
 20
45.46126586926
 30
0.0
 10
15.38088464838
 20
45.46779111147997
 30
0.0
 10
15.38824784676004
 20
45.46779939695999
 30
0.0
  0
SPLINE
  5
C4A
330
8E9
100
AcDbEntity
  8
0
  6
Continuous
 62
     7
100
AcDbSpline
210
0.0
220
0.0
230
1.0
 70
     8
 71
     3
 72
    13
 73
     9
 74
     0
 42
0.0000001
 43
0.0000000001
 40
0.0
 40
0.0
 40
0.0
 40
0.0
 40
0.1391666756
 40
0.276358418
 40
0.5448592481
 40
0.7898864133
 40
0.9015709208
 40
1.0
 40
1.0
 40
1.0
 40
1.0
 10
24.44570312272003
 20
44.74999999943996
 30
0.0
 10
24.44518684486002
 20
44.73209998698
 30
0.0
 10
24.44374102606
 20
44.69645829804001
 30
0.0
 10
24.42919121518003
 20
44.62763974124
 30
0.0
 10
24.39592563528001
 20
44.54951351699999
 30
0.0
 10
24.34065783115997
 20
44.48822455143998
 30
0.0
 10
24.28911544249999
 20
44.45911502622
 30
0.0
 10
24.26242979102
 20
44.45294261031999
 30
0.0
 10
24.24985429928003
 20
44.45143538447998
 30
0.0
  0
LINE
  5
C4B
330
8E9
100
AcDbEntity
  8
0
  6
Continuous
 62
     7
100
AcDbLine
 10
24.24985429928003
 20
44.45143538447998
 30
0.0
 11
24.23366838042
 21
44.45
 31
0.0
  0
LINE
  5
C4C
330
8E9
100
AcDbEntity
  8
0
  6
Continuous
 62
     7
100
AcDbLine
 10
24.24999610494001
 20
49.04848787184001
 30
0.0
 11
24.27664315858001
 21
49.04300591937998
 31
0.0
  0
SPLINE
  5
C4D
330
8E9
100
AcDbEntity
  8
0
  6
Continuous
 62
     7
100
AcDbSpline
210
0.0
220
0.0
230
1.0
 70
     8
 71
     3
 72
    11
 73
     7
 74
     0
 42
0.0000001
 43
0.0000000001
 40
0.0
 40
0.0
 40
0.0
 40
0.0
 40
0.4574369064
 40
0.7265754751000001
 40
0.8633319026
 40
1.0
 40
1.0
 40
1.0
 40
1.0
 10
24.27664315858001
 20
49.04300591937998
 30
0.0
 10
24.32868730391999
 20
49.02774101214
 30
0.0
 10
24.39575803846
 20
48.95746615141998
 30
0.0
 10
24.43192116908
 20
48.86216825210001
 30
0.0
 10
24.44408518082003
 20
48.79864878045997
 30
0.0
 10
24.44520828245999
 20
48.76619667620001
 30
0.0
 10
24.44570312272003
 20
48.75000000043998
 30
0.0
  0
SPLINE
  5
C4E
330
8E9
100
AcDbEntity
  8
0
  6
Continuous
 62
     7
100
AcDbSpline
210
0.0
220
0.0
230
1.0
 70
     8
 71
     3
 72
     9
 73
     5
 74
     0
 42
0.0000001
 43
0.0000000001
 40
0.0
 40
0.0
 40
0.0
 40
0.0
 40
0.5330865826
 40
1.0
 40
1.0
 40
1.0
 40
1.0
 10
15.49999999816001
 20
48.11682154873999
 30
0.0
 10
15.48774075674001
 20
48.09633232885999
 30
0.0
 10
15.46228621278001
 20
48.06044933992
 30
0.0
 10
15.42085560730001
 20
48.03222166968
 30
0.0
 10
15.39994277638002
 20
48.03220060291999
 30
0.0
  0
LINE
  5
C4F
330
8E9
100
AcDbEntity
  8
0
  6
Continuous
 62
     7
100
AcDbLine
 10
24.13990602794001
 20
49.04300592954
 30
0.0
 11
24.08650051118002
 21
49.04999999988
 31
0.0
  0
SPLINE
  5
C50
330
8E9
100
AcDbEntity
  8
0
  6
Continuous
 62
     7
100
AcDbSpline
210
0.0
220
0.0
230
1.0
 70
     8
 71
     3
 72
    13
 73
     9
 74
     0
 42
0.0000001
 43
0.0000000001
 40
0.0
 40
0.0
 40
0.0
 40
0.0
 40
0.1202981532
 40
0.2377996475
 40
0.4884151197
 40
0.7449126891
 40
0.8724376141
 40
1.0
 40
1.0
 40
1.0
 40
1.0
 10
24.08650051118002
 20
44.45
 30
0.0
 10
24.10410827378001
 20
44.45086377017999
 30
0.0
 10
24.13914105105999
 20
44.45403332188
 30
0.0
 10
24.20655038283999
 20
44.48000978504
 30
0.0
 10
24.28018839405999
 20
44.53854409774
 30
0.0
 10
24.32721814760001
 20
44.62113680276001
 30
0.0
 10
24.34729084812
 20
44.69380118879998
 30
0.0
 10
24.34933039699999
 20
44.73131853312002
 30
0.0
 10
24.34999999942002
 20
44.74999999943996
 30
0.0
  0
SPLINE
  5
C51
330
8E9
100
AcDbEntity
  8
0
  6
Continuous
 62
     7
100
AcDbSpline
210
0.0
220
0.0
230
1.0
 70
     8
 71
     3
 72
    12
 73
     8
 74
     0
 42
0.0000001
 43
0.0000000001
 40
0.0
 40
0.0
 40
0.0
 40
0.0
 40
0.4852223333
 40
0.6133397611
 40
0.7449439964
 40
0.8730212029000001
 40
1.0
 40
1.0
 40
1.0
 40
1.0
 10
24.13990602794001
 20
49.04300592954
 30
0.0
 10
24.20022833046002
 20
49.02876864279999
 30
0.0
 10
24.26962003064
 20
48.97508867395997
 30
0.0
 10
24.31793181870003
 20
48.89336485975998
 30
0.0
 10
24.33649569063999
 20
48.84716858181999
 30
0.0
 10
24.34794347826002
 20
48.79886582600001
 30
0.0
 10
24.34938462599999
 20
48.76620790808001
 30
0.0
 10
24.34999999942002
 20
48.75000000043998
 30
0.0
  0
LINE
  5
C52
330
8E9
100
AcDbEntity
  8
0
  6
Continuous
 62
     7
100
AcDbLine
 10
17.67999999934003
 20
49.24000000087999
 30
0.0
 11
17.73784609649999
 21
49.24889965033999
 31
0.0
  0
SPLINE
  5
C53
330
8E9
100
AcDbEntity
  8
0
  6
Continuous
 62
     7
100
AcDbSpline
210
0.0
220
0.0
230
1.0
 70
     8
 71
     3
 72
     9
 73
     5
 74
     0
 42
0.0000001
 43
0.0000000001
 40
0.0
 40
0.0
 40
0.0
 40
0.0
 40
0.5362278344
 40
1.0
 40
1.0
 40
1.0
 40
1.0
 10
17.73784609649999
 20
49.24889965033999
 30
0.0
 10
17.76300970124004
 20
49.25695333756001
 30
0.0
 10
17.80837597576001
 20
49.28245045445998
 30
0.0
 10
17.82999999905999
 20
49.33218293056002
 30
0.0
 10
17.82999999905999
 20
49.35503389324002
 30
0.0
  0
SPLINE
  5
C54
330
8E9
100
AcDbEntity
  8
0
  6
Continuous
 62
     7
100
AcDbSpline
210
0.0
220
0.0
230
1.0
 70
     8
 71
     3
 72
     9
 73
     5
 74
     0
 42
0.0000001
 43
0.0000000001
 40
0.0
 40
0.0
 40
0.0
 40
0.0
 40
0.7413262887000001
 40
1.0
 40
1.0
 40
1.0
 40
1.0
 10
15.92999999922
 20
50.80094105475997
 30
0.0
 10
15.92999999922
 20
50.78753559516001
 30
0.0
 10
15.93438075500001
 20
50.76916875863999
 30
0.0
 10
15.94328121726002
 20
50.75341469819999
 30
0.0
 10
15.94583592132003
 20
50.74949633417999
 30
0.0
  0
SPLINE
  5
C55
330
8E9
100
AcDbEntity
  8
0
  6
Continuous
 62
     7
100
AcDbSpline
210
0.0
220
0.0
230
1.0
 70
     8
 71
     3
 72
     9
 73
     5
 74
     0
 42
0.0000001
 43
0.0000000001
 40
0.0
 40
0.0
 40
0.0
 40
0.0
 40
0.4721586513
 40
1.0
 40
1.0
 40
1.0
 40
1.0
 10
16.88854101838001
 20
49.30358917266001
 30
0.0
 10
16.90168455064
 20
49.28342981495997
 30
0.0
 10
16.94416979460001
 20
49.25018602572
 30
0.0
 10
16.99580141092002
 20
49.24000000087999
 30
0.0
 10
17.02270509600001
 20
49.24000000087999
 30
0.0
  0
SPLINE
  5
C56
330
8E9
100
AcDbEntity
  8
0
  6
Continuous
 62
     7
100
AcDbSpline
210
0.0
220
0.0
230
1.0
 70
     8
 71
     3
 72
     9
 73
     5
 74
     0
 42
0.0000001
 43
0.0000000001
 40
0.0
 40
0.0
 40
0.0
 40
0.0
 40
0.5330865826
 40
1.0
 40
1.0
 40
1.0
 40
1.0
 10
15.49999999816001
 20
42.61682155054002
 30
0.0
 10
15.48774075674001
 20
42.59633233065999
 30
0.0
 10
15.46228621278001
 20
42.56044933918001
 30
0.0
 10
15.42085560730001
 20
42.53222166893998
 30
0.0
 10
15.39994277638002
 20
42.53220060218
 30
0.0
  0
SPLINE
  5
C57
330
8E9
100
AcDbEntity
  8
0
  6
Continuous
 62
     7
100
AcDbSpline
210
0.0
220
0.0
230
1.0
 70
     8
 71
     3
 72
    10
 73
     6
 74
     0
 42
0.0000001
 43
0.0000000001
 40
0.0
 40
0.0
 40
0.0
 40
0.0
 40
0.2088051932
 40
0.4597878814
 40
1.0
 40
1.0
 40
1.0
 40
1.0
 10
15.38824784676004
 20
45.46779939695999
 30
0.0
 10
15.39821407524002
 20
45.46781061360001
 30
0.0
 10
15.41968461904
 20
45.45963095000003
 30
0.0
 10
15.45831370357999
 20
45.43176567426001
 30
0.0
 10
15.48396825730001
 20
45.40337274908002
 30
0.0
 10
15.49999999816001
 20
45.38317844860002
 30
0.0
  0
SPLINE
  5
C58
330
8E9
100
AcDbEntity
  8
0
  6
Continuous
 62
     7
100
AcDbSpline
210
0.0
220
0.0
230
1.0
 70
     8
 71
     3
 72
     9
 73
     5
 74
     0
 42
0.0000001
 43
0.0000000001
 40
0.0
 40
0.0
 40
0.0
 40
0.0
 40
0.4637721656
 40
1.0
 40
1.0
 40
1.0
 40
1.0
 10
17.82999999905999
 20
44.14496610663998
 30
0.0
 10
17.82999999905999
 20
44.16781706931998
 30
0.0
 10
17.80837597576001
 20
44.21754954542
 30
0.0
 10
17.76300970124004
 20
44.24304666231997
 30
0.0
 10
17.73784609649999
 20
44.25110034954001
 30
0.0
  0
LINE
  5
C59
330
8E9
100
AcDbEntity
  8
0
  6
Continuous
 62
     7
100
AcDbLine
 10
17.73784609649999
 20
44.25110034954001
 30
0.0
 11
17.67999999934003
 21
44.25999999900002
 31
0.0
  0
SPLINE
  5
C5A
330
8E9
100
AcDbEntity
  8
0
  6
Continuous
 62
     7
100
AcDbSpline
210
0.0
220
0.0
230
1.0
 70
     8
 71
     3
 72
     9
 73
     5
 74
     0
 42
0.0000001
 43
0.0000000001
 40
0.0
 40
0.0
 40
0.0
 40
0.0
 40
0.5278404385000001
 40
1.0
 40
1.0
 40
1.0
 40
1.0
 10
17.02270509600001
 20
44.25999999900002
 30
0.0
 10
16.99580145918003
 20
44.25999999900002
 30
0.0
 10
16.94416984794
 20
44.24981399447999
 30
0.0
 10
16.90168457604
 20
44.21657022302001
 30
0.0
 10
16.88854101838001
 20
44.19641082721999
 30
0.0
  0
SPLINE
  5
C5B
330
8E9
100
AcDbEntity
  8
0
  6
Continuous
 62
     7
100
AcDbSpline
210
0.0
220
0.0
230
1.0
 70
     8
 71
     3
 72
    10
 73
     6
 74
     0
 42
0.0000001
 43
0.0000000001
 40
0.0
 40
0.0
 40
0.0
 40
0.0
 40
0.2088051932
 40
0.4597878814
 40
1.0
 40
1.0
 40
1.0
 40
1.0
 10
15.38824784676004
 20
50.96779939770001
 30
0.0
 10
15.39821407524002
 20
50.96781061179998
 30
0.0
 10
15.41968461904
 20
50.95963095073999
 30
0.0
 10
15.45831370357999
 20
50.93176567500002
 30
0.0
 10
15.48396825730001
 20
50.90337274981998
 30
0.0
 10
15.49999999816001
 20
50.88317844933998
 30
0.0
  0
LINE
  5
C5C
330
8E9
100
AcDbEntity
  8
0
  6
Continuous
 62
     7
100
AcDbLine
 10
24.41209265146003
 20
20.88900081272
 30
0.0
 11
24.39291623566001
 21
20.88215747613999
 31
0.0
  0
LINE
  5
C5D
330
8E9
100
AcDbEntity
  8
0
  6
Continuous
 62
     7
100
AcDbLine
 10
24.41209265146003
 20
34.09700081272
 30
0.0
 11
24.39291623566001
 21
34.09015747614002
 31
0.0
  0
SPLINE
  5
C5E
330
8E9
100
AcDbEntity
  8
0
  6
Continuous
 62
     7
100
AcDbSpline
210
0.0
220
0.0
230
1.0
 70
     8
 71
     3
 72
    11
 73
     7
 74
     0
 42
0.0000001
 43
0.0000000001
 40
0.0
 40
0.0
 40
0.0
 40
0.0
 40
0.2998482521
 40
0.5659224238
 40
0.7957216522
 40
1.0
 40
1.0
 40
1.0
 40
1.0
 10
10.911799995
 20
32.54980762314001
 30
0.0
 10
10.911799995
 20
32.51460354064001
 30
0.0
 10
10.8975829165
 20
32.44761040563999
 30
0.0
 10
10.84732258776
 20
32.36700823004001
 30
0.0
 10
10.78192899236001
 20
32.31429960292
 30
0.0
 10
10.73174139652002
 20
32.29929992756003
 30
0.0
 10
10.70789118768002
 20
32.29677418711999
 30
0.0
  0
SPLINE
  5
C5F
330
8E9
100
AcDbEntity
  8
0
  6
Continuous
 62
     7
100
AcDbSpline
210
0.0
220
0.0
230
1.0
 70
     8
 71
     3
 72
    11
 73
     7
 74
     0
 42
0.0000001
 43
0.0000000001
 40
0.0
 40
0.0
 40
0.0
 40
0.0
 40
0.20432251
 40
0.4340870196
 40
0.7001094084999999
 40
1.0
 40
1.0
 40
1.0
 40
1.0
 10
10.70789118768002
 20
30.05522581272
 30
0.0
 10
10.73174664161999
 20
30.05269951856
 30
0.0
 10
10.78189764368003
 20
30.03758333339998
 30
0.0
 10
10.84734102562001
 20
29.98499626306001
 30
0.0
 10
10.89769210094002
 20
29.90441601019999
 30
0.0
 10
10.911799995
 20
29.83740156460003
 30
0.0
 10
10.911799995
 20
29.80219237670001
 30
0.0
  0
SPLINE
  5
C60
330
8E9
100
AcDbEntity
  8
0
  6
Continuous
 62
     7
100
AcDbSpline
210
0.0
220
0.0
230
1.0
 70
     8
 71
     3
 72
    11
 73
     7
 74
     0
 42
0.0000001
 43
0.0000000001
 40
0.0
 40
0.0
 40
0.0
 40
0.0
 40
0.2998482522
 40
0.5659224238
 40
0.7957216520999999
 40
1.0
 40
1.0
 40
1.0
 40
1.0
 10
10.911799995
 20
26.19980762313999
 30
0.0
 10
10.911799995
 20
26.1646035381
 30
0.0
 10
10.89758291396001
 20
26.09761040564
 30
0.0
 10
10.84732258776
 20
26.01700823004002
 30
0.0
 10
10.78192899236001
 20
25.96429960292001
 30
0.0
 10
10.73174139652002
 20
25.94929992756001
 30
0.0
 10
10.70789118768002
 20
25.94677418712
 30
0.0
  0
SPLINE
  5
C61
330
8E9
100
AcDbEntity
  8
0
  6
Continuous
 62
     7
100
AcDbSpline
210
0.0
220
0.0
230
1.0
 70
     8
 71
     3
 72
    11
 73
     7
 74
     0
 42
0.0000001
 43
0.0000000001
 40
0.0
 40
0.0
 40
0.0
 40
0.0
 40
0.2043225099
 40
0.4340870195
 40
0.7001094084999999
 40
1.0
 40
1.0
 40
1.0
 40
1.0
 10
10.70789118768002
 20
23.70522581272
 30
0.0
 10
10.73174664161999
 20
23.70269951856001
 30
0.0
 10
10.78189764368003
 20
23.68758333339999
 30
0.0
 10
10.84734102562001
 20
23.63499626305999
 30
0.0
 10
10.89769210348001
 20
23.5544160102
 30
0.0
 10
10.911799995
 20
23.48740156460001
 30
0.0
 10
10.911799995
 20
23.45219237670001
 30
0.0
  0
LINE
  5
C62
330
8E9
100
AcDbEntity
  8
0
  6
Continuous
 62
     7
100
AcDbLine
 10
11.22358155584001
 20
35.79909119568002
 30
0.0
 11
11.22175996690001
 21
35.77339999991999
 31
0.0
  0
LINE
  5
C63
330
8E9
100
AcDbEntity
  8
0
  6
Continuous
 62
     7
100
AcDbLine
 10
11.22175996690001
 20
20.22859999991998
 30
0.0
 11
11.22358147963999
 21
20.20290990652002
 31
0.0
  0
SPLINE
  5
C64
330
8E9
100
AcDbEntity
  8
0
  6
Continuous
 62
     7
100
AcDbSpline
210
0.0
220
0.0
230
1.0
 70
     8
 71
     3
 72
    11
 73
     7
 74
     0
 42
0.0000001
 43
0.0000000001
 40
0.0
 40
0.0
 40
0.0
 40
0.0
 40
0.2998482521
 40
0.5659224251
 40
0.7957216537
 40
1.0
 40
1.0
 40
1.0
 40
1.0
 10
22.14080764362001
 20
36.00199999991999
 30
0.0
 10
22.10560355603999
 20
36.00199999991999
 30
0.0
 10
22.03861041849999
 20
36.01621707841998
 30
0.0
 10
21.95800823782
 20
36.06647740462002
 30
0.0
 10
21.90529960562
 20
36.13187100256
 30
0.0
 10
21.89029992518002
 20
36.18205860094001
 30
0.0
 10
21.88777418728003
 20
36.20590880978001
 30
0.0
  0
LINE
  5
C65
330
8E9
100
AcDbEntity
  8
0
  6
Continuous
 62
     7
100
AcDbLine
 10
21.88777418474001
 20
36.20590880978001
 30
0.0
 11
21.83966953622001
 21
36.60076030354001
 31
0.0
  0
LINE
  5
C66
330
8E9
100
AcDbEntity
  8
0
  6
Continuous
 62
     7
100
AcDbLine
 10
19.69433046140003
 20
36.60076030354001
 30
0.0
 11
19.64622581288
 21
36.20590880978001
 31
0.0
  0
SPLINE
  5
C67
330
8E9
100
AcDbEntity
  8
0
  6
Continuous
 62
     7
100
AcDbSpline
210
0.0
220
0.0
230
1.0
 70
     8
 71
     3
 72
    11
 73
     7
 74
     0
 42
0.0000001
 43
0.0000000001
 40
0.0
 40
0.0
 40
0.0
 40
0.0
 40
0.2043225084
 40
0.4340870181
 40
0.7001094086
 40
1.0
 40
1.0
 40
1.0
 40
1.0
 10
19.64622581288
 20
36.20590880978001
 30
0.0
 10
19.64369951618002
 20
36.18205335583998
 30
0.0
 10
19.62858333102002
 20
36.13190235124002
 30
0.0
 10
19.57599625559999
 20
36.06645896676001
 30
0.0
 10
19.49541599512
 20
36.01610789144
 30
0.0
 10
19.42840154443999
 20
36.00199999991999
 30
0.0
 10
19.39319235400001
 20
36.00199999991999
 30
0.0
  0
SPLINE
  5
C68
330
8E9
100
AcDbEntity
  8
0
  6
Continuous
 62
     7
100
AcDbSpline
210
0.0
220
0.0
230
1.0
 70
     8
 71
     3
 72
    11
 73
     7
 74
     0
 42
0.0000001
 43
0.0000000001
 40
0.0
 40
0.0
 40
0.0
 40
0.0
 40
0.2998482519
 40
0.5659224253
 40
0.7957216539
 40
1.0
 40
1.0
 40
1.0
 40
1.0
 10
16.29880764361999
 20
36.00199999991999
 30
0.0
 10
16.26360355604001
 20
36.00199999991999
 30
0.0
 10
16.1966104185
 20
36.01621707841998
 30
0.0
 10
16.11600823782001
 20
36.06647740462002
 30
0.0
 10
16.06329960308
 20
36.13187100256
 30
0.0
 10
16.04829992518003
 20
36.18205860094001
 30
0.0
 10
16.04577418728002
 20
36.20590880978001
 30
0.0
  0
LINE
  5
C69
330
8E9
100
AcDbEntity
  8
0
  6
Continuous
 62
     7
100
AcDbLine
 10
16.04577418474
 20
36.20590880978001
 30
0.0
 11
15.99766953622003
 21
36.60076030354001
 31
0.0
  0
LINE
  5
C6A
330
8E9
100
AcDbEntity
  8
0
  6
Continuous
 62
     7
100
AcDbLine
 10
13.85233046140002
 20
36.60076030354001
 30
0.0
 11
13.80422581288002
 21
36.20590880978001
 31
0.0
  0
SPLINE
  5
C6B
330
8E9
100
AcDbEntity
  8
0
  6
Continuous
 62
     7
100
AcDbSpline
210
0.0
220
0.0
230
1.0
 70
     8
 71
     3
 72
    11
 73
     7
 74
     0
 42
0.0000001
 43
0.0000000001
 40
0.0
 40
0.0
 40
0.0
 40
0.0
 40
0.2043225082
 40
0.434087018
 40
0.7001094087
 40
1.0
 40
1.0
 40
1.0
 40
1.0
 10
13.80422581288002
 20
36.20590880978001
 30
0.0
 10
13.80169951618004
 20
36.18205335583998
 30
0.0
 10
13.78658333102001
 20
36.1319023487
 30
0.0
 10
13.7339962556
 20
36.06645896676001
 30
0.0
 10
13.65341599511999
 20
36.01610789144
 30
0.0
 10
13.58640154444001
 20
36.00199999991999
 30
0.0
 10
13.55119235399999
 20
36.00199999991999
 30
0.0
  0
LINE
  5
C6C
330
8E9
100
AcDbEntity
  8
0
  6
Continuous
 62
     7
100
AcDbLine
 10
24.39291623566001
 20
21.9118425237
 30
0.0
 11
24.41209265146003
 21
21.90499918712
 31
0.0
  0
LINE
  5
C6D
330
8E9
100
AcDbEntity
  8
0
  6
Continuous
 62
     7
100
AcDbLine
 10
24.39291623566001
 20
35.1198425237
 30
0.0
 11
24.41209265146003
 21
35.11299918712
 31
0.0
  0
SPLINE
  5
C6E
330
8E9
100
AcDbEntity
  8
0
  6
Continuous
 62
     7
100
AcDbSpline
210
0.0
220
0.0
230
1.0
 70
     8
 71
     3
 72
    11
 73
     7
 74
     0
 42
0.0000001
 43
0.0000000001
 40
0.0
 40
0.0
 40
0.0
 40
0.0
 40
0.2043225082
 40
0.4340870179
 40
0.7001094084
 40
1.0
 40
1.0
 40
1.0
 40
1.0
 10
21.88777418728003
 20
19.79609119006001
 30
0.0
 10
21.89030048144002
 20
19.81994664400001
 30
0.0
 10
21.90541666659999
 20
19.87009764860001
 30
0.0
 10
21.95800374202
 20
19.93554103308001
 30
0.0
 10
22.03858400249999
 20
19.98589210839999
 30
0.0
 10
22.10559845064
 20
19.99999999991998
 30
0.0
 10
22.14080764107999
 20
19.99999999991998
 30
0.0
  0
SPLINE
  5
C6F
330
8E9
100
AcDbEntity
  8
0
  6
Continuous
 62
     7
100
AcDbSpline
210
0.0
220
0.0
230
1.0
 70
     8
 71
     3
 72
    11
 73
     7
 74
     0
 42
0.0000001
 43
0.0000000001
 40
0.0
 40
0.0
 40
0.0
 40
0.0
 40
0.2998482522
 40
0.5659224253
 40
0.7957216537
 40
1.0
 40
1.0
 40
1.0
 40
1.0
 10
19.39319235400001
 20
19.99999999991998
 30
0.0
 10
19.42839644157999
 20
19.99999999991998
 30
0.0
 10
19.49538957912
 20
19.98578292142001
 30
0.0
 10
19.57599176234004
 20
19.93552259522001
 30
0.0
 10
19.62870039454
 20
19.87012899474
 30
0.0
 10
19.64370007244
 20
19.81994139635999
 30
0.0
 10
19.64622581034001
 20
19.79609119006001
 30
0.0
  0
SPLINE
  5
C70
330
8E9
100
AcDbEntity
  8
0
  6
Continuous
 62
     7
100
AcDbSpline
210
0.0
220
0.0
230
1.0
 70
     8
 71
     3
 72
    11
 73
     7
 74
     0
 42
0.0000001
 43
0.0000000001
 40
0.0
 40
0.0
 40
0.0
 40
0.0
 40
0.2043225081
 40
0.4340870178
 40
0.7001094084
 40
1.0
 40
1.0
 40
1.0
 40
1.0
 10
16.04577418728002
 20
19.79609119006001
 30
0.0
 10
16.04830048144001
 20
19.81994664400001
 30
0.0
 10
16.06341666660001
 20
19.87009764860001
 30
0.0
 10
16.11600374202001
 20
19.93554103308001
 30
0.0
 10
16.1965840025
 20
19.98589210839999
 30
0.0
 10
16.26359845318001
 20
19.99999999991998
 30
0.0
 10
16.29880764361999
 20
19.99999999991998
 30
0.0
  0
SPLINE
  5
C71
330
8E9
100
AcDbEntity
  8
0
  6
Continuous
 62
     7
100
AcDbSpline
210
0.0
220
0.0
230
1.0
 70
     8
 71
     3
 72
    11
 73
     7
 74
     0
 42
0.0000001
 43
0.0000000001
 40
0.0
 40
0.0
 40
0.0
 40
0.0
 40
0.299848252
 40
0.5659224254
 40
0.7957216539
 40
1.0
 40
1.0
 40
1.0
 40
1.0
 10
13.55119235399999
 20
19.99999999991998
 30
0.0
 10
13.58639643904002
 20
19.99999999991998
 30
0.0
 10
13.65338957911999
 20
19.98578292142001
 30
0.0
 10
13.73399175980001
 20
19.93552259522001
 30
0.0
 10
13.78670039454002
 20
19.87012899727999
 30
0.0
 10
13.80170007244001
 20
19.81994139635999
 30
0.0
 10
13.80422581034003
 20
19.79609119006001
 30
0.0
  0
SPLINE
  5
C72
330
8E9
100
AcDbEntity
  8
0
  6
Continuous
 62
     7
100
AcDbSpline
210
0.0
220
0.0
230
1.0
 70
     8
 71
     3
 72
     9
 73
     5
 74
     0
 42
0.0000001
 43
0.0000000001
 40
0.0
 40
0.0
 40
0.0
 40
0.0
 40
0.2731027457
 40
1.0
 40
1.0
 40
1.0
 40
1.0
 10
24.72832699994001
 20
22.14368192793999
 30
0.0
 10
24.73146663297999
 20
22.14613252756003
 30
0.0
 10
24.74346592826001
 20
22.15439130708002
 30
0.0
 10
24.75823586062
 20
22.15899999992
 30
0.0
 10
24.76883659380002
 20
22.15899999992
 30
0.0
  0
LINE
  5
C73
330
8E9
100
AcDbEntity
  8
0
  6
Continuous
 62
     7
100
AcDbLine
 10
24.41209265146003
 20
35.11299918712
 30
0.0
 11
24.43234745728
 21
35.12065903718
 31
0.0
  0
LINE
  5
C74
330
8E9
100
AcDbEntity
  8
0
  6
Continuous
 62
     7
100
AcDbLine
 10
24.41209265146003
 20
21.90499918712
 30
0.0
 11
24.43234745728
 21
21.91265903718001
 31
0.0
  0
SPLINE
  5
C75
330
8E9
100
AcDbEntity
  8
0
  6
Continuous
 62
     7
100
AcDbSpline
210
0.0
220
0.0
230
1.0
 70
     8
 71
     3
 72
     9
 73
     5
 74
     0
 42
0.0000001
 43
0.0000000001
 40
0.0
 40
0.0
 40
0.0
 40
0.0
 40
0.2359551822
 40
1.0
 40
1.0
 40
1.0
 40
1.0
 10
24.76883659380002
 20
20.63499999991997
 30
0.0
 10
24.76539231315999
 20
20.63499999991997
 30
0.0
 10
24.75077693218
 20
20.63635735814002
 30
0.0
 10
24.73711880100001
 20
20.64345574628
 30
0.0
 10
24.72832699994001
 20
20.6503180719
 30
0.0
  0
SPLINE
  5
C76
330
8E9
100
AcDbEntity
  8
0
  6
Continuous
 62
     7
100
AcDbSpline
210
0.0
220
0.0
230
1.0
 70
     8
 71
     3
 72
     9
 73
     5
 74
     0
 42
0.0000001
 43
0.0000000001
 40
0.0
 40
0.0
 40
0.0
 40
0.0
 40
0.599097653
 40
1.0
 40
1.0
 40
1.0
 40
1.0
 10
11.22175996690001
 20
35.77339999991999
 30
0.0
 10
11.22569751554002
 20
35.77958508534
 30
0.0
 10
11.23156705168
 20
35.7897408537
 30
0.0
 10
11.24225349970004
 20
35.79879999991998
 30
0.0
 10
11.2471599669
 20
35.79879999991998
 30
0.0
  0
LINE
  5
C77
330
8E9
100
AcDbEntity
  8
0
  6
Continuous
 62
     7
100
AcDbLine
 10
24.43234745728
 20
20.88134096266002
 30
0.0
 11
24.41209265146003
 21
20.88900081272
 31
0.0
  0
SPLINE
  5
C78
330
8E9
100
AcDbEntity
  8
0
  6
Continuous
 62
     7
100
AcDbSpline
210
0.0
220
0.0
230
1.0
 70
     8
 71
     3
 72
     9
 73
     5
 74
     0
 42
0.0000001
 43
0.0000000001
 40
0.0
 40
0.0
 40
0.0
 40
0.0
 40
0.4008468293
 40
1.0
 40
1.0
 40
1.0
 40
1.0
 10
11.2471599669
 20
20.20319999991999
 30
0.0
 10
11.24225417280002
 20
20.20319999991999
 30
0.0
 10
11.23156741744
 20
20.21225838414001
 30
0.0
 10
11.22569788638003
 20
20.2224143303
 30
0.0
 10
11.22175996690001
 20
20.22859999991998
 30
0.0
  0
SPLINE
  5
C79
330
8E9
100
AcDbEntity
  8
0
  6
Continuous
 62
     7
100
AcDbSpline
210
0.0
220
0.0
230
1.0
 70
     8
 71
     3
 72
     9
 73
     5
 74
     0
 42
0.0000001
 43
0.0000000001
 40
0.0
 40
0.0
 40
0.0
 40
0.0
 40
0.2359551822
 40
1.0
 40
1.0
 40
1.0
 40
1.0
 10
24.76883659380002
 20
33.84299999992
 30
0.0
 10
24.76539231315999
 20
33.84299999992
 30
0.0
 10
24.75077693218
 20
33.84435735813999
 30
0.0
 10
24.73711880100001
 20
33.85145574628
 30
0.0
 10
24.72832699994001
 20
33.85831807189997
 30
0.0
  0
LINE
  5
C7A
330
8E9
100
AcDbEntity
  8
0
  6
Continuous
 62
     7
100
AcDbLine
 10
24.43234745728
 20
34.08934096265999
 30
0.0
 11
24.41209265146003
 21
34.09700081272
 31
0.0
  0
SPLINE
  5
C7B
330
8E9
100
AcDbEntity
  8
0
  6
Continuous
 62
     7
100
AcDbSpline
210
0.0
220
0.0
230
1.0
 70
     8
 71
     3
 72
     9
 73
     5
 74
     0
 42
0.0000001
 43
0.0000000001
 40
0.0
 40
0.0
 40
0.0
 40
0.0
 40
0.2731027457
 40
1.0
 40
1.0
 40
1.0
 40
1.0
 10
24.72832699994001
 20
35.35168192793999
 30
0.0
 10
24.73146663297999
 20
35.35413252756
 30
0.0
 10
24.74346592826001
 20
35.36239130708002
 30
0.0
 10
24.75823586062
 20
35.36699999991997
 30
0.0
 10
24.76883659380002
 20
35.36699999991997
 30
0.0
  0
LINE
  5
C7C
330
8E9
100
AcDbEntity
  8
0
  6
Continuous
 62
     6
100
AcDbLine
 10
21.0455999966
 20
34.23750000086001
 30
0.0
 11
20.68999999913999
 21
33.93270000085998
 31
0.0
  0
LINE
  5
C7D
330
8E9
100
AcDbEntity
  8
0
  6
Continuous
 62
     6
100
AcDbLine
 10
20.74079999913999
 20
33.88190000086
 30
0.0
 11
21.0455999966
 21
34.23750000086001
 31
0.0
  0
LINE
  5
C7E
330
8E9
100
AcDbEntity
  8
0
  6
Continuous
 62
     6
100
AcDbLine
 10
20.68999999913999
 20
22.02010000085998
 30
0.0
 11
21.0455999966
 21
21.71530000085998
 31
0.0
  0
LINE
  5
C7F
330
8E9
100
AcDbEntity
  8
0
  6
Continuous
 62
     6
100
AcDbLine
 10
21.0455999966
 20
21.71530000085998
 30
0.0
 11
20.74079999913999
 21
22.07090000085999
 31
0.0
  0
ELLIPSE
  5
C80
330
8E9
100
AcDbEntity
  8
0
  6
Continuous
 62
     7
100
AcDbEllipse
 10
14.56552275612
 20
30.33404839706002
 30
0.0
 11
5.003799999999998
 21
0.0
 31
0.0
210
0.0
220
0.0
230
1.0
 40
0.0874886634
 41
-2.5884980397
 42
-2.4511126696
  0
ELLIPSE
  5
C81
330
8E9
100
AcDbEntity
  8
0
  6
Continuous
 62
     7
100
AcDbEllipse
 10
14.56552275612
 20
23.98404839705999
 30
0.0
 11
5.003799999999998
 21
0.0
 31
0.0
210
0.0
220
0.0
230
1.0
 40
0.0874886634
 41
-2.5884980397
 42
-2.4511126696
  0
ELLIPSE
  5
C82
330
8E9
100
AcDbEntity
  8
0
  6
Continuous
 62
     7
100
AcDbEllipse
 10
14.56552275612
 20
32.01795160278
 30
0.0
 11
5.003799999999998
 21
0.0
 31
0.0
210
0.0
220
0.0
230
1.0
 40
0.0874886634
 41
2.4511126696
 42
2.5884979041
  0
ELLIPSE
  5
C83
330
8E9
100
AcDbEntity
  8
0
  6
Continuous
 62
     7
100
AcDbEllipse
 10
14.56552275612
 20
25.66795160278001
 30
0.0
 11
5.003799999999998
 21
0.0
 31
0.0
210
0.0
220
0.0
230
1.0
 40
0.0874886634
 41
2.4511126696
 42
2.5884979041
  0
ELLIPSE
  5
C84
330
8E9
100
AcDbEntity
  8
0
  6
Continuous
 62
     7
100
AcDbEllipse
 10
24.54463020198
 20
21.90499999992001
 30
0.0
 11
0.0
 21
0.254
 31
0.0
210
0.0
220
0.0
230
1.0
 40
0.4663076584
 41
-0.0000000001
 42
0.349065849
  0
ELLIPSE
  5
C85
330
8E9
100
AcDbEntity
  8
0
  6
Continuous
 62
     7
100
AcDbEllipse
 10
24.54463020198
 20
20.88899999991999
 30
0.0
 11
0.0
 21
0.254
 31
0.0
210
0.0
220
0.0
230
1.0
 40
0.4663076584
 41
-3.4906585025
 42
-3.1415926534
  0
ELLIPSE
  5
C86
330
8E9
100
AcDbEntity
  8
0
  6
Continuous
 62
     7
100
AcDbEllipse
 10
24.54463020198
 20
34.09699999991999
 30
0.0
 11
0.0
 21
0.254
 31
0.0
210
0.0
220
0.0
230
1.0
 40
0.4663076584
 41
-3.4906585086
 42
-3.1415926536
  0
ELLIPSE
  5
C87
330
8E9
100
AcDbEntity
  8
0
  6
Continuous
 62
     7
100
AcDbEllipse
 10
24.54463020198
 20
35.11299999991998
 30
0.0
 11
0.0
 21
0.254
 31
0.0
210
0.0
220
0.0
230
1.0
 40
0.4663076584
 41
-0.0000000001
 42
0.3490658515
  0
ELLIPSE
  5
C88
330
8E9
100
AcDbEntity
  8
0
  6
Continuous
 62
     7
100
AcDbEllipse
 10
21.60895160294001
 20
23.65372275596
 30
0.0
 11
0.0
 21
5.003799999999998
 31
0.0
210
0.0
220
0.0
230
1.0
 40
0.0874886634
 41
-2.5871836652
 42
-2.4511126696
  0
ELLIPSE
  5
C89
330
8E9
100
AcDbEntity
  8
0
  6
Continuous
 62
     7
100
AcDbEllipse
 10
19.92504839468003
 20
23.65372275596
 30
0.0
 11
0.0
 21
5.003799999999998
 31
0.0
210
0.0
220
0.0
230
1.0
 40
0.0874886634
 41
-3.8320726376
 42
-3.696001642
  0
ELLIPSE
  5
C8A
330
8E9
100
AcDbEntity
  8
0
  6
Continuous
 62
     7
100
AcDbEllipse
 10
15.76695160294
 20
23.65372275596
 30
0.0
 11
0.0
 21
5.003799999999998
 31
0.0
210
0.0
220
0.0
230
1.0
 40
0.0874886634
 41
-2.5871836652
 42
-2.4511126696
  0
ELLIPSE
  5
C8B
330
8E9
100
AcDbEntity
  8
0
  6
Continuous
 62
     7
100
AcDbEllipse
 10
14.08304839468002
 20
23.65372275596
 30
0.0
 11
0.0
 21
5.003799999999998
 31
0.0
210
0.0
220
0.0
230
1.0
 40
0.0874886634
 41
-3.8320726376
 42
-3.696001642
  0
ELLIPSE
  5
C8C
330
8E9
100
AcDbEntity
  8
0
  6
Continuous
 62
     6
100
AcDbEllipse
 10
22.60089813313999
 20
31.48160000085998
 30
0.0
 11
0.0
 21
0.3048
 31
0.0
210
0.0
220
0.0
230
1.0
 40
0.4040262499999999
 41
-3.1415926536
 42
-1.5707963268
  0
ELLIPSE
  5
C8D
330
8E9
100
AcDbEntity
  8
0
  6
Continuous
 62
     6
100
AcDbEllipse
 10
22.60089813313999
 20
24.47120000086001
 30
0.0
 11
0.0
 21
0.3048
 31
0.0
210
0.0
220
0.0
230
1.0
 40
0.4040262499999999
 41
-1.5707963268
 42
0.0
  0
ENDSEC
  0
SECTION
  2
OBJECTS
  0
DICTIONARY
  5
C
330
0
100
AcDbDictionary
281
     1
  3
ACAD_CIP_PREVIOUS_PRODUCT_INFO
350
CEA
  3
ACAD_COLOR
350
CC4
  3
ACAD_DETAILVIEWSTYLE
350
CDD
  3
ACAD_GROUP
350
D
  3
ACAD_LAYOUT
350
1A
  3
ACAD_MATERIAL
350
C92
  3
ACAD_MLEADERSTYLE
350
CD9
  3
ACAD_MLINESTYLE
350
17
  3
ACAD_PLOTSETTINGS
350
19
  3
ACAD_PLOTSTYLENAME
350
E
  3
ACAD_SCALELIST
350
CC7
  3
ACAD_SECTIONVIEWSTYLE
350
CDB
  3
ACAD_TABLESTYLE
350
CC5
  3
ACAD_VISUALSTYLE
350
CAB
  3
ACDB_RECOMPOSE_DATA
350
CF7
  3
AcDbVariableDictionary
350
CDF
  0
DICTIONARY
  5
CEE
330
2
100
AcDbDictionary
280
     1
281
     1
  3
ACAD_LAYERSTATES
360
CEF
  0
XRECORD
  5
CEA
102
{ACAD_REACTORS
330
C
102
}
330
C
100
AcDbXrecord
280
     1
300
ACD
300
2018
300
ACD_F_S
  0
DICTIONARY
  5
CC4
102
{ACAD_REACTORS
330
C
102
}
330
C
100
AcDbDictionary
281
     1
  0
DICTIONARY
  5
CDD
102
{ACAD_REACTORS
330
C
102
}
330
C
100
AcDbDictionary
281
     1
  3
Imperial24
350
CDE
  0
DICTIONARY
  5
D
102
{ACAD_REACTORS
330
C
102
}
330
C
100
AcDbDictionary
281
     1
  0
DICTIONARY
  5
1A
102
{ACAD_REACTORS
330
C
102
}
330
C
100
AcDbDictionary
281
     1
  3
Layout1
350
C8F
  3
Model
350
C8E
  0
DICTIONARY
  5
C92
102
{ACAD_REACTORS
330
C
102
}
330
C
100
AcDbDictionary
281
     1
  3
ByBlock
350
C9B
  3
ByLayer
350
C93
  3
Global
350
CA3
  0
DICTIONARY
  5
CD9
102
{ACAD_REACTORS
330
C
102
}
330
C
100
AcDbDictionary
281
     1
  3
Standard
350
CDA
  0
DICTIONARY
  5
17
102
{ACAD_REACTORS
330
C
102
}
330
C
100
AcDbDictionary
281
     1
  3
Standard
350
18
  0
DICTIONARY
  5
19
102
{ACAD_REACTORS
330
C
102
}
330
C
100
AcDbDictionary
281
     1
  0
ACDBDICTIONARYWDFLT
  5
E
102
{ACAD_REACTORS
330
C
102
}
330
C
100
AcDbDictionary
281
     1
  3
Normal
350
F
100
AcDbDictionaryWithDefault
340
F
  0
DICTIONARY
  5
CC7
102
{ACAD_REACTORS
330
C
102
}
330
C
100
AcDbDictionary
281
     1
  3
A0
350
CC8
  3
A1
350
CC9
  3
A2
350
CCA
  3
A3
350
CCB
  3
A4
350
CCC
  3
A5
350
CCD
  3
A6
350
CCE
  3
A7
350
CCF
  3
A8
350
CD0
  3
A9
350
CD1
  3
B0
350
CD2
  3
B1
350
CD3
  3
B2
350
CD4
  3
B3
350
CD5
  3
B4
350
CD6
  3
B5
350
CD7
  3
B6
350
CD8
  0
DICTIONARY
  5
CDB
102
{ACAD_REACTORS
330
C
102
}
330
C
100
AcDbDictionary
281
     1
  3
Imperial24
350
CDC
  0
DICTIONARY
  5
CC5
102
{ACAD_REACTORS
330
C
102
}
330
C
100
AcDbDictionary
281
     1
  3
Standard
350
CC6
  0
DICTIONARY
  5
CAB
102
{ACAD_REACTORS
330
C
102
}
330
C
100
AcDbDictionary
281
     1
  3
2dWireframe
350
CB1
  3
Basic
350
CB0
  3
Brighten
350
CB7
  3
ColorChange
350
CBB
  3
Conceptual
350
CB4
  3
Dim
350
CB6
  3
EdgeColorOff
350
CC3
  3
Facepattern
350
CBA
  3
Flat
350
CAC
  3
FlatWithEdges
350
CAD
  3
Gouraud
350
CAE
  3
GouraudWithEdges
350
CAF
  3
Hidden
350
CB3
  3
JitterOff
350
CC1
  3
Linepattern
350
CB9
  3
OverhangOff
350
CC2
  3
Realistic
350
CB5
  3
Shaded
350
CC0
  3
Shaded with edges
350
CBF
  3
Shades of Gray
350
CBC
  3
Sketchy
350
CBD
  3
Thicken
350
CB8
  3
Wireframe
350
CB2
  3
X-Ray
350
CBE
  0
XRECORD
  5
CF7
102
{ACAD_REACTORS
330
C
102
}
330
C
100
AcDbXrecord
280
     1
 90
        1
330
CC6
  0
DICTIONARY
  5
CDF
102
{ACAD_REACTORS
330
C
102
}
330
C
100
AcDbDictionary
281
     1
  3
CANNOSCALE
350
CE4
  3
CMLEADERSTYLE
350
CE1
  3
CTABLESTYLE
350
CE0
  3
CVIEWDETAILSTYLE
350
CE2
  3
CVIEWSECTIONSTYLE
350
CE3
  0
DICTIONARY
  5
CEF
102
{ACAD_REACTORS
330
CEE
102
}
330
CEE
100
AcDbDictionary
281
     1
  0
ACDBDETAILVIEWSTYLE
  5
CDE
102
{ACAD_REACTORS
330
CDD
102
}
330
CDD
100
AcDbModelDocViewStyle
 70
     0
  3
Imperial24
290
     0
300
Imperial24
 90
        0
100
AcDbDetailViewStyle
 70
     0
 71
     0
 90
        3
 71
     1
340
11
 62
   256
 40
0.24
340
0
 62
   256
 40
0.24
300

 40
0.36
280
     3
 71
     2
340
16
 90
       25
 62
   256
 71
     3
340
11
 62
   256
 40
0.24
 90
        1
 40
0.75
 90
        1
300
%<\AcVar ViewType \f "%tc1">% %<\AcVar ViewDetailId>%\PSCALE %<\AcVar ViewScale \f "%sn">%
 71
     4
340
16
 90
       25
 62
   256
340
16
 90
       25
 62
   256
280
     0
  0
LAYOUT
  5
C8F
102
{ACAD_REACTORS
330
1A
102
}
330
1A
100
AcDbPlotSettings
  1

  2
none_device
  4
ANSI_C_(22.00_x_17.00_Inches)
  6

 40
0.0
 41
0.0
 42
0.0
 43
0.0
 44
558.8
 45
431.8
 46
0.0
 47
0.0
 48
0.0
 49
0.0
140
0.0
141
0.0
142
1.0
143
1.0
 70
     0
 72
     0
 73
     0
 74
     0
  7

 75
     0
 76
     0
 77
     2
 78
   300
147
1.0
148
0.0
149
0.0
100
AcDbLayout
  1
Layout1
 70
     1
 71
     1
 10
0.0
 20
0.0
 11
12.0
 21
9.0
 12
0.0
 22
0.0
 32
0.0
 14
1.000000000000000E+20
 24
1.000000000000000E+20
 34
1.000000000000000E+20
 15
-1.000000000000000E+20
 25
-1.000000000000000E+20
 35
-1.000000000000000E+20
146
0.0
 13
0.0
 23
0.0
 33
0.0
 16
1.0
 26
0.0
 36
0.0
 17
0.0
 27
1.0
 37
0.0
 76
     0
330
8EA
  0
LAYOUT
  5
C8E
102
{ACAD_REACTORS
330
1A
102
}
330
1A
100
AcDbPlotSettings
  1

  2
none_device
  4
ANSI_C_(22.00_x_17.00_Inches)
  6

 40
0.0
 41
0.0
 42
0.0
 43
0.0
 44
558.8
 45
431.8
 46
0.0
 47
0.0
 48
0.0
 49
0.0
140
0.0
141
0.0
142
1.0
143
1.0
 70
  1024
 72
     0
 73
     0
 74
     0
  7

 75
     0
 76
     0
 77
     2
 78
   300
147
1.0
148
0.0
149
0.0
100
AcDbLayout
  1
Model
 70
     0
 71
     0
 10
0.0
 20
0.0
 11
22.0
 21
17.0
 12
0.0
 22
0.0
 32
0.0
 14
0.0
 24
0.0
 34
0.0
 15
0.0
 25
0.0
 35
0.0
146
0.0
 13
0.0
 23
0.0
 33
0.0
 16
1.0
 26
0.0
 36
0.0
 17
0.0
 27
1.0
 37
0.0
 76
     0
330
8E9
331
1F4
  0
MATERIAL
  5
C9B
102
{ACAD_REACTORS
330
C92
102
}
330
C92
100
AcDbMaterial
  1
ByBlock
 72
     0
 73
     2
 43
0.0208333333333333
 43
0.0
 43
0.0
 43
0.0
 43
0.0
 43
0.0208333333333333
 43
0.0
 43
0.0
 43
0.0
 43
0.0
 43
1.0
 43
0.0
 43
0.0
 43
0.0
 43
0.0
 43
1.0
 77
     0
 78
     2
 47
0.0208333333333333
 47
0.0
 47
0.0
 47
0.0
 47
0.0
 47
0.0208333333333333
 47
0.0
 47
0.0
 47
0.0
 47
0.0
 47
1.0
 47
0.0
 47
0.0
 47
0.0
 47
0.0
 47
1.0
171
     0
172
     2
 49
0.0208333333333333
 49
0.0
 49
0.0
 49
0.0
 49
0.0
 49
0.0208333333333333
 49
0.0
 49
0.0
 49
0.0
 49
0.0
 49
1.0
 49
0.0
 49
0.0
 49
0.0
 49
0.0
 49
1.0
175
     0
176
     2
142
0.0208333333333333
142
0.0
142
0.0
142
0.0
142
0.0
142
0.0208333333333333
142
0.0
142
0.0
142
0.0
142
0.0
142
1.0
142
0.0
142
0.0
142
0.0
142
0.0
142
1.0
179
     0
270
     2
144
0.0208333333333333
144
0.0
144
0.0
144
0.0
144
0.0
144
0.0208333333333333
144
0.0
144
0.0
144
0.0
144
0.0
144
1.0
144
0.0
144
0.0
144
0.0
144
0.0
144
1.0
274
     2
147
0.0208333333333333
147
0.0
147
0.0
147
0.0
147
0.0
147
0.0208333333333333
147
0.0
147
0.0
147
0.0
147
0.0
147
1.0
147
0.0
147
0.0
147
0.0
147
0.0
147
1.0
 94
      127
  0
MATERIAL
  5
C93
102
{ACAD_REACTORS
330
C92
102
}
330
C92
100
AcDbMaterial
  1
ByLayer
 72
     0
 73
     2
 43
0.0208333333333333
 43
0.0
 43
0.0
 43
0.0
 43
0.0
 43
0.0208333333333333
 43
0.0
 43
0.0
 43
0.0
 43
0.0
 43
1.0
 43
0.0
 43
0.0
 43
0.0
 43
0.0
 43
1.0
 77
     0
 78
     2
 47
0.0208333333333333
 47
0.0
 47
0.0
 47
0.0
 47
0.0
 47
0.0208333333333333
 47
0.0
 47
0.0
 47
0.0
 47
0.0
 47
1.0
 47
0.0
 47
0.0
 47
0.0
 47
0.0
 47
1.0
171
     0
172
     2
 49
0.0208333333333333
 49
0.0
 49
0.0
 49
0.0
 49
0.0
 49
0.0208333333333333
 49
0.0
 49
0.0
 49
0.0
 49
0.0
 49
1.0
 49
0.0
 49
0.0
 49
0.0
 49
0.0
 49
1.0
175
     0
176
     2
142
0.0208333333333333
142
0.0
142
0.0
142
0.0
142
0.0
142
0.0208333333333333
142
0.0
142
0.0
142
0.0
142
0.0
142
1.0
142
0.0
142
0.0
142
0.0
142
0.0
142
1.0
179
     0
270
     2
144
0.0208333333333333
144
0.0
144
0.0
144
0.0
144
0.0
144
0.0208333333333333
144
0.0
144
0.0
144
0.0
144
0.0
144
1.0
144
0.0
144
0.0
144
0.0
144
0.0
144
1.0
274
     2
147
0.0208333333333333
147
0.0
147
0.0
147
0.0
147
0.0
147
0.0208333333333333
147
0.0
147
0.0
147
0.0
147
0.0
147
1.0
147
0.0
147
0.0
147
0.0
147
0.0
147
1.0
 94
      127
  0
MATERIAL
  5
CA3
102
{ACAD_REACTORS
330
C92
102
}
330
C92
100
AcDbMaterial
  1
Global
 72
     0
 73
     2
 43
0.0208333333333333
 43
0.0
 43
0.0
 43
0.0
 43
0.0
 43
0.0208333333333333
 43
0.0
 43
0.0
 43
0.0
 43
0.0
 43
1.0
 43
0.0
 43
0.0
 43
0.0
 43
0.0
 43
1.0
 77
     0
 78
     2
 47
0.0208333333333333
 47
0.0
 47
0.0
 47
0.0
 47
0.0
 47
0.0208333333333333
 47
0.0
 47
0.0
 47
0.0
 47
0.0
 47
1.0
 47
0.0
 47
0.0
 47
0.0
 47
0.0
 47
1.0
171
     0
172
     2
 49
0.0208333333333333
 49
0.0
 49
0.0
 49
0.0
 49
0.0
 49
0.0208333333333333
 49
0.0
 49
0.0
 49
0.0
 49
0.0
 49
1.0
 49
0.0
 49
0.0
 49
0.0
 49
0.0
 49
1.0
175
     0
176
     2
142
0.0208333333333333
142
0.0
142
0.0
142
0.0
142
0.0
142
0.0208333333333333
142
0.0
142
0.0
142
0.0
142
0.0
142
1.0
142
0.0
142
0.0
142
0.0
142
0.0
142
1.0
179
     0
270
     2
144
0.0208333333333333
144
0.0
144
0.0
144
0.0
144
0.0
144
0.0208333333333333
144
0.0
144
0.0
144
0.0
144
0.0
144
1.0
144
0.0
144
0.0
144
0.0
144
0.0
144
1.0
274
     2
147
0.0208333333333333
147
0.0
147
0.0
147
0.0
147
0.0
147
0.0208333333333333
147
0.0
147
0.0
147
0.0
147
0.0
147
1.0
147
0.0
147
0.0
147
0.0
147
0.0
147
1.0
 94
      127
  0
MLEADERSTYLE
  5
CDA
102
{ACAD_REACTORS
330
CD9
102
}
330
CD9
100
AcDbMLeaderStyle
179
     2
170
     2
171
     1
172
     0
 90
        2
 40
0.0
 41
0.0
173
     1
 91
-1056964608
340
14
 92
       -2
290
     1
 42
0.09
291
     1
 43
0.36
  3
Standard
341
0
 44
0.18
300

342
11
174
     1
178
     6
175
     1
176
     0
 93
-1056964608
 45
0.18
292
     0
297
     0
 46
0.18
343
0
 94
-1056964608
 47
1.0
 49
1.0
140
1.0
293
     1
141
0.0
294
     1
177
     0
142
1.0
295
     0
296
     0
143
0.125
271
     0
272
     9
273
     9
298
     1
  0
MLINESTYLE
  5
18
102
{ACAD_REACTORS
330
17
102
}
330
17
100
AcDbMlineStyle
  2
STANDARD
 70
     0
  3

 62
   256
 51
90.0
 52
90.0
 71
     2
 49
0.5
 62
   256
  6
BYLAYER
 49
-0.5
 62
   256
  6
BYLAYER
  0
ACDBPLACEHOLDER
  5
F
102
{ACAD_REACTORS
330
E
102
}
330
E
  0
SCALE
  5
CC8
102
{ACAD_REACTORS
330
CC7
102
}
330
CC7
100
AcDbScale
 70
     0
300
1:1
140
1.0
141
1.0
290
     1
  0
SCALE
  5
CC9
102
{ACAD_REACTORS
330
CC7
102
}
330
CC7
100
AcDbScale
 70
     0
300
1/128" = 1'-0"
140
0.0078125
141
12.0
290
     0
  0
SCALE
  5
CCA
102
{ACAD_REACTORS
330
CC7
102
}
330
CC7
100
AcDbScale
 70
     0
300
1/64" = 1'-0"
140
0.015625
141
12.0
290
     0
  0
SCALE
  5
CCB
102
{ACAD_REACTORS
330
CC7
102
}
330
CC7
100
AcDbScale
 70
     0
300
1/32" = 1'-0"
140
0.03125
141
12.0
290
     0
  0
SCALE
  5
CCC
102
{ACAD_REACTORS
330
CC7
102
}
330
CC7
100
AcDbScale
 70
     0
300
1/16" = 1'-0"
140
0.0625
141
12.0
290
     0
  0
SCALE
  5
CCD
102
{ACAD_REACTORS
330
CC7
102
}
330
CC7
100
AcDbScale
 70
     0
300
3/32" = 1'-0"
140
0.09375
141
12.0
290
     0
  0
SCALE
  5
CCE
102
{ACAD_REACTORS
330
CC7
102
}
330
CC7
100
AcDbScale
 70
     0
300
1/8" = 1'-0"
140
0.125
141
12.0
290
     0
  0
SCALE
  5
CCF
102
{ACAD_REACTORS
330
CC7
102
}
330
CC7
100
AcDbScale
 70
     0
300
3/16" = 1'-0"
140
0.1875
141
12.0
290
     0
  0
SCALE
  5
CD0
102
{ACAD_REACTORS
330
CC7
102
}
330
CC7
100
AcDbScale
 70
     0
300
1/4" = 1'-0"
140
0.25
141
12.0
290
     0
  0
SCALE
  5
CD1
102
{ACAD_REACTORS
330
CC7
102
}
330
CC7
100
AcDbScale
 70
     0
300
3/8" = 1'-0"
140
0.375
141
12.0
290
     0
  0
SCALE
  5
CD2
102
{ACAD_REACTORS
330
CC7
102
}
330
CC7
100
AcDbScale
 70
     0
300
1/2" = 1'-0"
140
0.5
141
12.0
290
     0
  0
SCALE
  5
CD3
102
{ACAD_REACTORS
330
CC7
102
}
330
CC7
100
AcDbScale
 70
     0
300
3/4" = 1'-0"
140
0.75
141
12.0
290
     0
  0
SCALE
  5
CD4
102
{ACAD_REACTORS
330
CC7
102
}
330
CC7
100
AcDbScale
 70
     0
300
1" = 1'-0"
140
1.0
141
12.0
290
     0
  0
SCALE
  5
CD5
102
{ACAD_REACTORS
330
CC7
102
}
330
CC7
100
AcDbScale
 70
     0
300
1-1/2" = 1'-0"
140
1.5
141
12.0
290
     0
  0
SCALE
  5
CD6
102
{ACAD_REACTORS
330
CC7
102
}
330
CC7
100
AcDbScale
 70
     0
300
3" = 1'-0"
140
3.0
141
12.0
290
     0
  0
SCALE
  5
CD7
102
{ACAD_REACTORS
330
CC7
102
}
330
CC7
100
AcDbScale
 70
     0
300
6" = 1'-0"
140
6.0
141
12.0
290
     0
  0
SCALE
  5
CD8
102
{ACAD_REACTORS
330
CC7
102
}
330
CC7
100
AcDbScale
 70
     0
300
1'-0" = 1'-0"
140
12.0
141
12.0
290
     0
  0
ACDBSECTIONVIEWSTYLE
  5
CDC
102
{ACAD_REACTORS
330
CDB
102
}
330
CDB
100
AcDbModelDocViewStyle
 70
     0
  3
Imperial24
290
     0
300
Imperial24
 90
        0
100
AcDbSectionViewStyle
 70
     0
 71
     0
 90
       78
 71
     1
340
11
 62
   256
 40
0.24
340
0
340
0
 62
   256
 40
0.24
300
I, O, Q, S, X, Z
 40
0.48
 90
        3
 40
0.18
 90
        1
 71
     2
340
16
 90
       25
 62
   256
340
16
 90
       50
 62
   256
 40
0.24
 40
0.0
 40
0.24
 71
     3
340
11
 62
   256
 40
0.24
 90
        1
 40
0.75
 90
        1
300
%<\AcVar ViewType \f "%tc1">% %<\AcVar ViewSectionStartId>%-%<\AcVar ViewSectionEndId>%\PSCALE %<\AcVar ViewScale \f "%sn">%
 71
     4
 62
   256
 62
   257
300
ANSI31
 40
1.0
 90
        0
290
     0
290
     0
 90
        6
 40
0.0
 40
1.570796326794897
 40
0.2617993877991494
 40
1.308996938995747
 40
-0.2617993877991494
 40
1.832595714594046
  0
TABLESTYLE
  5
CC6
102
{ACAD_REACTORS
330
CC5
102
}
102
{ACAD_XDICTIONARY
360
CF5
102
}
330
CC5
100
AcDbTableStyle
  3
Standard
 70
     0
 71
     0
 40
0.06
 41
0.06
280
     0
281
     0
  7
STANDARD
140
0.18
170
     2
 62
     0
 63
   257
283
     0
 90
      512
 91
        0
  1

274
    -2
284
     1
 64
     0
275
    -2
285
     1
 65
     0
276
    -2
286
     1
 66
     0
277
    -2
287
     1
 67
     0
278
    -2
288
     1
 68
     0
279
    -2
289
     1
 69
     0
  7
STANDARD
140
0.25
170
     5
 62
     0
 63
   257
283
     0
 90
      512
 91
        0
  1

274
    -2
284
     1
 64
     0
275
    -2
285
     1
 65
     0
276
    -2
286
     1
 66
     0
277
    -2
287
     1
 67
     0
278
    -2
288
     1
 68
     0
279
    -2
289
     1
 69
     0
  7
STANDARD
140
0.18
170
     5
 62
     0
 63
   257
283
     0
 90
      512
 91
        0
  1

274
    -2
284
     1
 64
     0
275
    -2
285
     1
 65
     0
276
    -2
286
     1
 66
     0
277
    -2
287
     1
 67
     0
278
    -2
288
     1
 68
     0
279
    -2
289
     1
 69
     0
  0
VISUALSTYLE
  5
CB1
102
{ACAD_REACTORS
330
CAB
102
}
330
CAB
100
AcDbVisualStyle
  2
2dWireframe
 70
     4
177
     3
291
     0
 70
    58
 90
        0
176
     1
 90
        2
176
     1
 90
        0
176
     1
 90
        0
176
     1
 40
0.6
176
     1
 40
30.0
176
     1
 62
     7
420
 16777215
176
     1
 90
        1
176
     1
 90
        4
176
     1
 62
     7
176
     1
 62
   257
176
     1
 90
        1
176
     1
 90
        1
176
     1
 40
1.0
176
     1
 90
        0
176
     1
 62
   257
176
     1
 40
1.0
176
     1
 90
        1
176
     1
 90
        6
176
     1
 90
        2
176
     1
 62
     7
176
     1
 90
        5
176
     1
 90
        0
176
     1
 90
        0
176
     1
290
     0
176
     1
 90
        1
176
     1
 40
0.0
176
     1
 90
        0
176
     1
290
     1
176
     1
290
     1
176
     1
290
     0
176
     1
290
     0
176
     1
290
     0
176
     1
290
     0
176
     1
290
     0
176
     1
290
     0
176
     1
290
     0
176
     1
 90
       50
176
     1
 40
0.0
176
     1
 40
1.0
176
     1
 90
        0
176
     1
 62
    18
420
        0
176
     1
 90
       50
176
     1
 90
        3
176
     1
 62
     5
420
      255
176
     1
290
     0
176
     1
 90
       50
176
     1
 90
       50
176
     1
 90
       50
176
     1
290
     0
176
     1
 90
       50
176
     1
 62
   256
176
     0
 40
1.0
176
     0
 90
        2
176
     1
  1
strokes_ogs.tif
176
     1
290
     0
176
     1
 40
1.0
176
     1
 40
1.0
176
     1
  0
VISUALSTYLE
  5
CB0
102
{ACAD_REACTORS
330
CAB
102
}
330
CAB
100
AcDbVisualStyle
  2
Basic
 70
     7
177
     3
291
     1
 70
    58
 90
        1
176
     1
 90
        0
176
     1
 90
        1
176
     1
 90
        0
176
     1
 40
0.6
176
     1
 40
30.0
176
     1
 62
     7
420
 16777215
176
     1
 90
        0
176
     1
 90
        4
176
     1
 62
     7
176
     1
 62
   257
176
     1
 90
        1
176
     1
 90
        1
176
     1
 40
1.0
176
     1
 90
        8
176
     1
 62
     7
176
     1
 40
1.0
176
     1
 90
        1
176
     1
 90
        6
176
     1
 90
        2
176
     1
 62
     7
176
     1
 90
        5
176
     1
 90
        0
176
     1
 90
        0
176
     1
290
     0
176
     1
 90
        1
176
     1
 40
0.0
176
     1
 90
        0
176
     1
290
     0
176
     1
290
     1
176
     1
290
     1
176
     1
290
     0
176
     1
290
     0
176
     1
290
     0
176
     1
290
     0
176
     1
290
     0
176
     1
290
     0
176
     1
 90
       50
176
     1
 40
0.0
176
     1
 40
1.0
176
     1
 90
        0
176
     1
 62
    18
420
        0
176
     1
 90
       50
176
     1
 90
        3
176
     1
 62
     5
420
      255
176
     1
290
     0
176
     1
 90
       50
176
     1
 90
       50
176
     1
 90
       50
176
     1
290
     0
176
     1
 90
       50
176
     1
 62
   256
176
     0
 40
1.0
176
     0
 90
        2
176
     1
  1
strokes_ogs.tif
176
     1
290
     0
176
     1
 40
1.0
176
     1
 40
1.0
176
     1
  0
VISUALSTYLE
  5
CB7
102
{ACAD_REACTORS
330
CAB
102
}
330
CAB
100
AcDbVisualStyle
  2
Brighten
 70
    12
177
     3
291
     1
 70
    58
 90
        2
176
     1
 90
        2
176
     1
 90
        0
176
     1
 90
        0
176
     1
 40
0.6
176
     1
 40
30.0
176
     1
 62
     7
420
 16777215
176
     1
 90
        1
176
     1
 90
        4
176
     1
 62
     7
176
     1
 62
   257
176
     1
 90
        1
176
     1
 90
        1
176
     1
 40
1.0
176
     1
 90
        8
176
     1
 62
     7
176
     1
 40
1.0
176
     1
 90
        1
176
     1
 90
        6
176
     1
 90
        2
176
     1
 62
     7
176
     1
 90
        5
176
     1
 90
        0
176
     1
 90
        0
176
     1
290
     0
176
     1
 90
        1
176
     1
 40
50.0
176
     1
 90
        0
176
     1
290
     0
176
     1
290
     1
176
     1
290
     1
176
     1
290
     0
176
     1
290
     0
176
     1
290
     0
176
     1
290
     0
176
     1
290
     0
176
     1
290
     0
176
     1
 90
       50
176
     1
 40
0.0
176
     1
 40
1.0
176
     1
 90
        0
176
     1
 62
    18
420
        0
176
     1
 90
       50
176
     1
 90
        3
176
     1
 62
     5
420
      255
176
     1
290
     0
176
     1
 90
       50
176
     1
 90
       50
176
     1
 90
       50
176
     1
290
     0
176
     1
 90
       50
176
     1
 62
   256
176
     0
 40
1.0
176
     0
 90
        2
176
     1
  1
strokes_ogs.tif
176
     1
290
     0
176
     1
 40
1.0
176
     1
 40
1.0
176
     1
  0
VISUALSTYLE
  5
CBB
102
{ACAD_REACTORS
330
CAB
102
}
330
CAB
100
AcDbVisualStyle
  2
ColorChange
 70
    16
177
     3
291
     1
 70
    58
 90
        2
176
     1
 90
        2
176
     1
 90
        3
176
     1
 90
        0
176
     1
 40
0.6
176
     1
 40
30.0
176
     1
 62
     8
420
  8421504
176
     1
 90
        1
176
     1
 90
        4
176
     1
 62
     7
176
     1
 62
   257
176
     1
 90
        1
176
     1
 90
        1
176
     1
 40
1.0
176
     1
 90
        8
176
     1
 62
     8
420
  8421504
176
     1
 40
1.0
176
     1
 90
        1
176
     1
 90
        6
176
     1
 90
        2
176
     1
 62
     7
176
     1
 90
        5
176
     1
 90
        0
176
     1
 90
        0
176
     1
290
     0
176
     1
 90
        1
176
     1
 40
0.0
176
     1
 90
        0
176
     1
290
     0
176
     1
290
     1
176
     1
290
     1
176
     1
290
     0
176
     1
290
     0
176
     1
290
     0
176
     1
290
     0
176
     1
290
     0
176
     1
290
     0
176
     1
 90
       50
176
     1
 40
0.0
176
     1
 40
1.0
176
     1
 90
        0
176
     1
 62
    18
420
        0
176
     1
 90
       50
176
     1
 90
        3
176
     1
 62
     5
420
      255
176
     1
290
     0
176
     1
 90
       50
176
     1
 90
       50
176
     1
 90
       50
176
     1
290
     0
176
     1
 90
       50
176
     1
 62
   256
176
     0
 40
1.0
176
     0
 90
        2
176
     1
  1
strokes_ogs.tif
176
     1
290
     0
176
     1
 40
1.0
176
     1
 40
1.0
176
     1
  0
VISUALSTYLE
  5
CB4
102
{ACAD_REACTORS
330
CAB
102
}
330
CAB
100
AcDbVisualStyle
  2
Conceptual
 70
     9
177
     3
291
     0
 70
    58
 90
        3
176
     1
 90
        2
176
     1
 90
        0
176
     1
 90
        0
176
     1
 40
0.6
176
     1
 40
30.0
176
     1
 62
     7
420
 16777215
176
     1
 90
        2
176
     1
 90
        2
176
     1
 62
     7
176
     1
 62
   257
176
     1
 90
        1
176
     1
 90
        1
176
     1
 40
179.0
176
     1
 90
        8
176
     1
 62
     7
176
     1
 40
1.0
176
     1
 90
        1
176
     1
 90
        6
176
     1
 90
        2
176
     1
 62
     7
176
     1
 90
        3
176
     1
 90
        0
176
     1
 90
        0
176
     1
290
     0
176
     1
 90
        1
176
     1
 40
0.0
176
     1
 90
        0
176
     1
290
     0
176
     1
290
     1
176
     1
290
     1
176
     1
290
     0
176
     1
290
     0
176
     1
290
     0
176
     1
290
     0
176
     1
290
     0
176
     1
290
     0
176
     1
 90
       50
176
     1
 40
0.0
176
     1
 40
1.0
176
     1
 90
        0
176
     1
 62
    18
420
        0
176
     1
 90
       50
176
     1
 90
        3
176
     1
 62
     5
420
      255
176
     1
290
     0
176
     1
 90
       50
176
     1
 90
       50
176
     1
 90
       50
176
     1
290
     0
176
     1
 90
       50
176
     1
 62
   256
176
     0
 40
1.0
176
     0
 90
        2
176
     1
  1
strokes_ogs.tif
176
     1
290
     0
176
     1
 40
1.0
176
     1
 40
1.0
176
     1
  0
VISUALSTYLE
  5
CB6
102
{ACAD_REACTORS
330
CAB
102
}
330
CAB
100
AcDbVisualStyle
  2
Dim
 70
    11
177
     3
291
     1
 70
    58
 90
        2
176
     1
 90
        2
176
     1
 90
        0
176
     1
 90
        0
176
     1
 40
0.6
176
     1
 40
30.0
176
     1
 62
     7
420
 16777215
176
     1
 90
        1
176
     1
 90
        4
176
     1
 62
     7
176
     1
 62
   257
176
     1
 90
        1
176
     1
 90
        1
176
     1
 40
1.0
176
     1
 90
        8
176
     1
 62
     7
176
     1
 40
1.0
176
     1
 90
        1
176
     1
 90
        6
176
     1
 90
        2
176
     1
 62
     7
176
     1
 90
        5
176
     1
 90
        0
176
     1
 90
        0
176
     1
290
     0
176
     1
 90
        1
176
     1
 40
-50.0
176
     1
 90
        0
176
     1
290
     0
176
     1
290
     1
176
     1
290
     1
176
     1
290
     0
176
     1
290
     0
176
     1
290
     0
176
     1
290
     0
176
     1
290
     0
176
     1
290
     0
176
     1
 90
       50
176
     1
 40
0.0
176
     1
 40
1.0
176
     1
 90
        0
176
     1
 62
    18
420
        0
176
     1
 90
       50
176
     1
 90
        3
176
     1
 62
     5
420
      255
176
     1
290
     0
176
     1
 90
       50
176
     1
 90
       50
176
     1
 90
       50
176
     1
290
     0
176
     1
 90
       50
176
     1
 62
   256
176
     0
 40
1.0
176
     0
 90
        2
176
     1
  1
strokes_ogs.tif
176
     1
290
     0
176
     1
 40
1.0
176
     1
 40
1.0
176
     1
  0
VISUALSTYLE
  5
CC3
102
{ACAD_REACTORS
330
CAB
102
}
330
CAB
100
AcDbVisualStyle
  2
EdgeColorOff
 70
    22
177
     3
291
     1
 70
    58
 90
        2
176
     0
 90
        2
176
     0
 90
        0
176
     0
 90
        0
176
     0
 40
0.6
176
     0
 40
30.0
176
     0
 62
     7
420
 16777215
176
     0
 90
        1
176
     0
 90
        4
176
     0
 62
     7
176
     0
 62
   257
176
     0
 90
        1
176
     0
 90
        1
176
     0
 40
1.0
176
     0
 90
        8
176
     2
 62
     7
176
     0
 40
1.0
176
     0
 90
        1
176
     0
 90
        6
176
     0
 90
        2
176
     0
 62
     7
176
     0
 90
        5
176
     0
 90
        0
176
     0
 90
        0
176
     0
290
     0
176
     0
 90
        1
176
     0
 40
0.0
176
     0
 90
        0
176
     0
290
     0
176
     0
290
     1
176
     0
290
     1
176
     0
290
     0
176
     0
290
     0
176
     0
290
     0
176
     0
290
     0
176
     0
290
     0
176
     0
290
     0
176
     0
 90
       50
176
     0
 40
0.0
176
     0
 40
1.0
176
     0
 90
        0
176
     0
 62
    18
420
        0
176
     0
 90
       50
176
     0
 90
        3
176
     0
 62
     5
420
      255
176
     0
290
     0
176
     0
 90
       50
176
     0
 90
       50
176
     0
 90
       50
176
     0
290
     0
176
     0
 90
       50
176
     0
 62
   256
176
     0
 40
1.0
176
     0
 90
        2
176
     0
  1
strokes_ogs.tif
176
     0
290
     0
176
     0
 40
1.0
176
     0
 40
1.0
176
     0
  0
VISUALSTYLE
  5
CBA
102
{ACAD_REACTORS
330
CAB
102
}
330
CAB
100
AcDbVisualStyle
  2
Facepattern
 70
    15
177
     3
291
     1
 70
    58
 90
        2
176
     1
 90
        2
176
     1
 90
        0
176
     1
 90
        0
176
     1
 40
0.6
176
     1
 40
30.0
176
     1
 62
     7
420
 16777215
176
     1
 90
        1
176
     1
 90
        4
176
     1
 62
     7
176
     1
 62
   257
176
     1
 90
        1
176
     1
 90
        1
176
     1
 40
1.0
176
     1
 90
        8
176
     1
 62
     7
176
     1
 40
1.0
176
     1
 90
        1
176
     1
 90
        6
176
     1
 90
        2
176
     1
 62
     7
176
     1
 90
        5
176
     1
 90
        0
176
     1
 90
        0
176
     1
290
     0
176
     1
 90
        1
176
     1
 40
0.0
176
     1
 90
        0
176
     1
290
     0
176
     1
290
     1
176
     1
290
     1
176
     1
290
     0
176
     1
290
     0
176
     1
290
     0
176
     1
290
     0
176
     1
290
     0
176
     1
290
     0
176
     1
 90
       50
176
     1
 40
0.0
176
     1
 40
1.0
176
     1
 90
        0
176
     1
 62
    18
420
        0
176
     1
 90
       50
176
     1
 90
        3
176
     1
 62
     5
420
      255
176
     1
290
     0
176
     1
 90
       50
176
     1
 90
       50
176
     1
 90
       50
176
     1
290
     0
176
     1
 90
       50
176
     1
 62
   256
176
     0
 40
1.0
176
     0
 90
        2
176
     1
  1
strokes_ogs.tif
176
     1
290
     0
176
     1
 40
1.0
176
     1
 40
1.0
176
     1
  0
VISUALSTYLE
  5
CAC
102
{ACAD_REACTORS
330
CAB
102
}
330
CAB
100
AcDbVisualStyle
  2
Flat
 70
     0
177
     3
291
     1
 70
    58
 90
        2
176
     1
 90
        1
176
     1
 90
        1
176
     1
 90
        2
176
     1
 40
0.6
176
     1
 40
30.0
176
     1
 62
     7
420
 16777215
176
     1
 90
        0
176
     1
 90
        0
176
     1
 62
     7
176
     1
 62
   257
176
     1
 90
        1
176
     1
 90
        1
176
     1
 40
1.0
176
     1
 90
        8
176
     1
 62
     7
176
     1
 40
1.0
176
     1
 90
        1
176
     1
 90
        6
176
     1
 90
        2
176
     1
 62
     7
176
     1
 90
        5
176
     1
 90
        0
176
     1
 90
        0
176
     1
290
     0
176
     1
 90
       13
176
     1
 40
0.0
176
     1
 90
        0
176
     1
290
     0
176
     1
290
     1
176
     1
290
     1
176
     1
290
     0
176
     1
290
     0
176
     1
290
     0
176
     1
290
     0
176
     1
290
     0
176
     1
290
     0
176
     1
 90
       50
176
     1
 40
0.0
176
     1
 40
1.0
176
     1
 90
        0
176
     1
 62
    18
420
        0
176
     1
 90
       50
176
     1
 90
        3
176
     1
 62
     5
420
      255
176
     1
290
     0
176
     1
 90
       50
176
     1
 90
       50
176
     1
 90
       50
176
     1
290
     0
176
     1
 90
       50
176
     1
 62
   256
176
     0
 40
1.0
176
     0
 90
        2
176
     1
  1
strokes_ogs.tif
176
     1
290
     0
176
     1
 40
1.0
176
     1
 40
1.0
176
     1
  0
VISUALSTYLE
  5
CAD
102
{ACAD_REACTORS
330
CAB
102
}
330
CAB
100
AcDbVisualStyle
  2
FlatWithEdges
 70
     1
177
     3
291
     1
 70
    58
 90
        2
176
     1
 90
        1
176
     1
 90
        1
176
     1
 90
        2
176
     1
 40
0.6
176
     1
 40
30.0
176
     1
 62
     7
420
 16777215
176
     1
 90
        1
176
     1
 90
        0
176
     1
 62
     7
176
     1
 62
   257
176
     1
 90
        1
176
     1
 90
        1
176
     1
 40
1.0
176
     1
 90
        0
176
     1
 62
   257
176
     1
 40
1.0
176
     1
 90
        1
176
     1
 90
        6
176
     1
 90
        2
176
     1
 62
     7
176
     1
 90
        5
176
     1
 90
        0
176
     1
 90
        0
176
     1
290
     0
176
     1
 90
       13
176
     1
 40
0.0
176
     1
 90
        0
176
     1
290
     0
176
     1
290
     1
176
     1
290
     1
176
     1
290
     0
176
     1
290
     0
176
     1
290
     0
176
     1
290
     0
176
     1
290
     0
176
     1
290
     0
176
     1
 90
       50
176
     1
 40
0.0
176
     1
 40
1.0
176
     1
 90
        0
176
     1
 62
    18
420
        0
176
     1
 90
       50
176
     1
 90
        3
176
     1
 62
     5
420
      255
176
     1
290
     0
176
     1
 90
       50
176
     1
 90
       50
176
     1
 90
       50
176
     1
290
     0
176
     1
 90
       50
176
     1
 62
   256
176
     0
 40
1.0
176
     0
 90
        2
176
     1
  1
strokes_ogs.tif
176
     1
290
     0
176
     1
 40
1.0
176
     1
 40
1.0
176
     1
  0
VISUALSTYLE
  5
CAE
102
{ACAD_REACTORS
330
CAB
102
}
330
CAB
100
AcDbVisualStyle
  2
Gouraud
 70
     2
177
     3
291
     1
 70
    58
 90
        2
176
     1
 90
        2
176
     1
 90
        1
176
     1
 90
        2
176
     1
 40
0.6
176
     1
 40
30.0
176
     1
 62
     7
420
 16777215
176
     1
 90
        0
176
     1
 90
        0
176
     1
 62
     7
176
     1
 62
   257
176
     1
 90
        1
176
     1
 90
        1
176
     1
 40
1.0
176
     1
 90
        0
176
     1
 62
     7
176
     1
 40
1.0
176
     1
 90
        1
176
     1
 90
        6
176
     1
 90
        2
176
     1
 62
     7
176
     1
 90
        5
176
     1
 90
        0
176
     1
 90
        0
176
     1
290
     0
176
     1
 90
       13
176
     1
 40
0.0
176
     1
 90
        0
176
     1
290
     0
176
     1
290
     1
176
     1
290
     1
176
     1
290
     0
176
     1
290
     0
176
     1
290
     0
176
     1
290
     0
176
     1
290
     0
176
     1
290
     0
176
     1
 90
       50
176
     1
 40
0.0
176
     1
 40
1.0
176
     1
 90
        0
176
     1
 62
    18
420
        0
176
     1
 90
       50
176
     1
 90
        3
176
     1
 62
     5
420
      255
176
     1
290
     0
176
     1
 90
       50
176
     1
 90
       50
176
     1
 90
       50
176
     1
290
     0
176
     1
 90
       50
176
     1
 62
   256
176
     0
 40
1.0
176
     0
 90
        2
176
     1
  1
strokes_ogs.tif
176
     1
290
     0
176
     1
 40
1.0
176
     1
 40
1.0
176
     1
  0
VISUALSTYLE
  5
CAF
102
{ACAD_REACTORS
330
CAB
102
}
330
CAB
100
AcDbVisualStyle
  2
GouraudWithEdges
 70
     3
177
     3
291
     1
 70
    58
 90
        2
176
     1
 90
        2
176
     1
 90
        1
176
     1
 90
        2
176
     1
 40
0.6
176
     1
 40
30.0
176
     1
 62
     7
420
 16777215
176
     1
 90
        1
176
     1
 90
        0
176
     1
 62
     7
176
     1
 62
   257
176
     1
 90
        1
176
     1
 90
        1
176
     1
 40
1.0
176
     1
 90
        0
176
     1
 62
   257
176
     1
 40
1.0
176
     1
 90
        1
176
     1
 90
        6
176
     1
 90
        2
176
     1
 62
     7
176
     1
 90
        5
176
     1
 90
        0
176
     1
 90
        0
176
     1
290
     0
176
     1
 90
       13
176
     1
 40
0.0
176
     1
 90
        0
176
     1
290
     0
176
     1
290
     1
176
     1
290
     1
176
     1
290
     0
176
     1
290
     0
176
     1
290
     0
176
     1
290
     0
176
     1
290
     0
176
     1
290
     0
176
     1
 90
       50
176
     1
 40
0.0
176
     1
 40
1.0
176
     1
 90
        0
176
     1
 62
    18
420
        0
176
     1
 90
       50
176
     1
 90
        3
176
     1
 62
     5
420
      255
176
     1
290
     0
176
     1
 90
       50
176
     1
 90
       50
176
     1
 90
       50
176
     1
290
     0
176
     1
 90
       50
176
     1
 62
   256
176
     0
 40
1.0
176
     0
 90
        2
176
     1
  1
strokes_ogs.tif
176
     1
290
     0
176
     1
 40
1.0
176
     1
 40
1.0
176
     1
  0
VISUALSTYLE
  5
CB3
102
{ACAD_REACTORS
330
CAB
102
}
330
CAB
100
AcDbVisualStyle
  2
Hidden
 70
     6
177
     3
291
     0
 70
    58
 90
        1
176
     1
 90
        2
176
     1
 90
        2
176
     1
 90
        0
176
     1
 40
0.6
176
     1
 40
30.0
176
     1
 62
     7
420
 16777215
176
     1
 90
        2
176
     1
 90
        2
176
     1
 62
     7
176
     1
 62
   257
176
     1
 90
        2
176
     1
 90
        1
176
     1
 40
40.0
176
     1
 90
        0
176
     1
 62
   257
176
     1
 40
1.0
176
     1
 90
        1
176
     1
 90
        6
176
     1
 90
        2
176
     1
 62
     7
176
     1
 90
        3
176
     1
 90
        0
176
     1
 90
        0
176
     1
290
     0
176
     1
 90
        1
176
     1
 40
0.0
176
     1
 90
        0
176
     1
290
     0
176
     1
290
     1
176
     1
290
     1
176
     1
290
     0
176
     1
290
     0
176
     1
290
     0
176
     1
290
     0
176
     1
290
     0
176
     1
290
     0
176
     1
 90
       50
176
     1
 40
0.0
176
     1
 40
1.0
176
     1
 90
        0
176
     1
 62
    18
420
        0
176
     1
 90
       50
176
     1
 90
        3
176
     1
 62
     5
420
      255
176
     1
290
     0
176
     1
 90
       50
176
     1
 90
       50
176
     1
 90
       50
176
     1
290
     0
176
     1
 90
       50
176
     1
 62
   256
176
     0
 40
1.0
176
     0
 90
        2
176
     1
  1
strokes_ogs.tif
176
     1
290
     0
176
     1
 40
1.0
176
     1
 40
1.0
176
     1
  0
VISUALSTYLE
  5
CC1
102
{ACAD_REACTORS
330
CAB
102
}
330
CAB
100
AcDbVisualStyle
  2
JitterOff
 70
    20
177
     3
291
     1
 70
    58
 90
        2
176
     0
 90
        2
176
     0
 90
        0
176
     0
 90
        0
176
     0
 40
0.6
176
     0
 40
30.0
176
     0
 62
     7
420
 16777215
176
     0
 90
        1
176
     0
 90
        4
176
     0
 62
     7
176
     0
 62
   257
176
     0
 90
        1
176
     0
 90
        1
176
     0
 40
1.0
176
     0
 90
       10
176
     2
 62
     7
176
     0
 40
1.0
176
     0
 90
        1
176
     0
 90
        6
176
     0
 90
        2
176
     0
 62
     7
176
     0
 90
        5
176
     0
 90
        0
176
     0
 90
        0
176
     0
290
     0
176
     0
 90
        1
176
     0
 40
0.0
176
     0
 90
        0
176
     0
290
     0
176
     0
290
     1
176
     0
290
     1
176
     0
290
     0
176
     0
290
     0
176
     0
290
     0
176
     0
290
     0
176
     0
290
     0
176
     0
290
     0
176
     0
 90
       50
176
     0
 40
0.0
176
     0
 40
1.0
176
     0
 90
        0
176
     0
 62
    18
420
        0
176
     0
 90
       50
176
     0
 90
        3
176
     0
 62
     5
420
      255
176
     0
290
     0
176
     0
 90
       50
176
     0
 90
       50
176
     0
 90
       50
176
     0
290
     0
176
     0
 90
       50
176
     0
 62
   256
176
     0
 40
1.0
176
     0
 90
        2
176
     0
  1
strokes_ogs.tif
176
     0
290
     0
176
     0
 40
1.0
176
     0
 40
1.0
176
     0
  0
VISUALSTYLE
  5
CB9
102
{ACAD_REACTORS
330
CAB
102
}
330
CAB
100
AcDbVisualStyle
  2
Linepattern
 70
    14
177
     3
291
     1
 70
    58
 90
        2
176
     1
 90
        2
176
     1
 90
        0
176
     1
 90
        0
176
     1
 40
0.6
176
     1
 40
30.0
176
     1
 62
     7
420
 16777215
176
     1
 90
        1
176
     1
 90
        4
176
     1
 62
     7
176
     1
 62
   257
176
     1
 90
        7
176
     1
 90
        7
176
     1
 40
1.0
176
     1
 90
        8
176
     1
 62
     7
176
     1
 40
1.0
176
     1
 90
        1
176
     1
 90
        6
176
     1
 90
        2
176
     1
 62
     7
176
     1
 90
        5
176
     1
 90
        0
176
     1
 90
        0
176
     1
290
     0
176
     1
 90
        1
176
     1
 40
0.0
176
     1
 90
        0
176
     1
290
     0
176
     1
290
     1
176
     1
290
     1
176
     1
290
     0
176
     1
290
     0
176
     1
290
     0
176
     1
290
     0
176
     1
290
     0
176
     1
290
     0
176
     1
 90
       50
176
     1
 40
0.0
176
     1
 40
1.0
176
     1
 90
        0
176
     1
 62
    18
420
        0
176
     1
 90
       50
176
     1
 90
        3
176
     1
 62
     5
420
      255
176
     1
290
     0
176
     1
 90
       50
176
     1
 90
       50
176
     1
 90
       50
176
     1
290
     0
176
     1
 90
       50
176
     1
 62
   256
176
     0
 40
1.0
176
     0
 90
        2
176
     1
  1
strokes_ogs.tif
176
     1
290
     0
176
     1
 40
1.0
176
     1
 40
1.0
176
     1
  0
VISUALSTYLE
  5
CC2
102
{ACAD_REACTORS
330
CAB
102
}
330
CAB
100
AcDbVisualStyle
  2
OverhangOff
 70
    21
177
     3
291
     1
 70
    58
 90
        2
176
     0
 90
        2
176
     0
 90
        0
176
     0
 90
        0
176
     0
 40
0.6
176
     0
 40
30.0
176
     0
 62
     7
420
 16777215
176
     0
 90
        1
176
     0
 90
        4
176
     0
 62
     7
176
     0
 62
   257
176
     0
 90
        1
176
     0
 90
        1
176
     0
 40
1.0
176
     0
 90
        9
176
     2
 62
     7
176
     0
 40
1.0
176
     0
 90
        1
176
     0
 90
        6
176
     0
 90
        2
176
     0
 62
     7
176
     0
 90
        5
176
     0
 90
        0
176
     0
 90
        0
176
     0
290
     0
176
     0
 90
        1
176
     0
 40
0.0
176
     0
 90
        0
176
     0
290
     0
176
     0
290
     1
176
     0
290
     1
176
     0
290
     0
176
     0
290
     0
176
     0
290
     0
176
     0
290
     0
176
     0
290
     0
176
     0
290
     0
176
     0
 90
       50
176
     0
 40
0.0
176
     0
 40
1.0
176
     0
 90
        0
176
     0
 62
    18
420
        0
176
     0
 90
       50
176
     0
 90
        3
176
     0
 62
     5
420
      255
176
     0
290
     0
176
     0
 90
       50
176
     0
 90
       50
176
     0
 90
       50
176
     0
290
     0
176
     0
 90
       50
176
     0
 62
   256
176
     0
 40
1.0
176
     0
 90
        2
176
     0
  1
strokes_ogs.tif
176
     0
290
     0
176
     0
 40
1.0
176
     0
 40
1.0
176
     0
  0
VISUALSTYLE
  5
CB5
102
{ACAD_REACTORS
330
CAB
102
}
330
CAB
100
AcDbVisualStyle
  2
Realistic
 70
     8
177
     3
291
     0
 70
    58
 90
        2
176
     1
 90
        3
176
     1
 90
        0
176
     1
 90
        2
176
     1
 40
0.6
176
     1
 40
30.0
176
     1
 62
     7
420
 16777215
176
     1
 90
        0
176
     1
 90
        0
176
     1
 62
     7
176
     1
 62
   257
176
     1
 90
        1
176
     1
 90
        1
176
     1
 40
1.0
176
     1
 90
        8
176
     1
 62
   257
176
     1
 40
1.0
176
     1
 90
        1
176
     1
 90
        6
176
     1
 90
        2
176
     1
 62
     7
176
     1
 90
        3
176
     1
 90
        0
176
     1
 90
        0
176
     1
290
     0
176
     1
 90
       13
176
     1
 40
0.0
176
     1
 90
        0
176
     1
290
     0
176
     1
290
     1
176
     1
290
     1
176
     1
290
     0
176
     1
290
     0
176
     1
290
     0
176
     1
290
     0
176
     1
290
     0
176
     1
290
     0
176
     1
 90
       50
176
     1
 40
0.0
176
     1
 40
1.0
176
     1
 90
        0
176
     1
 62
    18
420
        0
176
     1
 90
       50
176
     1
 90
        3
176
     1
 62
     5
420
      255
176
     1
290
     0
176
     1
 90
       50
176
     1
 90
       50
176
     1
 90
       50
176
     1
290
     0
176
     1
 90
       50
176
     1
 62
   256
176
     0
 40
1.0
176
     0
 90
        2
176
     1
  1
strokes_ogs.tif
176
     1
290
     0
176
     1
 40
1.0
176
     1
 40
1.0
176
     1
  0
VISUALSTYLE
  5
CC0
102
{ACAD_REACTORS
330
CAB
102
}
330
CAB
100
AcDbVisualStyle
  2
Shaded
 70
    27
177
     3
291
     0
 70
    58
 90
        2
176
     1
 90
        2
176
     1
 90
        1
176
     1
 90
        2
176
     1
 40
0.6
176
     1
 40
30.0
176
     1
 62
     7
420
 16777215
176
     1
 90
        0
176
     1
 90
        4
176
     1
 62
     7
176
     1
 62
   257
176
     1
 90
        1
176
     1
 90
        1
176
     1
 40
1.0
176
     1
 90
        8
176
     1
 62
   257
176
     1
 40
1.0
176
     1
 90
        1
176
     1
 90
        6
176
     1
 90
        2
176
     1
 62
     8
420
  7895160
176
     1
 90
        3
176
     1
 90
        0
176
     1
 90
        0
176
     1
290
     0
176
     1
 90
        5
176
     1
 40
0.0
176
     1
 90
        0
176
     1
290
     0
176
     1
290
     1
176
     1
290
     1
176
     1
290
     0
176
     1
290
     0
176
     1
290
     0
176
     1
290
     0
176
     1
290
     0
176
     1
290
     0
176
     1
 90
       50
176
     1
 40
0.0
176
     1
 40
1.0
176
     1
 90
        0
176
     1
 62
    18
420
        0
176
     1
 90
       50
176
     1
 90
        3
176
     1
 62
     5
420
      255
176
     1
290
     0
176
     1
 90
       50
176
     1
 90
       50
176
     1
 90
       50
176
     1
290
     0
176
     1
 90
       50
176
     1
 62
   256
176
     0
 40
1.0
176
     0
 90
        2
176
     1
  1
strokes_ogs.tif
176
     1
290
     0
176
     1
 40
1.0
176
     1
 40
1.0
176
     1
  0
VISUALSTYLE
  5
CBF
102
{ACAD_REACTORS
330
CAB
102
}
330
CAB
100
AcDbVisualStyle
  2
Shaded with edges
 70
    26
177
     3
291
     0
 70
    58
 90
        2
176
     1
 90
        2
176
     1
 90
        1
176
     1
 90
        2
176
     1
 40
0.6
176
     1
 40
30.0
176
     1
 62
     7
420
 16777215
176
     1
 90
        1
176
     1
 90
        2
176
     1
 62
     7
176
     1
 62
   257
176
     1
 90
        2
176
     1
 90
        1
176
     1
 40
1.0
176
     1
 90
        8
176
     1
 62
   257
176
     1
 40
1.0
176
     1
 90
        1
176
     1
 90
        6
176
     1
 90
        2
176
     1
 62
     7
176
     1
 90
        3
176
     1
 90
        0
176
     1
 90
        0
176
     1
290
     0
176
     1
 90
        5
176
     1
 40
0.0
176
     1
 90
        0
176
     1
290
     0
176
     1
290
     1
176
     1
290
     1
176
     1
290
     0
176
     1
290
     0
176
     1
290
     0
176
     1
290
     0
176
     1
290
     0
176
     1
290
     0
176
     1
 90
       50
176
     1
 40
0.0
176
     1
 40
1.0
176
     1
 90
        0
176
     1
 62
    18
420
        0
176
     1
 90
       50
176
     1
 90
        3
176
     1
 62
     5
420
      255
176
     1
290
     0
176
     1
 90
       50
176
     1
 90
       50
176
     1
 90
       50
176
     1
290
     0
176
     1
 90
       50
176
     1
 62
   256
176
     0
 40
1.0
176
     0
 90
        2
176
     1
  1
strokes_ogs.tif
176
     1
290
     0
176
     1
 40
1.0
176
     1
 40
1.0
176
     1
  0
VISUALSTYLE
  5
CBC
102
{ACAD_REACTORS
330
CAB
102
}
330
CAB
100
AcDbVisualStyle
  2
Shades of Gray
 70
    23
177
     3
291
     0
 70
    58
 90
        2
176
     1
 90
        2
176
     1
 90
        3
176
     1
 90
        0
176
     1
 40
0.6
176
     1
 40
30.0
176
     1
 62
     7
420
 16777215
176
     1
 90
        2
176
     1
 90
        2
176
     1
 62
     7
176
     1
 62
     7
176
     1
 90
        1
176
     1
 90
        1
176
     1
 40
40.0
176
     1
 90
        8
176
     1
 62
     7
176
     1
 40
1.0
176
     1
 90
        1
176
     1
 90
        6
176
     1
 90
        2
176
     1
 62
     7
176
     1
 90
        3
176
     1
 90
        0
176
     1
 90
        0
176
     1
290
     0
176
     1
 90
        1
176
     1
 40
0.0
176
     1
 90
        0
176
     1
290
     0
176
     1
290
     1
176
     1
290
     1
176
     1
290
     0
176
     1
290
     0
176
     1
290
     0
176
     1
290
     0
176
     1
290
     0
176
     1
290
     0
176
     1
 90
       50
176
     1
 40
0.0
176
     1
 40
1.0
176
     1
 90
        0
176
     1
 62
    18
420
        0
176
     1
 90
       50
176
     1
 90
        3
176
     1
 62
     5
420
      255
176
     1
290
     0
176
     1
 90
       50
176
     1
 90
       50
176
     1
 90
       50
176
     1
290
     0
176
     1
 90
       50
176
     1
 62
   256
176
     0
 40
1.0
176
     0
 90
        2
176
     1
  1
strokes_ogs.tif
176
     1
290
     0
176
     1
 40
1.0
176
     1
 40
1.0
176
     1
  0
VISUALSTYLE
  5
CBD
102
{ACAD_REACTORS
330
CAB
102
}
330
CAB
100
AcDbVisualStyle
  2
Sketchy
 70
    24
177
     3
291
     0
 70
    58
 90
        1
176
     1
 90
        2
176
     1
 90
        2
176
     1
 90
        0
176
     1
 40
0.6
176
     1
 40
30.0
176
     1
 62
     7
420
 16777215
176
     1
 90
        2
176
     1
 90
        2
176
     1
 62
     7
176
     1
 62
     7
176
     1
 90
        1
176
     1
 90
        1
176
     1
 40
40.0
176
     1
 90
       11
176
     1
 62
     7
176
     1
 40
1.0
176
     1
 90
        1
176
     1
 90
        6
176
     1
 90
        2
176
     1
 62
     7
176
     1
 90
        6
176
     1
 90
        0
176
     1
 90
        0
176
     1
290
     0
176
     1
 90
        1
176
     1
 40
0.0
176
     1
 90
        0
176
     1
290
     0
176
     1
290
     1
176
     1
290
     1
176
     1
290
     0
176
     1
290
     0
176
     1
290
     0
176
     1
290
     0
176
     1
290
     0
176
     1
290
     0
176
     1
 90
       50
176
     1
 40
0.0
176
     1
 40
1.0
176
     1
 90
        0
176
     1
 62
    18
420
        0
176
     1
 90
       50
176
     1
 90
        3
176
     1
 62
     5
420
      255
176
     1
290
     0
176
     1
 90
       50
176
     1
 90
       50
176
     1
 90
       50
176
     1
290
     0
176
     1
 90
       50
176
     1
 62
   256
176
     0
 40
1.0
176
     0
 90
        2
176
     1
  1
strokes_ogs.tif
176
     1
290
     0
176
     1
 40
1.0
176
     1
 40
1.0
176
     1
  0
VISUALSTYLE
  5
CB8
102
{ACAD_REACTORS
330
CAB
102
}
330
CAB
100
AcDbVisualStyle
  2
Thicken
 70
    13
177
     3
291
     1
 70
    58
 90
        2
176
     1
 90
        2
176
     1
 90
        0
176
     1
 90
        0
176
     1
 40
0.6
176
     1
 40
30.0
176
     1
 62
     7
420
 16777215
176
     1
 90
        1
176
     1
 90
        4
176
     1
 62
     7
176
     1
 62
   257
176
     1
 90
        1
176
     1
 90
        1
176
     1
 40
1.0
176
     1
 90
       12
176
     1
 62
     7
176
     1
 40
1.0
176
     1
 90
        1
176
     1
 90
        6
176
     1
 90
        2
176
     1
 62
     7
176
     1
 90
        5
176
     1
 90
        0
176
     1
 90
        0
176
     1
290
     0
176
     1
 90
        1
176
     1
 40
0.0
176
     1
 90
        0
176
     1
290
     0
176
     1
290
     1
176
     1
290
     1
176
     1
290
     0
176
     1
290
     0
176
     1
290
     0
176
     1
290
     0
176
     1
290
     0
176
     1
290
     0
176
     1
 90
       50
176
     1
 40
0.0
176
     1
 40
1.0
176
     1
 90
        0
176
     1
 62
    18
420
        0
176
     1
 90
       50
176
     1
 90
        3
176
     1
 62
     5
420
      255
176
     1
290
     0
176
     1
 90
       50
176
     1
 90
       50
176
     1
 90
       50
176
     1
290
     0
176
     1
 90
       50
176
     1
 62
   256
176
     0
 40
1.0
176
     0
 90
        2
176
     1
  1
strokes_ogs.tif
176
     1
290
     0
176
     1
 40
1.0
176
     1
 40
1.0
176
     1
  0
VISUALSTYLE
  5
CB2
102
{ACAD_REACTORS
330
CAB
102
}
330
CAB
100
AcDbVisualStyle
  2
Wireframe
 70
     5
177
     3
291
     0
 70
    58
 90
        0
176
     1
 90
        2
176
     1
 90
        0
176
     1
 90
        0
176
     1
 40
0.6
176
     1
 40
30.0
176
     1
 62
     7
420
 16777215
176
     1
 90
        1
176
     1
 90
        4
176
     1
 62
     7
176
     1
 62
   257
176
     1
 90
        1
176
     1
 90
        1
176
     1
 40
1.0
176
     1
 90
        0
176
     1
 62
   257
176
     1
 40
1.0
176
     1
 90
        1
176
     1
 90
        6
176
     1
 90
        2
176
     1
 62
     7
176
     1
 90
        3
176
     1
 90
        0
176
     1
 90
        0
176
     1
290
     0
176
     1
 90
        1
176
     1
 40
0.0
176
     1
 90
        0
176
     1
290
     0
176
     1
290
     1
176
     1
290
     1
176
     1
290
     0
176
     1
290
     0
176
     1
290
     0
176
     1
290
     0
176
     1
290
     0
176
     1
290
     0
176
     1
 90
       50
176
     1
 40
0.0
176
     1
 40
1.0
176
     1
 90
        0
176
     1
 62
    18
420
        0
176
     1
 90
       50
176
     1
 90
        3
176
     1
 62
     5
420
      255
176
     1
290
     0
176
     1
 90
       50
176
     1
 90
       50
176
     1
 90
       50
176
     1
290
     0
176
     1
 90
       50
176
     1
 62
   256
176
     0
 40
1.0
176
     0
 90
        2
176
     1
  1
strokes_ogs.tif
176
     1
290
     0
176
     1
 40
1.0
176
     1
 40
1.0
176
     1
  0
VISUALSTYLE
  5
CBE
102
{ACAD_REACTORS
330
CAB
102
}
330
CAB
100
AcDbVisualStyle
  2
X-Ray
 70
    25
177
     3
291
     0
 70
    58
 90
        2
176
     1
 90
        2
176
     1
 90
        1
176
     1
 90
        1
176
     1
 40
0.5
176
     1
 40
30.0
176
     1
 62
     7
420
 16777215
176
     1
 90
        1
176
     1
 90
        0
176
     1
 62
     7
176
     1
 62
   257
176
     1
 90
        1
176
     1
 90
        1
176
     1
 40
1.0
176
     1
 90
        8
176
     1
 62
     7
176
     1
 40
1.0
176
     1
 90
        1
176
     1
 90
        6
176
     1
 90
        2
176
     1
 62
     7
176
     1
 90
        3
176
     1
 90
        0
176
     1
 90
        0
176
     1
290
     0
176
     1
 90
       13
176
     1
 40
0.0
176
     1
 90
        0
176
     1
290
     0
176
     1
290
     1
176
     1
290
     1
176
     1
290
     0
176
     1
290
     0
176
     1
290
     0
176
     1
290
     0
176
     1
290
     0
176
     1
290
     0
176
     1
 90
       50
176
     1
 40
0.0
176
     1
 40
1.0
176
     1
 90
        0
176
     1
 62
    18
420
        0
176
     1
 90
       50
176
     1
 90
        3
176
     1
 62
     5
420
      255
176
     1
290
     0
176
     1
 90
       50
176
     1
 90
       50
176
     1
 90
       50
176
     1
290
     0
176
     1
 90
       50
176
     1
 62
   256
176
     0
 40
1.0
176
     0
 90
        2
176
     1
  1
strokes_ogs.tif
176
     1
290
     0
176
     1
 40
1.0
176
     1
 40
1.0
176
     1
  0
DICTIONARYVAR
  5
CE4
102
{ACAD_REACTORS
330
CDF
102
}
330
CDF
100
DictionaryVariables
280
     0
  1
1:1
  0
DICTIONARYVAR
  5
CE1
102
{ACAD_REACTORS
330
CDF
102
}
330
CDF
100
DictionaryVariables
280
     0
  1
Standard
  0
DICTIONARYVAR
  5
CE0
102
{ACAD_REACTORS
330
CDF
102
}
330
CDF
100
DictionaryVariables
280
     0
  1
Standard
  0
DICTIONARYVAR
  5
CE2
102
{ACAD_REACTORS
330
CDF
102
}
330
CDF
100
DictionaryVariables
280
     0
  1
Imperial24
  0
DICTIONARYVAR
  5
CE3
102
{ACAD_REACTORS
330
CDF
102
}
330
CDF
100
DictionaryVariables
280
     0
  1
Imperial24
  0
DICTIONARY
  5
CF5
330
CC6
100
AcDbDictionary
280
     1
281
     1
  3
ACAD_ROUNDTRIP_2008_TABLESTYLE_CELLSTYLEMAP
360
CF6
  0
CELLSTYLEMAP
  5
CF6
102
{ACAD_REACTORS
330
CF5
102
}
330
CF5
100
AcDbCellStyleMap
 90
        3
300
CELLSTYLE
  1
TABLEFORMAT_BEGIN
 90
        5
170
     1
 91
        0
 92
    32768
 62
   257
 93
        1
300
CONTENTFORMAT
  1
CONTENTFORMAT_BEGIN
 90
        0
 91
        0
 92
      512
 93
        0
300

 40
0.0
140
1.0
 94
        5
 62
     0
340
11
144
0.25
309
CONTENTFORMAT_END
171
     0
 94
        0
309
TABLEFORMAT_END
  1
CELLSTYLE_BEGIN
 90
        1
 91
        1
300
_TITLE
309
CELLSTYLE_END
300
CELLSTYLE
  1
TABLEFORMAT_BEGIN
 90
        5
170
     1
 91
        0
 92
        0
 62
   257
 93
        1
300
CONTENTFORMAT
  1
CONTENTFORMAT_BEGIN
 90
        0
 91
        0
 92
      512
 93
        0
300

 40
0.0
140
1.0
 94
        5
 62
     0
340
11
144
0.18
309
CONTENTFORMAT_END
171
     0
 94
        0
309
TABLEFORMAT_END
  1
CELLSTYLE_BEGIN
 90
        2
 91
        1
300
_HEADER
309
CELLSTYLE_END
300
CELLSTYLE
  1
TABLEFORMAT_BEGIN
 90
        5
170
     1
 91
        0
 92
        0
 62
   257
 93
        1
300
CONTENTFORMAT
  1
CONTENTFORMAT_BEGIN
 90
        0
 91
        0
 92
      512
 93
        0
300

 40
0.0
140
1.0
 94
        2
 62
     0
340
11
144
0.18
309
CONTENTFORMAT_END
171
     0
 94
        0
309
TABLEFORMAT_END
  1
CELLSTYLE_BEGIN
 90
        3
 91
        2
300
_DATA
309
CELLSTYLE_END
  0
ENDSEC
  0
SECTION
  2
ACDSDATA
 70
     2
 71
     2
  0
ACDSSCHEMA
 90
        0
  1
AcDb_Thumbnail_Schema
  2
AcDbDs::ID
280
    10
 91
        8
  2
Thumbnail_Data
280
    15
 91
        0
101
ACDSRECORD
 95
        0
 90
        2
  2
AcDbDs::TreatedAsObjectData
280
     1
291
     1
101
ACDSRECORD
 95
        0
 90
        3
  2
AcDbDs::Legacy
280
     1
291
     1
101
ACDSRECORD
  1
AcDbDs::ID
 90
        4
  2
AcDs:Indexable
280
     1
291
     1
101
ACDSRECORD
  1
AcDbDs::ID
 90
        5
  2
AcDbDs::HandleAttribute
280
     7
282
     1
  0
ACDSSCHEMA
 90
        1
  1
AcDb3DSolid_ASM_Data
  2
AcDbDs::ID
280
    10
 91
        8
  2
ASM_Data
280
    15
 91
        0
101
ACDSRECORD
 95
        1
 90
        2
  2
AcDbDs::TreatedAsObjectData
280
     1
291
     1
101
ACDSRECORD
 95
        1
 90
        3
  2
AcDbDs::Legacy
280
     1
291
     1
101
ACDSRECORD
  1
AcDbDs::ID
 90
        4
  2
AcDs:Indexable
280
     1
291
     1
101
ACDSRECORD
  1
AcDbDs::ID
 90
        5
  2
AcDbDs::HandleAttribute
280
     7
282
     1
  0
ACDSSCHEMA
 90
        2
  1
AcDbDs::TreatedAsObjectDataSchema
  2
AcDbDs::TreatedAsObjectData
280
     1
 91
        0
  0
ACDSSCHEMA
 90
        3
  1
AcDbDs::LegacySchema
  2
AcDbDs::Legacy
280
     1
 91
        0
  0
ACDSSCHEMA
 90
        4
  1
AcDbDs::IndexedPropertySchema
  2
AcDs:Indexable
280
     1
 91
        0
  0
ACDSSCHEMA
 90
        5
  1
AcDbDs::HandleAttributeSchema
  2
AcDbDs::HandleAttribute
280
     7
 91
        1
284
     1
  0
ACDSRECORD
 90
        0
  2
AcDbDs::ID
280
    10
320
C8E
  2
Thumbnail_Data
280
    15
 94
     1209
310
89504E470D0A1A0A0000000D49484452000001000000007F080300000037AFECF400000300504C5445212830FFFFFF2128300000000000000000000000000000000000000000000000000000330000660000990000CC0000FF0033000033330033660033990033CC0033FF0066000066330066660066990066CC0066FF0099
310
000099330099660099990099CC0099FF00CC0000CC3300CC6600CC9900CCCC00CCFF00FF0000FF3300FF6600FF9900FFCC00FFFF3300003300333300663300993300CC3300FF3333003333333333663333993333CC3333FF3366003366333366663366993366CC3366FF3399003399333399663399993399CC3399FF33CC00
310
33CC3333CC6633CC9933CCCC33CCFF33FF0033FF3333FF6633FF9933FFCC33FFFF6600006600336600666600996600CC6600FF6633006633336633666633996633CC6633FF6666006666336666666666996666CC6666FF6699006699336699666699996699CC6699FF66CC0066CC3366CC6666CC9966CCCC66CCFF66FF0066
310
FF3366FF6666FF9966FFCC66FFFF9900009900339900669900999900CC9900FF9933009933339933669933999933CC9933FF9966009966339966669966999966CC9966FF9999009999339999669999999999CC9999FF99CC0099CC3399CC6699CC9999CCCC99CCFF99FF0099FF3399FF6699FF9999FFCC99FFFFCC0000CC00
310
33CC0066CC0099CC00CCCC00FFCC3300CC3333CC3366CC3399CC33CCCC33FFCC6600CC6633CC6666CC6699CC66CCCC66FFCC9900CC9933CC9966CC9999CC99CCCC99FFCCCC00CCCC33CCCC66CCCC99CCCCCCCCCCFFCCFF00CCFF33CCFF66CCFF99CCFFCCCCFFFFFF0000FF0033FF0066FF0099FF00CCFF00FFFF3300FF3333
310
FF3366FF3399FF33CCFF33FFFF6600FF6633FF6666FF6699FF66CCFF66FFFF9900FF9933FF9966FF9999FF99CCFF99FFFFCC00FFCC33FFCC66FFCC99FFCCCCFFCCFFFFFF00FFFF33FFFF66FFFF99FFFFCCFFFFFF0000000D0D0D1A1A1A2828283535354343435050505D5D5D6B6B6B787878868686939393A1A1A1AEAEAEBB
310
BBBBC9C9C9D6D6D6E4E4E4F1F1F1FFFFFF0000000000000000000000000000000000000000000000000000000000002E4550F1000001744944415478DAEDDDDD6DC2301406D0BB50F61FC06BB086DF6BD7A48AA055054855C9770C8A42FC76FC736D27C4557F9CFA2FA9CE9EFAF8EC87C3C5C3F52C8055E6B900D75A0F20B9
310
09541A8028F04AF69900B66D7CAF69FE4803D86E1280C026100A101F0584C1FE64E6696AC0F3B906420000000000000000000000000000000000000000BC218035C1F85561B7C775820000000000000000000000000000000000000000000000000000000000000000000000000082006E1F0E4A03B87B3C2A0FE0F83EA560
310
80AAE026B04B000805A87080AF93F52E15009A804E1040E440281DC064287532143F1DCE5E1099C5BE0A3FB3067CFB77B12C8055F2BDF5F01AD0DADDBA4810C038C905A859FA6D008C4362185CD57FA6E03EE0B3F42B1E609EE72D8800D0046AF5812310664E860E51A0C57682B50F842E86C2C193A1663A1C0A70C95E1039
310
5EE83F669F1FE0A16C000000BC3D804D56BC4C4D1F0000000061D0BEC3B17B8EDA7516809DA7B3F71EFF6751E0037B54B313CFEFB8BB0000000049454E44AE426082
  0
ENDSEC
  0
EOF
