  0
SECTION
  2
HEADER
  9
$ACADVER
  1
AC1032
  9
$ACADMAINTVER
 90
       55
  9
$DWGCODEPAGE
  3
ANSI_936
  9
$LASTSAVEDBY
  1
zongti2
  9
$REQUIREDVERSIONS
160
                 0
  9
$INSBASE
 10
0.0
 20
0.0
 30
0.0
  9
$EXTMIN
 10
-0.2500000003800267
 20
0.0
 30
0.0
  9
$EXTMAX
 10
32.24999999822003
 20
129.99999999948
 30
0.0
  9
$LIMMIN
 10
0.0
 20
0.0
  9
$LIMMAX
 10
22.0
 20
17.0
  9
$ORTHOMODE
 70
     0
  9
$REGENMODE
 70
     1
  9
$FILLMODE
 70
     1
  9
$QTEXTMODE
 70
     0
  9
$MIRRTEXT
 70
     0
  9
$LTSCALE
 40
1.21
  9
$ATTMODE
 70
     1
  9
$TEXTSIZE
 40
0.2
  9
$TRACEWID
 40
0.05
  9
$TEXTSTYLE
  7
STANDARD
  9
$CLAYER
  8
0
  9
$CELTYPE
  6
BYLAYER
  9
$CECOLOR
 62
   256
  9
$CELTSCALE
 40
1.0
  9
$DISPSILH
 70
     0
  9
$DIMSCALE
 40
1.0
  9
$DIMASZ
 40
0.1875
  9
$DIMEXO
 40
0.0625
  9
$DIMDLI
 40
0.836
  9
$DIMRND
 40
0.0
  9
$DIMDLE
 40
0.0
  9
$DIMEXE
 40
0.125
  9
$DIMTP
 40
0.0
  9
$DIMTM
 40
0.0
  9
$DIMTXT
 40
0.15625
  9
$DIMCEN
 40
0.198
  9
$DIMTSZ
 40
0.0
  9
$DIMTOL
 70
     0
  9
$DIMLIM
 70
     0
  9
$DIMTIH
 70
     1
  9
$DIMTOH
 70
     1
  9
$DIMSE1
 70
     0
  9
$DIMSE2
 70
     0
  9
$DIMTAD
 70
     0
  9
$DIMZIN
 70
     0
  9
$DIMBLK
  1
FILLED
  9
$DIMASO
 70
     1
  9
$DIMSHO
 70
     1
  9
$DIMPOST
  1

  9
$DIMAPOST
  1

  9
$DIMALT
 70
     0
  9
$DIMALTD
 70
     2
  9
$DIMALTF
 40
25.4
  9
$DIMLFAC
 40
1.0
  9
$DIMTOFL
 70
     0
  9
$DIMTVP
 40
0.0
  9
$DIMTIX
 70
     0
  9
$DIMSOXD
 70
     0
  9
$DIMSAH
 70
     0
  9
$DIMBLK1
  1

  9
$DIMBLK2
  1

  9
$DIMSTYLE
  2
STANDARD
  9
$DIMCLRD
 70
     0
  9
$DIMCLRE
 70
     0
  9
$DIMCLRT
 70
     0
  9
$DIMTFAC
 40
1.0
  9
$DIMGAP
 40
0.09
  9
$DIMJUST
 70
     0
  9
$DIMSD1
 70
     0
  9
$DIMSD2
 70
     0
  9
$DIMTOLJ
 70
     1
  9
$DIMTZIN
 70
     0
  9
$DIMALTZ
 70
     0
  9
$DIMALTTZ
 70
     0
  9
$DIMUPT
 70
     0
  9
$DIMDEC
 70
     4
  9
$DIMTDEC
 70
     4
  9
$DIMALTU
 70
     2
  9
$DIMALTTD
 70
     2
  9
$DIMTXSTY
  7
STANDARD
  9
$DIMAUNIT
 70
     0
  9
$DIMADEC
 70
     0
  9
$DIMALTRND
 40
0.0
  9
$DIMAZIN
 70
     0
  9
$DIMDSEP
 70
    46
  9
$DIMATFIT
 70
     3
  9
$DIMFRAC
 70
     0
  9
$DIMLDRBLK
  1

  9
$DIMLUNIT
 70
     2
  9
$DIMLWD
 70
    -2
  9
$DIMLWE
 70
    -2
  9
$DIMTMOVE
 70
     0
  9
$DIMFXL
 40
1.0
  9
$DIMFXLON
 70
     0
  9
$DIMJOGANG
 40
0.7853981633974483
  9
$DIMTFILL
 70
     0
  9
$DIMTFILLCLR
 70
     0
  9
$DIMARCSYM
 70
     0
  9
$DIMLTYPE
  6

  9
$DIMLTEX1
  6

  9
$DIMLTEX2
  6

  9
$DIMTXTDIRECTION
 70
     0
  9
$LUNITS
 70
     2
  9
$LUPREC
 70
     4
  9
$SKETCHINC
 40
0.1
  9
$FILLETRAD
 40
0.0
  9
$AUNITS
 70
     0
  9
$AUPREC
 70
     0
  9
$MENU
  1
.
  9
$ELEVATION
 40
0.0
  9
$PELEVATION
 40
0.0
  9
$THICKNESS
 40
0.0
  9
$LIMCHECK
 70
     0
  9
$CHAMFERA
 40
0.0
  9
$CHAMFERB
 40
0.0
  9
$CHAMFERC
 40
0.0
  9
$CHAMFERD
 40
0.0
  9
$SKPOLY
 70
     0
  9
$TDCREATE
 40
2460811.643333334
  9
$TDUCREATE
 40
2460811.31
  9
$TDUPDATE
 40
2461307.476800382
  9
$TDUUPDATE
 40
2461307.143467049
  9
$TDINDWG
 40
0.0003472222
  9
$TDUSRTIMER
 40
0.0003472222
  9
$USRTIMER
 70
     1
  9
$ANGBASE
 50
0.0
  9
$ANGDIR
 70
     0
  9
$PDMODE
 70
     3
  9
$PDSIZE
 40
0.3125
  9
$PLINEWID
 40
0.0
  9
$SPLFRAME
 70
     0
  9
$SPLINETYPE
 70
     6
  9
$SPLINESEGS
 70
     8
  9
$HANDSEED
  5
96B
  9
$SURFTAB1
 70
     6
  9
$SURFTAB2
 70
     6
  9
$SURFTYPE
 70
     6
  9
$SURFU
 70
     6
  9
$SURFV
 70
     6
  9
$UCSBASE
  2

  9
$UCSNAME
  2

  9
$UCSORG
 10
0.0
 20
0.0
 30
0.0
  9
$UCSXDIR
 10
1.0
 20
0.0
 30
0.0
  9
$UCSYDIR
 10
0.0
 20
1.0
 30
0.0
  9
$UCSORTHOREF
  2

  9
$UCSORTHOVIEW
 70
     0
  9
$UCSORGTOP
 10
0.0
 20
0.0
 30
0.0
  9
$UCSORGBOTTOM
 10
0.0
 20
0.0
 30
0.0
  9
$UCSORGLEFT
 10
0.0
 20
0.0
 30
0.0
  9
$UCSORGRIGHT
 10
0.0
 20
0.0
 30
0.0
  9
$UCSORGFRONT
 10
0.0
 20
0.0
 30
0.0
  9
$UCSORGBACK
 10
0.0
 20
0.0
 30
0.0
  9
$PUCSBASE
  2

  9
$PUCSNAME
  2

  9
$PUCSORG
 10
0.0
 20
0.0
 30
0.0
  9
$PUCSXDIR
 10
1.0
 20
0.0
 30
0.0
  9
$PUCSYDIR
 10
0.0
 20
1.0
 30
0.0
  9
$PUCSORTHOREF
  2

  9
$PUCSORTHOVIEW
 70
     0
  9
$PUCSORGTOP
 10
0.0
 20
0.0
 30
0.0
  9
$PUCSORGBOTTOM
 10
0.0
 20
0.0
 30
0.0
  9
$PUCSORGLEFT
 10
0.0
 20
0.0
 30
0.0
  9
$PUCSORGRIGHT
 10
0.0
 20
0.0
 30
0.0
  9
$PUCSORGFRONT
 10
0.0
 20
0.0
 30
0.0
  9
$PUCSORGBACK
 10
0.0
 20
0.0
 30
0.0
  9
$USERI1
 70
     0
  9
$USERI2
 70
     0
  9
$USERI3
 70
     0
  9
$USERI4
 70
     0
  9
$USERI5
 70
     0
  9
$USERR1
 40
0.0
  9
$USERR2
 40
0.0
  9
$USERR3
 40
0.0
  9
$USERR4
 40
0.0
  9
$USERR5
 40
0.0
  9
$WORLDVIEW
 70
     1
  9
$SHADEDGE
 70
     3
  9
$SHADEDIF
 70
    70
  9
$TILEMODE
 70
     1
  9
$MAXACTVP
 70
    64
  9
$PINSBASE
 10
0.0
 20
0.0
 30
0.0
  9
$PLIMCHECK
 70
     0
  9
$PEXTMIN
 10
1.000000000000000E+20
 20
1.000000000000000E+20
 30
1.000000000000000E+20
  9
$PEXTMAX
 10
-1.000000000000000E+20
 20
-1.000000000000000E+20
 30
-1.000000000000000E+20
  9
$PLIMMIN
 10
0.0
 20
0.0
  9
$PLIMMAX
 10
12.0
 20
9.0
  9
$UNITMODE
 70
     0
  9
$VISRETAIN
 70
     1
  9
$PLINEGEN
 70
     0
  9
$PSLTSCALE
 70
     1
  9
$TREEDEPTH
 70
  3020
  9
$CMLSTYLE
  2
Standard
  9
$CMLJUST
 70
     0
  9
$CMLSCALE
 40
1.0
  9
$PROXYGRAPHICS
 70
     1
  9
$MEASUREMENT
 70
     0
  9
$CELWEIGHT
370
    -1
  9
$ENDCAPS
280
     0
  9
$JOINSTYLE
280
     0
  9
$LWDISPLAY
290
     0
  9
$INSUNITS
 70
     1
  9
$HYPERLINKBASE
  1

  9
$STYLESHEET
  1

  9
$XEDIT
290
     1
  9
$CEPSNTYPE
380
     0
  9
$PSTYLEMODE
290
     1
  9
$FINGERPRINTGUID
  2
{7EC7BC1F-DA85-FA47-B7CA-EAE808CE1378}
  9
$VERSIONGUID
  2
{39C7BE02-FF0A-4041-9832-EE3928D72508}
  9
$EXTNAMES
290
     1
  9
$PSVPSCALE
 40
0.0
  9
$OLESTARTUP
290
     0
  9
$SORTENTS
280
   127
  9
$INDEXCTL
280
     0
  9
$HIDETEXT
280
     1
  9
$XCLIPFRAME
280
     2
  9
$HALOGAP
280
     0
  9
$OBSCOLOR
 70
   257
  9
$OBSLTYPE
280
     0
  9
$INTERSECTIONDISPLAY
280
     0
  9
$INTERSECTIONCOLOR
 70
   257
  9
$DIMASSOC
280
     2
  9
$PROJECTNAME
  1

  9
$CAMERADISPLAY
290
     0
  9
$LENSLENGTH
 40
50.0
  9
$CAMERAHEIGHT
 40
0.0
  9
$STEPSPERSEC
 40
2.0
  9
$STEPSIZE
 40
6.0
  9
$3DDWFPREC
 40
2.0
  9
$PSOLWIDTH
 40
0.25
  9
$PSOLHEIGHT
 40
4.0
  9
$LOFTANG1
 40
1.570796326794897
  9
$LOFTANG2
 40
1.570796326794897
  9
$LOFTMAG1
 40
0.0
  9
$LOFTMAG2
 40
0.0
  9
$LOFTPARAM
 70
     7
  9
$LOFTNORMALS
280
     1
  9
$LATITUDE
 40
37.795
  9
$LONGITUDE
 40
-122.394
  9
$NORTHDIRECTION
 40
0.0
  9
$TIMEZONE
 70
 -8000
  9
$LIGHTGLYPHDISPLAY
280
     1
  9
$TILEMODELIGHTSYNCH
280
     1
  9
$CMATERIAL
347
906
  9
$SOLIDHIST
280
     0
  9
$SHOWHIST
280
     1
  9
$DWFFRAME
280
     2
  9
$DGNFRAME
280
     0
  9
$REALWORLDSCALE
290
     1
  9
$INTERFERECOLOR
 62
     1
  9
$CSHADOW
280
     0
  9
$SHADOWPLANELOCATION
 40
0.0
  0
ENDSEC
  0
SECTION
  2
CLASSES
  0
CLASS
  1
ACDBDICTIONARYWDFLT
  2
AcDbDictionaryWithDefault
  3
ObjectDBX Classes
 90
        0
 91
        3
280
     0
281
     0
  0
CLASS
  1
ACDBPLACEHOLDER
  2
AcDbPlaceHolder
  3
ObjectDBX Classes
 90
        0
 91
        1
280
     0
281
     0
  0
CLASS
  1
LAYOUT
  2
AcDbLayout
  3
ObjectDBX Classes
 90
        0
 91
        1
280
     0
281
     0
  0
CLASS
  1
MATERIAL
  2
AcDbMaterial
  3
ObjectDBX Classes
 90
     1153
 91
        3
280
     0
281
     0
  0
CLASS
  1
VISUALSTYLE
  2
AcDbVisualStyle
  3
ObjectDBX Classes
 90
     4095
 91
        3
280
     0
281
     0
  0
CLASS
  1
TABLESTYLE
  2
AcDbTableStyle
  3
ObjectDBX Classes
 90
     4095
 91
        3
280
     0
281
     0
  0
CLASS
  1
SCALE
  2
AcDbScale
  3
ObjectDBX Classes
 90
     1153
 91
        3
280
     0
281
     0
  0
CLASS
  1
MLEADERSTYLE
  2
AcDbMLeaderStyle
  3
ACDB_MLEADERSTYLE_CLASS
 90
     4095
 91
        3
280
     0
281
     0
  0
CLASS
  1
ACDBSECTIONVIEWSTYLE
  2
AcDbSectionViewStyle
  3
ObjectDBX Classes
 90
     1025
 91
        3
280
     0
281
     0
  0
CLASS
  1
ACDBDETAILVIEWSTYLE
  2
AcDbDetailViewStyle
  3
ObjectDBX Classes
 90
     1025
 91
        3
280
     0
281
     0
  0
CLASS
  1
DICTIONARYVAR
  2
AcDbDictionaryVar
  3
ObjectDBX Classes
 90
        0
 91
        3
280
     0
281
     0
  0
CLASS
  1
CELLSTYLEMAP
  2
AcDbCellStyleMap
  3
ObjectDBX Classes
 90
     1152
 91
        3
280
     0
281
     0
  0
ENDSEC
  0
SECTION
  2
TABLES
  0
TABLE
  2
VPORT
  5
8
330
0
100
AcDbSymbolTable
 70
     1
  0
VPORT
  5
1F4
330
8
100
AcDbSymbolTableRecord
100
AcDbViewportTableRecord
  2
*ACTIVE
 70
     0
 10
0.0
 20
0.0
 11
1.0
 21
1.0
 12
15.99999999892002
 22
64.99999999973998
 13
0.0
 23
0.0
 14
1.0
 24
1.0
 15
0.0
 25
0.0
 16
0.0
 26
0.0
 36
1.0
 17
0.0
 27
0.0
 37
0.0
 40
130.9605911324811
 41
2.00616522811344
 42
50.0
 43
0.0
 44
0.0
 50
0.0
 51
0.0
 71
     0
 72
   100
 73
     1
 74
     1
 75
     0
 76
     0
 77
     0
 78
     0
281
     0
 65
     1
110
0.0
120
0.0
130
0.0
111
1.0
121
0.0
131
0.0
112
0.0
122
1.0
132
0.0
 79
     0
146
0.0
348
924
 60
     3
 61
     5
292
     1
282
     1
141
0.0
142
0.0
 63
   250
421
  3355443
1001
ACAD_NAV_VCDISPLAY
1070
     3
  0
ENDTAB
  0
TABLE
  2
LTYPE
  5
5
330
0
100
AcDbSymbolTable
 70
     6
  0
LTYPE
  5
14
330
5
100
AcDbSymbolTableRecord
100
AcDbLinetypeTableRecord
  2
BYBLOCK
 70
     0
  3

 72
    65
 73
     0
 40
0.0
  0
LTYPE
  5
15
330
5
100
AcDbSymbolTableRecord
100
AcDbLinetypeTableRecord
  2
BYLAYER
 70
     0
  3

 72
    65
 73
     0
 40
0.0
  0
LTYPE
  5
16
330
5
100
AcDbSymbolTableRecord
100
AcDbLinetypeTableRecord
  2
CONTINUOUS
 70
     0
  3
Solid line
 72
    65
 73
     0
 40
0.0
  0
LTYPE
  5
1F5
330
5
100
AcDbSymbolTableRecord
100
AcDbLinetypeTableRecord
  2
CENTER
 70
     0
  3
____ _ ____ _ ____ _ ____ _ ____ _ ____ _ ____
 72
    65
 73
     4
 40
0.6
 49
0.375
 74
     0
 49
-0.075
 74
     0
 49
0.075
 74
     0
 49
-0.075
 74
     0
  0
LTYPE
  5
1F6
330
5
100
AcDbSymbolTableRecord
100
AcDbLinetypeTableRecord
  2
HIDDEN
 70
     0
  3
- - - - - - - - - - - - - - - - - - - -
 72
    65
 73
     2
 40
0.2
 49
0.1
 74
     0
 49
-0.1
 74
     0
  0
LTYPE
  5
1F7
330
5
100
AcDbSymbolTableRecord
100
AcDbLinetypeTableRecord
  2
PHANTOM
 70
     0
  3
_____ _ _ _____ _ _ _____ _ _ _____
 72
    65
 73
     6
 40
0.8
 49
0.45
 74
     0
 49
-0.05
 74
     0
 49
0.1
 74
     0
 49
-0.05
 74
     0
 49
0.1
 74
     0
 49
-0.05
 74
     0
  0
LTYPE
  5
1F8
330
5
100
AcDbSymbolTableRecord
100
AcDbLinetypeTableRecord
  2
DOT
 70
     0
  3
. . . . . . . . . . . . . . . . . . . .
 72
    65
 73
     2
 40
0.2
 49
0.1
 74
     0
 49
-0.1
 74
     0
  0
LTYPE
  5
1F9
330
5
100
AcDbSymbolTableRecord
100
AcDbLinetypeTableRecord
  2
DASHED
 70
     0
  3
- - - - - - - - - - - - - - - - - - - -
 72
    65
 73
     2
 40
0.2
 49
0.1
 74
     0
 49
-0.1
 74
     0
  0
ENDTAB
  0
TABLE
  2
LAYER
  5
2
102
{ACAD_XDICTIONARY
360
961
102
}
330
0
100
AcDbSymbolTable
 70
   213
  0
LAYER
  5
10
330
2
100
AcDbSymbolTableRecord
100
AcDbLayerTableRecord
  2
0
 70
     0
 62
     7
  6
CONTINUOUS
370
    -3
390
F
347
916
348
0
  0
LAYER
  5
1FA
330
2
100
AcDbSymbolTableRecord
100
AcDbLayerTableRecord
  2
DEFAULT_1
 70
     0
 62
     7
  6
CENTER
370
    -3
390
F
347
916
348
0
  0
LAYER
  5
1FB
330
2
100
AcDbSymbolTableRecord
100
AcDbLayerTableRecord
  2
DEFAULT_2
 70
     0
 62
     8
  6
HIDDEN
370
    -3
390
F
347
916
348
0
  0
LAYER
  5
1FC
330
2
100
AcDbSymbolTableRecord
100
AcDbLayerTableRecord
  2
DEFAULT_3
 70
     0
 62
     7
  6
PHANTOM
370
    -3
390
F
347
916
348
0
  0
LAYER
  5
1FD
330
2
100
AcDbSymbolTableRecord
100
AcDbLayerTableRecord
  2
01_ALL_DTM_PLN
 70
     0
 62
     7
  6
CONTINUOUS
370
    -3
390
F
347
916
348
0
  0
LAYER
  5
1FE
330
2
100
AcDbSymbolTableRecord
100
AcDbLayerTableRecord
  2
01__ASM_ALL_DTM_PLN
 70
     0
 62
     7
  6
CONTINUOUS
370
    -3
390
F
347
916
348
0
  0
LAYER
  5
1FF
330
2
100
AcDbSymbolTableRecord
100
AcDbLayerTableRecord
  2
01__ASM_DEF_DTM_PLN
 70
     0
 62
     7
  6
CONTINUOUS
370
    -3
390
F
347
916
348
0
  0
LAYER
  5
200
330
2
100
AcDbSymbolTableRecord
100
AcDbLayerTableRecord
  2
01___PRT_ALL_DTM_PLN
 70
     0
 62
     7
  6
CONTINUOUS
370
    -3
390
F
347
916
348
0
  0
LAYER
  5
201
330
2
100
AcDbSymbolTableRecord
100
AcDbLayerTableRecord
  2
01___PRT_DEF_DTM_PLN
 70
     0
 62
     7
  6
CONTINUOUS
370
    -3
390
F
347
916
348
0
  0
LAYER
  5
202
330
2
100
AcDbSymbolTableRecord
100
AcDbLayerTableRecord
  2
02_ALL_AXES
 70
     0
 62
     7
  6
CONTINUOUS
370
    -3
390
F
347
916
348
0
  0
LAYER
  5
203
330
2
100
AcDbSymbolTableRecord
100
AcDbLayerTableRecord
  2
02__ASM_ALL_AXES
 70
     0
 62
     7
  6
CONTINUOUS
370
    -3
390
F
347
916
348
0
  0
LAYER
  5
204
330
2
100
AcDbSymbolTableRecord
100
AcDbLayerTableRecord
  2
02___PRT_ALL_AXES
 70
     0
 62
     7
  6
CONTINUOUS
370
    -3
390
F
347
916
348
0
  0
LAYER
  5
205
330
2
100
AcDbSymbolTableRecord
100
AcDbLayerTableRecord
  2
03_ALL_CURVES
 70
     0
 62
     7
  6
CONTINUOUS
370
    -3
390
F
347
916
348
0
  0
LAYER
  5
206
330
2
100
AcDbSymbolTableRecord
100
AcDbLayerTableRecord
  2
03__ASM_ALL_CURVES
 70
     0
 62
     7
  6
CONTINUOUS
370
    -3
390
F
347
916
348
0
  0
LAYER
  5
207
330
2
100
AcDbSymbolTableRecord
100
AcDbLayerTableRecord
  2
03___PRT_ALL_CURVES
 70
     0
 62
     7
  6
CONTINUOUS
370
    -3
390
F
347
916
348
0
  0
LAYER
  5
208
330
2
100
AcDbSymbolTableRecord
100
AcDbLayerTableRecord
  2
04_ALL_DTM_PNT
 70
     0
 62
     7
  6
CONTINUOUS
370
    -3
390
F
347
916
348
0
  0
LAYER
  5
209
330
2
100
AcDbSymbolTableRecord
100
AcDbLayerTableRecord
  2
04__ASM_ALL_DTM_PNT
 70
     0
 62
     7
  6
CONTINUOUS
370
    -3
390
F
347
916
348
0
  0
LAYER
  5
20A
330
2
100
AcDbSymbolTableRecord
100
AcDbLayerTableRecord
  2
04___PRT_ALL_DTM_PNT
 70
     0
 62
     7
  6
CONTINUOUS
370
    -3
390
F
347
916
348
0
  0
LAYER
  5
20B
330
2
100
AcDbSymbolTableRecord
100
AcDbLayerTableRecord
  2
05_ALL_DTM_CSYS
 70
     0
 62
     7
  6
CONTINUOUS
370
    -3
390
F
347
916
348
0
  0
LAYER
  5
20C
330
2
100
AcDbSymbolTableRecord
100
AcDbLayerTableRecord
  2
05__ASM_ALL_DTM_CSYS
 70
     0
 62
     7
  6
CONTINUOUS
370
    -3
390
F
347
916
348
0
  0
LAYER
  5
20D
330
2
100
AcDbSymbolTableRecord
100
AcDbLayerTableRecord
  2
05__ASM_DEF_DTM_CSYS
 70
     0
 62
     7
  6
CONTINUOUS
370
    -3
390
F
347
916
348
0
  0
LAYER
  5
20E
330
2
100
AcDbSymbolTableRecord
100
AcDbLayerTableRecord
  2
05___PRT_ALL_DTM_CSYS
 70
     0
 62
     7
  6
CONTINUOUS
370
    -3
390
F
347
916
348
0
  0
LAYER
  5
20F
330
2
100
AcDbSymbolTableRecord
100
AcDbLayerTableRecord
  2
05___PRT_DEF_DTM_CSYS
 70
     0
 62
     7
  6
CONTINUOUS
370
    -3
390
F
347
916
348
0
  0
LAYER
  5
210
330
2
100
AcDbSymbolTableRecord
100
AcDbLayerTableRecord
  2
06_ALL_SURFS
 70
     0
 62
     7
  6
CONTINUOUS
370
    -3
390
F
347
916
348
0
  0
LAYER
  5
211
330
2
100
AcDbSymbolTableRecord
100
AcDbLayerTableRecord
  2
06__ASM_ALL_SURFS
 70
     0
 62
     7
  6
CONTINUOUS
370
    -3
390
F
347
916
348
0
  0
LAYER
  5
212
330
2
100
AcDbSymbolTableRecord
100
AcDbLayerTableRecord
  2
06___PRT_ALL_SURFS
 70
     0
 62
     7
  6
CONTINUOUS
370
    -3
390
F
347
916
348
0
  0
LAYER
  5
213
330
2
100
AcDbSymbolTableRecord
100
AcDbLayerTableRecord
  2
07__ASM_ALL_SKELETONS
 70
     0
 62
     7
  6
CONTINUOUS
370
    -3
390
F
347
916
348
0
  0
LAYER
  5
214
330
2
100
AcDbSymbolTableRecord
100
AcDbLayerTableRecord
  2
1-1
 70
     0
 62
     7
  6
CONTINUOUS
370
    -3
390
F
347
916
348
0
  0
LAYER
  5
215
330
2
100
AcDbSymbolTableRecord
100
AcDbLayerTableRecord
  2
1-2
 70
     0
 62
     7
  6
CONTINUOUS
370
    -3
390
F
347
916
348
0
  0
LAYER
  5
216
330
2
100
AcDbSymbolTableRecord
100
AcDbLayerTableRecord
  2
1-3
 70
     0
 62
     7
  6
CONTINUOUS
370
    -3
390
F
347
916
348
0
  0
LAYER
  5
217
330
2
100
AcDbSymbolTableRecord
100
AcDbLayerTableRecord
  2
1-5
 70
     0
 62
     7
  6
CONTINUOUS
370
    -3
390
F
347
916
348
0
  0
LAYER
  5
218
330
2
100
AcDbSymbolTableRecord
100
AcDbLayerTableRecord
  2
1-6
 70
     0
 62
     7
  6
CONTINUOUS
370
    -3
390
F
347
916
348
0
  0
LAYER
  5
219
330
2
100
AcDbSymbolTableRecord
100
AcDbLayerTableRecord
  2
1-7
 70
     0
 62
     7
  6
CONTINUOUS
370
    -3
390
F
347
916
348
0
  0
LAYER
  5
21A
330
2
100
AcDbSymbolTableRecord
100
AcDbLayerTableRecord
  2
1-8
 70
     0
 62
     7
  6
CONTINUOUS
370
    -3
390
F
347
916
348
0
  0
LAYER
  5
21B
330
2
100
AcDbSymbolTableRecord
100
AcDbLayerTableRecord
  2
1-9
 70
     0
 62
     7
  6
CONTINUOUS
370
    -3
390
F
347
916
348
0
  0
LAYER
  5
21C
330
2
100
AcDbSymbolTableRecord
100
AcDbLayerTableRecord
  2
17623-1_ASM
 70
     0
 62
     7
  6
CONTINUOUS
370
    -3
390
F
347
916
348
0
  0
LAYER
  5
21D
330
2
100
AcDbSymbolTableRecord
100
AcDbLayerTableRecord
  2
1762ZHONG_ASM
 70
     0
 62
     7
  6
CONTINUOUS
370
    -3
390
F
347
916
348
0
  0
LAYER
  5
21E
330
2
100
AcDbSymbolTableRecord
100
AcDbLayerTableRecord
  2
1_ALL_PLANES
 70
     0
 62
     7
  6
CONTINUOUS
370
    -3
390
F
347
916
348
0
  0
LAYER
  5
21F
330
2
100
AcDbSymbolTableRecord
100
AcDbLayerTableRecord
  2
2_ALL_CSYS
 70
     0
 62
     7
  6
CONTINUOUS
370
    -3
390
F
347
916
348
0
  0
LAYER
  5
220
330
2
100
AcDbSymbolTableRecord
100
AcDbLayerTableRecord
  2
3_ALL_AXES
 70
     0
 62
     7
  6
CONTINUOUS
370
    -3
390
F
347
916
348
0
  0
LAYER
  5
221
330
2
100
AcDbSymbolTableRecord
100
AcDbLayerTableRecord
  2
5_ALL_CURVES
 70
     0
 62
     7
  6
CONTINUOUS
370
    -3
390
F
347
916
348
0
  0
LAYER
  5
222
330
2
100
AcDbSymbolTableRecord
100
AcDbLayerTableRecord
  2
7_ALL_FEATURES
 70
     0
 62
     7
  6
CONTINUOUS
370
    -3
390
F
347
916
348
0
  0
LAYER
  5
223
330
2
100
AcDbSymbolTableRecord
100
AcDbLayerTableRecord
  2
ASM0002_ASM
 70
     0
 62
     7
  6
CONTINUOUS
370
    -3
390
F
347
916
348
0
  0
LAYER
  5
224
330
2
100
AcDbSymbolTableRecord
100
AcDbLayerTableRecord
  2
ASM0003_ASM
 70
     0
 62
     7
  6
CONTINUOUS
370
    -3
390
F
347
916
348
0
  0
LAYER
  5
225
330
2
100
AcDbSymbolTableRecord
100
AcDbLayerTableRecord
  2
ASM0004_ASM
 70
     0
 62
     7
  6
CONTINUOUS
370
    -3
390
F
347
916
348
0
  0
LAYER
  5
226
330
2
100
AcDbSymbolTableRecord
100
AcDbLayerTableRecord
  2
ASM0005_ASM_2_ASM
 70
     0
 62
     7
  6
CONTINUOUS
370
    -3
390
F
347
916
348
0
  0
LAYER
  5
227
330
2
100
AcDbSymbolTableRecord
100
AcDbLayerTableRecord
  2
COLOR10
 70
     0
 62
     7
  6
CONTINUOUS
370
    -3
390
F
347
916
348
0
  0
LAYER
  5
228
330
2
100
AcDbSymbolTableRecord
100
AcDbLayerTableRecord
  2
COLOR11
 70
     0
 62
     7
  6
CONTINUOUS
370
    -3
390
F
347
916
348
0
  0
LAYER
  5
229
330
2
100
AcDbSymbolTableRecord
100
AcDbLayerTableRecord
  2
COLOR12
 70
     0
 62
     7
  6
CONTINUOUS
370
    -3
390
F
347
916
348
0
  0
LAYER
  5
22A
330
2
100
AcDbSymbolTableRecord
100
AcDbLayerTableRecord
  2
COLOR13
 70
     0
 62
     7
  6
CONTINUOUS
370
    -3
390
F
347
916
348
0
  0
LAYER
  5
22B
330
2
100
AcDbSymbolTableRecord
100
AcDbLayerTableRecord
  2
COLOR14
 70
     0
 62
     7
  6
CONTINUOUS
370
    -3
390
F
347
916
348
0
  0
LAYER
  5
22C
330
2
100
AcDbSymbolTableRecord
100
AcDbLayerTableRecord
  2
COLOR3
 70
     0
 62
     7
  6
CONTINUOUS
370
    -3
390
F
347
916
348
0
  0
LAYER
  5
22D
330
2
100
AcDbSymbolTableRecord
100
AcDbLayerTableRecord
  2
ECAD_C0402N
 70
     0
 62
     7
  6
CONTINUOUS
370
    -3
390
F
347
916
348
0
  0
LAYER
  5
22E
330
2
100
AcDbSymbolTableRecord
100
AcDbLayerTableRecord
  2
ECAD_C0603M
 70
     0
 62
     7
  6
CONTINUOUS
370
    -3
390
F
347
916
348
0
  0
LAYER
  5
22F
330
2
100
AcDbSymbolTableRecord
100
AcDbLayerTableRecord
  2
ECAD_C0805M
 70
     0
 62
     7
  6
CONTINUOUS
370
    -3
390
F
347
916
348
0
  0
LAYER
  5
230
330
2
100
AcDbSymbolTableRecord
100
AcDbLayerTableRecord
  2
ECAD_C1206M
 70
     0
 62
     7
  6
CONTINUOUS
370
    -3
390
F
347
916
348
0
  0
LAYER
  5
231
330
2
100
AcDbSymbolTableRecord
100
AcDbLayerTableRecord
  2
ECAD_C1210M
 70
     0
 62
     7
  6
CONTINUOUS
370
    -3
390
F
347
916
348
0
  0
LAYER
  5
232
330
2
100
AcDbSymbolTableRecord
100
AcDbLayerTableRecord
  2
ECAD_C1812M
 70
     0
 62
     7
  6
CONTINUOUS
370
    -3
390
F
347
916
348
0
  0
LAYER
  5
233
330
2
100
AcDbSymbolTableRecord
100
AcDbLayerTableRecord
  2
ECAD_C3528M
 70
     0
 62
     7
  6
CONTINUOUS
370
    -3
390
F
347
916
348
0
  0
LAYER
  5
234
330
2
100
AcDbSymbolTableRecord
100
AcDbLayerTableRecord
  2
ECAD_DFN1006-2N_SOD882
 70
     0
 62
     7
  6
CONTINUOUS
370
    -3
390
F
347
916
348
0
  0
LAYER
  5
235
330
2
100
AcDbSymbolTableRecord
100
AcDbLayerTableRecord
  2
ECAD_DIPTRONICS_DTS-63
 70
     0
 62
     7
  6
CONTINUOUS
370
    -3
390
F
347
916
348
0
  0
LAYER
  5
236
330
2
100
AcDbSymbolTableRecord
100
AcDbLayerTableRecord
  2
ECAD_DIPTRONICS_EMR-08
 70
     0
 62
     7
  6
CONTINUOUS
370
    -3
390
F
347
916
348
0
  0
LAYER
  5
237
330
2
100
AcDbSymbolTableRecord
100
AcDbLayerTableRecord
  2
ECAD_EPSON_TSX-3225
 70
     0
 62
     7
  6
CONTINUOUS
370
    -3
390
F
347
916
348
0
  0
LAYER
  5
238
330
2
100
AcDbSymbolTableRecord
100
AcDbLayerTableRecord
  2
ECAD_LED0402N
 70
     0
 62
     7
  6
CONTINUOUS
370
    -3
390
F
347
916
348
0
  0
LAYER
  5
239
330
2
100
AcDbSymbolTableRecord
100
AcDbLayerTableRecord
  2
ECAD_MARK
 70
     0
 62
     7
  6
CONTINUOUS
370
    -3
390
F
347
916
348
0
  0
LAYER
  5
23A
330
2
100
AcDbSymbolTableRecord
100
AcDbLayerTableRecord
  2
ECAD_MOUNTINGHOLEPLATED-M2_5
 70
     0
 62
     7
  6
CONTINUOUS
370
    -3
390
F
347
916
348
0
  0
LAYER
  5
23B
330
2
100
AcDbSymbolTableRecord
100
AcDbLayerTableRecord
  2
ECAD_PULSE_HX5401NL
 70
     0
 62
     7
  6
CONTINUOUS
370
    -3
390
F
347
916
348
0
  0
LAYER
  5
23C
330
2
100
AcDbSymbolTableRecord
100
AcDbLayerTableRecord
  2
ECAD_QFP40P1800X1800X120-145N
 70
     0
 62
     7
  6
CONTINUOUS
370
    -3
390
F
347
916
348
0
  0
LAYER
  5
23D
330
2
100
AcDbSymbolTableRecord
100
AcDbLayerTableRecord
  2
ECAD_QFP50P2200X2200X160-144M_M
 70
     0
 62
     7
  6
CONTINUOUS
370
    -3
390
F
347
916
348
0
  0
LAYER
  5
23E
330
2
100
AcDbSymbolTableRecord
100
AcDbLayerTableRecord
  2
ECAD_R0402N
 70
     0
 62
     7
  6
CONTINUOUS
370
    -3
390
F
347
916
348
0
  0
LAYER
  5
23F
330
2
100
AcDbSymbolTableRecord
100
AcDbLayerTableRecord
  2
ECAD_R0603M
 70
     0
 62
     7
  6
CONTINUOUS
370
    -3
390
F
347
916
348
0
  0
LAYER
  5
240
330
2
100
AcDbSymbolTableRecord
100
AcDbLayerTableRecord
  2
ECAD_R0603X4M
 70
     0
 62
     7
  6
CONTINUOUS
370
    -3
390
F
347
916
348
0
  0
LAYER
  5
241
330
2
100
AcDbSymbolTableRecord
100
AcDbLayerTableRecord
  2
ECAD_R0805M
 70
     0
 62
     7
  6
CONTINUOUS
370
    -3
390
F
347
916
348
0
  0
LAYER
  5
242
330
2
100
AcDbSymbolTableRecord
100
AcDbLayerTableRecord
  2
ECAD_SAMTEC_TSW-102-08-L-S-RA
 70
     0
 62
     7
  6
CONTINUOUS
370
    -3
390
F
347
916
348
0
  0
LAYER
  5
243
330
2
100
AcDbSymbolTableRecord
100
AcDbLayerTableRecord
  2
ECAD_SAMTEC_TSW-102-XX-X-S
 70
     0
 62
     7
  6
CONTINUOUS
370
    -3
390
F
347
916
348
0
  0
LAYER
  5
244
330
2
100
AcDbSymbolTableRecord
100
AcDbLayerTableRecord
  2
ECAD_SHINNING_1762-608-66-N
 70
     0
 62
     7
  6
CONTINUOUS
370
    -3
390
F
347
916
348
0
  0
LAYER
  5
245
330
2
100
AcDbSymbolTableRecord
100
AcDbLayerTableRecord
  2
ECAD_SOIC127P600X175-8M_MS-012A
 70
     0
 62
     7
  6
CONTINUOUS
370
    -3
390
F
347
916
348
0
  0
LAYER
  5
246
330
2
100
AcDbSymbolTableRecord
100
AcDbLayerTableRecord
  2
ECAD_SON50P200X200X100-9M_NCP45
 70
     0
 62
     7
  6
CONTINUOUS
370
    -3
390
F
347
916
348
0
  0
LAYER
  5
247
330
2
100
AcDbSymbolTableRecord
100
AcDbLayerTableRecord
  2
ECAD_SON50P300X400X80-15WGED3M_
 70
     0
 62
     7
  6
CONTINUOUS
370
    -3
390
F
347
916
348
0
  0
LAYER
  5
248
330
2
100
AcDbSymbolTableRecord
100
AcDbLayerTableRecord
  2
ECAD_SOT95P280X145-5M_MO-178AA
 70
     0
 62
     7
  6
CONTINUOUS
370
    -3
390
F
347
916
348
0
  0
LAYER
  5
249
330
2
100
AcDbSymbolTableRecord
100
AcDbLayerTableRecord
  2
ECAD_TESTPOINT-SMD
 70
     0
 62
     7
  6
CONTINUOUS
370
    -3
390
F
347
916
348
0
  0
LAYER
  5
24A
330
2
100
AcDbSymbolTableRecord
100
AcDbLayerTableRecord
  2
ECAD_TE_1734099-5
 70
     0
 62
     7
  6
CONTINUOUS
370
    -3
390
F
347
916
348
0
  0
LAYER
  5
24B
330
2
100
AcDbSymbolTableRecord
100
AcDbLayerTableRecord
  2
ECAD_WURTH_WE-HCI
 70
     0
 62
     7
  6
CONTINUOUS
370
    -3
390
F
347
916
348
0
  0
LAYER
  5
24C
330
2
100
AcDbSymbolTableRecord
100
AcDbLayerTableRecord
  2
ECAD_WURTH_WE-LQS-SIZE4025
 70
     0
 62
     7
  6
CONTINUOUS
370
    -3
390
F
347
916
348
0
  0
LAYER
  5
24D
330
2
100
AcDbSymbolTableRecord
100
AcDbLayerTableRecord
  2
HOUSING_AF1_1
 70
     0
 62
     7
  6
CONTINUOUS
370
    -3
390
F
347
916
348
0
  0
LAYER
  5
24E
330
2
100
AcDbSymbolTableRecord
100
AcDbLayerTableRecord
  2
INTF_RED
 70
     0
 62
     7
  6
CONTINUOUS
370
    -3
390
F
347
916
348
0
  0
LAYER
  5
24F
330
2
100
AcDbSymbolTableRecord
100
AcDbLayerTableRecord
  2
INTF_YELLOW
 70
     0
 62
     7
  6
CONTINUOUS
370
    -3
390
F
347
916
348
0
  0
LAYER
  5
250
330
2
100
AcDbSymbolTableRecord
100
AcDbLayerTableRecord
  2
NONE
 70
     0
 62
     7
  6
CONTINUOUS
370
    -3
390
F
347
916
348
0
  0
LAYER
  5
251
330
2
100
AcDbSymbolTableRecord
100
AcDbLayerTableRecord
  2
PLUGTERMINAL
 70
     0
 62
     7
  6
CONTINUOUS
370
    -3
390
F
347
916
348
0
  0
LAYER
  5
252
330
2
100
AcDbSymbolTableRecord
100
AcDbLayerTableRecord
  2
PLUGTERMINAL_1
 70
     0
 62
     7
  6
CONTINUOUS
370
    -3
390
F
347
916
348
0
  0
LAYER
  5
253
330
2
100
AcDbSymbolTableRecord
100
AcDbLayerTableRecord
  2
PLUGTERMINAL_10
 70
     0
 62
     7
  6
CONTINUOUS
370
    -3
390
F
347
916
348
0
  0
LAYER
  5
254
330
2
100
AcDbSymbolTableRecord
100
AcDbLayerTableRecord
  2
PLUGTERMINAL_11
 70
     0
 62
     7
  6
CONTINUOUS
370
    -3
390
F
347
916
348
0
  0
LAYER
  5
255
330
2
100
AcDbSymbolTableRecord
100
AcDbLayerTableRecord
  2
PLUGTERMINAL_12
 70
     0
 62
     7
  6
CONTINUOUS
370
    -3
390
F
347
916
348
0
  0
LAYER
  5
256
330
2
100
AcDbSymbolTableRecord
100
AcDbLayerTableRecord
  2
PLUGTERMINAL_13
 70
     0
 62
     7
  6
CONTINUOUS
370
    -3
390
F
347
916
348
0
  0
LAYER
  5
257
330
2
100
AcDbSymbolTableRecord
100
AcDbLayerTableRecord
  2
PLUGTERMINAL_14
 70
     0
 62
     7
  6
CONTINUOUS
370
    -3
390
F
347
916
348
0
  0
LAYER
  5
258
330
2
100
AcDbSymbolTableRecord
100
AcDbLayerTableRecord
  2
PLUGTERMINAL_15
 70
     0
 62
     7
  6
CONTINUOUS
370
    -3
390
F
347
916
348
0
  0
LAYER
  5
259
330
2
100
AcDbSymbolTableRecord
100
AcDbLayerTableRecord
  2
PLUGTERMINAL_16
 70
     0
 62
     7
  6
CONTINUOUS
370
    -3
390
F
347
916
348
0
  0
LAYER
  5
25A
330
2
100
AcDbSymbolTableRecord
100
AcDbLayerTableRecord
  2
PLUGTERMINAL_17
 70
     0
 62
     7
  6
CONTINUOUS
370
    -3
390
F
347
916
348
0
  0
LAYER
  5
25B
330
2
100
AcDbSymbolTableRecord
100
AcDbLayerTableRecord
  2
PLUGTERMINAL_18
 70
     0
 62
     7
  6
CONTINUOUS
370
    -3
390
F
347
916
348
0
  0
LAYER
  5
25C
330
2
100
AcDbSymbolTableRecord
100
AcDbLayerTableRecord
  2
PLUGTERMINAL_19
 70
     0
 62
     7
  6
CONTINUOUS
370
    -3
390
F
347
916
348
0
  0
LAYER
  5
25D
330
2
100
AcDbSymbolTableRecord
100
AcDbLayerTableRecord
  2
PLUGTERMINAL_2
 70
     0
 62
     7
  6
CONTINUOUS
370
    -3
390
F
347
916
348
0
  0
LAYER
  5
25E
330
2
100
AcDbSymbolTableRecord
100
AcDbLayerTableRecord
  2
PLUGTERMINAL_20
 70
     0
 62
     7
  6
CONTINUOUS
370
    -3
390
F
347
916
348
0
  0
LAYER
  5
25F
330
2
100
AcDbSymbolTableRecord
100
AcDbLayerTableRecord
  2
PLUGTERMINAL_21
 70
     0
 62
     7
  6
CONTINUOUS
370
    -3
390
F
347
916
348
0
  0
LAYER
  5
260
330
2
100
AcDbSymbolTableRecord
100
AcDbLayerTableRecord
  2
PLUGTERMINAL_22
 70
     0
 62
     7
  6
CONTINUOUS
370
    -3
390
F
347
916
348
0
  0
LAYER
  5
261
330
2
100
AcDbSymbolTableRecord
100
AcDbLayerTableRecord
  2
PLUGTERMINAL_23
 70
     0
 62
     7
  6
CONTINUOUS
370
    -3
390
F
347
916
348
0
  0
LAYER
  5
262
330
2
100
AcDbSymbolTableRecord
100
AcDbLayerTableRecord
  2
PLUGTERMINAL_24
 70
     0
 62
     7
  6
CONTINUOUS
370
    -3
390
F
347
916
348
0
  0
LAYER
  5
263
330
2
100
AcDbSymbolTableRecord
100
AcDbLayerTableRecord
  2
PLUGTERMINAL_25
 70
     0
 62
     7
  6
CONTINUOUS
370
    -3
390
F
347
916
348
0
  0
LAYER
  5
264
330
2
100
AcDbSymbolTableRecord
100
AcDbLayerTableRecord
  2
PLUGTERMINAL_26
 70
     0
 62
     7
  6
CONTINUOUS
370
    -3
390
F
347
916
348
0
  0
LAYER
  5
265
330
2
100
AcDbSymbolTableRecord
100
AcDbLayerTableRecord
  2
PLUGTERMINAL_27
 70
     0
 62
     7
  6
CONTINUOUS
370
    -3
390
F
347
916
348
0
  0
LAYER
  5
266
330
2
100
AcDbSymbolTableRecord
100
AcDbLayerTableRecord
  2
PLUGTERMINAL_28
 70
     0
 62
     7
  6
CONTINUOUS
370
    -3
390
F
347
916
348
0
  0
LAYER
  5
267
330
2
100
AcDbSymbolTableRecord
100
AcDbLayerTableRecord
  2
PLUGTERMINAL_29
 70
     0
 62
     7
  6
CONTINUOUS
370
    -3
390
F
347
916
348
0
  0
LAYER
  5
268
330
2
100
AcDbSymbolTableRecord
100
AcDbLayerTableRecord
  2
PLUGTERMINAL_3
 70
     0
 62
     7
  6
CONTINUOUS
370
    -3
390
F
347
916
348
0
  0
LAYER
  5
269
330
2
100
AcDbSymbolTableRecord
100
AcDbLayerTableRecord
  2
PLUGTERMINAL_30
 70
     0
 62
     7
  6
CONTINUOUS
370
    -3
390
F
347
916
348
0
  0
LAYER
  5
26A
330
2
100
AcDbSymbolTableRecord
100
AcDbLayerTableRecord
  2
PLUGTERMINAL_31
 70
     0
 62
     7
  6
CONTINUOUS
370
    -3
390
F
347
916
348
0
  0
LAYER
  5
26B
330
2
100
AcDbSymbolTableRecord
100
AcDbLayerTableRecord
  2
PLUGTERMINAL_32
 70
     0
 62
     7
  6
CONTINUOUS
370
    -3
390
F
347
916
348
0
  0
LAYER
  5
26C
330
2
100
AcDbSymbolTableRecord
100
AcDbLayerTableRecord
  2
PLUGTERMINAL_33
 70
     0
 62
     7
  6
CONTINUOUS
370
    -3
390
F
347
916
348
0
  0
LAYER
  5
26D
330
2
100
AcDbSymbolTableRecord
100
AcDbLayerTableRecord
  2
PLUGTERMINAL_34
 70
     0
 62
     7
  6
CONTINUOUS
370
    -3
390
F
347
916
348
0
  0
LAYER
  5
26E
330
2
100
AcDbSymbolTableRecord
100
AcDbLayerTableRecord
  2
PLUGTERMINAL_35
 70
     0
 62
     7
  6
CONTINUOUS
370
    -3
390
F
347
916
348
0
  0
LAYER
  5
26F
330
2
100
AcDbSymbolTableRecord
100
AcDbLayerTableRecord
  2
PLUGTERMINAL_36
 70
     0
 62
     7
  6
CONTINUOUS
370
    -3
390
F
347
916
348
0
  0
LAYER
  5
270
330
2
100
AcDbSymbolTableRecord
100
AcDbLayerTableRecord
  2
PLUGTERMINAL_37
 70
     0
 62
     7
  6
CONTINUOUS
370
    -3
390
F
347
916
348
0
  0
LAYER
  5
271
330
2
100
AcDbSymbolTableRecord
100
AcDbLayerTableRecord
  2
PLUGTERMINAL_38
 70
     0
 62
     7
  6
CONTINUOUS
370
    -3
390
F
347
916
348
0
  0
LAYER
  5
272
330
2
100
AcDbSymbolTableRecord
100
AcDbLayerTableRecord
  2
PLUGTERMINAL_39
 70
     0
 62
     7
  6
CONTINUOUS
370
    -3
390
F
347
916
348
0
  0
LAYER
  5
273
330
2
100
AcDbSymbolTableRecord
100
AcDbLayerTableRecord
  2
PLUGTERMINAL_4
 70
     0
 62
     7
  6
CONTINUOUS
370
    -3
390
F
347
916
348
0
  0
LAYER
  5
274
330
2
100
AcDbSymbolTableRecord
100
AcDbLayerTableRecord
  2
PLUGTERMINAL_40
 70
     0
 62
     7
  6
CONTINUOUS
370
    -3
390
F
347
916
348
0
  0
LAYER
  5
275
330
2
100
AcDbSymbolTableRecord
100
AcDbLayerTableRecord
  2
PLUGTERMINAL_41
 70
     0
 62
     7
  6
CONTINUOUS
370
    -3
390
F
347
916
348
0
  0
LAYER
  5
276
330
2
100
AcDbSymbolTableRecord
100
AcDbLayerTableRecord
  2
PLUGTERMINAL_42
 70
     0
 62
     7
  6
CONTINUOUS
370
    -3
390
F
347
916
348
0
  0
LAYER
  5
277
330
2
100
AcDbSymbolTableRecord
100
AcDbLayerTableRecord
  2
PLUGTERMINAL_43
 70
     0
 62
     7
  6
CONTINUOUS
370
    -3
390
F
347
916
348
0
  0
LAYER
  5
278
330
2
100
AcDbSymbolTableRecord
100
AcDbLayerTableRecord
  2
PLUGTERMINAL_44
 70
     0
 62
     7
  6
CONTINUOUS
370
    -3
390
F
347
916
348
0
  0
LAYER
  5
279
330
2
100
AcDbSymbolTableRecord
100
AcDbLayerTableRecord
  2
PLUGTERMINAL_45
 70
     0
 62
     7
  6
CONTINUOUS
370
    -3
390
F
347
916
348
0
  0
LAYER
  5
27A
330
2
100
AcDbSymbolTableRecord
100
AcDbLayerTableRecord
  2
PLUGTERMINAL_46
 70
     0
 62
     7
  6
CONTINUOUS
370
    -3
390
F
347
916
348
0
  0
LAYER
  5
27B
330
2
100
AcDbSymbolTableRecord
100
AcDbLayerTableRecord
  2
PLUGTERMINAL_47
 70
     0
 62
     7
  6
CONTINUOUS
370
    -3
390
F
347
916
348
0
  0
LAYER
  5
27C
330
2
100
AcDbSymbolTableRecord
100
AcDbLayerTableRecord
  2
PLUGTERMINAL_48
 70
     0
 62
     7
  6
CONTINUOUS
370
    -3
390
F
347
916
348
0
  0
LAYER
  5
27D
330
2
100
AcDbSymbolTableRecord
100
AcDbLayerTableRecord
  2
PLUGTERMINAL_49
 70
     0
 62
     7
  6
CONTINUOUS
370
    -3
390
F
347
916
348
0
  0
LAYER
  5
27E
330
2
100
AcDbSymbolTableRecord
100
AcDbLayerTableRecord
  2
PLUGTERMINAL_5
 70
     0
 62
     7
  6
CONTINUOUS
370
    -3
390
F
347
916
348
0
  0
LAYER
  5
27F
330
2
100
AcDbSymbolTableRecord
100
AcDbLayerTableRecord
  2
PLUGTERMINAL_50
 70
     0
 62
     7
  6
CONTINUOUS
370
    -3
390
F
347
916
348
0
  0
LAYER
  5
280
330
2
100
AcDbSymbolTableRecord
100
AcDbLayerTableRecord
  2
PLUGTERMINAL_51
 70
     0
 62
     7
  6
CONTINUOUS
370
    -3
390
F
347
916
348
0
  0
LAYER
  5
281
330
2
100
AcDbSymbolTableRecord
100
AcDbLayerTableRecord
  2
PLUGTERMINAL_52
 70
     0
 62
     7
  6
CONTINUOUS
370
    -3
390
F
347
916
348
0
  0
LAYER
  5
282
330
2
100
AcDbSymbolTableRecord
100
AcDbLayerTableRecord
  2
PLUGTERMINAL_53
 70
     0
 62
     7
  6
CONTINUOUS
370
    -3
390
F
347
916
348
0
  0
LAYER
  5
283
330
2
100
AcDbSymbolTableRecord
100
AcDbLayerTableRecord
  2
PLUGTERMINAL_54
 70
     0
 62
     7
  6
CONTINUOUS
370
    -3
390
F
347
916
348
0
  0
LAYER
  5
284
330
2
100
AcDbSymbolTableRecord
100
AcDbLayerTableRecord
  2
PLUGTERMINAL_55
 70
     0
 62
     7
  6
CONTINUOUS
370
    -3
390
F
347
916
348
0
  0
LAYER
  5
285
330
2
100
AcDbSymbolTableRecord
100
AcDbLayerTableRecord
  2
PLUGTERMINAL_56
 70
     0
 62
     7
  6
CONTINUOUS
370
    -3
390
F
347
916
348
0
  0
LAYER
  5
286
330
2
100
AcDbSymbolTableRecord
100
AcDbLayerTableRecord
  2
PLUGTERMINAL_57
 70
     0
 62
     7
  6
CONTINUOUS
370
    -3
390
F
347
916
348
0
  0
LAYER
  5
287
330
2
100
AcDbSymbolTableRecord
100
AcDbLayerTableRecord
  2
PLUGTERMINAL_58
 70
     0
 62
     7
  6
CONTINUOUS
370
    -3
390
F
347
916
348
0
  0
LAYER
  5
288
330
2
100
AcDbSymbolTableRecord
100
AcDbLayerTableRecord
  2
PLUGTERMINAL_59
 70
     0
 62
     7
  6
CONTINUOUS
370
    -3
390
F
347
916
348
0
  0
LAYER
  5
289
330
2
100
AcDbSymbolTableRecord
100
AcDbLayerTableRecord
  2
PLUGTERMINAL_6
 70
     0
 62
     7
  6
CONTINUOUS
370
    -3
390
F
347
916
348
0
  0
LAYER
  5
28A
330
2
100
AcDbSymbolTableRecord
100
AcDbLayerTableRecord
  2
PLUGTERMINAL_7
 70
     0
 62
     7
  6
CONTINUOUS
370
    -3
390
F
347
916
348
0
  0
LAYER
  5
28B
330
2
100
AcDbSymbolTableRecord
100
AcDbLayerTableRecord
  2
PLUGTERMINAL_8
 70
     0
 62
     7
  6
CONTINUOUS
370
    -3
390
F
347
916
348
0
  0
LAYER
  5
28C
330
2
100
AcDbSymbolTableRecord
100
AcDbLayerTableRecord
  2
PLUGTERMINAL_9
 70
     0
 62
     7
  6
CONTINUOUS
370
    -3
390
F
347
916
348
0
  0
LAYER
  5
28D
330
2
100
AcDbSymbolTableRecord
100
AcDbLayerTableRecord
  2
PRT0002
 70
     0
 62
     7
  6
CONTINUOUS
370
    -3
390
F
347
916
348
0
  0
LAYER
  5
28E
330
2
100
AcDbSymbolTableRecord
100
AcDbLayerTableRecord
  2
PRT0008
 70
     0
 62
     7
  6
CONTINUOUS
370
    -3
390
F
347
916
348
0
  0
LAYER
  5
28F
330
2
100
AcDbSymbolTableRecord
100
AcDbLayerTableRecord
  2
PRT0009
 70
     0
 62
     7
  6
CONTINUOUS
370
    -3
390
F
347
916
348
0
  0
LAYER
  5
290
330
2
100
AcDbSymbolTableRecord
100
AcDbLayerTableRecord
  2
PRT0010
 70
     0
 62
     7
  6
CONTINUOUS
370
    -3
390
F
347
916
348
0
  0
LAYER
  5
291
330
2
100
AcDbSymbolTableRecord
100
AcDbLayerTableRecord
  2
PRT0012
 70
     0
 62
     7
  6
CONTINUOUS
370
    -3
390
F
347
916
348
0
  0
LAYER
  5
292
330
2
100
AcDbSymbolTableRecord
100
AcDbLayerTableRecord
  2
PRT0013
 70
     0
 62
     7
  6
CONTINUOUS
370
    -3
390
F
347
916
348
0
  0
LAYER
  5
293
330
2
100
AcDbSymbolTableRecord
100
AcDbLayerTableRecord
  2
PRT0014
 70
     0
 62
     7
  6
CONTINUOUS
370
    -3
390
F
347
916
348
0
  0
LAYER
  5
294
330
2
100
AcDbSymbolTableRecord
100
AcDbLayerTableRecord
  2
PRT0015
 70
     0
 62
     7
  6
CONTINUOUS
370
    -3
390
F
347
916
348
0
  0
LAYER
  5
295
330
2
100
AcDbSymbolTableRecord
100
AcDbLayerTableRecord
  2
PRT0016
 70
     0
 62
     7
  6
CONTINUOUS
370
    -3
390
F
347
916
348
0
  0
LAYER
  5
296
330
2
100
AcDbSymbolTableRecord
100
AcDbLayerTableRecord
  2
PRT0017
 70
     0
 62
     7
  6
CONTINUOUS
370
    -3
390
F
347
916
348
0
  0
LAYER
  5
297
330
2
100
AcDbSymbolTableRecord
100
AcDbLayerTableRecord
  2
TERMINAL_AF100_1
 70
     0
 62
     7
  6
CONTINUOUS
370
    -3
390
F
347
916
348
0
  0
LAYER
  5
298
330
2
100
AcDbSymbolTableRecord
100
AcDbLayerTableRecord
  2
TERMINAL_AF101_1
 70
     0
 62
     7
  6
CONTINUOUS
370
    -3
390
F
347
916
348
0
  0
LAYER
  5
299
330
2
100
AcDbSymbolTableRecord
100
AcDbLayerTableRecord
  2
TERMINAL_AF102_1
 70
     0
 62
     7
  6
CONTINUOUS
370
    -3
390
F
347
916
348
0
  0
LAYER
  5
29A
330
2
100
AcDbSymbolTableRecord
100
AcDbLayerTableRecord
  2
TERMINAL_AF13_1
 70
     0
 62
     7
  6
CONTINUOUS
370
    -3
390
F
347
916
348
0
  0
LAYER
  5
29B
330
2
100
AcDbSymbolTableRecord
100
AcDbLayerTableRecord
  2
TERMINAL_AF147_1
 70
     0
 62
     7
  6
CONTINUOUS
370
    -3
390
F
347
916
348
0
  0
LAYER
  5
29C
330
2
100
AcDbSymbolTableRecord
100
AcDbLayerTableRecord
  2
TERMINAL_AF148_1
 70
     0
 62
     7
  6
CONTINUOUS
370
    -3
390
F
347
916
348
0
  0
LAYER
  5
29D
330
2
100
AcDbSymbolTableRecord
100
AcDbLayerTableRecord
  2
TERMINAL_AF149_1
 70
     0
 62
     7
  6
CONTINUOUS
370
    -3
390
F
347
916
348
0
  0
LAYER
  5
29E
330
2
100
AcDbSymbolTableRecord
100
AcDbLayerTableRecord
  2
TERMINAL_AF14_1
 70
     0
 62
     7
  6
CONTINUOUS
370
    -3
390
F
347
916
348
0
  0
LAYER
  5
29F
330
2
100
AcDbSymbolTableRecord
100
AcDbLayerTableRecord
  2
TERMINAL_AF15_1
 70
     0
 62
     7
  6
CONTINUOUS
370
    -3
390
F
347
916
348
0
  0
LAYER
  5
2A0
330
2
100
AcDbSymbolTableRecord
100
AcDbLayerTableRecord
  2
TERMINAL_AF16_1
 70
     0
 62
     7
  6
CONTINUOUS
370
    -3
390
F
347
916
348
0
  0
LAYER
  5
2A1
330
2
100
AcDbSymbolTableRecord
100
AcDbLayerTableRecord
  2
TERMINAL_AF17_1
 70
     0
 62
     7
  6
CONTINUOUS
370
    -3
390
F
347
916
348
0
  0
LAYER
  5
2A2
330
2
100
AcDbSymbolTableRecord
100
AcDbLayerTableRecord
  2
TERMINAL_AF18_1
 70
     0
 62
     7
  6
CONTINUOUS
370
    -3
390
F
347
916
348
0
  0
LAYER
  5
2A3
330
2
100
AcDbSymbolTableRecord
100
AcDbLayerTableRecord
  2
TERMINAL_AF19_1
 70
     0
 62
     7
  6
CONTINUOUS
370
    -3
390
F
347
916
348
0
  0
LAYER
  5
2A4
330
2
100
AcDbSymbolTableRecord
100
AcDbLayerTableRecord
  2
TERMINAL_AF20_1
 70
     0
 62
     7
  6
CONTINUOUS
370
    -3
390
F
347
916
348
0
  0
LAYER
  5
2A5
330
2
100
AcDbSymbolTableRecord
100
AcDbLayerTableRecord
  2
TERMINAL_AF21_1
 70
     0
 62
     7
  6
CONTINUOUS
370
    -3
390
F
347
916
348
0
  0
LAYER
  5
2A6
330
2
100
AcDbSymbolTableRecord
100
AcDbLayerTableRecord
  2
TERMINAL_AF22_1
 70
     0
 62
     7
  6
CONTINUOUS
370
    -3
390
F
347
916
348
0
  0
LAYER
  5
2A7
330
2
100
AcDbSymbolTableRecord
100
AcDbLayerTableRecord
  2
TERMINAL_AF23_1
 70
     0
 62
     7
  6
CONTINUOUS
370
    -3
390
F
347
916
348
0
  0
LAYER
  5
2A8
330
2
100
AcDbSymbolTableRecord
100
AcDbLayerTableRecord
  2
TERMINAL_AF24_1
 70
     0
 62
     7
  6
CONTINUOUS
370
    -3
390
F
347
916
348
0
  0
LAYER
  5
2A9
330
2
100
AcDbSymbolTableRecord
100
AcDbLayerTableRecord
  2
TERMINAL_AF25_1
 70
     0
 62
     7
  6
CONTINUOUS
370
    -3
390
F
347
916
348
0
  0
LAYER
  5
2AA
330
2
100
AcDbSymbolTableRecord
100
AcDbLayerTableRecord
  2
TERMINAL_AF26_1
 70
     0
 62
     7
  6
CONTINUOUS
370
    -3
390
F
347
916
348
0
  0
LAYER
  5
2AB
330
2
100
AcDbSymbolTableRecord
100
AcDbLayerTableRecord
  2
TERMINAL_AF27_1
 70
     0
 62
     7
  6
CONTINUOUS
370
    -3
390
F
347
916
348
0
  0
LAYER
  5
2AC
330
2
100
AcDbSymbolTableRecord
100
AcDbLayerTableRecord
  2
TERMINAL_AF28_1
 70
     0
 62
     7
  6
CONTINUOUS
370
    -3
390
F
347
916
348
0
  0
LAYER
  5
2AD
330
2
100
AcDbSymbolTableRecord
100
AcDbLayerTableRecord
  2
TERMINAL_AF29_1
 70
     0
 62
     7
  6
CONTINUOUS
370
    -3
390
F
347
916
348
0
  0
LAYER
  5
2AE
330
2
100
AcDbSymbolTableRecord
100
AcDbLayerTableRecord
  2
TERMINAL_AF30_1
 70
     0
 62
     7
  6
CONTINUOUS
370
    -3
390
F
347
916
348
0
  0
LAYER
  5
2AF
330
2
100
AcDbSymbolTableRecord
100
AcDbLayerTableRecord
  2
TERMINAL_AF31_1
 70
     0
 62
     7
  6
CONTINUOUS
370
    -3
390
F
347
916
348
0
  0
LAYER
  5
2B0
330
2
100
AcDbSymbolTableRecord
100
AcDbLayerTableRecord
  2
TERMINAL_AF32_1
 70
     0
 62
     7
  6
CONTINUOUS
370
    -3
390
F
347
916
348
0
  0
LAYER
  5
2B1
330
2
100
AcDbSymbolTableRecord
100
AcDbLayerTableRecord
  2
TERMINAL_AF33_1
 70
     0
 62
     7
  6
CONTINUOUS
370
    -3
390
F
347
916
348
0
  0
LAYER
  5
2B2
330
2
100
AcDbSymbolTableRecord
100
AcDbLayerTableRecord
  2
TERMINAL_AF34_1
 70
     0
 62
     7
  6
CONTINUOUS
370
    -3
390
F
347
916
348
0
  0
LAYER
  5
2B3
330
2
100
AcDbSymbolTableRecord
100
AcDbLayerTableRecord
  2
TERMINAL_AF35_1
 70
     0
 62
     7
  6
CONTINUOUS
370
    -3
390
F
347
916
348
0
  0
LAYER
  5
2B4
330
2
100
AcDbSymbolTableRecord
100
AcDbLayerTableRecord
  2
TERMINAL_AF36_1
 70
     0
 62
     7
  6
CONTINUOUS
370
    -3
390
F
347
916
348
0
  0
LAYER
  5
2B5
330
2
100
AcDbSymbolTableRecord
100
AcDbLayerTableRecord
  2
TERMINAL_AF63_1
 70
     0
 62
     7
  6
CONTINUOUS
370
    -3
390
F
347
916
348
0
  0
LAYER
  5
2B6
330
2
100
AcDbSymbolTableRecord
100
AcDbLayerTableRecord
  2
TERMINAL_AF64_1
 70
     0
 62
     7
  6
CONTINUOUS
370
    -3
390
F
347
916
348
0
  0
LAYER
  5
2B7
330
2
100
AcDbSymbolTableRecord
100
AcDbLayerTableRecord
  2
TERMINAL_AF65_1
 70
     0
 62
     7
  6
CONTINUOUS
370
    -3
390
F
347
916
348
0
  0
LAYER
  5
2B8
330
2
100
AcDbSymbolTableRecord
100
AcDbLayerTableRecord
  2
TERMINAL_AF66_1
 70
     0
 62
     7
  6
CONTINUOUS
370
    -3
390
F
347
916
348
0
  0
LAYER
  5
2B9
330
2
100
AcDbSymbolTableRecord
100
AcDbLayerTableRecord
  2
TERMINAL_AF67_1
 70
     0
 62
     7
  6
CONTINUOUS
370
    -3
390
F
347
916
348
0
  0
LAYER
  5
2BA
330
2
100
AcDbSymbolTableRecord
100
AcDbLayerTableRecord
  2
TERMINAL_AF68_1
 70
     0
 62
     7
  6
CONTINUOUS
370
    -3
390
F
347
916
348
0
  0
LAYER
  5
2BB
330
2
100
AcDbSymbolTableRecord
100
AcDbLayerTableRecord
  2
TERMINAL_AF69_1
 70
     0
 62
     7
  6
CONTINUOUS
370
    -3
390
F
347
916
348
0
  0
LAYER
  5
2BC
330
2
100
AcDbSymbolTableRecord
100
AcDbLayerTableRecord
  2
TERMINAL_AF70_1
 70
     0
 62
     7
  6
CONTINUOUS
370
    -3
390
F
347
916
348
0
  0
LAYER
  5
2BD
330
2
100
AcDbSymbolTableRecord
100
AcDbLayerTableRecord
  2
TERMINAL_AF71_1
 70
     0
 62
     7
  6
CONTINUOUS
370
    -3
390
F
347
916
348
0
  0
LAYER
  5
2BE
330
2
100
AcDbSymbolTableRecord
100
AcDbLayerTableRecord
  2
TERMINAL_AF72_1
 70
     0
 62
     7
  6
CONTINUOUS
370
    -3
390
F
347
916
348
0
  0
LAYER
  5
2BF
330
2
100
AcDbSymbolTableRecord
100
AcDbLayerTableRecord
  2
TERMINAL_AF73_1
 70
     0
 62
     7
  6
CONTINUOUS
370
    -3
390
F
347
916
348
0
  0
LAYER
  5
2C0
330
2
100
AcDbSymbolTableRecord
100
AcDbLayerTableRecord
  2
TERMINAL_AF74_1
 70
     0
 62
     7
  6
CONTINUOUS
370
    -3
390
F
347
916
348
0
  0
LAYER
  5
2C1
330
2
100
AcDbSymbolTableRecord
100
AcDbLayerTableRecord
  2
TERMINAL_AF75_1
 70
     0
 62
     7
  6
CONTINUOUS
370
    -3
390
F
347
916
348
0
  0
LAYER
  5
2C2
330
2
100
AcDbSymbolTableRecord
100
AcDbLayerTableRecord
  2
TERMINAL_AF76_1
 70
     0
 62
     7
  6
CONTINUOUS
370
    -3
390
F
347
916
348
0
  0
LAYER
  5
2C3
330
2
100
AcDbSymbolTableRecord
100
AcDbLayerTableRecord
  2
TERMINAL_AF77_1
 70
     0
 62
     7
  6
CONTINUOUS
370
    -3
390
F
347
916
348
0
  0
LAYER
  5
2C4
330
2
100
AcDbSymbolTableRecord
100
AcDbLayerTableRecord
  2
TERMINAL_AF78_1
 70
     0
 62
     7
  6
CONTINUOUS
370
    -3
390
F
347
916
348
0
  0
LAYER
  5
2C5
330
2
100
AcDbSymbolTableRecord
100
AcDbLayerTableRecord
  2
TERMINAL_AF79_1
 70
     0
 62
     7
  6
CONTINUOUS
370
    -3
390
F
347
916
348
0
  0
LAYER
  5
2C6
330
2
100
AcDbSymbolTableRecord
100
AcDbLayerTableRecord
  2
TERMINAL_AF80_1
 70
     0
 62
     7
  6
CONTINUOUS
370
    -3
390
F
347
916
348
0
  0
LAYER
  5
2C7
330
2
100
AcDbSymbolTableRecord
100
AcDbLayerTableRecord
  2
TERMINAL_AF81_1
 70
     0
 62
     7
  6
CONTINUOUS
370
    -3
390
F
347
916
348
0
  0
LAYER
  5
2C8
330
2
100
AcDbSymbolTableRecord
100
AcDbLayerTableRecord
  2
TERMINAL_AF82_1
 70
     0
 62
     7
  6
CONTINUOUS
370
    -3
390
F
347
916
348
0
  0
LAYER
  5
2C9
330
2
100
AcDbSymbolTableRecord
100
AcDbLayerTableRecord
  2
TERMINAL_AF83_1
 70
     0
 62
     7
  6
CONTINUOUS
370
    -3
390
F
347
916
348
0
  0
LAYER
  5
2CA
330
2
100
AcDbSymbolTableRecord
100
AcDbLayerTableRecord
  2
TERMINAL_AF84_1
 70
     0
 62
     7
  6
CONTINUOUS
370
    -3
390
F
347
916
348
0
  0
LAYER
  5
2CB
330
2
100
AcDbSymbolTableRecord
100
AcDbLayerTableRecord
  2
TERMINAL_AF85_1
 70
     0
 62
     7
  6
CONTINUOUS
370
    -3
390
F
347
916
348
0
  0
LAYER
  5
2CC
330
2
100
AcDbSymbolTableRecord
100
AcDbLayerTableRecord
  2
TERMINAL_AF86_1
 70
     0
 62
     7
  6
CONTINUOUS
370
    -3
390
F
347
916
348
0
  0
LAYER
  5
2CD
330
2
100
AcDbSymbolTableRecord
100
AcDbLayerTableRecord
  2
XSEC_DATUMS
 70
     0
 62
     7
  6
CONTINUOUS
370
    -3
390
F
347
916
348
0
  0
ENDTAB
  0
TABLE
  2
STYLE
  5
3
330
0
100
AcDbSymbolTable
 70
     2
  0
STYLE
  5
11
330
3
100
AcDbSymbolTableRecord
100
AcDbTextStyleTableRecord
  2
STANDARD
 70
     0
 40
0.0
 41
0.8
 50
0.0
 71
     0
 42
0.2
  3
txt
  4

  0
STYLE
  5
2CE
330
3
100
AcDbSymbolTableRecord
100
AcDbTextStyleTableRecord
  2
TEXTSTYLE_1
 70
     0
 40
0.0
 41
0.8
 50
0.0
 71
     0
 42
0.2
  3
gdt
  4

  0
ENDTAB
  0
TABLE
  2
VIEW
  5
6
330
0
100
AcDbSymbolTable
 70
     0
  0
ENDTAB
  0
TABLE
  2
UCS
  5
7
330
0
100
AcDbSymbolTable
 70
     0
  0
ENDTAB
  0
TABLE
  2
APPID
  5
9
330
0
100
AcDbSymbolTable
 70
     2
  0
APPID
  5
2CF
330
9
100
AcDbSymbolTableRecord
100
AcDbRegAppTableRecord
  2
ACAD
 70
     0
  0
APPID
  5
967
330
9
100
AcDbSymbolTableRecord
100
AcDbRegAppTableRecord
  2
ACAD_NAV_VCDISPLAY
 70
     0
  0
ENDTAB
  0
TABLE
  2
DIMSTYLE
  5
A
330
0
100
AcDbSymbolTable
 70
     1
100
AcDbDimStyleTable
  0
DIMSTYLE
105
2D3
330
A
100
AcDbSymbolTableRecord
100
AcDbDimStyleTableRecord
  2
STANDARD
 70
     0
 41
0.1875
 44
0.125
 47
0.01
 48
0.01
 78
     4
 79
     1
140
0.15625
171
     1
178
     0
179
     2
271
     2
272
     2
284
     4
340
11
341
2D2
342
2D2
343
2D2
344
2D2
  0
ENDTAB
  0
TABLE
  2
BLOCK_RECORD
  5
1
330
0
100
AcDbSymbolTable
 70
     1
  0
BLOCK_RECORD
  5
2D0
330
1
100
AcDbSymbolTableRecord
100
AcDbBlockTableRecord
  2
*Model_Space
340
901
 70
     0
280
     1
281
     0
  0
BLOCK_RECORD
  5
2D1
330
1
100
AcDbSymbolTableRecord
100
AcDbBlockTableRecord
  2
*Paper_Space
340
902
 70
     0
280
     1
281
     0
  0
BLOCK_RECORD
  5
2D2
330
1
100
AcDbSymbolTableRecord
100
AcDbBlockTableRecord
  2
_FILLED
340
0
 70
     0
280
     1
281
     0
  0
ENDTAB
  0
ENDSEC
  0
SECTION
  2
BLOCKS
  0
BLOCK
  5
20
330
2D0
100
AcDbEntity
  8
0
100
AcDbBlockBegin
  2
*Model_Space
 70
     0
 10
0.0
 20
0.0
 30
0.0
  3
*Model_Space
  1

  0
ENDBLK
  5
21
330
2D0
100
AcDbEntity
  8
0
100
AcDbBlockEnd
  0
BLOCK
  5
1C
330
2D1
100
AcDbEntity
 67
     1
  8
0
100
AcDbBlockBegin
  2
*Paper_Space
 70
     0
 10
0.0
 20
0.0
 30
0.0
  3
*Paper_Space
  1

  0
ENDBLK
  5
1D
330
2D1
100
AcDbEntity
 67
     1
  8
0
100
AcDbBlockEnd
  0
BLOCK
  5
2D4
330
2D2
100
AcDbEntity
  8
0
100
AcDbBlockBegin
  2
_FILLED
 70
     0
 10
0.0
 20
0.0
 30
0.0
  3
_FILLED
  1

  0
SOLID
  5
2D5
330
2D2
100
AcDbEntity
  8
0
  6
ByBlock
 62
     0
100
AcDbTrace
 10
0.0
 20
0.0
 30
0.0
 11
-1.0
 21
0.1666666667
 31
0.0
 12
-1.0
 22
-0.1666666667
 32
0.0
 13
-1.0
 23
-0.1666666667
 33
0.0
  0
ENDBLK
  5
2D6
330
2D2
100
AcDbEntity
  8
0
  6
ByBlock
 62
     0
100
AcDbBlockEnd
  0
ENDSEC
  0
SECTION
  2
ENTITIES
  0
SPLINE
  5
2D7
330
2D0
100
AcDbEntity
  8
03___PRT_ALL_CURVES
  6
Continuous
 62
     4
100
AcDbSpline
210
0.0
220
0.0
230
1.0
 70
     8
 71
     3
 72
     8
 73
     4
 74
     0
 42
0.0000001
 43
0.0000000001
 40
0.0
 40
0.0
 40
0.0
 40
0.0
 40
1.0
 40
1.0
 40
1.0
 40
1.0
 10
12.96026612666
 20
120.27319233096
 30
0.0
 10
12.92615975342
 20
120.11459755798
 30
0.0
 10
12.86988432622002
 20
119.99351981182
 30
0.0
 10
12.79527540762001
 20
119.91128053256
 30
0.0
  0
SPLINE
  5
2D8
330
2D0
100
AcDbEntity
  8
03___PRT_ALL_CURVES
  6
Continuous
 62
     4
100
AcDbSpline
210
0.0
220
0.0
230
1.0
 70
     8
 71
     3
 72
     8
 73
     4
 74
     0
 42
0.0000001
 43
0.0000000001
 40
0.0
 40
0.0
 40
0.0
 40
0.0
 40
1.0
 40
1.0
 40
1.0
 40
1.0
 10
12.79527540762001
 20
119.91128053256
 30
0.0
 10
12.71981592430001
 20
119.82810369866
 30
0.0
 10
12.60726477018002
 20
119.7871759827
 30
0.0
 10
12.46060724536002
 20
119.7871759827
 30
0.0
  0
SPLINE
  5
2D9
330
2D0
100
AcDbEntity
  8
03___PRT_ALL_CURVES
  6
Continuous
 62
     4
100
AcDbSpline
210
0.0
220
0.0
230
1.0
 70
     8
 71
     3
 72
     8
 73
     4
 74
     0
 42
0.0000001
 43
0.0000000001
 40
0.0
 40
0.0
 40
0.0
 40
0.0
 40
1.0
 40
1.0
 40
1.0
 40
1.0
 10
12.46060724536002
 20
119.7871759827
 30
0.0
 10
12.30712856324001
 20
119.7871759827
 30
0.0
 10
12.18946124459998
 20
119.83833561876
 30
0.0
 10
12.10539431341999
 20
119.9402350238
 30
0.0
  0
SPLINE
  5
2DA
330
2D0
100
AcDbEntity
  8
03___PRT_ALL_CURVES
  6
Continuous
 62
     4
100
AcDbSpline
210
0.0
220
0.0
230
1.0
 70
     8
 71
     3
 72
     8
 73
     4
 74
     0
 42
0.0000001
 43
0.0000000001
 40
0.0
 40
0.0
 40
0.0
 40
0.0
 40
1.0
 40
1.0
 40
1.0
 40
1.0
 10
12.10539431341999
 20
119.9402350238
 30
0.0
 10
12.02063466582001
 20
120.04297408426
 30
0.0
 10
11.97970683809999
 20
120.23397001672
 30
0.0
 10
11.97970683809999
 20
120.51023188228
 30
0.0
  0
SPLINE
  5
2DB
330
2D0
100
AcDbEntity
  8
03___PRT_ALL_CURVES
  6
Continuous
 62
     4
100
AcDbSpline
210
0.0
220
0.0
230
1.0
 70
     8
 71
     3
 72
     8
 73
     4
 74
     0
 42
0.0000001
 43
0.0000000001
 40
0.0
 40
0.0
 40
0.0
 40
0.0
 40
1.0
 40
1.0
 40
1.0
 40
1.0
 10
11.97970683809999
 20
120.51023188228
 30
0.0
 10
11.97970683809999
 20
120.73362889802
 30
0.0
 10
12.01381321134002
 20
120.89733976186
 30
0.0
 10
12.08464815730002
 20
121.0035921808
 30
0.0
  0
SPLINE
  5
2DC
330
2D0
100
AcDbEntity
  8
03___PRT_ALL_CURVES
  6
Continuous
 62
     4
100
AcDbSpline
210
0.0
220
0.0
230
1.0
 70
     8
 71
     3
 72
     8
 73
     4
 74
     0
 42
0.0000001
 43
0.0000000001
 40
0.0
 40
0.0
 40
0.0
 40
0.0
 40
1.0
 40
1.0
 40
1.0
 40
1.0
 10
12.08464815730002
 20
121.0035921808
 30
0.0
 10
12.17752392532
 20
121.14290583156
 30
0.0
 10
12.31224442804
 20
121.2145293052801
 30
0.0
 10
12.48789246384001
 20
121.2145293052801
 30
0.0
  0
SPLINE
  5
2DD
330
2D0
100
AcDbEntity
  8
03___PRT_ALL_CURVES
  6
Continuous
 62
     4
100
AcDbSpline
210
0.0
220
0.0
230
1.0
 70
     8
 71
     3
 72
     8
 73
     4
 74
     0
 42
0.0000001
 43
0.0000000001
 40
0.0
 40
0.0
 40
0.0
 40
0.0
 40
1.0
 40
1.0
 40
1.0
 40
1.0
 10
12.48789246384001
 20
121.2145293052801
 30
0.0
 10
12.56463195222003
 20
121.2145293052801
 30
0.0
 10
12.63454998865998
 20
121.1974761186599
 30
0.0
 10
12.69712032833999
 20
121.16576239494
 30
0.0
  0
SPLINE
  5
2DE
330
2D0
100
AcDbEntity
  8
03___PRT_ALL_CURVES
  6
Continuous
 62
     4
100
AcDbSpline
210
0.0
220
0.0
230
1.0
 70
     8
 71
     3
 72
     8
 73
     4
 74
     0
 42
0.0000001
 43
0.0000000001
 40
0.0
 40
0.0
 40
0.0
 40
0.0
 40
1.0
 40
1.0
 40
1.0
 40
1.0
 10
12.69712032833999
 20
121.16576239494
 30
0.0
 10
12.75903846206
 20
121.13437923698
 30
0.0
 10
12.81190331188
 20
121.08833554446
 30
0.0
 10
12.85551870852001
 20
121.02982706102
 30
0.0
  0
SPLINE
  5
2DF
330
2D0
100
AcDbEntity
  8
03___PRT_ALL_CURVES
  6
Continuous
 62
     4
100
AcDbSpline
210
0.0
220
0.0
230
1.0
 70
     8
 71
     3
 72
     8
 73
     4
 74
     0
 42
0.0000001
 43
0.0000000001
 40
0.0
 40
0.0
 40
0.0
 40
0.0
 40
1.0
 40
1.0
 40
1.0
 40
1.0
 10
12.85551870852001
 20
121.02982706102
 30
0.0
 10
12.88182134832002
 20
120.99454301678
 30
0.0
 10
12.90740127684001
 20
120.93826743972
 30
0.0
 10
12.93127591794001
 20
120.86323323876
 30
0.0
  0
SPLINE
  5
2E0
330
2D0
100
AcDbEntity
  8
03___PRT_ALL_CURVES
  6
Continuous
 62
     4
100
AcDbSpline
210
0.0
220
0.0
230
1.0
 70
     8
 71
     3
 72
     8
 73
     4
 74
     0
 42
0.0000001
 43
0.0000000001
 40
0.0
 40
0.0
 40
0.0
 40
0.0
 40
1.0
 40
1.0
 40
1.0
 40
1.0
 10
13.61340398979999
 20
121.01500678078
 30
0.0
 10
13.52472717960001
 20
121.27762618696
 30
0.0
 10
13.39171226148
 20
121.47373813408
 30
0.0
 10
13.21054817880002
 20
121.60106572804
 30
0.0
  0
SPLINE
  5
2E1
330
2D0
100
AcDbEntity
  8
03___PRT_ALL_CURVES
  6
Continuous
 62
     4
100
AcDbSpline
210
0.0
220
0.0
230
1.0
 70
     8
 71
     3
 72
     8
 73
     4
 74
     0
 42
0.0000001
 43
0.0000000001
 40
0.0
 40
0.0
 40
0.0
 40
0.0
 40
1.0
 40
1.0
 40
1.0
 40
1.0
 10
13.21054817880002
 20
121.60106572804
 30
0.0
 10
13.03018446282002
 20
121.72783079836
 30
0.0
 10
12.78291280344001
 20
121.79263311732
 30
0.0
 10
12.46913398725999
 20
121.79263311732
 30
0.0
  0
SPLINE
  5
2E2
330
2D0
100
AcDbEntity
  8
03___PRT_ALL_CURVES
  6
Continuous
 62
     4
100
AcDbSpline
210
0.0
220
0.0
230
1.0
 70
     8
 71
     3
 72
     8
 73
     4
 74
     0
 42
0.0000001
 43
0.0000000001
 40
0.0
 40
0.0
 40
0.0
 40
0.0
 40
1.0
 40
1.0
 40
1.0
 40
1.0
 10
12.46913398725999
 20
121.79263311732
 30
0.0
 10
12.06667835834003
 20
121.79263311732
 30
0.0
 10
11.75460453240001
 20
121.68008181588
 30
0.0
 10
11.53461820580003
 20
121.4583901256599
 30
0.0
  0
SPLINE
  5
2E3
330
2D0
100
AcDbEntity
  8
03___PRT_ALL_CURVES
  6
Continuous
 62
     4
100
AcDbSpline
210
0.0
220
0.0
230
1.0
 70
     8
 71
     3
 72
     8
 73
     4
 74
     0
 42
0.0000001
 43
0.0000000001
 40
0.0
 40
0.0
 40
0.0
 40
0.0
 40
1.0
 40
1.0
 40
1.0
 40
1.0
 10
11.53461820580003
 20
121.4583901256599
 30
0.0
 10
11.31463195286
 20
121.2366985091
 30
0.0
 10
11.20549137865999
 20
120.91950881582
 30
0.0
 10
11.20549137865999
 20
120.50511601494
 30
0.0
  0
SPLINE
  5
2E4
330
2D0
100
AcDbEntity
  8
03___PRT_ALL_CURVES
  6
Continuous
 62
     4
100
AcDbSpline
210
0.0
220
0.0
230
1.0
 70
     8
 71
     3
 72
     8
 73
     4
 74
     0
 42
0.0000001
 43
0.0000000001
 40
0.0
 40
0.0
 40
0.0
 40
0.0
 40
1.0
 40
1.0
 40
1.0
 40
1.0
 10
11.20549137865999
 20
120.50511601494
 30
0.0
 10
11.20549137865999
 20
120.19474762628
 30
0.0
 10
11.26688297038001
 20
119.94065481468
 30
0.0
 10
11.39285143827999
 20
119.74099036768
 30
0.0
  0
SPLINE
  5
2E5
330
2D0
100
AcDbEntity
  8
03___PRT_ALL_CURVES
  6
Continuous
 62
     4
100
AcDbSpline
210
0.0
220
0.0
230
1.0
 70
     8
 71
     3
 72
     8
 73
     4
 74
     0
 42
0.0000001
 43
0.0000000001
 40
0.0
 40
0.0
 40
0.0
 40
0.0
 40
1.0
 40
1.0
 40
1.0
 40
1.0
 10
11.39285143827999
 20
119.74099036768
 30
0.0
 10
11.51756490742
 20
119.54331514708
 30
0.0
 10
11.66592801938
 20
119.40347885068
 30
0.0
 10
11.83848305653999
 20
119.32574362896
 30
0.0
  0
SPLINE
  5
2E6
330
2D0
100
AcDbEntity
  8
03___PRT_ALL_CURVES
  6
Continuous
 62
     4
100
AcDbSpline
210
0.0
220
0.0
230
1.0
 70
     8
 71
     3
 72
     8
 73
     4
 74
     0
 42
0.0000001
 43
0.0000000001
 40
0.0
 40
0.0
 40
0.0
 40
0.0
 40
1.0
 40
1.0
 40
1.0
 40
1.0
 10
11.83848305653999
 20
119.32574362896
 30
0.0
 10
12.01040263396001
 20
119.24829468048
 30
0.0
 10
12.23209436228001
 20
119.20736698738
 30
0.0
 10
12.50494565046
 20
119.20736698738
 30
0.0
  0
SPLINE
  5
2E7
330
2D0
100
AcDbEntity
  8
03___PRT_ALL_CURVES
  6
Continuous
 62
     4
100
AcDbSpline
210
0.0
220
0.0
230
1.0
 70
     8
 71
     3
 72
     8
 73
     4
 74
     0
 42
0.0000001
 43
0.0000000001
 40
0.0
 40
0.0
 40
0.0
 40
0.0
 40
1.0
 40
1.0
 40
1.0
 40
1.0
 10
12.50494565046
 20
119.20736698738
 30
0.0
 10
12.72834266620001
 20
119.20736698738
 30
0.0
 10
12.91251714418001
 20
119.23976807828
 30
0.0
 10
13.05746938158001
 20
119.30457025754
 30
0.0
  0
SPLINE
  5
2E8
330
2D0
100
AcDbEntity
  8
03___PRT_ALL_CURVES
  6
Continuous
 62
     4
100
AcDbSpline
210
0.0
220
0.0
230
1.0
 70
     8
 71
     3
 72
     8
 73
     4
 74
     0
 42
0.0000001
 43
0.0000000001
 40
0.0
 40
0.0
 40
0.0
 40
0.0
 40
1.0
 40
1.0
 40
1.0
 40
1.0
 10
13.05746938158001
 20
119.30457025754
 30
0.0
 10
13.20242161898
 20
119.36937243934
 30
0.0
 10
13.32349951499998
 20
119.4648704043
 30
0.0
 10
13.42228608654
 20
119.5928634808
 30
0.0
  0
SPLINE
  5
2E9
330
2D0
100
AcDbEntity
  8
03___PRT_ALL_CURVES
  6
Continuous
 62
     4
100
AcDbSpline
210
0.0
220
0.0
230
1.0
 70
     8
 71
     3
 72
     8
 73
     4
 74
     0
 42
0.0000001
 43
0.0000000001
 40
0.0
 40
0.0
 40
0.0
 40
0.0
 40
1.0
 40
1.0
 40
1.0
 40
1.0
 10
13.42228608654
 20
119.5928634808
 30
0.0
 10
13.51961131226003
 20
119.71896316256
 30
0.0
 10
13.59123463865998
 20
119.8775580092
 30
0.0
 10
13.6372786309
 20
120.06855386546
 30
0.0
  0
SPLINE
  5
2EA
330
2D0
100
AcDbEntity
  8
03___PRT_ALL_CURVES
  6
Continuous
 62
     4
100
AcDbSpline
210
0.0
220
0.0
230
1.0
 70
     8
 71
     3
 72
     8
 73
     4
 74
     0
 42
0.0000001
 43
0.0000000001
 40
0.0
 40
0.0
 40
0.0
 40
0.0
 40
1.0
 40
1.0
 40
1.0
 40
1.0
 10
15.63932473855999
 20
120.22373805852
 30
0.0
 10
15.63932473855999
 20
120.08560712574
 30
0.0
 10
15.60010249798
 20
119.97817191516
 30
0.0
 10
15.52506843672003
 20
119.90313794788
 30
0.0
  0
SPLINE
  5
2EB
330
2D0
100
AcDbEntity
  8
03___PRT_ALL_CURVES
  6
Continuous
 62
     4
100
AcDbSpline
210
0.0
220
0.0
230
1.0
 70
     8
 71
     3
 72
     8
 73
     4
 74
     0
 42
0.0000001
 43
0.0000000001
 40
0.0
 40
0.0
 40
0.0
 40
0.0
 40
1.0
 40
1.0
 40
1.0
 40
1.0
 10
15.52506843672003
 20
119.90313794788
 30
0.0
 10
15.45003409605999
 20
119.82810369866
 30
0.0
 10
15.34600968638
 20
119.79058663628
 30
0.0
 10
15.21299476826002
 20
119.79058663628
 30
0.0
  0
SPLINE
  5
2EC
330
2D0
100
AcDbEntity
  8
03___PRT_ALL_CURVES
  6
Continuous
 62
     4
100
AcDbSpline
210
0.0
220
0.0
230
1.0
 70
     8
 71
     3
 72
     8
 73
     4
 74
     0
 42
0.0000001
 43
0.0000000001
 40
0.0
 40
0.0
 40
0.0
 40
0.0
 40
1.0
 40
1.0
 40
1.0
 40
1.0
 10
15.21299476826002
 20
119.79058663628
 30
0.0
 10
15.07827456272003
 20
119.79058663628
 30
0.0
 10
14.97254426618002
 20
119.82810369866
 30
0.0
 10
14.89751039034002
 20
119.90484310576
 30
0.0
  0
SPLINE
  5
2ED
330
2D0
100
AcDbEntity
  8
03___PRT_ALL_CURVES
  6
Continuous
 62
     4
100
AcDbSpline
210
0.0
220
0.0
230
1.0
 70
     8
 71
     3
 72
     8
 73
     4
 74
     0
 42
0.0000001
 43
0.0000000001
 40
0.0
 40
0.0
 40
0.0
 40
0.0
 40
1.0
 40
1.0
 40
1.0
 40
1.0
 10
14.89751039034002
 20
119.90484310576
 30
0.0
 10
14.82247646115999
 20
119.9815825662
 30
0.0
 10
14.78495950799999
 20
120.0873124157
 30
0.0
 10
14.78495950799999
 20
120.22373805852
 30
0.0
  0
SPLINE
  5
2EE
330
2D0
100
AcDbEntity
  8
03___PRT_ALL_CURVES
  6
Continuous
 62
     4
100
AcDbSpline
210
0.0
220
0.0
230
1.0
 70
     8
 71
     3
 72
     8
 73
     4
 74
     0
 42
0.0000001
 43
0.0000000001
 40
0.0
 40
0.0
 40
0.0
 40
0.0
 40
1.0
 40
1.0
 40
1.0
 40
1.0
 10
14.01415462594002
 20
120.25954979792
 30
0.0
 10
14.01415462594002
 20
120.13676668814
 30
0.0
 10
14.03802867013999
 20
119.99693039174
 30
0.0
 10
14.08550956832002
 20
119.8365512332
 30
0.0
  0
SPLINE
  5
2EF
330
2D0
100
AcDbEntity
  8
03___PRT_ALL_CURVES
  6
Continuous
 62
     4
100
AcDbSpline
210
0.0
220
0.0
230
1.0
 70
     8
 71
     3
 72
     8
 73
     4
 74
     0
 42
0.0000001
 43
0.0000000001
 40
0.0
 40
0.0
 40
0.0
 40
0.0
 40
1.0
 40
1.0
 40
1.0
 40
1.0
 10
14.08550956832002
 20
119.8365512332
 30
0.0
 10
14.11476845824004
 20
119.7377216747
 30
0.0
 10
14.16933830084
 20
119.6422237453
 30
0.0
 10
14.24990936652
 20
119.54879558824
 30
0.0
  0
SPLINE
  5
2F0
330
2D0
100
AcDbEntity
  8
03___PRT_ALL_CURVES
  6
Continuous
 62
     4
100
AcDbSpline
210
0.0
220
0.0
230
1.0
 70
     8
 71
     3
 72
     8
 73
     4
 74
     0
 42
0.0000001
 43
0.0000000001
 40
0.0
 40
0.0
 40
0.0
 40
0.0
 40
1.0
 40
1.0
 40
1.0
 40
1.0
 10
14.24990936652
 20
119.54879558824
 30
0.0
 10
14.3296384349
 20
119.45634379194
 30
0.0
 10
14.41831524509999
 20
119.38472032838
 30
0.0
 10
14.51533032665998
 20
119.33320789394
 30
0.0
  0
SPLINE
  5
2F1
330
2D0
100
AcDbEntity
  8
03___PRT_ALL_CURVES
  6
Continuous
 62
     4
100
AcDbSpline
210
0.0
220
0.0
230
1.0
 70
     8
 71
     3
 72
     8
 73
     4
 74
     0
 42
0.0000001
 43
0.0000000001
 40
0.0
 40
0.0
 40
0.0
 40
0.0
 40
1.0
 40
1.0
 40
1.0
 40
1.0
 10
14.51533032665998
 20
119.33320789394
 30
0.0
 10
14.61101646498
 20
119.28240109182
 30
0.0
 10
14.73209436099998
 20
119.25000000092
 30
0.0
 10
14.87534101634
 20
119.23294682954
 30
0.0
  0
SPLINE
  5
2F2
330
2D0
100
AcDbEntity
  8
03___PRT_ALL_CURVES
  6
Continuous
 62
     4
100
AcDbSpline
210
0.0
220
0.0
230
1.0
 70
     8
 71
     3
 72
     8
 73
     4
 74
     0
 42
0.0000001
 43
0.0000000001
 40
0.0
 40
0.0
 40
0.0
 40
0.0
 40
1.0
 40
1.0
 40
1.0
 40
1.0
 10
14.87534101634
 20
119.23294682954
 30
0.0
 10
15.01858825842001
 20
119.21589358958
 30
0.0
 10
15.15160317653999
 20
119.20736698738
 30
0.0
 10
15.27438635998001
 20
119.20736698738
 30
0.0
  0
SPLINE
  5
2F3
330
2D0
100
AcDbEntity
  8
03___PRT_ALL_CURVES
  6
Continuous
 62
     4
100
AcDbSpline
210
0.0
220
0.0
230
1.0
 70
     8
 71
     3
 72
     8
 73
     4
 74
     0
 42
0.0000001
 43
0.0000000001
 40
0.0
 40
0.0
 40
0.0
 40
0.0
 40
1.0
 40
1.0
 40
1.0
 40
1.0
 10
15.27438635998001
 20
119.20736698738
 30
0.0
 10
15.48414046930003
 20
119.20736698738
 30
0.0
 10
15.66490466708001
 20
119.23635743486
 30
0.0
 10
15.81438396934001
 20
119.2908035439
 30
0.0
  0
SPLINE
  5
2F4
330
2D0
100
AcDbEntity
  8
03___PRT_ALL_CURVES
  6
Continuous
 62
     4
100
AcDbSpline
210
0.0
220
0.0
230
1.0
 70
     8
 71
     3
 72
     8
 73
     4
 74
     0
 42
0.0000001
 43
0.0000000001
 40
0.0
 40
0.0
 40
0.0
 40
0.0
 40
1.0
 40
1.0
 40
1.0
 40
1.0
 10
15.81438396934001
 20
119.2908035439
 30
0.0
 10
15.92240805860001
 20
119.33015006922
 30
0.0
 10
16.02472717832001
 20
119.39836288936
 30
0.0
 10
16.12363572320004
 20
119.49727149012
 30
0.0
  0
SPLINE
  5
2F5
330
2D0
100
AcDbEntity
  8
03___PRT_ALL_CURVES
  6
Continuous
 62
     4
100
AcDbSpline
210
0.0
220
0.0
230
1.0
 70
     8
 71
     3
 72
     8
 73
     4
 74
     0
 42
0.0000001
 43
0.0000000001
 40
0.0
 40
0.0
 40
0.0
 40
0.0
 40
1.0
 40
1.0
 40
1.0
 40
1.0
 10
16.12363572320004
 20
119.49727149012
 30
0.0
 10
16.22254426553999
 20
119.59618008834
 30
0.0
 10
16.29416818884002
 20
119.71043656798
 30
0.0
 10
16.34021184834
 20
119.84174614026
 30
0.0
  0
SPLINE
  5
2F6
330
2D0
100
AcDbEntity
  8
03___PRT_ALL_CURVES
  6
Continuous
 62
     4
100
AcDbSpline
210
0.0
220
0.0
230
1.0
 70
     8
 71
     3
 72
     8
 73
     4
 74
     0
 42
0.0000001
 43
0.0000000001
 40
0.0
 40
0.0
 40
0.0
 40
0.0
 40
1.0
 40
1.0
 40
1.0
 40
1.0
 10
16.34021184834
 20
119.84174614026
 30
0.0
 10
16.38625557642001
 20
119.9730559005
 30
0.0
 10
16.41012962062001
 20
120.11118690694
 30
0.0
 10
16.41012962062001
 20
120.25954979792
 30
0.0
  0
SPLINE
  5
2F7
330
2D0
100
AcDbEntity
  8
03___PRT_ALL_CURVES
  6
Continuous
 62
     4
100
AcDbSpline
210
0.0
220
0.0
230
1.0
 70
     8
 71
     3
 72
     8
 73
     4
 74
     0
 42
0.0000001
 43
0.0000000001
 40
0.0
 40
0.0
 40
0.0
 40
0.0
 40
1.0
 40
1.0
 40
1.0
 40
1.0
 10
18.05576439132003
 20
121.16336974542
 30
0.0
 10
17.80167157718
 20
120.84788533956
 30
0.0
 10
17.61579151459998
 20
120.55286499996
 30
0.0
 10
17.49910680511999
 20
120.27690967684
 30
0.0
  0
SPLINE
  5
2F8
330
2D0
100
AcDbEntity
  8
03___PRT_ALL_CURVES
  6
Continuous
 62
     4
100
AcDbSpline
210
0.0
220
0.0
230
1.0
 70
     8
 71
     3
 72
     8
 73
     4
 74
     0
 42
0.0000001
 43
0.0000000001
 40
0.0
 40
0.0
 40
0.0
 40
0.0
 40
1.0
 40
1.0
 40
1.0
 40
1.0
 10
17.49910680511999
 20
120.27690967684
 30
0.0
 10
17.38216276418001
 20
120.00034104278
 30
0.0
 10
17.29689653136001
 20
119.6575716064
 30
0.0
 10
17.2423260944
 20
119.25000000092
 30
0.0
  0
SPLINE
  5
2F9
330
2D0
100
AcDbEntity
  8
03___PRT_ALL_CURVES
  6
Continuous
 62
     4
100
AcDbSpline
210
0.0
220
0.0
230
1.0
 70
     8
 71
     3
 72
     8
 73
     4
 74
     0
 42
0.0000001
 43
0.0000000001
 40
0.0
 40
0.0
 40
0.0
 40
0.0
 40
1.0
 40
1.0
 40
1.0
 40
1.0
 10
17.93468649530001
 20
119.25000000092
 30
0.0
 10
17.95685584644002
 20
119.54331514708
 30
0.0
 10
18.00119395436002
 20
119.7974079028
 30
0.0
 10
18.06623532034001
 20
120.01271692608
 30
0.0
  0
SPLINE
  5
2FA
330
2D0
100
AcDbEntity
  8
03___PRT_ALL_CURVES
  6
Continuous
 62
     4
100
AcDbSpline
210
0.0
220
0.0
230
1.0
 70
     8
 71
     3
 72
     8
 73
     4
 74
     0
 42
0.0000001
 43
0.0000000001
 40
0.0
 40
0.0
 40
0.0
 40
0.0
 40
1.0
 40
1.0
 40
1.0
 40
1.0
 10
18.06623532034001
 20
120.01271692608
 30
0.0
 10
18.14955706885999
 20
120.28854023016
 30
0.0
 10
18.26381321068001
 20
120.53922239072
 30
0.0
 10
18.40724201958
 20
120.7642088241599
 30
0.0
  0
SPLINE
  5
2FB
330
2D0
100
AcDbEntity
  8
03___PRT_ALL_CURVES
  6
Continuous
 62
     4
100
AcDbSpline
210
0.0
220
0.0
230
1.0
 70
     8
 71
     3
 72
     8
 73
     4
 74
     0
 42
0.0000001
 43
0.0000000001
 40
0.0
 40
0.0
 40
0.0
 40
0.0
 40
1.0
 40
1.0
 40
1.0
 40
1.0
 10
18.40724201958
 20
120.7642088241599
 30
0.0
 10
18.52472717958
 20
120.94849932172
 30
0.0
 10
18.67138440722002
 20
121.12073662774
 30
0.0
 10
18.84873802761999
 20
121.28103676434
 30
0.0
  0
SPLINE
  5
2FC
330
2D0
100
AcDbEntity
  8
03___PRT_ALL_CURVES
  6
Continuous
 62
     4
100
AcDbSpline
210
0.0
220
0.0
230
1.0
 70
     8
 71
     3
 72
     8
 73
     4
 74
     0
 42
0.0000001
 43
0.0000000001
 40
0.0
 40
0.0
 40
0.0
 40
0.0
 40
1.0
 40
1.0
 40
1.0
 40
1.0
 10
19.13864309932001
 20
120.51023188228
 30
0.0
 10
19.13864309932001
 20
120.31582537244
 30
0.0
 10
19.15399010444
 20
120.14017733918
 30
0.0
 10
19.18809707458001
 20
119.97987720512
 30
0.0
  0
SPLINE
  5
2FD
330
2D0
100
AcDbEntity
  8
03___PRT_ALL_CURVES
  6
Continuous
 62
     4
100
AcDbSpline
210
0.0
220
0.0
230
1.0
 70
     8
 71
     3
 72
     8
 73
     4
 74
     0
 42
0.0000001
 43
0.0000000001
 40
0.0
 40
0.0
 40
0.0
 40
0.0
 40
1.0
 40
1.0
 40
1.0
 40
1.0
 10
19.18809707458001
 20
119.97987720512
 30
0.0
 10
19.22220404218001
 20
119.81957706852
 30
0.0
 10
19.26824744005998
 20
119.69508866878
 30
0.0
 10
19.32830186402001
 20
119.60214711984
 30
0.0
  0
SPLINE
  5
2FE
330
2D0
100
AcDbEntity
  8
03___PRT_ALL_CURVES
  6
Continuous
 62
     4
100
AcDbSpline
210
0.0
220
0.0
230
1.0
 70
     8
 71
     3
 72
     8
 73
     4
 74
     0
 42
0.0000001
 43
0.0000000001
 40
0.0
 40
0.0
 40
0.0
 40
0.0
 40
1.0
 40
1.0
 40
1.0
 40
1.0
 10
19.32830186402001
 20
119.60214711984
 30
0.0
 10
19.41149409031999
 20
119.47339699888
 30
0.0
 10
19.51892907737999
 20
119.37448840828
 30
0.0
 10
19.64853341812
 20
119.3079809035
 30
0.0
  0
SPLINE
  5
2FF
330
2D0
100
AcDbEntity
  8
03___PRT_ALL_CURVES
  6
Continuous
 62
     4
100
AcDbSpline
210
0.0
220
0.0
230
1.0
 70
     8
 71
     3
 72
     8
 73
     4
 74
     0
 42
0.0000001
 43
0.0000000001
 40
0.0
 40
0.0
 40
0.0
 40
0.0
 40
1.0
 40
1.0
 40
1.0
 40
1.0
 10
19.64853341812
 20
119.3079809035
 30
0.0
 10
19.77813775632001
 20
119.24147339618
 30
0.0
 10
19.94696433764
 20
119.20736698738
 30
0.0
 10
20.15842492818001
 20
119.20736698738
 30
0.0
  0
SPLINE
  5
300
330
2D0
100
AcDbEntity
  8
03___PRT_ALL_CURVES
  6
Continuous
 62
     4
100
AcDbSpline
210
0.0
220
0.0
230
1.0
 70
     8
 71
     3
 72
     8
 73
     4
 74
     0
 42
0.0000001
 43
0.0000000001
 40
0.0
 40
0.0
 40
0.0
 40
0.0
 40
1.0
 40
1.0
 40
1.0
 40
1.0
 10
20.15842492818001
 20
119.20736698738
 30
0.0
 10
20.53359444453997
 20
119.20736698738
 30
0.0
 10
20.79791958518004
 20
119.31139154184
 30
0.0
 10
20.95180391037999
 20
119.5225548584
 30
0.0
  0
SPLINE
  5
301
330
2D0
100
AcDbEntity
  8
03___PRT_ALL_CURVES
  6
Continuous
 62
     4
100
AcDbSpline
210
0.0
220
0.0
230
1.0
 70
     8
 71
     3
 72
     8
 73
     4
 74
     0
 42
0.0000001
 43
0.0000000001
 40
0.0
 40
0.0
 40
0.0
 40
0.0
 40
1.0
 40
1.0
 40
1.0
 40
1.0
 10
20.95180391037999
 20
119.5225548584
 30
0.0
 10
21.10487754632001
 20
119.7326057337
 30
0.0
 10
21.18161733442
 20
120.06514321188
 30
0.0
 10
21.18161733442
 20
120.51875847686
 30
0.0
  0
SPLINE
  5
302
330
2D0
100
AcDbEntity
  8
03___PRT_ALL_CURVES
  6
Continuous
 62
     4
100
AcDbSpline
210
0.0
220
0.0
230
1.0
 70
     8
 71
     3
 72
     8
 73
     4
 74
     0
 42
0.0000001
 43
0.0000000001
 40
0.0
 40
0.0
 40
0.0
 40
0.0
 40
1.0
 40
1.0
 40
1.0
 40
1.0
 10
21.18161733442
 20
120.51875847686
 30
0.0
 10
21.18161733442
 20
120.71998628878
 30
0.0
 10
21.15774209641998
 20
120.91439294848
 30
0.0
 10
21.11168926497999
 20
121.10197583468
 30
0.0
  0
SPLINE
  5
303
330
2D0
100
AcDbEntity
  8
03___PRT_ALL_CURVES
  6
Continuous
 62
     4
100
AcDbSpline
210
0.0
220
0.0
230
1.0
 70
     8
 71
     3
 72
     8
 73
     4
 74
     0
 42
0.0000001
 43
0.0000000001
 40
0.0
 40
0.0
 40
0.0
 40
0.0
 40
1.0
 40
1.0
 40
1.0
 40
1.0
 10
21.11168926497999
 20
121.10197583468
 30
0.0
 10
21.08782465688003
 20
121.19918140862
 30
0.0
 10
21.05542357106
 20
121.28444749158
 30
0.0
 10
21.01620086820003
 20
121.35777600634
 30
0.0
  0
SPLINE
  5
304
330
2D0
100
AcDbEntity
  8
03___PRT_ALL_CURVES
  6
Continuous
 62
     4
100
AcDbSpline
210
0.0
220
0.0
230
1.0
 70
     8
 71
     3
 72
     8
 73
     4
 74
     0
 42
0.0000001
 43
0.0000000001
 40
0.0
 40
0.0
 40
0.0
 40
0.0
 40
1.0
 40
1.0
 40
1.0
 40
1.0
 10
21.01620086820003
 20
121.35777600634
 30
0.0
 10
20.97697789864
 20
121.43110501894
 30
0.0
 10
20.92411334599998
 20
121.5010232027
 30
0.0
 10
20.85590063761998
 20
121.5675306998601
 30
0.0
  0
SPLINE
  5
305
330
2D0
100
AcDbEntity
  8
03___PRT_ALL_CURVES
  6
Continuous
 62
     4
100
AcDbSpline
210
0.0
220
0.0
230
1.0
 70
     8
 71
     3
 72
     8
 73
     4
 74
     0
 42
0.0000001
 43
0.0000000001
 40
0.0
 40
0.0
 40
0.0
 40
0.0
 40
1.0
 40
1.0
 40
1.0
 40
1.0
 10
20.85590063761998
 20
121.5675306998601
 30
0.0
 10
20.78768785303998
 20
121.63403827068
 30
0.0
 10
20.69901163720004
 20
121.68860840792
 30
0.0
 10
20.59146935800001
 20
121.72925426516
 30
0.0
  0
SPLINE
  5
306
330
2D0
100
AcDbEntity
  8
03___PRT_ALL_CURVES
  6
Continuous
 62
     4
100
AcDbSpline
210
0.0
220
0.0
230
1.0
 70
     8
 71
     3
 72
     8
 73
     4
 74
     0
 42
0.0000001
 43
0.0000000001
 40
0.0
 40
0.0
 40
0.0
 40
0.0
 40
1.0
 40
1.0
 40
1.0
 40
1.0
 10
20.59146935800001
 20
121.72925426516
 30
0.0
 10
20.48243577622003
 20
121.77046376364
 30
0.0
 10
20.34430439640002
 20
121.79263311732
 30
0.0
 10
20.17718251068001
 20
121.79263311732
 30
0.0
  0
SPLINE
  5
307
330
2D0
100
AcDbEntity
  8
03___PRT_ALL_CURVES
  6
Continuous
 62
     4
100
AcDbSpline
210
0.0
220
0.0
230
1.0
 70
     8
 71
     3
 72
     8
 73
     4
 74
     0
 42
0.0000001
 43
0.0000000001
 40
0.0
 40
0.0
 40
0.0
 40
0.0
 40
1.0
 40
1.0
 40
1.0
 40
1.0
 10
20.17718251068001
 20
121.79263311732
 30
0.0
 10
19.82588703851999
 20
121.79263311732
 30
0.0
 10
19.56497247526002
 20
121.6971350025
 30
0.0
 10
19.39486513957999
 20
121.50746514308
 30
0.0
  0
SPLINE
  5
308
330
2D0
100
AcDbEntity
  8
03___PRT_ALL_CURVES
  6
Continuous
 62
     4
100
AcDbSpline
210
0.0
220
0.0
230
1.0
 70
     8
 71
     3
 72
     8
 73
     4
 74
     0
 42
0.0000001
 43
0.0000000001
 40
0.0
 40
0.0
 40
0.0
 40
0.0
 40
1.0
 40
1.0
 40
1.0
 40
1.0
 10
19.39486513957999
 20
121.50746514308
 30
0.0
 10
19.22390873524
 20
121.3168485774
 30
0.0
 10
19.13864309932001
 20
120.98431098492
 30
0.0
 10
19.13864309932001
 20
120.51023188228
 30
0.0
  0
SPLINE
  5
309
330
2D0
100
AcDbEntity
  8
03___PRT_ALL_CURVES
  6
Continuous
 62
     4
100
AcDbSpline
210
0.0
220
0.0
230
1.0
 70
     8
 71
     3
 72
     8
 73
     4
 74
     0
 42
0.0000001
 43
0.0000000001
 40
0.0
 40
0.0
 40
0.0
 40
0.0
 40
1.0
 40
1.0
 40
1.0
 40
1.0
 10
19.82759173157999
 20
120.50852659486
 30
0.0
 10
19.82759173157999
 20
120.8223055609
 30
0.0
 10
19.8531716601
 20
121.03888127202
 30
0.0
 10
19.90433154761999
 20
121.15484314068
 30
0.0
  0
SPLINE
  5
30A
330
2D0
100
AcDbEntity
  8
03___PRT_ALL_CURVES
  6
Continuous
 62
     4
100
AcDbSpline
210
0.0
220
0.0
230
1.0
 70
     8
 71
     3
 72
     8
 73
     4
 74
     0
 42
0.0000001
 43
0.0000000001
 40
0.0
 40
0.0
 40
0.0
 40
0.0
 40
1.0
 40
1.0
 40
1.0
 40
1.0
 10
19.90433154761999
 20
121.15484314068
 30
0.0
 10
19.95549137672
 20
121.27080488234
 30
0.0
 10
20.03734643526002
 20
121.3304911841
 30
0.0
 10
20.15330846393999
 20
121.3304911841
 30
0.0
  0
SPLINE
  5
30B
330
2D0
100
AcDbEntity
  8
03___PRT_ALL_CURVES
  6
Continuous
 62
     4
100
AcDbSpline
210
0.0
220
0.0
230
1.0
 70
     8
 71
     3
 72
     8
 73
     4
 74
     0
 42
0.0000001
 43
0.0000000001
 40
0.0
 40
0.0
 40
0.0
 40
0.0
 40
1.0
 40
1.0
 40
1.0
 40
1.0
 10
20.15330846393999
 20
121.3304911841
 30
0.0
 10
20.26585991524001
 20
121.3304911841
 30
0.0
 10
20.34942085809999
 20
121.2725101723
 30
0.0
 10
20.40569598811999
 20
121.15825373076
 30
0.0
  0
SPLINE
  5
30C
330
2D0
100
AcDbEntity
  8
03___PRT_ALL_CURVES
  6
Continuous
 62
     4
100
AcDbSpline
210
0.0
220
0.0
230
1.0
 70
     8
 71
     3
 72
     8
 73
     4
 74
     0
 42
0.0000001
 43
0.0000000001
 40
0.0
 40
0.0
 40
0.0
 40
0.0
 40
1.0
 40
1.0
 40
1.0
 40
1.0
 10
20.40569598811999
 20
121.15825373076
 30
0.0
 10
20.46197111813999
 20
121.04399728668
 30
0.0
 10
20.49096162404001
 20
120.82060027094
 30
0.0
 10
20.49096162404001
 20
120.48976804208
 30
0.0
  0
SPLINE
  5
30D
330
2D0
100
AcDbEntity
  8
03___PRT_ALL_CURVES
  6
Continuous
 62
     4
100
AcDbSpline
210
0.0
220
0.0
230
1.0
 70
     8
 71
     3
 72
     8
 73
     4
 74
     0
 42
0.0000001
 43
0.0000000001
 40
0.0
 40
0.0
 40
0.0
 40
0.0
 40
1.0
 40
1.0
 40
1.0
 40
1.0
 10
20.49096162404001
 20
120.48976804208
 30
0.0
 10
20.49096162404001
 20
120.26296044896
 30
0.0
 10
20.47731931452
 20
120.09583900774
 30
0.0
 10
20.45362661108001
 20
119.99006870112
 30
0.0
  0
SPLINE
  5
30E
330
2D0
100
AcDbEntity
  8
03___PRT_ALL_CURVES
  6
Continuous
 62
     4
100
AcDbSpline
210
0.0
220
0.0
230
1.0
 70
     8
 71
     3
 72
     8
 73
     4
 74
     0
 42
0.0000001
 43
0.0000000001
 40
0.0
 40
0.0
 40
0.0
 40
0.0
 40
1.0
 40
1.0
 40
1.0
 40
1.0
 10
20.45362661108001
 20
119.99006870112
 30
0.0
 10
20.42957003232002
 20
119.8826739502
 30
0.0
 10
20.39034779174003
 20
119.80422920742
 30
0.0
 10
20.33918822172001
 20
119.7547745997001
 30
0.0
  0
SPLINE
  5
30F
330
2D0
100
AcDbEntity
  8
03___PRT_ALL_CURVES
  6
Continuous
 62
     4
100
AcDbSpline
210
0.0
220
0.0
230
1.0
 70
     8
 71
     3
 72
     8
 73
     4
 74
     0
 42
0.0000001
 43
0.0000000001
 40
0.0
 40
0.0
 40
0.0
 40
0.0
 40
1.0
 40
1.0
 40
1.0
 40
1.0
 10
20.33918822172001
 20
119.7547745997001
 30
0.0
 10
20.28802926637999
 20
119.70532058888
 30
0.0
 10
20.22663767466
 20
119.68144609764
 30
0.0
 10
20.15671904385999
 20
119.68144609764
 30
0.0
  0
SPLINE
  5
310
330
2D0
100
AcDbEntity
  8
03___PRT_ALL_CURVES
  6
Continuous
 62
     4
100
AcDbSpline
210
0.0
220
0.0
230
1.0
 70
     8
 71
     3
 72
     8
 73
     4
 74
     0
 42
0.0000001
 43
0.0000000001
 40
0.0
 40
0.0
 40
0.0
 40
0.0
 40
1.0
 40
1.0
 40
1.0
 40
1.0
 10
20.15671904385999
 20
119.68144609764
 30
0.0
 10
20.04928405426003
 20
119.68144609764
 30
0.0
 10
19.96742899572001
 20
119.73942700022
 30
0.0
 10
19.91115315704002
 20
119.85538903906
 30
0.0
  0
SPLINE
  5
311
330
2D0
100
AcDbEntity
  8
03___PRT_ALL_CURVES
  6
Continuous
 62
     4
100
AcDbSpline
210
0.0
220
0.0
230
1.0
 70
     8
 71
     3
 72
     8
 73
     4
 74
     0
 42
0.0000001
 43
0.0000000001
 40
0.0
 40
0.0
 40
0.0
 40
0.0
 40
1.0
 40
1.0
 40
1.0
 40
1.0
 10
19.91115315704002
 20
119.85538903906
 30
0.0
 10
19.85487754441999
 20
119.97135061054
 30
0.0
 10
19.82759173157999
 20
120.18963168528
 30
0.0
 10
19.82759173157999
 20
120.50852659486
 30
0.0
  0
SPLINE
  5
312
330
2D0
100
AcDbEntity
  8
03___PRT_ALL_CURVES
  6
Continuous
 62
     4
100
AcDbSpline
210
0.0
220
0.0
230
1.0
 70
     8
 71
     3
 72
     8
 73
     4
 74
     0
 42
0.0000001
 43
0.0000000001
 40
0.0
 40
0.0
 40
0.0
 40
0.0
 40
1.0
 40
1.0
 40
1.0
 40
1.0
 10
21.46811063494002
 20
120.51023188228
 30
0.0
 10
21.46811063494002
 20
120.31582537244
 30
0.0
 10
21.48345883132001
 20
120.14017733918
 30
0.0
 10
21.51756517915999
 20
119.9798773245
 30
0.0
  0
SPLINE
  5
313
330
2D0
100
AcDbEntity
  8
03___PRT_ALL_CURVES
  6
Continuous
 62
     4
100
AcDbSpline
210
0.0
220
0.0
230
1.0
 70
     8
 71
     3
 72
     8
 73
     4
 74
     0
 42
0.0000001
 43
0.0000000001
 40
0.0
 40
0.0
 40
0.0
 40
0.0
 40
1.0
 40
1.0
 40
1.0
 40
1.0
 10
21.51756517915999
 20
119.9798773245
 30
0.0
 10
21.55167157779999
 20
119.81957706852
 30
0.0
 10
21.59771497314
 20
119.69508866878
 30
0.0
 10
21.65776939963999
 20
119.60214711984
 30
0.0
  0
SPLINE
  5
314
330
2D0
100
AcDbEntity
  8
03___PRT_ALL_CURVES
  6
Continuous
 62
     4
100
AcDbSpline
210
0.0
220
0.0
230
1.0
 70
     8
 71
     3
 72
     8
 73
     4
 74
     0
 42
0.0000001
 43
0.0000000001
 40
0.0
 40
0.0
 40
0.0
 40
0.0
 40
1.0
 40
1.0
 40
1.0
 40
1.0
 10
21.65776939963999
 20
119.60214711984
 30
0.0
 10
21.74096162594003
 20
119.47339699888
 30
0.0
 10
21.84839661299998
 20
119.37448840828
 30
0.0
 10
21.97800202053998
 20
119.30798065966
 30
0.0
  0
SPLINE
  5
315
330
2D0
100
AcDbEntity
  8
03___PRT_ALL_CURVES
  6
Continuous
 62
     4
100
AcDbSpline
210
0.0
220
0.0
230
1.0
 70
     8
 71
     3
 72
     8
 73
     4
 74
     0
 42
0.0000001
 43
0.0000000001
 40
0.0
 40
0.0
 40
0.0
 40
0.0
 40
1.0
 40
1.0
 40
1.0
 40
1.0
 10
21.97800202053998
 20
119.30798065966
 30
0.0
 10
22.10760648320002
 20
119.24147339618
 30
0.0
 10
22.27643306451998
 20
119.20736698738
 30
0.0
 10
22.48789246379999
 20
119.20736698738
 30
0.0
  0
SPLINE
  5
316
330
2D0
100
AcDbEntity
  8
03___PRT_ALL_CURVES
  6
Continuous
 62
     4
100
AcDbSpline
210
0.0
220
0.0
230
1.0
 70
     8
 71
     3
 72
     8
 73
     4
 74
     0
 42
0.0000001
 43
0.0000000001
 40
0.0
 40
0.0
 40
0.0
 40
0.0
 40
1.0
 40
1.0
 40
1.0
 40
1.0
 10
22.48789246379999
 20
119.20736698738
 30
0.0
 10
22.86306317141998
 20
119.20736698738
 30
0.0
 10
23.12738712080002
 20
119.31139154184
 30
0.0
 10
23.28127186001998
 20
119.52255542736
 30
0.0
  0
SPLINE
  5
317
330
2D0
100
AcDbEntity
  8
03___PRT_ALL_CURVES
  6
Continuous
 62
     4
100
AcDbSpline
210
0.0
220
0.0
230
1.0
 70
     8
 71
     3
 72
     8
 73
     4
 74
     0
 42
0.0000001
 43
0.0000000001
 40
0.0
 40
0.0
 40
0.0
 40
0.0
 40
1.0
 40
1.0
 40
1.0
 40
1.0
 10
23.28127186001998
 20
119.52255542736
 30
0.0
 10
23.4343450794
 20
119.7326057337
 30
0.0
 10
23.51108486750002
 20
120.06514321188
 30
0.0
 10
23.51108486750002
 20
120.51875847686
 30
0.0
  0
SPLINE
  5
318
330
2D0
100
AcDbEntity
  8
03___PRT_ALL_CURVES
  6
Continuous
 62
     4
100
AcDbSpline
210
0.0
220
0.0
230
1.0
 70
     8
 71
     3
 72
     8
 73
     4
 74
     0
 42
0.0000001
 43
0.0000000001
 40
0.0
 40
0.0
 40
0.0
 40
0.0
 40
1.0
 40
1.0
 40
1.0
 40
1.0
 10
23.51108486750002
 20
120.51875847686
 30
0.0
 10
23.51108486750002
 20
120.71998628878
 30
0.0
 10
23.48721082329999
 20
120.91439294848
 30
0.0
 10
23.44115718159998
 20
121.1019759312
 30
0.0
  0
SPLINE
  5
319
330
2D0
100
AcDbEntity
  8
03___PRT_ALL_CURVES
  6
Continuous
 62
     4
100
AcDbSpline
210
0.0
220
0.0
230
1.0
 70
     8
 71
     3
 72
     8
 73
     4
 74
     0
 42
0.0000001
 43
0.0000000001
 40
0.0
 40
0.0
 40
0.0
 40
0.0
 40
1.0
 40
1.0
 40
1.0
 40
1.0
 10
23.44115718159998
 20
121.1019759312
 30
0.0
 10
23.41729219249999
 20
121.19918140862
 30
0.0
 10
23.38489110668002
 20
121.28444749158
 30
0.0
 10
23.3456688661
 20
121.35777625526
 30
0.0
  0
SPLINE
  5
31A
330
2D0
100
AcDbEntity
  8
03___PRT_ALL_CURVES
  6
Continuous
 62
     4
100
AcDbSpline
210
0.0
220
0.0
230
1.0
 70
     8
 71
     3
 72
     8
 73
     4
 74
     0
 42
0.0000001
 43
0.0000000001
 40
0.0
 40
0.0
 40
0.0
 40
0.0
 40
1.0
 40
1.0
 40
1.0
 40
1.0
 10
23.3456688661
 20
121.35777625526
 30
0.0
 10
23.30644662552001
 20
121.43110501894
 30
0.0
 10
23.25358088162
 20
121.5010232027
 30
0.0
 10
23.18536817070003
 20
121.5675306998601
 30
0.0
  0
SPLINE
  5
31B
330
2D0
100
AcDbEntity
  8
03___PRT_ALL_CURVES
  6
Continuous
 62
     4
100
AcDbSpline
210
0.0
220
0.0
230
1.0
 70
     8
 71
     3
 72
     8
 73
     4
 74
     0
 42
0.0000001
 43
0.0000000001
 40
0.0
 40
0.0
 40
0.0
 40
0.0
 40
1.0
 40
1.0
 40
1.0
 40
1.0
 10
23.18536817070003
 20
121.5675306998601
 30
0.0
 10
23.11715538611998
 20
121.63403827068
 30
0.0
 10
23.02847917282003
 20
121.68860840792
 30
0.0
 10
22.92093793755998
 20
121.72925387146
 30
0.0
  0
SPLINE
  5
31C
330
2D0
100
AcDbEntity
  8
03___PRT_ALL_CURVES
  6
Continuous
 62
     4
100
AcDbSpline
210
0.0
220
0.0
230
1.0
 70
     8
 71
     3
 72
     8
 73
     4
 74
     0
 42
0.0000001
 43
0.0000000001
 40
0.0
 40
0.0
 40
0.0
 40
0.0
 40
1.0
 40
1.0
 40
1.0
 40
1.0
 10
22.92093793755998
 20
121.72925387146
 30
0.0
 10
22.81190331184001
 20
121.77046376364
 30
0.0
 10
22.67377193202
 20
121.79263311732
 30
0.0
 10
22.50665123755999
 20
121.79263311732
 30
0.0
  0
SPLINE
  5
31D
330
2D0
100
AcDbEntity
  8
03___PRT_ALL_CURVES
  6
Continuous
 62
     4
100
AcDbSpline
210
0.0
220
0.0
230
1.0
 70
     8
 71
     3
 72
     8
 73
     4
 74
     0
 42
0.0000001
 43
0.0000000001
 40
0.0
 40
0.0
 40
0.0
 40
0.0
 40
1.0
 40
1.0
 40
1.0
 40
1.0
 10
22.50665123755999
 20
121.79263311732
 30
0.0
 10
22.15535457414001
 20
121.79263311732
 30
0.0
 10
21.89444120213997
 20
121.6971350025
 30
0.0
 10
21.72433300539998
 20
121.50746484844
 30
0.0
  0
SPLINE
  5
31E
330
2D0
100
AcDbEntity
  8
03___PRT_ALL_CURVES
  6
Continuous
 62
     4
100
AcDbSpline
210
0.0
220
0.0
230
1.0
 70
     8
 71
     3
 72
     8
 73
     4
 74
     0
 42
0.0000001
 43
0.0000000001
 40
0.0
 40
0.0
 40
0.0
 40
0.0
 40
1.0
 40
1.0
 40
1.0
 40
1.0
 10
21.72433300539998
 20
121.50746484844
 30
0.0
 10
21.55337627086001
 20
121.3168485774
 30
0.0
 10
21.46811063494002
 20
120.98431098492
 30
0.0
 10
21.46811063494002
 20
120.51023188228
 30
0.0
  0
SPLINE
  5
31F
330
2D0
100
AcDbEntity
  8
03___PRT_ALL_CURVES
  6
Continuous
 62
     4
100
AcDbSpline
210
0.0
220
0.0
230
1.0
 70
     8
 71
     3
 72
     8
 73
     4
 74
     0
 42
0.0000001
 43
0.0000000001
 40
0.0
 40
0.0
 40
0.0
 40
0.0
 40
1.0
 40
1.0
 40
1.0
 40
1.0
 10
22.15706045846002
 20
120.50852659486
 30
0.0
 10
22.15706045846002
 20
120.8223055609
 30
0.0
 10
22.18264038697998
 20
121.03888127202
 30
0.0
 10
22.23379977411997
 20
121.15484335912
 30
0.0
  0
SPLINE
  5
320
330
2D0
100
AcDbEntity
  8
03___PRT_ALL_CURVES
  6
Continuous
 62
     4
100
AcDbSpline
210
0.0
220
0.0
230
1.0
 70
     8
 71
     3
 72
     8
 73
     4
 74
     0
 42
0.0000001
 43
0.0000000001
 40
0.0
 40
0.0
 40
0.0
 40
0.0
 40
1.0
 40
1.0
 40
1.0
 40
1.0
 10
22.23379977411997
 20
121.15484335912
 30
0.0
 10
22.28495891234002
 20
121.27080488234
 30
0.0
 10
22.36681516468005
 20
121.3304911841
 30
0.0
 10
22.48277599955998
 20
121.3304911841
 30
0.0
  0
SPLINE
  5
321
330
2D0
100
AcDbEntity
  8
03___PRT_ALL_CURVES
  6
Continuous
 62
     4
100
AcDbSpline
210
0.0
220
0.0
230
1.0
 70
     8
 71
     3
 72
     8
 73
     4
 74
     0
 42
0.0000001
 43
0.0000000001
 40
0.0
 40
0.0
 40
0.0
 40
0.0
 40
1.0
 40
1.0
 40
1.0
 40
1.0
 10
22.48277599955998
 20
121.3304911841
 30
0.0
 10
22.59532745086
 20
121.3304911841
 30
0.0
 10
22.67888839372003
 20
121.2725101723
 30
0.0
 10
22.73516400380001
 20
121.15825396698
 30
0.0
  0
SPLINE
  5
322
330
2D0
100
AcDbEntity
  8
03___PRT_ALL_CURVES
  6
Continuous
 62
     4
100
AcDbSpline
210
0.0
220
0.0
230
1.0
 70
     8
 71
     3
 72
     8
 73
     4
 74
     0
 42
0.0000001
 43
0.0000000001
 40
0.0
 40
0.0
 40
0.0
 40
0.0
 40
1.0
 40
1.0
 40
1.0
 40
1.0
 10
22.73516400380001
 20
121.15825396698
 30
0.0
 10
22.79143984502002
 20
121.04399728668
 30
0.0
 10
22.82043035346001
 20
120.82060027094
 30
0.0
 10
22.82043035346001
 20
120.48976804208
 30
0.0
  0
SPLINE
  5
323
330
2D0
100
AcDbEntity
  8
03___PRT_ALL_CURVES
  6
Continuous
 62
     4
100
AcDbSpline
210
0.0
220
0.0
230
1.0
 70
     8
 71
     3
 72
     8
 73
     4
 74
     0
 42
0.0000001
 43
0.0000000001
 40
0.0
 40
0.0
 40
0.0
 40
0.0
 40
1.0
 40
1.0
 40
1.0
 40
1.0
 10
22.82043035346001
 20
120.48976804208
 30
0.0
 10
22.82043035346001
 20
120.26296044896
 30
0.0
 10
22.80678685013999
 20
120.09583900774
 30
0.0
 10
22.78309471058
 20
119.99006857666
 30
0.0
  0
SPLINE
  5
324
330
2D0
100
AcDbEntity
  8
03___PRT_ALL_CURVES
  6
Continuous
 62
     4
100
AcDbSpline
210
0.0
220
0.0
230
1.0
 70
     8
 71
     3
 72
     8
 73
     4
 74
     0
 42
0.0000001
 43
0.0000000001
 40
0.0
 40
0.0
 40
0.0
 40
0.0
 40
1.0
 40
1.0
 40
1.0
 40
1.0
 10
22.78309471058
 20
119.99006857666
 30
0.0
 10
22.7590387592
 20
119.8826739502
 30
0.0
 10
22.71981651862001
 20
119.80422920742
 30
0.0
 10
22.66865666158
 20
119.75477489942
 30
0.0
  0
SPLINE
  5
325
330
2D0
100
AcDbEntity
  8
03___PRT_ALL_CURVES
  6
Continuous
 62
     4
100
AcDbSpline
210
0.0
220
0.0
230
1.0
 70
     8
 71
     3
 72
     8
 73
     4
 74
     0
 42
0.0000001
 43
0.0000000001
 40
0.0
 40
0.0
 40
0.0
 40
0.0
 40
1.0
 40
1.0
 40
1.0
 40
1.0
 10
22.66865666158
 20
119.75477489942
 30
0.0
 10
22.61749680199998
 20
119.70532058888
 30
0.0
 10
22.55610521028001
 20
119.68144609764
 30
0.0
 10
22.48618657693999
 20
119.68144609764
 30
0.0
  0
SPLINE
  5
326
330
2D0
100
AcDbEntity
  8
03___PRT_ALL_CURVES
  6
Continuous
 62
     4
100
AcDbSpline
210
0.0
220
0.0
230
1.0
 70
     8
 71
     3
 72
     8
 73
     4
 74
     0
 42
0.0000001
 43
0.0000000001
 40
0.0
 40
0.0
 40
0.0
 40
0.0
 40
1.0
 40
1.0
 40
1.0
 40
1.0
 10
22.48618657693999
 20
119.68144609764
 30
0.0
 10
22.37875158988001
 20
119.68144609764
 30
0.0
 10
22.29689653134002
 20
119.73942700022
 30
0.0
 10
22.24062091872
 20
119.8553885717
 30
0.0
  0
SPLINE
  5
327
330
2D0
100
AcDbEntity
  8
03___PRT_ALL_CURVES
  6
Continuous
 62
     4
100
AcDbSpline
210
0.0
220
0.0
230
1.0
 70
     8
 71
     3
 72
     8
 73
     4
 74
     0
 42
0.0000001
 43
0.0000000001
 40
0.0
 40
0.0
 40
0.0
 40
0.0
 40
1.0
 40
1.0
 40
1.0
 40
1.0
 10
22.24062091872
 20
119.8553885717
 30
0.0
 10
22.18434508004
 20
119.97135061054
 30
0.0
 10
22.15706045846002
 20
120.18963168528
 30
0.0
 10
22.15706045846002
 20
120.50852659486
 30
0.0
  0
SPLINE
  5
328
330
2D0
100
AcDbEntity
  8
03___PRT_ALL_CURVES
  6
Continuous
 62
     4
100
AcDbSpline
210
0.0
220
0.0
230
1.0
 70
     8
 71
     3
 72
     8
 73
     4
 74
     0
 42
0.0000001
 43
0.0000000001
 40
0.0
 40
0.0
 40
0.0
 40
0.0
 40
1.0
 40
1.0
 40
1.0
 40
1.0
 10
30.88908615922003
 20
47.36046389712001
 30
0.0
 10
30.85306931227998
 20
47.28515690778002
 30
0.0
 10
30.80395642092
 20
47.22130967708
 30
0.0
 10
30.74178299434001
 20
47.17051451324002
 30
0.0
  0
SPLINE
  5
329
330
2D0
100
AcDbEntity
  8
03___PRT_ALL_CURVES
  6
Continuous
 62
     4
100
AcDbSpline
210
0.0
220
0.0
230
1.0
 70
     8
 71
     3
 72
     8
 73
     4
 74
     0
 42
0.0000001
 43
0.0000000001
 40
0.0
 40
0.0
 40
0.0
 40
0.0
 40
1.0
 40
1.0
 40
1.0
 40
1.0
 10
30.74178299434001
 20
47.17051451324002
 30
0.0
 10
30.67871743086002
 20
47.1189904837
 30
0.0
 10
30.59031353857998
 20
47.07478853756001
 30
0.0
 10
30.4773534851
 20
47.03877219100002
 30
0.0
  0
SPLINE
  5
32A
330
2D0
100
AcDbEntity
  8
03___PRT_ALL_CURVES
  6
Continuous
 62
     4
100
AcDbSpline
210
0.0
220
0.0
230
1.0
 70
     8
 71
     3
 72
     8
 73
     4
 74
     0
 42
0.0000001
 43
0.0000000001
 40
0.0
 40
0.0
 40
0.0
 40
0.0
 40
1.0
 40
1.0
 40
1.0
 40
1.0
 10
30.4773534851
 20
46.76537519906003
 30
0.0
 10
30.55429755016002
 20
46.78829471125999
 30
0.0
 10
30.61814442526
 20
46.81285129918001
 30
0.0
 10
30.66905920785999
 20
46.83871917733998
 30
0.0
  0
SPLINE
  5
32B
330
2D0
100
AcDbEntity
  8
03___PRT_ALL_CURVES
  6
Continuous
 62
     4
100
AcDbSpline
210
0.0
220
0.0
230
1.0
 70
     8
 71
     3
 72
     8
 73
     4
 74
     0
 42
0.0000001
 43
0.0000000001
 40
0.0
 40
0.0
 40
0.0
 40
0.0
 40
1.0
 40
1.0
 40
1.0
 40
1.0
 10
30.66905920785999
 20
46.83871917733998
 30
0.0
 10
30.71964550750002
 20
46.86442016734
 30
0.0
 10
30.77285138026002
 20
46.89798089524001
 30
0.0
 10
30.82769432873999
 20
46.93972715414
 30
0.0
  0
LINE
  5
32C
330
2D0
100
AcDbEntity
  8
03___PRT_ALL_CURVES
  6
Continuous
 62
     4
100
AcDbLine
 10
30.86452942651997
 20
27.41175989824001
 30
0.0
 11
30.9441275833
 21
27.48436139896003
 31
0.0
  0
LINE
  5
32D
330
2D0
100
AcDbEntity
  8
03___PRT_ALL_CURVES
  6
Continuous
 62
     4
100
AcDbLine
 10
30.9441275833
 20
27.48436139896003
 30
0.0
 11
31.07883650108002
 21
27.5822387394
 31
0.0
  0
SPLINE
  5
32E
330
2D0
100
AcDbEntity
  8
03___PRT_ALL_CURVES
  6
Continuous
 62
     4
100
AcDbSpline
210
0.0
220
0.0
230
1.0
 70
     8
 71
     3
 72
     8
 73
     4
 74
     0
 42
0.0000001
 43
0.0000000001
 40
0.0
 40
0.0
 40
0.0
 40
0.0
 40
1.0
 40
1.0
 40
1.0
 40
1.0
 10
31.07883650108002
 20
27.5822387394
 30
0.0
 10
31.19195061572003
 20
27.66141882234001
 30
0.0
 10
31.26971379014
 20
27.73427012189998
 30
0.0
 10
31.31246379607998
 20
27.80127287334
 30
0.0
  0
SPLINE
  5
32F
330
2D0
100
AcDbEntity
  8
03___PRT_ALL_CURVES
  6
Continuous
 62
     4
100
AcDbSpline
210
0.0
220
0.0
230
1.0
 70
     8
 71
     3
 72
     8
 73
     4
 74
     0
 42
0.0000001
 43
0.0000000001
 40
0.0
 40
0.0
 40
0.0
 40
0.0
 40
1.0
 40
1.0
 40
1.0
 40
1.0
 10
31.31246379607998
 20
27.80127287334
 30
0.0
 10
31.35484295693999
 20
27.86769439150001
 30
0.0
 10
31.37694378650002
 20
27.93727146596001
 30
0.0
 10
31.37694378650002
 20
28.01094130591997
 30
0.0
  0
SPLINE
  5
330
330
2D0
100
AcDbEntity
  8
03___PRT_ALL_CURVES
  6
Continuous
 62
     4
100
AcDbSpline
210
0.0
220
0.0
230
1.0
 70
     8
 71
     3
 72
     8
 73
     4
 74
     0
 42
0.0000001
 43
0.0000000001
 40
0.0
 40
0.0
 40
0.0
 40
0.0
 40
1.0
 40
1.0
 40
1.0
 40
1.0
 10
31.37694378650002
 20
28.01094130591997
 30
0.0
 10
31.37694378650002
 20
28.07969983998004
 30
0.0
 10
31.35811711091998
 20
28.14109138598002
 30
0.0
 10
31.32046374452
 20
28.19675307552004
 30
0.0
  0
SPLINE
  5
331
330
2D0
100
AcDbEntity
  8
03___PRT_ALL_CURVES
  6
Continuous
 62
     4
100
AcDbSpline
210
0.0
220
0.0
230
1.0
 70
     8
 71
     3
 72
     8
 73
     4
 74
     0
 42
0.0000001
 43
0.0000000001
 40
0.0
 40
0.0
 40
0.0
 40
0.0
 40
1.0
 40
1.0
 40
1.0
 40
1.0
 10
31.32046374452
 20
28.19675307552004
 30
0.0
 10
31.2828104086
 20
28.25241471680002
 30
0.0
 10
31.23205986748002
 20
28.29334243783998
 30
0.0
 10
31.16643386208
 20
28.32000303984
 30
0.0
  0
SPLINE
  5
332
330
2D0
100
AcDbEntity
  8
03___PRT_ALL_CURVES
  6
Continuous
 62
     4
100
AcDbSpline
210
0.0
220
0.0
230
1.0
 70
     8
 71
     3
 72
     8
 73
     4
 74
     0
 42
0.0000001
 43
0.0000000001
 40
0.0
 40
0.0
 40
0.0
 40
0.0
 40
1.0
 40
1.0
 40
1.0
 40
1.0
 10
31.16643386208
 20
28.32000303984
 30
0.0
 10
31.10109139180003
 20
28.34654845283998
 30
0.0
 10
31.01023217042001
 20
28.36046389617999
 30
0.0
 10
30.89317856657996
 20
28.36046389617999
 30
0.0
  0
SPLINE
  5
333
330
2D0
100
AcDbEntity
  8
03___PRT_ALL_CURVES
  6
Continuous
 62
     4
100
AcDbSpline
210
0.0
220
0.0
230
1.0
 70
     8
 71
     3
 72
     8
 73
     4
 74
     0
 42
0.0000001
 43
0.0000000001
 40
0.0
 40
0.0
 40
0.0
 40
0.0
 40
1.0
 40
1.0
 40
1.0
 40
1.0
 10
30.89317856657996
 20
28.36046389617999
 30
0.0
 10
30.78021851309998
 20
28.36046389617999
 30
0.0
 10
30.69263287420003
 20
28.34572991498001
 30
0.0
 10
30.62878569937999
 20
28.31789905624001
 30
0.0
  0
SPLINE
  5
334
330
2D0
100
AcDbEntity
  8
03___PRT_ALL_CURVES
  6
Continuous
 62
     4
100
AcDbSpline
210
0.0
220
0.0
230
1.0
 70
     8
 71
     3
 72
     8
 73
     4
 74
     0
 42
0.0000001
 43
0.0000000001
 40
0.0
 40
0.0
 40
0.0
 40
0.0
 40
1.0
 40
1.0
 40
1.0
 40
1.0
 10
30.62878569937999
 20
28.31789905624001
 30
0.0
 10
30.5649385525
 20
28.29006821274001
 30
0.0
 10
30.51582537411997
 20
28.24914049170002
 30
0.0
 10
30.48116258339999
 20
28.19694251888001
 30
0.0
  0
SPLINE
  5
335
330
2D0
100
AcDbEntity
  8
03___PRT_ALL_CURVES
  6
Continuous
 62
     4
100
AcDbSpline
210
0.0
220
0.0
230
1.0
 70
     8
 71
     3
 72
     8
 73
     4
 74
     0
 42
0.0000001
 43
0.0000000001
 40
0.0
 40
0.0
 40
0.0
 40
0.0
 40
1.0
 40
1.0
 40
1.0
 40
1.0
 10
30.48116258339999
 20
28.19694251888001
 30
0.0
 10
30.44624815742003
 20
28.14436561108002
 30
0.0
 10
30.42251024959998
 20
28.07069577112
 30
0.0
 10
30.40941334665999
 20
27.97738064660001
 30
0.0
  0
SPLINE
  5
336
330
2D0
100
AcDbEntity
  8
03___PRT_ALL_CURVES
  6
Continuous
 62
     4
100
AcDbSpline
210
0.0
220
0.0
230
1.0
 70
     8
 71
     3
 72
     8
 73
     4
 74
     0
 42
0.0000001
 43
0.0000000001
 40
0.0
 40
0.0
 40
0.0
 40
0.0
 40
1.0
 40
1.0
 40
1.0
 40
1.0
 10
30.74338341532001
 20
27.95036837144002
 30
0.0
 10
30.75238762642002
 20
28.01748975866002
 30
0.0
 10
30.77039547711999
 20
28.06496585878
 30
0.0
 10
30.79761181334001
 20
28.09176976250001
 30
0.0
  0
SPLINE
  5
337
330
2D0
100
AcDbEntity
  8
03___PRT_ALL_CURVES
  6
Continuous
 62
     4
100
AcDbSpline
210
0.0
220
0.0
230
1.0
 70
     8
 71
     3
 72
     8
 73
     4
 74
     0
 42
0.0000001
 43
0.0000000001
 40
0.0
 40
0.0
 40
0.0
 40
0.0
 40
1.0
 40
1.0
 40
1.0
 40
1.0
 10
30.79761181334001
 20
28.09176976250001
 30
0.0
 10
30.82442017475998
 20
28.11817187378
 30
0.0
 10
30.85961819428002
 20
28.13208731712001
 30
0.0
 10
30.90218277768003
 20
28.13208731712001
 30
0.0
  0
SPLINE
  5
338
330
2D0
100
AcDbEntity
  8
03___PRT_ALL_CURVES
  6
Continuous
 62
     4
100
AcDbSpline
210
0.0
220
0.0
230
1.0
 70
     8
 71
     3
 72
     8
 73
     4
 74
     0
 42
0.0000001
 43
0.0000000001
 40
0.0
 40
0.0
 40
0.0
 40
0.0
 40
1.0
 40
1.0
 40
1.0
 40
1.0
 10
30.90218277768003
 20
28.13208731712001
 30
0.0
 10
30.94311028282002
 20
28.13208731712001
 30
0.0
 10
30.97667122662
 20
28.11899048276001
 30
0.0
 10
31.00368342812001
 20
28.09279688769999
 30
0.0
  0
SPLINE
  5
339
330
2D0
100
AcDbEntity
  8
03___PRT_ALL_CURVES
  6
Continuous
 62
     4
100
AcDbSpline
210
0.0
220
0.0
230
1.0
 70
     8
 71
     3
 72
     8
 73
     4
 74
     0
 42
0.0000001
 43
0.0000000001
 40
0.0
 40
0.0
 40
0.0
 40
0.0
 40
1.0
 40
1.0
 40
1.0
 40
1.0
 10
31.00368342812001
 20
28.09279688769999
 30
0.0
 10
31.03069592426004
 20
28.06660300816003
 30
0.0
 10
31.0446113676
 20
28.03549796496
 30
0.0
 10
31.0446113676
 20
27.99948154982002
 30
0.0
  0
SPLINE
  5
33A
330
2D0
100
AcDbEntity
  8
03___PRT_ALL_CURVES
  6
Continuous
 62
     4
100
AcDbSpline
210
0.0
220
0.0
230
1.0
 70
     8
 71
     3
 72
     8
 73
     4
 74
     0
 42
0.0000001
 43
0.0000000001
 40
0.0
 40
0.0
 40
0.0
 40
0.0
 40
1.0
 40
1.0
 40
1.0
 40
1.0
 10
31.0446113676
 20
27.99948154982002
 30
0.0
 10
31.0446113676
 20
27.96510235264003
 30
0.0
 10
31.03069592426004
 20
27.92990447535999
 30
0.0
 10
31.00341665445998
 20
27.89244667879998
 30
0.0
  0
SPLINE
  5
33B
330
2D0
100
AcDbEntity
  8
03___PRT_ALL_CURVES
  6
Continuous
 62
     4
100
AcDbSpline
210
0.0
220
0.0
230
1.0
 70
     8
 71
     3
 72
     8
 73
     4
 74
     0
 42
0.0000001
 43
0.0000000001
 40
0.0
 40
0.0
 40
0.0
 40
0.0
 40
1.0
 40
1.0
 40
1.0
 40
1.0
 10
31.00341665445998
 20
27.89244667879998
 30
0.0
 10
30.97585240174001
 20
27.85459755968
 30
0.0
 10
30.91364231788
 20
27.79893585744003
 30
0.0
 10
30.81624342454
 20
27.72689145746003
 30
0.0
  0
SPLINE
  5
33C
330
2D0
100
AcDbEntity
  8
03___PRT_ALL_CURVES
  6
Continuous
 62
     4
100
AcDbSpline
210
0.0
220
0.0
230
1.0
 70
     8
 71
     3
 72
     8
 73
     4
 74
     0
 42
0.0000001
 43
0.0000000001
 40
0.0
 40
0.0
 40
0.0
 40
0.0
 40
1.0
 40
1.0
 40
1.0
 40
1.0
 10
30.81624342454
 20
27.72689145746003
 30
0.0
 10
30.65579834792001
 20
27.60821280734001
 30
0.0
 10
30.54693041732
 20
27.50507504054002
 30
0.0
 10
30.48881302276001
 20
27.41830831796003
 30
0.0
  0
SPLINE
  5
33D
330
2D0
100
AcDbEntity
  8
03___PRT_ALL_CURVES
  6
Continuous
 62
     4
100
AcDbSpline
210
0.0
220
0.0
230
1.0
 70
     8
 71
     3
 72
     8
 73
     4
 74
     0
 42
0.0000001
 43
0.0000000001
 40
0.0
 40
0.0
 40
0.0
 40
0.0
 40
1.0
 40
1.0
 40
1.0
 40
1.0
 10
30.48881302276001
 20
27.41830831796003
 30
0.0
 10
30.43069563582
 20
27.33154160554002
 30
0.0
 10
30.39631644118001
 20
27.23822646324001
 30
0.0
 10
30.38485661396001
 20
27.13999999980001
 30
0.0
  0
SPLINE
  5
33E
330
2D0
100
AcDbEntity
  8
03___PRT_ALL_CURVES
  6
Continuous
 62
     4
100
AcDbSpline
210
0.0
220
0.0
230
1.0
 70
     8
 71
     3
 72
     8
 73
     4
 74
     0
 42
0.0000001
 43
0.0000000001
 40
0.0
 40
0.0
 40
0.0
 40
0.0
 40
1.0
 40
1.0
 40
1.0
 40
1.0
 10
10.24369056414
 20
120.27319233096
 30
0.0
 10
10.20958404103999
 20
120.11459755798
 30
0.0
 10
10.15330846398001
 20
119.99351981182
 30
0.0
 10
10.07869969524003
 20
119.91128053256
 30
0.0
  0
SPLINE
  5
33F
330
2D0
100
AcDbEntity
  8
03___PRT_ALL_CURVES
  6
Continuous
 62
     4
100
AcDbSpline
210
0.0
220
0.0
230
1.0
 70
     8
 71
     3
 72
     8
 73
     4
 74
     0
 42
0.0000001
 43
0.0000000001
 40
0.0
 40
0.0
 40
0.0
 40
0.0
 40
1.0
 40
1.0
 40
1.0
 40
1.0
 10
10.07869969524003
 20
119.91128053256
 30
0.0
 10
10.00324036178
 20
119.82810369866
 30
0.0
 10
9.890689207659989
 20
119.7871759827
 30
0.0
 10
9.744031532980017
 20
119.7871759827
 30
0.0
  0
SPLINE
  5
340
330
2D0
100
AcDbEntity
  8
03___PRT_ALL_CURVES
  6
Continuous
 62
     4
100
AcDbSpline
210
0.0
220
0.0
230
1.0
 70
     8
 71
     3
 72
     8
 73
     4
 74
     0
 42
0.0000001
 43
0.0000000001
 40
0.0
 40
0.0
 40
0.0
 40
0.0
 40
1.0
 40
1.0
 40
1.0
 40
1.0
 10
9.744031532980017
 20
119.7871759827
 30
0.0
 10
9.590552700999979
 20
119.7871759827
 30
0.0
 10
9.47288560842
 20
119.83833561876
 30
0.0
 10
9.388818601039986
 20
119.9402350238
 30
0.0
  0
SPLINE
  5
341
330
2D0
100
AcDbEntity
  8
03___PRT_ALL_CURVES
  6
Continuous
 62
     4
100
AcDbSpline
210
0.0
220
0.0
230
1.0
 70
     8
 71
     3
 72
     8
 73
     4
 74
     0
 42
0.0000001
 43
0.0000000001
 40
0.0
 40
0.0
 40
0.0
 40
0.0
 40
1.0
 40
1.0
 40
1.0
 40
1.0
 10
9.388818601039986
 20
119.9402350238
 30
0.0
 10
9.30405887978003
 20
120.04297408426
 30
0.0
 10
9.263131199380013
 20
120.23397001672
 30
0.0
 10
9.263131199380013
 20
120.51023188228
 30
0.0
  0
SPLINE
  5
342
330
2D0
100
AcDbEntity
  8
03___PRT_ALL_CURVES
  6
Continuous
 62
     4
100
AcDbSpline
210
0.0
220
0.0
230
1.0
 70
     8
 71
     3
 72
     8
 73
     4
 74
     0
 42
0.0000001
 43
0.0000000001
 40
0.0
 40
0.0
 40
0.0
 40
0.0
 40
1.0
 40
1.0
 40
1.0
 40
1.0
 10
9.263131199380013
 20
120.51023188228
 30
0.0
 10
9.263131199380013
 20
120.73362889802
 30
0.0
 10
9.297237575159983
 20
120.89733976186
 30
0.0
 10
9.368072498260005
 20
121.00359209952
 30
0.0
  0
SPLINE
  5
343
330
2D0
100
AcDbEntity
  8
03___PRT_ALL_CURVES
  6
Continuous
 62
     4
100
AcDbSpline
210
0.0
220
0.0
230
1.0
 70
     8
 71
     3
 72
     8
 73
     4
 74
     0
 42
0.0000001
 43
0.0000000001
 40
0.0
 40
0.0
 40
0.0
 40
0.0
 40
1.0
 40
1.0
 40
1.0
 40
1.0
 10
9.368072498260005
 20
121.00359209952
 30
0.0
 10
9.460948362800025
 20
121.14290583156
 30
0.0
 10
9.595668718200017
 20
121.2145293052801
 30
0.0
 10
9.771316751460006
 20
121.2145293052801
 30
0.0
  0
SPLINE
  5
344
330
2D0
100
AcDbEntity
  8
03___PRT_ALL_CURVES
  6
Continuous
 62
     4
100
AcDbSpline
210
0.0
220
0.0
230
1.0
 70
     8
 71
     3
 72
     8
 73
     4
 74
     0
 42
0.0000001
 43
0.0000000001
 40
0.0
 40
0.0
 40
0.0
 40
0.0
 40
1.0
 40
1.0
 40
1.0
 40
1.0
 10
9.771316751460006
 20
121.2145293052801
 30
0.0
 10
9.848056092520011
 20
121.2145293052801
 30
0.0
 10
9.917974276280006
 20
121.1974761186599
 30
0.0
 10
9.980544615960014
 20
121.16576239494
 30
0.0
  0
SPLINE
  5
345
330
2D0
100
AcDbEntity
  8
03___PRT_ALL_CURVES
  6
Continuous
 62
     4
100
AcDbSpline
210
0.0
220
0.0
230
1.0
 70
     8
 71
     3
 72
     8
 73
     4
 74
     0
 42
0.0000001
 43
0.0000000001
 40
0.0
 40
0.0
 40
0.0
 40
0.0
 40
1.0
 40
1.0
 40
1.0
 40
1.0
 10
9.980544615960014
 20
121.16576239494
 30
0.0
 10
10.04246274968003
 20
121.13437923698
 30
0.0
 10
10.0953275995
 20
121.08833554446
 30
0.0
 10
10.13894305709999
 20
121.0298271042
 30
0.0
  0
SPLINE
  5
346
330
2D0
100
AcDbEntity
  8
03___PRT_ALL_CURVES
  6
Continuous
 62
     4
100
AcDbSpline
210
0.0
220
0.0
230
1.0
 70
     8
 71
     3
 72
     8
 73
     4
 74
     0
 42
0.0000001
 43
0.0000000001
 40
0.0
 40
0.0
 40
0.0
 40
0.0
 40
1.0
 40
1.0
 40
1.0
 40
1.0
 10
10.13894305709999
 20
121.0298271042
 30
0.0
 10
10.16524578580001
 20
120.99454301678
 30
0.0
 10
10.19082556446
 20
120.93826743972
 30
0.0
 10
10.21470005824003
 20
120.86323323876
 30
0.0
  0
SPLINE
  5
347
330
2D0
100
AcDbEntity
  8
03___PRT_ALL_CURVES
  6
Continuous
 62
     4
100
AcDbSpline
210
0.0
220
0.0
230
1.0
 70
     8
 71
     3
 72
     8
 73
     4
 74
     0
 42
0.0000001
 43
0.0000000001
 40
0.0
 40
0.0
 40
0.0
 40
0.0
 40
1.0
 40
1.0
 40
1.0
 40
1.0
 10
10.89682842728001
 20
121.01500678078
 30
0.0
 10
10.80815161708
 20
121.27762618696
 30
0.0
 10
10.67513654909999
 20
121.47373813408
 30
0.0
 10
10.49397244101999
 20
121.60106569248
 30
0.0
  0
SPLINE
  5
348
330
2D0
100
AcDbEntity
  8
03___PRT_ALL_CURVES
  6
Continuous
 62
     4
100
AcDbSpline
210
0.0
220
0.0
230
1.0
 70
     8
 71
     3
 72
     8
 73
     4
 74
     0
 42
0.0000001
 43
0.0000000001
 40
0.0
 40
0.0
 40
0.0
 40
0.0
 40
1.0
 40
1.0
 40
1.0
 40
1.0
 10
10.49397244101999
 20
121.60106569248
 30
0.0
 10
10.31360860058001
 20
121.72783079836
 30
0.0
 10
10.06633724092001
 20
121.79263311732
 30
0.0
 10
9.752558125019988
 20
121.79263311732
 30
0.0
  0
SPLINE
  5
349
330
2D0
100
AcDbEntity
  8
03___PRT_ALL_CURVES
  6
Continuous
 62
     4
100
AcDbSpline
210
0.0
220
0.0
230
1.0
 70
     8
 71
     3
 72
     8
 73
     4
 74
     0
 42
0.0000001
 43
0.0000000001
 40
0.0
 40
0.0
 40
0.0
 40
0.0
 40
1.0
 40
1.0
 40
1.0
 40
1.0
 10
9.752558125019988
 20
121.79263311732
 30
0.0
 10
9.350102498639984
 20
121.79263311732
 30
0.0
 10
9.038028820020003
 20
121.68008181588
 30
0.0
 10
8.818042521359985
 20
121.45839020948
 30
0.0
  0
SPLINE
  5
34A
330
2D0
100
AcDbEntity
  8
03___PRT_ALL_CURVES
  6
Continuous
 62
     4
100
AcDbSpline
210
0.0
220
0.0
230
1.0
 70
     8
 71
     3
 72
     8
 73
     4
 74
     0
 42
0.0000001
 43
0.0000000001
 40
0.0
 40
0.0
 40
0.0
 40
0.0
 40
1.0
 40
1.0
 40
1.0
 40
1.0
 10
8.818042521359985
 20
121.45839020948
 30
0.0
 10
8.598056128720032
 20
121.2366985091
 30
0.0
 10
8.488915610400028
 20
120.91950881582
 30
0.0
 10
8.488915610400028
 20
120.50511601494
 30
0.0
  0
SPLINE
  5
34B
330
2D0
100
AcDbEntity
  8
03___PRT_ALL_CURVES
  6
Continuous
 62
     4
100
AcDbSpline
210
0.0
220
0.0
230
1.0
 70
     8
 71
     3
 72
     8
 73
     4
 74
     0
 42
0.0000001
 43
0.0000000001
 40
0.0
 40
0.0
 40
0.0
 40
0.0
 40
1.0
 40
1.0
 40
1.0
 40
1.0
 10
8.488915610400028
 20
120.50511601494
 30
0.0
 10
8.488915610400028
 20
120.19474762628
 30
0.0
 10
8.550307146240016
 20
119.94065481468
 30
0.0
 10
8.676275672559996
 20
119.74099042864
 30
0.0
  0
SPLINE
  5
34C
330
2D0
100
AcDbEntity
  8
03___PRT_ALL_CURVES
  6
Continuous
 62
     4
100
AcDbSpline
210
0.0
220
0.0
230
1.0
 70
     8
 71
     3
 72
     8
 73
     4
 74
     0
 42
0.0000001
 43
0.0000000001
 40
0.0
 40
0.0
 40
0.0
 40
0.0
 40
1.0
 40
1.0
 40
1.0
 40
1.0
 10
8.676275672559996
 20
119.74099042864
 30
0.0
 10
8.800989268700022
 20
119.54331514708
 30
0.0
 10
8.949352159680018
 20
119.40347885068
 30
0.0
 10
9.121907392419985
 20
119.32574357308
 30
0.0
  0
SPLINE
  5
34D
330
2D0
100
AcDbEntity
  8
03___PRT_ALL_CURVES
  6
Continuous
 62
     4
100
AcDbSpline
210
0.0
220
0.0
230
1.0
 70
     8
 71
     3
 72
     8
 73
     4
 74
     0
 42
0.0000001
 43
0.0000000001
 40
0.0
 40
0.0
 40
0.0
 40
0.0
 40
1.0
 40
1.0
 40
1.0
 40
1.0
 10
9.121907392419985
 20
119.32574357308
 30
0.0
 10
9.293826921580006
 20
119.24829468048
 30
0.0
 10
9.515518649900002
 20
119.20736698738
 30
0.0
 10
9.788369938079995
 20
119.20736698738
 30
0.0
  0
SPLINE
  5
34E
330
2D0
100
AcDbEntity
  8
03___PRT_ALL_CURVES
  6
Continuous
 62
     4
100
AcDbSpline
210
0.0
220
0.0
230
1.0
 70
     8
 71
     3
 72
     8
 73
     4
 74
     0
 42
0.0000001
 43
0.0000000001
 40
0.0
 40
0.0
 40
0.0
 40
0.0
 40
1.0
 40
1.0
 40
1.0
 40
1.0
 10
9.788369938079995
 20
119.20736698738
 30
0.0
 10
10.01176695382
 20
119.20736698738
 30
0.0
 10
10.19594158166001
 20
119.23976807828
 30
0.0
 10
10.34089381906
 20
119.30457025754
 30
0.0
  0
SPLINE
  5
34F
330
2D0
100
AcDbEntity
  8
03___PRT_ALL_CURVES
  6
Continuous
 62
     4
100
AcDbSpline
210
0.0
220
0.0
230
1.0
 70
     8
 71
     3
 72
     8
 73
     4
 74
     0
 42
0.0000001
 43
0.0000000001
 40
0.0
 40
0.0
 40
0.0
 40
0.0
 40
1.0
 40
1.0
 40
1.0
 40
1.0
 10
10.34089381906
 20
119.30457025754
 30
0.0
 10
10.48584605646002
 20
119.36937243934
 30
0.0
 10
10.60692380262
 20
119.4648704043
 30
0.0
 10
10.70571037415999
 20
119.5928634808
 30
0.0
  0
SPLINE
  5
350
330
2D0
100
AcDbEntity
  8
03___PRT_ALL_CURVES
  6
Continuous
 62
     4
100
AcDbSpline
210
0.0
220
0.0
230
1.0
 70
     8
 71
     3
 72
     8
 73
     4
 74
     0
 42
0.0000001
 43
0.0000000001
 40
0.0
 40
0.0
 40
0.0
 40
0.0
 40
1.0
 40
1.0
 40
1.0
 40
1.0
 10
10.70571037415999
 20
119.5928634808
 30
0.0
 10
10.80303559987999
 20
119.71896316256
 30
0.0
 10
10.87465907614001
 20
119.8775580092
 30
0.0
 10
10.92070276865999
 20
120.06855386546
 30
0.0
  0
LINE
  5
355
330
2D0
100
AcDbEntity
  8
0
  6
Continuous
 62
     2
100
AcDbLine
 10
15.45525077092
 20
116.89999999938
 30
0.0
 11
15.55525077158001
 21
117.00000000004
 31
0.0
  0
LINE
  5
356
330
2D0
100
AcDbEntity
  8
0
  6
Continuous
 62
     2
100
AcDbLine
 10
6.160501544860011
 20
91.80000000136002
 30
0.0
 11
6.260501545519986
 21
91.89999999948
 31
0.0
  0
LINE
  5
357
330
2D0
100
AcDbEntity
  8
0
  6
Continuous
 62
     2
100
AcDbLine
 10
31.26050154542
 20
116.89999999938
 30
0.0
 11
31.36050154607997
 21
117.00000000004
 31
0.0
  0
LINE
  5
358
330
2D0
100
AcDbEntity
  8
0
  6
Continuous
 62
     2
100
AcDbLine
 10
21.96575231936001
 20
91.80000000136002
 30
0.0
 11
22.06575231747999
 21
91.89999999948
 31
0.0
  0
LINE
  5
359
330
2D0
100
AcDbEntity
  8
0
  6
Continuous
 62
     2
100
AcDbLine
 10
14.29999999786003
 20
53.69000000104
 30
0.0
 11
15.29999999937999
 21
54.69000000002001
 31
0.0
  0
LINE
  5
35A
330
2D0
100
AcDbEntity
  8
0
  6
Continuous
 62
     7
100
AcDbLine
 10
-0.2500000003800267
 20
116.89999999938
 30
0.0
 11
-0.2500000003800267
 21
91.89999999948
 31
0.0
  0
LINE
  5
35B
330
2D0
100
AcDbEntity
  8
0
  6
Continuous
 62
     7
100
AcDbLine
 10
-0.2500000003800267
 20
5.999999998960021
 30
0.0
 11
-0.2500000003800267
 21
91.80000000136002
 31
0.0
  0
LINE
  5
35C
330
2D0
100
AcDbEntity
  8
0
  6
Continuous
 62
     7
100
AcDbLine
 10
-0.2500000003800267
 20
117.00000000004
 30
0.0
 11
-0.2500000003800267
 21
124.00000000052
 31
0.0
  0
LINE
  5
35D
330
2D0
100
AcDbEntity
  8
0
  6
Continuous
 62
     7
100
AcDbLine
 10
0.0
 20
129.99999999948
 30
0.0
 11
0.0
 21
124.00000000052
 31
0.0
  0
LINE
  5
35E
330
2D0
100
AcDbEntity
  8
0
  6
Continuous
 62
     7
100
AcDbLine
 10
0.0
 20
5.999999998960021
 30
0.0
 11
0.0
 21
0.0
 31
0.0
  0
LINE
  5
35F
330
2D0
100
AcDbEntity
  8
0
  6
Continuous
 62
     7
100
AcDbLine
 10
22.61006853390003
 20
50.81500000048001
 30
0.0
 11
22.55006853451999
 21
50.76357142922001
 31
0.0
  0
LINE
  5
360
330
2D0
100
AcDbEntity
  8
0
  6
Continuous
 62
     7
100
AcDbLine
 10
22.46006853418001
 20
50.23999999985998
 30
0.0
 11
22.49542387368001
 21
50.26500000066002
 31
0.0
  0
LINE
  5
361
330
2D0
100
AcDbEntity
  8
0
  6
Continuous
 62
     7
100
AcDbLine
 10
22.46006853418001
 20
49.43999999966002
 30
0.0
 11
22.49542387368001
 21
49.46500000046001
 31
0.0
  0
LINE
  5
362
330
2D0
100
AcDbEntity
  8
0
  6
Continuous
 62
     7
100
AcDbLine
 10
22.46006853418001
 20
48.63999999946003
 30
0.0
 11
22.49542387368001
 21
48.66500000025999
 31
0.0
  0
LINE
  5
363
330
2D0
100
AcDbEntity
  8
0
  6
Continuous
 62
     7
100
AcDbLine
 10
22.46006853418001
 20
47.83999999926002
 30
0.0
 11
22.49542387368001
 21
47.86500000006001
 31
0.0
  0
LINE
  5
364
330
2D0
100
AcDbEntity
  8
0
  6
Continuous
 62
     7
100
AcDbLine
 10
22.46006853418001
 20
47.03999999906
 30
0.0
 11
22.49542387368001
 21
47.06499999985999
 31
0.0
  0
LINE
  5
365
330
2D0
100
AcDbEntity
  8
0
  6
Continuous
 62
     7
100
AcDbLine
 10
22.46006853418001
 20
46.24000000140001
 30
0.0
 11
22.49542387368001
 21
46.26499999966001
 31
0.0
  0
LINE
  5
366
330
2D0
100
AcDbEntity
  8
0
  6
Continuous
 62
     7
100
AcDbLine
 10
22.46006853418001
 20
45.44000000120002
 30
0.0
 11
22.49542387368001
 21
45.46499999946002
 31
0.0
  0
LINE
  5
367
330
2D0
100
AcDbEntity
  8
0
  6
Continuous
 62
     7
100
AcDbLine
 10
22.46006853418001
 20
44.64000000100003
 30
0.0
 11
22.49542387368001
 21
44.66499999926
 31
0.0
  0
LINE
  5
368
330
2D0
100
AcDbEntity
  8
0
  6
Continuous
 62
     7
100
AcDbLine
 10
22.46006853418001
 20
43.84000000080002
 30
0.0
 11
22.49542387368001
 21
43.86499999906002
 31
0.0
  0
LINE
  5
369
330
2D0
100
AcDbEntity
  8
0
  6
Continuous
 62
     7
100
AcDbLine
 10
22.46006853418001
 20
43.04000000060003
 30
0.0
 11
22.49542387368001
 21
43.06500000139999
 31
0.0
  0
LINE
  5
36A
330
2D0
100
AcDbEntity
  8
02___PRT_ALL_AXES
  6
Continuous
 62
     7
100
AcDbLine
 10
31.99999999784001
 20
0.0
 30
0.0
 11
0.0
 21
0.0
 31
0.0
  0
LINE
  5
36B
330
2D0
100
AcDbEntity
  8
0
  6
Continuous
 62
     7
100
AcDbLine
 10
16.39999999902
 20
1.649999999460022
 30
0.0
 11
15.59999999882001
 21
1.649999999460022
 31
0.0
  0
LINE
  5
36C
330
2D0
100
AcDbEntity
  8
0
  6
Continuous
 62
     7
100
AcDbLine
 10
17.74999999904
 20
2.999999999480025
 30
0.0
 11
16.39999999902
 21
2.999999999480025
 31
0.0
  0
LINE
  5
36D
330
2D0
100
AcDbEntity
  8
0
  6
Continuous
 62
     7
100
AcDbLine
 10
14.24999999880001
 20
2.999999999480025
 30
0.0
 11
15.59999999882001
 21
2.999999999480025
 31
0.0
  0
LINE
  5
36E
330
2D0
100
AcDbEntity
  8
0
  6
Continuous
 62
     7
100
AcDbLine
 10
14.24999999880001
 20
3.799999999680011
 30
0.0
 11
15.59999999882001
 21
3.799999999680011
 31
0.0
  0
LINE
  5
36F
330
2D0
100
AcDbEntity
  8
0
  6
Continuous
 62
     7
100
AcDbLine
 10
16.39999999902
 20
3.799999999680011
 30
0.0
 11
17.74999999904
 21
3.799999999680011
 31
0.0
  0
LINE
  5
370
330
2D0
100
AcDbEntity
  8
0
  6
Continuous
 62
     7
100
AcDbLine
 10
15.59999999882001
 20
5.149999999700015
 30
0.0
 11
16.39999999902
 21
5.149999999700015
 31
0.0
  0
LINE
  5
371
330
2D0
100
AcDbEntity
  8
0
  6
Continuous
 62
     7
100
AcDbLine
 10
32.24999999822003
 20
5.999999998960021
 30
0.0
 11
-0.2500000003800267
 21
5.999999998960021
 31
0.0
  0
LINE
  5
372
330
2D0
100
AcDbEntity
  8
02___PRT_ALL_AXES
  6
Continuous
 62
     7
100
AcDbLine
 10
2.49999999872
 20
129.99999999948
 30
0.0
 11
2.49999999872
 21
124.00000000052
 31
0.0
  0
LINE
  5
373
330
2D0
100
AcDbEntity
  8
02___PRT_ALL_AXES
  6
Continuous
 62
     7
100
AcDbLine
 10
2.49999999872
 20
5.999999998960021
 30
0.0
 11
2.49999999872
 21
0.0
 31
0.0
  0
LINE
  5
374
330
2D0
100
AcDbEntity
  8
02___PRT_ALL_AXES
  6
Continuous
 62
     7
100
AcDbLine
 10
4.999999999979991
 20
129.99999999948
 30
0.0
 11
4.999999999979991
 21
124.00000000052
 31
0.0
  0
LINE
  5
375
330
2D0
100
AcDbEntity
  8
02___PRT_ALL_AXES
  6
Continuous
 62
     7
100
AcDbLine
 10
4.999999999979991
 20
5.999999998960021
 30
0.0
 11
4.999999999979991
 21
0.0
 31
0.0
  0
LINE
  5
376
330
2D0
100
AcDbEntity
  8
02___PRT_ALL_AXES
  6
Continuous
 62
     7
100
AcDbLine
 10
7.399999998039988
 20
129.99999999948
 30
0.0
 11
7.399999998039988
 21
124.00000000052
 31
0.0
  0
LINE
  5
377
330
2D0
100
AcDbEntity
  8
02___PRT_ALL_AXES
  6
Continuous
 62
     7
100
AcDbLine
 10
7.399999998039988
 20
5.999999998960021
 30
0.0
 11
7.399999998039988
 21
0.0
 31
0.0
  0
LINE
  5
378
330
2D0
100
AcDbEntity
  8
0
  6
Continuous
 62
     7
100
AcDbLine
 10
16.78854101772001
 20
44.34685468686001
 30
0.0
 11
15.82999999856
 21
42.87665862294003
 31
0.0
  0
LINE
  5
379
330
2D0
100
AcDbEntity
  8
0
  6
Continuous
 62
     7
100
AcDbLine
 10
16.78854101772001
 20
44.18641082944004
 30
0.0
 11
15.82999999856
 21
42.71621476552002
 31
0.0
  0
LINE
  5
37A
330
2D0
100
AcDbEntity
  8
03___PRT_ALL_CURVES
  6
Continuous
 62
     4
100
AcDbLine
 10
29.82742148296001
 20
47.34000000104001
 30
0.0
 11
29.43942700114002
 21
46.88652113914
 31
0.0
  0
LINE
  5
37B
330
2D0
100
AcDbEntity
  8
03___PRT_ALL_CURVES
  6
Continuous
 62
     4
100
AcDbLine
 10
29.43942700114002
 20
46.43222373937999
 30
0.0
 11
29.63096848242
 21
46.63276943176001
 31
0.0
  0
LINE
  5
37C
330
2D0
100
AcDbEntity
  8
03___PRT_ALL_CURVES
  6
Continuous
 62
     4
100
AcDbLine
 10
29.88308325631999
 20
46.88652113914
 30
0.0
 11
30.32100945183998
 21
47.34000000104001
 31
0.0
  0
LINE
  5
380
330
2D0
100
AcDbEntity
  8
0
  6
Continuous
 62
     2
100
AcDbLine
 10
24.4347492254
 20
47.03999999906
 30
0.0
 11
24.46740888068001
 21
47.07265965433999
 31
0.0
  0
LINE
  5
381
330
2D0
100
AcDbEntity
  8
0
  6
Continuous
 62
     7
100
AcDbLine
 10
32.24999999822003
 20
12.40000000056
 30
0.0
 11
-0.2500000003800267
 21
12.40000000056
 31
0.0
  0
LINE
  5
382
330
2D0
100
AcDbEntity
  8
0
  6
Continuous
 62
     7
100
AcDbLine
 10
32.24999999822003
 20
12.99999999944004
 30
0.0
 11
-0.2500000003800267
 21
12.99999999944004
 31
0.0
  0
LINE
  5
383
330
2D0
100
AcDbEntity
  8
02___PRT_ALL_AXES
  6
Continuous
 62
     7
100
AcDbLine
 10
9.899999999300007
 20
129.99999999948
 30
0.0
 11
9.899999999300007
 21
124.00000000052
 31
0.0
  0
LINE
  5
384
330
2D0
100
AcDbEntity
  8
02___PRT_ALL_AXES
  6
Continuous
 62
     7
100
AcDbLine
 10
9.899999999300007
 20
5.999999998960021
 30
0.0
 11
9.899999999300007
 21
0.0
 31
0.0
  0
LINE
  5
385
330
2D0
100
AcDbEntity
  8
03___PRT_ALL_CURVES
  6
Continuous
 62
     4
100
AcDbLine
 10
14.01415462594002
 20
121.74999999964
 30
0.0
 11
14.01415462594002
 21
120.25954979792
 31
0.0
  0
LINE
  5
386
330
2D0
100
AcDbEntity
  8
0
  6
Continuous
 62
     7
100
AcDbLine
 10
14.24999999880001
 20
127.0
 30
0.0
 11
14.24999999880001
 21
126.1999999998
 31
0.0
  0
LINE
  5
387
330
2D0
100
AcDbEntity
  8
0
  6
Continuous
 62
     7
100
AcDbLine
 10
14.24999999880001
 20
3.799999999680011
 30
0.0
 11
14.24999999880001
 21
2.999999999480025
 31
0.0
  0
LINE
  5
388
330
2D0
100
AcDbEntity
  8
02___PRT_ALL_AXES
  6
Continuous
 62
     7
100
AcDbLine
 10
14.29999999786003
 20
53.69000000104
 30
0.0
 11
14.29999999786003
 21
39.79000000074001
 31
0.0
  0
LINE
  5
389
330
2D0
100
AcDbEntity
  8
0
  6
Continuous
 62
     7
100
AcDbLine
 10
14.29999999786003
 20
53.69000000104
 30
0.0
 11
14.29999999786003
 21
39.79000000074001
 31
0.0
  0
LINE
  5
38A
330
2D0
100
AcDbEntity
  8
02___PRT_ALL_AXES
  6
Continuous
 62
     7
100
AcDbLine
 10
14.29999999786003
 20
34.69000000010001
 30
0.0
 11
14.29999999786003
 21
20.78999999980002
 31
0.0
  0
LINE
  5
38B
330
2D0
100
AcDbEntity
  8
0
  6
Continuous
 62
     7
100
AcDbLine
 10
14.29999999786003
 20
34.69000000010001
 30
0.0
 11
14.29999999786003
 21
20.78999999980002
 31
0.0
  0
LINE
  5
38C
330
2D0
100
AcDbEntity
  8
03___PRT_ALL_CURVES
  6
Continuous
 62
     4
100
AcDbLine
 10
14.78495950799999
 20
120.22373805852
 30
0.0
 11
14.78495950799999
 21
121.74999999964
 31
0.0
  0
LINE
  5
38D
330
2D0
100
AcDbEntity
  8
0
  6
Continuous
 62
     7
100
AcDbLine
 10
14.99999999994
 20
53.69000000104
 30
0.0
 11
14.99999999994
 21
39.79000000074001
 31
0.0
  0
LINE
  5
38E
330
2D0
100
AcDbEntity
  8
0
  6
Continuous
 62
     7
100
AcDbLine
 10
14.99999999994
 20
34.69000000010001
 30
0.0
 11
14.99999999994
 21
20.78999999980002
 31
0.0
  0
LINE
  5
38F
330
2D0
100
AcDbEntity
  8
0
  6
Continuous
 62
     7
100
AcDbLine
 10
15.24999999778001
 20
53.69000000104
 30
0.0
 11
15.24999999778001
 21
39.79000000074001
 31
0.0
  0
LINE
  5
390
330
2D0
100
AcDbEntity
  8
0
  6
Continuous
 62
     7
100
AcDbLine
 10
15.24999999778001
 20
34.69000000010001
 30
0.0
 11
15.24999999778001
 21
20.78999999980002
 31
0.0
  0
LINE
  5
391
330
2D0
100
AcDbEntity
  8
0
  6
Continuous
 62
     7
100
AcDbLine
 10
15.46241705326003
 20
23.78999999928001
 30
0.0
 11
15.46241705326003
 21
26.18999999988
 31
0.0
  0
LINE
  5
392
330
2D0
100
AcDbEntity
  8
0
  6
Continuous
 62
     7
100
AcDbLine
 10
15.46241705326003
 20
29.29000000002003
 30
0.0
 11
15.46241705326003
 21
31.69000000062002
 31
0.0
  0
LINE
  5
393
330
2D0
100
AcDbEntity
  8
0
  6
Continuous
 62
     7
100
AcDbLine
 10
15.46241705326003
 20
42.79000000022
 30
0.0
 11
15.46241705326003
 21
45.19000000081999
 31
0.0
  0
LINE
  5
394
330
2D0
100
AcDbEntity
  8
0
  6
Continuous
 62
     7
100
AcDbLine
 10
15.46241705326003
 20
48.29000000096002
 30
0.0
 11
15.46241705326003
 21
50.68999999902002
 31
0.0
  0
LINE
  5
395
330
2D0
100
AcDbEntity
  8
0
  6
Continuous
 62
     7
100
AcDbLine
 10
15.59999999882001
 20
1.649999999460022
 30
0.0
 11
15.59999999882001
 21
2.999999999480025
 31
0.0
  0
LINE
  5
396
330
2D0
100
AcDbEntity
  8
0
  6
Continuous
 62
     7
100
AcDbLine
 10
15.59999999882001
 20
3.799999999680011
 30
0.0
 11
15.59999999882001
 21
5.149999999700015
 31
0.0
  0
LINE
  5
397
330
2D0
100
AcDbEntity
  8
0
  6
Continuous
 62
     7
100
AcDbLine
 10
15.59999999882001
 20
124.84999999978
 30
0.0
 11
15.59999999882001
 21
126.1999999998
 31
0.0
  0
LINE
  5
398
330
2D0
100
AcDbEntity
  8
0
  6
Continuous
 62
     7
100
AcDbLine
 10
15.59999999882001
 20
127.0
 30
0.0
 11
15.59999999882001
 21
128.35000000002
 31
0.0
  0
LINE
  5
399
330
2D0
100
AcDbEntity
  8
03___PRT_ALL_CURVES
  6
Continuous
 62
     4
100
AcDbLine
 10
15.63932473855999
 20
121.74999999964
 30
0.0
 11
15.63932473855999
 21
120.22373805852
 31
0.0
  0
LINE
  5
39A
330
2D0
100
AcDbEntity
  8
0
  6
Continuous
 62
     7
100
AcDbLine
 10
15.82999999856
 20
20.74000000074
 30
0.0
 11
15.82999999856
 21
23.87665862454
 31
0.0
  0
LINE
  5
39B
330
2D0
100
AcDbEntity
  8
0
  6
Continuous
 62
     7
100
AcDbLine
 10
15.82999999856
 20
31.63049719608
 30
0.0
 11
15.82999999856
 21
34.73999999916001
 31
0.0
  0
LINE
  5
39C
330
2D0
100
AcDbEntity
  8
0
  6
Continuous
 62
     7
100
AcDbLine
 10
15.82999999856
 20
39.73999999914
 30
0.0
 11
15.82999999856
 21
42.87665862294003
 31
0.0
  0
LINE
  5
39D
330
2D0
100
AcDbEntity
  8
0
  6
Continuous
 62
     7
100
AcDbLine
 10
15.82999999856
 20
50.63049719448003
 30
0.0
 11
15.82999999856
 21
53.74000000010003
 31
0.0
  0
LINE
  5
39E
330
2D0
100
AcDbEntity
  8
0
  6
Continuous
 62
     7
100
AcDbLine
 10
16.39999999902
 20
128.35000000002
 30
0.0
 11
16.39999999902
 21
127.0
 31
0.0
  0
LINE
  5
39F
330
2D0
100
AcDbEntity
  8
0
  6
Continuous
 62
     7
100
AcDbLine
 10
16.39999999902
 20
5.149999999700015
 30
0.0
 11
16.39999999902
 21
3.799999999680011
 31
0.0
  0
LINE
  5
3A0
330
2D0
100
AcDbEntity
  8
0
  6
Continuous
 62
     7
100
AcDbLine
 10
16.39999999902
 20
1.649999999460022
 30
0.0
 11
16.39999999902
 21
2.999999999480025
 31
0.0
  0
LINE
  5
3A1
330
2D0
100
AcDbEntity
  8
0
  6
Continuous
 62
     7
100
AcDbLine
 10
16.39999999902
 20
124.84999999978
 30
0.0
 11
16.39999999902
 21
126.1999999998
 31
0.0
  0
LINE
  5
3A2
330
2D0
100
AcDbEntity
  8
03___PRT_ALL_CURVES
  6
Continuous
 62
     4
100
AcDbLine
 10
16.41012962062001
 20
120.25954979792
 30
0.0
 11
16.41012962062001
 21
121.74999999964
 31
0.0
  0
LINE
  5
3A3
330
2D0
100
AcDbEntity
  8
ECAD_TE_1734099-5
  6
Continuous
 62
     7
100
AcDbLine
 10
16.69999999846002
 20
54.69000000002001
 30
0.0
 11
16.69999999846002
 21
53.99000000048002
 31
0.0
  0
LINE
  5
3A4
330
2D0
100
AcDbEntity
  8
ECAD_TE_1734099-5
  6
Continuous
 62
     7
100
AcDbLine
 10
16.69999999846002
 20
20.49000000036
 30
0.0
 11
16.69999999846002
 21
20.15978820206001
 31
0.0
  0
LINE
  5
3A5
330
2D0
100
AcDbEntity
  8
02___PRT_ALL_AXES
  6
Continuous
 62
     7
100
AcDbLine
 10
16.69999999846002
 20
20.15978820206001
 30
0.0
 11
16.69999999846002
 21
19.79000000082002
 31
0.0
  0
LINE
  5
3A6
330
2D0
100
AcDbEntity
  8
03___PRT_ALL_CURVES
  6
Continuous
 62
     4
100
AcDbLine
 10
16.82111199144001
 20
121.74999999964
 30
0.0
 11
16.82111199144001
 21
121.16336974542
 31
0.0
  0
LINE
  5
3A7
330
2D0
100
AcDbEntity
  8
0
  6
Continuous
 62
     7
100
AcDbLine
 10
22.54720056718003
 20
50.38999999958003
 30
0.0
 11
22.49542387368001
 21
50.26500000066002
 31
0.0
  0
LINE
  5
3A8
330
2D0
100
AcDbEntity
  8
0
  6
Continuous
 62
     7
100
AcDbLine
 10
22.54720056718003
 20
49.58999999938001
 30
0.0
 11
22.49542387368001
 21
49.46500000046001
 31
0.0
  0
LINE
  5
3A9
330
2D0
100
AcDbEntity
  8
0
  6
Continuous
 62
     7
100
AcDbLine
 10
22.54720056718003
 20
48.78999999918003
 30
0.0
 11
22.49542387368001
 21
48.66500000025999
 31
0.0
  0
LINE
  5
3AA
330
2D0
100
AcDbEntity
  8
0
  6
Continuous
 62
     7
100
AcDbLine
 10
22.54720056718003
 20
47.98999999898004
 30
0.0
 11
22.49542387368001
 21
47.86500000006001
 31
0.0
  0
LINE
  5
3AB
330
2D0
100
AcDbEntity
  8
0
  6
Continuous
 62
     7
100
AcDbLine
 10
22.54720056718003
 20
47.19000000131999
 30
0.0
 11
22.49542387368001
 21
47.06499999985999
 31
0.0
  0
LINE
  5
3AC
330
2D0
100
AcDbEntity
  8
0
  6
Continuous
 62
     7
100
AcDbLine
 10
22.54720056718003
 20
46.39000000112
 30
0.0
 11
22.49542387368001
 21
46.26499999966001
 31
0.0
  0
LINE
  5
3AD
330
2D0
100
AcDbEntity
  8
0
  6
Continuous
 62
     7
100
AcDbLine
 10
22.54720056718003
 20
45.59000000091999
 30
0.0
 11
22.49542387368001
 21
45.46499999946002
 31
0.0
  0
LINE
  5
3AE
330
2D0
100
AcDbEntity
  8
0
  6
Continuous
 62
     7
100
AcDbLine
 10
22.54720056718003
 20
44.79000000072
 30
0.0
 11
22.49542387368001
 21
44.66499999926
 31
0.0
  0
LINE
  5
3AF
330
2D0
100
AcDbEntity
  8
0
  6
Continuous
 62
     7
100
AcDbLine
 10
22.54720056718003
 20
43.99000000052001
 30
0.0
 11
22.49542387368001
 21
43.86499999906002
 31
0.0
  0
LINE
  5
3B0
330
2D0
100
AcDbEntity
  8
0
  6
Continuous
 62
     7
100
AcDbLine
 10
22.54720056718003
 20
43.19000000032
 30
0.0
 11
22.49542387368001
 21
43.06500000139999
 31
0.0
  0
LINE
  5
3B1
330
2D0
100
AcDbEntity
  8
0
  6
Continuous
 62
     7
100
AcDbLine
 10
16.78854101772001
 20
25.34685468846001
 30
0.0
 11
15.82999999856
 21
23.87665862454
 31
0.0
  0
LINE
  5
3B2
330
2D0
100
AcDbEntity
  8
0
  6
Continuous
 62
     7
100
AcDbLine
 10
16.78854101772001
 20
25.18641082850002
 30
0.0
 11
15.82999999856
 21
23.71621476458
 31
0.0
  0
LINE
  5
3B6
330
2D0
100
AcDbEntity
  8
0
  6
Continuous
 62
     2
100
AcDbLine
 10
24.03999999965995
 20
30.84000000135998
 30
0.0
 11
24.05999999776003
 21
30.85999999946
 31
0.0
  0
LINE
  5
3B7
330
2D0
100
AcDbEntity
  8
0
  6
Continuous
 62
     7
100
AcDbLine
 10
22.61006853390003
 20
31.81499999954002
 30
0.0
 11
22.55006853451999
 21
31.76357142828002
 31
0.0
  0
LINE
  5
3B8
330
2D0
100
AcDbEntity
  8
0
  6
Continuous
 62
     7
100
AcDbLine
 10
22.46006853418001
 20
31.23999999891998
 30
0.0
 11
22.49542387368001
 21
31.26499999972
 31
0.0
  0
LINE
  5
3B9
330
2D0
100
AcDbEntity
  8
0
  6
Continuous
 62
     7
100
AcDbLine
 10
22.46006853418001
 20
30.44000000125999
 30
0.0
 11
22.49542387368001
 21
30.46499999952002
 31
0.0
  0
LINE
  5
3BA
330
2D0
100
AcDbEntity
  8
0
  6
Continuous
 62
     7
100
AcDbLine
 10
22.46006853418001
 20
29.64000000106
 30
0.0
 11
22.49542387368001
 21
29.66499999932
 31
0.0
  0
LINE
  5
3BB
330
2D0
100
AcDbEntity
  8
0
  6
Continuous
 62
     7
100
AcDbLine
 10
22.46006853418001
 20
28.84000000085999
 30
0.0
 11
22.49542387368001
 21
28.86499999912002
 31
0.0
  0
LINE
  5
3BC
330
2D0
100
AcDbEntity
  8
0
  6
Continuous
 62
     7
100
AcDbLine
 10
22.46006853418001
 20
28.04000000066
 30
0.0
 11
22.49542387368001
 21
28.06499999892
 31
0.0
  0
LINE
  5
3BD
330
2D0
100
AcDbEntity
  8
0
  6
Continuous
 62
     7
100
AcDbLine
 10
22.46006853418001
 20
27.24000000046001
 30
0.0
 11
22.49542387368001
 21
27.26500000126001
 31
0.0
  0
LINE
  5
3BE
330
2D0
100
AcDbEntity
  8
0
  6
Continuous
 62
     7
100
AcDbLine
 10
22.46006853418001
 20
26.44000000026
 30
0.0
 11
22.49542387368001
 21
26.46500000106002
 31
0.0
  0
LINE
  5
3BF
330
2D0
100
AcDbEntity
  8
0
  6
Continuous
 62
     7
100
AcDbLine
 10
22.46006853418001
 20
25.64000000006001
 30
0.0
 11
22.49542387368001
 21
25.66500000086
 31
0.0
  0
LINE
  5
3C0
330
2D0
100
AcDbEntity
  8
0
  6
Continuous
 62
     7
100
AcDbLine
 10
22.46006853418001
 20
24.83999999986
 30
0.0
 11
22.49542387368001
 21
24.86500000066002
 31
0.0
  0
LINE
  5
3C1
330
2D0
100
AcDbEntity
  8
0
  6
Continuous
 62
     7
100
AcDbLine
 10
22.46006853418001
 20
24.03999999966001
 30
0.0
 11
22.49542387368001
 21
24.06500000046003
 31
0.0
  0
LINE
  5
3C2
330
2D0
100
AcDbEntity
  8
02___PRT_ALL_AXES
  6
Continuous
 62
     7
100
AcDbLine
 10
15.29999999937999
 20
19.79000000082002
 30
0.0
 11
24.09999999903999
 21
19.79000000082002
 31
0.0
  0
LINE
  5
3C3
330
2D0
100
AcDbEntity
  8
0
  6
Continuous
 62
     7
100
AcDbLine
 10
15.29999999937999
 20
19.79000000082002
 30
0.0
 11
24.09999999903999
 21
19.79000000082002
 31
0.0
  0
LINE
  5
3C4
330
2D0
100
AcDbEntity
  8
ECAD_TE_1734099-5
  6
Continuous
 62
     7
100
AcDbLine
 10
14.53340954882
 20
20.15978820206001
 30
0.0
 11
16.69999999846002
 21
20.15978820206001
 31
0.0
  0
LINE
  5
3C5
330
2D0
100
AcDbEntity
  8
0
  6
Continuous
 62
     7
100
AcDbLine
 10
24.14999999809999
 20
20.22749999958003
 30
0.0
 11
22.24999999826002
 21
20.22749999958003
 31
0.0
  0
LINE
  5
3C6
330
2D0
100
AcDbEntity
  8
0
  6
Continuous
 62
     7
100
AcDbLine
 10
21.04999999796001
 20
20.22749999958003
 30
0.0
 11
20.84999999918
 21
20.22749999958003
 31
0.0
  0
LINE
  5
3C7
330
2D0
100
AcDbEntity
  8
0
  6
Continuous
 62
     7
100
AcDbLine
 10
22.47999999800001
 20
20.23999999998003
 30
0.0
 11
22.24999999826002
 21
20.23999999998003
 31
0.0
  0
LINE
  5
3C8
330
2D0
100
AcDbEntity
  8
0
  6
Continuous
 62
     7
100
AcDbLine
 10
24.09999999903999
 20
20.25000000030002
 30
0.0
 11
22.24999999826002
 21
20.25000000030002
 31
0.0
  0
LINE
  5
3C9
330
2D0
100
AcDbEntity
  8
0
  6
Continuous
 62
     7
100
AcDbLine
 10
21.04999999796001
 20
20.25000000030002
 30
0.0
 11
20.94999999984
 21
20.25000000030002
 31
0.0
  0
LINE
  5
3CA
330
2D0
100
AcDbEntity
  8
0
  6
Continuous
 62
     7
100
AcDbLine
 10
20.84999999918
 20
20.47749999996003
 30
0.0
 11
20.94999999984
 21
20.47749999996003
 31
0.0
  0
LINE
  5
3CB
330
2D0
100
AcDbEntity
  8
0
  6
Continuous
 62
     7
100
AcDbLine
 10
15.29999999937999
 20
20.49000000036
 30
0.0
 11
24.54999999820004
 21
20.49000000036
 31
0.0
  0
LINE
  5
3CC
330
2D0
100
AcDbEntity
  8
0
  6
Continuous
 62
     7
100
AcDbLine
 10
24.14999999809999
 20
20.50000000068002
 30
0.0
 11
24.39999999847998
 21
20.50000000068002
 31
0.0
  0
LINE
  5
3CD
330
2D0
100
AcDbEntity
  8
0
  6
Continuous
 62
     7
100
AcDbLine
 10
15.29999999937999
 20
20.74000000074
 30
0.0
 11
24.14999999809999
 21
20.74000000074
 31
0.0
  0
LINE
  5
3CE
330
2D0
100
AcDbEntity
  8
0
  6
Continuous
 62
     7
100
AcDbLine
 10
24.39999999847998
 20
20.74000000074
 30
0.0
 11
24.54999999820004
 21
20.74000000074
 31
0.0
  0
LINE
  5
3CF
330
2D0
100
AcDbEntity
  8
0
  6
Continuous
 62
     7
100
AcDbLine
 10
21.92912878326004
 20
20.75000000106002
 30
0.0
 11
22.57087121326001
 21
20.75000000106002
 31
0.0
  0
LINE
  5
3D0
330
2D0
100
AcDbEntity
  8
0
  6
Continuous
 62
     7
100
AcDbLine
 10
23.50006853444
 20
24.41696475500001
 30
0.0
 11
23.49965206587999
 21
24.42348237214
 31
0.0
  0
LINE
  5
3D1
330
2D0
100
AcDbEntity
  8
0
  6
Continuous
 62
     7
100
AcDbLine
 10
23.50006853444
 20
25.2169647552
 30
0.0
 11
23.49965206587999
 21
25.22348237234002
 31
0.0
  0
LINE
  5
3D2
330
2D0
100
AcDbEntity
  8
0
  6
Continuous
 62
     7
100
AcDbLine
 10
23.50006853444
 20
30.81696475660002
 30
0.0
 11
23.49965206587999
 21
30.82348237120001
 31
0.0
  0
LINE
  5
3D3
330
2D0
100
AcDbEntity
  8
0
  6
Continuous
 62
     7
100
AcDbLine
 10
23.50006853444
 20
31.6169647568
 30
0.0
 11
23.49965206587999
 21
31.6234823714
 31
0.0
  0
LINE
  5
3D4
330
2D0
100
AcDbEntity
  8
0
  6
Continuous
 62
     7
100
AcDbLine
 10
16.99999999790001
 20
20.49000000036
 30
0.0
 11
16.99999999790001
 21
19.79000000082002
 31
0.0
  0
LINE
  5
3D5
330
2D0
100
AcDbEntity
  8
0
  6
Continuous
 62
     7
100
AcDbLine
 10
16.99999999790001
 20
53.99000000048002
 30
0.0
 11
16.99999999790001
 21
54.69000000002001
 31
0.0
  0
LINE
  5
3D6
330
2D0
100
AcDbEntity
  8
0
  6
Continuous
 62
     7
100
AcDbLine
 10
17.24999999828
 20
19.79005097100003
 30
0.0
 11
17.24999999828
 21
20.49000000036
 31
0.0
  0
LINE
  5
3D7
330
2D0
100
AcDbEntity
  8
0
  6
Continuous
 62
     7
100
AcDbLine
 10
17.24999999828
 20
34.98999999954
 30
0.0
 11
17.24999999828
 21
35.68994903144002
 31
0.0
  0
LINE
  5
3D8
330
2D0
100
AcDbEntity
  8
0
  6
Continuous
 62
     7
100
AcDbLine
 10
17.24999999828
 20
38.7900509694
 30
0.0
 11
17.24999999828
 21
39.49000000129999
 31
0.0
  0
LINE
  5
3D9
330
2D0
100
AcDbEntity
  8
0
  6
Continuous
 62
     7
100
AcDbLine
 10
17.24999999828
 20
53.99000000048002
 30
0.0
 11
17.24999999828
 21
54.68994902983997
 31
0.0
  0
LINE
  5
3DA
330
2D0
100
AcDbEntity
  8
0
  6
Continuous
 62
     7
100
AcDbLine
 10
17.72999999839999
 20
44.29540996628
 30
0.0
 11
17.72999999839999
 21
39.73999999914
 31
0.0
  0
LINE
  5
3DB
330
2D0
100
AcDbEntity
  8
0
  6
Continuous
 62
     7
100
AcDbLine
 10
17.72999999839999
 20
25.29540996788
 30
0.0
 11
17.72999999839999
 21
20.74000000074
 31
0.0
  0
LINE
  5
3DC
330
2D0
100
AcDbEntity
  8
0
  6
Continuous
 62
     7
100
AcDbLine
 10
17.72999999839999
 20
30.18459003456002
 30
0.0
 11
17.72999999839999
 21
34.73999999916001
 31
0.0
  0
LINE
  5
3DD
330
2D0
100
AcDbEntity
  8
0
  6
Continuous
 62
     7
100
AcDbLine
 10
17.72999999839999
 20
49.18459003296002
 30
0.0
 11
17.72999999839999
 21
53.74000000010003
 31
0.0
  0
LINE
  5
3DE
330
2D0
100
AcDbEntity
  8
0
  6
Continuous
 62
     7
100
AcDbLine
 10
17.74999999904
 20
2.999999999480025
 30
0.0
 11
17.74999999904
 21
3.799999999680011
 31
0.0
  0
LINE
  5
3DF
330
2D0
100
AcDbEntity
  8
0
  6
Continuous
 62
     7
100
AcDbLine
 10
17.74999999904
 20
126.1999999998
 30
0.0
 11
17.74999999904
 21
127.0
 31
0.0
  0
LINE
  5
3E0
330
2D0
100
AcDbEntity
  8
0
  6
Continuous
 62
     7
100
AcDbLine
 10
18.44999999857998
 20
54.68994902983997
 30
0.0
 11
18.44999999857998
 21
53.99000000048002
 31
0.0
  0
LINE
  5
3E1
330
2D0
100
AcDbEntity
  8
0
  6
Continuous
 62
     7
100
AcDbLine
 10
18.44999999857998
 20
39.49000000129999
 30
0.0
 11
18.44999999857998
 21
38.7900509694
 31
0.0
  0
LINE
  5
3E2
330
2D0
100
AcDbEntity
  8
0
  6
Continuous
 62
     7
100
AcDbLine
 10
18.44999999857998
 20
35.68994903144002
 30
0.0
 11
18.44999999857998
 21
34.98999999954
 31
0.0
  0
LINE
  5
3E3
330
2D0
100
AcDbEntity
  8
0
  6
Continuous
 62
     7
100
AcDbLine
 10
18.44999999857998
 20
20.49000000036
 30
0.0
 11
18.44999999857998
 21
19.79005097100003
 31
0.0
  0
LINE
  5
3E4
330
2D0
100
AcDbEntity
  8
0
  6
Continuous
 62
     7
100
AcDbLine
 10
18.50000000018002
 20
19.79000000082002
 30
0.0
 11
18.50000000018002
 21
20.49000000036
 31
0.0
  0
LINE
  5
3E5
330
2D0
100
AcDbEntity
  8
ECAD_PULSE_HX5401NL
  6
Continuous
 62
     7
100
AcDbLine
 10
18.67599999870004
 20
39.49000000129999
 30
0.0
 11
18.67599999870004
 21
38.78999999922002
 31
0.0
  0
LINE
  5
3E6
330
2D0
100
AcDbEntity
  8
ECAD_PULSE_HX5401NL
  6
Continuous
 62
     7
100
AcDbLine
 10
18.67599999870004
 20
35.68999999908002
 30
0.0
 11
18.67599999870004
 21
34.98999999954
 31
0.0
  0
LINE
  5
3E7
330
2D0
100
AcDbEntity
  8
03___PRT_ALL_CURVES
  6
Continuous
 62
     4
100
AcDbLine
 10
18.84873802761999
 20
121.28103676434
 30
0.0
 11
18.84873802761999
 21
121.74999999964
 31
0.0
  0
LINE
  5
3E8
330
2D0
100
AcDbEntity
  8
0
  6
Continuous
 62
     7
100
AcDbLine
 10
19.200068534
 20
52.24000000036
 30
0.0
 11
19.200068534
 21
41.24000000141999
 31
0.0
  0
LINE
  5
3E9
330
2D0
100
AcDbEntity
  8
0
  6
Continuous
 62
     7
100
AcDbLine
 10
19.200068534
 20
33.23999999942001
 30
0.0
 11
19.200068534
 21
22.24000000048002
 31
0.0
  0
LINE
  5
3EA
330
2D0
100
AcDbEntity
  8
0
  6
Continuous
 62
     7
100
AcDbLine
 10
19.40006853278001
 20
51.44000000016001
 30
0.0
 11
19.40006853278001
 21
42.03999999908001
 31
0.0
  0
LINE
  5
3EB
330
2D0
100
AcDbEntity
  8
0
  6
Continuous
 62
     7
100
AcDbLine
 10
19.40006853278001
 20
32.43999999922002
 30
0.0
 11
19.40006853278001
 21
23.04000000068001
 31
0.0
  0
LINE
  5
3EC
330
2D0
100
AcDbEntity
  8
0
  6
Continuous
 62
     7
100
AcDbLine
 10
19.64999999888002
 20
34.98999999954
 30
0.0
 11
19.64999999888002
 21
35.17000000022003
 31
0.0
  0
LINE
  5
3ED
330
2D0
100
AcDbEntity
  8
0
  6
Continuous
 62
     7
100
AcDbLine
 10
19.64999999888002
 20
38.78999999922002
 30
0.0
 11
19.64999999888002
 21
38.98000000022
 31
0.0
  0
LINE
  5
3EE
330
2D0
100
AcDbEntity
  8
0
  6
Continuous
 62
     7
100
AcDbLine
 10
19.64999999888002
 20
53.99000000048002
 30
0.0
 11
19.64999999888002
 21
54.22000000021998
 31
0.0
  0
LINE
  5
3EF
330
2D0
100
AcDbEntity
  8
0
  6
Continuous
 62
     7
100
AcDbLine
 10
19.72006853286001
 20
51.44000000016001
 30
0.0
 11
19.72006853286001
 21
42.03999999908001
 31
0.0
  0
LINE
  5
3F0
330
2D0
100
AcDbEntity
  8
0
  6
Continuous
 62
     7
100
AcDbLine
 10
19.72006853286001
 20
32.43999999922002
 30
0.0
 11
19.72006853286001
 21
23.04000000068001
 31
0.0
  0
LINE
  5
3F1
330
2D0
100
AcDbEntity
  8
0
  6
Continuous
 62
     7
100
AcDbLine
 10
20.42006853493999
 20
23.04000000068001
 30
0.0
 11
20.42006853493999
 21
32.43999999922002
 31
0.0
  0
LINE
  5
3F2
330
2D0
100
AcDbEntity
  8
0
  6
Continuous
 62
     7
100
AcDbLine
 10
20.42006853493999
 20
42.03999999908001
 30
0.0
 11
20.42006853493999
 21
51.44000000016001
 31
0.0
  0
LINE
  5
3F3
330
2D0
100
AcDbEntity
  8
0
  6
Continuous
 62
     7
100
AcDbLine
 10
20.66006853499999
 20
22.24000000048002
 30
0.0
 11
20.66006853499999
 21
23.04000000068001
 31
0.0
  0
LINE
  5
3F4
330
2D0
100
AcDbEntity
  8
0
  6
Continuous
 62
     7
100
AcDbLine
 10
20.66006853499999
 20
32.43999999922002
 30
0.0
 11
20.66006853499999
 21
33.23999999942001
 31
0.0
  0
LINE
  5
3F5
330
2D0
100
AcDbEntity
  8
0
  6
Continuous
 62
     7
100
AcDbLine
 10
20.66006853499999
 20
41.24000000141999
 30
0.0
 11
20.66006853499999
 21
42.03999999908001
 31
0.0
  0
LINE
  5
3F6
330
2D0
100
AcDbEntity
  8
0
  6
Continuous
 62
     7
100
AcDbLine
 10
20.66006853499999
 20
51.44000000016001
 30
0.0
 11
20.66006853499999
 21
52.24000000036
 31
0.0
  0
LINE
  5
3F7
330
2D0
100
AcDbEntity
  8
0
  6
Continuous
 62
     7
100
AcDbLine
 10
20.76506843676
 20
23.84000000088
 30
0.0
 11
20.76506843676
 21
24.03999999966001
 31
0.0
  0
LINE
  5
3F8
330
2D0
100
AcDbEntity
  8
0
  6
Continuous
 62
     7
100
AcDbLine
 10
20.76506843676
 20
24.64000000108001
 30
0.0
 11
20.76506843676
 21
24.83999999986
 31
0.0
  0
LINE
  5
3F9
330
2D0
100
AcDbEntity
  8
0
  6
Continuous
 62
     7
100
AcDbLine
 10
20.76506843676
 20
25.44000000128
 30
0.0
 11
20.76506843676
 21
25.64000000006001
 31
0.0
  0
LINE
  5
3FA
330
2D0
100
AcDbEntity
  8
0
  6
Continuous
 62
     7
100
AcDbLine
 10
20.76506843676
 20
26.23999999894002
 30
0.0
 11
20.76506843676
 21
26.44000000026
 31
0.0
  0
LINE
  5
3FB
330
2D0
100
AcDbEntity
  8
0
  6
Continuous
 62
     7
100
AcDbLine
 10
20.76506843676
 20
27.03999999914001
 30
0.0
 11
20.76506843676
 21
27.24000000046001
 31
0.0
  0
LINE
  5
3FC
330
2D0
100
AcDbEntity
  8
0
  6
Continuous
 62
     7
100
AcDbLine
 10
20.76506843676
 20
27.83999999933999
 30
0.0
 11
20.76506843676
 21
28.04000000066
 31
0.0
  0
LINE
  5
3FD
330
2D0
100
AcDbEntity
  8
0
  6
Continuous
 62
     7
100
AcDbLine
 10
20.76506843676
 20
28.63999999954001
 30
0.0
 11
20.76506843676
 21
28.84000000085999
 31
0.0
  0
LINE
  5
3FE
330
2D0
100
AcDbEntity
  8
0
  6
Continuous
 62
     7
100
AcDbLine
 10
20.76506843676
 20
29.43999999974
 30
0.0
 11
20.76506843676
 21
29.64000000106
 31
0.0
  0
LINE
  5
3FF
330
2D0
100
AcDbEntity
  8
0
  6
Continuous
 62
     7
100
AcDbLine
 10
20.76506843676
 20
30.23999999994004
 30
0.0
 11
20.76506843676
 21
30.44000000125999
 31
0.0
  0
LINE
  5
400
330
2D0
100
AcDbEntity
  8
0
  6
Continuous
 62
     7
100
AcDbLine
 10
20.76506843676
 20
31.04000000014
 30
0.0
 11
20.76506843676
 21
31.23999999891998
 31
0.0
  0
LINE
  5
401
330
2D0
100
AcDbEntity
  8
0
  6
Continuous
 62
     7
100
AcDbLine
 10
20.76506843676
 20
42.83999999928
 30
0.0
 11
20.76506843676
 21
43.04000000060003
 31
0.0
  0
LINE
  5
402
330
2D0
100
AcDbEntity
  8
0
  6
Continuous
 62
     7
100
AcDbLine
 10
20.76506843676
 20
43.63999999948001
 30
0.0
 11
20.76506843676
 21
43.84000000080002
 31
0.0
  0
LINE
  5
403
330
2D0
100
AcDbEntity
  8
0
  6
Continuous
 62
     7
100
AcDbLine
 10
20.76506843676
 20
44.43999999968
 30
0.0
 11
20.76506843676
 21
44.64000000100003
 31
0.0
  0
LINE
  5
404
330
2D0
100
AcDbEntity
  8
0
  6
Continuous
 62
     7
100
AcDbLine
 10
20.76506843676
 20
45.23999999987998
 30
0.0
 11
20.76506843676
 21
45.44000000120002
 31
0.0
  0
LINE
  5
405
330
2D0
100
AcDbEntity
  8
0
  6
Continuous
 62
     7
100
AcDbLine
 10
20.76506843676
 20
46.04000000008
 30
0.0
 11
20.76506843676
 21
46.24000000140001
 31
0.0
  0
LINE
  5
406
330
2D0
100
AcDbEntity
  8
0
  6
Continuous
 62
     7
100
AcDbLine
 10
20.76506843676
 20
46.84000000028001
 30
0.0
 11
20.76506843676
 21
47.03999999906
 31
0.0
  0
LINE
  5
407
330
2D0
100
AcDbEntity
  8
0
  6
Continuous
 62
     7
100
AcDbLine
 10
20.76506843676
 20
47.64000000048
 30
0.0
 11
20.76506843676
 21
47.83999999926002
 31
0.0
  0
LINE
  5
408
330
2D0
100
AcDbEntity
  8
0
  6
Continuous
 62
     7
100
AcDbLine
 10
20.76506843676
 20
48.44000000068002
 30
0.0
 11
20.76506843676
 21
48.63999999946003
 31
0.0
  0
LINE
  5
409
330
2D0
100
AcDbEntity
  8
0
  6
Continuous
 62
     7
100
AcDbLine
 10
20.76506843676
 20
49.24000000088
 30
0.0
 11
20.76506843676
 21
49.43999999966002
 31
0.0
  0
LINE
  5
40A
330
2D0
100
AcDbEntity
  8
0
  6
Continuous
 62
     7
100
AcDbLine
 10
20.76506843676
 20
50.04000000108002
 30
0.0
 11
20.76506843676
 21
50.23999999985998
 31
0.0
  0
LINE
  5
40B
330
2D0
100
AcDbEntity
  8
0
  6
Continuous
 62
     7
100
AcDbLine
 10
20.84999999918
 20
20.22749999958003
 30
0.0
 11
20.84999999918
 21
20.49000000036
 31
0.0
  0
LINE
  5
40C
330
2D0
100
AcDbEntity
  8
0
  6
Continuous
 62
     7
100
AcDbLine
 10
20.84999999918
 20
34.98999999954
 30
0.0
 11
20.84999999918
 21
35.25250000032
 31
0.0
  0
LINE
  5
40D
330
2D0
100
AcDbEntity
  8
0
  6
Continuous
 62
     7
100
AcDbLine
 10
20.84999999918
 20
39.22750000052
 30
0.0
 11
20.84999999918
 21
39.49000000129999
 31
0.0
  0
LINE
  5
40E
330
2D0
100
AcDbEntity
  8
0
  6
Continuous
 62
     7
100
AcDbLine
 10
20.84999999918
 20
53.99000000048002
 30
0.0
 11
20.84999999918
 21
54.25250000126002
 31
0.0
  0
LINE
  5
40F
330
2D0
100
AcDbEntity
  8
0
  6
Continuous
 62
     7
100
AcDbLine
 10
20.90006853506
 20
23.81500000008
 30
0.0
 11
20.90006853506
 21
24.06500000046003
 31
0.0
  0
LINE
  5
410
330
2D0
100
AcDbEntity
  8
0
  6
Continuous
 62
     7
100
AcDbLine
 10
20.90006853506
 20
24.61500000027999
 30
0.0
 11
20.90006853506
 21
24.86500000066002
 31
0.0
  0
LINE
  5
411
330
2D0
100
AcDbEntity
  8
0
  6
Continuous
 62
     7
100
AcDbLine
 10
20.90006853506
 20
25.41500000048001
 30
0.0
 11
20.90006853506
 21
25.66500000086
 31
0.0
  0
LINE
  5
412
330
2D0
100
AcDbEntity
  8
0
  6
Continuous
 62
     7
100
AcDbLine
 10
20.90006853506
 20
26.21500000067999
 30
0.0
 11
20.90006853506
 21
26.46500000106002
 31
0.0
  0
LINE
  5
413
330
2D0
100
AcDbEntity
  8
0
  6
Continuous
 62
     7
100
AcDbLine
 10
20.90006853506
 20
27.01500000088001
 30
0.0
 11
20.90006853506
 21
27.26500000126001
 31
0.0
  0
LINE
  5
414
330
2D0
100
AcDbEntity
  8
0
  6
Continuous
 62
     7
100
AcDbLine
 10
20.90006853506
 20
27.81500000108002
 30
0.0
 11
20.90006853506
 21
28.06499999892
 31
0.0
  0
LINE
  5
415
330
2D0
100
AcDbEntity
  8
0
  6
Continuous
 62
     7
100
AcDbLine
 10
20.90006853506
 20
28.61500000128001
 30
0.0
 11
20.90006853506
 21
28.86499999912002
 31
0.0
  0
LINE
  5
416
330
2D0
100
AcDbEntity
  8
0
  6
Continuous
 62
     7
100
AcDbLine
 10
20.90006853506
 20
29.41499999894
 30
0.0
 11
20.90006853506
 21
29.66499999932
 31
0.0
  0
LINE
  5
417
330
2D0
100
AcDbEntity
  8
0
  6
Continuous
 62
     7
100
AcDbLine
 10
20.90006853506
 20
30.21499999913999
 30
0.0
 11
20.90006853506
 21
30.46499999952002
 31
0.0
  0
LINE
  5
418
330
2D0
100
AcDbEntity
  8
0
  6
Continuous
 62
     7
100
AcDbLine
 10
20.90006853506
 20
31.01499999934001
 30
0.0
 11
20.90006853506
 21
31.26499999972
 31
0.0
  0
LINE
  5
419
330
2D0
100
AcDbEntity
  8
0
  6
Continuous
 62
     7
100
AcDbLine
 10
20.90006853506
 20
42.81500000102002
 30
0.0
 11
20.90006853506
 21
43.06500000139999
 31
0.0
  0
LINE
  5
41A
330
2D0
100
AcDbEntity
  8
0
  6
Continuous
 62
     7
100
AcDbLine
 10
20.90006853506
 20
43.61500000122001
 30
0.0
 11
20.90006853506
 21
43.86499999906002
 31
0.0
  0
LINE
  5
41B
330
2D0
100
AcDbEntity
  8
0
  6
Continuous
 62
     7
100
AcDbLine
 10
20.90006853506
 20
44.41500000142
 30
0.0
 11
20.90006853506
 21
44.66499999926
 31
0.0
  0
LINE
  5
41C
330
2D0
100
AcDbEntity
  8
0
  6
Continuous
 62
     7
100
AcDbLine
 10
20.90006853506
 20
45.21499999908002
 30
0.0
 11
20.90006853506
 21
45.46499999946002
 31
0.0
  0
LINE
  5
41D
330
2D0
100
AcDbEntity
  8
0
  6
Continuous
 62
     7
100
AcDbLine
 10
20.90006853506
 20
46.01499999928001
 30
0.0
 11
20.90006853506
 21
46.26499999966001
 31
0.0
  0
LINE
  5
41E
330
2D0
100
AcDbEntity
  8
0
  6
Continuous
 62
     7
100
AcDbLine
 10
20.90006853506
 20
46.81499999948002
 30
0.0
 11
20.90006853506
 21
47.06499999985999
 31
0.0
  0
LINE
  5
41F
330
2D0
100
AcDbEntity
  8
0
  6
Continuous
 62
     7
100
AcDbLine
 10
20.90006853506
 20
47.61499999968001
 30
0.0
 11
20.90006853506
 21
47.86500000006001
 31
0.0
  0
LINE
  5
420
330
2D0
100
AcDbEntity
  8
0
  6
Continuous
 62
     7
100
AcDbLine
 10
20.90006853506
 20
48.41499999988
 30
0.0
 11
20.90006853506
 21
48.66500000025999
 31
0.0
  0
LINE
  5
421
330
2D0
100
AcDbEntity
  8
0
  6
Continuous
 62
     7
100
AcDbLine
 10
20.90006853506
 20
49.21500000008001
 30
0.0
 11
20.90006853506
 21
49.46500000046001
 31
0.0
  0
LINE
  5
422
330
2D0
100
AcDbEntity
  8
0
  6
Continuous
 62
     7
100
AcDbLine
 10
20.90006853506
 20
50.01500000028
 30
0.0
 11
20.90006853506
 21
50.26500000066002
 31
0.0
  0
LINE
  5
423
330
2D0
100
AcDbEntity
  8
0
  6
Continuous
 62
     7
100
AcDbLine
 10
20.94999999984
 20
54.23000000054
 30
0.0
 11
20.94999999984
 21
53.99000000048002
 31
0.0
  0
LINE
  5
424
330
2D0
100
AcDbEntity
  8
0
  6
Continuous
 62
     7
100
AcDbLine
 10
20.94999999984
 20
39.49000000129999
 30
0.0
 11
20.94999999984
 21
39.25000000124001
 31
0.0
  0
LINE
  5
425
330
2D0
100
AcDbEntity
  8
0
  6
Continuous
 62
     7
100
AcDbLine
 10
20.94999999984
 20
35.22999999960001
 30
0.0
 11
20.94999999984
 21
34.98999999954
 31
0.0
  0
LINE
  5
426
330
2D0
100
AcDbEntity
  8
0
  6
Continuous
 62
     7
100
AcDbLine
 10
20.94999999984
 20
20.49000000036
 30
0.0
 11
20.94999999984
 21
20.25000000030002
 31
0.0
  0
LINE
  5
427
330
2D0
100
AcDbEntity
  8
0
  6
Continuous
 62
     7
100
AcDbLine
 10
21.04999999796001
 20
19.79005097100003
 30
0.0
 11
21.04999999796001
 21
20.49000000036
 31
0.0
  0
LINE
  5
428
330
2D0
100
AcDbEntity
  8
0
  6
Continuous
 62
     7
100
AcDbLine
 10
21.04999999796001
 20
34.98999999954
 30
0.0
 11
21.04999999796001
 21
35.68994903144002
 31
0.0
  0
LINE
  5
429
330
2D0
100
AcDbEntity
  8
0
  6
Continuous
 62
     7
100
AcDbLine
 10
21.04999999796001
 20
38.7900509694
 30
0.0
 11
21.04999999796001
 21
39.49000000129999
 31
0.0
  0
LINE
  5
42A
330
2D0
100
AcDbEntity
  8
0
  6
Continuous
 62
     7
100
AcDbLine
 10
21.04999999796001
 20
53.99000000048002
 30
0.0
 11
21.04999999796001
 21
54.68994902983997
 31
0.0
  0
LINE
  5
42B
330
2D0
100
AcDbEntity
  8
0
  6
Continuous
 62
     7
100
AcDbLine
 10
21.21506853498002
 20
24.24000000098002
 30
0.0
 11
21.21506853498002
 21
24.43999999976
 31
0.0
  0
LINE
  5
42C
330
2D0
100
AcDbEntity
  8
0
  6
Continuous
 62
     7
100
AcDbLine
 10
21.21506853498002
 20
25.04000000118
 30
0.0
 11
21.21506853498002
 21
25.23999999996002
 31
0.0
  0
LINE
  5
42D
330
2D0
100
AcDbEntity
  8
0
  6
Continuous
 62
     7
100
AcDbLine
 10
21.21506853498002
 20
25.84000000138002
 30
0.0
 11
21.21506853498002
 21
26.04000000016003
 31
0.0
  0
LINE
  5
42E
330
2D0
100
AcDbEntity
  8
0
  6
Continuous
 62
     7
100
AcDbLine
 10
21.21506853498002
 20
26.63999999904001
 30
0.0
 11
21.21506853498002
 21
26.84000000035999
 31
0.0
  0
LINE
  5
42F
330
2D0
100
AcDbEntity
  8
0
  6
Continuous
 62
     7
100
AcDbLine
 10
21.21506853498002
 20
27.43999999924
 30
0.0
 11
21.21506853498002
 21
27.64000000056004
 31
0.0
  0
LINE
  5
430
330
2D0
100
AcDbEntity
  8
0
  6
Continuous
 62
     7
100
AcDbLine
 10
21.21506853498002
 20
28.23999999944002
 30
0.0
 11
21.21506853498002
 21
28.44000000075999
 31
0.0
  0
LINE
  5
431
330
2D0
100
AcDbEntity
  8
0
  6
Continuous
 62
     7
100
AcDbLine
 10
21.21506853498002
 20
29.03999999964
 30
0.0
 11
21.21506853498002
 21
29.24000000096004
 31
0.0
  0
LINE
  5
432
330
2D0
100
AcDbEntity
  8
0
  6
Continuous
 62
     7
100
AcDbLine
 10
21.21506853498002
 20
29.83999999984002
 30
0.0
 11
21.21506853498002
 21
30.04000000116002
 31
0.0
  0
LINE
  5
433
330
2D0
100
AcDbEntity
  8
0
  6
Continuous
 62
     7
100
AcDbLine
 10
21.21506853498002
 20
30.64000000004
 30
0.0
 11
21.21506853498002
 21
30.84000000135998
 31
0.0
  0
LINE
  5
434
330
2D0
100
AcDbEntity
  8
0
  6
Continuous
 62
     7
100
AcDbLine
 10
21.21506853498002
 20
31.44000000024002
 30
0.0
 11
21.21506853498002
 21
31.63999999902003
 31
0.0
  0
LINE
  5
435
330
2D0
100
AcDbEntity
  8
0
  6
Continuous
 62
     7
100
AcDbLine
 10
21.21506853498002
 20
43.23999999937999
 30
0.0
 11
21.21506853498002
 21
43.4400000007
 31
0.0
  0
LINE
  5
436
330
2D0
100
AcDbEntity
  8
0
  6
Continuous
 62
     7
100
AcDbLine
 10
21.21506853498002
 20
44.03999999958003
 30
0.0
 11
21.21506853498002
 21
44.24000000089998
 31
0.0
  0
LINE
  5
437
330
2D0
100
AcDbEntity
  8
0
  6
Continuous
 62
     7
100
AcDbLine
 10
21.21506853498002
 20
44.83999999977999
 30
0.0
 11
21.21506853498002
 21
45.0400000011
 31
0.0
  0
LINE
  5
438
330
2D0
100
AcDbEntity
  8
0
  6
Continuous
 62
     7
100
AcDbLine
 10
21.21506853498002
 20
45.63999999998003
 30
0.0
 11
21.21506853498002
 21
45.84000000129998
 31
0.0
  0
LINE
  5
439
330
2D0
100
AcDbEntity
  8
0
  6
Continuous
 62
     7
100
AcDbLine
 10
21.21506853498002
 20
46.44000000018002
 30
0.0
 11
21.21506853498002
 21
46.63999999896004
 31
0.0
  0
LINE
  5
43A
330
2D0
100
AcDbEntity
  8
0
  6
Continuous
 62
     7
100
AcDbLine
 10
21.21506853498002
 20
47.24000000037998
 30
0.0
 11
21.21506853498002
 21
47.43999999915999
 31
0.0
  0
LINE
  5
43B
330
2D0
100
AcDbEntity
  8
0
  6
Continuous
 62
     7
100
AcDbLine
 10
21.21506853498002
 20
48.04000000058002
 30
0.0
 11
21.21506853498002
 21
48.23999999935998
 31
0.0
  0
LINE
  5
43C
330
2D0
100
AcDbEntity
  8
0
  6
Continuous
 62
     7
100
AcDbLine
 10
21.21506853498002
 20
48.84000000078001
 30
0.0
 11
21.21506853498002
 21
49.03999999956002
 31
0.0
  0
LINE
  5
43D
330
2D0
100
AcDbEntity
  8
0
  6
Continuous
 62
     7
100
AcDbLine
 10
21.21506853498002
 20
49.64000000098002
 30
0.0
 11
21.21506853498002
 21
49.83999999975998
 31
0.0
  0
LINE
  5
43E
330
2D0
100
AcDbEntity
  8
0
  6
Continuous
 62
     7
100
AcDbLine
 10
21.21506853498002
 20
50.44000000117998
 30
0.0
 11
21.21506853498002
 21
50.63999999996
 31
0.0
  0
LINE
  5
43F
330
2D0
100
AcDbEntity
  8
0
  6
Continuous
 62
     7
100
AcDbLine
 10
21.54999999872004
 20
53.74000000010003
 30
0.0
 11
21.54999999872004
 21
53.72999999977998
 31
0.0
  0
LINE
  5
440
330
2D0
100
AcDbEntity
  8
0
  6
Continuous
 62
     7
100
AcDbLine
 10
21.54999999872004
 20
34.73999999916001
 30
0.0
 11
21.54999999872004
 21
34.73000000138001
 31
0.0
  0
LINE
  5
441
330
2D0
100
AcDbEntity
  8
0
  6
Continuous
 62
     7
100
AcDbLine
 10
21.54999999872004
 20
20.74000000074
 30
0.0
 11
21.54999999872004
 21
20.75000000106002
 31
0.0
  0
LINE
  5
442
330
2D0
100
AcDbEntity
  8
0
  6
Continuous
 62
     7
100
AcDbLine
 10
21.54999999872004
 20
39.73999999914
 30
0.0
 11
21.54999999872004
 21
39.74999999946002
 31
0.0
  0
LINE
  5
443
330
2D0
100
AcDbEntity
  8
0
  6
Continuous
 62
     7
100
AcDbLine
 10
21.56006853332002
 20
22.24000000048002
 30
0.0
 11
21.56006853332002
 21
33.23999999942001
 31
0.0
  0
LINE
  5
444
330
2D0
100
AcDbEntity
  8
0
  6
Continuous
 62
     7
100
AcDbLine
 10
21.56006853332002
 20
41.24000000141999
 30
0.0
 11
21.56006853332002
 21
52.24000000036
 31
0.0
  0
LINE
  5
445
330
2D0
100
AcDbEntity
  8
0
  6
Continuous
 62
     7
100
AcDbLine
 10
21.86006853276001
 20
42.03999999908001
 30
0.0
 11
21.86006853276001
 21
41.24000000141999
 31
0.0
  0
LINE
  5
446
330
2D0
100
AcDbEntity
  8
0
  6
Continuous
 62
     7
100
AcDbLine
 10
21.86006853276001
 20
23.04000000068001
 30
0.0
 11
21.86006853276001
 21
22.24000000048002
 31
0.0
  0
LINE
  5
447
330
2D0
100
AcDbEntity
  8
0
  6
Continuous
 62
     7
100
AcDbLine
 10
21.86006853276001
 20
32.43999999922002
 30
0.0
 11
21.86006853276001
 21
33.23999999942001
 31
0.0
  0
LINE
  5
448
330
2D0
100
AcDbEntity
  8
0
  6
Continuous
 62
     7
100
AcDbLine
 10
21.86006853276001
 20
51.44000000016001
 30
0.0
 11
21.86006853276001
 21
52.24000000036
 31
0.0
  0
LINE
  5
449
330
2D0
100
AcDbEntity
  8
0
  6
Continuous
 62
     7
100
AcDbLine
 10
22.08818733992001
 20
24.24000000098002
 30
0.0
 11
22.08818733992001
 21
24.43999999976
 31
0.0
  0
LINE
  5
44A
330
2D0
100
AcDbEntity
  8
0
  6
Continuous
 62
     7
100
AcDbLine
 10
22.08818733992001
 20
25.04000000118
 30
0.0
 11
22.08818733992001
 21
25.23999999996002
 31
0.0
  0
LINE
  5
44B
330
2D0
100
AcDbEntity
  8
0
  6
Continuous
 62
     7
100
AcDbLine
 10
22.08818733992001
 20
25.84000000138002
 30
0.0
 11
22.08818733992001
 21
26.04000000016003
 31
0.0
  0
LINE
  5
44C
330
2D0
100
AcDbEntity
  8
0
  6
Continuous
 62
     7
100
AcDbLine
 10
22.08818733992001
 20
26.63999999904001
 30
0.0
 11
22.08818733992001
 21
26.84000000035999
 31
0.0
  0
LINE
  5
44D
330
2D0
100
AcDbEntity
  8
0
  6
Continuous
 62
     7
100
AcDbLine
 10
22.08818733992001
 20
27.43999999924
 30
0.0
 11
22.08818733992001
 21
27.64000000056004
 31
0.0
  0
LINE
  5
44E
330
2D0
100
AcDbEntity
  8
0
  6
Continuous
 62
     7
100
AcDbLine
 10
22.08818733992001
 20
28.23999999944002
 30
0.0
 11
22.08818733992001
 21
28.44000000075999
 31
0.0
  0
LINE
  5
44F
330
2D0
100
AcDbEntity
  8
0
  6
Continuous
 62
     7
100
AcDbLine
 10
22.08818733992001
 20
29.03999999964
 30
0.0
 11
22.08818733992001
 21
29.24000000096004
 31
0.0
  0
LINE
  5
450
330
2D0
100
AcDbEntity
  8
0
  6
Continuous
 62
     7
100
AcDbLine
 10
22.08818733992001
 20
29.83999999984002
 30
0.0
 11
22.08818733992001
 21
30.04000000116002
 31
0.0
  0
LINE
  5
451
330
2D0
100
AcDbEntity
  8
0
  6
Continuous
 62
     7
100
AcDbLine
 10
22.08818733992001
 20
30.64000000004
 30
0.0
 11
22.08818733992001
 21
30.84000000135998
 31
0.0
  0
LINE
  5
452
330
2D0
100
AcDbEntity
  8
0
  6
Continuous
 62
     7
100
AcDbLine
 10
22.08818733992001
 20
31.44000000024002
 30
0.0
 11
22.08818733992001
 21
31.63999999902003
 31
0.0
  0
LINE
  5
453
330
2D0
100
AcDbEntity
  8
0
  6
Continuous
 62
     7
100
AcDbLine
 10
22.08818733992001
 20
43.23999999937999
 30
0.0
 11
22.08818733992001
 21
43.4400000007
 31
0.0
  0
LINE
  5
454
330
2D0
100
AcDbEntity
  8
0
  6
Continuous
 62
     7
100
AcDbLine
 10
22.08818733992001
 20
44.03999999958003
 30
0.0
 11
22.08818733992001
 21
44.24000000089998
 31
0.0
  0
LINE
  5
455
330
2D0
100
AcDbEntity
  8
0
  6
Continuous
 62
     7
100
AcDbLine
 10
22.08818733992001
 20
44.83999999977999
 30
0.0
 11
22.08818733992001
 21
45.0400000011
 31
0.0
  0
LINE
  5
456
330
2D0
100
AcDbEntity
  8
0
  6
Continuous
 62
     7
100
AcDbLine
 10
22.08818733992001
 20
45.63999999998003
 30
0.0
 11
22.08818733992001
 21
45.84000000129998
 31
0.0
  0
LINE
  5
457
330
2D0
100
AcDbEntity
  8
0
  6
Continuous
 62
     7
100
AcDbLine
 10
22.08818733992001
 20
46.44000000018002
 30
0.0
 11
22.08818733992001
 21
46.63999999896004
 31
0.0
  0
LINE
  5
458
330
2D0
100
AcDbEntity
  8
0
  6
Continuous
 62
     7
100
AcDbLine
 10
22.08818733992001
 20
47.24000000037998
 30
0.0
 11
22.08818733992001
 21
47.43999999915999
 31
0.0
  0
LINE
  5
459
330
2D0
100
AcDbEntity
  8
0
  6
Continuous
 62
     7
100
AcDbLine
 10
22.08818733992001
 20
48.04000000058002
 30
0.0
 11
22.08818733992001
 21
48.23999999935998
 31
0.0
  0
LINE
  5
45A
330
2D0
100
AcDbEntity
  8
0
  6
Continuous
 62
     7
100
AcDbLine
 10
22.08818733992001
 20
48.84000000078001
 30
0.0
 11
22.08818733992001
 21
49.03999999956002
 31
0.0
  0
LINE
  5
45B
330
2D0
100
AcDbEntity
  8
0
  6
Continuous
 62
     7
100
AcDbLine
 10
22.08818733992001
 20
49.64000000098002
 30
0.0
 11
22.08818733992001
 21
49.83999999975998
 31
0.0
  0
LINE
  5
45C
330
2D0
100
AcDbEntity
  8
0
  6
Continuous
 62
     7
100
AcDbLine
 10
22.08818733992001
 20
50.44000000117998
 30
0.0
 11
22.08818733992001
 21
50.63999999996
 31
0.0
  0
LINE
  5
45D
330
2D0
100
AcDbEntity
  8
02___PRT_ALL_AXES
  6
Continuous
 62
     7
100
AcDbLine
 10
22.09999999853997
 20
129.99999999948
 30
0.0
 11
22.09999999853997
 21
124.00000000052
 31
0.0
  0
LINE
  5
45E
330
2D0
100
AcDbEntity
  8
02___PRT_ALL_AXES
  6
Continuous
 62
     7
100
AcDbLine
 10
22.09999999853997
 20
5.999999998960021
 30
0.0
 11
22.09999999853997
 21
0.0
 31
0.0
  0
LINE
  5
45F
330
2D0
100
AcDbEntity
  8
0
  6
Continuous
 62
     7
100
AcDbLine
 10
22.24999999826002
 20
54.68994902983997
 30
0.0
 11
22.24999999826002
 21
53.99000000048002
 31
0.0
  0
LINE
  5
460
330
2D0
100
AcDbEntity
  8
0
  6
Continuous
 62
     7
100
AcDbLine
 10
22.24999999826002
 20
39.49000000129999
 30
0.0
 11
22.24999999826002
 21
38.7900509694
 31
0.0
  0
LINE
  5
461
330
2D0
100
AcDbEntity
  8
0
  6
Continuous
 62
     7
100
AcDbLine
 10
22.24999999826002
 20
35.68994903144002
 30
0.0
 11
22.24999999826002
 21
34.98999999954
 31
0.0
  0
LINE
  5
462
330
2D0
100
AcDbEntity
  8
0
  6
Continuous
 62
     7
100
AcDbLine
 10
22.24999999826002
 20
20.49000000036
 30
0.0
 11
22.24999999826002
 21
19.79005097100003
 31
0.0
  0
LINE
  5
463
330
2D0
100
AcDbEntity
  8
0
  6
Continuous
 62
     7
100
AcDbLine
 10
22.46006853418001
 20
23.04000000068001
 30
0.0
 11
22.46006853418001
 21
24.03999999966001
 31
0.0
  0
LINE
  5
464
330
2D0
100
AcDbEntity
  8
0
  6
Continuous
 62
     7
100
AcDbLine
 10
22.46006853418001
 20
24.64000000108001
 30
0.0
 11
22.46006853418001
 21
24.83999999986
 31
0.0
  0
LINE
  5
465
330
2D0
100
AcDbEntity
  8
0
  6
Continuous
 62
     7
100
AcDbLine
 10
22.46006853418001
 20
25.44000000128
 30
0.0
 11
22.46006853418001
 21
25.64000000006001
 31
0.0
  0
LINE
  5
466
330
2D0
100
AcDbEntity
  8
0
  6
Continuous
 62
     7
100
AcDbLine
 10
22.46006853418001
 20
26.23999999894002
 30
0.0
 11
22.46006853418001
 21
26.44000000026
 31
0.0
  0
LINE
  5
467
330
2D0
100
AcDbEntity
  8
0
  6
Continuous
 62
     7
100
AcDbLine
 10
22.46006853418001
 20
27.03999999914001
 30
0.0
 11
22.46006853418001
 21
27.24000000046001
 31
0.0
  0
LINE
  5
468
330
2D0
100
AcDbEntity
  8
0
  6
Continuous
 62
     7
100
AcDbLine
 10
22.46006853418001
 20
27.83999999933999
 30
0.0
 11
22.46006853418001
 21
28.04000000066
 31
0.0
  0
LINE
  5
469
330
2D0
100
AcDbEntity
  8
0
  6
Continuous
 62
     7
100
AcDbLine
 10
22.46006853418001
 20
28.63999999954001
 30
0.0
 11
22.46006853418001
 21
28.84000000085999
 31
0.0
  0
LINE
  5
46A
330
2D0
100
AcDbEntity
  8
0
  6
Continuous
 62
     7
100
AcDbLine
 10
22.46006853418001
 20
29.43999999974
 30
0.0
 11
22.46006853418001
 21
29.64000000106
 31
0.0
  0
LINE
  5
46B
330
2D0
100
AcDbEntity
  8
0
  6
Continuous
 62
     7
100
AcDbLine
 10
22.46006853418001
 20
30.23999999994004
 30
0.0
 11
22.46006853418001
 21
30.44000000125999
 31
0.0
  0
LINE
  5
46C
330
2D0
100
AcDbEntity
  8
0
  6
Continuous
 62
     7
100
AcDbLine
 10
22.46006853418001
 20
31.04000000014
 30
0.0
 11
22.46006853418001
 21
31.23999999891998
 31
0.0
  0
LINE
  5
46D
330
2D0
100
AcDbEntity
  8
0
  6
Continuous
 62
     7
100
AcDbLine
 10
22.46006853418001
 20
42.03999999908001
 30
0.0
 11
22.46006853418001
 21
43.04000000060003
 31
0.0
  0
LINE
  5
46E
330
2D0
100
AcDbEntity
  8
0
  6
Continuous
 62
     7
100
AcDbLine
 10
22.46006853418001
 20
43.63999999948001
 30
0.0
 11
22.46006853418001
 21
43.84000000080002
 31
0.0
  0
LINE
  5
46F
330
2D0
100
AcDbEntity
  8
0
  6
Continuous
 62
     7
100
AcDbLine
 10
22.46006853418001
 20
44.43999999968
 30
0.0
 11
22.46006853418001
 21
44.64000000100003
 31
0.0
  0
LINE
  5
470
330
2D0
100
AcDbEntity
  8
0
  6
Continuous
 62
     7
100
AcDbLine
 10
22.46006853418001
 20
45.23999999987998
 30
0.0
 11
22.46006853418001
 21
45.44000000120002
 31
0.0
  0
LINE
  5
471
330
2D0
100
AcDbEntity
  8
0
  6
Continuous
 62
     7
100
AcDbLine
 10
22.46006853418001
 20
46.04000000008
 30
0.0
 11
22.46006853418001
 21
46.24000000140001
 31
0.0
  0
LINE
  5
472
330
2D0
100
AcDbEntity
  8
0
  6
Continuous
 62
     7
100
AcDbLine
 10
22.46006853418001
 20
46.84000000028001
 30
0.0
 11
22.46006853418001
 21
47.03999999906
 31
0.0
  0
LINE
  5
473
330
2D0
100
AcDbEntity
  8
0
  6
Continuous
 62
     7
100
AcDbLine
 10
22.46006853418001
 20
47.64000000048
 30
0.0
 11
22.46006853418001
 21
47.83999999926002
 31
0.0
  0
LINE
  5
474
330
2D0
100
AcDbEntity
  8
0
  6
Continuous
 62
     7
100
AcDbLine
 10
22.46006853418001
 20
48.44000000068002
 30
0.0
 11
22.46006853418001
 21
48.63999999946003
 31
0.0
  0
LINE
  5
475
330
2D0
100
AcDbEntity
  8
0
  6
Continuous
 62
     7
100
AcDbLine
 10
22.46006853418001
 20
49.24000000088
 30
0.0
 11
22.46006853418001
 21
49.43999999966002
 31
0.0
  0
LINE
  5
476
330
2D0
100
AcDbEntity
  8
0
  6
Continuous
 62
     7
100
AcDbLine
 10
22.46006853418001
 20
50.04000000108002
 30
0.0
 11
22.46006853418001
 21
50.23999999985998
 31
0.0
  0
LINE
  5
477
330
2D0
100
AcDbEntity
  8
0
  6
Continuous
 62
     7
100
AcDbLine
 10
22.49999999863999
 20
35.25250000032
 30
0.0
 11
22.49999999863999
 21
35.68999999908002
 31
0.0
  0
LINE
  5
478
330
2D0
100
AcDbEntity
  8
0
  6
Continuous
 62
     7
100
AcDbLine
 10
22.49999999863999
 20
38.78999999922002
 30
0.0
 11
22.49999999863999
 21
39.22750000052
 31
0.0
  0
LINE
  5
479
330
2D0
100
AcDbEntity
  8
0
  6
Continuous
 62
     7
100
AcDbLine
 10
22.49999999863999
 20
54.25250000126002
 30
0.0
 11
22.49999999863999
 21
54.69000000002001
 31
0.0
  0
LINE
  5
47A
330
2D0
100
AcDbEntity
  8
0
  6
Continuous
 62
     7
100
AcDbLine
 10
22.55006853451999
 20
24.18999999937998
 30
0.0
 11
22.55006853451999
 21
24.24000000098002
 31
0.0
  0
LINE
  5
47B
330
2D0
100
AcDbEntity
  8
0
  6
Continuous
 62
     7
100
AcDbLine
 10
22.55006853451999
 20
24.43999999976
 30
0.0
 11
22.55006853451999
 21
24.49000000135999
 31
0.0
  0
LINE
  5
47C
330
2D0
100
AcDbEntity
  8
0
  6
Continuous
 62
     7
100
AcDbLine
 10
22.55006853451999
 20
24.98999999958002
 30
0.0
 11
22.55006853451999
 21
25.04000000118
 31
0.0
  0
LINE
  5
47D
330
2D0
100
AcDbEntity
  8
0
  6
Continuous
 62
     7
100
AcDbLine
 10
22.55006853451999
 20
25.23999999996002
 30
0.0
 11
22.55006853451999
 21
25.28999999902001
 31
0.0
  0
LINE
  5
47E
330
2D0
100
AcDbEntity
  8
0
  6
Continuous
 62
     7
100
AcDbLine
 10
22.55006853451999
 20
25.78999999977998
 30
0.0
 11
22.55006853451999
 21
25.84000000138002
 31
0.0
  0
LINE
  5
47F
330
2D0
100
AcDbEntity
  8
0
  6
Continuous
 62
     7
100
AcDbLine
 10
22.55006853451999
 20
26.04000000016003
 30
0.0
 11
22.55006853451999
 21
26.08999999922003
 31
0.0
  0
LINE
  5
480
330
2D0
100
AcDbEntity
  8
0
  6
Continuous
 62
     7
100
AcDbLine
 10
22.55006853451999
 20
26.84000000035999
 30
0.0
 11
22.55006853451999
 21
26.88999999942001
 31
0.0
  0
LINE
  5
481
330
2D0
100
AcDbEntity
  8
0
  6
Continuous
 62
     7
100
AcDbLine
 10
22.55006853451999
 20
26.58999999998002
 30
0.0
 11
22.55006853451999
 21
26.63999999904001
 31
0.0
  0
LINE
  5
482
330
2D0
100
AcDbEntity
  8
0
  6
Continuous
 62
     7
100
AcDbLine
 10
22.55006853451999
 20
27.39000000018001
 30
0.0
 11
22.55006853451999
 21
27.43999999924
 31
0.0
  0
LINE
  5
483
330
2D0
100
AcDbEntity
  8
0
  6
Continuous
 62
     7
100
AcDbLine
 10
22.55006853451999
 20
27.64000000056004
 30
0.0
 11
22.55006853451999
 21
27.68999999962003
 31
0.0
  0
LINE
  5
484
330
2D0
100
AcDbEntity
  8
0
  6
Continuous
 62
     7
100
AcDbLine
 10
22.55006853451999
 20
28.44000000075999
 30
0.0
 11
22.55006853451999
 21
28.48999999982001
 31
0.0
  0
LINE
  5
485
330
2D0
100
AcDbEntity
  8
0
  6
Continuous
 62
     7
100
AcDbLine
 10
22.55006853451999
 20
28.19000000038
 30
0.0
 11
22.55006853451999
 21
28.23999999944002
 31
0.0
  0
LINE
  5
486
330
2D0
100
AcDbEntity
  8
0
  6
Continuous
 62
     7
100
AcDbLine
 10
22.55006853451999
 20
28.99000000058001
 30
0.0
 11
22.55006853451999
 21
29.03999999964
 31
0.0
  0
LINE
  5
487
330
2D0
100
AcDbEntity
  8
0
  6
Continuous
 62
     7
100
AcDbLine
 10
22.55006853451999
 20
29.24000000096004
 30
0.0
 11
22.55006853451999
 21
29.29000000002003
 31
0.0
  0
LINE
  5
488
330
2D0
100
AcDbEntity
  8
0
  6
Continuous
 62
     7
100
AcDbLine
 10
22.55006853451999
 20
30.04000000116002
 30
0.0
 11
22.55006853451999
 21
30.09000000022002
 31
0.0
  0
LINE
  5
489
330
2D0
100
AcDbEntity
  8
0
  6
Continuous
 62
     7
100
AcDbLine
 10
22.55006853451999
 20
29.79000000078003
 30
0.0
 11
22.55006853451999
 21
29.83999999984002
 31
0.0
  0
LINE
  5
48A
330
2D0
100
AcDbEntity
  8
0
  6
Continuous
 62
     7
100
AcDbLine
 10
22.55006853451999
 20
30.59000000098001
 30
0.0
 11
22.55006853451999
 21
30.64000000004
 31
0.0
  0
LINE
  5
48B
330
2D0
100
AcDbEntity
  8
0
  6
Continuous
 62
     7
100
AcDbLine
 10
22.55006853451999
 20
30.84000000135998
 30
0.0
 11
22.55006853451999
 21
30.89000000042
 31
0.0
  0
LINE
  5
48C
330
2D0
100
AcDbEntity
  8
0
  6
Continuous
 62
     7
100
AcDbLine
 10
22.55006853451999
 20
31.39000000118003
 30
0.0
 11
22.55006853451999
 21
31.44000000024002
 31
0.0
  0
LINE
  5
48D
330
2D0
100
AcDbEntity
  8
0
  6
Continuous
 62
     7
100
AcDbLine
 10
22.55006853451999
 20
31.63999999902003
 30
0.0
 11
22.55006853451999
 21
31.84000000033998
 31
0.0
  0
LINE
  5
48E
330
2D0
100
AcDbEntity
  8
0
  6
Continuous
 62
     7
100
AcDbLine
 10
22.55006853451999
 20
43.19000000032
 30
0.0
 11
22.55006853451999
 21
43.23999999937999
 31
0.0
  0
LINE
  5
48F
330
2D0
100
AcDbEntity
  8
0
  6
Continuous
 62
     7
100
AcDbLine
 10
22.55006853451999
 20
43.4400000007
 30
0.0
 11
22.55006853451999
 21
43.48999999975999
 31
0.0
  0
LINE
  5
490
330
2D0
100
AcDbEntity
  8
0
  6
Continuous
 62
     7
100
AcDbLine
 10
22.55006853451999
 20
43.99000000052001
 30
0.0
 11
22.55006853451999
 21
44.03999999958003
 31
0.0
  0
LINE
  5
491
330
2D0
100
AcDbEntity
  8
0
  6
Continuous
 62
     7
100
AcDbLine
 10
22.55006853451999
 20
44.24000000089998
 30
0.0
 11
22.55006853451999
 21
44.28999999996003
 31
0.0
  0
LINE
  5
492
330
2D0
100
AcDbEntity
  8
0
  6
Continuous
 62
     7
100
AcDbLine
 10
22.55006853451999
 20
44.79000000072
 30
0.0
 11
22.55006853451999
 21
44.83999999977999
 31
0.0
  0
LINE
  5
493
330
2D0
100
AcDbEntity
  8
0
  6
Continuous
 62
     7
100
AcDbLine
 10
22.55006853451999
 20
45.0400000011
 30
0.0
 11
22.55006853451999
 21
45.09000000016002
 31
0.0
  0
LINE
  5
494
330
2D0
100
AcDbEntity
  8
0
  6
Continuous
 62
     7
100
AcDbLine
 10
22.55006853451999
 20
45.84000000129998
 30
0.0
 11
22.55006853451999
 21
45.89000000035998
 31
0.0
  0
LINE
  5
495
330
2D0
100
AcDbEntity
  8
0
  6
Continuous
 62
     7
100
AcDbLine
 10
22.55006853451999
 20
45.59000000091999
 30
0.0
 11
22.55006853451999
 21
45.63999999998003
 31
0.0
  0
LINE
  5
496
330
2D0
100
AcDbEntity
  8
0
  6
Continuous
 62
     7
100
AcDbLine
 10
22.55006853451999
 20
46.39000000112
 30
0.0
 11
22.55006853451999
 21
46.44000000018002
 31
0.0
  0
LINE
  5
497
330
2D0
100
AcDbEntity
  8
0
  6
Continuous
 62
     7
100
AcDbLine
 10
22.55006853451999
 20
46.63999999896004
 30
0.0
 11
22.55006853451999
 21
46.69000000056002
 31
0.0
  0
LINE
  5
498
330
2D0
100
AcDbEntity
  8
0
  6
Continuous
 62
     7
100
AcDbLine
 10
22.55006853451999
 20
47.43999999915999
 30
0.0
 11
22.55006853451999
 21
47.49000000075998
 31
0.0
  0
LINE
  5
499
330
2D0
100
AcDbEntity
  8
0
  6
Continuous
 62
     7
100
AcDbLine
 10
22.55006853451999
 20
47.19000000131999
 30
0.0
 11
22.55006853451999
 21
47.24000000037998
 31
0.0
  0
LINE
  5
49A
330
2D0
100
AcDbEntity
  8
0
  6
Continuous
 62
     7
100
AcDbLine
 10
22.55006853451999
 20
47.98999999898004
 30
0.0
 11
22.55006853451999
 21
48.04000000058002
 31
0.0
  0
LINE
  5
49B
330
2D0
100
AcDbEntity
  8
0
  6
Continuous
 62
     7
100
AcDbLine
 10
22.55006853451999
 20
48.23999999935998
 30
0.0
 11
22.55006853451999
 21
48.29000000096002
 31
0.0
  0
LINE
  5
49C
330
2D0
100
AcDbEntity
  8
0
  6
Continuous
 62
     7
100
AcDbLine
 10
22.55006853451999
 20
49.03999999956002
 30
0.0
 11
22.55006853451999
 21
49.09000000116001
 31
0.0
  0
LINE
  5
49D
330
2D0
100
AcDbEntity
  8
0
  6
Continuous
 62
     7
100
AcDbLine
 10
22.55006853451999
 20
48.78999999918003
 30
0.0
 11
22.55006853451999
 21
48.84000000078001
 31
0.0
  0
LINE
  5
49E
330
2D0
100
AcDbEntity
  8
0
  6
Continuous
 62
     7
100
AcDbLine
 10
22.55006853451999
 20
49.58999999938001
 30
0.0
 11
22.55006853451999
 21
49.64000000098002
 31
0.0
  0
LINE
  5
49F
330
2D0
100
AcDbEntity
  8
0
  6
Continuous
 62
     7
100
AcDbLine
 10
22.55006853451999
 20
49.83999999975998
 30
0.0
 11
22.55006853451999
 21
49.89000000136002
 31
0.0
  0
LINE
  5
4A0
330
2D0
100
AcDbEntity
  8
0
  6
Continuous
 62
     7
100
AcDbLine
 10
22.55006853451999
 20
50.38999999958003
 30
0.0
 11
22.55006853451999
 21
50.44000000117998
 31
0.0
  0
LINE
  5
4A1
330
2D0
100
AcDbEntity
  8
0
  6
Continuous
 62
     7
100
AcDbLine
 10
22.55006853451999
 20
50.63999999996
 30
0.0
 11
22.55006853451999
 21
50.84000000128003
 31
0.0
  0
LINE
  5
4A2
330
2D0
100
AcDbEntity
  8
0
  6
Continuous
 62
     7
100
AcDbLine
 10
22.61006853390003
 20
31.81499999954002
 30
0.0
 11
22.61006853390003
 21
32.43999999922002
 31
0.0
  0
LINE
  5
4A3
330
2D0
100
AcDbEntity
  8
0
  6
Continuous
 62
     7
100
AcDbLine
 10
22.61006853390003
 20
50.81500000048001
 30
0.0
 11
22.61006853390003
 21
51.44000000016001
 31
0.0
  0
LINE
  5
4A4
330
2D0
100
AcDbEntity
  8
0
  6
Continuous
 62
     7
100
AcDbLine
 10
22.89999999874004
 20
54.23000000054
 30
0.0
 11
22.89999999874004
 21
53.99000000048002
 31
0.0
  0
LINE
  5
4A5
330
2D0
100
AcDbEntity
  8
0
  6
Continuous
 62
     7
100
AcDbLine
 10
22.89999999874004
 20
39.49000000129999
 30
0.0
 11
22.89999999874004
 21
39.25000000124001
 31
0.0
  0
LINE
  5
4A6
330
2D0
100
AcDbEntity
  8
0
  6
Continuous
 62
     7
100
AcDbLine
 10
22.89999999874004
 20
35.22999999960001
 30
0.0
 11
22.89999999874004
 21
34.98999999954
 31
0.0
  0
LINE
  5
4A7
330
2D0
100
AcDbEntity
  8
0
  6
Continuous
 62
     7
100
AcDbLine
 10
22.89999999874004
 20
20.49000000036
 30
0.0
 11
22.89999999874004
 21
20.25000000030002
 31
0.0
  0
LINE
  5
4A8
330
2D0
100
AcDbEntity
  8
0
  6
Continuous
 62
     7
100
AcDbLine
 10
22.94999999780001
 20
39.74999999946002
 30
0.0
 11
22.94999999780001
 21
39.73999999914
 31
0.0
  0
LINE
  5
4A9
330
2D0
100
AcDbEntity
  8
0
  6
Continuous
 62
     7
100
AcDbLine
 10
22.94999999780001
 20
20.75000000106002
 30
0.0
 11
22.94999999780001
 21
20.74000000074
 31
0.0
  0
LINE
  5
4AA
330
2D0
100
AcDbEntity
  8
0
  6
Continuous
 62
     7
100
AcDbLine
 10
22.94999999780001
 20
34.73000000138001
 30
0.0
 11
22.94999999780001
 21
34.74069027210001
 31
0.0
  0
LINE
  5
4AB
330
2D0
100
AcDbEntity
  8
0
  6
Continuous
 62
     7
100
AcDbLine
 10
22.94999999780001
 20
53.72999999977998
 30
0.0
 11
22.94999999780001
 21
53.74069027304003
 31
0.0
  0
LINE
  5
4AC
330
2D0
100
AcDbEntity
  8
0
  6
Continuous
 62
     7
100
AcDbLine
 10
23.00179760565999
 20
50.63999999996
 30
0.0
 11
23.00179760565999
 21
50.44000000117998
 31
0.0
  0
LINE
  5
4AD
330
2D0
100
AcDbEntity
  8
0
  6
Continuous
 62
     7
100
AcDbLine
 10
23.00179760565999
 20
49.83999999975998
 30
0.0
 11
23.00179760565999
 21
49.64000000098002
 31
0.0
  0
LINE
  5
4AE
330
2D0
100
AcDbEntity
  8
0
  6
Continuous
 62
     7
100
AcDbLine
 10
23.00179760565999
 20
49.03999999956002
 30
0.0
 11
23.00179760565999
 21
48.84000000078001
 31
0.0
  0
LINE
  5
4AF
330
2D0
100
AcDbEntity
  8
0
  6
Continuous
 62
     7
100
AcDbLine
 10
23.00179760565999
 20
48.23999999935998
 30
0.0
 11
23.00179760565999
 21
48.04000000058002
 31
0.0
  0
LINE
  5
4B0
330
2D0
100
AcDbEntity
  8
0
  6
Continuous
 62
     7
100
AcDbLine
 10
23.00179760565999
 20
47.43999999915999
 30
0.0
 11
23.00179760565999
 21
47.24000000037998
 31
0.0
  0
LINE
  5
4B1
330
2D0
100
AcDbEntity
  8
0
  6
Continuous
 62
     7
100
AcDbLine
 10
23.00179760565999
 20
46.63999999896004
 30
0.0
 11
23.00179760565999
 21
46.44000000018002
 31
0.0
  0
LINE
  5
4B2
330
2D0
100
AcDbEntity
  8
0
  6
Continuous
 62
     7
100
AcDbLine
 10
23.00179760565999
 20
45.84000000129998
 30
0.0
 11
23.00179760565999
 21
45.63999999998003
 31
0.0
  0
LINE
  5
4B3
330
2D0
100
AcDbEntity
  8
0
  6
Continuous
 62
     7
100
AcDbLine
 10
23.00179760565999
 20
45.0400000011
 30
0.0
 11
23.00179760565999
 21
44.83999999977999
 31
0.0
  0
LINE
  5
4B4
330
2D0
100
AcDbEntity
  8
0
  6
Continuous
 62
     7
100
AcDbLine
 10
23.00179760565999
 20
44.24000000089998
 30
0.0
 11
23.00179760565999
 21
44.03999999958003
 31
0.0
  0
LINE
  5
4B5
330
2D0
100
AcDbEntity
  8
0
  6
Continuous
 62
     7
100
AcDbLine
 10
23.00179760565999
 20
43.4400000007
 30
0.0
 11
23.00179760565999
 21
43.23999999937999
 31
0.0
  0
LINE
  5
4B6
330
2D0
100
AcDbEntity
  8
0
  6
Continuous
 62
     7
100
AcDbLine
 10
23.00179760565999
 20
31.63999999902003
 30
0.0
 11
23.00179760565999
 21
31.44000000024002
 31
0.0
  0
LINE
  5
4B7
330
2D0
100
AcDbEntity
  8
0
  6
Continuous
 62
     7
100
AcDbLine
 10
23.00179760565999
 20
30.84000000135998
 30
0.0
 11
23.00179760565999
 21
30.64000000004
 31
0.0
  0
LINE
  5
4B8
330
2D0
100
AcDbEntity
  8
0
  6
Continuous
 62
     7
100
AcDbLine
 10
23.00179760565999
 20
30.04000000116002
 30
0.0
 11
23.00179760565999
 21
29.83999999984002
 31
0.0
  0
LINE
  5
4B9
330
2D0
100
AcDbEntity
  8
0
  6
Continuous
 62
     7
100
AcDbLine
 10
23.00179760565999
 20
29.24000000096004
 30
0.0
 11
23.00179760565999
 21
29.03999999964
 31
0.0
  0
LINE
  5
4BA
330
2D0
100
AcDbEntity
  8
0
  6
Continuous
 62
     7
100
AcDbLine
 10
23.00179760565999
 20
28.44000000075999
 30
0.0
 11
23.00179760565999
 21
28.23999999944002
 31
0.0
  0
LINE
  5
4BB
330
2D0
100
AcDbEntity
  8
0
  6
Continuous
 62
     7
100
AcDbLine
 10
23.00179760565999
 20
27.64000000056004
 30
0.0
 11
23.00179760565999
 21
27.43999999924
 31
0.0
  0
LINE
  5
4BC
330
2D0
100
AcDbEntity
  8
0
  6
Continuous
 62
     7
100
AcDbLine
 10
23.00179760565999
 20
26.84000000035999
 30
0.0
 11
23.00179760565999
 21
26.63999999904001
 31
0.0
  0
LINE
  5
4BD
330
2D0
100
AcDbEntity
  8
0
  6
Continuous
 62
     7
100
AcDbLine
 10
23.00179760565999
 20
26.04000000016003
 30
0.0
 11
23.00179760565999
 21
25.84000000138002
 31
0.0
  0
LINE
  5
4BE
330
2D0
100
AcDbEntity
  8
0
  6
Continuous
 62
     7
100
AcDbLine
 10
23.00179760565999
 20
25.23999999996002
 30
0.0
 11
23.00179760565999
 21
25.04000000118
 31
0.0
  0
LINE
  5
4BF
330
2D0
100
AcDbEntity
  8
0
  6
Continuous
 62
     7
100
AcDbLine
 10
23.00179760565999
 20
24.43999999976
 30
0.0
 11
23.00179760565999
 21
24.24000000098002
 31
0.0
  0
LINE
  5
4C0
330
2D0
100
AcDbEntity
  8
0
  6
Continuous
 62
     7
100
AcDbLine
 10
23.10006853433998
 20
24.25000000130001
 30
0.0
 11
23.10006853433998
 21
24.42999999944001
 31
0.0
  0
LINE
  5
4C1
330
2D0
100
AcDbEntity
  8
0
  6
Continuous
 62
     7
100
AcDbLine
 10
23.10006853433998
 20
25.04999999896003
 30
0.0
 11
23.10006853433998
 21
25.22999999964
 31
0.0
  0
LINE
  5
4C2
330
2D0
100
AcDbEntity
  8
0
  6
Continuous
 62
     7
100
AcDbLine
 10
23.10006853433998
 20
25.84999999916002
 30
0.0
 11
23.10006853433998
 21
26.02999999983999
 31
0.0
  0
LINE
  5
4C3
330
2D0
100
AcDbEntity
  8
0
  6
Continuous
 62
     7
100
AcDbLine
 10
23.10006853433998
 20
26.64999999936001
 30
0.0
 11
23.10006853433998
 21
26.83000000004
 31
0.0
  0
LINE
  5
4C4
330
2D0
100
AcDbEntity
  8
0
  6
Continuous
 62
     7
100
AcDbLine
 10
23.10006853433998
 20
27.44999999956002
 30
0.0
 11
23.10006853433998
 21
27.63000000023999
 31
0.0
  0
LINE
  5
4C5
330
2D0
100
AcDbEntity
  8
0
  6
Continuous
 62
     7
100
AcDbLine
 10
23.10006853433998
 20
28.24999999976001
 30
0.0
 11
23.10006853433998
 21
28.43000000044
 31
0.0
  0
LINE
  5
4C6
330
2D0
100
AcDbEntity
  8
0
  6
Continuous
 62
     7
100
AcDbLine
 10
23.10006853433998
 20
29.04999999996002
 30
0.0
 11
23.10006853433998
 21
29.23000000063999
 31
0.0
  0
LINE
  5
4C7
330
2D0
100
AcDbEntity
  8
0
  6
Continuous
 62
     7
100
AcDbLine
 10
23.10006853433998
 20
29.85000000016001
 30
0.0
 11
23.10006853433998
 21
30.03000000084
 31
0.0
  0
LINE
  5
4C8
330
2D0
100
AcDbEntity
  8
0
  6
Continuous
 62
     7
100
AcDbLine
 10
23.10006853433998
 20
30.65000000036
 30
0.0
 11
23.10006853433998
 21
30.83000000104002
 31
0.0
  0
LINE
  5
4C9
330
2D0
100
AcDbEntity
  8
0
  6
Continuous
 62
     7
100
AcDbLine
 10
23.10006853433998
 20
31.45000000056001
 30
0.0
 11
23.10006853433998
 21
31.63000000124001
 31
0.0
  0
LINE
  5
4CA
330
2D0
100
AcDbEntity
  8
0
  6
Continuous
 62
     7
100
AcDbLine
 10
23.10006853433998
 20
43.24999999970001
 30
0.0
 11
23.10006853433998
 21
43.43000000038001
 31
0.0
  0
LINE
  5
4CB
330
2D0
100
AcDbEntity
  8
0
  6
Continuous
 62
     7
100
AcDbLine
 10
23.10006853433998
 20
44.0499999999
 30
0.0
 11
23.10006853433998
 21
44.23000000058002
 31
0.0
  0
LINE
  5
4CC
330
2D0
100
AcDbEntity
  8
0
  6
Continuous
 62
     7
100
AcDbLine
 10
23.10006853433998
 20
44.85000000010001
 30
0.0
 11
23.10006853433998
 21
45.03000000078001
 31
0.0
  0
LINE
  5
4CD
330
2D0
100
AcDbEntity
  8
0
  6
Continuous
 62
     7
100
AcDbLine
 10
23.10006853433998
 20
45.6500000003
 30
0.0
 11
23.10006853433998
 21
45.83000000098002
 31
0.0
  0
LINE
  5
4CE
330
2D0
100
AcDbEntity
  8
0
  6
Continuous
 62
     7
100
AcDbLine
 10
23.10006853433998
 20
46.45000000050001
 30
0.0
 11
23.10006853433998
 21
46.63000000118001
 31
0.0
  0
LINE
  5
4CF
330
2D0
100
AcDbEntity
  8
0
  6
Continuous
 62
     7
100
AcDbLine
 10
23.10006853433998
 20
47.2500000007
 30
0.0
 11
23.10006853433998
 21
47.43000000137999
 31
0.0
  0
LINE
  5
4D0
330
2D0
100
AcDbEntity
  8
0
  6
Continuous
 62
     7
100
AcDbLine
 10
23.10006853433998
 20
48.05000000090001
 30
0.0
 11
23.10006853433998
 21
48.22999999904002
 31
0.0
  0
LINE
  5
4D1
330
2D0
100
AcDbEntity
  8
0
  6
Continuous
 62
     7
100
AcDbLine
 10
23.10006853433998
 20
48.8500000011
 30
0.0
 11
23.10006853433998
 21
49.02999999924
 31
0.0
  0
LINE
  5
4D2
330
2D0
100
AcDbEntity
  8
0
  6
Continuous
 62
     7
100
AcDbLine
 10
23.10006853433998
 20
49.65000000129999
 30
0.0
 11
23.10006853433998
 21
49.82999999944005
 31
0.0
  0
LINE
  5
4D3
330
2D0
100
AcDbEntity
  8
0
  6
Continuous
 62
     7
100
AcDbLine
 10
23.10006853433998
 20
50.44999999896004
 30
0.0
 11
23.10006853433998
 21
50.62999999964001
 31
0.0
  0
LINE
  5
4D4
330
2D0
100
AcDbEntity
  8
0
  6
Continuous
 62
     7
100
AcDbLine
 10
23.45999999888002
 20
49.03999999956002
 30
0.0
 11
23.45999999888002
 21
44.43999999968
 31
0.0
  0
LINE
  5
4D5
330
2D0
100
AcDbEntity
  8
0
  6
Continuous
 62
     7
100
AcDbLine
 10
23.45999999888002
 20
30.04000000116002
 30
0.0
 11
23.45999999888002
 21
25.44000000128
 31
0.0
  0
LINE
  5
4D6
330
2D0
100
AcDbEntity
  8
0
  6
Continuous
 62
     7
100
AcDbLine
 10
23.50006853444
 20
50.6169647552
 30
0.0
 11
23.50006853444
 21
50.46303524339999
 31
0.0
  0
LINE
  5
4D7
330
2D0
100
AcDbEntity
  8
0
  6
Continuous
 62
     7
100
AcDbLine
 10
23.50006853444
 20
49.81696475500004
 30
0.0
 11
23.50006853444
 21
49.66303524573999
 31
0.0
  0
LINE
  5
4D8
330
2D0
100
AcDbEntity
  8
0
  6
Continuous
 62
     7
100
AcDbLine
 10
23.50006853444
 20
44.21696475614002
 30
0.0
 11
23.50006853444
 21
44.06303524434
 31
0.0
  0
LINE
  5
4D9
330
2D0
100
AcDbEntity
  8
0
  6
Continuous
 62
     7
100
AcDbLine
 10
23.50006853444
 20
43.41696475594003
 30
0.0
 11
23.50006853444
 21
43.26303524414001
 31
0.0
  0
LINE
  5
4DA
330
2D0
100
AcDbEntity
  8
0
  6
Continuous
 62
     7
100
AcDbLine
 10
23.50006853444
 20
31.6169647568
 30
0.0
 11
23.50006853444
 21
31.46303524500001
 31
0.0
  0
LINE
  5
4DB
330
2D0
100
AcDbEntity
  8
0
  6
Continuous
 62
     7
100
AcDbLine
 10
23.50006853444
 20
30.81696475660002
 30
0.0
 11
23.50006853444
 21
30.6630352448
 31
0.0
  0
LINE
  5
4DC
330
2D0
100
AcDbEntity
  8
0
  6
Continuous
 62
     7
100
AcDbLine
 10
23.50006853444
 20
25.2169647552
 30
0.0
 11
23.50006853444
 21
25.06303524340001
 31
0.0
  0
LINE
  5
4DD
330
2D0
100
AcDbEntity
  8
0
  6
Continuous
 62
     7
100
AcDbLine
 10
23.50006853444
 20
24.41696475500001
 30
0.0
 11
23.50006853444
 21
24.26303524574001
 31
0.0
  0
LINE
  5
4DE
330
2D0
100
AcDbEntity
  8
0
  6
Continuous
 62
     7
100
AcDbLine
 10
23.59833946058001
 20
24.24000000098002
 30
0.0
 11
23.59833946058001
 21
24.43999999976
 31
0.0
  0
LINE
  5
4DF
330
2D0
100
AcDbEntity
  8
0
  6
Continuous
 62
     7
100
AcDbLine
 10
23.59833946058001
 20
25.04000000118
 30
0.0
 11
23.59833946058001
 21
25.23999999996002
 31
0.0
  0
LINE
  5
4E0
330
2D0
100
AcDbEntity
  8
0
  6
Continuous
 62
     7
100
AcDbLine
 10
23.59833946058001
 20
30.64000000004
 30
0.0
 11
23.59833946058001
 21
30.84000000135998
 31
0.0
  0
LINE
  5
4E1
330
2D0
100
AcDbEntity
  8
0
  6
Continuous
 62
     7
100
AcDbLine
 10
23.59833946058001
 20
31.44000000024002
 30
0.0
 11
23.59833946058001
 21
31.63999999902003
 31
0.0
  0
LINE
  5
4E2
330
2D0
100
AcDbEntity
  8
0
  6
Continuous
 62
     7
100
AcDbLine
 10
23.59833946058001
 20
43.23999999937999
 30
0.0
 11
23.59833946058001
 21
43.4400000007
 31
0.0
  0
LINE
  5
4E3
330
2D0
100
AcDbEntity
  8
0
  6
Continuous
 62
     7
100
AcDbLine
 10
23.59833946058001
 20
44.03999999958003
 30
0.0
 11
23.59833946058001
 21
44.24000000089998
 31
0.0
  0
LINE
  5
4E4
330
2D0
100
AcDbEntity
  8
0
  6
Continuous
 62
     7
100
AcDbLine
 10
23.59833946058001
 20
49.64000000098002
 30
0.0
 11
23.59833946058001
 21
49.83999999975998
 31
0.0
  0
LINE
  5
4E5
330
2D0
100
AcDbEntity
  8
0
  6
Continuous
 62
     7
100
AcDbLine
 10
23.59833946058001
 20
50.44000000117998
 30
0.0
 11
23.59833946058001
 21
50.63999999996
 31
0.0
  0
LINE
  5
4E6
330
2D0
100
AcDbEntity
  8
0
  6
Continuous
 62
     7
100
AcDbLine
 10
23.93999999899998
 20
35.25250000032
 30
0.0
 11
23.93999999899998
 21
35.68999999908002
 31
0.0
  0
LINE
  5
4E7
330
2D0
100
AcDbEntity
  8
0
  6
Continuous
 62
     7
100
AcDbLine
 10
23.93999999899998
 20
38.78999999922002
 30
0.0
 11
23.93999999899998
 21
39.22750000052
 31
0.0
  0
LINE
  5
4E8
330
2D0
100
AcDbEntity
  8
0
  6
Continuous
 62
     7
100
AcDbLine
 10
23.93999999899998
 20
54.25250000126002
 30
0.0
 11
23.93999999899998
 21
54.69000000002001
 31
0.0
  0
LINE
  5
4E9
330
2D0
100
AcDbEntity
  8
0
  6
Continuous
 62
     7
100
AcDbLine
 10
23.97006853424003
 20
43.23999999937999
 30
0.0
 11
23.97006853424003
 21
42.64000000050001
 31
0.0
  0
LINE
  5
4EA
330
2D0
100
AcDbEntity
  8
0
  6
Continuous
 62
     7
100
AcDbLine
 10
23.97006853424003
 20
24.24000000098002
 30
0.0
 11
23.97006853424003
 21
23.63999999956002
 31
0.0
  0
LINE
  5
4EB
330
2D0
100
AcDbEntity
  8
0
  6
Continuous
 62
     7
100
AcDbLine
 10
23.97006853424003
 20
24.43999999976
 30
0.0
 11
23.97006853424003
 21
25.04000000118
 31
0.0
  0
LINE
  5
4EC
330
2D0
100
AcDbEntity
  8
0
  6
Continuous
 62
     7
100
AcDbLine
 10
23.97006853424003
 20
25.23999999996002
 30
0.0
 11
23.97006853424003
 21
25.44000000128
 31
0.0
  0
LINE
  5
4ED
330
2D0
100
AcDbEntity
  8
0
  6
Continuous
 62
     7
100
AcDbLine
 10
23.97006853424003
 20
30.04000000116002
 30
0.0
 11
23.97006853424003
 21
30.64000000004
 31
0.0
  0
LINE
  5
4EE
330
2D0
100
AcDbEntity
  8
0
  6
Continuous
 62
     7
100
AcDbLine
 10
23.97006853424003
 20
30.84000000135998
 30
0.0
 11
23.97006853424003
 21
31.44000000024002
 31
0.0
  0
LINE
  5
4EF
330
2D0
100
AcDbEntity
  8
0
  6
Continuous
 62
     7
100
AcDbLine
 10
23.97006853424003
 20
31.63999999902003
 30
0.0
 11
23.97006853424003
 21
32.43999999922002
 31
0.0
  0
LINE
  5
4F0
330
2D0
100
AcDbEntity
  8
0
  6
Continuous
 62
     7
100
AcDbLine
 10
23.97006853424003
 20
43.4400000007
 30
0.0
 11
23.97006853424003
 21
44.03999999958003
 31
0.0
  0
LINE
  5
4F1
330
2D0
100
AcDbEntity
  8
0
  6
Continuous
 62
     7
100
AcDbLine
 10
23.97006853424003
 20
44.24000000089998
 30
0.0
 11
23.97006853424003
 21
44.43999999968
 31
0.0
  0
LINE
  5
4F2
330
2D0
100
AcDbEntity
  8
0
  6
Continuous
 62
     7
100
AcDbLine
 10
23.97006853424003
 20
49.03999999956002
 30
0.0
 11
23.97006853424003
 21
49.64000000098002
 31
0.0
  0
LINE
  5
4F3
330
2D0
100
AcDbEntity
  8
0
  6
Continuous
 62
     7
100
AcDbLine
 10
23.97006853424003
 20
49.83999999975998
 30
0.0
 11
23.97006853424003
 21
50.44000000117998
 31
0.0
  0
LINE
  5
4F4
330
2D0
100
AcDbEntity
  8
0
  6
Continuous
 62
     7
100
AcDbLine
 10
23.97006853424003
 20
50.63999999996
 30
0.0
 11
23.97006853424003
 21
51.44000000016001
 31
0.0
  0
LINE
  5
4F5
330
2D0
100
AcDbEntity
  8
0
  6
Continuous
 62
     7
100
AcDbLine
 10
24.14999999809999
 20
53.99000000048002
 30
0.0
 11
24.14999999809999
 21
53.83000000044001
 31
0.0
  0
LINE
  5
4F6
330
2D0
100
AcDbEntity
  8
0
  6
Continuous
 62
     7
100
AcDbLine
 10
24.14999999809999
 20
34.98999999954
 30
0.0
 11
24.14999999809999
 21
34.82999999950002
 31
0.0
  0
LINE
  5
4F7
330
2D0
100
AcDbEntity
  8
0
  6
Continuous
 62
     7
100
AcDbLine
 10
24.14999999809999
 20
20.49000000036
 30
0.0
 11
24.14999999809999
 21
20.65000000039998
 31
0.0
  0
LINE
  5
4F8
330
2D0
100
AcDbEntity
  8
0
  6
Continuous
 62
     7
100
AcDbLine
 10
24.14999999809999
 20
20.22749999958003
 30
0.0
 11
24.14999999809999
 21
20.2589224996
 31
0.0
  0
LINE
  5
4F9
330
2D0
100
AcDbEntity
  8
0
  6
Continuous
 62
     7
100
AcDbLine
 10
24.14999999809999
 20
20.74000000074
 30
0.0
 11
24.14999999809999
 21
25.44000000128
 31
0.0
  0
LINE
  5
4FA
330
2D0
100
AcDbEntity
  8
0
  6
Continuous
 62
     7
100
AcDbLine
 10
24.14999999809999
 20
30.04000000116002
 30
0.0
 11
24.14999999809999
 21
34.73999999916001
 31
0.0
  0
LINE
  5
4FB
330
2D0
100
AcDbEntity
  8
0
  6
Continuous
 62
     7
100
AcDbLine
 10
24.14999999809999
 20
35.2210775003
 30
0.0
 11
24.14999999809999
 21
35.25250000032
 31
0.0
  0
LINE
  5
4FC
330
2D0
100
AcDbEntity
  8
0
  6
Continuous
 62
     7
100
AcDbLine
 10
24.14999999809999
 20
39.49000000129999
 30
0.0
 11
24.14999999809999
 21
39.65000000134
 31
0.0
  0
LINE
  5
4FD
330
2D0
100
AcDbEntity
  8
0
  6
Continuous
 62
     7
100
AcDbLine
 10
24.14999999809999
 20
39.22750000052
 30
0.0
 11
24.14999999809999
 21
39.25892249800003
 31
0.0
  0
LINE
  5
4FE
330
2D0
100
AcDbEntity
  8
0
  6
Continuous
 62
     7
100
AcDbLine
 10
24.14999999809999
 20
39.73999999914
 30
0.0
 11
24.14999999809999
 21
44.43999999968
 31
0.0
  0
LINE
  5
4FF
330
2D0
100
AcDbEntity
  8
0
  6
Continuous
 62
     7
100
AcDbLine
 10
24.14999999809999
 20
49.03999999956002
 30
0.0
 11
24.14999999809999
 21
53.74000000010003
 31
0.0
  0
LINE
  5
500
330
2D0
100
AcDbEntity
  8
0
  6
Continuous
 62
     7
100
AcDbLine
 10
24.14999999809999
 20
54.22107750123999
 30
0.0
 11
24.14999999809999
 21
54.25250000126002
 31
0.0
  0
LINE
  5
501
330
2D0
100
AcDbEntity
  8
0
  6
Continuous
 62
     7
100
AcDbLine
 10
24.24999999876002
 20
25.74000000071999
 30
0.0
 11
24.24999999876002
 21
29.73999999918001
 31
0.0
  0
LINE
  5
502
330
2D0
100
AcDbEntity
  8
0
  6
Continuous
 62
     7
100
AcDbLine
 10
24.24999999876002
 20
44.73999999912002
 30
0.0
 11
24.24999999876002
 21
48.74000000012001
 31
0.0
  0
LINE
  5
503
330
2D0
100
AcDbEntity
  8
0
  6
Continuous
 62
     7
100
AcDbLine
 10
24.34570312459999
 20
48.74000000012001
 30
0.0
 11
24.34570312459999
 21
44.73999999912002
 31
0.0
  0
LINE
  5
504
330
2D0
100
AcDbEntity
  8
0
  6
Continuous
 62
     7
100
AcDbLine
 10
24.34570312459999
 20
29.73999999918001
 30
0.0
 11
24.34570312459999
 21
25.74000000071999
 31
0.0
  0
LINE
  5
505
330
2D0
100
AcDbEntity
  8
0
  6
Continuous
 62
     7
100
AcDbLine
 10
23.49965206334002
 20
50.45651762879999
 30
0.0
 11
23.50006853444
 21
50.46303524339999
 31
0.0
  0
LINE
  5
506
330
2D0
100
AcDbEntity
  8
0
  6
Continuous
 62
     7
100
AcDbLine
 10
23.49965206334002
 20
49.65651762860003
 30
0.0
 11
23.50006853444
 21
49.66303524573999
 31
0.0
  0
LINE
  5
507
330
2D0
100
AcDbEntity
  8
0
  6
Continuous
 62
     7
100
AcDbLine
 10
23.49965206334002
 20
44.05651762974
 30
0.0
 11
23.50006853444
 21
44.06303524434
 31
0.0
  0
LINE
  5
508
330
2D0
100
AcDbEntity
  8
0
  6
Continuous
 62
     7
100
AcDbLine
 10
23.49965206334002
 20
43.25651762954001
 30
0.0
 11
23.50006853444
 21
43.26303524414001
 31
0.0
  0
LINE
  5
509
330
2D0
100
AcDbEntity
  8
0
  6
Continuous
 62
     7
100
AcDbLine
 10
23.49965206334002
 20
31.45651763039999
 30
0.0
 11
23.50006853444
 21
31.46303524500001
 31
0.0
  0
LINE
  5
50A
330
2D0
100
AcDbEntity
  8
0
  6
Continuous
 62
     7
100
AcDbLine
 10
23.49965206334002
 20
30.6565176302
 30
0.0
 11
23.50006853444
 21
30.6630352448
 31
0.0
  0
LINE
  5
50B
330
2D0
100
AcDbEntity
  8
0
  6
Continuous
 62
     7
100
AcDbLine
 10
23.49965206334002
 20
25.05651762880001
 30
0.0
 11
23.50006853444
 21
25.06303524340001
 31
0.0
  0
LINE
  5
50C
330
2D0
100
AcDbEntity
  8
0
  6
Continuous
 62
     7
100
AcDbLine
 10
23.49965206334002
 20
24.25651762860002
 30
0.0
 11
23.50006853444
 21
24.26303524574001
 31
0.0
  0
LINE
  5
50D
330
2D0
100
AcDbEntity
  8
0
  6
Continuous
 62
     7
100
AcDbLine
 10
22.54720056718003
 20
31.39000000118003
 30
0.0
 11
22.49542387368001
 21
31.26499999972
 31
0.0
  0
LINE
  5
50E
330
2D0
100
AcDbEntity
  8
0
  6
Continuous
 62
     7
100
AcDbLine
 10
22.54720056718003
 20
30.59000000098001
 30
0.0
 11
22.49542387368001
 21
30.46499999952002
 31
0.0
  0
LINE
  5
50F
330
2D0
100
AcDbEntity
  8
0
  6
Continuous
 62
     7
100
AcDbLine
 10
22.54720056718003
 20
29.79000000078003
 30
0.0
 11
22.49542387368001
 21
29.66499999932
 31
0.0
  0
LINE
  5
510
330
2D0
100
AcDbEntity
  8
0
  6
Continuous
 62
     7
100
AcDbLine
 10
22.54720056718003
 20
28.99000000058001
 30
0.0
 11
22.49542387368001
 21
28.86499999912002
 31
0.0
  0
LINE
  5
511
330
2D0
100
AcDbEntity
  8
0
  6
Continuous
 62
     7
100
AcDbLine
 10
22.54720056718003
 20
28.19000000038
 30
0.0
 11
22.49542387368001
 21
28.06499999892
 31
0.0
  0
LINE
  5
512
330
2D0
100
AcDbEntity
  8
0
  6
Continuous
 62
     7
100
AcDbLine
 10
22.54720056718003
 20
27.39000000018001
 30
0.0
 11
22.49542387368001
 21
27.26500000126001
 31
0.0
  0
LINE
  5
513
330
2D0
100
AcDbEntity
  8
0
  6
Continuous
 62
     7
100
AcDbLine
 10
22.54720056718003
 20
26.58999999998002
 30
0.0
 11
22.49542387368001
 21
26.46500000106002
 31
0.0
  0
LINE
  5
514
330
2D0
100
AcDbEntity
  8
0
  6
Continuous
 62
     7
100
AcDbLine
 10
22.54720056718003
 20
25.78999999977998
 30
0.0
 11
22.49542387368001
 21
25.66500000086
 31
0.0
  0
LINE
  5
515
330
2D0
100
AcDbEntity
  8
0
  6
Continuous
 62
     7
100
AcDbLine
 10
22.54720056718003
 20
24.98999999958002
 30
0.0
 11
22.49542387368001
 21
24.86500000066002
 31
0.0
  0
LINE
  5
516
330
2D0
100
AcDbEntity
  8
0
  6
Continuous
 62
     7
100
AcDbLine
 10
22.54720056718003
 20
24.18999999937998
 30
0.0
 11
22.49542387368001
 21
24.06500000046003
 31
0.0
  0
LINE
  5
517
330
2D0
100
AcDbEntity
  8
03___PRT_ALL_CURVES
  6
Continuous
 62
     4
100
AcDbLine
 10
29.82742148296001
 20
28.34000000010002
 30
0.0
 11
29.43942700114002
 21
27.88652113820001
 31
0.0
  0
LINE
  5
518
330
2D0
100
AcDbEntity
  8
03___PRT_ALL_CURVES
  6
Continuous
 62
     4
100
AcDbLine
 10
29.43942700114002
 20
27.43222374098002
 30
0.0
 11
29.63096848242
 21
27.63276943336001
 31
0.0
  0
LINE
  5
519
330
2D0
100
AcDbEntity
  8
03___PRT_ALL_CURVES
  6
Continuous
 62
     4
100
AcDbLine
 10
29.88308325631999
 20
27.88652113820001
 30
0.0
 11
30.32100945183998
 21
28.34000000010002
 31
0.0
  0
LINE
  5
51A
330
2D0
100
AcDbEntity
  8
0
  6
Continuous
 62
     7
100
AcDbLine
 10
21.56006853332002
 20
24.17969719550001
 30
0.0
 11
21.66206110556001
 21
24.18999999937998
 31
0.0
  0
LINE
  5
51B
330
2D0
100
AcDbEntity
  8
0
  6
Continuous
 62
     7
100
AcDbLine
 10
21.56006853332002
 20
24.9796971957
 30
0.0
 11
21.66206110556001
 21
24.98999999958002
 31
0.0
  0
LINE
  5
51C
330
2D0
100
AcDbEntity
  8
0
  6
Continuous
 62
     7
100
AcDbLine
 10
21.56006853332002
 20
25.77969719335999
 30
0.0
 11
21.66206110556001
 21
25.78999999977998
 31
0.0
  0
LINE
  5
51D
330
2D0
100
AcDbEntity
  8
0
  6
Continuous
 62
     7
100
AcDbLine
 10
21.56006853332002
 20
26.57969719356001
 30
0.0
 11
21.66206110556001
 21
26.58999999998002
 31
0.0
  0
LINE
  5
51E
330
2D0
100
AcDbEntity
  8
0
  6
Continuous
 62
     7
100
AcDbLine
 10
21.56006853332002
 20
27.37969719375999
 30
0.0
 11
21.66206110556001
 21
27.39000000018001
 31
0.0
  0
LINE
  5
51F
330
2D0
100
AcDbEntity
  8
0
  6
Continuous
 62
     7
100
AcDbLine
 10
21.56006853332002
 20
28.17969719396001
 30
0.0
 11
21.66206110556001
 21
28.19000000038
 31
0.0
  0
LINE
  5
520
330
2D0
100
AcDbEntity
  8
0
  6
Continuous
 62
     7
100
AcDbLine
 10
21.56006853332002
 20
28.97969719416
 30
0.0
 11
21.66206110556001
 21
28.99000000058001
 31
0.0
  0
LINE
  5
521
330
2D0
100
AcDbEntity
  8
ECAD_PULSE_HX5401NL
  6
Continuous
 62
     7
100
AcDbLine
 10
14.29999999786003
 20
21.44714256918002
 30
0.0
 11
14.99999999994
 21
21.44714256918002
 31
0.0
  0
LINE
  5
522
330
2D0
100
AcDbEntity
  8
ECAD_PULSE_HX5401NL
  6
Continuous
 62
     7
100
AcDbLine
 10
15.24999999778001
 20
21.44714256918002
 30
0.0
 11
15.82999999856
 21
21.44714256918002
 31
0.0
  0
LINE
  5
523
330
2D0
100
AcDbEntity
  8
0
  6
Continuous
 62
     7
100
AcDbLine
 10
15.67999999884
 20
21.61000000064001
 30
0.0
 11
15.24999999778001
 21
21.61000000064001
 31
0.0
  0
LINE
  5
524
330
2D0
100
AcDbEntity
  8
0
  6
Continuous
 62
     7
100
AcDbLine
 10
24.39999999847998
 20
21.67000000002002
 30
0.0
 11
24.14999999809999
 21
21.67000000002002
 31
0.0
  0
LINE
  5
525
330
2D0
100
AcDbEntity
  8
0
  6
Continuous
 62
     7
100
AcDbLine
 10
19.200068534
 20
22.24000000048002
 30
0.0
 11
24.14999999809999
 21
22.24000000048002
 31
0.0
  0
LINE
  5
526
330
2D0
100
AcDbEntity
  8
0
  6
Continuous
 62
     7
100
AcDbLine
 10
25.09999999802002
 20
22.34000000114003
 30
0.0
 11
24.39999999847998
 21
22.34000000114003
 31
0.0
  0
LINE
  5
527
330
2D0
100
AcDbEntity
  8
0
  6
Continuous
 62
     7
100
AcDbLine
 10
20.66006853499999
 20
22.43999999926001
 30
0.0
 11
21.56006853332002
 21
22.43999999926001
 31
0.0
  0
LINE
  5
528
330
2D0
100
AcDbEntity
  8
0
  6
Continuous
 62
     7
100
AcDbLine
 10
14.99999999994
 20
22.64000000058002
 30
0.0
 11
14.29999580686001
 21
22.64000000058002
 31
0.0
  0
LINE
  5
529
330
2D0
100
AcDbEntity
  8
0
  6
Continuous
 62
     7
100
AcDbLine
 10
19.200068534
 20
23.04000000068001
 30
0.0
 11
22.46006853418001
 21
23.04000000068001
 31
0.0
  0
LINE
  5
52A
330
2D0
100
AcDbEntity
  8
0
  6
Continuous
 62
     7
100
AcDbLine
 10
24.39999999847998
 20
23.54000000144001
 30
0.0
 11
25.09999999802002
 21
23.54000000144001
 31
0.0
  0
LINE
  5
52B
330
2D0
100
AcDbEntity
  8
0
  6
Continuous
 62
     7
100
AcDbLine
 10
22.46006853418001
 20
23.63999999956002
 30
0.0
 11
24.14999999809999
 21
23.63999999956002
 31
0.0
  0
LINE
  5
52C
330
2D0
100
AcDbEntity
  8
0
  6
Continuous
 62
     7
100
AcDbLine
 10
24.39999999847998
 20
23.67000000052002
 30
0.0
 11
24.14999999809999
 21
23.67000000052002
 31
0.0
  0
LINE
  5
52D
330
2D0
100
AcDbEntity
  8
0
  6
Continuous
 62
     7
100
AcDbLine
 10
23.97006853424003
 20
23.74000000022002
 30
0.0
 11
23.99999999837999
 21
23.74000000022002
 31
0.0
  0
LINE
  5
52E
330
2D0
100
AcDbEntity
  8
0
  6
Continuous
 62
     7
100
AcDbLine
 10
20.42006853493999
 20
23.81500000008
 30
0.0
 11
20.90006853506
 21
23.81500000008
 31
0.0
  0
LINE
  5
52F
330
2D0
100
AcDbEntity
  8
0
  6
Continuous
 62
     7
100
AcDbLine
 10
24.50006853342001
 20
23.84000000088
 30
0.0
 11
24.39999999847998
 21
23.84000000088
 31
0.0
  0
LINE
  5
530
330
2D0
100
AcDbEntity
  8
0
  6
Continuous
 62
     7
100
AcDbLine
 10
24.14999999809999
 20
23.84000000088
 30
0.0
 11
23.97006853424003
 21
23.84000000088
 31
0.0
  0
LINE
  5
531
330
2D0
100
AcDbEntity
  8
0
  6
Continuous
 62
     7
100
AcDbLine
 10
20.90006853506
 20
23.84000000088
 30
0.0
 11
20.42006853493999
 21
23.84000000088
 31
0.0
  0
LINE
  5
532
330
2D0
100
AcDbEntity
  8
0
  6
Continuous
 62
     7
100
AcDbLine
 10
14.29999580686001
 20
23.84000000088
 30
0.0
 11
14.99999999994
 21
23.84000000088
 31
0.0
  0
LINE
  5
533
330
2D0
100
AcDbEntity
  8
0
  6
Continuous
 62
     7
100
AcDbLine
 10
24.14999999809999
 20
24.03999999966001
 30
0.0
 11
23.97006853424003
 21
24.03999999966001
 31
0.0
  0
LINE
  5
534
330
2D0
100
AcDbEntity
  8
0
  6
Continuous
 62
     7
100
AcDbLine
 10
20.42006853493999
 20
24.03999999966001
 30
0.0
 11
20.90006853506
 21
24.03999999966001
 31
0.0
  0
LINE
  5
535
330
2D0
100
AcDbEntity
  8
0
  6
Continuous
 62
     7
100
AcDbLine
 10
21.56006853332002
 20
24.03999999966001
 30
0.0
 11
22.46006853418001
 21
24.03999999966001
 31
0.0
  0
LINE
  5
536
330
2D0
100
AcDbEntity
  8
0
  6
Continuous
 62
     7
100
AcDbLine
 10
24.39999999847998
 20
24.03999999966001
 30
0.0
 11
24.50006853342001
 21
24.03999999966001
 31
0.0
  0
LINE
  5
537
330
2D0
100
AcDbEntity
  8
0
  6
Continuous
 62
     7
100
AcDbLine
 10
20.90006853506
 20
24.06500000046003
 30
0.0
 11
20.42006853493999
 21
24.06500000046003
 31
0.0
  0
LINE
  5
538
330
2D0
100
AcDbEntity
  8
0
  6
Continuous
 62
     7
100
AcDbLine
 10
22.49542387368001
 20
24.06500000046003
 30
0.0
 11
23.97006853424003
 21
24.06500000046003
 31
0.0
  0
LINE
  5
539
330
2D0
100
AcDbEntity
  8
0
  6
Continuous
 62
     7
100
AcDbLine
 10
21.66206110556001
 20
24.18999999937998
 30
0.0
 11
22.55006853451999
 21
24.18999999937998
 31
0.0
  0
LINE
  5
53A
330
2D0
100
AcDbEntity
  8
0
  6
Continuous
 62
     7
100
AcDbLine
 10
22.55006853451999
 20
24.21500000018003
 30
0.0
 11
23.97006853424003
 21
24.21500000018003
 31
0.0
  0
LINE
  5
53B
330
2D0
100
AcDbEntity
  8
0
  6
Continuous
 62
     7
100
AcDbLine
 10
24.50006853342001
 20
24.24000000098002
 30
0.0
 11
24.40006853276
 21
24.24000000098002
 31
0.0
  0
LINE
  5
53C
330
2D0
100
AcDbEntity
  8
0
  6
Continuous
 62
     7
100
AcDbLine
 10
21.56006853332002
 20
24.24000000098002
 30
0.0
 11
21.21506853498002
 21
24.24000000098002
 31
0.0
  0
LINE
  5
53D
330
2D0
100
AcDbEntity
  8
0
  6
Continuous
 62
     7
100
AcDbLine
 10
22.08818733992001
 20
24.24000000098002
 30
0.0
 11
24.14999999809999
 21
24.24000000098002
 31
0.0
  0
LINE
  5
53E
330
2D0
100
AcDbEntity
  8
0
  6
Continuous
 62
     7
100
AcDbLine
 10
23.50006853444
 20
24.27999999972002
 30
0.0
 11
23.10006853433998
 21
24.27999999972002
 31
0.0
  0
LINE
  5
53F
330
2D0
100
AcDbEntity
  8
0
  6
Continuous
 62
     7
100
AcDbLine
 10
23.50006853444
 20
24.40000000102003
 30
0.0
 11
23.10006853433998
 21
24.40000000102003
 31
0.0
  0
LINE
  5
540
330
2D0
100
AcDbEntity
  8
0
  6
Continuous
 62
     7
100
AcDbLine
 10
24.50006853342001
 20
24.43999999976
 30
0.0
 11
24.40006853276
 21
24.43999999976
 31
0.0
  0
LINE
  5
541
330
2D0
100
AcDbEntity
  8
0
  6
Continuous
 62
     7
100
AcDbLine
 10
21.21506853498002
 20
24.43999999976
 30
0.0
 11
21.56006853332002
 21
24.43999999976
 31
0.0
  0
LINE
  5
542
330
2D0
100
AcDbEntity
  8
0
  6
Continuous
 62
     7
100
AcDbLine
 10
22.08818733992001
 20
24.43999999976
 30
0.0
 11
24.14999999809999
 21
24.43999999976
 31
0.0
  0
LINE
  5
543
330
2D0
100
AcDbEntity
  8
0
  6
Continuous
 62
     7
100
AcDbLine
 10
23.97006853424003
 20
24.46500000056002
 30
0.0
 11
22.55006853451999
 21
24.46500000056002
 31
0.0
  0
LINE
  5
544
330
2D0
100
AcDbEntity
  8
0
  6
Continuous
 62
     7
100
AcDbLine
 10
21.66206110556001
 20
24.49000000135999
 30
0.0
 11
22.55006853451999
 21
24.49000000135999
 31
0.0
  0
LINE
  5
545
330
2D0
100
AcDbEntity
  8
0
  6
Continuous
 62
     7
100
AcDbLine
 10
24.49999999913996
 20
24.50999999946001
 30
0.0
 11
24.39999999847998
 21
24.50999999946001
 31
0.0
  0
LINE
  5
546
330
2D0
100
AcDbEntity
  8
0
  6
Continuous
 62
     7
100
AcDbLine
 10
24.14999999809999
 20
24.50999999946001
 30
0.0
 11
23.97006853424003
 21
24.50999999946001
 31
0.0
  0
LINE
  5
547
330
2D0
100
AcDbEntity
  8
0
  6
Continuous
 62
     7
100
AcDbLine
 10
20.42006853493999
 20
24.61500000027999
 30
0.0
 11
20.90006853506
 21
24.61500000027999
 31
0.0
  0
LINE
  5
548
330
2D0
100
AcDbEntity
  8
0
  6
Continuous
 62
     7
100
AcDbLine
 10
22.49542387368001
 20
24.61500000027999
 30
0.0
 11
23.97006853424003
 21
24.61500000027999
 31
0.0
  0
LINE
  5
549
330
2D0
100
AcDbEntity
  8
0
  6
Continuous
 62
     7
100
AcDbLine
 10
24.50006853342001
 20
24.64000000108001
 30
0.0
 11
24.39999999847998
 21
24.64000000108001
 31
0.0
  0
LINE
  5
54A
330
2D0
100
AcDbEntity
  8
0
  6
Continuous
 62
     7
100
AcDbLine
 10
24.14999999809999
 20
24.64000000108001
 30
0.0
 11
23.97006853424003
 21
24.64000000108001
 31
0.0
  0
LINE
  5
54B
330
2D0
100
AcDbEntity
  8
0
  6
Continuous
 62
     7
100
AcDbLine
 10
22.46006853418001
 20
24.64000000108001
 30
0.0
 11
21.56006853332002
 21
24.64000000108001
 31
0.0
  0
LINE
  5
54C
330
2D0
100
AcDbEntity
  8
0
  6
Continuous
 62
     7
100
AcDbLine
 10
20.90006853506
 20
24.64000000108001
 30
0.0
 11
20.42006853493999
 21
24.64000000108001
 31
0.0
  0
LINE
  5
54D
330
2D0
100
AcDbEntity
  8
0
  6
Continuous
 62
     7
100
AcDbLine
 10
24.39999999847998
 20
24.79000000080001
 30
0.0
 11
24.14999999809999
 21
24.79000000080001
 31
0.0
  0
LINE
  5
54E
330
2D0
100
AcDbEntity
  8
0
  6
Continuous
 62
     7
100
AcDbLine
 10
24.14999999809999
 20
24.83999999986
 30
0.0
 11
23.97006853424003
 21
24.83999999986
 31
0.0
  0
LINE
  5
54F
330
2D0
100
AcDbEntity
  8
0
  6
Continuous
 62
     7
100
AcDbLine
 10
20.42006853493999
 20
24.83999999986
 30
0.0
 11
20.90006853506
 21
24.83999999986
 31
0.0
  0
LINE
  5
550
330
2D0
100
AcDbEntity
  8
0
  6
Continuous
 62
     7
100
AcDbLine
 10
21.56006853332002
 20
24.83999999986
 30
0.0
 11
22.46006853418001
 21
24.83999999986
 31
0.0
  0
LINE
  5
551
330
2D0
100
AcDbEntity
  8
0
  6
Continuous
 62
     7
100
AcDbLine
 10
24.39999999847998
 20
24.83999999986
 30
0.0
 11
24.50006853342001
 21
24.83999999986
 31
0.0
  0
LINE
  5
552
330
2D0
100
AcDbEntity
  8
0
  6
Continuous
 62
     7
100
AcDbLine
 10
20.90006853506
 20
24.86500000066002
 30
0.0
 11
20.42006853493999
 21
24.86500000066002
 31
0.0
  0
LINE
  5
553
330
2D0
100
AcDbEntity
  8
0
  6
Continuous
 62
     7
100
AcDbLine
 10
22.49542387368001
 20
24.86500000066002
 30
0.0
 11
23.97006853424003
 21
24.86500000066002
 31
0.0
  0
LINE
  5
554
330
2D0
100
AcDbEntity
  8
0
  6
Continuous
 62
     7
100
AcDbLine
 10
21.66206110556001
 20
24.98999999958002
 30
0.0
 11
22.55006853451999
 21
24.98999999958002
 31
0.0
  0
LINE
  5
555
330
2D0
100
AcDbEntity
  8
0
  6
Continuous
 62
     7
100
AcDbLine
 10
24.49999999913996
 20
25.01000000022
 30
0.0
 11
24.39999999847998
 21
25.01000000022
 31
0.0
  0
LINE
  5
556
330
2D0
100
AcDbEntity
  8
0
  6
Continuous
 62
     7
100
AcDbLine
 10
24.14999999809999
 20
25.01000000022
 30
0.0
 11
23.97006853424003
 21
25.01000000022
 31
0.0
  0
LINE
  5
557
330
2D0
100
AcDbEntity
  8
0
  6
Continuous
 62
     7
100
AcDbLine
 10
22.55006853451999
 20
25.01500000037998
 30
0.0
 11
23.97006853424003
 21
25.01500000037998
 31
0.0
  0
LINE
  5
558
330
2D0
100
AcDbEntity
  8
0
  6
Continuous
 62
     7
100
AcDbLine
 10
24.50006853342001
 20
25.04000000118
 30
0.0
 11
24.40006853276
 21
25.04000000118
 31
0.0
  0
LINE
  5
559
330
2D0
100
AcDbEntity
  8
0
  6
Continuous
 62
     7
100
AcDbLine
 10
21.56006853332002
 20
25.04000000118
 30
0.0
 11
21.21506853498002
 21
25.04000000118
 31
0.0
  0
LINE
  5
55A
330
2D0
100
AcDbEntity
  8
0
  6
Continuous
 62
     7
100
AcDbLine
 10
22.08818733992001
 20
25.04000000118
 30
0.0
 11
24.14999999809999
 21
25.04000000118
 31
0.0
  0
LINE
  5
55B
330
2D0
100
AcDbEntity
  8
0
  6
Continuous
 62
     7
100
AcDbLine
 10
23.50006853444
 20
25.07999999992001
 30
0.0
 11
23.10006853433998
 21
25.07999999992001
 31
0.0
  0
LINE
  5
55C
330
2D0
100
AcDbEntity
  8
0
  6
Continuous
 62
     7
100
AcDbLine
 10
23.50006853444
 20
25.20000000121999
 30
0.0
 11
23.10006853433998
 21
25.20000000121999
 31
0.0
  0
LINE
  5
55D
330
2D0
100
AcDbEntity
  8
0
  6
Continuous
 62
     7
100
AcDbLine
 10
24.50006853342001
 20
25.23999999996002
 30
0.0
 11
24.40006853276
 21
25.23999999996002
 31
0.0
  0
LINE
  5
55E
330
2D0
100
AcDbEntity
  8
0
  6
Continuous
 62
     7
100
AcDbLine
 10
21.21506853498002
 20
25.23999999996002
 30
0.0
 11
21.56006853332002
 21
25.23999999996002
 31
0.0
  0
LINE
  5
55F
330
2D0
100
AcDbEntity
  8
0
  6
Continuous
 62
     7
100
AcDbLine
 10
22.08818733992001
 20
25.23999999996002
 30
0.0
 11
24.14999999809999
 21
25.23999999996002
 31
0.0
  0
LINE
  5
560
330
2D0
100
AcDbEntity
  8
0
  6
Continuous
 62
     7
100
AcDbLine
 10
17.57999999868002
 20
25.25000000028001
 30
0.0
 11
16.92270509788003
 21
25.25000000028001
 31
0.0
  0
LINE
  5
561
330
2D0
100
AcDbEntity
  8
0
  6
Continuous
 62
     7
100
AcDbLine
 10
23.97006853424003
 20
25.26500000075998
 30
0.0
 11
22.55006853451999
 21
25.26500000075998
 31
0.0
  0
LINE
  5
562
330
2D0
100
AcDbEntity
  8
0
  6
Continuous
 62
     7
100
AcDbLine
 10
21.66206110556001
 20
25.28999999902001
 30
0.0
 11
22.55006853451999
 21
25.28999999902001
 31
0.0
  0
LINE
  5
563
330
2D0
100
AcDbEntity
  8
0
  6
Continuous
 62
     7
100
AcDbLine
 10
17.57999999868002
 20
25.41044386024001
 30
0.0
 11
16.92270509788003
 21
25.41044386024001
 31
0.0
  0
LINE
  5
564
330
2D0
100
AcDbEntity
  8
0
  6
Continuous
 62
     7
100
AcDbLine
 10
20.42006853493999
 20
25.41500000048001
 30
0.0
 11
20.90006853506
 21
25.41500000048001
 31
0.0
  0
LINE
  5
565
330
2D0
100
AcDbEntity
  8
0
  6
Continuous
 62
     7
100
AcDbLine
 10
22.49542387368001
 20
25.41500000048001
 30
0.0
 11
23.97006853424003
 21
25.41500000048001
 31
0.0
  0
LINE
  5
566
330
2D0
100
AcDbEntity
  8
0
  6
Continuous
 62
     7
100
AcDbLine
 10
24.13366837976
 20
25.44000000128
 30
0.0
 11
23.45999999888002
 21
25.44000000128
 31
0.0
  0
LINE
  5
567
330
2D0
100
AcDbEntity
  8
0
  6
Continuous
 62
     7
100
AcDbLine
 10
22.46006853418001
 20
25.44000000128
 30
0.0
 11
21.56006853332002
 21
25.44000000128
 31
0.0
  0
LINE
  5
568
330
2D0
100
AcDbEntity
  8
0
  6
Continuous
 62
     7
100
AcDbLine
 10
20.90006853506
 20
25.44000000128
 30
0.0
 11
20.42006853493999
 21
25.44000000128
 31
0.0
  0
LINE
  5
569
330
2D0
100
AcDbEntity
  8
0
  6
Continuous
 62
     7
100
AcDbLine
 10
24.14999999809999
 20
25.44000000128
 30
0.0
 11
24.50006853342001
 21
25.44000000128
 31
0.0
  0
LINE
  5
56A
330
2D0
100
AcDbEntity
  8
0
  6
Continuous
 62
     7
100
AcDbLine
 10
20.42006853493999
 20
25.64000000006001
 30
0.0
 11
20.90006853506
 21
25.64000000006001
 31
0.0
  0
LINE
  5
56B
330
2D0
100
AcDbEntity
  8
0
  6
Continuous
 62
     7
100
AcDbLine
 10
21.56006853332002
 20
25.64000000006001
 30
0.0
 11
22.46006853418001
 21
25.64000000006001
 31
0.0
  0
LINE
  5
56C
330
2D0
100
AcDbEntity
  8
0
  6
Continuous
 62
     7
100
AcDbLine
 10
24.39999999847998
 20
25.64000000006001
 30
0.0
 11
24.50006853342001
 21
25.64000000006001
 31
0.0
  0
LINE
  5
56D
330
2D0
100
AcDbEntity
  8
0
  6
Continuous
 62
     7
100
AcDbLine
 10
20.90006853506
 20
25.66500000086
 30
0.0
 11
20.42006853493999
 21
25.66500000086
 31
0.0
  0
LINE
  5
56E
330
2D0
100
AcDbEntity
  8
0
  6
Continuous
 62
     7
100
AcDbLine
 10
22.49542387368001
 20
25.66500000086
 30
0.0
 11
23.45999999888002
 21
25.66500000086
 31
0.0
  0
LINE
  5
56F
330
2D0
100
AcDbEntity
  8
0
  6
Continuous
 62
     7
100
AcDbLine
 10
24.34570312459999
 20
25.74000000071999
 30
0.0
 11
24.24999999876002
 21
25.74000000071999
 31
0.0
  0
LINE
  5
570
330
2D0
100
AcDbEntity
  8
0
  6
Continuous
 62
     7
100
AcDbLine
 10
24.49999999913996
 20
25.77999999946002
 30
0.0
 11
24.39999999847998
 21
25.77999999946002
 31
0.0
  0
LINE
  5
571
330
2D0
100
AcDbEntity
  8
0
  6
Continuous
 62
     7
100
AcDbLine
 10
21.66206110556001
 20
25.78999999977998
 30
0.0
 11
22.55006853451999
 21
25.78999999977998
 31
0.0
  0
LINE
  5
572
330
2D0
100
AcDbEntity
  8
0
  6
Continuous
 62
     7
100
AcDbLine
 10
22.55006853451999
 20
25.81500000058003
 30
0.0
 11
23.45999999888002
 21
25.81500000058003
 31
0.0
  0
LINE
  5
573
330
2D0
100
AcDbEntity
  8
0
  6
Continuous
 62
     7
100
AcDbLine
 10
24.50006853342001
 20
25.84000000138002
 30
0.0
 11
24.40006853276
 21
25.84000000138002
 31
0.0
  0
LINE
  5
574
330
2D0
100
AcDbEntity
  8
0
  6
Continuous
 62
     7
100
AcDbLine
 10
21.56006853332002
 20
25.84000000138002
 30
0.0
 11
21.21506853498002
 21
25.84000000138002
 31
0.0
  0
LINE
  5
575
330
2D0
100
AcDbEntity
  8
0
  6
Continuous
 62
     7
100
AcDbLine
 10
22.08818733992001
 20
25.84000000138002
 30
0.0
 11
23.45999999888002
 21
25.84000000138002
 31
0.0
  0
LINE
  5
576
330
2D0
100
AcDbEntity
  8
0
  6
Continuous
 62
     7
100
AcDbLine
 10
23.45999999888002
 20
25.88000000012002
 30
0.0
 11
23.10006853433998
 21
25.88000000012002
 31
0.0
  0
LINE
  5
577
330
2D0
100
AcDbEntity
  8
0
  6
Continuous
 62
     7
100
AcDbLine
 10
24.49999999913996
 20
25.9399999995
 30
0.0
 11
24.39999999847998
 21
25.9399999995
 31
0.0
  0
LINE
  5
578
330
2D0
100
AcDbEntity
  8
0
  6
Continuous
 62
     7
100
AcDbLine
 10
23.45999999888002
 20
26.00000000141998
 30
0.0
 11
23.10006853433998
 21
26.00000000141998
 31
0.0
  0
LINE
  5
579
330
2D0
100
AcDbEntity
  8
0
  6
Continuous
 62
     7
100
AcDbLine
 10
21.21506853498002
 20
26.04000000016003
 30
0.0
 11
21.56006853332002
 21
26.04000000016003
 31
0.0
  0
LINE
  5
57A
330
2D0
100
AcDbEntity
  8
0
  6
Continuous
 62
     7
100
AcDbLine
 10
22.08818733992001
 20
26.04000000016003
 30
0.0
 11
23.45999999888002
 21
26.04000000016003
 31
0.0
  0
LINE
  5
57B
330
2D0
100
AcDbEntity
  8
0
  6
Continuous
 62
     7
100
AcDbLine
 10
23.45999999888002
 20
26.06500000096003
 30
0.0
 11
22.55006853451999
 21
26.06500000096003
 31
0.0
  0
LINE
  5
57C
330
2D0
100
AcDbEntity
  8
0
  6
Continuous
 62
     7
100
AcDbLine
 10
21.66206110556001
 20
26.08999999922003
 30
0.0
 11
22.55006853451999
 21
26.08999999922003
 31
0.0
  0
LINE
  5
57D
330
2D0
100
AcDbEntity
  8
0
  6
Continuous
 62
     7
100
AcDbLine
 10
20.42006853493999
 20
26.21500000067999
 30
0.0
 11
20.90006853506
 21
26.21500000067999
 31
0.0
  0
LINE
  5
57E
330
2D0
100
AcDbEntity
  8
0
  6
Continuous
 62
     7
100
AcDbLine
 10
22.49542387368001
 20
26.21500000067999
 30
0.0
 11
23.45999999888002
 21
26.21500000067999
 31
0.0
  0
LINE
  5
57F
330
2D0
100
AcDbEntity
  8
0
  6
Continuous
 62
     7
100
AcDbLine
 10
22.46006853418001
 20
26.23999999894002
 30
0.0
 11
21.56006853332002
 21
26.23999999894002
 31
0.0
  0
LINE
  5
580
330
2D0
100
AcDbEntity
  8
0
  6
Continuous
 62
     7
100
AcDbLine
 10
20.90006853506
 20
26.23999999894002
 30
0.0
 11
20.42006853493999
 21
26.23999999894002
 31
0.0
  0
LINE
  5
581
330
2D0
100
AcDbEntity
  8
0
  6
Continuous
 62
     7
100
AcDbLine
 10
20.42006853493999
 20
26.44000000026
 30
0.0
 11
20.90006853506
 21
26.44000000026
 31
0.0
  0
LINE
  5
582
330
2D0
100
AcDbEntity
  8
0
  6
Continuous
 62
     7
100
AcDbLine
 10
21.56006853332002
 20
26.44000000026
 30
0.0
 11
22.46006853418001
 21
26.44000000026
 31
0.0
  0
LINE
  5
583
330
2D0
100
AcDbEntity
  8
0
  6
Continuous
 62
     7
100
AcDbLine
 10
20.90006853506
 20
26.46500000106002
 30
0.0
 11
20.42006853493999
 21
26.46500000106002
 31
0.0
  0
LINE
  5
584
330
2D0
100
AcDbEntity
  8
0
  6
Continuous
 62
     7
100
AcDbLine
 10
22.49542387368001
 20
26.46500000106002
 30
0.0
 11
23.45999999888002
 21
26.46500000106002
 31
0.0
  0
LINE
  5
585
330
2D0
100
AcDbEntity
  8
0
  6
Continuous
 62
     7
100
AcDbLine
 10
21.66206110556001
 20
26.58999999998002
 30
0.0
 11
22.55006853451999
 21
26.58999999998002
 31
0.0
  0
LINE
  5
586
330
2D0
100
AcDbEntity
  8
0
  6
Continuous
 62
     7
100
AcDbLine
 10
22.55006853451999
 20
26.61500000078001
 30
0.0
 11
23.45999999888002
 21
26.61500000078001
 31
0.0
  0
LINE
  5
587
330
2D0
100
AcDbEntity
  8
0
  6
Continuous
 62
     7
100
AcDbLine
 10
21.56006853332002
 20
26.63999999904001
 30
0.0
 11
21.21506853498002
 21
26.63999999904001
 31
0.0
  0
LINE
  5
588
330
2D0
100
AcDbEntity
  8
0
  6
Continuous
 62
     7
100
AcDbLine
 10
22.08818733992001
 20
26.63999999904001
 30
0.0
 11
23.45999999888002
 21
26.63999999904001
 31
0.0
  0
LINE
  5
589
330
2D0
100
AcDbEntity
  8
0
  6
Continuous
 62
     7
100
AcDbLine
 10
24.39999999847998
 20
26.63999999904001
 30
0.0
 11
24.49999999913996
 21
26.63999999904001
 31
0.0
  0
LINE
  5
58A
330
2D0
100
AcDbEntity
  8
0
  6
Continuous
 62
     7
100
AcDbLine
 10
23.45999999888002
 20
26.68000000032001
 30
0.0
 11
23.10006853433998
 21
26.68000000032001
 31
0.0
  0
LINE
  5
58B
330
2D0
100
AcDbEntity
  8
0
  6
Continuous
 62
     7
100
AcDbLine
 10
23.45999999888002
 20
26.79999999908003
 30
0.0
 11
23.10006853433998
 21
26.79999999908003
 31
0.0
  0
LINE
  5
58C
330
2D0
100
AcDbEntity
  8
0
  6
Continuous
 62
     7
100
AcDbLine
 10
24.50006853342001
 20
26.84000000035999
 30
0.0
 11
24.40006853276
 21
26.84000000035999
 31
0.0
  0
LINE
  5
58D
330
2D0
100
AcDbEntity
  8
0
  6
Continuous
 62
     7
100
AcDbLine
 10
21.21506853498002
 20
26.84000000035999
 30
0.0
 11
21.56006853332002
 21
26.84000000035999
 31
0.0
  0
LINE
  5
58E
330
2D0
100
AcDbEntity
  8
0
  6
Continuous
 62
     7
100
AcDbLine
 10
22.08818733992001
 20
26.84000000035999
 30
0.0
 11
23.45999999888002
 21
26.84000000035999
 31
0.0
  0
LINE
  5
58F
330
2D0
100
AcDbEntity
  8
0
  6
Continuous
 62
     7
100
AcDbLine
 10
23.45999999888002
 20
26.86500000116001
 30
0.0
 11
22.55006853451999
 21
26.86500000116001
 31
0.0
  0
LINE
  5
590
330
2D0
100
AcDbEntity
  8
0
  6
Continuous
 62
     7
100
AcDbLine
 10
21.66206110556001
 20
26.88999999942001
 30
0.0
 11
22.55006853451999
 21
26.88999999942001
 31
0.0
  0
LINE
  5
591
330
2D0
100
AcDbEntity
  8
0
  6
Continuous
 62
     7
100
AcDbLine
 10
20.42006853493999
 20
27.01500000088001
 30
0.0
 11
20.90006853506
 21
27.01500000088001
 31
0.0
  0
LINE
  5
592
330
2D0
100
AcDbEntity
  8
0
  6
Continuous
 62
     7
100
AcDbLine
 10
22.49542387368001
 20
27.01500000088001
 30
0.0
 11
23.45999999888002
 21
27.01500000088001
 31
0.0
  0
LINE
  5
593
330
2D0
100
AcDbEntity
  8
0
  6
Continuous
 62
     7
100
AcDbLine
 10
24.50006853342001
 20
27.03999999914001
 30
0.0
 11
24.39999999847998
 21
27.03999999914001
 31
0.0
  0
LINE
  5
594
330
2D0
100
AcDbEntity
  8
0
  6
Continuous
 62
     7
100
AcDbLine
 10
22.46006853418001
 20
27.03999999914001
 30
0.0
 11
21.56006853332002
 21
27.03999999914001
 31
0.0
  0
LINE
  5
595
330
2D0
100
AcDbEntity
  8
0
  6
Continuous
 62
     7
100
AcDbLine
 10
20.90006853506
 20
27.03999999914001
 30
0.0
 11
20.42006853493999
 21
27.03999999914001
 31
0.0
  0
LINE
  5
596
330
2D0
100
AcDbEntity
  8
0
  6
Continuous
 62
     7
100
AcDbLine
 10
14.99999999994
 20
27.13999999980001
 30
0.0
 11
14.29999580686001
 21
27.13999999980001
 31
0.0
  0
LINE
  5
597
330
2D0
100
AcDbEntity
  8
03___PRT_ALL_CURVES
  6
Continuous
 62
     4
100
AcDbLine
 10
25.89999999822001
 20
27.13999999980001
 30
0.0
 11
26.84952252640002
 21
27.13999999980001
 31
0.0
  0
LINE
  5
598
330
2D0
100
AcDbEntity
  8
03___PRT_ALL_CURVES
  6
Continuous
 62
     4
100
AcDbLine
 10
27.03287855034
 20
27.13999999980001
 30
0.0
 11
27.40450211240002
 21
27.13999999980001
 31
0.0
  0
LINE
  5
599
330
2D0
100
AcDbEntity
  8
03___PRT_ALL_CURVES
  6
Continuous
 62
     4
100
AcDbLine
 10
27.67298765874
 20
27.13999999980001
 30
0.0
 11
28.02169171113999
 21
27.13999999980001
 31
0.0
  0
LINE
  5
59A
330
2D0
100
AcDbEntity
  8
03___PRT_ALL_CURVES
  6
Continuous
 62
     4
100
AcDbLine
 10
28.47107773642
 20
27.13999999980001
 30
0.0
 11
28.82060032668002
 21
27.13999999980001
 31
0.0
  0
LINE
  5
59B
330
2D0
100
AcDbEntity
  8
03___PRT_ALL_CURVES
  6
Continuous
 62
     4
100
AcDbLine
 10
29.06862211918002
 20
27.13999999980001
 30
0.0
 11
29.43942700114002
 21
27.13999999980001
 31
0.0
  0
LINE
  5
59C
330
2D0
100
AcDbEntity
  8
03___PRT_ALL_CURVES
  6
Continuous
 62
     4
100
AcDbLine
 10
29.88390179417999
 20
27.13999999980001
 30
0.0
 11
30.34065495229999
 21
27.13999999980001
 31
0.0
  0
LINE
  5
59D
330
2D0
100
AcDbEntity
  8
03___PRT_ALL_CURVES
  6
Continuous
 62
     4
100
AcDbLine
 10
30.38485661396001
 20
27.13999999980001
 30
0.0
 11
31.38512974676004
 21
27.13999999980001
 31
0.0
  0
LINE
  5
59E
330
2D0
100
AcDbEntity
  8
0
  6
Continuous
 62
     7
100
AcDbLine
 10
20.42006853493999
 20
27.24000000046001
 30
0.0
 11
20.90006853506
 21
27.24000000046001
 31
0.0
  0
LINE
  5
59F
330
2D0
100
AcDbEntity
  8
0
  6
Continuous
 62
     7
100
AcDbLine
 10
21.56006853332002
 20
27.24000000046001
 30
0.0
 11
22.46006853418001
 21
27.24000000046001
 31
0.0
  0
LINE
  5
5A0
330
2D0
100
AcDbEntity
  8
0
  6
Continuous
 62
     7
100
AcDbLine
 10
24.39999999847998
 20
27.24000000046001
 30
0.0
 11
24.50006853342001
 21
27.24000000046001
 31
0.0
  0
LINE
  5
5A1
330
2D0
100
AcDbEntity
  8
0
  6
Continuous
 62
     7
100
AcDbLine
 10
20.90006853506
 20
27.26500000126001
 30
0.0
 11
20.42006853493999
 21
27.26500000126001
 31
0.0
  0
LINE
  5
5A2
330
2D0
100
AcDbEntity
  8
0
  6
Continuous
 62
     7
100
AcDbLine
 10
22.49542387368001
 20
27.26500000126001
 30
0.0
 11
23.45999999888002
 21
27.26500000126001
 31
0.0
  0
LINE
  5
5A3
330
2D0
100
AcDbEntity
  8
0
  6
Continuous
 62
     7
100
AcDbLine
 10
21.66206110556001
 20
27.39000000018001
 30
0.0
 11
22.55006853451999
 21
27.39000000018001
 31
0.0
  0
LINE
  5
5A4
330
2D0
100
AcDbEntity
  8
03___PRT_ALL_CURVES
  6
Continuous
 62
     4
100
AcDbLine
 10
31.38512974676004
 20
27.41175989824001
 30
0.0
 11
30.86452942651997
 21
27.41175989824001
 31
0.0
  0
LINE
  5
5A5
330
2D0
100
AcDbEntity
  8
0
  6
Continuous
 62
     7
100
AcDbLine
 10
22.55006853451999
 20
27.41500000098003
 30
0.0
 11
23.45999999888002
 21
27.41500000098003
 31
0.0
  0
LINE
  5
5A6
330
2D0
100
AcDbEntity
  8
03___PRT_ALL_CURVES
  6
Continuous
 62
     4
100
AcDbLine
 10
26.84952252640002
 20
27.4354979483
 30
0.0
 11
26.27080492589999
 21
27.4354979483
 31
0.0
  0
LINE
  5
5A7
330
2D0
100
AcDbEntity
  8
0
  6
Continuous
 62
     7
100
AcDbLine
 10
24.50006853342001
 20
27.43999999924
 30
0.0
 11
24.40006853276
 21
27.43999999924
 31
0.0
  0
LINE
  5
5A8
330
2D0
100
AcDbEntity
  8
0
  6
Continuous
 62
     7
100
AcDbLine
 10
21.56006853332002
 20
27.43999999924
 30
0.0
 11
21.21506853498002
 21
27.43999999924
 31
0.0
  0
LINE
  5
5A9
330
2D0
100
AcDbEntity
  8
0
  6
Continuous
 62
     7
100
AcDbLine
 10
22.08818733992001
 20
27.43999999924
 30
0.0
 11
23.45999999888002
 21
27.43999999924
 31
0.0
  0
LINE
  5
5AA
330
2D0
100
AcDbEntity
  8
0
  6
Continuous
 62
     7
100
AcDbLine
 10
23.45999999888002
 20
27.48000000052002
 30
0.0
 11
23.10006853433998
 21
27.48000000052002
 31
0.0
  0
LINE
  5
5AB
330
2D0
100
AcDbEntity
  8
0
  6
Continuous
 62
     7
100
AcDbLine
 10
23.45999999888002
 20
27.59999999928002
 30
0.0
 11
23.10006853433998
 21
27.59999999928002
 31
0.0
  0
LINE
  5
5AC
330
2D0
100
AcDbEntity
  8
0
  6
Continuous
 62
     7
100
AcDbLine
 10
24.50006853342001
 20
27.64000000056004
 30
0.0
 11
24.40006853276
 21
27.64000000056004
 31
0.0
  0
LINE
  5
5AD
330
2D0
100
AcDbEntity
  8
0
  6
Continuous
 62
     7
100
AcDbLine
 10
21.21506853498002
 20
27.64000000056004
 30
0.0
 11
21.56006853332002
 21
27.64000000056004
 31
0.0
  0
LINE
  5
5AE
330
2D0
100
AcDbEntity
  8
0
  6
Continuous
 62
     7
100
AcDbLine
 10
22.08818733992001
 20
27.64000000056004
 30
0.0
 11
23.45999999888002
 21
27.64000000056004
 31
0.0
  0
LINE
  5
5AF
330
2D0
100
AcDbEntity
  8
0
  6
Continuous
 62
     7
100
AcDbLine
 10
23.45999999888002
 20
27.66500000136
 30
0.0
 11
22.55006853451999
 21
27.66500000136
 31
0.0
  0
LINE
  5
5B0
330
2D0
100
AcDbEntity
  8
0
  6
Continuous
 62
     7
100
AcDbLine
 10
21.66206110556001
 20
27.68999999962003
 30
0.0
 11
22.55006853451999
 21
27.68999999962003
 31
0.0
  0
LINE
  5
5B1
330
2D0
100
AcDbEntity
  8
0
  6
Continuous
 62
     7
100
AcDbLine
 10
20.42006853493999
 20
27.81500000108002
 30
0.0
 11
20.90006853506
 21
27.81500000108002
 31
0.0
  0
LINE
  5
5B2
330
2D0
100
AcDbEntity
  8
0
  6
Continuous
 62
     7
100
AcDbLine
 10
22.49542387368001
 20
27.81500000108002
 30
0.0
 11
23.45999999888002
 21
27.81500000108002
 31
0.0
  0
LINE
  5
5B3
330
2D0
100
AcDbEntity
  8
0
  6
Continuous
 62
     7
100
AcDbLine
 10
24.50006853342001
 20
27.83999999933999
 30
0.0
 11
24.39999999847998
 21
27.83999999933999
 31
0.0
  0
LINE
  5
5B4
330
2D0
100
AcDbEntity
  8
0
  6
Continuous
 62
     7
100
AcDbLine
 10
22.46006853418001
 20
27.83999999933999
 30
0.0
 11
21.56006853332002
 21
27.83999999933999
 31
0.0
  0
LINE
  5
5B5
330
2D0
100
AcDbEntity
  8
0
  6
Continuous
 62
     7
100
AcDbLine
 10
20.90006853506
 20
27.83999999933999
 30
0.0
 11
20.42006853493999
 21
27.83999999933999
 31
0.0
  0
LINE
  5
5B6
330
2D0
100
AcDbEntity
  8
0
  6
Continuous
 62
     7
100
AcDbLine
 10
20.42006853493999
 20
28.04000000066
 30
0.0
 11
20.90006853506
 21
28.04000000066
 31
0.0
  0
LINE
  5
5B7
330
2D0
100
AcDbEntity
  8
0
  6
Continuous
 62
     7
100
AcDbLine
 10
21.56006853332002
 20
28.04000000066
 30
0.0
 11
22.46006853418001
 21
28.04000000066
 31
0.0
  0
LINE
  5
5B8
330
2D0
100
AcDbEntity
  8
0
  6
Continuous
 62
     7
100
AcDbLine
 10
24.39999999847998
 20
28.04000000066
 30
0.0
 11
24.50006853342001
 21
28.04000000066
 31
0.0
  0
LINE
  5
5B9
330
2D0
100
AcDbEntity
  8
0
  6
Continuous
 62
     7
100
AcDbLine
 10
20.90006853506
 20
28.06499999892
 30
0.0
 11
20.42006853493999
 21
28.06499999892
 31
0.0
  0
LINE
  5
5BA
330
2D0
100
AcDbEntity
  8
0
  6
Continuous
 62
     7
100
AcDbLine
 10
22.49542387368001
 20
28.06499999892
 30
0.0
 11
23.45999999888002
 21
28.06499999892
 31
0.0
  0
LINE
  5
5BB
330
2D0
100
AcDbEntity
  8
0
  6
Continuous
 62
     7
100
AcDbLine
 10
21.66206110556001
 20
28.19000000038
 30
0.0
 11
22.55006853451999
 21
28.19000000038
 31
0.0
  0
LINE
  5
5BC
330
2D0
100
AcDbEntity
  8
0
  6
Continuous
 62
     7
100
AcDbLine
 10
22.55006853451999
 20
28.21500000118002
 30
0.0
 11
23.45999999888002
 21
28.21500000118002
 31
0.0
  0
LINE
  5
5BD
330
2D0
100
AcDbEntity
  8
0
  6
Continuous
 62
     7
100
AcDbLine
 10
24.50006853342001
 20
28.23999999944002
 30
0.0
 11
24.40006853276
 21
28.23999999944002
 31
0.0
  0
LINE
  5
5BE
330
2D0
100
AcDbEntity
  8
0
  6
Continuous
 62
     7
100
AcDbLine
 10
21.56006853332002
 20
28.23999999944002
 30
0.0
 11
21.21506853498002
 21
28.23999999944002
 31
0.0
  0
LINE
  5
5BF
330
2D0
100
AcDbEntity
  8
0
  6
Continuous
 62
     7
100
AcDbLine
 10
22.08818733992001
 20
28.23999999944002
 30
0.0
 11
23.45999999888002
 21
28.23999999944002
 31
0.0
  0
LINE
  5
5C0
330
2D0
100
AcDbEntity
  8
0
  6
Continuous
 62
     7
100
AcDbLine
 10
23.45999999888002
 20
28.28000000072001
 30
0.0
 11
23.10006853433998
 21
28.28000000072001
 31
0.0
  0
LINE
  5
5C1
330
2D0
100
AcDbEntity
  8
03___PRT_ALL_CURVES
  6
Continuous
 62
     4
100
AcDbLine
 10
30.32100945183998
 20
28.34000000010002
 30
0.0
 11
29.82742148296001
 21
28.34000000010002
 31
0.0
  0
LINE
  5
5C2
330
2D0
100
AcDbEntity
  8
03___PRT_ALL_CURVES
  6
Continuous
 62
     4
100
AcDbLine
 10
29.43942700114002
 20
28.34000000010002
 30
0.0
 11
29.06862211918002
 21
28.34000000010002
 31
0.0
  0
LINE
  5
5C3
330
2D0
100
AcDbEntity
  8
03___PRT_ALL_CURVES
  6
Continuous
 62
     4
100
AcDbLine
 10
28.82060032668002
 20
28.34000000010002
 30
0.0
 11
28.47107773642
 21
28.34000000010002
 31
0.0
  0
LINE
  5
5C4
330
2D0
100
AcDbEntity
  8
03___PRT_ALL_CURVES
  6
Continuous
 62
     4
100
AcDbLine
 10
28.01923595278001
 20
28.34000000010002
 30
0.0
 11
27.67298765874
 21
28.34000000010002
 31
0.0
  0
LINE
  5
5C5
330
2D0
100
AcDbEntity
  8
03___PRT_ALL_CURVES
  6
Continuous
 62
     4
100
AcDbLine
 10
27.40450211240002
 20
28.34000000010002
 30
0.0
 11
27.03287855034
 21
28.34000000010002
 31
0.0
  0
LINE
  5
5C6
330
2D0
100
AcDbEntity
  8
03___PRT_ALL_CURVES
  6
Continuous
 62
     4
100
AcDbLine
 10
26.27080492589999
 20
28.34000000010002
 30
0.0
 11
25.89999999822001
 21
28.34000000010002
 31
0.0
  0
LINE
  5
5C7
330
2D0
100
AcDbEntity
  8
0
  6
Continuous
 62
     7
100
AcDbLine
 10
14.29999580686001
 20
28.34000000010002
 30
0.0
 11
14.99999999994
 21
28.34000000010002
 31
0.0
  0
LINE
  5
5C8
330
2D0
100
AcDbEntity
  8
0
  6
Continuous
 62
     7
100
AcDbLine
 10
23.45999999888002
 20
28.39999999948003
 30
0.0
 11
23.10006853433998
 21
28.39999999948003
 31
0.0
  0
LINE
  5
5C9
330
2D0
100
AcDbEntity
  8
0
  6
Continuous
 62
     7
100
AcDbLine
 10
24.50006853342001
 20
28.44000000075999
 30
0.0
 11
24.40006853276
 21
28.44000000075999
 31
0.0
  0
LINE
  5
5CA
330
2D0
100
AcDbEntity
  8
0
  6
Continuous
 62
     7
100
AcDbLine
 10
21.21506853498002
 20
28.44000000075999
 30
0.0
 11
21.56006853332002
 21
28.44000000075999
 31
0.0
  0
LINE
  5
5CB
330
2D0
100
AcDbEntity
  8
0
  6
Continuous
 62
     7
100
AcDbLine
 10
22.08818733992001
 20
28.44000000075999
 30
0.0
 11
23.45999999888002
 21
28.44000000075999
 31
0.0
  0
LINE
  5
5CC
330
2D0
100
AcDbEntity
  8
0
  6
Continuous
 62
     7
100
AcDbLine
 10
23.45999999888002
 20
28.46499999902002
 30
0.0
 11
22.55006853451999
 21
28.46499999902002
 31
0.0
  0
LINE
  5
5CD
330
2D0
100
AcDbEntity
  8
0
  6
Continuous
 62
     7
100
AcDbLine
 10
21.66206110556001
 20
28.48999999982001
 30
0.0
 11
22.55006853451999
 21
28.48999999982001
 31
0.0
  0
LINE
  5
5CE
330
2D0
100
AcDbEntity
  8
0
  6
Continuous
 62
     7
100
AcDbLine
 10
20.42006853493999
 20
28.61500000128001
 30
0.0
 11
20.90006853506
 21
28.61500000128001
 31
0.0
  0
LINE
  5
5CF
330
2D0
100
AcDbEntity
  8
0
  6
Continuous
 62
     7
100
AcDbLine
 10
22.49542387368001
 20
28.61500000128001
 30
0.0
 11
23.45999999888002
 21
28.61500000128001
 31
0.0
  0
LINE
  5
5D0
330
2D0
100
AcDbEntity
  8
0
  6
Continuous
 62
     7
100
AcDbLine
 10
24.50006853342001
 20
28.63999999954001
 30
0.0
 11
24.39999999847998
 21
28.63999999954001
 31
0.0
  0
LINE
  5
5D1
330
2D0
100
AcDbEntity
  8
0
  6
Continuous
 62
     7
100
AcDbLine
 10
22.46006853418001
 20
28.63999999954001
 30
0.0
 11
21.56006853332002
 21
28.63999999954001
 31
0.0
  0
LINE
  5
5D2
330
2D0
100
AcDbEntity
  8
0
  6
Continuous
 62
     7
100
AcDbLine
 10
20.90006853506
 20
28.63999999954001
 30
0.0
 11
20.42006853493999
 21
28.63999999954001
 31
0.0
  0
LINE
  5
5D3
330
2D0
100
AcDbEntity
  8
0
  6
Continuous
 62
     7
100
AcDbLine
 10
21.66206110556001
 20
24.49000000135999
 30
0.0
 11
21.56006853332002
 21
24.50030280524001
 31
0.0
  0
LINE
  5
5D4
330
2D0
100
AcDbEntity
  8
0
  6
Continuous
 62
     7
100
AcDbLine
 10
21.66206110556001
 20
25.28999999902001
 30
0.0
 11
21.56006853332002
 21
25.30030280544003
 31
0.0
  0
LINE
  5
5D5
330
2D0
100
AcDbEntity
  8
0
  6
Continuous
 62
     7
100
AcDbLine
 10
21.66206110556001
 20
26.08999999922003
 30
0.0
 11
21.56006853332002
 21
26.10030280564001
 31
0.0
  0
LINE
  5
5D6
330
2D0
100
AcDbEntity
  8
0
  6
Continuous
 62
     7
100
AcDbLine
 10
21.66206110556001
 20
26.88999999942001
 30
0.0
 11
21.56006853332002
 21
26.90030280584
 31
0.0
  0
LINE
  5
5D7
330
2D0
100
AcDbEntity
  8
0
  6
Continuous
 62
     7
100
AcDbLine
 10
21.66206110556001
 20
27.68999999962003
 30
0.0
 11
21.56006853332002
 21
27.70030280604001
 31
0.0
  0
LINE
  5
5D8
330
2D0
100
AcDbEntity
  8
0
  6
Continuous
 62
     7
100
AcDbLine
 10
22.49542387368001
 20
24.61500000027999
 30
0.0
 11
22.46006853418001
 21
24.64000000108001
 31
0.0
  0
LINE
  5
5D9
330
2D0
100
AcDbEntity
  8
0
  6
Continuous
 62
     7
100
AcDbLine
 10
22.49542387368001
 20
25.41500000048001
 30
0.0
 11
22.46006853418001
 21
25.44000000128
 31
0.0
  0
LINE
  5
5DA
330
2D0
100
AcDbEntity
  8
0
  6
Continuous
 62
     7
100
AcDbLine
 10
16.78854101772001
 20
30.13314531144002
 30
0.0
 11
15.84583592065999
 21
31.57905247296003
 31
0.0
  0
LINE
  5
5DB
330
2D0
100
AcDbEntity
  8
0
  6
Continuous
 62
     7
100
AcDbLine
 10
16.78854101772001
 20
30.29358917139999
 30
0.0
 11
15.84583592065999
 21
31.73949633292
 31
0.0
  0
LINE
  5
5DC
330
2D0
100
AcDbEntity
  8
0
  6
Continuous
 62
     7
100
AcDbLine
 10
22.49542387368001
 20
24.61500000027999
 30
0.0
 11
22.54720056718003
 21
24.49000000135999
 31
0.0
  0
LINE
  5
5DD
330
2D0
100
AcDbEntity
  8
0
  6
Continuous
 62
     7
100
AcDbLine
 10
22.49542387368001
 20
25.41500000048001
 30
0.0
 11
22.54720056718003
 21
25.28999999902001
 31
0.0
  0
LINE
  5
5DE
330
2D0
100
AcDbEntity
  8
0
  6
Continuous
 62
     7
100
AcDbLine
 10
22.49542387368001
 20
26.21500000067999
 30
0.0
 11
22.54720056718003
 21
26.08999999922003
 31
0.0
  0
LINE
  5
5DF
330
2D0
100
AcDbEntity
  8
0
  6
Continuous
 62
     7
100
AcDbLine
 10
23.50006853444
 20
43.41696475594003
 30
0.0
 11
23.49965206587999
 21
43.42348237054003
 31
0.0
  0
LINE
  5
5E0
330
2D0
100
AcDbEntity
  8
0
  6
Continuous
 62
     7
100
AcDbLine
 10
23.50006853444
 20
44.21696475614002
 30
0.0
 11
23.49965206587999
 21
44.22348237074002
 31
0.0
  0
LINE
  5
5E1
330
2D0
100
AcDbEntity
  8
0
  6
Continuous
 62
     7
100
AcDbLine
 10
23.50006853444
 20
49.81696475500004
 30
0.0
 11
23.49965206587999
 21
49.82348237214003
 31
0.0
  0
LINE
  5
5E2
330
2D0
100
AcDbEntity
  8
0
  6
Continuous
 62
     7
100
AcDbLine
 10
23.50006853444
 20
50.6169647552
 30
0.0
 11
23.49965206587999
 21
50.62348237233999
 31
0.0
  0
LINE
  5
5E3
330
2D0
100
AcDbEntity
  8
0
  6
Continuous
 62
     7
100
AcDbLine
 10
24.39999999847998
 20
20.50000000068002
 30
0.0
 11
24.39999999847998
 21
34.97999999922001
 31
0.0
  0
LINE
  5
5E4
330
2D0
100
AcDbEntity
  8
0
  6
Continuous
 62
     7
100
AcDbLine
 10
24.39999999847998
 20
39.49999999908002
 30
0.0
 11
24.39999999847998
 21
53.98000000016
 31
0.0
  0
LINE
  5
5E5
330
2D0
100
AcDbEntity
  8
0
  6
Continuous
 62
     7
100
AcDbLine
 10
24.49999999913996
 20
54.59469835928002
 30
0.0
 11
24.49999999913996
 21
53.99000000048002
 31
0.0
  0
LINE
  5
5E6
330
2D0
100
AcDbEntity
  8
0
  6
Continuous
 62
     7
100
AcDbLine
 10
24.49999999913996
 20
53.74000000010003
 30
0.0
 11
24.49999999913996
 21
52.1399999997
 31
0.0
  0
LINE
  5
5E7
330
2D0
100
AcDbEntity
  8
0
  6
Continuous
 62
     7
100
AcDbLine
 10
24.49999999913996
 20
50.93999999940002
 30
0.0
 11
24.49999999913996
 21
42.53999999984001
 31
0.0
  0
LINE
  5
5E8
330
2D0
100
AcDbEntity
  8
0
  6
Continuous
 62
     7
100
AcDbLine
 10
24.49999999913996
 20
41.33999999954
 30
0.0
 11
24.49999999913996
 21
39.73999999914
 31
0.0
  0
LINE
  5
5E9
330
2D0
100
AcDbEntity
  8
0
  6
Continuous
 62
     7
100
AcDbLine
 10
24.49999999913996
 20
39.49000000129999
 30
0.0
 11
24.49999999913996
 21
38.88530163996003
 31
0.0
  0
LINE
  5
5EA
330
2D0
100
AcDbEntity
  8
0
  6
Continuous
 62
     7
100
AcDbLine
 10
24.49999999913996
 20
35.59469836087999
 30
0.0
 11
24.49999999913996
 21
34.98999999954
 31
0.0
  0
LINE
  5
5EB
330
2D0
100
AcDbEntity
  8
0
  6
Continuous
 62
     7
100
AcDbLine
 10
24.49999999913996
 20
34.73999999916001
 30
0.0
 11
24.49999999913996
 21
33.1400000013
 31
0.0
  0
LINE
  5
5EC
330
2D0
100
AcDbEntity
  8
0
  6
Continuous
 62
     7
100
AcDbLine
 10
24.49999999913996
 20
31.94000000100002
 30
0.0
 11
24.49999999913996
 21
23.54000000144001
 31
0.0
  0
LINE
  5
5ED
330
2D0
100
AcDbEntity
  8
0
  6
Continuous
 62
     7
100
AcDbLine
 10
24.49999999913996
 20
22.34000000114003
 30
0.0
 11
24.49999999913996
 21
20.74000000074
 31
0.0
  0
LINE
  5
5EE
330
2D0
100
AcDbEntity
  8
0
  6
Continuous
 62
     7
100
AcDbLine
 10
24.49999999913996
 20
20.49000000036
 30
0.0
 11
24.49999999913996
 21
19.88530164156001
 31
0.0
  0
LINE
  5
5EF
330
2D0
100
AcDbEntity
  8
0
  6
Continuous
 62
     7
100
AcDbLine
 10
24.54999999820004
 20
20.49000000036
 30
0.0
 11
24.54999999820004
 21
20.74000000074
 31
0.0
  0
LINE
  5
5F0
330
2D0
100
AcDbEntity
  8
0
  6
Continuous
 62
     7
100
AcDbLine
 10
24.54999999820004
 20
34.73999999916001
 30
0.0
 11
24.54999999820004
 21
34.98999999954
 31
0.0
  0
LINE
  5
5F1
330
2D0
100
AcDbEntity
  8
0
  6
Continuous
 62
     7
100
AcDbLine
 10
24.54999999820004
 20
39.49000000129999
 30
0.0
 11
24.54999999820004
 21
39.73999999914
 31
0.0
  0
LINE
  5
5F2
330
2D0
100
AcDbEntity
  8
0
  6
Continuous
 62
     7
100
AcDbLine
 10
24.54999999820004
 20
53.74000000010003
 30
0.0
 11
24.54999999820004
 21
53.99000000048002
 31
0.0
  0
LINE
  5
5F3
330
2D0
100
AcDbEntity
  8
02___PRT_ALL_AXES
  6
Continuous
 62
     7
100
AcDbLine
 10
24.59999999979999
 20
129.99999999948
 30
0.0
 11
24.59999999979999
 21
124.00000000052
 31
0.0
  0
LINE
  5
5F4
330
2D0
100
AcDbEntity
  8
02___PRT_ALL_AXES
  6
Continuous
 62
     7
100
AcDbLine
 10
24.59999999979999
 20
5.999999998960021
 30
0.0
 11
24.59999999979999
 21
0.0
 31
0.0
  0
LINE
  5
5F5
330
2D0
100
AcDbEntity
  8
02___PRT_ALL_AXES
  6
Continuous
 62
     7
100
AcDbLine
 10
25.09999999802002
 20
20.78999999980002
 30
0.0
 11
25.09999999802002
 21
34.69000000010001
 31
0.0
  0
LINE
  5
5F6
330
2D0
100
AcDbEntity
  8
0
  6
Continuous
 62
     7
100
AcDbLine
 10
25.09999999802002
 20
20.78999999980002
 30
0.0
 11
25.09999999802002
 21
34.69000000010001
 31
0.0
  0
LINE
  5
5F7
330
2D0
100
AcDbEntity
  8
02___PRT_ALL_AXES
  6
Continuous
 62
     7
100
AcDbLine
 10
25.09999999802002
 20
39.79000000074001
 30
0.0
 11
25.09999999802002
 21
53.69000000104
 31
0.0
  0
LINE
  5
5F8
330
2D0
100
AcDbEntity
  8
0
  6
Continuous
 62
     7
100
AcDbLine
 10
25.09999999802002
 20
39.79000000074001
 30
0.0
 11
25.09999999802002
 21
53.69000000104
 31
0.0
  0
LINE
  5
5F9
330
2D0
100
AcDbEntity
  8
03___PRT_ALL_CURVES
  6
Continuous
 62
     4
100
AcDbLine
 10
25.89999999822001
 20
47.34000000104001
 30
0.0
 11
25.89999999822001
 21
46.14000000074
 31
0.0
  0
LINE
  5
5FA
330
2D0
100
AcDbEntity
  8
03___PRT_ALL_CURVES
  6
Continuous
 62
     4
100
AcDbLine
 10
25.89999999822001
 20
28.34000000010002
 30
0.0
 11
25.89999999822001
 21
27.13999999980001
 31
0.0
  0
LINE
  5
5FB
330
2D0
100
AcDbEntity
  8
03___PRT_ALL_CURVES
  6
Continuous
 62
     4
100
AcDbLine
 10
26.27080492589999
 20
27.4354979483
 30
0.0
 11
26.27080492589999
 21
28.34000000010002
 31
0.0
  0
LINE
  5
5FC
330
2D0
100
AcDbEntity
  8
03___PRT_ALL_CURVES
  6
Continuous
 62
     4
100
AcDbLine
 10
26.27080492589999
 20
46.43549794923999
 30
0.0
 11
26.27080492589999
 21
47.34000000104001
 31
0.0
  0
LINE
  5
5FD
330
2D0
100
AcDbEntity
  8
03___PRT_ALL_CURVES
  6
Continuous
 62
     4
100
AcDbLine
 10
26.84952252640002
 20
27.13999999980001
 30
0.0
 11
26.84952252640002
 21
27.4354979483
 31
0.0
  0
LINE
  5
5FE
330
2D0
100
AcDbEntity
  8
03___PRT_ALL_CURVES
  6
Continuous
 62
     4
100
AcDbLine
 10
26.84952252640002
 20
46.14000000074
 30
0.0
 11
26.84952252640002
 21
46.43549794923999
 31
0.0
  0
LINE
  5
5FF
330
2D0
100
AcDbEntity
  8
02___PRT_ALL_AXES
  6
Continuous
 62
     7
100
AcDbLine
 10
26.99999999785999
 20
129.99999999948
 30
0.0
 11
26.99999999785999
 21
124.00000000052
 31
0.0
  0
LINE
  5
600
330
2D0
100
AcDbEntity
  8
02___PRT_ALL_AXES
  6
Continuous
 62
     7
100
AcDbLine
 10
26.99999999785999
 20
5.999999998960021
 30
0.0
 11
26.99999999785999
 21
0.0
 31
0.0
  0
LINE
  5
601
330
2D0
100
AcDbEntity
  8
03___PRT_ALL_CURVES
  6
Continuous
 62
     4
100
AcDbLine
 10
27.03287855034
 20
47.34000000104001
 30
0.0
 11
27.03287855034
 21
46.14000000074
 31
0.0
  0
LINE
  5
602
330
2D0
100
AcDbEntity
  8
03___PRT_ALL_CURVES
  6
Continuous
 62
     4
100
AcDbLine
 10
27.03287855034
 20
28.34000000010002
 30
0.0
 11
27.03287855034
 21
27.13999999980001
 31
0.0
  0
LINE
  5
603
330
2D0
100
AcDbEntity
  8
03___PRT_ALL_CURVES
  6
Continuous
 62
     4
100
AcDbLine
 10
27.40450211240002
 20
27.13999999980001
 30
0.0
 11
27.40450211240002
 21
28.34000000010002
 31
0.0
  0
LINE
  5
604
330
2D0
100
AcDbEntity
  8
03___PRT_ALL_CURVES
  6
Continuous
 62
     4
100
AcDbLine
 10
27.40450211240002
 20
46.14000000074
 30
0.0
 11
27.40450211240002
 21
47.34000000104001
 31
0.0
  0
LINE
  5
605
330
2D0
100
AcDbEntity
  8
03___PRT_ALL_CURVES
  6
Continuous
 62
     4
100
AcDbLine
 10
27.67298765874
 20
47.34000000104001
 30
0.0
 11
27.67298765874
 21
46.14000000074
 31
0.0
  0
LINE
  5
606
330
2D0
100
AcDbEntity
  8
03___PRT_ALL_CURVES
  6
Continuous
 62
     4
100
AcDbLine
 10
27.67298765874
 20
28.34000000010002
 30
0.0
 11
27.67298765874
 21
27.13999999980001
 31
0.0
  0
LINE
  5
607
330
2D0
100
AcDbEntity
  8
03___PRT_ALL_CURVES
  6
Continuous
 62
     4
100
AcDbLine
 10
28.02169171113999
 20
27.13999999980001
 30
0.0
 11
28.02169171113999
 21
27.79811731958
 31
0.0
  0
LINE
  5
608
330
2D0
100
AcDbEntity
  8
03___PRT_ALL_CURVES
  6
Continuous
 62
     4
100
AcDbLine
 10
28.02169171113999
 20
46.14000000074
 30
0.0
 11
28.02169171113999
 21
46.79811731798
 31
0.0
  0
LINE
  5
609
330
2D0
100
AcDbEntity
  8
03___PRT_ALL_CURVES
  6
Continuous
 62
     4
100
AcDbLine
 10
28.47107773642
 20
47.34000000104001
 30
0.0
 11
28.47107773642
 21
46.67533422852
 31
0.0
  0
LINE
  5
60A
330
2D0
100
AcDbEntity
  8
03___PRT_ALL_CURVES
  6
Continuous
 62
     4
100
AcDbLine
 10
28.47107773642
 20
28.34000000010002
 30
0.0
 11
28.47107773642
 21
27.67533423012
 31
0.0
  0
LINE
  5
60B
330
2D0
100
AcDbEntity
  8
03___PRT_ALL_CURVES
  6
Continuous
 62
     4
100
AcDbLine
 10
28.82060032668002
 20
27.13999999980001
 30
0.0
 11
28.82060032668002
 21
28.34000000010002
 31
0.0
  0
LINE
  5
60C
330
2D0
100
AcDbEntity
  8
03___PRT_ALL_CURVES
  6
Continuous
 62
     4
100
AcDbLine
 10
28.82060032668002
 20
46.14000000074
 30
0.0
 11
28.82060032668002
 21
47.34000000104001
 31
0.0
  0
LINE
  5
60D
330
2D0
100
AcDbEntity
  8
03___PRT_ALL_CURVES
  6
Continuous
 62
     4
100
AcDbLine
 10
29.06862211918002
 20
47.34000000104001
 30
0.0
 11
29.06862211918002
 21
46.14000000074
 31
0.0
  0
LINE
  5
60E
330
2D0
100
AcDbEntity
  8
03___PRT_ALL_CURVES
  6
Continuous
 62
     4
100
AcDbLine
 10
29.06862211918002
 20
28.34000000010002
 30
0.0
 11
29.06862211918002
 21
27.13999999980001
 31
0.0
  0
LINE
  5
60F
330
2D0
100
AcDbEntity
  8
03___PRT_ALL_CURVES
  6
Continuous
 62
     4
100
AcDbLine
 10
29.43942700114002
 20
27.13999999980001
 30
0.0
 11
29.43942700114002
 21
27.43222374098002
 31
0.0
  0
LINE
  5
610
330
2D0
100
AcDbEntity
  8
03___PRT_ALL_CURVES
  6
Continuous
 62
     4
100
AcDbLine
 10
29.43942700114002
 20
27.88652113820001
 30
0.0
 11
29.43942700114002
 21
28.34000000010002
 31
0.0
  0
LINE
  5
611
330
2D0
100
AcDbEntity
  8
03___PRT_ALL_CURVES
  6
Continuous
 62
     4
100
AcDbLine
 10
29.43942700114002
 20
46.14000000074
 30
0.0
 11
29.43942700114002
 21
46.43222373937999
 31
0.0
  0
LINE
  5
612
330
2D0
100
AcDbEntity
  8
03___PRT_ALL_CURVES
  6
Continuous
 62
     4
100
AcDbLine
 10
29.43942700114002
 20
46.88652113914
 30
0.0
 11
29.43942700114002
 21
47.34000000104001
 31
0.0
  0
LINE
  5
613
330
2D0
100
AcDbEntity
  8
02___PRT_ALL_AXES
  6
Continuous
 62
     7
100
AcDbLine
 10
29.49999999911998
 20
129.99999999948
 30
0.0
 11
29.49999999911998
 21
124.00000000052
 31
0.0
  0
LINE
  5
614
330
2D0
100
AcDbEntity
  8
02___PRT_ALL_AXES
  6
Continuous
 62
     7
100
AcDbLine
 10
29.49999999911998
 20
5.999999998960021
 30
0.0
 11
29.49999999911998
 21
0.0
 31
0.0
  0
LINE
  5
615
330
2D0
100
AcDbEntity
  8
03___PRT_ALL_CURVES
  6
Continuous
 62
     4
100
AcDbLine
 10
30.4773534851
 20
47.03877219100002
 30
0.0
 11
30.4773534851
 21
46.76537519906003
 31
0.0
  0
LINE
  5
616
330
2D0
100
AcDbEntity
  8
03___PRT_ALL_CURVES
  6
Continuous
 62
     4
100
AcDbLine
 10
30.82769432873999
 20
46.93972715414
 30
0.0
 11
30.82769432873999
 21
46.14000000074
 31
0.0
  0
LINE
  5
617
330
2D0
100
AcDbEntity
  8
03___PRT_ALL_CURVES
  6
Continuous
 62
     4
100
AcDbLine
 10
31.16493855392
 20
46.14000000074
 30
0.0
 11
31.16493855392
 21
47.36046389712001
 31
0.0
  0
LINE
  5
618
330
2D0
100
AcDbEntity
  8
03___PRT_ALL_CURVES
  6
Continuous
 62
     4
100
AcDbLine
 10
31.38512974676004
 20
27.13999999980001
 30
0.0
 11
31.38512974676004
 21
27.41175989824001
 31
0.0
  0
LINE
  5
619
330
2D0
100
AcDbEntity
  8
0
  6
Continuous
 62
     7
100
AcDbLine
 10
21.56006853332002
 20
29.77969719435998
 30
0.0
 11
21.66206110556001
 21
29.79000000078003
 31
0.0
  0
LINE
  5
61A
330
2D0
100
AcDbEntity
  8
0
  6
Continuous
 62
     7
100
AcDbLine
 10
21.56006853332002
 20
30.57969719456
 30
0.0
 11
21.66206110556001
 21
30.59000000098001
 31
0.0
  0
LINE
  5
61B
330
2D0
100
AcDbEntity
  8
0
  6
Continuous
 62
     7
100
AcDbLine
 10
21.56006853332002
 20
31.37969719476001
 30
0.0
 11
21.66206110556001
 21
31.39000000118003
 31
0.0
  0
LINE
  5
61C
330
2D0
100
AcDbEntity
  8
0
  6
Continuous
 62
     7
100
AcDbLine
 10
24.49999999913996
 20
28.84000000085999
 30
0.0
 11
24.39999999847998
 21
28.84000000085999
 31
0.0
  0
LINE
  5
61D
330
2D0
100
AcDbEntity
  8
0
  6
Continuous
 62
     7
100
AcDbLine
 10
20.42006853493999
 20
28.84000000085999
 30
0.0
 11
20.90006853506
 21
28.84000000085999
 31
0.0
  0
LINE
  5
61E
330
2D0
100
AcDbEntity
  8
0
  6
Continuous
 62
     7
100
AcDbLine
 10
21.56006853332002
 20
28.84000000085999
 30
0.0
 11
22.46006853418001
 21
28.84000000085999
 31
0.0
  0
LINE
  5
61F
330
2D0
100
AcDbEntity
  8
0
  6
Continuous
 62
     7
100
AcDbLine
 10
20.90006853506
 20
28.86499999912002
 30
0.0
 11
20.42006853493999
 21
28.86499999912002
 31
0.0
  0
LINE
  5
620
330
2D0
100
AcDbEntity
  8
0
  6
Continuous
 62
     7
100
AcDbLine
 10
22.49542387368001
 20
28.86499999912002
 30
0.0
 11
23.45999999888002
 21
28.86499999912002
 31
0.0
  0
LINE
  5
621
330
2D0
100
AcDbEntity
  8
0
  6
Continuous
 62
     7
100
AcDbLine
 10
21.66206110556001
 20
28.99000000058001
 30
0.0
 11
22.55006853451999
 21
28.99000000058001
 31
0.0
  0
LINE
  5
622
330
2D0
100
AcDbEntity
  8
0
  6
Continuous
 62
     7
100
AcDbLine
 10
22.55006853451999
 20
29.01500000138
 30
0.0
 11
23.45999999888002
 21
29.01500000138
 31
0.0
  0
LINE
  5
623
330
2D0
100
AcDbEntity
  8
0
  6
Continuous
 62
     7
100
AcDbLine
 10
21.56006853332002
 20
29.03999999964
 30
0.0
 11
21.21506853498002
 21
29.03999999964
 31
0.0
  0
LINE
  5
624
330
2D0
100
AcDbEntity
  8
0
  6
Continuous
 62
     7
100
AcDbLine
 10
22.08818733992001
 20
29.03999999964
 30
0.0
 11
23.45999999888002
 21
29.03999999964
 31
0.0
  0
LINE
  5
625
330
2D0
100
AcDbEntity
  8
0
  6
Continuous
 62
     7
100
AcDbLine
 10
23.45999999888002
 20
29.08000000091999
 30
0.0
 11
23.10006853433998
 21
29.08000000091999
 31
0.0
  0
LINE
  5
626
330
2D0
100
AcDbEntity
  8
0
  6
Continuous
 62
     7
100
AcDbLine
 10
23.45999999888002
 20
29.19999999968002
 30
0.0
 11
23.10006853433998
 21
29.19999999968002
 31
0.0
  0
LINE
  5
627
330
2D0
100
AcDbEntity
  8
0
  6
Continuous
 62
     7
100
AcDbLine
 10
21.21506853498002
 20
29.24000000096004
 30
0.0
 11
21.56006853332002
 21
29.24000000096004
 31
0.0
  0
LINE
  5
628
330
2D0
100
AcDbEntity
  8
0
  6
Continuous
 62
     7
100
AcDbLine
 10
22.08818733992001
 20
29.24000000096004
 30
0.0
 11
23.45999999888002
 21
29.24000000096004
 31
0.0
  0
LINE
  5
629
330
2D0
100
AcDbEntity
  8
0
  6
Continuous
 62
     7
100
AcDbLine
 10
23.45999999888002
 20
29.26499999922001
 30
0.0
 11
22.55006853451999
 21
29.26499999922001
 31
0.0
  0
LINE
  5
62A
330
2D0
100
AcDbEntity
  8
0
  6
Continuous
 62
     7
100
AcDbLine
 10
21.66206110556001
 20
29.29000000002003
 30
0.0
 11
22.55006853451999
 21
29.29000000002003
 31
0.0
  0
LINE
  5
62B
330
2D0
100
AcDbEntity
  8
0
  6
Continuous
 62
     7
100
AcDbLine
 10
20.42006853493999
 20
29.41499999894
 30
0.0
 11
20.90006853506
 21
29.41499999894
 31
0.0
  0
LINE
  5
62C
330
2D0
100
AcDbEntity
  8
0
  6
Continuous
 62
     7
100
AcDbLine
 10
22.49542387368001
 20
29.41499999894
 30
0.0
 11
23.45999999888002
 21
29.41499999894
 31
0.0
  0
LINE
  5
62D
330
2D0
100
AcDbEntity
  8
0
  6
Continuous
 62
     7
100
AcDbLine
 10
22.46006853418001
 20
29.43999999974
 30
0.0
 11
21.56006853332002
 21
29.43999999974
 31
0.0
  0
LINE
  5
62E
330
2D0
100
AcDbEntity
  8
0
  6
Continuous
 62
     7
100
AcDbLine
 10
20.90006853506
 20
29.43999999974
 30
0.0
 11
20.42006853493999
 21
29.43999999974
 31
0.0
  0
LINE
  5
62F
330
2D0
100
AcDbEntity
  8
0
  6
Continuous
 62
     7
100
AcDbLine
 10
24.39999999847998
 20
29.5400000004
 30
0.0
 11
24.49999999913996
 21
29.5400000004
 31
0.0
  0
LINE
  5
630
330
2D0
100
AcDbEntity
  8
0
  6
Continuous
 62
     7
100
AcDbLine
 10
20.42006853493999
 20
29.64000000106
 30
0.0
 11
20.90006853506
 21
29.64000000106
 31
0.0
  0
LINE
  5
631
330
2D0
100
AcDbEntity
  8
0
  6
Continuous
 62
     7
100
AcDbLine
 10
21.56006853332002
 20
29.64000000106
 30
0.0
 11
22.46006853418001
 21
29.64000000106
 31
0.0
  0
LINE
  5
632
330
2D0
100
AcDbEntity
  8
0
  6
Continuous
 62
     7
100
AcDbLine
 10
24.39999999847998
 20
29.64000000106
 30
0.0
 11
24.50006853342001
 21
29.64000000106
 31
0.0
  0
LINE
  5
633
330
2D0
100
AcDbEntity
  8
0
  6
Continuous
 62
     7
100
AcDbLine
 10
20.90006853506
 20
29.66499999932
 30
0.0
 11
20.42006853493999
 21
29.66499999932
 31
0.0
  0
LINE
  5
634
330
2D0
100
AcDbEntity
  8
0
  6
Continuous
 62
     7
100
AcDbLine
 10
22.49542387368001
 20
29.66499999932
 30
0.0
 11
23.45999999888002
 21
29.66499999932
 31
0.0
  0
LINE
  5
635
330
2D0
100
AcDbEntity
  8
0
  6
Continuous
 62
     7
100
AcDbLine
 10
24.24999999876002
 20
29.73999999918001
 30
0.0
 11
24.34570312459999
 21
29.73999999918001
 31
0.0
  0
LINE
  5
636
330
2D0
100
AcDbEntity
  8
0
  6
Continuous
 62
     7
100
AcDbLine
 10
21.66206110556001
 20
29.79000000078003
 30
0.0
 11
22.55006853451999
 21
29.79000000078003
 31
0.0
  0
LINE
  5
637
330
2D0
100
AcDbEntity
  8
0
  6
Continuous
 62
     7
100
AcDbLine
 10
22.55006853451999
 20
29.81499999904003
 30
0.0
 11
23.45999999888002
 21
29.81499999904003
 31
0.0
  0
LINE
  5
638
330
2D0
100
AcDbEntity
  8
0
  6
Continuous
 62
     7
100
AcDbLine
 10
24.50006853342001
 20
29.83999999984002
 30
0.0
 11
24.40006853276
 21
29.83999999984002
 31
0.0
  0
LINE
  5
639
330
2D0
100
AcDbEntity
  8
0
  6
Continuous
 62
     7
100
AcDbLine
 10
21.56006853332002
 20
29.83999999984002
 30
0.0
 11
21.21506853498002
 21
29.83999999984002
 31
0.0
  0
LINE
  5
63A
330
2D0
100
AcDbEntity
  8
0
  6
Continuous
 62
     7
100
AcDbLine
 10
22.08818733992001
 20
29.83999999984002
 30
0.0
 11
23.45999999888002
 21
29.83999999984002
 31
0.0
  0
LINE
  5
63B
330
2D0
100
AcDbEntity
  8
0
  6
Continuous
 62
     7
100
AcDbLine
 10
23.45999999888002
 20
29.88000000112001
 30
0.0
 11
23.10006853433998
 21
29.88000000112001
 31
0.0
  0
LINE
  5
63C
330
2D0
100
AcDbEntity
  8
0
  6
Continuous
 62
     7
100
AcDbLine
 10
23.45999999888002
 20
29.99999999988
 30
0.0
 11
23.10006853433998
 21
29.99999999988
 31
0.0
  0
LINE
  5
63D
330
2D0
100
AcDbEntity
  8
0
  6
Continuous
 62
     7
100
AcDbLine
 10
24.50006853342001
 20
30.04000000116002
 30
0.0
 11
24.40006853276
 21
30.04000000116002
 31
0.0
  0
LINE
  5
63E
330
2D0
100
AcDbEntity
  8
0
  6
Continuous
 62
     7
100
AcDbLine
 10
21.21506853498002
 20
30.04000000116002
 30
0.0
 11
21.56006853332002
 21
30.04000000116002
 31
0.0
  0
LINE
  5
63F
330
2D0
100
AcDbEntity
  8
0
  6
Continuous
 62
     7
100
AcDbLine
 10
22.08818733992001
 20
30.04000000116002
 30
0.0
 11
24.13366837976
 21
30.04000000116002
 31
0.0
  0
LINE
  5
640
330
2D0
100
AcDbEntity
  8
0
  6
Continuous
 62
     7
100
AcDbLine
 10
24.17664316046003
 20
30.04000000116002
 30
0.0
 11
24.39999999847998
 21
30.04000000116002
 31
0.0
  0
LINE
  5
641
330
2D0
100
AcDbEntity
  8
0
  6
Continuous
 62
     7
100
AcDbLine
 10
23.97006853424003
 20
30.06499999942
 30
0.0
 11
22.55006853451999
 21
30.06499999942
 31
0.0
  0
LINE
  5
642
330
2D0
100
AcDbEntity
  8
0
  6
Continuous
 62
     7
100
AcDbLine
 10
17.57999999868002
 20
30.06955613965999
 30
0.0
 11
16.92270509788003
 21
30.06955613965999
 31
0.0
  0
LINE
  5
643
330
2D0
100
AcDbEntity
  8
0
  6
Continuous
 62
     7
100
AcDbLine
 10
24.49999999913996
 20
30.09000000022002
 30
0.0
 11
24.39999999847998
 21
30.09000000022002
 31
0.0
  0
LINE
  5
644
330
2D0
100
AcDbEntity
  8
0
  6
Continuous
 62
     7
100
AcDbLine
 10
24.14999999809999
 20
30.09000000022002
 30
0.0
 11
23.97006853424003
 21
30.09000000022002
 31
0.0
  0
LINE
  5
645
330
2D0
100
AcDbEntity
  8
0
  6
Continuous
 62
     7
100
AcDbLine
 10
21.66206110556001
 20
30.09000000022002
 30
0.0
 11
22.55006853451999
 21
30.09000000022002
 31
0.0
  0
LINE
  5
646
330
2D0
100
AcDbEntity
  8
0
  6
Continuous
 62
     7
100
AcDbLine
 10
20.42006853493999
 20
30.21499999913999
 30
0.0
 11
20.90006853506
 21
30.21499999913999
 31
0.0
  0
LINE
  5
647
330
2D0
100
AcDbEntity
  8
0
  6
Continuous
 62
     7
100
AcDbLine
 10
22.49542387368001
 20
30.21499999913999
 30
0.0
 11
23.97006853424003
 21
30.21499999913999
 31
0.0
  0
LINE
  5
648
330
2D0
100
AcDbEntity
  8
0
  6
Continuous
 62
     7
100
AcDbLine
 10
17.57999999868002
 20
30.22999999962002
 30
0.0
 11
16.92270509788003
 21
30.22999999962002
 31
0.0
  0
LINE
  5
649
330
2D0
100
AcDbEntity
  8
0
  6
Continuous
 62
     7
100
AcDbLine
 10
24.50006853342001
 20
30.23999999994004
 30
0.0
 11
24.39999999847998
 21
30.23999999994004
 31
0.0
  0
LINE
  5
64A
330
2D0
100
AcDbEntity
  8
0
  6
Continuous
 62
     7
100
AcDbLine
 10
24.14999999809999
 20
30.23999999994004
 30
0.0
 11
23.97006853424003
 21
30.23999999994004
 31
0.0
  0
LINE
  5
64B
330
2D0
100
AcDbEntity
  8
0
  6
Continuous
 62
     7
100
AcDbLine
 10
22.46006853418001
 20
30.23999999994004
 30
0.0
 11
21.56006853332002
 21
30.23999999994004
 31
0.0
  0
LINE
  5
64C
330
2D0
100
AcDbEntity
  8
0
  6
Continuous
 62
     7
100
AcDbLine
 10
20.90006853506
 20
30.23999999994004
 30
0.0
 11
20.42006853493999
 21
30.23999999994004
 31
0.0
  0
LINE
  5
64D
330
2D0
100
AcDbEntity
  8
0
  6
Continuous
 62
     7
100
AcDbLine
 10
24.14999999809999
 20
30.44000000125999
 30
0.0
 11
23.97006853424003
 21
30.44000000125999
 31
0.0
  0
LINE
  5
64E
330
2D0
100
AcDbEntity
  8
0
  6
Continuous
 62
     7
100
AcDbLine
 10
20.42006853493999
 20
30.44000000125999
 30
0.0
 11
20.90006853506
 21
30.44000000125999
 31
0.0
  0
LINE
  5
64F
330
2D0
100
AcDbEntity
  8
0
  6
Continuous
 62
     7
100
AcDbLine
 10
21.56006853332002
 20
30.44000000125999
 30
0.0
 11
22.46006853418001
 21
30.44000000125999
 31
0.0
  0
LINE
  5
650
330
2D0
100
AcDbEntity
  8
0
  6
Continuous
 62
     7
100
AcDbLine
 10
24.39999999847998
 20
30.44000000125999
 30
0.0
 11
24.50006853342001
 21
30.44000000125999
 31
0.0
  0
LINE
  5
651
330
2D0
100
AcDbEntity
  8
0
  6
Continuous
 62
     7
100
AcDbLine
 10
20.90006853506
 20
30.46499999952002
 30
0.0
 11
20.42006853493999
 21
30.46499999952002
 31
0.0
  0
LINE
  5
652
330
2D0
100
AcDbEntity
  8
0
  6
Continuous
 62
     7
100
AcDbLine
 10
22.49542387368001
 20
30.46499999952002
 30
0.0
 11
23.97006853424003
 21
30.46499999952002
 31
0.0
  0
LINE
  5
653
330
2D0
100
AcDbEntity
  8
0
  6
Continuous
 62
     7
100
AcDbLine
 10
21.66206110556001
 20
30.59000000098001
 30
0.0
 11
22.55006853451999
 21
30.59000000098001
 31
0.0
  0
LINE
  5
654
330
2D0
100
AcDbEntity
  8
0
  6
Continuous
 62
     7
100
AcDbLine
 10
22.55006853451999
 20
30.61499999924001
 30
0.0
 11
23.97006853424003
 21
30.61499999924001
 31
0.0
  0
LINE
  5
655
330
2D0
100
AcDbEntity
  8
0
  6
Continuous
 62
     7
100
AcDbLine
 10
24.50006853342001
 20
30.64000000004
 30
0.0
 11
24.40006853276
 21
30.64000000004
 31
0.0
  0
LINE
  5
656
330
2D0
100
AcDbEntity
  8
0
  6
Continuous
 62
     7
100
AcDbLine
 10
21.56006853332002
 20
30.64000000004
 30
0.0
 11
21.21506853498002
 21
30.64000000004
 31
0.0
  0
LINE
  5
657
330
2D0
100
AcDbEntity
  8
0
  6
Continuous
 62
     7
100
AcDbLine
 10
22.08818733992001
 20
30.64000000004
 30
0.0
 11
24.14999999809999
 21
30.64000000004
 31
0.0
  0
LINE
  5
658
330
2D0
100
AcDbEntity
  8
0
  6
Continuous
 62
     7
100
AcDbLine
 10
23.50006853444
 20
30.68000000132
 30
0.0
 11
23.10006853433998
 21
30.68000000132
 31
0.0
  0
LINE
  5
659
330
2D0
100
AcDbEntity
  8
0
  6
Continuous
 62
     7
100
AcDbLine
 10
24.14999999809999
 20
30.6899999991
 30
0.0
 11
24.39999999847998
 21
30.6899999991
 31
0.0
  0
LINE
  5
65A
330
2D0
100
AcDbEntity
  8
0
  6
Continuous
 62
     7
100
AcDbLine
 10
23.50006853444
 20
30.80000000008002
 30
0.0
 11
23.10006853433998
 21
30.80000000008002
 31
0.0
  0
LINE
  5
65B
330
2D0
100
AcDbEntity
  8
0
  6
Continuous
 62
     7
100
AcDbLine
 10
24.50006853342001
 20
30.84000000135998
 30
0.0
 11
24.40006853276
 21
30.84000000135998
 31
0.0
  0
LINE
  5
65C
330
2D0
100
AcDbEntity
  8
0
  6
Continuous
 62
     7
100
AcDbLine
 10
21.21506853498002
 20
30.84000000135998
 30
0.0
 11
21.56006853332002
 21
30.84000000135998
 31
0.0
  0
LINE
  5
65D
330
2D0
100
AcDbEntity
  8
0
  6
Continuous
 62
     7
100
AcDbLine
 10
22.08818733992001
 20
30.84000000135998
 30
0.0
 11
24.14999999809999
 21
30.84000000135998
 31
0.0
  0
LINE
  5
65E
330
2D0
100
AcDbEntity
  8
0
  6
Continuous
 62
     7
100
AcDbLine
 10
24.49999999913996
 20
30.85999999946
 30
0.0
 11
24.39999999847998
 21
30.85999999946
 31
0.0
  0
LINE
  5
65F
330
2D0
100
AcDbEntity
  8
0
  6
Continuous
 62
     7
100
AcDbLine
 10
24.14999999809999
 20
30.85999999946
 30
0.0
 11
23.97006853424003
 21
30.85999999946
 31
0.0
  0
LINE
  5
660
330
2D0
100
AcDbEntity
  8
0
  6
Continuous
 62
     7
100
AcDbLine
 10
23.97006853424003
 20
30.86499999962001
 30
0.0
 11
22.55006853451999
 21
30.86499999962001
 31
0.0
  0
LINE
  5
661
330
2D0
100
AcDbEntity
  8
0
  6
Continuous
 62
     7
100
AcDbLine
 10
21.66206110556001
 20
30.89000000042
 30
0.0
 11
22.55006853451999
 21
30.89000000042
 31
0.0
  0
LINE
  5
662
330
2D0
100
AcDbEntity
  8
0
  6
Continuous
 62
     7
100
AcDbLine
 10
20.42006853493999
 20
31.01499999934001
 30
0.0
 11
20.90006853506
 21
31.01499999934001
 31
0.0
  0
LINE
  5
663
330
2D0
100
AcDbEntity
  8
0
  6
Continuous
 62
     7
100
AcDbLine
 10
22.49542387368001
 20
31.01499999934001
 30
0.0
 11
23.97006853424003
 21
31.01499999934001
 31
0.0
  0
LINE
  5
664
330
2D0
100
AcDbEntity
  8
0
  6
Continuous
 62
     7
100
AcDbLine
 10
24.50006853342001
 20
31.04000000014
 30
0.0
 11
24.39999999847998
 21
31.04000000014
 31
0.0
  0
LINE
  5
665
330
2D0
100
AcDbEntity
  8
0
  6
Continuous
 62
     7
100
AcDbLine
 10
24.14999999809999
 20
31.04000000014
 30
0.0
 11
23.97006853424003
 21
31.04000000014
 31
0.0
  0
LINE
  5
666
330
2D0
100
AcDbEntity
  8
0
  6
Continuous
 62
     7
100
AcDbLine
 10
22.46006853418001
 20
31.04000000014
 30
0.0
 11
21.56006853332002
 21
31.04000000014
 31
0.0
  0
LINE
  5
667
330
2D0
100
AcDbEntity
  8
0
  6
Continuous
 62
     7
100
AcDbLine
 10
20.90006853506
 20
31.04000000014
 30
0.0
 11
20.42006853493999
 21
31.04000000014
 31
0.0
  0
LINE
  5
668
330
2D0
100
AcDbEntity
  8
0
  6
Continuous
 62
     7
100
AcDbLine
 10
24.14999999809999
 20
31.23999999891998
 30
0.0
 11
23.97006853424003
 21
31.23999999891998
 31
0.0
  0
LINE
  5
669
330
2D0
100
AcDbEntity
  8
0
  6
Continuous
 62
     7
100
AcDbLine
 10
20.42006853493999
 20
31.23999999891998
 30
0.0
 11
20.90006853506
 21
31.23999999891998
 31
0.0
  0
LINE
  5
66A
330
2D0
100
AcDbEntity
  8
0
  6
Continuous
 62
     7
100
AcDbLine
 10
21.56006853332002
 20
31.23999999891998
 30
0.0
 11
22.46006853418001
 21
31.23999999891998
 31
0.0
  0
LINE
  5
66B
330
2D0
100
AcDbEntity
  8
0
  6
Continuous
 62
     7
100
AcDbLine
 10
24.39999999847998
 20
31.23999999891998
 30
0.0
 11
24.50006853342001
 21
31.23999999891998
 31
0.0
  0
LINE
  5
66C
330
2D0
100
AcDbEntity
  8
0
  6
Continuous
 62
     7
100
AcDbLine
 10
20.90006853506
 20
31.26499999972
 30
0.0
 11
20.42006853493999
 21
31.26499999972
 31
0.0
  0
LINE
  5
66D
330
2D0
100
AcDbEntity
  8
0
  6
Continuous
 62
     7
100
AcDbLine
 10
22.49542387368001
 20
31.26499999972
 30
0.0
 11
23.97006853424003
 21
31.26499999972
 31
0.0
  0
LINE
  5
66E
330
2D0
100
AcDbEntity
  8
0
  6
Continuous
 62
     7
100
AcDbLine
 10
24.49999999913996
 20
31.33999999958002
 30
0.0
 11
24.39999999847998
 21
31.33999999958002
 31
0.0
  0
LINE
  5
66F
330
2D0
100
AcDbEntity
  8
0
  6
Continuous
 62
     7
100
AcDbLine
 10
24.14999999809999
 20
31.36000000022
 30
0.0
 11
23.97006853424003
 21
31.36000000022
 31
0.0
  0
LINE
  5
670
330
2D0
100
AcDbEntity
  8
0
  6
Continuous
 62
     7
100
AcDbLine
 10
21.66206110556001
 20
31.39000000118003
 30
0.0
 11
22.55006853451999
 21
31.39000000118003
 31
0.0
  0
LINE
  5
671
330
2D0
100
AcDbEntity
  8
0
  6
Continuous
 62
     7
100
AcDbLine
 10
22.55006853451999
 20
31.41499999944003
 30
0.0
 11
23.97006853424003
 21
31.41499999944003
 31
0.0
  0
LINE
  5
672
330
2D0
100
AcDbEntity
  8
0
  6
Continuous
 62
     7
100
AcDbLine
 10
21.56006853332002
 20
31.44000000024002
 30
0.0
 11
21.21506853498002
 21
31.44000000024002
 31
0.0
  0
LINE
  5
673
330
2D0
100
AcDbEntity
  8
0
  6
Continuous
 62
     7
100
AcDbLine
 10
22.08818733992001
 20
31.44000000024002
 30
0.0
 11
24.14999999809999
 21
31.44000000024002
 31
0.0
  0
LINE
  5
674
330
2D0
100
AcDbEntity
  8
0
  6
Continuous
 62
     7
100
AcDbLine
 10
23.50006853444
 20
31.47999999898002
 30
0.0
 11
23.10006853433998
 21
31.47999999898002
 31
0.0
  0
LINE
  5
675
330
2D0
100
AcDbEntity
  8
0
  6
Continuous
 62
     7
100
AcDbLine
 10
23.50006853444
 20
31.60000000028
 30
0.0
 11
23.10006853433998
 21
31.60000000028
 31
0.0
  0
LINE
  5
676
330
2D0
100
AcDbEntity
  8
0
  6
Continuous
 62
     7
100
AcDbLine
 10
14.99999999994
 20
31.63999999902003
 30
0.0
 11
14.29999580686001
 21
31.63999999902003
 31
0.0
  0
LINE
  5
677
330
2D0
100
AcDbEntity
  8
0
  6
Continuous
 62
     7
100
AcDbLine
 10
21.21506853498002
 20
31.63999999902003
 30
0.0
 11
21.56006853332002
 21
31.63999999902003
 31
0.0
  0
LINE
  5
678
330
2D0
100
AcDbEntity
  8
0
  6
Continuous
 62
     7
100
AcDbLine
 10
22.08818733992001
 20
31.63999999902003
 30
0.0
 11
24.14999999809999
 21
31.63999999902003
 31
0.0
  0
LINE
  5
679
330
2D0
100
AcDbEntity
  8
0
  6
Continuous
 62
     7
100
AcDbLine
 10
23.97006853424003
 20
31.66499999982
 30
0.0
 11
22.55006853451999
 21
31.66499999982
 31
0.0
  0
LINE
  5
67A
330
2D0
100
AcDbEntity
  8
0
  6
Continuous
 62
     7
100
AcDbLine
 10
21.56006853332002
 20
31.69000000062002
 30
0.0
 11
22.55006853451999
 21
31.69000000062002
 31
0.0
  0
LINE
  5
67B
330
2D0
100
AcDbEntity
  8
0
  6
Continuous
 62
     7
100
AcDbLine
 10
23.99999999837999
 20
31.73999999968001
 30
0.0
 11
23.97006853424003
 21
31.73999999968001
 31
0.0
  0
LINE
  5
67C
330
2D0
100
AcDbEntity
  8
0
  6
Continuous
 62
     7
100
AcDbLine
 10
24.39999999847998
 20
31.80999999938001
 30
0.0
 11
24.14999999809999
 21
31.80999999938001
 31
0.0
  0
LINE
  5
67D
330
2D0
100
AcDbEntity
  8
0
  6
Continuous
 62
     7
100
AcDbLine
 10
23.97006853424003
 20
31.81499999954002
 30
0.0
 11
22.61006853390003
 21
31.81499999954002
 31
0.0
  0
LINE
  5
67E
330
2D0
100
AcDbEntity
  8
0
  6
Continuous
 62
     7
100
AcDbLine
 10
24.14999999809999
 20
31.84000000033998
 30
0.0
 11
23.97006853424003
 21
31.84000000033998
 31
0.0
  0
LINE
  5
67F
330
2D0
100
AcDbEntity
  8
0
  6
Continuous
 62
     7
100
AcDbLine
 10
22.55006853451999
 20
31.84000000033998
 30
0.0
 11
21.56006853332002
 21
31.84000000033998
 31
0.0
  0
LINE
  5
680
330
2D0
100
AcDbEntity
  8
0
  6
Continuous
 62
     7
100
AcDbLine
 10
25.09999999802002
 20
31.94000000100002
 30
0.0
 11
24.39999999847998
 21
31.94000000100002
 31
0.0
  0
LINE
  5
681
330
2D0
100
AcDbEntity
  8
0
  6
Continuous
 62
     7
100
AcDbLine
 10
19.200068534
 20
32.43999999922002
 30
0.0
 11
23.97006853424003
 21
32.43999999922002
 31
0.0
  0
LINE
  5
682
330
2D0
100
AcDbEntity
  8
0
  6
Continuous
 62
     7
100
AcDbLine
 10
14.29999580686001
 20
32.83999999931999
 30
0.0
 11
14.99999999994
 21
32.83999999931999
 31
0.0
  0
LINE
  5
683
330
2D0
100
AcDbEntity
  8
0
  6
Continuous
 62
     7
100
AcDbLine
 10
21.56006853332002
 20
33.04000000064002
 30
0.0
 11
20.66006853499999
 21
33.04000000064002
 31
0.0
  0
LINE
  5
684
330
2D0
100
AcDbEntity
  8
0
  6
Continuous
 62
     7
100
AcDbLine
 10
24.39999999847998
 20
33.1400000013
 30
0.0
 11
25.09999999802002
 21
33.1400000013
 31
0.0
  0
LINE
  5
685
330
2D0
100
AcDbEntity
  8
0
  6
Continuous
 62
     7
100
AcDbLine
 10
19.200068534
 20
33.23999999942001
 30
0.0
 11
24.14999999809999
 21
33.23999999942001
 31
0.0
  0
LINE
  5
686
330
2D0
100
AcDbEntity
  8
0
  6
Continuous
 62
     7
100
AcDbLine
 10
24.39999999847998
 20
33.23999999942001
 30
0.0
 11
24.49999999913996
 21
33.23999999942001
 31
0.0
  0
LINE
  5
687
330
2D0
100
AcDbEntity
  8
0
  6
Continuous
 62
     7
100
AcDbLine
 10
24.49999999913996
 20
33.39999999946002
 30
0.0
 11
24.39999999847998
 21
33.39999999946002
 31
0.0
  0
LINE
  5
688
330
2D0
100
AcDbEntity
  8
0
  6
Continuous
 62
     7
100
AcDbLine
 10
24.39999999847998
 20
33.80999999988001
 30
0.0
 11
24.14999999809999
 21
33.80999999988001
 31
0.0
  0
LINE
  5
689
330
2D0
100
AcDbEntity
  8
0
  6
Continuous
 62
     7
100
AcDbLine
 10
15.24999999778001
 20
33.86999999926002
 30
0.0
 11
15.67999999884
 21
33.86999999926002
 31
0.0
  0
LINE
  5
68A
330
2D0
100
AcDbEntity
  8
0
  6
Continuous
 62
     7
100
AcDbLine
 10
24.49999999913996
 20
33.90000000021999
 30
0.0
 11
24.39999999847998
 21
33.90000000021999
 31
0.0
  0
LINE
  5
68B
330
2D0
100
AcDbEntity
  8
0
  6
Continuous
 62
     7
100
AcDbLine
 10
24.49999999913996
 20
34.66999999946003
 30
0.0
 11
24.39999999847998
 21
34.66999999946003
 31
0.0
  0
LINE
  5
68C
330
2D0
100
AcDbEntity
  8
0
  6
Continuous
 62
     7
100
AcDbLine
 10
21.83747726984004
 20
34.66999999946003
 30
0.0
 11
21.56304908108001
 21
34.66999999946003
 31
0.0
  0
LINE
  5
68D
330
2D0
100
AcDbEntity
  8
0
  6
Continuous
 62
     7
100
AcDbLine
 10
21.92912878326004
 20
34.73000000138001
 30
0.0
 11
22.57087121326001
 21
34.73000000138001
 31
0.0
  0
LINE
  5
68E
330
2D0
100
AcDbEntity
  8
0
  6
Continuous
 62
     7
100
AcDbLine
 10
24.54999999820004
 20
34.73999999916001
 30
0.0
 11
24.39999999847998
 21
34.73999999916001
 31
0.0
  0
LINE
  5
68F
330
2D0
100
AcDbEntity
  8
0
  6
Continuous
 62
     7
100
AcDbLine
 10
24.14999999809999
 20
34.73999999916001
 30
0.0
 11
15.29999999937999
 21
34.73999999916001
 31
0.0
  0
LINE
  5
690
330
2D0
100
AcDbEntity
  8
0
  6
Continuous
 62
     7
100
AcDbLine
 10
24.39999999847998
 20
34.97999999922001
 30
0.0
 11
24.14999999809999
 21
34.97999999922001
 31
0.0
  0
LINE
  5
691
330
2D0
100
AcDbEntity
  8
0
  6
Continuous
 62
     7
100
AcDbLine
 10
15.29999999937999
 20
34.98999999954
 30
0.0
 11
24.54999999820004
 21
34.98999999954
 31
0.0
  0
LINE
  5
692
330
2D0
100
AcDbEntity
  8
0
  6
Continuous
 62
     7
100
AcDbLine
 10
20.94999999984
 20
35.00249999994003
 30
0.0
 11
20.84999999918
 21
35.00249999994003
 31
0.0
  0
LINE
  5
693
330
2D0
100
AcDbEntity
  8
0
  6
Continuous
 62
     7
100
AcDbLine
 10
24.49999999913996
 20
35.17000000022003
 30
0.0
 11
24.27497663156001
 21
35.17000000022003
 31
0.0
  0
LINE
  5
694
330
2D0
100
AcDbEntity
  8
0
  6
Continuous
 62
     7
100
AcDbLine
 10
20.84999999918
 20
35.17000000022003
 30
0.0
 11
19.64999999888002
 21
35.17000000022003
 31
0.0
  0
LINE
  5
695
330
2D0
100
AcDbEntity
  8
0
  6
Continuous
 62
     7
100
AcDbLine
 10
20.94999999984
 20
35.22999999960001
 30
0.0
 11
21.04999999796001
 21
35.22999999960001
 31
0.0
  0
LINE
  5
696
330
2D0
100
AcDbEntity
  8
0
  6
Continuous
 62
     7
100
AcDbLine
 10
22.24999999826002
 20
35.22999999960001
 30
0.0
 11
24.09999999903999
 21
35.22999999960001
 31
0.0
  0
LINE
  5
697
330
2D0
100
AcDbEntity
  8
0
  6
Continuous
 62
     7
100
AcDbLine
 10
22.47999999800001
 20
35.23999999992
 30
0.0
 11
22.24999999826002
 21
35.23999999992
 31
0.0
  0
LINE
  5
698
330
2D0
100
AcDbEntity
  8
0
  6
Continuous
 62
     7
100
AcDbLine
 10
20.84999999918
 20
35.25250000032
 30
0.0
 11
21.04999999796001
 21
35.25250000032
 31
0.0
  0
LINE
  5
699
330
2D0
100
AcDbEntity
  8
0
  6
Continuous
 62
     7
100
AcDbLine
 10
22.24999999826002
 20
35.25250000032
 30
0.0
 11
24.14999999809999
 21
35.25250000032
 31
0.0
  0
LINE
  5
69A
330
2D0
100
AcDbEntity
  8
02___PRT_ALL_AXES
  6
Continuous
 62
     7
100
AcDbLine
 10
24.09999999903999
 20
35.68999999908002
 30
0.0
 11
15.29999999937999
 21
35.68999999908002
 31
0.0
  0
LINE
  5
69B
330
2D0
100
AcDbEntity
  8
0
  6
Continuous
 62
     7
100
AcDbLine
 10
24.09999999903999
 20
35.68999999908002
 30
0.0
 11
15.29999999937999
 21
35.68999999908002
 31
0.0
  0
LINE
  5
69C
330
2D0
100
AcDbEntity
  8
03___PRT_ALL_CURVES
  6
Continuous
 62
     4
100
AcDbLine
 10
30.40941334665999
 20
27.97738064660001
 30
0.0
 11
30.74338341532001
 21
27.95036837144002
 31
0.0
  0
LINE
  5
69D
330
2D0
100
AcDbEntity
  8
0
  6
Continuous
 62
     7
100
AcDbLine
 10
21.66206110556001
 20
28.48999999982001
 30
0.0
 11
21.56006853332002
 21
28.50030280624
 31
0.0
  0
LINE
  5
69E
330
2D0
100
AcDbEntity
  8
0
  6
Continuous
 62
     7
100
AcDbLine
 10
21.66206110556001
 20
29.29000000002003
 30
0.0
 11
21.56006853332002
 21
29.30030280644002
 31
0.0
  0
LINE
  5
69F
330
2D0
100
AcDbEntity
  8
0
  6
Continuous
 62
     7
100
AcDbLine
 10
21.66206110556001
 20
30.09000000022002
 30
0.0
 11
21.56006853332002
 21
30.10030280664
 31
0.0
  0
LINE
  5
6A0
330
2D0
100
AcDbEntity
  8
0
  6
Continuous
 62
     7
100
AcDbLine
 10
21.66206110556001
 20
30.89000000042
 30
0.0
 11
21.56006853332002
 21
30.90030280683999
 31
0.0
  0
LINE
  5
6A1
330
2D0
100
AcDbEntity
  8
0
  6
Continuous
 62
     7
100
AcDbLine
 10
22.49542387368001
 20
26.21500000067999
 30
0.0
 11
22.46006853418001
 21
26.23999999894002
 31
0.0
  0
LINE
  5
6A2
330
2D0
100
AcDbEntity
  8
0
  6
Continuous
 62
     7
100
AcDbLine
 10
22.49542387368001
 20
27.01500000088001
 30
0.0
 11
22.46006853418001
 21
27.03999999914001
 31
0.0
  0
LINE
  5
6A3
330
2D0
100
AcDbEntity
  8
0
  6
Continuous
 62
     7
100
AcDbLine
 10
22.49542387368001
 20
27.81500000108002
 30
0.0
 11
22.46006853418001
 21
27.83999999933999
 31
0.0
  0
LINE
  5
6A4
330
2D0
100
AcDbEntity
  8
0
  6
Continuous
 62
     7
100
AcDbLine
 10
22.49542387368001
 20
28.61500000128001
 30
0.0
 11
22.46006853418001
 21
28.63999999954001
 31
0.0
  0
LINE
  5
6A5
330
2D0
100
AcDbEntity
  8
0
  6
Continuous
 62
     7
100
AcDbLine
 10
22.49542387368001
 20
29.41499999894
 30
0.0
 11
22.46006853418001
 21
29.43999999974
 31
0.0
  0
LINE
  5
6A6
330
2D0
100
AcDbEntity
  8
0
  6
Continuous
 62
     7
100
AcDbLine
 10
22.49542387368001
 20
30.21499999913999
 30
0.0
 11
22.46006853418001
 21
30.23999999994004
 31
0.0
  0
LINE
  5
6A7
330
2D0
100
AcDbEntity
  8
0
  6
Continuous
 62
     7
100
AcDbLine
 10
22.49542387368001
 20
31.01499999934001
 30
0.0
 11
22.46006853418001
 21
31.04000000014
 31
0.0
  0
LINE
  5
6A8
330
2D0
100
AcDbEntity
  8
03___PRT_ALL_CURVES
  6
Continuous
 62
     4
100
AcDbLine
 10
28.02169171113999
 20
27.79811731958
 30
0.0
 11
28.47107773642
 21
27.13999999980001
 31
0.0
  0
LINE
  5
6A9
330
2D0
100
AcDbEntity
  8
03___PRT_ALL_CURVES
  6
Continuous
 62
     4
100
AcDbLine
 10
28.47107773642
 20
27.67533423012
 30
0.0
 11
28.01923595278001
 21
28.34000000010002
 31
0.0
  0
LINE
  5
6AA
330
2D0
100
AcDbEntity
  8
03___PRT_ALL_CURVES
  6
Continuous
 62
     4
100
AcDbLine
 10
30.34065495229999
 20
27.13999999980001
 30
0.0
 11
29.88308325631999
 21
27.88652113820001
 31
0.0
  0
LINE
  5
6AB
330
2D0
100
AcDbEntity
  8
03___PRT_ALL_CURVES
  6
Continuous
 62
     4
100
AcDbLine
 10
29.63096848242
 20
27.63276943336001
 30
0.0
 11
29.88390179417999
 21
27.13999999980001
 31
0.0
  0
LINE
  5
6AC
330
2D0
100
AcDbEntity
  8
0
  6
Continuous
 62
     7
100
AcDbLine
 10
22.49542387368001
 20
27.01500000088001
 30
0.0
 11
22.54720056718003
 21
26.88999999942001
 31
0.0
  0
LINE
  5
6AD
330
2D0
100
AcDbEntity
  8
0
  6
Continuous
 62
     7
100
AcDbLine
 10
22.49542387368001
 20
27.81500000108002
 30
0.0
 11
22.54720056718003
 21
27.68999999962003
 31
0.0
  0
LINE
  5
6AE
330
2D0
100
AcDbEntity
  8
0
  6
Continuous
 62
     7
100
AcDbLine
 10
22.49542387368001
 20
28.61500000128001
 30
0.0
 11
22.54720056718003
 21
28.48999999982001
 31
0.0
  0
LINE
  5
6AF
330
2D0
100
AcDbEntity
  8
0
  6
Continuous
 62
     7
100
AcDbLine
 10
22.49542387368001
 20
29.41499999894
 30
0.0
 11
22.54720056718003
 21
29.29000000002003
 31
0.0
  0
LINE
  5
6B0
330
2D0
100
AcDbEntity
  8
0
  6
Continuous
 62
     7
100
AcDbLine
 10
22.49542387368001
 20
30.21499999913999
 30
0.0
 11
22.54720056718003
 21
30.09000000022002
 31
0.0
  0
LINE
  5
6B1
330
2D0
100
AcDbEntity
  8
0
  6
Continuous
 62
     7
100
AcDbLine
 10
22.49542387368001
 20
31.01499999934001
 30
0.0
 11
22.54720056718003
 21
30.89000000042
 31
0.0
  0
LINE
  5
6B2
330
2D0
100
AcDbEntity
  8
0
  6
Continuous
 62
     7
100
AcDbLine
 10
22.49542387368001
 20
43.61500000122001
 30
0.0
 11
22.54720056718003
 21
43.48999999975999
 31
0.0
  0
LINE
  5
6B3
330
2D0
100
AcDbEntity
  8
0
  6
Continuous
 62
     7
100
AcDbLine
 10
22.49542387368001
 20
44.41500000142
 30
0.0
 11
22.54720056718003
 21
44.28999999996003
 31
0.0
  0
LINE
  5
6B4
330
2D0
100
AcDbEntity
  8
0
  6
Continuous
 62
     7
100
AcDbLine
 10
22.49542387368001
 20
45.21499999908002
 30
0.0
 11
22.54720056718003
 21
45.09000000016002
 31
0.0
  0
LINE
  5
6B5
330
2D0
100
AcDbEntity
  8
0
  6
Continuous
 62
     7
100
AcDbLine
 10
31.99999999784001
 20
129.99999999948
 30
0.0
 11
31.99999999784001
 21
124.00000000052
 31
0.0
  0
LINE
  5
6B6
330
2D0
100
AcDbEntity
  8
0
  6
Continuous
 62
     7
100
AcDbLine
 10
31.99999999784001
 20
5.999999998960021
 30
0.0
 11
31.99999999784001
 21
0.0
 31
0.0
  0
LINE
  5
6B7
330
2D0
100
AcDbEntity
  8
0
  6
Continuous
 62
     7
100
AcDbLine
 10
32.24999999822003
 20
124.00000000052
 30
0.0
 11
32.24999999822003
 21
117.00000000004
 31
0.0
  0
LINE
  5
6B8
330
2D0
100
AcDbEntity
  8
0
  6
Continuous
 62
     7
100
AcDbLine
 10
32.24999999822003
 20
91.80000000136002
 30
0.0
 11
32.24999999822003
 21
5.999999998960021
 31
0.0
  0
LINE
  5
6B9
330
2D0
100
AcDbEntity
  8
0
  6
Continuous
 62
     7
100
AcDbLine
 10
32.24999999822003
 20
91.89999999948
 30
0.0
 11
32.24999999822003
 21
116.89999999938
 31
0.0
  0
LINE
  5
6BA
330
2D0
100
AcDbEntity
  8
0
  6
Continuous
 62
     7
100
AcDbLine
 10
21.56006853332002
 20
43.17969719390001
 30
0.0
 11
21.66206110556001
 21
43.19000000032
 31
0.0
  0
LINE
  5
6BB
330
2D0
100
AcDbEntity
  8
0
  6
Continuous
 62
     7
100
AcDbLine
 10
21.56006853332002
 20
43.97969719410003
 30
0.0
 11
21.66206110556001
 21
43.99000000052001
 31
0.0
  0
LINE
  5
6BC
330
2D0
100
AcDbEntity
  8
02___PRT_ALL_AXES
  6
Continuous
 62
     7
100
AcDbLine
 10
15.29999999937999
 20
38.78999999922002
 30
0.0
 11
24.09999999903999
 21
38.78999999922002
 31
0.0
  0
LINE
  5
6BD
330
2D0
100
AcDbEntity
  8
0
  6
Continuous
 62
     7
100
AcDbLine
 10
15.29999999937999
 20
38.78999999922002
 30
0.0
 11
24.09999999903999
 21
38.78999999922002
 31
0.0
  0
LINE
  5
6BE
330
2D0
100
AcDbEntity
  8
0
  6
Continuous
 62
     7
100
AcDbLine
 10
24.49999999913996
 20
38.98000000022
 30
0.0
 11
23.93999999899998
 21
38.98000000022
 31
0.0
  0
LINE
  5
6BF
330
2D0
100
AcDbEntity
  8
0
  6
Continuous
 62
     7
100
AcDbLine
 10
22.49999999863999
 20
38.98000000022
 30
0.0
 11
22.24999999826002
 21
38.98000000022
 31
0.0
  0
LINE
  5
6C0
330
2D0
100
AcDbEntity
  8
0
  6
Continuous
 62
     7
100
AcDbLine
 10
21.04999999796001
 20
38.98000000022
 30
0.0
 11
19.64999999888002
 21
38.98000000022
 31
0.0
  0
LINE
  5
6C1
330
2D0
100
AcDbEntity
  8
0
  6
Continuous
 62
     7
100
AcDbLine
 10
24.14999999809999
 20
39.22750000052
 30
0.0
 11
22.24999999826002
 21
39.22750000052
 31
0.0
  0
LINE
  5
6C2
330
2D0
100
AcDbEntity
  8
0
  6
Continuous
 62
     7
100
AcDbLine
 10
21.04999999796001
 20
39.22750000052
 30
0.0
 11
20.84999999918
 21
39.22750000052
 31
0.0
  0
LINE
  5
6C3
330
2D0
100
AcDbEntity
  8
0
  6
Continuous
 62
     7
100
AcDbLine
 10
22.47999999800001
 20
39.24000000091999
 30
0.0
 11
22.24999999826002
 21
39.24000000091999
 31
0.0
  0
LINE
  5
6C4
330
2D0
100
AcDbEntity
  8
0
  6
Continuous
 62
     7
100
AcDbLine
 10
24.09999999903999
 20
39.25000000124001
 30
0.0
 11
22.24999999826002
 21
39.25000000124001
 31
0.0
  0
LINE
  5
6C5
330
2D0
100
AcDbEntity
  8
0
  6
Continuous
 62
     7
100
AcDbLine
 10
21.04999999796001
 20
39.25000000124001
 30
0.0
 11
20.94999999984
 21
39.25000000124001
 31
0.0
  0
LINE
  5
6C6
330
2D0
100
AcDbEntity
  8
0
  6
Continuous
 62
     7
100
AcDbLine
 10
20.84999999918
 20
39.47750000089999
 30
0.0
 11
20.94999999984
 21
39.47750000089999
 31
0.0
  0
LINE
  5
6C7
330
2D0
100
AcDbEntity
  8
0
  6
Continuous
 62
     7
100
AcDbLine
 10
15.29999999937999
 20
39.49000000129999
 30
0.0
 11
24.54999999820004
 21
39.49000000129999
 31
0.0
  0
LINE
  5
6C8
330
2D0
100
AcDbEntity
  8
0
  6
Continuous
 62
     7
100
AcDbLine
 10
24.14999999809999
 20
39.49999999908002
 30
0.0
 11
24.39999999847998
 21
39.49999999908002
 31
0.0
  0
LINE
  5
6C9
330
2D0
100
AcDbEntity
  8
0
  6
Continuous
 62
     7
100
AcDbLine
 10
15.29999999937999
 20
39.73999999914
 30
0.0
 11
24.14999999809999
 21
39.73999999914
 31
0.0
  0
LINE
  5
6CA
330
2D0
100
AcDbEntity
  8
0
  6
Continuous
 62
     7
100
AcDbLine
 10
24.39999999847998
 20
39.73999999914
 30
0.0
 11
24.54999999820004
 21
39.73999999914
 31
0.0
  0
LINE
  5
6CB
330
2D0
100
AcDbEntity
  8
0
  6
Continuous
 62
     7
100
AcDbLine
 10
24.49999999913996
 20
39.74999999946002
 30
0.0
 11
24.39999999847998
 21
39.74999999946002
 31
0.0
  0
LINE
  5
6CC
330
2D0
100
AcDbEntity
  8
0
  6
Continuous
 62
     7
100
AcDbLine
 10
21.54999999872004
 20
39.74999999946002
 30
0.0
 11
22.57087121326001
 21
39.74999999946002
 31
0.0
  0
LINE
  5
6CD
330
2D0
100
AcDbEntity
  8
0
  6
Continuous
 62
     7
100
AcDbLine
 10
24.49999999913996
 20
40.25000000021998
 30
0.0
 11
24.39999999847998
 21
40.25000000021998
 31
0.0
  0
LINE
  5
6CE
330
2D0
100
AcDbEntity
  8
0
  6
Continuous
 62
     7
100
AcDbLine
 10
15.67999999884
 20
40.60999999904001
 30
0.0
 11
15.24999999778001
 21
40.60999999904001
 31
0.0
  0
LINE
  5
6CF
330
2D0
100
AcDbEntity
  8
0
  6
Continuous
 62
     7
100
AcDbLine
 10
24.39999999847998
 20
40.67000000096004
 30
0.0
 11
24.14999999809999
 21
40.67000000096004
 31
0.0
  0
LINE
  5
6D0
330
2D0
100
AcDbEntity
  8
0
  6
Continuous
 62
     7
100
AcDbLine
 10
24.49999999913996
 20
41.01999999946003
 30
0.0
 11
24.39999999847998
 21
41.01999999946003
 31
0.0
  0
LINE
  5
6D1
330
2D0
100
AcDbEntity
  8
0
  6
Continuous
 62
     7
100
AcDbLine
 10
19.200068534
 20
41.24000000141999
 30
0.0
 11
24.14999999809999
 21
41.24000000141999
 31
0.0
  0
LINE
  5
6D2
330
2D0
100
AcDbEntity
  8
0
  6
Continuous
 62
     7
100
AcDbLine
 10
25.09999999802002
 20
41.33999999954
 30
0.0
 11
24.39999999847998
 21
41.33999999954
 31
0.0
  0
LINE
  5
6D3
330
2D0
100
AcDbEntity
  8
0
  6
Continuous
 62
     7
100
AcDbLine
 10
20.66006853499999
 20
41.4400000002
 30
0.0
 11
21.56006853332002
 21
41.4400000002
 31
0.0
  0
LINE
  5
6D4
330
2D0
100
AcDbEntity
  8
0
  6
Continuous
 62
     7
100
AcDbLine
 10
14.99999999994
 20
41.63999999898002
 30
0.0
 11
14.29999580686001
 21
41.63999999898002
 31
0.0
  0
LINE
  5
6D5
330
2D0
100
AcDbEntity
  8
0
  6
Continuous
 62
     7
100
AcDbLine
 10
19.200068534
 20
42.03999999908001
 30
0.0
 11
22.46006853418001
 21
42.03999999908001
 31
0.0
  0
LINE
  5
6D6
330
2D0
100
AcDbEntity
  8
0
  6
Continuous
 62
     7
100
AcDbLine
 10
24.39999999847998
 20
42.53999999984001
 30
0.0
 11
25.09999999802002
 21
42.53999999984001
 31
0.0
  0
LINE
  5
6D7
330
2D0
100
AcDbEntity
  8
0
  6
Continuous
 62
     7
100
AcDbLine
 10
22.46006853418001
 20
42.64000000050001
 30
0.0
 11
24.14999999809999
 21
42.64000000050001
 31
0.0
  0
LINE
  5
6D8
330
2D0
100
AcDbEntity
  8
0
  6
Continuous
 62
     7
100
AcDbLine
 10
24.39999999847998
 20
42.66999999891999
 30
0.0
 11
24.14999999809999
 21
42.66999999891999
 31
0.0
  0
LINE
  5
6D9
330
2D0
100
AcDbEntity
  8
0
  6
Continuous
 62
     7
100
AcDbLine
 10
23.97006853424003
 20
42.74000000116001
 30
0.0
 11
23.99999999837999
 21
42.74000000116001
 31
0.0
  0
LINE
  5
6DA
330
2D0
100
AcDbEntity
  8
0
  6
Continuous
 62
     7
100
AcDbLine
 10
24.49999999913996
 20
42.79000000022
 30
0.0
 11
24.39999999847998
 21
42.79000000022
 31
0.0
  0
LINE
  5
6DB
330
2D0
100
AcDbEntity
  8
0
  6
Continuous
 62
     7
100
AcDbLine
 10
24.14999999809999
 20
42.79000000022
 30
0.0
 11
23.97006853424003
 21
42.79000000022
 31
0.0
  0
LINE
  5
6DC
330
2D0
100
AcDbEntity
  8
0
  6
Continuous
 62
     7
100
AcDbLine
 10
20.42006853493999
 20
42.81500000102002
 30
0.0
 11
20.90006853506
 21
42.81500000102002
 31
0.0
  0
LINE
  5
6DD
330
2D0
100
AcDbEntity
  8
0
  6
Continuous
 62
     7
100
AcDbLine
 10
24.50006853342001
 20
42.83999999928
 30
0.0
 11
24.39999999847998
 21
42.83999999928
 31
0.0
  0
LINE
  5
6DE
330
2D0
100
AcDbEntity
  8
0
  6
Continuous
 62
     7
100
AcDbLine
 10
24.14999999809999
 20
42.83999999928
 30
0.0
 11
23.97006853424003
 21
42.83999999928
 31
0.0
  0
LINE
  5
6DF
330
2D0
100
AcDbEntity
  8
0
  6
Continuous
 62
     7
100
AcDbLine
 10
20.90006853506
 20
42.83999999928
 30
0.0
 11
20.42006853493999
 21
42.83999999928
 31
0.0
  0
LINE
  5
6E0
330
2D0
100
AcDbEntity
  8
0
  6
Continuous
 62
     7
100
AcDbLine
 10
14.29999580686001
 20
42.83999999928
 30
0.0
 11
14.99999999994
 21
42.83999999928
 31
0.0
  0
LINE
  5
6E1
330
2D0
100
AcDbEntity
  8
0
  6
Continuous
 62
     7
100
AcDbLine
 10
24.14999999809999
 20
43.04000000060003
 30
0.0
 11
23.97006853424003
 21
43.04000000060003
 31
0.0
  0
LINE
  5
6E2
330
2D0
100
AcDbEntity
  8
0
  6
Continuous
 62
     7
100
AcDbLine
 10
20.42006853493999
 20
43.04000000060003
 30
0.0
 11
20.90006853506
 21
43.04000000060003
 31
0.0
  0
LINE
  5
6E3
330
2D0
100
AcDbEntity
  8
0
  6
Continuous
 62
     7
100
AcDbLine
 10
21.56006853332002
 20
43.04000000060003
 30
0.0
 11
22.46006853418001
 21
43.04000000060003
 31
0.0
  0
LINE
  5
6E4
330
2D0
100
AcDbEntity
  8
0
  6
Continuous
 62
     7
100
AcDbLine
 10
24.39999999847998
 20
43.04000000060003
 30
0.0
 11
24.50006853342001
 21
43.04000000060003
 31
0.0
  0
LINE
  5
6E5
330
2D0
100
AcDbEntity
  8
0
  6
Continuous
 62
     7
100
AcDbLine
 10
20.90006853506
 20
43.06500000139999
 30
0.0
 11
20.42006853493999
 21
43.06500000139999
 31
0.0
  0
LINE
  5
6E6
330
2D0
100
AcDbEntity
  8
0
  6
Continuous
 62
     7
100
AcDbLine
 10
22.49542387368001
 20
43.06500000139999
 30
0.0
 11
23.97006853424003
 21
43.06500000139999
 31
0.0
  0
LINE
  5
6E7
330
2D0
100
AcDbEntity
  8
0
  6
Continuous
 62
     7
100
AcDbLine
 10
21.66206110556001
 20
43.19000000032
 30
0.0
 11
22.55006853451999
 21
43.19000000032
 31
0.0
  0
LINE
  5
6E8
330
2D0
100
AcDbEntity
  8
0
  6
Continuous
 62
     7
100
AcDbLine
 10
22.55006853451999
 20
43.21500000111999
 30
0.0
 11
23.97006853424003
 21
43.21500000111999
 31
0.0
  0
LINE
  5
6E9
330
2D0
100
AcDbEntity
  8
0
  6
Continuous
 62
     7
100
AcDbLine
 10
24.50006853342001
 20
43.23999999937999
 30
0.0
 11
24.40006853276
 21
43.23999999937999
 31
0.0
  0
LINE
  5
6EA
330
2D0
100
AcDbEntity
  8
0
  6
Continuous
 62
     7
100
AcDbLine
 10
21.56006853332002
 20
43.23999999937999
 30
0.0
 11
21.21506853498002
 21
43.23999999937999
 31
0.0
  0
LINE
  5
6EB
330
2D0
100
AcDbEntity
  8
0
  6
Continuous
 62
     7
100
AcDbLine
 10
22.08818733992001
 20
43.23999999937999
 30
0.0
 11
24.14999999809999
 21
43.23999999937999
 31
0.0
  0
LINE
  5
6EC
330
2D0
100
AcDbEntity
  8
0
  6
Continuous
 62
     7
100
AcDbLine
 10
23.50006853444
 20
43.28000000066001
 30
0.0
 11
23.10006853433998
 21
43.28000000066001
 31
0.0
  0
LINE
  5
6ED
330
2D0
100
AcDbEntity
  8
0
  6
Continuous
 62
     7
100
AcDbLine
 10
23.50006853444
 20
43.39999999941998
 30
0.0
 11
23.10006853433998
 21
43.39999999941998
 31
0.0
  0
LINE
  5
6EE
330
2D0
100
AcDbEntity
  8
0
  6
Continuous
 62
     7
100
AcDbLine
 10
24.50006853342001
 20
43.4400000007
 30
0.0
 11
24.40006853276
 21
43.4400000007
 31
0.0
  0
LINE
  5
6EF
330
2D0
100
AcDbEntity
  8
0
  6
Continuous
 62
     7
100
AcDbLine
 10
21.21506853498002
 20
43.4400000007
 30
0.0
 11
21.56006853332002
 21
43.4400000007
 31
0.0
  0
LINE
  5
6F0
330
2D0
100
AcDbEntity
  8
0
  6
Continuous
 62
     7
100
AcDbLine
 10
22.08818733992001
 20
43.4400000007
 30
0.0
 11
24.14999999809999
 21
43.4400000007
 31
0.0
  0
LINE
  5
6F1
330
2D0
100
AcDbEntity
  8
0
  6
Continuous
 62
     7
100
AcDbLine
 10
23.97006853424003
 20
43.46499999896002
 30
0.0
 11
22.55006853451999
 21
43.46499999896002
 31
0.0
  0
LINE
  5
6F2
330
2D0
100
AcDbEntity
  8
0
  6
Continuous
 62
     7
100
AcDbLine
 10
21.66206110556001
 20
43.48999999975999
 30
0.0
 11
22.55006853451999
 21
43.48999999975999
 31
0.0
  0
LINE
  5
6F3
330
2D0
100
AcDbEntity
  8
0
  6
Continuous
 62
     7
100
AcDbLine
 10
22.49542387368001
 20
43.61500000122001
 30
0.0
 11
22.46006853418001
 21
43.63999999948001
 31
0.0
  0
LINE
  5
6F4
330
2D0
100
AcDbEntity
  8
0
  6
Continuous
 62
     7
100
AcDbLine
 10
16.78854101772001
 20
49.13314531238001
 30
0.0
 11
15.84583592065999
 21
50.57905247390002
 31
0.0
  0
LINE
  5
6F5
330
2D0
100
AcDbEntity
  8
0
  6
Continuous
 62
     7
100
AcDbLine
 10
16.78854101772001
 20
49.29358917234001
 30
0.0
 11
15.84583592065999
 21
50.73949633386002
 31
0.0
  0
LINE
  5
6F6
330
2D0
100
AcDbEntity
  8
0
  6
Continuous
 62
     7
100
AcDbLine
 10
22.49542387368001
 20
46.01499999928001
 30
0.0
 11
22.54720056718003
 21
45.89000000035998
 31
0.0
  0
LINE
  5
6F7
330
2D0
100
AcDbEntity
  8
0
  6
Continuous
 62
     7
100
AcDbLine
 10
22.49542387368001
 20
46.81499999948002
 30
0.0
 11
22.54720056718003
 21
46.69000000056002
 31
0.0
  0
LINE
  5
6F8
330
2D0
100
AcDbEntity
  8
0
  6
Continuous
 62
     7
100
AcDbLine
 10
22.49542387368001
 20
47.61499999968001
 30
0.0
 11
22.54720056718003
 21
47.49000000075998
 31
0.0
  0
LINE
  5
6F9
330
2D0
100
AcDbEntity
  8
0
  6
Continuous
 62
     7
100
AcDbLine
 10
22.49542387368001
 20
48.41499999988
 30
0.0
 11
22.54720056718003
 21
48.29000000096002
 31
0.0
  0
LINE
  5
6FA
330
2D0
100
AcDbEntity
  8
0
  6
Continuous
 62
     7
100
AcDbLine
 10
22.49542387368001
 20
49.21500000008001
 30
0.0
 11
22.54720056718003
 21
49.09000000116001
 31
0.0
  0
LINE
  5
6FB
330
2D0
100
AcDbEntity
  8
0
  6
Continuous
 62
     7
100
AcDbLine
 10
22.49542387368001
 20
50.01500000028
 30
0.0
 11
22.54720056718003
 21
49.89000000136002
 31
0.0
  0
LINE
  5
6FC
330
2D0
100
AcDbEntity
  8
0
  6
Continuous
 62
     7
100
AcDbLine
 10
21.56006853332002
 20
44.77969719430001
 30
0.0
 11
21.66206110556001
 21
44.79000000072
 31
0.0
  0
LINE
  5
6FD
330
2D0
100
AcDbEntity
  8
0
  6
Continuous
 62
     7
100
AcDbLine
 10
21.56006853332002
 20
45.57969719450003
 30
0.0
 11
21.66206110556001
 21
45.59000000091999
 31
0.0
  0
LINE
  5
6FE
330
2D0
100
AcDbEntity
  8
0
  6
Continuous
 62
     7
100
AcDbLine
 10
21.56006853332002
 20
46.37969719470001
 30
0.0
 11
21.66206110556001
 21
46.39000000112
 31
0.0
  0
LINE
  5
6FF
330
2D0
100
AcDbEntity
  8
0
  6
Continuous
 62
     7
100
AcDbLine
 10
21.56006853332002
 20
47.1796971949
 30
0.0
 11
21.66206110556001
 21
47.19000000131999
 31
0.0
  0
LINE
  5
700
330
2D0
100
AcDbEntity
  8
0
  6
Continuous
 62
     7
100
AcDbLine
 10
21.56006853332002
 20
47.97969719510002
 30
0.0
 11
21.66206110556001
 21
47.98999999898004
 31
0.0
  0
LINE
  5
701
330
2D0
100
AcDbEntity
  8
0
  6
Continuous
 62
     7
100
AcDbLine
 10
21.56006853332002
 20
48.7796971953
 30
0.0
 11
21.66206110556001
 21
48.78999999918003
 31
0.0
  0
LINE
  5
702
330
2D0
100
AcDbEntity
  8
0
  6
Continuous
 62
     7
100
AcDbLine
 10
21.56006853332002
 20
49.57969719550005
 30
0.0
 11
21.66206110556001
 21
49.58999999938001
 31
0.0
  0
LINE
  5
703
330
2D0
100
AcDbEntity
  8
0
  6
Continuous
 62
     7
100
AcDbLine
 10
21.56006853332002
 20
50.3796971957
 30
0.0
 11
21.66206110556001
 21
50.38999999958003
 31
0.0
  0
LINE
  5
704
330
2D0
100
AcDbEntity
  8
0
  6
Continuous
 62
     7
100
AcDbLine
 10
24.49999999913996
 20
43.55999999946002
 30
0.0
 11
24.39999999847998
 21
43.55999999946002
 31
0.0
  0
LINE
  5
705
330
2D0
100
AcDbEntity
  8
0
  6
Continuous
 62
     7
100
AcDbLine
 10
24.14999999809999
 20
43.55999999946002
 30
0.0
 11
23.97006853424003
 21
43.55999999946002
 31
0.0
  0
LINE
  5
706
330
2D0
100
AcDbEntity
  8
0
  6
Continuous
 62
     7
100
AcDbLine
 10
20.42006853493999
 20
43.61500000122001
 30
0.0
 11
20.90006853506
 21
43.61500000122001
 31
0.0
  0
LINE
  5
707
330
2D0
100
AcDbEntity
  8
0
  6
Continuous
 62
     7
100
AcDbLine
 10
22.49542387368001
 20
43.61500000122001
 30
0.0
 11
23.97006853424003
 21
43.61500000122001
 31
0.0
  0
LINE
  5
708
330
2D0
100
AcDbEntity
  8
0
  6
Continuous
 62
     7
100
AcDbLine
 10
24.50006853342001
 20
43.63999999948001
 30
0.0
 11
24.39999999847998
 21
43.63999999948001
 31
0.0
  0
LINE
  5
709
330
2D0
100
AcDbEntity
  8
0
  6
Continuous
 62
     7
100
AcDbLine
 10
24.14999999809999
 20
43.63999999948001
 30
0.0
 11
23.97006853424003
 21
43.63999999948001
 31
0.0
  0
LINE
  5
70A
330
2D0
100
AcDbEntity
  8
0
  6
Continuous
 62
     7
100
AcDbLine
 10
22.46006853418001
 20
43.63999999948001
 30
0.0
 11
21.56006853332002
 21
43.63999999948001
 31
0.0
  0
LINE
  5
70B
330
2D0
100
AcDbEntity
  8
0
  6
Continuous
 62
     7
100
AcDbLine
 10
20.90006853506
 20
43.63999999948001
 30
0.0
 11
20.42006853493999
 21
43.63999999948001
 31
0.0
  0
LINE
  5
70C
330
2D0
100
AcDbEntity
  8
0
  6
Continuous
 62
     7
100
AcDbLine
 10
24.39999999847998
 20
43.78999999920001
 30
0.0
 11
24.14999999809999
 21
43.78999999920001
 31
0.0
  0
LINE
  5
70D
330
2D0
100
AcDbEntity
  8
0
  6
Continuous
 62
     7
100
AcDbLine
 10
24.14999999809999
 20
43.84000000080002
 30
0.0
 11
23.97006853424003
 21
43.84000000080002
 31
0.0
  0
LINE
  5
70E
330
2D0
100
AcDbEntity
  8
0
  6
Continuous
 62
     7
100
AcDbLine
 10
20.42006853493999
 20
43.84000000080002
 30
0.0
 11
20.90006853506
 21
43.84000000080002
 31
0.0
  0
LINE
  5
70F
330
2D0
100
AcDbEntity
  8
0
  6
Continuous
 62
     7
100
AcDbLine
 10
21.56006853332002
 20
43.84000000080002
 30
0.0
 11
22.46006853418001
 21
43.84000000080002
 31
0.0
  0
LINE
  5
710
330
2D0
100
AcDbEntity
  8
0
  6
Continuous
 62
     7
100
AcDbLine
 10
24.39999999847998
 20
43.84000000080002
 30
0.0
 11
24.50006853342001
 21
43.84000000080002
 31
0.0
  0
LINE
  5
711
330
2D0
100
AcDbEntity
  8
0
  6
Continuous
 62
     7
100
AcDbLine
 10
20.90006853506
 20
43.86499999906002
 30
0.0
 11
20.42006853493999
 21
43.86499999906002
 31
0.0
  0
LINE
  5
712
330
2D0
100
AcDbEntity
  8
0
  6
Continuous
 62
     7
100
AcDbLine
 10
22.49542387368001
 20
43.86499999906002
 30
0.0
 11
23.97006853424003
 21
43.86499999906002
 31
0.0
  0
LINE
  5
713
330
2D0
100
AcDbEntity
  8
0
  6
Continuous
 62
     7
100
AcDbLine
 10
21.66206110556001
 20
43.99000000052001
 30
0.0
 11
22.55006853451999
 21
43.99000000052001
 31
0.0
  0
LINE
  5
714
330
2D0
100
AcDbEntity
  8
0
  6
Continuous
 62
     7
100
AcDbLine
 10
22.55006853451999
 20
44.01500000132
 30
0.0
 11
23.97006853424003
 21
44.01500000132
 31
0.0
  0
LINE
  5
715
330
2D0
100
AcDbEntity
  8
0
  6
Continuous
 62
     7
100
AcDbLine
 10
24.50006853342001
 20
44.03999999958003
 30
0.0
 11
24.40006853276
 21
44.03999999958003
 31
0.0
  0
LINE
  5
716
330
2D0
100
AcDbEntity
  8
0
  6
Continuous
 62
     7
100
AcDbLine
 10
21.56006853332002
 20
44.03999999958003
 30
0.0
 11
21.21506853498002
 21
44.03999999958003
 31
0.0
  0
LINE
  5
717
330
2D0
100
AcDbEntity
  8
0
  6
Continuous
 62
     7
100
AcDbLine
 10
22.08818733992001
 20
44.03999999958003
 30
0.0
 11
24.14999999809999
 21
44.03999999958003
 31
0.0
  0
LINE
  5
718
330
2D0
100
AcDbEntity
  8
0
  6
Continuous
 62
     7
100
AcDbLine
 10
23.50006853444
 20
44.08000000086
 30
0.0
 11
23.10006853433998
 21
44.08000000086
 31
0.0
  0
LINE
  5
719
330
2D0
100
AcDbEntity
  8
0
  6
Continuous
 62
     7
100
AcDbLine
 10
23.50006853444
 20
44.19999999961999
 30
0.0
 11
23.10006853433998
 21
44.19999999961999
 31
0.0
  0
LINE
  5
71A
330
2D0
100
AcDbEntity
  8
0
  6
Continuous
 62
     7
100
AcDbLine
 10
24.50006853342001
 20
44.24000000089998
 30
0.0
 11
24.40006853276
 21
44.24000000089998
 31
0.0
  0
LINE
  5
71B
330
2D0
100
AcDbEntity
  8
0
  6
Continuous
 62
     7
100
AcDbLine
 10
21.21506853498002
 20
44.24000000089998
 30
0.0
 11
21.56006853332002
 21
44.24000000089998
 31
0.0
  0
LINE
  5
71C
330
2D0
100
AcDbEntity
  8
0
  6
Continuous
 62
     7
100
AcDbLine
 10
22.08818733992001
 20
44.24000000089998
 30
0.0
 11
24.14999999809999
 21
44.24000000089998
 31
0.0
  0
LINE
  5
71D
330
2D0
100
AcDbEntity
  8
0
  6
Continuous
 62
     7
100
AcDbLine
 10
17.57999999868002
 20
44.25000000122
 30
0.0
 11
16.92270509788003
 21
44.25000000122
 31
0.0
  0
LINE
  5
71E
330
2D0
100
AcDbEntity
  8
0
  6
Continuous
 62
     7
100
AcDbLine
 10
23.97006853424003
 20
44.26499999916001
 30
0.0
 11
22.55006853451999
 21
44.26499999916001
 31
0.0
  0
LINE
  5
71F
330
2D0
100
AcDbEntity
  8
0
  6
Continuous
 62
     7
100
AcDbLine
 10
21.66206110556001
 20
44.28999999996003
 30
0.0
 11
22.55006853451999
 21
44.28999999996003
 31
0.0
  0
LINE
  5
720
330
2D0
100
AcDbEntity
  8
0
  6
Continuous
 62
     7
100
AcDbLine
 10
17.57999999868002
 20
44.41044385864001
 30
0.0
 11
16.92270509788003
 21
44.41044385864001
 31
0.0
  0
LINE
  5
721
330
2D0
100
AcDbEntity
  8
0
  6
Continuous
 62
     7
100
AcDbLine
 10
20.42006853493999
 20
44.41500000142
 30
0.0
 11
20.90006853506
 21
44.41500000142
 31
0.0
  0
LINE
  5
722
330
2D0
100
AcDbEntity
  8
0
  6
Continuous
 62
     7
100
AcDbLine
 10
22.49542387368001
 20
44.41500000142
 30
0.0
 11
23.97006853424003
 21
44.41500000142
 31
0.0
  0
LINE
  5
723
330
2D0
100
AcDbEntity
  8
0
  6
Continuous
 62
     7
100
AcDbLine
 10
24.13366837976
 20
44.43999999968
 30
0.0
 11
23.45999999888002
 21
44.43999999968
 31
0.0
  0
LINE
  5
724
330
2D0
100
AcDbEntity
  8
0
  6
Continuous
 62
     7
100
AcDbLine
 10
22.46006853418001
 20
44.43999999968
 30
0.0
 11
21.56006853332002
 21
44.43999999968
 31
0.0
  0
LINE
  5
725
330
2D0
100
AcDbEntity
  8
0
  6
Continuous
 62
     7
100
AcDbLine
 10
20.90006853506
 20
44.43999999968
 30
0.0
 11
20.42006853493999
 21
44.43999999968
 31
0.0
  0
LINE
  5
726
330
2D0
100
AcDbEntity
  8
0
  6
Continuous
 62
     7
100
AcDbLine
 10
24.14999999809999
 20
44.43999999968
 30
0.0
 11
24.50006853342001
 21
44.43999999968
 31
0.0
  0
LINE
  5
727
330
2D0
100
AcDbEntity
  8
0
  6
Continuous
 62
     7
100
AcDbLine
 10
20.42006853493999
 20
44.64000000100003
 30
0.0
 11
20.90006853506
 21
44.64000000100003
 31
0.0
  0
LINE
  5
728
330
2D0
100
AcDbEntity
  8
0
  6
Continuous
 62
     7
100
AcDbLine
 10
21.56006853332002
 20
44.64000000100003
 30
0.0
 11
22.46006853418001
 21
44.64000000100003
 31
0.0
  0
LINE
  5
729
330
2D0
100
AcDbEntity
  8
0
  6
Continuous
 62
     7
100
AcDbLine
 10
24.39999999847998
 20
44.64000000100003
 30
0.0
 11
24.50006853342001
 21
44.64000000100003
 31
0.0
  0
LINE
  5
72A
330
2D0
100
AcDbEntity
  8
0
  6
Continuous
 62
     7
100
AcDbLine
 10
20.90006853506
 20
44.66499999926
 30
0.0
 11
20.42006853493999
 21
44.66499999926
 31
0.0
  0
LINE
  5
72B
330
2D0
100
AcDbEntity
  8
0
  6
Continuous
 62
     7
100
AcDbLine
 10
22.49542387368001
 20
44.66499999926
 30
0.0
 11
23.45999999888002
 21
44.66499999926
 31
0.0
  0
LINE
  5
72C
330
2D0
100
AcDbEntity
  8
0
  6
Continuous
 62
     7
100
AcDbLine
 10
24.34570312459999
 20
44.73999999912002
 30
0.0
 11
24.24999999876002
 21
44.73999999912002
 31
0.0
  0
LINE
  5
72D
330
2D0
100
AcDbEntity
  8
0
  6
Continuous
 62
     7
100
AcDbLine
 10
21.66206110556001
 20
44.79000000072
 30
0.0
 11
22.55006853451999
 21
44.79000000072
 31
0.0
  0
LINE
  5
72E
330
2D0
100
AcDbEntity
  8
0
  6
Continuous
 62
     7
100
AcDbLine
 10
22.55006853451999
 20
44.81499999898003
 30
0.0
 11
23.45999999888002
 21
44.81499999898003
 31
0.0
  0
LINE
  5
72F
330
2D0
100
AcDbEntity
  8
0
  6
Continuous
 62
     7
100
AcDbLine
 10
24.49999999913996
 20
44.82999999946
 30
0.0
 11
24.39999999847998
 21
44.82999999946
 31
0.0
  0
LINE
  5
730
330
2D0
100
AcDbEntity
  8
0
  6
Continuous
 62
     7
100
AcDbLine
 10
24.50006853342001
 20
44.83999999977999
 30
0.0
 11
24.40006853276
 21
44.83999999977999
 31
0.0
  0
LINE
  5
731
330
2D0
100
AcDbEntity
  8
0
  6
Continuous
 62
     7
100
AcDbLine
 10
21.56006853332002
 20
44.83999999977999
 30
0.0
 11
21.21506853498002
 21
44.83999999977999
 31
0.0
  0
LINE
  5
732
330
2D0
100
AcDbEntity
  8
0
  6
Continuous
 62
     7
100
AcDbLine
 10
22.08818733992001
 20
44.83999999977999
 30
0.0
 11
23.45999999888002
 21
44.83999999977999
 31
0.0
  0
LINE
  5
733
330
2D0
100
AcDbEntity
  8
0
  6
Continuous
 62
     7
100
AcDbLine
 10
23.45999999888002
 20
44.88000000106001
 30
0.0
 11
23.10006853433998
 21
44.88000000106001
 31
0.0
  0
LINE
  5
734
330
2D0
100
AcDbEntity
  8
0
  6
Continuous
 62
     7
100
AcDbLine
 10
24.49999999913996
 20
44.94000000044002
 30
0.0
 11
24.39999999847998
 21
44.94000000044002
 31
0.0
  0
LINE
  5
735
330
2D0
100
AcDbEntity
  8
0
  6
Continuous
 62
     7
100
AcDbLine
 10
23.45999999888002
 20
44.99999999982001
 30
0.0
 11
23.10006853433998
 21
44.99999999982001
 31
0.0
  0
LINE
  5
736
330
2D0
100
AcDbEntity
  8
0
  6
Continuous
 62
     7
100
AcDbLine
 10
21.21506853498002
 20
45.0400000011
 30
0.0
 11
21.56006853332002
 21
45.0400000011
 31
0.0
  0
LINE
  5
737
330
2D0
100
AcDbEntity
  8
0
  6
Continuous
 62
     7
100
AcDbLine
 10
22.08818733992001
 20
45.0400000011
 30
0.0
 11
23.45999999888002
 21
45.0400000011
 31
0.0
  0
LINE
  5
738
330
2D0
100
AcDbEntity
  8
0
  6
Continuous
 62
     7
100
AcDbLine
 10
23.45999999888002
 20
45.06499999936
 30
0.0
 11
22.55006853451999
 21
45.06499999936
 31
0.0
  0
LINE
  5
739
330
2D0
100
AcDbEntity
  8
0
  6
Continuous
 62
     7
100
AcDbLine
 10
21.66206110556001
 20
45.09000000016002
 30
0.0
 11
22.55006853451999
 21
45.09000000016002
 31
0.0
  0
LINE
  5
73A
330
2D0
100
AcDbEntity
  8
0
  6
Continuous
 62
     7
100
AcDbLine
 10
20.42006853493999
 20
45.21499999908002
 30
0.0
 11
20.90006853506
 21
45.21499999908002
 31
0.0
  0
LINE
  5
73B
330
2D0
100
AcDbEntity
  8
0
  6
Continuous
 62
     7
100
AcDbLine
 10
22.49542387368001
 20
45.21499999908002
 30
0.0
 11
23.45999999888002
 21
45.21499999908002
 31
0.0
  0
LINE
  5
73C
330
2D0
100
AcDbEntity
  8
0
  6
Continuous
 62
     7
100
AcDbLine
 10
22.46006853418001
 20
45.23999999987998
 30
0.0
 11
21.56006853332002
 21
45.23999999987998
 31
0.0
  0
LINE
  5
73D
330
2D0
100
AcDbEntity
  8
0
  6
Continuous
 62
     7
100
AcDbLine
 10
20.90006853506
 20
45.23999999987998
 30
0.0
 11
20.42006853493999
 21
45.23999999987998
 31
0.0
  0
LINE
  5
73E
330
2D0
100
AcDbEntity
  8
0
  6
Continuous
 62
     7
100
AcDbLine
 10
20.42006853493999
 20
45.44000000120002
 30
0.0
 11
20.90006853506
 21
45.44000000120002
 31
0.0
  0
LINE
  5
73F
330
2D0
100
AcDbEntity
  8
0
  6
Continuous
 62
     7
100
AcDbLine
 10
21.56006853332002
 20
45.44000000120002
 30
0.0
 11
22.46006853418001
 21
45.44000000120002
 31
0.0
  0
LINE
  5
740
330
2D0
100
AcDbEntity
  8
0
  6
Continuous
 62
     7
100
AcDbLine
 10
20.90006853506
 20
45.46499999946002
 30
0.0
 11
20.42006853493999
 21
45.46499999946002
 31
0.0
  0
LINE
  5
741
330
2D0
100
AcDbEntity
  8
0
  6
Continuous
 62
     7
100
AcDbLine
 10
22.49542387368001
 20
45.46499999946002
 30
0.0
 11
23.45999999888002
 21
45.46499999946002
 31
0.0
  0
LINE
  5
742
330
2D0
100
AcDbEntity
  8
0
  6
Continuous
 62
     7
100
AcDbLine
 10
21.66206110556001
 20
45.59000000091999
 30
0.0
 11
22.55006853451999
 21
45.59000000091999
 31
0.0
  0
LINE
  5
743
330
2D0
100
AcDbEntity
  8
0
  6
Continuous
 62
     7
100
AcDbLine
 10
22.55006853451999
 20
45.61499999918001
 30
0.0
 11
23.45999999888002
 21
45.61499999918001
 31
0.0
  0
LINE
  5
744
330
2D0
100
AcDbEntity
  8
0
  6
Continuous
 62
     7
100
AcDbLine
 10
21.56006853332002
 20
45.63999999998003
 30
0.0
 11
21.21506853498002
 21
45.63999999998003
 31
0.0
  0
LINE
  5
745
330
2D0
100
AcDbEntity
  8
0
  6
Continuous
 62
     7
100
AcDbLine
 10
22.08818733992001
 20
45.63999999998003
 30
0.0
 11
23.45999999888002
 21
45.63999999998003
 31
0.0
  0
LINE
  5
746
330
2D0
100
AcDbEntity
  8
0
  6
Continuous
 62
     7
100
AcDbLine
 10
24.39999999847998
 20
45.63999999998003
 30
0.0
 11
24.49999999913996
 21
45.63999999998003
 31
0.0
  0
LINE
  5
747
330
2D0
100
AcDbEntity
  8
0
  6
Continuous
 62
     7
100
AcDbLine
 10
23.45999999888002
 20
45.68000000126
 30
0.0
 11
23.10006853433998
 21
45.68000000126
 31
0.0
  0
LINE
  5
748
330
2D0
100
AcDbEntity
  8
0
  6
Continuous
 62
     7
100
AcDbLine
 10
23.45999999888002
 20
45.80000000001999
 30
0.0
 11
23.10006853433998
 21
45.80000000001999
 31
0.0
  0
LINE
  5
749
330
2D0
100
AcDbEntity
  8
0
  6
Continuous
 62
     7
100
AcDbLine
 10
24.50006853342001
 20
45.84000000129998
 30
0.0
 11
24.40006853276
 21
45.84000000129998
 31
0.0
  0
LINE
  5
74A
330
2D0
100
AcDbEntity
  8
0
  6
Continuous
 62
     7
100
AcDbLine
 10
21.21506853498002
 20
45.84000000129998
 30
0.0
 11
21.56006853332002
 21
45.84000000129998
 31
0.0
  0
LINE
  5
74B
330
2D0
100
AcDbEntity
  8
0
  6
Continuous
 62
     7
100
AcDbLine
 10
22.08818733992001
 20
45.84000000129998
 30
0.0
 11
23.45999999888002
 21
45.84000000129998
 31
0.0
  0
LINE
  5
74C
330
2D0
100
AcDbEntity
  8
0
  6
Continuous
 62
     7
100
AcDbLine
 10
23.45999999888002
 20
45.86499999956001
 30
0.0
 11
22.55006853451999
 21
45.86499999956001
 31
0.0
  0
LINE
  5
74D
330
2D0
100
AcDbEntity
  8
0
  6
Continuous
 62
     7
100
AcDbLine
 10
21.66206110556001
 20
45.89000000035998
 30
0.0
 11
22.55006853451999
 21
45.89000000035998
 31
0.0
  0
LINE
  5
74E
330
2D0
100
AcDbEntity
  8
0
  6
Continuous
 62
     7
100
AcDbLine
 10
20.42006853493999
 20
46.01499999928001
 30
0.0
 11
20.90006853506
 21
46.01499999928001
 31
0.0
  0
LINE
  5
74F
330
2D0
100
AcDbEntity
  8
0
  6
Continuous
 62
     7
100
AcDbLine
 10
22.49542387368001
 20
46.01499999928001
 30
0.0
 11
23.45999999888002
 21
46.01499999928001
 31
0.0
  0
LINE
  5
750
330
2D0
100
AcDbEntity
  8
0
  6
Continuous
 62
     7
100
AcDbLine
 10
24.50006853342001
 20
46.04000000008
 30
0.0
 11
24.39999999847998
 21
46.04000000008
 31
0.0
  0
LINE
  5
751
330
2D0
100
AcDbEntity
  8
0
  6
Continuous
 62
     7
100
AcDbLine
 10
22.46006853418001
 20
46.04000000008
 30
0.0
 11
21.56006853332002
 21
46.04000000008
 31
0.0
  0
LINE
  5
752
330
2D0
100
AcDbEntity
  8
0
  6
Continuous
 62
     7
100
AcDbLine
 10
20.90006853506
 20
46.04000000008
 30
0.0
 11
20.42006853493999
 21
46.04000000008
 31
0.0
  0
LINE
  5
753
330
2D0
100
AcDbEntity
  8
0
  6
Continuous
 62
     7
100
AcDbLine
 10
14.99999999994
 20
46.14000000074
 30
0.0
 11
14.29999580686001
 21
46.14000000074
 31
0.0
  0
LINE
  5
754
330
2D0
100
AcDbEntity
  8
03___PRT_ALL_CURVES
  6
Continuous
 62
     4
100
AcDbLine
 10
25.89999999822001
 20
46.14000000074
 30
0.0
 11
26.84952252640002
 21
46.14000000074
 31
0.0
  0
LINE
  5
755
330
2D0
100
AcDbEntity
  8
03___PRT_ALL_CURVES
  6
Continuous
 62
     4
100
AcDbLine
 10
27.03287855034
 20
46.14000000074
 30
0.0
 11
27.40450211240002
 21
46.14000000074
 31
0.0
  0
LINE
  5
756
330
2D0
100
AcDbEntity
  8
03___PRT_ALL_CURVES
  6
Continuous
 62
     4
100
AcDbLine
 10
27.67298765874
 20
46.14000000074
 30
0.0
 11
28.02169171113999
 21
46.14000000074
 31
0.0
  0
LINE
  5
757
330
2D0
100
AcDbEntity
  8
03___PRT_ALL_CURVES
  6
Continuous
 62
     4
100
AcDbLine
 10
28.47107773642
 20
46.14000000074
 30
0.0
 11
28.82060032668002
 21
46.14000000074
 31
0.0
  0
LINE
  5
758
330
2D0
100
AcDbEntity
  8
03___PRT_ALL_CURVES
  6
Continuous
 62
     4
100
AcDbLine
 10
29.06862211918002
 20
46.14000000074
 30
0.0
 11
29.43942700114002
 21
46.14000000074
 31
0.0
  0
LINE
  5
759
330
2D0
100
AcDbEntity
  8
03___PRT_ALL_CURVES
  6
Continuous
 62
     4
100
AcDbLine
 10
29.88390179417999
 20
46.14000000074
 30
0.0
 11
30.34065495229999
 21
46.14000000074
 31
0.0
  0
LINE
  5
75A
330
2D0
100
AcDbEntity
  8
03___PRT_ALL_CURVES
  6
Continuous
 62
     4
100
AcDbLine
 10
30.82769432873999
 20
46.14000000074
 30
0.0
 11
31.16493855392
 21
46.14000000074
 31
0.0
  0
LINE
  5
75B
330
2D0
100
AcDbEntity
  8
0
  6
Continuous
 62
     7
100
AcDbLine
 10
20.42006853493999
 20
46.24000000140001
 30
0.0
 11
20.90006853506
 21
46.24000000140001
 31
0.0
  0
LINE
  5
75C
330
2D0
100
AcDbEntity
  8
0
  6
Continuous
 62
     7
100
AcDbLine
 10
21.56006853332002
 20
46.24000000140001
 30
0.0
 11
22.46006853418001
 21
46.24000000140001
 31
0.0
  0
LINE
  5
75D
330
2D0
100
AcDbEntity
  8
0
  6
Continuous
 62
     7
100
AcDbLine
 10
24.39999999847998
 20
46.24000000140001
 30
0.0
 11
24.50006853342001
 21
46.24000000140001
 31
0.0
  0
LINE
  5
75E
330
2D0
100
AcDbEntity
  8
0
  6
Continuous
 62
     7
100
AcDbLine
 10
20.90006853506
 20
46.26499999966001
 30
0.0
 11
20.42006853493999
 21
46.26499999966001
 31
0.0
  0
LINE
  5
75F
330
2D0
100
AcDbEntity
  8
0
  6
Continuous
 62
     7
100
AcDbLine
 10
22.49542387368001
 20
46.26499999966001
 30
0.0
 11
23.45999999888002
 21
46.26499999966001
 31
0.0
  0
LINE
  5
760
330
2D0
100
AcDbEntity
  8
0
  6
Continuous
 62
     7
100
AcDbLine
 10
21.66206110556001
 20
46.39000000112
 30
0.0
 11
22.55006853451999
 21
46.39000000112
 31
0.0
  0
LINE
  5
761
330
2D0
100
AcDbEntity
  8
0
  6
Continuous
 62
     7
100
AcDbLine
 10
22.55006853451999
 20
46.41499999937997
 30
0.0
 11
23.45999999888002
 21
46.41499999937997
 31
0.0
  0
LINE
  5
762
330
2D0
100
AcDbEntity
  8
03___PRT_ALL_CURVES
  6
Continuous
 62
     4
100
AcDbLine
 10
26.84952252640002
 20
46.43549794923999
 30
0.0
 11
26.27080492589999
 21
46.43549794923999
 31
0.0
  0
LINE
  5
763
330
2D0
100
AcDbEntity
  8
0
  6
Continuous
 62
     7
100
AcDbLine
 10
24.50006853342001
 20
46.44000000018002
 30
0.0
 11
24.40006853276
 21
46.44000000018002
 31
0.0
  0
LINE
  5
764
330
2D0
100
AcDbEntity
  8
0
  6
Continuous
 62
     7
100
AcDbLine
 10
21.56006853332002
 20
46.44000000018002
 30
0.0
 11
21.21506853498002
 21
46.44000000018002
 31
0.0
  0
LINE
  5
765
330
2D0
100
AcDbEntity
  8
0
  6
Continuous
 62
     7
100
AcDbLine
 10
22.08818733992001
 20
46.44000000018002
 30
0.0
 11
23.45999999888002
 21
46.44000000018002
 31
0.0
  0
LINE
  5
766
330
2D0
100
AcDbEntity
  8
0
  6
Continuous
 62
     7
100
AcDbLine
 10
23.45999999888002
 20
46.47999999891999
 30
0.0
 11
23.10006853433998
 21
46.47999999891999
 31
0.0
  0
LINE
  5
767
330
2D0
100
AcDbEntity
  8
0
  6
Continuous
 62
     7
100
AcDbLine
 10
23.45999999888002
 20
46.60000000022001
 30
0.0
 11
23.10006853433998
 21
46.60000000022001
 31
0.0
  0
LINE
  5
768
330
2D0
100
AcDbEntity
  8
0
  6
Continuous
 62
     7
100
AcDbLine
 10
24.50006853342001
 20
46.63999999896004
 30
0.0
 11
24.40006853276
 21
46.63999999896004
 31
0.0
  0
LINE
  5
769
330
2D0
100
AcDbEntity
  8
0
  6
Continuous
 62
     7
100
AcDbLine
 10
21.21506853498002
 20
46.63999999896004
 30
0.0
 11
21.56006853332002
 21
46.63999999896004
 31
0.0
  0
LINE
  5
76A
330
2D0
100
AcDbEntity
  8
0
  6
Continuous
 62
     7
100
AcDbLine
 10
22.08818733992001
 20
46.63999999896004
 30
0.0
 11
23.45999999888002
 21
46.63999999896004
 31
0.0
  0
LINE
  5
76B
330
2D0
100
AcDbEntity
  8
0
  6
Continuous
 62
     7
100
AcDbLine
 10
23.45999999888002
 20
46.66499999976
 30
0.0
 11
22.55006853451999
 21
46.66499999976
 31
0.0
  0
LINE
  5
76C
330
2D0
100
AcDbEntity
  8
0
  6
Continuous
 62
     7
100
AcDbLine
 10
21.66206110556001
 20
46.69000000056002
 30
0.0
 11
22.55006853451999
 21
46.69000000056002
 31
0.0
  0
LINE
  5
76D
330
2D0
100
AcDbEntity
  8
0
  6
Continuous
 62
     7
100
AcDbLine
 10
20.42006853493999
 20
46.81499999948002
 30
0.0
 11
20.90006853506
 21
46.81499999948002
 31
0.0
  0
LINE
  5
76E
330
2D0
100
AcDbEntity
  8
0
  6
Continuous
 62
     7
100
AcDbLine
 10
22.49542387368001
 20
46.81499999948002
 30
0.0
 11
23.45999999888002
 21
46.81499999948002
 31
0.0
  0
LINE
  5
76F
330
2D0
100
AcDbEntity
  8
0
  6
Continuous
 62
     7
100
AcDbLine
 10
24.50006853342001
 20
46.84000000028001
 30
0.0
 11
24.39999999847998
 21
46.84000000028001
 31
0.0
  0
LINE
  5
770
330
2D0
100
AcDbEntity
  8
0
  6
Continuous
 62
     7
100
AcDbLine
 10
22.46006853418001
 20
46.84000000028001
 30
0.0
 11
21.56006853332002
 21
46.84000000028001
 31
0.0
  0
LINE
  5
771
330
2D0
100
AcDbEntity
  8
0
  6
Continuous
 62
     7
100
AcDbLine
 10
20.90006853506
 20
46.84000000028001
 30
0.0
 11
20.42006853493999
 21
46.84000000028001
 31
0.0
  0
LINE
  5
772
330
2D0
100
AcDbEntity
  8
0
  6
Continuous
 62
     7
100
AcDbLine
 10
20.42006853493999
 20
47.03999999906
 30
0.0
 11
20.90006853506
 21
47.03999999906
 31
0.0
  0
LINE
  5
773
330
2D0
100
AcDbEntity
  8
0
  6
Continuous
 62
     7
100
AcDbLine
 10
21.56006853332002
 20
47.03999999906
 30
0.0
 11
22.46006853418001
 21
47.03999999906
 31
0.0
  0
LINE
  5
774
330
2D0
100
AcDbEntity
  8
0
  6
Continuous
 62
     7
100
AcDbLine
 10
24.39999999847998
 20
47.03999999906
 30
0.0
 11
24.50006853342001
 21
47.03999999906
 31
0.0
  0
LINE
  5
775
330
2D0
100
AcDbEntity
  8
0
  6
Continuous
 62
     7
100
AcDbLine
 10
20.90006853506
 20
47.06499999985999
 30
0.0
 11
20.42006853493999
 21
47.06499999985999
 31
0.0
  0
LINE
  5
776
330
2D0
100
AcDbEntity
  8
0
  6
Continuous
 62
     7
100
AcDbLine
 10
22.49542387368001
 20
47.06499999985999
 30
0.0
 11
23.45999999888002
 21
47.06499999985999
 31
0.0
  0
LINE
  5
777
330
2D0
100
AcDbEntity
  8
0
  6
Continuous
 62
     7
100
AcDbLine
 10
21.66206110556001
 20
47.19000000131999
 30
0.0
 11
22.55006853451999
 21
47.19000000131999
 31
0.0
  0
LINE
  5
778
330
2D0
100
AcDbEntity
  8
0
  6
Continuous
 62
     7
100
AcDbLine
 10
22.55006853451999
 20
47.21499999958002
 30
0.0
 11
23.45999999888002
 21
47.21499999958002
 31
0.0
  0
LINE
  5
779
330
2D0
100
AcDbEntity
  8
0
  6
Continuous
 62
     7
100
AcDbLine
 10
24.50006853342001
 20
47.24000000037998
 30
0.0
 11
24.40006853276
 21
47.24000000037998
 31
0.0
  0
LINE
  5
77A
330
2D0
100
AcDbEntity
  8
0
  6
Continuous
 62
     7
100
AcDbLine
 10
21.56006853332002
 20
47.24000000037998
 30
0.0
 11
21.21506853498002
 21
47.24000000037998
 31
0.0
  0
LINE
  5
77B
330
2D0
100
AcDbEntity
  8
0
  6
Continuous
 62
     7
100
AcDbLine
 10
22.08818733992001
 20
47.24000000037998
 30
0.0
 11
23.45999999888002
 21
47.24000000037998
 31
0.0
  0
LINE
  5
77C
330
2D0
100
AcDbEntity
  8
0
  6
Continuous
 62
     7
100
AcDbLine
 10
23.45999999888002
 20
47.27999999912001
 30
0.0
 11
23.10006853433998
 21
47.27999999912001
 31
0.0
  0
LINE
  5
77D
330
2D0
100
AcDbEntity
  8
03___PRT_ALL_CURVES
  6
Continuous
 62
     4
100
AcDbLine
 10
30.32100945183998
 20
47.34000000104001
 30
0.0
 11
29.82742148296001
 21
47.34000000104001
 31
0.0
  0
LINE
  5
77E
330
2D0
100
AcDbEntity
  8
03___PRT_ALL_CURVES
  6
Continuous
 62
     4
100
AcDbLine
 10
29.43942700114002
 20
47.34000000104001
 30
0.0
 11
29.06862211918002
 21
47.34000000104001
 31
0.0
  0
LINE
  5
77F
330
2D0
100
AcDbEntity
  8
03___PRT_ALL_CURVES
  6
Continuous
 62
     4
100
AcDbLine
 10
28.82060032668002
 20
47.34000000104001
 30
0.0
 11
28.47107773642
 21
47.34000000104001
 31
0.0
  0
LINE
  5
780
330
2D0
100
AcDbEntity
  8
03___PRT_ALL_CURVES
  6
Continuous
 62
     4
100
AcDbLine
 10
28.01923595278001
 20
47.34000000104001
 30
0.0
 11
27.67298765874
 21
47.34000000104001
 31
0.0
  0
LINE
  5
781
330
2D0
100
AcDbEntity
  8
03___PRT_ALL_CURVES
  6
Continuous
 62
     4
100
AcDbLine
 10
27.40450211240002
 20
47.34000000104001
 30
0.0
 11
27.03287855034
 21
47.34000000104001
 31
0.0
  0
LINE
  5
782
330
2D0
100
AcDbEntity
  8
03___PRT_ALL_CURVES
  6
Continuous
 62
     4
100
AcDbLine
 10
26.27080492589999
 20
47.34000000104001
 30
0.0
 11
25.89999999822001
 21
47.34000000104001
 31
0.0
  0
LINE
  5
783
330
2D0
100
AcDbEntity
  8
0
  6
Continuous
 62
     7
100
AcDbLine
 10
14.29999580686001
 20
47.34000000104001
 30
0.0
 11
14.99999999994
 21
47.34000000104001
 31
0.0
  0
LINE
  5
784
330
2D0
100
AcDbEntity
  8
03___PRT_ALL_CURVES
  6
Continuous
 62
     4
100
AcDbLine
 10
31.16493855392
 20
47.36046389712001
 30
0.0
 11
30.88908615922003
 21
47.36046389712001
 31
0.0
  0
LINE
  5
785
330
2D0
100
AcDbEntity
  8
0
  6
Continuous
 62
     7
100
AcDbLine
 10
23.45999999888002
 20
47.40000000041999
 30
0.0
 11
23.10006853433998
 21
47.40000000041999
 31
0.0
  0
LINE
  5
786
330
2D0
100
AcDbEntity
  8
0
  6
Continuous
 62
     7
100
AcDbLine
 10
24.50006853342001
 20
47.43999999915999
 30
0.0
 11
24.40006853276
 21
47.43999999915999
 31
0.0
  0
LINE
  5
787
330
2D0
100
AcDbEntity
  8
0
  6
Continuous
 62
     7
100
AcDbLine
 10
21.21506853498002
 20
47.43999999915999
 30
0.0
 11
21.56006853332002
 21
47.43999999915999
 31
0.0
  0
LINE
  5
788
330
2D0
100
AcDbEntity
  8
0
  6
Continuous
 62
     7
100
AcDbLine
 10
22.08818733992001
 20
47.43999999915999
 30
0.0
 11
23.45999999888002
 21
47.43999999915999
 31
0.0
  0
LINE
  5
789
330
2D0
100
AcDbEntity
  8
0
  6
Continuous
 62
     7
100
AcDbLine
 10
23.45999999888002
 20
47.46499999996004
 30
0.0
 11
22.55006853451999
 21
47.46499999996004
 31
0.0
  0
LINE
  5
78A
330
2D0
100
AcDbEntity
  8
0
  6
Continuous
 62
     7
100
AcDbLine
 10
21.66206110556001
 20
47.49000000075998
 30
0.0
 11
22.55006853451999
 21
47.49000000075998
 31
0.0
  0
LINE
  5
78B
330
2D0
100
AcDbEntity
  8
0
  6
Continuous
 62
     7
100
AcDbLine
 10
20.42006853493999
 20
47.61499999968001
 30
0.0
 11
20.90006853506
 21
47.61499999968001
 31
0.0
  0
LINE
  5
78C
330
2D0
100
AcDbEntity
  8
0
  6
Continuous
 62
     7
100
AcDbLine
 10
22.49542387368001
 20
47.61499999968001
 30
0.0
 11
23.45999999888002
 21
47.61499999968001
 31
0.0
  0
LINE
  5
78D
330
2D0
100
AcDbEntity
  8
0
  6
Continuous
 62
     7
100
AcDbLine
 10
24.50006853342001
 20
47.64000000048
 30
0.0
 11
24.39999999847998
 21
47.64000000048
 31
0.0
  0
LINE
  5
78E
330
2D0
100
AcDbEntity
  8
0
  6
Continuous
 62
     7
100
AcDbLine
 10
22.46006853418001
 20
47.64000000048
 30
0.0
 11
21.56006853332002
 21
47.64000000048
 31
0.0
  0
LINE
  5
78F
330
2D0
100
AcDbEntity
  8
0
  6
Continuous
 62
     7
100
AcDbLine
 10
20.90006853506
 20
47.64000000048
 30
0.0
 11
20.42006853493999
 21
47.64000000048
 31
0.0
  0
LINE
  5
790
330
2D0
100
AcDbEntity
  8
0
  6
Continuous
 62
     7
100
AcDbLine
 10
24.49999999913996
 20
47.83999999926002
 30
0.0
 11
24.39999999847998
 21
47.83999999926002
 31
0.0
  0
LINE
  5
791
330
2D0
100
AcDbEntity
  8
0
  6
Continuous
 62
     7
100
AcDbLine
 10
20.42006853493999
 20
47.83999999926002
 30
0.0
 11
20.90006853506
 21
47.83999999926002
 31
0.0
  0
LINE
  5
792
330
2D0
100
AcDbEntity
  8
0
  6
Continuous
 62
     7
100
AcDbLine
 10
21.56006853332002
 20
47.83999999926002
 30
0.0
 11
22.46006853418001
 21
47.83999999926002
 31
0.0
  0
LINE
  5
793
330
2D0
100
AcDbEntity
  8
0
  6
Continuous
 62
     7
100
AcDbLine
 10
20.90006853506
 20
47.86500000006001
 30
0.0
 11
20.42006853493999
 21
47.86500000006001
 31
0.0
  0
LINE
  5
794
330
2D0
100
AcDbEntity
  8
0
  6
Continuous
 62
     7
100
AcDbLine
 10
22.49542387368001
 20
47.86500000006001
 30
0.0
 11
23.45999999888002
 21
47.86500000006001
 31
0.0
  0
LINE
  5
795
330
2D0
100
AcDbEntity
  8
0
  6
Continuous
 62
     7
100
AcDbLine
 10
21.66206110556001
 20
47.98999999898004
 30
0.0
 11
22.55006853451999
 21
47.98999999898004
 31
0.0
  0
LINE
  5
796
330
2D0
100
AcDbEntity
  8
0
  6
Continuous
 62
     7
100
AcDbLine
 10
22.55006853451999
 20
48.01499999978
 30
0.0
 11
23.45999999888002
 21
48.01499999978
 31
0.0
  0
LINE
  5
797
330
2D0
100
AcDbEntity
  8
0
  6
Continuous
 62
     7
100
AcDbLine
 10
21.56006853332002
 20
48.04000000058002
 30
0.0
 11
21.21506853498002
 21
48.04000000058002
 31
0.0
  0
LINE
  5
798
330
2D0
100
AcDbEntity
  8
0
  6
Continuous
 62
     7
100
AcDbLine
 10
22.08818733992001
 20
48.04000000058002
 30
0.0
 11
23.45999999888002
 21
48.04000000058002
 31
0.0
  0
LINE
  5
799
330
2D0
100
AcDbEntity
  8
0
  6
Continuous
 62
     7
100
AcDbLine
 10
23.45999999888002
 20
48.07999999932002
 30
0.0
 11
23.10006853433998
 21
48.07999999932002
 31
0.0
  0
LINE
  5
79A
330
2D0
100
AcDbEntity
  8
0
  6
Continuous
 62
     7
100
AcDbLine
 10
23.45999999888002
 20
48.20000000062001
 30
0.0
 11
23.10006853433998
 21
48.20000000062001
 31
0.0
  0
LINE
  5
79B
330
2D0
100
AcDbEntity
  8
0
  6
Continuous
 62
     7
100
AcDbLine
 10
21.21506853498002
 20
48.23999999935998
 30
0.0
 11
21.56006853332002
 21
48.23999999935998
 31
0.0
  0
LINE
  5
79C
330
2D0
100
AcDbEntity
  8
0
  6
Continuous
 62
     7
100
AcDbLine
 10
22.08818733992001
 20
48.23999999935998
 30
0.0
 11
23.45999999888002
 21
48.23999999935998
 31
0.0
  0
LINE
  5
79D
330
2D0
100
AcDbEntity
  8
0
  6
Continuous
 62
     7
100
AcDbLine
 10
23.45999999888002
 20
48.26500000016003
 30
0.0
 11
22.55006853451999
 21
48.26500000016003
 31
0.0
  0
LINE
  5
79E
330
2D0
100
AcDbEntity
  8
0
  6
Continuous
 62
     7
100
AcDbLine
 10
21.66206110556001
 20
48.29000000096002
 30
0.0
 11
22.55006853451999
 21
48.29000000096002
 31
0.0
  0
LINE
  5
79F
330
2D0
100
AcDbEntity
  8
0
  6
Continuous
 62
     7
100
AcDbLine
 10
20.42006853493999
 20
48.41499999988
 30
0.0
 11
20.90006853506
 21
48.41499999988
 31
0.0
  0
LINE
  5
7A0
330
2D0
100
AcDbEntity
  8
0
  6
Continuous
 62
     7
100
AcDbLine
 10
22.49542387368001
 20
48.41499999988
 30
0.0
 11
23.45999999888002
 21
48.41499999988
 31
0.0
  0
LINE
  5
7A1
330
2D0
100
AcDbEntity
  8
0
  6
Continuous
 62
     7
100
AcDbLine
 10
22.46006853418001
 20
48.44000000068002
 30
0.0
 11
21.56006853332002
 21
48.44000000068002
 31
0.0
  0
LINE
  5
7A2
330
2D0
100
AcDbEntity
  8
0
  6
Continuous
 62
     7
100
AcDbLine
 10
20.90006853506
 20
48.44000000068002
 30
0.0
 11
20.42006853493999
 21
48.44000000068002
 31
0.0
  0
LINE
  5
7A3
330
2D0
100
AcDbEntity
  8
0
  6
Continuous
 62
     7
100
AcDbLine
 10
24.39999999847998
 20
48.54000000133999
 30
0.0
 11
24.49999999913996
 21
48.54000000133999
 31
0.0
  0
LINE
  5
7A4
330
2D0
100
AcDbEntity
  8
0
  6
Continuous
 62
     7
100
AcDbLine
 10
20.42006853493999
 20
48.63999999946003
 30
0.0
 11
20.90006853506
 21
48.63999999946003
 31
0.0
  0
LINE
  5
7A5
330
2D0
100
AcDbEntity
  8
0
  6
Continuous
 62
     7
100
AcDbLine
 10
21.56006853332002
 20
48.63999999946003
 30
0.0
 11
22.46006853418001
 21
48.63999999946003
 31
0.0
  0
LINE
  5
7A6
330
2D0
100
AcDbEntity
  8
0
  6
Continuous
 62
     7
100
AcDbLine
 10
24.39999999847998
 20
48.63999999946003
 30
0.0
 11
24.50006853342001
 21
48.63999999946003
 31
0.0
  0
LINE
  5
7A7
330
2D0
100
AcDbEntity
  8
0
  6
Continuous
 62
     7
100
AcDbLine
 10
20.90006853506
 20
48.66500000025999
 30
0.0
 11
20.42006853493999
 21
48.66500000025999
 31
0.0
  0
LINE
  5
7A8
330
2D0
100
AcDbEntity
  8
0
  6
Continuous
 62
     7
100
AcDbLine
 10
22.49542387368001
 20
48.66500000025999
 30
0.0
 11
23.45999999888002
 21
48.66500000025999
 31
0.0
  0
LINE
  5
7A9
330
2D0
100
AcDbEntity
  8
0
  6
Continuous
 62
     7
100
AcDbLine
 10
24.24999999876002
 20
48.74000000012001
 30
0.0
 11
24.34570312459999
 21
48.74000000012001
 31
0.0
  0
LINE
  5
7AA
330
2D0
100
AcDbEntity
  8
0
  6
Continuous
 62
     7
100
AcDbLine
 10
21.66206110556001
 20
48.78999999918003
 30
0.0
 11
22.55006853451999
 21
48.78999999918003
 31
0.0
  0
LINE
  5
7AB
330
2D0
100
AcDbEntity
  8
0
  6
Continuous
 62
     7
100
AcDbLine
 10
22.55006853451999
 20
48.81499999998002
 30
0.0
 11
23.45999999888002
 21
48.81499999998002
 31
0.0
  0
LINE
  5
7AC
330
2D0
100
AcDbEntity
  8
0
  6
Continuous
 62
     7
100
AcDbLine
 10
24.50006853342001
 20
48.84000000078001
 30
0.0
 11
24.40006853276
 21
48.84000000078001
 31
0.0
  0
LINE
  5
7AD
330
2D0
100
AcDbEntity
  8
0
  6
Continuous
 62
     7
100
AcDbLine
 10
21.56006853332002
 20
48.84000000078001
 30
0.0
 11
21.21506853498002
 21
48.84000000078001
 31
0.0
  0
LINE
  5
7AE
330
2D0
100
AcDbEntity
  8
0
  6
Continuous
 62
     7
100
AcDbLine
 10
22.08818733992001
 20
48.84000000078001
 30
0.0
 11
23.45999999888002
 21
48.84000000078001
 31
0.0
  0
LINE
  5
7AF
330
2D0
100
AcDbEntity
  8
0
  6
Continuous
 62
     7
100
AcDbLine
 10
23.45999999888002
 20
48.87999999952001
 30
0.0
 11
23.10006853433998
 21
48.87999999952001
 31
0.0
  0
LINE
  5
7B0
330
2D0
100
AcDbEntity
  8
0
  6
Continuous
 62
     7
100
AcDbLine
 10
23.45999999888002
 20
49.00000000081999
 30
0.0
 11
23.10006853433998
 21
49.00000000081999
 31
0.0
  0
LINE
  5
7B1
330
2D0
100
AcDbEntity
  8
0
  6
Continuous
 62
     7
100
AcDbLine
 10
24.50006853342001
 20
49.03999999956002
 30
0.0
 11
24.40006853276
 21
49.03999999956002
 31
0.0
  0
LINE
  5
7B2
330
2D0
100
AcDbEntity
  8
0
  6
Continuous
 62
     7
100
AcDbLine
 10
21.21506853498002
 20
49.03999999956002
 30
0.0
 11
21.56006853332002
 21
49.03999999956002
 31
0.0
  0
LINE
  5
7B3
330
2D0
100
AcDbEntity
  8
0
  6
Continuous
 62
     7
100
AcDbLine
 10
22.08818733992001
 20
49.03999999956002
 30
0.0
 11
24.13366837976
 21
49.03999999956002
 31
0.0
  0
LINE
  5
7B4
330
2D0
100
AcDbEntity
  8
0
  6
Continuous
 62
     7
100
AcDbLine
 10
24.17664316046003
 20
49.03999999956002
 30
0.0
 11
24.39999999847998
 21
49.03999999956002
 31
0.0
  0
LINE
  5
7B5
330
2D0
100
AcDbEntity
  8
0
  6
Continuous
 62
     7
100
AcDbLine
 10
23.97006853424003
 20
49.06500000035999
 30
0.0
 11
22.55006853451999
 21
49.06500000035999
 31
0.0
  0
LINE
  5
7B6
330
2D0
100
AcDbEntity
  8
0
  6
Continuous
 62
     7
100
AcDbLine
 10
17.57999999868002
 20
49.06955614060001
 30
0.0
 11
16.92270509788003
 21
49.06955614060001
 31
0.0
  0
LINE
  5
7B7
330
2D0
100
AcDbEntity
  8
0
  6
Continuous
 62
     7
100
AcDbLine
 10
21.66206110556001
 20
49.09000000116001
 30
0.0
 11
22.55006853451999
 21
49.09000000116001
 31
0.0
  0
LINE
  5
7B8
330
2D0
100
AcDbEntity
  8
0
  6
Continuous
 62
     7
100
AcDbLine
 10
24.49999999913996
 20
49.14000000022
 30
0.0
 11
24.39999999847998
 21
49.14000000022
 31
0.0
  0
LINE
  5
7B9
330
2D0
100
AcDbEntity
  8
0
  6
Continuous
 62
     7
100
AcDbLine
 10
24.14999999809999
 20
49.14000000022
 30
0.0
 11
23.97006853424003
 21
49.14000000022
 31
0.0
  0
LINE
  5
7BA
330
2D0
100
AcDbEntity
  8
0
  6
Continuous
 62
     7
100
AcDbLine
 10
20.42006853493999
 20
49.21500000008001
 30
0.0
 11
20.90006853506
 21
49.21500000008001
 31
0.0
  0
LINE
  5
7BB
330
2D0
100
AcDbEntity
  8
0
  6
Continuous
 62
     7
100
AcDbLine
 10
22.49542387368001
 20
49.21500000008001
 30
0.0
 11
23.97006853424003
 21
49.21500000008001
 31
0.0
  0
LINE
  5
7BC
330
2D0
100
AcDbEntity
  8
0
  6
Continuous
 62
     7
100
AcDbLine
 10
17.57999999868002
 20
49.23000000056001
 30
0.0
 11
16.92270509788003
 21
49.23000000056001
 31
0.0
  0
LINE
  5
7BD
330
2D0
100
AcDbEntity
  8
0
  6
Continuous
 62
     7
100
AcDbLine
 10
24.50006853342001
 20
49.24000000088
 30
0.0
 11
24.39999999847998
 21
49.24000000088
 31
0.0
  0
LINE
  5
7BE
330
2D0
100
AcDbEntity
  8
0
  6
Continuous
 62
     7
100
AcDbLine
 10
24.14999999809999
 20
49.24000000088
 30
0.0
 11
23.97006853424003
 21
49.24000000088
 31
0.0
  0
LINE
  5
7BF
330
2D0
100
AcDbEntity
  8
0
  6
Continuous
 62
     7
100
AcDbLine
 10
22.46006853418001
 20
49.24000000088
 30
0.0
 11
21.56006853332002
 21
49.24000000088
 31
0.0
  0
LINE
  5
7C0
330
2D0
100
AcDbEntity
  8
0
  6
Continuous
 62
     7
100
AcDbLine
 10
20.90006853506
 20
49.24000000088
 30
0.0
 11
20.42006853493999
 21
49.24000000088
 31
0.0
  0
LINE
  5
7C1
330
2D0
100
AcDbEntity
  8
0
  6
Continuous
 62
     7
100
AcDbLine
 10
24.14999999809999
 20
49.43999999966002
 30
0.0
 11
23.97006853424003
 21
49.43999999966002
 31
0.0
  0
LINE
  5
7C2
330
2D0
100
AcDbEntity
  8
0
  6
Continuous
 62
     7
100
AcDbLine
 10
20.42006853493999
 20
49.43999999966002
 30
0.0
 11
20.90006853506
 21
49.43999999966002
 31
0.0
  0
LINE
  5
7C3
330
2D0
100
AcDbEntity
  8
0
  6
Continuous
 62
     7
100
AcDbLine
 10
21.56006853332002
 20
49.43999999966002
 30
0.0
 11
22.46006853418001
 21
49.43999999966002
 31
0.0
  0
LINE
  5
7C4
330
2D0
100
AcDbEntity
  8
0
  6
Continuous
 62
     7
100
AcDbLine
 10
24.39999999847998
 20
49.43999999966002
 30
0.0
 11
24.50006853342001
 21
49.43999999966002
 31
0.0
  0
LINE
  5
7C5
330
2D0
100
AcDbEntity
  8
0
  6
Continuous
 62
     7
100
AcDbLine
 10
20.90006853506
 20
49.46500000046001
 30
0.0
 11
20.42006853493999
 21
49.46500000046001
 31
0.0
  0
LINE
  5
7C6
330
2D0
100
AcDbEntity
  8
0
  6
Continuous
 62
     7
100
AcDbLine
 10
22.49542387368001
 20
49.46500000046001
 30
0.0
 11
23.97006853424003
 21
49.46500000046001
 31
0.0
  0
LINE
  5
7C7
330
2D0
100
AcDbEntity
  8
0
  6
Continuous
 62
     7
100
AcDbLine
 10
21.66206110556001
 20
49.58999999938001
 30
0.0
 11
22.55006853451999
 21
49.58999999938001
 31
0.0
  0
LINE
  5
7C8
330
2D0
100
AcDbEntity
  8
0
  6
Continuous
 62
     7
100
AcDbLine
 10
22.55006853451999
 20
49.61500000018
 30
0.0
 11
23.97006853424003
 21
49.61500000018
 31
0.0
  0
LINE
  5
7C9
330
2D0
100
AcDbEntity
  8
0
  6
Continuous
 62
     7
100
AcDbLine
 10
24.50006853342001
 20
49.64000000098002
 30
0.0
 11
24.40006853276
 21
49.64000000098002
 31
0.0
  0
LINE
  5
7CA
330
2D0
100
AcDbEntity
  8
0
  6
Continuous
 62
     7
100
AcDbLine
 10
21.56006853332002
 20
49.64000000098002
 30
0.0
 11
21.21506853498002
 21
49.64000000098002
 31
0.0
  0
LINE
  5
7CB
330
2D0
100
AcDbEntity
  8
0
  6
Continuous
 62
     7
100
AcDbLine
 10
22.08818733992001
 20
49.64000000098002
 30
0.0
 11
24.14999999809999
 21
49.64000000098002
 31
0.0
  0
LINE
  5
7CC
330
2D0
100
AcDbEntity
  8
0
  6
Continuous
 62
     7
100
AcDbLine
 10
23.50006853444
 20
49.67999999972
 30
0.0
 11
23.10006853433998
 21
49.67999999972
 31
0.0
  0
LINE
  5
7CD
330
2D0
100
AcDbEntity
  8
0
  6
Continuous
 62
     7
100
AcDbLine
 10
24.14999999809999
 20
49.69000000003999
 30
0.0
 11
24.39999999847998
 21
49.69000000003999
 31
0.0
  0
LINE
  5
7CE
330
2D0
100
AcDbEntity
  8
0
  6
Continuous
 62
     7
100
AcDbLine
 10
23.50006853444
 20
49.80000000102004
 30
0.0
 11
23.10006853433998
 21
49.80000000102004
 31
0.0
  0
LINE
  5
7CF
330
2D0
100
AcDbEntity
  8
0
  6
Continuous
 62
     7
100
AcDbLine
 10
24.50006853342001
 20
49.83999999975998
 30
0.0
 11
24.40006853276
 21
49.83999999975998
 31
0.0
  0
LINE
  5
7D0
330
2D0
100
AcDbEntity
  8
0
  6
Continuous
 62
     7
100
AcDbLine
 10
21.21506853498002
 20
49.83999999975998
 30
0.0
 11
21.56006853332002
 21
49.83999999975998
 31
0.0
  0
LINE
  5
7D1
330
2D0
100
AcDbEntity
  8
0
  6
Continuous
 62
     7
100
AcDbLine
 10
22.08818733992001
 20
49.83999999975998
 30
0.0
 11
24.14999999809999
 21
49.83999999975998
 31
0.0
  0
LINE
  5
7D2
330
2D0
100
AcDbEntity
  8
0
  6
Continuous
 62
     7
100
AcDbLine
 10
23.97006853424003
 20
49.86500000056
 30
0.0
 11
22.55006853451999
 21
49.86500000056
 31
0.0
  0
LINE
  5
7D3
330
2D0
100
AcDbEntity
  8
0
  6
Continuous
 62
     7
100
AcDbLine
 10
21.66206110556001
 20
49.89000000136002
 30
0.0
 11
22.55006853451999
 21
49.89000000136002
 31
0.0
  0
LINE
  5
7D4
330
2D0
100
AcDbEntity
  8
0
  6
Continuous
 62
     7
100
AcDbLine
 10
24.49999999913996
 20
49.90999999946001
 30
0.0
 11
24.39999999847998
 21
49.90999999946001
 31
0.0
  0
LINE
  5
7D5
330
2D0
100
AcDbEntity
  8
0
  6
Continuous
 62
     7
100
AcDbLine
 10
24.14999999809999
 20
49.90999999946001
 30
0.0
 11
23.97006853424003
 21
49.90999999946001
 31
0.0
  0
LINE
  5
7D6
330
2D0
100
AcDbEntity
  8
0
  6
Continuous
 62
     7
100
AcDbLine
 10
20.42006853493999
 20
50.01500000028
 30
0.0
 11
20.90006853506
 21
50.01500000028
 31
0.0
  0
LINE
  5
7D7
330
2D0
100
AcDbEntity
  8
0
  6
Continuous
 62
     7
100
AcDbLine
 10
22.49542387368001
 20
50.01500000028
 30
0.0
 11
23.97006853424003
 21
50.01500000028
 31
0.0
  0
LINE
  5
7D8
330
2D0
100
AcDbEntity
  8
0
  6
Continuous
 62
     7
100
AcDbLine
 10
24.50006853342001
 20
50.04000000108002
 30
0.0
 11
24.39999999847998
 21
50.04000000108002
 31
0.0
  0
LINE
  5
7D9
330
2D0
100
AcDbEntity
  8
0
  6
Continuous
 62
     7
100
AcDbLine
 10
24.14999999809999
 20
50.04000000108002
 30
0.0
 11
23.97006853424003
 21
50.04000000108002
 31
0.0
  0
LINE
  5
7DA
330
2D0
100
AcDbEntity
  8
0
  6
Continuous
 62
     7
100
AcDbLine
 10
22.46006853418001
 20
50.04000000108002
 30
0.0
 11
21.56006853332002
 21
50.04000000108002
 31
0.0
  0
LINE
  5
7DB
330
2D0
100
AcDbEntity
  8
0
  6
Continuous
 62
     7
100
AcDbLine
 10
20.90006853506
 20
50.04000000108002
 30
0.0
 11
20.42006853493999
 21
50.04000000108002
 31
0.0
  0
LINE
  5
7DC
330
2D0
100
AcDbEntity
  8
0
  6
Continuous
 62
     7
100
AcDbLine
 10
24.14999999809999
 20
50.23999999985998
 30
0.0
 11
23.97006853424003
 21
50.23999999985998
 31
0.0
  0
LINE
  5
7DD
330
2D0
100
AcDbEntity
  8
0
  6
Continuous
 62
     7
100
AcDbLine
 10
20.42006853493999
 20
50.23999999985998
 30
0.0
 11
20.90006853506
 21
50.23999999985998
 31
0.0
  0
LINE
  5
7DE
330
2D0
100
AcDbEntity
  8
0
  6
Continuous
 62
     7
100
AcDbLine
 10
21.56006853332002
 20
50.23999999985998
 30
0.0
 11
22.46006853418001
 21
50.23999999985998
 31
0.0
  0
LINE
  5
7DF
330
2D0
100
AcDbEntity
  8
0
  6
Continuous
 62
     7
100
AcDbLine
 10
24.39999999847998
 20
50.23999999985998
 30
0.0
 11
24.50006853342001
 21
50.23999999985998
 31
0.0
  0
LINE
  5
7E0
330
2D0
100
AcDbEntity
  8
0
  6
Continuous
 62
     7
100
AcDbLine
 10
20.90006853506
 20
50.26500000066002
 30
0.0
 11
20.42006853493999
 21
50.26500000066002
 31
0.0
  0
LINE
  5
7E1
330
2D0
100
AcDbEntity
  8
0
  6
Continuous
 62
     7
100
AcDbLine
 10
22.49542387368001
 20
50.26500000066002
 30
0.0
 11
23.97006853424003
 21
50.26500000066002
 31
0.0
  0
LINE
  5
7E2
330
2D0
100
AcDbEntity
  8
0
  6
Continuous
 62
     7
100
AcDbLine
 10
24.49999999913996
 20
50.34000000052001
 30
0.0
 11
24.39999999847998
 21
50.34000000052001
 31
0.0
  0
LINE
  5
7E3
330
2D0
100
AcDbEntity
  8
0
  6
Continuous
 62
     7
100
AcDbLine
 10
21.66206110556001
 20
50.38999999958003
 30
0.0
 11
22.55006853451999
 21
50.38999999958003
 31
0.0
  0
LINE
  5
7E4
330
2D0
100
AcDbEntity
  8
0
  6
Continuous
 62
     7
100
AcDbLine
 10
24.14999999809999
 20
50.41000000021998
 30
0.0
 11
23.97006853424003
 21
50.41000000021998
 31
0.0
  0
LINE
  5
7E5
330
2D0
100
AcDbEntity
  8
0
  6
Continuous
 62
     7
100
AcDbLine
 10
22.55006853451999
 20
50.41500000037999
 30
0.0
 11
23.97006853424003
 21
50.41500000037999
 31
0.0
  0
LINE
  5
7E6
330
2D0
100
AcDbEntity
  8
0
  6
Continuous
 62
     7
100
AcDbLine
 10
21.56006853332002
 20
50.44000000117998
 30
0.0
 11
21.21506853498002
 21
50.44000000117998
 31
0.0
  0
LINE
  5
7E7
330
2D0
100
AcDbEntity
  8
0
  6
Continuous
 62
     7
100
AcDbLine
 10
22.08818733992001
 20
50.44000000117998
 30
0.0
 11
24.14999999809999
 21
50.44000000117998
 31
0.0
  0
LINE
  5
7E8
330
2D0
100
AcDbEntity
  8
0
  6
Continuous
 62
     7
100
AcDbLine
 10
23.50006853444
 20
50.47999999992001
 30
0.0
 11
23.10006853433998
 21
50.47999999992001
 31
0.0
  0
LINE
  5
7E9
330
2D0
100
AcDbEntity
  8
0
  6
Continuous
 62
     7
100
AcDbLine
 10
23.50006853444
 20
50.60000000122
 30
0.0
 11
23.10006853433998
 21
50.60000000122
 31
0.0
  0
LINE
  5
7EA
330
2D0
100
AcDbEntity
  8
0
  6
Continuous
 62
     7
100
AcDbLine
 10
14.99999999994
 20
50.63999999996
 30
0.0
 11
14.29999580686001
 21
50.63999999996
 31
0.0
  0
LINE
  5
7EB
330
2D0
100
AcDbEntity
  8
0
  6
Continuous
 62
     7
100
AcDbLine
 10
21.21506853498002
 20
50.63999999996
 30
0.0
 11
21.56006853332002
 21
50.63999999996
 31
0.0
  0
LINE
  5
7EC
330
2D0
100
AcDbEntity
  8
0
  6
Continuous
 62
     7
100
AcDbLine
 10
22.08818733992001
 20
50.63999999996
 30
0.0
 11
24.14999999809999
 21
50.63999999996
 31
0.0
  0
LINE
  5
7ED
330
2D0
100
AcDbEntity
  8
0
  6
Continuous
 62
     7
100
AcDbLine
 10
23.97006853424003
 20
50.66500000076002
 30
0.0
 11
22.55006853451999
 21
50.66500000076002
 31
0.0
  0
LINE
  5
7EE
330
2D0
100
AcDbEntity
  8
0
  6
Continuous
 62
     7
100
AcDbLine
 10
21.56006853332002
 20
50.68999999902002
 30
0.0
 11
22.55006853451999
 21
50.68999999902002
 31
0.0
  0
LINE
  5
7EF
330
2D0
100
AcDbEntity
  8
0
  6
Continuous
 62
     7
100
AcDbLine
 10
23.99999999837999
 20
50.74000000062
 30
0.0
 11
23.97006853424003
 21
50.74000000062
 31
0.0
  0
LINE
  5
7F0
330
2D0
100
AcDbEntity
  8
0
  6
Continuous
 62
     7
100
AcDbLine
 10
24.39999999847998
 20
50.81000000032
 30
0.0
 11
24.14999999809999
 21
50.81000000032
 31
0.0
  0
LINE
  5
7F1
330
2D0
100
AcDbEntity
  8
0
  6
Continuous
 62
     7
100
AcDbLine
 10
23.97006853424003
 20
50.81500000048001
 30
0.0
 11
22.61006853390003
 21
50.81500000048001
 31
0.0
  0
LINE
  5
7F2
330
2D0
100
AcDbEntity
  8
0
  6
Continuous
 62
     7
100
AcDbLine
 10
24.14999999809999
 20
50.84000000128003
 30
0.0
 11
23.97006853424003
 21
50.84000000128003
 31
0.0
  0
LINE
  5
7F3
330
2D0
100
AcDbEntity
  8
0
  6
Continuous
 62
     7
100
AcDbLine
 10
22.55006853451999
 20
50.84000000128003
 30
0.0
 11
21.56006853332002
 21
50.84000000128003
 31
0.0
  0
LINE
  5
7F4
330
2D0
100
AcDbEntity
  8
ECAD_PULSE_HX5401NL
  6
Continuous
 62
     7
100
AcDbLine
 10
15.24999999778001
 20
50.89514155978003
 30
0.0
 11
15.34670382265998
 21
50.89514155978003
 31
0.0
  0
LINE
  5
7F5
330
2D0
100
AcDbEntity
  8
0
  6
Continuous
 62
     7
100
AcDbLine
 10
25.09999999802002
 20
50.93999999940002
 30
0.0
 11
24.39999999847998
 21
50.93999999940002
 31
0.0
  0
LINE
  5
7F6
330
2D0
100
AcDbEntity
  8
0
  6
Continuous
 62
     7
100
AcDbLine
 10
21.66206110556001
 20
43.48999999975999
 30
0.0
 11
21.56006853332002
 21
43.50030280618
 31
0.0
  0
LINE
  5
7F7
330
2D0
100
AcDbEntity
  8
0
  6
Continuous
 62
     7
100
AcDbLine
 10
21.66206110556001
 20
44.28999999996003
 30
0.0
 11
21.56006853332002
 21
44.30030280637999
 31
0.0
  0
LINE
  5
7F8
330
2D0
100
AcDbEntity
  8
0
  6
Continuous
 62
     7
100
AcDbLine
 10
21.66206110556001
 20
45.09000000016002
 30
0.0
 11
21.56006853332002
 21
45.10030280658
 31
0.0
  0
LINE
  5
7F9
330
2D0
100
AcDbEntity
  8
0
  6
Continuous
 62
     7
100
AcDbLine
 10
21.66206110556001
 20
45.89000000035998
 30
0.0
 11
21.56006853332002
 21
45.90030280677999
 31
0.0
  0
LINE
  5
7FA
330
2D0
100
AcDbEntity
  8
0
  6
Continuous
 62
     7
100
AcDbLine
 10
21.66206110556001
 20
46.69000000056002
 30
0.0
 11
21.56006853332002
 21
46.70030280698001
 31
0.0
  0
LINE
  5
7FB
330
2D0
100
AcDbEntity
  8
0
  6
Continuous
 62
     7
100
AcDbLine
 10
21.66206110556001
 20
47.49000000075998
 30
0.0
 11
21.56006853332002
 21
47.50030280464
 31
0.0
  0
LINE
  5
7FC
330
2D0
100
AcDbEntity
  8
0
  6
Continuous
 62
     7
100
AcDbLine
 10
21.66206110556001
 20
48.29000000096002
 30
0.0
 11
21.56006853332002
 21
48.30030280483999
 31
0.0
  0
LINE
  5
7FD
330
2D0
100
AcDbEntity
  8
0
  6
Continuous
 62
     7
100
AcDbLine
 10
21.66206110556001
 20
49.09000000116001
 30
0.0
 11
21.56006853332002
 21
49.10030280504
 31
0.0
  0
LINE
  5
7FE
330
2D0
100
AcDbEntity
  8
0
  6
Continuous
 62
     7
100
AcDbLine
 10
21.66206110556001
 20
49.89000000136002
 30
0.0
 11
21.56006853332002
 21
49.90030280524002
 31
0.0
  0
LINE
  5
7FF
330
2D0
100
AcDbEntity
  8
0
  6
Continuous
 62
     7
100
AcDbLine
 10
22.49542387368001
 20
44.41500000142
 30
0.0
 11
22.46006853418001
 21
44.43999999968
 31
0.0
  0
LINE
  5
800
330
2D0
100
AcDbEntity
  8
0
  6
Continuous
 62
     7
100
AcDbLine
 10
22.49542387368001
 20
45.21499999908002
 30
0.0
 11
22.46006853418001
 21
45.23999999987998
 31
0.0
  0
LINE
  5
801
330
2D0
100
AcDbEntity
  8
0
  6
Continuous
 62
     7
100
AcDbLine
 10
22.49542387368001
 20
46.01499999928001
 30
0.0
 11
22.46006853418001
 21
46.04000000008
 31
0.0
  0
LINE
  5
802
330
2D0
100
AcDbEntity
  8
0
  6
Continuous
 62
     7
100
AcDbLine
 10
22.49542387368001
 20
46.81499999948002
 30
0.0
 11
22.46006853418001
 21
46.84000000028001
 31
0.0
  0
LINE
  5
803
330
2D0
100
AcDbEntity
  8
0
  6
Continuous
 62
     7
100
AcDbLine
 10
22.49542387368001
 20
47.61499999968001
 30
0.0
 11
22.46006853418001
 21
47.64000000048
 31
0.0
  0
LINE
  5
804
330
2D0
100
AcDbEntity
  8
0
  6
Continuous
 62
     7
100
AcDbLine
 10
22.49542387368001
 20
48.41499999988
 30
0.0
 11
22.46006853418001
 21
48.44000000068002
 31
0.0
  0
LINE
  5
805
330
2D0
100
AcDbEntity
  8
0
  6
Continuous
 62
     7
100
AcDbLine
 10
22.49542387368001
 20
49.21500000008001
 30
0.0
 11
22.46006853418001
 21
49.24000000088
 31
0.0
  0
LINE
  5
806
330
2D0
100
AcDbEntity
  8
0
  6
Continuous
 62
     7
100
AcDbLine
 10
22.49542387368001
 20
50.01500000028
 30
0.0
 11
22.46006853418001
 21
50.04000000108002
 31
0.0
  0
LINE
  5
807
330
2D0
100
AcDbEntity
  8
03___PRT_ALL_CURVES
  6
Continuous
 62
     4
100
AcDbLine
 10
28.02169171113999
 20
46.79811731798
 30
0.0
 11
28.47107773642
 21
46.14000000074
 31
0.0
  0
LINE
  5
808
330
2D0
100
AcDbEntity
  8
03___PRT_ALL_CURVES
  6
Continuous
 62
     4
100
AcDbLine
 10
28.47107773642
 20
46.67533422852
 30
0.0
 11
28.01923595278001
 21
47.34000000104001
 31
0.0
  0
LINE
  5
809
330
2D0
100
AcDbEntity
  8
03___PRT_ALL_CURVES
  6
Continuous
 62
     4
100
AcDbLine
 10
30.34065495229999
 20
46.14000000074
 30
0.0
 11
29.88308325631999
 21
46.88652113914
 31
0.0
  0
LINE
  5
80A
330
2D0
100
AcDbEntity
  8
03___PRT_ALL_CURVES
  6
Continuous
 62
     4
100
AcDbLine
 10
29.63096848242
 20
46.63276943176001
 30
0.0
 11
29.88390179417999
 21
46.14000000074
 31
0.0
  0
LINE
  5
80B
330
2D0
100
AcDbEntity
  8
0
  6
Continuous
 62
     7
100
AcDbLine
 10
19.200068534
 20
51.44000000016001
 30
0.0
 11
23.97006853424003
 21
51.44000000016001
 31
0.0
  0
LINE
  5
80C
330
2D0
100
AcDbEntity
  8
0
  6
Continuous
 62
     7
100
AcDbLine
 10
14.29999580686001
 20
51.84000000026001
 30
0.0
 11
14.99999999994
 21
51.84000000026001
 31
0.0
  0
LINE
  5
80D
330
2D0
100
AcDbEntity
  8
0
  6
Continuous
 62
     7
100
AcDbLine
 10
21.56006853332002
 20
52.03999999904002
 30
0.0
 11
20.66006853499999
 21
52.03999999904002
 31
0.0
  0
LINE
  5
80E
330
2D0
100
AcDbEntity
  8
0
  6
Continuous
 62
     7
100
AcDbLine
 10
24.39999999847998
 20
52.1399999997
 30
0.0
 11
25.09999999802002
 21
52.1399999997
 31
0.0
  0
LINE
  5
80F
330
2D0
100
AcDbEntity
  8
0
  6
Continuous
 62
     7
100
AcDbLine
 10
19.200068534
 20
52.24000000036
 30
0.0
 11
24.14999999809999
 21
52.24000000036
 31
0.0
  0
LINE
  5
810
330
2D0
100
AcDbEntity
  8
0
  6
Continuous
 62
     7
100
AcDbLine
 10
24.39999999847998
 20
52.24000000036
 30
0.0
 11
24.49999999913996
 21
52.24000000036
 31
0.0
  0
LINE
  5
811
330
2D0
100
AcDbEntity
  8
0
  6
Continuous
 62
     7
100
AcDbLine
 10
24.49999999913996
 20
52.44999999946
 30
0.0
 11
24.39999999847998
 21
52.44999999946
 31
0.0
  0
LINE
  5
812
330
2D0
100
AcDbEntity
  8
0
  6
Continuous
 62
     7
100
AcDbLine
 10
24.39999999847998
 20
52.81000000081997
 30
0.0
 11
24.14999999809999
 21
52.81000000081997
 31
0.0
  0
LINE
  5
813
330
2D0
100
AcDbEntity
  8
0
  6
Continuous
 62
     7
100
AcDbLine
 10
15.24999999778001
 20
52.87000000020001
 30
0.0
 11
15.67999999884
 21
52.87000000020001
 31
0.0
  0
LINE
  5
814
330
2D0
100
AcDbEntity
  8
0
  6
Continuous
 62
     7
100
AcDbLine
 10
24.49999999913996
 20
52.95000000022003
 30
0.0
 11
24.39999999847998
 21
52.95000000022003
 31
0.0
  0
LINE
  5
815
330
2D0
100
AcDbEntity
  8
0
  6
Continuous
 62
     7
100
AcDbLine
 10
24.49999999913996
 20
53.71999999946001
 30
0.0
 11
24.39999999847998
 21
53.71999999946001
 31
0.0
  0
LINE
  5
816
330
2D0
100
AcDbEntity
  8
0
  6
Continuous
 62
     7
100
AcDbLine
 10
21.88740457663997
 20
53.71999999946001
 30
0.0
 11
21.54999999872004
 21
53.71999999946001
 31
0.0
  0
LINE
  5
817
330
2D0
100
AcDbEntity
  8
0
  6
Continuous
 62
     7
100
AcDbLine
 10
21.92912878326004
 20
53.72999999977998
 30
0.0
 11
22.57087121326001
 21
53.72999999977998
 31
0.0
  0
LINE
  5
818
330
2D0
100
AcDbEntity
  8
0
  6
Continuous
 62
     7
100
AcDbLine
 10
24.54999999820004
 20
53.74000000010003
 30
0.0
 11
24.39999999847998
 21
53.74000000010003
 31
0.0
  0
LINE
  5
819
330
2D0
100
AcDbEntity
  8
0
  6
Continuous
 62
     7
100
AcDbLine
 10
24.14999999809999
 20
53.74000000010003
 30
0.0
 11
15.29999999937999
 21
53.74000000010003
 31
0.0
  0
LINE
  5
81A
330
2D0
100
AcDbEntity
  8
0
  6
Continuous
 62
     7
100
AcDbLine
 10
24.39999999847998
 20
53.98000000016
 30
0.0
 11
24.14999999809999
 21
53.98000000016
 31
0.0
  0
LINE
  5
81B
330
2D0
100
AcDbEntity
  8
0
  6
Continuous
 62
     7
100
AcDbLine
 10
15.29999999937999
 20
53.99000000048002
 30
0.0
 11
24.54999999820004
 21
53.99000000048002
 31
0.0
  0
LINE
  5
81C
330
2D0
100
AcDbEntity
  8
0
  6
Continuous
 62
     7
100
AcDbLine
 10
20.94999999984
 20
54.00250000087999
 30
0.0
 11
20.84999999918
 21
54.00250000087999
 31
0.0
  0
LINE
  5
81D
330
2D0
100
AcDbEntity
  8
0
  6
Continuous
 62
     7
100
AcDbLine
 10
24.49999999913996
 20
54.22000000021998
 30
0.0
 11
24.16292873526004
 21
54.22000000021998
 31
0.0
  0
LINE
  5
81E
330
2D0
100
AcDbEntity
  8
0
  6
Continuous
 62
     7
100
AcDbLine
 10
20.84999999918
 20
54.22000000021998
 30
0.0
 11
19.64999999888002
 21
54.22000000021998
 31
0.0
  0
LINE
  5
81F
330
2D0
100
AcDbEntity
  8
0
  6
Continuous
 62
     7
100
AcDbLine
 10
20.94999999984
 20
54.23000000054
 30
0.0
 11
21.04999999796001
 21
54.23000000054
 31
0.0
  0
LINE
  5
820
330
2D0
100
AcDbEntity
  8
0
  6
Continuous
 62
     7
100
AcDbLine
 10
22.24999999826002
 20
54.23000000054
 30
0.0
 11
24.09999999903999
 21
54.23000000054
 31
0.0
  0
LINE
  5
821
330
2D0
100
AcDbEntity
  8
0
  6
Continuous
 62
     7
100
AcDbLine
 10
22.47999999800001
 20
54.24000000085999
 30
0.0
 11
22.24999999826002
 21
54.24000000085999
 31
0.0
  0
LINE
  5
822
330
2D0
100
AcDbEntity
  8
0
  6
Continuous
 62
     7
100
AcDbLine
 10
20.84999999918
 20
54.25250000126002
 30
0.0
 11
21.04999999796001
 21
54.25250000126002
 31
0.0
  0
LINE
  5
823
330
2D0
100
AcDbEntity
  8
0
  6
Continuous
 62
     7
100
AcDbLine
 10
22.24999999826002
 20
54.25250000126002
 30
0.0
 11
24.14999999809999
 21
54.25250000126002
 31
0.0
  0
LINE
  5
824
330
2D0
100
AcDbEntity
  8
02___PRT_ALL_AXES
  6
Continuous
 62
     7
100
AcDbLine
 10
24.09999999903999
 20
54.69000000002001
 30
0.0
 11
15.29999999937999
 21
54.69000000002001
 31
0.0
  0
LINE
  5
825
330
2D0
100
AcDbEntity
  8
0
  6
Continuous
 62
     7
100
AcDbLine
 10
24.09999999903999
 20
54.69000000002001
 30
0.0
 11
15.29999999937999
 21
54.69000000002001
 31
0.0
  0
LINE
  5
826
330
2D0
100
AcDbEntity
  8
0
  6
Continuous
 62
     7
100
AcDbLine
 10
-0.2500000003800267
 20
91.80000000136002
 30
0.0
 11
32.24999999822003
 21
91.80000000136002
 31
0.0
  0
LINE
  5
827
330
2D0
100
AcDbEntity
  8
0
  6
Continuous
 62
     7
100
AcDbLine
 10
-0.2500000003800267
 20
91.89999999948
 30
0.0
 11
32.24999999822003
 21
91.89999999948
 31
0.0
  0
LINE
  5
828
330
2D0
100
AcDbEntity
  8
0
  6
Continuous
 62
     7
100
AcDbLine
 10
32.24999999822003
 20
116.89999999938
 30
0.0
 11
-0.2500000003800267
 21
116.89999999938
 31
0.0
  0
LINE
  5
829
330
2D0
100
AcDbEntity
  8
0
  6
Continuous
 62
     7
100
AcDbLine
 10
-0.2500000003800267
 20
117.00000000004
 30
0.0
 11
32.24999999822003
 21
117.00000000004
 31
0.0
  0
LINE
  5
82A
330
2D0
100
AcDbEntity
  8
03___PRT_ALL_CURVES
  6
Continuous
 62
     4
100
AcDbLine
 10
10.92070276865999
 20
120.06855386546
 30
0.0
 11
10.24369056414
 21
120.27319233096
 31
0.0
  0
LINE
  5
82B
330
2D0
100
AcDbEntity
  8
03___PRT_ALL_CURVES
  6
Continuous
 62
     4
100
AcDbLine
 10
13.6372786309
 20
120.06855386546
 30
0.0
 11
12.96026612666
 21
120.27319233096
 31
0.0
  0
LINE
  5
82C
330
2D0
100
AcDbEntity
  8
03___PRT_ALL_CURVES
  6
Continuous
 62
     4
100
AcDbLine
 10
12.93127591794001
 20
120.86323323876
 30
0.0
 11
13.61340398979999
 21
121.01500678078
 31
0.0
  0
LINE
  5
82D
330
2D0
100
AcDbEntity
  8
03___PRT_ALL_CURVES
  6
Continuous
 62
     4
100
AcDbLine
 10
10.21470005824003
 20
120.86323323876
 30
0.0
 11
10.89682842728001
 21
121.01500678078
 31
0.0
  0
LINE
  5
82E
330
2D0
100
AcDbEntity
  8
0
  6
Continuous
 62
     7
100
AcDbLine
 10
32.24999999822003
 20
117.59999999892
 30
0.0
 11
-0.2500000003800267
 21
117.59999999892
 31
0.0
  0
LINE
  5
82F
330
2D0
100
AcDbEntity
  8
03___PRT_ALL_CURVES
  6
Continuous
 62
     4
100
AcDbLine
 10
17.2423260944
 20
119.25000000092
 30
0.0
 11
17.93468649530001
 21
119.25000000092
 31
0.0
  0
LINE
  5
830
330
2D0
100
AcDbEntity
  8
03___PRT_ALL_CURVES
  6
Continuous
 62
     4
100
AcDbLine
 10
16.82111199144001
 20
121.16336974542
 30
0.0
 11
18.05576439132003
 21
121.16336974542
 31
0.0
  0
LINE
  5
831
330
2D0
100
AcDbEntity
  8
03___PRT_ALL_CURVES
  6
Continuous
 62
     4
100
AcDbLine
 10
18.84873802761999
 20
121.74999999964
 30
0.0
 11
16.82111199144001
 21
121.74999999964
 31
0.0
  0
LINE
  5
832
330
2D0
100
AcDbEntity
  8
03___PRT_ALL_CURVES
  6
Continuous
 62
     4
100
AcDbLine
 10
16.41012962062001
 20
121.74999999964
 30
0.0
 11
15.63932473855999
 21
121.74999999964
 31
0.0
  0
LINE
  5
833
330
2D0
100
AcDbEntity
  8
03___PRT_ALL_CURVES
  6
Continuous
 62
     4
100
AcDbLine
 10
14.78495950799999
 20
121.74999999964
 30
0.0
 11
14.01415462594002
 21
121.74999999964
 31
0.0
  0
LINE
  5
834
330
2D0
100
AcDbEntity
  8
0
  6
Continuous
 62
     7
100
AcDbLine
 10
32.24999999822003
 20
124.00000000052
 30
0.0
 11
-0.2500000003800267
 21
124.00000000052
 31
0.0
  0
LINE
  5
835
330
2D0
100
AcDbEntity
  8
0
  6
Continuous
 62
     7
100
AcDbLine
 10
16.39999999902
 20
124.84999999978
 30
0.0
 11
15.59999999882001
 21
124.84999999978
 31
0.0
  0
LINE
  5
836
330
2D0
100
AcDbEntity
  8
0
  6
Continuous
 62
     7
100
AcDbLine
 10
17.74999999904
 20
126.1999999998
 30
0.0
 11
16.39999999902
 21
126.1999999998
 31
0.0
  0
LINE
  5
837
330
2D0
100
AcDbEntity
  8
0
  6
Continuous
 62
     7
100
AcDbLine
 10
14.24999999880001
 20
126.1999999998
 30
0.0
 11
15.59999999882001
 21
126.1999999998
 31
0.0
  0
LINE
  5
838
330
2D0
100
AcDbEntity
  8
0
  6
Continuous
 62
     7
100
AcDbLine
 10
14.24999999880001
 20
127.0
 30
0.0
 11
15.59999999882001
 21
127.0
 31
0.0
  0
LINE
  5
839
330
2D0
100
AcDbEntity
  8
0
  6
Continuous
 62
     7
100
AcDbLine
 10
16.39999999902
 20
127.0
 30
0.0
 11
17.74999999904
 21
127.0
 31
0.0
  0
LINE
  5
83A
330
2D0
100
AcDbEntity
  8
0
  6
Continuous
 62
     7
100
AcDbLine
 10
15.59999999882001
 20
128.35000000002
 30
0.0
 11
16.39999999902
 21
128.35000000002
 31
0.0
  0
LINE
  5
83B
330
2D0
100
AcDbEntity
  8
02___PRT_ALL_AXES
  6
Continuous
 62
     7
100
AcDbLine
 10
31.99999999784001
 20
129.99999999948
 30
0.0
 11
0.0
 21
129.99999999948
 31
0.0
  0
ARC
  5
83C
330
2D0
100
AcDbEntity
  8
02___PRT_ALL_AXES
  6
Continuous
 62
     7
100
AcDbCircle
 10
14.29999999786003
 20
20.94999999984
 30
0.0
 40
0.9999999989799999
100
AcDbArc
 50
291.6174305233
 51
307.5109333716999
  0
ARC
  5
83D
330
2D0
100
AcDbEntity
  8
0
  6
Continuous
 62
     7
100
AcDbCircle
 10
14.97759105822001
 20
25.52831450334
 30
0.0
 40
0.9434641608200001
100
AcDbArc
 50
70.70906078580003
 51
72.84134231720003
  0
ARC
  5
83E
330
2D0
100
AcDbEntity
  8
0
  6
Continuous
 62
     7
100
AcDbCircle
 10
14.97759105822001
 20
31.02831450408002
 30
0.0
 40
0.9434641608200001
100
AcDbArc
 50
70.70906078580003
 51
72.84134231730002
  0
ARC
  5
83F
330
2D0
100
AcDbEntity
  8
0
  6
Continuous
 62
     7
100
AcDbCircle
 10
14.97759105822001
 20
44.52831450427999
 30
0.0
 40
0.9434641608200001
100
AcDbArc
 50
70.70906078570002
 51
72.84134231730002
  0
ARC
  5
840
330
2D0
100
AcDbEntity
  8
0
  6
Continuous
 62
     7
100
AcDbCircle
 10
14.97759105822001
 20
50.02831450502001
 30
0.0
 40
0.9434641608200001
100
AcDbArc
 50
70.70906078559996
 51
72.84134231730002
  0
ARC
  5
841
330
2D0
100
AcDbEntity
  8
02___PRT_ALL_AXES
  6
Continuous
 62
     7
100
AcDbCircle
 10
15.29999999937999
 20
34.69000000010001
 30
0.0
 40
0.9999999989799999
100
AcDbArc
 50
90.0
 51
180.0
  0
ARC
  5
842
330
2D0
100
AcDbEntity
  8
02___PRT_ALL_AXES
  6
Continuous
 62
     7
100
AcDbCircle
 10
15.29999999937999
 20
20.78999999980002
 30
0.0
 40
0.9999999989799999
100
AcDbArc
 50
180.0
 51
270.0
  0
ARC
  5
843
330
2D0
100
AcDbEntity
  8
0
  6
Continuous
 62
     7
100
AcDbCircle
 10
15.29999999937999
 20
34.69000000010001
 30
0.0
 40
0.9999999989799999
100
AcDbArc
 50
90.0
 51
180.0
  0
ARC
  5
844
330
2D0
100
AcDbEntity
  8
0
  6
Continuous
 62
     7
100
AcDbCircle
 10
15.29999999937999
 20
20.78999999980002
 30
0.0
 40
0.9999999989799999
100
AcDbArc
 50
180.0
 51
270.0
  0
ARC
  5
845
330
2D0
100
AcDbEntity
  8
0
  6
Continuous
 62
     7
100
AcDbCircle
 10
15.29999999937999
 20
20.78999999980002
 30
0.0
 40
0.29999999944
100
AcDbArc
 50
180.0
 51
270.0
  0
ARC
  5
846
330
2D0
100
AcDbEntity
  8
0
  6
Continuous
 62
     7
100
AcDbCircle
 10
15.16241705382001
 20
26.18999999988
 30
0.0
 40
0.29999999944
100
AcDbArc
 50
0.0
 51
37.63252570690002
  0
ARC
  5
847
330
2D0
100
AcDbEntity
  8
0
  6
Continuous
 62
     7
100
AcDbCircle
 10
15.16241705382001
 20
23.78999999928001
 30
0.0
 40
0.29999999944
100
AcDbArc
 50
322.3674742931
 51
0.0
  0
ARC
  5
848
330
2D0
100
AcDbEntity
  8
0
  6
Continuous
 62
     7
100
AcDbCircle
 10
15.16241705382001
 20
31.69000000062002
 30
0.0
 40
0.29999999944
100
AcDbArc
 50
0.0
 51
37.63252570690002
  0
ARC
  5
849
330
2D0
100
AcDbEntity
  8
0
  6
Continuous
 62
     7
100
AcDbCircle
 10
15.16241705382001
 20
29.29000000002003
 30
0.0
 40
0.29999999944
100
AcDbArc
 50
322.3674742932
 51
0.0
  0
ARC
  5
84A
330
2D0
100
AcDbEntity
  8
0
  6
Continuous
 62
     7
100
AcDbCircle
 10
15.29999999937999
 20
34.69000000010001
 30
0.0
 40
0.29999999944
100
AcDbArc
 50
90.0
 51
180.0
  0
ARC
  5
84B
330
2D0
100
AcDbEntity
  8
0
  6
Continuous
 62
     7
100
AcDbCircle
 10
15.67999999884
 20
21.46000000091999
 30
0.0
 40
0.14999999972
100
AcDbArc
 50
0.0
 51
90.0
  0
ARC
  5
84C
330
2D0
100
AcDbEntity
  8
0
  6
Continuous
 62
     7
100
AcDbCircle
 10
15.67999999884
 20
34.01999999898001
 30
0.0
 40
0.14999999972
100
AcDbArc
 50
270.0
 51
0.0
  0
ARC
  5
84D
330
2D0
100
AcDbEntity
  8
0
  6
Continuous
 62
     7
100
AcDbCircle
 10
15.29999999937999
 20
20.78999999980002
 30
0.0
 40
0.04999999906
100
AcDbArc
 50
180.0
 51
270.0
  0
ARC
  5
84E
330
2D0
100
AcDbEntity
  8
0
  6
Continuous
 62
     7
100
AcDbCircle
 10
15.29999999937999
 20
34.69000000010001
 30
0.0
 40
0.04999999906
100
AcDbArc
 50
90.0
 51
180.0
  0
ARC
  5
84F
330
2D0
100
AcDbEntity
  8
02___PRT_ALL_AXES
  6
Continuous
 62
     7
100
AcDbCircle
 10
15.29999999937999
 20
39.79000000074001
 30
0.0
 40
0.9999999989799999
100
AcDbArc
 50
180.0
 51
270.0
  0
ARC
  5
850
330
2D0
100
AcDbEntity
  8
02___PRT_ALL_AXES
  6
Continuous
 62
     7
100
AcDbCircle
 10
15.29999999937999
 20
53.69000000104
 30
0.0
 40
0.9999999989799999
100
AcDbArc
 50
90.0
 51
180.0
  0
ARC
  5
851
330
2D0
100
AcDbEntity
  8
0
  6
Continuous
 62
     7
100
AcDbCircle
 10
15.29999999937999
 20
39.79000000074001
 30
0.0
 40
0.9999999989799999
100
AcDbArc
 50
180.0
 51
270.0
  0
ARC
  5
852
330
2D0
100
AcDbEntity
  8
0
  6
Continuous
 62
     7
100
AcDbCircle
 10
15.29999999937999
 20
53.69000000104
 30
0.0
 40
0.9999999989799999
100
AcDbArc
 50
90.0
 51
180.0
  0
ARC
  5
853
330
2D0
100
AcDbEntity
  8
0
  6
Continuous
 62
     7
100
AcDbCircle
 10
15.29999999937999
 20
39.79000000074001
 30
0.0
 40
0.29999999944
100
AcDbArc
 50
180.0
 51
270.0
  0
ARC
  5
854
330
2D0
100
AcDbEntity
  8
0
  6
Continuous
 62
     7
100
AcDbCircle
 10
15.16241705382001
 20
45.19000000081999
 30
0.0
 40
0.29999999944
100
AcDbArc
 50
0.0
 51
37.63252570690002
  0
ARC
  5
855
330
2D0
100
AcDbEntity
  8
0
  6
Continuous
 62
     7
100
AcDbCircle
 10
15.16241705382001
 20
42.79000000022
 30
0.0
 40
0.29999999944
100
AcDbArc
 50
322.3674742931
 51
0.0
  0
ARC
  5
856
330
2D0
100
AcDbEntity
  8
0
  6
Continuous
 62
     7
100
AcDbCircle
 10
15.16241705382001
 20
50.68999999902002
 30
0.0
 40
0.29999999944
100
AcDbArc
 50
0.0
 51
37.63252570690002
  0
ARC
  5
857
330
2D0
100
AcDbEntity
  8
0
  6
Continuous
 62
     7
100
AcDbCircle
 10
15.16241705382001
 20
48.29000000096002
 30
0.0
 40
0.29999999944
100
AcDbArc
 50
322.3674742932
 51
0.0
  0
ARC
  5
858
330
2D0
100
AcDbEntity
  8
0
  6
Continuous
 62
     7
100
AcDbCircle
 10
15.29999999937999
 20
53.69000000104
 30
0.0
 40
0.29999999944
100
AcDbArc
 50
90.0
 51
180.0
  0
ARC
  5
859
330
2D0
100
AcDbEntity
  8
0
  6
Continuous
 62
     7
100
AcDbCircle
 10
15.67999999884
 20
40.45999999931999
 30
0.0
 40
0.14999999972
100
AcDbArc
 50
0.0
 51
90.0
  0
ARC
  5
85A
330
2D0
100
AcDbEntity
  8
0
  6
Continuous
 62
     7
100
AcDbCircle
 10
15.67999999884
 20
53.01999999992
 30
0.0
 40
0.14999999972
100
AcDbArc
 50
270.0
 51
0.0
  0
ARC
  5
85B
330
2D0
100
AcDbEntity
  8
0
  6
Continuous
 62
     7
100
AcDbCircle
 10
15.29999999937999
 20
39.79000000074001
 30
0.0
 40
0.04999999906
100
AcDbArc
 50
180.0
 51
270.0
  0
ARC
  5
85C
330
2D0
100
AcDbEntity
  8
0
  6
Continuous
 62
     7
100
AcDbCircle
 10
15.29999999937999
 20
53.69000000104
 30
0.0
 40
0.04999999906
100
AcDbArc
 50
90.0
 51
180.0
  0
ARC
  5
85D
330
2D0
100
AcDbEntity
  8
0
  6
Continuous
 62
     7
100
AcDbCircle
 10
1.54999999879999
 20
92.80000000033999
 30
0.0
 40
0.9999999989799999
100
AcDbArc
 50
245.5491792546
 51
270.0
  0
ARC
  5
85E
330
2D0
100
AcDbEntity
  8
0
  6
Continuous
 62
     7
100
AcDbCircle
 10
1.54999999879999
 20
116.00000000106
 30
0.0
 40
0.9999999989799999
100
AcDbArc
 50
90.0
 51
114.4508207454
  0
ARC
  5
85F
330
2D0
100
AcDbEntity
  8
0
  6
Continuous
 62
     7
100
AcDbCircle
 10
15.99999999892
 20
3.399999999580018
 30
0.0
 40
2.84999999976
100
AcDbArc
 50
113.7203254665
 51
66.27967453810001
  0
ARC
  5
860
330
2D0
100
AcDbEntity
  8
0
  6
Continuous
 62
     7
100
AcDbCircle
 10
15.99999999892
 20
3.399999999580018
 30
0.0
 40
2.7499999991
100
AcDbArc
 50
108.8395913588
 51
71.16040866799997
  0
ARC
  5
861
330
2D0
100
AcDbEntity
  8
02___PRT_ALL_AXES
  6
Continuous
 62
     7
100
AcDbCircle
 10
24.09999999903999
 20
20.78999999980002
 30
0.0
 40
0.9999999989799999
100
AcDbArc
 50
270.0
 51
0.0
  0
ARC
  5
862
330
2D0
100
AcDbEntity
  8
0
  6
Continuous
 62
     7
100
AcDbCircle
 10
24.09999999903999
 20
20.78999999980002
 30
0.0
 40
0.9999999989799999
100
AcDbArc
 50
270.0
 51
0.0
  0
ARC
  5
863
330
2D0
100
AcDbEntity
  8
0
  6
Continuous
 62
     7
100
AcDbCircle
 10
22.47999999800001
 20
20.59000000102003
 30
0.0
 40
0.35000000104
100
AcDbArc
 50
270.0
 51
283.4194952776
  0
ARC
  5
864
330
2D0
100
AcDbEntity
  8
0
  6
Continuous
 62
     7
100
AcDbCircle
 10
24.09999999903999
 20
20.54999999974001
 30
0.0
 40
0.29999999944
100
AcDbArc
 50
270.0
 51
348.2874310204
  0
ARC
  5
865
330
2D0
100
AcDbEntity
  8
0
  6
Continuous
 62
     7
100
AcDbCircle
 10
21.69999999843998
 20
20.75000000106002
 30
0.0
 40
0.14999999972
100
AcDbArc
 50
23.57817847150001
 51
180.0
  0
ARC
  5
866
330
2D0
100
AcDbEntity
  8
0
  6
Continuous
 62
     7
100
AcDbCircle
 10
22.79999999808001
 20
20.75000000106002
 30
0.0
 40
0.14999999972
100
AcDbArc
 50
0.0
 51
156.4218215151
  0
ARC
  5
867
330
2D0
100
AcDbEntity
  8
0
  6
Continuous
 62
     7
100
AcDbCircle
 10
23.99999999837999
 20
23.5900000005
 30
0.0
 40
0.14999999972
100
AcDbArc
 50
19.70473017530005
 51
90.0
  0
ARC
  5
868
330
2D0
100
AcDbEntity
  8
0
  6
Continuous
 62
     7
100
AcDbCircle
 10
21.92912878326004
 20
20.84999999918
 30
0.0
 40
0.10000000066
100
AcDbArc
 50
203.5781784882
 51
270.0
  0
ARC
  5
869
330
2D0
100
AcDbEntity
  8
0
  6
Continuous
 62
     7
100
AcDbCircle
 10
22.57087121326001
 20
20.84999999918
 30
0.0
 40
0.10000000066
100
AcDbArc
 50
270.0
 51
336.4218215317999
  0
ARC
  5
86A
330
2D0
100
AcDbEntity
  8
0
  6
Continuous
 62
     7
100
AcDbCircle
 10
22.47999999800001
 20
34.89000000141999
 30
0.0
 40
0.35000000104
100
AcDbArc
 50
76.58050472230002
 51
90.0
  0
ARC
  5
86B
330
2D0
100
AcDbEntity
  8
0
  6
Continuous
 62
     7
100
AcDbCircle
 10
22.47999999800001
 20
39.58999999942
 30
0.0
 40
0.35000000104
100
AcDbArc
 50
270.0
 51
283.4194952776
  0
ARC
  5
86C
330
2D0
100
AcDbEntity
  8
0
  6
Continuous
 62
     7
100
AcDbCircle
 10
22.79999999808001
 20
34.73000000138001
 30
0.0
 40
0.14999999972
100
AcDbArc
 50
203.5781784675
 51
0.0
  0
ARC
  5
86D
330
2D0
100
AcDbEntity
  8
0
  6
Continuous
 62
     7
100
AcDbCircle
 10
21.69999999843998
 20
34.73000000138001
 30
0.0
 40
0.14999999972
100
AcDbArc
 50
180.0
 51
336.4218215078999
  0
ARC
  5
86E
330
2D0
100
AcDbEntity
  8
0
  6
Continuous
 62
     7
100
AcDbCircle
 10
21.69999999843998
 20
39.74999999946002
 30
0.0
 40
0.14999999972
100
AcDbArc
 50
23.57817847150001
 51
180.0
  0
ARC
  5
86F
330
2D0
100
AcDbEntity
  8
0
  6
Continuous
 62
     7
100
AcDbCircle
 10
22.79999999808001
 20
39.74999999946002
 30
0.0
 40
0.14999999972
100
AcDbArc
 50
0.0
 51
156.4218215151
  0
ARC
  5
870
330
2D0
100
AcDbEntity
  8
0
  6
Continuous
 62
     7
100
AcDbCircle
 10
22.57087121326001
 20
34.63000000072
 30
0.0
 40
0.10000000066
100
AcDbArc
 50
23.57817849420001
 51
90.0
  0
ARC
  5
871
330
2D0
100
AcDbEntity
  8
0
  6
Continuous
 62
     7
100
AcDbCircle
 10
21.92912878326004
 20
34.63000000072
 30
0.0
 40
0.10000000066
100
AcDbArc
 50
90.0
 51
156.4218215426
  0
ARC
  5
872
330
2D0
100
AcDbEntity
  8
0
  6
Continuous
 62
     7
100
AcDbCircle
 10
21.92912878326004
 20
39.85000000012002
 30
0.0
 40
0.10000000066
100
AcDbArc
 50
203.5781784882
 51
270.0
  0
ARC
  5
873
330
2D0
100
AcDbEntity
  8
0
  6
Continuous
 62
     7
100
AcDbCircle
 10
22.57087121326001
 20
39.85000000012002
 30
0.0
 40
0.10000000066
100
AcDbArc
 50
270.0
 51
336.4218215317999
  0
ARC
  5
874
330
2D0
100
AcDbEntity
  8
0
  6
Continuous
 62
     7
100
AcDbCircle
 10
22.47999999800001
 20
53.88999999981999
 30
0.0
 40
0.35000000104
100
AcDbArc
 50
76.58050472230002
 51
90.0
  0
ARC
  5
875
330
2D0
100
AcDbEntity
  8
0
  6
Continuous
 62
     7
100
AcDbCircle
 10
22.79999999808001
 20
53.72999999977998
 30
0.0
 40
0.14999999972
100
AcDbArc
 50
203.5781784675
 51
0.0
  0
ARC
  5
876
330
2D0
100
AcDbEntity
  8
0
  6
Continuous
 62
     7
100
AcDbCircle
 10
21.69999999843998
 20
53.72999999977998
 30
0.0
 40
0.14999999972
100
AcDbArc
 50
180.0
 51
336.4218215078999
  0
ARC
  5
877
330
2D0
100
AcDbEntity
  8
0
  6
Continuous
 62
     7
100
AcDbCircle
 10
22.57087121326001
 20
53.62999999912
 30
0.0
 40
0.10000000066
100
AcDbArc
 50
23.57817849420001
 51
90.0
  0
ARC
  5
878
330
2D0
100
AcDbEntity
  8
0
  6
Continuous
 62
     7
100
AcDbCircle
 10
21.92912878326004
 20
53.62999999912
 30
0.0
 40
0.10000000066
100
AcDbArc
 50
90.0
 51
156.4218215426
  0
ARC
  5
879
330
2D0
100
AcDbEntity
  8
02___PRT_ALL_AXES
  6
Continuous
 62
     7
100
AcDbCircle
 10
24.09999999903999
 20
39.79000000074001
 30
0.0
 40
0.9999999989799999
100
AcDbArc
 50
270.0
 51
0.0
  0
ARC
  5
87A
330
2D0
100
AcDbEntity
  8
02___PRT_ALL_AXES
  6
Continuous
 62
     7
100
AcDbCircle
 10
24.09999999903999
 20
34.69000000010001
 30
0.0
 40
0.9999999989799999
100
AcDbArc
 50
0.0
 51
90.0
  0
ARC
  5
87B
330
2D0
100
AcDbEntity
  8
0
  6
Continuous
 62
     7
100
AcDbCircle
 10
24.09999999903999
 20
39.79000000074001
 30
0.0
 40
0.9999999989799999
100
AcDbArc
 50
270.0
 51
0.0
  0
ARC
  5
87C
330
2D0
100
AcDbEntity
  8
0
  6
Continuous
 62
     7
100
AcDbCircle
 10
24.09999999903999
 20
34.69000000010001
 30
0.0
 40
0.9999999989799999
100
AcDbArc
 50
0.0
 51
90.0
  0
ARC
  5
87D
330
2D0
100
AcDbEntity
  8
0
  6
Continuous
 62
     7
100
AcDbCircle
 10
24.09999999903999
 20
34.93000000016002
 30
0.0
 40
0.29999999944
100
AcDbArc
 50
11.71256897959997
 51
90.0
  0
ARC
  5
87E
330
2D0
100
AcDbEntity
  8
0
  6
Continuous
 62
     7
100
AcDbCircle
 10
24.09999999903999
 20
39.55000000068
 30
0.0
 40
0.29999999944
100
AcDbArc
 50
270.0
 51
348.2874310204
  0
ARC
  5
87F
330
2D0
100
AcDbEntity
  8
0
  6
Continuous
 62
     7
100
AcDbCircle
 10
24.12082882453998
 20
29.81245227235999
 30
0.0
 40
0.22790968134
100
AcDbArc
 50
82.64727262550001
 51
86.77046616309997
  0
ARC
  5
880
330
2D0
100
AcDbEntity
  8
0
  6
Continuous
 62
     7
100
AcDbCircle
 10
23.99999999837999
 20
31.88999999939998
 30
0.0
 40
0.14999999972
100
AcDbArc
 50
270.0
 51
340.2952698247
  0
ARC
  5
881
330
2D0
100
AcDbEntity
  8
02___PRT_ALL_AXES
  6
Continuous
 62
     7
100
AcDbCircle
 10
24.09999999903999
 20
53.69000000104
 30
0.0
 40
0.9999999989799999
100
AcDbArc
 50
0.0
 51
90.0
  0
ARC
  5
882
330
2D0
100
AcDbEntity
  8
0
  6
Continuous
 62
     7
100
AcDbCircle
 10
24.09999999903999
 20
53.69000000104
 30
0.0
 40
0.9999999989799999
100
AcDbArc
 50
0.0
 51
90.0
  0
ARC
  5
883
330
2D0
100
AcDbEntity
  8
0
  6
Continuous
 62
     7
100
AcDbCircle
 10
24.09999999903999
 20
53.93000000109998
 30
0.0
 40
0.29999999944
100
AcDbArc
 50
11.71256897959997
 51
90.0
  0
ARC
  5
884
330
2D0
100
AcDbEntity
  8
0
  6
Continuous
 62
     7
100
AcDbCircle
 10
24.12082882453998
 20
48.81245227075999
 30
0.0
 40
0.22790968134
100
AcDbArc
 50
82.64727262580003
 51
86.77046616300001
  0
ARC
  5
885
330
2D0
100
AcDbEntity
  8
0
  6
Continuous
 62
     7
100
AcDbCircle
 10
23.99999999837999
 20
42.59000000144002
 30
0.0
 40
0.14999999972
100
AcDbArc
 50
19.7047301754
 51
90.0
  0
ARC
  5
886
330
2D0
100
AcDbEntity
  8
0
  6
Continuous
 62
     7
100
AcDbCircle
 10
23.99999999837999
 20
50.89000000034
 30
0.0
 40
0.14999999972
100
AcDbArc
 50
270.0
 51
340.2952698247
  0
ARC
  5
887
330
2D0
100
AcDbEntity
  8
0
  6
Continuous
 62
     7
100
AcDbCircle
 10
15.99999999892
 20
126.5999999999
 30
0.0
 40
2.84999999976
100
AcDbArc
 50
293.7203254653999
 51
246.2796745504
  0
ARC
  5
888
330
2D0
100
AcDbEntity
  8
0
  6
Continuous
 62
     7
100
AcDbCircle
 10
15.99999999892
 20
126.5999999999
 30
0.0
 40
2.7499999991
100
AcDbArc
 50
288.8395913588
 51
251.160408668
  0
ARC
  5
889
330
2D0
100
AcDbEntity
  8
0
  6
Continuous
 62
     7
100
AcDbCircle
 10
30.44999999903999
 20
116.00000000106
 30
0.0
 40
0.9999999989799999
100
AcDbArc
 50
65.54917925459998
 51
90.0
  0
ARC
  5
88A
330
2D0
100
AcDbEntity
  8
0
  6
Continuous
 62
     7
100
AcDbCircle
 10
30.44999999903999
 20
92.80000000033999
 30
0.0
 40
0.9999999989799999
100
AcDbArc
 50
270.0
 51
294.4508207453999
  0
SPLINE
  5
88B
330
2D0
100
AcDbEntity
  8
0
  6
Continuous
 62
     7
100
AcDbSpline
210
0.0
220
0.0
230
1.0
 70
     8
 71
     3
 72
     9
 73
     5
 74
     0
 42
0.0000001
 43
0.0000000001
 40
0.0
 40
0.0
 40
0.0
 40
0.0
 40
0.5125105433
 40
1.0
 40
1.0
 40
1.0
 40
1.0
 10
15.29994277826003
 20
23.52220060346002
 30
0.0
 10
15.29208947672004
 20
23.52219269135998
 30
0.0
 10
15.27626729347998
 20
23.52675592835999
 30
0.0
 10
15.26612504808
 20
23.53914826324001
 30
0.0
 10
15.26244452204
 20
23.54564850678
 30
0.0
  0
LINE
  5
88C
330
2D0
100
AcDbEntity
  8
0
  6
Continuous
 62
     7
100
AcDbLine
 10
15.28927872288
 20
26.41880617930002
 30
0.0
 11
15.40000000004
 21
26.37317844987999
 31
0.0
  0
SPLINE
  5
88D
330
2D0
100
AcDbEntity
  8
0
  6
Continuous
 62
     7
100
AcDbSpline
210
0.0
220
0.0
230
1.0
 70
     8
 71
     3
 72
     9
 73
     5
 74
     0
 42
0.0000001
 43
0.0000000001
 40
0.0
 40
0.0
 40
0.0
 40
0.0
 40
0.5125105433
 40
1.0
 40
1.0
 40
1.0
 40
1.0
 10
15.29994277826003
 20
29.02220060166002
 30
0.0
 10
15.29208947672004
 20
29.02219269210002
 30
0.0
 10
15.27626729347998
 20
29.02675592656001
 30
0.0
 10
15.26612504808
 20
29.03914826144
 30
0.0
 10
15.26244452204
 20
29.04564850498002
 30
0.0
  0
LINE
  5
88E
330
2D0
100
AcDbEntity
  8
0
  6
Continuous
 62
     7
100
AcDbLine
 10
15.28927872288
 20
31.91880618004004
 30
0.0
 11
15.40000000004
 21
31.87317845062
 31
0.0
  0
SPLINE
  5
88F
330
2D0
100
AcDbEntity
  8
0
  6
Continuous
 62
     7
100
AcDbSpline
210
0.0
220
0.0
230
1.0
 70
     8
 71
     3
 72
    11
 73
     7
 74
     0
 42
0.0000001
 43
0.0000000001
 40
0.0
 40
0.0
 40
0.0
 40
0.0
 40
0.2189584626
 40
0.4572265063
 40
0.7204374506
 40
1.0
 40
1.0
 40
1.0
 40
1.0
 10
17.72999999839999
 20
30.18459003456002
 30
0.0
 10
17.72999999839999
 20
30.16942931304001
 30
0.0
 10
17.72124911928
 20
30.13736339292001
 30
0.0
 10
17.68656776115998
 20
30.0995344541
 30
0.0
 10
17.63720743824001
 20
30.07512532588001
 30
0.0
 10
17.59935695514
 20
30.06955613965999
 30
0.0
 10
17.57999999868002
 20
30.06955613965999
 30
0.0
  0
SPLINE
  5
890
330
2D0
100
AcDbEntity
  8
0
  6
Continuous
 62
     7
100
AcDbSpline
210
0.0
220
0.0
230
1.0
 70
     8
 71
     3
 72
     9
 73
     5
 74
     0
 42
0.0000001
 43
0.0000000001
 40
0.0
 40
0.0
 40
0.0
 40
0.0
 40
0.5278404385000001
 40
1.0
 40
1.0
 40
1.0
 40
1.0
 10
16.92270509788003
 20
30.06955613965999
 30
0.0
 10
16.89580145852
 20
30.06955613965999
 30
0.0
 10
16.84416984728003
 20
30.07974214672001
 30
0.0
 10
16.80168457792001
 20
30.11298591817999
 30
0.0
 10
16.78854101772001
 20
30.13314531144002
 30
0.0
  0
SPLINE
  5
891
330
2D0
100
AcDbEntity
  8
0
  6
Continuous
 62
     7
100
AcDbSpline
210
0.0
220
0.0
230
1.0
 70
     8
 71
     3
 72
     9
 73
     5
 74
     0
 42
0.0000001
 43
0.0000000001
 40
0.0
 40
0.0
 40
0.0
 40
0.0
 40
0.2586737113
 40
1.0
 40
1.0
 40
1.0
 40
1.0
 10
15.84583592065999
 20
31.57905247296003
 30
0.0
 10
15.84328121659999
 20
31.58297083952002
 30
0.0
 10
15.83438075434003
 20
31.59872489996002
 30
0.0
 10
15.82999999856
 20
31.61709173394004
 30
0.0
 10
15.82999999856
 20
31.63049719608
 30
0.0
  0
SPLINE
  5
892
330
2D0
100
AcDbEntity
  8
0
  6
Continuous
 62
     7
100
AcDbSpline
210
0.0
220
0.0
230
1.0
 70
     8
 71
     3
 72
     9
 73
     5
 74
     0
 42
0.0000001
 43
0.0000000001
 40
0.0
 40
0.0
 40
0.0
 40
0.0
 40
0.5196818057
 40
1.0
 40
1.0
 40
1.0
 40
1.0
 10
15.25622061018004
 20
31.92862636868
 30
0.0
 10
15.25858493362
 20
31.93623408523999
 30
0.0
 10
15.26488452731999
 20
31.95126586873999
 30
0.0
 10
15.28088464772003
 20
31.95779111096002
 30
0.0
 10
15.28824784864
 20
31.95779939644004
 30
0.0
  0
SPLINE
  5
893
330
2D0
100
AcDbEntity
  8
0
  6
Continuous
 62
     7
100
AcDbSpline
210
0.0
220
0.0
230
1.0
 70
     8
 71
     3
 72
    11
 73
     7
 74
     0
 42
0.0000001
 43
0.0000000001
 40
0.0
 40
0.0
 40
0.0
 40
0.0
 40
0.2795625494
 40
0.5427734936999999
 40
0.7810415373999999
 40
1.0
 40
1.0
 40
1.0
 40
1.0
 10
17.57999999868002
 20
25.41044386024001
 30
0.0
 10
17.59935695514
 20
25.41044386024001
 30
0.0
 10
17.63720743824001
 20
25.40487467402002
 30
0.0
 10
17.68656776115998
 20
25.38046554579998
 30
0.0
 10
17.72124911928
 20
25.34263660698002
 30
0.0
 10
17.72999999839999
 20
25.31057068686002
 30
0.0
 10
17.72999999839999
 20
25.29540996788
 30
0.0
  0
SPLINE
  5
894
330
2D0
100
AcDbEntity
  8
0
  6
Continuous
 62
     7
100
AcDbSpline
210
0.0
220
0.0
230
1.0
 70
     8
 71
     3
 72
     9
 73
     5
 74
     0
 42
0.0000001
 43
0.0000000001
 40
0.0
 40
0.0
 40
0.0
 40
0.0
 40
0.4721586513
 40
1.0
 40
1.0
 40
1.0
 40
1.0
 10
16.78854101772001
 20
25.34685468846001
 30
0.0
 10
16.80168455251999
 20
25.36701404362
 30
0.0
 10
16.84416979394001
 20
25.4002578354
 30
0.0
 10
16.89580141280001
 20
25.41044386024001
 30
0.0
 10
16.92270509788003
 20
25.41044386024001
 30
0.0
  0
SPLINE
  5
895
330
2D0
100
AcDbEntity
  8
0
  6
Continuous
 62
     7
100
AcDbSpline
210
0.0
220
0.0
230
1.0
 70
     8
 71
     3
 72
     9
 73
     5
 74
     0
 42
0.0000001
 43
0.0000000001
 40
0.0
 40
0.0
 40
0.0
 40
0.0
 40
0.2540010416
 40
1.0
 40
1.0
 40
1.0
 40
1.0
 10
15.40000000004
 20
23.60682154928
 30
0.0
 10
15.38910626770001
 20
23.59999392514001
 30
0.0
 10
15.34533067326001
 20
23.57456197702001
 30
0.0
 10
15.29833170452
 20
23.55462711214
 30
0.0
 10
15.26225580004001
 20
23.54347784564001
 30
0.0
  0
SPLINE
  5
896
330
2D0
100
AcDbEntity
  8
0
  6
Continuous
 62
     7
100
AcDbSpline
210
0.0
220
0.0
230
1.0
 70
     8
 71
     3
 72
     9
 73
     5
 74
     0
 42
0.0000001
 43
0.0000000001
 40
0.0
 40
0.0
 40
0.0
 40
0.0
 40
0.2540010416
 40
1.0
 40
1.0
 40
1.0
 40
1.0
 10
15.40000000004
 20
29.10682155002002
 30
0.0
 10
15.38910626770001
 20
29.09999392588
 30
0.0
 10
15.34533067326001
 20
29.07456197522001
 30
0.0
 10
15.29833170452
 20
29.05462711288001
 30
0.0
 10
15.26225580004001
 20
29.04347784638
 30
0.0
  0
SPLINE
  5
897
330
2D0
100
AcDbEntity
  8
0
  6
Continuous
 62
     7
100
AcDbSpline
210
0.0
220
0.0
230
1.0
 70
     8
 71
     3
 72
     9
 73
     5
 74
     0
 42
0.0000001
 43
0.0000000001
 40
0.0
 40
0.0
 40
0.0
 40
0.0
 40
0.5196818057
 40
1.0
 40
1.0
 40
1.0
 40
1.0
 10
15.25622061018004
 20
26.42862636794001
 30
0.0
 10
15.25858493362
 20
26.43623408450003
 30
0.0
 10
15.26488452731999
 20
26.45126586800004
 30
0.0
 10
15.28088464772003
 20
26.45779111022
 30
0.0
 10
15.28824784864
 20
26.45779939824001
 30
0.0
  0
SPLINE
  5
898
330
2D0
100
AcDbEntity
  8
0
  6
Continuous
 62
     7
100
AcDbSpline
210
0.0
220
0.0
230
1.0
 70
     8
 71
     3
 72
    13
 73
     9
 74
     0
 42
0.0000001
 43
0.0000000001
 40
0.0
 40
0.0
 40
0.0
 40
0.0
 40
0.1391666756
 40
0.276358418
 40
0.5448592481
 40
0.7898864133
 40
0.9015709208
 40
1.0
 40
1.0
 40
1.0
 40
1.0
 10
24.34570312459999
 20
25.74000000071999
 30
0.0
 10
24.34518684419999
 20
25.72209998572001
 30
0.0
 10
24.34374102793998
 20
25.68645829677999
 30
0.0
 10
24.32919121451999
 20
25.61763973998001
 30
0.0
 10
24.29592563461998
 20
25.53951351827999
 30
0.0
 10
24.2406578305
 20
25.47822455272001
 30
0.0
 10
24.18911544184002
 20
25.44911502496004
 30
0.0
 10
24.16242979035999
 20
25.44294261160002
 30
0.0
 10
24.14985430115999
 20
25.44143538576
 30
0.0
  0
LINE
  5
899
330
2D0
100
AcDbEntity
  8
0
  6
Continuous
 62
     7
100
AcDbLine
 10
24.14985430115999
 20
25.44143538576
 30
0.0
 11
24.13366837976
 21
25.44000000128
 31
0.0
  0
LINE
  5
89A
330
2D0
100
AcDbEntity
  8
0
  6
Continuous
 62
     7
100
AcDbLine
 10
24.14999610428001
 20
30.03848787312003
 30
0.0
 11
24.17664316046003
 21
30.03300592066
 31
0.0
  0
SPLINE
  5
89B
330
2D0
100
AcDbEntity
  8
0
  6
Continuous
 62
     7
100
AcDbSpline
210
0.0
220
0.0
230
1.0
 70
     8
 71
     3
 72
    11
 73
     7
 74
     0
 42
0.0000001
 43
0.0000000001
 40
0.0
 40
0.0
 40
0.0
 40
0.0
 40
0.4574369064
 40
0.7265754751000001
 40
0.8633319026
 40
1.0
 40
1.0
 40
1.0
 40
1.0
 10
24.17664316046003
 20
30.03300592066
 30
0.0
 10
24.22868730326002
 20
30.01774101341999
 30
0.0
 10
24.2957580378
 20
29.94746615016001
 30
0.0
 10
24.33192116842002
 20
29.85216825083998
 30
0.0
 10
24.34408518270004
 20
29.78864878173999
 30
0.0
 10
24.34520828434
 20
29.75619667748003
 30
0.0
 10
24.34570312459999
 20
29.73999999918001
 30
0.0
  0
SPLINE
  5
89C
330
2D0
100
AcDbEntity
  8
0
  6
Continuous
 62
     7
100
AcDbSpline
210
0.0
220
0.0
230
1.0
 70
     8
 71
     3
 72
     9
 73
     5
 74
     0
 42
0.0000001
 43
0.0000000001
 40
0.0
 40
0.0
 40
0.0
 40
0.0
 40
0.5330865826
 40
1.0
 40
1.0
 40
1.0
 40
1.0
 10
15.40000000004
 20
29.10682155002002
 30
0.0
 10
15.38774075608001
 20
29.08633233014001
 30
0.0
 10
15.36228621211998
 20
29.05044934120002
 30
0.0
 10
15.32085560918003
 20
29.02222166842
 30
0.0
 10
15.29994277826003
 20
29.02220060166002
 30
0.0
  0
LINE
  5
89D
330
2D0
100
AcDbEntity
  8
0
  6
Continuous
 62
     7
100
AcDbLine
 10
24.03990602727998
 20
30.03300592828001
 30
0.0
 11
23.98650051051999
 21
30.04000000116002
 31
0.0
  0
SPLINE
  5
89E
330
2D0
100
AcDbEntity
  8
0
  6
Continuous
 62
     7
100
AcDbSpline
210
0.0
220
0.0
230
1.0
 70
     8
 71
     3
 72
    13
 73
     9
 74
     0
 42
0.0000001
 43
0.0000000001
 40
0.0
 40
0.0
 40
0.0
 40
0.0
 40
0.1202981532
 40
0.2377996475
 40
0.4884151197
 40
0.7449126891
 40
0.8724376141
 40
1.0
 40
1.0
 40
1.0
 40
1.0
 10
23.98650051051999
 20
25.44000000128
 30
0.0
 10
24.00410827311998
 20
25.44086376892
 30
0.0
 10
24.03914105039999
 20
25.44403332316003
 30
0.0
 10
24.10655038218005
 20
25.47000978632002
 30
0.0
 10
24.18018839339999
 20
25.52854409902002
 30
0.0
 10
24.22721814694
 20
25.61113680404
 30
0.0
 10
24.24729084745999
 20
25.68380118754001
 30
0.0
 10
24.24933039887998
 20
25.72131853185999
 30
0.0
 10
24.24999999876002
 20
25.74000000071999
 30
0.0
  0
SPLINE
  5
89F
330
2D0
100
AcDbEntity
  8
0
  6
Continuous
 62
     7
100
AcDbSpline
210
0.0
220
0.0
230
1.0
 70
     8
 71
     3
 72
    12
 73
     8
 74
     0
 42
0.0000001
 43
0.0000000001
 40
0.0
 40
0.0
 40
0.0
 40
0.0
 40
0.4852223333
 40
0.6133397611
 40
0.7449439964
 40
0.8730212029000001
 40
1.0
 40
1.0
 40
1.0
 40
1.0
 10
24.03990602727998
 20
30.03300592828001
 30
0.0
 10
24.10022832980002
 20
30.01876864408001
 30
0.0
 10
24.16962002998002
 20
29.96508867270001
 30
0.0
 10
24.21793181804
 20
29.88336485850002
 30
0.0
 10
24.23649568998002
 20
29.83716858056002
 30
0.0
 10
24.24794348013998
 20
29.78886582473999
 30
0.0
 10
24.24938462534001
 20
29.75620790682001
 30
0.0
 10
24.24999999876002
 20
29.73999999918001
 30
0.0
  0
LINE
  5
8A0
330
2D0
100
AcDbEntity
  8
0
  6
Continuous
 62
     7
100
AcDbLine
 10
17.57999999868002
 20
30.22999999962002
 30
0.0
 11
17.63784609583999
 21
30.23889965162002
 31
0.0
  0
SPLINE
  5
8A1
330
2D0
100
AcDbEntity
  8
0
  6
Continuous
 62
     7
100
AcDbSpline
210
0.0
220
0.0
230
1.0
 70
     8
 71
     3
 72
     9
 73
     5
 74
     0
 42
0.0000001
 43
0.0000000001
 40
0.0
 40
0.0
 40
0.0
 40
0.0
 40
0.5362278344
 40
1.0
 40
1.0
 40
1.0
 40
1.0
 10
17.63784609583999
 20
30.23889965162002
 30
0.0
 10
17.66300970057998
 20
30.24695333884
 30
0.0
 10
17.70837597763997
 20
30.27245045574
 30
0.0
 10
17.72999999839999
 20
30.32218293183999
 30
0.0
 10
17.72999999839999
 20
30.34503389198002
 30
0.0
  0
SPLINE
  5
8A2
330
2D0
100
AcDbEntity
  8
0
  6
Continuous
 62
     7
100
AcDbSpline
210
0.0
220
0.0
230
1.0
 70
     8
 71
     3
 72
     9
 73
     5
 74
     0
 42
0.0000001
 43
0.0000000001
 40
0.0
 40
0.0
 40
0.0
 40
0.0
 40
0.7413262887000001
 40
1.0
 40
1.0
 40
1.0
 40
1.0
 10
15.82999999856
 20
31.79094105350001
 30
0.0
 10
15.82999999856
 20
31.77753559389998
 30
0.0
 10
15.83438075434003
 20
31.75916875738
 30
0.0
 10
15.84328121659999
 20
31.74341469948001
 30
0.0
 10
15.84583592065999
 20
31.73949633292
 30
0.0
  0
SPLINE
  5
8A3
330
2D0
100
AcDbEntity
  8
0
  6
Continuous
 62
     7
100
AcDbSpline
210
0.0
220
0.0
230
1.0
 70
     8
 71
     3
 72
     9
 73
     5
 74
     0
 42
0.0000001
 43
0.0000000001
 40
0.0
 40
0.0
 40
0.0
 40
0.0
 40
0.4721586513
 40
1.0
 40
1.0
 40
1.0
 40
1.0
 10
16.78854101772001
 20
30.29358917139999
 30
0.0
 10
16.80168455251999
 20
30.27342981624
 30
0.0
 10
16.84416979394001
 20
30.24018602446003
 30
0.0
 10
16.89580141280001
 20
30.22999999962002
 30
0.0
 10
16.92270509788003
 20
30.22999999962002
 30
0.0
  0
SPLINE
  5
8A4
330
2D0
100
AcDbEntity
  8
0
  6
Continuous
 62
     7
100
AcDbSpline
210
0.0
220
0.0
230
1.0
 70
     8
 71
     3
 72
     9
 73
     5
 74
     0
 42
0.0000001
 43
0.0000000001
 40
0.0
 40
0.0
 40
0.0
 40
0.0
 40
0.5330865826
 40
1.0
 40
1.0
 40
1.0
 40
1.0
 10
15.40000000004
 20
23.60682154928
 30
0.0
 10
15.38774075608001
 20
23.58633232939999
 30
0.0
 10
15.36228621211998
 20
23.55044934046003
 30
0.0
 10
15.32085560918003
 20
23.52222167022001
 30
0.0
 10
15.29994277826003
 20
23.52220060346002
 30
0.0
  0
SPLINE
  5
8A5
330
2D0
100
AcDbEntity
  8
0
  6
Continuous
 62
     7
100
AcDbSpline
210
0.0
220
0.0
230
1.0
 70
     8
 71
     3
 72
    10
 73
     6
 74
     0
 42
0.0000001
 43
0.0000000001
 40
0.0
 40
0.0
 40
0.0
 40
0.0
 40
0.2088051932
 40
0.4597878814
 40
1.0
 40
1.0
 40
1.0
 40
1.0
 10
15.28824784864
 20
26.45779939824001
 30
0.0
 10
15.29821407712001
 20
26.45781061233998
 30
0.0
 10
15.31968462092001
 20
26.44963095128
 30
0.0
 10
15.35831370292001
 20
26.42176567554003
 30
0.0
 10
15.38396825664
 20
26.39337275035999
 30
0.0
 10
15.40000000004
 20
26.37317844987999
 30
0.0
  0
SPLINE
  5
8A6
330
2D0
100
AcDbEntity
  8
0
  6
Continuous
 62
     7
100
AcDbSpline
210
0.0
220
0.0
230
1.0
 70
     8
 71
     3
 72
     9
 73
     5
 74
     0
 42
0.0000001
 43
0.0000000001
 40
0.0
 40
0.0
 40
0.0
 40
0.0
 40
0.4637721656
 40
1.0
 40
1.0
 40
1.0
 40
1.0
 10
17.72999999839999
 20
25.13496610791998
 30
0.0
 10
17.72999999839999
 20
25.15781706806001
 30
0.0
 10
17.70837597763997
 20
25.20754954416
 30
0.0
 10
17.66300970057998
 20
25.23304666106003
 30
0.0
 10
17.63784609583999
 20
25.24110034827999
 30
0.0
  0
LINE
  5
8A7
330
2D0
100
AcDbEntity
  8
0
  6
Continuous
 62
     7
100
AcDbLine
 10
17.63784609583999
 20
25.24110034827999
 30
0.0
 11
17.57999999868002
 21
25.25000000028001
 31
0.0
  0
SPLINE
  5
8A8
330
2D0
100
AcDbEntity
  8
0
  6
Continuous
 62
     7
100
AcDbSpline
210
0.0
220
0.0
230
1.0
 70
     8
 71
     3
 72
     9
 73
     5
 74
     0
 42
0.0000001
 43
0.0000000001
 40
0.0
 40
0.0
 40
0.0
 40
0.0
 40
0.5278404385000001
 40
1.0
 40
1.0
 40
1.0
 40
1.0
 10
16.92270509788003
 20
25.25000000028001
 30
0.0
 10
16.89580145852
 20
25.25000000028001
 30
0.0
 10
16.84416984728003
 20
25.23981399576002
 30
0.0
 10
16.80168457792001
 20
25.20657022430001
 30
0.0
 10
16.78854101772001
 20
25.18641082850002
 30
0.0
  0
SPLINE
  5
8A9
330
2D0
100
AcDbEntity
  8
0
  6
Continuous
 62
     7
100
AcDbSpline
210
0.0
220
0.0
230
1.0
 70
     8
 71
     3
 72
    10
 73
     6
 74
     0
 42
0.0000001
 43
0.0000000001
 40
0.0
 40
0.0
 40
0.0
 40
0.0
 40
0.2088051932
 40
0.4597878814
 40
1.0
 40
1.0
 40
1.0
 40
1.0
 10
15.28824784864
 20
31.95779939644004
 30
0.0
 10
15.29821407712001
 20
31.95781061308
 30
0.0
 10
15.31968462092001
 20
31.94963095202002
 30
0.0
 10
15.35831370292001
 20
31.92176567628002
 30
0.0
 10
15.38396825664
 20
31.89337274856001
 30
0.0
 10
15.40000000004
 20
31.87317845062
 30
0.0
  0
SPLINE
  5
8AA
330
2D0
100
AcDbEntity
  8
0
  6
Continuous
 62
     7
100
AcDbSpline
210
0.0
220
0.0
230
1.0
 70
     8
 71
     3
 72
     9
 73
     5
 74
     0
 42
0.0000001
 43
0.0000000001
 40
0.0
 40
0.0
 40
0.0
 40
0.0
 40
0.5125105433
 40
1.0
 40
1.0
 40
1.0
 40
1.0
 10
15.29994277826003
 20
42.52220060185999
 30
0.0
 10
15.29208947672004
 20
42.5221926923
 30
0.0
 10
15.27626729347998
 20
42.52675592675999
 30
0.0
 10
15.26612504808
 20
42.53914826164001
 30
0.0
 10
15.26244452204
 20
42.54564850518003
 30
0.0
  0
LINE
  5
8AB
330
2D0
100
AcDbEntity
  8
0
  6
Continuous
 62
     7
100
AcDbLine
 10
15.28927872288
 20
45.41880618023998
 30
0.0
 11
15.40000000004
 21
45.37317845082001
 31
0.0
  0
SPLINE
  5
8AC
330
2D0
100
AcDbEntity
  8
0
  6
Continuous
 62
     7
100
AcDbSpline
210
0.0
220
0.0
230
1.0
 70
     8
 71
     3
 72
     9
 73
     5
 74
     0
 42
0.0000001
 43
0.0000000001
 40
0.0
 40
0.0
 40
0.0
 40
0.0
 40
0.5125105433
 40
1.0
 40
1.0
 40
1.0
 40
1.0
 10
15.29994277826003
 20
48.02220060260001
 30
0.0
 10
15.29208947672004
 20
48.02219269304001
 30
0.0
 10
15.27626729347998
 20
48.02675592750001
 30
0.0
 10
15.26612504808
 20
48.03914826238
 30
0.0
 10
15.26244452204
 20
48.04564850591998
 30
0.0
  0
LINE
  5
8AD
330
2D0
100
AcDbEntity
  8
0
  6
Continuous
 62
     7
100
AcDbLine
 10
15.28927872288
 20
50.91880618098003
 30
0.0
 11
15.40000000004
 21
50.87317844902
 31
0.0
  0
SPLINE
  5
8AE
330
2D0
100
AcDbEntity
  8
0
  6
Continuous
 62
     7
100
AcDbSpline
210
0.0
220
0.0
230
1.0
 70
     8
 71
     3
 72
    11
 73
     7
 74
     0
 42
0.0000001
 43
0.0000000001
 40
0.0
 40
0.0
 40
0.0
 40
0.0
 40
0.2189584626
 40
0.4572265063
 40
0.7204374506
 40
1.0
 40
1.0
 40
1.0
 40
1.0
 10
17.72999999839999
 20
49.18459003296002
 30
0.0
 10
17.72999999839999
 20
49.16942931398
 30
0.0
 10
17.72124911928
 20
49.13736339386
 30
0.0
 10
17.68656776115998
 20
49.09953445504001
 30
0.0
 10
17.63720743824001
 20
49.07512532682
 30
0.0
 10
17.59935695514
 20
49.06955614060001
 30
0.0
 10
17.57999999868002
 20
49.06955614060001
 30
0.0
  0
SPLINE
  5
8AF
330
2D0
100
AcDbEntity
  8
0
  6
Continuous
 62
     7
100
AcDbSpline
210
0.0
220
0.0
230
1.0
 70
     8
 71
     3
 72
     9
 73
     5
 74
     0
 42
0.0000001
 43
0.0000000001
 40
0.0
 40
0.0
 40
0.0
 40
0.0
 40
0.5278404385000001
 40
1.0
 40
1.0
 40
1.0
 40
1.0
 10
16.92270509788003
 20
49.06955614060001
 30
0.0
 10
16.89580145852
 20
49.06955614060001
 30
0.0
 10
16.84416984728003
 20
49.07974214512001
 30
0.0
 10
16.80168457792001
 20
49.11298591658002
 30
0.0
 10
16.78854101772001
 20
49.13314531238001
 30
0.0
  0
SPLINE
  5
8B0
330
2D0
100
AcDbEntity
  8
0
  6
Continuous
 62
     7
100
AcDbSpline
210
0.0
220
0.0
230
1.0
 70
     8
 71
     3
 72
     9
 73
     5
 74
     0
 42
0.0000001
 43
0.0000000001
 40
0.0
 40
0.0
 40
0.0
 40
0.0
 40
0.2586737113
 40
1.0
 40
1.0
 40
1.0
 40
1.0
 10
15.84583592065999
 20
50.57905247390002
 30
0.0
 10
15.84328121659999
 20
50.58297084046004
 30
0.0
 10
15.83438075434003
 20
50.59872489835999
 30
0.0
 10
15.82999999856
 20
50.61709173487998
 30
0.0
 10
15.82999999856
 20
50.63049719448003
 30
0.0
  0
SPLINE
  5
8B1
330
2D0
100
AcDbEntity
  8
0
  6
Continuous
 62
     7
100
AcDbSpline
210
0.0
220
0.0
230
1.0
 70
     8
 71
     3
 72
     9
 73
     5
 74
     0
 42
0.0000001
 43
0.0000000001
 40
0.0
 40
0.0
 40
0.0
 40
0.0
 40
0.5196818057
 40
1.0
 40
1.0
 40
1.0
 40
1.0
 10
15.25622061018004
 20
50.92862636961999
 30
0.0
 10
15.25858493362
 20
50.93623408364002
 30
0.0
 10
15.26488452731999
 20
50.95126586968001
 30
0.0
 10
15.28088464772003
 20
50.95779111189998
 30
0.0
 10
15.28824784864
 20
50.95779939738
 30
0.0
  0
SPLINE
  5
8B2
330
2D0
100
AcDbEntity
  8
0
  6
Continuous
 62
     7
100
AcDbSpline
210
0.0
220
0.0
230
1.0
 70
     8
 71
     3
 72
    11
 73
     7
 74
     0
 42
0.0000001
 43
0.0000000001
 40
0.0
 40
0.0
 40
0.0
 40
0.0
 40
0.2795625494
 40
0.5427734936999999
 40
0.7810415373999999
 40
1.0
 40
1.0
 40
1.0
 40
1.0
 10
17.57999999868002
 20
44.41044385864001
 30
0.0
 10
17.59935695514
 20
44.41044385864001
 30
0.0
 10
17.63720743824001
 20
44.40487467241999
 30
0.0
 10
17.68656776115998
 20
44.38046554674
 30
0.0
 10
17.72124911928
 20
44.34263660792001
 30
0.0
 10
17.72999999839999
 20
44.31057068779998
 30
0.0
 10
17.72999999839999
 20
44.29540996628
 30
0.0
  0
SPLINE
  5
8B3
330
2D0
100
AcDbEntity
  8
0
  6
Continuous
 62
     7
100
AcDbSpline
210
0.0
220
0.0
230
1.0
 70
     8
 71
     3
 72
     9
 73
     5
 74
     0
 42
0.0000001
 43
0.0000000001
 40
0.0
 40
0.0
 40
0.0
 40
0.0
 40
0.4721586513
 40
1.0
 40
1.0
 40
1.0
 40
1.0
 10
16.78854101772001
 20
44.34685468686001
 30
0.0
 10
16.80168455251999
 20
44.36701404456002
 30
0.0
 10
16.84416979394001
 20
44.4002578338
 30
0.0
 10
16.89580141280001
 20
44.41044385864001
 30
0.0
 10
16.92270509788003
 20
44.41044385864001
 30
0.0
  0
SPLINE
  5
8B4
330
2D0
100
AcDbEntity
  8
0
  6
Continuous
 62
     7
100
AcDbSpline
210
0.0
220
0.0
230
1.0
 70
     8
 71
     3
 72
     9
 73
     5
 74
     0
 42
0.0000001
 43
0.0000000001
 40
0.0
 40
0.0
 40
0.0
 40
0.0
 40
0.2540010416
 40
1.0
 40
1.0
 40
1.0
 40
1.0
 10
15.40000000004
 20
42.60682155021999
 30
0.0
 10
15.38910626770001
 20
42.59999392354001
 30
0.0
 10
15.34533067326001
 20
42.57456197542001
 30
0.0
 10
15.29833170452
 20
42.55462711308002
 30
0.0
 10
15.26225580004001
 20
42.54347784658
 30
0.0
  0
SPLINE
  5
8B5
330
2D0
100
AcDbEntity
  8
0
  6
Continuous
 62
     7
100
AcDbSpline
210
0.0
220
0.0
230
1.0
 70
     8
 71
     3
 72
     9
 73
     5
 74
     0
 42
0.0000001
 43
0.0000000001
 40
0.0
 40
0.0
 40
0.0
 40
0.0
 40
0.2540010416
 40
1.0
 40
1.0
 40
1.0
 40
1.0
 10
15.40000000004
 20
48.10682155096001
 30
0.0
 10
15.38910626770001
 20
48.09999392428
 30
0.0
 10
15.34533067326001
 20
48.07456197616003
 30
0.0
 10
15.29833170452
 20
48.05462711381998
 30
0.0
 10
15.26225580004001
 20
48.04347784478
 30
0.0
  0
SPLINE
  5
8B6
330
2D0
100
AcDbEntity
  8
0
  6
Continuous
 62
     7
100
AcDbSpline
210
0.0
220
0.0
230
1.0
 70
     8
 71
     3
 72
     9
 73
     5
 74
     0
 42
0.0000001
 43
0.0000000001
 40
0.0
 40
0.0
 40
0.0
 40
0.0
 40
0.5196818057
 40
1.0
 40
1.0
 40
1.0
 40
1.0
 10
15.25622061018004
 20
45.42862636887997
 30
0.0
 10
15.25858493362
 20
45.43623408544002
 30
0.0
 10
15.26488452731999
 20
45.45126586894003
 30
0.0
 10
15.28088464772003
 20
45.45779111116002
 30
0.0
 10
15.28824784864
 20
45.45779939664001
 30
0.0
  0
SPLINE
  5
8B7
330
2D0
100
AcDbEntity
  8
0
  6
Continuous
 62
     7
100
AcDbSpline
210
0.0
220
0.0
230
1.0
 70
     8
 71
     3
 72
    13
 73
     9
 74
     0
 42
0.0000001
 43
0.0000000001
 40
0.0
 40
0.0
 40
0.0
 40
0.0
 40
0.1391666756
 40
0.276358418
 40
0.5448592481
 40
0.7898864133
 40
0.9015709208
 40
1.0
 40
1.0
 40
1.0
 40
1.0
 10
24.34570312459999
 20
44.73999999912002
 30
0.0
 10
24.34518684419999
 20
44.72209998666
 30
0.0
 10
24.34374102793998
 20
44.68645829772001
 30
0.0
 10
24.32919121451999
 20
44.61763974092
 30
0.0
 10
24.29592563461998
 20
44.53951351668002
 30
0.0
 10
24.2406578305
 20
44.47822455366
 30
0.0
 10
24.18911544184002
 20
44.4491150259
 30
0.0
 10
24.16242979035999
 20
44.44294261254001
 30
0.0
 10
24.14985430115999
 20
44.44143538416
 30
0.0
  0
LINE
  5
8B8
330
2D0
100
AcDbEntity
  8
0
  6
Continuous
 62
     7
100
AcDbLine
 10
24.14985430115999
 20
44.44143538416
 30
0.0
 11
24.13366837976
 21
44.43999999968
 31
0.0
  0
LINE
  5
8B9
330
2D0
100
AcDbEntity
  8
0
  6
Continuous
 62
     7
100
AcDbLine
 10
24.14999610428001
 20
49.03848787152003
 30
0.0
 11
24.17664316046003
 21
49.03300592160002
 31
0.0
  0
SPLINE
  5
8BA
330
2D0
100
AcDbEntity
  8
0
  6
Continuous
 62
     7
100
AcDbSpline
210
0.0
220
0.0
230
1.0
 70
     8
 71
     3
 72
    11
 73
     7
 74
     0
 42
0.0000001
 43
0.0000000001
 40
0.0
 40
0.0
 40
0.0
 40
0.0
 40
0.4574369064
 40
0.7265754751000001
 40
0.8633319026
 40
1.0
 40
1.0
 40
1.0
 40
1.0
 10
24.17664316046003
 20
49.03300592160002
 30
0.0
 10
24.22868730326002
 20
49.01774101435998
 30
0.0
 10
24.2957580378
 20
48.94746615110003
 30
0.0
 10
24.33192116842002
 20
48.85216825178
 30
0.0
 10
24.34408518270004
 20
48.78864878013999
 30
0.0
 10
24.34520828434
 20
48.75619667587998
 30
0.0
 10
24.34570312459999
 20
48.74000000012001
 30
0.0
  0
SPLINE
  5
8BB
330
2D0
100
AcDbEntity
  8
0
  6
Continuous
 62
     7
100
AcDbSpline
210
0.0
220
0.0
230
1.0
 70
     8
 71
     3
 72
     9
 73
     5
 74
     0
 42
0.0000001
 43
0.0000000001
 40
0.0
 40
0.0
 40
0.0
 40
0.0
 40
0.5330865826
 40
1.0
 40
1.0
 40
1.0
 40
1.0
 10
15.40000000004
 20
48.10682155096001
 30
0.0
 10
15.38774075608001
 20
48.08633233108003
 30
0.0
 10
15.36228621211998
 20
48.05044933960002
 30
0.0
 10
15.32085560918003
 20
48.02222166935999
 30
0.0
 10
15.29994277826003
 20
48.02220060260001
 30
0.0
  0
LINE
  5
8BC
330
2D0
100
AcDbEntity
  8
0
  6
Continuous
 62
     7
100
AcDbLine
 10
24.03990602727998
 20
49.03300592922002
 30
0.0
 11
23.98650051051999
 21
49.03999999956002
 31
0.0
  0
SPLINE
  5
8BD
330
2D0
100
AcDbEntity
  8
0
  6
Continuous
 62
     7
100
AcDbSpline
210
0.0
220
0.0
230
1.0
 70
     8
 71
     3
 72
    13
 73
     9
 74
     0
 42
0.0000001
 43
0.0000000001
 40
0.0
 40
0.0
 40
0.0
 40
0.0
 40
0.1202981532
 40
0.2377996475
 40
0.4884151197
 40
0.7449126891
 40
0.8724376141
 40
1.0
 40
1.0
 40
1.0
 40
1.0
 10
23.98650051051999
 20
44.43999999968
 30
0.0
 10
24.00410827311998
 20
44.44086376986002
 30
0.0
 10
24.03914105039999
 20
44.44403332156003
 30
0.0
 10
24.10655038218005
 20
44.47000978472002
 30
0.0
 10
24.18018839339999
 20
44.52854409996002
 30
0.0
 10
24.22721814694
 20
44.61113680498002
 30
0.0
 10
24.24729084745999
 20
44.68380118848
 30
0.0
 10
24.24933039887998
 20
44.72131853279998
 30
0.0
 10
24.24999999876002
 20
44.73999999912002
 30
0.0
  0
SPLINE
  5
8BE
330
2D0
100
AcDbEntity
  8
0
  6
Continuous
 62
     7
100
AcDbSpline
210
0.0
220
0.0
230
1.0
 70
     8
 71
     3
 72
    12
 73
     8
 74
     0
 42
0.0000001
 43
0.0000000001
 40
0.0
 40
0.0
 40
0.0
 40
0.0
 40
0.4852223333
 40
0.6133397611
 40
0.7449439964
 40
0.8730212029000001
 40
1.0
 40
1.0
 40
1.0
 40
1.0
 10
24.03990602727998
 20
49.03300592922002
 30
0.0
 10
24.10022832980002
 20
49.01876864248001
 30
0.0
 10
24.16962002998002
 20
48.96508867364
 30
0.0
 10
24.21793181804
 20
48.88336485944004
 30
0.0
 10
24.23649568998002
 20
48.83716858150001
 30
0.0
 10
24.24794348013998
 20
48.78886582568001
 30
0.0
 10
24.24938462534001
 20
48.75620790776
 30
0.0
 10
24.24999999876002
 20
48.74000000012001
 30
0.0
  0
LINE
  5
8BF
330
2D0
100
AcDbEntity
  8
0
  6
Continuous
 62
     7
100
AcDbLine
 10
17.57999999868002
 20
49.23000000056001
 30
0.0
 11
17.63784609583999
 21
49.23889965002002
 31
0.0
  0
SPLINE
  5
8C0
330
2D0
100
AcDbEntity
  8
0
  6
Continuous
 62
     7
100
AcDbSpline
210
0.0
220
0.0
230
1.0
 70
     8
 71
     3
 72
     9
 73
     5
 74
     0
 42
0.0000001
 43
0.0000000001
 40
0.0
 40
0.0
 40
0.0
 40
0.0
 40
0.5362278344
 40
1.0
 40
1.0
 40
1.0
 40
1.0
 10
17.63784609583999
 20
49.23889965002002
 30
0.0
 10
17.66300970057998
 20
49.24695333977999
 30
0.0
 10
17.70837597763997
 20
49.27245045668002
 30
0.0
 10
17.72999999839999
 20
49.32218293278001
 30
0.0
 10
17.72999999839999
 20
49.34503389291999
 30
0.0
  0
SPLINE
  5
8C1
330
2D0
100
AcDbEntity
  8
0
  6
Continuous
 62
     7
100
AcDbSpline
210
0.0
220
0.0
230
1.0
 70
     8
 71
     3
 72
     9
 73
     5
 74
     0
 42
0.0000001
 43
0.0000000001
 40
0.0
 40
0.0
 40
0.0
 40
0.0
 40
0.7413262887000001
 40
1.0
 40
1.0
 40
1.0
 40
1.0
 10
15.82999999856
 20
50.79094105444003
 30
0.0
 10
15.82999999856
 20
50.77753559484
 30
0.0
 10
15.83438075434003
 20
50.75916875831999
 30
0.0
 10
15.84328121659999
 20
50.74341470041998
 30
0.0
 10
15.84583592065999
 20
50.73949633386002
 30
0.0
  0
SPLINE
  5
8C2
330
2D0
100
AcDbEntity
  8
0
  6
Continuous
 62
     7
100
AcDbSpline
210
0.0
220
0.0
230
1.0
 70
     8
 71
     3
 72
     9
 73
     5
 74
     0
 42
0.0000001
 43
0.0000000001
 40
0.0
 40
0.0
 40
0.0
 40
0.0
 40
0.4721586513
 40
1.0
 40
1.0
 40
1.0
 40
1.0
 10
16.78854101772001
 20
49.29358917234001
 30
0.0
 10
16.80168455251999
 20
49.27342981464
 30
0.0
 10
16.84416979394001
 20
49.24018602539999
 30
0.0
 10
16.89580141280001
 20
49.23000000056001
 30
0.0
 10
16.92270509788003
 20
49.23000000056001
 30
0.0
  0
SPLINE
  5
8C3
330
2D0
100
AcDbEntity
  8
0
  6
Continuous
 62
     7
100
AcDbSpline
210
0.0
220
0.0
230
1.0
 70
     8
 71
     3
 72
     9
 73
     5
 74
     0
 42
0.0000001
 43
0.0000000001
 40
0.0
 40
0.0
 40
0.0
 40
0.0
 40
0.5330865826
 40
1.0
 40
1.0
 40
1.0
 40
1.0
 10
15.40000000004
 20
42.60682155021999
 30
0.0
 10
15.38774075608001
 20
42.58633233034001
 30
0.0
 10
15.36228621211998
 20
42.55044933886001
 30
0.0
 10
15.32085560918003
 20
42.52222166862001
 30
0.0
 10
15.29994277826003
 20
42.52220060185999
 30
0.0
  0
SPLINE
  5
8C4
330
2D0
100
AcDbEntity
  8
0
  6
Continuous
 62
     7
100
AcDbSpline
210
0.0
220
0.0
230
1.0
 70
     8
 71
     3
 72
    10
 73
     6
 74
     0
 42
0.0000001
 43
0.0000000001
 40
0.0
 40
0.0
 40
0.0
 40
0.0
 40
0.2088051932
 40
0.4597878814
 40
1.0
 40
1.0
 40
1.0
 40
1.0
 10
15.28824784864
 20
45.45779939664001
 30
0.0
 10
15.29821407712001
 20
45.45781061328
 30
0.0
 10
15.31968462092001
 20
45.44963095221999
 30
0.0
 10
15.35831370292001
 20
45.42176567648002
 30
0.0
 10
15.38396825664
 20
45.39337274875999
 30
0.0
 10
15.40000000004
 20
45.37317845082001
 30
0.0
  0
SPLINE
  5
8C5
330
2D0
100
AcDbEntity
  8
0
  6
Continuous
 62
     7
100
AcDbSpline
210
0.0
220
0.0
230
1.0
 70
     8
 71
     3
 72
     9
 73
     5
 74
     0
 42
0.0000001
 43
0.0000000001
 40
0.0
 40
0.0
 40
0.0
 40
0.0
 40
0.4637721656
 40
1.0
 40
1.0
 40
1.0
 40
1.0
 10
17.72999999839999
 20
44.13496610632001
 30
0.0
 10
17.72999999839999
 20
44.157817069
 30
0.0
 10
17.70837597763997
 20
44.20754954510002
 30
0.0
 10
17.66300970057998
 20
44.23304666200002
 30
0.0
 10
17.63784609583999
 20
44.24110034922001
 30
0.0
  0
LINE
  5
8C6
330
2D0
100
AcDbEntity
  8
0
  6
Continuous
 62
     7
100
AcDbLine
 10
17.63784609583999
 20
44.24110034922001
 30
0.0
 11
17.57999999868002
 21
44.25000000122
 31
0.0
  0
SPLINE
  5
8C7
330
2D0
100
AcDbEntity
  8
0
  6
Continuous
 62
     7
100
AcDbSpline
210
0.0
220
0.0
230
1.0
 70
     8
 71
     3
 72
     9
 73
     5
 74
     0
 42
0.0000001
 43
0.0000000001
 40
0.0
 40
0.0
 40
0.0
 40
0.0
 40
0.5278404385000001
 40
1.0
 40
1.0
 40
1.0
 40
1.0
 10
16.92270509788003
 20
44.25000000122
 30
0.0
 10
16.89580145852
 20
44.25000000122
 30
0.0
 10
16.84416984728003
 20
44.23981399416002
 30
0.0
 10
16.80168457792001
 20
44.20657022270001
 30
0.0
 10
16.78854101772001
 20
44.18641082944004
 30
0.0
  0
SPLINE
  5
8C8
330
2D0
100
AcDbEntity
  8
0
  6
Continuous
 62
     7
100
AcDbSpline
210
0.0
220
0.0
230
1.0
 70
     8
 71
     3
 72
    10
 73
     6
 74
     0
 42
0.0000001
 43
0.0000000001
 40
0.0
 40
0.0
 40
0.0
 40
0.0
 40
0.2088051932
 40
0.4597878814
 40
1.0
 40
1.0
 40
1.0
 40
1.0
 10
15.28824784864
 20
50.95779939738
 30
0.0
 10
15.29821407712001
 20
50.95781061402002
 30
0.0
 10
15.31968462092001
 20
50.94963095041999
 30
0.0
 10
15.35831370292001
 20
50.92176567467999
 30
0.0
 10
15.38396825664
 20
50.89337274950003
 30
0.0
 10
15.40000000004
 20
50.87317844902
 30
0.0
  0
ELLIPSE
  5
8C9
330
2D0
100
AcDbEntity
  8
0
  6
Continuous
 62
     7
100
AcDbEllipse
 10
23.05093306999999
 20
45.82348237876002
 30
0.0
 11
0.04956584702
 21
0.0
 31
0.0
210
0.0
220
0.0
230
1.0
 40
1.0
 41
0.1318761339
 42
0.3397443226
  0
ELLIPSE
  5
8CA
330
2D0
100
AcDbEntity
  8
0
  6
Continuous
 62
     7
100
AcDbEllipse
 10
23.05093306999999
 20
48.22348237682002
 30
0.0
 11
0.04956584702
 21
0.0
 31
0.0
210
0.0
220
0.0
230
1.0
 40
1.0
 41
0.1318761339
 42
0.3397443226
  0
ELLIPSE
  5
8CB
330
2D0
100
AcDbEntity
  8
0
  6
Continuous
 62
     7
100
AcDbEllipse
 10
23.05093306999999
 20
45.65651762252
 30
0.0
 11
0.04956584702
 21
0.0
 31
0.0
210
0.0
220
0.0
230
1.0
 40
1.0
 41
-0.3397443226
 42
-0.1318761339
  0
ELLIPSE
  5
8CC
330
2D0
100
AcDbEntity
  8
0
  6
Continuous
 62
     7
100
AcDbEllipse
 10
23.05093306999999
 20
48.05651762312002
 30
0.0
 11
0.04956584702
 21
0.0
 31
0.0
210
0.0
220
0.0
230
1.0
 40
1.0
 41
-0.3397443226
 42
-0.1318761339
  0
ELLIPSE
  5
8CD
330
2D0
100
AcDbEntity
  8
0
  6
Continuous
 62
     7
100
AcDbEllipse
 10
23.54920399624001
 20
50.62348237742
 30
0.0
 11
0.0
 21
0.04956584702
 31
0.0
210
0.0
220
0.0
230
1.0
 40
1.0
 41
1.2310520042
 42
1.570796466
  0
ELLIPSE
  5
8CE
330
2D0
100
AcDbEntity
  8
0
  6
Continuous
 62
     7
100
AcDbEllipse
 10
23.54920399624001
 20
49.82348237721999
 30
0.0
 11
0.0
 21
0.04956584702
 31
0.0
210
0.0
220
0.0
230
1.0
 40
1.0
 41
1.2310520042
 42
1.570796466
  0
ELLIPSE
  5
8CF
330
2D0
100
AcDbEntity
  8
0
  6
Continuous
 62
     7
100
AcDbEllipse
 10
23.54920399624001
 20
43.42348237816003
 30
0.0
 11
0.0
 21
0.04956584702
 31
0.0
210
0.0
220
0.0
230
1.0
 40
1.0
 41
1.2310520042
 42
1.570796466
  0
ELLIPSE
  5
8D0
330
2D0
100
AcDbEntity
  8
0
  6
Continuous
 62
     7
100
AcDbEllipse
 10
23.05093306999999
 20
45.02348237856003
 30
0.0
 11
0.04956584702
 21
0.0
 31
0.0
210
0.0
220
0.0
230
1.0
 40
1.0
 41
0.1318761339
 42
0.3397443226
  0
ELLIPSE
  5
8D1
330
2D0
100
AcDbEntity
  8
0
  6
Continuous
 62
     7
100
AcDbEllipse
 10
23.05093306999999
 20
44.85651762231998
 30
0.0
 11
0.04956584702
 21
0.0
 31
0.0
210
0.0
220
0.0
230
1.0
 40
1.0
 41
-0.3397443226
 42
-0.1318761339
  0
ELLIPSE
  5
8D2
330
2D0
100
AcDbEntity
  8
0
  6
Continuous
 62
     7
100
AcDbEllipse
 10
23.05093306999999
 20
47.42348237916002
 30
0.0
 11
0.04956584702
 21
0.0
 31
0.0
210
0.0
220
0.0
230
1.0
 40
1.0
 41
0.1318761339
 42
0.3397443226
  0
ELLIPSE
  5
8D3
330
2D0
100
AcDbEntity
  8
0
  6
Continuous
 62
     7
100
AcDbEllipse
 10
23.05093306999999
 20
49.82348237721999
 30
0.0
 11
0.04956584702
 21
0.0
 31
0.0
210
0.0
220
0.0
230
1.0
 40
1.0
 41
0.1318761339
 42
0.3397443226
  0
ELLIPSE
  5
8D4
330
2D0
100
AcDbEntity
  8
0
  6
Continuous
 62
     7
100
AcDbEllipse
 10
23.05093306999999
 20
47.25651762292
 30
0.0
 11
0.04956584702
 21
0.0
 31
0.0
210
0.0
220
0.0
230
1.0
 40
1.0
 41
-0.3397443226
 42
-0.1318761339
  0
ELLIPSE
  5
8D5
330
2D0
100
AcDbEntity
  8
0
  6
Continuous
 62
     7
100
AcDbEllipse
 10
23.05093306999999
 20
49.65651762352002
 30
0.0
 11
0.04956584702
 21
0.0
 31
0.0
210
0.0
220
0.0
230
1.0
 40
1.0
 41
-0.3397443226
 42
-0.1318761339
  0
ELLIPSE
  5
8D6
330
2D0
100
AcDbEntity
  8
0
  6
Continuous
 62
     7
100
AcDbEllipse
 10
23.54920399624001
 20
49.65651762352002
 30
0.0
 11
0.04956584702
 21
0.0
 31
0.0
210
0.0
220
0.0
230
1.0
 40
1.0
 41
3.1415925141
 42
3.4813369762
  0
ELLIPSE
  5
8D7
330
2D0
100
AcDbEntity
  8
0
  6
Continuous
 62
     7
100
AcDbEllipse
 10
23.05093306999999
 20
44.22348237835999
 30
0.0
 11
0.04956584702
 21
0.0
 31
0.0
210
0.0
220
0.0
230
1.0
 40
1.0
 41
0.1318761339
 42
0.3397443226
  0
ELLIPSE
  5
8D8
330
2D0
100
AcDbEntity
  8
0
  6
Continuous
 62
     7
100
AcDbEllipse
 10
23.05093306999999
 20
44.05651762212
 30
0.0
 11
0.04956584702
 21
0.0
 31
0.0
210
0.0
220
0.0
230
1.0
 40
1.0
 41
-0.3397443226
 42
-0.1318761339
  0
ELLIPSE
  5
8D9
330
2D0
100
AcDbEntity
  8
0
  6
Continuous
 62
     7
100
AcDbEllipse
 10
23.05093306999999
 20
50.62348237742
 30
0.0
 11
0.04956584702
 21
0.0
 31
0.0
210
0.0
220
0.0
230
1.0
 40
1.0
 41
0.1318761339
 42
0.3397443226
  0
ELLIPSE
  5
8DA
330
2D0
100
AcDbEntity
  8
0
  6
Continuous
 62
     7
100
AcDbEllipse
 10
23.54920399624001
 20
44.05651762212
 30
0.0
 11
0.04956584702
 21
0.0
 31
0.0
210
0.0
220
0.0
230
1.0
 40
1.0
 41
3.1415925141
 42
3.4813369762
  0
ELLIPSE
  5
8DB
330
2D0
100
AcDbEntity
  8
0
  6
Continuous
 62
     7
100
AcDbEllipse
 10
23.05093306999999
 20
50.45651762117998
 30
0.0
 11
0.04956584702
 21
0.0
 31
0.0
210
0.0
220
0.0
230
1.0
 40
1.0
 41
-0.3397443226
 42
-0.1318761339
  0
ELLIPSE
  5
8DC
330
2D0
100
AcDbEntity
  8
0
  6
Continuous
 62
     7
100
AcDbEllipse
 10
23.54920399624001
 20
50.45651762117998
 30
0.0
 11
0.0
 21
0.04956584702
 31
0.0
210
0.0
220
0.0
230
1.0
 40
1.0
 41
1.5707961873
 42
1.9105406494
  0
ELLIPSE
  5
8DD
330
2D0
100
AcDbEntity
  8
0
  6
Continuous
 62
     7
100
AcDbEllipse
 10
23.05093306999999
 20
46.62348237896003
 30
0.0
 11
0.04956584702
 21
0.0
 31
0.0
210
0.0
220
0.0
230
1.0
 40
1.0
 41
0.1318761339
 42
0.3397443226
  0
ELLIPSE
  5
8DE
330
2D0
100
AcDbEntity
  8
0
  6
Continuous
 62
     7
100
AcDbEllipse
 10
23.05093306999999
 20
46.45651762271999
 30
0.0
 11
0.0
 21
0.04956584702
 31
0.0
210
0.0
220
0.0
230
1.0
 40
1.0
 41
-1.9105406494
 42
-1.7026724607
  0
ELLIPSE
  5
8DF
330
2D0
100
AcDbEntity
  8
0
  6
Continuous
 62
     7
100
AcDbEllipse
 10
23.05093306999999
 20
43.42348237816003
 30
0.0
 11
0.04956584702
 21
0.0
 31
0.0
210
0.0
220
0.0
230
1.0
 40
1.0
 41
0.1318761339
 42
0.3397443226
  0
ELLIPSE
  5
8E0
330
2D0
100
AcDbEntity
  8
0
  6
Continuous
 62
     7
100
AcDbEllipse
 10
23.05093306999999
 20
49.02348237702003
 30
0.0
 11
0.04956584702
 21
0.0
 31
0.0
210
0.0
220
0.0
230
1.0
 40
1.0
 41
0.1318761339
 42
0.3397443226
  0
ELLIPSE
  5
8E1
330
2D0
100
AcDbEntity
  8
0
  6
Continuous
 62
     7
100
AcDbEllipse
 10
23.05093306999999
 20
48.85651762332
 30
0.0
 11
0.04956584702
 21
0.0
 31
0.0
210
0.0
220
0.0
230
1.0
 40
1.0
 41
-0.3397443226
 42
-0.1318761339
  0
ELLIPSE
  5
8E2
330
2D0
100
AcDbEntity
  8
0
  6
Continuous
 62
     7
100
AcDbEllipse
 10
23.05093306999999
 20
43.25651762191998
 30
0.0
 11
0.04956584702
 21
0.0
 31
0.0
210
0.0
220
0.0
230
1.0
 40
1.0
 41
-0.3397443226
 42
-0.1318761339
  0
ELLIPSE
  5
8E3
330
2D0
100
AcDbEntity
  8
0
  6
Continuous
 62
     7
100
AcDbEllipse
 10
23.54920399624001
 20
43.25651762191998
 30
0.0
 11
0.0
 21
0.04956584702
 31
0.0
210
0.0
220
0.0
230
1.0
 40
1.0
 41
1.5707961873
 42
1.9105406494
  0
ELLIPSE
  5
8E4
330
2D0
100
AcDbEntity
  8
0
  6
Continuous
 62
     7
100
AcDbEllipse
 10
23.54920399624001
 20
44.22348237835999
 30
0.0
 11
0.0
 21
0.04956584702
 31
0.0
210
0.0
220
0.0
230
1.0
 40
1.0
 41
1.2310520042
 42
1.570796466
  0
ELLIPSE
  5
8E5
330
2D0
100
AcDbEntity
  8
0
  6
Continuous
 62
     7
100
AcDbEllipse
 10
23.05093306999999
 20
26.82348237782
 30
0.0
 11
0.0
 21
0.04956584702
 31
0.0
210
0.0
220
0.0
230
1.0
 40
1.0
 41
-1.4389201929
 42
-1.2310520042
  0
ELLIPSE
  5
8E6
330
2D0
100
AcDbEntity
  8
0
  6
Continuous
 62
     7
100
AcDbEllipse
 10
23.05093306999999
 20
29.22348237841999
 30
0.0
 11
0.0
 21
0.04956584702
 31
0.0
210
0.0
220
0.0
230
1.0
 40
1.0
 41
-1.4389201929
 42
-1.2310520042
  0
ELLIPSE
  5
8E7
330
2D0
100
AcDbEntity
  8
0
  6
Continuous
 62
     7
100
AcDbEllipse
 10
23.05093306999999
 20
26.65651762158004
 30
0.0
 11
0.0
 21
0.04956584702
 31
0.0
210
0.0
220
0.0
230
1.0
 40
1.0
 41
-1.9105406494
 42
-1.7026724607
  0
ELLIPSE
  5
8E8
330
2D0
100
AcDbEntity
  8
0
  6
Continuous
 62
     7
100
AcDbEllipse
 10
23.05093306999999
 20
29.05651762218002
 30
0.0
 11
0.0
 21
0.04956584702
 31
0.0
210
0.0
220
0.0
230
1.0
 40
1.0
 41
-1.9105406494
 42
-1.7026724607
  0
ELLIPSE
  5
8E9
330
2D0
100
AcDbEntity
  8
0
  6
Continuous
 62
     7
100
AcDbEllipse
 10
23.54920399624001
 20
31.62348237902
 30
0.0
 11
0.0
 21
0.04956584702
 31
0.0
210
0.0
220
0.0
230
1.0
 40
1.0
 41
1.2310520042
 42
1.570796466
  0
ELLIPSE
  5
8EA
330
2D0
100
AcDbEntity
  8
0
  6
Continuous
 62
     7
100
AcDbEllipse
 10
23.54920399624001
 20
30.82348237882002
 30
0.0
 11
0.0
 21
0.04956584702
 31
0.0
210
0.0
220
0.0
230
1.0
 40
1.0
 41
1.2310520042
 42
1.570796466
  0
ELLIPSE
  5
8EB
330
2D0
100
AcDbEntity
  8
0
  6
Continuous
 62
     7
100
AcDbEllipse
 10
23.54920399624001
 20
24.42348237722001
 30
0.0
 11
0.0
 21
0.04956584702
 31
0.0
210
0.0
220
0.0
230
1.0
 40
1.0
 41
1.2310520042
 42
1.570796466
  0
ELLIPSE
  5
8EC
330
2D0
100
AcDbEntity
  8
0
  6
Continuous
 62
     7
100
AcDbEllipse
 10
23.05093306999999
 20
26.02348237762001
 30
0.0
 11
0.0
 21
0.04956584702
 31
0.0
210
0.0
220
0.0
230
1.0
 40
1.0
 41
-1.4389201929
 42
-1.2310520042
  0
ELLIPSE
  5
8ED
330
2D0
100
AcDbEntity
  8
0
  6
Continuous
 62
     7
100
AcDbEllipse
 10
23.05093306999999
 20
25.85651762137999
 30
0.0
 11
0.0
 21
0.04956584702
 31
0.0
210
0.0
220
0.0
230
1.0
 40
1.0
 41
-1.9105406494
 42
-1.7026724607
  0
ELLIPSE
  5
8EE
330
2D0
100
AcDbEntity
  8
0
  6
Continuous
 62
     7
100
AcDbEllipse
 10
23.05093306999999
 20
28.42348237822
 30
0.0
 11
0.0
 21
0.04956584702
 31
0.0
210
0.0
220
0.0
230
1.0
 40
1.0
 41
-1.4389201929
 42
-1.2310520042
  0
ELLIPSE
  5
8EF
330
2D0
100
AcDbEntity
  8
0
  6
Continuous
 62
     7
100
AcDbEllipse
 10
23.05093306999999
 20
30.82348237882002
 30
0.0
 11
0.04956584702
 21
0.0
 31
0.0
210
0.0
220
0.0
230
1.0
 40
1.0
 41
0.1318761339
 42
0.3397443226
  0
ELLIPSE
  5
8F0
330
2D0
100
AcDbEntity
  8
0
  6
Continuous
 62
     7
100
AcDbEllipse
 10
23.05093306999999
 20
28.25651762198004
 30
0.0
 11
0.0
 21
0.04956584702
 31
0.0
210
0.0
220
0.0
230
1.0
 40
1.0
 41
-1.9105406494
 42
-1.7026724607
  0
ELLIPSE
  5
8F1
330
2D0
100
AcDbEntity
  8
0
  6
Continuous
 62
     7
100
AcDbEllipse
 10
23.05093306999999
 20
30.65651762258003
 30
0.0
 11
0.0
 21
0.04956584702
 31
0.0
210
0.0
220
0.0
230
1.0
 40
1.0
 41
-1.9105406494
 42
-1.7026724607
  0
ELLIPSE
  5
8F2
330
2D0
100
AcDbEntity
  8
0
  6
Continuous
 62
     7
100
AcDbEllipse
 10
23.54920399624001
 20
30.65651762258003
 30
0.0
 11
0.0
 21
0.04956584702
 31
0.0
210
0.0
220
0.0
230
1.0
 40
1.0
 41
1.5707961873
 42
1.9105406494
  0
ELLIPSE
  5
8F3
330
2D0
100
AcDbEntity
  8
0
  6
Continuous
 62
     7
100
AcDbEllipse
 10
23.05093306999999
 20
25.22348237742
 30
0.0
 11
0.0
 21
0.04956584702
 31
0.0
210
0.0
220
0.0
230
1.0
 40
1.0
 41
-1.4389201929
 42
-1.2310520042
  0
ELLIPSE
  5
8F4
330
2D0
100
AcDbEntity
  8
0
  6
Continuous
 62
     7
100
AcDbEllipse
 10
23.05093306999999
 20
25.05651762118001
 30
0.0
 11
0.0
 21
0.04956584702
 31
0.0
210
0.0
220
0.0
230
1.0
 40
1.0
 41
-1.9105406494
 42
-1.7026724607
  0
ELLIPSE
  5
8F5
330
2D0
100
AcDbEntity
  8
0
  6
Continuous
 62
     7
100
AcDbEllipse
 10
23.05093306999999
 20
31.62348237902
 30
0.0
 11
0.0
 21
0.04956584702
 31
0.0
210
0.0
220
0.0
230
1.0
 40
1.0
 41
-1.4389201929
 42
-1.2310520042
  0
ELLIPSE
  5
8F6
330
2D0
100
AcDbEntity
  8
0
  6
Continuous
 62
     7
100
AcDbEllipse
 10
23.54920399624001
 20
25.05651762118001
 30
0.0
 11
0.04956584702
 21
0.0
 31
0.0
210
0.0
220
0.0
230
1.0
 40
1.0
 41
3.1415925141
 42
3.4813369762
  0
ELLIPSE
  5
8F7
330
2D0
100
AcDbEntity
  8
0
  6
Continuous
 62
     7
100
AcDbEllipse
 10
23.05093306999999
 20
31.45651762278001
 30
0.0
 11
0.0
 21
0.04956584702
 31
0.0
210
0.0
220
0.0
230
1.0
 40
1.0
 41
-1.9105406494
 42
-1.7026724607
  0
ELLIPSE
  5
8F8
330
2D0
100
AcDbEntity
  8
0
  6
Continuous
 62
     7
100
AcDbEllipse
 10
23.54920399624001
 20
31.45651762278001
 30
0.0
 11
0.0
 21
0.04956584702
 31
0.0
210
0.0
220
0.0
230
1.0
 40
1.0
 41
1.5707961873
 42
1.9105406494
  0
ELLIPSE
  5
8F9
330
2D0
100
AcDbEntity
  8
0
  6
Continuous
 62
     7
100
AcDbEllipse
 10
23.05093306999999
 20
27.62348237802001
 30
0.0
 11
0.04956584702
 21
0.0
 31
0.0
210
0.0
220
0.0
230
1.0
 40
1.0
 41
0.1318761339
 42
0.3397443226
  0
ELLIPSE
  5
8FA
330
2D0
100
AcDbEntity
  8
0
  6
Continuous
 62
     7
100
AcDbEllipse
 10
23.05093306999999
 20
27.45651762177999
 30
0.0
 11
0.04956584702
 21
0.0
 31
0.0
210
0.0
220
0.0
230
1.0
 40
1.0
 41
-0.3397443226
 42
-0.1318761339
  0
ELLIPSE
  5
8FB
330
2D0
100
AcDbEntity
  8
0
  6
Continuous
 62
     7
100
AcDbEllipse
 10
23.05093306999999
 20
24.42348237722001
 30
0.0
 11
0.0
 21
0.04956584702
 31
0.0
210
0.0
220
0.0
230
1.0
 40
1.0
 41
-1.4389201929
 42
-1.2310520042
  0
ELLIPSE
  5
8FC
330
2D0
100
AcDbEntity
  8
0
  6
Continuous
 62
     7
100
AcDbEllipse
 10
23.05093306999999
 20
30.02348237862
 30
0.0
 11
0.0
 21
0.04956584702
 31
0.0
210
0.0
220
0.0
230
1.0
 40
1.0
 41
-1.4389201929
 42
-1.2310520042
  0
ELLIPSE
  5
8FD
330
2D0
100
AcDbEntity
  8
0
  6
Continuous
 62
     7
100
AcDbEllipse
 10
23.05093306999999
 20
29.85651762237998
 30
0.0
 11
0.0
 21
0.04956584702
 31
0.0
210
0.0
220
0.0
230
1.0
 40
1.0
 41
-1.9105406494
 42
-1.7026724607
  0
ELLIPSE
  5
8FE
330
2D0
100
AcDbEntity
  8
0
  6
Continuous
 62
     7
100
AcDbEllipse
 10
23.05093306999999
 20
24.25651762352001
 30
0.0
 11
0.0
 21
0.04956584702
 31
0.0
210
0.0
220
0.0
230
1.0
 40
1.0
 41
-1.9105406494
 42
-1.7026724607
  0
ELLIPSE
  5
8FF
330
2D0
100
AcDbEntity
  8
0
  6
Continuous
 62
     7
100
AcDbEllipse
 10
23.54920399624001
 20
24.25651762352001
 30
0.0
 11
0.04956584702
 21
0.0
 31
0.0
210
0.0
220
0.0
230
1.0
 40
1.0
 41
3.1415925141
 42
3.4813369762
  0
ELLIPSE
  5
900
330
2D0
100
AcDbEntity
  8
0
  6
Continuous
 62
     7
100
AcDbEllipse
 10
23.54920399624001
 20
25.22348237742
 30
0.0
 11
0.0
 21
0.04956584702
 31
0.0
210
0.0
220
0.0
230
1.0
 40
1.0
 41
1.2310520042
 42
1.570796466
  0
ENDSEC
  0
SECTION
  2
OBJECTS
  0
DICTIONARY
  5
C
330
0
100
AcDbDictionary
281
     1
  3
ACAD_CIP_PREVIOUS_PRODUCT_INFO
350
95D
  3
ACAD_COLOR
350
937
  3
ACAD_DETAILVIEWSTYLE
350
950
  3
ACAD_GROUP
350
D
  3
ACAD_LAYOUT
350
1A
  3
ACAD_MATERIAL
350
905
  3
ACAD_MLEADERSTYLE
350
94C
  3
ACAD_MLINESTYLE
350
17
  3
ACAD_PLOTSETTINGS
350
19
  3
ACAD_PLOTSTYLENAME
350
E
  3
ACAD_SCALELIST
350
93A
  3
ACAD_SECTIONVIEWSTYLE
350
94E
  3
ACAD_TABLESTYLE
350
938
  3
ACAD_VISUALSTYLE
350
91E
  3
ACDB_RECOMPOSE_DATA
350
96A
  3
AcDbVariableDictionary
350
952
  0
DICTIONARY
  5
961
330
2
100
AcDbDictionary
280
     1
281
     1
  3
ACAD_LAYERSTATES
360
962
  0
XRECORD
  5
95D
102
{ACAD_REACTORS
330
C
102
}
330
C
100
AcDbXrecord
280
     1
300
ACD
300
2018
300
ACD_F_S
  0
DICTIONARY
  5
937
102
{ACAD_REACTORS
330
C
102
}
330
C
100
AcDbDictionary
281
     1
  0
DICTIONARY
  5
950
102
{ACAD_REACTORS
330
C
102
}
330
C
100
AcDbDictionary
281
     1
  3
Imperial24
350
951
  0
DICTIONARY
  5
D
102
{ACAD_REACTORS
330
C
102
}
330
C
100
AcDbDictionary
281
     1
  0
DICTIONARY
  5
1A
102
{ACAD_REACTORS
330
C
102
}
330
C
100
AcDbDictionary
281
     1
  3
Layout1
350
902
  3
Model
350
901
  0
DICTIONARY
  5
905
102
{ACAD_REACTORS
330
C
102
}
330
C
100
AcDbDictionary
281
     1
  3
ByBlock
350
90E
  3
ByLayer
350
906
  3
Global
350
916
  0
DICTIONARY
  5
94C
102
{ACAD_REACTORS
330
C
102
}
330
C
100
AcDbDictionary
281
     1
  3
Standard
350
94D
  0
DICTIONARY
  5
17
102
{ACAD_REACTORS
330
C
102
}
330
C
100
AcDbDictionary
281
     1
  3
Standard
350
18
  0
DICTIONARY
  5
19
102
{ACAD_REACTORS
330
C
102
}
330
C
100
AcDbDictionary
281
     1
  0
ACDBDICTIONARYWDFLT
  5
E
102
{ACAD_REACTORS
330
C
102
}
330
C
100
AcDbDictionary
281
     1
  3
Normal
350
F
100
AcDbDictionaryWithDefault
340
F
  0
DICTIONARY
  5
93A
102
{ACAD_REACTORS
330
C
102
}
330
C
100
AcDbDictionary
281
     1
  3
A0
350
93B
  3
A1
350
93C
  3
A2
350
93D
  3
A3
350
93E
  3
A4
350
93F
  3
A5
350
940
  3
A6
350
941
  3
A7
350
942
  3
A8
350
943
  3
A9
350
944
  3
B0
350
945
  3
B1
350
946
  3
B2
350
947
  3
B3
350
948
  3
B4
350
949
  3
B5
350
94A
  3
B6
350
94B
  0
DICTIONARY
  5
94E
102
{ACAD_REACTORS
330
C
102
}
330
C
100
AcDbDictionary
281
     1
  3
Imperial24
350
94F
  0
DICTIONARY
  5
938
102
{ACAD_REACTORS
330
C
102
}
330
C
100
AcDbDictionary
281
     1
  3
Standard
350
939
  0
DICTIONARY
  5
91E
102
{ACAD_REACTORS
330
C
102
}
330
C
100
AcDbDictionary
281
     1
  3
2dWireframe
350
924
  3
Basic
350
923
  3
Brighten
350
92A
  3
ColorChange
350
92E
  3
Conceptual
350
927
  3
Dim
350
929
  3
EdgeColorOff
350
936
  3
Facepattern
350
92D
  3
Flat
350
91F
  3
FlatWithEdges
350
920
  3
Gouraud
350
921
  3
GouraudWithEdges
350
922
  3
Hidden
350
926
  3
JitterOff
350
934
  3
Linepattern
350
92C
  3
OverhangOff
350
935
  3
Realistic
350
928
  3
Shaded
350
933
  3
Shaded with edges
350
932
  3
Shades of Gray
350
92F
  3
Sketchy
350
930
  3
Thicken
350
92B
  3
Wireframe
350
925
  3
X-Ray
350
931
  0
XRECORD
  5
96A
102
{ACAD_REACTORS
330
C
102
}
330
C
100
AcDbXrecord
280
     1
 90
        1
330
939
  0
DICTIONARY
  5
952
102
{ACAD_REACTORS
330
C
102
}
330
C
100
AcDbDictionary
281
     1
  3
CANNOSCALE
350
957
  3
CMLEADERSTYLE
350
954
  3
CTABLESTYLE
350
953
  3
CVIEWDETAILSTYLE
350
955
  3
CVIEWSECTIONSTYLE
350
956
  0
DICTIONARY
  5
962
102
{ACAD_REACTORS
330
961
102
}
330
961
100
AcDbDictionary
281
     1
  0
ACDBDETAILVIEWSTYLE
  5
951
102
{ACAD_REACTORS
330
950
102
}
330
950
100
AcDbModelDocViewStyle
 70
     0
  3
Imperial24
290
     0
300
Imperial24
 90
        0
100
AcDbDetailViewStyle
 70
     0
 71
     0
 90
        3
 71
     1
340
11
 62
   256
 40
0.24
340
0
 62
   256
 40
0.24
300

 40
0.36
280
     3
 71
     2
340
16
 90
       25
 62
   256
 71
     3
340
11
 62
   256
 40
0.24
 90
        1
 40
0.75
 90
        1
300
%<\AcVar ViewType \f "%tc1">% %<\AcVar ViewDetailId>%\PSCALE %<\AcVar ViewScale \f "%sn">%
 71
     4
340
16
 90
       25
 62
   256
340
16
 90
       25
 62
   256
280
     0
  0
LAYOUT
  5
902
102
{ACAD_REACTORS
330
1A
102
}
330
1A
100
AcDbPlotSettings
  1

  2
none_device
  4
ANSI_C_(22.00_x_17.00_Inches)
  6

 40
0.0
 41
0.0
 42
0.0
 43
0.0
 44
558.8
 45
431.8
 46
0.0
 47
0.0
 48
0.0
 49
0.0
140
0.0
141
0.0
142
1.0
143
1.0
 70
     0
 72
     0
 73
     0
 74
     0
  7

 75
     0
 76
     0
 77
     2
 78
   300
147
1.0
148
0.0
149
0.0
100
AcDbLayout
  1
Layout1
 70
     1
 71
     1
 10
0.0
 20
0.0
 11
12.0
 21
9.0
 12
0.0
 22
0.0
 32
0.0
 14
1.000000000000000E+20
 24
1.000000000000000E+20
 34
1.000000000000000E+20
 15
-1.000000000000000E+20
 25
-1.000000000000000E+20
 35
-1.000000000000000E+20
146
0.0
 13
0.0
 23
0.0
 33
0.0
 16
1.0
 26
0.0
 36
0.0
 17
0.0
 27
1.0
 37
0.0
 76
     0
330
2D1
  0
LAYOUT
  5
901
102
{ACAD_REACTORS
330
1A
102
}
330
1A
100
AcDbPlotSettings
  1

  2
none_device
  4
ANSI_C_(22.00_x_17.00_Inches)
  6

 40
0.0
 41
0.0
 42
0.0
 43
0.0
 44
558.8
 45
431.8
 46
0.0
 47
0.0
 48
0.0
 49
0.0
140
0.0
141
0.0
142
1.0
143
1.0
 70
  1024
 72
     0
 73
     0
 74
     0
  7

 75
     0
 76
     0
 77
     2
 78
   300
147
1.0
148
0.0
149
0.0
100
AcDbLayout
  1
Model
 70
     0
 71
     0
 10
0.0
 20
0.0
 11
22.0
 21
17.0
 12
0.0
 22
0.0
 32
0.0
 14
0.0
 24
0.0
 34
0.0
 15
0.0
 25
0.0
 35
0.0
146
0.0
 13
0.0
 23
0.0
 33
0.0
 16
1.0
 26
0.0
 36
0.0
 17
0.0
 27
1.0
 37
0.0
 76
     0
330
2D0
331
1F4
  0
MATERIAL
  5
90E
102
{ACAD_REACTORS
330
905
102
}
330
905
100
AcDbMaterial
  1
ByBlock
 72
     0
 73
     2
 43
0.0208333333333333
 43
0.0
 43
0.0
 43
0.0
 43
0.0
 43
0.0208333333333333
 43
0.0
 43
0.0
 43
0.0
 43
0.0
 43
1.0
 43
0.0
 43
0.0
 43
0.0
 43
0.0
 43
1.0
 77
     0
 78
     2
 47
0.0208333333333333
 47
0.0
 47
0.0
 47
0.0
 47
0.0
 47
0.0208333333333333
 47
0.0
 47
0.0
 47
0.0
 47
0.0
 47
1.0
 47
0.0
 47
0.0
 47
0.0
 47
0.0
 47
1.0
171
     0
172
     2
 49
0.0208333333333333
 49
0.0
 49
0.0
 49
0.0
 49
0.0
 49
0.0208333333333333
 49
0.0
 49
0.0
 49
0.0
 49
0.0
 49
1.0
 49
0.0
 49
0.0
 49
0.0
 49
0.0
 49
1.0
175
     0
176
     2
142
0.0208333333333333
142
0.0
142
0.0
142
0.0
142
0.0
142
0.0208333333333333
142
0.0
142
0.0
142
0.0
142
0.0
142
1.0
142
0.0
142
0.0
142
0.0
142
0.0
142
1.0
179
     0
270
     2
144
0.0208333333333333
144
0.0
144
0.0
144
0.0
144
0.0
144
0.0208333333333333
144
0.0
144
0.0
144
0.0
144
0.0
144
1.0
144
0.0
144
0.0
144
0.0
144
0.0
144
1.0
274
     2
147
0.0208333333333333
147
0.0
147
0.0
147
0.0
147
0.0
147
0.0208333333333333
147
0.0
147
0.0
147
0.0
147
0.0
147
1.0
147
0.0
147
0.0
147
0.0
147
0.0
147
1.0
 94
      127
  0
MATERIAL
  5
906
102
{ACAD_REACTORS
330
905
102
}
330
905
100
AcDbMaterial
  1
ByLayer
 72
     0
 73
     2
 43
0.0208333333333333
 43
0.0
 43
0.0
 43
0.0
 43
0.0
 43
0.0208333333333333
 43
0.0
 43
0.0
 43
0.0
 43
0.0
 43
1.0
 43
0.0
 43
0.0
 43
0.0
 43
0.0
 43
1.0
 77
     0
 78
     2
 47
0.0208333333333333
 47
0.0
 47
0.0
 47
0.0
 47
0.0
 47
0.0208333333333333
 47
0.0
 47
0.0
 47
0.0
 47
0.0
 47
1.0
 47
0.0
 47
0.0
 47
0.0
 47
0.0
 47
1.0
171
     0
172
     2
 49
0.0208333333333333
 49
0.0
 49
0.0
 49
0.0
 49
0.0
 49
0.0208333333333333
 49
0.0
 49
0.0
 49
0.0
 49
0.0
 49
1.0
 49
0.0
 49
0.0
 49
0.0
 49
0.0
 49
1.0
175
     0
176
     2
142
0.0208333333333333
142
0.0
142
0.0
142
0.0
142
0.0
142
0.0208333333333333
142
0.0
142
0.0
142
0.0
142
0.0
142
1.0
142
0.0
142
0.0
142
0.0
142
0.0
142
1.0
179
     0
270
     2
144
0.0208333333333333
144
0.0
144
0.0
144
0.0
144
0.0
144
0.0208333333333333
144
0.0
144
0.0
144
0.0
144
0.0
144
1.0
144
0.0
144
0.0
144
0.0
144
0.0
144
1.0
274
     2
147
0.0208333333333333
147
0.0
147
0.0
147
0.0
147
0.0
147
0.0208333333333333
147
0.0
147
0.0
147
0.0
147
0.0
147
1.0
147
0.0
147
0.0
147
0.0
147
0.0
147
1.0
 94
      127
  0
MATERIAL
  5
916
102
{ACAD_REACTORS
330
905
102
}
330
905
100
AcDbMaterial
  1
Global
 72
     0
 73
     2
 43
0.0208333333333333
 43
0.0
 43
0.0
 43
0.0
 43
0.0
 43
0.0208333333333333
 43
0.0
 43
0.0
 43
0.0
 43
0.0
 43
1.0
 43
0.0
 43
0.0
 43
0.0
 43
0.0
 43
1.0
 77
     0
 78
     2
 47
0.0208333333333333
 47
0.0
 47
0.0
 47
0.0
 47
0.0
 47
0.0208333333333333
 47
0.0
 47
0.0
 47
0.0
 47
0.0
 47
1.0
 47
0.0
 47
0.0
 47
0.0
 47
0.0
 47
1.0
171
     0
172
     2
 49
0.0208333333333333
 49
0.0
 49
0.0
 49
0.0
 49
0.0
 49
0.0208333333333333
 49
0.0
 49
0.0
 49
0.0
 49
0.0
 49
1.0
 49
0.0
 49
0.0
 49
0.0
 49
0.0
 49
1.0
175
     0
176
     2
142
0.0208333333333333
142
0.0
142
0.0
142
0.0
142
0.0
142
0.0208333333333333
142
0.0
142
0.0
142
0.0
142
0.0
142
1.0
142
0.0
142
0.0
142
0.0
142
0.0
142
1.0
179
     0
270
     2
144
0.0208333333333333
144
0.0
144
0.0
144
0.0
144
0.0
144
0.0208333333333333
144
0.0
144
0.0
144
0.0
144
0.0
144
1.0
144
0.0
144
0.0
144
0.0
144
0.0
144
1.0
274
     2
147
0.0208333333333333
147
0.0
147
0.0
147
0.0
147
0.0
147
0.0208333333333333
147
0.0
147
0.0
147
0.0
147
0.0
147
1.0
147
0.0
147
0.0
147
0.0
147
0.0
147
1.0
 94
      127
  0
MLEADERSTYLE
  5
94D
102
{ACAD_REACTORS
330
94C
102
}
330
94C
100
AcDbMLeaderStyle
179
     2
170
     2
171
     1
172
     0
 90
        2
 40
0.0
 41
0.0
173
     1
 91
-1056964608
340
14
 92
       -2
290
     1
 42
0.09
291
     1
 43
0.36
  3
Standard
341
0
 44
0.18
300

342
11
174
     1
178
     6
175
     1
176
     0
 93
-1056964608
 45
0.18
292
     0
297
     0
 46
0.18
343
0
 94
-1056964608
 47
1.0
 49
1.0
140
1.0
293
     1
141
0.0
294
     1
177
     0
142
1.0
295
     0
296
     0
143
0.125
271
     0
272
     9
273
     9
298
     1
  0
MLINESTYLE
  5
18
102
{ACAD_REACTORS
330
17
102
}
330
17
100
AcDbMlineStyle
  2
STANDARD
 70
     0
  3

 62
   256
 51
90.0
 52
90.0
 71
     2
 49
0.5
 62
   256
  6
BYLAYER
 49
-0.5
 62
   256
  6
BYLAYER
  0
ACDBPLACEHOLDER
  5
F
102
{ACAD_REACTORS
330
E
102
}
330
E
  0
SCALE
  5
93B
102
{ACAD_REACTORS
330
93A
102
}
330
93A
100
AcDbScale
 70
     0
300
1:1
140
1.0
141
1.0
290
     1
  0
SCALE
  5
93C
102
{ACAD_REACTORS
330
93A
102
}
330
93A
100
AcDbScale
 70
     0
300
1/128" = 1'-0"
140
0.0078125
141
12.0
290
     0
  0
SCALE
  5
93D
102
{ACAD_REACTORS
330
93A
102
}
330
93A
100
AcDbScale
 70
     0
300
1/64" = 1'-0"
140
0.015625
141
12.0
290
     0
  0
SCALE
  5
93E
102
{ACAD_REACTORS
330
93A
102
}
330
93A
100
AcDbScale
 70
     0
300
1/32" = 1'-0"
140
0.03125
141
12.0
290
     0
  0
SCALE
  5
93F
102
{ACAD_REACTORS
330
93A
102
}
330
93A
100
AcDbScale
 70
     0
300
1/16" = 1'-0"
140
0.0625
141
12.0
290
     0
  0
SCALE
  5
940
102
{ACAD_REACTORS
330
93A
102
}
330
93A
100
AcDbScale
 70
     0
300
3/32" = 1'-0"
140
0.09375
141
12.0
290
     0
  0
SCALE
  5
941
102
{ACAD_REACTORS
330
93A
102
}
330
93A
100
AcDbScale
 70
     0
300
1/8" = 1'-0"
140
0.125
141
12.0
290
     0
  0
SCALE
  5
942
102
{ACAD_REACTORS
330
93A
102
}
330
93A
100
AcDbScale
 70
     0
300
3/16" = 1'-0"
140
0.1875
141
12.0
290
     0
  0
SCALE
  5
943
102
{ACAD_REACTORS
330
93A
102
}
330
93A
100
AcDbScale
 70
     0
300
1/4" = 1'-0"
140
0.25
141
12.0
290
     0
  0
SCALE
  5
944
102
{ACAD_REACTORS
330
93A
102
}
330
93A
100
AcDbScale
 70
     0
300
3/8" = 1'-0"
140
0.375
141
12.0
290
     0
  0
SCALE
  5
945
102
{ACAD_REACTORS
330
93A
102
}
330
93A
100
AcDbScale
 70
     0
300
1/2" = 1'-0"
140
0.5
141
12.0
290
     0
  0
SCALE
  5
946
102
{ACAD_REACTORS
330
93A
102
}
330
93A
100
AcDbScale
 70
     0
300
3/4" = 1'-0"
140
0.75
141
12.0
290
     0
  0
SCALE
  5
947
102
{ACAD_REACTORS
330
93A
102
}
330
93A
100
AcDbScale
 70
     0
300
1" = 1'-0"
140
1.0
141
12.0
290
     0
  0
SCALE
  5
948
102
{ACAD_REACTORS
330
93A
102
}
330
93A
100
AcDbScale
 70
     0
300
1-1/2" = 1'-0"
140
1.5
141
12.0
290
     0
  0
SCALE
  5
949
102
{ACAD_REACTORS
330
93A
102
}
330
93A
100
AcDbScale
 70
     0
300
3" = 1'-0"
140
3.0
141
12.0
290
     0
  0
SCALE
  5
94A
102
{ACAD_REACTORS
330
93A
102
}
330
93A
100
AcDbScale
 70
     0
300
6" = 1'-0"
140
6.0
141
12.0
290
     0
  0
SCALE
  5
94B
102
{ACAD_REACTORS
330
93A
102
}
330
93A
100
AcDbScale
 70
     0
300
1'-0" = 1'-0"
140
12.0
141
12.0
290
     0
  0
ACDBSECTIONVIEWSTYLE
  5
94F
102
{ACAD_REACTORS
330
94E
102
}
330
94E
100
AcDbModelDocViewStyle
 70
     0
  3
Imperial24
290
     0
300
Imperial24
 90
        0
100
AcDbSectionViewStyle
 70
     0
 71
     0
 90
       78
 71
     1
340
11
 62
   256
 40
0.24
340
0
340
0
 62
   256
 40
0.24
300
I, O, Q, S, X, Z
 40
0.48
 90
        3
 40
0.18
 90
        1
 71
     2
340
16
 90
       25
 62
   256
340
16
 90
       50
 62
   256
 40
0.24
 40
0.0
 40
0.24
 71
     3
340
11
 62
   256
 40
0.24
 90
        1
 40
0.75
 90
        1
300
%<\AcVar ViewType \f "%tc1">% %<\AcVar ViewSectionStartId>%-%<\AcVar ViewSectionEndId>%\PSCALE %<\AcVar ViewScale \f "%sn">%
 71
     4
 62
   256
 62
   257
300
ANSI31
 40
1.0
 90
        0
290
     0
290
     0
 90
        6
 40
0.0
 40
1.570796326794897
 40
0.2617993877991494
 40
1.308996938995747
 40
-0.2617993877991494
 40
1.832595714594046
  0
TABLESTYLE
  5
939
102
{ACAD_REACTORS
330
938
102
}
102
{ACAD_XDICTIONARY
360
968
102
}
330
938
100
AcDbTableStyle
  3
Standard
 70
     0
 71
     0
 40
0.06
 41
0.06
280
     0
281
     0
  7
STANDARD
140
0.18
170
     2
 62
     0
 63
   257
283
     0
 90
      512
 91
        0
  1

274
    -2
284
     1
 64
     0
275
    -2
285
     1
 65
     0
276
    -2
286
     1
 66
     0
277
    -2
287
     1
 67
     0
278
    -2
288
     1
 68
     0
279
    -2
289
     1
 69
     0
  7
STANDARD
140
0.25
170
     5
 62
     0
 63
   257
283
     0
 90
      512
 91
        0
  1

274
    -2
284
     1
 64
     0
275
    -2
285
     1
 65
     0
276
    -2
286
     1
 66
     0
277
    -2
287
     1
 67
     0
278
    -2
288
     1
 68
     0
279
    -2
289
     1
 69
     0
  7
STANDARD
140
0.18
170
     5
 62
     0
 63
   257
283
     0
 90
      512
 91
        0
  1

274
    -2
284
     1
 64
     0
275
    -2
285
     1
 65
     0
276
    -2
286
     1
 66
     0
277
    -2
287
     1
 67
     0
278
    -2
288
     1
 68
     0
279
    -2
289
     1
 69
     0
  0
VISUALSTYLE
  5
924
102
{ACAD_REACTORS
330
91E
102
}
330
91E
100
AcDbVisualStyle
  2
2dWireframe
 70
     4
177
     3
291
     0
 70
    58
 90
        0
176
     1
 90
        2
176
     1
 90
        0
176
     1
 90
        0
176
     1
 40
0.6
176
     1
 40
30.0
176
     1
 62
     7
420
 16777215
176
     1
 90
        1
176
     1
 90
        4
176
     1
 62
     7
176
     1
 62
   257
176
     1
 90
        1
176
     1
 90
        1
176
     1
 40
1.0
176
     1
 90
        0
176
     1
 62
   257
176
     1
 40
1.0
176
     1
 90
        1
176
     1
 90
        6
176
     1
 90
        2
176
     1
 62
     7
176
     1
 90
        5
176
     1
 90
        0
176
     1
 90
        0
176
     1
290
     0
176
     1
 90
        1
176
     1
 40
0.0
176
     1
 90
        0
176
     1
290
     1
176
     1
290
     1
176
     1
290
     0
176
     1
290
     0
176
     1
290
     0
176
     1
290
     0
176
     1
290
     0
176
     1
290
     0
176
     1
290
     0
176
     1
 90
       50
176
     1
 40
0.0
176
     1
 40
1.0
176
     1
 90
        0
176
     1
 62
    18
420
        0
176
     1
 90
       50
176
     1
 90
        3
176
     1
 62
     5
420
      255
176
     1
290
     0
176
     1
 90
       50
176
     1
 90
       50
176
     1
 90
       50
176
     1
290
     0
176
     1
 90
       50
176
     1
 62
   256
176
     0
 40
1.0
176
     0
 90
        2
176
     1
  1
strokes_ogs.tif
176
     1
290
     0
176
     1
 40
1.0
176
     1
 40
1.0
176
     1
  0
VISUALSTYLE
  5
923
102
{ACAD_REACTORS
330
91E
102
}
330
91E
100
AcDbVisualStyle
  2
Basic
 70
     7
177
     3
291
     1
 70
    58
 90
        1
176
     1
 90
        0
176
     1
 90
        1
176
     1
 90
        0
176
     1
 40
0.6
176
     1
 40
30.0
176
     1
 62
     7
420
 16777215
176
     1
 90
        0
176
     1
 90
        4
176
     1
 62
     7
176
     1
 62
   257
176
     1
 90
        1
176
     1
 90
        1
176
     1
 40
1.0
176
     1
 90
        8
176
     1
 62
     7
176
     1
 40
1.0
176
     1
 90
        1
176
     1
 90
        6
176
     1
 90
        2
176
     1
 62
     7
176
     1
 90
        5
176
     1
 90
        0
176
     1
 90
        0
176
     1
290
     0
176
     1
 90
        1
176
     1
 40
0.0
176
     1
 90
        0
176
     1
290
     0
176
     1
290
     1
176
     1
290
     1
176
     1
290
     0
176
     1
290
     0
176
     1
290
     0
176
     1
290
     0
176
     1
290
     0
176
     1
290
     0
176
     1
 90
       50
176
     1
 40
0.0
176
     1
 40
1.0
176
     1
 90
        0
176
     1
 62
    18
420
        0
176
     1
 90
       50
176
     1
 90
        3
176
     1
 62
     5
420
      255
176
     1
290
     0
176
     1
 90
       50
176
     1
 90
       50
176
     1
 90
       50
176
     1
290
     0
176
     1
 90
       50
176
     1
 62
   256
176
     0
 40
1.0
176
     0
 90
        2
176
     1
  1
strokes_ogs.tif
176
     1
290
     0
176
     1
 40
1.0
176
     1
 40
1.0
176
     1
  0
VISUALSTYLE
  5
92A
102
{ACAD_REACTORS
330
91E
102
}
330
91E
100
AcDbVisualStyle
  2
Brighten
 70
    12
177
     3
291
     1
 70
    58
 90
        2
176
     1
 90
        2
176
     1
 90
        0
176
     1
 90
        0
176
     1
 40
0.6
176
     1
 40
30.0
176
     1
 62
     7
420
 16777215
176
     1
 90
        1
176
     1
 90
        4
176
     1
 62
     7
176
     1
 62
   257
176
     1
 90
        1
176
     1
 90
        1
176
     1
 40
1.0
176
     1
 90
        8
176
     1
 62
     7
176
     1
 40
1.0
176
     1
 90
        1
176
     1
 90
        6
176
     1
 90
        2
176
     1
 62
     7
176
     1
 90
        5
176
     1
 90
        0
176
     1
 90
        0
176
     1
290
     0
176
     1
 90
        1
176
     1
 40
50.0
176
     1
 90
        0
176
     1
290
     0
176
     1
290
     1
176
     1
290
     1
176
     1
290
     0
176
     1
290
     0
176
     1
290
     0
176
     1
290
     0
176
     1
290
     0
176
     1
290
     0
176
     1
 90
       50
176
     1
 40
0.0
176
     1
 40
1.0
176
     1
 90
        0
176
     1
 62
    18
420
        0
176
     1
 90
       50
176
     1
 90
        3
176
     1
 62
     5
420
      255
176
     1
290
     0
176
     1
 90
       50
176
     1
 90
       50
176
     1
 90
       50
176
     1
290
     0
176
     1
 90
       50
176
     1
 62
   256
176
     0
 40
1.0
176
     0
 90
        2
176
     1
  1
strokes_ogs.tif
176
     1
290
     0
176
     1
 40
1.0
176
     1
 40
1.0
176
     1
  0
VISUALSTYLE
  5
92E
102
{ACAD_REACTORS
330
91E
102
}
330
91E
100
AcDbVisualStyle
  2
ColorChange
 70
    16
177
     3
291
     1
 70
    58
 90
        2
176
     1
 90
        2
176
     1
 90
        3
176
     1
 90
        0
176
     1
 40
0.6
176
     1
 40
30.0
176
     1
 62
     8
420
  8421504
176
     1
 90
        1
176
     1
 90
        4
176
     1
 62
     7
176
     1
 62
   257
176
     1
 90
        1
176
     1
 90
        1
176
     1
 40
1.0
176
     1
 90
        8
176
     1
 62
     8
420
  8421504
176
     1
 40
1.0
176
     1
 90
        1
176
     1
 90
        6
176
     1
 90
        2
176
     1
 62
     7
176
     1
 90
        5
176
     1
 90
        0
176
     1
 90
        0
176
     1
290
     0
176
     1
 90
        1
176
     1
 40
0.0
176
     1
 90
        0
176
     1
290
     0
176
     1
290
     1
176
     1
290
     1
176
     1
290
     0
176
     1
290
     0
176
     1
290
     0
176
     1
290
     0
176
     1
290
     0
176
     1
290
     0
176
     1
 90
       50
176
     1
 40
0.0
176
     1
 40
1.0
176
     1
 90
        0
176
     1
 62
    18
420
        0
176
     1
 90
       50
176
     1
 90
        3
176
     1
 62
     5
420
      255
176
     1
290
     0
176
     1
 90
       50
176
     1
 90
       50
176
     1
 90
       50
176
     1
290
     0
176
     1
 90
       50
176
     1
 62
   256
176
     0
 40
1.0
176
     0
 90
        2
176
     1
  1
strokes_ogs.tif
176
     1
290
     0
176
     1
 40
1.0
176
     1
 40
1.0
176
     1
  0
VISUALSTYLE
  5
927
102
{ACAD_REACTORS
330
91E
102
}
330
91E
100
AcDbVisualStyle
  2
Conceptual
 70
     9
177
     3
291
     0
 70
    58
 90
        3
176
     1
 90
        2
176
     1
 90
        0
176
     1
 90
        0
176
     1
 40
0.6
176
     1
 40
30.0
176
     1
 62
     7
420
 16777215
176
     1
 90
        2
176
     1
 90
        2
176
     1
 62
     7
176
     1
 62
   257
176
     1
 90
        1
176
     1
 90
        1
176
     1
 40
179.0
176
     1
 90
        8
176
     1
 62
     7
176
     1
 40
1.0
176
     1
 90
        1
176
     1
 90
        6
176
     1
 90
        2
176
     1
 62
     7
176
     1
 90
        3
176
     1
 90
        0
176
     1
 90
        0
176
     1
290
     0
176
     1
 90
        1
176
     1
 40
0.0
176
     1
 90
        0
176
     1
290
     0
176
     1
290
     1
176
     1
290
     1
176
     1
290
     0
176
     1
290
     0
176
     1
290
     0
176
     1
290
     0
176
     1
290
     0
176
     1
290
     0
176
     1
 90
       50
176
     1
 40
0.0
176
     1
 40
1.0
176
     1
 90
        0
176
     1
 62
    18
420
        0
176
     1
 90
       50
176
     1
 90
        3
176
     1
 62
     5
420
      255
176
     1
290
     0
176
     1
 90
       50
176
     1
 90
       50
176
     1
 90
       50
176
     1
290
     0
176
     1
 90
       50
176
     1
 62
   256
176
     0
 40
1.0
176
     0
 90
        2
176
     1
  1
strokes_ogs.tif
176
     1
290
     0
176
     1
 40
1.0
176
     1
 40
1.0
176
     1
  0
VISUALSTYLE
  5
929
102
{ACAD_REACTORS
330
91E
102
}
330
91E
100
AcDbVisualStyle
  2
Dim
 70
    11
177
     3
291
     1
 70
    58
 90
        2
176
     1
 90
        2
176
     1
 90
        0
176
     1
 90
        0
176
     1
 40
0.6
176
     1
 40
30.0
176
     1
 62
     7
420
 16777215
176
     1
 90
        1
176
     1
 90
        4
176
     1
 62
     7
176
     1
 62
   257
176
     1
 90
        1
176
     1
 90
        1
176
     1
 40
1.0
176
     1
 90
        8
176
     1
 62
     7
176
     1
 40
1.0
176
     1
 90
        1
176
     1
 90
        6
176
     1
 90
        2
176
     1
 62
     7
176
     1
 90
        5
176
     1
 90
        0
176
     1
 90
        0
176
     1
290
     0
176
     1
 90
        1
176
     1
 40
-50.0
176
     1
 90
        0
176
     1
290
     0
176
     1
290
     1
176
     1
290
     1
176
     1
290
     0
176
     1
290
     0
176
     1
290
     0
176
     1
290
     0
176
     1
290
     0
176
     1
290
     0
176
     1
 90
       50
176
     1
 40
0.0
176
     1
 40
1.0
176
     1
 90
        0
176
     1
 62
    18
420
        0
176
     1
 90
       50
176
     1
 90
        3
176
     1
 62
     5
420
      255
176
     1
290
     0
176
     1
 90
       50
176
     1
 90
       50
176
     1
 90
       50
176
     1
290
     0
176
     1
 90
       50
176
     1
 62
   256
176
     0
 40
1.0
176
     0
 90
        2
176
     1
  1
strokes_ogs.tif
176
     1
290
     0
176
     1
 40
1.0
176
     1
 40
1.0
176
     1
  0
VISUALSTYLE
  5
936
102
{ACAD_REACTORS
330
91E
102
}
330
91E
100
AcDbVisualStyle
  2
EdgeColorOff
 70
    22
177
     3
291
     1
 70
    58
 90
        2
176
     0
 90
        2
176
     0
 90
        0
176
     0
 90
        0
176
     0
 40
0.6
176
     0
 40
30.0
176
     0
 62
     7
420
 16777215
176
     0
 90
        1
176
     0
 90
        4
176
     0
 62
     7
176
     0
 62
   257
176
     0
 90
        1
176
     0
 90
        1
176
     0
 40
1.0
176
     0
 90
        8
176
     2
 62
     7
176
     0
 40
1.0
176
     0
 90
        1
176
     0
 90
        6
176
     0
 90
        2
176
     0
 62
     7
176
     0
 90
        5
176
     0
 90
        0
176
     0
 90
        0
176
     0
290
     0
176
     0
 90
        1
176
     0
 40
0.0
176
     0
 90
        0
176
     0
290
     0
176
     0
290
     1
176
     0
290
     1
176
     0
290
     0
176
     0
290
     0
176
     0
290
     0
176
     0
290
     0
176
     0
290
     0
176
     0
290
     0
176
     0
 90
       50
176
     0
 40
0.0
176
     0
 40
1.0
176
     0
 90
        0
176
     0
 62
    18
420
        0
176
     0
 90
       50
176
     0
 90
        3
176
     0
 62
     5
420
      255
176
     0
290
     0
176
     0
 90
       50
176
     0
 90
       50
176
     0
 90
       50
176
     0
290
     0
176
     0
 90
       50
176
     0
 62
   256
176
     0
 40
1.0
176
     0
 90
        2
176
     0
  1
strokes_ogs.tif
176
     0
290
     0
176
     0
 40
1.0
176
     0
 40
1.0
176
     0
  0
VISUALSTYLE
  5
92D
102
{ACAD_REACTORS
330
91E
102
}
330
91E
100
AcDbVisualStyle
  2
Facepattern
 70
    15
177
     3
291
     1
 70
    58
 90
        2
176
     1
 90
        2
176
     1
 90
        0
176
     1
 90
        0
176
     1
 40
0.6
176
     1
 40
30.0
176
     1
 62
     7
420
 16777215
176
     1
 90
        1
176
     1
 90
        4
176
     1
 62
     7
176
     1
 62
   257
176
     1
 90
        1
176
     1
 90
        1
176
     1
 40
1.0
176
     1
 90
        8
176
     1
 62
     7
176
     1
 40
1.0
176
     1
 90
        1
176
     1
 90
        6
176
     1
 90
        2
176
     1
 62
     7
176
     1
 90
        5
176
     1
 90
        0
176
     1
 90
        0
176
     1
290
     0
176
     1
 90
        1
176
     1
 40
0.0
176
     1
 90
        0
176
     1
290
     0
176
     1
290
     1
176
     1
290
     1
176
     1
290
     0
176
     1
290
     0
176
     1
290
     0
176
     1
290
     0
176
     1
290
     0
176
     1
290
     0
176
     1
 90
       50
176
     1
 40
0.0
176
     1
 40
1.0
176
     1
 90
        0
176
     1
 62
    18
420
        0
176
     1
 90
       50
176
     1
 90
        3
176
     1
 62
     5
420
      255
176
     1
290
     0
176
     1
 90
       50
176
     1
 90
       50
176
     1
 90
       50
176
     1
290
     0
176
     1
 90
       50
176
     1
 62
   256
176
     0
 40
1.0
176
     0
 90
        2
176
     1
  1
strokes_ogs.tif
176
     1
290
     0
176
     1
 40
1.0
176
     1
 40
1.0
176
     1
  0
VISUALSTYLE
  5
91F
102
{ACAD_REACTORS
330
91E
102
}
330
91E
100
AcDbVisualStyle
  2
Flat
 70
     0
177
     3
291
     1
 70
    58
 90
        2
176
     1
 90
        1
176
     1
 90
        1
176
     1
 90
        2
176
     1
 40
0.6
176
     1
 40
30.0
176
     1
 62
     7
420
 16777215
176
     1
 90
        0
176
     1
 90
        0
176
     1
 62
     7
176
     1
 62
   257
176
     1
 90
        1
176
     1
 90
        1
176
     1
 40
1.0
176
     1
 90
        8
176
     1
 62
     7
176
     1
 40
1.0
176
     1
 90
        1
176
     1
 90
        6
176
     1
 90
        2
176
     1
 62
     7
176
     1
 90
        5
176
     1
 90
        0
176
     1
 90
        0
176
     1
290
     0
176
     1
 90
       13
176
     1
 40
0.0
176
     1
 90
        0
176
     1
290
     0
176
     1
290
     1
176
     1
290
     1
176
     1
290
     0
176
     1
290
     0
176
     1
290
     0
176
     1
290
     0
176
     1
290
     0
176
     1
290
     0
176
     1
 90
       50
176
     1
 40
0.0
176
     1
 40
1.0
176
     1
 90
        0
176
     1
 62
    18
420
        0
176
     1
 90
       50
176
     1
 90
        3
176
     1
 62
     5
420
      255
176
     1
290
     0
176
     1
 90
       50
176
     1
 90
       50
176
     1
 90
       50
176
     1
290
     0
176
     1
 90
       50
176
     1
 62
   256
176
     0
 40
1.0
176
     0
 90
        2
176
     1
  1
strokes_ogs.tif
176
     1
290
     0
176
     1
 40
1.0
176
     1
 40
1.0
176
     1
  0
VISUALSTYLE
  5
920
102
{ACAD_REACTORS
330
91E
102
}
330
91E
100
AcDbVisualStyle
  2
FlatWithEdges
 70
     1
177
     3
291
     1
 70
    58
 90
        2
176
     1
 90
        1
176
     1
 90
        1
176
     1
 90
        2
176
     1
 40
0.6
176
     1
 40
30.0
176
     1
 62
     7
420
 16777215
176
     1
 90
        1
176
     1
 90
        0
176
     1
 62
     7
176
     1
 62
   257
176
     1
 90
        1
176
     1
 90
        1
176
     1
 40
1.0
176
     1
 90
        0
176
     1
 62
   257
176
     1
 40
1.0
176
     1
 90
        1
176
     1
 90
        6
176
     1
 90
        2
176
     1
 62
     7
176
     1
 90
        5
176
     1
 90
        0
176
     1
 90
        0
176
     1
290
     0
176
     1
 90
       13
176
     1
 40
0.0
176
     1
 90
        0
176
     1
290
     0
176
     1
290
     1
176
     1
290
     1
176
     1
290
     0
176
     1
290
     0
176
     1
290
     0
176
     1
290
     0
176
     1
290
     0
176
     1
290
     0
176
     1
 90
       50
176
     1
 40
0.0
176
     1
 40
1.0
176
     1
 90
        0
176
     1
 62
    18
420
        0
176
     1
 90
       50
176
     1
 90
        3
176
     1
 62
     5
420
      255
176
     1
290
     0
176
     1
 90
       50
176
     1
 90
       50
176
     1
 90
       50
176
     1
290
     0
176
     1
 90
       50
176
     1
 62
   256
176
     0
 40
1.0
176
     0
 90
        2
176
     1
  1
strokes_ogs.tif
176
     1
290
     0
176
     1
 40
1.0
176
     1
 40
1.0
176
     1
  0
VISUALSTYLE
  5
921
102
{ACAD_REACTORS
330
91E
102
}
330
91E
100
AcDbVisualStyle
  2
Gouraud
 70
     2
177
     3
291
     1
 70
    58
 90
        2
176
     1
 90
        2
176
     1
 90
        1
176
     1
 90
        2
176
     1
 40
0.6
176
     1
 40
30.0
176
     1
 62
     7
420
 16777215
176
     1
 90
        0
176
     1
 90
        0
176
     1
 62
     7
176
     1
 62
   257
176
     1
 90
        1
176
     1
 90
        1
176
     1
 40
1.0
176
     1
 90
        0
176
     1
 62
     7
176
     1
 40
1.0
176
     1
 90
        1
176
     1
 90
        6
176
     1
 90
        2
176
     1
 62
     7
176
     1
 90
        5
176
     1
 90
        0
176
     1
 90
        0
176
     1
290
     0
176
     1
 90
       13
176
     1
 40
0.0
176
     1
 90
        0
176
     1
290
     0
176
     1
290
     1
176
     1
290
     1
176
     1
290
     0
176
     1
290
     0
176
     1
290
     0
176
     1
290
     0
176
     1
290
     0
176
     1
290
     0
176
     1
 90
       50
176
     1
 40
0.0
176
     1
 40
1.0
176
     1
 90
        0
176
     1
 62
    18
420
        0
176
     1
 90
       50
176
     1
 90
        3
176
     1
 62
     5
420
      255
176
     1
290
     0
176
     1
 90
       50
176
     1
 90
       50
176
     1
 90
       50
176
     1
290
     0
176
     1
 90
       50
176
     1
 62
   256
176
     0
 40
1.0
176
     0
 90
        2
176
     1
  1
strokes_ogs.tif
176
     1
290
     0
176
     1
 40
1.0
176
     1
 40
1.0
176
     1
  0
VISUALSTYLE
  5
922
102
{ACAD_REACTORS
330
91E
102
}
330
91E
100
AcDbVisualStyle
  2
GouraudWithEdges
 70
     3
177
     3
291
     1
 70
    58
 90
        2
176
     1
 90
        2
176
     1
 90
        1
176
     1
 90
        2
176
     1
 40
0.6
176
     1
 40
30.0
176
     1
 62
     7
420
 16777215
176
     1
 90
        1
176
     1
 90
        0
176
     1
 62
     7
176
     1
 62
   257
176
     1
 90
        1
176
     1
 90
        1
176
     1
 40
1.0
176
     1
 90
        0
176
     1
 62
   257
176
     1
 40
1.0
176
     1
 90
        1
176
     1
 90
        6
176
     1
 90
        2
176
     1
 62
     7
176
     1
 90
        5
176
     1
 90
        0
176
     1
 90
        0
176
     1
290
     0
176
     1
 90
       13
176
     1
 40
0.0
176
     1
 90
        0
176
     1
290
     0
176
     1
290
     1
176
     1
290
     1
176
     1
290
     0
176
     1
290
     0
176
     1
290
     0
176
     1
290
     0
176
     1
290
     0
176
     1
290
     0
176
     1
 90
       50
176
     1
 40
0.0
176
     1
 40
1.0
176
     1
 90
        0
176
     1
 62
    18
420
        0
176
     1
 90
       50
176
     1
 90
        3
176
     1
 62
     5
420
      255
176
     1
290
     0
176
     1
 90
       50
176
     1
 90
       50
176
     1
 90
       50
176
     1
290
     0
176
     1
 90
       50
176
     1
 62
   256
176
     0
 40
1.0
176
     0
 90
        2
176
     1
  1
strokes_ogs.tif
176
     1
290
     0
176
     1
 40
1.0
176
     1
 40
1.0
176
     1
  0
VISUALSTYLE
  5
926
102
{ACAD_REACTORS
330
91E
102
}
330
91E
100
AcDbVisualStyle
  2
Hidden
 70
     6
177
     3
291
     0
 70
    58
 90
        1
176
     1
 90
        2
176
     1
 90
        2
176
     1
 90
        0
176
     1
 40
0.6
176
     1
 40
30.0
176
     1
 62
     7
420
 16777215
176
     1
 90
        2
176
     1
 90
        2
176
     1
 62
     7
176
     1
 62
   257
176
     1
 90
        2
176
     1
 90
        1
176
     1
 40
40.0
176
     1
 90
        0
176
     1
 62
   257
176
     1
 40
1.0
176
     1
 90
        1
176
     1
 90
        6
176
     1
 90
        2
176
     1
 62
     7
176
     1
 90
        3
176
     1
 90
        0
176
     1
 90
        0
176
     1
290
     0
176
     1
 90
        1
176
     1
 40
0.0
176
     1
 90
        0
176
     1
290
     0
176
     1
290
     1
176
     1
290
     1
176
     1
290
     0
176
     1
290
     0
176
     1
290
     0
176
     1
290
     0
176
     1
290
     0
176
     1
290
     0
176
     1
 90
       50
176
     1
 40
0.0
176
     1
 40
1.0
176
     1
 90
        0
176
     1
 62
    18
420
        0
176
     1
 90
       50
176
     1
 90
        3
176
     1
 62
     5
420
      255
176
     1
290
     0
176
     1
 90
       50
176
     1
 90
       50
176
     1
 90
       50
176
     1
290
     0
176
     1
 90
       50
176
     1
 62
   256
176
     0
 40
1.0
176
     0
 90
        2
176
     1
  1
strokes_ogs.tif
176
     1
290
     0
176
     1
 40
1.0
176
     1
 40
1.0
176
     1
  0
VISUALSTYLE
  5
934
102
{ACAD_REACTORS
330
91E
102
}
330
91E
100
AcDbVisualStyle
  2
JitterOff
 70
    20
177
     3
291
     1
 70
    58
 90
        2
176
     0
 90
        2
176
     0
 90
        0
176
     0
 90
        0
176
     0
 40
0.6
176
     0
 40
30.0
176
     0
 62
     7
420
 16777215
176
     0
 90
        1
176
     0
 90
        4
176
     0
 62
     7
176
     0
 62
   257
176
     0
 90
        1
176
     0
 90
        1
176
     0
 40
1.0
176
     0
 90
       10
176
     2
 62
     7
176
     0
 40
1.0
176
     0
 90
        1
176
     0
 90
        6
176
     0
 90
        2
176
     0
 62
     7
176
     0
 90
        5
176
     0
 90
        0
176
     0
 90
        0
176
     0
290
     0
176
     0
 90
        1
176
     0
 40
0.0
176
     0
 90
        0
176
     0
290
     0
176
     0
290
     1
176
     0
290
     1
176
     0
290
     0
176
     0
290
     0
176
     0
290
     0
176
     0
290
     0
176
     0
290
     0
176
     0
290
     0
176
     0
 90
       50
176
     0
 40
0.0
176
     0
 40
1.0
176
     0
 90
        0
176
     0
 62
    18
420
        0
176
     0
 90
       50
176
     0
 90
        3
176
     0
 62
     5
420
      255
176
     0
290
     0
176
     0
 90
       50
176
     0
 90
       50
176
     0
 90
       50
176
     0
290
     0
176
     0
 90
       50
176
     0
 62
   256
176
     0
 40
1.0
176
     0
 90
        2
176
     0
  1
strokes_ogs.tif
176
     0
290
     0
176
     0
 40
1.0
176
     0
 40
1.0
176
     0
  0
VISUALSTYLE
  5
92C
102
{ACAD_REACTORS
330
91E
102
}
330
91E
100
AcDbVisualStyle
  2
Linepattern
 70
    14
177
     3
291
     1
 70
    58
 90
        2
176
     1
 90
        2
176
     1
 90
        0
176
     1
 90
        0
176
     1
 40
0.6
176
     1
 40
30.0
176
     1
 62
     7
420
 16777215
176
     1
 90
        1
176
     1
 90
        4
176
     1
 62
     7
176
     1
 62
   257
176
     1
 90
        7
176
     1
 90
        7
176
     1
 40
1.0
176
     1
 90
        8
176
     1
 62
     7
176
     1
 40
1.0
176
     1
 90
        1
176
     1
 90
        6
176
     1
 90
        2
176
     1
 62
     7
176
     1
 90
        5
176
     1
 90
        0
176
     1
 90
        0
176
     1
290
     0
176
     1
 90
        1
176
     1
 40
0.0
176
     1
 90
        0
176
     1
290
     0
176
     1
290
     1
176
     1
290
     1
176
     1
290
     0
176
     1
290
     0
176
     1
290
     0
176
     1
290
     0
176
     1
290
     0
176
     1
290
     0
176
     1
 90
       50
176
     1
 40
0.0
176
     1
 40
1.0
176
     1
 90
        0
176
     1
 62
    18
420
        0
176
     1
 90
       50
176
     1
 90
        3
176
     1
 62
     5
420
      255
176
     1
290
     0
176
     1
 90
       50
176
     1
 90
       50
176
     1
 90
       50
176
     1
290
     0
176
     1
 90
       50
176
     1
 62
   256
176
     0
 40
1.0
176
     0
 90
        2
176
     1
  1
strokes_ogs.tif
176
     1
290
     0
176
     1
 40
1.0
176
     1
 40
1.0
176
     1
  0
VISUALSTYLE
  5
935
102
{ACAD_REACTORS
330
91E
102
}
330
91E
100
AcDbVisualStyle
  2
OverhangOff
 70
    21
177
     3
291
     1
 70
    58
 90
        2
176
     0
 90
        2
176
     0
 90
        0
176
     0
 90
        0
176
     0
 40
0.6
176
     0
 40
30.0
176
     0
 62
     7
420
 16777215
176
     0
 90
        1
176
     0
 90
        4
176
     0
 62
     7
176
     0
 62
   257
176
     0
 90
        1
176
     0
 90
        1
176
     0
 40
1.0
176
     0
 90
        9
176
     2
 62
     7
176
     0
 40
1.0
176
     0
 90
        1
176
     0
 90
        6
176
     0
 90
        2
176
     0
 62
     7
176
     0
 90
        5
176
     0
 90
        0
176
     0
 90
        0
176
     0
290
     0
176
     0
 90
        1
176
     0
 40
0.0
176
     0
 90
        0
176
     0
290
     0
176
     0
290
     1
176
     0
290
     1
176
     0
290
     0
176
     0
290
     0
176
     0
290
     0
176
     0
290
     0
176
     0
290
     0
176
     0
290
     0
176
     0
 90
       50
176
     0
 40
0.0
176
     0
 40
1.0
176
     0
 90
        0
176
     0
 62
    18
420
        0
176
     0
 90
       50
176
     0
 90
        3
176
     0
 62
     5
420
      255
176
     0
290
     0
176
     0
 90
       50
176
     0
 90
       50
176
     0
 90
       50
176
     0
290
     0
176
     0
 90
       50
176
     0
 62
   256
176
     0
 40
1.0
176
     0
 90
        2
176
     0
  1
strokes_ogs.tif
176
     0
290
     0
176
     0
 40
1.0
176
     0
 40
1.0
176
     0
  0
VISUALSTYLE
  5
928
102
{ACAD_REACTORS
330
91E
102
}
330
91E
100
AcDbVisualStyle
  2
Realistic
 70
     8
177
     3
291
     0
 70
    58
 90
        2
176
     1
 90
        3
176
     1
 90
        0
176
     1
 90
        2
176
     1
 40
0.6
176
     1
 40
30.0
176
     1
 62
     7
420
 16777215
176
     1
 90
        0
176
     1
 90
        0
176
     1
 62
     7
176
     1
 62
   257
176
     1
 90
        1
176
     1
 90
        1
176
     1
 40
1.0
176
     1
 90
        8
176
     1
 62
   257
176
     1
 40
1.0
176
     1
 90
        1
176
     1
 90
        6
176
     1
 90
        2
176
     1
 62
     7
176
     1
 90
        3
176
     1
 90
        0
176
     1
 90
        0
176
     1
290
     0
176
     1
 90
       13
176
     1
 40
0.0
176
     1
 90
        0
176
     1
290
     0
176
     1
290
     1
176
     1
290
     1
176
     1
290
     0
176
     1
290
     0
176
     1
290
     0
176
     1
290
     0
176
     1
290
     0
176
     1
290
     0
176
     1
 90
       50
176
     1
 40
0.0
176
     1
 40
1.0
176
     1
 90
        0
176
     1
 62
    18
420
        0
176
     1
 90
       50
176
     1
 90
        3
176
     1
 62
     5
420
      255
176
     1
290
     0
176
     1
 90
       50
176
     1
 90
       50
176
     1
 90
       50
176
     1
290
     0
176
     1
 90
       50
176
     1
 62
   256
176
     0
 40
1.0
176
     0
 90
        2
176
     1
  1
strokes_ogs.tif
176
     1
290
     0
176
     1
 40
1.0
176
     1
 40
1.0
176
     1
  0
VISUALSTYLE
  5
933
102
{ACAD_REACTORS
330
91E
102
}
330
91E
100
AcDbVisualStyle
  2
Shaded
 70
    27
177
     3
291
     0
 70
    58
 90
        2
176
     1
 90
        2
176
     1
 90
        1
176
     1
 90
        2
176
     1
 40
0.6
176
     1
 40
30.0
176
     1
 62
     7
420
 16777215
176
     1
 90
        0
176
     1
 90
        4
176
     1
 62
     7
176
     1
 62
   257
176
     1
 90
        1
176
     1
 90
        1
176
     1
 40
1.0
176
     1
 90
        8
176
     1
 62
   257
176
     1
 40
1.0
176
     1
 90
        1
176
     1
 90
        6
176
     1
 90
        2
176
     1
 62
     8
420
  7895160
176
     1
 90
        3
176
     1
 90
        0
176
     1
 90
        0
176
     1
290
     0
176
     1
 90
        5
176
     1
 40
0.0
176
     1
 90
        0
176
     1
290
     0
176
     1
290
     1
176
     1
290
     1
176
     1
290
     0
176
     1
290
     0
176
     1
290
     0
176
     1
290
     0
176
     1
290
     0
176
     1
290
     0
176
     1
 90
       50
176
     1
 40
0.0
176
     1
 40
1.0
176
     1
 90
        0
176
     1
 62
    18
420
        0
176
     1
 90
       50
176
     1
 90
        3
176
     1
 62
     5
420
      255
176
     1
290
     0
176
     1
 90
       50
176
     1
 90
       50
176
     1
 90
       50
176
     1
290
     0
176
     1
 90
       50
176
     1
 62
   256
176
     0
 40
1.0
176
     0
 90
        2
176
     1
  1
strokes_ogs.tif
176
     1
290
     0
176
     1
 40
1.0
176
     1
 40
1.0
176
     1
  0
VISUALSTYLE
  5
932
102
{ACAD_REACTORS
330
91E
102
}
330
91E
100
AcDbVisualStyle
  2
Shaded with edges
 70
    26
177
     3
291
     0
 70
    58
 90
        2
176
     1
 90
        2
176
     1
 90
        1
176
     1
 90
        2
176
     1
 40
0.6
176
     1
 40
30.0
176
     1
 62
     7
420
 16777215
176
     1
 90
        1
176
     1
 90
        2
176
     1
 62
     7
176
     1
 62
   257
176
     1
 90
        2
176
     1
 90
        1
176
     1
 40
1.0
176
     1
 90
        8
176
     1
 62
   257
176
     1
 40
1.0
176
     1
 90
        1
176
     1
 90
        6
176
     1
 90
        2
176
     1
 62
     7
176
     1
 90
        3
176
     1
 90
        0
176
     1
 90
        0
176
     1
290
     0
176
     1
 90
        5
176
     1
 40
0.0
176
     1
 90
        0
176
     1
290
     0
176
     1
290
     1
176
     1
290
     1
176
     1
290
     0
176
     1
290
     0
176
     1
290
     0
176
     1
290
     0
176
     1
290
     0
176
     1
290
     0
176
     1
 90
       50
176
     1
 40
0.0
176
     1
 40
1.0
176
     1
 90
        0
176
     1
 62
    18
420
        0
176
     1
 90
       50
176
     1
 90
        3
176
     1
 62
     5
420
      255
176
     1
290
     0
176
     1
 90
       50
176
     1
 90
       50
176
     1
 90
       50
176
     1
290
     0
176
     1
 90
       50
176
     1
 62
   256
176
     0
 40
1.0
176
     0
 90
        2
176
     1
  1
strokes_ogs.tif
176
     1
290
     0
176
     1
 40
1.0
176
     1
 40
1.0
176
     1
  0
VISUALSTYLE
  5
92F
102
{ACAD_REACTORS
330
91E
102
}
330
91E
100
AcDbVisualStyle
  2
Shades of Gray
 70
    23
177
     3
291
     0
 70
    58
 90
        2
176
     1
 90
        2
176
     1
 90
        3
176
     1
 90
        0
176
     1
 40
0.6
176
     1
 40
30.0
176
     1
 62
     7
420
 16777215
176
     1
 90
        2
176
     1
 90
        2
176
     1
 62
     7
176
     1
 62
     7
176
     1
 90
        1
176
     1
 90
        1
176
     1
 40
40.0
176
     1
 90
        8
176
     1
 62
     7
176
     1
 40
1.0
176
     1
 90
        1
176
     1
 90
        6
176
     1
 90
        2
176
     1
 62
     7
176
     1
 90
        3
176
     1
 90
        0
176
     1
 90
        0
176
     1
290
     0
176
     1
 90
        1
176
     1
 40
0.0
176
     1
 90
        0
176
     1
290
     0
176
     1
290
     1
176
     1
290
     1
176
     1
290
     0
176
     1
290
     0
176
     1
290
     0
176
     1
290
     0
176
     1
290
     0
176
     1
290
     0
176
     1
 90
       50
176
     1
 40
0.0
176
     1
 40
1.0
176
     1
 90
        0
176
     1
 62
    18
420
        0
176
     1
 90
       50
176
     1
 90
        3
176
     1
 62
     5
420
      255
176
     1
290
     0
176
     1
 90
       50
176
     1
 90
       50
176
     1
 90
       50
176
     1
290
     0
176
     1
 90
       50
176
     1
 62
   256
176
     0
 40
1.0
176
     0
 90
        2
176
     1
  1
strokes_ogs.tif
176
     1
290
     0
176
     1
 40
1.0
176
     1
 40
1.0
176
     1
  0
VISUALSTYLE
  5
930
102
{ACAD_REACTORS
330
91E
102
}
330
91E
100
AcDbVisualStyle
  2
Sketchy
 70
    24
177
     3
291
     0
 70
    58
 90
        1
176
     1
 90
        2
176
     1
 90
        2
176
     1
 90
        0
176
     1
 40
0.6
176
     1
 40
30.0
176
     1
 62
     7
420
 16777215
176
     1
 90
        2
176
     1
 90
        2
176
     1
 62
     7
176
     1
 62
     7
176
     1
 90
        1
176
     1
 90
        1
176
     1
 40
40.0
176
     1
 90
       11
176
     1
 62
     7
176
     1
 40
1.0
176
     1
 90
        1
176
     1
 90
        6
176
     1
 90
        2
176
     1
 62
     7
176
     1
 90
        6
176
     1
 90
        0
176
     1
 90
        0
176
     1
290
     0
176
     1
 90
        1
176
     1
 40
0.0
176
     1
 90
        0
176
     1
290
     0
176
     1
290
     1
176
     1
290
     1
176
     1
290
     0
176
     1
290
     0
176
     1
290
     0
176
     1
290
     0
176
     1
290
     0
176
     1
290
     0
176
     1
 90
       50
176
     1
 40
0.0
176
     1
 40
1.0
176
     1
 90
        0
176
     1
 62
    18
420
        0
176
     1
 90
       50
176
     1
 90
        3
176
     1
 62
     5
420
      255
176
     1
290
     0
176
     1
 90
       50
176
     1
 90
       50
176
     1
 90
       50
176
     1
290
     0
176
     1
 90
       50
176
     1
 62
   256
176
     0
 40
1.0
176
     0
 90
        2
176
     1
  1
strokes_ogs.tif
176
     1
290
     0
176
     1
 40
1.0
176
     1
 40
1.0
176
     1
  0
VISUALSTYLE
  5
92B
102
{ACAD_REACTORS
330
91E
102
}
330
91E
100
AcDbVisualStyle
  2
Thicken
 70
    13
177
     3
291
     1
 70
    58
 90
        2
176
     1
 90
        2
176
     1
 90
        0
176
     1
 90
        0
176
     1
 40
0.6
176
     1
 40
30.0
176
     1
 62
     7
420
 16777215
176
     1
 90
        1
176
     1
 90
        4
176
     1
 62
     7
176
     1
 62
   257
176
     1
 90
        1
176
     1
 90
        1
176
     1
 40
1.0
176
     1
 90
       12
176
     1
 62
     7
176
     1
 40
1.0
176
     1
 90
        1
176
     1
 90
        6
176
     1
 90
        2
176
     1
 62
     7
176
     1
 90
        5
176
     1
 90
        0
176
     1
 90
        0
176
     1
290
     0
176
     1
 90
        1
176
     1
 40
0.0
176
     1
 90
        0
176
     1
290
     0
176
     1
290
     1
176
     1
290
     1
176
     1
290
     0
176
     1
290
     0
176
     1
290
     0
176
     1
290
     0
176
     1
290
     0
176
     1
290
     0
176
     1
 90
       50
176
     1
 40
0.0
176
     1
 40
1.0
176
     1
 90
        0
176
     1
 62
    18
420
        0
176
     1
 90
       50
176
     1
 90
        3
176
     1
 62
     5
420
      255
176
     1
290
     0
176
     1
 90
       50
176
     1
 90
       50
176
     1
 90
       50
176
     1
290
     0
176
     1
 90
       50
176
     1
 62
   256
176
     0
 40
1.0
176
     0
 90
        2
176
     1
  1
strokes_ogs.tif
176
     1
290
     0
176
     1
 40
1.0
176
     1
 40
1.0
176
     1
  0
VISUALSTYLE
  5
925
102
{ACAD_REACTORS
330
91E
102
}
330
91E
100
AcDbVisualStyle
  2
Wireframe
 70
     5
177
     3
291
     0
 70
    58
 90
        0
176
     1
 90
        2
176
     1
 90
        0
176
     1
 90
        0
176
     1
 40
0.6
176
     1
 40
30.0
176
     1
 62
     7
420
 16777215
176
     1
 90
        1
176
     1
 90
        4
176
     1
 62
     7
176
     1
 62
   257
176
     1
 90
        1
176
     1
 90
        1
176
     1
 40
1.0
176
     1
 90
        0
176
     1
 62
   257
176
     1
 40
1.0
176
     1
 90
        1
176
     1
 90
        6
176
     1
 90
        2
176
     1
 62
     7
176
     1
 90
        3
176
     1
 90
        0
176
     1
 90
        0
176
     1
290
     0
176
     1
 90
        1
176
     1
 40
0.0
176
     1
 90
        0
176
     1
290
     0
176
     1
290
     1
176
     1
290
     1
176
     1
290
     0
176
     1
290
     0
176
     1
290
     0
176
     1
290
     0
176
     1
290
     0
176
     1
290
     0
176
     1
 90
       50
176
     1
 40
0.0
176
     1
 40
1.0
176
     1
 90
        0
176
     1
 62
    18
420
        0
176
     1
 90
       50
176
     1
 90
        3
176
     1
 62
     5
420
      255
176
     1
290
     0
176
     1
 90
       50
176
     1
 90
       50
176
     1
 90
       50
176
     1
290
     0
176
     1
 90
       50
176
     1
 62
   256
176
     0
 40
1.0
176
     0
 90
        2
176
     1
  1
strokes_ogs.tif
176
     1
290
     0
176
     1
 40
1.0
176
     1
 40
1.0
176
     1
  0
VISUALSTYLE
  5
931
102
{ACAD_REACTORS
330
91E
102
}
330
91E
100
AcDbVisualStyle
  2
X-Ray
 70
    25
177
     3
291
     0
 70
    58
 90
        2
176
     1
 90
        2
176
     1
 90
        1
176
     1
 90
        1
176
     1
 40
0.5
176
     1
 40
30.0
176
     1
 62
     7
420
 16777215
176
     1
 90
        1
176
     1
 90
        0
176
     1
 62
     7
176
     1
 62
   257
176
     1
 90
        1
176
     1
 90
        1
176
     1
 40
1.0
176
     1
 90
        8
176
     1
 62
     7
176
     1
 40
1.0
176
     1
 90
        1
176
     1
 90
        6
176
     1
 90
        2
176
     1
 62
     7
176
     1
 90
        3
176
     1
 90
        0
176
     1
 90
        0
176
     1
290
     0
176
     1
 90
       13
176
     1
 40
0.0
176
     1
 90
        0
176
     1
290
     0
176
     1
290
     1
176
     1
290
     1
176
     1
290
     0
176
     1
290
     0
176
     1
290
     0
176
     1
290
     0
176
     1
290
     0
176
     1
290
     0
176
     1
 90
       50
176
     1
 40
0.0
176
     1
 40
1.0
176
     1
 90
        0
176
     1
 62
    18
420
        0
176
     1
 90
       50
176
     1
 90
        3
176
     1
 62
     5
420
      255
176
     1
290
     0
176
     1
 90
       50
176
     1
 90
       50
176
     1
 90
       50
176
     1
290
     0
176
     1
 90
       50
176
     1
 62
   256
176
     0
 40
1.0
176
     0
 90
        2
176
     1
  1
strokes_ogs.tif
176
     1
290
     0
176
     1
 40
1.0
176
     1
 40
1.0
176
     1
  0
DICTIONARYVAR
  5
957
102
{ACAD_REACTORS
330
952
102
}
330
952
100
DictionaryVariables
280
     0
  1
1:1
  0
DICTIONARYVAR
  5
954
102
{ACAD_REACTORS
330
952
102
}
330
952
100
DictionaryVariables
280
     0
  1
Standard
  0
DICTIONARYVAR
  5
953
102
{ACAD_REACTORS
330
952
102
}
330
952
100
DictionaryVariables
280
     0
  1
Standard
  0
DICTIONARYVAR
  5
955
102
{ACAD_REACTORS
330
952
102
}
330
952
100
DictionaryVariables
280
     0
  1
Imperial24
  0
DICTIONARYVAR
  5
956
102
{ACAD_REACTORS
330
952
102
}
330
952
100
DictionaryVariables
280
     0
  1
Imperial24
  0
DICTIONARY
  5
968
330
939
100
AcDbDictionary
280
     1
281
     1
  3
ACAD_ROUNDTRIP_2008_TABLESTYLE_CELLSTYLEMAP
360
969
  0
CELLSTYLEMAP
  5
969
102
{ACAD_REACTORS
330
968
102
}
330
968
100
AcDbCellStyleMap
 90
        3
300
CELLSTYLE
  1
TABLEFORMAT_BEGIN
 90
        5
170
     1
 91
        0
 92
    32768
 62
   257
 93
        1
300
CONTENTFORMAT
  1
CONTENTFORMAT_BEGIN
 90
        0
 91
        0
 92
      512
 93
        0
300

 40
0.0
140
1.0
 94
        5
 62
     0
340
11
144
0.25
309
CONTENTFORMAT_END
171
     0
 94
        0
309
TABLEFORMAT_END
  1
CELLSTYLE_BEGIN
 90
        1
 91
        1
300
_TITLE
309
CELLSTYLE_END
300
CELLSTYLE
  1
TABLEFORMAT_BEGIN
 90
        5
170
     1
 91
        0
 92
        0
 62
   257
 93
        1
300
CONTENTFORMAT
  1
CONTENTFORMAT_BEGIN
 90
        0
 91
        0
 92
      512
 93
        0
300

 40
0.0
140
1.0
 94
        5
 62
     0
340
11
144
0.18
309
CONTENTFORMAT_END
171
     0
 94
        0
309
TABLEFORMAT_END
  1
CELLSTYLE_BEGIN
 90
        2
 91
        1
300
_HEADER
309
CELLSTYLE_END
300
CELLSTYLE
  1
TABLEFORMAT_BEGIN
 90
        5
170
     1
 91
        0
 92
        0
 62
   257
 93
        1
300
CONTENTFORMAT
  1
CONTENTFORMAT_BEGIN
 90
        0
 91
        0
 92
      512
 93
        0
300

 40
0.0
140
1.0
 94
        2
 62
     0
340
11
144
0.18
309
CONTENTFORMAT_END
171
     0
 94
        0
309
TABLEFORMAT_END
  1
CELLSTYLE_BEGIN
 90
        3
 91
        2
300
_DATA
309
CELLSTYLE_END
  0
ENDSEC
  0
SECTION
  2
ACDSDATA
 70
     2
 71
     2
  0
ACDSSCHEMA
 90
        0
  1
AcDb_Thumbnail_Schema
  2
AcDbDs::ID
280
    10
 91
        8
  2
Thumbnail_Data
280
    15
 91
        0
101
ACDSRECORD
 95
        0
 90
        2
  2
AcDbDs::TreatedAsObjectData
280
     1
291
     1
101
ACDSRECORD
 95
        0
 90
        3
  2
AcDbDs::Legacy
280
     1
291
     1
101
ACDSRECORD
  1
AcDbDs::ID
 90
        4
  2
AcDs:Indexable
280
     1
291
     1
101
ACDSRECORD
  1
AcDbDs::ID
 90
        5
  2
AcDbDs::HandleAttribute
280
     7
282
     1
  0
ACDSSCHEMA
 90
        1
  1
AcDb3DSolid_ASM_Data
  2
AcDbDs::ID
280
    10
 91
        8
  2
ASM_Data
280
    15
 91
        0
101
ACDSRECORD
 95
        1
 90
        2
  2
AcDbDs::TreatedAsObjectData
280
     1
291
     1
101
ACDSRECORD
 95
        1
 90
        3
  2
AcDbDs::Legacy
280
     1
291
     1
101
ACDSRECORD
  1
AcDbDs::ID
 90
        4
  2
AcDs:Indexable
280
     1
291
     1
101
ACDSRECORD
  1
AcDbDs::ID
 90
        5
  2
AcDbDs::HandleAttribute
280
     7
282
     1
  0
ACDSSCHEMA
 90
        2
  1
AcDbDs::TreatedAsObjectDataSchema
  2
AcDbDs::TreatedAsObjectData
280
     1
 91
        0
  0
ACDSSCHEMA
 90
        3
  1
AcDbDs::LegacySchema
  2
AcDbDs::Legacy
280
     1
 91
        0
  0
ACDSSCHEMA
 90
        4
  1
AcDbDs::IndexedPropertySchema
  2
AcDs:Indexable
280
     1
 91
        0
  0
ACDSSCHEMA
 90
        5
  1
AcDbDs::HandleAttributeSchema
  2
AcDbDs::HandleAttribute
280
     7
 91
        1
284
     1
  0
ACDSRECORD
 90
        0
  2
AcDbDs::ID
280
    10
320
901
  2
Thumbnail_Data
280
    15
 94
     1136
310
89504E470D0A1A0A0000000D49484452000001000000007F080300000037AFECF400000300504C5445212830FFFFFF2128300000000000000000000000000000000000000000000000000000330000660000990000CC0000FF0033000033330033660033990033CC0033FF0066000066330066660066990066CC0066FF0099
310
000099330099660099990099CC0099FF00CC0000CC3300CC6600CC9900CCCC00CCFF00FF0000FF3300FF6600FF9900FFCC00FFFF3300003300333300663300993300CC3300FF3333003333333333663333993333CC3333FF3366003366333366663366993366CC3366FF3399003399333399663399993399CC3399FF33CC00
310
33CC3333CC6633CC9933CCCC33CCFF33FF0033FF3333FF6633FF9933FFCC33FFFF6600006600336600666600996600CC6600FF6633006633336633666633996633CC6633FF6666006666336666666666996666CC6666FF6699006699336699666699996699CC6699FF66CC0066CC3366CC6666CC9966CCCC66CCFF66FF0066
310
FF3366FF6666FF9966FFCC66FFFF9900009900339900669900999900CC9900FF9933009933339933669933999933CC9933FF9966009966339966669966999966CC9966FF9999009999339999669999999999CC9999FF99CC0099CC3399CC6699CC9999CCCC99CCFF99FF0099FF3399FF6699FF9999FFCC99FFFFCC0000CC00
310
33CC0066CC0099CC00CCCC00FFCC3300CC3333CC3366CC3399CC33CCCC33FFCC6600CC6633CC6666CC6699CC66CCCC66FFCC9900CC9933CC9966CC9999CC99CCCC99FFCCCC00CCCC33CCCC66CCCC99CCCCCCCCCCFFCCFF00CCFF33CCFF66CCFF99CCFFCCCCFFFFFF0000FF0033FF0066FF0099FF00CCFF00FFFF3300FF3333
310
FF3366FF3399FF33CCFF33FFFF6600FF6633FF6666FF6699FF66CCFF66FFFF9900FF9933FF9966FF9999FF99CCFF99FFFFCC00FFCC33FFCC66FFCC99FFCCCCFFCCFFFFFF00FFFF33FFFF66FFFF99FFFFCCFFFFFF0000000D0D0D1A1A1A2828283535354343435050505D5D5D6B6B6B787878868686939393A1A1A1AEAEAEBB
310
BBBBC9C9C9D6D6D6E4E4E4F1F1F1FFFFFF0000000000000000000000000000000000000000000000000000000000002E4550F10000012B4944415478DAEDDD410AC2301005D0B950EF7FB2D9ABD84A14415A4169FE8BE0A2D93D934932964CD58F5B7F68357BEBEB67FB1A1E0ECFA300D69F3C1AA093013A1D2072045805BE
310
E99E0960796A7900CBF2560040E014A83080F855C032D8073BA71901C77B6D8400000000000000000000000000000000000000003821809C607C56D8DFE38220000000000000000000000000000000000000000000000000000000000000000000000000802080D79783D2001AC0EDD53800D95300403840A5C7800DE07EA3
310
0A0053401004602304C061C87158420480292008C62C83F5B862DB3EC0561800000911006153404608000019A158805ECF024E83C129B1613F1009B0B31B00000000CE0EA0C88ACBD4C4000000005806D51D567556D5592340E5E921F6AB3BFCA755E002C9139A3616A4D6FA0000000049454E44AE426082
  0
ENDSEC
  0
EOF
