  0
SECTION
  2
HEADER
  9
$ACADVER
  1
AC1032
  9
$ACADMAINTVER
 90
       55
  9
$DWGCODEPAGE
  3
ANSI_936
  9
$LASTSAVEDBY
  1
zongti2
  9
$REQUIREDVERSIONS
160
                 0
  9
$INSBASE
 10
0.0
 20
0.0
 30
0.0
  9
$EXTMIN
 10
-0.2500000003799983
 20
0.0
 30
0.0
  9
$EXTMAX
 10
38.55367248842003
 20
134.27688238138
 30
0.0
  9
$LIMMIN
 10
0.0
 20
0.0
  9
$LIMMAX
 10
22.0
 20
17.0
  9
$ORTHOMODE
 70
     0
  9
$REGENMODE
 70
     1
  9
$FILLMODE
 70
     1
  9
$QTEXTMODE
 70
     0
  9
$MIRRTEXT
 70
     0
  9
$LTSCALE
 40
1.21
  9
$ATTMODE
 70
     1
  9
$TEXTSIZE
 40
0.2
  9
$TRACEWID
 40
0.05
  9
$TEXTSTYLE
  7
STANDARD
  9
$CLAYER
  8
0
  9
$CELTYPE
  6
BYLAYER
  9
$CECOLOR
 62
   256
  9
$CELTSCALE
 40
1.0
  9
$DISPSILH
 70
     0
  9
$DIMSCALE
 40
1.0
  9
$DIMASZ
 40
0.1875
  9
$DIMEXO
 40
0.0625
  9
$DIMDLI
 40
0.836
  9
$DIMRND
 40
0.0
  9
$DIMDLE
 40
0.0
  9
$DIMEXE
 40
0.125
  9
$DIMTP
 40
0.0
  9
$DIMTM
 40
0.0
  9
$DIMTXT
 40
0.15625
  9
$DIMCEN
 40
0.198
  9
$DIMTSZ
 40
0.0
  9
$DIMTOL
 70
     0
  9
$DIMLIM
 70
     0
  9
$DIMTIH
 70
     1
  9
$DIMTOH
 70
     1
  9
$DIMSE1
 70
     0
  9
$DIMSE2
 70
     0
  9
$DIMTAD
 70
     0
  9
$DIMZIN
 70
     0
  9
$DIMBLK
  1
FILLED
  9
$DIMASO
 70
     1
  9
$DIMSHO
 70
     1
  9
$DIMPOST
  1

  9
$DIMAPOST
  1

  9
$DIMALT
 70
     0
  9
$DIMALTD
 70
     2
  9
$DIMALTF
 40
25.4
  9
$DIMLFAC
 40
1.0
  9
$DIMTOFL
 70
     0
  9
$DIMTVP
 40
0.0
  9
$DIMTIX
 70
     0
  9
$DIMSOXD
 70
     0
  9
$DIMSAH
 70
     0
  9
$DIMBLK1
  1

  9
$DIMBLK2
  1

  9
$DIMSTYLE
  2
STANDARD
  9
$DIMCLRD
 70
     0
  9
$DIMCLRE
 70
     0
  9
$DIMCLRT
 70
     0
  9
$DIMTFAC
 40
1.0
  9
$DIMGAP
 40
0.09
  9
$DIMJUST
 70
     0
  9
$DIMSD1
 70
     0
  9
$DIMSD2
 70
     0
  9
$DIMTOLJ
 70
     1
  9
$DIMTZIN
 70
     0
  9
$DIMALTZ
 70
     0
  9
$DIMALTTZ
 70
     0
  9
$DIMUPT
 70
     0
  9
$DIMDEC
 70
     4
  9
$DIMTDEC
 70
     4
  9
$DIMALTU
 70
     2
  9
$DIMALTTD
 70
     2
  9
$DIMTXSTY
  7
STANDARD
  9
$DIMAUNIT
 70
     0
  9
$DIMADEC
 70
     0
  9
$DIMALTRND
 40
0.0
  9
$DIMAZIN
 70
     0
  9
$DIMDSEP
 70
    46
  9
$DIMATFIT
 70
     3
  9
$DIMFRAC
 70
     0
  9
$DIMLDRBLK
  1

  9
$DIMLUNIT
 70
     2
  9
$DIMLWD
 70
    -2
  9
$DIMLWE
 70
    -2
  9
$DIMTMOVE
 70
     0
  9
$DIMFXL
 40
1.0
  9
$DIMFXLON
 70
     0
  9
$DIMJOGANG
 40
0.7853981633974483
  9
$DIMTFILL
 70
     0
  9
$DIMTFILLCLR
 70
     0
  9
$DIMARCSYM
 70
     0
  9
$DIMLTYPE
  6

  9
$DIMLTEX1
  6

  9
$DIMLTEX2
  6

  9
$DIMTXTDIRECTION
 70
     0
  9
$LUNITS
 70
     2
  9
$LUPREC
 70
     4
  9
$SKETCHINC
 40
0.1
  9
$FILLETRAD
 40
0.0
  9
$AUNITS
 70
     0
  9
$AUPREC
 70
     0
  9
$MENU
  1
.
  9
$ELEVATION
 40
0.0
  9
$PELEVATION
 40
0.0
  9
$THICKNESS
 40
0.0
  9
$LIMCHECK
 70
     0
  9
$CHAMFERA
 40
0.0
  9
$CHAMFERB
 40
0.0
  9
$CHAMFERC
 40
0.0
  9
$CHAMFERD
 40
0.0
  9
$SKPOLY
 70
     0
  9
$TDCREATE
 40
2460811.657870371
  9
$TDUCREATE
 40
2460811.324537037
  9
$TDUPDATE
 40
2461307.476810012
  9
$TDUUPDATE
 40
2461307.143476678
  9
$TDINDWG
 40
0.0001967593
  9
$TDUSRTIMER
 40
0.0001967593
  9
$USRTIMER
 70
     1
  9
$ANGBASE
 50
0.0
  9
$ANGDIR
 70
     0
  9
$PDMODE
 70
     3
  9
$PDSIZE
 40
0.3125
  9
$PLINEWID
 40
0.0
  9
$SPLFRAME
 70
     0
  9
$SPLINETYPE
 70
     6
  9
$SPLINESEGS
 70
     8
  9
$HANDSEED
  5
606
  9
$SURFTAB1
 70
     6
  9
$SURFTAB2
 70
     6
  9
$SURFTYPE
 70
     6
  9
$SURFU
 70
     6
  9
$SURFV
 70
     6
  9
$UCSBASE
  2

  9
$UCSNAME
  2

  9
$UCSORG
 10
0.0
 20
0.0
 30
0.0
  9
$UCSXDIR
 10
1.0
 20
0.0
 30
0.0
  9
$UCSYDIR
 10
0.0
 20
1.0
 30
0.0
  9
$UCSORTHOREF
  2

  9
$UCSORTHOVIEW
 70
     0
  9
$UCSORGTOP
 10
0.0
 20
0.0
 30
0.0
  9
$UCSORGBOTTOM
 10
0.0
 20
0.0
 30
0.0
  9
$UCSORGLEFT
 10
0.0
 20
0.0
 30
0.0
  9
$UCSORGRIGHT
 10
0.0
 20
0.0
 30
0.0
  9
$UCSORGFRONT
 10
0.0
 20
0.0
 30
0.0
  9
$UCSORGBACK
 10
0.0
 20
0.0
 30
0.0
  9
$PUCSBASE
  2

  9
$PUCSNAME
  2

  9
$PUCSORG
 10
0.0
 20
0.0
 30
0.0
  9
$PUCSXDIR
 10
1.0
 20
0.0
 30
0.0
  9
$PUCSYDIR
 10
0.0
 20
1.0
 30
0.0
  9
$PUCSORTHOREF
  2

  9
$PUCSORTHOVIEW
 70
     0
  9
$PUCSORGTOP
 10
0.0
 20
0.0
 30
0.0
  9
$PUCSORGBOTTOM
 10
0.0
 20
0.0
 30
0.0
  9
$PUCSORGLEFT
 10
0.0
 20
0.0
 30
0.0
  9
$PUCSORGRIGHT
 10
0.0
 20
0.0
 30
0.0
  9
$PUCSORGFRONT
 10
0.0
 20
0.0
 30
0.0
  9
$PUCSORGBACK
 10
0.0
 20
0.0
 30
0.0
  9
$USERI1
 70
     0
  9
$USERI2
 70
     0
  9
$USERI3
 70
     0
  9
$USERI4
 70
     0
  9
$USERI5
 70
     0
  9
$USERR1
 40
0.0
  9
$USERR2
 40
0.0
  9
$USERR3
 40
0.0
  9
$USERR4
 40
0.0
  9
$USERR5
 40
0.0
  9
$WORLDVIEW
 70
     1
  9
$SHADEDGE
 70
     3
  9
$SHADEDIF
 70
    70
  9
$TILEMODE
 70
     1
  9
$MAXACTVP
 70
    64
  9
$PINSBASE
 10
0.0
 20
0.0
 30
0.0
  9
$PLIMCHECK
 70
     0
  9
$PEXTMIN
 10
1.000000000000000E+20
 20
1.000000000000000E+20
 30
1.000000000000000E+20
  9
$PEXTMAX
 10
-1.000000000000000E+20
 20
-1.000000000000000E+20
 30
-1.000000000000000E+20
  9
$PLIMMIN
 10
0.0
 20
0.0
  9
$PLIMMAX
 10
12.0
 20
9.0
  9
$UNITMODE
 70
     0
  9
$VISRETAIN
 70
     1
  9
$PLINEGEN
 70
     0
  9
$PSLTSCALE
 70
     1
  9
$TREEDEPTH
 70
  3020
  9
$CMLSTYLE
  2
Standard
  9
$CMLJUST
 70
     0
  9
$CMLSCALE
 40
1.0
  9
$PROXYGRAPHICS
 70
     1
  9
$MEASUREMENT
 70
     0
  9
$CELWEIGHT
370
    -1
  9
$ENDCAPS
280
     0
  9
$JOINSTYLE
280
     0
  9
$LWDISPLAY
290
     0
  9
$INSUNITS
 70
     1
  9
$HYPERLINKBASE
  1

  9
$STYLESHEET
  1

  9
$XEDIT
290
     1
  9
$CEPSNTYPE
380
     0
  9
$PSTYLEMODE
290
     1
  9
$FINGERPRINTGUID
  2
{3526C412-56E5-5045-9C31-EFD247FF1359}
  9
$VERSIONGUID
  2
{F1CB9503-896F-DE40-BDD5-DAE7D84DA14F}
  9
$EXTNAMES
290
     1
  9
$PSVPSCALE
 40
0.0
  9
$OLESTARTUP
290
     0
  9
$SORTENTS
280
   127
  9
$INDEXCTL
280
     0
  9
$HIDETEXT
280
     1
  9
$XCLIPFRAME
280
     2
  9
$HALOGAP
280
     0
  9
$OBSCOLOR
 70
   257
  9
$OBSLTYPE
280
     0
  9
$INTERSECTIONDISPLAY
280
     0
  9
$INTERSECTIONCOLOR
 70
   257
  9
$DIMASSOC
280
     2
  9
$PROJECTNAME
  1

  9
$CAMERADISPLAY
290
     0
  9
$LENSLENGTH
 40
50.0
  9
$CAMERAHEIGHT
 40
0.0
  9
$STEPSPERSEC
 40
2.0
  9
$STEPSIZE
 40
6.0
  9
$3DDWFPREC
 40
2.0
  9
$PSOLWIDTH
 40
0.25
  9
$PSOLHEIGHT
 40
4.0
  9
$LOFTANG1
 40
1.570796326794897
  9
$LOFTANG2
 40
1.570796326794897
  9
$LOFTMAG1
 40
0.0
  9
$LOFTMAG2
 40
0.0
  9
$LOFTPARAM
 70
     7
  9
$LOFTNORMALS
280
     1
  9
$LATITUDE
 40
37.795
  9
$LONGITUDE
 40
-122.394
  9
$NORTHDIRECTION
 40
0.0
  9
$TIMEZONE
 70
 -8000
  9
$LIGHTGLYPHDISPLAY
280
     1
  9
$TILEMODELIGHTSYNCH
280
     1
  9
$CMATERIAL
347
5A1
  9
$SOLIDHIST
280
     0
  9
$SHOWHIST
280
     1
  9
$DWFFRAME
280
     2
  9
$DGNFRAME
280
     0
  9
$REALWORLDSCALE
290
     1
  9
$INTERFERECOLOR
 62
     1
  9
$CSHADOW
280
     0
  9
$SHADOWPLANELOCATION
 40
0.0
  0
ENDSEC
  0
SECTION
  2
CLASSES
  0
CLASS
  1
ACDBDICTIONARYWDFLT
  2
AcDbDictionaryWithDefault
  3
ObjectDBX Classes
 90
        0
 91
        3
280
     0
281
     0
  0
CLASS
  1
ACDBPLACEHOLDER
  2
AcDbPlaceHolder
  3
ObjectDBX Classes
 90
        0
 91
        1
280
     0
281
     0
  0
CLASS
  1
LAYOUT
  2
AcDbLayout
  3
ObjectDBX Classes
 90
        0
 91
        1
280
     0
281
     0
  0
CLASS
  1
MATERIAL
  2
AcDbMaterial
  3
ObjectDBX Classes
 90
     1153
 91
        3
280
     0
281
     0
  0
CLASS
  1
VISUALSTYLE
  2
AcDbVisualStyle
  3
ObjectDBX Classes
 90
     4095
 91
        3
280
     0
281
     0
  0
CLASS
  1
TABLESTYLE
  2
AcDbTableStyle
  3
ObjectDBX Classes
 90
     4095
 91
        3
280
     0
281
     0
  0
CLASS
  1
SCALE
  2
AcDbScale
  3
ObjectDBX Classes
 90
     1153
 91
        3
280
     0
281
     0
  0
CLASS
  1
MLEADERSTYLE
  2
AcDbMLeaderStyle
  3
ACDB_MLEADERSTYLE_CLASS
 90
     4095
 91
        3
280
     0
281
     0
  0
CLASS
  1
ACDBSECTIONVIEWSTYLE
  2
AcDbSectionViewStyle
  3
ObjectDBX Classes
 90
     1025
 91
        3
280
     0
281
     0
  0
CLASS
  1
ACDBDETAILVIEWSTYLE
  2
AcDbDetailViewStyle
  3
ObjectDBX Classes
 90
     1025
 91
        3
280
     0
281
     0
  0
CLASS
  1
DICTIONARYVAR
  2
AcDbDictionaryVar
  3
ObjectDBX Classes
 90
        0
 91
        3
280
     0
281
     0
  0
CLASS
  1
CELLSTYLEMAP
  2
AcDbCellStyleMap
  3
ObjectDBX Classes
 90
     1152
 91
        3
280
     0
281
     0
  0
ENDSEC
  0
SECTION
  2
TABLES
  0
TABLE
  2
VPORT
  5
8
330
0
100
AcDbSymbolTable
 70
     1
  0
VPORT
  5
1F4
330
8
100
AcDbSymbolTableRecord
100
AcDbViewportTableRecord
  2
*ACTIVE
 70
     0
 10
0.0
 20
0.0
 11
1.0
 21
1.0
 12
60.37790558012583
 22
65.25117913363817
 13
0.0
 23
0.0
 14
1.0
 24
1.0
 15
0.0
 25
0.0
 16
0.0
 26
0.0
 36
1.0
 17
0.0
 27
0.0
 37
0.0
 40
172.2495422588327
 41
2.00616522811344
 42
50.0
 43
0.0
 44
0.0
 50
0.0
 51
0.0
 71
     0
 72
   100
 73
     1
 74
     1
 75
     0
 76
     0
 77
     0
 78
     0
281
     0
 65
     1
110
0.0
120
0.0
130
0.0
111
1.0
121
0.0
131
0.0
112
0.0
122
1.0
132
0.0
 79
     0
146
0.0
348
5BF
 60
     3
 61
     5
292
     1
282
     1
141
0.0
142
0.0
 63
   250
421
  3355443
1001
ACAD_NAV_VCDISPLAY
1070
     3
  0
ENDTAB
  0
TABLE
  2
LTYPE
  5
5
330
0
100
AcDbSymbolTable
 70
     6
  0
LTYPE
  5
14
330
5
100
AcDbSymbolTableRecord
100
AcDbLinetypeTableRecord
  2
BYBLOCK
 70
     0
  3

 72
    65
 73
     0
 40
0.0
  0
LTYPE
  5
15
330
5
100
AcDbSymbolTableRecord
100
AcDbLinetypeTableRecord
  2
BYLAYER
 70
     0
  3

 72
    65
 73
     0
 40
0.0
  0
LTYPE
  5
16
330
5
100
AcDbSymbolTableRecord
100
AcDbLinetypeTableRecord
  2
CONTINUOUS
 70
     0
  3
Solid line
 72
    65
 73
     0
 40
0.0
  0
LTYPE
  5
1F5
330
5
100
AcDbSymbolTableRecord
100
AcDbLinetypeTableRecord
  2
CENTER
 70
     0
  3
____ _ ____ _ ____ _ ____ _ ____ _ ____ _ ____
 72
    65
 73
     4
 40
0.6
 49
0.375
 74
     0
 49
-0.075
 74
     0
 49
0.075
 74
     0
 49
-0.075
 74
     0
  0
LTYPE
  5
1F6
330
5
100
AcDbSymbolTableRecord
100
AcDbLinetypeTableRecord
  2
HIDDEN
 70
     0
  3
- - - - - - - - - - - - - - - - - - - -
 72
    65
 73
     2
 40
0.2
 49
0.1
 74
     0
 49
-0.1
 74
     0
  0
LTYPE
  5
1F7
330
5
100
AcDbSymbolTableRecord
100
AcDbLinetypeTableRecord
  2
PHANTOM
 70
     0
  3
_____ _ _ _____ _ _ _____ _ _ _____
 72
    65
 73
     6
 40
0.8
 49
0.45
 74
     0
 49
-0.05
 74
     0
 49
0.1
 74
     0
 49
-0.05
 74
     0
 49
0.1
 74
     0
 49
-0.05
 74
     0
  0
LTYPE
  5
1F8
330
5
100
AcDbSymbolTableRecord
100
AcDbLinetypeTableRecord
  2
DOT
 70
     0
  3
. . . . . . . . . . . . . . . . . . . .
 72
    65
 73
     2
 40
0.2
 49
0.1
 74
     0
 49
-0.1
 74
     0
  0
LTYPE
  5
1F9
330
5
100
AcDbSymbolTableRecord
100
AcDbLinetypeTableRecord
  2
DASHED
 70
     0
  3
- - - - - - - - - - - - - - - - - - - -
 72
    65
 73
     2
 40
0.2
 49
0.1
 74
     0
 49
-0.1
 74
     0
  0
ENDTAB
  0
TABLE
  2
LAYER
  5
2
102
{ACAD_XDICTIONARY
360
5FC
102
}
330
0
100
AcDbSymbolTable
 70
    40
  0
LAYER
  5
10
330
2
100
AcDbSymbolTableRecord
100
AcDbLayerTableRecord
  2
0
 70
     0
 62
     7
  6
CONTINUOUS
370
    -3
390
F
347
5B1
348
0
  0
LAYER
  5
1FA
330
2
100
AcDbSymbolTableRecord
100
AcDbLayerTableRecord
  2
DEFAULT_1
 70
     0
 62
     7
  6
CENTER
370
    -3
390
F
347
5B1
348
0
  0
LAYER
  5
1FB
330
2
100
AcDbSymbolTableRecord
100
AcDbLayerTableRecord
  2
DEFAULT_2
 70
     0
 62
     8
  6
HIDDEN
370
    -3
390
F
347
5B1
348
0
  0
LAYER
  5
1FC
330
2
100
AcDbSymbolTableRecord
100
AcDbLayerTableRecord
  2
DEFAULT_3
 70
     0
 62
     7
  6
PHANTOM
370
    -3
390
F
347
5B1
348
0
  0
LAYER
  5
1FD
330
2
100
AcDbSymbolTableRecord
100
AcDbLayerTableRecord
  2
01_ALL_DTM_PLN
 70
     0
 62
     7
  6
CONTINUOUS
370
    -3
390
F
347
5B1
348
0
  0
LAYER
  5
1FE
330
2
100
AcDbSymbolTableRecord
100
AcDbLayerTableRecord
  2
01__ASM_ALL_DTM_PLN
 70
     0
 62
     7
  6
CONTINUOUS
370
    -3
390
F
347
5B1
348
0
  0
LAYER
  5
1FF
330
2
100
AcDbSymbolTableRecord
100
AcDbLayerTableRecord
  2
01__ASM_DEF_DTM_PLN
 70
     0
 62
     7
  6
CONTINUOUS
370
    -3
390
F
347
5B1
348
0
  0
LAYER
  5
200
330
2
100
AcDbSymbolTableRecord
100
AcDbLayerTableRecord
  2
01___PRT_ALL_DTM_PLN
 70
     0
 62
     7
  6
CONTINUOUS
370
    -3
390
F
347
5B1
348
0
  0
LAYER
  5
201
330
2
100
AcDbSymbolTableRecord
100
AcDbLayerTableRecord
  2
01___PRT_DEF_DTM_PLN
 70
     0
 62
     7
  6
CONTINUOUS
370
    -3
390
F
347
5B1
348
0
  0
LAYER
  5
202
330
2
100
AcDbSymbolTableRecord
100
AcDbLayerTableRecord
  2
02_ALL_AXES
 70
     0
 62
     7
  6
CONTINUOUS
370
    -3
390
F
347
5B1
348
0
  0
LAYER
  5
203
330
2
100
AcDbSymbolTableRecord
100
AcDbLayerTableRecord
  2
02__ASM_ALL_AXES
 70
     0
 62
     7
  6
CONTINUOUS
370
    -3
390
F
347
5B1
348
0
  0
LAYER
  5
204
330
2
100
AcDbSymbolTableRecord
100
AcDbLayerTableRecord
  2
02___PRT_ALL_AXES
 70
     0
 62
     7
  6
CONTINUOUS
370
    -3
390
F
347
5B1
348
0
  0
LAYER
  5
205
330
2
100
AcDbSymbolTableRecord
100
AcDbLayerTableRecord
  2
03_ALL_CURVES
 70
     0
 62
     7
  6
CONTINUOUS
370
    -3
390
F
347
5B1
348
0
  0
LAYER
  5
206
330
2
100
AcDbSymbolTableRecord
100
AcDbLayerTableRecord
  2
03__ASM_ALL_CURVES
 70
     0
 62
     7
  6
CONTINUOUS
370
    -3
390
F
347
5B1
348
0
  0
LAYER
  5
207
330
2
100
AcDbSymbolTableRecord
100
AcDbLayerTableRecord
  2
03___PRT_ALL_CURVES
 70
     0
 62
     7
  6
CONTINUOUS
370
    -3
390
F
347
5B1
348
0
  0
LAYER
  5
208
330
2
100
AcDbSymbolTableRecord
100
AcDbLayerTableRecord
  2
04_ALL_DTM_PNT
 70
     0
 62
     7
  6
CONTINUOUS
370
    -3
390
F
347
5B1
348
0
  0
LAYER
  5
209
330
2
100
AcDbSymbolTableRecord
100
AcDbLayerTableRecord
  2
04__ASM_ALL_DTM_PNT
 70
     0
 62
     7
  6
CONTINUOUS
370
    -3
390
F
347
5B1
348
0
  0
LAYER
  5
20A
330
2
100
AcDbSymbolTableRecord
100
AcDbLayerTableRecord
  2
04___PRT_ALL_DTM_PNT
 70
     0
 62
     7
  6
CONTINUOUS
370
    -3
390
F
347
5B1
348
0
  0
LAYER
  5
20B
330
2
100
AcDbSymbolTableRecord
100
AcDbLayerTableRecord
  2
05_ALL_DTM_CSYS
 70
     0
 62
     7
  6
CONTINUOUS
370
    -3
390
F
347
5B1
348
0
  0
LAYER
  5
20C
330
2
100
AcDbSymbolTableRecord
100
AcDbLayerTableRecord
  2
05__ASM_ALL_DTM_CSYS
 70
     0
 62
     7
  6
CONTINUOUS
370
    -3
390
F
347
5B1
348
0
  0
LAYER
  5
20D
330
2
100
AcDbSymbolTableRecord
100
AcDbLayerTableRecord
  2
05__ASM_DEF_DTM_CSYS
 70
     0
 62
     7
  6
CONTINUOUS
370
    -3
390
F
347
5B1
348
0
  0
LAYER
  5
20E
330
2
100
AcDbSymbolTableRecord
100
AcDbLayerTableRecord
  2
05___PRT_ALL_DTM_CSYS
 70
     0
 62
     7
  6
CONTINUOUS
370
    -3
390
F
347
5B1
348
0
  0
LAYER
  5
20F
330
2
100
AcDbSymbolTableRecord
100
AcDbLayerTableRecord
  2
05___PRT_DEF_DTM_CSYS
 70
     0
 62
     7
  6
CONTINUOUS
370
    -3
390
F
347
5B1
348
0
  0
LAYER
  5
210
330
2
100
AcDbSymbolTableRecord
100
AcDbLayerTableRecord
  2
06_ALL_SURFS
 70
     0
 62
     7
  6
CONTINUOUS
370
    -3
390
F
347
5B1
348
0
  0
LAYER
  5
211
330
2
100
AcDbSymbolTableRecord
100
AcDbLayerTableRecord
  2
06__ASM_ALL_SURFS
 70
     0
 62
     7
  6
CONTINUOUS
370
    -3
390
F
347
5B1
348
0
  0
LAYER
  5
212
330
2
100
AcDbSymbolTableRecord
100
AcDbLayerTableRecord
  2
06___PRT_ALL_SURFS
 70
     0
 62
     7
  6
CONTINUOUS
370
    -3
390
F
347
5B1
348
0
  0
LAYER
  5
213
330
2
100
AcDbSymbolTableRecord
100
AcDbLayerTableRecord
  2
07__ASM_ALL_SKELETONS
 70
     0
 62
     7
  6
CONTINUOUS
370
    -3
390
F
347
5B1
348
0
  0
LAYER
  5
214
330
2
100
AcDbSymbolTableRecord
100
AcDbLayerTableRecord
  2
1_ALL_PLANES
 70
     0
 62
     7
  6
CONTINUOUS
370
    -3
390
F
347
5B1
348
0
  0
LAYER
  5
215
330
2
100
AcDbSymbolTableRecord
100
AcDbLayerTableRecord
  2
2_ALL_CSYS
 70
     0
 62
     7
  6
CONTINUOUS
370
    -3
390
F
347
5B1
348
0
  0
LAYER
  5
216
330
2
100
AcDbSymbolTableRecord
100
AcDbLayerTableRecord
  2
3_ALL_AXES
 70
     0
 62
     7
  6
CONTINUOUS
370
    -3
390
F
347
5B1
348
0
  0
LAYER
  5
217
330
2
100
AcDbSymbolTableRecord
100
AcDbLayerTableRecord
  2
4_ALL_POINTS
 70
     0
 62
     7
  6
CONTINUOUS
370
    -3
390
F
347
5B1
348
0
  0
LAYER
  5
218
330
2
100
AcDbSymbolTableRecord
100
AcDbLayerTableRecord
  2
7_ALL_FEATURES
 70
     0
 62
     7
  6
CONTINUOUS
370
    -3
390
F
347
5B1
348
0
  0
LAYER
  5
219
330
2
100
AcDbSymbolTableRecord
100
AcDbLayerTableRecord
  2
AXES
 70
     0
 62
     7
  6
CONTINUOUS
370
    -3
390
F
347
5B1
348
0
  0
LAYER
  5
21A
330
2
100
AcDbSymbolTableRecord
100
AcDbLayerTableRecord
  2
CLOSED_SHELL
 70
     0
 62
     7
  6
CONTINUOUS
370
    -3
390
F
347
5B1
348
0
  0
LAYER
  5
21B
330
2
100
AcDbSymbolTableRecord
100
AcDbLayerTableRecord
  2
COLOR3
 70
     0
 62
     7
  6
CONTINUOUS
370
    -3
390
F
347
5B1
348
0
  0
LAYER
  5
21C
330
2
100
AcDbSymbolTableRecord
100
AcDbLayerTableRecord
  2
CURVERS
 70
     0
 62
     7
  6
CONTINUOUS
370
    -3
390
F
347
5B1
348
0
  0
LAYER
  5
21D
330
2
100
AcDbSymbolTableRecord
100
AcDbLayerTableRecord
  2
PLANES
 70
     0
 62
     7
  6
CONTINUOUS
370
    -3
390
F
347
5B1
348
0
  0
LAYER
  5
21E
330
2
100
AcDbSymbolTableRecord
100
AcDbLayerTableRecord
  2
POINTS
 70
     0
 62
     7
  6
CONTINUOUS
370
    -3
390
F
347
5B1
348
0
  0
LAYER
  5
21F
330
2
100
AcDbSymbolTableRecord
100
AcDbLayerTableRecord
  2
XSEC_DATUMS
 70
     0
 62
     7
  6
CONTINUOUS
370
    -3
390
F
347
5B1
348
0
  0
LAYER
  5
220
330
2
100
AcDbSymbolTableRecord
100
AcDbLayerTableRecord
  2
___SHELL
 70
     0
 62
     7
  6
CONTINUOUS
370
    -3
390
F
347
5B1
348
0
  0
ENDTAB
  0
TABLE
  2
STYLE
  5
3
330
0
100
AcDbSymbolTable
 70
     2
  0
STYLE
  5
11
330
3
100
AcDbSymbolTableRecord
100
AcDbTextStyleTableRecord
  2
STANDARD
 70
     0
 40
0.0
 41
0.8
 50
0.0
 71
     0
 42
0.2
  3
txt
  4

  0
STYLE
  5
221
330
3
100
AcDbSymbolTableRecord
100
AcDbTextStyleTableRecord
  2
TEXTSTYLE_1
 70
     0
 40
0.0
 41
0.8
 50
0.0
 71
     0
 42
0.2
  3
gdt
  4

  0
ENDTAB
  0
TABLE
  2
VIEW
  5
6
330
0
100
AcDbSymbolTable
 70
     0
  0
ENDTAB
  0
TABLE
  2
UCS
  5
7
330
0
100
AcDbSymbolTable
 70
     0
  0
ENDTAB
  0
TABLE
  2
APPID
  5
9
330
0
100
AcDbSymbolTable
 70
     2
  0
APPID
  5
222
330
9
100
AcDbSymbolTableRecord
100
AcDbRegAppTableRecord
  2
ACAD
 70
     0
  0
APPID
  5
602
330
9
100
AcDbSymbolTableRecord
100
AcDbRegAppTableRecord
  2
ACAD_NAV_VCDISPLAY
 70
     0
  0
ENDTAB
  0
TABLE
  2
DIMSTYLE
  5
A
330
0
100
AcDbSymbolTable
 70
     1
100
AcDbDimStyleTable
  0
DIMSTYLE
105
226
330
A
100
AcDbSymbolTableRecord
100
AcDbDimStyleTableRecord
  2
STANDARD
 70
     0
 41
0.1875
 44
0.125
 47
0.01
 48
0.01
 78
     4
 79
     1
140
0.15625
171
     1
178
     0
179
     2
271
     2
272
     2
284
     4
340
11
341
225
342
225
343
225
344
225
  0
ENDTAB
  0
TABLE
  2
BLOCK_RECORD
  5
1
330
0
100
AcDbSymbolTable
 70
     1
  0
BLOCK_RECORD
  5
223
330
1
100
AcDbSymbolTableRecord
100
AcDbBlockTableRecord
  2
*Model_Space
340
59C
 70
     0
280
     1
281
     0
  0
BLOCK_RECORD
  5
224
330
1
100
AcDbSymbolTableRecord
100
AcDbBlockTableRecord
  2
*Paper_Space
340
59D
 70
     0
280
     1
281
     0
  0
BLOCK_RECORD
  5
225
330
1
100
AcDbSymbolTableRecord
100
AcDbBlockTableRecord
  2
_FILLED
340
0
 70
     0
280
     1
281
     0
  0
ENDTAB
  0
ENDSEC
  0
SECTION
  2
BLOCKS
  0
BLOCK
  5
20
330
223
100
AcDbEntity
  8
0
100
AcDbBlockBegin
  2
*Model_Space
 70
     0
 10
0.0
 20
0.0
 30
0.0
  3
*Model_Space
  1

  0
ENDBLK
  5
21
330
223
100
AcDbEntity
  8
0
100
AcDbBlockEnd
  0
BLOCK
  5
1C
330
224
100
AcDbEntity
 67
     1
  8
0
100
AcDbBlockBegin
  2
*Paper_Space
 70
     0
 10
0.0
 20
0.0
 30
0.0
  3
*Paper_Space
  1

  0
ENDBLK
  5
1D
330
224
100
AcDbEntity
 67
     1
  8
0
100
AcDbBlockEnd
  0
BLOCK
  5
227
330
225
100
AcDbEntity
  8
0
100
AcDbBlockBegin
  2
_FILLED
 70
     0
 10
0.0
 20
0.0
 30
0.0
  3
_FILLED
  1

  0
SOLID
  5
228
330
225
100
AcDbEntity
  8
0
  6
ByBlock
 62
     0
100
AcDbTrace
 10
0.0
 20
0.0
 30
0.0
 11
-1.0
 21
0.1666666667
 31
0.0
 12
-1.0
 22
-0.1666666667
 32
0.0
 13
-1.0
 23
-0.1666666667
 33
0.0
  0
ENDBLK
  5
229
330
225
100
AcDbEntity
  8
0
  6
ByBlock
 62
     0
100
AcDbBlockEnd
  0
ENDSEC
  0
SECTION
  2
ENTITIES
  0
SPLINE
  5
22A
330
223
100
AcDbEntity
  8
03___PRT_ALL_CURVES
  6
Continuous
 62
     4
100
AcDbSpline
210
0.0
220
0.0
230
1.0
 70
     8
 71
     3
 72
     8
 73
     4
 74
     0
 42
0.0000001
 43
0.0000000001
 40
0.0
 40
0.0
 40
0.0
 40
0.0
 40
1.0
 40
1.0
 40
1.0
 40
1.0
 10
9.53683514778001
 20
120.17769443966
 30
0.0
 10
9.84720353644002
 20
120.17769443966
 30
0.0
 10
10.07912714676004
 20
120.24761254976
 30
0.0
 10
10.23132548346001
 20
120.39040536044
 30
0.0
  0
SPLINE
  5
22B
330
223
100
AcDbEntity
  8
03___PRT_ALL_CURVES
  6
Continuous
 62
     4
100
AcDbSpline
210
0.0
220
0.0
230
1.0
 70
     8
 71
     3
 72
     8
 73
     4
 74
     0
 42
0.0000001
 43
0.0000000001
 40
0.0
 40
0.0
 40
0.0
 40
0.0
 40
1.0
 40
1.0
 40
1.0
 40
1.0
 10
10.23132548346001
 20
120.39040536044
 30
0.0
 10
10.38267423080003
 20
120.53240108356
 30
0.0
 10
10.45941357186001
 20
120.73021832064
 30
0.0
 10
10.45941357186001
 20
120.98260569496
 30
0.0
  0
SPLINE
  5
22C
330
223
100
AcDbEntity
  8
03___PRT_ALL_CURVES
  6
Continuous
 62
     4
100
AcDbSpline
210
0.0
220
0.0
230
1.0
 70
     8
 71
     3
 72
     8
 73
     4
 74
     0
 42
0.0000001
 43
0.0000000001
 40
0.0
 40
0.0
 40
0.0
 40
0.0
 40
1.0
 40
1.0
 40
1.0
 40
1.0
 10
10.45941357186001
 20
120.98260569496
 30
0.0
 10
10.45941357186001
 20
121.22817191452
 30
0.0
 10
10.38949553542002
 20
121.41746240716
 30
0.0
 10
10.24965920092004
 20
121.5504775107
 30
0.0
  0
SPLINE
  5
22D
330
223
100
AcDbEntity
  8
03___PRT_ALL_CURVES
  6
Continuous
 62
     4
100
AcDbSpline
210
0.0
220
0.0
230
1.0
 70
     8
 71
     3
 72
     8
 73
     4
 74
     0
 42
0.0000001
 43
0.0000000001
 40
0.0
 40
0.0
 40
0.0
 40
0.0
 40
1.0
 40
1.0
 40
1.0
 40
1.0
 10
10.24965920092004
 20
121.5504775107
 30
0.0
 10
10.10982294262001
 20
121.68349254058
 30
0.0
 10
9.901773823540026
 20
121.74999999964
 30
0.0
 10
9.622101230740014
 20
121.74999999964
 30
0.0
  0
SPLINE
  5
22E
330
223
100
AcDbEntity
  8
03___PRT_ALL_CURVES
  6
Continuous
 62
     4
100
AcDbSpline
210
0.0
220
0.0
230
1.0
 70
     8
 71
     3
 72
     8
 73
     4
 74
     0
 42
0.0000001
 43
0.0000000001
 40
0.0
 40
0.0
 40
0.0
 40
0.0
 40
1.0
 40
1.0
 40
1.0
 40
1.0
 10
9.333902045900032
 20
121.24181452376
 30
0.0
 10
9.477148993340023
 20
121.24181452376
 30
0.0
 10
9.576057538220027
 20
121.21452930528
 30
0.0
 10
9.628474004380024
 20
121.15953502868
 30
0.0
  0
SPLINE
  5
22F
330
223
100
AcDbEntity
  8
03___PRT_ALL_CURVES
  6
Continuous
 62
     4
100
AcDbSpline
210
0.0
220
0.0
230
1.0
 70
     8
 71
     3
 72
     8
 73
     4
 74
     0
 42
0.0000001
 43
0.0000000001
 40
0.0
 40
0.0
 40
0.0
 40
0.0
 40
1.0
 40
1.0
 40
1.0
 40
1.0
 10
9.628474004380024
 20
121.15953502868
 30
0.0
 10
9.680082097760021
 20
121.1053888784
 30
0.0
 10
9.707367166380038
 20
121.03888127202
 30
0.0
 10
9.707367166380038
 20
120.96043649368
 30
0.0
  0
SPLINE
  5
230
330
223
100
AcDbEntity
  8
03___PRT_ALL_CURVES
  6
Continuous
 62
     4
100
AcDbSpline
210
0.0
220
0.0
230
1.0
 70
     8
 71
     3
 72
     8
 73
     4
 74
     0
 42
0.0000001
 43
0.0000000001
 40
0.0
 40
0.0
 40
0.0
 40
0.0
 40
1.0
 40
1.0
 40
1.0
 40
1.0
 10
9.707367166380038
 20
120.96043649368
 30
0.0
 10
9.707367166380038
 20
120.87858113542
 30
0.0
 10
9.67667151784002
 20
120.81207367636
 30
0.0
 10
9.616631472820018
 20
120.76133564982
 30
0.0
  0
SPLINE
  5
231
330
223
100
AcDbEntity
  8
03___PRT_ALL_CURVES
  6
Continuous
 62
     4
100
AcDbSpline
210
0.0
220
0.0
230
1.0
 70
     8
 71
     3
 72
     8
 73
     4
 74
     0
 42
0.0000001
 43
0.0000000001
 40
0.0
 40
0.0
 40
0.0
 40
0.0
 40
1.0
 40
1.0
 40
1.0
 40
1.0
 10
9.616631472820018
 20
120.76133564982
 30
0.0
 10
9.555593624360029
 20
120.70975440678
 30
0.0
 10
9.451569064820035
 20
120.68417462558
 30
0.0
 10
9.303206250040006
 20
120.68417462558
 30
0.0
  0
SPLINE
  5
232
330
223
100
AcDbEntity
  8
03___PRT_ALL_CURVES
  6
Continuous
 62
     4
100
AcDbSpline
210
0.0
220
0.0
230
1.0
 70
     8
 71
     3
 72
     8
 73
     4
 74
     0
 42
0.0000001
 43
0.0000000001
 40
0.0
 40
0.0
 40
0.0
 40
0.0
 40
1.0
 40
1.0
 40
1.0
 40
1.0
 10
15.21043662504002
 20
120.26466573638
 30
0.0
 10
15.28035466148003
 20
120.26466573638
 30
0.0
 10
15.34345154316
 20
120.24420189872
 30
0.0
 10
15.39877784856
 20
120.20537641376
 30
0.0
  0
SPLINE
  5
233
330
223
100
AcDbEntity
  8
03___PRT_ALL_CURVES
  6
Continuous
 62
     4
100
AcDbSpline
210
0.0
220
0.0
230
1.0
 70
     8
 71
     3
 72
     8
 73
     4
 74
     0
 42
0.0000001
 43
0.0000000001
 40
0.0
 40
0.0
 40
0.0
 40
0.0
 40
1.0
 40
1.0
 40
1.0
 40
1.0
 10
15.39877784856
 20
120.20537641376
 30
0.0
 10
15.44065479808
 20
120.17598907604
 30
0.0
 10
15.48626239546002
 20
120.11265770918
 30
0.0
 10
15.53956393732003
 20
120.01398365202
 30
0.0
  0
SPLINE
  5
234
330
223
100
AcDbEntity
  8
03___PRT_ALL_CURVES
  6
Continuous
 62
     4
100
AcDbSpline
210
0.0
220
0.0
230
1.0
 70
     8
 71
     3
 72
     8
 73
     4
 74
     0
 42
0.0000001
 43
0.0000000001
 40
0.0
 40
0.0
 40
0.0
 40
0.0
 40
1.0
 40
1.0
 40
1.0
 40
1.0
 10
16.45020489226002
 20
119.97305589796
 30
0.0
 10
16.43144611850002
 20
120.01057299844
 30
0.0
 10
16.39563445530001
 20
120.0617326345
 30
0.0
 10
16.34266424882003
 20
120.12815570206
 30
0.0
  0
SPLINE
  5
235
330
223
100
AcDbEntity
  8
03___PRT_ALL_CURVES
  6
Continuous
 62
     4
100
AcDbSpline
210
0.0
220
0.0
230
1.0
 70
     8
 71
     3
 72
     8
 73
     4
 74
     0
 42
0.0000001
 43
0.0000000001
 40
0.0
 40
0.0
 40
0.0
 40
0.0
 40
1.0
 40
1.0
 40
1.0
 40
1.0
 10
16.34266424882003
 20
120.12815570206
 30
0.0
 10
16.28819946824004
 20
120.19645291624
 30
0.0
 10
16.24727194024004
 20
120.23908595772
 30
0.0
 10
16.21864105516002
 20
120.26003524526
 30
0.0
  0
SPLINE
  5
236
330
223
100
AcDbEntity
  8
03___PRT_ALL_CURVES
  6
Continuous
 62
     4
100
AcDbSpline
210
0.0
220
0.0
230
1.0
 70
     8
 71
     3
 72
     8
 73
     4
 74
     0
 42
0.0000001
 43
0.0000000001
 40
0.0
 40
0.0
 40
0.0
 40
0.0
 40
1.0
 40
1.0
 40
1.0
 40
1.0
 10
16.21864105516002
 20
120.26003524526
 30
0.0
 10
16.17735330690002
 20
120.29024559124
 30
0.0
 10
16.10914055788004
 20
120.32094131344
 30
0.0
 10
16.01705317030004
 20
120.35334239926
 30
0.0
  0
SPLINE
  5
237
330
223
100
AcDbEntity
  8
03___PRT_ALL_CURVES
  6
Continuous
 62
     4
100
AcDbSpline
210
0.0
220
0.0
230
1.0
 70
     8
 71
     3
 72
     8
 73
     4
 74
     0
 42
0.0000001
 43
0.0000000001
 40
0.0
 40
0.0
 40
0.0
 40
0.0
 40
1.0
 40
1.0
 40
1.0
 40
1.0
 10
16.01705317030004
 20
120.35334239926
 30
0.0
 10
16.13301519898002
 20
120.37892225412
 30
0.0
 10
16.22339729914003
 20
120.4113233374
 30
0.0
 10
16.28892534182003
 20
120.451037355
 30
0.0
  0
SPLINE
  5
238
330
223
100
AcDbEntity
  8
03___PRT_ALL_CURVES
  6
Continuous
 62
     4
100
AcDbSpline
210
0.0
220
0.0
230
1.0
 70
     8
 71
     3
 72
     8
 73
     4
 74
     0
 42
0.0000001
 43
0.0000000001
 40
0.0
 40
0.0
 40
0.0
 40
0.0
 40
1.0
 40
1.0
 40
1.0
 40
1.0
 10
16.28892534182003
 20
120.451037355
 30
0.0
 10
16.39222387792003
 20
120.51364260952
 30
0.0
 10
16.47407953336003
 20
120.59549796524
 30
0.0
 10
16.53269451392003
 20
120.69573840992
 30
0.0
  0
SPLINE
  5
239
330
223
100
AcDbEntity
  8
03___PRT_ALL_CURVES
  6
Continuous
 62
     4
100
AcDbSpline
210
0.0
220
0.0
230
1.0
 70
     8
 71
     3
 72
     8
 73
     4
 74
     0
 42
0.0000001
 43
0.0000000001
 40
0.0
 40
0.0
 40
0.0
 40
0.0
 40
1.0
 40
1.0
 40
1.0
 40
1.0
 10
16.53269451392003
 20
120.69573840992
 30
0.0
 10
16.59174625510002
 20
120.7967257797
 30
0.0
 10
16.62244205096002
 20
120.9160982359
 30
0.0
 10
16.62244205096002
 20
121.05593445864
 30
0.0
  0
SPLINE
  5
23A
330
223
100
AcDbEntity
  8
03___PRT_ALL_CURVES
  6
Continuous
 62
     4
100
AcDbSpline
210
0.0
220
0.0
230
1.0
 70
     8
 71
     3
 72
     8
 73
     4
 74
     0
 42
0.0000001
 43
0.0000000001
 40
0.0
 40
0.0
 40
0.0
 40
0.0
 40
1.0
 40
1.0
 40
1.0
 40
1.0
 10
16.62244205096002
 20
121.05593445864
 30
0.0
 10
16.62244205096002
 20
121.21452930528
 30
0.0
 10
16.58321981038
 20
121.34924966068
 30
0.0
 10
16.50590920554001
 20
121.45969334124
 30
0.0
  0
SPLINE
  5
23B
330
223
100
AcDbEntity
  8
03___PRT_ALL_CURVES
  6
Continuous
 62
     4
100
AcDbSpline
210
0.0
220
0.0
230
1.0
 70
     8
 71
     3
 72
     8
 73
     4
 74
     0
 42
0.0000001
 43
0.0000000001
 40
0.0
 40
0.0
 40
0.0
 40
0.0
 40
1.0
 40
1.0
 40
1.0
 40
1.0
 10
16.50590920554001
 20
121.45969334124
 30
0.0
 10
16.42803554112001
 20
121.570941389
 30
0.0
 10
16.32742170882003
 20
121.64768073006
 30
0.0
 10
16.201227948
 20
121.68860840792
 30
0.0
  0
SPLINE
  5
23C
330
223
100
AcDbEntity
  8
03___PRT_ALL_CURVES
  6
Continuous
 62
     4
100
AcDbSpline
210
0.0
220
0.0
230
1.0
 70
     8
 71
     3
 72
     8
 73
     4
 74
     0
 42
0.0000001
 43
0.0000000001
 40
0.0
 40
0.0
 40
0.0
 40
0.0
 40
1.0
 40
1.0
 40
1.0
 40
1.0
 10
16.201227948
 20
121.68860840792
 30
0.0
 10
16.07503418464
 20
121.72953608578
 30
0.0
 10
15.89256529380003
 20
121.74999999964
 30
0.0
 10
15.65382008168004
 20
121.74999999964
 30
0.0
  0
SPLINE
  5
23D
330
223
100
AcDbEntity
  8
03___PRT_ALL_CURVES
  6
Continuous
 62
     4
100
AcDbSpline
210
0.0
220
0.0
230
1.0
 70
     8
 71
     3
 72
     8
 73
     4
 74
     0
 42
0.0000001
 43
0.0000000001
 40
0.0
 40
0.0
 40
0.0
 40
0.0
 40
1.0
 40
1.0
 40
1.0
 40
1.0
 10
15.48158292298001
 20
121.24522510114
 30
0.0
 10
15.62141899586004
 20
121.24522510114
 30
0.0
 10
15.71862225078002
 20
121.22305589986
 30
0.0
 10
15.76935881682002
 20
121.17992975802
 30
0.0
  0
SPLINE
  5
23E
330
223
100
AcDbEntity
  8
03___PRT_ALL_CURVES
  6
Continuous
 62
     4
100
AcDbSpline
210
0.0
220
0.0
230
1.0
 70
     8
 71
     3
 72
     8
 73
     4
 74
     0
 42
0.0000001
 43
0.0000000001
 40
0.0
 40
0.0
 40
0.0
 40
0.0
 40
1.0
 40
1.0
 40
1.0
 40
1.0
 10
15.76935881682002
 20
121.17992975802
 30
0.0
 10
15.82094137304
 20
121.13608452694
 30
0.0
 10
15.84652130156002
 20
121.07469308254
 30
0.0
 10
15.84652130156002
 20
120.99454301678
 30
0.0
  0
SPLINE
  5
23F
330
223
100
AcDbEntity
  8
03___PRT_ALL_CURVES
  6
Continuous
 62
     4
100
AcDbSpline
210
0.0
220
0.0
230
1.0
 70
     8
 71
     3
 72
     8
 73
     4
 74
     0
 42
0.0000001
 43
0.0000000001
 40
0.0
 40
0.0
 40
0.0
 40
0.0
 40
1.0
 40
1.0
 40
1.0
 40
1.0
 10
15.84652130156002
 20
120.99454301678
 30
0.0
 10
15.84652130156002
 20
120.93997272714
 30
0.0
 10
15.82946841212001
 20
120.89051845724
 30
0.0
 10
15.79748183398002
 20
120.84927255294
 30
0.0
  0
SPLINE
  5
240
330
223
100
AcDbEntity
  8
03___PRT_ALL_CURVES
  6
Continuous
 62
     4
100
AcDbSpline
210
0.0
220
0.0
230
1.0
 70
     8
 71
     3
 72
     8
 73
     4
 74
     0
 42
0.0000001
 43
0.0000000001
 40
0.0
 40
0.0
 40
0.0
 40
0.0
 40
1.0
 40
1.0
 40
1.0
 40
1.0
 10
15.79748183398002
 20
120.84927255294
 30
0.0
 10
15.76466624302003
 20
120.8069576617
 30
0.0
 10
15.72373811812
 20
120.7813778805
 30
0.0
 10
15.67282532434001
 20
120.77006390516
 30
0.0
  0
SPLINE
  5
241
330
223
100
AcDbEntity
  8
03___PRT_ALL_CURVES
  6
Continuous
 62
     4
100
AcDbSpline
210
0.0
220
0.0
230
1.0
 70
     8
 71
     3
 72
     8
 73
     4
 74
     0
 42
0.0000001
 43
0.0000000001
 40
0.0
 40
0.0
 40
0.0
 40
0.0
 40
1.0
 40
1.0
 40
1.0
 40
1.0
 10
15.67282532434001
 20
120.77006390516
 30
0.0
 10
15.57025973318005
 20
120.74727150726
 30
0.0
 10
15.50204638980003
 20
120.73703962526
 30
0.0
 10
15.46794001656002
 20
120.73703962526
 30
0.0
  0
SPLINE
  5
242
330
223
100
AcDbEntity
  8
03___PRT_ALL_CURVES
  6
Continuous
 62
     4
100
AcDbSpline
210
0.0
220
0.0
230
1.0
 70
     8
 71
     3
 72
     8
 73
     4
 74
     0
 42
0.0000001
 43
0.0000000001
 40
0.0
 40
0.0
 40
0.0
 40
0.0
 40
1.0
 40
1.0
 40
1.0
 40
1.0
 10
18.20668463304003
 20
121.16336974542
 30
0.0
 10
17.95259241580004
 20
120.84788533956
 30
0.0
 10
17.76671235068002
 20
120.55286499742
 30
0.0
 10
17.65002764120004
 20
120.2769096743
 30
0.0
  0
SPLINE
  5
243
330
223
100
AcDbEntity
  8
03___PRT_ALL_CURVES
  6
Continuous
 62
     4
100
AcDbSpline
210
0.0
220
0.0
230
1.0
 70
     8
 71
     3
 72
     8
 73
     4
 74
     0
 42
0.0000001
 43
0.0000000001
 40
0.0
 40
0.0
 40
0.0
 40
0.0
 40
1.0
 40
1.0
 40
1.0
 40
1.0
 10
17.65002764120004
 20
120.2769096743
 30
0.0
 10
17.53308360280005
 20
120.00034104278
 30
0.0
 10
17.44781736998002
 20
119.6575716064
 30
0.0
 10
17.39324693302001
 20
119.25000000092
 30
0.0
  0
SPLINE
  5
244
330
223
100
AcDbEntity
  8
03___PRT_ALL_CURVES
  6
Continuous
 62
     4
100
AcDbSpline
210
0.0
220
0.0
230
1.0
 70
     8
 71
     3
 72
     8
 73
     4
 74
     0
 42
0.0000001
 43
0.0000000001
 40
0.0
 40
0.0
 40
0.0
 40
0.0
 40
1.0
 40
1.0
 40
1.0
 40
1.0
 10
18.08560733392002
 20
119.25000000092
 30
0.0
 10
18.10777668506
 20
119.54331514708
 30
0.0
 10
18.15211538988001
 20
119.7974079028
 30
0.0
 10
18.217156225
 20
120.01271690322
 30
0.0
  0
SPLINE
  5
245
330
223
100
AcDbEntity
  8
03___PRT_ALL_CURVES
  6
Continuous
 62
     4
100
AcDbSpline
210
0.0
220
0.0
230
1.0
 70
     8
 71
     3
 72
     8
 73
     4
 74
     0
 42
0.0000001
 43
0.0000000001
 40
0.0
 40
0.0
 40
0.0
 40
0.0
 40
1.0
 40
1.0
 40
1.0
 40
1.0
 10
18.217156225
 20
120.01271690322
 30
0.0
 10
18.30047731058002
 20
120.28854023016
 30
0.0
 10
18.41473464620003
 20
120.53922238818
 30
0.0
 10
18.55816304870004
 20
120.76420870224
 30
0.0
  0
SPLINE
  5
246
330
223
100
AcDbEntity
  8
03___PRT_ALL_CURVES
  6
Continuous
 62
     4
100
AcDbSpline
210
0.0
220
0.0
230
1.0
 70
     8
 71
     3
 72
     8
 73
     4
 74
     0
 42
0.0000001
 43
0.0000000001
 40
0.0
 40
0.0
 40
0.0
 40
0.0
 40
1.0
 40
1.0
 40
1.0
 40
1.0
 10
18.55816304870004
 20
120.76420870224
 30
0.0
 10
18.67564801820004
 20
120.94849932172
 30
0.0
 10
18.82230524584003
 20
121.12073662774
 30
0.0
 10
18.99965886624003
 20
121.28103676434
 30
0.0
  0
SPLINE
  5
247
330
223
100
AcDbEntity
  8
03___PRT_ALL_CURVES
  6
Continuous
 62
     4
100
AcDbSpline
210
0.0
220
0.0
230
1.0
 70
     8
 71
     3
 72
     8
 73
     4
 74
     0
 42
0.0000001
 43
0.0000000001
 40
0.0
 40
0.0
 40
0.0
 40
0.0
 40
1.0
 40
1.0
 40
1.0
 40
1.0
 10
19.94270090700002
 20
120.32094131344
 30
0.0
 10
19.99727134396002
 20
120.38233290516
 30
0.0
 10
20.04843120100003
 20
120.4266712366
 30
0.0
 10
20.09587374010002
 20
120.45113371498
 30
0.0
  0
SPLINE
  5
248
330
223
100
AcDbEntity
  8
03___PRT_ALL_CURVES
  6
Continuous
 62
     4
100
AcDbSpline
210
0.0
220
0.0
230
1.0
 70
     8
 71
     3
 72
     8
 73
     4
 74
     0
 42
0.0000001
 43
0.0000000001
 40
0.0
 40
0.0
 40
0.0
 40
0.0
 40
1.0
 40
1.0
 40
1.0
 40
1.0
 10
20.09587374010002
 20
120.45113371498
 30
0.0
 10
20.15757207492004
 20
120.48294681366
 30
0.0
 10
20.22237424402002
 20
120.50000000028
 30
0.0
 10
20.29058699304002
 20
120.50000000028
 30
0.0
  0
SPLINE
  5
249
330
223
100
AcDbEntity
  8
03___PRT_ALL_CURVES
  6
Continuous
 62
     4
100
AcDbSpline
210
0.0
220
0.0
230
1.0
 70
     8
 71
     3
 72
     8
 73
     4
 74
     0
 42
0.0000001
 43
0.0000000001
 40
0.0
 40
0.0
 40
0.0
 40
0.0
 40
1.0
 40
1.0
 40
1.0
 40
1.0
 10
20.29058699304002
 20
120.50000000028
 30
0.0
 10
20.39631728704001
 20
120.50000000028
 30
0.0
 10
20.47987703864001
 20
120.4641882634199
 30
0.0
 10
20.54379000454
 20
120.3951626001
 30
0.0
  0
SPLINE
  5
24A
330
223
100
AcDbEntity
  8
03___PRT_ALL_CURVES
  6
Continuous
 62
     4
100
AcDbSpline
210
0.0
220
0.0
230
1.0
 70
     8
 71
     3
 72
     8
 73
     4
 74
     0
 42
0.0000001
 43
0.0000000001
 40
0.0
 40
0.0
 40
0.0
 40
0.0
 40
1.0
 40
1.0
 40
1.0
 40
1.0
 10
20.54379000454
 20
120.3951626001
 30
0.0
 10
20.60777668632005
 20
120.32605733064
 30
0.0
 10
20.6401777696
 20
120.2169167539
 30
0.0
 10
20.6401777696
 20
120.06855386546
 30
0.0
  0
SPLINE
  5
24B
330
223
100
AcDbEntity
  8
03___PRT_ALL_CURVES
  6
Continuous
 62
     4
100
AcDbSpline
210
0.0
220
0.0
230
1.0
 70
     8
 71
     3
 72
     8
 73
     4
 74
     0
 42
0.0000001
 43
0.0000000001
 40
0.0
 40
0.0
 40
0.0
 40
0.0
 40
1.0
 40
1.0
 40
1.0
 40
1.0
 10
20.6401777696
 20
120.06855386546
 30
0.0
 10
20.6401777696
 20
119.9218963381
 30
0.0
 10
20.60777668632005
 20
119.81275579946
 30
0.0
 10
20.54467954302001
 20
119.7394267132
 30
0.0
  0
SPLINE
  5
24C
330
223
100
AcDbEntity
  8
03___PRT_ALL_CURVES
  6
Continuous
 62
     4
100
AcDbSpline
210
0.0
220
0.0
230
1.0
 70
     8
 71
     3
 72
     8
 73
     4
 74
     0
 42
0.0000001
 43
0.0000000001
 40
0.0
 40
0.0
 40
0.0
 40
0.0
 40
1.0
 40
1.0
 40
1.0
 40
1.0
 10
20.54467954302001
 20
119.7394267132
 30
0.0
 10
20.48158292296003
 20
119.66609823654
 30
0.0
 10
20.40143255748004
 20
119.63028649968
 30
0.0
 10
20.30593518688002
 20
119.63028649968
 30
0.0
  0
SPLINE
  5
24D
330
223
100
AcDbEntity
  8
03___PRT_ALL_CURVES
  6
Continuous
 62
     4
100
AcDbSpline
210
0.0
220
0.0
230
1.0
 70
     8
 71
     3
 72
     8
 73
     4
 74
     0
 42
0.0000001
 43
0.0000000001
 40
0.0
 40
0.0
 40
0.0
 40
0.0
 40
1.0
 40
1.0
 40
1.0
 40
1.0
 10
20.30593518688002
 20
119.63028649968
 30
0.0
 10
20.21896366664001
 20
119.63028649968
 30
0.0
 10
20.14392976286004
 20
119.65927693192
 30
0.0
 10
20.08214335354003
 20
119.71683109164
 30
0.0
  0
SPLINE
  5
24E
330
223
100
AcDbEntity
  8
03___PRT_ALL_CURVES
  6
Continuous
 62
     4
100
AcDbSpline
210
0.0
220
0.0
230
1.0
 70
     8
 71
     3
 72
     8
 73
     4
 74
     0
 42
0.0000001
 43
0.0000000001
 40
0.0
 40
0.0
 40
0.0
 40
0.0
 40
1.0
 40
1.0
 40
1.0
 40
1.0
 10
20.08214335354003
 20
119.71683109164
 30
0.0
 10
20.01944069510003
 20
119.77523873708
 30
0.0
 10
19.98021845452001
 20
119.86221011
 30
0.0
 10
19.96316556508
 20
119.97476126158
 30
0.0
  0
SPLINE
  5
24F
330
223
100
AcDbEntity
  8
03___PRT_ALL_CURVES
  6
Continuous
 62
     4
100
AcDbSpline
210
0.0
220
0.0
230
1.0
 70
     8
 71
     3
 72
     8
 73
     4
 74
     0
 42
0.0000001
 43
0.0000000001
 40
0.0
 40
0.0
 40
0.0
 40
0.0
 40
1.0
 40
1.0
 40
1.0
 40
1.0
 10
19.26057342950003
 20
119.89802184686
 30
0.0
 10
19.29467920838002
 20
119.78035471618
 30
0.0
 10
19.33731321760001
 20
119.68315142316
 30
0.0
 10
19.38847230248001
 20
119.6047069547
 30
0.0
  0
SPLINE
  5
250
330
223
100
AcDbEntity
  8
03___PRT_ALL_CURVES
  6
Continuous
 62
     4
100
AcDbSpline
210
0.0
220
0.0
230
1.0
 70
     8
 71
     3
 72
     8
 73
     4
 74
     0
 42
0.0000001
 43
0.0000000001
 40
0.0
 40
0.0
 40
0.0
 40
0.0
 40
1.0
 40
1.0
 40
1.0
 40
1.0
 10
19.38847230248001
 20
119.6047069547
 30
0.0
 10
19.43963174296002
 20
119.52626194014
 30
0.0
 10
19.50613979892
 20
119.45463846642
 30
0.0
 10
19.58799485492003
 20
119.39324692804
 30
0.0
  0
SPLINE
  5
251
330
223
100
AcDbEntity
  8
03___PRT_ALL_CURVES
  6
Continuous
 62
     4
100
AcDbSpline
210
0.0
220
0.0
230
1.0
 70
     8
 71
     3
 72
     8
 73
     4
 74
     0
 42
0.0000001
 43
0.0000000001
 40
0.0
 40
0.0
 40
0.0
 40
0.0
 40
1.0
 40
1.0
 40
1.0
 40
1.0
 10
19.58799485492003
 20
119.39324692804
 30
0.0
 10
19.66984991600003
 20
119.33185538458
 30
0.0
 10
19.77046374830005
 20
119.28410640972
 30
0.0
 10
19.88833208000003
 20
119.25421231914
 30
0.0
  0
SPLINE
  5
252
330
223
100
AcDbEntity
  8
03___PRT_ALL_CURVES
  6
Continuous
 62
     4
100
AcDbSpline
210
0.0
220
0.0
230
1.0
 70
     8
 71
     3
 72
     8
 73
     4
 74
     0
 42
0.0000001
 43
0.0000000001
 40
0.0
 40
0.0
 40
0.0
 40
0.0
 40
1.0
 40
1.0
 40
1.0
 40
1.0
 10
19.88833208000003
 20
119.25421231914
 30
0.0
 10
20.00579838304003
 20
119.22442019178
 30
0.0
 10
20.14734034024002
 20
119.20736698484
 30
0.0
 10
20.31275634418003
 20
119.20736698484
 30
0.0
  0
SPLINE
  5
253
330
223
100
AcDbEntity
  8
03___PRT_ALL_CURVES
  6
Continuous
 62
     4
100
AcDbSpline
210
0.0
220
0.0
230
1.0
 70
     8
 71
     3
 72
     8
 73
     4
 74
     0
 42
0.0000001
 43
0.0000000001
 40
0.0
 40
0.0
 40
0.0
 40
0.0
 40
1.0
 40
1.0
 40
1.0
 40
1.0
 10
20.31275634418003
 20
119.20736698484
 30
0.0
 10
20.54126863036001
 20
119.20736698484
 30
0.0
 10
20.73055986976001
 20
119.2465893575
 30
0.0
 10
20.87721709994003
 20
119.32503410536
 30
0.0
  0
SPLINE
  5
254
330
223
100
AcDbEntity
  8
03___PRT_ALL_CURVES
  6
Continuous
 62
     4
100
AcDbSpline
210
0.0
220
0.0
230
1.0
 70
     8
 71
     3
 72
     8
 73
     4
 74
     0
 42
0.0000001
 43
0.0000000001
 40
0.0
 40
0.0
 40
0.0
 40
0.0
 40
1.0
 40
1.0
 40
1.0
 40
1.0
 10
20.87721709994003
 20
119.32503410536
 30
0.0
 10
21.02387432758002
 20
119.40347885068
 30
0.0
 10
21.13813166320003
 20
119.51603002004
 30
0.0
 10
21.21863651616002
 20
119.66590663672
 30
0.0
  0
SPLINE
  5
255
330
223
100
AcDbEntity
  8
03___PRT_ALL_CURVES
  6
Continuous
 62
     4
100
AcDbSpline
210
0.0
220
0.0
230
1.0
 70
     8
 71
     3
 72
     8
 73
     4
 74
     0
 42
0.0000001
 43
0.0000000001
 40
0.0
 40
0.0
 40
0.0
 40
0.0
 40
1.0
 40
1.0
 40
1.0
 40
1.0
 10
21.21863651616002
 20
119.66590663672
 30
0.0
 10
21.29843120290002
 20
119.81446112752
 30
0.0
 10
21.33935932780003
 20
119.96964532058
 30
0.0
 10
21.33935932780003
 20
120.1316507446
 30
0.0
  0
SPLINE
  5
256
330
223
100
AcDbEntity
  8
03___PRT_ALL_CURVES
  6
Continuous
 62
     4
100
AcDbSpline
210
0.0
220
0.0
230
1.0
 70
     8
 71
     3
 72
     8
 73
     4
 74
     0
 42
0.0000001
 43
0.0000000001
 40
0.0
 40
0.0
 40
0.0
 40
0.0
 40
1.0
 40
1.0
 40
1.0
 40
1.0
 10
21.33935932780003
 20
120.1316507446
 30
0.0
 10
21.33935932780003
 20
120.3601637038799
 30
0.0
 10
21.26091484664002
 20
120.55115956014
 30
0.0
 10
21.10489464052003
 20
120.70206401068
 30
0.0
  0
SPLINE
  5
257
330
223
100
AcDbEntity
  8
03___PRT_ALL_CURVES
  6
Continuous
 62
     4
100
AcDbSpline
210
0.0
220
0.0
230
1.0
 70
     8
 71
     3
 72
     8
 73
     4
 74
     0
 42
0.0000001
 43
0.0000000001
 40
0.0
 40
0.0
 40
0.0
 40
0.0
 40
1.0
 40
1.0
 40
1.0
 40
1.0
 10
21.10489464052003
 20
120.70206401068
 30
0.0
 10
20.94884042380002
 20
120.85300135676
 30
0.0
 10
20.74590806614
 20
120.92974084514
 30
0.0
 10
20.49693111934002
 20
120.92974084514
 30
0.0
  0
SPLINE
  5
258
330
223
100
AcDbEntity
  8
03___PRT_ALL_CURVES
  6
Continuous
 62
     4
100
AcDbSpline
210
0.0
220
0.0
230
1.0
 70
     8
 71
     3
 72
     8
 73
     4
 74
     0
 42
0.0000001
 43
0.0000000001
 40
0.0
 40
0.0
 40
0.0
 40
0.0
 40
1.0
 40
1.0
 40
1.0
 40
1.0
 10
20.49693111934002
 20
120.92974084514
 30
0.0
 10
20.42189602430003
 20
120.92974084514
 30
0.0
 10
20.34686212052003
 20
120.91950881582
 30
0.0
 10
20.27202505150001
 20
120.9016499538999
 30
0.0
  0
SPLINE
  5
259
330
223
100
AcDbEntity
  8
03___PRT_ALL_CURVES
  6
Continuous
 62
     4
100
AcDbSpline
210
0.0
220
0.0
230
1.0
 70
     8
 71
     3
 72
     8
 73
     4
 74
     0
 42
0.0000001
 43
0.0000000001
 40
0.0
 40
0.0
 40
0.0
 40
0.0
 40
1.0
 40
1.0
 40
1.0
 40
1.0
 10
20.27202505150001
 20
120.9016499538999
 30
0.0
 10
20.1967943155
 20
120.88369715262
 30
0.0
 10
20.12005452740004
 20
120.85641193414
 30
0.0
 10
20.04331593056003
 20
120.82060027094
 30
0.0
  0
SPLINE
  5
25A
330
223
100
AcDbEntity
  8
03___PRT_ALL_CURVES
  6
Continuous
 62
     4
100
AcDbSpline
210
0.0
220
0.0
230
1.0
 70
     8
 71
     3
 72
     8
 73
     4
 74
     0
 42
0.0000001
 43
0.0000000001
 40
0.0
 40
0.0
 40
0.0
 40
0.0
 40
1.0
 40
1.0
 40
1.0
 40
1.0
 10
21.61903147356
 20
120.51023188228
 30
0.0
 10
21.61903147356
 20
120.3158253724399
 30
0.0
 10
21.63437966994002
 20
120.14017733918
 30
0.0
 10
21.66848601778003
 20
119.9798773245
 30
0.0
  0
SPLINE
  5
25B
330
223
100
AcDbEntity
  8
03___PRT_ALL_CURVES
  6
Continuous
 62
     4
100
AcDbSpline
210
0.0
220
0.0
230
1.0
 70
     8
 71
     3
 72
     8
 73
     4
 74
     0
 42
0.0000001
 43
0.0000000001
 40
0.0
 40
0.0
 40
0.0
 40
0.0
 40
1.0
 40
1.0
 40
1.0
 40
1.0
 10
21.66848601778003
 20
119.9798773245
 30
0.0
 10
21.70259241642003
 20
119.81957706852
 30
0.0
 10
21.74863581176004
 20
119.69508866878
 30
0.0
 10
21.80869023826003
 20
119.60214711984
 30
0.0
  0
SPLINE
  5
25C
330
223
100
AcDbEntity
  8
03___PRT_ALL_CURVES
  6
Continuous
 62
     4
100
AcDbSpline
210
0.0
220
0.0
230
1.0
 70
     8
 71
     3
 72
     8
 73
     4
 74
     0
 42
0.0000001
 43
0.0000000001
 40
0.0
 40
0.0
 40
0.0
 40
0.0
 40
1.0
 40
1.0
 40
1.0
 40
1.0
 10
21.80869023826003
 20
119.60214711984
 30
0.0
 10
21.89188246202002
 20
119.47339699888
 30
0.0
 10
21.99931864288004
 20
119.37448840828
 30
0.0
 10
22.12892298361999
 20
119.3079809035
 30
0.0
  0
SPLINE
  5
25D
330
223
100
AcDbEntity
  8
03___PRT_ALL_CURVES
  6
Continuous
 62
     4
100
AcDbSpline
210
0.0
220
0.0
230
1.0
 70
     8
 71
     3
 72
     8
 73
     4
 74
     0
 42
0.0000001
 43
0.0000000001
 40
0.0
 40
0.0
 40
0.0
 40
0.0
 40
1.0
 40
1.0
 40
1.0
 40
1.0
 10
22.12892298361999
 20
119.3079809035
 30
0.0
 10
22.25852732182003
 20
119.24147339618
 30
0.0
 10
22.42735390314002
 20
119.20736698484
 30
0.0
 10
22.63881329988004
 20
119.20736698484
 30
0.0
  0
SPLINE
  5
25E
330
223
100
AcDbEntity
  8
03___PRT_ALL_CURVES
  6
Continuous
 62
     4
100
AcDbSpline
210
0.0
220
0.0
230
1.0
 70
     8
 71
     3
 72
     8
 73
     4
 74
     0
 42
0.0000001
 43
0.0000000001
 40
0.0
 40
0.0
 40
0.0
 40
0.0
 40
1.0
 40
1.0
 40
1.0
 40
1.0
 10
22.63881329988004
 20
119.20736698484
 30
0.0
 10
23.0139840075
 20
119.20736698484
 30
0.0
 10
23.27830915068003
 20
119.3113915393
 30
0.0
 10
23.43219308472004
 20
119.52255514542
 30
0.0
  0
SPLINE
  5
25F
330
223
100
AcDbEntity
  8
03___PRT_ALL_CURVES
  6
Continuous
 62
     4
100
AcDbSpline
210
0.0
220
0.0
230
1.0
 70
     8
 71
     3
 72
     8
 73
     4
 74
     0
 42
0.0000001
 43
0.0000000001
 40
0.0
 40
0.0
 40
0.0
 40
0.0
 40
1.0
 40
1.0
 40
1.0
 40
1.0
 10
23.43219308472004
 20
119.52255514542
 30
0.0
 10
23.58526591802001
 20
119.7326057337
 30
0.0
 10
23.66200570612
 20
120.06514321188
 30
0.0
 10
23.66200570612
 20
120.51875847432
 30
0.0
  0
SPLINE
  5
260
330
223
100
AcDbEntity
  8
03___PRT_ALL_CURVES
  6
Continuous
 62
     4
100
AcDbSpline
210
0.0
220
0.0
230
1.0
 70
     8
 71
     3
 72
     8
 73
     4
 74
     0
 42
0.0000001
 43
0.0000000001
 40
0.0
 40
0.0
 40
0.0
 40
0.0
 40
1.0
 40
1.0
 40
1.0
 40
1.0
 10
23.66200570612
 20
120.51875847432
 30
0.0
 10
23.66200570612
 20
120.71998628878
 30
0.0
 10
23.63813166192003
 20
120.91439294848
 30
0.0
 10
23.59207802022004
 20
121.10197592866
 30
0.0
  0
SPLINE
  5
261
330
223
100
AcDbEntity
  8
03___PRT_ALL_CURVES
  6
Continuous
 62
     4
100
AcDbSpline
210
0.0
220
0.0
230
1.0
 70
     8
 71
     3
 72
     8
 73
     4
 74
     0
 42
0.0000001
 43
0.0000000001
 40
0.0
 40
0.0
 40
0.0
 40
0.0
 40
1.0
 40
1.0
 40
1.0
 40
1.0
 10
23.59207802022004
 20
121.10197592866
 30
0.0
 10
23.56821302858
 20
121.19918140862
 30
0.0
 10
23.53581194530003
 20
121.28444749158
 30
0.0
 10
23.49658970472004
 20
121.35777625526
 30
0.0
  0
SPLINE
  5
262
330
223
100
AcDbEntity
  8
03___PRT_ALL_CURVES
  6
Continuous
 62
     4
100
AcDbSpline
210
0.0
220
0.0
230
1.0
 70
     8
 71
     3
 72
     8
 73
     4
 74
     0
 42
0.0000001
 43
0.0000000001
 40
0.0
 40
0.0
 40
0.0
 40
0.0
 40
1.0
 40
1.0
 40
1.0
 40
1.0
 10
23.49658970472004
 20
121.35777625526
 30
0.0
 10
23.45736746414002
 20
121.4311050164
 30
0.0
 10
23.40450172024003
 20
121.5010232027
 30
0.0
 10
23.33628900932004
 20
121.56753069986
 30
0.0
  0
SPLINE
  5
263
330
223
100
AcDbEntity
  8
03___PRT_ALL_CURVES
  6
Continuous
 62
     4
100
AcDbSpline
210
0.0
220
0.0
230
1.0
 70
     8
 71
     3
 72
     8
 73
     4
 74
     0
 42
0.0000001
 43
0.0000000001
 40
0.0
 40
0.0
 40
0.0
 40
0.0
 40
1.0
 40
1.0
 40
1.0
 40
1.0
 10
23.33628900932004
 20
121.56753069986
 30
0.0
 10
23.26807622474004
 20
121.63403826814
 30
0.0
 10
23.17940001144001
 20
121.68860840792
 30
0.0
 10
23.07185877618005
 20
121.72925387146
 30
0.0
  0
SPLINE
  5
264
330
223
100
AcDbEntity
  8
03___PRT_ALL_CURVES
  6
Continuous
 62
     4
100
AcDbSpline
210
0.0
220
0.0
230
1.0
 70
     8
 71
     3
 72
     8
 73
     4
 74
     0
 42
0.0000001
 43
0.0000000001
 40
0.0
 40
0.0
 40
0.0
 40
0.0
 40
1.0
 40
1.0
 40
1.0
 40
1.0
 10
23.07185877618005
 20
121.72925387146
 30
0.0
 10
22.96282415046002
 20
121.77046376364
 30
0.0
 10
22.82469277064001
 20
121.79263311478
 30
0.0
 10
22.65757207364001
 20
121.79263311478
 30
0.0
  0
SPLINE
  5
265
330
223
100
AcDbEntity
  8
03___PRT_ALL_CURVES
  6
Continuous
 62
     4
100
AcDbSpline
210
0.0
220
0.0
230
1.0
 70
     8
 71
     3
 72
     8
 73
     4
 74
     0
 42
0.0000001
 43
0.0000000001
 40
0.0
 40
0.0
 40
0.0
 40
0.0
 40
1.0
 40
1.0
 40
1.0
 40
1.0
 10
22.65757207364001
 20
121.79263311478
 30
0.0
 10
22.30627541022002
 20
121.79263311478
 30
0.0
 10
22.04536203822005
 20
121.69713499996
 30
0.0
 10
21.87525384402002
 20
121.5074648459
 30
0.0
  0
SPLINE
  5
266
330
223
100
AcDbEntity
  8
03___PRT_ALL_CURVES
  6
Continuous
 62
     4
100
AcDbSpline
210
0.0
220
0.0
230
1.0
 70
     8
 71
     3
 72
     8
 73
     4
 74
     0
 42
0.0000001
 43
0.0000000001
 40
0.0
 40
0.0
 40
0.0
 40
0.0
 40
1.0
 40
1.0
 40
1.0
 40
1.0
 10
21.87525384402002
 20
121.5074648459
 30
0.0
 10
21.70429710948002
 20
121.31684857486
 30
0.0
 10
21.61903147356
 20
120.98431098492
 30
0.0
 10
21.61903147356
 20
120.51023188228
 30
0.0
  0
SPLINE
  5
267
330
223
100
AcDbEntity
  8
03___PRT_ALL_CURVES
  6
Continuous
 62
     4
100
AcDbSpline
210
0.0
220
0.0
230
1.0
 70
     8
 71
     3
 72
     8
 73
     4
 74
     0
 42
0.0000001
 43
0.0000000001
 40
0.0
 40
0.0
 40
0.0
 40
0.0
 40
1.0
 40
1.0
 40
1.0
 40
1.0
 10
22.30798129708
 20
120.50852659232
 30
0.0
 10
22.30798129708
 20
120.8223055609
 30
0.0
 10
22.33356122560002
 20
121.03888127202
 30
0.0
 10
22.38472061274004
 20
121.15484335912
 30
0.0
  0
SPLINE
  5
268
330
223
100
AcDbEntity
  8
03___PRT_ALL_CURVES
  6
Continuous
 62
     4
100
AcDbSpline
210
0.0
220
0.0
230
1.0
 70
     8
 71
     3
 72
     8
 73
     4
 74
     0
 42
0.0000001
 43
0.0000000001
 40
0.0
 40
0.0
 40
0.0
 40
0.0
 40
1.0
 40
1.0
 40
1.0
 40
1.0
 10
22.38472061274004
 20
121.15484335912
 30
0.0
 10
22.43587975096003
 20
121.27080488234
 30
0.0
 10
22.51773600076004
 20
121.3304911841
 30
0.0
 10
22.63369683818001
 20
121.3304911841
 30
0.0
  0
SPLINE
  5
269
330
223
100
AcDbEntity
  8
03___PRT_ALL_CURVES
  6
Continuous
 62
     4
100
AcDbSpline
210
0.0
220
0.0
230
1.0
 70
     8
 71
     3
 72
     8
 73
     4
 74
     0
 42
0.0000001
 43
0.0000000001
 40
0.0
 40
0.0
 40
0.0
 40
0.0
 40
1.0
 40
1.0
 40
1.0
 40
1.0
 10
22.63369683818001
 20
121.3304911841
 30
0.0
 10
22.74624828948001
 20
121.3304911841
 30
0.0
 10
22.82980923234004
 20
121.27251016976
 30
0.0
 10
22.88608484242002
 20
121.15825396444
 30
0.0
  0
SPLINE
  5
26A
330
223
100
AcDbEntity
  8
03___PRT_ALL_CURVES
  6
Continuous
 62
     4
100
AcDbSpline
210
0.0
220
0.0
230
1.0
 70
     8
 71
     3
 72
     8
 73
     4
 74
     0
 42
0.0000001
 43
0.0000000001
 40
0.0
 40
0.0
 40
0.0
 40
0.0
 40
1.0
 40
1.0
 40
1.0
 40
1.0
 10
22.88608484242002
 20
121.15825396444
 30
0.0
 10
22.94236068364003
 20
121.04399728668
 30
0.0
 10
22.97135118954003
 20
120.82060027094
 30
0.0
 10
22.97135118954003
 20
120.48976804208
 30
0.0
  0
SPLINE
  5
26B
330
223
100
AcDbEntity
  8
03___PRT_ALL_CURVES
  6
Continuous
 62
     4
100
AcDbSpline
210
0.0
220
0.0
230
1.0
 70
     8
 71
     3
 72
     8
 73
     4
 74
     0
 42
0.0000001
 43
0.0000000001
 40
0.0
 40
0.0
 40
0.0
 40
0.0
 40
1.0
 40
1.0
 40
1.0
 40
1.0
 10
22.97135118954003
 20
120.48976804208
 30
0.0
 10
22.97135118954003
 20
120.2629604489599
 30
0.0
 10
22.95770888002002
 20
120.09583900774
 30
0.0
 10
22.93401612070002
 20
119.99006844712
 30
0.0
  0
SPLINE
  5
26C
330
223
100
AcDbEntity
  8
03___PRT_ALL_CURVES
  6
Continuous
 62
     4
100
AcDbSpline
210
0.0
220
0.0
230
1.0
 70
     8
 71
     3
 72
     8
 73
     4
 74
     0
 42
0.0000001
 43
0.0000000001
 40
0.0
 40
0.0
 40
0.0
 40
0.0
 40
1.0
 40
1.0
 40
1.0
 40
1.0
 10
22.93401612070002
 20
119.99006844712
 30
0.0
 10
22.90995959782003
 20
119.88267394766
 30
0.0
 10
22.87073735724002
 20
119.80422920742
 30
0.0
 10
22.81957750020004
 20
119.75477489688
 30
0.0
  0
SPLINE
  5
26D
330
223
100
AcDbEntity
  8
03___PRT_ALL_CURVES
  6
Continuous
 62
     4
100
AcDbSpline
210
0.0
220
0.0
230
1.0
 70
     8
 71
     3
 72
     8
 73
     4
 74
     0
 42
0.0000001
 43
0.0000000001
 40
0.0
 40
0.0
 40
0.0
 40
0.0
 40
1.0
 40
1.0
 40
1.0
 40
1.0
 10
22.81957750020004
 20
119.75477489688
 30
0.0
 10
22.76841764061999
 20
119.70532058888
 30
0.0
 10
22.70702604890002
 20
119.68144609764
 30
0.0
 10
22.63710860682002
 20
119.68144609764
 30
0.0
  0
SPLINE
  5
26E
330
223
100
AcDbEntity
  8
03___PRT_ALL_CURVES
  6
Continuous
 62
     4
100
AcDbSpline
210
0.0
220
0.0
230
1.0
 70
     8
 71
     3
 72
     8
 73
     4
 74
     0
 42
0.0000001
 43
0.0000000001
 40
0.0
 40
0.0
 40
0.0
 40
0.0
 40
1.0
 40
1.0
 40
1.0
 40
1.0
 10
22.63710860682002
 20
119.68144609764
 30
0.0
 10
22.52967242850002
 20
119.68144609764
 30
0.0
 10
22.44781736996003
 20
119.73942700022
 30
0.0
 10
22.39154175734004
 20
119.8553885717
 30
0.0
  0
SPLINE
  5
26F
330
223
100
AcDbEntity
  8
03___PRT_ALL_CURVES
  6
Continuous
 62
     4
100
AcDbSpline
210
0.0
220
0.0
230
1.0
 70
     8
 71
     3
 72
     8
 73
     4
 74
     0
 42
0.0000001
 43
0.0000000001
 40
0.0
 40
0.0
 40
0.0
 40
0.0
 40
1.0
 40
1.0
 40
1.0
 40
1.0
 10
22.39154175734004
 20
119.8553885717
 30
0.0
 10
22.33526591866001
 20
119.97135061054
 30
0.0
 10
22.30798129708
 20
120.18963168528
 30
0.0
 10
22.30798129708
 20
120.50852659232
 30
0.0
  0
LINE
  5
270
330
223
100
AcDbEntity
  8
03___PRT_ALL_CURVES
  6
Continuous
 62
     4
100
AcDbLine
 10
26.01978170684001
 20
58.98117326424
 30
0.0
 11
26.07284719380004
 21
59.02957426725999
 31
0.0
  0
LINE
  5
271
330
223
100
AcDbEntity
  8
03___PRT_ALL_CURVES
  6
Continuous
 62
     4
100
AcDbLine
 10
26.07284719380004
 20
59.02957426725999
 30
0.0
 11
26.16265311020004
 21
59.09482579791998
 31
0.0
  0
SPLINE
  5
272
330
223
100
AcDbEntity
  8
03___PRT_ALL_CURVES
  6
Continuous
 62
     4
100
AcDbSpline
210
0.0
220
0.0
230
1.0
 70
     8
 71
     3
 72
     8
 73
     4
 74
     0
 42
0.0000001
 43
0.0000000001
 40
0.0
 40
0.0
 40
0.0
 40
0.0
 40
1.0
 40
1.0
 40
1.0
 40
1.0
 10
26.16265311020004
 20
59.09482579791998
 30
0.0
 10
26.23806273840003
 20
59.14761254781996
 30
0.0
 10
26.28990452194003
 20
59.19618008085996
 30
0.0
 10
26.31840466814
 20
59.24084858181999
 30
0.0
  0
SPLINE
  5
273
330
223
100
AcDbEntity
  8
03___PRT_ALL_CURVES
  6
Continuous
 62
     4
100
AcDbSpline
210
0.0
220
0.0
230
1.0
 70
     8
 71
     3
 72
     8
 73
     4
 74
     0
 42
0.0000001
 43
0.0000000001
 40
0.0
 40
0.0
 40
0.0
 40
0.0
 40
1.0
 40
1.0
 40
1.0
 40
1.0
 10
26.31840466814
 20
59.24084858181999
 30
0.0
 10
26.34665758598004
 20
59.28512959561999
 30
0.0
 10
26.36139151892002
 20
59.33151431108001
 30
0.0
 10
26.36139151892002
 20
59.38062753771999
 30
0.0
  0
SPLINE
  5
274
330
223
100
AcDbEntity
  8
03___PRT_ALL_CURVES
  6
Continuous
 62
     4
100
AcDbSpline
210
0.0
220
0.0
230
1.0
 70
     8
 71
     3
 72
     8
 73
     4
 74
     0
 42
0.0000001
 43
0.0000000001
 40
0.0
 40
0.0
 40
0.0
 40
0.0
 40
1.0
 40
1.0
 40
1.0
 40
1.0
 10
26.36139151892002
 20
59.38062753771999
 30
0.0
 10
26.36139151892002
 20
59.42646655957998
 30
0.0
 10
26.34884040356002
 20
59.46739425522
 30
0.0
 10
26.32373806108001
 20
59.50450204993996
 30
0.0
  0
SPLINE
  5
275
330
223
100
AcDbEntity
  8
03___PRT_ALL_CURVES
  6
Continuous
 62
     4
100
AcDbSpline
210
0.0
220
0.0
230
1.0
 70
     8
 71
     3
 72
     8
 73
     4
 74
     0
 42
0.0000001
 43
0.0000000001
 40
0.0
 40
0.0
 40
0.0
 40
0.0
 40
1.0
 40
1.0
 40
1.0
 40
1.0
 10
26.32373806108001
 20
59.50450204993996
 30
0.0
 10
26.29863574400002
 20
59.54160981164
 30
0.0
 10
26.26480219216
 20
59.568894959
 30
0.0
 10
26.22105147448002
 20
59.58666869281998
 30
0.0
  0
SPLINE
  5
276
330
223
100
AcDbEntity
  8
03___PRT_ALL_CURVES
  6
Continuous
 62
     4
100
AcDbSpline
210
0.0
220
0.0
230
1.0
 70
     8
 71
     3
 72
     8
 73
     4
 74
     0
 42
0.0000001
 43
0.0000000001
 40
0.0
 40
0.0
 40
0.0
 40
0.0
 40
1.0
 40
1.0
 40
1.0
 40
1.0
 10
26.22105147448002
 20
59.58666869281998
 30
0.0
 10
26.17748978105999
 20
59.60436563482
 30
0.0
 10
26.11691677546003
 20
59.61364259620001
 30
0.0
 10
26.03888130034002
 20
59.61364259620001
 30
0.0
  0
SPLINE
  5
277
330
223
100
AcDbEntity
  8
03___PRT_ALL_CURVES
  6
Continuous
 62
     4
100
AcDbSpline
210
0.0
220
0.0
230
1.0
 70
     8
 71
     3
 72
     8
 73
     4
 74
     0
 42
0.0000001
 43
0.0000000001
 40
0.0
 40
0.0
 40
0.0
 40
0.0
 40
1.0
 40
1.0
 40
1.0
 40
1.0
 10
26.03888130034002
 20
59.61364259620001
 30
0.0
 10
25.96357436180003
 20
59.61364259620001
 30
0.0
 10
25.90518417378004
 20
59.60381994121997
 30
0.0
 10
25.86261936432004
 20
59.58526603877999
 30
0.0
  0
SPLINE
  5
278
330
223
100
AcDbEntity
  8
03___PRT_ALL_CURVES
  6
Continuous
 62
     4
100
AcDbSpline
210
0.0
220
0.0
230
1.0
 70
     8
 71
     3
 72
     8
 73
     4
 74
     0
 42
0.0000001
 43
0.0000000001
 40
0.0
 40
0.0
 40
0.0
 40
0.0
 40
1.0
 40
1.0
 40
1.0
 40
1.0
 10
25.86261936432004
 20
59.58526603877999
 30
0.0
 10
25.82005456502003
 20
59.56671214141997
 30
0.0
 10
25.78731241054001
 20
59.53942699405999
 30
0.0
 10
25.76420390456002
 20
59.50462830318
 30
0.0
  0
SPLINE
  5
279
330
223
100
AcDbEntity
  8
03___PRT_ALL_CURVES
  6
Continuous
 62
     4
100
AcDbSpline
210
0.0
220
0.0
230
1.0
 70
     8
 71
     3
 72
     8
 73
     4
 74
     0
 42
0.0000001
 43
0.0000000001
 40
0.0
 40
0.0
 40
0.0
 40
0.0
 40
1.0
 40
1.0
 40
1.0
 40
1.0
 10
25.76420390456002
 20
59.50462830318
 30
0.0
 10
25.74092769508002
 20
59.46957707279998
 30
0.0
 10
25.72510231652001
 20
59.4204638487
 30
0.0
 10
25.71637107668005
 20
59.35825376483999
 30
0.0
  0
SPLINE
  5
27A
330
223
100
AcDbEntity
  8
03___PRT_ALL_CURVES
  6
Continuous
 62
     4
100
AcDbSpline
210
0.0
220
0.0
230
1.0
 70
     8
 71
     3
 72
     8
 73
     4
 74
     0
 42
0.0000001
 43
0.0000000001
 40
0.0
 40
0.0
 40
0.0
 40
0.0
 40
1.0
 40
1.0
 40
1.0
 40
1.0
 10
25.93901772308001
 20
59.34024558139998
 30
0.0
 10
25.94502045936002
 20
59.38499317033998
 30
0.0
 10
25.95702590906001
 20
59.41664390459999
 30
0.0
 10
25.97517000536004
 20
59.434513084
 30
0.0
  0
SPLINE
  5
27B
330
223
100
AcDbEntity
  8
03___PRT_ALL_CURVES
  6
Continuous
 62
     4
100
AcDbSpline
210
0.0
220
0.0
230
1.0
 70
     8
 71
     3
 72
     8
 73
     4
 74
     0
 42
0.0000001
 43
0.0000000001
 40
0.0
 40
0.0
 40
0.0
 40
0.0
 40
1.0
 40
1.0
 40
1.0
 40
1.0
 10
25.97517000536004
 20
59.434513084
 30
0.0
 10
25.99304230134001
 20
59.45211458295998
 30
0.0
 10
26.01650750460001
 20
59.46139154433996
 30
0.0
 10
26.04488403662
 20
59.46139154433996
 30
0.0
  0
SPLINE
  5
27C
330
223
100
AcDbEntity
  8
03___PRT_ALL_CURVES
  6
Continuous
 62
     4
100
AcDbSpline
210
0.0
220
0.0
230
1.0
 70
     8
 71
     3
 72
     8
 73
     4
 74
     0
 42
0.0000001
 43
0.0000000001
 40
0.0
 40
0.0
 40
0.0
 40
0.0
 40
1.0
 40
1.0
 40
1.0
 40
1.0
 10
26.04488403662
 20
59.46139154433996
 30
0.0
 10
26.07216918398001
 20
59.46139154433996
 30
0.0
 10
26.09454295432002
 20
59.45266032227997
 30
0.0
 10
26.11255114030004
 20
59.43519782989998
 30
0.0
  0
SPLINE
  5
27D
330
223
100
AcDbEntity
  8
03___PRT_ALL_CURVES
  6
Continuous
 62
     4
100
AcDbSpline
210
0.0
220
0.0
230
1.0
 70
     8
 71
     3
 72
     8
 73
     4
 74
     0
 42
0.0000001
 43
0.0000000001
 40
0.0
 40
0.0
 40
0.0
 40
0.0
 40
1.0
 40
1.0
 40
1.0
 40
1.0
 10
26.11255114030004
 20
59.43519782989998
 30
0.0
 10
26.13055932374004
 20
59.41773533751999
 30
0.0
 10
26.13983628766002
 20
59.39699864289997
 30
0.0
 10
26.13983628766002
 20
59.37298770031998
 30
0.0
  0
SPLINE
  5
27E
330
223
100
AcDbEntity
  8
03___PRT_ALL_CURVES
  6
Continuous
 62
     4
100
AcDbSpline
210
0.0
220
0.0
230
1.0
 70
     8
 71
     3
 72
     8
 73
     4
 74
     0
 42
0.0000001
 43
0.0000000001
 40
0.0
 40
0.0
 40
0.0
 40
0.0
 40
1.0
 40
1.0
 40
1.0
 40
1.0
 10
26.13983628766002
 20
59.37298770031998
 30
0.0
 10
26.13983628766002
 20
59.35006823637997
 30
0.0
 10
26.13055932374004
 20
59.32660298232
 30
0.0
 10
26.11237332252003
 20
59.30163116282
 30
0.0
  0
SPLINE
  5
27F
330
223
100
AcDbEntity
  8
03___PRT_ALL_CURVES
  6
Continuous
 62
     4
100
AcDbSpline
210
0.0
220
0.0
230
1.0
 70
     8
 71
     3
 72
     8
 73
     4
 74
     0
 42
0.0000001
 43
0.0000000001
 40
0.0
 40
0.0
 40
0.0
 40
0.0
 40
1.0
 40
1.0
 40
1.0
 40
1.0
 10
26.11237332252003
 20
59.30163116282
 30
0.0
 10
26.09399726326004
 20
59.27639837356
 30
0.0
 10
26.05252387402001
 20
59.23929057121998
 30
0.0
 10
25.98759106256003
 20
59.19126090604001
 30
0.0
  0
SPLINE
  5
280
330
223
100
AcDbEntity
  8
03___PRT_ALL_CURVES
  6
Continuous
 62
     4
100
AcDbSpline
210
0.0
220
0.0
230
1.0
 70
     8
 71
     3
 72
     8
 73
     4
 74
     0
 42
0.0000001
 43
0.0000000001
 40
0.0
 40
0.0
 40
0.0
 40
0.0
 40
1.0
 40
1.0
 40
1.0
 40
1.0
 10
25.98759106256003
 20
59.19126090604001
 30
0.0
 10
25.88062756046003
 20
59.112141872
 30
0.0
 10
25.80804911786001
 20
59.04338336079999
 30
0.0
 10
25.76930422710001
 20
58.98553887654001
 30
0.0
  0
SPLINE
  5
281
330
223
100
AcDbEntity
  8
03___PRT_ALL_CURVES
  6
Continuous
 62
     4
100
AcDbSpline
210
0.0
220
0.0
230
1.0
 70
     8
 71
     3
 72
     8
 73
     4
 74
     0
 42
0.0000001
 43
0.0000000001
 40
0.0
 40
0.0
 40
0.0
 40
0.0
 40
1.0
 40
1.0
 40
1.0
 40
1.0
 10
25.76930422710001
 20
58.98553887654001
 30
0.0
 10
25.73055934142002
 20
58.92769440497997
 30
0.0
 10
25.70763983684003
 20
58.86548430841998
 30
0.0
 10
25.69999999944002
 20
58.79999999945997
 30
0.0
  0
SPLINE
  5
282
330
223
100
AcDbEntity
  8
03___PRT_ALL_CURVES
  6
Continuous
 62
     4
100
AcDbSpline
210
0.0
220
0.0
230
1.0
 70
     8
 71
     3
 72
     8
 73
     4
 74
     0
 42
0.0000001
 43
0.0000000001
 40
0.0
 40
0.0
 40
0.0
 40
0.0
 40
1.0
 40
1.0
 40
1.0
 40
1.0
 10
30.09781706358001
 20
58.79999999945997
 30
0.0
 10
30.14147321960002
 20
58.79999999945997
 30
0.0
 10
30.190586685
 20
58.80709413310001
 30
0.0
 10
30.24519168374002
 20
58.82169783007998
 30
0.0
  0
SPLINE
  5
283
330
223
100
AcDbEntity
  8
03___PRT_ALL_CURVES
  6
Continuous
 62
     4
100
AcDbSpline
210
0.0
220
0.0
230
1.0
 70
     8
 71
     3
 72
     8
 73
     4
 74
     0
 42
0.0000001
 43
0.0000000001
 40
0.0
 40
0.0
 40
0.0
 40
0.0
 40
1.0
 40
1.0
 40
1.0
 40
1.0
 10
30.24519168374002
 20
58.82169783007998
 30
0.0
 10
30.28444731008003
 20
58.83219645271998
 30
0.0
 10
30.32155516068002
 20
58.85347885364001
 30
0.0
 10
30.35635583276004
 20
58.88526527215998
 30
0.0
  0
SPLINE
  5
284
330
223
100
AcDbEntity
  8
03___PRT_ALL_CURVES
  6
Continuous
 62
     4
100
AcDbSpline
210
0.0
220
0.0
230
1.0
 70
     8
 71
     3
 72
     8
 73
     4
 74
     0
 42
0.0000001
 43
0.0000000001
 40
0.0
 40
0.0
 40
0.0
 40
0.0
 40
1.0
 40
1.0
 40
1.0
 40
1.0
 10
30.35635583276004
 20
58.88526527215998
 30
0.0
 10
30.39085943660001
 20
58.91678035263999
 30
0.0
 10
30.41759893862002
 20
58.95661664075999
 30
0.0
 10
30.43724425112001
 20
59.00354707013997
 30
0.0
  0
SPLINE
  5
285
330
223
100
AcDbEntity
  8
03___PRT_ALL_CURVES
  6
Continuous
 62
     4
100
AcDbSpline
210
0.0
220
0.0
230
1.0
 70
     8
 71
     3
 72
     8
 73
     4
 74
     0
 42
0.0000001
 43
0.0000000001
 40
0.0
 40
0.0
 40
0.0
 40
0.0
 40
1.0
 40
1.0
 40
1.0
 40
1.0
 10
30.43724425112001
 20
59.00354707013997
 30
0.0
 10
30.45688955599999
 20
59.05047748173999
 30
0.0
 10
30.46671202048
 20
59.11705319821999
 30
0.0
 10
30.46671202048
 20
59.20272851074
 30
0.0
  0
SPLINE
  5
286
330
223
100
AcDbEntity
  8
03___PRT_ALL_CURVES
  6
Continuous
 62
     4
100
AcDbSpline
210
0.0
220
0.0
230
1.0
 70
     8
 71
     3
 72
     8
 73
     4
 74
     0
 42
0.0000001
 43
0.0000000001
 40
0.0
 40
0.0
 40
0.0
 40
0.0
 40
1.0
 40
1.0
 40
1.0
 40
1.0
 10
30.46671202048
 20
59.20272851074
 30
0.0
 10
30.46671202048
 20
59.25729875465998
 30
0.0
 10
30.46016371252003
 20
59.30859479887999
 30
0.0
 10
30.44699863344002
 20
59.35768976545998
 30
0.0
  0
SPLINE
  5
287
330
223
100
AcDbEntity
  8
03___PRT_ALL_CURVES
  6
Continuous
 62
     4
100
AcDbSpline
210
0.0
220
0.0
230
1.0
 70
     8
 71
     3
 72
     8
 73
     4
 74
     0
 42
0.0000001
 43
0.0000000001
 40
0.0
 40
0.0
 40
0.0
 40
0.0
 40
1.0
 40
1.0
 40
1.0
 40
1.0
 10
30.44699863344002
 20
59.35768976545998
 30
0.0
 10
30.43397009206001
 20
59.40627555856
 30
0.0
 10
30.41268751588004
 20
59.44884038072001
 30
0.0
 10
30.38346586744001
 20
59.48570890235999
 30
0.0
  0
SPLINE
  5
288
330
223
100
AcDbEntity
  8
03___PRT_ALL_CURVES
  6
Continuous
 62
     4
100
AcDbSpline
210
0.0
220
0.0
230
1.0
 70
     8
 71
     3
 72
     8
 73
     4
 74
     0
 42
0.0000001
 43
0.0000000001
 40
0.0
 40
0.0
 40
0.0
 40
0.0
 40
1.0
 40
1.0
 40
1.0
 40
1.0
 10
30.38346586744001
 20
59.48570890235999
 30
0.0
 10
30.35429747009999
 20
59.52251024100002
 30
0.0
 10
30.31773550360001
 20
59.55088677301998
 30
0.0
 10
30.27298760224002
 20
59.57053213377998
 30
0.0
  0
SPLINE
  5
289
330
223
100
AcDbEntity
  8
03___PRT_ALL_CURVES
  6
Continuous
 62
     4
100
AcDbSpline
210
0.0
220
0.0
230
1.0
 70
     8
 71
     3
 72
     8
 73
     4
 74
     0
 42
0.0000001
 43
0.0000000001
 40
0.0
 40
0.0
 40
0.0
 40
0.0
 40
1.0
 40
1.0
 40
1.0
 40
1.0
 10
30.27298760224002
 20
59.57053213377998
 30
0.0
 10
30.22824003616
 20
59.59017734467997
 30
0.0
 10
30.16984999038002
 20
59.59999999966001
 30
0.0
 10
30.09781706358001
 20
59.59999999966001
 30
0.0
  0
SPLINE
  5
28A
330
223
100
AcDbEntity
  8
03___PRT_ALL_CURVES
  6
Continuous
 62
     4
100
AcDbSpline
210
0.0
220
0.0
230
1.0
 70
     8
 71
     3
 72
     8
 73
     4
 74
     0
 42
0.0000001
 43
0.0000000001
 40
0.0
 40
0.0
 40
0.0
 40
0.0
 40
1.0
 40
1.0
 40
1.0
 40
1.0
 10
30.03942701780002
 20
59.41882672218
 30
0.0
 10
30.10327436788
 20
59.41882672218
 30
0.0
 10
30.14911329576003
 20
59.40300135631998
 30
0.0
 10
30.17665364200002
 20
59.37164350691998
 30
0.0
  0
SPLINE
  5
28B
330
223
100
AcDbEntity
  8
03___PRT_ALL_CURVES
  6
Continuous
 62
     4
100
AcDbSpline
210
0.0
220
0.0
230
1.0
 70
     8
 71
     3
 72
     8
 73
     4
 74
     0
 42
0.0000001
 43
0.0000000001
 40
0.0
 40
0.0
 40
0.0
 40
0.0
 40
1.0
 40
1.0
 40
1.0
 40
1.0
 10
30.17665364200002
 20
59.37164350691998
 30
0.0
 10
30.20422918756003
 20
59.34024558139998
 30
0.0
 10
30.21841757168002
 20
59.28240108443998
 30
0.0
 10
30.21841757168002
 20
59.19781718197999
 30
0.0
  0
SPLINE
  5
28C
330
223
100
AcDbEntity
  8
03___PRT_ALL_CURVES
  6
Continuous
 62
     4
100
AcDbSpline
210
0.0
220
0.0
230
1.0
 70
     8
 71
     3
 72
     8
 73
     4
 74
     0
 42
0.0000001
 43
0.0000000001
 40
0.0
 40
0.0
 40
0.0
 40
0.0
 40
1.0
 40
1.0
 40
1.0
 40
1.0
 10
30.21841757168002
 20
59.19781718197999
 30
0.0
 10
30.21841757168002
 20
59.13342428307999
 30
0.0
 10
30.21186888018002
 20
59.08703956508
 30
0.0
 10
30.19963414976002
 20
59.05876343672
 30
0.0
  0
SPLINE
  5
28D
330
223
100
AcDbEntity
  8
03___PRT_ALL_CURVES
  6
Continuous
 62
     4
100
AcDbSpline
210
0.0
220
0.0
230
1.0
 70
     8
 71
     3
 72
     8
 73
     4
 74
     0
 42
0.0000001
 43
0.0000000001
 40
0.0
 40
0.0
 40
0.0
 40
0.0
 40
1.0
 40
1.0
 40
1.0
 40
1.0
 10
30.19963414976002
 20
59.05876343672
 30
0.0
 10
30.18731253102001
 20
59.03028650358002
 30
0.0
 10
30.17039549348002
 20
59.01009550002001
 30
0.0
 10
30.14856741420004
 20
58.99863574391998
 30
0.0
  0
SPLINE
  5
28E
330
223
100
AcDbEntity
  8
03___PRT_ALL_CURVES
  6
Continuous
 62
     4
100
AcDbSpline
210
0.0
220
0.0
230
1.0
 70
     8
 71
     3
 72
     8
 73
     4
 74
     0
 42
0.0000001
 43
0.0000000001
 40
0.0
 40
0.0
 40
0.0
 40
0.0
 40
1.0
 40
1.0
 40
1.0
 40
1.0
 10
30.14856741420004
 20
58.99863574391998
 30
0.0
 10
30.12673933492002
 20
58.98717598782
 30
0.0
 10
30.08963148432002
 20
58.98171895783997
 30
0.0
 10
30.03833563314001
 20
58.98171895783997
 30
0.0
  0
SPLINE
  5
28F
330
223
100
AcDbEntity
  8
03___PRT_ALL_CURVES
  6
Continuous
 62
     4
100
AcDbSpline
210
0.0
220
0.0
230
1.0
 70
     8
 71
     3
 72
     8
 73
     4
 74
     0
 42
0.0000001
 43
0.0000000001
 40
0.0
 40
0.0
 40
0.0
 40
0.0
 40
1.0
 40
1.0
 40
1.0
 40
1.0
 10
31.12919523704002
 20
59.12742154679998
 30
0.0
 10
31.11828100690002
 20
59.07667121904001
 30
0.0
 10
31.10027296315999
 20
59.03792634097999
 30
0.0
 10
31.07639810108
 20
59.01160986325999
 30
0.0
  0
SPLINE
  5
290
330
223
100
AcDbEntity
  8
03___PRT_ALL_CURVES
  6
Continuous
 62
     4
100
AcDbSpline
210
0.0
220
0.0
230
1.0
 70
     8
 71
     3
 72
     8
 73
     4
 74
     0
 42
0.0000001
 43
0.0000000001
 40
0.0
 40
0.0
 40
0.0
 40
0.0
 40
1.0
 40
1.0
 40
1.0
 40
1.0
 10
31.07639810108
 20
59.01160986325999
 30
0.0
 10
31.05225088496002
 20
58.98499318293997
 30
0.0
 10
31.01623480256001
 20
58.97189631556
 30
0.0
 10
30.96930410648002
 20
58.97189631556
 30
0.0
  0
SPLINE
  5
291
330
223
100
AcDbEntity
  8
03___PRT_ALL_CURVES
  6
Continuous
 62
     4
100
AcDbSpline
210
0.0
220
0.0
230
1.0
 70
     8
 71
     3
 72
     8
 73
     4
 74
     0
 42
0.0000001
 43
0.0000000001
 40
0.0
 40
0.0
 40
0.0
 40
0.0
 40
1.0
 40
1.0
 40
1.0
 40
1.0
 10
30.96930410648002
 20
58.97189631556
 30
0.0
 10
30.92019102462001
 20
58.97189631556
 30
0.0
 10
30.88253767346004
 20
58.98826739787998
 30
0.0
 10
30.85563610420004
 20
59.02087516095997
 30
0.0
  0
SPLINE
  5
292
330
223
100
AcDbEntity
  8
03___PRT_ALL_CURVES
  6
Continuous
 62
     4
100
AcDbSpline
210
0.0
220
0.0
230
1.0
 70
     8
 71
     3
 72
     8
 73
     4
 74
     0
 42
0.0000001
 43
0.0000000001
 40
0.0
 40
0.0
 40
0.0
 40
0.0
 40
1.0
 40
1.0
 40
1.0
 40
1.0
 10
30.85563610420004
 20
59.02087516095997
 30
0.0
 10
30.82851278786001
 20
59.05375170683999
 30
0.0
 10
30.81541616940004
 20
59.11487040604001
 30
0.0
 10
30.81541616940004
 20
59.20327420179999
 30
0.0
  0
SPLINE
  5
293
330
223
100
AcDbEntity
  8
03___PRT_ALL_CURVES
  6
Continuous
 62
     4
100
AcDbSpline
210
0.0
220
0.0
230
1.0
 70
     8
 71
     3
 72
     8
 73
     4
 74
     0
 42
0.0000001
 43
0.0000000001
 40
0.0
 40
0.0
 40
0.0
 40
0.0
 40
1.0
 40
1.0
 40
1.0
 40
1.0
 10
30.81541616940004
 20
59.20327420179999
 30
0.0
 10
30.81541616940004
 20
59.27476124704
 30
0.0
 10
30.82633001600001
 20
59.32714872418001
 30
0.0
 10
30.84899722746002
 20
59.36114941564
 30
0.0
  0
SPLINE
  5
294
330
223
100
AcDbEntity
  8
03___PRT_ALL_CURVES
  6
Continuous
 62
     4
100
AcDbSpline
210
0.0
220
0.0
230
1.0
 70
     8
 71
     3
 72
     8
 73
     4
 74
     0
 42
0.0000001
 43
0.0000000001
 40
0.0
 40
0.0
 40
0.0
 40
0.0
 40
1.0
 40
1.0
 40
1.0
 40
1.0
 10
30.84899722746002
 20
59.36114941564
 30
0.0
 10
30.87871763538001
 20
59.40572986495999
 30
0.0
 10
30.92182829338003
 20
59.42864937715999
 30
0.0
 10
30.97803556730003
 20
59.42864937715999
 30
0.0
  0
SPLINE
  5
295
330
223
100
AcDbEntity
  8
03___PRT_ALL_CURVES
  6
Continuous
 62
     4
100
AcDbSpline
210
0.0
220
0.0
230
1.0
 70
     8
 71
     3
 72
     8
 73
     4
 74
     0
 42
0.0000001
 43
0.0000000001
 40
0.0
 40
0.0
 40
0.0
 40
0.0
 40
1.0
 40
1.0
 40
1.0
 40
1.0
 10
30.97803556730003
 20
59.42864937715999
 30
0.0
 10
31.00259191900003
 20
59.42864937715999
 30
0.0
 10
31.02496588238
 20
59.42319235733999
 30
0.0
 10
31.04498851950001
 20
59.41304385083998
 30
0.0
  0
SPLINE
  5
296
330
223
100
AcDbEntity
  8
03___PRT_ALL_CURVES
  6
Continuous
 62
     4
100
AcDbSpline
210
0.0
220
0.0
230
1.0
 70
     8
 71
     3
 72
     8
 73
     4
 74
     0
 42
0.0000001
 43
0.0000000001
 40
0.0
 40
0.0
 40
0.0
 40
0.0
 40
1.0
 40
1.0
 40
1.0
 40
1.0
 10
31.04498851950001
 20
59.41304385083998
 30
0.0
 10
31.06480200286003
 20
59.40300135631998
 30
0.0
 10
31.08171904040003
 20
59.38826737258
 30
0.0
 10
31.09567578922002
 20
59.36954473793998
 30
0.0
  0
LINE
  5
297
330
223
100
AcDbEntity
  8
03___PRT_ALL_CURVES
  6
Continuous
 62
     4
100
AcDbLine
 10
31.09567578922002
 20
59.36954473793998
 30
0.0
 11
31.11991827311999
 21
59.31623463628
 31
0.0
  0
SPLINE
  5
298
330
223
100
AcDbEntity
  8
03___PRT_ALL_CURVES
  6
Continuous
 62
     4
100
AcDbSpline
210
0.0
220
0.0
230
1.0
 70
     8
 71
     3
 72
     8
 73
     4
 74
     0
 42
0.0000001
 43
0.0000000001
 40
0.0
 40
0.0
 40
0.0
 40
0.0
 40
1.0
 40
1.0
 40
1.0
 40
1.0
 10
31.33819906592001
 20
59.36480216931997
 30
0.0
 10
31.30982267868004
 20
59.44884038072001
 30
0.0
 10
31.26725790478002
 20
59.51159620135999
 30
0.0
 10
31.20928530292002
 20
59.55234103223998
 30
0.0
  0
SPLINE
  5
299
330
223
100
AcDbEntity
  8
03___PRT_ALL_CURVES
  6
Continuous
 62
     4
100
AcDbSpline
210
0.0
220
0.0
230
1.0
 70
     8
 71
     3
 72
     8
 73
     4
 74
     0
 42
0.0000001
 43
0.0000000001
 40
0.0
 40
0.0
 40
0.0
 40
0.0
 40
1.0
 40
1.0
 40
1.0
 40
1.0
 10
31.20928530292002
 20
59.55234103223998
 30
0.0
 10
31.15156881688003
 20
59.59290585585998
 30
0.0
 10
31.07244207648003
 20
59.61364259620001
 30
0.0
 10
30.97203275990003
 20
59.61364259620001
 30
0.0
  0
SPLINE
  5
29A
330
223
100
AcDbEntity
  8
03___PRT_ALL_CURVES
  6
Continuous
 62
     4
100
AcDbSpline
210
0.0
220
0.0
230
1.0
 70
     8
 71
     3
 72
     8
 73
     4
 74
     0
 42
0.0000001
 43
0.0000000001
 40
0.0
 40
0.0
 40
0.0
 40
0.0
 40
1.0
 40
1.0
 40
1.0
 40
1.0
 10
30.97203275990003
 20
59.61364259620001
 30
0.0
 10
30.84324705608
 20
59.61364259620001
 30
0.0
 10
30.74338324006001
 20
59.57762618106
 30
0.0
 10
30.67298759218002
 20
59.50668486243998
 30
0.0
  0
SPLINE
  5
29B
330
223
100
AcDbEntity
  8
03___PRT_ALL_CURVES
  6
Continuous
 62
     4
100
AcDbSpline
210
0.0
220
0.0
230
1.0
 70
     8
 71
     3
 72
     8
 73
     4
 74
     0
 42
0.0000001
 43
0.0000000001
 40
0.0
 40
0.0
 40
0.0
 40
0.0
 40
1.0
 40
1.0
 40
1.0
 40
1.0
 10
30.67298759218002
 20
59.50668486243998
 30
0.0
 10
30.60259191890003
 20
59.43574352350001
 30
0.0
 10
30.56766722116001
 20
59.33424281971998
 30
0.0
 10
30.56766722116001
 20
59.20163712354
 30
0.0
  0
SPLINE
  5
29C
330
223
100
AcDbEntity
  8
03___PRT_ALL_CURVES
  6
Continuous
 62
     4
100
AcDbSpline
210
0.0
220
0.0
230
1.0
 70
     8
 71
     3
 72
     8
 73
     4
 74
     0
 42
0.0000001
 43
0.0000000001
 40
0.0
 40
0.0
 40
0.0
 40
0.0
 40
1.0
 40
1.0
 40
1.0
 40
1.0
 10
30.56766722116001
 20
59.20163712354
 30
0.0
 10
30.56766722116001
 20
59.10231923987999
 30
0.0
 10
30.58731253112001
 20
59.02100953966001
 30
0.0
 10
30.62762240732002
 20
58.95711689629999
 30
0.0
  0
SPLINE
  5
29D
330
223
100
AcDbEntity
  8
03___PRT_ALL_CURVES
  6
Continuous
 62
     4
100
AcDbSpline
210
0.0
220
0.0
230
1.0
 70
     8
 71
     3
 72
     8
 73
     4
 74
     0
 42
0.0000001
 43
0.0000000001
 40
0.0
 40
0.0
 40
0.0
 40
0.0
 40
1.0
 40
1.0
 40
1.0
 40
1.0
 10
30.62762240732002
 20
58.95711689629999
 30
0.0
 10
30.66753065364
 20
58.89386084551998
 30
0.0
 10
30.71500685028005
 20
58.84911323117998
 30
0.0
 10
30.77022445384003
 20
58.82423794437997
 30
0.0
  0
SPLINE
  5
29E
330
223
100
AcDbEntity
  8
03___PRT_ALL_CURVES
  6
Continuous
 62
     4
100
AcDbSpline
210
0.0
220
0.0
230
1.0
 70
     8
 71
     3
 72
     8
 73
     4
 74
     0
 42
0.0000001
 43
0.0000000001
 40
0.0
 40
0.0
 40
0.0
 40
0.0
 40
1.0
 40
1.0
 40
1.0
 40
1.0
 10
30.77022445384003
 20
58.82423794437997
 30
0.0
 10
30.82523863134003
 20
58.79945429823997
 30
0.0
 10
30.89618017602001
 20
58.78635743593998
 30
0.0
 10
30.98349249314001
 20
58.78635743593998
 30
0.0
  0
SPLINE
  5
29F
330
223
100
AcDbEntity
  8
03___PRT_ALL_CURVES
  6
Continuous
 62
     4
100
AcDbSpline
210
0.0
220
0.0
230
1.0
 70
     8
 71
     3
 72
     8
 73
     4
 74
     0
 42
0.0000001
 43
0.0000000001
 40
0.0
 40
0.0
 40
0.0
 40
0.0
 40
1.0
 40
1.0
 40
1.0
 40
1.0
 10
30.98349249314001
 20
58.78635743593998
 30
0.0
 10
31.05497953838002
 20
58.78635743593998
 30
0.0
 10
31.11391546572003
 20
58.79672578451999
 30
0.0
 10
31.16030024722005
 20
58.81746255279998
 30
0.0
  0
SPLINE
  5
2A0
330
223
100
AcDbEntity
  8
03___PRT_ALL_CURVES
  6
Continuous
 62
     4
100
AcDbSpline
210
0.0
220
0.0
230
1.0
 70
     8
 71
     3
 72
     8
 73
     4
 74
     0
 42
0.0000001
 43
0.0000000001
 40
0.0
 40
0.0
 40
0.0
 40
0.0
 40
1.0
 40
1.0
 40
1.0
 40
1.0
 10
31.16030024722005
 20
58.81746255279998
 30
0.0
 10
31.20668470868006
 20
58.83819917883997
 30
0.0
 10
31.24542982550003
 20
58.86875852843997
 30
0.0
 10
31.27704139550002
 20
58.9097162672
 30
0.0
  0
SPLINE
  5
2A1
330
223
100
AcDbEntity
  8
03___PRT_ALL_CURVES
  6
Continuous
 62
     4
100
AcDbSpline
210
0.0
220
0.0
230
1.0
 70
     8
 71
     3
 72
     8
 73
     4
 74
     0
 42
0.0000001
 43
0.0000000001
 40
0.0
 40
0.0
 40
0.0
 40
0.0
 40
1.0
 40
1.0
 40
1.0
 40
1.0
 10
31.27704139550002
 20
58.9097162672
 30
0.0
 10
31.30818540992001
 20
58.95006821087998
 30
0.0
 10
31.33110487386003
 20
59.00081856150001
 30
0.0
 10
31.34583914208002
 20
59.06193723529998
 30
0.0
  0
LINE
  5
2A2
330
223
100
AcDbEntity
  8
03___PRT_ALL_CURVES
  6
Continuous
 62
     4
100
AcDbLine
 10
26.01978170684001
 20
28.98117326436
 30
0.0
 11
26.07284719380004
 21
29.02957426737999
 31
0.0
  0
LINE
  5
2A3
330
223
100
AcDbEntity
  8
03___PRT_ALL_CURVES
  6
Continuous
 62
     4
100
AcDbLine
 10
26.07284719380004
 20
29.02957426737999
 30
0.0
 11
26.16265311020004
 21
29.09482579804001
 31
0.0
  0
SPLINE
  5
2A4
330
223
100
AcDbEntity
  8
03___PRT_ALL_CURVES
  6
Continuous
 62
     4
100
AcDbSpline
210
0.0
220
0.0
230
1.0
 70
     8
 71
     3
 72
     8
 73
     4
 74
     0
 42
0.0000001
 43
0.0000000001
 40
0.0
 40
0.0
 40
0.0
 40
0.0
 40
1.0
 40
1.0
 40
1.0
 40
1.0
 10
26.16265311020004
 20
29.09482579804001
 30
0.0
 10
26.23806273840003
 20
29.14761254793999
 30
0.0
 10
26.28990452194003
 20
29.19618008097999
 30
0.0
 10
26.31840466814
 20
29.24084858193999
 30
0.0
  0
SPLINE
  5
2A5
330
223
100
AcDbEntity
  8
03___PRT_ALL_CURVES
  6
Continuous
 62
     4
100
AcDbSpline
210
0.0
220
0.0
230
1.0
 70
     8
 71
     3
 72
     8
 73
     4
 74
     0
 42
0.0000001
 43
0.0000000001
 40
0.0
 40
0.0
 40
0.0
 40
0.0
 40
1.0
 40
1.0
 40
1.0
 40
1.0
 10
26.31840466814
 20
29.24084858193999
 30
0.0
 10
26.34665758598004
 20
29.28512959573999
 30
0.0
 10
26.36139151892002
 20
29.33151431119998
 30
0.0
 10
26.36139151892002
 20
29.38062753529996
 30
0.0
  0
SPLINE
  5
2A6
330
223
100
AcDbEntity
  8
03___PRT_ALL_CURVES
  6
Continuous
 62
     4
100
AcDbSpline
210
0.0
220
0.0
230
1.0
 70
     8
 71
     3
 72
     8
 73
     4
 74
     0
 42
0.0000001
 43
0.0000000001
 40
0.0
 40
0.0
 40
0.0
 40
0.0
 40
1.0
 40
1.0
 40
1.0
 40
1.0
 10
26.36139151892002
 20
29.38062753529996
 30
0.0
 10
26.36139151892002
 20
29.4264665597
 30
0.0
 10
26.34884040356002
 20
29.46739425534
 30
0.0
 10
26.32373806108001
 20
29.50450205005998
 30
0.0
  0
SPLINE
  5
2A7
330
223
100
AcDbEntity
  8
03___PRT_ALL_CURVES
  6
Continuous
 62
     4
100
AcDbSpline
210
0.0
220
0.0
230
1.0
 70
     8
 71
     3
 72
     8
 73
     4
 74
     0
 42
0.0000001
 43
0.0000000001
 40
0.0
 40
0.0
 40
0.0
 40
0.0
 40
1.0
 40
1.0
 40
1.0
 40
1.0
 10
26.32373806108001
 20
29.50450205005998
 30
0.0
 10
26.29863574400002
 20
29.54160981176
 30
0.0
 10
26.26480219216
 20
29.56889495912
 30
0.0
 10
26.22105147448002
 20
29.58666869293998
 30
0.0
  0
SPLINE
  5
2A8
330
223
100
AcDbEntity
  8
03___PRT_ALL_CURVES
  6
Continuous
 62
     4
100
AcDbSpline
210
0.0
220
0.0
230
1.0
 70
     8
 71
     3
 72
     8
 73
     4
 74
     0
 42
0.0000001
 43
0.0000000001
 40
0.0
 40
0.0
 40
0.0
 40
0.0
 40
1.0
 40
1.0
 40
1.0
 40
1.0
 10
26.22105147448002
 20
29.58666869293998
 30
0.0
 10
26.17748978105999
 20
29.60436563493997
 30
0.0
 10
26.11691677546003
 20
29.61364259631998
 30
0.0
 10
26.03888130034002
 20
29.61364259631998
 30
0.0
  0
SPLINE
  5
2A9
330
223
100
AcDbEntity
  8
03___PRT_ALL_CURVES
  6
Continuous
 62
     4
100
AcDbSpline
210
0.0
220
0.0
230
1.0
 70
     8
 71
     3
 72
     8
 73
     4
 74
     0
 42
0.0000001
 43
0.0000000001
 40
0.0
 40
0.0
 40
0.0
 40
0.0
 40
1.0
 40
1.0
 40
1.0
 40
1.0
 10
26.03888130034002
 20
29.61364259631998
 30
0.0
 10
25.96357436180003
 20
29.61364259631998
 30
0.0
 10
25.90518417378004
 20
29.60381994133999
 30
0.0
 10
25.86261936432004
 20
29.58526603889996
 30
0.0
  0
SPLINE
  5
2AA
330
223
100
AcDbEntity
  8
03___PRT_ALL_CURVES
  6
Continuous
 62
     4
100
AcDbSpline
210
0.0
220
0.0
230
1.0
 70
     8
 71
     3
 72
     8
 73
     4
 74
     0
 42
0.0000001
 43
0.0000000001
 40
0.0
 40
0.0
 40
0.0
 40
0.0
 40
1.0
 40
1.0
 40
1.0
 40
1.0
 10
25.86261936432004
 20
29.58526603889996
 30
0.0
 10
25.82005456502003
 20
29.56671214153999
 30
0.0
 10
25.78731241054001
 20
29.53942699417999
 30
0.0
 10
25.76420390456002
 20
29.5046283033
 30
0.0
  0
SPLINE
  5
2AB
330
223
100
AcDbEntity
  8
03___PRT_ALL_CURVES
  6
Continuous
 62
     4
100
AcDbSpline
210
0.0
220
0.0
230
1.0
 70
     8
 71
     3
 72
     8
 73
     4
 74
     0
 42
0.0000001
 43
0.0000000001
 40
0.0
 40
0.0
 40
0.0
 40
0.0
 40
1.0
 40
1.0
 40
1.0
 40
1.0
 10
25.76420390456002
 20
29.5046283033
 30
0.0
 10
25.74092769508002
 20
29.46957707291998
 30
0.0
 10
25.72510231652001
 20
29.42046384881999
 30
0.0
 10
25.71637107668005
 20
29.35825376495995
 30
0.0
  0
SPLINE
  5
2AC
330
223
100
AcDbEntity
  8
03___PRT_ALL_CURVES
  6
Continuous
 62
     4
100
AcDbSpline
210
0.0
220
0.0
230
1.0
 70
     8
 71
     3
 72
     8
 73
     4
 74
     0
 42
0.0000001
 43
0.0000000001
 40
0.0
 40
0.0
 40
0.0
 40
0.0
 40
1.0
 40
1.0
 40
1.0
 40
1.0
 10
25.93901772308001
 20
29.34024558152001
 30
0.0
 10
25.94502045936002
 20
29.38499317045998
 30
0.0
 10
25.95702590906001
 20
29.41664390471999
 30
0.0
 10
25.97517000536004
 20
29.43451308412
 30
0.0
  0
SPLINE
  5
2AD
330
223
100
AcDbEntity
  8
03___PRT_ALL_CURVES
  6
Continuous
 62
     4
100
AcDbSpline
210
0.0
220
0.0
230
1.0
 70
     8
 71
     3
 72
     8
 73
     4
 74
     0
 42
0.0000001
 43
0.0000000001
 40
0.0
 40
0.0
 40
0.0
 40
0.0
 40
1.0
 40
1.0
 40
1.0
 40
1.0
 10
25.97517000536004
 20
29.43451308412
 30
0.0
 10
25.99304230134001
 20
29.45211458053998
 30
0.0
 10
26.01650750460001
 20
29.46139154445999
 30
0.0
 10
26.04488403662
 20
29.46139154445999
 30
0.0
  0
SPLINE
  5
2AE
330
223
100
AcDbEntity
  8
03___PRT_ALL_CURVES
  6
Continuous
 62
     4
100
AcDbSpline
210
0.0
220
0.0
230
1.0
 70
     8
 71
     3
 72
     8
 73
     4
 74
     0
 42
0.0000001
 43
0.0000000001
 40
0.0
 40
0.0
 40
0.0
 40
0.0
 40
1.0
 40
1.0
 40
1.0
 40
1.0
 10
26.04488403662
 20
29.46139154445999
 30
0.0
 10
26.07216918398001
 20
29.46139154445999
 30
0.0
 10
26.09454295432002
 20
29.45266032239999
 30
0.0
 10
26.11255114030004
 20
29.43519783002
 30
0.0
  0
SPLINE
  5
2AF
330
223
100
AcDbEntity
  8
03___PRT_ALL_CURVES
  6
Continuous
 62
     4
100
AcDbSpline
210
0.0
220
0.0
230
1.0
 70
     8
 71
     3
 72
     8
 73
     4
 74
     0
 42
0.0000001
 43
0.0000000001
 40
0.0
 40
0.0
 40
0.0
 40
0.0
 40
1.0
 40
1.0
 40
1.0
 40
1.0
 10
26.11255114030004
 20
29.43519783002
 30
0.0
 10
26.13055932374004
 20
29.41773533764001
 30
0.0
 10
26.13983628766002
 20
29.39699864302
 30
0.0
 10
26.13983628766002
 20
29.37298770043998
 30
0.0
  0
SPLINE
  5
2B0
330
223
100
AcDbEntity
  8
03___PRT_ALL_CURVES
  6
Continuous
 62
     4
100
AcDbSpline
210
0.0
220
0.0
230
1.0
 70
     8
 71
     3
 72
     8
 73
     4
 74
     0
 42
0.0000001
 43
0.0000000001
 40
0.0
 40
0.0
 40
0.0
 40
0.0
 40
1.0
 40
1.0
 40
1.0
 40
1.0
 10
26.13983628766002
 20
29.37298770043998
 30
0.0
 10
26.13983628766002
 20
29.35006823395997
 30
0.0
 10
26.13055932374004
 20
29.32660298243997
 30
0.0
 10
26.11237332252003
 20
29.30163116293997
 30
0.0
  0
SPLINE
  5
2B1
330
223
100
AcDbEntity
  8
03___PRT_ALL_CURVES
  6
Continuous
 62
     4
100
AcDbSpline
210
0.0
220
0.0
230
1.0
 70
     8
 71
     3
 72
     8
 73
     4
 74
     0
 42
0.0000001
 43
0.0000000001
 40
0.0
 40
0.0
 40
0.0
 40
0.0
 40
1.0
 40
1.0
 40
1.0
 40
1.0
 10
26.11237332252003
 20
29.30163116293997
 30
0.0
 10
26.09399726326004
 20
29.27639837114
 30
0.0
 10
26.05252387402001
 20
29.23929057133998
 30
0.0
 10
25.98759106256003
 20
29.19126090615998
 30
0.0
  0
SPLINE
  5
2B2
330
223
100
AcDbEntity
  8
03___PRT_ALL_CURVES
  6
Continuous
 62
     4
100
AcDbSpline
210
0.0
220
0.0
230
1.0
 70
     8
 71
     3
 72
     8
 73
     4
 74
     0
 42
0.0000001
 43
0.0000000001
 40
0.0
 40
0.0
 40
0.0
 40
0.0
 40
1.0
 40
1.0
 40
1.0
 40
1.0
 10
25.98759106256003
 20
29.19126090615998
 30
0.0
 10
25.88062756046003
 20
29.11214187212002
 30
0.0
 10
25.80804911786001
 20
29.04338335837997
 30
0.0
 10
25.76930422710001
 20
28.98553887666
 30
0.0
  0
SPLINE
  5
2B3
330
223
100
AcDbEntity
  8
03___PRT_ALL_CURVES
  6
Continuous
 62
     4
100
AcDbSpline
210
0.0
220
0.0
230
1.0
 70
     8
 71
     3
 72
     8
 73
     4
 74
     0
 42
0.0000001
 43
0.0000000001
 40
0.0
 40
0.0
 40
0.0
 40
0.0
 40
1.0
 40
1.0
 40
1.0
 40
1.0
 10
25.76930422710001
 20
28.98553887666
 30
0.0
 10
25.73055934142002
 20
28.9276944051
 30
0.0
 10
25.70763983684003
 20
28.86548430854
 30
0.0
 10
25.69999999944002
 20
28.79999999958
 30
0.0
  0
LINE
  5
2B4
330
223
100
AcDbEntity
  8
03___PRT_ALL_CURVES
  6
Continuous
 62
     4
100
AcDbLine
 10
28.91255133150003
 20
28.79999999958
 30
0.0
 11
29.02334626612
 21
28.81078152487999
 31
0.0
  0
SPLINE
  5
2B5
330
223
100
AcDbEntity
  8
03___PRT_ALL_CURVES
  6
Continuous
 62
     4
100
AcDbSpline
210
0.0
220
0.0
230
1.0
 70
     8
 71
     3
 72
     8
 73
     4
 74
     0
 42
0.0000001
 43
0.0000000001
 40
0.0
 40
0.0
 40
0.0
 40
0.0
 40
1.0
 40
1.0
 40
1.0
 40
1.0
 10
29.02334626612
 20
28.81078152487999
 30
0.0
 10
29.06480200236004
 20
28.81637107681999
 30
0.0
 10
29.09645292712
 20
28.82510231919997
 30
0.0
 10
29.11721818404001
 20
28.83705808395999
 30
0.0
  0
SPLINE
  5
2B6
330
223
100
AcDbEntity
  8
03___PRT_ALL_CURVES
  6
Continuous
 62
     4
100
AcDbSpline
210
0.0
220
0.0
230
1.0
 70
     8
 71
     3
 72
     8
 73
     4
 74
     0
 42
0.0000001
 43
0.0000000001
 40
0.0
 40
0.0
 40
0.0
 40
0.0
 40
1.0
 40
1.0
 40
1.0
 40
1.0
 10
29.11721818404001
 20
28.83705808395999
 30
0.0
 10
29.15047743172005
 20
28.85620736493996
 30
0.0
 10
29.17667105218004
 20
28.88240108954
 30
0.0
 10
29.19623249896003
 20
28.91573800787998
 30
0.0
  0
SPLINE
  5
2B7
330
223
100
AcDbEntity
  8
03___PRT_ALL_CURVES
  6
Continuous
 62
     4
100
AcDbSpline
210
0.0
220
0.0
230
1.0
 70
     8
 71
     3
 72
     8
 73
     4
 74
     0
 42
0.0000001
 43
0.0000000001
 40
0.0
 40
0.0
 40
0.0
 40
0.0
 40
1.0
 40
1.0
 40
1.0
 40
1.0
 10
29.19623249896003
 20
28.91573800787998
 30
0.0
 10
29.21541616900004
 20
28.94843110988
 30
0.0
 10
29.22523863094003
 20
28.98608458041997
 30
0.0
 10
29.22523863094003
 20
29.02755796965999
 30
0.0
  0
SPLINE
  5
2B8
330
223
100
AcDbEntity
  8
03___PRT_ALL_CURVES
  6
Continuous
 62
     4
100
AcDbSpline
210
0.0
220
0.0
230
1.0
 70
     8
 71
     3
 72
     8
 73
     4
 74
     0
 42
0.0000001
 43
0.0000000001
 40
0.0
 40
0.0
 40
0.0
 40
0.0
 40
1.0
 40
1.0
 40
1.0
 40
1.0
 10
29.22523863094003
 20
29.02755796965999
 30
0.0
 10
29.22523863094003
 20
29.07830832027997
 30
0.0
 10
29.21159613092001
 20
29.12032742597998
 30
0.0
 10
29.18431101658001
 20
29.15416088637997
 30
0.0
  0
SPLINE
  5
2B9
330
223
100
AcDbEntity
  8
03___PRT_ALL_CURVES
  6
Continuous
 62
     4
100
AcDbSpline
210
0.0
220
0.0
230
1.0
 70
     8
 71
     3
 72
     8
 73
     4
 74
     0
 42
0.0000001
 43
0.0000000001
 40
0.0
 40
0.0
 40
0.0
 40
0.0
 40
1.0
 40
1.0
 40
1.0
 40
1.0
 10
29.18431101658001
 20
29.15416088637997
 30
0.0
 10
29.15702574222004
 20
29.18799455252002
 30
0.0
 10
29.11500684988002
 20
29.21145973291996
 30
0.0
 10
29.05770819130004
 20
29.22564802052
 30
0.0
  0
SPLINE
  5
2BA
330
223
100
AcDbEntity
  8
03___PRT_ALL_CURVES
  6
Continuous
 62
     4
100
AcDbSpline
210
0.0
220
0.0
230
1.0
 70
     8
 71
     3
 72
     8
 73
     4
 74
     0
 42
0.0000001
 43
0.0000000001
 40
0.0
 40
0.0
 40
0.0
 40
0.0
 40
1.0
 40
1.0
 40
1.0
 40
1.0
 10
29.05770819130004
 20
29.22564802052
 30
0.0
 10
29.09536154246004
 20
29.23874487773998
 30
0.0
 10
29.12428381380002
 20
29.25620737011999
 30
0.0
 10
29.14403694168004
 20
29.27903327569999
 30
0.0
  0
SPLINE
  5
2BB
330
223
100
AcDbEntity
  8
03___PRT_ALL_CURVES
  6
Continuous
 62
     4
100
AcDbSpline
210
0.0
220
0.0
230
1.0
 70
     8
 71
     3
 72
     8
 73
     4
 74
     0
 42
0.0000001
 43
0.0000000001
 40
0.0
 40
0.0
 40
0.0
 40
0.0
 40
1.0
 40
1.0
 40
1.0
 40
1.0
 10
29.14403694168004
 20
29.27903327569999
 30
0.0
 10
29.17339689566001
 20
29.31296043416
 30
0.0
 10
29.18813078288002
 20
29.35334243873999
 30
0.0
 10
29.18813078288002
 20
29.40081853885999
 30
0.0
  0
SPLINE
  5
2BC
330
223
100
AcDbEntity
  8
03___PRT_ALL_CURVES
  6
Continuous
 62
     4
100
AcDbSpline
210
0.0
220
0.0
230
1.0
 70
     8
 71
     3
 72
     8
 73
     4
 74
     0
 42
0.0000001
 43
0.0000000001
 40
0.0
 40
0.0
 40
0.0
 40
0.0
 40
1.0
 40
1.0
 40
1.0
 40
1.0
 10
29.18813078288002
 20
29.40081853885999
 30
0.0
 10
29.18813078288002
 20
29.4570259093
 30
0.0
 10
29.16739408826004
 20
29.50450205767999
 30
0.0
 10
29.12592069902001
 20
29.54270124467999
 30
0.0
  0
SPLINE
  5
2BD
330
223
100
AcDbEntity
  8
03___PRT_ALL_CURVES
  6
Continuous
 62
     4
100
AcDbSpline
210
0.0
220
0.0
230
1.0
 70
     8
 71
     3
 72
     8
 73
     4
 74
     0
 42
0.0000001
 43
0.0000000001
 40
0.0
 40
0.0
 40
0.0
 40
0.0
 40
1.0
 40
1.0
 40
1.0
 40
1.0
 10
29.12592069902001
 20
29.54270124467999
 30
0.0
 10
29.08444731232001
 20
29.58090043167999
 30
0.0
 10
29.02551176344002
 20
29.59999999977998
 30
0.0
 10
28.94856741390004
 20
29.59999999977998
 30
0.0
  0
SPLINE
  5
2BE
330
223
100
AcDbEntity
  8
03___PRT_ALL_CURVES
  6
Continuous
 62
     4
100
AcDbSpline
210
0.0
220
0.0
230
1.0
 70
     8
 71
     3
 72
     8
 73
     4
 74
     0
 42
0.0000001
 43
0.0000000001
 40
0.0
 40
0.0
 40
0.0
 40
0.0
 40
1.0
 40
1.0
 40
1.0
 40
1.0
 10
28.84433824974005
 20
29.43792633865999
 30
0.0
 10
28.88144628830003
 20
29.43792633865999
 30
0.0
 10
28.90763990876005
 20
29.43137788845996
 30
0.0
 10
28.92291959626004
 20
29.41828093725996
 30
0.0
  0
SPLINE
  5
2BF
330
223
100
AcDbEntity
  8
03___PRT_ALL_CURVES
  6
Continuous
 62
     4
100
AcDbSpline
210
0.0
220
0.0
230
1.0
 70
     8
 71
     3
 72
     8
 73
     4
 74
     0
 42
0.0000001
 43
0.0000000001
 40
0.0
 40
0.0
 40
0.0
 40
0.0
 40
1.0
 40
1.0
 40
1.0
 40
1.0
 10
28.92291959626004
 20
29.41828093725996
 30
0.0
 10
28.93819906532002
 20
29.40518417402001
 30
0.0
 10
28.94583914148001
 20
29.38663029697997
 30
0.0
 10
28.94583914148001
 20
29.36371078477998
 30
0.0
  0
SPLINE
  5
2C0
330
223
100
AcDbEntity
  8
03___PRT_ALL_CURVES
  6
Continuous
 62
     4
100
AcDbSpline
210
0.0
220
0.0
230
1.0
 70
     8
 71
     3
 72
     8
 73
     4
 74
     0
 42
0.0000001
 43
0.0000000001
 40
0.0
 40
0.0
 40
0.0
 40
0.0
 40
1.0
 40
1.0
 40
1.0
 40
1.0
 10
28.94583914148001
 20
29.36371078477998
 30
0.0
 10
28.94583914148001
 20
29.33860845500001
 30
0.0
 10
28.93819906532002
 20
29.31896314503999
 30
0.0
 10
28.92291959626004
 20
29.30586638433996
 30
0.0
  0
SPLINE
  5
2C1
330
223
100
AcDbEntity
  8
03___PRT_ALL_CURVES
  6
Continuous
 62
     4
100
AcDbSpline
210
0.0
220
0.0
230
1.0
 70
     8
 71
     3
 72
     8
 73
     4
 74
     0
 42
0.0000001
 43
0.0000000001
 40
0.0
 40
0.0
 40
0.0
 40
0.0
 40
1.0
 40
1.0
 40
1.0
 40
1.0
 10
28.92291959626004
 20
29.30586638433996
 30
0.0
 10
28.90763990876005
 20
29.2927694306
 30
0.0
 10
28.88090040674004
 20
29.28622102612002
 30
0.0
 10
28.84270117148
 20
29.28622102612002
 30
0.0
  0
SPLINE
  5
2C2
330
223
100
AcDbEntity
  8
03___PRT_ALL_CURVES
  6
Continuous
 62
     4
100
AcDbSpline
210
0.0
220
0.0
230
1.0
 70
     8
 71
     3
 72
     8
 73
     4
 74
     0
 42
0.0000001
 43
0.0000000001
 40
0.0
 40
0.0
 40
0.0
 40
0.0
 40
1.0
 40
1.0
 40
1.0
 40
1.0
 10
28.86070940318004
 20
29.13396997426
 30
0.0
 10
28.90381987068002
 20
29.13396997426
 30
0.0
 10
28.93383352668005
 20
29.12633015972
 30
0.0
 10
28.95129607240003
 20
29.11214187719997
 30
0.0
  0
SPLINE
  5
2C3
330
223
100
AcDbEntity
  8
03___PRT_ALL_CURVES
  6
Continuous
 62
     4
100
AcDbSpline
210
0.0
220
0.0
230
1.0
 70
     8
 71
     3
 72
     8
 73
     4
 74
     0
 42
0.0000001
 43
0.0000000001
 40
0.0
 40
0.0
 40
0.0
 40
0.0
 40
1.0
 40
1.0
 40
1.0
 40
1.0
 10
28.95129607240003
 20
29.11214187719997
 30
0.0
 10
28.96875860542002
 20
29.09795360483997
 30
0.0
 10
28.97748968524004
 20
29.07885403673998
 30
0.0
 10
28.97748968524004
 20
29.05538880808001
 30
0.0
  0
SPLINE
  5
2C4
330
223
100
AcDbEntity
  8
03___PRT_ALL_CURVES
  6
Continuous
 62
     4
100
AcDbSpline
210
0.0
220
0.0
230
1.0
 70
     8
 71
     3
 72
     8
 73
     4
 74
     0
 42
0.0000001
 43
0.0000000001
 40
0.0
 40
0.0
 40
0.0
 40
0.0
 40
1.0
 40
1.0
 40
1.0
 40
1.0
 10
28.97748968524004
 20
29.05538880808001
 30
0.0
 10
28.97748968524004
 20
29.02974078724
 30
0.0
 10
28.96875860542002
 20
29.00954978367997
 30
0.0
 10
28.95129606986001
 20
28.99427011904001
 30
0.0
  0
SPLINE
  5
2C5
330
223
100
AcDbEntity
  8
03___PRT_ALL_CURVES
  6
Continuous
 62
     4
100
AcDbSpline
210
0.0
220
0.0
230
1.0
 70
     8
 71
     3
 72
     8
 73
     4
 74
     0
 42
0.0000001
 43
0.0000000001
 40
0.0
 40
0.0
 40
0.0
 40
0.0
 40
1.0
 40
1.0
 40
1.0
 40
1.0
 10
28.95129606986001
 20
28.99427011904001
 30
0.0
 10
28.93383352668005
 20
28.97899044677999
 30
0.0
 10
28.90381987068002
 20
28.97189631314001
 30
0.0
 10
28.86125509678004
 20
28.97189631314001
 30
0.0
  0
SPLINE
  5
2C6
330
223
100
AcDbEntity
  8
03___PRT_ALL_CURVES
  6
Continuous
 62
     4
100
AcDbSpline
210
0.0
220
0.0
230
1.0
 70
     8
 71
     3
 72
     8
 73
     4
 74
     0
 42
0.0000001
 43
0.0000000001
 40
0.0
 40
0.0
 40
0.0
 40
0.0
 40
1.0
 40
1.0
 40
1.0
 40
1.0
 10
30.09781706358001
 20
28.79999999958
 30
0.0
 10
30.14147321960002
 20
28.79999999958
 30
0.0
 10
30.190586685
 20
28.80709413321998
 30
0.0
 10
30.24519168374002
 20
28.82169783020001
 30
0.0
  0
SPLINE
  5
2C7
330
223
100
AcDbEntity
  8
03___PRT_ALL_CURVES
  6
Continuous
 62
     4
100
AcDbSpline
210
0.0
220
0.0
230
1.0
 70
     8
 71
     3
 72
     8
 73
     4
 74
     0
 42
0.0000001
 43
0.0000000001
 40
0.0
 40
0.0
 40
0.0
 40
0.0
 40
1.0
 40
1.0
 40
1.0
 40
1.0
 10
30.24519168374002
 20
28.82169783020001
 30
0.0
 10
30.28444731008003
 20
28.83219645283998
 30
0.0
 10
30.32155516068002
 20
28.85347885375998
 30
0.0
 10
30.35635583276004
 20
28.88526527227998
 30
0.0
  0
SPLINE
  5
2C8
330
223
100
AcDbEntity
  8
03___PRT_ALL_CURVES
  6
Continuous
 62
     4
100
AcDbSpline
210
0.0
220
0.0
230
1.0
 70
     8
 71
     3
 72
     8
 73
     4
 74
     0
 42
0.0000001
 43
0.0000000001
 40
0.0
 40
0.0
 40
0.0
 40
0.0
 40
1.0
 40
1.0
 40
1.0
 40
1.0
 10
30.35635583276004
 20
28.88526527227998
 30
0.0
 10
30.39085943660001
 20
28.91678035275999
 30
0.0
 10
30.41759893862002
 20
28.95661664087999
 30
0.0
 10
30.43724425112001
 20
29.00354707026
 30
0.0
  0
SPLINE
  5
2C9
330
223
100
AcDbEntity
  8
03___PRT_ALL_CURVES
  6
Continuous
 62
     4
100
AcDbSpline
210
0.0
220
0.0
230
1.0
 70
     8
 71
     3
 72
     8
 73
     4
 74
     0
 42
0.0000001
 43
0.0000000001
 40
0.0
 40
0.0
 40
0.0
 40
0.0
 40
1.0
 40
1.0
 40
1.0
 40
1.0
 10
30.43724425112001
 20
29.00354707026
 30
0.0
 10
30.45688955599999
 20
29.05047748185999
 30
0.0
 10
30.46671202048
 20
29.11705319833999
 30
0.0
 10
30.46671202048
 20
29.20272851085997
 30
0.0
  0
SPLINE
  5
2CA
330
223
100
AcDbEntity
  8
03___PRT_ALL_CURVES
  6
Continuous
 62
     4
100
AcDbSpline
210
0.0
220
0.0
230
1.0
 70
     8
 71
     3
 72
     8
 73
     4
 74
     0
 42
0.0000001
 43
0.0000000001
 40
0.0
 40
0.0
 40
0.0
 40
0.0
 40
1.0
 40
1.0
 40
1.0
 40
1.0
 10
30.46671202048
 20
29.20272851085997
 30
0.0
 10
30.46671202048
 20
29.25729875477998
 30
0.0
 10
30.46016371252003
 20
29.30859479899999
 30
0.0
 10
30.44699863344002
 20
29.35768976558001
 30
0.0
  0
SPLINE
  5
2CB
330
223
100
AcDbEntity
  8
03___PRT_ALL_CURVES
  6
Continuous
 62
     4
100
AcDbSpline
210
0.0
220
0.0
230
1.0
 70
     8
 71
     3
 72
     8
 73
     4
 74
     0
 42
0.0000001
 43
0.0000000001
 40
0.0
 40
0.0
 40
0.0
 40
0.0
 40
1.0
 40
1.0
 40
1.0
 40
1.0
 10
30.44699863344002
 20
29.35768976558001
 30
0.0
 10
30.43397009206001
 20
29.40627555867999
 30
0.0
 10
30.41268751588004
 20
29.44884037829999
 30
0.0
 10
30.38346586744001
 20
29.48570890247998
 30
0.0
  0
SPLINE
  5
2CC
330
223
100
AcDbEntity
  8
03___PRT_ALL_CURVES
  6
Continuous
 62
     4
100
AcDbSpline
210
0.0
220
0.0
230
1.0
 70
     8
 71
     3
 72
     8
 73
     4
 74
     0
 42
0.0000001
 43
0.0000000001
 40
0.0
 40
0.0
 40
0.0
 40
0.0
 40
1.0
 40
1.0
 40
1.0
 40
1.0
 10
30.38346586744001
 20
29.48570890247998
 30
0.0
 10
30.35429747009999
 20
29.52251024111999
 30
0.0
 10
30.31773550360001
 20
29.55088677314001
 30
0.0
 10
30.27298760224002
 20
29.5705321339
 30
0.0
  0
SPLINE
  5
2CD
330
223
100
AcDbEntity
  8
03___PRT_ALL_CURVES
  6
Continuous
 62
     4
100
AcDbSpline
210
0.0
220
0.0
230
1.0
 70
     8
 71
     3
 72
     8
 73
     4
 74
     0
 42
0.0000001
 43
0.0000000001
 40
0.0
 40
0.0
 40
0.0
 40
0.0
 40
1.0
 40
1.0
 40
1.0
 40
1.0
 10
30.27298760224002
 20
29.5705321339
 30
0.0
 10
30.22824003616
 20
29.5901773448
 30
0.0
 10
30.16984999038002
 20
29.59999999977998
 30
0.0
 10
30.09781706358001
 20
29.59999999977998
 30
0.0
  0
SPLINE
  5
2CE
330
223
100
AcDbEntity
  8
03___PRT_ALL_CURVES
  6
Continuous
 62
     4
100
AcDbSpline
210
0.0
220
0.0
230
1.0
 70
     8
 71
     3
 72
     8
 73
     4
 74
     0
 42
0.0000001
 43
0.0000000001
 40
0.0
 40
0.0
 40
0.0
 40
0.0
 40
1.0
 40
1.0
 40
1.0
 40
1.0
 10
30.03942701780002
 20
29.4188267223
 30
0.0
 10
30.10327436788
 20
29.4188267223
 30
0.0
 10
30.14911329576003
 20
29.40300135644
 30
0.0
 10
30.17665364200002
 20
29.37164350704001
 30
0.0
  0
SPLINE
  5
2CF
330
223
100
AcDbEntity
  8
03___PRT_ALL_CURVES
  6
Continuous
 62
     4
100
AcDbSpline
210
0.0
220
0.0
230
1.0
 70
     8
 71
     3
 72
     8
 73
     4
 74
     0
 42
0.0000001
 43
0.0000000001
 40
0.0
 40
0.0
 40
0.0
 40
0.0
 40
1.0
 40
1.0
 40
1.0
 40
1.0
 10
30.17665364200002
 20
29.37164350704001
 30
0.0
 10
30.20422918756003
 20
29.34024558152001
 30
0.0
 10
30.21841757168002
 20
29.28240108456001
 30
0.0
 10
30.21841757168002
 20
29.19781718210001
 30
0.0
  0
SPLINE
  5
2D0
330
223
100
AcDbEntity
  8
03___PRT_ALL_CURVES
  6
Continuous
 62
     4
100
AcDbSpline
210
0.0
220
0.0
230
1.0
 70
     8
 71
     3
 72
     8
 73
     4
 74
     0
 42
0.0000001
 43
0.0000000001
 40
0.0
 40
0.0
 40
0.0
 40
0.0
 40
1.0
 40
1.0
 40
1.0
 40
1.0
 10
30.21841757168002
 20
29.19781718210001
 30
0.0
 10
30.21841757168002
 20
29.13342428065999
 30
0.0
 10
30.21186888018002
 20
29.0870395652
 30
0.0
 10
30.19963414976002
 20
29.05876343683997
 30
0.0
  0
SPLINE
  5
2D1
330
223
100
AcDbEntity
  8
03___PRT_ALL_CURVES
  6
Continuous
 62
     4
100
AcDbSpline
210
0.0
220
0.0
230
1.0
 70
     8
 71
     3
 72
     8
 73
     4
 74
     0
 42
0.0000001
 43
0.0000000001
 40
0.0
 40
0.0
 40
0.0
 40
0.0
 40
1.0
 40
1.0
 40
1.0
 40
1.0
 10
30.19963414976002
 20
29.05876343683997
 30
0.0
 10
30.18731253102001
 20
29.03028650369998
 30
0.0
 10
30.17039549348002
 20
29.01009550013998
 30
0.0
 10
30.14856741420004
 20
28.99863574404
 30
0.0
  0
SPLINE
  5
2D2
330
223
100
AcDbEntity
  8
03___PRT_ALL_CURVES
  6
Continuous
 62
     4
100
AcDbSpline
210
0.0
220
0.0
230
1.0
 70
     8
 71
     3
 72
     8
 73
     4
 74
     0
 42
0.0000001
 43
0.0000000001
 40
0.0
 40
0.0
 40
0.0
 40
0.0
 40
1.0
 40
1.0
 40
1.0
 40
1.0
 10
30.14856741420004
 20
28.99863574404
 30
0.0
 10
30.12673933492002
 20
28.98717598793996
 30
0.0
 10
30.08963148432002
 20
28.98171895795997
 30
0.0
 10
30.03833563314001
 20
28.98171895795997
 30
0.0
  0
SPLINE
  5
2D3
330
223
100
AcDbEntity
  8
03___PRT_ALL_CURVES
  6
Continuous
 62
     4
100
AcDbSpline
210
0.0
220
0.0
230
1.0
 70
     8
 71
     3
 72
     8
 73
     4
 74
     0
 42
0.0000001
 43
0.0000000001
 40
0.0
 40
0.0
 40
0.0
 40
0.0
 40
1.0
 40
1.0
 40
1.0
 40
1.0
 10
31.12919523704002
 20
29.12742154691998
 30
0.0
 10
31.11828100690002
 20
29.07667121916
 30
0.0
 10
31.10027296315999
 20
29.03792634109999
 30
0.0
 10
31.07639810108
 20
29.01160986337999
 30
0.0
  0
SPLINE
  5
2D4
330
223
100
AcDbEntity
  8
03___PRT_ALL_CURVES
  6
Continuous
 62
     4
100
AcDbSpline
210
0.0
220
0.0
230
1.0
 70
     8
 71
     3
 72
     8
 73
     4
 74
     0
 42
0.0000001
 43
0.0000000001
 40
0.0
 40
0.0
 40
0.0
 40
0.0
 40
1.0
 40
1.0
 40
1.0
 40
1.0
 10
31.07639810108
 20
29.01160986337999
 30
0.0
 10
31.05225088496002
 20
28.98499318306
 30
0.0
 10
31.01623480256001
 20
28.97189631314001
 30
0.0
 10
30.96930410648002
 20
28.97189631314001
 30
0.0
  0
SPLINE
  5
2D5
330
223
100
AcDbEntity
  8
03___PRT_ALL_CURVES
  6
Continuous
 62
     4
100
AcDbSpline
210
0.0
220
0.0
230
1.0
 70
     8
 71
     3
 72
     8
 73
     4
 74
     0
 42
0.0000001
 43
0.0000000001
 40
0.0
 40
0.0
 40
0.0
 40
0.0
 40
1.0
 40
1.0
 40
1.0
 40
1.0
 10
30.96930410648002
 20
28.97189631314001
 30
0.0
 10
30.92019102462001
 20
28.97189631314001
 30
0.0
 10
30.88253767346004
 20
28.988267398
 30
0.0
 10
30.85563610420004
 20
29.02087516108
 30
0.0
  0
SPLINE
  5
2D6
330
223
100
AcDbEntity
  8
03___PRT_ALL_CURVES
  6
Continuous
 62
     4
100
AcDbSpline
210
0.0
220
0.0
230
1.0
 70
     8
 71
     3
 72
     8
 73
     4
 74
     0
 42
0.0000001
 43
0.0000000001
 40
0.0
 40
0.0
 40
0.0
 40
0.0
 40
1.0
 40
1.0
 40
1.0
 40
1.0
 10
30.85563610420004
 20
29.02087516108
 30
0.0
 10
30.82851278786001
 20
29.05375170695999
 30
0.0
 10
30.81541616940004
 20
29.11487040615998
 30
0.0
 10
30.81541616940004
 20
29.20327420191998
 30
0.0
  0
SPLINE
  5
2D7
330
223
100
AcDbEntity
  8
03___PRT_ALL_CURVES
  6
Continuous
 62
     4
100
AcDbSpline
210
0.0
220
0.0
230
1.0
 70
     8
 71
     3
 72
     8
 73
     4
 74
     0
 42
0.0000001
 43
0.0000000001
 40
0.0
 40
0.0
 40
0.0
 40
0.0
 40
1.0
 40
1.0
 40
1.0
 40
1.0
 10
30.81541616940004
 20
29.20327420191998
 30
0.0
 10
30.81541616940004
 20
29.27476124715997
 30
0.0
 10
30.82633001600001
 20
29.32714872429997
 30
0.0
 10
30.84899722746002
 20
29.36114941576
 30
0.0
  0
SPLINE
  5
2D8
330
223
100
AcDbEntity
  8
03___PRT_ALL_CURVES
  6
Continuous
 62
     4
100
AcDbSpline
210
0.0
220
0.0
230
1.0
 70
     8
 71
     3
 72
     8
 73
     4
 74
     0
 42
0.0000001
 43
0.0000000001
 40
0.0
 40
0.0
 40
0.0
 40
0.0
 40
1.0
 40
1.0
 40
1.0
 40
1.0
 10
30.84899722746002
 20
29.36114941576
 30
0.0
 10
30.87871763538001
 20
29.40572986507999
 30
0.0
 10
30.92182829338003
 20
29.42864937727998
 30
0.0
 10
30.97803556730003
 20
29.42864937727998
 30
0.0
  0
SPLINE
  5
2D9
330
223
100
AcDbEntity
  8
03___PRT_ALL_CURVES
  6
Continuous
 62
     4
100
AcDbSpline
210
0.0
220
0.0
230
1.0
 70
     8
 71
     3
 72
     8
 73
     4
 74
     0
 42
0.0000001
 43
0.0000000001
 40
0.0
 40
0.0
 40
0.0
 40
0.0
 40
1.0
 40
1.0
 40
1.0
 40
1.0
 10
30.97803556730003
 20
29.42864937727998
 30
0.0
 10
31.00259191900003
 20
29.42864937727998
 30
0.0
 10
31.02496588238
 20
29.42319235745998
 30
0.0
 10
31.04498851950001
 20
29.41304385095998
 30
0.0
  0
SPLINE
  5
2DA
330
223
100
AcDbEntity
  8
03___PRT_ALL_CURVES
  6
Continuous
 62
     4
100
AcDbSpline
210
0.0
220
0.0
230
1.0
 70
     8
 71
     3
 72
     8
 73
     4
 74
     0
 42
0.0000001
 43
0.0000000001
 40
0.0
 40
0.0
 40
0.0
 40
0.0
 40
1.0
 40
1.0
 40
1.0
 40
1.0
 10
31.04498851950001
 20
29.41304385095998
 30
0.0
 10
31.06480200286003
 20
29.40300135644
 30
0.0
 10
31.08171904040003
 20
29.3882673727
 30
0.0
 10
31.09567578922002
 20
29.36954473806
 30
0.0
  0
LINE
  5
2DB
330
223
100
AcDbEntity
  8
03___PRT_ALL_CURVES
  6
Continuous
 62
     4
100
AcDbLine
 10
31.09567578922002
 20
29.36954473806
 30
0.0
 11
31.11991827311999
 21
29.31623463639997
 31
0.0
  0
SPLINE
  5
2DC
330
223
100
AcDbEntity
  8
03___PRT_ALL_CURVES
  6
Continuous
 62
     4
100
AcDbSpline
210
0.0
220
0.0
230
1.0
 70
     8
 71
     3
 72
     8
 73
     4
 74
     0
 42
0.0000001
 43
0.0000000001
 40
0.0
 40
0.0
 40
0.0
 40
0.0
 40
1.0
 40
1.0
 40
1.0
 40
1.0
 10
31.33819906592001
 20
29.36480216943997
 30
0.0
 10
31.30982267868004
 20
29.44884037829999
 30
0.0
 10
31.26725790478002
 20
29.51159620147999
 30
0.0
 10
31.20928530292002
 20
29.55234103236
 30
0.0
  0
SPLINE
  5
2DD
330
223
100
AcDbEntity
  8
03___PRT_ALL_CURVES
  6
Continuous
 62
     4
100
AcDbSpline
210
0.0
220
0.0
230
1.0
 70
     8
 71
     3
 72
     8
 73
     4
 74
     0
 42
0.0000001
 43
0.0000000001
 40
0.0
 40
0.0
 40
0.0
 40
0.0
 40
1.0
 40
1.0
 40
1.0
 40
1.0
 10
31.20928530292002
 20
29.55234103236
 30
0.0
 10
31.15156881688003
 20
29.59290585597998
 30
0.0
 10
31.07244207648003
 20
29.61364259631998
 30
0.0
 10
30.97203275990003
 20
29.61364259631998
 30
0.0
  0
SPLINE
  5
2DE
330
223
100
AcDbEntity
  8
03___PRT_ALL_CURVES
  6
Continuous
 62
     4
100
AcDbSpline
210
0.0
220
0.0
230
1.0
 70
     8
 71
     3
 72
     8
 73
     4
 74
     0
 42
0.0000001
 43
0.0000000001
 40
0.0
 40
0.0
 40
0.0
 40
0.0
 40
1.0
 40
1.0
 40
1.0
 40
1.0
 10
30.97203275990003
 20
29.61364259631998
 30
0.0
 10
30.84324705608
 20
29.61364259631998
 30
0.0
 10
30.74338324006001
 20
29.57762618117999
 30
0.0
 10
30.67298759218002
 20
29.50668486256001
 30
0.0
  0
SPLINE
  5
2DF
330
223
100
AcDbEntity
  8
03___PRT_ALL_CURVES
  6
Continuous
 62
     4
100
AcDbSpline
210
0.0
220
0.0
230
1.0
 70
     8
 71
     3
 72
     8
 73
     4
 74
     0
 42
0.0000001
 43
0.0000000001
 40
0.0
 40
0.0
 40
0.0
 40
0.0
 40
1.0
 40
1.0
 40
1.0
 40
1.0
 10
30.67298759218002
 20
29.50668486256001
 30
0.0
 10
30.60259191890003
 20
29.43574352362
 30
0.0
 10
30.56766722116001
 20
29.33424281984
 30
0.0
 10
30.56766722116001
 20
29.20163712365999
 30
0.0
  0
SPLINE
  5
2E0
330
223
100
AcDbEntity
  8
03___PRT_ALL_CURVES
  6
Continuous
 62
     4
100
AcDbSpline
210
0.0
220
0.0
230
1.0
 70
     8
 71
     3
 72
     8
 73
     4
 74
     0
 42
0.0000001
 43
0.0000000001
 40
0.0
 40
0.0
 40
0.0
 40
0.0
 40
1.0
 40
1.0
 40
1.0
 40
1.0
 10
30.56766722116001
 20
29.20163712365999
 30
0.0
 10
30.56766722116001
 20
29.10231923999999
 30
0.0
 10
30.58731253112001
 20
29.02100953977998
 30
0.0
 10
30.62762240732002
 20
28.95711689641996
 30
0.0
  0
SPLINE
  5
2E1
330
223
100
AcDbEntity
  8
03___PRT_ALL_CURVES
  6
Continuous
 62
     4
100
AcDbSpline
210
0.0
220
0.0
230
1.0
 70
     8
 71
     3
 72
     8
 73
     4
 74
     0
 42
0.0000001
 43
0.0000000001
 40
0.0
 40
0.0
 40
0.0
 40
0.0
 40
1.0
 40
1.0
 40
1.0
 40
1.0
 10
30.62762240732002
 20
28.95711689641996
 30
0.0
 10
30.66753065364
 20
28.89386084564001
 30
0.0
 10
30.71500685028005
 20
28.84911323129998
 30
0.0
 10
30.77022445384003
 20
28.82423794195998
 30
0.0
  0
SPLINE
  5
2E2
330
223
100
AcDbEntity
  8
03___PRT_ALL_CURVES
  6
Continuous
 62
     4
100
AcDbSpline
210
0.0
220
0.0
230
1.0
 70
     8
 71
     3
 72
     8
 73
     4
 74
     0
 42
0.0000001
 43
0.0000000001
 40
0.0
 40
0.0
 40
0.0
 40
0.0
 40
1.0
 40
1.0
 40
1.0
 40
1.0
 10
30.77022445384003
 20
28.82423794195998
 30
0.0
 10
30.82523863134003
 20
28.79945429835999
 30
0.0
 10
30.89618017602001
 20
28.78635743606
 30
0.0
 10
30.98349249314001
 20
28.78635743606
 30
0.0
  0
SPLINE
  5
2E3
330
223
100
AcDbEntity
  8
03___PRT_ALL_CURVES
  6
Continuous
 62
     4
100
AcDbSpline
210
0.0
220
0.0
230
1.0
 70
     8
 71
     3
 72
     8
 73
     4
 74
     0
 42
0.0000001
 43
0.0000000001
 40
0.0
 40
0.0
 40
0.0
 40
0.0
 40
1.0
 40
1.0
 40
1.0
 40
1.0
 10
30.98349249314001
 20
28.78635743606
 30
0.0
 10
31.05497953838002
 20
28.78635743606
 30
0.0
 10
31.11391546572003
 20
28.79672578464002
 30
0.0
 10
31.16030024722005
 20
28.81746255291998
 30
0.0
  0
SPLINE
  5
2E4
330
223
100
AcDbEntity
  8
03___PRT_ALL_CURVES
  6
Continuous
 62
     4
100
AcDbSpline
210
0.0
220
0.0
230
1.0
 70
     8
 71
     3
 72
     8
 73
     4
 74
     0
 42
0.0000001
 43
0.0000000001
 40
0.0
 40
0.0
 40
0.0
 40
0.0
 40
1.0
 40
1.0
 40
1.0
 40
1.0
 10
31.16030024722005
 20
28.81746255291998
 30
0.0
 10
31.20668470868006
 20
28.83819917895997
 30
0.0
 10
31.24542982550003
 20
28.86875852856002
 30
0.0
 10
31.27704139550002
 20
28.90971626731999
 30
0.0
  0
SPLINE
  5
2E5
330
223
100
AcDbEntity
  8
03___PRT_ALL_CURVES
  6
Continuous
 62
     4
100
AcDbSpline
210
0.0
220
0.0
230
1.0
 70
     8
 71
     3
 72
     8
 73
     4
 74
     0
 42
0.0000001
 43
0.0000000001
 40
0.0
 40
0.0
 40
0.0
 40
0.0
 40
1.0
 40
1.0
 40
1.0
 40
1.0
 10
31.27704139550002
 20
28.90971626731999
 30
0.0
 10
31.30818540992001
 20
28.950068211
 30
0.0
 10
31.33110487386003
 20
29.00081856161998
 30
0.0
 10
31.34583914208002
 20
29.06193723541998
 30
0.0
  0
LINE
  5
2EA
330
223
100
AcDbEntity
  8
02___PRT_ALL_AXES
  6
Continuous
 62
     7
100
AcDbLine
 10
31.99999999784004
 20
0.0
 30
0.0
 11
0.0
 21
0.0
 31
0.0
  0
LINE
  5
2EB
330
223
100
AcDbEntity
  8
0
  6
Continuous
 62
     7
100
AcDbLine
 10
16.39999999902
 20
1.649999999459993
 30
0.0
 11
15.59999999882004
 21
1.649999999459993
 31
0.0
  0
LINE
  5
2EC
330
223
100
AcDbEntity
  8
0
  6
Continuous
 62
     7
100
AcDbLine
 10
17.74999999904003
 20
2.999999999479982
 30
0.0
 11
16.39999999902
 21
2.999999999479982
 31
0.0
  0
LINE
  5
2ED
330
223
100
AcDbEntity
  8
0
  6
Continuous
 62
     7
100
AcDbLine
 10
14.24999999880001
 20
2.999999999479982
 30
0.0
 11
15.59999999882004
 21
2.999999999479982
 31
0.0
  0
LINE
  5
2EE
330
223
100
AcDbEntity
  8
0
  6
Continuous
 62
     7
100
AcDbLine
 10
14.24999999880001
 20
3.799999999679997
 30
0.0
 11
15.59999999882004
 21
3.799999999679997
 31
0.0
  0
LINE
  5
2EF
330
223
100
AcDbEntity
  8
0
  6
Continuous
 62
     7
100
AcDbLine
 10
16.39999999902
 20
3.799999999679997
 30
0.0
 11
17.74999999904003
 21
3.799999999679997
 31
0.0
  0
LINE
  5
2F0
330
223
100
AcDbEntity
  8
0
  6
Continuous
 62
     7
100
AcDbLine
 10
15.59999999882004
 20
5.1499999997
 30
0.0
 11
16.39999999902
 21
5.1499999997
 31
0.0
  0
LINE
  5
2F1
330
223
100
AcDbEntity
  8
0
  6
Continuous
 62
     7
100
AcDbLine
 10
32.24999999822003
 20
5.999999998960007
 30
0.0
 11
-0.2500000003799983
 21
5.999999998960007
 31
0.0
  0
LINE
  5
2F2
330
223
100
AcDbEntity
  8
0
  6
Continuous
 62
     7
100
AcDbLine
 10
32.24999999822003
 20
12.40000000056
 30
0.0
 11
-0.2500000003799983
 21
12.40000000056
 31
0.0
  0
LINE
  5
2F3
330
223
100
AcDbEntity
  8
0
  6
Continuous
 62
     7
100
AcDbLine
 10
32.24999999822003
 20
12.99999999943999
 30
0.0
 11
-0.2500000003799983
 21
12.99999999943999
 31
0.0
  0
LINE
  5
2F4
330
223
100
AcDbEntity
  8
02___PRT_ALL_AXES
  6
Continuous
 62
     7
100
AcDbLine
 10
16.46999999872003
 20
15.98000000081998
 30
0.0
 11
24.09999999904002
 21
15.98000000081998
 31
0.0
  0
LINE
  5
2F5
330
223
100
AcDbEntity
  8
0
  6
Continuous
 62
     7
100
AcDbLine
 10
16.06999999862003
 20
16.57999998192
 30
0.0
 11
24.49999999914002
 21
16.57999998192
 31
0.0
  0
LINE
  5
2F6
330
223
100
AcDbEntity
  8
0
  6
Continuous
 62
     7
100
AcDbLine
 10
23.24725382798002
 20
16.68785565648
 30
0.0
 11
18.14725730713999
 21
16.69381165421999
 31
0.0
  0
LINE
  5
2F7
330
223
100
AcDbEntity
  8
0
  6
Continuous
 62
     7
100
AcDbLine
 10
23.24725382798002
 20
16.69461588426
 30
0.0
 11
18.14725730713999
 21
16.70057188453998
 31
0.0
  0
LINE
  5
2F8
330
223
100
AcDbEntity
  8
0
  6
Continuous
 62
     7
100
AcDbLine
 10
21.98695435722004
 20
18.63743625058
 30
0.0
 11
20.99952537704002
 21
18.63858941312
 31
0.0
  0
LINE
  5
2F9
330
223
100
AcDbEntity
  8
0
  6
Continuous
 62
     7
100
AcDbLine
 10
20.39952578710003
 20
18.63928995781998
 30
0.0
 11
19.41209688058001
 21
18.64044312035999
 31
0.0
  0
LINE
  5
2FA
330
223
100
AcDbEntity
  8
0
  6
Continuous
 62
     7
100
AcDbLine
 10
19.41304571282004
 20
19.4529083255
 30
0.0
 11
20.40047461934003
 21
19.45175516295998
 31
0.0
  0
LINE
  5
2FB
330
223
100
AcDbEntity
  8
0
  6
Continuous
 62
     7
100
AcDbLine
 10
21.00047421182003
 20
19.45105451665998
 30
0.0
 11
21.98790319200003
 21
19.44990135412002
 31
0.0
  0
LINE
  5
2FC
330
223
100
AcDbEntity
  8
03___PRT_ALL_CURVES
  6
Continuous
 62
     4
100
AcDbLine
 10
6.499999999720018
 20
23.35426358347999
 30
0.0
 11
5.44999545762002
 21
23.35117560387999
 31
0.0
  0
LINE
  5
2FD
330
223
100
AcDbEntity
  8
03___PRT_ALL_CURVES
  6
Continuous
 62
     4
100
AcDbLine
 10
4.650000407880043
 20
21.8486174279
 30
0.0
 11
4.350000469400015
 21
21.84842556645998
 31
0.0
  0
LINE
  5
2FE
330
223
100
AcDbEntity
  8
03___PRT_ALL_CURVES
  6
Continuous
 62
     4
100
AcDbLine
 10
8.64999959100004
 20
21.85117560414
 30
0.0
 11
8.94999952948001
 21
21.85136746812
 31
0.0
  0
LINE
  5
2FF
330
223
100
AcDbEntity
  8
0
  6
Continuous
 62
     7
100
AcDbLine
 10
16.06999999862003
 20
21.57999998190002
 30
0.0
 11
16.38000000092003
 21
21.57999998190002
 31
0.0
  0
LINE
  5
300
330
223
100
AcDbEntity
  8
0
  6
Continuous
 62
     7
100
AcDbLine
 10
17.64000000060003
 20
21.57999998190002
 30
0.0
 11
18.15297973663999
 21
21.57999998190002
 31
0.0
  0
LINE
  5
301
330
223
100
AcDbEntity
  8
03___PRT_ALL_CURVES
  6
Continuous
 62
     4
100
AcDbLine
 10
7.049999999540006
 20
21.84989651601998
 30
0.0
 11
6.249999999340019
 21
21.84989651601998
 31
0.0
  0
LINE
  5
302
330
223
100
AcDbEntity
  8
03___PRT_ALL_CURVES
  6
Continuous
 62
     4
100
AcDbLine
 10
6.249999999340019
 20
22.14989651545997
 30
0.0
 11
7.049999999540006
 21
22.14989651545997
 31
0.0
  0
LINE
  5
303
330
223
100
AcDbEntity
  8
03___PRT_ALL_CURVES
  6
Continuous
 62
     4
100
AcDbLine
 10
7.549995458780046
 20
22.45117560301998
 30
0.0
 11
5.74999545706001
 21
22.45117560301998
 31
0.0
  0
LINE
  5
304
330
223
100
AcDbEntity
  8
03___PRT_ALL_CURVES
  6
Continuous
 62
     4
100
AcDbLine
 10
5.74999545706001
 20
22.75117560499999
 30
0.0
 11
7.549995458780046
 21
22.75117560499999
 31
0.0
  0
LINE
  5
305
330
223
100
AcDbEntity
  8
03___PRT_ALL_CURVES
  6
Continuous
 62
     4
100
AcDbLine
 10
7.849995458220036
 20
23.05117560443998
 30
0.0
 11
5.44999545762002
 21
23.05117560443998
 31
0.0
  0
LINE
  5
306
330
223
100
AcDbEntity
  8
03___PRT_ALL_CURVES
  6
Continuous
 62
     4
100
AcDbLine
 10
6.499999999720018
 20
24.6449999987
 30
0.0
 11
6.799999999160008
 21
24.6449999987
 31
0.0
  0
LINE
  5
307
330
223
100
AcDbEntity
  8
0
  6
Continuous
 62
     7
100
AcDbLine
 10
18.15297263226003
 20
21.5877228773
 30
0.0
 11
17.73224133250002
 21
21.58821422506
 31
0.0
  0
LINE
  5
308
330
223
100
AcDbEntity
  8
0
  6
Continuous
 62
     7
100
AcDbLine
 10
24.50297540594002
 20
21.58624895085998
 30
0.0
 11
23.75297592042003
 21
21.5871248343
 31
0.0
  0
LINE
  5
309
330
223
100
AcDbEntity
  8
0
  6
Continuous
 62
     7
100
AcDbLine
 10
17.73224133250002
 20
21.59415611055999
 30
0.0
 11
10.30298509122005
 21
21.60283231875999
 31
0.0
  0
LINE
  5
30A
330
223
100
AcDbEntity
  8
0
  6
Continuous
 62
     7
100
AcDbLine
 10
23.25297626002001
 20
21.59461130395999
 30
0.0
 11
18.15297973918004
 21
21.60056730170001
 31
0.0
  0
LINE
  5
30B
330
223
100
AcDbEntity
  8
0
  6
Continuous
 62
     7
100
AcDbLine
 10
21.90297718202004
 20
21.59948972702
 30
0.0
 11
24.50297540848001
 21
21.59645333736
 31
0.0
  0
LINE
  5
30C
330
223
100
AcDbEntity
  8
0
  6
Continuous
 62
     7
100
AcDbLine
 10
10.30298509122005
 20
21.61374830657996
 30
0.0
 11
16.65298076052002
 21
21.60633250479998
 31
0.0
  0
LINE
  5
30D
330
223
100
AcDbEntity
  8
0
  6
Continuous
 62
     7
100
AcDbLine
 10
16.65298076052002
 20
21.60839615319998
 30
0.0
 11
20.20297833920003
 21
21.60425031185997
 31
0.0
  0
LINE
  5
30E
330
223
100
AcDbEntity
  8
0
  6
Continuous
 62
     7
100
AcDbLine
 10
14.95193174200003
 20
22.04831806735999
 30
0.0
 11
13.25506095744004
 21
22.05029974741998
 31
0.0
  0
LINE
  5
30F
330
223
100
AcDbEntity
  8
0
  6
Continuous
 62
     7
100
AcDbLine
 10
20.20372575706
 20
22.24424852639999
 30
0.0
 11
16.65372818092001
 21
22.24839436773999
 31
0.0
  0
LINE
  5
310
330
223
100
AcDbEntity
  8
0
  6
Continuous
 62
     7
100
AcDbLine
 10
17.50384438518003
 20
22.34565818133999
 30
0.0
 11
19.48384303376005
 21
22.34334585424
 31
0.0
  0
LINE
  5
311
330
223
100
AcDbEntity
  8
0
  6
Continuous
 62
     7
100
AcDbLine
 10
19.00450214586002
 20
22.34567935224001
 30
0.0
 11
17.98318527308001
 21
22.34687209051998
 31
0.0
  0
LINE
  5
312
330
223
100
AcDbEntity
  8
0
  6
Continuous
 62
     7
100
AcDbLine
 10
16.90384479270003
 20
22.34823933188
 30
0.0
 11
17.50384438518003
 21
22.34753862715999
 31
0.0
  0
LINE
  5
313
330
223
100
AcDbEntity
  8
0
  6
Continuous
 62
     7
100
AcDbLine
 10
19.48384303376005
 20
22.34522629751999
 30
0.0
 11
20.08384262370004
 21
22.34452559279998
 31
0.0
  0
LINE
  5
314
330
223
100
AcDbEntity
  8
0
  6
Continuous
 62
     7
100
AcDbLine
 10
20.08384262370004
 20
22.34520161379999
 30
0.0
 11
19.00450214586002
 21
22.34646211673999
 31
0.0
  0
LINE
  5
315
330
223
100
AcDbEntity
  8
0
  6
Continuous
 62
     7
100
AcDbLine
 10
17.98318527308001
 20
22.34765485501998
 30
0.0
 11
16.90384479270003
 21
22.34891535541999
 31
0.0
  0
LINE
  5
316
330
223
100
AcDbEntity
  8
0
  6
Continuous
 62
     7
100
AcDbLine
 10
22.55481254078003
 20
23.17068981549997
 30
0.0
 11
21.60481318856003
 21
23.17179926464001
 31
0.0
  0
LINE
  5
317
330
223
100
AcDbEntity
  8
0
  6
Continuous
 62
     7
100
AcDbLine
 10
22.55707357512003
 20
25.09892952263999
 30
0.0
 11
21.60707422290002
 21
25.10003897432
 31
0.0
  0
LINE
  5
318
330
223
100
AcDbEntity
  8
0
  6
Continuous
 62
     7
100
AcDbLine
 10
21.60707422036003
 20
25.10787377450001
 30
0.0
 11
22.55707357512003
 21
25.10676432282
 31
0.0
  0
LINE
  5
319
330
223
100
AcDbEntity
  8
0
  6
Continuous
 62
     7
100
AcDbLine
 10
21.90297718202004
 20
21.59948972702
 30
0.0
 11
20.20297833920003
 21
21.60425031185997
 31
0.0
  0
LINE
  5
31A
330
223
100
AcDbEntity
  8
0
  6
Continuous
 62
     7
100
AcDbLine
 10
20.20372575959999
 20
22.24424852639999
 30
0.0
 11
21.90372459988004
 21
22.23948794409998
 31
0.0
  0
LINE
  5
31B
330
223
100
AcDbEntity
  8
03___PRT_ALL_CURVES
  6
Continuous
 62
     4
100
AcDbLine
 10
7.849995458220036
 20
23.35117560387999
 30
0.0
 11
6.799999999160008
 21
23.35426358347999
 31
0.0
  0
LINE
  5
31C
330
223
100
AcDbEntity
  8
0
  6
Continuous
 62
     2
100
AcDbLine
 10
15.45525077092
 20
116.89999999938
 30
0.0
 11
15.55525077158001
 21
117.00000000004
 31
0.0
  0
LINE
  5
31D
330
223
100
AcDbEntity
  8
03___PRT_ALL_CURVES
  6
Continuous
 62
     4
100
AcDbLine
 10
31.11991827311999
 20
29.31623463639997
 30
0.0
 11
31.33819906592001
 21
29.36480216943997
 31
0.0
  0
LINE
  5
31E
330
223
100
AcDbEntity
  8
03___PRT_ALL_CURVES
  6
Continuous
 62
     4
100
AcDbLine
 10
25.69999999944002
 20
28.79999999958
 30
0.0
 11
26.36684858700002
 21
28.79999999958
 31
0.0
  0
LINE
  5
31F
330
223
100
AcDbEntity
  8
03___PRT_ALL_CURVES
  6
Continuous
 62
     4
100
AcDbLine
 10
26.84379265216
 20
28.79999999958
 30
0.0
 11
27.03751709326005
 21
28.79999999958
 31
0.0
  0
LINE
  5
320
330
223
100
AcDbEntity
  8
03___PRT_ALL_CURVES
  6
Continuous
 62
     4
100
AcDbLine
 10
27.46643927072003
 20
28.79999999958
 30
0.0
 11
27.73437921998001
 21
28.79999999958
 31
0.0
  0
LINE
  5
321
330
223
100
AcDbEntity
  8
03___PRT_ALL_CURVES
  6
Continuous
 62
     4
100
AcDbLine
 10
28.48581163888002
 20
28.79999999958
 30
0.0
 11
28.91255133150003
 21
28.79999999958
 31
0.0
  0
LINE
  5
322
330
223
100
AcDbEntity
  8
03___PRT_ALL_CURVES
  6
Continuous
 62
     4
100
AcDbLine
 10
29.73055937290002
 20
28.79999999958
 30
0.0
 11
30.09781706358001
 21
28.79999999958
 31
0.0
  0
LINE
  5
323
330
223
100
AcDbEntity
  8
03___PRT_ALL_CURVES
  6
Continuous
 62
     4
100
AcDbLine
 10
26.43888132584001
 20
28.94952250723998
 30
0.0
 11
26.84379265216
 21
28.94952250723998
 31
0.0
  0
LINE
  5
324
330
223
100
AcDbEntity
  8
03___PRT_ALL_CURVES
  6
Continuous
 62
     4
100
AcDbLine
 10
27.03751709326005
 20
28.94952250723998
 30
0.0
 11
27.13792631586003
 21
28.94952250723998
 31
0.0
  0
LINE
  5
325
330
223
100
AcDbEntity
  8
03___PRT_ALL_CURVES
  6
Continuous
 62
     4
100
AcDbLine
 10
28.86125509678004
 20
28.97189631314001
 30
0.0
 11
28.73519785334003
 21
28.97189631314001
 31
0.0
  0
LINE
  5
326
330
223
100
AcDbEntity
  8
03___PRT_ALL_CURVES
  6
Continuous
 62
     4
100
AcDbLine
 10
26.36684858700002
 20
28.98117326436
 30
0.0
 11
26.01978170684001
 21
28.98117326436
 31
0.0
  0
LINE
  5
327
330
223
100
AcDbEntity
  8
03___PRT_ALL_CURVES
  6
Continuous
 62
     4
100
AcDbLine
 10
30.03833563314001
 20
28.98171895795997
 30
0.0
 11
29.97776243704001
 21
28.98171895795997
 31
0.0
  0
LINE
  5
328
330
223
100
AcDbEntity
  8
03___PRT_ALL_CURVES
  6
Continuous
 62
     4
100
AcDbLine
 10
7.54999999776004
 20
29.04999999995997
 30
0.0
 11
5.749999998580023
 21
29.04999999995997
 31
0.0
  0
LINE
  5
329
330
223
100
AcDbEntity
  8
03___PRT_ALL_CURVES
  6
Continuous
 62
     4
100
AcDbLine
 10
27.13792631586003
 20
29.1219645271
 30
0.0
 11
27.03751709326005
 21
29.1219645271
 31
0.0
  0
LINE
  5
32A
330
223
100
AcDbEntity
  8
03___PRT_ALL_CURVES
  6
Continuous
 62
     4
100
AcDbLine
 10
26.84379265216
 20
29.1219645271
 30
0.0
 11
26.62933151644003
 21
29.1219645271
 31
0.0
  0
LINE
  5
32B
330
223
100
AcDbEntity
  8
03___PRT_ALL_CURVES
  6
Continuous
 62
     4
100
AcDbLine
 10
28.73519785334003
 20
29.13396997426
 30
0.0
 11
28.86070940318004
 21
29.13396997426
 31
0.0
  0
LINE
  5
32C
330
223
100
AcDbEntity
  8
03___PRT_ALL_CURVES
  6
Continuous
 62
     4
100
AcDbLine
 10
28.84270117148
 20
29.28622102612002
 30
0.0
 11
28.73519785334003
 21
29.28622102612002
 31
0.0
  0
LINE
  5
32D
330
223
100
AcDbEntity
  8
03___PRT_ALL_CURVES
  6
Continuous
 62
     4
100
AcDbLine
 10
5.749999998580023
 20
29.34999999939998
 30
0.0
 11
7.54999999776004
 21
29.34999999939998
 31
0.0
  0
LINE
  5
32E
330
223
100
AcDbEntity
  8
03___PRT_ALL_CURVES
  6
Continuous
 62
     4
100
AcDbLine
 10
29.97776243704001
 20
29.4188267223
 30
0.0
 11
30.03942701780002
 21
29.4188267223
 31
0.0
  0
LINE
  5
32F
330
223
100
AcDbEntity
  8
03___PRT_ALL_CURVES
  6
Continuous
 62
     4
100
AcDbLine
 10
28.73519785334003
 20
29.43792633865999
 30
0.0
 11
28.84433824974005
 21
29.43792633865999
 31
0.0
  0
LINE
  5
330
330
223
100
AcDbEntity
  8
03___PRT_ALL_CURVES
  6
Continuous
 62
     4
100
AcDbLine
 10
30.09781706358001
 20
29.59999999977998
 30
0.0
 11
29.73055937290002
 21
29.59999999977998
 31
0.0
  0
LINE
  5
331
330
223
100
AcDbEntity
  8
03___PRT_ALL_CURVES
  6
Continuous
 62
     4
100
AcDbLine
 10
28.94856741390004
 20
29.59999999977998
 30
0.0
 11
28.48581163888002
 21
29.59999999977998
 31
0.0
  0
LINE
  5
332
330
223
100
AcDbEntity
  8
03___PRT_ALL_CURVES
  6
Continuous
 62
     4
100
AcDbLine
 10
28.03178713164002
 20
29.59999999977998
 30
0.0
 11
27.78076402942003
 21
29.59999999977998
 31
0.0
  0
LINE
  5
333
330
223
100
AcDbEntity
  8
03___PRT_ALL_CURVES
  6
Continuous
 62
     4
100
AcDbLine
 10
27.42278311216
 20
29.59999999977998
 30
0.0
 11
27.16466572136002
 21
29.59999999977998
 31
0.0
  0
LINE
  5
334
330
223
100
AcDbEntity
  8
03___PRT_ALL_CURVES
  6
Continuous
 62
     4
100
AcDbLine
 10
27.03751709326005
 20
29.61364259631998
 30
0.0
 11
26.84379265216
 21
29.61364259631998
 31
0.0
  0
LINE
  5
335
330
223
100
AcDbEntity
  8
0
  6
Continuous
 62
     7
100
AcDbLine
 10
19.00870638180004
 20
25.94567598764002
 30
0.0
 11
17.98738950648001
 21
25.94686872591998
 31
0.0
  0
LINE
  5
336
330
223
100
AcDbEntity
  8
0
  6
Continuous
 62
     7
100
AcDbLine
 10
16.90804902864002
 20
25.94891198828
 30
0.0
 11
17.98738950648001
 21
25.94765148787999
 31
0.0
  0
LINE
  5
337
330
223
100
AcDbEntity
  8
0
  6
Continuous
 62
     7
100
AcDbLine
 10
19.00870638180004
 20
25.94645874959997
 30
0.0
 11
20.08804685964
 21
25.94519824919999
 31
0.0
  0
LINE
  5
338
330
223
100
AcDbEntity
  8
0
  6
Continuous
 62
     7
100
AcDbLine
 10
16.65816598256001
 20
26.04839081396
 30
0.0
 11
20.20816356124004
 21
26.04424497261999
 31
0.0
  0
LINE
  5
339
330
223
100
AcDbEntity
  8
0
  6
Continuous
 62
     7
100
AcDbLine
 10
14.05857650306001
 20
26.39936323114
 30
0.0
 11
14.15857643514002
 21
26.39924644701998
 31
0.0
  0
LINE
  5
33A
330
223
100
AcDbEntity
  8
0
  6
Continuous
 62
     7
100
AcDbLine
 10
14.15925378456001
 20
26.97924709042002
 30
0.0
 11
14.05925384994001
 21
26.97936387453998
 31
0.0
  0
LINE
  5
33B
330
223
100
AcDbEntity
  8
0
  6
Continuous
 62
     7
100
AcDbLine
 10
20.20965840204002
 20
27.32424377659999
 30
0.0
 11
16.65966082336001
 21
27.32838961793999
 31
0.0
  0
LINE
  5
33C
330
223
100
AcDbEntity
  8
0
  6
Continuous
 62
     7
100
AcDbLine
 10
17.50977702762
 20
27.42565343153998
 30
0.0
 11
19.48977567620003
 21
27.42334110189998
 31
0.0
  0
LINE
  5
33D
330
223
100
AcDbEntity
  8
0
  6
Continuous
 62
     7
100
AcDbLine
 10
19.01043479084004
 20
27.42567460243998
 30
0.0
 11
17.98911791552001
 21
27.42686734071998
 31
0.0
  0
LINE
  5
33E
330
223
100
AcDbEntity
  8
0
  6
Continuous
 62
     7
100
AcDbLine
 10
16.90977743768005
 20
27.42823458207999
 30
0.0
 11
17.50977702762
 21
27.42753387482
 31
0.0
  0
LINE
  5
33F
330
223
100
AcDbEntity
  8
0
  6
Continuous
 62
     7
100
AcDbLine
 10
19.48977567620003
 20
27.42522154772001
 30
0.0
 11
20.08977526868003
 21
27.42452084045999
 31
0.0
  0
LINE
  5
340
330
223
100
AcDbEntity
  8
0
  6
Continuous
 62
     7
100
AcDbLine
 10
20.08977526868003
 20
27.42519686399999
 30
0.0
 11
19.01043479084004
 21
27.42645736439999
 31
0.0
  0
LINE
  5
341
330
223
100
AcDbEntity
  8
0
  6
Continuous
 62
     7
100
AcDbLine
 10
17.98911791552001
 20
27.42765010267999
 30
0.0
 11
16.90977743768005
 21
27.42891060561999
 31
0.0
  0
LINE
  5
342
330
223
100
AcDbEntity
  8
0
  6
Continuous
 62
     7
100
AcDbLine
 10
22.56074518576003
 20
28.25068506316001
 30
0.0
 11
21.610745831
 21
28.25179451483999
 31
0.0
  0
LINE
  5
343
330
223
100
AcDbEntity
  8
0
  6
Continuous
 62
     7
100
AcDbLine
 10
21.90816240406002
 20
26.03948439031998
 30
0.0
 11
20.20816356124004
 21
26.04424497261999
 31
0.0
  0
LINE
  5
344
330
223
100
AcDbEntity
  8
0
  6
Continuous
 62
     7
100
AcDbLine
 10
20.20965839950003
 20
27.32424377659999
 30
0.0
 11
21.90965724232004
 21
27.31948319175999
 31
0.0
  0
LINE
  5
345
330
223
100
AcDbEntity
  8
0
  6
Continuous
 62
     7
100
AcDbLine
 10
23.80761122644003
 20
25.56641323842001
 30
0.0
 11
22.20815013530003
 21
26.02880362681998
 31
0.0
  0
LINE
  5
346
330
223
100
AcDbEntity
  8
03___PRT_ALL_CURVES
  6
Continuous
 62
     4
100
AcDbLine
 10
6.799999999160008
 20
34.30000000031998
 30
0.0
 11
6.499999999720018
 21
34.30000000031998
 31
0.0
  0
LINE
  5
347
330
223
100
AcDbEntity
  8
0
  6
Continuous
 62
     7
100
AcDbLine
 10
22.56300621502001
 20
30.17892477283999
 30
0.0
 11
21.61300686534003
 21
30.18003422197995
 31
0.0
  0
LINE
  5
348
330
223
100
AcDbEntity
  8
0
  6
Continuous
 62
     7
100
AcDbLine
 10
21.61300686534003
 20
30.18786902215999
 30
0.0
 11
22.56300620232003
 21
30.18675957302
 31
0.0
  0
LINE
  5
349
330
223
100
AcDbEntity
  8
0
  6
Continuous
 62
     7
100
AcDbLine
 10
19.01463902424004
 20
31.02567123529997
 30
0.0
 11
17.99332214892004
 21
31.02686397358002
 31
0.0
  0
LINE
  5
34A
330
223
100
AcDbEntity
  8
0
  6
Continuous
 62
     7
100
AcDbLine
 10
16.91398167107999
 20
31.02890723847997
 30
0.0
 11
17.99332215146001
 21
31.02764673807999
 31
0.0
  0
LINE
  5
34B
330
223
100
AcDbEntity
  8
0
  6
Continuous
 62
     7
100
AcDbLine
 10
19.01463902424004
 20
31.0264539998
 30
0.0
 11
20.09397950208
 21
31.02519349685997
 31
0.0
  0
LINE
  5
34C
330
223
100
AcDbEntity
  8
0
  6
Continuous
 62
     7
100
AcDbLine
 10
16.66409862500001
 20
31.12838606416
 30
0.0
 11
20.21409620368004
 21
31.12424022281996
 31
0.0
  0
LINE
  5
34D
330
223
100
AcDbEntity
  8
0
  6
Continuous
 62
     7
100
AcDbLine
 10
14.06450914804003
 20
31.47935966751999
 30
0.0
 11
14.16450907757999
 21
31.47924288339999
 31
0.0
  0
LINE
  5
34E
330
223
100
AcDbEntity
  8
0
  6
Continuous
 62
     7
100
AcDbLine
 10
14.16518642700001
 20
32.05924234061999
 30
0.0
 11
14.06518649492003
 21
32.05935912473998
 31
0.0
  0
LINE
  5
34F
330
223
100
AcDbEntity
  8
0
  6
Continuous
 62
     7
100
AcDbLine
 10
20.21559104448002
 20
32.40423902679998
 30
0.0
 11
16.66559346580004
 21
32.40838486813999
 31
0.0
  0
LINE
  5
350
330
223
100
AcDbEntity
  8
0
  6
Continuous
 62
     7
100
AcDbLine
 10
17.51570967006001
 20
32.50564868173998
 30
0.0
 11
19.49570832118005
 21
32.50333635210001
 31
0.0
  0
LINE
  5
351
330
223
100
AcDbEntity
  8
0
  6
Continuous
 62
     7
100
AcDbLine
 10
19.01636743328004
 20
32.50566985263998
 30
0.0
 11
17.99505055796001
 21
32.50686259091998
 31
0.0
  0
LINE
  5
352
330
223
100
AcDbEntity
  8
0
  6
Continuous
 62
     7
100
AcDbLine
 10
16.91571008012002
 20
32.50822983227999
 30
0.0
 11
17.51570967006001
 21
32.50752912502
 31
0.0
  0
LINE
  5
353
330
223
100
AcDbEntity
  8
0
  6
Continuous
 62
     7
100
AcDbLine
 10
19.49570832118005
 20
32.50521679791999
 30
0.0
 11
20.09570791112
 21
32.50451609065999
 31
0.0
  0
LINE
  5
354
330
223
100
AcDbEntity
  8
0
  6
Continuous
 62
     7
100
AcDbLine
 10
20.09570791112
 20
32.50519211419999
 30
0.0
 11
19.01636743328004
 21
32.50645261460002
 31
0.0
  0
LINE
  5
355
330
223
100
AcDbEntity
  8
0
  6
Continuous
 62
     7
100
AcDbLine
 10
17.99505055796001
 20
32.50764535287996
 30
0.0
 11
16.91571008012002
 21
32.50890585328
 31
0.0
  0
LINE
  5
356
330
223
100
AcDbEntity
  8
0
  6
Continuous
 62
     7
100
AcDbLine
 10
22.56667782820003
 20
33.33068031335998
 30
0.0
 11
21.61667847344003
 21
33.33178976503999
 31
0.0
  0
LINE
  5
357
330
223
100
AcDbEntity
  8
0
  6
Continuous
 62
     7
100
AcDbLine
 10
21.91409504650002
 20
31.11947964052001
 30
0.0
 11
20.21409620368004
 21
31.12424022281996
 31
0.0
  0
LINE
  5
358
330
223
100
AcDbEntity
  8
0
  6
Continuous
 62
     7
100
AcDbLine
 10
20.21559104448002
 20
32.40423902679998
 30
0.0
 11
21.91558988476004
 21
32.39947844195999
 31
0.0
  0
LINE
  5
359
330
223
100
AcDbEntity
  8
03___PRT_ALL_CURVES
  6
Continuous
 62
     4
100
AcDbLine
 10
25.71637107668005
 20
29.35825376495995
 30
0.0
 11
25.93901772308001
 21
29.34024558152001
 31
0.0
  0
LINE
  5
35A
330
223
100
AcDbEntity
  8
0
  6
Continuous
 62
     7
100
AcDbLine
 10
23.81354386888003
 20
30.64640848862001
 30
0.0
 11
22.21408277774003
 21
31.10879887702001
 31
0.0
  0
LINE
  5
35B
330
223
100
AcDbEntity
  8
03___PRT_ALL_CURVES
  6
Continuous
 62
     4
100
AcDbLine
 10
7.54999999776004
 20
35.04999999891999
 30
0.0
 11
6.799999999160008
 21
35.04999999891999
 31
0.0
  0
LINE
  5
35C
330
223
100
AcDbEntity
  8
03___PRT_ALL_CURVES
  6
Continuous
 62
     4
100
AcDbLine
 10
6.499999999720018
 20
35.04999999891999
 30
0.0
 11
5.749999998580023
 21
35.04999999891999
 31
0.0
  0
LINE
  5
35D
330
223
100
AcDbEntity
  8
03___PRT_ALL_CURVES
  6
Continuous
 62
     4
100
AcDbLine
 10
5.749999998580023
 20
35.3500000009
 30
0.0
 11
6.499999999720018
 21
35.3500000009
 31
0.0
  0
LINE
  5
35E
330
223
100
AcDbEntity
  8
03___PRT_ALL_CURVES
  6
Continuous
 62
     4
100
AcDbLine
 10
6.799999999160008
 20
35.3500000009
 30
0.0
 11
7.54999999776004
 21
35.3500000009
 31
0.0
  0
LINE
  5
35F
330
223
100
AcDbEntity
  8
03___PRT_ALL_CURVES
  6
Continuous
 62
     4
100
AcDbLine
 10
6.499999999720018
 20
36.0999999995
 30
0.0
 11
6.799999999160008
 21
36.0999999995
 31
0.0
  0
LINE
  5
360
330
223
100
AcDbEntity
  8
0
  6
Continuous
 62
     7
100
AcDbLine
 10
22.56893886000003
 20
35.25892002303999
 30
0.0
 11
21.61893950778006
 21
35.26002947217998
 31
0.0
  0
LINE
  5
361
330
223
100
AcDbEntity
  8
0
  6
Continuous
 62
     7
100
AcDbLine
 10
21.61893950778006
 20
35.26786426982
 30
0.0
 11
22.56893886000003
 21
35.26675482068001
 31
0.0
  0
LINE
  5
362
330
223
100
AcDbEntity
  8
0
  6
Continuous
 62
     7
100
AcDbLine
 10
19.02057166668004
 20
36.1056664855
 30
0.0
 11
17.99925479390004
 21
36.10685922377999
 31
0.0
  0
LINE
  5
363
330
223
100
AcDbEntity
  8
0
  6
Continuous
 62
     7
100
AcDbLine
 10
16.91991431352002
 20
36.10890248868
 30
0.0
 11
17.99925479390004
 21
36.10764198573997
 31
0.0
  0
LINE
  5
364
330
223
100
AcDbEntity
  8
0
  6
Continuous
 62
     7
100
AcDbLine
 10
19.02057166668004
 20
36.10644924745998
 30
0.0
 11
20.09991214452003
 21
36.10518874706
 31
0.0
  0
LINE
  5
365
330
223
100
AcDbEntity
  8
0
  6
Continuous
 62
     7
100
AcDbLine
 10
16.67003126998
 20
36.20838131435997
 30
0.0
 11
20.22002884612002
 21
36.20423547301999
 31
0.0
  0
LINE
  5
366
330
223
100
AcDbEntity
  8
0
  6
Continuous
 62
     7
100
AcDbLine
 10
13.27183118552003
 20
36.41028750693997
 30
0.0
 11
14.96870197008002
 21
36.40830582687997
 31
0.0
  0
LINE
  5
367
330
223
100
AcDbEntity
  8
0
  6
Continuous
 62
     7
100
AcDbLine
 10
24.52077333580002
 20
36.83643908541998
 30
0.0
 11
21.92077510934001
 21
36.83947547762
 31
0.0
  0
LINE
  5
368
330
223
100
AcDbEntity
  8
0
  6
Continuous
 62
     7
100
AcDbLine
 10
16.67077869038002
 20
36.84631825539998
 30
0.0
 11
10.32078302108002
 21
36.85373405717999
 31
0.0
  0
LINE
  5
369
330
223
100
AcDbEntity
  8
0
  6
Continuous
 62
     7
100
AcDbLine
 10
20.22077626906002
 20
36.84423605991998
 30
0.0
 11
16.67077869038002
 21
36.84838190125998
 31
0.0
  0
LINE
  5
36A
330
223
100
AcDbEntity
  8
0
  6
Continuous
 62
     7
100
AcDbLine
 10
21.92002768894002
 20
36.19947488817999
 30
0.0
 11
20.22002884612002
 21
36.20423547301999
 31
0.0
  0
LINE
  5
36B
330
223
100
AcDbEntity
  8
0
  6
Continuous
 62
     7
100
AcDbLine
 10
20.22077626906002
 20
36.84423605991998
 30
0.0
 11
21.92077510934001
 21
36.83947547762
 31
0.0
  0
LINE
  5
36C
330
223
100
AcDbEntity
  8
03___PRT_ALL_CURVES
  6
Continuous
 62
     4
100
AcDbLine
 10
31.34583914208002
 20
29.06193723541998
 30
0.0
 11
31.12919523704002
 21
29.12742154691998
 31
0.0
  0
LINE
  5
36D
330
223
100
AcDbEntity
  8
0
  6
Continuous
 62
     7
100
AcDbLine
 10
10.93088088902002
 20
28.37438877308
 30
0.0
 11
12.42912810080003
 21
26.87263841107998
 31
0.0
  0
LINE
  5
36E
330
223
100
AcDbEntity
  8
0
  6
Continuous
 62
     2
100
AcDbLine
 10
6.16050154486004
 20
91.79999999881997
 30
0.0
 11
6.260501545520015
 21
91.89999999947997
 31
0.0
  0
LINE
  5
36F
330
223
100
AcDbEntity
  8
0
  6
Continuous
 62
     2
100
AcDbLine
 10
31.26050154542003
 20
116.89999999938
 30
0.0
 11
31.36050154608
 21
117.00000000004
 31
0.0
  0
LINE
  5
370
330
223
100
AcDbEntity
  8
0
  6
Continuous
 62
     7
100
AcDbLine
 10
16.06999999862003
 20
41.81999998187999
 30
0.0
 11
24.49999999914002
 21
41.81999998187999
 31
0.0
  0
LINE
  5
371
330
223
100
AcDbEntity
  8
02___PRT_ALL_AXES
  6
Continuous
 62
     7
100
AcDbLine
 10
24.09999999904002
 20
42.41999999853999
 30
0.0
 11
16.46999999872003
 21
42.41999999853999
 31
0.0
  0
LINE
  5
372
330
223
100
AcDbEntity
  8
0
  6
Continuous
 62
     7
100
AcDbLine
 10
22.01070828736002
 20
38.9774172317
 30
0.0
 11
21.02327930718005
 21
38.97857039423997
 31
0.0
  0
LINE
  5
373
330
223
100
AcDbEntity
  8
0
  6
Continuous
 62
     7
100
AcDbLine
 10
20.42327971470002
 20
38.97927093639998
 30
0.0
 11
19.43585080818005
 21
38.98042409893998
 31
0.0
  0
LINE
  5
374
330
223
100
AcDbEntity
  8
0
  6
Continuous
 62
     7
100
AcDbLine
 10
19.43679964042002
 20
39.79288930408001
 30
0.0
 11
20.42422854948003
 21
39.79173614154001
 31
0.0
  0
LINE
  5
375
330
223
100
AcDbEntity
  8
0
  6
Continuous
 62
     7
100
AcDbLine
 10
21.02422813942002
 20
39.79103549524001
 30
0.0
 11
22.01165711960002
 21
39.78988233269999
 31
0.0
  0
LINE
  5
376
330
223
100
AcDbEntity
  8
0
  6
Continuous
 62
     7
100
AcDbLine
 10
23.27649661938003
 20
41.73459246918
 30
0.0
 11
18.17650009854
 21
41.74054846945998
 31
0.0
  0
LINE
  5
377
330
223
100
AcDbEntity
  8
0
  6
Continuous
 62
     7
100
AcDbLine
 10
10.93681353146002
 20
33.45438402073998
 30
0.0
 11
12.43506074324003
 21
31.95263365873998
 31
0.0
  0
LINE
  5
378
330
223
100
AcDbEntity
  8
03___PRT_ALL_CURVES
  6
Continuous
 62
     4
100
AcDbLine
 10
11.98908631388002
 20
121.74999999964
 30
0.0
 11
11.60368387412001
 21
120.34993182188
 31
0.0
  0
LINE
  5
379
330
223
100
AcDbEntity
  8
03___PRT_ALL_CURVES
  6
Continuous
 62
     4
100
AcDbLine
 10
11.91916798026003
 20
119.25000000092
 30
0.0
 11
12.35572998242003
 21
120.82401084832
 31
0.0
  0
LINE
  5
37A
330
223
100
AcDbEntity
  8
02___PRT_ALL_AXES
  6
Continuous
 62
     7
100
AcDbLine
 10
16.46999999872003
 20
45.98000000069999
 30
0.0
 11
24.09999999904002
 21
45.98000000069999
 31
0.0
  0
LINE
  5
37B
330
223
100
AcDbEntity
  8
0
  6
Continuous
 62
     7
100
AcDbLine
 10
16.06999999862003
 20
46.5799999818
 30
0.0
 11
24.49999999914002
 21
46.5799999818
 31
0.0
  0
LINE
  5
37C
330
223
100
AcDbEntity
  8
0
  6
Continuous
 62
     7
100
AcDbLine
 10
23.24725382798002
 20
46.68785565636
 30
0.0
 11
18.14725730713999
 21
46.69381165664001
 31
0.0
  0
LINE
  5
37D
330
223
100
AcDbEntity
  8
0
  6
Continuous
 62
     7
100
AcDbLine
 10
23.24725382798002
 20
46.69461588413998
 30
0.0
 11
18.14725730713999
 21
46.70057188441999
 31
0.0
  0
LINE
  5
37E
330
223
100
AcDbEntity
  8
0
  6
Continuous
 62
     7
100
AcDbLine
 10
-0.2500000003799983
 20
5.999999998960007
 30
0.0
 11
-0.2500000003799983
 21
124.00000000052
 31
0.0
  0
LINE
  5
37F
330
223
100
AcDbEntity
  8
0
  6
Continuous
 62
     7
100
AcDbLine
 10
0.0
 20
129.99999999948
 30
0.0
 11
0.0
 21
124.00000000052
 31
0.0
  0
LINE
  5
380
330
223
100
AcDbEntity
  8
0
  6
Continuous
 62
     7
100
AcDbLine
 10
0.0
 20
5.999999998960007
 30
0.0
 11
0.0
 21
0.0
 31
0.0
  0
LINE
  5
381
330
223
100
AcDbEntity
  8
02___PRT_ALL_AXES
  6
Continuous
 62
     7
100
AcDbLine
 10
2.499999998720028
 20
129.99999999948
 30
0.0
 11
2.499999998720028
 21
124.00000000052
 31
0.0
  0
LINE
  5
382
330
223
100
AcDbEntity
  8
02___PRT_ALL_AXES
  6
Continuous
 62
     7
100
AcDbLine
 10
2.499999998720028
 20
5.999999998960007
 30
0.0
 11
2.499999998720028
 21
0.0
 31
0.0
  0
LINE
  5
383
330
223
100
AcDbEntity
  8
03___PRT_ALL_CURVES
  6
Continuous
 62
     4
100
AcDbLine
 10
13.37210123136001
 20
121.74999999964
 30
0.0
 11
13.10777668508001
 21
120.3516371093
 31
0.0
  0
LINE
  5
384
330
223
100
AcDbEntity
  8
03___PRT_ALL_CURVES
  6
Continuous
 62
     4
100
AcDbLine
 10
13.55116014172003
 20
119.25000000092
 30
0.0
 11
14.10368387284001
 21
121.74999999964
 31
0.0
  0
LINE
  5
385
330
223
100
AcDbEntity
  8
0
  6
Continuous
 62
     2
100
AcDbLine
 10
21.96575231936004
 20
91.79999999881997
 30
0.0
 11
22.06575231748002
 21
91.89999999947997
 31
0.0
  0
LINE
  5
386
330
223
100
AcDbEntity
  8
0
  6
Continuous
 62
     7
100
AcDbLine
 10
16.06999999862003
 20
51.57999998177996
 30
0.0
 11
16.38000000092003
 21
51.57999998177996
 31
0.0
  0
LINE
  5
387
330
223
100
AcDbEntity
  8
0
  6
Continuous
 62
     7
100
AcDbLine
 10
17.64000000060003
 20
51.57999998177996
 30
0.0
 11
18.15297973663999
 21
51.57999998177996
 31
0.0
  0
LINE
  5
388
330
223
100
AcDbEntity
  8
03___PRT_ALL_CURVES
  6
Continuous
 62
     4
100
AcDbLine
 10
7.049999999540006
 20
51.85000000058
 30
0.0
 11
6.249999999340019
 21
51.85000000058
 31
0.0
  0
LINE
  5
389
330
223
100
AcDbEntity
  8
03___PRT_ALL_CURVES
  6
Continuous
 62
     4
100
AcDbLine
 10
4.649999998940018
 20
51.85000000058
 30
0.0
 11
4.349999999500028
 21
51.85000000058
 31
0.0
  0
LINE
  5
38A
330
223
100
AcDbEntity
  8
03___PRT_ALL_CURVES
  6
Continuous
 62
     4
100
AcDbLine
 10
8.649999999940007
 20
51.85000000058
 30
0.0
 11
8.949999999380026
 21
51.85000000058
 31
0.0
  0
LINE
  5
38B
330
223
100
AcDbEntity
  8
03___PRT_ALL_CURVES
  6
Continuous
 62
     4
100
AcDbLine
 10
6.249999999340019
 20
52.15000000002001
 30
0.0
 11
7.049999999540006
 21
52.15000000002001
 31
0.0
  0
LINE
  5
38C
330
223
100
AcDbEntity
  8
0
  6
Continuous
 62
     7
100
AcDbLine
 10
20.39952578710003
 20
48.63928995769999
 30
0.0
 11
19.41209688058001
 21
48.64044312023998
 31
0.0
  0
LINE
  5
38D
330
223
100
AcDbEntity
  8
0
  6
Continuous
 62
     7
100
AcDbLine
 10
21.98695435722004
 20
48.63743625045998
 30
0.0
 11
20.99952537704002
 21
48.63858941300001
 31
0.0
  0
LINE
  5
38E
330
223
100
AcDbEntity
  8
0
  6
Continuous
 62
     7
100
AcDbLine
 10
19.41304571282004
 20
49.45290832537998
 30
0.0
 11
20.40047461934003
 21
49.45175516283999
 31
0.0
  0
LINE
  5
38F
330
223
100
AcDbEntity
  8
0
  6
Continuous
 62
     7
100
AcDbLine
 10
21.00047421182003
 20
49.45105451654001
 30
0.0
 11
21.98790319200003
 21
49.44990135399999
 31
0.0
  0
LINE
  5
390
330
223
100
AcDbEntity
  8
0
  6
Continuous
 62
     7
100
AcDbLine
 10
18.15297263226003
 20
51.58772287718
 30
0.0
 11
17.73224133250002
 21
51.58821422493997
 31
0.0
  0
LINE
  5
391
330
223
100
AcDbEntity
  8
0
  6
Continuous
 62
     7
100
AcDbLine
 10
24.50297540594002
 20
51.58624895073999
 30
0.0
 11
23.75297592042003
 21
51.58712483418
 31
0.0
  0
LINE
  5
392
330
223
100
AcDbEntity
  8
0
  6
Continuous
 62
     7
100
AcDbLine
 10
17.73224133250002
 20
51.59415611043997
 30
0.0
 11
10.30298509122005
 21
51.60283231864
 31
0.0
  0
LINE
  5
393
330
223
100
AcDbEntity
  8
0
  6
Continuous
 62
     7
100
AcDbLine
 10
23.25297626002001
 20
51.59461130384
 30
0.0
 11
18.15297973918004
 21
51.60056730157999
 31
0.0
  0
LINE
  5
394
330
223
100
AcDbEntity
  8
0
  6
Continuous
 62
     7
100
AcDbLine
 10
21.90297718202004
 20
51.59948972689998
 30
0.0
 11
24.50297540848001
 21
51.59645333723998
 31
0.0
  0
LINE
  5
395
330
223
100
AcDbEntity
  8
0
  6
Continuous
 62
     7
100
AcDbLine
 10
10.30298509122005
 20
51.61374830645997
 30
0.0
 11
16.65298076052002
 21
51.60633250467998
 31
0.0
  0
LINE
  5
396
330
223
100
AcDbEntity
  8
0
  6
Continuous
 62
     7
100
AcDbLine
 10
16.65298076052002
 20
51.60839615308001
 30
0.0
 11
20.20297833920003
 21
51.60425031174
 31
0.0
  0
LINE
  5
397
330
223
100
AcDbEntity
  8
0
  6
Continuous
 62
     7
100
AcDbLine
 10
14.95193174200003
 20
52.04831806723999
 30
0.0
 11
13.25506095744004
 21
52.05029974729999
 31
0.0
  0
LINE
  5
398
330
223
100
AcDbEntity
  8
0
  6
Continuous
 62
     7
100
AcDbLine
 10
21.90297718202004
 20
51.59948972689998
 30
0.0
 11
20.20297833920003
 21
51.60425031174
 31
0.0
  0
LINE
  5
399
330
223
100
AcDbEntity
  8
02___PRT_ALL_AXES
  6
Continuous
 62
     7
100
AcDbLine
 10
4.99999999998002
 20
129.99999999948
 30
0.0
 11
4.99999999998002
 21
124.00000000052
 31
0.0
  0
LINE
  5
39A
330
223
100
AcDbEntity
  8
02___PRT_ALL_AXES
  6
Continuous
 62
     7
100
AcDbLine
 10
4.99999999998002
 20
5.999999998960007
 30
0.0
 11
4.99999999998002
 21
0.0
 31
0.0
  0
LINE
  5
39B
330
223
100
AcDbEntity
  8
03___PRT_ALL_CURVES
  6
Continuous
 62
     4
100
AcDbLine
 10
5.44999545762002
 20
23.05117560443998
 30
0.0
 11
5.44999545762002
 21
23.35117560387999
 31
0.0
  0
LINE
  5
39C
330
223
100
AcDbEntity
  8
03___PRT_ALL_CURVES
  6
Continuous
 62
     4
100
AcDbLine
 10
5.449999999140005
 20
53.05000000087998
 30
0.0
 11
5.449999999140005
 21
53.35000000031999
 31
0.0
  0
LINE
  5
39D
330
223
100
AcDbEntity
  8
03___PRT_ALL_CURVES
  6
Continuous
 62
     4
100
AcDbLine
 10
5.74999545706001
 20
22.45117560301998
 30
0.0
 11
5.74999545706001
 21
22.75117560499999
 31
0.0
  0
LINE
  5
39E
330
223
100
AcDbEntity
  8
03___PRT_ALL_CURVES
  6
Continuous
 62
     4
100
AcDbLine
 10
5.749999998580023
 20
29.04999999995997
 30
0.0
 11
5.749999998580023
 21
29.34999999939998
 31
0.0
  0
LINE
  5
39F
330
223
100
AcDbEntity
  8
03___PRT_ALL_CURVES
  6
Continuous
 62
     4
100
AcDbLine
 10
5.749999998580023
 20
35.04999999891999
 30
0.0
 11
5.749999998580023
 21
35.3500000009
 31
0.0
  0
LINE
  5
3A0
330
223
100
AcDbEntity
  8
03___PRT_ALL_CURVES
  6
Continuous
 62
     4
100
AcDbLine
 10
5.749999998580023
 20
52.44999999945998
 30
0.0
 11
5.749999998580023
 21
52.74999999889999
 31
0.0
  0
LINE
  5
3A1
330
223
100
AcDbEntity
  8
03___PRT_ALL_CURVES
  6
Continuous
 62
     4
100
AcDbLine
 10
5.749999998580023
 20
59.04999999983997
 30
0.0
 11
5.749999998580023
 21
59.34999999927999
 31
0.0
  0
LINE
  5
3A2
330
223
100
AcDbEntity
  8
03___PRT_ALL_CURVES
  6
Continuous
 62
     4
100
AcDbLine
 10
5.749999998580023
 20
65.04999999879999
 30
0.0
 11
5.749999998580023
 21
65.35000000077997
 31
0.0
  0
LINE
  5
3A3
330
223
100
AcDbEntity
  8
03___PRT_ALL_CURVES
  6
Continuous
 62
     4
100
AcDbLine
 10
6.249999999340019
 20
21.84989651601998
 30
0.0
 11
6.249999999340019
 21
22.14989651545997
 31
0.0
  0
LINE
  5
3A4
330
223
100
AcDbEntity
  8
03___PRT_ALL_CURVES
  6
Continuous
 62
     4
100
AcDbLine
 10
6.249999999340019
 20
51.85000000058
 30
0.0
 11
6.249999999340019
 21
52.15000000002001
 31
0.0
  0
LINE
  5
3A5
330
223
100
AcDbEntity
  8
03___PRT_ALL_CURVES
  6
Continuous
 62
     4
100
AcDbLine
 10
6.499999999720018
 20
23.35426358347999
 30
0.0
 11
6.499999999720018
 21
23.84426358392
 31
0.0
  0
LINE
  5
3A6
330
223
100
AcDbEntity
  8
03___PRT_ALL_CURVES
  6
Continuous
 62
     4
100
AcDbLine
 10
6.499999999720018
 20
24.14500000047997
 30
0.0
 11
6.499999999720018
 21
24.6449999987
 31
0.0
  0
LINE
  5
3A7
330
223
100
AcDbEntity
  8
03___PRT_ALL_CURVES
  6
Continuous
 62
     4
100
AcDbLine
 10
6.499999999720018
 20
34.30000000031998
 30
0.0
 11
6.499999999720018
 21
35.04999999891999
 31
0.0
  0
LINE
  5
3A8
330
223
100
AcDbEntity
  8
03___PRT_ALL_CURVES
  6
Continuous
 62
     4
100
AcDbLine
 10
6.499999999720018
 20
35.3500000009
 30
0.0
 11
6.499999999720018
 21
36.0999999995
 31
0.0
  0
LINE
  5
3A9
330
223
100
AcDbEntity
  8
03___PRT_ALL_CURVES
  6
Continuous
 62
     4
100
AcDbLine
 10
6.499999999720018
 20
53.35436706804001
 30
0.0
 11
6.499999999720018
 21
53.84436706847998
 31
0.0
  0
LINE
  5
3AA
330
223
100
AcDbEntity
  8
03___PRT_ALL_CURVES
  6
Continuous
 62
     4
100
AcDbLine
 10
6.499999999720018
 20
54.14510348250002
 30
0.0
 11
6.499999999720018
 21
54.64510348325999
 31
0.0
  0
LINE
  5
3AB
330
223
100
AcDbEntity
  8
03___PRT_ALL_CURVES
  6
Continuous
 62
     4
100
AcDbLine
 10
6.499999999720018
 20
64.30000000019999
 30
0.0
 11
6.499999999720018
 21
65.04999999879999
 31
0.0
  0
LINE
  5
3AC
330
223
100
AcDbEntity
  8
03___PRT_ALL_CURVES
  6
Continuous
 62
     4
100
AcDbLine
 10
6.499999999720018
 20
65.35000000077997
 30
0.0
 11
6.499999999720018
 21
66.09999999937997
 31
0.0
  0
LINE
  5
3AD
330
223
100
AcDbEntity
  8
03___PRT_ALL_CURVES
  6
Continuous
 62
     4
100
AcDbLine
 10
6.799999999160008
 20
66.09999999937997
 30
0.0
 11
6.799999999160008
 21
65.35000000077997
 31
0.0
  0
LINE
  5
3AE
330
223
100
AcDbEntity
  8
03___PRT_ALL_CURVES
  6
Continuous
 62
     4
100
AcDbLine
 10
6.799999999160008
 20
65.04999999879999
 30
0.0
 11
6.799999999160008
 21
64.30000000019999
 31
0.0
  0
LINE
  5
3AF
330
223
100
AcDbEntity
  8
03___PRT_ALL_CURVES
  6
Continuous
 62
     4
100
AcDbLine
 10
6.799999999160008
 20
54.64510348325999
 30
0.0
 11
6.799999999160008
 21
54.14510348250002
 31
0.0
  0
LINE
  5
3B0
330
223
100
AcDbEntity
  8
03___PRT_ALL_CURVES
  6
Continuous
 62
     4
100
AcDbLine
 10
6.799999999160008
 20
53.84436706847998
 30
0.0
 11
6.799999999160008
 21
53.35436706804001
 31
0.0
  0
LINE
  5
3B1
330
223
100
AcDbEntity
  8
03___PRT_ALL_CURVES
  6
Continuous
 62
     4
100
AcDbLine
 10
6.799999999160008
 20
36.0999999995
 30
0.0
 11
6.799999999160008
 21
35.3500000009
 31
0.0
  0
LINE
  5
3B2
330
223
100
AcDbEntity
  8
03___PRT_ALL_CURVES
  6
Continuous
 62
     4
100
AcDbLine
 10
6.799999999160008
 20
35.04999999891999
 30
0.0
 11
6.799999999160008
 21
34.30000000031998
 31
0.0
  0
LINE
  5
3B3
330
223
100
AcDbEntity
  8
03___PRT_ALL_CURVES
  6
Continuous
 62
     4
100
AcDbLine
 10
6.799999999160008
 20
24.6449999987
 30
0.0
 11
6.799999999160008
 21
24.14500000047997
 31
0.0
  0
LINE
  5
3B4
330
223
100
AcDbEntity
  8
03___PRT_ALL_CURVES
  6
Continuous
 62
     4
100
AcDbLine
 10
6.799999999160008
 20
23.84426358392
 30
0.0
 11
6.799999999160008
 21
23.35426358347999
 31
0.0
  0
LINE
  5
3B5
330
223
100
AcDbEntity
  8
03___PRT_ALL_CURVES
  6
Continuous
 62
     4
100
AcDbLine
 10
7.049999999540006
 20
52.15000000002001
 30
0.0
 11
7.049999999540006
 21
51.85000000058
 31
0.0
  0
LINE
  5
3B6
330
223
100
AcDbEntity
  8
03___PRT_ALL_CURVES
  6
Continuous
 62
     4
100
AcDbLine
 10
7.049999999540006
 20
22.14989651545997
 30
0.0
 11
7.049999999540006
 21
21.84989651601998
 31
0.0
  0
LINE
  5
3B7
330
223
100
AcDbEntity
  8
02___PRT_ALL_AXES
  6
Continuous
 62
     7
100
AcDbLine
 10
7.399999998040016
 20
129.99999999948
 30
0.0
 11
7.399999998040016
 21
124.00000000052
 31
0.0
  0
LINE
  5
3B8
330
223
100
AcDbEntity
  8
02___PRT_ALL_AXES
  6
Continuous
 62
     7
100
AcDbLine
 10
7.399999998040016
 20
5.999999998960007
 30
0.0
 11
7.399999998040016
 21
0.0
 31
0.0
  0
LINE
  5
3B9
330
223
100
AcDbEntity
  8
03___PRT_ALL_CURVES
  6
Continuous
 62
     4
100
AcDbLine
 10
7.549995458780046
 20
22.75117560499999
 30
0.0
 11
7.549995458780046
 21
22.45117560301998
 31
0.0
  0
LINE
  5
3BA
330
223
100
AcDbEntity
  8
03___PRT_ALL_CURVES
  6
Continuous
 62
     4
100
AcDbLine
 10
7.54999999776004
 20
65.35000000077997
 30
0.0
 11
7.54999999776004
 21
65.04999999879999
 31
0.0
  0
LINE
  5
3BB
330
223
100
AcDbEntity
  8
03___PRT_ALL_CURVES
  6
Continuous
 62
     4
100
AcDbLine
 10
7.54999999776004
 20
59.34999999927999
 30
0.0
 11
7.54999999776004
 21
59.04999999983997
 31
0.0
  0
LINE
  5
3BC
330
223
100
AcDbEntity
  8
03___PRT_ALL_CURVES
  6
Continuous
 62
     4
100
AcDbLine
 10
7.54999999776004
 20
52.74999999889999
 30
0.0
 11
7.54999999776004
 21
52.44999999945998
 31
0.0
  0
LINE
  5
3BD
330
223
100
AcDbEntity
  8
03___PRT_ALL_CURVES
  6
Continuous
 62
     4
100
AcDbLine
 10
7.54999999776004
 20
35.3500000009
 30
0.0
 11
7.54999999776004
 21
35.04999999891999
 31
0.0
  0
LINE
  5
3BE
330
223
100
AcDbEntity
  8
03___PRT_ALL_CURVES
  6
Continuous
 62
     4
100
AcDbLine
 10
7.54999999776004
 20
29.34999999939998
 30
0.0
 11
7.54999999776004
 21
29.04999999995997
 31
0.0
  0
LINE
  5
3BF
330
223
100
AcDbEntity
  8
03___PRT_ALL_CURVES
  6
Continuous
 62
     4
100
AcDbLine
 10
31.11991827311999
 20
59.31623463628
 30
0.0
 11
31.33819906592001
 21
59.36480216931997
 31
0.0
  0
LINE
  5
3C0
330
223
100
AcDbEntity
  8
03___PRT_ALL_CURVES
  6
Continuous
 62
     4
100
AcDbLine
 10
6.499999999720018
 20
53.35436706804001
 30
0.0
 11
5.449999999140005
 21
53.35000000031999
 31
0.0
  0
LINE
  5
3C1
330
223
100
AcDbEntity
  8
03___PRT_ALL_CURVES
  6
Continuous
 62
     4
100
AcDbLine
 10
7.54999999776004
 20
52.44999999945998
 30
0.0
 11
5.749999998580023
 21
52.44999999945998
 31
0.0
  0
LINE
  5
3C2
330
223
100
AcDbEntity
  8
03___PRT_ALL_CURVES
  6
Continuous
 62
     4
100
AcDbLine
 10
5.749999998580023
 20
52.74999999889999
 30
0.0
 11
7.54999999776004
 21
52.74999999889999
 31
0.0
  0
LINE
  5
3C3
330
223
100
AcDbEntity
  8
03___PRT_ALL_CURVES
  6
Continuous
 62
     4
100
AcDbLine
 10
7.849999999740021
 20
53.05000000087998
 30
0.0
 11
5.449999999140005
 21
53.05000000087998
 31
0.0
  0
LINE
  5
3C4
330
223
100
AcDbEntity
  8
03___PRT_ALL_CURVES
  6
Continuous
 62
     4
100
AcDbLine
 10
6.499999999720018
 20
54.64510348325999
 30
0.0
 11
6.799999999160008
 21
54.64510348325999
 31
0.0
  0
LINE
  5
3C5
330
223
100
AcDbEntity
  8
0
  6
Continuous
 62
     7
100
AcDbLine
 10
20.20372575706
 20
52.24424852627999
 30
0.0
 11
16.65372818092001
 21
52.24839436761999
 31
0.0
  0
LINE
  5
3C6
330
223
100
AcDbEntity
  8
0
  6
Continuous
 62
     7
100
AcDbLine
 10
17.50384438518003
 20
52.34565818121999
 30
0.0
 11
19.48384303376005
 21
52.34334585411997
 31
0.0
  0
LINE
  5
3C7
330
223
100
AcDbEntity
  8
0
  6
Continuous
 62
     7
100
AcDbLine
 10
19.00450214586002
 20
52.34567935211999
 30
0.0
 11
17.98318527308001
 21
52.34687209039998
 31
0.0
  0
LINE
  5
3C8
330
223
100
AcDbEntity
  8
0
  6
Continuous
 62
     7
100
AcDbLine
 10
16.90384479270003
 20
52.34823933176
 30
0.0
 11
17.50384438518003
 21
52.34753862704
 31
0.0
  0
LINE
  5
3C9
330
223
100
AcDbEntity
  8
0
  6
Continuous
 62
     7
100
AcDbLine
 10
19.48384303376005
 20
52.34522629739999
 30
0.0
 11
20.08384262370004
 21
52.34452559268001
 31
0.0
  0
LINE
  5
3CA
330
223
100
AcDbEntity
  8
0
  6
Continuous
 62
     7
100
AcDbLine
 10
20.08384262370004
 20
52.34520161367999
 30
0.0
 11
19.00450214586002
 21
52.34646211661999
 31
0.0
  0
LINE
  5
3CB
330
223
100
AcDbEntity
  8
0
  6
Continuous
 62
     7
100
AcDbLine
 10
17.98318527308001
 20
52.34765485489999
 30
0.0
 11
16.90384479270003
 21
52.34891535529999
 31
0.0
  0
LINE
  5
3CC
330
223
100
AcDbEntity
  8
0
  6
Continuous
 62
     7
100
AcDbLine
 10
22.55481254078003
 20
53.17068981537997
 30
0.0
 11
21.60481318856003
 21
53.17179926451999
 31
0.0
  0
LINE
  5
3CD
330
223
100
AcDbEntity
  8
0
  6
Continuous
 62
     7
100
AcDbLine
 10
22.55707357512003
 20
55.09892952252002
 30
0.0
 11
21.60707422290002
 21
55.10003897419998
 31
0.0
  0
LINE
  5
3CE
330
223
100
AcDbEntity
  8
0
  6
Continuous
 62
     7
100
AcDbLine
 10
21.60707422036003
 20
55.10787377437998
 30
0.0
 11
22.55707357512003
 21
55.1067643227
 31
0.0
  0
LINE
  5
3CF
330
223
100
AcDbEntity
  8
0
  6
Continuous
 62
     7
100
AcDbLine
 10
19.00870638180004
 20
55.94567598751999
 30
0.0
 11
17.98738950648001
 21
55.94686872579999
 31
0.0
  0
LINE
  5
3D0
330
223
100
AcDbEntity
  8
0
  6
Continuous
 62
     7
100
AcDbLine
 10
16.90804902864002
 20
55.94891198815998
 30
0.0
 11
17.98738950648001
 21
55.94765148776
 31
0.0
  0
LINE
  5
3D1
330
223
100
AcDbEntity
  8
0
  6
Continuous
 62
     7
100
AcDbLine
 10
19.00870638180004
 20
55.94645874947997
 30
0.0
 11
20.08804685964
 21
55.94519824907999
 31
0.0
  0
LINE
  5
3D2
330
223
100
AcDbEntity
  8
0
  6
Continuous
 62
     7
100
AcDbLine
 10
16.65816598256001
 20
56.04839081637999
 30
0.0
 11
20.20816356124004
 21
56.0442449725
 31
0.0
  0
LINE
  5
3D3
330
223
100
AcDbEntity
  8
0
  6
Continuous
 62
     7
100
AcDbLine
 10
14.05857650306001
 20
56.39936323102
 30
0.0
 11
14.15857643514002
 21
56.39924644689998
 31
0.0
  0
LINE
  5
3D4
330
223
100
AcDbEntity
  8
0
  6
Continuous
 62
     7
100
AcDbLine
 10
20.20372575959999
 20
52.24424852627999
 30
0.0
 11
21.90372459988004
 21
52.23948794397998
 31
0.0
  0
LINE
  5
3D5
330
223
100
AcDbEntity
  8
0
  6
Continuous
 62
     7
100
AcDbLine
 10
21.90816240406002
 20
56.03948439019999
 30
0.0
 11
20.20816356124004
 21
56.0442449725
 31
0.0
  0
LINE
  5
3D6
330
223
100
AcDbEntity
  8
03___PRT_ALL_CURVES
  6
Continuous
 62
     4
100
AcDbLine
 10
7.849999999740021
 20
53.35000000031999
 30
0.0
 11
6.799999999160008
 21
53.35436706804001
 31
0.0
  0
LINE
  5
3D7
330
223
100
AcDbEntity
  8
03___PRT_ALL_CURVES
  6
Continuous
 62
     4
100
AcDbLine
 10
7.849995458220036
 20
23.35117560387999
 30
0.0
 11
7.849995458220036
 21
23.05117560443998
 31
0.0
  0
LINE
  5
3D8
330
223
100
AcDbEntity
  8
03___PRT_ALL_CURVES
  6
Continuous
 62
     4
100
AcDbLine
 10
7.849999999740021
 20
53.35000000031999
 30
0.0
 11
7.849999999740021
 21
53.05000000087998
 31
0.0
  0
LINE
  5
3D9
330
223
100
AcDbEntity
  8
03___PRT_ALL_CURVES
  6
Continuous
 62
     4
100
AcDbLine
 10
8.33799478194004
 20
121.74999999964
 30
0.0
 11
8.33799478194004
 21
119.25000000092
 31
0.0
  0
LINE
  5
3DA
330
223
100
AcDbEntity
  8
03___PRT_ALL_CURVES
  6
Continuous
 62
     4
100
AcDbLine
 10
9.11391568120004
 20
119.25000000092
 30
0.0
 11
9.11391568120004
 21
120.17769443966
 31
0.0
  0
LINE
  5
3DB
330
223
100
AcDbEntity
  8
03___PRT_ALL_CURVES
  6
Continuous
 62
     4
100
AcDbLine
 10
9.11391568120004
 20
120.68417462558
 30
0.0
 11
9.11391568120004
 21
121.24181452376
 31
0.0
  0
LINE
  5
3DC
330
223
100
AcDbEntity
  8
02___PRT_ALL_AXES
  6
Continuous
 62
     7
100
AcDbLine
 10
9.899999999300036
 20
129.99999999948
 30
0.0
 11
9.899999999300036
 21
124.00000000052
 31
0.0
  0
LINE
  5
3DD
330
223
100
AcDbEntity
  8
02___PRT_ALL_AXES
  6
Continuous
 62
     7
100
AcDbLine
 10
9.899999999300036
 20
5.999999998960007
 30
0.0
 11
9.899999999300036
 21
0.0
 31
0.0
  0
LINE
  5
3DE
330
223
100
AcDbEntity
  8
0
  6
Continuous
 62
     7
100
AcDbLine
 10
10.32078302108002
 20
66.85373405706
 30
0.0
 11
10.30298509122005
 21
51.60283231864
 31
0.0
  0
LINE
  5
3DF
330
223
100
AcDbEntity
  8
0
  6
Continuous
 62
     7
100
AcDbLine
 10
10.32078302108002
 20
36.85373405717999
 30
0.0
 11
10.30298509122005
 21
21.60283231875999
 31
0.0
  0
LINE
  5
3E0
330
223
100
AcDbEntity
  8
0
  6
Continuous
 62
     7
100
AcDbLine
 10
10.92695373152
 20
55.01164902906001
 30
0.0
 11
10.93088088902002
 21
58.37438877295997
 31
0.0
  0
LINE
  5
3E1
330
223
100
AcDbEntity
  8
0
  6
Continuous
 62
     7
100
AcDbLine
 10
10.93288637396003
 20
60.09164427925998
 30
0.0
 11
10.93681353146002
 21
63.45438402061998
 31
0.0
  0
LINE
  5
3E2
330
223
100
AcDbEntity
  8
0
  6
Continuous
 62
     7
100
AcDbLine
 10
10.92695373152
 20
25.01164902917998
 30
0.0
 11
10.93088088902002
 21
28.37438877308
 31
0.0
  0
LINE
  5
3E3
330
223
100
AcDbEntity
  8
0
  6
Continuous
 62
     7
100
AcDbLine
 10
10.93288637396003
 20
30.09164427937998
 30
0.0
 11
10.93681353146002
 21
33.45438402073998
 31
0.0
  0
LINE
  5
3E4
330
223
100
AcDbEntity
  8
0
  6
Continuous
 62
     7
100
AcDbLine
 10
11.85589196254
 20
54.10193463563999
 30
0.0
 11
11.85600874666
 21
54.20193454231998
 31
0.0
  0
LINE
  5
3E5
330
223
100
AcDbEntity
  8
0
  6
Continuous
 62
     7
100
AcDbLine
 10
11.86182460752002
 20
59.18193107202001
 30
0.0
 11
11.86194139164002
 21
59.28193097869999
 31
0.0
  0
LINE
  5
3E6
330
223
100
AcDbEntity
  8
0
  6
Continuous
 62
     7
100
AcDbLine
 10
11.86775724996002
 20
64.26192632222
 30
0.0
 11
11.86787403407999
 21
64.36192622889996
 31
0.0
  0
LINE
  5
3E7
330
223
100
AcDbEntity
  8
0
  6
Continuous
 62
     7
100
AcDbLine
 10
11.85589196254
 20
24.10193463575999
 30
0.0
 11
11.85600874666
 21
24.20193454244
 31
0.0
  0
LINE
  5
3E8
330
223
100
AcDbEntity
  8
0
  6
Continuous
 62
     7
100
AcDbLine
 10
11.86182460752002
 20
29.18193107214
 30
0.0
 11
11.86194139164002
 21
29.28193097881999
 31
0.0
  0
LINE
  5
3E9
330
223
100
AcDbEntity
  8
0
  6
Continuous
 62
     7
100
AcDbLine
 10
11.86775724996002
 20
34.26192632233997
 30
0.0
 11
11.86787403407999
 21
34.36192622901999
 31
0.0
  0
LINE
  5
3EA
330
223
100
AcDbEntity
  8
03___PRT_ALL_CURVES
  6
Continuous
 62
     4
100
AcDbLine
 10
20.04331593056003
 20
120.82060027094
 30
0.0
 11
20.10300163796003
 21
121.1957708287
 31
0.0
  0
LINE
  5
3EB
330
223
100
AcDbEntity
  8
03___PRT_ALL_CURVES
  6
Continuous
 62
     4
100
AcDbLine
 10
19.57094196802001
 20
121.74999999964
 30
0.0
 11
19.35095552966001
 21
120.4062073964
 31
0.0
  0
LINE
  5
3EC
330
223
100
AcDbEntity
  8
03___PRT_ALL_CURVES
  6
Continuous
 62
     4
100
AcDbLine
 10
25.69999999944002
 20
58.79999999945997
 30
0.0
 11
26.36684858700002
 21
58.79999999945997
 31
0.0
  0
LINE
  5
3ED
330
223
100
AcDbEntity
  8
03___PRT_ALL_CURVES
  6
Continuous
 62
     4
100
AcDbLine
 10
26.84379265216
 20
58.79999999945997
 30
0.0
 11
27.03751709326005
 21
58.79999999945997
 31
0.0
  0
LINE
  5
3EE
330
223
100
AcDbEntity
  8
03___PRT_ALL_CURVES
  6
Continuous
 62
     4
100
AcDbLine
 10
27.46643927072003
 20
58.79999999945997
 30
0.0
 11
27.73437921998001
 21
58.79999999945997
 31
0.0
  0
LINE
  5
3EF
330
223
100
AcDbEntity
  8
03___PRT_ALL_CURVES
  6
Continuous
 62
     4
100
AcDbLine
 10
28.40504782022003
 20
58.79999999945997
 30
0.0
 11
28.65716230710001
 21
58.79999999945997
 31
0.0
  0
LINE
  5
3F0
330
223
100
AcDbEntity
  8
03___PRT_ALL_CURVES
  6
Continuous
 62
     4
100
AcDbLine
 10
29.01678030262002
 20
58.79999999945997
 30
0.0
 11
29.27598898410002
 21
58.79999999945997
 31
0.0
  0
LINE
  5
3F1
330
223
100
AcDbEntity
  8
03___PRT_ALL_CURVES
  6
Continuous
 62
     4
100
AcDbLine
 10
29.73055937290002
 20
58.79999999945997
 30
0.0
 11
30.09781706358001
 21
58.79999999945997
 31
0.0
  0
LINE
  5
3F2
330
223
100
AcDbEntity
  8
03___PRT_ALL_CURVES
  6
Continuous
 62
     4
100
AcDbLine
 10
28.69590723342003
 20
58.93206002743997
 30
0.0
 11
28.97694418213999
 21
58.93206002743997
 31
0.0
  0
LINE
  5
3F3
330
223
100
AcDbEntity
  8
03___PRT_ALL_CURVES
  6
Continuous
 62
     4
100
AcDbLine
 10
26.43888132584001
 20
58.94952250712001
 30
0.0
 11
26.84379265216
 21
58.94952250712001
 31
0.0
  0
LINE
  5
3F4
330
223
100
AcDbEntity
  8
03___PRT_ALL_CURVES
  6
Continuous
 62
     4
100
AcDbLine
 10
27.03751709326005
 20
58.94952250712001
 30
0.0
 11
27.13792631586003
 21
58.94952250712001
 31
0.0
  0
LINE
  5
3F5
330
223
100
AcDbEntity
  8
03___PRT_ALL_CURVES
  6
Continuous
 62
     4
100
AcDbLine
 10
26.36684858700002
 20
58.98117326424
 30
0.0
 11
26.01978170684001
 21
58.98117326424
 31
0.0
  0
LINE
  5
3F6
330
223
100
AcDbEntity
  8
03___PRT_ALL_CURVES
  6
Continuous
 62
     4
100
AcDbLine
 10
30.03833563314001
 20
58.98171895783997
 30
0.0
 11
29.97776243704001
 21
58.98171895783997
 31
0.0
  0
LINE
  5
3F7
330
223
100
AcDbEntity
  8
03___PRT_ALL_CURVES
  6
Continuous
 62
     4
100
AcDbLine
 10
7.54999999776004
 20
59.04999999983997
 30
0.0
 11
5.749999998580023
 21
59.04999999983997
 31
0.0
  0
LINE
  5
3F8
330
223
100
AcDbEntity
  8
03___PRT_ALL_CURVES
  6
Continuous
 62
     4
100
AcDbLine
 10
28.92564794995999
 20
59.10504775106
 30
0.0
 11
28.74993174056002
 21
59.10504775106
 31
0.0
  0
LINE
  5
3F9
330
223
100
AcDbEntity
  8
03___PRT_ALL_CURVES
  6
Continuous
 62
     4
100
AcDbLine
 10
27.13792631586003
 20
59.12196452697998
 30
0.0
 11
27.03751709326005
 21
59.12196452697998
 31
0.0
  0
LINE
  5
3FA
330
223
100
AcDbEntity
  8
03___PRT_ALL_CURVES
  6
Continuous
 62
     4
100
AcDbLine
 10
26.84379265216
 20
59.12196452697998
 30
0.0
 11
26.62933151644003
 21
59.12196452697998
 31
0.0
  0
LINE
  5
3FB
330
223
100
AcDbEntity
  8
03___PRT_ALL_CURVES
  6
Continuous
 62
     4
100
AcDbLine
 10
5.749999998580023
 20
59.34999999927999
 30
0.0
 11
7.54999999776004
 21
59.34999999927999
 31
0.0
  0
LINE
  5
3FC
330
223
100
AcDbEntity
  8
03___PRT_ALL_CURVES
  6
Continuous
 62
     4
100
AcDbLine
 10
29.97776243704001
 20
59.41882672218
 30
0.0
 11
30.03942701780002
 21
59.41882672218
 31
0.0
  0
LINE
  5
3FD
330
223
100
AcDbEntity
  8
03___PRT_ALL_CURVES
  6
Continuous
 62
     4
100
AcDbLine
 10
30.09781706358001
 20
59.59999999966001
 30
0.0
 11
29.73055937290002
 21
59.59999999966001
 31
0.0
  0
LINE
  5
3FE
330
223
100
AcDbEntity
  8
03___PRT_ALL_CURVES
  6
Continuous
 62
     4
100
AcDbLine
 10
28.97530691592002
 20
59.59999999966001
 30
0.0
 11
28.70572988840001
 21
59.59999999966001
 31
0.0
  0
LINE
  5
3FF
330
223
100
AcDbEntity
  8
03___PRT_ALL_CURVES
  6
Continuous
 62
     4
100
AcDbLine
 10
28.03178713164002
 20
59.59999999966001
 30
0.0
 11
27.78076402942003
 21
59.59999999966001
 31
0.0
  0
LINE
  5
400
330
223
100
AcDbEntity
  8
03___PRT_ALL_CURVES
  6
Continuous
 62
     4
100
AcDbLine
 10
27.42278311216
 20
59.59999999966001
 30
0.0
 11
27.16466572136002
 21
59.59999999966001
 31
0.0
  0
LINE
  5
401
330
223
100
AcDbEntity
  8
03___PRT_ALL_CURVES
  6
Continuous
 62
     4
100
AcDbLine
 10
27.03751709326005
 20
59.61364259620001
 30
0.0
 11
26.84379265216
 21
59.61364259620001
 31
0.0
  0
LINE
  5
402
330
223
100
AcDbEntity
  8
0
  6
Continuous
 62
     7
100
AcDbLine
 10
14.15925378456001
 20
56.97924709029999
 30
0.0
 11
14.05925384994001
 21
56.97936387441999
 31
0.0
  0
LINE
  5
403
330
223
100
AcDbEntity
  8
0
  6
Continuous
 62
     7
100
AcDbLine
 10
20.20965840204002
 20
57.32424377647996
 30
0.0
 11
16.65966082336001
 21
57.32838961781999
 31
0.0
  0
LINE
  5
404
330
223
100
AcDbEntity
  8
0
  6
Continuous
 62
     7
100
AcDbLine
 10
17.50977702762
 20
57.42565343141996
 30
0.0
 11
19.48977567620003
 21
57.42334110177998
 31
0.0
  0
LINE
  5
405
330
223
100
AcDbEntity
  8
0
  6
Continuous
 62
     7
100
AcDbLine
 10
19.01043479084004
 20
57.42567460231999
 30
0.0
 11
17.98911791552001
 21
57.42686734060001
 31
0.0
  0
LINE
  5
406
330
223
100
AcDbEntity
  8
0
  6
Continuous
 62
     7
100
AcDbLine
 10
16.90977743768005
 20
57.42823458195997
 30
0.0
 11
17.50977702762
 21
57.42753387723999
 31
0.0
  0
LINE
  5
407
330
223
100
AcDbEntity
  8
0
  6
Continuous
 62
     7
100
AcDbLine
 10
19.48977567620003
 20
57.42522154759999
 30
0.0
 11
20.08977526868003
 21
57.42452084287999
 31
0.0
  0
LINE
  5
408
330
223
100
AcDbEntity
  8
0
  6
Continuous
 62
     7
100
AcDbLine
 10
20.08977526868003
 20
57.42519686387999
 30
0.0
 11
19.01043479084004
 21
57.42645736428
 31
0.0
  0
LINE
  5
409
330
223
100
AcDbEntity
  8
0
  6
Continuous
 62
     7
100
AcDbLine
 10
17.98911791552001
 20
57.42765010255999
 30
0.0
 11
16.90977743768005
 21
57.42891060549999
 31
0.0
  0
LINE
  5
40A
330
223
100
AcDbEntity
  8
0
  6
Continuous
 62
     7
100
AcDbLine
 10
22.56074518576003
 20
58.25068506303998
 30
0.0
 11
21.610745831
 21
58.25179451471999
 31
0.0
  0
LINE
  5
40B
330
223
100
AcDbEntity
  8
0
  6
Continuous
 62
     7
100
AcDbLine
 10
22.56300621502001
 20
60.17892477271999
 30
0.0
 11
21.61300686534003
 21
60.18003422439998
 31
0.0
  0
LINE
  5
40C
330
223
100
AcDbEntity
  8
0
  6
Continuous
 62
     7
100
AcDbLine
 10
21.61300686534003
 20
60.18786902204002
 30
0.0
 11
22.56300620232003
 21
60.18675957289997
 31
0.0
  0
LINE
  5
40D
330
223
100
AcDbEntity
  8
0
  6
Continuous
 62
     7
100
AcDbLine
 10
19.01463902424004
 20
61.02567123518
 30
0.0
 11
17.99332214892004
 21
61.02686397346
 31
0.0
  0
LINE
  5
40E
330
223
100
AcDbEntity
  8
0
  6
Continuous
 62
     7
100
AcDbLine
 10
16.91398167107999
 20
61.02890723835998
 30
0.0
 11
17.99332215146001
 21
61.02764673795997
 31
0.0
  0
LINE
  5
40F
330
223
100
AcDbEntity
  8
0
  6
Continuous
 62
     7
100
AcDbLine
 10
19.01463902424004
 20
61.02645399968
 30
0.0
 11
20.09397950208
 21
61.02519349674
 31
0.0
  0
LINE
  5
410
330
223
100
AcDbEntity
  8
0
  6
Continuous
 62
     7
100
AcDbLine
 10
16.66409862500001
 20
61.12838606404
 30
0.0
 11
20.21409620368004
 21
61.1242402227
 31
0.0
  0
LINE
  5
411
330
223
100
AcDbEntity
  8
0
  6
Continuous
 62
     7
100
AcDbLine
 10
20.20965839950003
 20
57.32424377647996
 30
0.0
 11
21.90965724232004
 21
57.31948319163999
 31
0.0
  0
LINE
  5
412
330
223
100
AcDbEntity
  8
03___PRT_ALL_CURVES
  6
Continuous
 62
     4
100
AcDbLine
 10
25.71637107668005
 20
59.35825376483999
 30
0.0
 11
25.93901772308001
 21
59.34024558139998
 31
0.0
  0
LINE
  5
413
330
223
100
AcDbEntity
  8
0
  6
Continuous
 62
     7
100
AcDbLine
 10
23.80761122644003
 20
55.56641323829999
 30
0.0
 11
22.20815013530003
 21
56.02880362923997
 31
0.0
  0
LINE
  5
414
330
223
100
AcDbEntity
  8
0
  6
Continuous
 62
     7
100
AcDbLine
 10
10.93088088902002
 20
58.37438877295997
 30
0.0
 11
12.42912810080003
 21
56.87263841095998
 31
0.0
  0
LINE
  5
415
330
223
100
AcDbEntity
  8
0
  6
Continuous
 62
     7
100
AcDbLine
 10
10.93681353146002
 20
63.45438402061998
 30
0.0
 11
12.43506074324003
 21
61.95263365861999
 31
0.0
  0
LINE
  5
416
330
223
100
AcDbEntity
  8
0
  6
Continuous
 62
     7
100
AcDbLine
 10
14.24999999880001
 20
127.0
 30
0.0
 11
14.24999999880001
 21
126.1999999998
 31
0.0
  0
LINE
  5
417
330
223
100
AcDbEntity
  8
0
  6
Continuous
 62
     7
100
AcDbLine
 10
14.24999999880001
 20
3.799999999679997
 30
0.0
 11
14.24999999880001
 21
2.999999999479982
 31
0.0
  0
LINE
  5
418
330
223
100
AcDbEntity
  8
03___PRT_ALL_CURVES
  6
Continuous
 62
     4
100
AcDbLine
 10
14.36630312916003
 20
121.74999999964
 30
0.0
 11
14.36630312916003
 21
119.25000000092
 31
0.0
  0
LINE
  5
419
330
223
100
AcDbEntity
  8
03___PRT_ALL_CURVES
  6
Continuous
 62
     4
100
AcDbLine
 10
15.14222387856003
 20
119.25000000092
 30
0.0
 11
15.14222387856003
 21
120.26466573638
 31
0.0
  0
LINE
  5
41A
330
223
100
AcDbEntity
  8
03___PRT_ALL_CURVES
  6
Continuous
 62
     4
100
AcDbLine
 10
15.14222387856003
 20
120.73703962526
 30
0.0
 11
15.14222387856003
 21
121.24522510114
 31
0.0
  0
LINE
  5
41B
330
223
100
AcDbEntity
  8
0
  6
Continuous
 62
     7
100
AcDbLine
 10
15.46999999974003
 20
71.41999999944
 30
0.0
 11
15.46999999974003
 21
66.84772057658
 31
0.0
  0
LINE
  5
41C
330
223
100
AcDbEntity
  8
0
  6
Continuous
 62
     7
100
AcDbLine
 10
15.46999999974003
 20
51.59679805333997
 30
0.0
 11
15.46999999974003
 21
46.97999999967999
 31
0.0
  0
LINE
  5
41D
330
223
100
AcDbEntity
  8
0
  6
Continuous
 62
     7
100
AcDbLine
 10
15.46999999974003
 20
41.41999999955999
 30
0.0
 11
15.46999999974003
 21
36.8477205767
 31
0.0
  0
LINE
  5
41E
330
223
100
AcDbEntity
  8
0
  6
Continuous
 62
     7
100
AcDbLine
 10
15.46999999974003
 20
21.59679805345999
 30
0.0
 11
15.46999999974003
 21
16.97999999979999
 31
0.0
  0
LINE
  5
41F
330
223
100
AcDbEntity
  8
0
  6
Continuous
 62
     7
100
AcDbLine
 10
15.59999999882004
 20
1.649999999459993
 30
0.0
 11
15.59999999882004
 21
2.999999999479982
 31
0.0
  0
LINE
  5
420
330
223
100
AcDbEntity
  8
0
  6
Continuous
 62
     7
100
AcDbLine
 10
15.59999999882004
 20
3.799999999679997
 30
0.0
 11
15.59999999882004
 21
5.1499999997
 31
0.0
  0
LINE
  5
421
330
223
100
AcDbEntity
  8
0
  6
Continuous
 62
     7
100
AcDbLine
 10
15.59999999882004
 20
124.84999999978
 30
0.0
 11
15.59999999882004
 21
126.1999999998
 31
0.0
  0
LINE
  5
422
330
223
100
AcDbEntity
  8
0
  6
Continuous
 62
     7
100
AcDbLine
 10
15.59999999882004
 20
127.0
 30
0.0
 11
15.59999999882004
 21
128.35000000002
 31
0.0
  0
LINE
  5
423
330
223
100
AcDbEntity
  8
0
  6
Continuous
 62
     7
100
AcDbLine
 10
16.06999999862003
 20
51.59609734861999
 30
0.0
 11
16.06999999862003
 21
46.5799999818
 31
0.0
  0
LINE
  5
424
330
223
100
AcDbEntity
  8
0
  6
Continuous
 62
     7
100
AcDbLine
 10
16.06999999862003
 20
21.59609734873999
 30
0.0
 11
16.06999999862003
 21
16.57999998192
 31
0.0
  0
LINE
  5
425
330
223
100
AcDbEntity
  8
0
  6
Continuous
 62
     7
100
AcDbLine
 10
16.06999999862003
 20
36.84701986943998
 30
0.0
 11
16.06999999862003
 21
41.81999998187999
 31
0.0
  0
LINE
  5
426
330
223
100
AcDbEntity
  8
0
  6
Continuous
 62
     7
100
AcDbLine
 10
16.06999999862003
 20
66.84701986931998
 30
0.0
 11
16.06999999862003
 21
71.81999998175999
 31
0.0
  0
LINE
  5
427
330
223
100
AcDbEntity
  8
0
  6
Continuous
 62
     7
100
AcDbLine
 10
16.38000000092003
 20
51.59573531733997
 30
0.0
 11
16.38000000092003
 21
51.57999998177996
 31
0.0
  0
LINE
  5
428
330
223
100
AcDbEntity
  8
0
  6
Continuous
 62
     7
100
AcDbLine
 10
16.38000000092003
 20
21.59573531746
 30
0.0
 11
16.38000000092003
 21
21.57999998190002
 31
0.0
  0
LINE
  5
429
330
223
100
AcDbEntity
  8
0
  6
Continuous
 62
     7
100
AcDbLine
 10
16.39999999902
 20
128.35000000002
 30
0.0
 11
16.39999999902
 21
127.0
 31
0.0
  0
LINE
  5
42A
330
223
100
AcDbEntity
  8
0
  6
Continuous
 62
     7
100
AcDbLine
 10
16.39999999902
 20
5.1499999997
 30
0.0
 11
16.39999999902
 21
3.799999999679997
 31
0.0
  0
LINE
  5
42B
330
223
100
AcDbEntity
  8
0
  6
Continuous
 62
     7
100
AcDbLine
 10
16.39999999902
 20
1.649999999459993
 30
0.0
 11
16.39999999902
 21
2.999999999479982
 31
0.0
  0
LINE
  5
42C
330
223
100
AcDbEntity
  8
0
  6
Continuous
 62
     7
100
AcDbLine
 10
16.39999999902
 20
124.84999999978
 30
0.0
 11
16.39999999902
 21
126.1999999998
 31
0.0
  0
LINE
  5
42D
330
223
100
AcDbEntity
  8
0
  6
Continuous
 62
     7
100
AcDbLine
 10
12.43506074324003
 20
61.95263365861999
 30
0.0
 11
12.43463711696003
 21
61.58989111258001
 31
0.0
  0
LINE
  5
42E
330
223
100
AcDbEntity
  8
0
  6
Continuous
 62
     7
100
AcDbLine
 10
12.42912810080003
 20
56.87263841095998
 30
0.0
 11
12.42870447452
 21
56.50989586237998
 31
0.0
  0
LINE
  5
42F
330
223
100
AcDbEntity
  8
0
  6
Continuous
 62
     7
100
AcDbLine
 10
12.43506074324003
 20
31.95263365873998
 30
0.0
 11
12.43463711696003
 21
31.58989111269997
 31
0.0
  0
LINE
  5
430
330
223
100
AcDbEntity
  8
0
  6
Continuous
 62
     7
100
AcDbLine
 10
12.42912810080003
 20
26.87263841107998
 30
0.0
 11
12.42870447452
 21
26.5098958625
 31
0.0
  0
LINE
  5
431
330
223
100
AcDbEntity
  8
0
  6
Continuous
 62
     7
100
AcDbLine
 10
16.36787096498
 20
64.35667093587998
 30
0.0
 11
16.36775418086003
 21
64.25667102919999
 31
0.0
  0
LINE
  5
432
330
223
100
AcDbEntity
  8
0
  6
Continuous
 62
     7
100
AcDbLine
 10
16.36193832254003
 20
59.27667568567998
 30
0.0
 11
16.36182153842003
 21
59.17667577900002
 31
0.0
  0
LINE
  5
433
330
223
100
AcDbEntity
  8
0
  6
Continuous
 62
     7
100
AcDbLine
 10
16.35600567756001
 20
54.19667924929999
 30
0.0
 11
16.35588889344001
 21
54.09667934516
 31
0.0
  0
LINE
  5
434
330
223
100
AcDbEntity
  8
0
  6
Continuous
 62
     7
100
AcDbLine
 10
16.36787096498
 20
34.356670936
 30
0.0
 11
16.36775418086003
 21
34.25667102931999
 31
0.0
  0
LINE
  5
435
330
223
100
AcDbEntity
  8
0
  6
Continuous
 62
     7
100
AcDbLine
 10
16.36193832254003
 20
29.2766756858
 30
0.0
 11
16.36182153842003
 21
29.17667577911999
 31
0.0
  0
LINE
  5
436
330
223
100
AcDbEntity
  8
0
  6
Continuous
 62
     7
100
AcDbLine
 10
16.35600567756001
 20
24.19667924941999
 30
0.0
 11
16.35588889344001
 21
24.09667934527999
 31
0.0
  0
LINE
  5
437
330
223
100
AcDbEntity
  8
0
  6
Continuous
 62
     2
100
AcDbLine
 10
15.46999999974003
 20
69.68575231985997
 30
0.0
 11
16.06999999862003
 21
70.28575231873998
 31
0.0
  0
LINE
  5
438
330
223
100
AcDbEntity
  8
0
  6
Continuous
 62
     2
100
AcDbLine
 10
17.60424766163999
 20
71.81999998175999
 30
0.0
 11
18.20424768084001
 21
72.42000000095996
 31
0.0
  0
LINE
  5
439
330
223
100
AcDbEntity
  8
0
  6
Continuous
 62
     7
100
AcDbLine
 10
12.43463711696003
 20
61.58989111258001
 30
0.0
 11
10.93288637396003
 21
60.09164427925998
 31
0.0
  0
LINE
  5
43A
330
223
100
AcDbEntity
  8
03___PRT_ALL_CURVES
  6
Continuous
 62
     4
100
AcDbLine
 10
6.799999999160008
 20
64.30000000019999
 30
0.0
 11
6.499999999720018
 21
64.30000000019999
 31
0.0
  0
LINE
  5
43B
330
223
100
AcDbEntity
  8
03___PRT_ALL_CURVES
  6
Continuous
 62
     4
100
AcDbLine
 10
7.54999999776004
 20
65.04999999879999
 30
0.0
 11
6.799999999160008
 21
65.04999999879999
 31
0.0
  0
LINE
  5
43C
330
223
100
AcDbEntity
  8
03___PRT_ALL_CURVES
  6
Continuous
 62
     4
100
AcDbLine
 10
6.499999999720018
 20
65.04999999879999
 30
0.0
 11
5.749999998580023
 21
65.04999999879999
 31
0.0
  0
LINE
  5
43D
330
223
100
AcDbEntity
  8
03___PRT_ALL_CURVES
  6
Continuous
 62
     4
100
AcDbLine
 10
5.749999998580023
 20
65.35000000077997
 30
0.0
 11
6.499999999720018
 21
65.35000000077997
 31
0.0
  0
LINE
  5
43E
330
223
100
AcDbEntity
  8
03___PRT_ALL_CURVES
  6
Continuous
 62
     4
100
AcDbLine
 10
6.799999999160008
 20
65.35000000077997
 30
0.0
 11
7.54999999776004
 21
65.35000000077997
 31
0.0
  0
LINE
  5
43F
330
223
100
AcDbEntity
  8
0
  6
Continuous
 62
     7
100
AcDbLine
 10
14.06450914804003
 20
61.47935966739999
 30
0.0
 11
14.16450907757999
 21
61.47924288327999
 31
0.0
  0
LINE
  5
440
330
223
100
AcDbEntity
  8
0
  6
Continuous
 62
     7
100
AcDbLine
 10
14.16518642700001
 20
62.05924234049999
 30
0.0
 11
14.06518649492003
 21
62.05935912462002
 31
0.0
  0
LINE
  5
441
330
223
100
AcDbEntity
  8
0
  6
Continuous
 62
     7
100
AcDbLine
 10
20.21559104448002
 20
62.40423902667999
 30
0.0
 11
16.66559346580004
 21
62.40838486802002
 31
0.0
  0
LINE
  5
442
330
223
100
AcDbEntity
  8
0
  6
Continuous
 62
     7
100
AcDbLine
 10
17.51570967006001
 20
62.50564868161999
 30
0.0
 11
19.49570832118005
 21
62.50333635197998
 31
0.0
  0
LINE
  5
443
330
223
100
AcDbEntity
  8
0
  6
Continuous
 62
     7
100
AcDbLine
 10
19.01636743328004
 20
62.50566985252001
 30
0.0
 11
17.99505055796001
 21
62.50686259079998
 31
0.0
  0
LINE
  5
444
330
223
100
AcDbEntity
  8
0
  6
Continuous
 62
     7
100
AcDbLine
 10
16.91571008012002
 20
62.50822983215997
 30
0.0
 11
17.51570967006001
 21
62.50752912489997
 31
0.0
  0
LINE
  5
445
330
223
100
AcDbEntity
  8
0
  6
Continuous
 62
     7
100
AcDbLine
 10
19.49570832118005
 20
62.50521679779999
 30
0.0
 11
20.09570791112
 21
62.50451609053999
 31
0.0
  0
LINE
  5
446
330
223
100
AcDbEntity
  8
0
  6
Continuous
 62
     7
100
AcDbLine
 10
20.09570791112
 20
62.50519211407999
 30
0.0
 11
19.01636743328004
 21
62.50645261447997
 31
0.0
  0
LINE
  5
447
330
223
100
AcDbEntity
  8
0
  6
Continuous
 62
     7
100
AcDbLine
 10
17.99505055796001
 20
62.50764535275999
 30
0.0
 11
16.91571008012002
 21
62.50890585316
 31
0.0
  0
LINE
  5
448
330
223
100
AcDbEntity
  8
0
  6
Continuous
 62
     7
100
AcDbLine
 10
22.56667782820003
 20
63.33068031323998
 30
0.0
 11
21.61667847344003
 21
63.33178976491996
 31
0.0
  0
LINE
  5
449
330
223
100
AcDbEntity
  8
0
  6
Continuous
 62
     7
100
AcDbLine
 10
22.56893886000003
 20
65.25892002291997
 30
0.0
 11
21.61893950778006
 21
65.26002947206001
 31
0.0
  0
LINE
  5
44A
330
223
100
AcDbEntity
  8
0
  6
Continuous
 62
     7
100
AcDbLine
 10
21.61893950778006
 20
65.26786427223999
 30
0.0
 11
22.56893886000003
 21
65.26675482056001
 31
0.0
  0
LINE
  5
44B
330
223
100
AcDbEntity
  8
0
  6
Continuous
 62
     7
100
AcDbLine
 10
21.91409504650002
 20
61.11947964039996
 30
0.0
 11
20.21409620368004
 21
61.1242402227
 31
0.0
  0
LINE
  5
44C
330
223
100
AcDbEntity
  8
0
  6
Continuous
 62
     7
100
AcDbLine
 10
20.21559104448002
 20
62.40423902667999
 30
0.0
 11
21.91558988476004
 21
62.39947844183999
 31
0.0
  0
LINE
  5
44D
330
223
100
AcDbEntity
  8
0
  6
Continuous
 62
     7
100
AcDbLine
 10
23.81354386888003
 20
60.64640848849999
 30
0.0
 11
22.21408277774003
 21
61.10879887689998
 31
0.0
  0
LINE
  5
44E
330
223
100
AcDbEntity
  8
03___PRT_ALL_CURVES
  6
Continuous
 62
     4
100
AcDbLine
 10
31.34583914208002
 20
59.06193723529998
 30
0.0
 11
31.12919523704002
 21
59.12742154679998
 31
0.0
  0
LINE
  5
44F
330
223
100
AcDbEntity
  8
03___PRT_ALL_CURVES
  6
Continuous
 62
     4
100
AcDbLine
 10
27.16466572136002
 20
29.59999999977998
 30
0.0
 11
27.46643927072003
 21
28.79999999958
 31
0.0
  0
LINE
  5
450
330
223
100
AcDbEntity
  8
03___PRT_ALL_CURVES
  6
Continuous
 62
     4
100
AcDbLine
 10
27.60286486020004
 20
29.02428376741997
 30
0.0
 11
27.42278311216
 21
29.59999999977998
 31
0.0
  0
LINE
  5
451
330
223
100
AcDbEntity
  8
0
  6
Continuous
 62
     7
100
AcDbLine
 10
16.69999999846002
 20
72.42000000095996
 30
0.0
 11
16.69999999846002
 21
71.81999998175999
 31
0.0
  0
LINE
  5
452
330
223
100
AcDbEntity
  8
03___PRT_ALL_CURVES
  6
Continuous
 62
     4
100
AcDbLine
 10
16.97203283006002
 20
121.74999999964
 30
0.0
 11
16.97203283006002
 21
121.16336974542
 31
0.0
  0
LINE
  5
453
330
223
100
AcDbEntity
  8
0
  6
Continuous
 62
     7
100
AcDbLine
 10
16.99999999790003
 20
72.42000000095996
 30
0.0
 11
16.99999999790003
 21
71.81999998175999
 31
0.0
  0
LINE
  5
454
330
223
100
AcDbEntity
  8
0
  6
Continuous
 62
     7
100
AcDbLine
 10
17.50384438518003
 20
52.34753862704
 30
0.0
 11
17.50384438518003
 21
52.34565818121999
 31
0.0
  0
LINE
  5
455
330
223
100
AcDbEntity
  8
0
  6
Continuous
 62
     7
100
AcDbLine
 10
17.50384438518003
 20
22.34753862715999
 30
0.0
 11
17.50384438518003
 21
22.34565818133999
 31
0.0
  0
LINE
  5
456
330
223
100
AcDbEntity
  8
0
  6
Continuous
 62
     7
100
AcDbLine
 10
17.50977702762
 20
57.42753387723999
 30
0.0
 11
17.50977702762
 21
57.42565343141996
 31
0.0
  0
LINE
  5
457
330
223
100
AcDbEntity
  8
0
  6
Continuous
 62
     7
100
AcDbLine
 10
17.50977702762
 20
27.42753387482
 30
0.0
 11
17.50977702762
 21
27.42565343153998
 31
0.0
  0
LINE
  5
458
330
223
100
AcDbEntity
  8
0
  6
Continuous
 62
     7
100
AcDbLine
 10
17.51570967006001
 20
62.50752912489997
 30
0.0
 11
17.51570967006001
 21
62.50564868161999
 31
0.0
  0
LINE
  5
459
330
223
100
AcDbEntity
  8
0
  6
Continuous
 62
     7
100
AcDbLine
 10
17.51570967006001
 20
32.50752912502
 30
0.0
 11
17.51570967006001
 21
32.50564868173998
 31
0.0
  0
LINE
  5
45A
330
223
100
AcDbEntity
  8
0
  6
Continuous
 62
     7
100
AcDbLine
 10
17.64000000060003
 20
51.59426383437997
 30
0.0
 11
17.64000000060003
 21
51.57999998177996
 31
0.0
  0
LINE
  5
45B
330
223
100
AcDbEntity
  8
0
  6
Continuous
 62
     7
100
AcDbLine
 10
17.64000000060003
 20
21.5942638345
 30
0.0
 11
17.64000000060003
 21
21.57999998190002
 31
0.0
  0
LINE
  5
45C
330
223
100
AcDbEntity
  8
0
  6
Continuous
 62
     7
100
AcDbLine
 10
17.73224133250002
 20
51.58821422493997
 30
0.0
 11
17.73224133250002
 21
51.59415611043997
 31
0.0
  0
LINE
  5
45D
330
223
100
AcDbEntity
  8
0
  6
Continuous
 62
     7
100
AcDbLine
 10
17.73224133250002
 20
21.58821422506
 30
0.0
 11
17.73224133250002
 21
21.59415611055999
 31
0.0
  0
LINE
  5
45E
330
223
100
AcDbEntity
  8
0
  6
Continuous
 62
     7
100
AcDbLine
 10
17.74999999904003
 20
2.999999999479982
 30
0.0
 11
17.74999999904003
 21
3.799999999679997
 31
0.0
  0
LINE
  5
45F
330
223
100
AcDbEntity
  8
0
  6
Continuous
 62
     7
100
AcDbLine
 10
17.74999999904003
 20
126.1999999998
 30
0.0
 11
17.74999999904003
 21
127.0
 31
0.0
  0
LINE
  5
460
330
223
100
AcDbEntity
  8
0
  6
Continuous
 62
     7
100
AcDbLine
 10
18.50000000018005
 20
71.81999998175999
 30
0.0
 11
18.50000000018005
 21
72.42000000095996
 31
0.0
  0
LINE
  5
461
330
223
100
AcDbEntity
  8
03___PRT_ALL_CURVES
  6
Continuous
 62
     4
100
AcDbLine
 10
18.99965886624003
 20
121.28103676434
 30
0.0
 11
18.99965886624003
 21
121.74999999964
 31
0.0
  0
LINE
  5
462
330
223
100
AcDbEntity
  8
0
  6
Continuous
 62
     7
100
AcDbLine
 10
19.48384303376005
 20
52.34334585411997
 30
0.0
 11
19.48384303376005
 21
52.34522629739999
 31
0.0
  0
LINE
  5
463
330
223
100
AcDbEntity
  8
0
  6
Continuous
 62
     7
100
AcDbLine
 10
19.48384303376005
 20
22.34334585424
 30
0.0
 11
19.48384303376005
 21
22.34522629751999
 31
0.0
  0
LINE
  5
464
330
223
100
AcDbEntity
  8
0
  6
Continuous
 62
     7
100
AcDbLine
 10
19.48977567620003
 20
57.42334110177998
 30
0.0
 11
19.48977567620003
 21
57.42522154759999
 31
0.0
  0
LINE
  5
465
330
223
100
AcDbEntity
  8
0
  6
Continuous
 62
     7
100
AcDbLine
 10
19.48977567620003
 20
27.42334110189998
 30
0.0
 11
19.48977567620003
 21
27.42522154772001
 31
0.0
  0
LINE
  5
466
330
223
100
AcDbEntity
  8
0
  6
Continuous
 62
     7
100
AcDbLine
 10
19.49570832118005
 20
62.50333635197998
 30
0.0
 11
19.49570832118005
 21
62.50521679779999
 31
0.0
  0
LINE
  5
467
330
223
100
AcDbEntity
  8
0
  6
Continuous
 62
     7
100
AcDbLine
 10
19.49570832118005
 20
32.50333635210001
 30
0.0
 11
19.49570832118005
 21
32.50521679791999
 31
0.0
  0
LINE
  5
468
330
223
100
AcDbEntity
  8
0
  6
Continuous
 62
     7
100
AcDbLine
 10
16.67077869038002
 20
66.84838190113999
 30
0.0
 11
16.67003126998
 21
66.20838131424
 31
0.0
  0
LINE
  5
469
330
223
100
AcDbEntity
  8
0
  6
Continuous
 62
     7
100
AcDbLine
 10
16.65298076052002
 20
51.60839615308001
 30
0.0
 11
16.65816598256001
 21
56.04664738831997
 31
0.0
  0
LINE
  5
46A
330
223
100
AcDbEntity
  8
0
  6
Continuous
 62
     7
100
AcDbLine
 10
16.65816598256001
 20
56.04839081637999
 30
0.0
 11
16.66409862500001
 21
61.12664263852
 31
0.0
  0
LINE
  5
46B
330
223
100
AcDbEntity
  8
0
  6
Continuous
 62
     7
100
AcDbLine
 10
16.66409862500001
 20
61.12838606404
 30
0.0
 11
16.67003126998
 21
66.20663788617998
 31
0.0
  0
LINE
  5
46C
330
223
100
AcDbEntity
  8
0
  6
Continuous
 62
     7
100
AcDbLine
 10
16.67077869038002
 20
36.84838190125998
 30
0.0
 11
16.67003126998
 21
36.20838131435997
 31
0.0
  0
LINE
  5
46D
330
223
100
AcDbEntity
  8
0
  6
Continuous
 62
     7
100
AcDbLine
 10
16.65298076052002
 20
21.60839615319998
 30
0.0
 11
16.65816598256001
 21
26.04664738843999
 31
0.0
  0
LINE
  5
46E
330
223
100
AcDbEntity
  8
0
  6
Continuous
 62
     7
100
AcDbLine
 10
16.65816598256001
 20
26.04839081396
 30
0.0
 11
16.66409862500001
 21
31.12664263863999
 31
0.0
  0
LINE
  5
46F
330
223
100
AcDbEntity
  8
0
  6
Continuous
 62
     7
100
AcDbLine
 10
16.66409862500001
 20
31.12838606416
 30
0.0
 11
16.67003126998
 21
36.2066378863
 31
0.0
  0
LINE
  5
470
330
223
100
AcDbEntity
  8
0
  6
Continuous
 62
     7
100
AcDbLine
 10
16.91991431352002
 20
66.10890248856
 30
0.0
 11
16.91571007758
 21
62.50890585316
 31
0.0
  0
LINE
  5
471
330
223
100
AcDbEntity
  8
0
  6
Continuous
 62
     7
100
AcDbLine
 10
16.91398167107999
 20
61.02890723835998
 30
0.0
 11
16.90977743514003
 21
57.42891060549999
 31
0.0
  0
LINE
  5
472
330
223
100
AcDbEntity
  8
0
  6
Continuous
 62
     7
100
AcDbLine
 10
16.90804902864002
 20
55.94891198815998
 30
0.0
 11
16.90384479270003
 21
52.34891535529999
 31
0.0
  0
LINE
  5
473
330
223
100
AcDbEntity
  8
0
  6
Continuous
 62
     7
100
AcDbLine
 10
16.91991431352002
 20
36.10890248868
 30
0.0
 11
16.91571007758
 21
32.50890585328
 31
0.0
  0
LINE
  5
474
330
223
100
AcDbEntity
  8
0
  6
Continuous
 62
     7
100
AcDbLine
 10
16.91398167107999
 20
31.02890723847997
 30
0.0
 11
16.90977743514003
 21
27.42891060561999
 31
0.0
  0
LINE
  5
475
330
223
100
AcDbEntity
  8
0
  6
Continuous
 62
     7
100
AcDbLine
 10
16.90804902864002
 20
25.94891198828
 30
0.0
 11
16.90384479270003
 21
22.34891535541999
 31
0.0
  0
LINE
  5
476
330
223
100
AcDbEntity
  8
0
  6
Continuous
 62
     7
100
AcDbLine
 10
17.99925479390004
 20
66.10764198816
 30
0.0
 11
17.99505055796001
 21
62.50764535275999
 31
0.0
  0
LINE
  5
477
330
223
100
AcDbEntity
  8
0
  6
Continuous
 62
     7
100
AcDbLine
 10
17.99332215146001
 20
61.02764673795997
 30
0.0
 11
17.98911791552001
 21
57.42765010255999
 31
0.0
  0
LINE
  5
478
330
223
100
AcDbEntity
  8
0
  6
Continuous
 62
     7
100
AcDbLine
 10
17.98738950648001
 20
55.94765148776
 30
0.0
 11
17.98318527308001
 21
52.34765485489999
 31
0.0
  0
LINE
  5
479
330
223
100
AcDbEntity
  8
0
  6
Continuous
 62
     7
100
AcDbLine
 10
17.99925479390004
 20
36.10764198827999
 30
0.0
 11
17.99505055796001
 21
32.50764535287996
 31
0.0
  0
LINE
  5
47A
330
223
100
AcDbEntity
  8
0
  6
Continuous
 62
     7
100
AcDbLine
 10
17.99332215146001
 20
31.02764673807999
 30
0.0
 11
17.98911791552001
 21
27.42765010267999
 31
0.0
  0
LINE
  5
47B
330
223
100
AcDbEntity
  8
0
  6
Continuous
 62
     7
100
AcDbLine
 10
17.98738950648001
 20
25.94765148787999
 30
0.0
 11
17.98318527308001
 21
22.34765485501998
 31
0.0
  0
LINE
  5
47C
330
223
100
AcDbEntity
  8
0
  6
Continuous
 62
     7
100
AcDbLine
 10
18.17650009854
 20
71.74054846933998
 30
0.0
 11
18.17078476326003
 21
66.84663012918
 31
0.0
  0
LINE
  5
47D
330
223
100
AcDbEntity
  8
0
  6
Continuous
 62
     7
100
AcDbLine
 10
18.15297973918004
 20
51.60056730157999
 30
0.0
 11
18.14725730713999
 21
46.69381165664001
 31
0.0
  0
LINE
  5
47E
330
223
100
AcDbEntity
  8
0
  6
Continuous
 62
     7
100
AcDbLine
 10
18.17650009854
 20
41.74054846945998
 30
0.0
 11
18.17078476326003
 21
36.8466301293
 31
0.0
  0
LINE
  5
47F
330
223
100
AcDbEntity
  8
0
  6
Continuous
 62
     7
100
AcDbLine
 10
18.15297973918004
 20
21.60056730170001
 30
0.0
 11
18.14725730713999
 21
16.69381165675998
 31
0.0
  0
LINE
  5
480
330
223
100
AcDbEntity
  8
0
  6
Continuous
 62
     7
100
AcDbLine
 10
19.02057166668004
 20
66.10644924987997
 30
0.0
 11
19.01636743074002
 21
62.50645261447997
 31
0.0
  0
LINE
  5
481
330
223
100
AcDbEntity
  8
0
  6
Continuous
 62
     7
100
AcDbLine
 10
19.01463902424004
 20
61.02645399968
 30
0.0
 11
19.01043478830005
 21
57.42645736428
 31
0.0
  0
LINE
  5
482
330
223
100
AcDbEntity
  8
0
  6
Continuous
 62
     7
100
AcDbLine
 10
19.00870638180004
 20
55.94645874947997
 30
0.0
 11
19.00450214586002
 21
52.34646211661999
 31
0.0
  0
LINE
  5
483
330
223
100
AcDbEntity
  8
0
  6
Continuous
 62
     7
100
AcDbLine
 10
19.02057166668004
 20
36.10644925000003
 30
0.0
 11
19.01636743074002
 21
32.50645261460002
 31
0.0
  0
LINE
  5
484
330
223
100
AcDbEntity
  8
0
  6
Continuous
 62
     7
100
AcDbLine
 10
19.01463902424004
 20
31.0264539998
 30
0.0
 11
19.01043478830005
 21
27.42645736439999
 31
0.0
  0
LINE
  5
485
330
223
100
AcDbEntity
  8
0
  6
Continuous
 62
     7
100
AcDbLine
 10
19.00870638180004
 20
25.94645874959997
 30
0.0
 11
19.00450214586002
 21
22.34646211673999
 31
0.0
  0
LINE
  5
486
330
223
100
AcDbEntity
  8
0
  6
Continuous
 62
     7
100
AcDbLine
 10
19.41209688058001
 20
48.64044312023998
 30
0.0
 11
19.41304571282004
 21
49.45290832537998
 31
0.0
  0
LINE
  5
487
330
223
100
AcDbEntity
  8
0
  6
Continuous
 62
     7
100
AcDbLine
 10
19.43585080818005
 20
68.98042409881998
 30
0.0
 11
19.43679964042002
 21
69.79288930395998
 31
0.0
  0
LINE
  5
488
330
223
100
AcDbEntity
  8
0
  6
Continuous
 62
     7
100
AcDbLine
 10
19.41209688058001
 20
18.64044312035999
 30
0.0
 11
19.41304571282004
 21
19.4529083255
 31
0.0
  0
LINE
  5
489
330
223
100
AcDbEntity
  8
0
  6
Continuous
 62
     7
100
AcDbLine
 10
19.43585080818005
 20
38.98042409893998
 30
0.0
 11
19.43679964042002
 21
39.79288930408001
 31
0.0
  0
LINE
  5
48A
330
223
100
AcDbEntity
  8
0
  6
Continuous
 62
     7
100
AcDbLine
 10
20.09991214452003
 20
66.10518874693997
 30
0.0
 11
20.09570791112
 21
62.50519211407999
 31
0.0
  0
LINE
  5
48B
330
223
100
AcDbEntity
  8
0
  6
Continuous
 62
     7
100
AcDbLine
 10
20.09397950208
 20
61.02519349927999
 30
0.0
 11
20.08977526868003
 21
57.42519686387999
 31
0.0
  0
LINE
  5
48C
330
223
100
AcDbEntity
  8
0
  6
Continuous
 62
     7
100
AcDbLine
 10
20.08804685964
 20
55.94519824907999
 30
0.0
 11
20.08384262370004
 21
52.34520161367999
 31
0.0
  0
LINE
  5
48D
330
223
100
AcDbEntity
  8
0
  6
Continuous
 62
     7
100
AcDbLine
 10
20.09991214452003
 20
36.10518874706
 30
0.0
 11
20.09570791112
 21
32.50519211419999
 31
0.0
  0
LINE
  5
48E
330
223
100
AcDbEntity
  8
0
  6
Continuous
 62
     7
100
AcDbLine
 10
20.09397950208
 20
31.02519349939996
 30
0.0
 11
20.08977526868003
 21
27.42519686399999
 31
0.0
  0
LINE
  5
48F
330
223
100
AcDbEntity
  8
0
  6
Continuous
 62
     7
100
AcDbLine
 10
20.08804685964
 20
25.94519824919999
 30
0.0
 11
20.08384262370004
 21
22.34520161379999
 31
0.0
  0
LINE
  5
490
330
223
100
AcDbEntity
  8
0
  6
Continuous
 62
     7
100
AcDbLine
 10
20.22077626906002
 20
66.84423605979998
 30
0.0
 11
20.22002884866001
 21
66.2042354729
 31
0.0
  0
LINE
  5
491
330
223
100
AcDbEntity
  8
0
  6
Continuous
 62
     7
100
AcDbLine
 10
20.20297833920003
 20
51.60425031174
 30
0.0
 11
20.20816356124004
 21
56.04250154697996
 31
0.0
  0
LINE
  5
492
330
223
100
AcDbEntity
  8
0
  6
Continuous
 62
     7
100
AcDbLine
 10
20.20816356124004
 20
56.0442449725
 30
0.0
 11
20.21409620622003
 21
61.12249679717999
 31
0.0
  0
LINE
  5
493
330
223
100
AcDbEntity
  8
0
  6
Continuous
 62
     7
100
AcDbLine
 10
20.21409620622003
 20
61.1242402227
 30
0.0
 11
20.22002884866001
 21
66.20249204737999
 31
0.0
  0
LINE
  5
494
330
223
100
AcDbEntity
  8
0
  6
Continuous
 62
     7
100
AcDbLine
 10
20.22077626906002
 20
36.84423605991998
 30
0.0
 11
20.22002884866001
 21
36.20423547301999
 31
0.0
  0
LINE
  5
495
330
223
100
AcDbEntity
  8
0
  6
Continuous
 62
     7
100
AcDbLine
 10
20.20297833920003
 20
21.60425031185997
 30
0.0
 11
20.20816356124004
 21
26.04250154709999
 31
0.0
  0
LINE
  5
496
330
223
100
AcDbEntity
  8
0
  6
Continuous
 62
     7
100
AcDbLine
 10
20.20816356124004
 20
26.04424497261999
 30
0.0
 11
20.21409620622003
 21
31.12249679729999
 31
0.0
  0
LINE
  5
497
330
223
100
AcDbEntity
  8
0
  6
Continuous
 62
     7
100
AcDbLine
 10
20.21409620622003
 20
31.12424022281996
 30
0.0
 11
20.22002884866001
 21
36.20249204496
 31
0.0
  0
LINE
  5
498
330
223
100
AcDbEntity
  8
0
  6
Continuous
 62
     7
100
AcDbLine
 10
20.39786828978001
 20
47.22001067027998
 30
0.0
 11
20.39952578710003
 21
48.63928995769999
 31
0.0
  0
LINE
  5
499
330
223
100
AcDbEntity
  8
0
  6
Continuous
 62
     7
100
AcDbLine
 10
20.40047461934003
 20
49.45175516283999
 30
0.0
 11
20.40213211666
 21
50.87103450868
 31
0.0
  0
LINE
  5
49A
330
223
100
AcDbEntity
  8
0
  6
Continuous
 62
     7
100
AcDbLine
 10
20.42162221992004
 20
67.55999165139997
 30
0.0
 11
20.42327971470002
 21
68.97927093627999
 31
0.0
  0
LINE
  5
49B
330
223
100
AcDbEntity
  8
0
  6
Continuous
 62
     7
100
AcDbLine
 10
20.42422854948003
 20
69.79173614141999
 30
0.0
 11
20.42588604680003
 21
71.21101548979999
 31
0.0
  0
LINE
  5
49C
330
223
100
AcDbEntity
  8
0
  6
Continuous
 62
     7
100
AcDbLine
 10
20.39786828978001
 20
17.22001067039999
 30
0.0
 11
20.39952578710003
 21
18.63928995781998
 31
0.0
  0
LINE
  5
49D
330
223
100
AcDbEntity
  8
0
  6
Continuous
 62
     7
100
AcDbLine
 10
20.40047461934003
 20
19.45175516295998
 30
0.0
 11
20.40213211666
 21
20.87103450879997
 31
0.0
  0
LINE
  5
49E
330
223
100
AcDbEntity
  8
0
  6
Continuous
 62
     7
100
AcDbLine
 10
20.42162221992004
 20
37.55999164897997
 30
0.0
 11
20.42327971470002
 21
38.97927093639998
 31
0.0
  0
LINE
  5
49F
330
223
100
AcDbEntity
  8
0
  6
Continuous
 62
     7
100
AcDbLine
 10
20.42422854948003
 20
39.79173614154001
 30
0.0
 11
20.42588604680003
 21
41.21101548991999
 31
0.0
  0
LINE
  5
4A0
330
223
100
AcDbEntity
  8
0
  6
Continuous
 62
     7
100
AcDbLine
 10
21.02588563674004
 20
71.21031478254
 30
0.0
 11
21.02422813942002
 21
69.79103549766
 31
0.0
  0
LINE
  5
4A1
330
223
100
AcDbEntity
  8
0
  6
Continuous
 62
     7
100
AcDbLine
 10
21.02327930718005
 20
68.97857039412
 30
0.0
 11
21.02162180986002
 21
67.55929094414
 31
0.0
  0
LINE
  5
4A2
330
223
100
AcDbEntity
  8
0
  6
Continuous
 62
     7
100
AcDbLine
 10
21.00213170914
 20
50.87033380395997
 30
0.0
 11
21.00047421182003
 21
49.45105451654001
 31
0.0
  0
LINE
  5
4A3
330
223
100
AcDbEntity
  8
0
  6
Continuous
 62
     7
100
AcDbLine
 10
20.99952537704002
 20
48.63858941300001
 30
0.0
 11
20.99786788226004
 21
47.21930996556
 31
0.0
  0
LINE
  5
4A4
330
223
100
AcDbEntity
  8
0
  6
Continuous
 62
     7
100
AcDbLine
 10
21.02588563674004
 20
41.21031478265999
 30
0.0
 11
21.02422813942002
 21
39.79103549524001
 31
0.0
  0
LINE
  5
4A5
330
223
100
AcDbEntity
  8
0
  6
Continuous
 62
     7
100
AcDbLine
 10
21.02327930718005
 20
38.97857039423997
 30
0.0
 11
21.02162180986002
 21
37.55929094425997
 31
0.0
  0
LINE
  5
4A6
330
223
100
AcDbEntity
  8
0
  6
Continuous
 62
     7
100
AcDbLine
 10
21.00213170914
 20
20.87033380407999
 30
0.0
 11
21.00047421182003
 21
19.45105451665998
 31
0.0
  0
LINE
  5
4A7
330
223
100
AcDbEntity
  8
0
  6
Continuous
 62
     7
100
AcDbLine
 10
20.99952537704002
 20
18.63858941312
 30
0.0
 11
20.99786788226004
 21
17.21930996568
 31
0.0
  0
LINE
  5
4A8
330
223
100
AcDbEntity
  8
0
  6
Continuous
 62
     7
100
AcDbLine
 10
12.42870447452
 20
56.50989586237998
 30
0.0
 11
10.92695373152
 21
55.01164902906001
 31
0.0
  0
LINE
  5
4A9
330
223
100
AcDbEntity
  8
0
  6
Continuous
 62
     7
100
AcDbLine
 10
22.21560174600003
 20
62.40945968425999
 30
0.0
 11
23.81613847380001
 21
62.86811297573999
 31
0.0
  0
LINE
  5
4AA
330
223
100
AcDbEntity
  8
0
  6
Continuous
 62
     7
100
AcDbLine
 10
23.81613847126005
 20
62.86142390859999
 30
0.0
 11
22.21560174600003
 21
62.40277061711998
 31
0.0
  0
LINE
  5
4AB
330
223
100
AcDbEntity
  8
03___PRT_ALL_CURVES
  6
Continuous
 62
     4
100
AcDbLine
 10
6.499999999720018
 20
66.09999999937997
 30
0.0
 11
6.799999999160008
 21
66.09999999937997
 31
0.0
  0
LINE
  5
4AC
330
223
100
AcDbEntity
  8
0
  6
Continuous
 62
     7
100
AcDbLine
 10
19.02057166668004
 20
66.10566648538
 30
0.0
 11
17.99925479390004
 21
66.10685922366
 31
0.0
  0
LINE
  5
4AD
330
223
100
AcDbEntity
  8
0
  6
Continuous
 62
     7
100
AcDbLine
 10
16.91991431352002
 20
66.10890248856
 30
0.0
 11
17.99925479390004
 21
66.10764198562
 31
0.0
  0
LINE
  5
4AE
330
223
100
AcDbEntity
  8
0
  6
Continuous
 62
     7
100
AcDbLine
 10
19.02057166668004
 20
66.10644924733998
 30
0.0
 11
20.09991214452003
 21
66.10518874693997
 31
0.0
  0
LINE
  5
4AF
330
223
100
AcDbEntity
  8
0
  6
Continuous
 62
     7
100
AcDbLine
 10
16.67003126998
 20
66.20838131424
 30
0.0
 11
20.22002884612002
 21
66.2042354729
 31
0.0
  0
LINE
  5
4B0
330
223
100
AcDbEntity
  8
0
  6
Continuous
 62
     7
100
AcDbLine
 10
13.27183118552003
 20
66.41028750682
 30
0.0
 11
14.96870197008002
 21
66.40830582676
 31
0.0
  0
LINE
  5
4B1
330
223
100
AcDbEntity
  8
0
  6
Continuous
 62
     7
100
AcDbLine
 10
24.52077333580002
 20
66.83643908529999
 30
0.0
 11
21.92077510934001
 21
66.8394754775
 31
0.0
  0
LINE
  5
4B2
330
223
100
AcDbEntity
  8
0
  6
Continuous
 62
     7
100
AcDbLine
 10
16.67077869038002
 20
66.84631825527998
 30
0.0
 11
10.32078302108002
 21
66.85373405706
 31
0.0
  0
LINE
  5
4B3
330
223
100
AcDbEntity
  8
0
  6
Continuous
 62
     7
100
AcDbLine
 10
20.22077626906002
 20
66.84423605979998
 30
0.0
 11
16.67077869038002
 21
66.84838190113999
 31
0.0
  0
LINE
  5
4B4
330
223
100
AcDbEntity
  8
0
  6
Continuous
 62
     7
100
AcDbLine
 10
22.01070828736002
 20
68.97741723157998
 30
0.0
 11
21.02327930718005
 21
68.97857039412
 31
0.0
  0
LINE
  5
4B5
330
223
100
AcDbEntity
  8
0
  6
Continuous
 62
     7
100
AcDbLine
 10
20.42327971470002
 20
68.97927093627999
 30
0.0
 11
19.43585080818005
 21
68.98042409881998
 31
0.0
  0
LINE
  5
4B6
330
223
100
AcDbEntity
  8
0
  6
Continuous
 62
     7
100
AcDbLine
 10
19.43679964042002
 20
69.79288930395998
 30
0.0
 11
20.42422854948003
 21
69.79173614141999
 31
0.0
  0
LINE
  5
4B7
330
223
100
AcDbEntity
  8
0
  6
Continuous
 62
     7
100
AcDbLine
 10
21.02422813942002
 20
69.79103549766
 30
0.0
 11
22.01165711960002
 21
69.78988233257999
 31
0.0
  0
LINE
  5
4B8
330
223
100
AcDbEntity
  8
0
  6
Continuous
 62
     7
100
AcDbLine
 10
21.92002768894002
 20
66.19947488806002
 30
0.0
 11
20.22002884612002
 21
66.2042354729
 31
0.0
  0
LINE
  5
4B9
330
223
100
AcDbEntity
  8
0
  6
Continuous
 62
     7
100
AcDbLine
 10
20.22077626906002
 20
66.84423605979998
 30
0.0
 11
21.92077510934001
 21
66.8394754775
 31
0.0
  0
LINE
  5
4BA
330
223
100
AcDbEntity
  8
03___PRT_ALL_CURVES
  6
Continuous
 62
     4
100
AcDbLine
 10
21.21998672174004
 20
121.1957708287
 30
0.0
 11
21.21998672174004
 21
121.74999999964
 31
0.0
  0
LINE
  5
4BB
330
223
100
AcDbEntity
  8
3_ALL_AXES
  6
Continuous
 62
     7
100
AcDbLine
 10
21.24999999928002
 20
16.57999998192
 30
0.0
 11
21.24999999928002
 21
15.98000000081998
 31
0.0
  0
LINE
  5
4BC
330
223
100
AcDbEntity
  8
0
  6
Continuous
 62
     7
100
AcDbLine
 10
21.49999999966002
 20
15.98000000081998
 30
0.0
 11
21.49999999966002
 21
16.57999998192
 31
0.0
  0
LINE
  5
4BD
330
223
100
AcDbEntity
  8
0
  6
Continuous
 62
     7
100
AcDbLine
 10
21.99999999788002
 20
71.81999998175999
 30
0.0
 11
21.99999999788002
 21
72.42000000095996
 31
0.0
  0
LINE
  5
4BE
330
223
100
AcDbEntity
  8
02___PRT_ALL_AXES
  6
Continuous
 62
     7
100
AcDbLine
 10
22.09999999854003
 20
129.99999999948
 30
0.0
 11
22.09999999854003
 21
124.00000000052
 31
0.0
  0
LINE
  5
4BF
330
223
100
AcDbEntity
  8
02___PRT_ALL_AXES
  6
Continuous
 62
     7
100
AcDbLine
 10
22.09999999854003
 20
5.999999998960007
 30
0.0
 11
22.09999999854003
 21
0.0
 31
0.0
  0
LINE
  5
4C0
330
223
100
AcDbEntity
  8
0
  6
Continuous
 62
     7
100
AcDbLine
 10
22.55707357512003
 20
55.1067643227
 30
0.0
 11
22.55707357512003
 21
55.09892952252002
 31
0.0
  0
LINE
  5
4C1
330
223
100
AcDbEntity
  8
0
  6
Continuous
 62
     7
100
AcDbLine
 10
22.55707357512003
 20
25.10676432282
 30
0.0
 11
22.55707357512003
 21
25.09892952263999
 31
0.0
  0
LINE
  5
4C2
330
223
100
AcDbEntity
  8
0
  6
Continuous
 62
     7
100
AcDbLine
 10
22.56300621756
 20
60.18675957289997
 30
0.0
 11
22.56300621756
 21
60.17892477271999
 31
0.0
  0
LINE
  5
4C3
330
223
100
AcDbEntity
  8
0
  6
Continuous
 62
     7
100
AcDbLine
 10
22.56300621756
 20
30.18675957047998
 30
0.0
 11
22.56300621756
 21
30.17892477283999
 31
0.0
  0
LINE
  5
4C4
330
223
100
AcDbEntity
  8
0
  6
Continuous
 62
     7
100
AcDbLine
 10
22.56893886000003
 20
65.26675482056001
 30
0.0
 11
22.56893886000003
 21
65.25892002291997
 31
0.0
  0
LINE
  5
4C5
330
223
100
AcDbEntity
  8
0
  6
Continuous
 62
     7
100
AcDbLine
 10
22.56893886000003
 20
35.26675482068001
 30
0.0
 11
22.56893886000003
 21
35.25892002303999
 31
0.0
  0
LINE
  5
4C6
330
223
100
AcDbEntity
  8
0
  6
Continuous
 62
     7
100
AcDbLine
 10
24.49999999914002
 20
16.07530163902
 30
0.0
 11
24.49999999914002
 21
21.58624895085998
 31
0.0
  0
LINE
  5
4C7
330
223
100
AcDbEntity
  8
0
  6
Continuous
 62
     7
100
AcDbLine
 10
24.49999999914002
 20
36.83643908541998
 30
0.0
 11
24.49999999914002
 21
42.32469836033999
 31
0.0
  0
LINE
  5
4C8
330
223
100
AcDbEntity
  8
0
  6
Continuous
 62
     7
100
AcDbLine
 10
24.49999999914002
 20
46.07530164143998
 30
0.0
 11
24.49999999914002
 21
51.58624895073999
 31
0.0
  0
LINE
  5
4C9
330
223
100
AcDbEntity
  8
0
  6
Continuous
 62
     7
100
AcDbLine
 10
24.49999999914002
 20
66.83643908529999
 30
0.0
 11
24.49999999914002
 21
72.32469836021997
 31
0.0
  0
LINE
  5
4CA
330
223
100
AcDbEntity
  8
02___PRT_ALL_AXES
  6
Continuous
 62
     7
100
AcDbLine
 10
24.59999999980005
 20
129.99999999948
 30
0.0
 11
24.59999999980005
 21
124.00000000052
 31
0.0
  0
LINE
  5
4CB
330
223
100
AcDbEntity
  8
02___PRT_ALL_AXES
  6
Continuous
 62
     7
100
AcDbLine
 10
24.59999999980005
 20
5.999999998960007
 30
0.0
 11
24.59999999980005
 21
0.0
 31
0.0
  0
LINE
  5
4CC
330
223
100
AcDbEntity
  8
02___PRT_ALL_AXES
  6
Continuous
 62
     7
100
AcDbLine
 10
25.09999999802
 20
16.97999999979999
 30
0.0
 11
25.09999999802
 21
41.41999999955999
 31
0.0
  0
LINE
  5
4CD
330
223
100
AcDbEntity
  8
02___PRT_ALL_AXES
  6
Continuous
 62
     7
100
AcDbLine
 10
25.09999999802
 20
46.97999999967999
 30
0.0
 11
25.09999999802
 21
71.41999999944
 31
0.0
  0
LINE
  5
4CE
330
223
100
AcDbEntity
  8
0
  6
Continuous
 62
     7
100
AcDbLine
 10
21.60481318856003
 20
53.17179926451999
 30
0.0
 11
21.60707422036003
 21
55.10787377437998
 31
0.0
  0
LINE
  5
4CF
330
223
100
AcDbEntity
  8
0
  6
Continuous
 62
     7
100
AcDbLine
 10
21.610745831
 20
58.25179451471999
 30
0.0
 11
21.61300686534003
 21
60.18786902204002
 31
0.0
  0
LINE
  5
4D0
330
223
100
AcDbEntity
  8
0
  6
Continuous
 62
     7
100
AcDbLine
 10
21.61667847344003
 20
63.33178976491996
 30
0.0
 11
21.61893950778006
 21
65.26786427223999
 31
0.0
  0
LINE
  5
4D1
330
223
100
AcDbEntity
  8
0
  6
Continuous
 62
     7
100
AcDbLine
 10
21.60481318856003
 20
23.17179926464001
 30
0.0
 11
21.60707422036003
 21
25.10787377450001
 31
0.0
  0
LINE
  5
4D2
330
223
100
AcDbEntity
  8
0
  6
Continuous
 62
     7
100
AcDbLine
 10
21.610745831
 20
28.25179451483999
 30
0.0
 11
21.61300686534003
 21
30.18786902215999
 31
0.0
  0
LINE
  5
4D3
330
223
100
AcDbEntity
  8
0
  6
Continuous
 62
     7
100
AcDbLine
 10
21.61667847344003
 20
33.33178976503999
 30
0.0
 11
21.61893950778006
 21
35.26786426982
 31
0.0
  0
LINE
  5
4D4
330
223
100
AcDbEntity
  8
0
  6
Continuous
 62
     7
100
AcDbLine
 10
21.92077510934001
 20
66.8394754775
 30
0.0
 11
21.92002768894002
 21
66.19947488806002
 31
0.0
  0
LINE
  5
4D5
330
223
100
AcDbEntity
  8
0
  6
Continuous
 62
     7
100
AcDbLine
 10
21.91558988476004
 20
62.39947844437998
 30
0.0
 11
21.91409504650002
 21
61.11947963785997
 31
0.0
  0
LINE
  5
4D6
330
223
100
AcDbEntity
  8
0
  6
Continuous
 62
     7
100
AcDbLine
 10
21.90965724232004
 20
57.31948319417998
 30
0.0
 11
21.90816240406002
 21
56.03948439019999
 31
0.0
  0
LINE
  5
4D7
330
223
100
AcDbEntity
  8
0
  6
Continuous
 62
     7
100
AcDbLine
 10
21.90372459988004
 20
52.23948794397998
 30
0.0
 11
21.90297718202004
 21
51.59948972689998
 31
0.0
  0
LINE
  5
4D8
330
223
100
AcDbEntity
  8
0
  6
Continuous
 62
     7
100
AcDbLine
 10
21.92077510934001
 20
36.83947547762
 30
0.0
 11
21.92002768894002
 21
36.19947488817999
 31
0.0
  0
LINE
  5
4D9
330
223
100
AcDbEntity
  8
0
  6
Continuous
 62
     7
100
AcDbLine
 10
21.91558988476004
 20
32.39947844195999
 30
0.0
 11
21.91409504650002
 21
31.11947963797996
 31
0.0
  0
LINE
  5
4DA
330
223
100
AcDbEntity
  8
0
  6
Continuous
 62
     7
100
AcDbLine
 10
21.90965724232004
 20
27.31948319430001
 30
0.0
 11
21.90816240406002
 21
26.03948439031998
 31
0.0
  0
LINE
  5
4DB
330
223
100
AcDbEntity
  8
0
  6
Continuous
 62
     7
100
AcDbLine
 10
21.90372459988004
 20
22.23948794409998
 30
0.0
 11
21.90297718202004
 21
21.59948972702
 31
0.0
  0
LINE
  5
4DC
330
223
100
AcDbEntity
  8
0
  6
Continuous
 62
     7
100
AcDbLine
 10
22.01165711960002
 20
69.78988233257999
 30
0.0
 11
22.01070828736002
 21
68.97741723157998
 31
0.0
  0
LINE
  5
4DD
330
223
100
AcDbEntity
  8
0
  6
Continuous
 62
     7
100
AcDbLine
 10
21.98790319200003
 20
49.44990135399999
 30
0.0
 11
21.98695435722004
 21
48.63743625045998
 31
0.0
  0
LINE
  5
4DE
330
223
100
AcDbEntity
  8
0
  6
Continuous
 62
     7
100
AcDbLine
 10
22.01165711960002
 20
39.78988233269999
 30
0.0
 11
22.01070828736002
 21
38.9774172317
 31
0.0
  0
LINE
  5
4DF
330
223
100
AcDbEntity
  8
0
  6
Continuous
 62
     7
100
AcDbLine
 10
21.98790319200003
 20
19.44990135412002
 30
0.0
 11
21.98695435722004
 21
18.63743625058
 31
0.0
  0
LINE
  5
4E0
330
223
100
AcDbEntity
  8
0
  6
Continuous
 62
     7
100
AcDbLine
 10
22.20815013530003
 20
56.02880362923997
 30
0.0
 11
22.20966910356
 21
57.32946443660001
 31
0.0
  0
LINE
  5
4E1
330
223
100
AcDbEntity
  8
0
  6
Continuous
 62
     7
100
AcDbLine
 10
22.21408277774003
 20
61.10879887689998
 30
0.0
 11
22.21560174600003
 21
62.40945968425999
 31
0.0
  0
LINE
  5
4E2
330
223
100
AcDbEntity
  8
0
  6
Continuous
 62
     7
100
AcDbLine
 10
22.20815013530003
 20
26.02880362681998
 30
0.0
 11
22.20966910356
 21
27.32946443672
 31
0.0
  0
LINE
  5
4E3
330
223
100
AcDbEntity
  8
0
  6
Continuous
 62
     7
100
AcDbLine
 10
22.21408277774003
 20
31.10879887702001
 30
0.0
 11
22.21560174600003
 21
32.40945968437998
 31
0.0
  0
LINE
  5
4E4
330
223
100
AcDbEntity
  8
0
  6
Continuous
 62
     7
100
AcDbLine
 10
23.27649661938003
 20
71.7345924716
 30
0.0
 11
23.27077418988003
 21
66.83459705189998
 31
0.0
  0
LINE
  5
4E5
330
223
100
AcDbEntity
  8
0
  6
Continuous
 62
     7
100
AcDbLine
 10
23.25297626002001
 20
51.59461130384
 30
0.0
 11
23.24725382798002
 21
46.68785565636
 31
0.0
  0
LINE
  5
4E6
330
223
100
AcDbEntity
  8
0
  6
Continuous
 62
     7
100
AcDbLine
 10
23.27649661938003
 20
41.73459247171999
 30
0.0
 11
23.27077418988003
 21
36.83459705202
 31
0.0
  0
LINE
  5
4E7
330
223
100
AcDbEntity
  8
0
  6
Continuous
 62
     7
100
AcDbLine
 10
23.25297626002001
 20
21.59461130395999
 30
0.0
 11
23.24725382798002
 21
16.68785565648
 31
0.0
  0
LINE
  5
4E8
330
223
100
AcDbEntity
  8
0
  6
Continuous
 62
     7
100
AcDbLine
 10
23.81613847380001
 20
62.86811297573999
 30
0.0
 11
23.81354386888003
 21
60.64640848849999
 31
0.0
  0
LINE
  5
4E9
330
223
100
AcDbEntity
  8
0
  6
Continuous
 62
     7
100
AcDbLine
 10
23.81020583136004
 20
57.78811772553999
 30
0.0
 11
23.80761122644003
 21
55.56641323829999
 31
0.0
  0
LINE
  5
4EA
330
223
100
AcDbEntity
  8
0
  6
Continuous
 62
     7
100
AcDbLine
 10
23.81613847380001
 20
32.86811297585999
 30
0.0
 11
23.81354386888003
 21
30.64640848862001
 31
0.0
  0
LINE
  5
4EB
330
223
100
AcDbEntity
  8
0
  6
Continuous
 62
     7
100
AcDbLine
 10
23.81020583136004
 20
27.78811772565999
 30
0.0
 11
23.80761122644003
 21
25.56641323842001
 31
0.0
  0
LINE
  5
4EC
330
223
100
AcDbEntity
  8
0
  6
Continuous
 62
     7
100
AcDbLine
 10
24.52077333580002
 20
66.83643908529999
 30
0.0
 11
24.50297540848001
 21
51.58624895073999
 31
0.0
  0
LINE
  5
4ED
330
223
100
AcDbEntity
  8
0
  6
Continuous
 62
     7
100
AcDbLine
 10
24.52077333580002
 20
36.83643908541998
 30
0.0
 11
24.50297540848001
 21
21.58624895085998
 31
0.0
  0
LINE
  5
4EE
330
223
100
AcDbEntity
  8
0
  6
Continuous
 62
     7
100
AcDbLine
 10
22.20966910356
 20
57.32946443660001
 30
0.0
 11
23.81020583136004
 21
57.78811772553999
 31
0.0
  0
LINE
  5
4EF
330
223
100
AcDbEntity
  8
0
  6
Continuous
 62
     7
100
AcDbLine
 10
23.81020582882002
 20
57.78142866093998
 30
0.0
 11
22.20966910356
 21
57.32277536945998
 31
0.0
  0
LINE
  5
4F0
330
223
100
AcDbEntity
  8
0
  6
Continuous
 62
     7
100
AcDbLine
 10
16.06999999862003
 20
71.81999998175999
 30
0.0
 11
24.49999999914002
 21
71.81999998175999
 31
0.0
  0
LINE
  5
4F1
330
223
100
AcDbEntity
  8
02___PRT_ALL_AXES
  6
Continuous
 62
     7
100
AcDbLine
 10
24.09999999904002
 20
72.42000000095996
 30
0.0
 11
16.46999999872003
 21
72.42000000095996
 31
0.0
  0
LINE
  5
4F2
330
223
100
AcDbEntity
  8
0
  6
Continuous
 62
     7
100
AcDbLine
 10
23.27649661938003
 20
71.73459246906
 30
0.0
 11
18.17650009854
 21
71.74054846933998
 31
0.0
  0
LINE
  5
4F3
330
223
100
AcDbEntity
  8
03___PRT_ALL_CURVES
  6
Continuous
 62
     4
100
AcDbLine
 10
27.16466572136002
 20
59.59999999966001
 30
0.0
 11
27.46643927072003
 21
58.79999999945997
 31
0.0
  0
LINE
  5
4F4
330
223
100
AcDbEntity
  8
03___PRT_ALL_CURVES
  6
Continuous
 62
     4
100
AcDbLine
 10
27.60286486020004
 20
59.02428376729998
 30
0.0
 11
27.42278311216
 21
59.59999999966001
 31
0.0
  0
LINE
  5
4F5
330
223
100
AcDbEntity
  8
03___PRT_ALL_CURVES
  6
Continuous
 62
     4
100
AcDbLine
 10
10.60607109922003
 20
121.74999999964
 30
0.0
 11
11.16200570744002
 21
119.25000000092
 31
0.0
  0
LINE
  5
4F6
330
223
100
AcDbEntity
  8
03___PRT_ALL_CURVES
  6
Continuous
 62
     4
100
AcDbLine
 10
11.60368387412001
 20
120.34993182188
 30
0.0
 11
11.33935902812001
 21
121.74999999964
 31
0.0
  0
LINE
  5
4F7
330
223
100
AcDbEntity
  8
03___PRT_ALL_CURVES
  6
Continuous
 62
     4
100
AcDbLine
 10
26.36684858700002
 20
28.79999999958
 30
0.0
 11
26.36684858700002
 21
28.98117326436
 31
0.0
  0
LINE
  5
4F8
330
223
100
AcDbEntity
  8
03___PRT_ALL_CURVES
  6
Continuous
 62
     4
100
AcDbLine
 10
26.36684858700002
 20
58.79999999945997
 30
0.0
 11
26.36684858700002
 21
58.98117326424
 31
0.0
  0
LINE
  5
4F9
330
223
100
AcDbEntity
  8
03___PRT_ALL_CURVES
  6
Continuous
 62
     4
100
AcDbLine
 10
26.43888132584001
 20
59.13233287302
 30
0.0
 11
26.43888132584001
 21
58.94952250712001
 31
0.0
  0
LINE
  5
4FA
330
223
100
AcDbEntity
  8
03___PRT_ALL_CURVES
  6
Continuous
 62
     4
100
AcDbLine
 10
26.43888132584001
 20
29.13233287314
 30
0.0
 11
26.43888132584001
 21
28.94952250723998
 31
0.0
  0
LINE
  5
4FB
330
223
100
AcDbEntity
  8
03___PRT_ALL_CURVES
  6
Continuous
 62
     4
100
AcDbLine
 10
26.84379265216
 20
59.37353343963997
 30
0.0
 11
26.84379265216
 21
59.12196452697998
 31
0.0
  0
LINE
  5
4FC
330
223
100
AcDbEntity
  8
03___PRT_ALL_CURVES
  6
Continuous
 62
     4
100
AcDbLine
 10
26.84379265216
 20
58.94952250712001
 30
0.0
 11
26.84379265216
 21
58.79999999945997
 31
0.0
  0
LINE
  5
4FD
330
223
100
AcDbEntity
  8
03___PRT_ALL_CURVES
  6
Continuous
 62
     4
100
AcDbLine
 10
26.84379265216
 20
29.37353343976
 30
0.0
 11
26.84379265216
 21
29.1219645271
 31
0.0
  0
LINE
  5
4FE
330
223
100
AcDbEntity
  8
03___PRT_ALL_CURVES
  6
Continuous
 62
     4
100
AcDbLine
 10
26.84379265216
 20
28.94952250723998
 30
0.0
 11
26.84379265216
 21
28.79999999958
 31
0.0
  0
LINE
  5
4FF
330
223
100
AcDbEntity
  8
02___PRT_ALL_AXES
  6
Continuous
 62
     7
100
AcDbLine
 10
26.99999999786004
 20
129.99999999948
 30
0.0
 11
26.99999999786004
 21
124.00000000052
 31
0.0
  0
LINE
  5
500
330
223
100
AcDbEntity
  8
02___PRT_ALL_AXES
  6
Continuous
 62
     7
100
AcDbLine
 10
26.99999999786004
 20
5.999999998960007
 30
0.0
 11
26.99999999786004
 21
0.0
 31
0.0
  0
LINE
  5
501
330
223
100
AcDbEntity
  8
03___PRT_ALL_CURVES
  6
Continuous
 62
     4
100
AcDbLine
 10
27.03751709326005
 20
28.79999999958
 30
0.0
 11
27.03751709326005
 21
28.94952250723998
 31
0.0
  0
LINE
  5
502
330
223
100
AcDbEntity
  8
03___PRT_ALL_CURVES
  6
Continuous
 62
     4
100
AcDbLine
 10
27.03751709326005
 20
29.1219645271
 30
0.0
 11
27.03751709326005
 21
29.61364259631998
 31
0.0
  0
LINE
  5
503
330
223
100
AcDbEntity
  8
03___PRT_ALL_CURVES
  6
Continuous
 62
     4
100
AcDbLine
 10
27.03751709326005
 20
58.79999999945997
 30
0.0
 11
27.03751709326005
 21
58.94952250712001
 31
0.0
  0
LINE
  5
504
330
223
100
AcDbEntity
  8
03___PRT_ALL_CURVES
  6
Continuous
 62
     4
100
AcDbLine
 10
27.03751709326005
 20
59.12196452697998
 30
0.0
 11
27.03751709326005
 21
59.61364259620001
 31
0.0
  0
LINE
  5
505
330
223
100
AcDbEntity
  8
03___PRT_ALL_CURVES
  6
Continuous
 62
     4
100
AcDbLine
 10
27.13792631586003
 20
28.94952250723998
 30
0.0
 11
27.13792631586003
 21
29.1219645271
 31
0.0
  0
LINE
  5
506
330
223
100
AcDbEntity
  8
03___PRT_ALL_CURVES
  6
Continuous
 62
     4
100
AcDbLine
 10
27.13792631586003
 20
58.94952250712001
 30
0.0
 11
27.13792631586003
 21
59.12196452697998
 31
0.0
  0
LINE
  5
507
330
223
100
AcDbEntity
  8
03___PRT_ALL_CURVES
  6
Continuous
 62
     4
100
AcDbLine
 10
28.48581163888002
 20
29.59999999977998
 30
0.0
 11
28.48581163888002
 21
28.79999999958
 31
0.0
  0
LINE
  5
508
330
223
100
AcDbEntity
  8
03___PRT_ALL_CURVES
  6
Continuous
 62
     4
100
AcDbLine
 10
28.73519785334003
 20
29.28622102612002
 30
0.0
 11
28.73519785334003
 21
29.43792633865999
 31
0.0
  0
LINE
  5
509
330
223
100
AcDbEntity
  8
03___PRT_ALL_CURVES
  6
Continuous
 62
     4
100
AcDbLine
 10
28.73519785334003
 20
28.97189631314001
 30
0.0
 11
28.73519785334003
 21
29.13396997426
 31
0.0
  0
LINE
  5
50A
330
223
100
AcDbEntity
  8
02___PRT_ALL_AXES
  6
Continuous
 62
     7
100
AcDbLine
 10
29.49999999912001
 20
129.99999999948
 30
0.0
 11
29.49999999912001
 21
124.00000000052
 31
0.0
  0
LINE
  5
50B
330
223
100
AcDbEntity
  8
02___PRT_ALL_AXES
  6
Continuous
 62
     7
100
AcDbLine
 10
29.49999999912001
 20
5.999999998960007
 30
0.0
 11
29.49999999912001
 21
0.0
 31
0.0
  0
LINE
  5
50C
330
223
100
AcDbEntity
  8
03___PRT_ALL_CURVES
  6
Continuous
 62
     4
100
AcDbLine
 10
29.73055937290002
 20
59.59999999966001
 30
0.0
 11
29.73055937290002
 21
58.79999999945997
 31
0.0
  0
LINE
  5
50D
330
223
100
AcDbEntity
  8
03___PRT_ALL_CURVES
  6
Continuous
 62
     4
100
AcDbLine
 10
29.73055937290002
 20
29.59999999977998
 30
0.0
 11
29.73055937290002
 21
28.79999999958
 31
0.0
  0
LINE
  5
50E
330
223
100
AcDbEntity
  8
03___PRT_ALL_CURVES
  6
Continuous
 62
     4
100
AcDbLine
 10
29.97776243704001
 20
28.98171895795997
 30
0.0
 11
29.97776243704001
 21
29.4188267223
 31
0.0
  0
LINE
  5
50F
330
223
100
AcDbEntity
  8
03___PRT_ALL_CURVES
  6
Continuous
 62
     4
100
AcDbLine
 10
29.97776243704001
 20
58.98171895783997
 30
0.0
 11
29.97776243704001
 21
59.41882672218
 31
0.0
  0
LINE
  5
510
330
223
100
AcDbEntity
  8
03___PRT_ALL_CURVES
  6
Continuous
 62
     4
100
AcDbLine
 10
28.65716230710001
 20
58.79999999945997
 30
0.0
 11
28.69590723342003
 21
58.93206002743997
 31
0.0
  0
LINE
  5
511
330
223
100
AcDbEntity
  8
03___PRT_ALL_CURVES
  6
Continuous
 62
     4
100
AcDbLine
 10
28.74993174056002
 20
59.10504775106
 30
0.0
 11
28.83724424818004
 21
59.39263300773999
 31
0.0
  0
LINE
  5
512
330
223
100
AcDbEntity
  8
03___PRT_ALL_CURVES
  6
Continuous
 62
     4
100
AcDbLine
 10
27.78076402942003
 20
59.59999999966001
 30
0.0
 11
27.60286486020004
 21
59.02428376729998
 31
0.0
  0
LINE
  5
513
330
223
100
AcDbEntity
  8
03___PRT_ALL_CURVES
  6
Continuous
 62
     4
100
AcDbLine
 10
27.73437921998001
 20
58.79999999945997
 30
0.0
 11
28.03178713164002
 21
59.59999999966001
 31
0.0
  0
LINE
  5
514
330
223
100
AcDbEntity
  8
03___PRT_ALL_CURVES
  6
Continuous
 62
     4
100
AcDbLine
 10
28.70572988840001
 20
59.59999999966001
 30
0.0
 11
28.40504782022003
 21
58.79999999945997
 31
0.0
  0
LINE
  5
515
330
223
100
AcDbEntity
  8
03___PRT_ALL_CURVES
  6
Continuous
 62
     4
100
AcDbLine
 10
26.84379265216
 20
59.61364259620001
 30
0.0
 11
26.43888132584001
 21
59.13233287302
 31
0.0
  0
LINE
  5
516
330
223
100
AcDbEntity
  8
03___PRT_ALL_CURVES
  6
Continuous
 62
     4
100
AcDbLine
 10
26.62933151644003
 20
59.12196452697998
 30
0.0
 11
26.84379265216
 21
59.37353343963997
 31
0.0
  0
LINE
  5
517
330
223
100
AcDbEntity
  8
03___PRT_ALL_CURVES
  6
Continuous
 62
     4
100
AcDbLine
 10
29.27598898410002
 20
58.79999999945997
 30
0.0
 11
28.97530691592002
 21
59.59999999966001
 31
0.0
  0
LINE
  5
518
330
223
100
AcDbEntity
  8
03___PRT_ALL_CURVES
  6
Continuous
 62
     4
100
AcDbLine
 10
28.83724424818004
 20
59.39263300773999
 30
0.0
 11
28.92564794995999
 21
59.10504775106
 31
0.0
  0
LINE
  5
519
330
223
100
AcDbEntity
  8
03___PRT_ALL_CURVES
  6
Continuous
 62
     4
100
AcDbLine
 10
28.97694418213999
 20
58.93206002743997
 30
0.0
 11
29.01678030262002
 21
58.79999999945997
 31
0.0
  0
LINE
  5
51A
330
223
100
AcDbEntity
  8
03___PRT_ALL_CURVES
  6
Continuous
 62
     4
100
AcDbLine
 10
12.35572998242003
 20
120.82401084832
 30
0.0
 11
12.79399756918005
 21
119.25000000092
 31
0.0
  0
LINE
  5
51B
330
223
100
AcDbEntity
  8
03___PRT_ALL_CURVES
  6
Continuous
 62
     4
100
AcDbLine
 10
13.10777668508001
 20
120.3516371093
 30
0.0
 11
12.72066865818005
 21
121.74999999964
 31
0.0
  0
LINE
  5
51C
330
223
100
AcDbEntity
  8
0
  6
Continuous
 62
     7
100
AcDbLine
 10
31.99999999784004
 20
129.99999999948
 30
0.0
 11
31.99999999784004
 21
124.00000000052
 31
0.0
  0
LINE
  5
51D
330
223
100
AcDbEntity
  8
0
  6
Continuous
 62
     7
100
AcDbLine
 10
31.99999999784004
 20
5.999999998960007
 30
0.0
 11
31.99999999784004
 21
0.0
 31
0.0
  0
LINE
  5
51E
330
223
100
AcDbEntity
  8
0
  6
Continuous
 62
     7
100
AcDbLine
 10
32.24999999822003
 20
5.999999998960007
 30
0.0
 11
32.24999999822003
 21
124.00000000052
 31
0.0
  0
LINE
  5
51F
330
223
100
AcDbEntity
  8
03___PRT_ALL_CURVES
  6
Continuous
 62
     4
100
AcDbLine
 10
27.78076402942003
 20
29.59999999977998
 30
0.0
 11
27.60286486020004
 21
29.02428376741997
 31
0.0
  0
LINE
  5
520
330
223
100
AcDbEntity
  8
0
  6
Continuous
 62
     2
100
AcDbLine
 10
15.46999999974003
 20
38.07525077339997
 30
0.0
 11
16.06999999862003
 21
38.67525077227998
 31
0.0
  0
LINE
  5
521
330
223
100
AcDbEntity
  8
0
  6
Continuous
 62
     2
100
AcDbLine
 10
19.21474920822004
 20
41.81999998187999
 30
0.0
 11
19.81474922488002
 21
42.41999999853999
 31
0.0
  0
LINE
  5
522
330
223
100
AcDbEntity
  8
0
  6
Continuous
 62
     2
100
AcDbLine
 10
23.37474922704001
 20
45.98000000069999
 30
0.0
 11
23.97474920814003
 21
46.5799999818
 31
0.0
  0
LINE
  5
523
330
223
100
AcDbEntity
  8
0
  6
Continuous
 62
     7
100
AcDbLine
 10
12.43463711696003
 20
31.58989111269997
 30
0.0
 11
10.93288637396003
 21
30.09164427937998
 31
0.0
  0
LINE
  5
524
330
223
100
AcDbEntity
  8
03___PRT_ALL_CURVES
  6
Continuous
 62
     4
100
AcDbLine
 10
27.73437921998001
 20
28.79999999958
 30
0.0
 11
28.03178713164002
 21
29.59999999977998
 31
0.0
  0
LINE
  5
525
330
223
100
AcDbEntity
  8
0
  6
Continuous
 62
     7
100
AcDbLine
 10
12.42870447452
 20
26.5098958625
 30
0.0
 11
10.92695373152
 21
25.01164902917998
 31
0.0
  0
LINE
  5
526
330
223
100
AcDbEntity
  8
0
  6
Continuous
 62
     7
100
AcDbLine
 10
-0.2500000003799983
 20
91.79999999881997
 30
0.0
 11
32.24999999822003
 21
91.79999999881997
 31
0.0
  0
LINE
  5
527
330
223
100
AcDbEntity
  8
0
  6
Continuous
 62
     7
100
AcDbLine
 10
-0.2500000003799983
 20
91.89999999947997
 30
0.0
 11
32.24999999822003
 21
91.89999999947997
 31
0.0
  0
LINE
  5
528
330
223
100
AcDbEntity
  8
03___PRT_ALL_CURVES
  6
Continuous
 62
     4
100
AcDbLine
 10
15.53956393732003
 20
120.01398365202
 30
0.0
 11
15.95225100120001
 21
119.25000000092
 31
0.0
  0
LINE
  5
529
330
223
100
AcDbEntity
  8
03___PRT_ALL_CURVES
  6
Continuous
 62
     4
100
AcDbLine
 10
16.82537559988003
 20
119.25000000092
 30
0.0
 11
16.45020489226002
 21
119.97305589796
 31
0.0
  0
LINE
  5
52A
330
223
100
AcDbEntity
  8
03___PRT_ALL_CURVES
  6
Continuous
 62
     4
100
AcDbLine
 10
26.84379265216
 20
29.61364259631998
 30
0.0
 11
26.43888132584001
 21
29.13233287314
 31
0.0
  0
LINE
  5
52B
330
223
100
AcDbEntity
  8
03___PRT_ALL_CURVES
  6
Continuous
 62
     4
100
AcDbLine
 10
26.62933151644003
 20
29.1219645271
 30
0.0
 11
26.84379265216
 21
29.37353343976
 31
0.0
  0
LINE
  5
52C
330
223
100
AcDbEntity
  8
0
  6
Continuous
 62
     7
100
AcDbLine
 10
22.21560174600003
 20
32.40945968437998
 30
0.0
 11
23.81613847380001
 21
32.86811297585999
 31
0.0
  0
LINE
  5
52D
330
223
100
AcDbEntity
  8
0
  6
Continuous
 62
     7
100
AcDbLine
 10
23.81613847126005
 20
32.86142390871998
 30
0.0
 11
22.21560174600003
 21
32.40277061724001
 31
0.0
  0
LINE
  5
52E
330
223
100
AcDbEntity
  8
0
  6
Continuous
 62
     7
100
AcDbLine
 10
22.20966910356
 20
27.32946443672
 30
0.0
 11
23.81020583136004
 21
27.78811772565999
 31
0.0
  0
LINE
  5
52F
330
223
100
AcDbEntity
  8
0
  6
Continuous
 62
     7
100
AcDbLine
 10
23.81020582882002
 20
27.78142866106
 30
0.0
 11
22.20966910356
 21
27.32277536957997
 31
0.0
  0
LINE
  5
530
330
223
100
AcDbEntity
  8
0
  6
Continuous
 62
     7
100
AcDbLine
 10
32.24999999822003
 20
116.89999999938
 30
0.0
 11
-0.2500000003799983
 21
116.89999999938
 31
0.0
  0
LINE
  5
531
330
223
100
AcDbEntity
  8
0
  6
Continuous
 62
     7
100
AcDbLine
 10
-0.2500000003799983
 20
117.00000000004
 30
0.0
 11
32.24999999822003
 21
117.00000000004
 31
0.0
  0
LINE
  5
532
330
223
100
AcDbEntity
  8
0
  6
Continuous
 62
     7
100
AcDbLine
 10
32.24999999822003
 20
117.59999999892
 30
0.0
 11
-0.2500000003799983
 21
117.59999999892
 31
0.0
  0
LINE
  5
533
330
223
100
AcDbEntity
  8
03___PRT_ALL_CURVES
  6
Continuous
 62
     4
100
AcDbLine
 10
19.96316556508
 20
119.97476126158
 30
0.0
 11
19.26057342950003
 21
119.89802184686
 31
0.0
  0
LINE
  5
534
330
223
100
AcDbEntity
  8
03___PRT_ALL_CURVES
  6
Continuous
 62
     4
100
AcDbLine
 10
8.33799478194004
 20
119.25000000092
 30
0.0
 11
9.11391568120004
 21
119.25000000092
 31
0.0
  0
LINE
  5
535
330
223
100
AcDbEntity
  8
03___PRT_ALL_CURVES
  6
Continuous
 62
     4
100
AcDbLine
 10
11.16200570744002
 20
119.25000000092
 30
0.0
 11
11.91916798026003
 21
119.25000000092
 31
0.0
  0
LINE
  5
536
330
223
100
AcDbEntity
  8
03___PRT_ALL_CURVES
  6
Continuous
 62
     4
100
AcDbLine
 10
12.79399756918005
 20
119.25000000092
 30
0.0
 11
13.55116014172003
 21
119.25000000092
 31
0.0
  0
LINE
  5
537
330
223
100
AcDbEntity
  8
03___PRT_ALL_CURVES
  6
Continuous
 62
     4
100
AcDbLine
 10
14.36630312916003
 20
119.25000000092
 30
0.0
 11
15.14222387856003
 21
119.25000000092
 31
0.0
  0
LINE
  5
538
330
223
100
AcDbEntity
  8
03___PRT_ALL_CURVES
  6
Continuous
 62
     4
100
AcDbLine
 10
15.95225100120001
 20
119.25000000092
 30
0.0
 11
16.82537559988003
 21
119.25000000092
 31
0.0
  0
LINE
  5
539
330
223
100
AcDbEntity
  8
03___PRT_ALL_CURVES
  6
Continuous
 62
     4
100
AcDbLine
 10
17.39324693302001
 20
119.25000000092
 30
0.0
 11
18.08560733392002
 21
119.25000000092
 31
0.0
  0
LINE
  5
53A
330
223
100
AcDbEntity
  8
03___PRT_ALL_CURVES
  6
Continuous
 62
     4
100
AcDbLine
 10
9.11391568120004
 20
120.17769443966
 30
0.0
 11
9.53683514778001
 21
120.17769443966
 31
0.0
  0
LINE
  5
53B
330
223
100
AcDbEntity
  8
03___PRT_ALL_CURVES
  6
Continuous
 62
     4
100
AcDbLine
 10
15.14222387856003
 20
120.26466573638
 30
0.0
 11
15.21043662504002
 21
120.26466573638
 31
0.0
  0
LINE
  5
53C
330
223
100
AcDbEntity
  8
03___PRT_ALL_CURVES
  6
Continuous
 62
     4
100
AcDbLine
 10
9.303206250040006
 20
120.68417462558
 30
0.0
 11
9.11391568120004
 21
120.68417462558
 31
0.0
  0
LINE
  5
53D
330
223
100
AcDbEntity
  8
03___PRT_ALL_CURVES
  6
Continuous
 62
     4
100
AcDbLine
 10
15.46794001656002
 20
120.73703962526
 30
0.0
 11
15.14222387856003
 21
120.73703962526
 31
0.0
  0
LINE
  5
53E
330
223
100
AcDbEntity
  8
03___PRT_ALL_CURVES
  6
Continuous
 62
     4
100
AcDbLine
 10
16.97203283006002
 20
121.16336974542
 30
0.0
 11
18.20668463304003
 21
121.16336974542
 31
0.0
  0
LINE
  5
53F
330
223
100
AcDbEntity
  8
03___PRT_ALL_CURVES
  6
Continuous
 62
     4
100
AcDbLine
 10
20.10300163796003
 20
121.1957708287
 30
0.0
 11
21.21998672174004
 21
121.1957708287
 31
0.0
  0
LINE
  5
540
330
223
100
AcDbEntity
  8
03___PRT_ALL_CURVES
  6
Continuous
 62
     4
100
AcDbLine
 10
9.11391568120004
 20
121.24181452376
 30
0.0
 11
9.333902045900032
 21
121.24181452376
 31
0.0
  0
LINE
  5
541
330
223
100
AcDbEntity
  8
03___PRT_ALL_CURVES
  6
Continuous
 62
     4
100
AcDbLine
 10
15.14222387856003
 20
121.24522510114
 30
0.0
 11
15.48158292298001
 21
121.24522510114
 31
0.0
  0
LINE
  5
542
330
223
100
AcDbEntity
  8
03___PRT_ALL_CURVES
  6
Continuous
 62
     4
100
AcDbLine
 10
21.21998672174004
 20
121.74999999964
 30
0.0
 11
19.57094196802001
 21
121.74999999964
 31
0.0
  0
LINE
  5
543
330
223
100
AcDbEntity
  8
03___PRT_ALL_CURVES
  6
Continuous
 62
     4
100
AcDbLine
 10
18.99965886624003
 20
121.74999999964
 30
0.0
 11
16.97203283006002
 21
121.74999999964
 31
0.0
  0
LINE
  5
544
330
223
100
AcDbEntity
  8
03___PRT_ALL_CURVES
  6
Continuous
 62
     4
100
AcDbLine
 10
15.65382008168004
 20
121.74999999964
 30
0.0
 11
14.36630312916003
 21
121.74999999964
 31
0.0
  0
LINE
  5
545
330
223
100
AcDbEntity
  8
03___PRT_ALL_CURVES
  6
Continuous
 62
     4
100
AcDbLine
 10
14.10368387284001
 20
121.74999999964
 30
0.0
 11
13.37210123136001
 21
121.74999999964
 31
0.0
  0
LINE
  5
546
330
223
100
AcDbEntity
  8
03___PRT_ALL_CURVES
  6
Continuous
 62
     4
100
AcDbLine
 10
12.72066865818005
 20
121.74999999964
 30
0.0
 11
11.98908631388002
 21
121.74999999964
 31
0.0
  0
LINE
  5
547
330
223
100
AcDbEntity
  8
03___PRT_ALL_CURVES
  6
Continuous
 62
     4
100
AcDbLine
 10
11.33935902812001
 20
121.74999999964
 30
0.0
 11
10.60607109922003
 21
121.74999999964
 31
0.0
  0
LINE
  5
548
330
223
100
AcDbEntity
  8
03___PRT_ALL_CURVES
  6
Continuous
 62
     4
100
AcDbLine
 10
9.622101230740014
 20
121.74999999964
 30
0.0
 11
8.33799478194004
 21
121.74999999964
 31
0.0
  0
LINE
  5
549
330
223
100
AcDbEntity
  8
03___PRT_ALL_CURVES
  6
Continuous
 62
     4
100
AcDbLine
 10
19.35095552966001
 20
120.4062073964
 30
0.0
 11
19.94270090700002
 21
120.32094131344
 31
0.0
  0
LINE
  5
54A
330
223
100
AcDbEntity
  8
0
  6
Continuous
 62
     7
100
AcDbLine
 10
32.24999999822003
 20
124.00000000052
 30
0.0
 11
-0.2500000003799983
 21
124.00000000052
 31
0.0
  0
LINE
  5
54B
330
223
100
AcDbEntity
  8
0
  6
Continuous
 62
     7
100
AcDbLine
 10
16.39999999902
 20
124.84999999978
 30
0.0
 11
15.59999999882004
 21
124.84999999978
 31
0.0
  0
LINE
  5
54C
330
223
100
AcDbEntity
  8
0
  6
Continuous
 62
     7
100
AcDbLine
 10
17.74999999904003
 20
126.1999999998
 30
0.0
 11
16.39999999902
 21
126.1999999998
 31
0.0
  0
LINE
  5
54D
330
223
100
AcDbEntity
  8
0
  6
Continuous
 62
     7
100
AcDbLine
 10
14.24999999880001
 20
126.1999999998
 30
0.0
 11
15.59999999882004
 21
126.1999999998
 31
0.0
  0
LINE
  5
54E
330
223
100
AcDbEntity
  8
0
  6
Continuous
 62
     7
100
AcDbLine
 10
14.24999999880001
 20
127.0
 30
0.0
 11
15.59999999882004
 21
127.0
 31
0.0
  0
LINE
  5
54F
330
223
100
AcDbEntity
  8
0
  6
Continuous
 62
     7
100
AcDbLine
 10
16.39999999902
 20
127.0
 30
0.0
 11
17.74999999904003
 21
127.0
 31
0.0
  0
LINE
  5
550
330
223
100
AcDbEntity
  8
0
  6
Continuous
 62
     7
100
AcDbLine
 10
15.59999999882004
 20
128.35000000002
 30
0.0
 11
16.39999999902
 21
128.35000000002
 31
0.0
  0
LINE
  5
551
330
223
100
AcDbEntity
  8
02___PRT_ALL_AXES
  6
Continuous
 62
     7
100
AcDbLine
 10
31.99999999784004
 20
129.99999999948
 30
0.0
 11
0.0
 21
129.99999999948
 31
0.0
  0
ARC
  5
552
330
223
100
AcDbEntity
  8
03___PRT_ALL_CURVES
  6
Continuous
 62
     4
100
AcDbCircle
 10
6.649999999440041
 20
51.85000000058
 30
0.0
 40
2.299999999939999
100
AcDbArc
 50
0.0
 51
86.26066476849998
  0
ARC
  5
553
330
223
100
AcDbEntity
  8
03___PRT_ALL_CURVES
  6
Continuous
 62
     4
100
AcDbCircle
 10
6.649999999440041
 20
51.85000000058
 30
0.0
 40
2.299999999939999
100
AcDbArc
 50
93.73933523150001
 51
180.0
  0
ARC
  5
554
330
223
100
AcDbEntity
  8
03___PRT_ALL_CURVES
  6
Continuous
 62
     4
100
AcDbCircle
 10
6.649999999440041
 20
21.84989651601998
 30
0.0
 40
2.299999999939999
100
AcDbArc
 50
0.0366431688000188
 51
86.26066476849998
  0
ARC
  5
555
330
223
100
AcDbEntity
  8
03___PRT_ALL_CURVES
  6
Continuous
 62
     4
100
AcDbCircle
 10
6.649999999440041
 20
21.84989651601998
 30
0.0
 40
2.299999999939999
100
AcDbArc
 50
93.73933523150001
 51
180.0366431688
  0
ARC
  5
556
330
223
100
AcDbEntity
  8
0
  6
Continuous
 62
     7
100
AcDbCircle
 10
14.05589046322004
 20
54.09936538245998
 30
0.0
 40
2.19999999928
100
AcDbArc
 50
179.9330875072
 51
248.6531161223
  0
ARC
  5
557
330
223
100
AcDbEntity
  8
0
  6
Continuous
 62
     7
100
AcDbCircle
 10
14.15589039276003
 20
54.09924859833998
 30
0.0
 40
2.19999999928
100
AcDbArc
 50
291.2130588524
 51
359.9330875415
  0
ARC
  5
558
330
223
100
AcDbEntity
  8
0
  6
Continuous
 62
     7
100
AcDbCircle
 10
14.15600717942002
 20
54.19924850502002
 30
0.0
 40
2.19999999928
100
AcDbArc
 50
359.9330875083999
 51
89.93308740459996
  0
ARC
  5
559
330
223
100
AcDbEntity
  8
0
  6
Continuous
 62
     7
100
AcDbCircle
 10
14.05600724734003
 20
54.19936528913999
 30
0.0
 40
2.19999999928
100
AcDbArc
 50
89.9330874514
 51
179.9330875273
  0
ARC
  5
55A
330
223
100
AcDbEntity
  8
0
  6
Continuous
 62
     7
100
AcDbCircle
 10
14.06193988978004
 20
59.27936172552
 30
0.0
 40
2.19999999928
100
AcDbArc
 50
89.9330874514
 51
179.9330875244
  0
ARC
  5
55B
330
223
100
AcDbEntity
  8
0
  6
Continuous
 62
     7
100
AcDbCircle
 10
14.06182310566001
 20
59.17936181883996
 30
0.0
 40
2.19999999928
100
AcDbArc
 50
179.9330875087
 51
269.9330874641
  0
ARC
  5
55C
330
223
100
AcDbEntity
  8
0
  6
Continuous
 62
     7
100
AcDbCircle
 10
14.16182303774005
 20
59.17924503472
 30
0.0
 40
2.19999999928
100
AcDbArc
 50
269.9330875012
 51
359.9330875216
  0
ARC
  5
55D
330
223
100
AcDbEntity
  8
0
  6
Continuous
 62
     7
100
AcDbCircle
 10
14.16193982186002
 20
59.27924494139998
 30
0.0
 40
2.19999999928
100
AcDbArc
 50
359.9330875323
 51
89.93308748529999
  0
ARC
  5
55E
330
223
100
AcDbEntity
  8
0
  6
Continuous
 62
     7
100
AcDbCircle
 10
14.06775574810001
 20
64.2593570665
 30
0.0
 40
2.19999999928
100
AcDbArc
 50
179.9330875087
 51
269.9330874904999
  0
ARC
  5
55F
330
223
100
AcDbEntity
  8
0
  6
Continuous
 62
     7
100
AcDbCircle
 10
14.16775568018002
 20
64.25924028237998
 30
0.0
 40
2.19999999928
100
AcDbArc
 50
269.9330874748
 51
359.9330875216
  0
ARC
  5
560
330
223
100
AcDbEntity
  8
0
  6
Continuous
 62
     7
100
AcDbCircle
 10
14.16787246430005
 20
64.35924018906002
 30
0.0
 40
2.19999999928
100
AcDbArc
 50
359.9330875113999
 51
68.65311613439995
  0
ARC
  5
561
330
223
100
AcDbEntity
  8
0
  6
Continuous
 62
     7
100
AcDbCircle
 10
14.06787253476003
 20
64.35935697317998
 30
0.0
 40
2.19999999928
100
AcDbArc
 50
111.2130588619
 51
179.933087527
  0
ARC
  5
562
330
223
100
AcDbEntity
  8
0
  6
Continuous
 62
     7
100
AcDbCircle
 10
14.05589046322004
 20
24.09936538257998
 30
0.0
 40
2.19999999928
100
AcDbArc
 50
179.9330875072
 51
248.6531161223
  0
ARC
  5
563
330
223
100
AcDbEntity
  8
0
  6
Continuous
 62
     7
100
AcDbCircle
 10
14.15589039276003
 20
24.09924859845998
 30
0.0
 40
2.19999999928
100
AcDbArc
 50
291.2130588524
 51
359.9330875415
  0
ARC
  5
564
330
223
100
AcDbEntity
  8
0
  6
Continuous
 62
     7
100
AcDbCircle
 10
14.15600717942002
 20
24.19924850513999
 30
0.0
 40
2.19999999928
100
AcDbArc
 50
359.9330875083999
 51
89.93308740459996
  0
ARC
  5
565
330
223
100
AcDbEntity
  8
0
  6
Continuous
 62
     7
100
AcDbCircle
 10
14.05600724734003
 20
24.19936528925999
 30
0.0
 40
2.19999999928
100
AcDbArc
 50
89.9330874514
 51
179.9330875273
  0
ARC
  5
566
330
223
100
AcDbEntity
  8
0
  6
Continuous
 62
     7
100
AcDbCircle
 10
14.06193988978004
 20
29.27936172564
 30
0.0
 40
2.19999999928
100
AcDbArc
 50
89.9330874514
 51
179.9330875244
  0
ARC
  5
567
330
223
100
AcDbEntity
  8
0
  6
Continuous
 62
     7
100
AcDbCircle
 10
14.06182310566001
 20
29.17936181895999
 30
0.0
 40
2.19999999928
100
AcDbArc
 50
179.9330875087
 51
269.9330874641
  0
ARC
  5
568
330
223
100
AcDbEntity
  8
0
  6
Continuous
 62
     7
100
AcDbCircle
 10
14.16182303774005
 20
29.17924503483997
 30
0.0
 40
2.19999999928
100
AcDbArc
 50
269.9330875012
 51
359.9330875216
  0
ARC
  5
569
330
223
100
AcDbEntity
  8
0
  6
Continuous
 62
     7
100
AcDbCircle
 10
14.16193982186002
 20
29.27924494152001
 30
0.0
 40
2.19999999928
100
AcDbArc
 50
359.9330875323
 51
89.93308748529999
  0
ARC
  5
56A
330
223
100
AcDbEntity
  8
0
  6
Continuous
 62
     7
100
AcDbCircle
 10
14.06775574810001
 20
34.25935706662
 30
0.0
 40
2.19999999928
100
AcDbArc
 50
179.9330875087
 51
269.9330874904999
  0
ARC
  5
56B
330
223
100
AcDbEntity
  8
0
  6
Continuous
 62
     7
100
AcDbCircle
 10
14.16775568018002
 20
34.2592402825
 30
0.0
 40
2.19999999928
100
AcDbArc
 50
269.9330874748
 51
359.9330875216
  0
ARC
  5
56C
330
223
100
AcDbEntity
  8
0
  6
Continuous
 62
     7
100
AcDbCircle
 10
14.16787246430005
 20
34.35924018917999
 30
0.0
 40
2.19999999928
100
AcDbArc
 50
359.9330875113999
 51
68.65311613439995
  0
ARC
  5
56D
330
223
100
AcDbEntity
  8
0
  6
Continuous
 62
     7
100
AcDbCircle
 10
14.06787253476003
 20
34.35935697330001
 30
0.0
 40
2.19999999928
100
AcDbArc
 50
111.2130588619
 51
179.933087527
  0
ARC
  5
56E
330
223
100
AcDbEntity
  8
03___PRT_ALL_CURVES
  6
Continuous
 62
     4
100
AcDbCircle
 10
6.649999999440041
 20
51.85000000058
 30
0.0
 40
2.0000000005
100
AcDbArc
 50
94.30122230470003
 51
180.0
  0
ARC
  5
56F
330
223
100
AcDbEntity
  8
03___PRT_ALL_CURVES
  6
Continuous
 62
     4
100
AcDbCircle
 10
6.649999999440041
 20
21.84989651601998
 30
0.0
 40
2.0000000005
100
AcDbArc
 50
0.0366431688000188
 51
85.69877769529997
  0
ARC
  5
570
330
223
100
AcDbEntity
  8
03___PRT_ALL_CURVES
  6
Continuous
 62
     4
100
AcDbCircle
 10
6.649999999440041
 20
21.84989651601998
 30
0.0
 40
2.0000000005
100
AcDbArc
 50
94.30122230470003
 51
180.0366431688
  0
ARC
  5
571
330
223
100
AcDbEntity
  8
03___PRT_ALL_CURVES
  6
Continuous
 62
     4
100
AcDbCircle
 10
6.649999999440041
 20
51.85000000058
 30
0.0
 40
2.0000000005
100
AcDbArc
 50
0.0
 51
85.69877769529997
  0
ARC
  5
572
330
223
100
AcDbEntity
  8
0
  6
Continuous
 62
     7
100
AcDbCircle
 10
1.549999998800018
 20
92.80000000033999
 30
0.0
 40
0.9999999989799999
100
AcDbArc
 50
245.5491792546
 51
270.0
  0
ARC
  5
573
330
223
100
AcDbEntity
  8
0
  6
Continuous
 62
     7
100
AcDbCircle
 10
1.549999998800018
 20
115.99999999852
 30
0.0
 40
0.9999999989799999
100
AcDbArc
 50
90.0
 51
114.4508207454
  0
ARC
  5
574
330
223
100
AcDbEntity
  8
0
  6
Continuous
 62
     7
100
AcDbCircle
 10
15.99999999892003
 20
3.39999999957999
 30
0.0
 40
2.84999999976
100
AcDbArc
 50
113.7203254665
 51
66.27967453810001
  0
ARC
  5
575
330
223
100
AcDbEntity
  8
0
  6
Continuous
 62
     7
100
AcDbCircle
 10
15.99999999892003
 20
3.39999999957999
 30
0.0
 40
2.7499999991
100
AcDbArc
 50
108.8395913588
 51
71.16040866799997
  0
ARC
  5
576
330
223
100
AcDbEntity
  8
02___PRT_ALL_AXES
  6
Continuous
 62
     7
100
AcDbCircle
 10
16.46999999872003
 20
16.97999999979999
 30
0.0
 40
0.9999999989799999
100
AcDbArc
 50
180.0
 51
270.0
  0
ARC
  5
577
330
223
100
AcDbEntity
  8
02___PRT_ALL_AXES
  6
Continuous
 62
     7
100
AcDbCircle
 10
16.46999999872003
 20
41.41999999955999
 30
0.0
 40
0.9999999989799999
100
AcDbArc
 50
90.0
 51
180.0
  0
ARC
  5
578
330
223
100
AcDbEntity
  8
02___PRT_ALL_AXES
  6
Continuous
 62
     7
100
AcDbCircle
 10
16.46999999872003
 20
46.97999999967999
 30
0.0
 40
0.9999999989799999
100
AcDbArc
 50
180.0
 51
270.0
  0
CIRCLE
  5
579
330
223
100
AcDbEntity
  8
0
  6
Continuous
 62
     7
100
AcDbCircle
 10
20.69999999946003
 20
19.04759168629998
 30
0.0
 40
1.9499999989
  0
ARC
  5
57A
330
223
100
AcDbEntity
  8
0
  6
Continuous
 62
     7
100
AcDbCircle
 10
20.69999999946003
 20
19.04517223723998
 30
0.0
 40
1.85000000078
100
AcDbArc
 50
279.2655079939
 51
80.60066698370002
  0
ARC
  5
57B
330
223
100
AcDbEntity
  8
0
  6
Continuous
 62
     7
100
AcDbCircle
 10
20.69999999946003
 20
19.04467411529998
 30
0.0
 40
1.85000000078
100
AcDbArc
 50
80.60066698370002
 51
99.2655079823
  0
ARC
  5
57C
330
223
100
AcDbEntity
  8
0
  6
Continuous
 62
     7
100
AcDbCircle
 10
20.69999999946003
 20
19.04467411529998
 30
0.0
 40
1.85000000078
100
AcDbArc
 50
260.6006669953
 51
279.2655079939
  0
ARC
  5
57D
330
223
100
AcDbEntity
  8
0
  6
Continuous
 62
     7
100
AcDbCircle
 10
20.69999999946003
 20
19.04517223723998
 30
0.0
 40
1.85000000078
100
AcDbArc
 50
99.2655079823
 51
260.6006669953
  0
ARC
  5
57E
330
223
100
AcDbEntity
  8
02___PRT_ALL_AXES
  6
Continuous
 62
     7
100
AcDbCircle
 10
24.09999999904002
 20
16.97999999979999
 30
0.0
 40
0.9999999989799999
100
AcDbArc
 50
270.0
 51
0.0
  0
ARC
  5
57F
330
223
100
AcDbEntity
  8
0
  6
Continuous
 62
     7
100
AcDbCircle
 10
22.55594305668004
 20
24.13872706915998
 30
0.0
 40
0.9680381578999999
100
AcDbArc
 50
269.9330874516
 51
89.93308751969998
  0
ARC
  5
580
330
223
100
AcDbEntity
  8
0
  6
Continuous
 62
     7
100
AcDbCircle
 10
22.56187570166
 20
29.21872231935998
 30
0.0
 40
0.9680381578999999
100
AcDbArc
 50
269.9330875504
 51
89.93308832199999
  0
CIRCLE
  5
581
330
223
100
AcDbEntity
  8
0
  6
Continuous
 62
     7
100
AcDbCircle
 10
20.69999999946003
 20
49.04759168618
 30
0.0
 40
1.9499999989
  0
CIRCLE
  5
582
330
223
100
AcDbEntity
  8
0
  6
Continuous
 62
     7
100
AcDbCircle
 10
20.72375392706002
 20
39.38757266741999
 30
0.0
 40
1.9499999989
  0
ARC
  5
583
330
223
100
AcDbEntity
  8
0
  6
Continuous
 62
     7
100
AcDbCircle
 10
20.72375392706002
 20
39.38515321582
 30
0.0
 40
1.85000000078
100
AcDbArc
 50
279.2655079939
 51
80.60066698370002
  0
ARC
  5
584
330
223
100
AcDbEntity
  8
0
  6
Continuous
 62
     7
100
AcDbCircle
 10
20.72375392706002
 20
39.38465509387999
 30
0.0
 40
1.85000000078
100
AcDbArc
 50
80.6006669839
 51
99.2655079823
  0
ARC
  5
585
330
223
100
AcDbEntity
  8
0
  6
Continuous
 62
     7
100
AcDbCircle
 10
20.72375392706002
 20
39.38465509387999
 30
0.0
 40
1.85000000078
100
AcDbArc
 50
260.6006669955
 51
279.2655079939
  0
ARC
  5
586
330
223
100
AcDbEntity
  8
0
  6
Continuous
 62
     7
100
AcDbCircle
 10
20.72375392706002
 20
39.38515321582
 30
0.0
 40
1.85000000078
100
AcDbArc
 50
99.2655079823
 51
260.6006669953
  0
ARC
  5
587
330
223
100
AcDbEntity
  8
0
  6
Continuous
 62
     7
100
AcDbCircle
 10
20.69999999946003
 20
49.04517223712
 30
0.0
 40
1.85000000078
100
AcDbArc
 50
279.2655079939
 51
80.60066698370002
  0
ARC
  5
588
330
223
100
AcDbEntity
  8
0
  6
Continuous
 62
     7
100
AcDbCircle
 10
20.69999999946003
 20
49.04467411517999
 30
0.0
 40
1.85000000078
100
AcDbArc
 50
80.60066698370002
 51
99.2655079823
  0
ARC
  5
589
330
223
100
AcDbEntity
  8
0
  6
Continuous
 62
     7
100
AcDbCircle
 10
20.69999999946003
 20
49.04467411517999
 30
0.0
 40
1.85000000078
100
AcDbArc
 50
260.6006669953
 51
279.2655079939
  0
ARC
  5
58A
330
223
100
AcDbEntity
  8
0
  6
Continuous
 62
     7
100
AcDbCircle
 10
20.69999999946003
 20
49.04517223712
 30
0.0
 40
1.85000000078
100
AcDbArc
 50
99.2655079823
 51
260.6006669953
  0
ARC
  5
58B
330
223
100
AcDbEntity
  8
02___PRT_ALL_AXES
  6
Continuous
 62
     7
100
AcDbCircle
 10
24.09999999904002
 20
41.41999999955999
 30
0.0
 40
0.9999999989799999
100
AcDbArc
 50
0.0
 51
90.0
  0
ARC
  5
58C
330
223
100
AcDbEntity
  8
02___PRT_ALL_AXES
  6
Continuous
 62
     7
100
AcDbCircle
 10
24.09999999904002
 20
46.97999999967999
 30
0.0
 40
0.9999999989799999
100
AcDbArc
 50
270.0
 51
0.0
  0
ARC
  5
58D
330
223
100
AcDbEntity
  8
0
  6
Continuous
 62
     7
100
AcDbCircle
 10
22.55594305668004
 20
54.13872706904002
 30
0.0
 40
0.9680381578999999
100
AcDbArc
 50
269.9330874516
 51
89.93308751969998
  0
ARC
  5
58E
330
223
100
AcDbEntity
  8
0
  6
Continuous
 62
     7
100
AcDbCircle
 10
22.56780834410003
 20
64.29871756689997
 30
0.0
 40
0.9680381578999999
100
AcDbArc
 50
269.9330875058
 51
89.93308746999999
  0
ARC
  5
58F
330
223
100
AcDbEntity
  8
0
  6
Continuous
 62
     7
100
AcDbCircle
 10
22.56187570166
 20
59.21872231923999
 30
0.0
 40
0.9680381578999999
100
AcDbArc
 50
269.9330875504
 51
89.93308832199999
  0
ARC
  5
590
330
223
100
AcDbEntity
  8
0
  6
Continuous
 62
     7
100
AcDbCircle
 10
22.56780834410003
 20
34.29871756701999
 30
0.0
 40
0.9680381578999999
100
AcDbArc
 50
269.9330875058
 51
89.93308746999999
  0
ARC
  5
591
330
223
100
AcDbEntity
  8
0
  6
Continuous
 62
     7
100
AcDbCircle
 10
15.99999999892003
 20
126.5999999998999
 30
0.0
 40
2.84999999976
100
AcDbArc
 50
293.7203254653999
 51
246.2796745504
  0
ARC
  5
592
330
223
100
AcDbEntity
  8
0
  6
Continuous
 62
     7
100
AcDbCircle
 10
15.99999999892003
 20
126.5999999998999
 30
0.0
 40
2.7499999991
100
AcDbArc
 50
288.8395913588
 51
251.160408668
  0
CIRCLE
  5
593
330
223
100
AcDbEntity
  8
0
  6
Continuous
 62
     7
100
AcDbCircle
 10
20.72375392706002
 20
69.38757266729999
 30
0.0
 40
1.9499999989
  0
ARC
  5
594
330
223
100
AcDbEntity
  8
0
  6
Continuous
 62
     7
100
AcDbCircle
 10
20.72375392706002
 20
69.3851532157
 30
0.0
 40
1.85000000078
100
AcDbArc
 50
279.2655079939
 51
80.60066698370002
  0
ARC
  5
595
330
223
100
AcDbEntity
  8
0
  6
Continuous
 62
     7
100
AcDbCircle
 10
20.72375392706002
 20
69.38465509375999
 30
0.0
 40
1.85000000078
100
AcDbArc
 50
80.6006669839
 51
99.2655079823
  0
ARC
  5
596
330
223
100
AcDbEntity
  8
0
  6
Continuous
 62
     7
100
AcDbCircle
 10
20.72375392706002
 20
69.38465509375999
 30
0.0
 40
1.85000000078
100
AcDbArc
 50
260.6006669955
 51
279.2655079939
  0
ARC
  5
597
330
223
100
AcDbEntity
  8
0
  6
Continuous
 62
     7
100
AcDbCircle
 10
20.72375392706002
 20
69.3851532157
 30
0.0
 40
1.85000000078
100
AcDbArc
 50
99.2655079823
 51
260.6006669953
  0
ARC
  5
598
330
223
100
AcDbEntity
  8
02___PRT_ALL_AXES
  6
Continuous
 62
     7
100
AcDbCircle
 10
24.09999999904002
 20
71.41999999944
 30
0.0
 40
0.9999999989799999
100
AcDbArc
 50
0.0
 51
90.0
  0
ARC
  5
599
330
223
100
AcDbEntity
  8
02___PRT_ALL_AXES
  6
Continuous
 62
     7
100
AcDbCircle
 10
16.46999999872003
 20
71.41999999944
 30
0.0
 40
0.9999999989799999
100
AcDbArc
 50
90.0
 51
180.0
  0
ARC
  5
59A
330
223
100
AcDbEntity
  8
0
  6
Continuous
 62
     7
100
AcDbCircle
 10
30.44999999904002
 20
115.99999999852
 30
0.0
 40
0.9999999989799999
100
AcDbArc
 50
65.54917925460003
 51
90.0
  0
ARC
  5
59B
330
223
100
AcDbEntity
  8
0
  6
Continuous
 62
     7
100
AcDbCircle
 10
30.44999999904002
 20
92.80000000033999
 30
0.0
 40
0.9999999989799999
100
AcDbArc
 50
270.0
 51
294.4508207453999
  0
ENDSEC
  0
SECTION
  2
OBJECTS
  0
DICTIONARY
  5
C
330
0
100
AcDbDictionary
281
     1
  3
ACAD_CIP_PREVIOUS_PRODUCT_INFO
350
5F8
  3
ACAD_COLOR
350
5D2
  3
ACAD_DETAILVIEWSTYLE
350
5EB
  3
ACAD_GROUP
350
D
  3
ACAD_LAYOUT
350
1A
  3
ACAD_MATERIAL
350
5A0
  3
ACAD_MLEADERSTYLE
350
5E7
  3
ACAD_MLINESTYLE
350
17
  3
ACAD_PLOTSETTINGS
350
19
  3
ACAD_PLOTSTYLENAME
350
E
  3
ACAD_SCALELIST
350
5D5
  3
ACAD_SECTIONVIEWSTYLE
350
5E9
  3
ACAD_TABLESTYLE
350
5D3
  3
ACAD_VISUALSTYLE
350
5B9
  3
ACDB_RECOMPOSE_DATA
350
605
  3
AcDbVariableDictionary
350
5ED
  0
DICTIONARY
  5
5FC
330
2
100
AcDbDictionary
280
     1
281
     1
  3
ACAD_LAYERSTATES
360
5FD
  0
XRECORD
  5
5F8
102
{ACAD_REACTORS
330
C
102
}
330
C
100
AcDbXrecord
280
     1
300
ACD
300
2018
300
ACD_F_S
  0
DICTIONARY
  5
5D2
102
{ACAD_REACTORS
330
C
102
}
330
C
100
AcDbDictionary
281
     1
  0
DICTIONARY
  5
5EB
102
{ACAD_REACTORS
330
C
102
}
330
C
100
AcDbDictionary
281
     1
  3
Imperial24
350
5EC
  0
DICTIONARY
  5
D
102
{ACAD_REACTORS
330
C
102
}
330
C
100
AcDbDictionary
281
     1
  0
DICTIONARY
  5
1A
102
{ACAD_REACTORS
330
C
102
}
330
C
100
AcDbDictionary
281
     1
  3
Layout1
350
59D
  3
Model
350
59C
  0
DICTIONARY
  5
5A0
102
{ACAD_REACTORS
330
C
102
}
330
C
100
AcDbDictionary
281
     1
  3
ByBlock
350
5A9
  3
ByLayer
350
5A1
  3
Global
350
5B1
  0
DICTIONARY
  5
5E7
102
{ACAD_REACTORS
330
C
102
}
330
C
100
AcDbDictionary
281
     1
  3
Standard
350
5E8
  0
DICTIONARY
  5
17
102
{ACAD_REACTORS
330
C
102
}
330
C
100
AcDbDictionary
281
     1
  3
Standard
350
18
  0
DICTIONARY
  5
19
102
{ACAD_REACTORS
330
C
102
}
330
C
100
AcDbDictionary
281
     1
  0
ACDBDICTIONARYWDFLT
  5
E
102
{ACAD_REACTORS
330
C
102
}
330
C
100
AcDbDictionary
281
     1
  3
Normal
350
F
100
AcDbDictionaryWithDefault
340
F
  0
DICTIONARY
  5
5D5
102
{ACAD_REACTORS
330
C
102
}
330
C
100
AcDbDictionary
281
     1
  3
A0
350
5D6
  3
A1
350
5D7
  3
A2
350
5D8
  3
A3
350
5D9
  3
A4
350
5DA
  3
A5
350
5DB
  3
A6
350
5DC
  3
A7
350
5DD
  3
A8
350
5DE
  3
A9
350
5DF
  3
B0
350
5E0
  3
B1
350
5E1
  3
B2
350
5E2
  3
B3
350
5E3
  3
B4
350
5E4
  3
B5
350
5E5
  3
B6
350
5E6
  0
DICTIONARY
  5
5E9
102
{ACAD_REACTORS
330
C
102
}
330
C
100
AcDbDictionary
281
     1
  3
Imperial24
350
5EA
  0
DICTIONARY
  5
5D3
102
{ACAD_REACTORS
330
C
102
}
330
C
100
AcDbDictionary
281
     1
  3
Standard
350
5D4
  0
DICTIONARY
  5
5B9
102
{ACAD_REACTORS
330
C
102
}
330
C
100
AcDbDictionary
281
     1
  3
2dWireframe
350
5BF
  3
Basic
350
5BE
  3
Brighten
350
5C5
  3
ColorChange
350
5C9
  3
Conceptual
350
5C2
  3
Dim
350
5C4
  3
EdgeColorOff
350
5D1
  3
Facepattern
350
5C8
  3
Flat
350
5BA
  3
FlatWithEdges
350
5BB
  3
Gouraud
350
5BC
  3
GouraudWithEdges
350
5BD
  3
Hidden
350
5C1
  3
JitterOff
350
5CF
  3
Linepattern
350
5C7
  3
OverhangOff
350
5D0
  3
Realistic
350
5C3
  3
Shaded
350
5CE
  3
Shaded with edges
350
5CD
  3
Shades of Gray
350
5CA
  3
Sketchy
350
5CB
  3
Thicken
350
5C6
  3
Wireframe
350
5C0
  3
X-Ray
350
5CC
  0
XRECORD
  5
605
102
{ACAD_REACTORS
330
C
102
}
330
C
100
AcDbXrecord
280
     1
 90
        1
330
5D4
  0
DICTIONARY
  5
5ED
102
{ACAD_REACTORS
330
C
102
}
330
C
100
AcDbDictionary
281
     1
  3
CANNOSCALE
350
5F2
  3
CMLEADERSTYLE
350
5EF
  3
CTABLESTYLE
350
5EE
  3
CVIEWDETAILSTYLE
350
5F0
  3
CVIEWSECTIONSTYLE
350
5F1
  0
DICTIONARY
  5
5FD
102
{ACAD_REACTORS
330
5FC
102
}
330
5FC
100
AcDbDictionary
281
     1
  0
ACDBDETAILVIEWSTYLE
  5
5EC
102
{ACAD_REACTORS
330
5EB
102
}
330
5EB
100
AcDbModelDocViewStyle
 70
     0
  3
Imperial24
290
     0
300
Imperial24
 90
        0
100
AcDbDetailViewStyle
 70
     0
 71
     0
 90
        3
 71
     1
340
11
 62
   256
 40
0.24
340
0
 62
   256
 40
0.24
300

 40
0.36
280
     3
 71
     2
340
16
 90
       25
 62
   256
 71
     3
340
11
 62
   256
 40
0.24
 90
        1
 40
0.75
 90
        1
300
%<\AcVar ViewType \f "%tc1">% %<\AcVar ViewDetailId>%\PSCALE %<\AcVar ViewScale \f "%sn">%
 71
     4
340
16
 90
       25
 62
   256
340
16
 90
       25
 62
   256
280
     0
  0
LAYOUT
  5
59D
102
{ACAD_REACTORS
330
1A
102
}
330
1A
100
AcDbPlotSettings
  1

  2
none_device
  4
ANSI_C_(22.00_x_17.00_Inches)
  6

 40
0.0
 41
0.0
 42
0.0
 43
0.0
 44
558.8
 45
431.8
 46
0.0
 47
0.0
 48
0.0
 49
0.0
140
0.0
141
0.0
142
1.0
143
1.0
 70
     0
 72
     0
 73
     0
 74
     0
  7

 75
     0
 76
     0
 77
     2
 78
   300
147
1.0
148
0.0
149
0.0
100
AcDbLayout
  1
Layout1
 70
     1
 71
     1
 10
0.0
 20
0.0
 11
12.0
 21
9.0
 12
0.0
 22
0.0
 32
0.0
 14
1.000000000000000E+20
 24
1.000000000000000E+20
 34
1.000000000000000E+20
 15
-1.000000000000000E+20
 25
-1.000000000000000E+20
 35
-1.000000000000000E+20
146
0.0
 13
0.0
 23
0.0
 33
0.0
 16
1.0
 26
0.0
 36
0.0
 17
0.0
 27
1.0
 37
0.0
 76
     0
330
224
  0
LAYOUT
  5
59C
102
{ACAD_REACTORS
330
1A
102
}
330
1A
100
AcDbPlotSettings
  1

  2
none_device
  4
ANSI_C_(22.00_x_17.00_Inches)
  6

 40
0.0
 41
0.0
 42
0.0
 43
0.0
 44
558.8
 45
431.8
 46
0.0
 47
0.0
 48
0.0
 49
0.0
140
0.0
141
0.0
142
1.0
143
1.0
 70
  1024
 72
     0
 73
     0
 74
     0
  7

 75
     0
 76
     0
 77
     2
 78
   300
147
1.0
148
0.0
149
0.0
100
AcDbLayout
  1
Model
 70
     0
 71
     0
 10
0.0
 20
0.0
 11
22.0
 21
17.0
 12
0.0
 22
0.0
 32
0.0
 14
0.0
 24
0.0
 34
0.0
 15
0.0
 25
0.0
 35
0.0
146
0.0
 13
0.0
 23
0.0
 33
0.0
 16
1.0
 26
0.0
 36
0.0
 17
0.0
 27
1.0
 37
0.0
 76
     0
330
223
331
1F4
  0
MATERIAL
  5
5A9
102
{ACAD_REACTORS
330
5A0
102
}
330
5A0
100
AcDbMaterial
  1
ByBlock
 72
     0
 73
     2
 43
0.0208333333333333
 43
0.0
 43
0.0
 43
0.0
 43
0.0
 43
0.0208333333333333
 43
0.0
 43
0.0
 43
0.0
 43
0.0
 43
1.0
 43
0.0
 43
0.0
 43
0.0
 43
0.0
 43
1.0
 77
     0
 78
     2
 47
0.0208333333333333
 47
0.0
 47
0.0
 47
0.0
 47
0.0
 47
0.0208333333333333
 47
0.0
 47
0.0
 47
0.0
 47
0.0
 47
1.0
 47
0.0
 47
0.0
 47
0.0
 47
0.0
 47
1.0
171
     0
172
     2
 49
0.0208333333333333
 49
0.0
 49
0.0
 49
0.0
 49
0.0
 49
0.0208333333333333
 49
0.0
 49
0.0
 49
0.0
 49
0.0
 49
1.0
 49
0.0
 49
0.0
 49
0.0
 49
0.0
 49
1.0
175
     0
176
     2
142
0.0208333333333333
142
0.0
142
0.0
142
0.0
142
0.0
142
0.0208333333333333
142
0.0
142
0.0
142
0.0
142
0.0
142
1.0
142
0.0
142
0.0
142
0.0
142
0.0
142
1.0
179
     0
270
     2
144
0.0208333333333333
144
0.0
144
0.0
144
0.0
144
0.0
144
0.0208333333333333
144
0.0
144
0.0
144
0.0
144
0.0
144
1.0
144
0.0
144
0.0
144
0.0
144
0.0
144
1.0
274
     2
147
0.0208333333333333
147
0.0
147
0.0
147
0.0
147
0.0
147
0.0208333333333333
147
0.0
147
0.0
147
0.0
147
0.0
147
1.0
147
0.0
147
0.0
147
0.0
147
0.0
147
1.0
 94
      127
  0
MATERIAL
  5
5A1
102
{ACAD_REACTORS
330
5A0
102
}
330
5A0
100
AcDbMaterial
  1
ByLayer
 72
     0
 73
     2
 43
0.0208333333333333
 43
0.0
 43
0.0
 43
0.0
 43
0.0
 43
0.0208333333333333
 43
0.0
 43
0.0
 43
0.0
 43
0.0
 43
1.0
 43
0.0
 43
0.0
 43
0.0
 43
0.0
 43
1.0
 77
     0
 78
     2
 47
0.0208333333333333
 47
0.0
 47
0.0
 47
0.0
 47
0.0
 47
0.0208333333333333
 47
0.0
 47
0.0
 47
0.0
 47
0.0
 47
1.0
 47
0.0
 47
0.0
 47
0.0
 47
0.0
 47
1.0
171
     0
172
     2
 49
0.0208333333333333
 49
0.0
 49
0.0
 49
0.0
 49
0.0
 49
0.0208333333333333
 49
0.0
 49
0.0
 49
0.0
 49
0.0
 49
1.0
 49
0.0
 49
0.0
 49
0.0
 49
0.0
 49
1.0
175
     0
176
     2
142
0.0208333333333333
142
0.0
142
0.0
142
0.0
142
0.0
142
0.0208333333333333
142
0.0
142
0.0
142
0.0
142
0.0
142
1.0
142
0.0
142
0.0
142
0.0
142
0.0
142
1.0
179
     0
270
     2
144
0.0208333333333333
144
0.0
144
0.0
144
0.0
144
0.0
144
0.0208333333333333
144
0.0
144
0.0
144
0.0
144
0.0
144
1.0
144
0.0
144
0.0
144
0.0
144
0.0
144
1.0
274
     2
147
0.0208333333333333
147
0.0
147
0.0
147
0.0
147
0.0
147
0.0208333333333333
147
0.0
147
0.0
147
0.0
147
0.0
147
1.0
147
0.0
147
0.0
147
0.0
147
0.0
147
1.0
 94
      127
  0
MATERIAL
  5
5B1
102
{ACAD_REACTORS
330
5A0
102
}
330
5A0
100
AcDbMaterial
  1
Global
 72
     0
 73
     2
 43
0.0208333333333333
 43
0.0
 43
0.0
 43
0.0
 43
0.0
 43
0.0208333333333333
 43
0.0
 43
0.0
 43
0.0
 43
0.0
 43
1.0
 43
0.0
 43
0.0
 43
0.0
 43
0.0
 43
1.0
 77
     0
 78
     2
 47
0.0208333333333333
 47
0.0
 47
0.0
 47
0.0
 47
0.0
 47
0.0208333333333333
 47
0.0
 47
0.0
 47
0.0
 47
0.0
 47
1.0
 47
0.0
 47
0.0
 47
0.0
 47
0.0
 47
1.0
171
     0
172
     2
 49
0.0208333333333333
 49
0.0
 49
0.0
 49
0.0
 49
0.0
 49
0.0208333333333333
 49
0.0
 49
0.0
 49
0.0
 49
0.0
 49
1.0
 49
0.0
 49
0.0
 49
0.0
 49
0.0
 49
1.0
175
     0
176
     2
142
0.0208333333333333
142
0.0
142
0.0
142
0.0
142
0.0
142
0.0208333333333333
142
0.0
142
0.0
142
0.0
142
0.0
142
1.0
142
0.0
142
0.0
142
0.0
142
0.0
142
1.0
179
     0
270
     2
144
0.0208333333333333
144
0.0
144
0.0
144
0.0
144
0.0
144
0.0208333333333333
144
0.0
144
0.0
144
0.0
144
0.0
144
1.0
144
0.0
144
0.0
144
0.0
144
0.0
144
1.0
274
     2
147
0.0208333333333333
147
0.0
147
0.0
147
0.0
147
0.0
147
0.0208333333333333
147
0.0
147
0.0
147
0.0
147
0.0
147
1.0
147
0.0
147
0.0
147
0.0
147
0.0
147
1.0
 94
      127
  0
MLEADERSTYLE
  5
5E8
102
{ACAD_REACTORS
330
5E7
102
}
330
5E7
100
AcDbMLeaderStyle
179
     2
170
     2
171
     1
172
     0
 90
        2
 40
0.0
 41
0.0
173
     1
 91
-1056964608
340
14
 92
       -2
290
     1
 42
0.09
291
     1
 43
0.36
  3
Standard
341
0
 44
0.18
300

342
11
174
     1
178
     6
175
     1
176
     0
 93
-1056964608
 45
0.18
292
     0
297
     0
 46
0.18
343
0
 94
-1056964608
 47
1.0
 49
1.0
140
1.0
293
     1
141
0.0
294
     1
177
     0
142
1.0
295
     0
296
     0
143
0.125
271
     0
272
     9
273
     9
298
     1
  0
MLINESTYLE
  5
18
102
{ACAD_REACTORS
330
17
102
}
330
17
100
AcDbMlineStyle
  2
STANDARD
 70
     0
  3

 62
   256
 51
90.0
 52
90.0
 71
     2
 49
0.5
 62
   256
  6
BYLAYER
 49
-0.5
 62
   256
  6
BYLAYER
  0
ACDBPLACEHOLDER
  5
F
102
{ACAD_REACTORS
330
E
102
}
330
E
  0
SCALE
  5
5D6
102
{ACAD_REACTORS
330
5D5
102
}
330
5D5
100
AcDbScale
 70
     0
300
1:1
140
1.0
141
1.0
290
     1
  0
SCALE
  5
5D7
102
{ACAD_REACTORS
330
5D5
102
}
330
5D5
100
AcDbScale
 70
     0
300
1/128" = 1'-0"
140
0.0078125
141
12.0
290
     0
  0
SCALE
  5
5D8
102
{ACAD_REACTORS
330
5D5
102
}
330
5D5
100
AcDbScale
 70
     0
300
1/64" = 1'-0"
140
0.015625
141
12.0
290
     0
  0
SCALE
  5
5D9
102
{ACAD_REACTORS
330
5D5
102
}
330
5D5
100
AcDbScale
 70
     0
300
1/32" = 1'-0"
140
0.03125
141
12.0
290
     0
  0
SCALE
  5
5DA
102
{ACAD_REACTORS
330
5D5
102
}
330
5D5
100
AcDbScale
 70
     0
300
1/16" = 1'-0"
140
0.0625
141
12.0
290
     0
  0
SCALE
  5
5DB
102
{ACAD_REACTORS
330
5D5
102
}
330
5D5
100
AcDbScale
 70
     0
300
3/32" = 1'-0"
140
0.09375
141
12.0
290
     0
  0
SCALE
  5
5DC
102
{ACAD_REACTORS
330
5D5
102
}
330
5D5
100
AcDbScale
 70
     0
300
1/8" = 1'-0"
140
0.125
141
12.0
290
     0
  0
SCALE
  5
5DD
102
{ACAD_REACTORS
330
5D5
102
}
330
5D5
100
AcDbScale
 70
     0
300
3/16" = 1'-0"
140
0.1875
141
12.0
290
     0
  0
SCALE
  5
5DE
102
{ACAD_REACTORS
330
5D5
102
}
330
5D5
100
AcDbScale
 70
     0
300
1/4" = 1'-0"
140
0.25
141
12.0
290
     0
  0
SCALE
  5
5DF
102
{ACAD_REACTORS
330
5D5
102
}
330
5D5
100
AcDbScale
 70
     0
300
3/8" = 1'-0"
140
0.375
141
12.0
290
     0
  0
SCALE
  5
5E0
102
{ACAD_REACTORS
330
5D5
102
}
330
5D5
100
AcDbScale
 70
     0
300
1/2" = 1'-0"
140
0.5
141
12.0
290
     0
  0
SCALE
  5
5E1
102
{ACAD_REACTORS
330
5D5
102
}
330
5D5
100
AcDbScale
 70
     0
300
3/4" = 1'-0"
140
0.75
141
12.0
290
     0
  0
SCALE
  5
5E2
102
{ACAD_REACTORS
330
5D5
102
}
330
5D5
100
AcDbScale
 70
     0
300
1" = 1'-0"
140
1.0
141
12.0
290
     0
  0
SCALE
  5
5E3
102
{ACAD_REACTORS
330
5D5
102
}
330
5D5
100
AcDbScale
 70
     0
300
1-1/2" = 1'-0"
140
1.5
141
12.0
290
     0
  0
SCALE
  5
5E4
102
{ACAD_REACTORS
330
5D5
102
}
330
5D5
100
AcDbScale
 70
     0
300
3" = 1'-0"
140
3.0
141
12.0
290
     0
  0
SCALE
  5
5E5
102
{ACAD_REACTORS
330
5D5
102
}
330
5D5
100
AcDbScale
 70
     0
300
6" = 1'-0"
140
6.0
141
12.0
290
     0
  0
SCALE
  5
5E6
102
{ACAD_REACTORS
330
5D5
102
}
330
5D5
100
AcDbScale
 70
     0
300
1'-0" = 1'-0"
140
12.0
141
12.0
290
     0
  0
ACDBSECTIONVIEWSTYLE
  5
5EA
102
{ACAD_REACTORS
330
5E9
102
}
330
5E9
100
AcDbModelDocViewStyle
 70
     0
  3
Imperial24
290
     0
300
Imperial24
 90
        0
100
AcDbSectionViewStyle
 70
     0
 71
     0
 90
       78
 71
     1
340
11
 62
   256
 40
0.24
340
0
340
0
 62
   256
 40
0.24
300
I, O, Q, S, X, Z
 40
0.48
 90
        3
 40
0.18
 90
        1
 71
     2
340
16
 90
       25
 62
   256
340
16
 90
       50
 62
   256
 40
0.24
 40
0.0
 40
0.24
 71
     3
340
11
 62
   256
 40
0.24
 90
        1
 40
0.75
 90
        1
300
%<\AcVar ViewType \f "%tc1">% %<\AcVar ViewSectionStartId>%-%<\AcVar ViewSectionEndId>%\PSCALE %<\AcVar ViewScale \f "%sn">%
 71
     4
 62
   256
 62
   257
300
ANSI31
 40
1.0
 90
        0
290
     0
290
     0
 90
        6
 40
0.0
 40
1.570796326794897
 40
0.2617993877991494
 40
1.308996938995747
 40
-0.2617993877991494
 40
1.832595714594046
  0
TABLESTYLE
  5
5D4
102
{ACAD_REACTORS
330
5D3
102
}
102
{ACAD_XDICTIONARY
360
603
102
}
330
5D3
100
AcDbTableStyle
  3
Standard
 70
     0
 71
     0
 40
0.06
 41
0.06
280
     0
281
     0
  7
STANDARD
140
0.18
170
     2
 62
     0
 63
   257
283
     0
 90
      512
 91
        0
  1

274
    -2
284
     1
 64
     0
275
    -2
285
     1
 65
     0
276
    -2
286
     1
 66
     0
277
    -2
287
     1
 67
     0
278
    -2
288
     1
 68
     0
279
    -2
289
     1
 69
     0
  7
STANDARD
140
0.25
170
     5
 62
     0
 63
   257
283
     0
 90
      512
 91
        0
  1

274
    -2
284
     1
 64
     0
275
    -2
285
     1
 65
     0
276
    -2
286
     1
 66
     0
277
    -2
287
     1
 67
     0
278
    -2
288
     1
 68
     0
279
    -2
289
     1
 69
     0
  7
STANDARD
140
0.18
170
     5
 62
     0
 63
   257
283
     0
 90
      512
 91
        0
  1

274
    -2
284
     1
 64
     0
275
    -2
285
     1
 65
     0
276
    -2
286
     1
 66
     0
277
    -2
287
     1
 67
     0
278
    -2
288
     1
 68
     0
279
    -2
289
     1
 69
     0
  0
VISUALSTYLE
  5
5BF
102
{ACAD_REACTORS
330
5B9
102
}
330
5B9
100
AcDbVisualStyle
  2
2dWireframe
 70
     4
177
     3
291
     0
 70
    58
 90
        0
176
     1
 90
        2
176
     1
 90
        0
176
     1
 90
        0
176
     1
 40
0.6
176
     1
 40
30.0
176
     1
 62
     7
420
 16777215
176
     1
 90
        1
176
     1
 90
        4
176
     1
 62
     7
176
     1
 62
   257
176
     1
 90
        1
176
     1
 90
        1
176
     1
 40
1.0
176
     1
 90
        0
176
     1
 62
   257
176
     1
 40
1.0
176
     1
 90
        1
176
     1
 90
        6
176
     1
 90
        2
176
     1
 62
     7
176
     1
 90
        5
176
     1
 90
        0
176
     1
 90
        0
176
     1
290
     0
176
     1
 90
        1
176
     1
 40
0.0
176
     1
 90
        0
176
     1
290
     1
176
     1
290
     1
176
     1
290
     0
176
     1
290
     0
176
     1
290
     0
176
     1
290
     0
176
     1
290
     0
176
     1
290
     0
176
     1
290
     0
176
     1
 90
       50
176
     1
 40
0.0
176
     1
 40
1.0
176
     1
 90
        0
176
     1
 62
    18
420
        0
176
     1
 90
       50
176
     1
 90
        3
176
     1
 62
     5
420
      255
176
     1
290
     0
176
     1
 90
       50
176
     1
 90
       50
176
     1
 90
       50
176
     1
290
     0
176
     1
 90
       50
176
     1
 62
   256
176
     0
 40
1.0
176
     0
 90
        2
176
     1
  1
strokes_ogs.tif
176
     1
290
     0
176
     1
 40
1.0
176
     1
 40
1.0
176
     1
  0
VISUALSTYLE
  5
5BE
102
{ACAD_REACTORS
330
5B9
102
}
330
5B9
100
AcDbVisualStyle
  2
Basic
 70
     7
177
     3
291
     1
 70
    58
 90
        1
176
     1
 90
        0
176
     1
 90
        1
176
     1
 90
        0
176
     1
 40
0.6
176
     1
 40
30.0
176
     1
 62
     7
420
 16777215
176
     1
 90
        0
176
     1
 90
        4
176
     1
 62
     7
176
     1
 62
   257
176
     1
 90
        1
176
     1
 90
        1
176
     1
 40
1.0
176
     1
 90
        8
176
     1
 62
     7
176
     1
 40
1.0
176
     1
 90
        1
176
     1
 90
        6
176
     1
 90
        2
176
     1
 62
     7
176
     1
 90
        5
176
     1
 90
        0
176
     1
 90
        0
176
     1
290
     0
176
     1
 90
        1
176
     1
 40
0.0
176
     1
 90
        0
176
     1
290
     0
176
     1
290
     1
176
     1
290
     1
176
     1
290
     0
176
     1
290
     0
176
     1
290
     0
176
     1
290
     0
176
     1
290
     0
176
     1
290
     0
176
     1
 90
       50
176
     1
 40
0.0
176
     1
 40
1.0
176
     1
 90
        0
176
     1
 62
    18
420
        0
176
     1
 90
       50
176
     1
 90
        3
176
     1
 62
     5
420
      255
176
     1
290
     0
176
     1
 90
       50
176
     1
 90
       50
176
     1
 90
       50
176
     1
290
     0
176
     1
 90
       50
176
     1
 62
   256
176
     0
 40
1.0
176
     0
 90
        2
176
     1
  1
strokes_ogs.tif
176
     1
290
     0
176
     1
 40
1.0
176
     1
 40
1.0
176
     1
  0
VISUALSTYLE
  5
5C5
102
{ACAD_REACTORS
330
5B9
102
}
330
5B9
100
AcDbVisualStyle
  2
Brighten
 70
    12
177
     3
291
     1
 70
    58
 90
        2
176
     1
 90
        2
176
     1
 90
        0
176
     1
 90
        0
176
     1
 40
0.6
176
     1
 40
30.0
176
     1
 62
     7
420
 16777215
176
     1
 90
        1
176
     1
 90
        4
176
     1
 62
     7
176
     1
 62
   257
176
     1
 90
        1
176
     1
 90
        1
176
     1
 40
1.0
176
     1
 90
        8
176
     1
 62
     7
176
     1
 40
1.0
176
     1
 90
        1
176
     1
 90
        6
176
     1
 90
        2
176
     1
 62
     7
176
     1
 90
        5
176
     1
 90
        0
176
     1
 90
        0
176
     1
290
     0
176
     1
 90
        1
176
     1
 40
50.0
176
     1
 90
        0
176
     1
290
     0
176
     1
290
     1
176
     1
290
     1
176
     1
290
     0
176
     1
290
     0
176
     1
290
     0
176
     1
290
     0
176
     1
290
     0
176
     1
290
     0
176
     1
 90
       50
176
     1
 40
0.0
176
     1
 40
1.0
176
     1
 90
        0
176
     1
 62
    18
420
        0
176
     1
 90
       50
176
     1
 90
        3
176
     1
 62
     5
420
      255
176
     1
290
     0
176
     1
 90
       50
176
     1
 90
       50
176
     1
 90
       50
176
     1
290
     0
176
     1
 90
       50
176
     1
 62
   256
176
     0
 40
1.0
176
     0
 90
        2
176
     1
  1
strokes_ogs.tif
176
     1
290
     0
176
     1
 40
1.0
176
     1
 40
1.0
176
     1
  0
VISUALSTYLE
  5
5C9
102
{ACAD_REACTORS
330
5B9
102
}
330
5B9
100
AcDbVisualStyle
  2
ColorChange
 70
    16
177
     3
291
     1
 70
    58
 90
        2
176
     1
 90
        2
176
     1
 90
        3
176
     1
 90
        0
176
     1
 40
0.6
176
     1
 40
30.0
176
     1
 62
     8
420
  8421504
176
     1
 90
        1
176
     1
 90
        4
176
     1
 62
     7
176
     1
 62
   257
176
     1
 90
        1
176
     1
 90
        1
176
     1
 40
1.0
176
     1
 90
        8
176
     1
 62
     8
420
  8421504
176
     1
 40
1.0
176
     1
 90
        1
176
     1
 90
        6
176
     1
 90
        2
176
     1
 62
     7
176
     1
 90
        5
176
     1
 90
        0
176
     1
 90
        0
176
     1
290
     0
176
     1
 90
        1
176
     1
 40
0.0
176
     1
 90
        0
176
     1
290
     0
176
     1
290
     1
176
     1
290
     1
176
     1
290
     0
176
     1
290
     0
176
     1
290
     0
176
     1
290
     0
176
     1
290
     0
176
     1
290
     0
176
     1
 90
       50
176
     1
 40
0.0
176
     1
 40
1.0
176
     1
 90
        0
176
     1
 62
    18
420
        0
176
     1
 90
       50
176
     1
 90
        3
176
     1
 62
     5
420
      255
176
     1
290
     0
176
     1
 90
       50
176
     1
 90
       50
176
     1
 90
       50
176
     1
290
     0
176
     1
 90
       50
176
     1
 62
   256
176
     0
 40
1.0
176
     0
 90
        2
176
     1
  1
strokes_ogs.tif
176
     1
290
     0
176
     1
 40
1.0
176
     1
 40
1.0
176
     1
  0
VISUALSTYLE
  5
5C2
102
{ACAD_REACTORS
330
5B9
102
}
330
5B9
100
AcDbVisualStyle
  2
Conceptual
 70
     9
177
     3
291
     0
 70
    58
 90
        3
176
     1
 90
        2
176
     1
 90
        0
176
     1
 90
        0
176
     1
 40
0.6
176
     1
 40
30.0
176
     1
 62
     7
420
 16777215
176
     1
 90
        2
176
     1
 90
        2
176
     1
 62
     7
176
     1
 62
   257
176
     1
 90
        1
176
     1
 90
        1
176
     1
 40
179.0
176
     1
 90
        8
176
     1
 62
     7
176
     1
 40
1.0
176
     1
 90
        1
176
     1
 90
        6
176
     1
 90
        2
176
     1
 62
     7
176
     1
 90
        3
176
     1
 90
        0
176
     1
 90
        0
176
     1
290
     0
176
     1
 90
        1
176
     1
 40
0.0
176
     1
 90
        0
176
     1
290
     0
176
     1
290
     1
176
     1
290
     1
176
     1
290
     0
176
     1
290
     0
176
     1
290
     0
176
     1
290
     0
176
     1
290
     0
176
     1
290
     0
176
     1
 90
       50
176
     1
 40
0.0
176
     1
 40
1.0
176
     1
 90
        0
176
     1
 62
    18
420
        0
176
     1
 90
       50
176
     1
 90
        3
176
     1
 62
     5
420
      255
176
     1
290
     0
176
     1
 90
       50
176
     1
 90
       50
176
     1
 90
       50
176
     1
290
     0
176
     1
 90
       50
176
     1
 62
   256
176
     0
 40
1.0
176
     0
 90
        2
176
     1
  1
strokes_ogs.tif
176
     1
290
     0
176
     1
 40
1.0
176
     1
 40
1.0
176
     1
  0
VISUALSTYLE
  5
5C4
102
{ACAD_REACTORS
330
5B9
102
}
330
5B9
100
AcDbVisualStyle
  2
Dim
 70
    11
177
     3
291
     1
 70
    58
 90
        2
176
     1
 90
        2
176
     1
 90
        0
176
     1
 90
        0
176
     1
 40
0.6
176
     1
 40
30.0
176
     1
 62
     7
420
 16777215
176
     1
 90
        1
176
     1
 90
        4
176
     1
 62
     7
176
     1
 62
   257
176
     1
 90
        1
176
     1
 90
        1
176
     1
 40
1.0
176
     1
 90
        8
176
     1
 62
     7
176
     1
 40
1.0
176
     1
 90
        1
176
     1
 90
        6
176
     1
 90
        2
176
     1
 62
     7
176
     1
 90
        5
176
     1
 90
        0
176
     1
 90
        0
176
     1
290
     0
176
     1
 90
        1
176
     1
 40
-50.0
176
     1
 90
        0
176
     1
290
     0
176
     1
290
     1
176
     1
290
     1
176
     1
290
     0
176
     1
290
     0
176
     1
290
     0
176
     1
290
     0
176
     1
290
     0
176
     1
290
     0
176
     1
 90
       50
176
     1
 40
0.0
176
     1
 40
1.0
176
     1
 90
        0
176
     1
 62
    18
420
        0
176
     1
 90
       50
176
     1
 90
        3
176
     1
 62
     5
420
      255
176
     1
290
     0
176
     1
 90
       50
176
     1
 90
       50
176
     1
 90
       50
176
     1
290
     0
176
     1
 90
       50
176
     1
 62
   256
176
     0
 40
1.0
176
     0
 90
        2
176
     1
  1
strokes_ogs.tif
176
     1
290
     0
176
     1
 40
1.0
176
     1
 40
1.0
176
     1
  0
VISUALSTYLE
  5
5D1
102
{ACAD_REACTORS
330
5B9
102
}
330
5B9
100
AcDbVisualStyle
  2
EdgeColorOff
 70
    22
177
     3
291
     1
 70
    58
 90
        2
176
     0
 90
        2
176
     0
 90
        0
176
     0
 90
        0
176
     0
 40
0.6
176
     0
 40
30.0
176
     0
 62
     7
420
 16777215
176
     0
 90
        1
176
     0
 90
        4
176
     0
 62
     7
176
     0
 62
   257
176
     0
 90
        1
176
     0
 90
        1
176
     0
 40
1.0
176
     0
 90
        8
176
     2
 62
     7
176
     0
 40
1.0
176
     0
 90
        1
176
     0
 90
        6
176
     0
 90
        2
176
     0
 62
     7
176
     0
 90
        5
176
     0
 90
        0
176
     0
 90
        0
176
     0
290
     0
176
     0
 90
        1
176
     0
 40
0.0
176
     0
 90
        0
176
     0
290
     0
176
     0
290
     1
176
     0
290
     1
176
     0
290
     0
176
     0
290
     0
176
     0
290
     0
176
     0
290
     0
176
     0
290
     0
176
     0
290
     0
176
     0
 90
       50
176
     0
 40
0.0
176
     0
 40
1.0
176
     0
 90
        0
176
     0
 62
    18
420
        0
176
     0
 90
       50
176
     0
 90
        3
176
     0
 62
     5
420
      255
176
     0
290
     0
176
     0
 90
       50
176
     0
 90
       50
176
     0
 90
       50
176
     0
290
     0
176
     0
 90
       50
176
     0
 62
   256
176
     0
 40
1.0
176
     0
 90
        2
176
     0
  1
strokes_ogs.tif
176
     0
290
     0
176
     0
 40
1.0
176
     0
 40
1.0
176
     0
  0
VISUALSTYLE
  5
5C8
102
{ACAD_REACTORS
330
5B9
102
}
330
5B9
100
AcDbVisualStyle
  2
Facepattern
 70
    15
177
     3
291
     1
 70
    58
 90
        2
176
     1
 90
        2
176
     1
 90
        0
176
     1
 90
        0
176
     1
 40
0.6
176
     1
 40
30.0
176
     1
 62
     7
420
 16777215
176
     1
 90
        1
176
     1
 90
        4
176
     1
 62
     7
176
     1
 62
   257
176
     1
 90
        1
176
     1
 90
        1
176
     1
 40
1.0
176
     1
 90
        8
176
     1
 62
     7
176
     1
 40
1.0
176
     1
 90
        1
176
     1
 90
        6
176
     1
 90
        2
176
     1
 62
     7
176
     1
 90
        5
176
     1
 90
        0
176
     1
 90
        0
176
     1
290
     0
176
     1
 90
        1
176
     1
 40
0.0
176
     1
 90
        0
176
     1
290
     0
176
     1
290
     1
176
     1
290
     1
176
     1
290
     0
176
     1
290
     0
176
     1
290
     0
176
     1
290
     0
176
     1
290
     0
176
     1
290
     0
176
     1
 90
       50
176
     1
 40
0.0
176
     1
 40
1.0
176
     1
 90
        0
176
     1
 62
    18
420
        0
176
     1
 90
       50
176
     1
 90
        3
176
     1
 62
     5
420
      255
176
     1
290
     0
176
     1
 90
       50
176
     1
 90
       50
176
     1
 90
       50
176
     1
290
     0
176
     1
 90
       50
176
     1
 62
   256
176
     0
 40
1.0
176
     0
 90
        2
176
     1
  1
strokes_ogs.tif
176
     1
290
     0
176
     1
 40
1.0
176
     1
 40
1.0
176
     1
  0
VISUALSTYLE
  5
5BA
102
{ACAD_REACTORS
330
5B9
102
}
330
5B9
100
AcDbVisualStyle
  2
Flat
 70
     0
177
     3
291
     1
 70
    58
 90
        2
176
     1
 90
        1
176
     1
 90
        1
176
     1
 90
        2
176
     1
 40
0.6
176
     1
 40
30.0
176
     1
 62
     7
420
 16777215
176
     1
 90
        0
176
     1
 90
        0
176
     1
 62
     7
176
     1
 62
   257
176
     1
 90
        1
176
     1
 90
        1
176
     1
 40
1.0
176
     1
 90
        8
176
     1
 62
     7
176
     1
 40
1.0
176
     1
 90
        1
176
     1
 90
        6
176
     1
 90
        2
176
     1
 62
     7
176
     1
 90
        5
176
     1
 90
        0
176
     1
 90
        0
176
     1
290
     0
176
     1
 90
       13
176
     1
 40
0.0
176
     1
 90
        0
176
     1
290
     0
176
     1
290
     1
176
     1
290
     1
176
     1
290
     0
176
     1
290
     0
176
     1
290
     0
176
     1
290
     0
176
     1
290
     0
176
     1
290
     0
176
     1
 90
       50
176
     1
 40
0.0
176
     1
 40
1.0
176
     1
 90
        0
176
     1
 62
    18
420
        0
176
     1
 90
       50
176
     1
 90
        3
176
     1
 62
     5
420
      255
176
     1
290
     0
176
     1
 90
       50
176
     1
 90
       50
176
     1
 90
       50
176
     1
290
     0
176
     1
 90
       50
176
     1
 62
   256
176
     0
 40
1.0
176
     0
 90
        2
176
     1
  1
strokes_ogs.tif
176
     1
290
     0
176
     1
 40
1.0
176
     1
 40
1.0
176
     1
  0
VISUALSTYLE
  5
5BB
102
{ACAD_REACTORS
330
5B9
102
}
330
5B9
100
AcDbVisualStyle
  2
FlatWithEdges
 70
     1
177
     3
291
     1
 70
    58
 90
        2
176
     1
 90
        1
176
     1
 90
        1
176
     1
 90
        2
176
     1
 40
0.6
176
     1
 40
30.0
176
     1
 62
     7
420
 16777215
176
     1
 90
        1
176
     1
 90
        0
176
     1
 62
     7
176
     1
 62
   257
176
     1
 90
        1
176
     1
 90
        1
176
     1
 40
1.0
176
     1
 90
        0
176
     1
 62
   257
176
     1
 40
1.0
176
     1
 90
        1
176
     1
 90
        6
176
     1
 90
        2
176
     1
 62
     7
176
     1
 90
        5
176
     1
 90
        0
176
     1
 90
        0
176
     1
290
     0
176
     1
 90
       13
176
     1
 40
0.0
176
     1
 90
        0
176
     1
290
     0
176
     1
290
     1
176
     1
290
     1
176
     1
290
     0
176
     1
290
     0
176
     1
290
     0
176
     1
290
     0
176
     1
290
     0
176
     1
290
     0
176
     1
 90
       50
176
     1
 40
0.0
176
     1
 40
1.0
176
     1
 90
        0
176
     1
 62
    18
420
        0
176
     1
 90
       50
176
     1
 90
        3
176
     1
 62
     5
420
      255
176
     1
290
     0
176
     1
 90
       50
176
     1
 90
       50
176
     1
 90
       50
176
     1
290
     0
176
     1
 90
       50
176
     1
 62
   256
176
     0
 40
1.0
176
     0
 90
        2
176
     1
  1
strokes_ogs.tif
176
     1
290
     0
176
     1
 40
1.0
176
     1
 40
1.0
176
     1
  0
VISUALSTYLE
  5
5BC
102
{ACAD_REACTORS
330
5B9
102
}
330
5B9
100
AcDbVisualStyle
  2
Gouraud
 70
     2
177
     3
291
     1
 70
    58
 90
        2
176
     1
 90
        2
176
     1
 90
        1
176
     1
 90
        2
176
     1
 40
0.6
176
     1
 40
30.0
176
     1
 62
     7
420
 16777215
176
     1
 90
        0
176
     1
 90
        0
176
     1
 62
     7
176
     1
 62
   257
176
     1
 90
        1
176
     1
 90
        1
176
     1
 40
1.0
176
     1
 90
        0
176
     1
 62
     7
176
     1
 40
1.0
176
     1
 90
        1
176
     1
 90
        6
176
     1
 90
        2
176
     1
 62
     7
176
     1
 90
        5
176
     1
 90
        0
176
     1
 90
        0
176
     1
290
     0
176
     1
 90
       13
176
     1
 40
0.0
176
     1
 90
        0
176
     1
290
     0
176
     1
290
     1
176
     1
290
     1
176
     1
290
     0
176
     1
290
     0
176
     1
290
     0
176
     1
290
     0
176
     1
290
     0
176
     1
290
     0
176
     1
 90
       50
176
     1
 40
0.0
176
     1
 40
1.0
176
     1
 90
        0
176
     1
 62
    18
420
        0
176
     1
 90
       50
176
     1
 90
        3
176
     1
 62
     5
420
      255
176
     1
290
     0
176
     1
 90
       50
176
     1
 90
       50
176
     1
 90
       50
176
     1
290
     0
176
     1
 90
       50
176
     1
 62
   256
176
     0
 40
1.0
176
     0
 90
        2
176
     1
  1
strokes_ogs.tif
176
     1
290
     0
176
     1
 40
1.0
176
     1
 40
1.0
176
     1
  0
VISUALSTYLE
  5
5BD
102
{ACAD_REACTORS
330
5B9
102
}
330
5B9
100
AcDbVisualStyle
  2
GouraudWithEdges
 70
     3
177
     3
291
     1
 70
    58
 90
        2
176
     1
 90
        2
176
     1
 90
        1
176
     1
 90
        2
176
     1
 40
0.6
176
     1
 40
30.0
176
     1
 62
     7
420
 16777215
176
     1
 90
        1
176
     1
 90
        0
176
     1
 62
     7
176
     1
 62
   257
176
     1
 90
        1
176
     1
 90
        1
176
     1
 40
1.0
176
     1
 90
        0
176
     1
 62
   257
176
     1
 40
1.0
176
     1
 90
        1
176
     1
 90
        6
176
     1
 90
        2
176
     1
 62
     7
176
     1
 90
        5
176
     1
 90
        0
176
     1
 90
        0
176
     1
290
     0
176
     1
 90
       13
176
     1
 40
0.0
176
     1
 90
        0
176
     1
290
     0
176
     1
290
     1
176
     1
290
     1
176
     1
290
     0
176
     1
290
     0
176
     1
290
     0
176
     1
290
     0
176
     1
290
     0
176
     1
290
     0
176
     1
 90
       50
176
     1
 40
0.0
176
     1
 40
1.0
176
     1
 90
        0
176
     1
 62
    18
420
        0
176
     1
 90
       50
176
     1
 90
        3
176
     1
 62
     5
420
      255
176
     1
290
     0
176
     1
 90
       50
176
     1
 90
       50
176
     1
 90
       50
176
     1
290
     0
176
     1
 90
       50
176
     1
 62
   256
176
     0
 40
1.0
176
     0
 90
        2
176
     1
  1
strokes_ogs.tif
176
     1
290
     0
176
     1
 40
1.0
176
     1
 40
1.0
176
     1
  0
VISUALSTYLE
  5
5C1
102
{ACAD_REACTORS
330
5B9
102
}
330
5B9
100
AcDbVisualStyle
  2
Hidden
 70
     6
177
     3
291
     0
 70
    58
 90
        1
176
     1
 90
        2
176
     1
 90
        2
176
     1
 90
        0
176
     1
 40
0.6
176
     1
 40
30.0
176
     1
 62
     7
420
 16777215
176
     1
 90
        2
176
     1
 90
        2
176
     1
 62
     7
176
     1
 62
   257
176
     1
 90
        2
176
     1
 90
        1
176
     1
 40
40.0
176
     1
 90
        0
176
     1
 62
   257
176
     1
 40
1.0
176
     1
 90
        1
176
     1
 90
        6
176
     1
 90
        2
176
     1
 62
     7
176
     1
 90
        3
176
     1
 90
        0
176
     1
 90
        0
176
     1
290
     0
176
     1
 90
        1
176
     1
 40
0.0
176
     1
 90
        0
176
     1
290
     0
176
     1
290
     1
176
     1
290
     1
176
     1
290
     0
176
     1
290
     0
176
     1
290
     0
176
     1
290
     0
176
     1
290
     0
176
     1
290
     0
176
     1
 90
       50
176
     1
 40
0.0
176
     1
 40
1.0
176
     1
 90
        0
176
     1
 62
    18
420
        0
176
     1
 90
       50
176
     1
 90
        3
176
     1
 62
     5
420
      255
176
     1
290
     0
176
     1
 90
       50
176
     1
 90
       50
176
     1
 90
       50
176
     1
290
     0
176
     1
 90
       50
176
     1
 62
   256
176
     0
 40
1.0
176
     0
 90
        2
176
     1
  1
strokes_ogs.tif
176
     1
290
     0
176
     1
 40
1.0
176
     1
 40
1.0
176
     1
  0
VISUALSTYLE
  5
5CF
102
{ACAD_REACTORS
330
5B9
102
}
330
5B9
100
AcDbVisualStyle
  2
JitterOff
 70
    20
177
     3
291
     1
 70
    58
 90
        2
176
     0
 90
        2
176
     0
 90
        0
176
     0
 90
        0
176
     0
 40
0.6
176
     0
 40
30.0
176
     0
 62
     7
420
 16777215
176
     0
 90
        1
176
     0
 90
        4
176
     0
 62
     7
176
     0
 62
   257
176
     0
 90
        1
176
     0
 90
        1
176
     0
 40
1.0
176
     0
 90
       10
176
     2
 62
     7
176
     0
 40
1.0
176
     0
 90
        1
176
     0
 90
        6
176
     0
 90
        2
176
     0
 62
     7
176
     0
 90
        5
176
     0
 90
        0
176
     0
 90
        0
176
     0
290
     0
176
     0
 90
        1
176
     0
 40
0.0
176
     0
 90
        0
176
     0
290
     0
176
     0
290
     1
176
     0
290
     1
176
     0
290
     0
176
     0
290
     0
176
     0
290
     0
176
     0
290
     0
176
     0
290
     0
176
     0
290
     0
176
     0
 90
       50
176
     0
 40
0.0
176
     0
 40
1.0
176
     0
 90
        0
176
     0
 62
    18
420
        0
176
     0
 90
       50
176
     0
 90
        3
176
     0
 62
     5
420
      255
176
     0
290
     0
176
     0
 90
       50
176
     0
 90
       50
176
     0
 90
       50
176
     0
290
     0
176
     0
 90
       50
176
     0
 62
   256
176
     0
 40
1.0
176
     0
 90
        2
176
     0
  1
strokes_ogs.tif
176
     0
290
     0
176
     0
 40
1.0
176
     0
 40
1.0
176
     0
  0
VISUALSTYLE
  5
5C7
102
{ACAD_REACTORS
330
5B9
102
}
330
5B9
100
AcDbVisualStyle
  2
Linepattern
 70
    14
177
     3
291
     1
 70
    58
 90
        2
176
     1
 90
        2
176
     1
 90
        0
176
     1
 90
        0
176
     1
 40
0.6
176
     1
 40
30.0
176
     1
 62
     7
420
 16777215
176
     1
 90
        1
176
     1
 90
        4
176
     1
 62
     7
176
     1
 62
   257
176
     1
 90
        7
176
     1
 90
        7
176
     1
 40
1.0
176
     1
 90
        8
176
     1
 62
     7
176
     1
 40
1.0
176
     1
 90
        1
176
     1
 90
        6
176
     1
 90
        2
176
     1
 62
     7
176
     1
 90
        5
176
     1
 90
        0
176
     1
 90
        0
176
     1
290
     0
176
     1
 90
        1
176
     1
 40
0.0
176
     1
 90
        0
176
     1
290
     0
176
     1
290
     1
176
     1
290
     1
176
     1
290
     0
176
     1
290
     0
176
     1
290
     0
176
     1
290
     0
176
     1
290
     0
176
     1
290
     0
176
     1
 90
       50
176
     1
 40
0.0
176
     1
 40
1.0
176
     1
 90
        0
176
     1
 62
    18
420
        0
176
     1
 90
       50
176
     1
 90
        3
176
     1
 62
     5
420
      255
176
     1
290
     0
176
     1
 90
       50
176
     1
 90
       50
176
     1
 90
       50
176
     1
290
     0
176
     1
 90
       50
176
     1
 62
   256
176
     0
 40
1.0
176
     0
 90
        2
176
     1
  1
strokes_ogs.tif
176
     1
290
     0
176
     1
 40
1.0
176
     1
 40
1.0
176
     1
  0
VISUALSTYLE
  5
5D0
102
{ACAD_REACTORS
330
5B9
102
}
330
5B9
100
AcDbVisualStyle
  2
OverhangOff
 70
    21
177
     3
291
     1
 70
    58
 90
        2
176
     0
 90
        2
176
     0
 90
        0
176
     0
 90
        0
176
     0
 40
0.6
176
     0
 40
30.0
176
     0
 62
     7
420
 16777215
176
     0
 90
        1
176
     0
 90
        4
176
     0
 62
     7
176
     0
 62
   257
176
     0
 90
        1
176
     0
 90
        1
176
     0
 40
1.0
176
     0
 90
        9
176
     2
 62
     7
176
     0
 40
1.0
176
     0
 90
        1
176
     0
 90
        6
176
     0
 90
        2
176
     0
 62
     7
176
     0
 90
        5
176
     0
 90
        0
176
     0
 90
        0
176
     0
290
     0
176
     0
 90
        1
176
     0
 40
0.0
176
     0
 90
        0
176
     0
290
     0
176
     0
290
     1
176
     0
290
     1
176
     0
290
     0
176
     0
290
     0
176
     0
290
     0
176
     0
290
     0
176
     0
290
     0
176
     0
290
     0
176
     0
 90
       50
176
     0
 40
0.0
176
     0
 40
1.0
176
     0
 90
        0
176
     0
 62
    18
420
        0
176
     0
 90
       50
176
     0
 90
        3
176
     0
 62
     5
420
      255
176
     0
290
     0
176
     0
 90
       50
176
     0
 90
       50
176
     0
 90
       50
176
     0
290
     0
176
     0
 90
       50
176
     0
 62
   256
176
     0
 40
1.0
176
     0
 90
        2
176
     0
  1
strokes_ogs.tif
176
     0
290
     0
176
     0
 40
1.0
176
     0
 40
1.0
176
     0
  0
VISUALSTYLE
  5
5C3
102
{ACAD_REACTORS
330
5B9
102
}
330
5B9
100
AcDbVisualStyle
  2
Realistic
 70
     8
177
     3
291
     0
 70
    58
 90
        2
176
     1
 90
        3
176
     1
 90
        0
176
     1
 90
        2
176
     1
 40
0.6
176
     1
 40
30.0
176
     1
 62
     7
420
 16777215
176
     1
 90
        0
176
     1
 90
        0
176
     1
 62
     7
176
     1
 62
   257
176
     1
 90
        1
176
     1
 90
        1
176
     1
 40
1.0
176
     1
 90
        8
176
     1
 62
   257
176
     1
 40
1.0
176
     1
 90
        1
176
     1
 90
        6
176
     1
 90
        2
176
     1
 62
     7
176
     1
 90
        3
176
     1
 90
        0
176
     1
 90
        0
176
     1
290
     0
176
     1
 90
       13
176
     1
 40
0.0
176
     1
 90
        0
176
     1
290
     0
176
     1
290
     1
176
     1
290
     1
176
     1
290
     0
176
     1
290
     0
176
     1
290
     0
176
     1
290
     0
176
     1
290
     0
176
     1
290
     0
176
     1
 90
       50
176
     1
 40
0.0
176
     1
 40
1.0
176
     1
 90
        0
176
     1
 62
    18
420
        0
176
     1
 90
       50
176
     1
 90
        3
176
     1
 62
     5
420
      255
176
     1
290
     0
176
     1
 90
       50
176
     1
 90
       50
176
     1
 90
       50
176
     1
290
     0
176
     1
 90
       50
176
     1
 62
   256
176
     0
 40
1.0
176
     0
 90
        2
176
     1
  1
strokes_ogs.tif
176
     1
290
     0
176
     1
 40
1.0
176
     1
 40
1.0
176
     1
  0
VISUALSTYLE
  5
5CE
102
{ACAD_REACTORS
330
5B9
102
}
330
5B9
100
AcDbVisualStyle
  2
Shaded
 70
    27
177
     3
291
     0
 70
    58
 90
        2
176
     1
 90
        2
176
     1
 90
        1
176
     1
 90
        2
176
     1
 40
0.6
176
     1
 40
30.0
176
     1
 62
     7
420
 16777215
176
     1
 90
        0
176
     1
 90
        4
176
     1
 62
     7
176
     1
 62
   257
176
     1
 90
        1
176
     1
 90
        1
176
     1
 40
1.0
176
     1
 90
        8
176
     1
 62
   257
176
     1
 40
1.0
176
     1
 90
        1
176
     1
 90
        6
176
     1
 90
        2
176
     1
 62
     8
420
  7895160
176
     1
 90
        3
176
     1
 90
        0
176
     1
 90
        0
176
     1
290
     0
176
     1
 90
        5
176
     1
 40
0.0
176
     1
 90
        0
176
     1
290
     0
176
     1
290
     1
176
     1
290
     1
176
     1
290
     0
176
     1
290
     0
176
     1
290
     0
176
     1
290
     0
176
     1
290
     0
176
     1
290
     0
176
     1
 90
       50
176
     1
 40
0.0
176
     1
 40
1.0
176
     1
 90
        0
176
     1
 62
    18
420
        0
176
     1
 90
       50
176
     1
 90
        3
176
     1
 62
     5
420
      255
176
     1
290
     0
176
     1
 90
       50
176
     1
 90
       50
176
     1
 90
       50
176
     1
290
     0
176
     1
 90
       50
176
     1
 62
   256
176
     0
 40
1.0
176
     0
 90
        2
176
     1
  1
strokes_ogs.tif
176
     1
290
     0
176
     1
 40
1.0
176
     1
 40
1.0
176
     1
  0
VISUALSTYLE
  5
5CD
102
{ACAD_REACTORS
330
5B9
102
}
330
5B9
100
AcDbVisualStyle
  2
Shaded with edges
 70
    26
177
     3
291
     0
 70
    58
 90
        2
176
     1
 90
        2
176
     1
 90
        1
176
     1
 90
        2
176
     1
 40
0.6
176
     1
 40
30.0
176
     1
 62
     7
420
 16777215
176
     1
 90
        1
176
     1
 90
        2
176
     1
 62
     7
176
     1
 62
   257
176
     1
 90
        2
176
     1
 90
        1
176
     1
 40
1.0
176
     1
 90
        8
176
     1
 62
   257
176
     1
 40
1.0
176
     1
 90
        1
176
     1
 90
        6
176
     1
 90
        2
176
     1
 62
     7
176
     1
 90
        3
176
     1
 90
        0
176
     1
 90
        0
176
     1
290
     0
176
     1
 90
        5
176
     1
 40
0.0
176
     1
 90
        0
176
     1
290
     0
176
     1
290
     1
176
     1
290
     1
176
     1
290
     0
176
     1
290
     0
176
     1
290
     0
176
     1
290
     0
176
     1
290
     0
176
     1
290
     0
176
     1
 90
       50
176
     1
 40
0.0
176
     1
 40
1.0
176
     1
 90
        0
176
     1
 62
    18
420
        0
176
     1
 90
       50
176
     1
 90
        3
176
     1
 62
     5
420
      255
176
     1
290
     0
176
     1
 90
       50
176
     1
 90
       50
176
     1
 90
       50
176
     1
290
     0
176
     1
 90
       50
176
     1
 62
   256
176
     0
 40
1.0
176
     0
 90
        2
176
     1
  1
strokes_ogs.tif
176
     1
290
     0
176
     1
 40
1.0
176
     1
 40
1.0
176
     1
  0
VISUALSTYLE
  5
5CA
102
{ACAD_REACTORS
330
5B9
102
}
330
5B9
100
AcDbVisualStyle
  2
Shades of Gray
 70
    23
177
     3
291
     0
 70
    58
 90
        2
176
     1
 90
        2
176
     1
 90
        3
176
     1
 90
        0
176
     1
 40
0.6
176
     1
 40
30.0
176
     1
 62
     7
420
 16777215
176
     1
 90
        2
176
     1
 90
        2
176
     1
 62
     7
176
     1
 62
     7
176
     1
 90
        1
176
     1
 90
        1
176
     1
 40
40.0
176
     1
 90
        8
176
     1
 62
     7
176
     1
 40
1.0
176
     1
 90
        1
176
     1
 90
        6
176
     1
 90
        2
176
     1
 62
     7
176
     1
 90
        3
176
     1
 90
        0
176
     1
 90
        0
176
     1
290
     0
176
     1
 90
        1
176
     1
 40
0.0
176
     1
 90
        0
176
     1
290
     0
176
     1
290
     1
176
     1
290
     1
176
     1
290
     0
176
     1
290
     0
176
     1
290
     0
176
     1
290
     0
176
     1
290
     0
176
     1
290
     0
176
     1
 90
       50
176
     1
 40
0.0
176
     1
 40
1.0
176
     1
 90
        0
176
     1
 62
    18
420
        0
176
     1
 90
       50
176
     1
 90
        3
176
     1
 62
     5
420
      255
176
     1
290
     0
176
     1
 90
       50
176
     1
 90
       50
176
     1
 90
       50
176
     1
290
     0
176
     1
 90
       50
176
     1
 62
   256
176
     0
 40
1.0
176
     0
 90
        2
176
     1
  1
strokes_ogs.tif
176
     1
290
     0
176
     1
 40
1.0
176
     1
 40
1.0
176
     1
  0
VISUALSTYLE
  5
5CB
102
{ACAD_REACTORS
330
5B9
102
}
330
5B9
100
AcDbVisualStyle
  2
Sketchy
 70
    24
177
     3
291
     0
 70
    58
 90
        1
176
     1
 90
        2
176
     1
 90
        2
176
     1
 90
        0
176
     1
 40
0.6
176
     1
 40
30.0
176
     1
 62
     7
420
 16777215
176
     1
 90
        2
176
     1
 90
        2
176
     1
 62
     7
176
     1
 62
     7
176
     1
 90
        1
176
     1
 90
        1
176
     1
 40
40.0
176
     1
 90
       11
176
     1
 62
     7
176
     1
 40
1.0
176
     1
 90
        1
176
     1
 90
        6
176
     1
 90
        2
176
     1
 62
     7
176
     1
 90
        6
176
     1
 90
        0
176
     1
 90
        0
176
     1
290
     0
176
     1
 90
        1
176
     1
 40
0.0
176
     1
 90
        0
176
     1
290
     0
176
     1
290
     1
176
     1
290
     1
176
     1
290
     0
176
     1
290
     0
176
     1
290
     0
176
     1
290
     0
176
     1
290
     0
176
     1
290
     0
176
     1
 90
       50
176
     1
 40
0.0
176
     1
 40
1.0
176
     1
 90
        0
176
     1
 62
    18
420
        0
176
     1
 90
       50
176
     1
 90
        3
176
     1
 62
     5
420
      255
176
     1
290
     0
176
     1
 90
       50
176
     1
 90
       50
176
     1
 90
       50
176
     1
290
     0
176
     1
 90
       50
176
     1
 62
   256
176
     0
 40
1.0
176
     0
 90
        2
176
     1
  1
strokes_ogs.tif
176
     1
290
     0
176
     1
 40
1.0
176
     1
 40
1.0
176
     1
  0
VISUALSTYLE
  5
5C6
102
{ACAD_REACTORS
330
5B9
102
}
330
5B9
100
AcDbVisualStyle
  2
Thicken
 70
    13
177
     3
291
     1
 70
    58
 90
        2
176
     1
 90
        2
176
     1
 90
        0
176
     1
 90
        0
176
     1
 40
0.6
176
     1
 40
30.0
176
     1
 62
     7
420
 16777215
176
     1
 90
        1
176
     1
 90
        4
176
     1
 62
     7
176
     1
 62
   257
176
     1
 90
        1
176
     1
 90
        1
176
     1
 40
1.0
176
     1
 90
       12
176
     1
 62
     7
176
     1
 40
1.0
176
     1
 90
        1
176
     1
 90
        6
176
     1
 90
        2
176
     1
 62
     7
176
     1
 90
        5
176
     1
 90
        0
176
     1
 90
        0
176
     1
290
     0
176
     1
 90
        1
176
     1
 40
0.0
176
     1
 90
        0
176
     1
290
     0
176
     1
290
     1
176
     1
290
     1
176
     1
290
     0
176
     1
290
     0
176
     1
290
     0
176
     1
290
     0
176
     1
290
     0
176
     1
290
     0
176
     1
 90
       50
176
     1
 40
0.0
176
     1
 40
1.0
176
     1
 90
        0
176
     1
 62
    18
420
        0
176
     1
 90
       50
176
     1
 90
        3
176
     1
 62
     5
420
      255
176
     1
290
     0
176
     1
 90
       50
176
     1
 90
       50
176
     1
 90
       50
176
     1
290
     0
176
     1
 90
       50
176
     1
 62
   256
176
     0
 40
1.0
176
     0
 90
        2
176
     1
  1
strokes_ogs.tif
176
     1
290
     0
176
     1
 40
1.0
176
     1
 40
1.0
176
     1
  0
VISUALSTYLE
  5
5C0
102
{ACAD_REACTORS
330
5B9
102
}
330
5B9
100
AcDbVisualStyle
  2
Wireframe
 70
     5
177
     3
291
     0
 70
    58
 90
        0
176
     1
 90
        2
176
     1
 90
        0
176
     1
 90
        0
176
     1
 40
0.6
176
     1
 40
30.0
176
     1
 62
     7
420
 16777215
176
     1
 90
        1
176
     1
 90
        4
176
     1
 62
     7
176
     1
 62
   257
176
     1
 90
        1
176
     1
 90
        1
176
     1
 40
1.0
176
     1
 90
        0
176
     1
 62
   257
176
     1
 40
1.0
176
     1
 90
        1
176
     1
 90
        6
176
     1
 90
        2
176
     1
 62
     7
176
     1
 90
        3
176
     1
 90
        0
176
     1
 90
        0
176
     1
290
     0
176
     1
 90
        1
176
     1
 40
0.0
176
     1
 90
        0
176
     1
290
     0
176
     1
290
     1
176
     1
290
     1
176
     1
290
     0
176
     1
290
     0
176
     1
290
     0
176
     1
290
     0
176
     1
290
     0
176
     1
290
     0
176
     1
 90
       50
176
     1
 40
0.0
176
     1
 40
1.0
176
     1
 90
        0
176
     1
 62
    18
420
        0
176
     1
 90
       50
176
     1
 90
        3
176
     1
 62
     5
420
      255
176
     1
290
     0
176
     1
 90
       50
176
     1
 90
       50
176
     1
 90
       50
176
     1
290
     0
176
     1
 90
       50
176
     1
 62
   256
176
     0
 40
1.0
176
     0
 90
        2
176
     1
  1
strokes_ogs.tif
176
     1
290
     0
176
     1
 40
1.0
176
     1
 40
1.0
176
     1
  0
VISUALSTYLE
  5
5CC
102
{ACAD_REACTORS
330
5B9
102
}
330
5B9
100
AcDbVisualStyle
  2
X-Ray
 70
    25
177
     3
291
     0
 70
    58
 90
        2
176
     1
 90
        2
176
     1
 90
        1
176
     1
 90
        1
176
     1
 40
0.5
176
     1
 40
30.0
176
     1
 62
     7
420
 16777215
176
     1
 90
        1
176
     1
 90
        0
176
     1
 62
     7
176
     1
 62
   257
176
     1
 90
        1
176
     1
 90
        1
176
     1
 40
1.0
176
     1
 90
        8
176
     1
 62
     7
176
     1
 40
1.0
176
     1
 90
        1
176
     1
 90
        6
176
     1
 90
        2
176
     1
 62
     7
176
     1
 90
        3
176
     1
 90
        0
176
     1
 90
        0
176
     1
290
     0
176
     1
 90
       13
176
     1
 40
0.0
176
     1
 90
        0
176
     1
290
     0
176
     1
290
     1
176
     1
290
     1
176
     1
290
     0
176
     1
290
     0
176
     1
290
     0
176
     1
290
     0
176
     1
290
     0
176
     1
290
     0
176
     1
 90
       50
176
     1
 40
0.0
176
     1
 40
1.0
176
     1
 90
        0
176
     1
 62
    18
420
        0
176
     1
 90
       50
176
     1
 90
        3
176
     1
 62
     5
420
      255
176
     1
290
     0
176
     1
 90
       50
176
     1
 90
       50
176
     1
 90
       50
176
     1
290
     0
176
     1
 90
       50
176
     1
 62
   256
176
     0
 40
1.0
176
     0
 90
        2
176
     1
  1
strokes_ogs.tif
176
     1
290
     0
176
     1
 40
1.0
176
     1
 40
1.0
176
     1
  0
DICTIONARYVAR
  5
5F2
102
{ACAD_REACTORS
330
5ED
102
}
330
5ED
100
DictionaryVariables
280
     0
  1
1:1
  0
DICTIONARYVAR
  5
5EF
102
{ACAD_REACTORS
330
5ED
102
}
330
5ED
100
DictionaryVariables
280
     0
  1
Standard
  0
DICTIONARYVAR
  5
5EE
102
{ACAD_REACTORS
330
5ED
102
}
330
5ED
100
DictionaryVariables
280
     0
  1
Standard
  0
DICTIONARYVAR
  5
5F0
102
{ACAD_REACTORS
330
5ED
102
}
330
5ED
100
DictionaryVariables
280
     0
  1
Imperial24
  0
DICTIONARYVAR
  5
5F1
102
{ACAD_REACTORS
330
5ED
102
}
330
5ED
100
DictionaryVariables
280
     0
  1
Imperial24
  0
DICTIONARY
  5
603
330
5D4
100
AcDbDictionary
280
     1
281
     1
  3
ACAD_ROUNDTRIP_2008_TABLESTYLE_CELLSTYLEMAP
360
604
  0
CELLSTYLEMAP
  5
604
102
{ACAD_REACTORS
330
603
102
}
330
603
100
AcDbCellStyleMap
 90
        3
300
CELLSTYLE
  1
TABLEFORMAT_BEGIN
 90
        5
170
     1
 91
        0
 92
    32768
 62
   257
 93
        1
300
CONTENTFORMAT
  1
CONTENTFORMAT_BEGIN
 90
        0
 91
        0
 92
      512
 93
        0
300

 40
0.0
140
1.0
 94
        5
 62
     0
340
11
144
0.25
309
CONTENTFORMAT_END
171
     0
 94
        0
309
TABLEFORMAT_END
  1
CELLSTYLE_BEGIN
 90
        1
 91
        1
300
_TITLE
309
CELLSTYLE_END
300
CELLSTYLE
  1
TABLEFORMAT_BEGIN
 90
        5
170
     1
 91
        0
 92
        0
 62
   257
 93
        1
300
CONTENTFORMAT
  1
CONTENTFORMAT_BEGIN
 90
        0
 91
        0
 92
      512
 93
        0
300

 40
0.0
140
1.0
 94
        5
 62
     0
340
11
144
0.18
309
CONTENTFORMAT_END
171
     0
 94
        0
309
TABLEFORMAT_END
  1
CELLSTYLE_BEGIN
 90
        2
 91
        1
300
_HEADER
309
CELLSTYLE_END
300
CELLSTYLE
  1
TABLEFORMAT_BEGIN
 90
        5
170
     1
 91
        0
 92
        0
 62
   257
 93
        1
300
CONTENTFORMAT
  1
CONTENTFORMAT_BEGIN
 90
        0
 91
        0
 92
      512
 93
        0
300

 40
0.0
140
1.0
 94
        2
 62
     0
340
11
144
0.18
309
CONTENTFORMAT_END
171
     0
 94
        0
309
TABLEFORMAT_END
  1
CELLSTYLE_BEGIN
 90
        3
 91
        2
300
_DATA
309
CELLSTYLE_END
  0
ENDSEC
  0
SECTION
  2
ACDSDATA
 70
     2
 71
     2
  0
ACDSSCHEMA
 90
        0
  1
AcDb_Thumbnail_Schema
  2
AcDbDs::ID
280
    10
 91
        8
  2
Thumbnail_Data
280
    15
 91
        0
101
ACDSRECORD
 95
        0
 90
        2
  2
AcDbDs::TreatedAsObjectData
280
     1
291
     1
101
ACDSRECORD
 95
        0
 90
        3
  2
AcDbDs::Legacy
280
     1
291
     1
101
ACDSRECORD
  1
AcDbDs::ID
 90
        4
  2
AcDs:Indexable
280
     1
291
     1
101
ACDSRECORD
  1
AcDbDs::ID
 90
        5
  2
AcDbDs::HandleAttribute
280
     7
282
     1
  0
ACDSSCHEMA
 90
        1
  1
AcDb3DSolid_ASM_Data
  2
AcDbDs::ID
280
    10
 91
        8
  2
ASM_Data
280
    15
 91
        0
101
ACDSRECORD
 95
        1
 90
        2
  2
AcDbDs::TreatedAsObjectData
280
     1
291
     1
101
ACDSRECORD
 95
        1
 90
        3
  2
AcDbDs::Legacy
280
     1
291
     1
101
ACDSRECORD
  1
AcDbDs::ID
 90
        4
  2
AcDs:Indexable
280
     1
291
     1
101
ACDSRECORD
  1
AcDbDs::ID
 90
        5
  2
AcDbDs::HandleAttribute
280
     7
282
     1
  0
ACDSSCHEMA
 90
        2
  1
AcDbDs::TreatedAsObjectDataSchema
  2
AcDbDs::TreatedAsObjectData
280
     1
 91
        0
  0
ACDSSCHEMA
 90
        3
  1
AcDbDs::LegacySchema
  2
AcDbDs::Legacy
280
     1
 91
        0
  0
ACDSSCHEMA
 90
        4
  1
AcDbDs::IndexedPropertySchema
  2
AcDs:Indexable
280
     1
 91
        0
  0
ACDSSCHEMA
 90
        5
  1
AcDbDs::HandleAttributeSchema
  2
AcDbDs::HandleAttribute
280
     7
 91
        1
284
     1
  0
ACDSRECORD
 90
        0
  2
AcDbDs::ID
280
    10
320
59C
  2
Thumbnail_Data
280
    15
 94
     1164
310
89504E470D0A1A0A0000000D49484452000001000000007F080300000037AFECF400000300504C5445212830FFFFFF2128300000000000000000000000000000000000000000000000000000330000660000990000CC0000FF0033000033330033660033990033CC0033FF0066000066330066660066990066CC0066FF0099
310
000099330099660099990099CC0099FF00CC0000CC3300CC6600CC9900CCCC00CCFF00FF0000FF3300FF6600FF9900FFCC00FFFF3300003300333300663300993300CC3300FF3333003333333333663333993333CC3333FF3366003366333366663366993366CC3366FF3399003399333399663399993399CC3399FF33CC00
310
33CC3333CC6633CC9933CCCC33CCFF33FF0033FF3333FF6633FF9933FFCC33FFFF6600006600336600666600996600CC6600FF6633006633336633666633996633CC6633FF6666006666336666666666996666CC6666FF6699006699336699666699996699CC6699FF66CC0066CC3366CC6666CC9966CCCC66CCFF66FF0066
310
FF3366FF6666FF9966FFCC66FFFF9900009900339900669900999900CC9900FF9933009933339933669933999933CC9933FF9966009966339966669966999966CC9966FF9999009999339999669999999999CC9999FF99CC0099CC3399CC6699CC9999CCCC99CCFF99FF0099FF3399FF6699FF9999FFCC99FFFFCC0000CC00
310
33CC0066CC0099CC00CCCC00FFCC3300CC3333CC3366CC3399CC33CCCC33FFCC6600CC6633CC6666CC6699CC66CCCC66FFCC9900CC9933CC9966CC9999CC99CCCC99FFCCCC00CCCC33CCCC66CCCC99CCCCCCCCCCFFCCFF00CCFF33CCFF66CCFF99CCFFCCCCFFFFFF0000FF0033FF0066FF0099FF00CCFF00FFFF3300FF3333
310
FF3366FF3399FF33CCFF33FFFF6600FF6633FF6666FF6699FF66CCFF66FFFF9900FF9933FF9966FF9999FF99CCFF99FFFFCC00FFCC33FFCC66FFCC99FFCCCCFFCCFFFFFF00FFFF33FFFF66FFFF99FFFFCCFFFFFF0000000D0D0D1A1A1A2828283535354343435050505D5D5D6B6B6B787878868686939393A1A1A1AEAEAEBB
310
BBBBC9C9C9D6D6D6E4E4E4F1F1F1FFFFFF0000000000000000000000000000000000000000000000000000000000002E4550F1000001474944415478DAEDDC416E83301406615F88FB5FC6D7F0BE4A500528AD94A89B8AF90689053B26CFCFF80F780C000000000080BFB37E2323E0713C4EBB8B711C3901AB2E605C6E7FE9
310
01990AF8ECFA4D056C2708280B1841019AE0FAF162A802DED6621A24800002082080000208208000020820C072F83615900F44FC2FA009124000010410400001041040405CC07A39B7045C168251014712501430CF49800A4809D82EC9504FC0E3DDB8FDC7AF0E816D7F533ADD03D62A57405DC0B3071C43E0F9D26CB909F6
310
045C8640752D601AFCBEFFE1412827606F7AE547618BA16B2092AF806C22B497C0EC56C05BD7EF5D012FE75C0F98532A5C9E05667C1A9C5261A9B0E5B0509400A9703514950A4B854D835261A9B04C502AAC02F2A9F0920AC704E43F9CF4E5687D0810A009DA50B1BDAFB09DA509386DAE3E6CAD9D6B820000000000FC73BE
310
004F6A2088BDC11D9E0000000049454E44AE426082
  0
ENDSEC
  0
EOF
