  0
SECTION
  2
HEADER
  9
$ACADVER
  1
AC1032
  9
$ACADMAINTVER
 90
       55
  9
$DWGCODEPAGE
  3
ANSI_936
  9
$LASTSAVEDBY
  1
zongti2
  9
$REQUIREDVERSIONS
160
                 0
  9
$INSBASE
 10
0.0
 20
0.0
 30
0.0
  9
$EXTMIN
 10
-0.2500000003801688
 20
0.0
 30
0.0
  9
$EXTMAX
 10
146.6223143058915
 20
134.8345305440493
 30
0.0
  9
$LIMMIN
 10
0.0
 20
0.0
  9
$LIMMAX
 10
22.0
 20
17.0
  9
$ORTHOMODE
 70
     0
  9
$REGENMODE
 70
     1
  9
$FILLMODE
 70
     1
  9
$QTEXTMODE
 70
     0
  9
$MIRRTEXT
 70
     0
  9
$LTSCALE
 40
1.21
  9
$ATTMODE
 70
     1
  9
$TEXTSIZE
 40
0.2
  9
$TRACEWID
 40
0.05
  9
$TEXTSTYLE
  7
STANDARD
  9
$CLAYER
  8
0
  9
$CELTYPE
  6
BYLAYER
  9
$CECOLOR
 62
   256
  9
$CELTSCALE
 40
1.0
  9
$DISPSILH
 70
     0
  9
$DIMSCALE
 40
1.0
  9
$DIMASZ
 40
0.1875
  9
$DIMEXO
 40
0.0625
  9
$DIMDLI
 40
0.836
  9
$DIMRND
 40
0.0
  9
$DIMDLE
 40
0.0
  9
$DIMEXE
 40
0.125
  9
$DIMTP
 40
0.0
  9
$DIMTM
 40
0.0
  9
$DIMTXT
 40
0.15625
  9
$DIMCEN
 40
0.198
  9
$DIMTSZ
 40
0.0
  9
$DIMTOL
 70
     0
  9
$DIMLIM
 70
     0
  9
$DIMTIH
 70
     1
  9
$DIMTOH
 70
     1
  9
$DIMSE1
 70
     0
  9
$DIMSE2
 70
     0
  9
$DIMTAD
 70
     0
  9
$DIMZIN
 70
     0
  9
$DIMBLK
  1
FILLED
  9
$DIMASO
 70
     1
  9
$DIMSHO
 70
     1
  9
$DIMPOST
  1

  9
$DIMAPOST
  1

  9
$DIMALT
 70
     0
  9
$DIMALTD
 70
     2
  9
$DIMALTF
 40
25.4
  9
$DIMLFAC
 40
1.0
  9
$DIMTOFL
 70
     0
  9
$DIMTVP
 40
0.0
  9
$DIMTIX
 70
     0
  9
$DIMSOXD
 70
     0
  9
$DIMSAH
 70
     0
  9
$DIMBLK1
  1

  9
$DIMBLK2
  1

  9
$DIMSTYLE
  2
STANDARD
  9
$DIMCLRD
 70
     0
  9
$DIMCLRE
 70
     0
  9
$DIMCLRT
 70
     0
  9
$DIMTFAC
 40
1.0
  9
$DIMGAP
 40
0.09
  9
$DIMJUST
 70
     0
  9
$DIMSD1
 70
     0
  9
$DIMSD2
 70
     0
  9
$DIMTOLJ
 70
     1
  9
$DIMTZIN
 70
     0
  9
$DIMALTZ
 70
     0
  9
$DIMALTTZ
 70
     0
  9
$DIMUPT
 70
     0
  9
$DIMDEC
 70
     4
  9
$DIMTDEC
 70
     4
  9
$DIMALTU
 70
     2
  9
$DIMALTTD
 70
     2
  9
$DIMTXSTY
  7
STANDARD
  9
$DIMAUNIT
 70
     0
  9
$DIMADEC
 70
     0
  9
$DIMALTRND
 40
0.0
  9
$DIMAZIN
 70
     0
  9
$DIMDSEP
 70
    46
  9
$DIMATFIT
 70
     3
  9
$DIMFRAC
 70
     0
  9
$DIMLDRBLK
  1

  9
$DIMLUNIT
 70
     2
  9
$DIMLWD
 70
    -2
  9
$DIMLWE
 70
    -2
  9
$DIMTMOVE
 70
     0
  9
$DIMFXL
 40
1.0
  9
$DIMFXLON
 70
     0
  9
$DIMJOGANG
 40
0.7853981633974483
  9
$DIMTFILL
 70
     0
  9
$DIMTFILLCLR
 70
     0
  9
$DIMARCSYM
 70
     0
  9
$DIMLTYPE
  6

  9
$DIMLTEX1
  6

  9
$DIMLTEX2
  6

  9
$DIMTXTDIRECTION
 70
     0
  9
$LUNITS
 70
     2
  9
$LUPREC
 70
     4
  9
$SKETCHINC
 40
0.1
  9
$FILLETRAD
 40
0.0
  9
$AUNITS
 70
     0
  9
$AUPREC
 70
     0
  9
$MENU
  1
.
  9
$ELEVATION
 40
0.0
  9
$PELEVATION
 40
0.0
  9
$THICKNESS
 40
0.0
  9
$LIMCHECK
 70
     0
  9
$CHAMFERA
 40
0.0
  9
$CHAMFERB
 40
0.0
  9
$CHAMFERC
 40
0.0
  9
$CHAMFERD
 40
0.0
  9
$SKPOLY
 70
     0
  9
$TDCREATE
 40
2460811.659803241
  9
$TDUCREATE
 40
2460811.326469908
  9
$TDUPDATE
 40
2461307.70483581
  9
$TDUUPDATE
 40
2461307.371502477
  9
$TDINDWG
 40
0.0008796296
  9
$TDUSRTIMER
 40
0.0008796296
  9
$USRTIMER
 70
     1
  9
$ANGBASE
 50
0.0
  9
$ANGDIR
 70
     0
  9
$PDMODE
 70
     3
  9
$PDSIZE
 40
0.3125
  9
$PLINEWID
 40
0.0
  9
$SPLFRAME
 70
     0
  9
$SPLINETYPE
 70
     6
  9
$SPLINESEGS
 70
     8
  9
$HANDSEED
  5
A65
  9
$SURFTAB1
 70
     6
  9
$SURFTAB2
 70
     6
  9
$SURFTYPE
 70
     6
  9
$SURFU
 70
     6
  9
$SURFV
 70
     6
  9
$UCSBASE
  2

  9
$UCSNAME
  2

  9
$UCSORG
 10
0.0
 20
0.0
 30
0.0
  9
$UCSXDIR
 10
1.0
 20
0.0
 30
0.0
  9
$UCSYDIR
 10
0.0
 20
1.0
 30
0.0
  9
$UCSORTHOREF
  2

  9
$UCSORTHOVIEW
 70
     0
  9
$UCSORGTOP
 10
0.0
 20
0.0
 30
0.0
  9
$UCSORGBOTTOM
 10
0.0
 20
0.0
 30
0.0
  9
$UCSORGLEFT
 10
0.0
 20
0.0
 30
0.0
  9
$UCSORGRIGHT
 10
0.0
 20
0.0
 30
0.0
  9
$UCSORGFRONT
 10
0.0
 20
0.0
 30
0.0
  9
$UCSORGBACK
 10
0.0
 20
0.0
 30
0.0
  9
$PUCSBASE
  2

  9
$PUCSNAME
  2

  9
$PUCSORG
 10
0.0
 20
0.0
 30
0.0
  9
$PUCSXDIR
 10
1.0
 20
0.0
 30
0.0
  9
$PUCSYDIR
 10
0.0
 20
1.0
 30
0.0
  9
$PUCSORTHOREF
  2

  9
$PUCSORTHOVIEW
 70
     0
  9
$PUCSORGTOP
 10
0.0
 20
0.0
 30
0.0
  9
$PUCSORGBOTTOM
 10
0.0
 20
0.0
 30
0.0
  9
$PUCSORGLEFT
 10
0.0
 20
0.0
 30
0.0
  9
$PUCSORGRIGHT
 10
0.0
 20
0.0
 30
0.0
  9
$PUCSORGFRONT
 10
0.0
 20
0.0
 30
0.0
  9
$PUCSORGBACK
 10
0.0
 20
0.0
 30
0.0
  9
$USERI1
 70
     0
  9
$USERI2
 70
     0
  9
$USERI3
 70
     0
  9
$USERI4
 70
     0
  9
$USERI5
 70
     0
  9
$USERR1
 40
0.0
  9
$USERR2
 40
0.0
  9
$USERR3
 40
0.0
  9
$USERR4
 40
0.0
  9
$USERR5
 40
0.0
  9
$WORLDVIEW
 70
     1
  9
$SHADEDGE
 70
     3
  9
$SHADEDIF
 70
    70
  9
$TILEMODE
 70
     1
  9
$MAXACTVP
 70
    64
  9
$PINSBASE
 10
0.0
 20
0.0
 30
0.0
  9
$PLIMCHECK
 70
     0
  9
$PEXTMIN
 10
1.000000000000000E+20
 20
1.000000000000000E+20
 30
1.000000000000000E+20
  9
$PEXTMAX
 10
-1.000000000000000E+20
 20
-1.000000000000000E+20
 30
-1.000000000000000E+20
  9
$PLIMMIN
 10
0.0
 20
0.0
  9
$PLIMMAX
 10
12.0
 20
9.0
  9
$UNITMODE
 70
     0
  9
$VISRETAIN
 70
     1
  9
$PLINEGEN
 70
     0
  9
$PSLTSCALE
 70
     1
  9
$TREEDEPTH
 70
  3020
  9
$CMLSTYLE
  2
Standard
  9
$CMLJUST
 70
     0
  9
$CMLSCALE
 40
1.0
  9
$PROXYGRAPHICS
 70
     1
  9
$MEASUREMENT
 70
     0
  9
$CELWEIGHT
370
    -1
  9
$ENDCAPS
280
     0
  9
$JOINSTYLE
280
     0
  9
$LWDISPLAY
290
     0
  9
$INSUNITS
 70
     1
  9
$HYPERLINKBASE
  1

  9
$STYLESHEET
  1

  9
$XEDIT
290
     1
  9
$CEPSNTYPE
380
     0
  9
$PSTYLEMODE
290
     1
  9
$FINGERPRINTGUID
  2
{2FA00E99-1C86-2849-B673-089A21A899E7}
  9
$VERSIONGUID
  2
{1B51A718-B702-694A-BE8D-A8189E601300}
  9
$EXTNAMES
290
     1
  9
$PSVPSCALE
 40
0.0
  9
$OLESTARTUP
290
     0
  9
$SORTENTS
280
   127
  9
$INDEXCTL
280
     0
  9
$HIDETEXT
280
     1
  9
$XCLIPFRAME
280
     2
  9
$HALOGAP
280
     0
  9
$OBSCOLOR
 70
   257
  9
$OBSLTYPE
280
     0
  9
$INTERSECTIONDISPLAY
280
     0
  9
$INTERSECTIONCOLOR
 70
   257
  9
$DIMASSOC
280
     2
  9
$PROJECTNAME
  1

  9
$CAMERADISPLAY
290
     0
  9
$LENSLENGTH
 40
50.0
  9
$CAMERAHEIGHT
 40
0.0
  9
$STEPSPERSEC
 40
2.0
  9
$STEPSIZE
 40
6.0
  9
$3DDWFPREC
 40
2.0
  9
$PSOLWIDTH
 40
0.25
  9
$PSOLHEIGHT
 40
4.0
  9
$LOFTANG1
 40
1.570796326794897
  9
$LOFTANG2
 40
1.570796326794897
  9
$LOFTMAG1
 40
0.0
  9
$LOFTMAG2
 40
0.0
  9
$LOFTPARAM
 70
     7
  9
$LOFTNORMALS
280
     1
  9
$LATITUDE
 40
37.795
  9
$LONGITUDE
 40
-122.394
  9
$NORTHDIRECTION
 40
0.0
  9
$TIMEZONE
 70
 -8000
  9
$LIGHTGLYPHDISPLAY
280
     1
  9
$TILEMODELIGHTSYNCH
280
     1
  9
$CMATERIAL
347
4ED
  9
$SOLIDHIST
280
     0
  9
$SHOWHIST
280
     1
  9
$DWFFRAME
280
     2
  9
$DGNFRAME
280
     2
  9
$REALWORLDSCALE
290
     1
  9
$INTERFERECOLOR
 62
   256
  9
$CSHADOW
280
     0
  9
$SHADOWPLANELOCATION
 40
0.0
  0
ENDSEC
  0
SECTION
  2
CLASSES
  0
CLASS
  1
ACDBDICTIONARYWDFLT
  2
AcDbDictionaryWithDefault
  3
ObjectDBX Classes
 90
        0
 91
        3
280
     0
281
     0
  0
CLASS
  1
ACDBPLACEHOLDER
  2
AcDbPlaceHolder
  3
ObjectDBX Classes
 90
        0
 91
        1
280
     0
281
     0
  0
CLASS
  1
LAYOUT
  2
AcDbLayout
  3
ObjectDBX Classes
 90
        0
 91
        1
280
     0
281
     0
  0
CLASS
  1
MATERIAL
  2
AcDbMaterial
  3
ObjectDBX Classes
 90
     1153
 91
        3
280
     0
281
     0
  0
CLASS
  1
VISUALSTYLE
  2
AcDbVisualStyle
  3
ObjectDBX Classes
 90
     4095
 91
        3
280
     0
281
     0
  0
CLASS
  1
TABLESTYLE
  2
AcDbTableStyle
  3
ObjectDBX Classes
 90
     4095
 91
        3
280
     0
281
     0
  0
CLASS
  1
SCALE
  2
AcDbScale
  3
ObjectDBX Classes
 90
     1153
 91
        3
280
     0
281
     0
  0
CLASS
  1
MLEADERSTYLE
  2
AcDbMLeaderStyle
  3
ACDB_MLEADERSTYLE_CLASS
 90
     4095
 91
        3
280
     0
281
     0
  0
CLASS
  1
ACDBSECTIONVIEWSTYLE
  2
AcDbSectionViewStyle
  3
ObjectDBX Classes
 90
     1025
 91
        3
280
     0
281
     0
  0
CLASS
  1
ACDBDETAILVIEWSTYLE
  2
AcDbDetailViewStyle
  3
ObjectDBX Classes
 90
     1025
 91
        3
280
     0
281
     0
  0
CLASS
  1
DICTIONARYVAR
  2
AcDbDictionaryVar
  3
ObjectDBX Classes
 90
        0
 91
        3
280
     0
281
     0
  0
CLASS
  1
CELLSTYLEMAP
  2
AcDbCellStyleMap
  3
ObjectDBX Classes
 90
     1152
 91
        3
280
     0
281
     0
  0
ENDSEC
  0
SECTION
  2
TABLES
  0
TABLE
  2
VPORT
  5
8
330
0
100
AcDbSymbolTable
 70
     1
  0
VPORT
  5
1F4
330
8
100
AcDbSymbolTableRecord
100
AcDbViewportTableRecord
  2
*ACTIVE
 70
     0
 10
0.0
 20
0.0
 11
1.0
 21
1.0
 12
112.8898298255585
 22
10.10574891382313
 13
0.0
 23
0.0
 14
1.0
 24
1.0
 15
0.0
 25
0.0
 16
0.0
 26
0.0
 36
1.0
 17
0.0
 27
0.0
 37
0.0
 40
347.3447318598782
 41
2.328449328449329
 42
50.0
 43
0.0
 44
0.0
 50
0.0
 51
0.0
 71
     0
 72
   100
 73
     1
 74
     1
 75
     0
 76
     1
 77
     0
 78
     0
281
     0
 65
     1
110
0.0
120
0.0
130
0.0
111
1.0
121
0.0
131
0.0
112
0.0
122
1.0
132
0.0
 79
     0
146
0.0
348
50B
 60
     3
 61
     5
292
     1
282
     1
141
0.0
142
0.0
 63
   256
1001
ACAD_NAV_VCDISPLAY
1070
     3
  0
ENDTAB
  0
TABLE
  2
LTYPE
  5
5
330
0
100
AcDbSymbolTable
 70
     6
  0
LTYPE
  5
14
330
5
100
AcDbSymbolTableRecord
100
AcDbLinetypeTableRecord
  2
BYBLOCK
 70
     0
  3

 72
    65
 73
     0
 40
0.0
  0
LTYPE
  5
15
330
5
100
AcDbSymbolTableRecord
100
AcDbLinetypeTableRecord
  2
BYLAYER
 70
     0
  3

 72
    65
 73
     0
 40
0.0
  0
LTYPE
  5
16
330
5
100
AcDbSymbolTableRecord
100
AcDbLinetypeTableRecord
  2
CONTINUOUS
 70
     0
  3
Solid line
 72
    65
 73
     0
 40
0.0
  0
LTYPE
  5
1F5
330
5
100
AcDbSymbolTableRecord
100
AcDbLinetypeTableRecord
  2
CENTER
 70
     0
  3
____ _ ____ _ ____ _ ____ _ ____ _ ____ _ ____
 72
    65
 73
     4
 40
0.6
 49
0.375
 74
     0
 49
-0.075
 74
     0
 49
0.075
 74
     0
 49
-0.075
 74
     0
  0
LTYPE
  5
1F6
330
5
100
AcDbSymbolTableRecord
100
AcDbLinetypeTableRecord
  2
HIDDEN
 70
     0
  3
- - - - - - - - - - - - - - - - - - - -
 72
    65
 73
     2
 40
0.2
 49
0.1
 74
     0
 49
-0.1
 74
     0
  0
LTYPE
  5
1F7
330
5
100
AcDbSymbolTableRecord
100
AcDbLinetypeTableRecord
  2
PHANTOM
 70
     0
  3
_____ _ _ _____ _ _ _____ _ _ _____
 72
    65
 73
     6
 40
0.8
 49
0.45
 74
     0
 49
-0.05
 74
     0
 49
0.1
 74
     0
 49
-0.05
 74
     0
 49
0.1
 74
     0
 49
-0.05
 74
     0
  0
LTYPE
  5
1F8
330
5
100
AcDbSymbolTableRecord
100
AcDbLinetypeTableRecord
  2
DOT
 70
     0
  3
. . . . . . . . . . . . . . . . . . . .
 72
    65
 73
     2
 40
0.2
 49
0.1
 74
     0
 49
-0.1
 74
     0
  0
LTYPE
  5
1F9
330
5
100
AcDbSymbolTableRecord
100
AcDbLinetypeTableRecord
  2
DASHED
 70
     0
  3
- - - - - - - - - - - - - - - - - - - -
 72
    65
 73
     2
 40
0.2
 49
0.1
 74
     0
 49
-0.1
 74
     0
  0
ENDTAB
  0
TABLE
  2
LAYER
  5
2
102
{ACAD_XDICTIONARY
360
548
102
}
330
0
100
AcDbSymbolTable
 70
    47
  0
LAYER
  5
10
330
2
100
AcDbSymbolTableRecord
100
AcDbLayerTableRecord
  2
0
 70
     0
 62
     7
  6
CONTINUOUS
370
    -3
390
F
347
4FD
348
0
  0
LAYER
  5
1FA
330
2
100
AcDbSymbolTableRecord
100
AcDbLayerTableRecord
  2
DEFAULT_1
 70
     0
 62
     7
  6
CENTER
370
    -3
390
F
347
4FD
348
0
  0
LAYER
  5
1FB
330
2
100
AcDbSymbolTableRecord
100
AcDbLayerTableRecord
  2
DEFAULT_2
 70
     0
 62
     8
  6
HIDDEN
370
    -3
390
F
347
4FD
348
0
  0
LAYER
  5
1FC
330
2
100
AcDbSymbolTableRecord
100
AcDbLayerTableRecord
  2
DEFAULT_3
 70
     0
 62
     7
  6
PHANTOM
370
    -3
390
F
347
4FD
348
0
  0
LAYER
  5
1FD
330
2
100
AcDbSymbolTableRecord
100
AcDbLayerTableRecord
  2
01_ALL_DTM_PLN
 70
     0
 62
     7
  6
CONTINUOUS
370
    -3
390
F
347
4FD
348
0
  0
LAYER
  5
1FE
330
2
100
AcDbSymbolTableRecord
100
AcDbLayerTableRecord
  2
01__ASM_ALL_DTM_PLN
 70
     0
 62
     7
  6
CONTINUOUS
370
    -3
390
F
347
4FD
348
0
  0
LAYER
  5
1FF
330
2
100
AcDbSymbolTableRecord
100
AcDbLayerTableRecord
  2
01__ASM_DEF_DTM_PLN
 70
     0
 62
     7
  6
CONTINUOUS
370
    -3
390
F
347
4FD
348
0
  0
LAYER
  5
200
330
2
100
AcDbSymbolTableRecord
100
AcDbLayerTableRecord
  2
01___PRT_ALL_DTM_PLN
 70
     0
 62
     7
  6
CONTINUOUS
370
    -3
390
F
347
4FD
348
0
  0
LAYER
  5
201
330
2
100
AcDbSymbolTableRecord
100
AcDbLayerTableRecord
  2
01___PRT_DEF_DTM_PLN
 70
     0
 62
     7
  6
CONTINUOUS
370
    -3
390
F
347
4FD
348
0
  0
LAYER
  5
202
330
2
100
AcDbSymbolTableRecord
100
AcDbLayerTableRecord
  2
02_ALL_AXES
 70
     0
 62
     7
  6
CONTINUOUS
370
    -3
390
F
347
4FD
348
0
  0
LAYER
  5
203
330
2
100
AcDbSymbolTableRecord
100
AcDbLayerTableRecord
  2
02__ASM_ALL_AXES
 70
     0
 62
     7
  6
CONTINUOUS
370
    -3
390
F
347
4FD
348
0
  0
LAYER
  5
204
330
2
100
AcDbSymbolTableRecord
100
AcDbLayerTableRecord
  2
02___PRT_ALL_AXES
 70
     0
 62
     7
  6
CONTINUOUS
370
    -3
390
F
347
4FD
348
0
  0
LAYER
  5
205
330
2
100
AcDbSymbolTableRecord
100
AcDbLayerTableRecord
  2
03_ALL_CURVES
 70
     0
 62
     7
  6
CONTINUOUS
370
    -3
390
F
347
4FD
348
0
  0
LAYER
  5
206
330
2
100
AcDbSymbolTableRecord
100
AcDbLayerTableRecord
  2
03__ASM_ALL_CURVES
 70
     0
 62
     7
  6
CONTINUOUS
370
    -3
390
F
347
4FD
348
0
  0
LAYER
  5
207
330
2
100
AcDbSymbolTableRecord
100
AcDbLayerTableRecord
  2
03___PRT_ALL_CURVES
 70
     0
 62
     7
  6
CONTINUOUS
370
    -3
390
F
347
4FD
348
0
  0
LAYER
  5
208
330
2
100
AcDbSymbolTableRecord
100
AcDbLayerTableRecord
  2
04_ALL_DTM_PNT
 70
     0
 62
     7
  6
CONTINUOUS
370
    -3
390
F
347
4FD
348
0
  0
LAYER
  5
209
330
2
100
AcDbSymbolTableRecord
100
AcDbLayerTableRecord
  2
04__ASM_ALL_DTM_PNT
 70
     0
 62
     7
  6
CONTINUOUS
370
    -3
390
F
347
4FD
348
0
  0
LAYER
  5
20A
330
2
100
AcDbSymbolTableRecord
100
AcDbLayerTableRecord
  2
04___PRT_ALL_DTM_PNT
 70
     0
 62
     7
  6
CONTINUOUS
370
    -3
390
F
347
4FD
348
0
  0
LAYER
  5
20B
330
2
100
AcDbSymbolTableRecord
100
AcDbLayerTableRecord
  2
05_ALL_DTM_CSYS
 70
     0
 62
     7
  6
CONTINUOUS
370
    -3
390
F
347
4FD
348
0
  0
LAYER
  5
20C
330
2
100
AcDbSymbolTableRecord
100
AcDbLayerTableRecord
  2
05__ASM_ALL_DTM_CSYS
 70
     0
 62
     7
  6
CONTINUOUS
370
    -3
390
F
347
4FD
348
0
  0
LAYER
  5
20D
330
2
100
AcDbSymbolTableRecord
100
AcDbLayerTableRecord
  2
05__ASM_DEF_DTM_CSYS
 70
     0
 62
     7
  6
CONTINUOUS
370
    -3
390
F
347
4FD
348
0
  0
LAYER
  5
20E
330
2
100
AcDbSymbolTableRecord
100
AcDbLayerTableRecord
  2
05___PRT_ALL_DTM_CSYS
 70
     0
 62
     7
  6
CONTINUOUS
370
    -3
390
F
347
4FD
348
0
  0
LAYER
  5
20F
330
2
100
AcDbSymbolTableRecord
100
AcDbLayerTableRecord
  2
05___PRT_DEF_DTM_CSYS
 70
     0
 62
     7
  6
CONTINUOUS
370
    -3
390
F
347
4FD
348
0
  0
LAYER
  5
210
330
2
100
AcDbSymbolTableRecord
100
AcDbLayerTableRecord
  2
06_ALL_SURFS
 70
     0
 62
     7
  6
CONTINUOUS
370
    -3
390
F
347
4FD
348
0
  0
LAYER
  5
211
330
2
100
AcDbSymbolTableRecord
100
AcDbLayerTableRecord
  2
06__ASM_ALL_SURFS
 70
     0
 62
     7
  6
CONTINUOUS
370
    -3
390
F
347
4FD
348
0
  0
LAYER
  5
212
330
2
100
AcDbSymbolTableRecord
100
AcDbLayerTableRecord
  2
06___PRT_ALL_SURFS
 70
     0
 62
     7
  6
CONTINUOUS
370
    -3
390
F
347
4FD
348
0
  0
LAYER
  5
213
330
2
100
AcDbSymbolTableRecord
100
AcDbLayerTableRecord
  2
07__ASM_ALL_SKELETONS
 70
     0
 62
     7
  6
CONTINUOUS
370
    -3
390
F
347
4FD
348
0
  0
LAYER
  5
214
330
2
100
AcDbSymbolTableRecord
100
AcDbLayerTableRecord
  2
1_ALL_PLANES
 70
     0
 62
     7
  6
CONTINUOUS
370
    -3
390
F
347
4FD
348
0
  0
LAYER
  5
215
330
2
100
AcDbSymbolTableRecord
100
AcDbLayerTableRecord
  2
2_ALL_CSYS
 70
     0
 62
     7
  6
CONTINUOUS
370
    -3
390
F
347
4FD
348
0
  0
LAYER
  5
216
330
2
100
AcDbSymbolTableRecord
100
AcDbLayerTableRecord
  2
3_ALL_AXES
 70
     0
 62
     7
  6
CONTINUOUS
370
    -3
390
F
347
4FD
348
0
  0
LAYER
  5
217
330
2
100
AcDbSymbolTableRecord
100
AcDbLayerTableRecord
  2
4_ALL_POINTS
 70
     0
 62
     7
  6
CONTINUOUS
370
    -3
390
F
347
4FD
348
0
  0
LAYER
  5
218
330
2
100
AcDbSymbolTableRecord
100
AcDbLayerTableRecord
  2
5_ALL_CURVES
 70
     0
 62
     7
  6
CONTINUOUS
370
    -3
390
F
347
4FD
348
0
  0
LAYER
  5
219
330
2
100
AcDbSymbolTableRecord
100
AcDbLayerTableRecord
  2
7_ALL_FEATURES
 70
     0
 62
     7
  6
CONTINUOUS
370
    -3
390
F
347
4FD
348
0
  0
LAYER
  5
21A
330
2
100
AcDbSymbolTableRecord
100
AcDbLayerTableRecord
  2
AXES
 70
     0
 62
     7
  6
CONTINUOUS
370
    -3
390
F
347
4FD
348
0
  0
LAYER
  5
21B
330
2
100
AcDbSymbolTableRecord
100
AcDbLayerTableRecord
  2
CURVERS
 70
     0
 62
     7
  6
CONTINUOUS
370
    -3
390
F
347
4FD
348
0
  0
LAYER
  5
21C
330
2
100
AcDbSymbolTableRecord
100
AcDbLayerTableRecord
  2
INTFCLR_3
 70
     0
 62
     7
  6
CONTINUOUS
370
    -3
390
F
347
4FD
348
0
  0
LAYER
  5
21D
330
2
100
AcDbSymbolTableRecord
100
AcDbLayerTableRecord
  2
NONE
 70
     0
 62
     7
  6
CONTINUOUS
370
    -3
390
F
347
4FD
348
0
  0
LAYER
  5
21E
330
2
100
AcDbSymbolTableRecord
100
AcDbLayerTableRecord
  2
PLANES
 70
     0
 62
     7
  6
CONTINUOUS
370
    -3
390
F
347
4FD
348
0
  0
LAYER
  5
21F
330
2
100
AcDbSymbolTableRecord
100
AcDbLayerTableRecord
  2
POINTS
 70
     0
 62
     7
  6
CONTINUOUS
370
    -3
390
F
347
4FD
348
0
  0
LAYER
  5
220
330
2
100
AcDbSymbolTableRecord
100
AcDbLayerTableRecord
  2
XSEC_DATUMS
 70
     0
 62
     7
  6
CONTINUOUS
370
    -3
390
F
347
4FD
348
0
  0
LAYER
  5
554
330
2
100
AcDbSymbolTableRecord
100
AcDbLayerTableRecord
  2
RSMJ722_4_00DXF_CONTINUOUS_LINE
 70
     0
 62
     7
  6
CONTINUOUS
370
    -3
390
F
347
4FD
348
0
  0
LAYER
  5
555
330
2
100
AcDbSymbolTableRecord
100
AcDbLayerTableRecord
  2
09681637813_DXF_CONTINUOUS_LINE
 70
     0
 62
     7
  6
CONTINUOUS
370
    -3
390
F
347
4FD
348
0
  0
LAYER
  5
556
330
2
100
AcDbSymbolTableRecord
100
AcDbLayerTableRecord
  2
RSMJ702_4_00DXF_CONTINUOUS_LINE
 70
     0
 62
     7
  6
CONTINUOUS
370
    -3
390
F
347
4FD
348
0
  0
LAYER
  5
557
330
2
100
AcDbSymbolTableRecord
100
AcDbLayerTableRecord
  2
DPMJ701_4_00DXF_CONTINUOUS_LINE
 70
     0
 62
     7
  6
CONTINUOUS
370
    -3
390
F
347
4FD
348
0
  0
LAYER
  5
558
330
2
100
AcDbSymbolTableRecord
100
AcDbLayerTableRecord
  2
MPUJ710_4_01DXF_CONTINUOUS_LINE
 70
     0
 62
     7
  6
CONTINUOUS
370
    -3
390
F
347
4FD
348
0
  0
LAYER
  5
559
330
2
100
AcDbSymbolTableRecord
100
AcDbLayerTableRecord
  2
_O_X1_2__DXF_CONTINUOUS_LINE
 70
     0
 62
     7
  6
CONTINUOUS
370
    -3
390
F
347
4FD
348
0
  0
LAYER
  5
55A
330
2
100
AcDbSymbolTableRecord
100
AcDbLayerTableRecord
  2
TE_1734099_5DXF_CONTINUOUS_LINE
 70
     0
 62
     7
  6
CONTINUOUS
370
    -3
390
F
347
4FD
348
0
  0
ENDTAB
  0
TABLE
  2
STYLE
  5
3
330
0
100
AcDbSymbolTable
 70
     2
  0
STYLE
  5
11
330
3
100
AcDbSymbolTableRecord
100
AcDbTextStyleTableRecord
  2
STANDARD
 70
     0
 40
0.0
 41
0.8
 50
0.0
 71
     0
 42
0.2
  3
txt
  4

  0
STYLE
  5
221
330
3
100
AcDbSymbolTableRecord
100
AcDbTextStyleTableRecord
  2
TEXTSTYLE_1
 70
     0
 40
0.0
 41
0.8
 50
0.0
 71
     0
 42
0.2
  3
gdt
  4

  0
ENDTAB
  0
TABLE
  2
VIEW
  5
6
330
0
100
AcDbSymbolTable
 70
     0
  0
ENDTAB
  0
TABLE
  2
UCS
  5
7
330
0
100
AcDbSymbolTable
 70
     0
  0
ENDTAB
  0
TABLE
  2
APPID
  5
9
330
0
100
AcDbSymbolTable
 70
     3
  0
APPID
  5
222
330
9
100
AcDbSymbolTableRecord
100
AcDbRegAppTableRecord
  2
ACAD
 70
     0
  0
APPID
  5
54E
330
9
100
AcDbSymbolTableRecord
100
AcDbRegAppTableRecord
  2
ACAD_NAV_VCDISPLAY
 70
     0
  0
APPID
  5
A56
330
9
100
AcDbSymbolTableRecord
100
AcDbRegAppTableRecord
  2
ACAD_MLEADERVER
 70
     0
  0
ENDTAB
  0
TABLE
  2
DIMSTYLE
  5
A
330
0
100
AcDbSymbolTable
 70
     1
100
AcDbDimStyleTable
  0
DIMSTYLE
105
226
330
A
100
AcDbSymbolTableRecord
100
AcDbDimStyleTableRecord
  2
STANDARD
 70
     0
 41
0.1875
 44
0.125
 47
0.01
 48
0.01
 78
     4
 79
     1
140
0.15625
171
     1
178
     0
179
     2
271
     2
272
     2
284
     4
340
11
341
225
342
225
343
225
344
225
  0
ENDTAB
  0
TABLE
  2
BLOCK_RECORD
  5
1
330
0
100
AcDbSymbolTable
 70
     1
  0
BLOCK_RECORD
  5
223
330
1
100
AcDbSymbolTableRecord
100
AcDbBlockTableRecord
  2
*Model_Space
340
4E8
 70
     0
280
     1
281
     0
  0
BLOCK_RECORD
  5
224
330
1
100
AcDbSymbolTableRecord
100
AcDbBlockTableRecord
  2
*Paper_Space
340
4E9
 70
     0
280
     1
281
     0
  0
BLOCK_RECORD
  5
225
330
1
100
AcDbSymbolTableRecord
100
AcDbBlockTableRecord
  2
_FILLED
340
0
 70
     0
280
     1
281
     0
  0
ENDTAB
  0
ENDSEC
  0
SECTION
  2
BLOCKS
  0
BLOCK
  5
20
330
223
100
AcDbEntity
  8
0
100
AcDbBlockBegin
  2
*Model_Space
 70
     0
 10
0.0
 20
0.0
 30
0.0
  3
*Model_Space
  1

  0
ENDBLK
  5
21
330
223
100
AcDbEntity
  8
0
100
AcDbBlockEnd
  0
BLOCK
  5
1C
330
224
100
AcDbEntity
 67
     1
  8
0
100
AcDbBlockBegin
  2
*Paper_Space
 70
     0
 10
0.0
 20
0.0
 30
0.0
  3
*Paper_Space
  1

  0
ENDBLK
  5
1D
330
224
100
AcDbEntity
 67
     1
  8
0
100
AcDbBlockEnd
  0
BLOCK
  5
227
330
225
100
AcDbEntity
  8
0
100
AcDbBlockBegin
  2
_FILLED
 70
     0
 10
0.0
 20
0.0
 30
0.0
  3
_FILLED
  1

  0
SOLID
  5
228
330
225
100
AcDbEntity
  8
0
  6
ByBlock
 62
     0
100
AcDbTrace
 10
0.0
 20
0.0
 30
0.0
 11
-1.0
 21
0.1666666667
 31
0.0
 12
-1.0
 22
-0.1666666667
 32
0.0
 13
-1.0
 23
-0.1666666667
 33
0.0
  0
ENDBLK
  5
229
330
225
100
AcDbEntity
  8
0
  6
ByBlock
 62
     0
100
AcDbBlockEnd
  0
ENDSEC
  0
SECTION
  2
ENTITIES
  0
SPLINE
  5
7B9
330
223
100
AcDbEntity
  8
RSMJ722_4_00DXF_CONTINUOUS_LINE
  6
Continuous
 62
     4
100
AcDbSpline
210
0.0
220
0.0
230
1.0
 70
     8
 71
     3
 72
     8
 73
     4
 74
     0
 42
0.0000001
 43
0.0000000001
 40
0.0
 40
0.0
 40
0.0
 40
0.0
 40
1.0
 40
1.0
 40
1.0
 40
1.0
 10
9.56326749776008
 20
121.24522510114
 30
0.0
 10
9.703103870359882
 20
121.24522510114
 30
0.0
 10
9.800307122739923
 20
121.2230558973201
 30
0.0
 10
9.851043551620023
 20
121.17992993836
 30
0.0
  0
SPLINE
  5
7BA
330
223
100
AcDbEntity
  8
RSMJ722_4_00DXF_CONTINUOUS_LINE
  6
Continuous
 62
     4
100
AcDbSpline
210
0.0
220
0.0
230
1.0
 70
     8
 71
     3
 72
     8
 73
     4
 74
     0
 42
0.0000001
 43
0.0000000001
 40
0.0
 40
0.0
 40
0.0
 40
0.0
 40
1.0
 40
1.0
 40
1.0
 40
1.0
 10
9.851043551620023
 20
121.17992993836
 30
0.0
 10
9.902626394859908
 20
121.13608452694
 30
0.0
 10
9.928206173519811
 20
121.07469308254
 30
0.0
 10
9.928206173519811
 20
120.99454301424
 30
0.0
  0
SPLINE
  5
7BB
330
223
100
AcDbEntity
  8
RSMJ722_4_00DXF_CONTINUOUS_LINE
  6
Continuous
 62
     4
100
AcDbSpline
210
0.0
220
0.0
230
1.0
 70
     8
 71
     3
 72
     8
 73
     4
 74
     0
 42
0.0000001
 43
0.0000000001
 40
0.0
 40
0.0
 40
0.0
 40
0.0
 40
1.0
 40
1.0
 40
1.0
 40
1.0
 10
9.928206173519811
 20
120.99454301424
 30
0.0
 10
9.928206173519811
 20
120.93997272714
 30
0.0
 10
9.911152986900106
 20
120.8905184547
 30
0.0
 10
9.87916640875983
 20
120.84927255294
 30
0.0
  0
SPLINE
  5
7BC
330
223
100
AcDbEntity
  8
RSMJ722_4_00DXF_CONTINUOUS_LINE
  6
Continuous
 62
     4
100
AcDbSpline
210
0.0
220
0.0
230
1.0
 70
     8
 71
     3
 72
     8
 73
     4
 74
     0
 42
0.0000001
 43
0.0000000001
 40
0.0
 40
0.0
 40
0.0
 40
0.0
 40
1.0
 40
1.0
 40
1.0
 40
1.0
 10
9.87916640875983
 20
120.84927255294
 30
0.0
 10
9.846350817799703
 20
120.8069576617
 30
0.0
 10
9.805423139939649
 20
120.7813778805
 30
0.0
 10
9.754509911819696
 20
120.77006385182
 30
0.0
  0
SPLINE
  5
7BD
330
223
100
AcDbEntity
  8
RSMJ722_4_00DXF_CONTINUOUS_LINE
  6
Continuous
 62
     4
100
AcDbSpline
210
0.0
220
0.0
230
1.0
 70
     8
 71
     3
 72
     8
 73
     4
 74
     0
 42
0.0000001
 43
0.0000000001
 40
0.0
 40
0.0
 40
0.0
 40
0.0
 40
1.0
 40
1.0
 40
1.0
 40
1.0
 10
9.754509911819696
 20
120.77006385182
 30
0.0
 10
9.651944160639687
 20
120.74727150726
 30
0.0
 10
9.583731411620192
 20
120.73703962526
 30
0.0
 10
9.549625038379872
 20
120.73703962526
 30
0.0
  0
SPLINE
  5
7BE
330
223
100
AcDbEntity
  8
RSMJ722_4_00DXF_CONTINUOUS_LINE
  6
Continuous
 62
     4
100
AcDbSpline
210
0.0
220
0.0
230
1.0
 70
     8
 71
     3
 72
     8
 73
     4
 74
     0
 42
0.0000001
 43
0.0000000001
 40
0.0
 40
0.0
 40
0.0
 40
0.0
 40
1.0
 40
1.0
 40
1.0
 40
1.0
 10
11.01961132877977
 20
120.0770804575
 30
0.0
 10
11.04007509277972
 20
119.82469304508
 30
0.0
 10
11.13386777031974
 20
119.616643926
 30
0.0
 10
11.29757855287971
 20
119.4529332298
 30
0.0
  0
SPLINE
  5
7BF
330
223
100
AcDbEntity
  8
RSMJ722_4_00DXF_CONTINUOUS_LINE
  6
Continuous
 62
     4
100
AcDbSpline
210
0.0
220
0.0
230
1.0
 70
     8
 71
     3
 72
     8
 73
     4
 74
     0
 42
0.0000001
 43
0.0000000001
 40
0.0
 40
0.0
 40
0.0
 40
0.0
 40
1.0
 40
1.0
 40
1.0
 40
1.0
 10
11.29757855287971
 20
119.4529332298
 30
0.0
 10
11.46128949545982
 20
119.28922237358
 30
0.0
 10
11.75460454764016
 20
119.20736698484
 30
0.0
 10
12.1809348151196
 20
119.20736698484
 30
0.0
  0
SPLINE
  5
7C0
330
223
100
AcDbEntity
  8
RSMJ722_4_00DXF_CONTINUOUS_LINE
  6
Continuous
 62
     4
100
AcDbSpline
210
0.0
220
0.0
230
1.0
 70
     8
 71
     3
 72
     8
 73
     4
 74
     0
 42
0.0000001
 43
0.0000000001
 40
0.0
 40
0.0
 40
0.0
 40
0.0
 40
1.0
 40
1.0
 40
1.0
 40
1.0
 10
12.1809348151196
 20
119.20736698484
 30
0.0
 10
12.42309030743991
 20
119.20736698484
 30
0.0
 10
12.62261268461998
 20
119.24317871662
 30
0.0
 10
12.78246380255996
 20
119.3124190328
 30
0.0
  0
SPLINE
  5
7C1
330
223
100
AcDbEntity
  8
RSMJ722_4_00DXF_CONTINUOUS_LINE
  6
Continuous
 62
     4
100
AcDbSpline
210
0.0
220
0.0
230
1.0
 70
     8
 71
     3
 72
     8
 73
     4
 74
     0
 42
0.0000001
 43
0.0000000001
 40
0.0
 40
0.0
 40
0.0
 40
0.0
 40
1.0
 40
1.0
 40
1.0
 40
1.0
 10
12.78246380255996
 20
119.3124190328
 30
0.0
 10
12.94150766531993
 20
119.38130968242
 30
0.0
 10
13.06599613872004
 20
119.48362891644
 30
0.0
 10
13.1550629938597
 20
119.6197984536
 30
0.0
  0
SPLINE
  5
7C2
330
223
100
AcDbEntity
  8
RSMJ722_4_00DXF_CONTINUOUS_LINE
  6
Continuous
 62
     4
100
AcDbSpline
210
0.0
220
0.0
230
1.0
 70
     8
 71
     3
 72
     8
 73
     4
 74
     0
 42
0.0000001
 43
0.0000000001
 40
0.0
 40
0.0
 40
0.0
 40
0.0
 40
1.0
 40
1.0
 40
1.0
 40
1.0
 10
13.1550629938597
 20
119.6197984536
 30
0.0
 10
13.24334946193994
 20
119.75477489688
 30
0.0
 10
13.28768756985983
 20
119.90313778786
 30
0.0
 10
13.28768756985983
 20
120.06343792192
 30
0.0
  0
SPLINE
  5
7C3
330
223
100
AcDbEntity
  8
RSMJ722_4_00DXF_CONTINUOUS_LINE
  6
Continuous
 62
     4
100
AcDbSpline
210
0.0
220
0.0
230
1.0
 70
     8
 71
     3
 72
     8
 73
     4
 74
     0
 42
0.0000001
 43
0.0000000001
 40
0.0
 40
0.0
 40
0.0
 40
0.0
 40
1.0
 40
1.0
 40
1.0
 40
1.0
 10
13.28768756985983
 20
120.06343792192
 30
0.0
 10
13.28768756985983
 20
120.19986356728
 30
0.0
 10
13.25358119407974
 20
120.32264667706
 30
0.0
 10
13.18669660343994
 20
120.43326354244
 30
0.0
  0
SPLINE
  5
7C4
330
223
100
AcDbEntity
  8
RSMJ722_4_00DXF_CONTINUOUS_LINE
  6
Continuous
 62
     4
100
AcDbSpline
210
0.0
220
0.0
230
1.0
 70
     8
 71
     3
 72
     8
 73
     4
 74
     0
 42
0.0000001
 43
0.0000000001
 40
0.0
 40
0.0
 40
0.0
 40
0.0
 40
1.0
 40
1.0
 40
1.0
 40
1.0
 10
13.18669660343994
 20
120.43326354244
 30
0.0
 10
13.12056627850006
 20
120.54263296556
 30
0.0
 10
13.01483657886001
 20
120.63472035314
 30
0.0
 10
12.86817881527986
 20
120.70975452616
 30
0.0
  0
SPLINE
  5
7C5
330
223
100
AcDbEntity
  8
RSMJ722_4_00DXF_CONTINUOUS_LINE
  6
Continuous
 62
     4
100
AcDbSpline
210
0.0
220
0.0
230
1.0
 70
     8
 71
     3
 72
     8
 73
     4
 74
     0
 42
0.0000001
 43
0.0000000001
 40
0.0
 40
0.0
 40
0.0
 40
0.0
 40
1.0
 40
1.0
 40
1.0
 40
1.0
 10
12.86817881527986
 20
120.70975452616
 30
0.0
 10
12.72152122695979
 20
120.78478860774
 30
0.0
 10
12.48107102460017
 20
120.85811737142
 30
0.0
 10
12.14308808105989
 20
120.92984753022
 30
0.0
  0
SPLINE
  5
7C6
330
223
100
AcDbEntity
  8
RSMJ722_4_00DXF_CONTINUOUS_LINE
  6
Continuous
 62
     4
100
AcDbSpline
210
0.0
220
0.0
230
1.0
 70
     8
 71
     3
 72
     8
 73
     4
 74
     0
 42
0.0000001
 43
0.0000000001
 40
0.0
 40
0.0
 40
0.0
 40
0.0
 40
1.0
 40
1.0
 40
1.0
 40
1.0
 10
12.14308808105989
 20
120.92984753022
 30
0.0
 10
12.0069920718197
 20
120.95873120372
 30
0.0
 10
11.92002054904015
 20
120.98942699958
 30
0.0
 10
11.88301507059987
 20
121.02212958594
 30
0.0
  0
SPLINE
  5
7C7
330
223
100
AcDbEntity
  8
RSMJ722_4_00DXF_CONTINUOUS_LINE
  6
Continuous
 62
     4
100
AcDbSpline
210
0.0
220
0.0
230
1.0
 70
     8
 71
     3
 72
     8
 73
     4
 74
     0
 42
0.0000001
 43
0.0000000001
 40
0.0
 40
0.0
 40
0.0
 40
0.0
 40
1.0
 40
1.0
 40
1.0
 40
1.0
 10
11.88301507059987
 20
121.02212958594
 30
0.0
 10
11.84669193521995
 20
121.05422916868
 30
0.0
 10
11.82793345863956
 20
121.09004098174
 30
0.0
 10
11.82793345863956
 20
121.1309686596
 30
0.0
  0
SPLINE
  5
7C8
330
223
100
AcDbEntity
  8
RSMJ722_4_00DXF_CONTINUOUS_LINE
  6
Continuous
 62
     4
100
AcDbSpline
210
0.0
220
0.0
230
1.0
 70
     8
 71
     3
 72
     8
 73
     4
 74
     0
 42
0.0000001
 43
0.0000000001
 40
0.0
 40
0.0
 40
0.0
 40
0.0
 40
1.0
 40
1.0
 40
1.0
 40
1.0
 10
11.82793345863956
 20
121.1309686596
 30
0.0
 10
11.82793345863956
 20
121.1855389467
 30
0.0
 10
11.85010251259973
 20
121.2315824919
 30
0.0
 10
11.89579635567998
 20
121.26951700582
 30
0.0
  0
SPLINE
  5
7C9
330
223
100
AcDbEntity
  8
RSMJ722_4_00DXF_CONTINUOUS_LINE
  6
Continuous
 62
     4
100
AcDbSpline
210
0.0
220
0.0
230
1.0
 70
     8
 71
     3
 72
     8
 73
     4
 74
     0
 42
0.0000001
 43
0.0000000001
 40
0.0
 40
0.0
 40
0.0
 40
0.0
 40
1.0
 40
1.0
 40
1.0
 40
1.0
 10
11.89579635567998
 20
121.26951700582
 30
0.0
 10
11.94048461275997
 20
121.30661669286
 30
0.0
 10
12.0086973592397
 20
121.32708045686
 30
0.0
 10
12.09907916221982
 20
121.32708045686
 30
0.0
  0
SPLINE
  5
7CA
330
223
100
AcDbEntity
  8
RSMJ722_4_00DXF_CONTINUOUS_LINE
  6
Continuous
 62
     4
100
AcDbSpline
210
0.0
220
0.0
230
1.0
 70
     8
 71
     3
 72
     8
 73
     4
 74
     0
 42
0.0000001
 43
0.0000000001
 40
0.0
 40
0.0
 40
0.0
 40
0.0
 40
1.0
 40
1.0
 40
1.0
 40
1.0
 10
12.09907916221982
 20
121.32708045686
 30
0.0
 10
12.20821973641978
 20
121.32708045686
 30
0.0
 10
12.29348596924001
 20
121.3015006782
 30
0.0
 10
12.35487728663975
 20
121.25034114628
 30
0.0
  0
SPLINE
  5
7CB
330
223
100
AcDbEntity
  8
RSMJ722_4_00DXF_CONTINUOUS_LINE
  6
Continuous
 62
     4
100
AcDbSpline
210
0.0
220
0.0
230
1.0
 70
     8
 71
     3
 72
     8
 73
     4
 74
     0
 42
0.0000001
 43
0.0000000001
 40
0.0
 40
0.0
 40
0.0
 40
0.0
 40
1.0
 40
1.0
 40
1.0
 40
1.0
 10
12.35487728663975
 20
121.25034114628
 30
0.0
 10
12.41626885549977
 20
121.19918140608
 30
0.0
 10
12.45719668067977
 20
121.11732605036
 30
0.0
 10
12.47766044721993
 20
121.00477489624
 30
0.0
  0
SPLINE
  5
7CC
330
223
100
AcDbEntity
  8
RSMJ722_4_00DXF_CONTINUOUS_LINE
  6
Continuous
 62
     4
100
AcDbSpline
210
0.0
220
0.0
230
1.0
 70
     8
 71
     3
 72
     8
 73
     4
 74
     0
 42
0.0000001
 43
0.0000000001
 40
0.0
 40
0.0
 40
0.0
 40
0.0
 40
1.0
 40
1.0
 40
1.0
 40
1.0
 10
13.20583251131984
 20
121.04740786406
 30
0.0
 10
13.17343112831986
 20
121.30661669286
 30
0.0
 10
13.07281729601982
 20
121.49420189808
 30
0.0
 10
12.90569595385978
 20
121.6135742857
 30
0.0
  0
SPLINE
  5
7CD
330
223
100
AcDbEntity
  8
RSMJ722_4_00DXF_CONTINUOUS_LINE
  6
Continuous
 62
     4
100
AcDbSpline
210
0.0
220
0.0
230
1.0
 70
     8
 71
     3
 72
     8
 73
     4
 74
     0
 42
0.0000001
 43
0.0000000001
 40
0.0
 40
0.0
 40
0.0
 40
0.0
 40
1.0
 40
1.0
 40
1.0
 40
1.0
 10
12.90569595385978
 20
121.6135742857
 30
0.0
 10
12.7385744135795
 20
121.73294681302
 30
0.0
 10
12.49471363383964
 20
121.79263311478
 30
0.0
 10
12.17581865059992
 20
121.79263311478
 30
0.0
  0
SPLINE
  5
7CE
330
223
100
AcDbEntity
  8
RSMJ722_4_00DXF_CONTINUOUS_LINE
  6
Continuous
 62
     4
100
AcDbSpline
210
0.0
220
0.0
230
1.0
 70
     8
 71
     3
 72
     8
 73
     4
 74
     0
 42
0.0000001
 43
0.0000000001
 40
0.0
 40
0.0
 40
0.0
 40
0.0
 40
1.0
 40
1.0
 40
1.0
 40
1.0
 10
12.17581865059992
 20
121.79263311478
 30
0.0
 10
11.91490468170014
 20
121.79263311478
 30
0.0
 10
11.71026614253969
 20
121.75852674154
 30
0.0
 10
11.56019798699981
 20
121.69372453942
 30
0.0
  0
SPLINE
  5
7CF
330
223
100
AcDbEntity
  8
RSMJ722_4_00DXF_CONTINUOUS_LINE
  6
Continuous
 62
     4
100
AcDbSpline
210
0.0
220
0.0
230
1.0
 70
     8
 71
     3
 72
     8
 73
     4
 74
     0
 42
0.0000001
 43
0.0000000001
 40
0.0
 40
0.0
 40
0.0
 40
0.0
 40
1.0
 40
1.0
 40
1.0
 40
1.0
 10
11.56019798699981
 20
121.69372453942
 30
0.0
 10
11.41012963587991
 20
121.62892225348
 30
0.0
 10
11.29928406889985
 20
121.53854030318
 30
0.0
 10
11.22424983491965
 20
121.42428373464
 30
0.0
  0
SPLINE
  5
7D0
330
223
100
AcDbEntity
  8
RSMJ722_4_00DXF_CONTINUOUS_LINE
  6
Continuous
 62
     4
100
AcDbSpline
210
0.0
220
0.0
230
1.0
 70
     8
 71
     3
 72
     8
 73
     4
 74
     0
 42
0.0000001
 43
0.0000000001
 40
0.0
 40
0.0
 40
0.0
 40
0.0
 40
1.0
 40
1.0
 40
1.0
 40
1.0
 10
11.22424983491965
 20
121.42428373464
 30
0.0
 10
11.14921566697967
 20
121.31002727024
 30
0.0
 10
11.11340400377958
 20
121.18894952408
 30
0.0
 10
11.11340400377958
 20
121.0610504733
 30
0.0
  0
SPLINE
  5
7D1
330
223
100
AcDbEntity
  8
RSMJ722_4_00DXF_CONTINUOUS_LINE
  6
Continuous
 62
     4
100
AcDbSpline
210
0.0
220
0.0
230
1.0
 70
     8
 71
     3
 72
     8
 73
     4
 74
     0
 42
0.0000001
 43
0.0000000001
 40
0.0
 40
0.0
 40
0.0
 40
0.0
 40
1.0
 40
1.0
 40
1.0
 40
1.0
 10
11.11340400377958
 20
121.0610504733
 30
0.0
 10
11.11340400377958
 20
120.86493867604
 30
0.0
 10
11.18502733017976
 20
120.7046385394401
 30
0.0
 10
11.33094731774008
 20
120.5776022657
 30
0.0
  0
SPLINE
  5
7D2
330
223
100
AcDbEntity
  8
RSMJ722_4_00DXF_CONTINUOUS_LINE
  6
Continuous
 62
     4
100
AcDbSpline
210
0.0
220
0.0
230
1.0
 70
     8
 71
     3
 72
     8
 73
     4
 74
     0
 42
0.0000001
 43
0.0000000001
 40
0.0
 40
0.0
 40
0.0
 40
0.0
 40
1.0
 40
1.0
 40
1.0
 40
1.0
 10
11.33094731774008
 20
120.5776022657
 30
0.0
 10
11.47493180497986
 20
120.45225101526
 30
0.0
 10
11.71708759702005
 20
120.34993181934
 30
0.0
 10
12.05639097225958
 20
120.2746488457
 30
0.0
  0
SPLINE
  5
7D3
330
223
100
AcDbEntity
  8
RSMJ722_4_00DXF_CONTINUOUS_LINE
  6
Continuous
 62
     4
100
AcDbSpline
210
0.0
220
0.0
230
1.0
 70
     8
 71
     3
 72
     8
 73
     4
 74
     0
 42
0.0000001
 43
0.0000000001
 40
0.0
 40
0.0
 40
0.0
 40
0.0
 40
1.0
 40
1.0
 40
1.0
 40
1.0
 10
12.05639097225958
 20
120.2746488457
 30
0.0
 10
12.26279017337993
 20
120.22885399952
 30
0.0
 10
12.39409980154005
 20
120.18110501704
 30
0.0
 10
12.45169951107982
 20
120.12952318726
 30
0.0
  0
SPLINE
  5
7D4
330
223
100
AcDbEntity
  8
RSMJ722_4_00DXF_CONTINUOUS_LINE
  6
Continuous
 62
     4
100
AcDbSpline
210
0.0
220
0.0
230
1.0
 70
     8
 71
     3
 72
     8
 73
     4
 74
     0
 42
0.0000001
 43
0.0000000001
 40
0.0
 40
0.0
 40
0.0
 40
0.0
 40
1.0
 40
1.0
 40
1.0
 40
1.0
 10
12.45169951107982
 20
120.12952318726
 30
0.0
 10
12.50835624308002
 20
120.07878582112
 30
0.0
 10
12.53734674897987
 20
120.02080488044
 30
0.0
 10
12.53734674897987
 20
119.95600271134
 30
0.0
  0
SPLINE
  5
7D5
330
223
100
AcDbEntity
  8
RSMJ722_4_00DXF_CONTINUOUS_LINE
  6
Continuous
 62
     4
100
AcDbSpline
210
0.0
220
0.0
230
1.0
 70
     8
 71
     3
 72
     8
 73
     4
 74
     0
 42
0.0000001
 43
0.0000000001
 40
0.0
 40
0.0
 40
0.0
 40
0.0
 40
1.0
 40
1.0
 40
1.0
 40
1.0
 10
12.53734674897987
 20
119.95600271134
 30
0.0
 10
12.53734674897987
 20
119.88778988866
 30
0.0
 10
12.50665095311979
 20
119.8263983706
 30
0.0
 10
12.44696464119988
 20
119.77523874724
 30
0.0
  0
SPLINE
  5
7D6
330
223
100
AcDbEntity
  8
RSMJ722_4_00DXF_CONTINUOUS_LINE
  6
Continuous
 62
     4
100
AcDbSpline
210
0.0
220
0.0
230
1.0
 70
     8
 71
     3
 72
     8
 73
     4
 74
     0
 42
0.0000001
 43
0.0000000001
 40
0.0
 40
0.0
 40
0.0
 40
0.0
 40
1.0
 40
1.0
 40
1.0
 40
1.0
 10
12.44696464119988
 20
119.77523874724
 30
0.0
 10
12.38727834706015
 20
119.72407913912
 30
0.0
 10
12.3020124139598
 20
119.6984993198201
 30
0.0
 10
12.19287183721963
 20
119.6984993198201
 30
0.0
  0
SPLINE
  5
7D7
330
223
100
AcDbEntity
  8
RSMJ722_4_00DXF_CONTINUOUS_LINE
  6
Continuous
 62
     4
100
AcDbSpline
210
0.0
220
0.0
230
1.0
 70
     8
 71
     3
 72
     8
 73
     4
 74
     0
 42
0.0000001
 43
0.0000000001
 40
0.0
 40
0.0
 40
0.0
 40
0.0
 40
1.0
 40
1.0
 40
1.0
 40
1.0
 10
12.19287183721963
 20
119.6984993198201
 30
0.0
 10
12.04450902244025
 20
119.6984993198201
 30
0.0
 10
11.93025258089983
 20
119.74795363036
 30
0.0
 10
11.85088660805968
 20
119.84954205304
 30
0.0
  0
SPLINE
  5
7D8
330
223
100
AcDbEntity
  8
RSMJ722_4_00DXF_CONTINUOUS_LINE
  6
Continuous
 62
     4
100
AcDbSpline
210
0.0
220
0.0
230
1.0
 70
     8
 71
     3
 72
     8
 73
     4
 74
     0
 42
0.0000001
 43
0.0000000001
 40
0.0
 40
0.0
 40
0.0
 40
0.0
 40
1.0
 40
1.0
 40
1.0
 40
1.0
 10
11.85088660805968
 20
119.84954205304
 30
0.0
 10
11.80235353011994
 20
119.9116643799
 30
0.0
 10
11.76995244430009
 20
120.00375169382
 30
0.0
 10
11.75460454764016
 20
120.12312415256
 30
0.0
  0
SPLINE
  5
7D9
330
223
100
AcDbEntity
  8
RSMJ722_4_00DXF_CONTINUOUS_LINE
  6
Continuous
 62
     4
100
AcDbSpline
210
0.0
220
0.0
230
1.0
 70
     8
 71
     3
 72
     8
 73
     4
 74
     0
 42
0.0000001
 43
0.0000000001
 40
0.0
 40
0.0
 40
0.0
 40
0.0
 40
1.0
 40
1.0
 40
1.0
 40
1.0
 10
18.1069239664198
 20
121.16336974288
 30
0.0
 10
17.8528311548198
 20
120.84788533956
 30
0.0
 10
17.66695108969998
 20
120.55286499742
 30
0.0
 10
17.55026638021991
 20
120.2769096743
 30
0.0
  0
SPLINE
  5
7DA
330
223
100
AcDbEntity
  8
RSMJ722_4_00DXF_CONTINUOUS_LINE
  6
Continuous
 62
     4
100
AcDbSpline
210
0.0
220
0.0
230
1.0
 70
     8
 71
     3
 72
     8
 73
     4
 74
     0
 42
0.0000001
 43
0.0000000001
 40
0.0
 40
0.0
 40
0.0
 40
0.0
 40
1.0
 40
1.0
 40
1.0
 40
1.0
 10
17.55026638021991
 20
120.2769096743
 30
0.0
 10
17.43332233927958
 20
120.00034104278
 30
0.0
 10
17.34805610645981
 20
119.6575716064
 30
0.0
 10
17.29348566950011
 20
119.24999999838
 30
0.0
  0
SPLINE
  5
7DB
330
223
100
AcDbEntity
  8
RSMJ722_4_00DXF_CONTINUOUS_LINE
  6
Continuous
 62
     4
100
AcDbSpline
210
0.0
220
0.0
230
1.0
 70
     8
 71
     3
 72
     8
 73
     4
 74
     0
 42
0.0000001
 43
0.0000000001
 40
0.0
 40
0.0
 40
0.0
 40
0.0
 40
1.0
 40
1.0
 40
1.0
 40
1.0
 10
17.98584607039993
 20
119.24999999838
 30
0.0
 10
18.00801542407999
 20
119.54331514454
 30
0.0
 10
18.05235352945965
 20
119.7974079028
 30
0.0
 10
18.1173948954397
 20
120.01271692608
 30
0.0
  0
SPLINE
  5
7DC
330
223
100
AcDbEntity
  8
RSMJ722_4_00DXF_CONTINUOUS_LINE
  6
Continuous
 62
     4
100
AcDbSpline
210
0.0
220
0.0
230
1.0
 70
     8
 71
     3
 72
     8
 73
     4
 74
     0
 42
0.0000001
 43
0.0000000001
 40
0.0
 40
0.0
 40
0.0
 40
0.0
 40
1.0
 40
1.0
 40
1.0
 40
1.0
 10
18.1173948954397
 20
120.01271692608
 30
0.0
 10
18.20071664395982
 20
120.28854022762
 30
0.0
 10
18.31497278831966
 20
120.53922238818
 30
0.0
 10
18.45840165563959
 20
120.76420840252
 30
0.0
  0
SPLINE
  5
7DD
330
223
100
AcDbEntity
  8
RSMJ722_4_00DXF_CONTINUOUS_LINE
  6
Continuous
 62
     4
100
AcDbSpline
210
0.0
220
0.0
230
1.0
 70
     8
 71
     3
 72
     8
 73
     4
 74
     0
 42
0.0000001
 43
0.0000000001
 40
0.0
 40
0.0
 40
0.0
 40
0.0
 40
1.0
 40
1.0
 40
1.0
 40
1.0
 10
18.45840165563959
 20
120.76420840252
 30
0.0
 10
18.57588735157969
 20
120.94849932172
 30
0.0
 10
18.72254457921963
 20
121.12073662774
 30
0.0
 10
18.89989819962011
 20
121.28103676434
 30
0.0
  0
LINE
  5
7DE
330
223
100
AcDbEntity
  8
RSMJ722_4_00DXF_CONTINUOUS_LINE
  6
Continuous
 62
     4
100
AcDbLine
 10
20.13796058252001
 20
119.81616645304
 30
0.0
 11
20.30379007559986
 21
119.96741957954
 31
0.0
  0
LINE
  5
7DF
330
223
100
AcDbEntity
  8
RSMJ722_4_00DXF_CONTINUOUS_LINE
  6
Continuous
 62
     4
100
AcDbLine
 10
20.30379007559986
 20
119.96741957954
 30
0.0
 11
20.58443379929986
 21
120.1713304976
 31
0.0
  0
SPLINE
  5
7E0
330
223
100
AcDbEntity
  8
RSMJ722_4_00DXF_CONTINUOUS_LINE
  6
Continuous
 62
     4
100
AcDbSpline
210
0.0
220
0.0
230
1.0
 70
     8
 71
     3
 72
     8
 73
     4
 74
     0
 42
0.0000001
 43
0.0000000001
 40
0.0
 40
0.0
 40
0.0
 40
0.0
 40
1.0
 40
1.0
 40
1.0
 40
1.0
 10
20.58443379929986
 20
120.1713304976
 30
0.0
 10
20.82008924873981
 20
120.3362892101
 30
0.0
 10
20.98209467530023
 20
120.48806275212
 30
0.0
 10
21.07115718703972
 20
120.62765181762
 30
0.0
  0
SPLINE
  5
7E1
330
223
100
AcDbEntity
  8
RSMJ722_4_00DXF_CONTINUOUS_LINE
  6
Continuous
 62
     4
100
AcDbSpline
210
0.0
220
0.0
230
1.0
 70
     8
 71
     3
 72
     8
 73
     4
 74
     0
 42
0.0000001
 43
0.0000000001
 40
0.0
 40
0.0
 40
0.0
 40
0.0
 40
1.0
 40
1.0
 40
1.0
 40
1.0
 10
21.07115718703972
 20
120.62765181762
 30
0.0
 10
21.15944710189979
 20
120.76602998384
 30
0.0
 10
21.2054916910397
 20
120.91098222124
 30
0.0
 10
21.2054916910397
 20
121.06446105068
 30
0.0
  0
SPLINE
  5
7E2
330
223
100
AcDbEntity
  8
RSMJ722_4_00DXF_CONTINUOUS_LINE
  6
Continuous
 62
     4
100
AcDbSpline
210
0.0
220
0.0
230
1.0
 70
     8
 71
     3
 72
     8
 73
     4
 74
     0
 42
0.0000001
 43
0.0000000001
 40
0.0
 40
0.0
 40
0.0
 40
0.0
 40
1.0
 40
1.0
 40
1.0
 40
1.0
 10
21.2054916910397
 20
121.06446105068
 30
0.0
 10
21.2054916910397
 20
121.20770800066
 30
0.0
 10
21.16626945045982
 20
121.33560705144
 30
0.0
 10
21.08782415141968
 20
121.45156918426
 30
0.0
  0
SPLINE
  5
7E3
330
223
100
AcDbEntity
  8
RSMJ722_4_00DXF_CONTINUOUS_LINE
  6
Continuous
 62
     4
100
AcDbSpline
210
0.0
220
0.0
230
1.0
 70
     8
 71
     3
 72
     8
 73
     4
 74
     0
 42
0.0000001
 43
0.0000000001
 40
0.0
 40
0.0
 40
0.0
 40
0.0
 40
1.0
 40
1.0
 40
1.0
 40
1.0
 10
21.08782415141968
 20
121.45156918426
 30
0.0
 10
21.00937929688007
 20
121.56753066176
 30
0.0
 10
20.90364900034001
 20
121.65279674472
 30
0.0
 10
20.7669281561798
 20
121.70833966386
 30
0.0
  0
SPLINE
  5
7E4
330
223
100
AcDbEntity
  8
RSMJ722_4_00DXF_CONTINUOUS_LINE
  6
Continuous
 62
     4
100
AcDbSpline
210
0.0
220
0.0
230
1.0
 70
     8
 71
     3
 72
     8
 73
     4
 74
     0
 42
0.0000001
 43
0.0000000001
 40
0.0
 40
0.0
 40
0.0
 40
0.0
 40
1.0
 40
1.0
 40
1.0
 40
1.0
 10
20.7669281561798
 20
121.70833966386
 30
0.0
 10
20.63079801187996
 20
121.76364260888
 30
0.0
 10
20.44150796374015
 20
121.79263311478
 30
0.0
 10
20.19764628992016
 20
121.79263311478
 30
0.0
  0
SPLINE
  5
7E5
330
223
100
AcDbEntity
  8
RSMJ722_4_00DXF_CONTINUOUS_LINE
  6
Continuous
 62
     4
100
AcDbSpline
210
0.0
220
0.0
230
1.0
 70
     8
 71
     3
 72
     8
 73
     4
 74
     0
 42
0.0000001
 43
0.0000000001
 40
0.0
 40
0.0
 40
0.0
 40
0.0
 40
1.0
 40
1.0
 40
1.0
 40
1.0
 10
20.19764628992016
 20
121.79263311478
 30
0.0
 10
19.96231284643954
 20
121.79263311478
 30
0.0
 10
19.77984276433972
 20
121.76193731892
 30
0.0
 10
19.64682781828014
 20
121.70395636808
 30
0.0
  0
SPLINE
  5
7E6
330
223
100
AcDbEntity
  8
RSMJ722_4_00DXF_CONTINUOUS_LINE
  6
Continuous
 62
     4
100
AcDbSpline
210
0.0
220
0.0
230
1.0
 70
     8
 71
     3
 72
     8
 73
     4
 74
     0
 42
0.0000001
 43
0.0000000001
 40
0.0
 40
0.0
 40
0.0
 40
0.0
 40
1.0
 40
1.0
 40
1.0
 40
1.0
 10
19.64682781828014
 20
121.70395636808
 30
0.0
 10
19.51381292809992
 20
121.6459754401
 30
0.0
 10
19.41149440273966
 20
121.56070935714
 30
0.0
 10
19.33928025709974
 20
121.45196357768
 30
0.0
  0
SPLINE
  5
7E7
330
223
100
AcDbEntity
  8
RSMJ722_4_00DXF_CONTINUOUS_LINE
  6
Continuous
 62
     4
100
AcDbSpline
210
0.0
220
0.0
230
1.0
 70
     8
 71
     3
 72
     8
 73
     4
 74
     0
 42
0.0000001
 43
0.0000000001
 40
0.0
 40
0.0
 40
0.0
 40
0.0
 40
1.0
 40
1.0
 40
1.0
 40
1.0
 10
19.33928025709974
 20
121.45196357768
 30
0.0
 10
19.26654186815995
 20
121.34242835606
 30
0.0
 10
19.2170878928996
 20
121.18894952408
 30
0.0
 10
19.18980208005996
 20
120.99454301424
 30
0.0
  0
SPLINE
  5
7E8
330
223
100
AcDbEntity
  8
RSMJ722_4_00DXF_CONTINUOUS_LINE
  6
Continuous
 62
     4
100
AcDbSpline
210
0.0
220
0.0
230
1.0
 70
     8
 71
     3
 72
     8
 73
     4
 74
     0
 42
0.0000001
 43
0.0000000001
 40
0.0
 40
0.0
 40
0.0
 40
0.0
 40
1.0
 40
1.0
 40
1.0
 40
1.0
 10
19.88557305833956
 20
120.93826743972
 30
0.0
 10
19.90433183210007
 20
121.07810365992
 30
0.0
 10
19.94184818835993
 20
121.1770122048
 30
0.0
 10
19.99854888775963
 20
121.23285367046
 30
0.0
  0
SPLINE
  5
7E9
330
223
100
AcDbEntity
  8
RSMJ722_4_00DXF_CONTINUOUS_LINE
  6
Continuous
 62
     4
100
AcDbSpline
210
0.0
220
0.0
230
1.0
 70
     8
 71
     3
 72
     8
 73
     4
 74
     0
 42
0.0000001
 43
0.0000000001
 40
0.0
 40
0.0
 40
0.0
 40
0.0
 40
1.0
 40
1.0
 40
1.0
 40
1.0
 10
19.99854888775963
 20
121.23285367046
 30
0.0
 10
20.05439963965955
 20
121.28785806896
 30
0.0
 10
20.12772884783999
 20
121.31684857486
 30
0.0
 10
20.21640506368021
 20
121.31684857486
 30
0.0
  0
SPLINE
  5
7EA
330
223
100
AcDbEntity
  8
RSMJ722_4_00DXF_CONTINUOUS_LINE
  6
Continuous
 62
     4
100
AcDbSpline
210
0.0
220
0.0
230
1.0
 70
     8
 71
     3
 72
     8
 73
     4
 74
     0
 42
0.0000001
 43
0.0000000001
 40
0.0
 40
0.0
 40
0.0
 40
0.0
 40
1.0
 40
1.0
 40
1.0
 40
1.0
 10
20.21640506368021
 20
121.31684857486
 30
0.0
 10
20.30167189085978
 20
121.31684857486
 30
0.0
 10
20.37158933293995
 20
121.28956350624
 30
0.0
 10
20.42786536466019
 20
121.23499291942
 30
0.0
  0
SPLINE
  5
7EB
330
223
100
AcDbEntity
  8
RSMJ722_4_00DXF_CONTINUOUS_LINE
  6
Continuous
 62
     4
100
AcDbSpline
210
0.0
220
0.0
230
1.0
 70
     8
 71
     3
 72
     8
 73
     4
 74
     0
 42
0.0000001
 43
0.0000000001
 40
0.0
 40
0.0
 40
0.0
 40
0.0
 40
1.0
 40
1.0
 40
1.0
 40
1.0
 10
20.42786536466019
 20
121.23499291942
 30
0.0
 10
20.48414078169981
 20
121.18042293204
 30
0.0
 10
20.51313129013988
 20
121.1156207604
 30
0.0
 10
20.51313129013988
 20
121.04058655944
 30
0.0
  0
SPLINE
  5
7EC
330
223
100
AcDbEntity
  8
RSMJ722_4_00DXF_CONTINUOUS_LINE
  6
Continuous
 62
     4
100
AcDbSpline
210
0.0
220
0.0
230
1.0
 70
     8
 71
     3
 72
     8
 73
     4
 74
     0
 42
0.0000001
 43
0.0000000001
 40
0.0
 40
0.0
 40
0.0
 40
0.0
 40
1.0
 40
1.0
 40
1.0
 40
1.0
 10
20.51313129013988
 20
121.04058655944
 30
0.0
 10
20.51313129013988
 20
120.96896323558
 30
0.0
 10
20.48414078169981
 20
120.89563432204
 30
0.0
 10
20.42730977521978
 20
120.81759752866
 30
0.0
  0
SPLINE
  5
7ED
330
223
100
AcDbEntity
  8
RSMJ722_4_00DXF_CONTINUOUS_LINE
  6
Continuous
 62
     4
100
AcDbSpline
210
0.0
220
0.0
230
1.0
 70
     8
 71
     3
 72
     8
 73
     4
 74
     0
 42
0.0000001
 43
0.0000000001
 40
0.0
 40
0.0
 40
0.0
 40
0.0
 40
1.0
 40
1.0
 40
1.0
 40
1.0
 10
20.42730977521978
 20
120.81759752866
 30
0.0
 10
20.36988463987973
 20
120.73874491268
 30
0.0
 10
20.24028029914007
 20
120.62278303386
 30
0.0
 10
20.03736500520017
 20
120.47269017936
 30
0.0
  0
SPLINE
  5
7EE
330
223
100
AcDbEntity
  8
RSMJ722_4_00DXF_CONTINUOUS_LINE
  6
Continuous
 62
     4
100
AcDbSpline
210
0.0
220
0.0
230
1.0
 70
     8
 71
     3
 72
     8
 73
     4
 74
     0
 42
0.0000001
 43
0.0000000001
 40
0.0
 40
0.0
 40
0.0
 40
0.0
 40
1.0
 40
1.0
 40
1.0
 40
1.0
 10
20.03736500520017
 20
120.47269017936
 30
0.0
 10
19.70310416749953
 20
120.22544334848
 30
0.0
 10
19.47629657184007
 20
120.01057299844
 30
0.0
 10
19.35521848531971
 20
119.82980871684
 30
0.0
  0
SPLINE
  5
7EF
330
223
100
AcDbEntity
  8
RSMJ722_4_00DXF_CONTINUOUS_LINE
  6
Continuous
 62
     4
100
AcDbSpline
210
0.0
220
0.0
230
1.0
 70
     8
 71
     3
 72
     8
 73
     4
 74
     0
 42
0.0000001
 43
0.0000000001
 40
0.0
 40
0.0
 40
0.0
 40
0.0
 40
1.0
 40
1.0
 40
1.0
 40
1.0
 10
19.35521848531971
 20
119.82980871684
 30
0.0
 10
19.23414078234009
 20
119.64904501182
 30
0.0
 10
19.16251745847967
 20
119.45463846642
 30
0.0
 10
19.13864222048005
 20
119.24999999838
 30
0.0
  0
LINE
  5
7F0
330
223
100
AcDbEntity
  8
RSMJ722_4_00DXF_CONTINUOUS_LINE
  6
Continuous
 62
     4
100
AcDbLine
 10
22.46742811813965
 20
119.81616645304
 30
0.0
 11
22.63325784235985
 21
119.96741929252
 31
0.0
  0
LINE
  5
7F1
330
223
100
AcDbEntity
  8
RSMJ722_4_00DXF_CONTINUOUS_LINE
  6
Continuous
 62
     4
100
AcDbLine
 10
22.63325784235985
 20
119.96741929252
 30
0.0
 11
22.91390133237974
 21
120.1713304976
 31
0.0
  0
SPLINE
  5
7F2
330
223
100
AcDbEntity
  8
RSMJ722_4_00DXF_CONTINUOUS_LINE
  6
Continuous
 62
     4
100
AcDbSpline
210
0.0
220
0.0
230
1.0
 70
     8
 71
     3
 72
     8
 73
     4
 74
     0
 42
0.0000001
 43
0.0000000001
 40
0.0
 40
0.0
 40
0.0
 40
0.0
 40
1.0
 40
1.0
 40
1.0
 40
1.0
 10
22.91390133237974
 20
120.1713304976
 30
0.0
 10
23.1495567843599
 20
120.3362892101
 30
0.0
 10
23.31156220837966
 20
120.48806275212
 30
0.0
 10
23.40062514429974
 20
120.62765154584
 30
0.0
  0
SPLINE
  5
7F3
330
223
100
AcDbEntity
  8
RSMJ722_4_00DXF_CONTINUOUS_LINE
  6
Continuous
 62
     4
100
AcDbSpline
210
0.0
220
0.0
230
1.0
 70
     8
 71
     3
 72
     8
 73
     4
 74
     0
 42
0.0000001
 43
0.0000000001
 40
0.0
 40
0.0
 40
0.0
 40
0.0
 40
1.0
 40
1.0
 40
1.0
 40
1.0
 10
23.40062514429974
 20
120.62765154584
 30
0.0
 10
23.48891582877968
 20
120.76602998384
 30
0.0
 10
23.53495922665979
 20
120.91098222124
 30
0.0
 10
23.53495922665979
 20
121.06446105068
 30
0.0
  0
SPLINE
  5
7F4
330
223
100
AcDbEntity
  8
RSMJ722_4_00DXF_CONTINUOUS_LINE
  6
Continuous
 62
     4
100
AcDbSpline
210
0.0
220
0.0
230
1.0
 70
     8
 71
     3
 72
     8
 73
     4
 74
     0
 42
0.0000001
 43
0.0000000001
 40
0.0
 40
0.0
 40
0.0
 40
0.0
 40
1.0
 40
1.0
 40
1.0
 40
1.0
 10
23.53495922665979
 20
121.06446105068
 30
0.0
 10
23.53495922665979
 20
121.20770800066
 30
0.0
 10
23.49573698607992
 20
121.33560705144
 30
0.0
 10
23.41729206041964
 20
121.45156863054
 30
0.0
  0
SPLINE
  5
7F5
330
223
100
AcDbEntity
  8
RSMJ722_4_00DXF_CONTINUOUS_LINE
  6
Continuous
 62
     4
100
AcDbSpline
210
0.0
220
0.0
230
1.0
 70
     8
 71
     3
 72
     8
 73
     4
 74
     0
 42
0.0000001
 43
0.0000000001
 40
0.0
 40
0.0
 40
0.0
 40
0.0
 40
1.0
 40
1.0
 40
1.0
 40
1.0
 10
23.41729206041964
 20
121.45156863054
 30
0.0
 10
23.33884683250017
 20
121.56753066176
 30
0.0
 10
23.23311772975967
 20
121.65279674472
 30
0.0
 10
23.0963968830597
 20
121.70833966386
 30
0.0
  0
SPLINE
  5
7F6
330
223
100
AcDbEntity
  8
RSMJ722_4_00DXF_CONTINUOUS_LINE
  6
Continuous
 62
     4
100
AcDbSpline
210
0.0
220
0.0
230
1.0
 70
     8
 71
     3
 72
     8
 73
     4
 74
     0
 42
0.0000001
 43
0.0000000001
 40
0.0
 40
0.0
 40
0.0
 40
0.0
 40
1.0
 40
1.0
 40
1.0
 40
1.0
 10
23.0963968830597
 20
121.70833966386
 30
0.0
 10
22.96026673875986
 20
121.76364260888
 30
0.0
 10
22.77097549935979
 20
121.79263311478
 30
0.0
 10
22.5271150167996
 20
121.79263311478
 30
0.0
  0
SPLINE
  5
7F7
330
223
100
AcDbEntity
  8
RSMJ722_4_00DXF_CONTINUOUS_LINE
  6
Continuous
 62
     4
100
AcDbSpline
210
0.0
220
0.0
230
1.0
 70
     8
 71
     3
 72
     8
 73
     4
 74
     0
 42
0.0000001
 43
0.0000000001
 40
0.0
 40
0.0
 40
0.0
 40
0.0
 40
1.0
 40
1.0
 40
1.0
 40
1.0
 10
22.5271150167996
 20
121.79263311478
 30
0.0
 10
22.2917803820601
 20
121.79263311478
 30
0.0
 10
22.10931149122007
 20
121.76193731892
 30
0.0
 10
21.97629654515958
 20
121.70395636808
 30
0.0
  0
SPLINE
  5
7F8
330
223
100
AcDbEntity
  8
RSMJ722_4_00DXF_CONTINUOUS_LINE
  6
Continuous
 62
     4
100
AcDbSpline
210
0.0
220
0.0
230
1.0
 70
     8
 71
     3
 72
     8
 73
     4
 74
     0
 42
0.0000001
 43
0.0000000001
 40
0.0
 40
0.0
 40
0.0
 40
0.0
 40
1.0
 40
1.0
 40
1.0
 40
1.0
 10
21.97629654515958
 20
121.70395636808
 30
0.0
 10
21.84328165497982
 20
121.6459754401
 30
0.0
 10
21.74096193835976
 20
121.56070935714
 30
0.0
 10
21.66874779018008
 20
121.45196357768
 30
0.0
  0
SPLINE
  5
7F9
330
223
100
AcDbEntity
  8
RSMJ722_4_00DXF_CONTINUOUS_LINE
  6
Continuous
 62
     4
100
AcDbSpline
210
0.0
220
0.0
230
1.0
 70
     8
 71
     3
 72
     8
 73
     4
 74
     0
 42
0.0000001
 43
0.0000000001
 40
0.0
 40
0.0
 40
0.0
 40
0.0
 40
1.0
 40
1.0
 40
1.0
 40
1.0
 10
21.66874779018008
 20
121.45196357768
 30
0.0
 10
21.59600940377959
 20
121.34242835606
 30
0.0
 10
21.5465554285197
 20
121.18894952408
 30
0.0
 10
21.51927080693986
 20
120.99454301424
 30
0.0
  0
SPLINE
  5
7FA
330
223
100
AcDbEntity
  8
RSMJ722_4_00DXF_CONTINUOUS_LINE
  6
Continuous
 62
     4
100
AcDbSpline
210
0.0
220
0.0
230
1.0
 70
     8
 71
     3
 72
     8
 73
     4
 74
     0
 42
0.0000001
 43
0.0000000001
 40
0.0
 40
0.0
 40
0.0
 40
0.0
 40
1.0
 40
1.0
 40
1.0
 40
1.0
 10
22.21504059395966
 20
120.93826743972
 30
0.0
 10
22.23379936771971
 20
121.07810365992
 30
0.0
 10
22.27131691523982
 20
121.1770122048
 30
0.0
 10
22.32801700503978
 20
121.23285306848
 30
0.0
  0
SPLINE
  5
7FB
330
223
100
AcDbEntity
  8
RSMJ722_4_00DXF_CONTINUOUS_LINE
  6
Continuous
 62
     4
100
AcDbSpline
210
0.0
220
0.0
230
1.0
 70
     8
 71
     3
 72
     8
 73
     4
 74
     0
 42
0.0000001
 43
0.0000000001
 40
0.0
 40
0.0
 40
0.0
 40
0.0
 40
1.0
 40
1.0
 40
1.0
 40
1.0
 10
22.32801700503978
 20
121.23285306848
 30
0.0
 10
22.3838683665399
 20
121.28785806896
 30
0.0
 10
22.45719638345963
 20
121.31684857486
 30
0.0
 10
22.54587379055965
 20
121.31684857486
 30
0.0
  0
SPLINE
  5
7FC
330
223
100
AcDbEntity
  8
RSMJ722_4_00DXF_CONTINUOUS_LINE
  6
Continuous
 62
     4
100
AcDbSpline
210
0.0
220
0.0
230
1.0
 70
     8
 71
     3
 72
     8
 73
     4
 74
     0
 42
0.0000001
 43
0.0000000001
 40
0.0
 40
0.0
 40
0.0
 40
0.0
 40
1.0
 40
1.0
 40
1.0
 40
1.0
 10
22.54587379055965
 20
121.31684857486
 30
0.0
 10
22.63113942647988
 20
121.31684857486
 30
0.0
 10
22.70105686601983
 20
121.28956350624
 30
0.0
 10
22.75733290027983
 20
121.23499291942
 30
0.0
  0
SPLINE
  5
7FD
330
223
100
AcDbEntity
  8
RSMJ722_4_00DXF_CONTINUOUS_LINE
  6
Continuous
 62
     4
100
AcDbSpline
210
0.0
220
0.0
230
1.0
 70
     8
 71
     3
 72
     8
 73
     4
 74
     0
 42
0.0000001
 43
0.0000000001
 40
0.0
 40
0.0
 40
0.0
 40
0.0
 40
1.0
 40
1.0
 40
1.0
 40
1.0
 10
22.75733290027983
 20
121.23499291942
 30
0.0
 10
22.8136083173199
 20
121.18042293204
 30
0.0
 10
22.84259882575998
 20
121.1156207604
 30
0.0
 10
22.84259882575998
 20
121.04058655944
 30
0.0
  0
SPLINE
  5
7FE
330
223
100
AcDbEntity
  8
RSMJ722_4_00DXF_CONTINUOUS_LINE
  6
Continuous
 62
     4
100
AcDbSpline
210
0.0
220
0.0
230
1.0
 70
     8
 71
     3
 72
     8
 73
     4
 74
     0
 42
0.0000001
 43
0.0000000001
 40
0.0
 40
0.0
 40
0.0
 40
0.0
 40
1.0
 40
1.0
 40
1.0
 40
1.0
 10
22.84259882575998
 20
121.04058655944
 30
0.0
 10
22.84259882575998
 20
120.96896323558
 30
0.0
 10
22.8136083173199
 20
120.89563432204
 30
0.0
 10
22.75677731083988
 20
120.81759752866
 30
0.0
  0
SPLINE
  5
7FF
330
223
100
AcDbEntity
  8
RSMJ722_4_00DXF_CONTINUOUS_LINE
  6
Continuous
 62
     4
100
AcDbSpline
210
0.0
220
0.0
230
1.0
 70
     8
 71
     3
 72
     8
 73
     4
 74
     0
 42
0.0000001
 43
0.0000000001
 40
0.0
 40
0.0
 40
0.0
 40
0.0
 40
1.0
 40
1.0
 40
1.0
 40
1.0
 10
22.75677731083988
 20
120.81759752866
 30
0.0
 10
22.69935217296006
 20
120.73874491268
 30
0.0
 10
22.56974783475971
 20
120.62278303386
 30
0.0
 10
22.3668325382796
 20
120.47269017936
 30
0.0
  0
SPLINE
  5
800
330
223
100
AcDbEntity
  8
RSMJ722_4_00DXF_CONTINUOUS_LINE
  6
Continuous
 62
     4
100
AcDbSpline
210
0.0
220
0.0
230
1.0
 70
     8
 71
     3
 72
     8
 73
     4
 74
     0
 42
0.0000001
 43
0.0000000001
 40
0.0
 40
0.0
 40
0.0
 40
0.0
 40
1.0
 40
1.0
 40
1.0
 40
1.0
 10
22.3668325382796
 20
120.47269017936
 30
0.0
 10
22.03257170312008
 20
120.22544334848
 30
0.0
 10
21.80576410745971
 20
120.01057299844
 30
0.0
 10
21.68468638923969
 20
119.82980926802
 30
0.0
  0
SPLINE
  5
801
330
223
100
AcDbEntity
  8
RSMJ722_4_00DXF_CONTINUOUS_LINE
  6
Continuous
 62
     4
100
AcDbSpline
210
0.0
220
0.0
230
1.0
 70
     8
 71
     3
 72
     8
 73
     4
 74
     0
 42
0.0000001
 43
0.0000000001
 40
0.0
 40
0.0
 40
0.0
 40
0.0
 40
1.0
 40
1.0
 40
1.0
 40
1.0
 10
21.68468638923969
 20
119.82980926802
 30
0.0
 10
21.56360831795973
 20
119.64904501182
 30
0.0
 10
21.49198499156
 20
119.45463846642
 30
0.0
 10
21.46811094735995
 20
119.24999999838
 30
0.0
  0
SPLINE
  5
802
330
223
100
AcDbEntity
  8
RSMJ722_4_00DXF_CONTINUOUS_LINE
  6
Continuous
 62
     4
100
AcDbSpline
210
0.0
220
0.0
230
1.0
 70
     8
 71
     3
 72
     8
 73
     4
 74
     0
 42
0.0000001
 43
0.0000000001
 40
0.0
 40
0.0
 40
0.0
 40
0.0
 40
1.0
 40
1.0
 40
1.0
 40
1.0
 10
26.25729197604005
 20
65.94113231864
 30
0.0
 10
26.24092084545964
 20
65.86500682699997
 30
0.0
 10
26.21390856775997
 20
65.80688950864004
 30
0.0
 10
26.1780963584597
 20
65.76741465489997
 30
0.0
  0
SPLINE
  5
803
330
223
100
AcDbEntity
  8
RSMJ722_4_00DXF_CONTINUOUS_LINE
  6
Continuous
 62
     4
100
AcDbSpline
210
0.0
220
0.0
230
1.0
 70
     8
 71
     3
 72
     8
 73
     4
 74
     0
 42
0.0000001
 43
0.0000000001
 40
0.0
 40
0.0
 40
0.0
 40
0.0
 40
1.0
 40
1.0
 40
1.0
 40
1.0
 10
26.1780963584597
 20
65.76741465489997
 30
0.0
 10
26.1418758771797
 20
65.72748977411999
 30
0.0
 10
26.08785132432013
 20
65.70784447178002
 30
0.0
 10
26.01745564087969
 20
65.70784447178002
 30
0.0
  0
SPLINE
  5
804
330
223
100
AcDbEntity
  8
RSMJ722_4_00DXF_CONTINUOUS_LINE
  6
Continuous
 62
     4
100
AcDbSpline
210
0.0
220
0.0
230
1.0
 70
     8
 71
     3
 72
     8
 73
     4
 74
     0
 42
0.0000001
 43
0.0000000001
 40
0.0
 40
0.0
 40
0.0
 40
0.0
 40
1.0
 40
1.0
 40
1.0
 40
1.0
 10
26.01745564087969
 20
65.70784447178002
 30
0.0
 10
25.94378580092007
 20
65.70784447178002
 30
0.0
 10
25.88730559637997
 20
65.73240109526003
 30
0.0
 10
25.84695343425983
 20
65.78131281099999
 30
0.0
  0
SPLINE
  5
805
330
223
100
AcDbEntity
  8
RSMJ722_4_00DXF_CONTINUOUS_LINE
  6
Continuous
 62
     4
100
AcDbSpline
210
0.0
220
0.0
230
1.0
 70
     8
 71
     3
 72
     8
 73
     4
 74
     0
 42
0.0000001
 43
0.0000000001
 40
0.0
 40
0.0
 40
0.0
 40
0.0
 40
1.0
 40
1.0
 40
1.0
 40
1.0
 10
25.84695343425983
 20
65.78131281099999
 30
0.0
 10
25.80626876581982
 20
65.83062755870003
 30
0.0
 10
25.78662348125999
 20
65.9223056075
 30
0.0
 10
25.78662348125999
 20
66.05491130368003
 30
0.0
  0
SPLINE
  5
806
330
223
100
AcDbEntity
  8
RSMJ722_4_00DXF_CONTINUOUS_LINE
  6
Continuous
 62
     4
100
AcDbSpline
210
0.0
220
0.0
230
1.0
 70
     8
 71
     3
 72
     8
 73
     4
 74
     0
 42
0.0000001
 43
0.0000000001
 40
0.0
 40
0.0
 40
0.0
 40
0.0
 40
1.0
 40
1.0
 40
1.0
 40
1.0
 10
25.78662348125999
 20
66.05491130368003
 30
0.0
 10
25.78662348125999
 20
66.16214187154
 30
0.0
 10
25.80299454072019
 20
66.24072308343997
 30
0.0
 10
25.83699530329977
 20
66.29172420571999
 30
0.0
  0
SPLINE
  5
807
330
223
100
AcDbEntity
  8
RSMJ722_4_00DXF_CONTINUOUS_LINE
  6
Continuous
 62
     4
100
AcDbSpline
210
0.0
220
0.0
230
1.0
 70
     8
 71
     3
 72
     8
 73
     4
 74
     0
 42
0.0000001
 43
0.0000000001
 40
0.0
 40
0.0
 40
0.0
 40
0.0
 40
1.0
 40
1.0
 40
1.0
 40
1.0
 10
25.83699530329977
 20
66.29172420571999
 30
0.0
 10
25.88157571959982
 20
66.35859479841997
 30
0.0
 10
25.94624148816001
 20
66.39297406672003
 30
0.0
 10
26.03055254636001
 20
66.39297406672003
 30
0.0
  0
SPLINE
  5
808
330
223
100
AcDbEntity
  8
RSMJ722_4_00DXF_CONTINUOUS_LINE
  6
Continuous
 62
     4
100
AcDbSpline
210
0.0
220
0.0
230
1.0
 70
     8
 71
     3
 72
     8
 73
     4
 74
     0
 42
0.0000001
 43
0.0000000001
 40
0.0
 40
0.0
 40
0.0
 40
0.0
 40
1.0
 40
1.0
 40
1.0
 40
1.0
 10
26.03055254636001
 20
66.39297406672003
 30
0.0
 10
26.06738742823973
 20
66.39297406672003
 30
0.0
 10
26.10094815867978
 20
66.38478853571999
 30
0.0
 10
26.13098192131974
 20
66.36956594741997
 30
0.0
  0
SPLINE
  5
809
330
223
100
AcDbEntity
  8
RSMJ722_4_00DXF_CONTINUOUS_LINE
  6
Continuous
 62
     4
100
AcDbSpline
210
0.0
220
0.0
230
1.0
 70
     8
 71
     3
 72
     8
 73
     4
 74
     0
 42
0.0000001
 43
0.0000000001
 40
0.0
 40
0.0
 40
0.0
 40
0.0
 40
1.0
 40
1.0
 40
1.0
 40
1.0
 10
26.13098192131974
 20
66.36956594741997
 30
0.0
 10
26.16070262387984
 20
66.35450203292001
 30
0.0
 10
26.18607775220016
 20
66.33240106112001
 30
0.0
 10
26.2070131713399
 20
66.30431700756003
 30
0.0
  0
SPLINE
  5
80A
330
223
100
AcDbEntity
  8
RSMJ722_4_00DXF_CONTINUOUS_LINE
  6
Continuous
 62
     4
100
AcDbSpline
210
0.0
220
0.0
230
1.0
 70
     8
 71
     3
 72
     8
 73
     4
 74
     0
 42
0.0000001
 43
0.0000000001
 40
0.0
 40
0.0
 40
0.0
 40
0.0
 40
1.0
 40
1.0
 40
1.0
 40
1.0
 10
26.2070131713399
 20
66.30431700756003
 30
0.0
 10
26.21963848263977
 20
66.28738064570004
 30
0.0
 10
26.23191677659997
 20
66.26036837054002
 30
0.0
 10
26.24337653269959
 20
66.22435195286002
 30
0.0
  0
SPLINE
  5
80B
330
223
100
AcDbEntity
  8
RSMJ722_4_00DXF_CONTINUOUS_LINE
  6
Continuous
 62
     4
100
AcDbSpline
210
0.0
220
0.0
230
1.0
 70
     8
 71
     3
 72
     8
 73
     4
 74
     0
 42
0.0000001
 43
0.0000000001
 40
0.0
 40
0.0
 40
0.0
 40
0.0
 40
1.0
 40
1.0
 40
1.0
 40
1.0
 10
26.57079814861982
 20
66.29720325496001
 30
0.0
 10
26.52823328073964
 20
66.42326056952001
 30
0.0
 10
26.46438605004005
 20
66.51739430302001
 30
0.0
 10
26.37742727551995
 20
66.57851153156003
 30
0.0
  0
SPLINE
  5
80C
330
223
100
AcDbEntity
  8
RSMJ722_4_00DXF_CONTINUOUS_LINE
  6
Continuous
 62
     4
100
AcDbSpline
210
0.0
220
0.0
230
1.0
 70
     8
 71
     3
 72
     8
 73
     4
 74
     0
 42
0.0000001
 43
0.0000000001
 40
0.0
 40
0.0
 40
0.0
 40
0.0
 40
1.0
 40
1.0
 40
1.0
 40
1.0
 10
26.37742727551995
 20
66.57851153156003
 30
0.0
 10
26.29085263282013
 20
66.63935878096001
 30
0.0
 10
26.17216237997991
 20
66.67046389528002
 30
0.0
 10
26.02154840638013
 20
66.67046389528002
 30
0.0
  0
SPLINE
  5
80D
330
223
100
AcDbEntity
  8
RSMJ722_4_00DXF_CONTINUOUS_LINE
  6
Continuous
 62
     4
100
AcDbSpline
210
0.0
220
0.0
230
1.0
 70
     8
 71
     3
 72
     8
 73
     4
 74
     0
 42
0.0000001
 43
0.0000000001
 40
0.0
 40
0.0
 40
0.0
 40
0.0
 40
1.0
 40
1.0
 40
1.0
 40
1.0
 10
26.02154840638013
 20
66.67046389528002
 30
0.0
 10
25.82836970459994
 20
66.67046389528002
 30
0.0
 10
25.67857433743984
 20
66.61643927130001
 30
0.0
 10
25.57298091387975
 20
66.51002729972004
 30
0.0
  0
SPLINE
  5
80E
330
223
100
AcDbEntity
  8
RSMJ722_4_00DXF_CONTINUOUS_LINE
  6
Continuous
 62
     4
100
AcDbSpline
210
0.0
220
0.0
230
1.0
 70
     8
 71
     3
 72
     8
 73
     4
 74
     0
 42
0.0000001
 43
0.0000000001
 40
0.0
 40
0.0
 40
0.0
 40
0.0
 40
1.0
 40
1.0
 40
1.0
 40
1.0
 10
25.57298091387975
 20
66.51002729972004
 30
0.0
 10
25.46738744713957
 20
66.40361528242002
 30
0.0
 10
25.41499999793996
 20
66.25136423056003
 30
0.0
 10
25.41499999793996
 20
66.05245568756004
 30
0.0
  0
SPLINE
  5
80F
330
223
100
AcDbEntity
  8
RSMJ722_4_00DXF_CONTINUOUS_LINE
  6
Continuous
 62
     4
100
AcDbSpline
210
0.0
220
0.0
230
1.0
 70
     8
 71
     3
 72
     8
 73
     4
 74
     0
 42
0.0000001
 43
0.0000000001
 40
0.0
 40
0.0
 40
0.0
 40
0.0
 40
1.0
 40
1.0
 40
1.0
 40
1.0
 10
25.41499999793996
 20
66.05245568756004
 30
0.0
 10
25.41499999793996
 20
65.90347886079999
 30
0.0
 10
25.44446793493989
 20
65.78151430920002
 30
0.0
 10
25.5049328279797
 20
65.68567540512004
 30
0.0
  0
SPLINE
  5
810
330
223
100
AcDbEntity
  8
RSMJ722_4_00DXF_CONTINUOUS_LINE
  6
Continuous
 62
     4
100
AcDbSpline
210
0.0
220
0.0
230
1.0
 70
     8
 71
     3
 72
     8
 73
     4
 74
     0
 42
0.0000001
 43
0.0000000001
 40
0.0
 40
0.0
 40
0.0
 40
0.0
 40
1.0
 40
1.0
 40
1.0
 40
1.0
 10
25.5049328279797
 20
65.68567540512004
 30
0.0
 10
25.56479535494009
 20
65.59079126926002
 30
0.0
 10
25.63600954067988
 20
65.52366984647998
 30
0.0
 10
25.71883605269977
 20
65.48635691374
 30
0.0
  0
SPLINE
  5
811
330
223
100
AcDbEntity
  8
RSMJ722_4_00DXF_CONTINUOUS_LINE
  6
Continuous
 62
     4
100
AcDbSpline
210
0.0
220
0.0
230
1.0
 70
     8
 71
     3
 72
     8
 73
     4
 74
     0
 42
0.0000001
 43
0.0000000001
 40
0.0
 40
0.0
 40
0.0
 40
0.0
 40
1.0
 40
1.0
 40
1.0
 40
1.0
 10
25.71883605269977
 20
65.48635691374
 30
0.0
 10
25.80135742689981
 20
65.44918144580001
 30
0.0
 10
25.90776945689959
 20
65.42953615362003
 30
0.0
 10
26.03873807481978
 20
65.42953615362003
 30
0.0
  0
SPLINE
  5
812
330
223
100
AcDbEntity
  8
RSMJ722_4_00DXF_CONTINUOUS_LINE
  6
Continuous
 62
     4
100
AcDbSpline
210
0.0
220
0.0
230
1.0
 70
     8
 71
     3
 72
     8
 73
     4
 74
     0
 42
0.0000001
 43
0.0000000001
 40
0.0
 40
0.0
 40
0.0
 40
0.0
 40
1.0
 40
1.0
 40
1.0
 40
1.0
 10
26.03873807481978
 20
65.42953615362003
 30
0.0
 10
26.14596864267969
 20
65.42953615362003
 30
0.0
 10
26.23437246383992
 20
65.44508867522
 30
0.0
 10
26.3039495383
 20
65.47619372349999
 30
0.0
  0
SPLINE
  5
813
330
223
100
AcDbEntity
  8
RSMJ722_4_00DXF_CONTINUOUS_LINE
  6
Continuous
 62
     4
100
AcDbSpline
210
0.0
220
0.0
230
1.0
 70
     8
 71
     3
 72
     8
 73
     4
 74
     0
 42
0.0000001
 43
0.0000000001
 40
0.0
 40
0.0
 40
0.0
 40
0.0
 40
1.0
 40
1.0
 40
1.0
 40
1.0
 10
26.3039495383
 20
65.47619372349999
 30
0.0
 10
26.37352661275963
 20
65.50729876924001
 30
0.0
 10
26.43164393112011
 20
65.55313779364002
 30
0.0
 10
26.47906148423999
 20
65.61457447036
 30
0.0
  0
SPLINE
  5
814
330
223
100
AcDbEntity
  8
RSMJ722_4_00DXF_CONTINUOUS_LINE
  6
Continuous
 62
     4
100
AcDbSpline
210
0.0
220
0.0
230
1.0
 70
     8
 71
     3
 72
     8
 73
     4
 74
     0
 42
0.0000001
 43
0.0000000001
 40
0.0
 40
0.0
 40
0.0
 40
0.0
 40
1.0
 40
1.0
 40
1.0
 40
1.0
 10
26.47906148423999
 20
65.61457447036
 30
0.0
 10
26.5257775934997
 20
65.67510231730003
 30
0.0
 10
26.5601568617999
 20
65.75122784196
 30
0.0
 10
26.58225783360012
 20
65.84290585520003
 30
0.0
  0
SPLINE
  5
815
330
223
100
AcDbEntity
  8
RSMJ722_4_00DXF_CONTINUOUS_LINE
  6
Continuous
 62
     4
100
AcDbSpline
210
0.0
220
0.0
230
1.0
 70
     8
 71
     3
 72
     8
 73
     4
 74
     0
 42
0.0000001
 43
0.0000000001
 40
0.0
 40
0.0
 40
0.0
 40
0.0
 40
1.0
 40
1.0
 40
1.0
 40
1.0
 10
26.71568206763959
 20
66.04918145992002
 30
0.0
 10
26.71568206763959
 20
65.90839016416001
 30
0.0
 10
26.74269441645993
 20
65.79215552743997
 30
0.0
 10
26.79805272586009
 20
65.69866145230003
 30
0.0
  0
SPLINE
  5
816
330
223
100
AcDbEntity
  8
RSMJ722_4_00DXF_CONTINUOUS_LINE
  6
Continuous
 62
     4
100
AcDbSpline
210
0.0
220
0.0
230
1.0
 70
     8
 71
     3
 72
     8
 73
     4
 74
     0
 42
0.0000001
 43
0.0000000001
 40
0.0
 40
0.0
 40
0.0
 40
0.0
 40
1.0
 40
1.0
 40
1.0
 40
1.0
 10
26.79805272586009
 20
65.69866145230003
 30
0.0
 10
26.85319913829971
 20
65.60552524283997
 30
0.0
 10
26.92523197111996
 20
65.53676670624
 30
0.0
 10
27.01347418985961
 20
65.49387118624003
 30
0.0
  0
SPLINE
  5
817
330
223
100
AcDbEntity
  8
RSMJ722_4_00DXF_CONTINUOUS_LINE
  6
Continuous
 62
     4
100
AcDbSpline
210
0.0
220
0.0
230
1.0
 70
     8
 71
     3
 72
     8
 73
     4
 74
     0
 42
0.0000001
 43
0.0000000001
 40
0.0
 40
0.0
 40
0.0
 40
0.0
 40
1.0
 40
1.0
 40
1.0
 40
1.0
 10
27.01347418985961
 20
65.49387118624003
 30
0.0
 10
27.1020396134395
 20
65.45081855199999
 30
0.0
 10
27.21418141353979
 20
65.42953615362003
 30
0.0
 10
27.35006140847963
 20
65.42953615362003
 30
0.0
  0
SPLINE
  5
818
330
223
100
AcDbEntity
  8
RSMJ722_4_00DXF_CONTINUOUS_LINE
  6
Continuous
 62
     4
100
AcDbSpline
210
0.0
220
0.0
230
1.0
 70
     8
 71
     3
 72
     8
 73
     4
 74
     0
 42
0.0000001
 43
0.0000000001
 40
0.0
 40
0.0
 40
0.0
 40
0.0
 40
1.0
 40
1.0
 40
1.0
 40
1.0
 10
27.35006140847963
 20
65.42953615362003
 30
0.0
 10
27.48266710465987
 20
65.42953615362003
 30
0.0
 10
27.59399050659977
 20
65.45409276947998
 30
0.0
 10
27.68321279703969
 20
65.5040245543
 30
0.0
  0
SPLINE
  5
819
330
223
100
AcDbEntity
  8
RSMJ722_4_00DXF_CONTINUOUS_LINE
  6
Continuous
 62
     4
100
AcDbSpline
210
0.0
220
0.0
230
1.0
 70
     8
 71
     3
 72
     8
 73
     4
 74
     0
 42
0.0000001
 43
0.0000000001
 40
0.0
 40
0.0
 40
0.0
 40
0.0
 40
1.0
 40
1.0
 40
1.0
 40
1.0
 10
27.68321279703969
 20
65.5040245543
 30
0.0
 10
27.77243508493984
 20
65.55395634166001
 30
0.0
 10
27.84037522337985
 20
65.62353341612001
 30
0.0
 10
27.88785132349994
 20
65.71357434856003
 30
0.0
  0
SPLINE
  5
81A
330
223
100
AcDbEntity
  8
RSMJ722_4_00DXF_CONTINUOUS_LINE
  6
Continuous
 62
     4
100
AcDbSpline
210
0.0
220
0.0
230
1.0
 70
     8
 71
     3
 72
     8
 73
     4
 74
     0
 42
0.0000001
 43
0.0000000001
 40
0.0
 40
0.0
 40
0.0
 40
0.0
 40
1.0
 40
1.0
 40
1.0
 40
1.0
 10
27.88785132349994
 20
65.71357434856003
 30
0.0
 10
27.9353274261598
 20
65.80361528353998
 30
0.0
 10
27.95906561845959
 20
65.91821280644001
 30
0.0
 10
27.95906561845959
 20
66.05900406664
 30
0.0
  0
SPLINE
  5
81B
330
223
100
AcDbEntity
  8
RSMJ722_4_00DXF_CONTINUOUS_LINE
  6
Continuous
 62
     4
100
AcDbSpline
210
0.0
220
0.0
230
1.0
 70
     8
 71
     3
 72
     8
 73
     4
 74
     0
 42
0.0000001
 43
0.0000000001
 40
0.0
 40
0.0
 40
0.0
 40
0.0
 40
1.0
 40
1.0
 40
1.0
 40
1.0
 10
27.95906561845959
 20
66.05900406664
 30
0.0
 10
27.95906561845959
 20
66.25218283953998
 30
0.0
 10
27.90504092336005
 20
66.40197820670002
 30
0.0
 10
27.79699183287994
 20
66.50920872122
 30
0.0
  0
SPLINE
  5
81C
330
223
100
AcDbEntity
  8
RSMJ722_4_00DXF_CONTINUOUS_LINE
  6
Continuous
 62
     4
100
AcDbSpline
210
0.0
220
0.0
230
1.0
 70
     8
 71
     3
 72
     8
 73
     4
 74
     0
 42
0.0000001
 43
0.0000000001
 40
0.0
 40
0.0
 40
0.0
 40
0.0
 40
1.0
 40
1.0
 40
1.0
 40
1.0
 10
27.79699183287994
 20
66.50920872122
 30
0.0
 10
27.68894270938017
 20
66.61643927130001
 30
0.0
 10
27.53505457925985
 20
66.67046389528002
 30
0.0
 10
27.33532742473972
 20
66.67046389528002
 30
0.0
  0
SPLINE
  5
81D
330
223
100
AcDbEntity
  8
RSMJ722_4_00DXF_CONTINUOUS_LINE
  6
Continuous
 62
     4
100
AcDbSpline
210
0.0
220
0.0
230
1.0
 70
     8
 71
     3
 72
     8
 73
     4
 74
     0
 42
0.0000001
 43
0.0000000001
 40
0.0
 40
0.0
 40
0.0
 40
0.0
 40
1.0
 40
1.0
 40
1.0
 40
1.0
 10
27.33532742473972
 20
66.67046389528002
 30
0.0
 10
27.14051164724015
 20
66.67046389528002
 30
0.0
 10
26.98826059284011
 20
66.61562073090002
 30
0.0
 10
26.87939293147974
 20
66.50675310510002
 30
0.0
  0
SPLINE
  5
81E
330
223
100
AcDbEntity
  8
RSMJ722_4_00DXF_CONTINUOUS_LINE
  6
Continuous
 62
     4
100
AcDbSpline
210
0.0
220
0.0
230
1.0
 70
     8
 71
     3
 72
     8
 73
     4
 74
     0
 42
0.0000001
 43
0.0000000001
 40
0.0
 40
0.0
 40
0.0
 40
0.0
 40
1.0
 40
1.0
 40
1.0
 40
1.0
 10
26.87939293147974
 20
66.50675310510002
 30
0.0
 10
26.76970662303984
 20
66.39706682968
 30
0.0
 10
26.71568206763959
 20
66.24481584894
 30
0.0
 10
26.71568206763959
 20
66.04918145992002
 30
0.0
  0
SPLINE
  5
81F
330
223
100
AcDbEntity
  8
RSMJ722_4_00DXF_CONTINUOUS_LINE
  6
Continuous
 62
     4
100
AcDbSpline
210
0.0
220
0.0
230
1.0
 70
     8
 71
     3
 72
     8
 73
     4
 74
     0
 42
0.0000001
 43
0.0000000001
 40
0.0
 40
0.0
 40
0.0
 40
0.0
 40
1.0
 40
1.0
 40
1.0
 40
1.0
 10
27.08648709437966
 20
66.04754434610001
 30
0.0
 10
27.08648709437966
 20
66.16950886214002
 30
0.0
 10
27.10858792393992
 20
66.2570941429
 30
0.0
 10
27.15439414424009
 20
66.31032836714002
 30
0.0
  0
SPLINE
  5
820
330
223
100
AcDbEntity
  8
RSMJ722_4_00DXF_CONTINUOUS_LINE
  6
Continuous
 62
     4
100
AcDbSpline
210
0.0
220
0.0
230
1.0
 70
     8
 71
     3
 72
     8
 73
     4
 74
     0
 42
0.0000001
 43
0.0000000001
 40
0.0
 40
0.0
 40
0.0
 40
0.0
 40
1.0
 40
1.0
 40
1.0
 40
1.0
 10
27.15439414424009
 20
66.31032836714002
 30
0.0
 10
27.19944743233964
 20
66.36268756391999
 30
0.0
 10
27.25920190007992
 20
66.38969983908001
 30
0.0
 10
27.33450888687958
 20
66.38969983908001
 30
0.0
  0
SPLINE
  5
821
330
223
100
AcDbEntity
  8
RSMJ722_4_00DXF_CONTINUOUS_LINE
  6
Continuous
 62
     4
100
AcDbSpline
210
0.0
220
0.0
230
1.0
 70
     8
 71
     3
 72
     8
 73
     4
 74
     0
 42
0.0000001
 43
0.0000000001
 40
0.0
 40
0.0
 40
0.0
 40
0.0
 40
1.0
 40
1.0
 40
1.0
 40
1.0
 10
27.33450888687958
 20
66.38969983908001
 30
0.0
 10
27.41227148979988
 20
66.38969983908001
 30
0.0
 10
27.47366303579975
 20
66.3635061729
 30
0.0
 10
27.51950205765979
 20
66.31111869830002
 30
0.0
  0
SPLINE
  5
822
330
223
100
AcDbEntity
  8
RSMJ722_4_00DXF_CONTINUOUS_LINE
  6
Continuous
 62
     4
100
AcDbSpline
210
0.0
220
0.0
230
1.0
 70
     8
 71
     3
 72
     8
 73
     4
 74
     0
 42
0.0000001
 43
0.0000000001
 40
0.0
 40
0.0
 40
0.0
 40
0.0
 40
1.0
 40
1.0
 40
1.0
 40
1.0
 10
27.51950205765979
 20
66.31111869830002
 30
0.0
 10
27.56534108206006
 20
66.25873122115999
 30
0.0
 10
27.58826059425974
 20
66.17687585274001
 30
0.0
 10
27.58826059425974
 20
66.06391544366002
 30
0.0
  0
SPLINE
  5
823
330
223
100
AcDbEntity
  8
RSMJ722_4_00DXF_CONTINUOUS_LINE
  6
Continuous
 62
     4
100
AcDbSpline
210
0.0
220
0.0
230
1.0
 70
     8
 71
     3
 72
     8
 73
     4
 74
     0
 42
0.0000001
 43
0.0000000001
 40
0.0
 40
0.0
 40
0.0
 40
0.0
 40
1.0
 40
1.0
 40
1.0
 40
1.0
 10
27.58826059425974
 20
66.06391544366002
 30
0.0
 10
27.58826059425974
 20
65.92967256254002
 30
0.0
 10
27.5661596199202
 20
65.83635743802
 30
0.0
 10
27.52273857138016
 20
65.78482027414
 30
0.0
  0
SPLINE
  5
824
330
223
100
AcDbEntity
  8
RSMJ722_4_00DXF_CONTINUOUS_LINE
  6
Continuous
 62
     4
100
AcDbSpline
210
0.0
220
0.0
230
1.0
 70
     8
 71
     3
 72
     8
 73
     4
 74
     0
 42
0.0000001
 43
0.0000000001
 40
0.0
 40
0.0
 40
0.0
 40
0.0
 40
1.0
 40
1.0
 40
1.0
 40
1.0
 10
27.52273857138016
 20
65.78482027414
 30
0.0
 10
27.47857441027963
 20
65.73240109526003
 30
0.0
 10
27.41718286681999
 20
65.7070259136
 30
0.0
 10
27.3377830408599
 20
65.7070259136
 30
0.0
  0
SPLINE
  5
825
330
223
100
AcDbEntity
  8
RSMJ722_4_00DXF_CONTINUOUS_LINE
  6
Continuous
 62
     4
100
AcDbSpline
210
0.0
220
0.0
230
1.0
 70
     8
 71
     3
 72
     8
 73
     4
 74
     0
 42
0.0000001
 43
0.0000000001
 40
0.0
 40
0.0
 40
0.0
 40
0.0
 40
1.0
 40
1.0
 40
1.0
 40
1.0
 10
27.3377830408599
 20
65.7070259136
 30
0.0
 10
27.2600204379396
 20
65.7070259136
 30
0.0
 10
27.19862889447995
 20
65.73321965343999
 30
0.0
 10
27.15340667097962
 20
65.78625295352
 30
0.0
  0
SPLINE
  5
826
330
223
100
AcDbEntity
  8
RSMJ722_4_00DXF_CONTINUOUS_LINE
  6
Continuous
 62
     4
100
AcDbSpline
210
0.0
220
0.0
230
1.0
 70
     8
 71
     3
 72
     8
 73
     4
 74
     0
 42
0.0000001
 43
0.0000000001
 40
0.0
 40
0.0
 40
0.0
 40
0.0
 40
1.0
 40
1.0
 40
1.0
 40
1.0
 10
27.15340667097962
 20
65.78625295352
 30
0.0
 10
27.10858792393992
 20
65.83881308970001
 30
0.0
 10
27.08648709437966
 20
65.92639837299998
 30
0.0
 10
27.08648709437966
 20
66.04754434610001
 30
0.0
  0
SPLINE
  5
827
330
223
100
AcDbEntity
  8
RSMJ722_4_00DXF_CONTINUOUS_LINE
  6
Continuous
 62
     4
100
AcDbSpline
210
0.0
220
0.0
230
1.0
 70
     8
 71
     3
 72
     8
 73
     4
 74
     0
 42
0.0000001
 43
0.0000000001
 40
0.0
 40
0.0
 40
0.0
 40
0.0
 40
1.0
 40
1.0
 40
1.0
 40
1.0
 10
30.16670531289947
 20
66.67046389528002
 30
0.0
 10
30.13068904000011
 20
66.59515690594
 30
0.0
 10
30.08157557459981
 20
66.53130967524001
 30
0.0
 10
30.01940220643974
 20
66.48051444281998
 30
0.0
  0
SPLINE
  5
828
330
223
100
AcDbEntity
  8
RSMJ722_4_00DXF_CONTINUOUS_LINE
  6
Continuous
 62
     4
100
AcDbSpline
210
0.0
220
0.0
230
1.0
 70
     8
 71
     3
 72
     8
 73
     4
 74
     0
 42
0.0000001
 43
0.0000000001
 40
0.0
 40
0.0
 40
0.0
 40
0.0
 40
1.0
 40
1.0
 40
1.0
 40
1.0
 10
30.01940220643974
 20
66.48051444281998
 30
0.0
 10
29.95633687155987
 20
66.42899048185998
 30
0.0
 10
29.86793326375982
 20
66.38478853571999
 30
0.0
 10
29.75497263877969
 20
66.3487721917
 30
0.0
  0
SPLINE
  5
829
330
223
100
AcDbEntity
  8
RSMJ722_4_00DXF_CONTINUOUS_LINE
  6
Continuous
 62
     4
100
AcDbSpline
210
0.0
220
0.0
230
1.0
 70
     8
 71
     3
 72
     8
 73
     4
 74
     0
 42
0.0000001
 43
0.0000000001
 40
0.0
 40
0.0
 40
0.0
 40
0.0
 40
1.0
 40
1.0
 40
1.0
 40
1.0
 10
29.75497263877969
 20
66.07537519722004
 30
0.0
 10
29.83191670383985
 20
66.09829470941997
 30
0.0
 10
29.89576386595991
 20
66.12285129987998
 30
0.0
 10
29.94667861808011
 20
66.14871923646001
 30
0.0
  0
SPLINE
  5
82A
330
223
100
AcDbEntity
  8
RSMJ722_4_00DXF_CONTINUOUS_LINE
  6
Continuous
 62
     4
100
AcDbSpline
210
0.0
220
0.0
230
1.0
 70
     8
 71
     3
 72
     8
 73
     4
 74
     0
 42
0.0000001
 43
0.0000000001
 40
0.0
 40
0.0
 40
0.0
 40
0.0
 40
1.0
 40
1.0
 40
1.0
 40
1.0
 10
29.94667861808011
 20
66.14871923646001
 30
0.0
 10
29.99726466118
 20
66.17442016550001
 30
0.0
 10
30.05047053393992
 20
66.20798089339999
 30
0.0
 10
30.10531376943982
 20
66.24972715230001
 30
0.0
  0
SPLINE
  5
82B
330
223
100
AcDbEntity
  8
RSMJ722_4_00DXF_CONTINUOUS_LINE
  6
Continuous
 62
     4
100
AcDbSpline
210
0.0
220
0.0
230
1.0
 70
     8
 71
     3
 72
     8
 73
     4
 74
     0
 42
0.0000001
 43
0.0000000001
 40
0.0
 40
0.0
 40
0.0
 40
0.0
 40
1.0
 40
1.0
 40
1.0
 40
1.0
 10
26.25729197604005
 20
28.94113231828001
 30
0.0
 10
26.24092084545964
 20
28.86500682664001
 30
0.0
 10
26.21390856775997
 20
28.80688950827999
 30
0.0
 10
26.1780963584597
 20
28.76741465454
 30
0.0
  0
SPLINE
  5
82C
330
223
100
AcDbEntity
  8
RSMJ722_4_00DXF_CONTINUOUS_LINE
  6
Continuous
 62
     4
100
AcDbSpline
210
0.0
220
0.0
230
1.0
 70
     8
 71
     3
 72
     8
 73
     4
 74
     0
 42
0.0000001
 43
0.0000000001
 40
0.0
 40
0.0
 40
0.0
 40
0.0
 40
1.0
 40
1.0
 40
1.0
 40
1.0
 10
26.1780963584597
 20
28.76741465454
 30
0.0
 10
26.1418758771797
 20
28.72748977376003
 30
0.0
 10
26.08785132432013
 20
28.70784447141997
 30
0.0
 10
26.01745564087969
 20
28.70784447141997
 30
0.0
  0
SPLINE
  5
82D
330
223
100
AcDbEntity
  8
RSMJ722_4_00DXF_CONTINUOUS_LINE
  6
Continuous
 62
     4
100
AcDbSpline
210
0.0
220
0.0
230
1.0
 70
     8
 71
     3
 72
     8
 73
     4
 74
     0
 42
0.0000001
 43
0.0000000001
 40
0.0
 40
0.0
 40
0.0
 40
0.0
 40
1.0
 40
1.0
 40
1.0
 40
1.0
 10
26.01745564087969
 20
28.70784447141997
 30
0.0
 10
25.94378580092007
 20
28.70784447141997
 30
0.0
 10
25.88730559637997
 20
28.73240109489998
 30
0.0
 10
25.84695343425983
 20
28.78131281064003
 30
0.0
  0
SPLINE
  5
82E
330
223
100
AcDbEntity
  8
RSMJ722_4_00DXF_CONTINUOUS_LINE
  6
Continuous
 62
     4
100
AcDbSpline
210
0.0
220
0.0
230
1.0
 70
     8
 71
     3
 72
     8
 73
     4
 74
     0
 42
0.0000001
 43
0.0000000001
 40
0.0
 40
0.0
 40
0.0
 40
0.0
 40
1.0
 40
1.0
 40
1.0
 40
1.0
 10
25.84695343425983
 20
28.78131281064003
 30
0.0
 10
25.80626876581982
 20
28.83062756088
 30
0.0
 10
25.78662348125999
 20
28.92230560714003
 30
0.0
 10
25.78662348125999
 20
29.05491130332001
 30
0.0
  0
SPLINE
  5
82F
330
223
100
AcDbEntity
  8
RSMJ722_4_00DXF_CONTINUOUS_LINE
  6
Continuous
 62
     4
100
AcDbSpline
210
0.0
220
0.0
230
1.0
 70
     8
 71
     3
 72
     8
 73
     4
 74
     0
 42
0.0000001
 43
0.0000000001
 40
0.0
 40
0.0
 40
0.0
 40
0.0
 40
1.0
 40
1.0
 40
1.0
 40
1.0
 10
25.78662348125999
 20
29.05491130332001
 30
0.0
 10
25.78662348125999
 20
29.16214187118001
 30
0.0
 10
25.80299454072019
 20
29.24072308562
 30
0.0
 10
25.83699530329977
 20
29.29172420536
 30
0.0
  0
SPLINE
  5
830
330
223
100
AcDbEntity
  8
RSMJ722_4_00DXF_CONTINUOUS_LINE
  6
Continuous
 62
     4
100
AcDbSpline
210
0.0
220
0.0
230
1.0
 70
     8
 71
     3
 72
     8
 73
     4
 74
     0
 42
0.0000001
 43
0.0000000001
 40
0.0
 40
0.0
 40
0.0
 40
0.0
 40
1.0
 40
1.0
 40
1.0
 40
1.0
 10
25.83699530329977
 20
29.29172420536
 30
0.0
 10
25.88157571959982
 20
29.35859479806004
 30
0.0
 10
25.94624148816001
 20
29.39297406635998
 30
0.0
 10
26.03055254636001
 20
29.39297406635998
 30
0.0
  0
SPLINE
  5
831
330
223
100
AcDbEntity
  8
RSMJ722_4_00DXF_CONTINUOUS_LINE
  6
Continuous
 62
     4
100
AcDbSpline
210
0.0
220
0.0
230
1.0
 70
     8
 71
     3
 72
     8
 73
     4
 74
     0
 42
0.0000001
 43
0.0000000001
 40
0.0
 40
0.0
 40
0.0
 40
0.0
 40
1.0
 40
1.0
 40
1.0
 40
1.0
 10
26.03055254636001
 20
29.39297406635998
 30
0.0
 10
26.06738742823973
 20
29.39297406635998
 30
0.0
 10
26.10094815867978
 20
29.38478853536
 30
0.0
 10
26.13098192131974
 20
29.36956594706004
 30
0.0
  0
SPLINE
  5
832
330
223
100
AcDbEntity
  8
RSMJ722_4_00DXF_CONTINUOUS_LINE
  6
Continuous
 62
     4
100
AcDbSpline
210
0.0
220
0.0
230
1.0
 70
     8
 71
     3
 72
     8
 73
     4
 74
     0
 42
0.0000001
 43
0.0000000001
 40
0.0
 40
0.0
 40
0.0
 40
0.0
 40
1.0
 40
1.0
 40
1.0
 40
1.0
 10
26.13098192131974
 20
29.36956594706004
 30
0.0
 10
26.16070262387984
 20
29.35450203256002
 30
0.0
 10
26.18607775220016
 20
29.33240106076002
 30
0.0
 10
26.2070131713399
 20
29.30431700974
 30
0.0
  0
SPLINE
  5
833
330
223
100
AcDbEntity
  8
RSMJ722_4_00DXF_CONTINUOUS_LINE
  6
Continuous
 62
     4
100
AcDbSpline
210
0.0
220
0.0
230
1.0
 70
     8
 71
     3
 72
     8
 73
     4
 74
     0
 42
0.0000001
 43
0.0000000001
 40
0.0
 40
0.0
 40
0.0
 40
0.0
 40
1.0
 40
1.0
 40
1.0
 40
1.0
 10
26.2070131713399
 20
29.30431700974
 30
0.0
 10
26.21963848263977
 20
29.28738064787998
 30
0.0
 10
26.23191677659997
 20
29.26036837018003
 30
0.0
 10
26.24337653269959
 20
29.22435195249997
 30
0.0
  0
SPLINE
  5
834
330
223
100
AcDbEntity
  8
RSMJ722_4_00DXF_CONTINUOUS_LINE
  6
Continuous
 62
     4
100
AcDbSpline
210
0.0
220
0.0
230
1.0
 70
     8
 71
     3
 72
     8
 73
     4
 74
     0
 42
0.0000001
 43
0.0000000001
 40
0.0
 40
0.0
 40
0.0
 40
0.0
 40
1.0
 40
1.0
 40
1.0
 40
1.0
 10
26.57079814861982
 20
29.29720325460002
 30
0.0
 10
26.52823328073964
 20
29.42326056916002
 30
0.0
 10
26.46438605004005
 20
29.51739430266002
 30
0.0
 10
26.37742727551995
 20
29.57851153120004
 30
0.0
  0
SPLINE
  5
835
330
223
100
AcDbEntity
  8
RSMJ722_4_00DXF_CONTINUOUS_LINE
  6
Continuous
 62
     4
100
AcDbSpline
210
0.0
220
0.0
230
1.0
 70
     8
 71
     3
 72
     8
 73
     4
 74
     0
 42
0.0000001
 43
0.0000000001
 40
0.0
 40
0.0
 40
0.0
 40
0.0
 40
1.0
 40
1.0
 40
1.0
 40
1.0
 10
26.37742727551995
 20
29.57851153120004
 30
0.0
 10
26.29085263282013
 20
29.63935878060005
 30
0.0
 10
26.17216237997991
 20
29.67046389492003
 30
0.0
 10
26.02154840638013
 20
29.67046389492003
 30
0.0
  0
SPLINE
  5
836
330
223
100
AcDbEntity
  8
RSMJ722_4_00DXF_CONTINUOUS_LINE
  6
Continuous
 62
     4
100
AcDbSpline
210
0.0
220
0.0
230
1.0
 70
     8
 71
     3
 72
     8
 73
     4
 74
     0
 42
0.0000001
 43
0.0000000001
 40
0.0
 40
0.0
 40
0.0
 40
0.0
 40
1.0
 40
1.0
 40
1.0
 40
1.0
 10
26.02154840638013
 20
29.67046389492003
 30
0.0
 10
25.82836970459994
 20
29.67046389492003
 30
0.0
 10
25.67857433743984
 20
29.61643927093999
 30
0.0
 10
25.57298091387975
 20
29.51002729935999
 30
0.0
  0
SPLINE
  5
837
330
223
100
AcDbEntity
  8
RSMJ722_4_00DXF_CONTINUOUS_LINE
  6
Continuous
 62
     4
100
AcDbSpline
210
0.0
220
0.0
230
1.0
 70
     8
 71
     3
 72
     8
 73
     4
 74
     0
 42
0.0000001
 43
0.0000000001
 40
0.0
 40
0.0
 40
0.0
 40
0.0
 40
1.0
 40
1.0
 40
1.0
 40
1.0
 10
25.57298091387975
 20
29.51002729935999
 30
0.0
 10
25.46738744713957
 20
29.40361528206003
 30
0.0
 10
25.41499999793996
 20
29.25136423020004
 30
0.0
 10
25.41499999793996
 20
29.05245568719999
 30
0.0
  0
SPLINE
  5
838
330
223
100
AcDbEntity
  8
RSMJ722_4_00DXF_CONTINUOUS_LINE
  6
Continuous
 62
     4
100
AcDbSpline
210
0.0
220
0.0
230
1.0
 70
     8
 71
     3
 72
     8
 73
     4
 74
     0
 42
0.0000001
 43
0.0000000001
 40
0.0
 40
0.0
 40
0.0
 40
0.0
 40
1.0
 40
1.0
 40
1.0
 40
1.0
 10
25.41499999793996
 20
29.05245568719999
 30
0.0
 10
25.41499999793996
 20
28.90347886044
 30
0.0
 10
25.44446793493989
 20
28.78151430884
 30
0.0
 10
25.5049328279797
 20
28.68567540475999
 30
0.0
  0
SPLINE
  5
839
330
223
100
AcDbEntity
  8
RSMJ722_4_00DXF_CONTINUOUS_LINE
  6
Continuous
 62
     4
100
AcDbSpline
210
0.0
220
0.0
230
1.0
 70
     8
 71
     3
 72
     8
 73
     4
 74
     0
 42
0.0000001
 43
0.0000000001
 40
0.0
 40
0.0
 40
0.0
 40
0.0
 40
1.0
 40
1.0
 40
1.0
 40
1.0
 10
25.5049328279797
 20
28.68567540475999
 30
0.0
 10
25.56479535494009
 20
28.59079126889998
 30
0.0
 10
25.63600954067988
 20
28.52366984611999
 30
0.0
 10
25.71883605269977
 20
28.48635691338001
 30
0.0
  0
SPLINE
  5
83A
330
223
100
AcDbEntity
  8
RSMJ722_4_00DXF_CONTINUOUS_LINE
  6
Continuous
 62
     4
100
AcDbSpline
210
0.0
220
0.0
230
1.0
 70
     8
 71
     3
 72
     8
 73
     4
 74
     0
 42
0.0000001
 43
0.0000000001
 40
0.0
 40
0.0
 40
0.0
 40
0.0
 40
1.0
 40
1.0
 40
1.0
 40
1.0
 10
25.71883605269977
 20
28.48635691338001
 30
0.0
 10
25.80135742689981
 20
28.44918144543999
 30
0.0
 10
25.90776945689959
 20
28.42953615325999
 30
0.0
 10
26.03873807481978
 20
28.42953615325999
 30
0.0
  0
SPLINE
  5
83B
330
223
100
AcDbEntity
  8
RSMJ722_4_00DXF_CONTINUOUS_LINE
  6
Continuous
 62
     4
100
AcDbSpline
210
0.0
220
0.0
230
1.0
 70
     8
 71
     3
 72
     8
 73
     4
 74
     0
 42
0.0000001
 43
0.0000000001
 40
0.0
 40
0.0
 40
0.0
 40
0.0
 40
1.0
 40
1.0
 40
1.0
 40
1.0
 10
26.03873807481978
 20
28.42953615325999
 30
0.0
 10
26.14596864267969
 20
28.42953615325999
 30
0.0
 10
26.23437246383992
 20
28.44508867486002
 30
0.0
 10
26.3039495383
 20
28.47619372314
 30
0.0
  0
SPLINE
  5
83C
330
223
100
AcDbEntity
  8
RSMJ722_4_00DXF_CONTINUOUS_LINE
  6
Continuous
 62
     4
100
AcDbSpline
210
0.0
220
0.0
230
1.0
 70
     8
 71
     3
 72
     8
 73
     4
 74
     0
 42
0.0000001
 43
0.0000000001
 40
0.0
 40
0.0
 40
0.0
 40
0.0
 40
1.0
 40
1.0
 40
1.0
 40
1.0
 10
26.3039495383
 20
28.47619372314
 30
0.0
 10
26.37352661275963
 20
28.50729876887999
 30
0.0
 10
26.43164393112011
 20
28.55313779328003
 30
0.0
 10
26.47906148423999
 20
28.61457446999998
 30
0.0
  0
SPLINE
  5
83D
330
223
100
AcDbEntity
  8
RSMJ722_4_00DXF_CONTINUOUS_LINE
  6
Continuous
 62
     4
100
AcDbSpline
210
0.0
220
0.0
230
1.0
 70
     8
 71
     3
 72
     8
 73
     4
 74
     0
 42
0.0000001
 43
0.0000000001
 40
0.0
 40
0.0
 40
0.0
 40
0.0
 40
1.0
 40
1.0
 40
1.0
 40
1.0
 10
26.47906148423999
 20
28.61457446999998
 30
0.0
 10
26.5257775934997
 20
28.67510231693998
 30
0.0
 10
26.5601568617999
 20
28.75122784160001
 30
0.0
 10
26.58225783360012
 20
28.84290585484001
 30
0.0
  0
SPLINE
  5
83E
330
223
100
AcDbEntity
  8
RSMJ722_4_00DXF_CONTINUOUS_LINE
  6
Continuous
 62
     4
100
AcDbSpline
210
0.0
220
0.0
230
1.0
 70
     8
 71
     3
 72
     8
 73
     4
 74
     0
 42
0.0000001
 43
0.0000000001
 40
0.0
 40
0.0
 40
0.0
 40
0.0
 40
1.0
 40
1.0
 40
1.0
 40
1.0
 10
26.71568206763959
 20
29.04918145956003
 30
0.0
 10
26.71568206763959
 20
28.90839016380002
 30
0.0
 10
26.74269441645993
 20
28.79215552708004
 30
0.0
 10
26.79805272586009
 20
28.69866145193998
 30
0.0
  0
SPLINE
  5
83F
330
223
100
AcDbEntity
  8
RSMJ722_4_00DXF_CONTINUOUS_LINE
  6
Continuous
 62
     4
100
AcDbSpline
210
0.0
220
0.0
230
1.0
 70
     8
 71
     3
 72
     8
 73
     4
 74
     0
 42
0.0000001
 43
0.0000000001
 40
0.0
 40
0.0
 40
0.0
 40
0.0
 40
1.0
 40
1.0
 40
1.0
 40
1.0
 10
26.79805272586009
 20
28.69866145193998
 30
0.0
 10
26.85319913829971
 20
28.60552524248001
 30
0.0
 10
26.92523197111996
 20
28.53676670588001
 30
0.0
 10
27.01347418985961
 20
28.49387118842
 30
0.0
  0
SPLINE
  5
840
330
223
100
AcDbEntity
  8
RSMJ722_4_00DXF_CONTINUOUS_LINE
  6
Continuous
 62
     4
100
AcDbSpline
210
0.0
220
0.0
230
1.0
 70
     8
 71
     3
 72
     8
 73
     4
 74
     0
 42
0.0000001
 43
0.0000000001
 40
0.0
 40
0.0
 40
0.0
 40
0.0
 40
1.0
 40
1.0
 40
1.0
 40
1.0
 10
27.01347418985961
 20
28.49387118842
 30
0.0
 10
27.1020396134395
 20
28.45081855418005
 30
0.0
 10
27.21418141353979
 20
28.42953615325999
 30
0.0
 10
27.35006140847963
 20
28.42953615325999
 30
0.0
  0
SPLINE
  5
841
330
223
100
AcDbEntity
  8
RSMJ722_4_00DXF_CONTINUOUS_LINE
  6
Continuous
 62
     4
100
AcDbSpline
210
0.0
220
0.0
230
1.0
 70
     8
 71
     3
 72
     8
 73
     4
 74
     0
 42
0.0000001
 43
0.0000000001
 40
0.0
 40
0.0
 40
0.0
 40
0.0
 40
1.0
 40
1.0
 40
1.0
 40
1.0
 10
27.35006140847963
 20
28.42953615325999
 30
0.0
 10
27.48266710465987
 20
28.42953615325999
 30
0.0
 10
27.59399050659977
 20
28.45409276912
 30
0.0
 10
27.68321279703969
 20
28.50402455394001
 30
0.0
  0
SPLINE
  5
842
330
223
100
AcDbEntity
  8
RSMJ722_4_00DXF_CONTINUOUS_LINE
  6
Continuous
 62
     4
100
AcDbSpline
210
0.0
220
0.0
230
1.0
 70
     8
 71
     3
 72
     8
 73
     4
 74
     0
 42
0.0000001
 43
0.0000000001
 40
0.0
 40
0.0
 40
0.0
 40
0.0
 40
1.0
 40
1.0
 40
1.0
 40
1.0
 10
27.68321279703969
 20
28.50402455394001
 30
0.0
 10
27.77243508493984
 20
28.55395634130002
 30
0.0
 10
27.84037522337985
 20
28.62353341576002
 30
0.0
 10
27.88785132349994
 20
28.71357434820001
 30
0.0
  0
SPLINE
  5
843
330
223
100
AcDbEntity
  8
RSMJ722_4_00DXF_CONTINUOUS_LINE
  6
Continuous
 62
     4
100
AcDbSpline
210
0.0
220
0.0
230
1.0
 70
     8
 71
     3
 72
     8
 73
     4
 74
     0
 42
0.0000001
 43
0.0000000001
 40
0.0
 40
0.0
 40
0.0
 40
0.0
 40
1.0
 40
1.0
 40
1.0
 40
1.0
 10
27.88785132349994
 20
28.71357434820001
 30
0.0
 10
27.9353274261598
 20
28.80361528318002
 30
0.0
 10
27.95906561845959
 20
28.91821280608002
 30
0.0
 10
27.95906561845959
 20
29.05900406628001
 30
0.0
  0
SPLINE
  5
844
330
223
100
AcDbEntity
  8
RSMJ722_4_00DXF_CONTINUOUS_LINE
  6
Continuous
 62
     4
100
AcDbSpline
210
0.0
220
0.0
230
1.0
 70
     8
 71
     3
 72
     8
 73
     4
 74
     0
 42
0.0000001
 43
0.0000000001
 40
0.0
 40
0.0
 40
0.0
 40
0.0
 40
1.0
 40
1.0
 40
1.0
 40
1.0
 10
27.95906561845959
 20
29.05900406628001
 30
0.0
 10
27.95906561845959
 20
29.25218283917999
 30
0.0
 10
27.90504092336005
 20
29.40197820633998
 30
0.0
 10
27.79699183287994
 20
29.50920872085999
 30
0.0
  0
SPLINE
  5
845
330
223
100
AcDbEntity
  8
RSMJ722_4_00DXF_CONTINUOUS_LINE
  6
Continuous
 62
     4
100
AcDbSpline
210
0.0
220
0.0
230
1.0
 70
     8
 71
     3
 72
     8
 73
     4
 74
     0
 42
0.0000001
 43
0.0000000001
 40
0.0
 40
0.0
 40
0.0
 40
0.0
 40
1.0
 40
1.0
 40
1.0
 40
1.0
 10
27.79699183287994
 20
29.50920872085999
 30
0.0
 10
27.68894270938017
 20
29.61643927093999
 30
0.0
 10
27.53505457925985
 20
29.67046389492003
 30
0.0
 10
27.33532742473972
 20
29.67046389492003
 30
0.0
  0
SPLINE
  5
846
330
223
100
AcDbEntity
  8
RSMJ722_4_00DXF_CONTINUOUS_LINE
  6
Continuous
 62
     4
100
AcDbSpline
210
0.0
220
0.0
230
1.0
 70
     8
 71
     3
 72
     8
 73
     4
 74
     0
 42
0.0000001
 43
0.0000000001
 40
0.0
 40
0.0
 40
0.0
 40
0.0
 40
1.0
 40
1.0
 40
1.0
 40
1.0
 10
27.33532742473972
 20
29.67046389492003
 30
0.0
 10
27.14051164724015
 20
29.67046389492003
 30
0.0
 10
26.98826059284011
 20
29.61562073054
 30
0.0
 10
26.87939293147974
 20
29.50675310474003
 30
0.0
  0
SPLINE
  5
847
330
223
100
AcDbEntity
  8
RSMJ722_4_00DXF_CONTINUOUS_LINE
  6
Continuous
 62
     4
100
AcDbSpline
210
0.0
220
0.0
230
1.0
 70
     8
 71
     3
 72
     8
 73
     4
 74
     0
 42
0.0000001
 43
0.0000000001
 40
0.0
 40
0.0
 40
0.0
 40
0.0
 40
1.0
 40
1.0
 40
1.0
 40
1.0
 10
26.87939293147974
 20
29.50675310474003
 30
0.0
 10
26.76970662303984
 20
29.39706683186
 30
0.0
 10
26.71568206763959
 20
29.24481584858
 30
0.0
 10
26.71568206763959
 20
29.04918145956003
 30
0.0
  0
SPLINE
  5
848
330
223
100
AcDbEntity
  8
RSMJ722_4_00DXF_CONTINUOUS_LINE
  6
Continuous
 62
     4
100
AcDbSpline
210
0.0
220
0.0
230
1.0
 70
     8
 71
     3
 72
     8
 73
     4
 74
     0
 42
0.0000001
 43
0.0000000001
 40
0.0
 40
0.0
 40
0.0
 40
0.0
 40
1.0
 40
1.0
 40
1.0
 40
1.0
 10
27.08648709437966
 20
29.04754434828001
 30
0.0
 10
27.08648709437966
 20
29.16950886178
 30
0.0
 10
27.10858792393992
 20
29.25709414508
 30
0.0
 10
27.15439414424009
 20
29.31032836678003
 30
0.0
  0
SPLINE
  5
849
330
223
100
AcDbEntity
  8
RSMJ722_4_00DXF_CONTINUOUS_LINE
  6
Continuous
 62
     4
100
AcDbSpline
210
0.0
220
0.0
230
1.0
 70
     8
 71
     3
 72
     8
 73
     4
 74
     0
 42
0.0000001
 43
0.0000000001
 40
0.0
 40
0.0
 40
0.0
 40
0.0
 40
1.0
 40
1.0
 40
1.0
 40
1.0
 10
27.15439414424009
 20
29.31032836678003
 30
0.0
 10
27.19944743233964
 20
29.36268756356
 30
0.0
 10
27.25920190007992
 20
29.38969983872002
 30
0.0
 10
27.33450888687958
 20
29.38969983872002
 30
0.0
  0
SPLINE
  5
84A
330
223
100
AcDbEntity
  8
RSMJ722_4_00DXF_CONTINUOUS_LINE
  6
Continuous
 62
     4
100
AcDbSpline
210
0.0
220
0.0
230
1.0
 70
     8
 71
     3
 72
     8
 73
     4
 74
     0
 42
0.0000001
 43
0.0000000001
 40
0.0
 40
0.0
 40
0.0
 40
0.0
 40
1.0
 40
1.0
 40
1.0
 40
1.0
 10
27.33450888687958
 20
29.38969983872002
 30
0.0
 10
27.41227148979988
 20
29.38969983872002
 30
0.0
 10
27.47366303579975
 20
29.36350617253999
 30
0.0
 10
27.51950205765979
 20
29.31111869794
 30
0.0
  0
SPLINE
  5
84B
330
223
100
AcDbEntity
  8
RSMJ722_4_00DXF_CONTINUOUS_LINE
  6
Continuous
 62
     4
100
AcDbSpline
210
0.0
220
0.0
230
1.0
 70
     8
 71
     3
 72
     8
 73
     4
 74
     0
 42
0.0000001
 43
0.0000000001
 40
0.0
 40
0.0
 40
0.0
 40
0.0
 40
1.0
 40
1.0
 40
1.0
 40
1.0
 10
27.51950205765979
 20
29.31111869794
 30
0.0
 10
27.56534108206006
 20
29.25873122080003
 30
0.0
 10
27.58826059425974
 20
29.17687585238002
 30
0.0
 10
27.58826059425974
 20
29.0639154433
 30
0.0
  0
SPLINE
  5
84C
330
223
100
AcDbEntity
  8
RSMJ722_4_00DXF_CONTINUOUS_LINE
  6
Continuous
 62
     4
100
AcDbSpline
210
0.0
220
0.0
230
1.0
 70
     8
 71
     3
 72
     8
 73
     4
 74
     0
 42
0.0000001
 43
0.0000000001
 40
0.0
 40
0.0
 40
0.0
 40
0.0
 40
1.0
 40
1.0
 40
1.0
 40
1.0
 10
27.58826059425974
 20
29.0639154433
 30
0.0
 10
27.58826059425974
 20
28.92967256218003
 30
0.0
 10
27.5661596199202
 20
28.83635743766001
 30
0.0
 10
27.52273857138016
 20
28.78482027378001
 30
0.0
  0
SPLINE
  5
84D
330
223
100
AcDbEntity
  8
RSMJ722_4_00DXF_CONTINUOUS_LINE
  6
Continuous
 62
     4
100
AcDbSpline
210
0.0
220
0.0
230
1.0
 70
     8
 71
     3
 72
     8
 73
     4
 74
     0
 42
0.0000001
 43
0.0000000001
 40
0.0
 40
0.0
 40
0.0
 40
0.0
 40
1.0
 40
1.0
 40
1.0
 40
1.0
 10
27.52273857138016
 20
28.78482027378001
 30
0.0
 10
27.47857441027963
 20
28.73240109489998
 30
0.0
 10
27.41718286681999
 20
28.70702591324002
 30
0.0
 10
27.3377830408599
 20
28.70702591324002
 30
0.0
  0
SPLINE
  5
84E
330
223
100
AcDbEntity
  8
RSMJ722_4_00DXF_CONTINUOUS_LINE
  6
Continuous
 62
     4
100
AcDbSpline
210
0.0
220
0.0
230
1.0
 70
     8
 71
     3
 72
     8
 73
     4
 74
     0
 42
0.0000001
 43
0.0000000001
 40
0.0
 40
0.0
 40
0.0
 40
0.0
 40
1.0
 40
1.0
 40
1.0
 40
1.0
 10
27.3377830408599
 20
28.70702591324002
 30
0.0
 10
27.2600204379396
 20
28.70702591324002
 30
0.0
 10
27.19862889447995
 20
28.73321965308003
 30
0.0
 10
27.15340667097962
 20
28.78625295316002
 30
0.0
  0
SPLINE
  5
84F
330
223
100
AcDbEntity
  8
RSMJ722_4_00DXF_CONTINUOUS_LINE
  6
Continuous
 62
     4
100
AcDbSpline
210
0.0
220
0.0
230
1.0
 70
     8
 71
     3
 72
     8
 73
     4
 74
     0
 42
0.0000001
 43
0.0000000001
 40
0.0
 40
0.0
 40
0.0
 40
0.0
 40
1.0
 40
1.0
 40
1.0
 40
1.0
 10
27.15340667097962
 20
28.78625295316002
 30
0.0
 10
27.10858792393992
 20
28.83881308933999
 30
0.0
 10
27.08648709437966
 20
28.92639837264002
 30
0.0
 10
27.08648709437966
 20
29.04754434828001
 30
0.0
  0
LINE
  5
850
330
223
100
AcDbEntity
  8
RSMJ722_4_00DXF_CONTINUOUS_LINE
  6
Continuous
 62
     4
100
AcDbLine
 10
30.14214858019977
 20
28.72175989697999
 30
0.0
 11
30.22174684873971
 21
28.79436126054
 31
0.0
  0
LINE
  5
851
330
223
100
AcDbEntity
  8
RSMJ722_4_00DXF_CONTINUOUS_LINE
  6
Continuous
 62
     4
100
AcDbLine
 10
30.22174684873971
 20
28.79436126054
 30
0.0
 11
30.3564557258801
 21
28.89223863908003
 31
0.0
  0
SPLINE
  5
852
330
223
100
AcDbEntity
  8
RSMJ722_4_00DXF_CONTINUOUS_LINE
  6
Continuous
 62
     4
100
AcDbSpline
210
0.0
220
0.0
230
1.0
 70
     8
 71
     3
 72
     8
 73
     4
 74
     0
 42
0.0000001
 43
0.0000000001
 40
0.0
 40
0.0
 40
0.0
 40
0.0
 40
1.0
 40
1.0
 40
1.0
 40
1.0
 10
30.3564557258801
 20
28.89223863908003
 30
0.0
 10
30.46957034089974
 20
28.97141882107999
 30
0.0
 10
30.5473329463598
 20
29.04427012064002
 30
0.0
 10
30.5900831555
 20
29.11127274
 30
0.0
  0
SPLINE
  5
853
330
223
100
AcDbEntity
  8
RSMJ722_4_00DXF_CONTINUOUS_LINE
  6
Continuous
 62
     4
100
AcDbSpline
210
0.0
220
0.0
230
1.0
 70
     8
 71
     3
 72
     8
 73
     4
 74
     0
 42
0.0000001
 43
0.0000000001
 40
0.0
 40
0.0
 40
0.0
 40
0.0
 40
1.0
 40
1.0
 40
1.0
 40
1.0
 10
30.5900831555
 20
29.11127274
 30
0.0
 10
30.63246268212015
 20
29.17769439024002
 30
0.0
 10
30.65456351421972
 20
29.24727146470002
 30
0.0
 10
30.65456351421972
 20
29.32094130466004
 30
0.0
  0
SPLINE
  5
854
330
223
100
AcDbEntity
  8
RSMJ722_4_00DXF_CONTINUOUS_LINE
  6
Continuous
 62
     4
100
AcDbSpline
210
0.0
220
0.0
230
1.0
 70
     8
 71
     3
 72
     8
 73
     4
 74
     0
 42
0.0000001
 43
0.0000000001
 40
0.0
 40
0.0
 40
0.0
 40
0.0
 40
1.0
 40
1.0
 40
1.0
 40
1.0
 10
30.65456351421972
 20
29.32094130466004
 30
0.0
 10
30.65456351421972
 20
29.38969983872002
 30
0.0
 10
30.63573683863979
 20
29.45109138472003
 30
0.0
 10
30.59808327411974
 20
29.50675294218001
 30
0.0
  0
SPLINE
  5
855
330
223
100
AcDbEntity
  8
RSMJ722_4_00DXF_CONTINUOUS_LINE
  6
Continuous
 62
     4
100
AcDbSpline
210
0.0
220
0.0
230
1.0
 70
     8
 71
     3
 72
     8
 73
     4
 74
     0
 42
0.0000001
 43
0.0000000001
 40
0.0
 40
0.0
 40
0.0
 40
0.0
 40
1.0
 40
1.0
 40
1.0
 40
1.0
 10
30.59808327411974
 20
29.50675294218001
 30
0.0
 10
30.56042956481997
 20
29.56241471554
 30
0.0
 10
30.50967959519994
 20
29.60334243658002
 30
0.0
 10
30.44405354915989
 20
29.63000293697999
 30
0.0
  0
SPLINE
  5
856
330
223
100
AcDbEntity
  8
RSMJ722_4_00DXF_CONTINUOUS_LINE
  6
Continuous
 62
     4
100
AcDbSpline
210
0.0
220
0.0
230
1.0
 70
     8
 71
     3
 72
     8
 73
     4
 74
     0
 42
0.0000001
 43
0.0000000001
 40
0.0
 40
0.0
 40
0.0
 40
0.0
 40
1.0
 40
1.0
 40
1.0
 40
1.0
 10
30.44405354915989
 20
29.63000293697999
 30
0.0
 10
30.37871054802008
 20
29.65654845158002
 30
0.0
 10
30.28785132409985
 20
29.67046389492003
 30
0.0
 10
30.17079829175964
 20
29.67046389492003
 30
0.0
  0
SPLINE
  5
857
330
223
100
AcDbEntity
  8
RSMJ722_4_00DXF_CONTINUOUS_LINE
  6
Continuous
 62
     4
100
AcDbSpline
210
0.0
220
0.0
230
1.0
 70
     8
 71
     3
 72
     8
 73
     4
 74
     0
 42
0.0000001
 43
0.0000000001
 40
0.0
 40
0.0
 40
0.0
 40
0.0
 40
1.0
 40
1.0
 40
1.0
 40
1.0
 10
30.17079829175964
 20
29.67046389492003
 30
0.0
 10
30.05783766931972
 20
29.67046389492003
 30
0.0
 10
29.97025231489988
 20
29.65572991372002
 30
0.0
 10
29.9064051400801
 20
29.62789905497999
 30
0.0
  0
SPLINE
  5
858
330
223
100
AcDbEntity
  8
RSMJ722_4_00DXF_CONTINUOUS_LINE
  6
Continuous
 62
     4
100
AcDbSpline
210
0.0
220
0.0
230
1.0
 70
     8
 71
     3
 72
     8
 73
     4
 74
     0
 42
0.0000001
 43
0.0000000001
 40
0.0
 40
0.0
 40
0.0
 40
0.0
 40
1.0
 40
1.0
 40
1.0
 40
1.0
 10
29.9064051400801
 20
29.62789905497999
 30
0.0
 10
29.84255799319953
 20
29.60006821148002
 30
0.0
 10
29.79344481481985
 20
29.55914049044
 30
0.0
 10
29.75878202409967
 20
29.50694251762005
 30
0.0
  0
SPLINE
  5
859
330
223
100
AcDbEntity
  8
RSMJ722_4_00DXF_CONTINUOUS_LINE
  6
Continuous
 62
     4
100
AcDbSpline
210
0.0
220
0.0
230
1.0
 70
     8
 71
     3
 72
     8
 73
     4
 74
     0
 42
0.0000001
 43
0.0000000001
 40
0.0
 40
0.0
 40
0.0
 40
0.0
 40
1.0
 40
1.0
 40
1.0
 40
1.0
 10
29.75878202409967
 20
29.50694251762005
 30
0.0
 10
29.7238675981198
 20
29.45436560982
 30
0.0
 10
29.70012969029949
 20
29.3806957724
 30
0.0
 10
29.68703278481962
 20
29.28738064787998
 30
0.0
  0
SPLINE
  5
85A
330
223
100
AcDbEntity
  8
RSMJ722_4_00DXF_CONTINUOUS_LINE
  6
Continuous
 62
     4
100
AcDbSpline
210
0.0
220
0.0
230
1.0
 70
     8
 71
     3
 72
     8
 73
     4
 74
     0
 42
0.0000001
 43
0.0000000001
 40
0.0
 40
0.0
 40
0.0
 40
0.0
 40
1.0
 40
1.0
 40
1.0
 40
1.0
 10
30.02100285602
 20
29.26036837018003
 30
0.0
 10
30.03000678009994
 20
29.3274897574
 30
0.0
 10
30.04801491781973
 20
29.37496585752001
 30
0.0
 10
30.07523110671991
 20
29.40176961646
 30
0.0
  0
SPLINE
  5
85B
330
223
100
AcDbEntity
  8
RSMJ722_4_00DXF_CONTINUOUS_LINE
  6
Continuous
 62
     4
100
AcDbSpline
210
0.0
220
0.0
230
1.0
 70
     8
 71
     3
 72
     8
 73
     4
 74
     0
 42
0.0000001
 43
0.0000000001
 40
0.0
 40
0.0
 40
0.0
 40
0.0
 40
1.0
 40
1.0
 40
1.0
 40
1.0
 10
30.07523110671991
 20
29.40176961646
 30
0.0
 10
30.10203961545949
 20
29.42817187251998
 30
0.0
 10
30.13723734795985
 20
29.44208731585999
 30
0.0
 10
30.17980193136009
 20
29.44208731585999
 30
0.0
  0
SPLINE
  5
85C
330
223
100
AcDbEntity
  8
RSMJ722_4_00DXF_CONTINUOUS_LINE
  6
Continuous
 62
     4
100
AcDbSpline
210
0.0
220
0.0
230
1.0
 70
     8
 71
     3
 72
     8
 73
     4
 74
     0
 42
0.0000001
 43
0.0000000001
 40
0.0
 40
0.0
 40
0.0
 40
0.0
 40
1.0
 40
1.0
 40
1.0
 40
1.0
 10
30.17980193136009
 20
29.44208731585999
 30
0.0
 10
30.22073001054014
 20
29.44208731585999
 30
0.0
 10
30.25429038030006
 20
29.42899048149999
 30
0.0
 10
30.2813028764399
 20
29.40279660196003
 30
0.0
  0
SPLINE
  5
85D
330
223
100
AcDbEntity
  8
RSMJ722_4_00DXF_CONTINUOUS_LINE
  6
Continuous
 62
     4
100
AcDbSpline
210
0.0
220
0.0
230
1.0
 70
     8
 71
     3
 72
     8
 73
     4
 74
     0
 42
0.0000001
 43
0.0000000001
 40
0.0
 40
0.0
 40
0.0
 40
0.0
 40
1.0
 40
1.0
 40
1.0
 40
1.0
 10
30.2813028764399
 20
29.40279660196003
 30
0.0
 10
30.30831507793982
 20
29.37660300690001
 30
0.0
 10
30.32223052127983
 20
29.34549796369998
 30
0.0
 10
30.32223052127983
 20
29.30948154856003
 30
0.0
  0
SPLINE
  5
85E
330
223
100
AcDbEntity
  8
RSMJ722_4_00DXF_CONTINUOUS_LINE
  6
Continuous
 62
     4
100
AcDbSpline
210
0.0
220
0.0
230
1.0
 70
     8
 71
     3
 72
     8
 73
     4
 74
     0
 42
0.0000001
 43
0.0000000001
 40
0.0
 40
0.0
 40
0.0
 40
0.0
 40
1.0
 40
1.0
 40
1.0
 40
1.0
 10
30.32223052127983
 20
29.30948154856003
 30
0.0
 10
30.32223052127983
 20
29.27510235137999
 30
0.0
 10
30.30831507793982
 20
29.23990447410003
 30
0.0
 10
30.28103619421972
 20
29.20244681470004
 30
0.0
  0
SPLINE
  5
85F
330
223
100
AcDbEntity
  8
RSMJ722_4_00DXF_CONTINUOUS_LINE
  6
Continuous
 62
     4
100
AcDbSpline
210
0.0
220
0.0
230
1.0
 70
     8
 71
     3
 72
     8
 73
     4
 74
     0
 42
0.0000001
 43
0.0000000001
 40
0.0
 40
0.0
 40
0.0
 40
0.0
 40
1.0
 40
1.0
 40
1.0
 40
1.0
 10
30.28103619421972
 20
29.20244681470004
 30
0.0
 10
30.25347212946008
 20
29.16459755842001
 30
0.0
 10
30.19126204560007
 20
29.10893585618004
 30
0.0
 10
30.09386270267987
 20
29.03689128601999
 30
0.0
  0
SPLINE
  5
860
330
223
100
AcDbEntity
  8
RSMJ722_4_00DXF_CONTINUOUS_LINE
  6
Continuous
 62
     4
100
AcDbSpline
210
0.0
220
0.0
230
1.0
 70
     8
 71
     3
 72
     8
 73
     4
 74
     0
 42
0.0000001
 43
0.0000000001
 40
0.0
 40
0.0
 40
0.0
 40
0.0
 40
1.0
 40
1.0
 40
1.0
 40
1.0
 10
30.09386270267987
 20
29.03689128601999
 30
0.0
 10
29.93341750159971
 20
28.91821280608002
 30
0.0
 10
29.82454985801996
 20
28.81507503928
 30
0.0
 10
29.76643246345975
 20
28.72830831670001
 30
0.0
  0
SPLINE
  5
861
330
223
100
AcDbEntity
  8
RSMJ722_4_00DXF_CONTINUOUS_LINE
  6
Continuous
 62
     4
100
AcDbSpline
210
0.0
220
0.0
230
1.0
 70
     8
 71
     3
 72
     8
 73
     4
 74
     0
 42
0.0000001
 43
0.0000000001
 40
0.0
 40
0.0
 40
0.0
 40
0.0
 40
1.0
 40
1.0
 40
1.0
 40
1.0
 10
29.76643246345975
 20
28.72830831670001
 30
0.0
 10
29.70831507651974
 20
28.64154160428001
 30
0.0
 10
29.67393588187997
 20
28.54822646197999
 30
0.0
 10
29.66247605466015
 20
28.44999999853999
 30
0.0
  0
SPLINE
  5
862
330
223
100
AcDbEntity
  8
RSMJ722_4_00DXF_CONTINUOUS_LINE
  6
Continuous
 62
     4
100
AcDbSpline
210
0.0
220
0.0
230
1.0
 70
     8
 71
     3
 72
     8
 73
     4
 74
     0
 42
0.0000001
 43
0.0000000001
 40
0.0
 40
0.0
 40
0.0
 40
0.0
 40
1.0
 40
1.0
 40
1.0
 40
1.0
 10
25.41500000047972
 20
87.98199862036003
 30
0.0
 10
25.42482264783985
 20
87.86085266250001
 30
0.0
 10
25.4698431089796
 20
87.76098908524
 30
0.0
 10
25.54842428023994
 20
87.68240791651999
 30
0.0
  0
SPLINE
  5
863
330
223
100
AcDbEntity
  8
RSMJ722_4_00DXF_CONTINUOUS_LINE
  6
Continuous
 62
     4
100
AcDbSpline
210
0.0
220
0.0
230
1.0
 70
     8
 71
     3
 72
     8
 73
     4
 74
     0
 42
0.0000001
 43
0.0000000001
 40
0.0
 40
0.0
 40
0.0
 40
0.0
 40
1.0
 40
1.0
 40
1.0
 40
1.0
 10
25.54842428023994
 20
87.68240791651999
 30
0.0
 10
25.62700545657981
 20
87.60382674018001
 30
0.0
 10
25.76779673709962
 20
87.56453615327996
 30
0.0
 10
25.97243519244012
 20
87.56453615327996
 30
0.0
  0
SPLINE
  5
864
330
223
100
AcDbEntity
  8
RSMJ722_4_00DXF_CONTINUOUS_LINE
  6
Continuous
 62
     4
100
AcDbSpline
210
0.0
220
0.0
230
1.0
 70
     8
 71
     3
 72
     8
 73
     4
 74
     0
 42
0.0000001
 43
0.0000000001
 40
0.0
 40
0.0
 40
0.0
 40
0.0
 40
1.0
 40
1.0
 40
1.0
 40
1.0
 10
25.97243519244012
 20
87.56453615327996
 30
0.0
 10
26.0886698291597
 20
87.56453615327996
 30
0.0
 10
26.18444064092
 20
87.58172578361999
 30
0.0
 10
26.26116917935951
 20
87.61496113498004
 30
0.0
  0
SPLINE
  5
865
330
223
100
AcDbEntity
  8
RSMJ722_4_00DXF_CONTINUOUS_LINE
  6
Continuous
 62
     4
100
AcDbSpline
210
0.0
220
0.0
230
1.0
 70
     8
 71
     3
 72
     8
 73
     4
 74
     0
 42
0.0000001
 43
0.0000000001
 40
0.0
 40
0.0
 40
0.0
 40
0.0
 40
1.0
 40
1.0
 40
1.0
 40
1.0
 10
26.26116917935951
 20
87.61496113498004
 30
0.0
 10
26.33751023318018
 20
87.64802864822002
 30
0.0
 10
26.39726462979979
 20
87.69714187994
 30
0.0
 10
26.44001678711993
 20
87.76250330623998
 30
0.0
  0
SPLINE
  5
866
330
223
100
AcDbEntity
  8
RSMJ722_4_00DXF_CONTINUOUS_LINE
  6
Continuous
 62
     4
100
AcDbSpline
210
0.0
220
0.0
230
1.0
 70
     8
 71
     3
 72
     8
 73
     4
 74
     0
 42
0.0000001
 43
0.0000000001
 40
0.0
 40
0.0
 40
0.0
 40
0.0
 40
1.0
 40
1.0
 40
1.0
 40
1.0
 10
26.44001678711993
 20
87.76250330623998
 30
0.0
 10
26.48239429443993
 20
87.82729194984003
 30
0.0
 10
26.50367665726026
 20
87.89850613811998
 30
0.0
 10
26.50367665726026
 20
87.97545020318
 30
0.0
  0
SPLINE
  5
867
330
223
100
AcDbEntity
  8
RSMJ722_4_00DXF_CONTINUOUS_LINE
  6
Continuous
 62
     4
100
AcDbSpline
210
0.0
220
0.0
230
1.0
 70
     8
 71
     3
 72
     8
 73
     4
 74
     0
 42
0.0000001
 43
0.0000000001
 40
0.0
 40
0.0
 40
0.0
 40
0.0
 40
1.0
 40
1.0
 40
1.0
 40
1.0
 10
26.50367665726026
 20
87.97545020318
 30
0.0
 10
26.50367665726026
 20
88.04093451214001
 30
0.0
 10
26.48730559780006
 20
88.09987040392
 30
0.0
 10
26.45520096807968
 20
88.15296648264001
 30
0.0
  0
SPLINE
  5
868
330
223
100
AcDbEntity
  8
RSMJ722_4_00DXF_CONTINUOUS_LINE
  6
Continuous
 62
     4
100
AcDbSpline
210
0.0
220
0.0
230
1.0
 70
     8
 71
     3
 72
     8
 73
     4
 74
     0
 42
0.0000001
 43
0.0000000001
 40
0.0
 40
0.0
 40
0.0
 40
0.0
 40
1.0
 40
1.0
 40
1.0
 40
1.0
 10
26.45520096807968
 20
88.15296648264001
 30
0.0
 10
26.42345836710001
 20
88.20546382240002
 30
0.0
 10
26.37270803934007
 20
88.24966576854001
 30
0.0
 10
26.30231244225979
 20
88.28568214303996
 30
0.0
  0
SPLINE
  5
869
330
223
100
AcDbEntity
  8
RSMJ722_4_00DXF_CONTINUOUS_LINE
  6
Continuous
 62
     4
100
AcDbSpline
210
0.0
220
0.0
230
1.0
 70
     8
 71
     3
 72
     8
 73
     4
 74
     0
 42
0.0000001
 43
0.0000000001
 40
0.0
 40
0.0
 40
0.0
 40
0.0
 40
1.0
 40
1.0
 40
1.0
 40
1.0
 10
26.30231244225979
 20
88.28568214303996
 30
0.0
 10
26.23191681470007
 20
88.32169853023998
 30
0.0
 10
26.11650071583972
 20
88.35689633640001
 30
0.0
 10
25.95426886605992
 20
88.39132680602
 30
0.0
  0
SPLINE
  5
86A
330
223
100
AcDbEntity
  8
RSMJ722_4_00DXF_CONTINUOUS_LINE
  6
Continuous
 62
     4
100
AcDbSpline
210
0.0
220
0.0
230
1.0
 70
     8
 71
     3
 72
     8
 73
     4
 74
     0
 42
0.0000001
 43
0.0000000001
 40
0.0
 40
0.0
 40
0.0
 40
0.0
 40
1.0
 40
1.0
 40
1.0
 40
1.0
 10
25.95426886605992
 20
88.39132680602
 30
0.0
 10
25.88894271273966
 20
88.40519097692001
 30
0.0
 10
25.84719645383984
 20
88.41992495811999
 30
0.0
 10
25.82943378933987
 20
88.43562219876003
 30
0.0
  0
SPLINE
  5
86B
330
223
100
AcDbEntity
  8
RSMJ722_4_00DXF_CONTINUOUS_LINE
  6
Continuous
 62
     4
100
AcDbSpline
210
0.0
220
0.0
230
1.0
 70
     8
 71
     3
 72
     8
 73
     4
 74
     0
 42
0.0000001
 43
0.0000000001
 40
0.0
 40
0.0
 40
0.0
 40
0.0
 40
1.0
 40
1.0
 40
1.0
 40
1.0
 10
25.82943378933987
 20
88.43562219876003
 30
0.0
 10
25.81199864767996
 20
88.45103000132002
 30
0.0
 10
25.80299454325996
 20
88.46821966976
 30
0.0
 10
25.80299454325996
 20
88.48786495686002
 30
0.0
  0
SPLINE
  5
86C
330
223
100
AcDbEntity
  8
RSMJ722_4_00DXF_CONTINUOUS_LINE
  6
Continuous
 62
     4
100
AcDbSpline
210
0.0
220
0.0
230
1.0
 70
     8
 71
     3
 72
     8
 73
     4
 74
     0
 42
0.0000001
 43
0.0000000001
 40
0.0
 40
0.0
 40
0.0
 40
0.0
 40
1.0
 40
1.0
 40
1.0
 40
1.0
 10
25.80299454325996
 20
88.48786495686002
 30
0.0
 10
25.80299454325996
 20
88.51405869415998
 30
0.0
 10
25.81363575895966
 20
88.53615959484003
 30
0.0
 10
25.83556876817966
 20
88.55436816141997
 30
0.0
  0
SPLINE
  5
86D
330
223
100
AcDbEntity
  8
RSMJ722_4_00DXF_CONTINUOUS_LINE
  6
Continuous
 62
     4
100
AcDbSpline
210
0.0
220
0.0
230
1.0
 70
     8
 71
     3
 72
     8
 73
     4
 74
     0
 42
0.0000001
 43
0.0000000001
 40
0.0
 40
0.0
 40
0.0
 40
0.0
 40
1.0
 40
1.0
 40
1.0
 40
1.0
 10
25.83556876817966
 20
88.55436816141997
 30
0.0
 10
25.85701909611998
 20
88.57217601252003
 30
0.0
 10
25.8897612505998
 20
88.58199861923998
 30
0.0
 10
25.93314462332
 20
88.58199861923998
 30
0.0
  0
SPLINE
  5
86E
330
223
100
AcDbEntity
  8
RSMJ722_4_00DXF_CONTINUOUS_LINE
  6
Continuous
 62
     4
100
AcDbSpline
210
0.0
220
0.0
230
1.0
 70
     8
 71
     3
 72
     8
 73
     4
 74
     0
 42
0.0000001
 43
0.0000000001
 40
0.0
 40
0.0
 40
0.0
 40
0.0
 40
1.0
 40
1.0
 40
1.0
 40
1.0
 10
25.93314462332
 20
88.58199861923998
 30
0.0
 10
25.98553202679977
 20
88.58199861923998
 30
0.0
 10
26.02645974783991
 20
88.56972032527997
 30
0.0
 10
26.05592767975986
 20
88.54516369672001
 30
0.0
  0
SPLINE
  5
86F
330
223
100
AcDbEntity
  8
RSMJ722_4_00DXF_CONTINUOUS_LINE
  6
Continuous
 62
     4
100
AcDbSpline
210
0.0
220
0.0
230
1.0
 70
     8
 71
     3
 72
     8
 73
     4
 74
     0
 42
0.0000001
 43
0.0000000001
 40
0.0
 40
0.0
 40
0.0
 40
0.0
 40
1.0
 40
1.0
 40
1.0
 40
1.0
 10
26.05592767975986
 20
88.54516369672001
 30
0.0
 10
26.08539560406007
 20
88.52060707577996
 30
0.0
 10
26.10504095974011
 20
88.48131650412
 30
0.0
 10
26.11486356900014
 20
88.42729195126
 30
0.0
  0
SPLINE
  5
870
330
223
100
AcDbEntity
  8
RSMJ722_4_00DXF_CONTINUOUS_LINE
  6
Continuous
 62
     4
100
AcDbSpline
210
0.0
220
0.0
230
1.0
 70
     8
 71
     3
 72
     8
 73
     4
 74
     0
 42
0.0000001
 43
0.0000000001
 40
0.0
 40
0.0
 40
0.0
 40
0.0
 40
1.0
 40
1.0
 40
1.0
 40
1.0
 10
26.46438608813969
 20
88.44775577368
 30
0.0
 10
26.44883356654009
 20
88.57217601252003
 30
0.0
 10
26.40053885489942
 20
88.6622169094
 30
0.0
 10
26.32032057490005
 20
88.71951570768002
 30
0.0
  0
SPLINE
  5
871
330
223
100
AcDbEntity
  8
RSMJ722_4_00DXF_CONTINUOUS_LINE
  6
Continuous
 62
     4
100
AcDbSpline
210
0.0
220
0.0
230
1.0
 70
     8
 71
     3
 72
     8
 73
     4
 74
     0
 42
0.0000001
 43
0.0000000001
 40
0.0
 40
0.0
 40
0.0
 40
0.0
 40
1.0
 40
1.0
 40
1.0
 40
1.0
 10
26.32032057490005
 20
88.71951570768002
 30
0.0
 10
26.24010234315983
 20
88.77681447040004
 30
0.0
 10
26.1230490974599
 20
88.80546389494003
 30
0.0
 10
25.96997950519972
 20
88.80546389494003
 30
0.0
  0
SPLINE
  5
872
330
223
100
AcDbEntity
  8
RSMJ722_4_00DXF_CONTINUOUS_LINE
  6
Continuous
 62
     4
100
AcDbSpline
210
0.0
220
0.0
230
1.0
 70
     8
 71
     3
 72
     8
 73
     4
 74
     0
 42
0.0000001
 43
0.0000000001
 40
0.0
 40
0.0
 40
0.0
 40
0.0
 40
1.0
 40
1.0
 40
1.0
 40
1.0
 10
25.96997950519972
 20
88.80546389494003
 30
0.0
 10
25.84474080215978
 20
88.80546389494003
 30
0.0
 10
25.74651433871986
 20
88.78909283548
 30
0.0
 10
25.67448156431965
 20
88.75798774910001
 30
0.0
  0
SPLINE
  5
873
330
223
100
AcDbEntity
  8
RSMJ722_4_00DXF_CONTINUOUS_LINE
  6
Continuous
 62
     4
100
AcDbSpline
210
0.0
220
0.0
230
1.0
 70
     8
 71
     3
 72
     8
 73
     4
 74
     0
 42
0.0000001
 43
0.0000000001
 40
0.0
 40
0.0
 40
0.0
 40
0.0
 40
1.0
 40
1.0
 40
1.0
 40
1.0
 10
25.67448156431965
 20
88.75798774910001
 30
0.0
 10
25.60244883309997
 20
88.72688268049998
 30
0.0
 10
25.5492428358798
 20
88.68349934588
 30
0.0
 10
25.51322644868014
 20
88.62865619673997
 30
0.0
  0
SPLINE
  5
874
330
223
100
AcDbEntity
  8
RSMJ722_4_00DXF_CONTINUOUS_LINE
  6
Continuous
 62
     4
100
AcDbSpline
210
0.0
220
0.0
230
1.0
 70
     8
 71
     3
 72
     8
 73
     4
 74
     0
 42
0.0000001
 43
0.0000000001
 40
0.0
 40
0.0
 40
0.0
 40
0.0
 40
1.0
 40
1.0
 40
1.0
 40
1.0
 10
25.51322644868014
 20
88.62865619673997
 30
0.0
 10
25.47721009195993
 20
88.57381308824
 30
0.0
 10
25.46002046669992
 20
88.51569577242
 30
0.0
 10
25.46002046669992
 20
88.45430422641999
 30
0.0
  0
SPLINE
  5
875
330
223
100
AcDbEntity
  8
RSMJ722_4_00DXF_CONTINUOUS_LINE
  6
Continuous
 62
     4
100
AcDbSpline
210
0.0
220
0.0
230
1.0
 70
     8
 71
     3
 72
     8
 73
     4
 74
     0
 42
0.0000001
 43
0.0000000001
 40
0.0
 40
0.0
 40
0.0
 40
0.0
 40
1.0
 40
1.0
 40
1.0
 40
1.0
 10
25.46002046669992
 20
88.45430422641999
 30
0.0
 10
25.46002046669992
 20
88.36017056403998
 30
0.0
 10
25.4943997248397
 20
88.28322649898001
 30
0.0
 10
25.56444125353983
 20
88.22224915332004
 30
0.0
  0
SPLINE
  5
876
330
223
100
AcDbEntity
  8
RSMJ722_4_00DXF_CONTINUOUS_LINE
  6
Continuous
 62
     4
100
AcDbSpline
210
0.0
220
0.0
230
1.0
 70
     8
 71
     3
 72
     8
 73
     4
 74
     0
 42
0.0000001
 43
0.0000000001
 40
0.0
 40
0.0
 40
0.0
 40
0.0
 40
1.0
 40
1.0
 40
1.0
 40
1.0
 10
25.56444125353983
 20
88.22224915332004
 30
0.0
 10
25.63355389153958
 20
88.16208048778
 30
0.0
 10
25.74978852826007
 20
88.11296727383998
 30
0.0
 10
25.91265418169996
 20
88.07683143806003
 30
0.0
  0
SPLINE
  5
877
330
223
100
AcDbEntity
  8
RSMJ722_4_00DXF_CONTINUOUS_LINE
  6
Continuous
 62
     4
100
AcDbSpline
210
0.0
220
0.0
230
1.0
 70
     8
 71
     3
 72
     8
 73
     4
 74
     0
 42
0.0000001
 43
0.0000000001
 40
0.0
 40
0.0
 40
0.0
 40
0.0
 40
1.0
 40
1.0
 40
1.0
 40
1.0
 10
25.91265418169996
 20
88.07683143806003
 30
0.0
 10
26.01172576409999
 20
88.05484991991997
 30
0.0
 10
26.0747544569399
 20
88.03193040771998
 30
0.0
 10
26.10240235948004
 20
88.00717109478
 30
0.0
  0
SPLINE
  5
878
330
223
100
AcDbEntity
  8
RSMJ722_4_00DXF_CONTINUOUS_LINE
  6
Continuous
 62
     4
100
AcDbSpline
210
0.0
220
0.0
230
1.0
 70
     8
 71
     3
 72
     8
 73
     4
 74
     0
 42
0.0000001
 43
0.0000000001
 40
0.0
 40
0.0
 40
0.0
 40
0.0
 40
1.0
 40
1.0
 40
1.0
 40
1.0
 10
26.10240235948004
 20
88.00717109478
 30
0.0
 10
26.12959755019983
 20
87.98281719378
 30
0.0
 10
26.14351299353984
 20
87.95498634265996
 30
0.0
 10
26.14351299353984
 20
87.92388130199998
 30
0.0
  0
SPLINE
  5
879
330
223
100
AcDbEntity
  8
RSMJ722_4_00DXF_CONTINUOUS_LINE
  6
Continuous
 62
     4
100
AcDbSpline
210
0.0
220
0.0
230
1.0
 70
     8
 71
     3
 72
     8
 73
     4
 74
     0
 42
0.0000001
 43
0.0000000001
 40
0.0
 40
0.0
 40
0.0
 40
0.0
 40
1.0
 40
1.0
 40
1.0
 40
1.0
 10
26.14351299353984
 20
87.92388130199998
 30
0.0
 10
26.14351299353984
 20
87.89113914752005
 30
0.0
 10
26.12877901233969
 20
87.86167121814
 30
0.0
 10
26.10012959541973
 20
87.83711457942002
 30
0.0
  0
SPLINE
  5
87A
330
223
100
AcDbEntity
  8
RSMJ722_4_00DXF_CONTINUOUS_LINE
  6
Continuous
 62
     4
100
AcDbSpline
210
0.0
220
0.0
230
1.0
 70
     8
 71
     3
 72
     8
 73
     4
 74
     0
 42
0.0000001
 43
0.0000000001
 40
0.0
 40
0.0
 40
0.0
 40
0.0
 40
1.0
 40
1.0
 40
1.0
 40
1.0
 10
26.10012959541973
 20
87.83711457942002
 30
0.0
 10
26.07148023183981
 20
87.81255798642002
 30
0.0
 10
26.03055251079968
 20
87.80027967468001
 30
0.0
 10
25.97816510731991
 20
87.80027967468001
 30
0.0
  0
SPLINE
  5
87B
330
223
100
AcDbEntity
  8
RSMJ722_4_00DXF_CONTINUOUS_LINE
  6
Continuous
 62
     4
100
AcDbSpline
210
0.0
220
0.0
230
1.0
 70
     8
 71
     3
 72
     8
 73
     4
 74
     0
 42
0.0000001
 43
0.0000000001
 40
0.0
 40
0.0
 40
0.0
 40
0.0
 40
1.0
 40
1.0
 40
1.0
 40
1.0
 10
25.97816510731991
 20
87.80027967468001
 30
0.0
 10
25.90695088347957
 20
87.80027967468001
 30
0.0
 10
25.85210779275985
 20
87.82401774252
 30
0.0
 10
25.81401212599985
 20
87.87278018500001
 30
0.0
  0
SPLINE
  5
87C
330
223
100
AcDbEntity
  8
RSMJ722_4_00DXF_CONTINUOUS_LINE
  6
Continuous
 62
     4
100
AcDbSpline
210
0.0
220
0.0
230
1.0
 70
     8
 71
     3
 72
     8
 73
     4
 74
     0
 42
0.0000001
 43
0.0000000001
 40
0.0
 40
0.0
 40
0.0
 40
0.0
 40
1.0
 40
1.0
 40
1.0
 40
1.0
 10
25.81401212599985
 20
87.87278018500001
 30
0.0
 10
25.79071624675998
 20
87.90259890107998
 30
0.0
 10
25.77516372770015
 20
87.94680081165998
 30
0.0
 10
25.76779673709962
 20
88.00409959215997
 30
0.0
  0
SPLINE
  5
87D
330
223
100
AcDbEntity
  8
RSMJ722_4_00DXF_CONTINUOUS_LINE
  6
Continuous
 62
     4
100
AcDbSpline
210
0.0
220
0.0
230
1.0
 70
     8
 71
     3
 72
     8
 73
     4
 74
     0
 42
0.0000001
 43
0.0000000001
 40
0.0
 40
0.0
 40
0.0
 40
0.0
 40
1.0
 40
1.0
 40
1.0
 40
1.0
 10
20.89999999823976
 20
88.18431788298005
 30
0.0
 10
20.89999999823976
 20
88.06699180318003
 30
0.0
 10
20.92251023769995
 20
87.97012960676
 30
0.0
 10
20.96864217997972
 20
87.89221787536005
 30
0.0
  0
SPLINE
  5
87E
330
223
100
AcDbEntity
  8
RSMJ722_4_00DXF_CONTINUOUS_LINE
  6
Continuous
 62
     4
100
AcDbSpline
210
0.0
220
0.0
230
1.0
 70
     8
 71
     3
 72
     8
 73
     4
 74
     0
 42
0.0000001
 43
0.0000000001
 40
0.0
 40
0.0
 40
0.0
 40
0.0
 40
1.0
 40
1.0
 40
1.0
 40
1.0
 10
20.96864217997972
 20
87.89221787536005
 30
0.0
 10
21.01459754399957
 20
87.81460436790005
 30
0.0
 10
21.07462483059999
 20
87.75730558994005
 30
0.0
 10
21.14816006834008
 20
87.7215592911
 30
0.0
  0
SPLINE
  5
87F
330
223
100
AcDbEntity
  8
RSMJ722_4_00DXF_CONTINUOUS_LINE
  6
Continuous
 62
     4
100
AcDbSpline
210
0.0
220
0.0
230
1.0
 70
     8
 71
     3
 72
     8
 73
     4
 74
     0
 42
0.0000001
 43
0.0000000001
 40
0.0
 40
0.0
 40
0.0
 40
0.0
 40
1.0
 40
1.0
 40
1.0
 40
1.0
 10
21.14816006834008
 20
87.7215592911
 30
0.0
 10
21.22196451559967
 20
87.68568212638002
 30
0.0
 10
21.31541610670001
 20
87.66794679482007
 30
0.0
 10
21.42864940321988
 20
87.66794679482007
 30
0.0
  0
SPLINE
  5
880
330
223
100
AcDbEntity
  8
RSMJ722_4_00DXF_CONTINUOUS_LINE
  6
Continuous
 62
     4
100
AcDbSpline
210
0.0
220
0.0
230
1.0
 70
     8
 71
     3
 72
     8
 73
     4
 74
     0
 42
0.0000001
 43
0.0000000001
 40
0.0
 40
0.0
 40
0.0
 40
0.0
 40
1.0
 40
1.0
 40
1.0
 40
1.0
 10
21.42864940321988
 20
87.66794679482007
 30
0.0
 10
21.53915415046004
 20
87.66794679482007
 30
0.0
 10
21.63192359407958
 20
87.68841064009999
 30
0.0
 10
21.70627556881982
 20
87.73002045019996
 30
0.0
  0
SPLINE
  5
881
330
223
100
AcDbEntity
  8
RSMJ722_4_00DXF_CONTINUOUS_LINE
  6
Continuous
 62
     4
100
AcDbSpline
210
0.0
220
0.0
230
1.0
 70
     8
 71
     3
 72
     8
 73
     4
 74
     0
 42
0.0000001
 43
0.0000000001
 40
0.0
 40
0.0
 40
0.0
 40
0.0
 40
1.0
 40
1.0
 40
1.0
 40
1.0
 10
21.70627556881982
 20
87.73002045019996
 30
0.0
 10
21.78062758674014
 20
87.77163028316
 30
0.0
 10
21.83724419181954
 20
87.82961117811996
 30
0.0
 10
21.87680760773992
 20
87.90464529018001
 30
0.0
  0
SPLINE
  5
882
330
223
100
AcDbEntity
  8
RSMJ722_4_00DXF_CONTINUOUS_LINE
  6
Continuous
 62
     4
100
AcDbSpline
210
0.0
220
0.0
230
1.0
 70
     8
 71
     3
 72
     8
 73
     4
 74
     0
 42
0.0000001
 43
0.0000000001
 40
0.0
 40
0.0
 40
0.0
 40
0.0
 40
1.0
 40
1.0
 40
1.0
 40
1.0
 10
21.87680760773992
 20
87.90464529018001
 30
0.0
 10
21.91637102619961
 20
87.97967940223998
 30
0.0
 10
21.93615285354008
 20
88.07517733926002
 30
0.0
 10
21.93615285354008
 20
88.19250338857998
 30
0.0
  0
SPLINE
  5
883
330
223
100
AcDbEntity
  8
RSMJ722_4_00DXF_CONTINUOUS_LINE
  6
Continuous
 62
     4
100
AcDbSpline
210
0.0
220
0.0
230
1.0
 70
     8
 71
     3
 72
     8
 73
     4
 74
     0
 42
0.0000001
 43
0.0000000001
 40
0.0
 40
0.0
 40
0.0
 40
0.0
 40
1.0
 40
1.0
 40
1.0
 40
1.0
 10
21.93615285354008
 20
88.19250338857998
 30
0.0
 10
21.93615285354008
 20
88.3534857006
 30
0.0
 10
21.89113239239987
 20
88.47831517154
 30
0.0
 10
21.80109143963955
 20
88.56767394887999
 30
0.0
  0
SPLINE
  5
884
330
223
100
AcDbEntity
  8
RSMJ722_4_00DXF_CONTINUOUS_LINE
  6
Continuous
 62
     4
100
AcDbSpline
210
0.0
220
0.0
230
1.0
 70
     8
 71
     3
 72
     8
 73
     4
 74
     0
 42
0.0000001
 43
0.0000000001
 40
0.0
 40
0.0
 40
0.0
 40
0.0
 40
1.0
 40
1.0
 40
1.0
 40
1.0
 10
21.80109143963955
 20
88.56767394887999
 30
0.0
 10
21.7110504894199
 20
88.65703272368003
 30
0.0
 10
21.58281038014002
 20
88.70205324577998
 30
0.0
 10
21.41637108639952
 20
88.70205324577998
 30
0.0
  0
SPLINE
  5
885
330
223
100
AcDbEntity
  8
RSMJ722_4_00DXF_CONTINUOUS_LINE
  6
Continuous
 62
     4
100
AcDbSpline
210
0.0
220
0.0
230
1.0
 70
     8
 71
     3
 72
     8
 73
     4
 74
     0
 42
0.0000001
 43
0.0000000001
 40
0.0
 40
0.0
 40
0.0
 40
0.0
 40
1.0
 40
1.0
 40
1.0
 40
1.0
 10
21.41637108639952
 20
88.70205324577998
 30
0.0
 10
21.25402454291998
 20
88.70205324577998
 30
0.0
 10
21.12714869557976
 20
88.65635060922003
 30
0.0
 10
21.0364256562998
 20
88.56562755977995
 30
0.0
  0
SPLINE
  5
886
330
223
100
AcDbEntity
  8
RSMJ722_4_00DXF_CONTINUOUS_LINE
  6
Continuous
 62
     4
100
AcDbSpline
210
0.0
220
0.0
230
1.0
 70
     8
 71
     3
 72
     8
 73
     4
 74
     0
 42
0.0000001
 43
0.0000000001
 40
0.0
 40
0.0
 40
0.0
 40
0.0
 40
1.0
 40
1.0
 40
1.0
 40
1.0
 10
21.0364256562998
 20
88.56562755977995
 30
0.0
 10
20.94502046699972
 20
88.47422235777998
 30
0.0
 10
20.89999999823976
 20
88.34734654092
 30
0.0
 10
20.89999999823976
 20
88.18431788298005
 30
0.0
  0
SPLINE
  5
887
330
223
100
AcDbEntity
  8
RSMJ722_4_00DXF_CONTINUOUS_LINE
  6
Continuous
 62
     4
100
AcDbSpline
210
0.0
220
0.0
230
1.0
 70
     8
 71
     3
 72
     8
 73
     4
 74
     0
 42
0.0000001
 43
0.0000000001
 40
0.0
 40
0.0
 40
0.0
 40
0.0
 40
1.0
 40
1.0
 40
1.0
 40
1.0
 10
21.20900408177977
 20
88.18295362358
 30
0.0
 10
21.20900408177977
 20
88.28459071774
 30
0.0
 10
21.22742156081995
 20
88.35757845340001
 30
0.0
 10
21.26559340218
 20
88.40194031286
 30
0.0
  0
SPLINE
  5
888
330
223
100
AcDbEntity
  8
RSMJ722_4_00DXF_CONTINUOUS_LINE
  6
Continuous
 62
     4
100
AcDbSpline
210
0.0
220
0.0
230
1.0
 70
     8
 71
     3
 72
     8
 73
     4
 74
     0
 42
0.0000001
 43
0.0000000001
 40
0.0
 40
0.0
 40
0.0
 40
0.0
 40
1.0
 40
1.0
 40
1.0
 40
1.0
 10
21.26559340218
 20
88.40194031286
 30
0.0
 10
21.30313778733989
 20
88.44557296880001
 30
0.0
 10
21.35293314622004
 20
88.46808320064002
 30
0.0
 10
21.41568896939998
 20
88.46808320064002
 30
0.0
  0
SPLINE
  5
889
330
223
100
AcDbEntity
  8
RSMJ722_4_00DXF_CONTINUOUS_LINE
  6
Continuous
 62
     4
100
AcDbSpline
210
0.0
220
0.0
230
1.0
 70
     8
 71
     3
 72
     8
 73
     4
 74
     0
 42
0.0000001
 43
0.0000000001
 40
0.0
 40
0.0
 40
0.0
 40
0.0
 40
1.0
 40
1.0
 40
1.0
 40
1.0
 10
21.41568896939998
 20
88.46808320064002
 30
0.0
 10
21.48049113849993
 20
88.46808320064002
 30
0.0
 10
21.53165075931975
 20
88.44625514422
 30
0.0
 10
21.56984994632012
 20
88.40259891454
 30
0.0
  0
SPLINE
  5
88A
330
223
100
AcDbEntity
  8
RSMJ722_4_00DXF_CONTINUOUS_LINE
  6
Continuous
 62
     4
100
AcDbSpline
210
0.0
220
0.0
230
1.0
 70
     8
 71
     3
 72
     8
 73
     4
 74
     0
 42
0.0000001
 43
0.0000000001
 40
0.0
 40
0.0
 40
0.0
 40
0.0
 40
1.0
 40
1.0
 40
1.0
 40
1.0
 10
21.56984994632012
 20
88.40259891454
 30
0.0
 10
21.60804913332004
 20
88.35894268486004
 30
0.0
 10
21.62714872681954
 20
88.29072987742
 30
0.0
 10
21.62714872681954
 20
88.19659620234
 30
0.0
  0
SPLINE
  5
88B
330
223
100
AcDbEntity
  8
RSMJ722_4_00DXF_CONTINUOUS_LINE
  6
Continuous
 62
     4
100
AcDbSpline
210
0.0
220
0.0
230
1.0
 70
     8
 71
     3
 72
     8
 73
     4
 74
     0
 42
0.0000001
 43
0.0000000001
 40
0.0
 40
0.0
 40
0.0
 40
0.0
 40
1.0
 40
1.0
 40
1.0
 40
1.0
 10
21.62714872681954
 20
88.19659620234
 30
0.0
 10
21.62714872681954
 20
88.08472713473998
 30
0.0
 10
21.60873124777982
 20
88.00696453182005
 30
0.0
 10
21.57254704785964
 20
87.96401693674
 30
0.0
  0
SPLINE
  5
88C
330
223
100
AcDbEntity
  8
RSMJ722_4_00DXF_CONTINUOUS_LINE
  6
Continuous
 62
     4
100
AcDbSpline
210
0.0
220
0.0
230
1.0
 70
     8
 71
     3
 72
     8
 73
     4
 74
     0
 42
0.0000001
 43
0.0000000001
 40
0.0
 40
0.0
 40
0.0
 40
0.0
 40
1.0
 40
1.0
 40
1.0
 40
1.0
 10
21.57254704785964
 20
87.96401693674
 30
0.0
 10
21.53574351212001
 20
87.92033424534
 30
0.0
 10
21.48458389129974
 20
87.89918826273998
 30
0.0
 10
21.41841749073956
 20
87.89918826273998
 30
0.0
  0
SPLINE
  5
88D
330
223
100
AcDbEntity
  8
RSMJ722_4_00DXF_CONTINUOUS_LINE
  6
Continuous
 62
     4
100
AcDbSpline
210
0.0
220
0.0
230
1.0
 70
     8
 71
     3
 72
     8
 73
     4
 74
     0
 42
0.0000001
 43
0.0000000001
 40
0.0
 40
0.0
 40
0.0
 40
0.0
 40
1.0
 40
1.0
 40
1.0
 40
1.0
 10
21.41841749073956
 20
87.89918826273998
 30
0.0
 10
21.35361526322004
 20
87.89918826273998
 30
0.0
 10
21.30245567287966
 20
87.92101637758
 30
0.0
 10
21.26477049551977
 20
87.96521080278
 30
0.0
  0
SPLINE
  5
88E
330
223
100
AcDbEntity
  8
RSMJ722_4_00DXF_CONTINUOUS_LINE
  6
Continuous
 62
     4
100
AcDbSpline
210
0.0
220
0.0
230
1.0
 70
     8
 71
     3
 72
     8
 73
     4
 74
     0
 42
0.0000001
 43
0.0000000001
 40
0.0
 40
0.0
 40
0.0
 40
0.0
 40
1.0
 40
1.0
 40
1.0
 40
1.0
 10
21.26477049551977
 20
87.96521080278
 30
0.0
 10
21.22742156081995
 20
88.00901090822
 30
0.0
 10
21.20900408177977
 20
88.08199864388001
 30
0.0
 10
21.20900408177977
 20
88.18295362358
 30
0.0
  0
SPLINE
  5
88F
330
223
100
AcDbEntity
  8
RSMJ722_4_00DXF_CONTINUOUS_LINE
  6
Continuous
 62
     4
100
AcDbSpline
210
0.0
220
0.0
230
1.0
 70
     8
 71
     3
 72
     8
 73
     4
 74
     0
 42
0.0000001
 43
0.0000000001
 40
0.0
 40
0.0
 40
0.0
 40
0.0
 40
1.0
 40
1.0
 40
1.0
 40
1.0
 10
9.700272877799762
 20
88.18431788298005
 30
0.0
 10
9.700272877799762
 20
88.06699180318003
 30
0.0
 10
9.72278311725995
 20
87.97012960676
 30
0.0
 10
9.768915059539722
 20
87.89221787536005
 30
0.0
  0
SPLINE
  5
890
330
223
100
AcDbEntity
  8
RSMJ722_4_00DXF_CONTINUOUS_LINE
  6
Continuous
 62
     4
100
AcDbSpline
210
0.0
220
0.0
230
1.0
 70
     8
 71
     3
 72
     8
 73
     4
 74
     0
 42
0.0000001
 43
0.0000000001
 40
0.0
 40
0.0
 40
0.0
 40
0.0
 40
1.0
 40
1.0
 40
1.0
 40
1.0
 10
9.768915059539722
 20
87.89221787536005
 30
0.0
 10
9.814870421019805
 20
87.81460436790005
 30
0.0
 10
9.874897707619766
 20
87.75730558994005
 30
0.0
 10
9.948432947899619
 20
87.7215592911
 30
0.0
  0
SPLINE
  5
891
330
223
100
AcDbEntity
  8
RSMJ722_4_00DXF_CONTINUOUS_LINE
  6
Continuous
 62
     4
100
AcDbSpline
210
0.0
220
0.0
230
1.0
 70
     8
 71
     3
 72
     8
 73
     4
 74
     0
 42
0.0000001
 43
0.0000000001
 40
0.0
 40
0.0
 40
0.0
 40
0.0
 40
1.0
 40
1.0
 40
1.0
 40
1.0
 10
9.948432947899619
 20
87.7215592911
 30
0.0
 10
10.02223739516012
 20
87.68568212638002
 30
0.0
 10
10.11568898371979
 20
87.66794679482007
 30
0.0
 10
10.22892228277988
 20
87.66794679482007
 30
0.0
  0
SPLINE
  5
892
330
223
100
AcDbEntity
  8
RSMJ722_4_00DXF_CONTINUOUS_LINE
  6
Continuous
 62
     4
100
AcDbSpline
210
0.0
220
0.0
230
1.0
 70
     8
 71
     3
 72
     8
 73
     4
 74
     0
 42
0.0000001
 43
0.0000000001
 40
0.0
 40
0.0
 40
0.0
 40
0.0
 40
1.0
 40
1.0
 40
1.0
 40
1.0
 10
10.22892228277988
 20
87.66794679482007
 30
0.0
 10
10.33942703002003
 20
87.66794679482007
 30
0.0
 10
10.43219647363958
 20
87.68841064009999
 30
0.0
 10
10.50654844837982
 20
87.73002045019996
 30
0.0
  0
SPLINE
  5
893
330
223
100
AcDbEntity
  8
RSMJ722_4_00DXF_CONTINUOUS_LINE
  6
Continuous
 62
     4
100
AcDbSpline
210
0.0
220
0.0
230
1.0
 70
     8
 71
     3
 72
     8
 73
     4
 74
     0
 42
0.0000001
 43
0.0000000001
 40
0.0
 40
0.0
 40
0.0
 40
0.0
 40
1.0
 40
1.0
 40
1.0
 40
1.0
 10
10.50654844837982
 20
87.73002045019996
 30
0.0
 10
10.58090046630014
 20
87.77163028316
 30
0.0
 10
10.63751706883977
 20
87.82961117811996
 30
0.0
 10
10.67708048729992
 20
87.90464529018001
 30
0.0
  0
SPLINE
  5
894
330
223
100
AcDbEntity
  8
RSMJ722_4_00DXF_CONTINUOUS_LINE
  6
Continuous
 62
     4
100
AcDbSpline
210
0.0
220
0.0
230
1.0
 70
     8
 71
     3
 72
     8
 73
     4
 74
     0
 42
0.0000001
 43
0.0000000001
 40
0.0
 40
0.0
 40
0.0
 40
0.0
 40
1.0
 40
1.0
 40
1.0
 40
1.0
 10
10.67708048729992
 20
87.90464529018001
 30
0.0
 10
10.71664390575961
 20
87.97967940223998
 30
0.0
 10
10.73642573310008
 20
88.07517733926002
 30
0.0
 10
10.73642573310008
 20
88.19250338857998
 30
0.0
  0
SPLINE
  5
895
330
223
100
AcDbEntity
  8
RSMJ722_4_00DXF_CONTINUOUS_LINE
  6
Continuous
 62
     4
100
AcDbSpline
210
0.0
220
0.0
230
1.0
 70
     8
 71
     3
 72
     8
 73
     4
 74
     0
 42
0.0000001
 43
0.0000000001
 40
0.0
 40
0.0
 40
0.0
 40
0.0
 40
1.0
 40
1.0
 40
1.0
 40
1.0
 10
10.73642573310008
 20
88.19250338857998
 30
0.0
 10
10.73642573310008
 20
88.3534857006
 30
0.0
 10
10.69140527195987
 20
88.47831517154
 30
0.0
 10
10.60136431919955
 20
88.56767394887999
 30
0.0
  0
SPLINE
  5
896
330
223
100
AcDbEntity
  8
RSMJ722_4_00DXF_CONTINUOUS_LINE
  6
Continuous
 62
     4
100
AcDbSpline
210
0.0
220
0.0
230
1.0
 70
     8
 71
     3
 72
     8
 73
     4
 74
     0
 42
0.0000001
 43
0.0000000001
 40
0.0
 40
0.0
 40
0.0
 40
0.0
 40
1.0
 40
1.0
 40
1.0
 40
1.0
 10
10.60136431919955
 20
88.56767394887999
 30
0.0
 10
10.51132336643968
 20
88.65703272368003
 30
0.0
 10
10.38308325970002
 20
88.70205324577998
 30
0.0
 10
10.21664396342021
 20
88.70205324577998
 30
0.0
  0
SPLINE
  5
897
330
223
100
AcDbEntity
  8
RSMJ722_4_00DXF_CONTINUOUS_LINE
  6
Continuous
 62
     4
100
AcDbSpline
210
0.0
220
0.0
230
1.0
 70
     8
 71
     3
 72
     8
 73
     4
 74
     0
 42
0.0000001
 43
0.0000000001
 40
0.0
 40
0.0
 40
0.0
 40
0.0
 40
1.0
 40
1.0
 40
1.0
 40
1.0
 10
10.21664396342021
 20
88.70205324577998
 30
0.0
 10
10.05429742247998
 20
88.70205324577998
 30
0.0
 10
9.92742157513976
 20
88.65635060922003
 30
0.0
 10
9.836698535859796
 20
88.56562755977995
 30
0.0
  0
SPLINE
  5
898
330
223
100
AcDbEntity
  8
RSMJ722_4_00DXF_CONTINUOUS_LINE
  6
Continuous
 62
     4
100
AcDbSpline
210
0.0
220
0.0
230
1.0
 70
     8
 71
     3
 72
     8
 73
     4
 74
     0
 42
0.0000001
 43
0.0000000001
 40
0.0
 40
0.0
 40
0.0
 40
0.0
 40
1.0
 40
1.0
 40
1.0
 40
1.0
 10
9.836698535859796
 20
88.56562755977995
 30
0.0
 10
9.74529334655972
 20
88.47422235777998
 30
0.0
 10
9.700272877799762
 20
88.34734654092
 30
0.0
 10
9.700272877799762
 20
88.18431788298005
 30
0.0
  0
SPLINE
  5
899
330
223
100
AcDbEntity
  8
RSMJ722_4_00DXF_CONTINUOUS_LINE
  6
Continuous
 62
     4
100
AcDbSpline
210
0.0
220
0.0
230
1.0
 70
     8
 71
     3
 72
     8
 73
     4
 74
     0
 42
0.0000001
 43
0.0000000001
 40
0.0
 40
0.0
 40
0.0
 40
0.0
 40
1.0
 40
1.0
 40
1.0
 40
1.0
 10
10.00927696133976
 20
88.18295362358
 30
0.0
 10
10.00927696133976
 20
88.28459071774
 30
0.0
 10
10.02769443783973
 20
88.35757845340001
 30
0.0
 10
10.06586627919978
 20
88.40194031286
 30
0.0
  0
SPLINE
  5
89A
330
223
100
AcDbEntity
  8
RSMJ722_4_00DXF_CONTINUOUS_LINE
  6
Continuous
 62
     4
100
AcDbSpline
210
0.0
220
0.0
230
1.0
 70
     8
 71
     3
 72
     8
 73
     4
 74
     0
 42
0.0000001
 43
0.0000000001
 40
0.0
 40
0.0
 40
0.0
 40
0.0
 40
1.0
 40
1.0
 40
1.0
 40
1.0
 10
10.06586627919978
 20
88.40194031286
 30
0.0
 10
10.10341066689989
 20
88.44557296880001
 30
0.0
 10
10.15320602578004
 20
88.46808320064002
 30
0.0
 10
10.21596184895998
 20
88.46808320064002
 30
0.0
  0
SPLINE
  5
89B
330
223
100
AcDbEntity
  8
RSMJ722_4_00DXF_CONTINUOUS_LINE
  6
Continuous
 62
     4
100
AcDbSpline
210
0.0
220
0.0
230
1.0
 70
     8
 71
     3
 72
     8
 73
     4
 74
     0
 42
0.0000001
 43
0.0000000001
 40
0.0
 40
0.0
 40
0.0
 40
0.0
 40
1.0
 40
1.0
 40
1.0
 40
1.0
 10
10.21596184895998
 20
88.46808320064002
 30
0.0
 10
10.28076401805993
 20
88.46808320064002
 30
0.0
 10
10.33192363887974
 20
88.44625514422
 30
0.0
 10
10.37012282588012
 20
88.40259891454
 30
0.0
  0
SPLINE
  5
89C
330
223
100
AcDbEntity
  8
RSMJ722_4_00DXF_CONTINUOUS_LINE
  6
Continuous
 62
     4
100
AcDbSpline
210
0.0
220
0.0
230
1.0
 70
     8
 71
     3
 72
     8
 73
     4
 74
     0
 42
0.0000001
 43
0.0000000001
 40
0.0
 40
0.0
 40
0.0
 40
0.0
 40
1.0
 40
1.0
 40
1.0
 40
1.0
 10
10.37012282588012
 20
88.40259891454
 30
0.0
 10
10.40832201033982
 20
88.35894268486004
 30
0.0
 10
10.42742160384023
 20
88.29072987742
 30
0.0
 10
10.42742160384023
 20
88.19659620234
 30
0.0
  0
SPLINE
  5
89D
330
223
100
AcDbEntity
  8
RSMJ722_4_00DXF_CONTINUOUS_LINE
  6
Continuous
 62
     4
100
AcDbSpline
210
0.0
220
0.0
230
1.0
 70
     8
 71
     3
 72
     8
 73
     4
 74
     0
 42
0.0000001
 43
0.0000000001
 40
0.0
 40
0.0
 40
0.0
 40
0.0
 40
1.0
 40
1.0
 40
1.0
 40
1.0
 10
10.42742160384023
 20
88.19659620234
 30
0.0
 10
10.42742160384023
 20
88.08472713473998
 30
0.0
 10
10.40900412733981
 20
88.00696453182005
 30
0.0
 10
10.3728199274201
 20
87.96401693674
 30
0.0
  0
SPLINE
  5
89E
330
223
100
AcDbEntity
  8
RSMJ722_4_00DXF_CONTINUOUS_LINE
  6
Continuous
 62
     4
100
AcDbSpline
210
0.0
220
0.0
230
1.0
 70
     8
 71
     3
 72
     8
 73
     4
 74
     0
 42
0.0000001
 43
0.0000000001
 40
0.0
 40
0.0
 40
0.0
 40
0.0
 40
1.0
 40
1.0
 40
1.0
 40
1.0
 10
10.3728199274201
 20
87.96401693674
 30
0.0
 10
10.33601639168
 20
87.92033424534
 30
0.0
 10
10.28485677085973
 20
87.89918826273998
 30
0.0
 10
10.21869037030001
 20
87.89918826273998
 30
0.0
  0
SPLINE
  5
89F
330
223
100
AcDbEntity
  8
RSMJ722_4_00DXF_CONTINUOUS_LINE
  6
Continuous
 62
     4
100
AcDbSpline
210
0.0
220
0.0
230
1.0
 70
     8
 71
     3
 72
     8
 73
     4
 74
     0
 42
0.0000001
 43
0.0000000001
 40
0.0
 40
0.0
 40
0.0
 40
0.0
 40
1.0
 40
1.0
 40
1.0
 40
1.0
 10
10.21869037030001
 20
87.89918826273998
 30
0.0
 10
10.15388814023981
 20
87.89918826273998
 30
0.0
 10
10.10272854989989
 20
87.92101637758
 30
0.0
 10
10.06504337507977
 20
87.96521080278
 30
0.0
  0
SPLINE
  5
8A0
330
223
100
AcDbEntity
  8
RSMJ722_4_00DXF_CONTINUOUS_LINE
  6
Continuous
 62
     4
100
AcDbSpline
210
0.0
220
0.0
230
1.0
 70
     8
 71
     3
 72
     8
 73
     4
 74
     0
 42
0.0000001
 43
0.0000000001
 40
0.0
 40
0.0
 40
0.0
 40
0.0
 40
1.0
 40
1.0
 40
1.0
 40
1.0
 10
10.06504337507977
 20
87.96521080278
 30
0.0
 10
10.02769443783973
 20
88.00901090822
 30
0.0
 10
10.00927696133976
 20
88.08199864388001
 30
0.0
 10
10.00927696133976
 20
88.18295362358
 30
0.0
  0
SPLINE
  5
8A1
330
223
100
AcDbEntity
  8
RSMJ722_4_00DXF_CONTINUOUS_LINE
  6
Continuous
 62
     4
100
AcDbSpline
210
0.0
220
0.0
230
1.0
 70
     8
 71
     3
 72
     8
 73
     4
 74
     0
 42
0.0000001
 43
0.0000000001
 40
0.0
 40
0.0
 40
0.0
 40
0.0
 40
1.0
 40
1.0
 40
1.0
 40
1.0
 10
9.292121573199893
 20
120.26466573638
 30
0.0
 10
9.362039759499567
 20
120.26466573638
 30
0.0
 10
9.425136564979766
 20
120.24420189872
 30
0.0
 10
9.480462773859472
 20
120.20537648234
 30
0.0
  0
SPLINE
  5
8A2
330
223
100
AcDbEntity
  8
RSMJ722_4_00DXF_CONTINUOUS_LINE
  6
Continuous
 62
     4
100
AcDbSpline
210
0.0
220
0.0
230
1.0
 70
     8
 71
     3
 72
     8
 73
     4
 74
     0
 42
0.0000001
 43
0.0000000001
 40
0.0
 40
0.0
 40
0.0
 40
0.0
 40
1.0
 40
1.0
 40
1.0
 40
1.0
 10
9.480462773859472
 20
120.20537648234
 30
0.0
 10
9.522339819900026
 20
120.17598907604
 30
0.0
 10
9.567946960080008
 20
120.11265762282
 30
0.0
 10
9.62124851210001
 20
120.01398365202
 30
0.0
  0
SPLINE
  5
8A3
330
223
100
AcDbEntity
  8
RSMJ722_4_00DXF_CONTINUOUS_LINE
  6
Continuous
 62
     4
100
AcDbSpline
210
0.0
220
0.0
230
1.0
 70
     8
 71
     3
 72
     8
 73
     4
 74
     0
 42
0.0000001
 43
0.0000000001
 40
0.0
 40
0.0
 40
0.0
 40
0.0
 40
1.0
 40
1.0
 40
1.0
 40
1.0
 10
10.53188961689966
 20
119.97305589796
 30
0.0
 10
10.51313114032018
 20
120.01057299844
 30
0.0
 10
10.47731932979968
 20
120.0617326345
 30
0.0
 10
10.4243489607602
 20
120.12815581128
 30
0.0
  0
SPLINE
  5
8A4
330
223
100
AcDbEntity
  8
RSMJ722_4_00DXF_CONTINUOUS_LINE
  6
Continuous
 62
     4
100
AcDbSpline
210
0.0
220
0.0
230
1.0
 70
     8
 71
     3
 72
     8
 73
     4
 74
     0
 42
0.0000001
 43
0.0000000001
 40
0.0
 40
0.0
 40
0.0
 40
0.0
 40
1.0
 40
1.0
 40
1.0
 40
1.0
 10
10.4243489607602
 20
120.12815581128
 30
0.0
 10
10.36988419287991
 20
120.1964529137
 30
0.0
 10
10.32895651247964
 20
120.23908595772
 30
0.0
 10
10.30032569598006
 20
120.26003532908
 30
0.0
  0
SPLINE
  5
8A5
330
223
100
AcDbEntity
  8
RSMJ722_4_00DXF_CONTINUOUS_LINE
  6
Continuous
 62
     4
100
AcDbSpline
210
0.0
220
0.0
230
1.0
 70
     8
 71
     3
 72
     8
 73
     4
 74
     0
 42
0.0000001
 43
0.0000000001
 40
0.0
 40
0.0
 40
0.0
 40
0.0
 40
1.0
 40
1.0
 40
1.0
 40
1.0
 10
10.30032569598006
 20
120.26003532908
 30
0.0
 10
10.25903832871973
 20
120.29024559124
 30
0.0
 10
10.19082557970023
 20
120.32094131344
 30
0.0
 10
10.09873819211998
 20
120.35334239926
 30
0.0
  0
SPLINE
  5
8A6
330
223
100
AcDbEntity
  8
RSMJ722_4_00DXF_CONTINUOUS_LINE
  6
Continuous
 62
     4
100
AcDbSpline
210
0.0
220
0.0
230
1.0
 70
     8
 71
     3
 72
     8
 73
     4
 74
     0
 42
0.0000001
 43
0.0000000001
 40
0.0
 40
0.0
 40
0.0
 40
0.0
 40
1.0
 40
1.0
 40
1.0
 40
1.0
 10
10.09873819211998
 20
120.35334239926
 30
0.0
 10
10.21470007093967
 20
120.37892225412
 30
0.0
 10
10.3050820212402
 20
120.4113233374
 30
0.0
 10
10.37061007916009
 20
120.45103732706
 30
0.0
  0
SPLINE
  5
8A7
330
223
100
AcDbEntity
  8
RSMJ722_4_00DXF_CONTINUOUS_LINE
  6
Continuous
 62
     4
100
AcDbSpline
210
0.0
220
0.0
230
1.0
 70
     8
 71
     3
 72
     8
 73
     4
 74
     0
 42
0.0000001
 43
0.0000000001
 40
0.0
 40
0.0
 40
0.0
 40
0.0
 40
1.0
 40
1.0
 40
1.0
 40
1.0
 10
10.37061007916009
 20
120.45103732706
 30
0.0
 10
10.4739087524199
 20
120.51364260698
 30
0.0
 10
10.55576410814001
 20
120.59549796524
 30
0.0
 10
10.61437921569996
 20
120.69573824482
 30
0.0
  0
SPLINE
  5
8A8
330
223
100
AcDbEntity
  8
RSMJ722_4_00DXF_CONTINUOUS_LINE
  6
Continuous
 62
     4
100
AcDbSpline
210
0.0
220
0.0
230
1.0
 70
     8
 71
     3
 72
     8
 73
     4
 74
     0
 42
0.0000001
 43
0.0000000001
 40
0.0
 40
0.0
 40
0.0
 40
0.0
 40
1.0
 40
1.0
 40
1.0
 40
1.0
 10
10.61437921569996
 20
120.69573824482
 30
0.0
 10
10.67343127691947
 20
120.7967257797
 30
0.0
 10
10.70412692291984
 20
120.9160982359
 30
0.0
 10
10.70412692291984
 20
121.05593445864
 30
0.0
  0
SPLINE
  5
8A9
330
223
100
AcDbEntity
  8
RSMJ722_4_00DXF_CONTINUOUS_LINE
  6
Continuous
 62
     4
100
AcDbSpline
210
0.0
220
0.0
230
1.0
 70
     8
 71
     3
 72
     8
 73
     4
 74
     0
 42
0.0000001
 43
0.0000000001
 40
0.0
 40
0.0
 40
0.0
 40
0.0
 40
1.0
 40
1.0
 40
1.0
 40
1.0
 10
10.70412692291984
 20
121.05593445864
 30
0.0
 10
10.70412692291984
 20
121.21452930528
 30
0.0
 10
10.66490468233997
 20
121.34924966068
 30
0.0
 10
10.58759402923988
 20
121.4596935165
 30
0.0
  0
SPLINE
  5
8AA
330
223
100
AcDbEntity
  8
RSMJ722_4_00DXF_CONTINUOUS_LINE
  6
Continuous
 62
     4
100
AcDbSpline
210
0.0
220
0.0
230
1.0
 70
     8
 71
     3
 72
     8
 73
     4
 74
     0
 42
0.0000001
 43
0.0000000001
 40
0.0
 40
0.0
 40
0.0
 40
0.0
 40
1.0
 40
1.0
 40
1.0
 40
1.0
 10
10.58759402923988
 20
121.4596935165
 30
0.0
 10
10.50972056293995
 20
121.57094138646
 30
0.0
 10
10.40910658078019
 20
121.64768072752
 30
0.0
 10
10.28291281995962
 20
121.68860840792
 30
0.0
  0
SPLINE
  5
8AB
330
223
100
AcDbEntity
  8
RSMJ722_4_00DXF_CONTINUOUS_LINE
  6
Continuous
 62
     4
100
AcDbSpline
210
0.0
220
0.0
230
1.0
 70
     8
 71
     3
 72
     8
 73
     4
 74
     0
 42
0.0000001
 43
0.0000000001
 40
0.0
 40
0.0
 40
0.0
 40
0.0
 40
1.0
 40
1.0
 40
1.0
 40
1.0
 10
10.28291281995962
 20
121.68860840792
 30
0.0
 10
10.15671905659974
 20
121.72953608578
 30
0.0
 10
9.974249868580046
 20
121.74999999964
 30
0.0
 10
9.735504953639975
 20
121.74999999964
 30
0.0
  0
LINE
  5
8AC
330
223
100
AcDbEntity
  8
RSMJ722_4_00DXF_CONTINUOUS_LINE
  6
Continuous
 62
     2
100
AcDbLine
 10
15.45525077345974
 20
116.89999999938
 30
0.0
 11
15.55525077157972
 21
117.00000000004
 31
0.0
  0
LINE
  5
8AD
330
223
100
AcDbEntity
  8
RSMJ722_4_00DXF_CONTINUOUS_LINE
  6
Continuous
 62
     2
100
AcDbLine
 10
6.160501544859926
 20
91.79999999882003
 30
0.0
 11
6.260501545520128
 21
91.89999999948
 31
0.0
  0
LINE
  5
8AE
330
223
100
AcDbEntity
  8
RSMJ722_4_00DXF_CONTINUOUS_LINE
  6
Continuous
 62
     2
100
AcDbLine
 10
31.26050154541963
 20
116.89999999938
 30
0.0
 11
31.36050154607983
 21
117.00000000004
 31
0.0
  0
LINE
  5
8AF
330
223
100
AcDbEntity
  8
09681637813_DXF_CONTINUOUS_LINE
  6
Continuous
 62
     7
100
AcDbLine
 10
18.19999999819947
 20
81.14807619984
 30
0.0
 11
15.94999999985976
 21
79.84903809433999
 31
0.0
  0
LINE
  5
8B0
330
223
100
AcDbEntity
  8
RSMJ722_4_00DXF_CONTINUOUS_LINE
  6
Continuous
 62
     2
100
AcDbLine
 10
21.96575231936004
 20
91.79999999882003
 30
0.0
 11
22.06575231748002
 21
91.89999999948
 31
0.0
  0
LINE
  5
8B1
330
223
100
AcDbEntity
  8
09681637813_DXF_CONTINUOUS_LINE
  6
Continuous
 62
     7
100
AcDbLine
 10
18.19999999819947
 20
75.95192377784
 30
0.0
 11
20.44999999907986
 21
77.25096188334001
 31
0.0
  0
LINE
  5
8B2
330
223
100
AcDbEntity
  8
RSMJ722_4_00DXF_CONTINUOUS_LINE
  6
Continuous
 62
     2
100
AcDbLine
 10
12.98499999895967
 20
70.61999999924004
 30
0.0
 11
13.58500000037975
 21
71.21999999812002
 31
0.0
  0
LINE
  5
8B3
330
223
100
AcDbEntity
  8
RSMJ722_4_00DXF_CONTINUOUS_LINE
  6
Continuous
 62
     2
100
AcDbLine
 10
14.08499999859987
 20
71.71999999887998
 30
0.0
 11
16.83092142572013
 21
74.465921426
 31
0.0
  0
LINE
  5
8B4
330
223
100
AcDbEntity
  8
RSMJ722_4_00DXF_CONTINUOUS_LINE
  6
Continuous
 62
     2
100
AcDbLine
 10
17.27822152679983
 20
74.91322152708003
 30
0.0
 11
18.47664463159981
 21
76.11164463187998
 31
0.0
  0
LINE
  5
8B5
330
223
100
AcDbEntity
  8
RSMJ722_4_00DXF_CONTINUOUS_LINE
  6
Continuous
 62
     2
100
AcDbLine
 10
20.44999999907986
 20
78.08499999936001
 30
0.0
 11
21.36498842309993
 21
78.99998842337999
 31
0.0
  0
LINE
  5
8B6
330
223
100
AcDbEntity
  8
09681637813_DXF_CONTINUOUS_LINE
  6
Continuous
 62
     7
100
AcDbLine
 10
18.19999999819947
 20
56.14807619993999
 30
0.0
 11
15.94999999985976
 21
54.84903809444
 31
0.0
  0
LINE
  5
8B7
330
223
100
AcDbEntity
  8
RSMJ722_4_00DXF_CONTINUOUS_LINE
  6
Continuous
 62
     4
100
AcDbLine
 10
15.46367672053975
 20
121.74999999964
 30
0.0
 11
15.07486370085962
 21
120.22885399952
 31
0.0
  0
LINE
  5
8B8
330
223
100
AcDbEntity
  8
RSMJ722_4_00DXF_CONTINUOUS_LINE
  6
Continuous
 62
     4
100
AcDbLine
 10
15.35965231085993
 20
119.24999999838
 30
0.0
 11
15.84737387287987
 21
121.1565484408
 31
0.0
  0
LINE
  5
8B9
330
223
100
AcDbEntity
  8
RSMJ722_4_00DXF_CONTINUOUS_LINE
  6
Continuous
 62
     2
100
AcDbLine
 10
14.99999999993997
 20
56.82974922572004
 30
0.0
 11
15.52707208523998
 21
57.35682131101998
 31
0.0
  0
LINE
  5
8BA
330
223
100
AcDbEntity
  8
RSMJ722_4_00DXF_CONTINUOUS_LINE
  6
Continuous
 62
     2
100
AcDbLine
 10
15.91832155419979
 20
57.74807078251999
 30
0.0
 11
19.56806059201972
 21
61.39780982034
 31
0.0
  0
LINE
  5
8BB
330
223
100
AcDbEntity
  8
RSMJ722_4_00DXF_CONTINUOUS_LINE
  6
Continuous
 62
     2
100
AcDbLine
 10
20.11712843977966
 20
61.94687766810003
 30
0.0
 11
22.31500000034021
 21
64.14474922611998
 31
0.0
  0
LINE
  5
8BC
330
223
100
AcDbEntity
  8
RSMJ722_4_00DXF_CONTINUOUS_LINE
  6
Continuous
 62
     2
100
AcDbLine
 10
22.81499999855987
 20
64.64474922688001
 30
0.0
 11
23.41499999997995
 21
65.24474922576002
 31
0.0
  0
LINE
  5
8BD
330
223
100
AcDbEntity
  8
09681637813_DXF_CONTINUOUS_LINE
  6
Continuous
 62
     7
100
AcDbLine
 10
18.19999999819947
 20
50.95192377794001
 30
0.0
 11
20.44999999907986
 21
52.25096188344
 31
0.0
  0
LINE
  5
8BE
330
223
100
AcDbEntity
  8
RSMJ702_4_00DXF_CONTINUOUS_LINE
  6
Continuous
 62
     7
100
AcDbLine
 10
-0.2500000003801688
 20
116.89999999938
 30
0.0
 11
-0.2500000003801688
 21
91.89999999948
 31
0.0
  0
LINE
  5
8BF
330
223
100
AcDbEntity
  8
RSMJ722_4_00DXF_CONTINUOUS_LINE
  6
Continuous
 62
     7
100
AcDbLine
 10
-0.2500000003801688
 20
5.999999998959993
 30
0.0
 11
-0.2500000003801688
 21
91.89999999948
 31
0.0
  0
LINE
  5
8C0
330
223
100
AcDbEntity
  8
RSMJ722_4_00DXF_CONTINUOUS_LINE
  6
Continuous
 62
     7
100
AcDbLine
 10
-0.2500000003801688
 20
116.89999999938
 30
0.0
 11
-0.2500000003801688
 21
123.99999999798
 31
0.0
  0
LINE
  5
8C1
330
223
100
AcDbEntity
  8
DPMJ701_4_00DXF_CONTINUOUS_LINE
  6
Continuous
 62
     7
100
AcDbLine
 10
0.0
 20
129.99999999948
 30
0.0
 11
0.0
 21
123.99999999798
 31
0.0
  0
LINE
  5
8C2
330
223
100
AcDbEntity
  8
DPMJ701_4_00DXF_CONTINUOUS_LINE
  6
Continuous
 62
     7
100
AcDbLine
 10
0.0
 20
5.999999998959993
 30
0.0
 11
0.0
 21
0.0
 31
0.0
  0
LINE
  5
8C3
330
223
100
AcDbEntity
  8
RSMJ722_4_00DXF_CONTINUOUS_LINE
  6
Continuous
 62
     2
100
AcDbLine
 10
14.99999999993997
 20
41.02449845376
 30
0.0
 11
15.94999999985976
 21
41.97449845368001
 31
0.0
  0
LINE
  5
8C4
330
223
100
AcDbEntity
  8
RSMJ722_4_00DXF_CONTINUOUS_LINE
  6
Continuous
 62
     2
100
AcDbLine
 10
18.01918300905982
 20
44.04368146287999
 30
0.0
 11
18.68577816049992
 21
44.71027661432004
 31
0.0
  0
LINE
  5
8C5
330
223
100
AcDbEntity
  8
09681637813_DXF_CONTINUOUS_LINE
  6
Continuous
 62
     7
100
AcDbLine
 10
18.19999999819947
 20
44.14807620201998
 30
0.0
 11
15.94999999985976
 21
42.84903809651999
 31
0.0
  0
LINE
  5
8C6
330
223
100
AcDbEntity
  8
09681637813_DXF_CONTINUOUS_LINE
  6
Continuous
 62
     7
100
AcDbLine
 10
18.19999999819947
 20
38.95192377748
 30
0.0
 11
20.44999999907986
 21
40.25096188297999
 31
0.0
  0
LINE
  5
8C7
330
223
100
AcDbEntity
  8
DPMJ701_4_00DXF_CONTINUOUS_LINE
  6
Continuous
 62
     7
100
AcDbLine
 10
32.00000000038017
 20
0.0
 30
0.0
 11
0.0
 21
0.0
 31
0.0
  0
LINE
  5
8C8
330
223
100
AcDbEntity
  8
MPUJ710_4_01DXF_CONTINUOUS_LINE
  6
Continuous
 62
     7
100
AcDbLine
 10
16.39999999901966
 20
1.649999999460007
 30
0.0
 11
15.59999999881984
 21
1.649999999460007
 31
0.0
  0
LINE
  5
8C9
330
223
100
AcDbEntity
  8
MPUJ710_4_01DXF_CONTINUOUS_LINE
  6
Continuous
 62
     7
100
AcDbLine
 10
17.74999999903957
 20
2.999999999479996
 30
0.0
 11
16.39999999901966
 21
2.999999999479996
 31
0.0
  0
LINE
  5
8CA
330
223
100
AcDbEntity
  8
MPUJ710_4_01DXF_CONTINUOUS_LINE
  6
Continuous
 62
     7
100
AcDbLine
 10
14.24999999879992
 20
2.999999999479996
 30
0.0
 11
15.59999999881984
 21
2.999999999479996
 31
0.0
  0
LINE
  5
8CB
330
223
100
AcDbEntity
  8
MPUJ710_4_01DXF_CONTINUOUS_LINE
  6
Continuous
 62
     7
100
AcDbLine
 10
14.24999999879992
 20
3.799999999680011
 30
0.0
 11
15.59999999881984
 21
3.799999999680011
 31
0.0
  0
LINE
  5
8CC
330
223
100
AcDbEntity
  8
MPUJ710_4_01DXF_CONTINUOUS_LINE
  6
Continuous
 62
     7
100
AcDbLine
 10
16.39999999901966
 20
3.799999999680011
 30
0.0
 11
17.74999999903957
 21
3.799999999680011
 31
0.0
  0
LINE
  5
8CD
330
223
100
AcDbEntity
  8
MPUJ710_4_01DXF_CONTINUOUS_LINE
  6
Continuous
 62
     7
100
AcDbLine
 10
15.59999999881984
 20
5.149999999700015
 30
0.0
 11
16.39999999901966
 21
5.149999999700015
 31
0.0
  0
LINE
  5
8CE
330
223
100
AcDbEntity
  8
DPMJ701_4_00DXF_CONTINUOUS_LINE
  6
Continuous
 62
     7
100
AcDbLine
 10
2.499999998719886
 20
129.99999999948
 30
0.0
 11
2.499999998719886
 21
123.99999999798
 31
0.0
  0
LINE
  5
8CF
330
223
100
AcDbEntity
  8
DPMJ701_4_00DXF_CONTINUOUS_LINE
  6
Continuous
 62
     7
100
AcDbLine
 10
2.499999998719886
 20
5.999999998959993
 30
0.0
 11
2.499999998719886
 21
0.0
 31
0.0
  0
LINE
  5
8D0
330
223
100
AcDbEntity
  8
DPMJ701_4_00DXF_CONTINUOUS_LINE
  6
Continuous
 62
     7
100
AcDbLine
 10
4.999999999979991
 20
129.99999999948
 30
0.0
 11
4.999999999979991
 21
123.99999999798
 31
0.0
  0
LINE
  5
8D1
330
223
100
AcDbEntity
  8
DPMJ701_4_00DXF_CONTINUOUS_LINE
  6
Continuous
 62
     7
100
AcDbLine
 10
4.999999999979991
 20
5.999999998959993
 30
0.0
 11
4.999999999979991
 21
0.0
 31
0.0
  0
LINE
  5
8D2
330
223
100
AcDbEntity
  8
DPMJ701_4_00DXF_CONTINUOUS_LINE
  6
Continuous
 62
     7
100
AcDbLine
 10
7.399999998039675
 20
129.99999999948
 30
0.0
 11
7.399999998039675
 21
123.99999999798
 31
0.0
  0
LINE
  5
8D3
330
223
100
AcDbEntity
  8
DPMJ701_4_00DXF_CONTINUOUS_LINE
  6
Continuous
 62
     7
100
AcDbLine
 10
7.399999998039675
 20
5.999999998959993
 30
0.0
 11
7.399999998039675
 21
0.0
 31
0.0
  0
LINE
  5
8D4
330
223
100
AcDbEntity
  8
RSMJ722_4_00DXF_CONTINUOUS_LINE
  6
Continuous
 62
     4
100
AcDbLine
 10
8.44798789189963
 20
121.74999999964
 30
0.0
 11
8.44798789189963
 21
119.24999999838
 31
0.0
  0
LINE
  5
8D5
330
223
100
AcDbEntity
  8
RSMJ722_4_00DXF_CONTINUOUS_LINE
  6
Continuous
 62
     4
100
AcDbLine
 10
9.223908750519513
 20
119.24999999838
 30
0.0
 11
9.223908750519513
 21
120.26466573638
 31
0.0
  0
LINE
  5
8D6
330
223
100
AcDbEntity
  8
RSMJ722_4_00DXF_CONTINUOUS_LINE
  6
Continuous
 62
     4
100
AcDbLine
 10
9.223908750519513
 20
120.73703962526
 30
0.0
 11
9.223908750519513
 21
121.24522510114
 31
0.0
  0
LINE
  5
8D7
330
223
100
AcDbEntity
  8
_O_X1_2__DXF_CONTINUOUS_LINE
  6
Continuous
 62
     7
100
AcDbLine
 10
18.38944025432011
 20
90.79999999984
 30
0.0
 11
18.33466607634
 21
90.37276141312
 31
0.0
  0
LINE
  5
8D8
330
223
100
AcDbEntity
  8
_O_X1_2__DXF_CONTINUOUS_LINE
  6
Continuous
 62
     7
100
AcDbLine
 10
18.2929009172999
 20
90.48130842234002
 30
0.0
 11
18.32851790473978
 21
90.75818809718001
 31
0.0
  0
LINE
  5
8D9
330
223
100
AcDbEntity
  8
RSMJ722_4_00DXF_CONTINUOUS_LINE
  6
Continuous
 62
     4
100
AcDbLine
 10
27.23055258221984
 20
88.78499999886003
 30
0.0
 11
27.04555941143963
 21
88.11296727383998
 31
0.0
  0
LINE
  5
8DA
330
223
100
AcDbEntity
  8
RSMJ722_4_00DXF_CONTINUOUS_LINE
  6
Continuous
 62
     4
100
AcDbLine
 10
27.19699178319979
 20
87.58499999856005
 30
0.0
 11
27.40654154443973
 21
88.34052520582003
 31
0.0
  0
LINE
  5
8DB
330
223
100
AcDbEntity
  8
RSMJ722_4_00DXF_CONTINUOUS_LINE
  6
Continuous
 62
     7
100
AcDbLine
 10
32.24999999822012
 20
5.999999998959993
 30
0.0
 11
-0.2500000003801688
 21
5.999999998959993
 31
0.0
  0
LINE
  5
8DC
330
223
100
AcDbEntity
  8
RSMJ722_4_00DXF_CONTINUOUS_LINE
  6
Continuous
 62
     7
100
AcDbLine
 10
32.24999999822012
 20
12.39999999802001
 30
0.0
 11
-0.2500000003801688
 21
12.39999999802001
 31
0.0
  0
LINE
  5
8DD
330
223
100
AcDbEntity
  8
RSMJ722_4_00DXF_CONTINUOUS_LINE
  6
Continuous
 62
     7
100
AcDbLine
 10
32.24999999822012
 20
12.99999999944001
 30
0.0
 11
-0.2500000003801688
 21
12.99999999944001
 31
0.0
  0
LINE
  5
8DE
330
223
100
AcDbEntity
  8
DPMJ701_4_00DXF_CONTINUOUS_LINE
  6
Continuous
 62
     7
100
AcDbLine
 10
9.89999999929978
 20
129.99999999948
 30
0.0
 11
9.89999999929978
 21
123.99999999798
 31
0.0
  0
LINE
  5
8DF
330
223
100
AcDbEntity
  8
DPMJ701_4_00DXF_CONTINUOUS_LINE
  6
Continuous
 62
     7
100
AcDbLine
 10
9.89999999929978
 20
5.999999998959993
 30
0.0
 11
9.89999999929978
 21
0.0
 31
0.0
  0
LINE
  5
8E0
330
223
100
AcDbEntity
  8
RSMJ722_4_00DXF_CONTINUOUS_LINE
  6
Continuous
 62
     4
100
AcDbLine
 10
10.90422925829989
 20
88.6849999982
 30
0.0
 11
10.90422925829989
 21
87.68499999922003
 31
0.0
  0
LINE
  5
8E1
330
223
100
AcDbEntity
  8
RSMJ722_4_00DXF_CONTINUOUS_LINE
  6
Continuous
 62
     4
100
AcDbLine
 10
11.21459755805972
 20
87.68499999922003
 30
0.0
 11
11.21459755805972
 21
88.09359481576001
 31
0.0
  0
LINE
  5
8E2
330
223
100
AcDbEntity
  8
RSMJ722_4_00DXF_CONTINUOUS_LINE
  6
Continuous
 62
     4
100
AcDbLine
 10
11.21459755805972
 20
88.29550474468002
 30
0.0
 11
11.21459755805972
 21
88.47012960498
 31
0.0
  0
LINE
  5
8E3
330
223
100
AcDbEntity
  8
RSMJ722_4_00DXF_CONTINUOUS_LINE
  6
Continuous
 62
     4
100
AcDbLine
 10
11.6020464656599
 20
88.09359481576001
 30
0.0
 11
11.6020464656599
 21
88.29550474468002
 31
0.0
  0
LINE
  5
8E4
330
223
100
AcDbEntity
  8
RSMJ722_4_00DXF_CONTINUOUS_LINE
  6
Continuous
 62
     4
100
AcDbLine
 10
11.6682127468398
 20
88.47012960498
 30
0.0
 11
11.6682127468398
 21
88.6849999982
 31
0.0
  0
LINE
  5
8E5
330
223
100
AcDbEntity
  8
RSMJ722_4_00DXF_CONTINUOUS_LINE
  6
Continuous
 62
     4
100
AcDbLine
 10
11.83601651080016
 20
88.6849999982
 30
0.0
 11
11.83601651080016
 21
87.68499999922003
 31
0.0
  0
LINE
  5
8E6
330
223
100
AcDbEntity
  8
RSMJ722_4_00DXF_CONTINUOUS_LINE
  6
Continuous
 62
     4
100
AcDbLine
 10
12.14638481055999
 20
87.68499999922003
 30
0.0
 11
12.14638481055999
 21
88.09359481576001
 31
0.0
  0
LINE
  5
8E7
330
223
100
AcDbEntity
  8
RSMJ722_4_00DXF_CONTINUOUS_LINE
  6
Continuous
 62
     4
100
AcDbLine
 10
12.14638481055999
 20
88.29550474468002
 30
0.0
 11
12.14638481055999
 21
88.47012960498
 31
0.0
  0
LINE
  5
8E8
330
223
100
AcDbEntity
  8
RSMJ722_4_00DXF_CONTINUOUS_LINE
  6
Continuous
 62
     4
100
AcDbLine
 10
12.53383359877989
 20
88.09359481576001
 30
0.0
 11
12.53383359877989
 21
88.29550474468002
 31
0.0
  0
LINE
  5
8E9
330
223
100
AcDbEntity
  8
RSMJ722_4_00DXF_CONTINUOUS_LINE
  6
Continuous
 62
     4
100
AcDbLine
 10
12.59999999933962
 20
88.47012960498
 30
0.0
 11
12.59999999933962
 21
88.6849999982
 31
0.0
  0
LINE
  5
8EA
330
223
100
AcDbEntity
  8
RSMJ722_4_00DXF_CONTINUOUS_LINE
  6
Continuous
 62
     7
100
AcDbLine
 10
12.98499999895967
 20
71.86999999860004
 30
0.0
 11
12.98499999895967
 21
60.2299999995
 31
0.0
  0
LINE
  5
8EB
330
223
100
AcDbEntity
  8
RSMJ722_4_00DXF_CONTINUOUS_LINE
  6
Continuous
 62
     7
100
AcDbLine
 10
12.98499999895967
 20
34.86999999824002
 30
0.0
 11
12.98499999895967
 21
23.22999999914001
 31
0.0
  0
LINE
  5
8EC
330
223
100
AcDbEntity
  8
09681637813_DXF_CONTINUOUS_LINE
  6
Continuous
 62
     7
100
AcDbLine
 10
13.58500000037975
 20
71.86999999098
 30
0.0
 11
13.58500000037975
 21
60.22999998934
 31
0.0
  0
LINE
  5
8ED
330
223
100
AcDbEntity
  8
09681637813_DXF_CONTINUOUS_LINE
  6
Continuous
 62
     7
100
AcDbLine
 10
13.58500000037975
 20
34.86999999062002
 30
0.0
 11
13.58500000037975
 21
23.22999998898001
 31
0.0
  0
LINE
  5
8EE
330
223
100
AcDbEntity
  8
RSMJ722_4_00DXF_CONTINUOUS_LINE
  6
Continuous
 62
     4
100
AcDbLine
 10
13.66797414227995
 20
121.74999999964
 30
0.0
 11
13.66797414227995
 21
119.24999999838
 31
0.0
  0
LINE
  5
8EF
330
223
100
AcDbEntity
  8
RSMJ722_4_00DXF_CONTINUOUS_LINE
  6
Continuous
 62
     7
100
AcDbLine
 10
13.79999999964002
 20
89.79999999832003
 30
0.0
 11
13.79999999964002
 21
86.56999999909999
 31
0.0
  0
LINE
  5
8F0
330
223
100
AcDbEntity
  8
09681637813_DXF_CONTINUOUS_LINE
  6
Continuous
 62
     7
100
AcDbLine
 10
14.08499999859987
 20
71.86999999098
 30
0.0
 11
14.08499999859987
 21
60.22999998934
 31
0.0
  0
LINE
  5
8F1
330
223
100
AcDbEntity
  8
09681637813_DXF_CONTINUOUS_LINE
  6
Continuous
 62
     7
100
AcDbLine
 10
14.08499999859987
 20
34.86999999062002
 30
0.0
 11
14.08499999859987
 21
23.22999998898001
 31
0.0
  0
LINE
  5
8F2
330
223
100
AcDbEntity
  8
MPUJ710_4_01DXF_CONTINUOUS_LINE
  6
Continuous
 62
     7
100
AcDbLine
 10
14.24999999879992
 20
127.0
 30
0.0
 11
14.24999999879992
 21
126.1999999998
 31
0.0
  0
LINE
  5
8F3
330
223
100
AcDbEntity
  8
MPUJ710_4_01DXF_CONTINUOUS_LINE
  6
Continuous
 62
     7
100
AcDbLine
 10
14.24999999879992
 20
3.799999999680011
 30
0.0
 11
14.24999999879992
 21
2.999999999479996
 31
0.0
  0
LINE
  5
8F4
330
223
100
AcDbEntity
  8
_O_X1_2__DXF_CONTINUOUS_LINE
  6
Continuous
 62
     7
100
AcDbLine
 10
14.3000000003999
 20
90.66580231802001
 30
0.0
 11
14.3000000003999
 21
85.70419767940001
 31
0.0
  0
LINE
  5
8F5
330
223
100
AcDbEntity
  8
RSMJ722_4_00DXF_CONTINUOUS_LINE
  6
Continuous
 62
     4
100
AcDbLine
 10
14.30064824141982
 20
119.24999999838
 30
0.0
 11
14.30064824141982
 21
121.1565484408
 31
0.0
  0
LINE
  5
8F6
330
223
100
AcDbEntity
  8
_O_X1_2__DXF_CONTINUOUS_LINE
  6
Continuous
 62
     7
100
AcDbLine
 10
14.74593427489981
 20
90.05461682207996
 30
0.0
 11
14.74593427489981
 21
88.84538315978
 31
0.0
  0
LINE
  5
8F7
330
223
100
AcDbEntity
  8
_O_X1_2__DXF_CONTINUOUS_LINE
  6
Continuous
 62
     7
100
AcDbLine
 10
14.74593427489981
 20
87.51461682207997
 30
0.0
 11
14.74593427489981
 21
86.30538315978
 31
0.0
  0
LINE
  5
8F8
330
223
100
AcDbEntity
  8
RSMJ722_4_00DXF_CONTINUOUS_LINE
  6
Continuous
 62
     7
100
AcDbLine
 10
14.99999999993997
 20
78.549999999
 30
0.0
 11
14.99999999993997
 21
75.16405145468002
 31
0.0
  0
LINE
  5
8F9
330
223
100
AcDbEntity
  8
RSMJ722_4_00DXF_CONTINUOUS_LINE
  6
Continuous
 62
     7
100
AcDbLine
 10
14.99999999993997
 20
56.93594854341998
 30
0.0
 11
14.99999999993997
 21
53.54999999910004
 31
0.0
  0
LINE
  5
8FA
330
223
100
AcDbEntity
  8
RSMJ722_4_00DXF_CONTINUOUS_LINE
  6
Continuous
 62
     7
100
AcDbLine
 10
14.99999999993997
 20
41.54999999864
 30
0.0
 11
14.99999999993997
 21
38.16405145686002
 31
0.0
  0
LINE
  5
8FB
330
223
100
AcDbEntity
  8
RSMJ722_4_00DXF_CONTINUOUS_LINE
  6
Continuous
 62
     7
100
AcDbLine
 10
14.99999999993997
 20
19.93594854306004
 30
0.0
 11
14.99999999993997
 21
16.54999999874001
 31
0.0
  0
LINE
  5
8FC
330
223
100
AcDbEntity
  8
_O_X1_2__DXF_CONTINUOUS_LINE
  6
Continuous
 62
     7
100
AcDbLine
 10
15.00768284461992
 20
90.11499999061999
 30
0.0
 11
15.00768284461992
 21
90.05918725236003
 31
0.0
  0
LINE
  5
8FD
330
223
100
AcDbEntity
  8
_O_X1_2__DXF_CONTINUOUS_LINE
  6
Continuous
 62
     7
100
AcDbLine
 10
15.00768284461992
 20
88.84081272695997
 30
0.0
 11
15.00768284461992
 21
88.78499998869998
 31
0.0
  0
LINE
  5
8FE
330
223
100
AcDbEntity
  8
_O_X1_2__DXF_CONTINUOUS_LINE
  6
Continuous
 62
     7
100
AcDbLine
 10
15.00768284461992
 20
86.24499998869999
 30
0.0
 11
15.00768284461992
 21
86.30081272695998
 31
0.0
  0
LINE
  5
8FF
330
223
100
AcDbEntity
  8
_O_X1_2__DXF_CONTINUOUS_LINE
  6
Continuous
 62
     7
100
AcDbLine
 10
15.00768284461992
 20
87.51918725236004
 30
0.0
 11
15.00768284461992
 21
87.57499999062
 31
0.0
  0
LINE
  5
900
330
223
100
AcDbEntity
  8
MPUJ710_4_01DXF_CONTINUOUS_LINE
  6
Continuous
 62
     7
100
AcDbLine
 10
15.59999999881984
 20
1.649999999460007
 30
0.0
 11
15.59999999881984
 21
2.999999999479996
 31
0.0
  0
LINE
  5
901
330
223
100
AcDbEntity
  8
MPUJ710_4_01DXF_CONTINUOUS_LINE
  6
Continuous
 62
     7
100
AcDbLine
 10
15.59999999881984
 20
3.799999999680011
 30
0.0
 11
15.59999999881984
 21
5.149999999700015
 31
0.0
  0
LINE
  5
902
330
223
100
AcDbEntity
  8
MPUJ710_4_01DXF_CONTINUOUS_LINE
  6
Continuous
 62
     7
100
AcDbLine
 10
15.59999999881984
 20
124.84999999978
 30
0.0
 11
15.59999999881984
 21
126.1999999998
 31
0.0
  0
LINE
  5
903
330
223
100
AcDbEntity
  8
MPUJ710_4_01DXF_CONTINUOUS_LINE
  6
Continuous
 62
     7
100
AcDbLine
 10
15.59999999881984
 20
127.0
 30
0.0
 11
15.59999999881984
 21
128.35000000002
 31
0.0
  0
LINE
  5
904
330
223
100
AcDbEntity
  8
RSMJ722_4_00DXF_CONTINUOUS_LINE
  6
Continuous
 62
     4
100
AcDbLine
 10
15.84737387287987
 20
121.1565484408
 30
0.0
 11
15.84737387287987
 21
119.24999999838
 31
0.0
  0
LINE
  5
905
330
223
100
AcDbEntity
  8
09681637813_DXF_CONTINUOUS_LINE
  6
Continuous
 62
     7
100
AcDbLine
 10
15.94999999985976
 20
79.84903809433999
 30
0.0
 11
15.94999999985976
 21
77.25096188334001
 31
0.0
  0
LINE
  5
906
330
223
100
AcDbEntity
  8
09681637813_DXF_CONTINUOUS_LINE
  6
Continuous
 62
     7
100
AcDbLine
 10
15.94999999985976
 20
54.84903809444
 30
0.0
 11
15.94999999985976
 21
52.25096188344
 31
0.0
  0
LINE
  5
907
330
223
100
AcDbEntity
  8
09681637813_DXF_CONTINUOUS_LINE
  6
Continuous
 62
     7
100
AcDbLine
 10
15.94999999985976
 20
42.84903809651999
 30
0.0
 11
15.94999999985976
 21
40.25096188297999
 31
0.0
  0
LINE
  5
908
330
223
100
AcDbEntity
  8
09681637813_DXF_CONTINUOUS_LINE
  6
Continuous
 62
     7
100
AcDbLine
 10
15.94999999985976
 20
17.84903809662003
 30
0.0
 11
15.94999999985976
 21
15.25096188308002
 31
0.0
  0
LINE
  5
909
330
223
100
AcDbEntity
  8
_O_X1_2__DXF_CONTINUOUS_LINE
  6
Continuous
 62
     7
100
AcDbLine
 10
16.29999999835945
 20
90.29999998891998
 30
0.0
 11
16.29999999835945
 21
90.11499999061999
 31
0.0
  0
LINE
  5
90A
330
223
100
AcDbEntity
  8
_O_X1_2__DXF_CONTINUOUS_LINE
  6
Continuous
 62
     7
100
AcDbLine
 10
16.29999999835945
 20
88.78499998869998
 30
0.0
 11
16.29999999835945
 21
87.57499999062
 31
0.0
  0
LINE
  5
90B
330
223
100
AcDbEntity
  8
_O_X1_2__DXF_CONTINUOUS_LINE
  6
Continuous
 62
     7
100
AcDbLine
 10
16.29999999835945
 20
86.24499998869999
 30
0.0
 11
16.29999999835945
 21
86.06999999071999
 31
0.0
  0
LINE
  5
90C
330
223
100
AcDbEntity
  8
MPUJ710_4_01DXF_CONTINUOUS_LINE
  6
Continuous
 62
     7
100
AcDbLine
 10
16.39999999901966
 20
128.35000000002
 30
0.0
 11
16.39999999901966
 21
127.0
 31
0.0
  0
LINE
  5
90D
330
223
100
AcDbEntity
  8
MPUJ710_4_01DXF_CONTINUOUS_LINE
  6
Continuous
 62
     7
100
AcDbLine
 10
16.39999999901966
 20
5.149999999700015
 30
0.0
 11
16.39999999901966
 21
3.799999999680011
 31
0.0
  0
LINE
  5
90E
330
223
100
AcDbEntity
  8
MPUJ710_4_01DXF_CONTINUOUS_LINE
  6
Continuous
 62
     7
100
AcDbLine
 10
16.39999999901966
 20
1.649999999460007
 30
0.0
 11
16.39999999901966
 21
2.999999999479996
 31
0.0
  0
LINE
  5
90F
330
223
100
AcDbEntity
  8
MPUJ710_4_01DXF_CONTINUOUS_LINE
  6
Continuous
 62
     7
100
AcDbLine
 10
16.39999999901966
 20
124.84999999978
 30
0.0
 11
16.39999999901966
 21
126.1999999998
 31
0.0
  0
LINE
  5
910
330
223
100
AcDbEntity
  8
RSMJ722_4_00DXF_CONTINUOUS_LINE
  6
Continuous
 62
     4
100
AcDbLine
 10
16.48004796947953
 20
119.24999999838
 30
0.0
 11
16.48004796947953
 21
121.74999999964
 31
0.0
  0
LINE
  5
911
330
223
100
AcDbEntity
  8
_O_X1_2__DXF_CONTINUOUS_LINE
  6
Continuous
 62
     7
100
AcDbLine
 10
16.49999999967986
 20
90.11499999061999
 30
0.0
 11
16.49999999967986
 21
90.08520970730001
 31
0.0
  0
LINE
  5
912
330
223
100
AcDbEntity
  8
_O_X1_2__DXF_CONTINUOUS_LINE
  6
Continuous
 62
     7
100
AcDbLine
 10
16.49999999967986
 20
88.81479027202002
 30
0.0
 11
16.49999999967986
 21
88.78499998869998
 31
0.0
  0
LINE
  5
913
330
223
100
AcDbEntity
  8
_O_X1_2__DXF_CONTINUOUS_LINE
  6
Continuous
 62
     7
100
AcDbLine
 10
16.49999999967986
 20
87.57499999062
 30
0.0
 11
16.49999999967986
 21
87.54520970730002
 31
0.0
  0
LINE
  5
914
330
223
100
AcDbEntity
  8
_O_X1_2__DXF_CONTINUOUS_LINE
  6
Continuous
 62
     7
100
AcDbLine
 10
16.49999999967986
 20
86.27479027201997
 30
0.0
 11
16.49999999967986
 21
86.24499998869999
 31
0.0
  0
LINE
  5
915
330
223
100
AcDbEntity
  8
RSMJ722_4_00DXF_CONTINUOUS_LINE
  6
Continuous
 62
     4
100
AcDbLine
 10
16.87227156653989
 20
121.74999999964
 30
0.0
 11
16.87227156653989
 21
121.16336974288
 31
0.0
  0
LINE
  5
916
330
223
100
AcDbEntity
  8
RSMJ722_4_00DXF_CONTINUOUS_LINE
  6
Continuous
 62
     4
100
AcDbLine
 10
27.89439974321976
 20
88.78499999886003
 30
0.0
 11
27.76752396191978
 21
88.11378581169998
 31
0.0
  0
LINE
  5
917
330
223
100
AcDbEntity
  8
RSMJ722_4_00DXF_CONTINUOUS_LINE
  6
Continuous
 62
     4
100
AcDbLine
 10
27.98034801938002
 20
87.58499999856005
 30
0.0
 11
28.24555941173958
 21
88.78499999886003
 31
0.0
  0
LINE
  5
918
330
223
100
AcDbEntity
  8
RSMJ722_4_00DXF_CONTINUOUS_LINE
  6
Continuous
 62
     4
100
AcDbLine
 10
29.01663703137956
 20
66.64999999920002
 30
0.0
 11
28.83000678233975
 21
65.91984992026002
 31
0.0
  0
LINE
  5
919
330
223
100
AcDbEntity
  8
RSMJ722_4_00DXF_CONTINUOUS_LINE
  6
Continuous
 62
     2
100
AcDbLine
 10
12.99787615811965
 20
23.21712383997999
 30
0.0
 11
13.58500000037975
 21
23.80424767970003
 31
0.0
  0
LINE
  5
91A
330
223
100
AcDbEntity
  8
RSMJ722_4_00DXF_CONTINUOUS_LINE
  6
Continuous
 62
     2
100
AcDbLine
 10
14.08499999859987
 20
24.30424768045999
 30
0.0
 11
22.31500000034021
 21
32.53424767966001
 31
0.0
  0
LINE
  5
91B
330
223
100
AcDbEntity
  8
RSMJ722_4_00DXF_CONTINUOUS_LINE
  6
Continuous
 62
     2
100
AcDbLine
 10
22.81499999855987
 20
33.03424768042001
 30
0.0
 11
23.41499999997995
 21
33.63424767930002
 31
0.0
  0
LINE
  5
91C
330
223
100
AcDbEntity
  8
09681637813_DXF_CONTINUOUS_LINE
  6
Continuous
 62
     7
100
AcDbLine
 10
17.22330935061973
 20
20.17709595510003
 30
0.0
 11
20.25330935105967
 21
20.71136670774
 31
0.0
  0
LINE
  5
91D
330
223
100
AcDbEntity
  8
09681637813_DXF_CONTINUOUS_LINE
  6
Continuous
 62
     7
100
AcDbLine
 10
20.16648526003974
 20
21.20377058450002
 30
0.0
 11
17.13648526214001
 21
20.66949983186001
 31
0.0
  0
LINE
  5
91E
330
223
100
AcDbEntity
  8
09681637813_DXF_CONTINUOUS_LINE
  6
Continuous
 62
     7
100
AcDbLine
 10
16.96868943059962
 20
13.59999999070003
 30
0.0
 11
19.43131056834
 21
13.59999999070003
 31
0.0
  0
LINE
  5
91F
330
223
100
AcDbEntity
  8
09681637813_DXF_CONTINUOUS_LINE
  6
Continuous
 62
     7
100
AcDbLine
 10
15.94999999985976
 20
15.25096188308002
 30
0.0
 11
18.19999999819947
 21
13.95192377758003
 31
0.0
  0
LINE
  5
920
330
223
100
AcDbEntity
  8
09681637813_DXF_CONTINUOUS_LINE
  6
Continuous
 62
     7
100
AcDbLine
 10
20.44999999907986
 20
17.84903809662003
 30
0.0
 11
18.19999999819947
 21
19.14807620212002
 31
0.0
  0
LINE
  5
921
330
223
100
AcDbEntity
  8
TE_1734099_5DXF_CONTINUOUS_LINE
  6
Continuous
 62
     7
100
AcDbLine
 10
17.00000000043974
 20
81.49999998926003
 30
0.0
 11
17.00000000043974
 21
81.5129692699
 31
0.0
  0
LINE
  5
922
330
223
100
AcDbEntity
  8
MPUJ710_4_01DXF_CONTINUOUS_LINE
  6
Continuous
 62
     7
100
AcDbLine
 10
17.74999999903957
 20
2.999999999479996
 30
0.0
 11
17.74999999903957
 21
3.799999999680011
 31
0.0
  0
LINE
  5
923
330
223
100
AcDbEntity
  8
MPUJ710_4_01DXF_CONTINUOUS_LINE
  6
Continuous
 62
     7
100
AcDbLine
 10
17.74999999903957
 20
126.1999999998
 30
0.0
 11
17.74999999903957
 21
127.0
 31
0.0
  0
LINE
  5
924
330
223
100
AcDbEntity
  8
_O_X1_2__DXF_CONTINUOUS_LINE
  6
Continuous
 62
     7
100
AcDbLine
 10
17.99999999941974
 20
90.11499999061999
 30
0.0
 11
17.99999999941974
 21
88.78499998869998
 31
0.0
  0
LINE
  5
925
330
223
100
AcDbEntity
  8
_O_X1_2__DXF_CONTINUOUS_LINE
  6
Continuous
 62
     7
100
AcDbLine
 10
17.99999999941974
 20
87.57499999062
 30
0.0
 11
17.99999999941974
 21
86.24499998869999
 31
0.0
  0
LINE
  5
926
330
223
100
AcDbEntity
  8
_O_X1_2__DXF_CONTINUOUS_LINE
  6
Continuous
 62
     7
100
AcDbLine
 10
18.09043530749977
 20
90.48130842234002
 30
0.0
 11
18.09043530749977
 21
90.37276141312
 31
0.0
  0
LINE
  5
927
330
223
100
AcDbEntity
  8
RSMJ722_4_00DXF_CONTINUOUS_LINE
  6
Continuous
 62
     4
100
AcDbLine
 10
18.89989819962011
 20
121.28103676434
 30
0.0
 11
18.89989819962011
 21
121.74999999964
 31
0.0
  0
LINE
  5
928
330
223
100
AcDbEntity
  8
RSMJ722_4_00DXF_CONTINUOUS_LINE
  6
Continuous
 62
     7
100
AcDbLine
 10
19.69999999793981
 20
86.56999999909999
 30
0.0
 11
19.69999999793981
 21
89.79999999832003
 31
0.0
  0
LINE
  5
929
330
223
100
AcDbEntity
  8
09681637813_DXF_CONTINUOUS_LINE
  6
Continuous
 62
     7
100
AcDbLine
 10
20.44999999907986
 20
79.84903809433999
 30
0.0
 11
20.44999999907986
 21
77.25096188334001
 31
0.0
  0
LINE
  5
92A
330
223
100
AcDbEntity
  8
09681637813_DXF_CONTINUOUS_LINE
  6
Continuous
 62
     7
100
AcDbLine
 10
20.44999999907986
 20
42.84903809651999
 30
0.0
 11
20.44999999907986
 21
40.25096188297999
 31
0.0
  0
LINE
  5
92B
330
223
100
AcDbEntity
  8
09681637813_DXF_CONTINUOUS_LINE
  6
Continuous
 62
     7
100
AcDbLine
 10
20.44999999907986
 20
15.25096188308002
 30
0.0
 11
20.44999999907986
 21
17.84903809662003
 31
0.0
  0
LINE
  5
92C
330
223
100
AcDbEntity
  8
09681637813_DXF_CONTINUOUS_LINE
  6
Continuous
 62
     7
100
AcDbLine
 10
20.44999999907986
 20
52.25096188344
 30
0.0
 11
20.44999999907986
 21
54.84903809444
 31
0.0
  0
LINE
  5
92D
330
223
100
AcDbEntity
  8
RSMJ722_4_00DXF_CONTINUOUS_LINE
  6
Continuous
 62
     4
100
AcDbLine
 10
21.22254458047973
 20
119.24999999838
 30
0.0
 11
21.22254458047973
 21
119.81616645304
 31
0.0
  0
LINE
  5
92E
330
223
100
AcDbEntity
  8
RSMJ722_4_00DXF_CONTINUOUS_LINE
  6
Continuous
 62
     7
100
AcDbLine
 10
21.3999999990001
 20
16.54999999874001
 30
0.0
 11
21.3999999990001
 21
20.46994854186003
 31
0.0
  0
LINE
  5
92F
330
223
100
AcDbEntity
  8
RSMJ722_4_00DXF_CONTINUOUS_LINE
  6
Continuous
 62
     7
100
AcDbLine
 10
21.3999999990001
 20
37.63005145552
 30
0.0
 11
21.3999999990001
 21
41.54999999864
 31
0.0
  0
LINE
  5
930
330
223
100
AcDbEntity
  8
RSMJ722_4_00DXF_CONTINUOUS_LINE
  6
Continuous
 62
     7
100
AcDbLine
 10
21.3999999990001
 20
53.54999999910004
 30
0.0
 11
21.3999999990001
 21
57.46994854222001
 31
0.0
  0
LINE
  5
931
330
223
100
AcDbEntity
  8
RSMJ722_4_00DXF_CONTINUOUS_LINE
  6
Continuous
 62
     7
100
AcDbLine
 10
21.3999999990001
 20
74.63005145588002
 30
0.0
 11
21.3999999990001
 21
78.549999999
 31
0.0
  0
LINE
  5
932
330
223
100
AcDbEntity
  8
DPMJ701_4_00DXF_CONTINUOUS_LINE
  6
Continuous
 62
     7
100
AcDbLine
 10
22.09999999853972
 20
129.99999999948
 30
0.0
 11
22.09999999853972
 21
123.99999999798
 31
0.0
  0
LINE
  5
933
330
223
100
AcDbEntity
  8
DPMJ701_4_00DXF_CONTINUOUS_LINE
  6
Continuous
 62
     7
100
AcDbLine
 10
22.09999999853972
 20
5.999999998959993
 30
0.0
 11
22.09999999853972
 21
0.0
 31
0.0
  0
LINE
  5
934
330
223
100
AcDbEntity
  8
RSMJ722_4_00DXF_CONTINUOUS_LINE
  6
Continuous
 62
     4
100
AcDbLine
 10
22.10463849573989
 20
88.6849999982
 30
0.0
 11
22.10463849573989
 21
87.68499999922003
 31
0.0
  0
LINE
  5
935
330
223
100
AcDbEntity
  8
09681637813_DXF_CONTINUOUS_LINE
  6
Continuous
 62
     7
100
AcDbLine
 10
22.31500000034021
 20
23.76427074162002
 30
0.0
 11
22.31500000034021
 21
34.33572923797999
 31
0.0
  0
LINE
  5
936
330
223
100
AcDbEntity
  8
09681637813_DXF_CONTINUOUS_LINE
  6
Continuous
 62
     7
100
AcDbLine
 10
22.31500000034021
 20
60.76427074198
 30
0.0
 11
22.31500000034021
 21
71.33572923833998
 31
0.0
  0
LINE
  5
937
330
223
100
AcDbEntity
  8
RSMJ722_4_00DXF_CONTINUOUS_LINE
  6
Continuous
 62
     4
100
AcDbLine
 10
22.39522508499977
 20
87.68499999922003
 30
0.0
 11
22.39522508499977
 21
88.23343109692001
 31
0.0
  0
LINE
  5
938
330
223
100
AcDbEntity
  8
RSMJ722_4_00DXF_CONTINUOUS_LINE
  6
Continuous
 62
     4
100
AcDbLine
 10
22.76971355878004
 20
88.6849999982
 30
0.0
 11
22.76971355878004
 21
88.13111185782
 31
0.0
  0
LINE
  5
939
330
223
100
AcDbEntity
  8
09681637813_DXF_CONTINUOUS_LINE
  6
Continuous
 62
     7
100
AcDbLine
 10
22.81499999855987
 20
71.33572923833998
 30
0.0
 11
22.81499999855987
 21
60.76427074198
 31
0.0
  0
LINE
  5
93A
330
223
100
AcDbEntity
  8
09681637813_DXF_CONTINUOUS_LINE
  6
Continuous
 62
     7
100
AcDbLine
 10
22.81499999855987
 20
34.33572923797999
 30
0.0
 11
22.81499999855987
 21
23.76427074162002
 31
0.0
  0
LINE
  5
93B
330
223
100
AcDbEntity
  8
RSMJ722_4_00DXF_CONTINUOUS_LINE
  6
Continuous
 62
     4
100
AcDbLine
 10
23.06098238442019
 20
87.68499999922003
 30
0.0
 11
23.06098238442019
 21
88.6849999982
 31
0.0
  0
LINE
  5
93C
330
223
100
AcDbEntity
  8
RSMJ722_4_00DXF_CONTINUOUS_LINE
  6
Continuous
 62
     7
100
AcDbLine
 10
23.41499999997995
 20
23.76399999794
 30
0.0
 11
23.41499999997995
 21
34.33599999944002
 31
0.0
  0
LINE
  5
93D
330
223
100
AcDbEntity
  8
RSMJ722_4_00DXF_CONTINUOUS_LINE
  6
Continuous
 62
     7
100
AcDbLine
 10
23.41499999997995
 20
60.76399999830002
 30
0.0
 11
23.41499999997995
 21
71.33599999980001
 31
0.0
  0
LINE
  5
93E
330
223
100
AcDbEntity
  8
RSMJ722_4_00DXF_CONTINUOUS_LINE
  6
Continuous
 62
     4
100
AcDbLine
 10
23.55201211609983
 20
119.24999999838
 30
0.0
 11
23.55201211609983
 21
119.81616645304
 31
0.0
  0
LINE
  5
93F
330
223
100
AcDbEntity
  8
RSMJ722_4_00DXF_CONTINUOUS_LINE
  6
Continuous
 62
     4
100
AcDbLine
 10
28.96670531259997
 20
65.44999999890001
 30
0.0
 11
29.20081166429964
 21
66.36514325116002
 31
0.0
  0
LINE
  5
940
330
223
100
AcDbEntity
  8
RSMJ722_4_00DXF_CONTINUOUS_LINE
  6
Continuous
 62
     2
100
AcDbLine
 10
19.05282048966001
 20
13.46681739956001
 30
0.0
 11
21.28318259991966
 21
15.69717950728001
 31
0.0
  0
LINE
  5
941
330
223
100
AcDbEntity
  8
09681637813_DXF_CONTINUOUS_LINE
  6
Continuous
 62
     7
100
AcDbLine
 10
18.19999999819947
 20
19.14807620212002
 30
0.0
 11
15.94999999985976
 21
17.84903809662003
 31
0.0
  0
LINE
  5
942
330
223
100
AcDbEntity
  8
09681637813_DXF_CONTINUOUS_LINE
  6
Continuous
 62
     7
100
AcDbLine
 10
18.19999999819947
 20
13.95192377758003
 30
0.0
 11
20.44999999907986
 21
15.25096188308002
 31
0.0
  0
LINE
  5
943
330
223
100
AcDbEntity
  8
RSMJ722_4_00DXF_CONTINUOUS_LINE
  6
Continuous
 62
     4
100
AcDbLine
 10
26.24337653269959
 20
29.22435195249997
 30
0.0
 11
26.57079814861982
 21
29.29720325460002
 31
0.0
  0
LINE
  5
944
330
223
100
AcDbEntity
  8
DPMJ701_4_00DXF_CONTINUOUS_LINE
  6
Continuous
 62
     7
100
AcDbLine
 10
24.59999999979982
 20
129.99999999948
 30
0.0
 11
24.59999999979982
 21
123.99999999798
 31
0.0
  0
LINE
  5
945
330
223
100
AcDbEntity
  8
DPMJ701_4_00DXF_CONTINUOUS_LINE
  6
Continuous
 62
     7
100
AcDbLine
 10
24.59999999979982
 20
5.999999998959993
 30
0.0
 11
24.59999999979982
 21
0.0
 31
0.0
  0
LINE
  5
946
330
223
100
AcDbEntity
  8
DPMJ701_4_00DXF_CONTINUOUS_LINE
  6
Continuous
 62
     7
100
AcDbLine
 10
26.99999999785996
 20
129.99999999948
 30
0.0
 11
26.99999999785996
 21
123.99999999798
 31
0.0
  0
LINE
  5
947
330
223
100
AcDbEntity
  8
DPMJ701_4_00DXF_CONTINUOUS_LINE
  6
Continuous
 62
     7
100
AcDbLine
 10
26.99999999785996
 20
5.999999998959993
 30
0.0
 11
26.99999999785996
 21
0.0
 31
0.0
  0
LINE
  5
948
330
223
100
AcDbEntity
  8
RSMJ722_4_00DXF_CONTINUOUS_LINE
  6
Continuous
 62
     4
100
AcDbLine
 10
28.15469979412001
 20
66.64999999920002
 30
0.0
 11
28.15469979412001
 21
65.44999999890001
 31
0.0
  0
LINE
  5
949
330
223
100
AcDbEntity
  8
RSMJ722_4_00DXF_CONTINUOUS_LINE
  6
Continuous
 62
     4
100
AcDbLine
 10
28.15469979412001
 20
29.64999999883997
 30
0.0
 11
28.15469979412001
 21
28.44999999853999
 31
0.0
  0
LINE
  5
94A
330
223
100
AcDbEntity
  8
RSMJ722_4_00DXF_CONTINUOUS_LINE
  6
Continuous
 62
     4
100
AcDbLine
 10
28.45838335997996
 20
28.44999999853999
 30
0.0
 11
28.45838335997996
 21
29.36514325080003
 31
0.0
  0
LINE
  5
94B
330
223
100
AcDbEntity
  8
RSMJ722_4_00DXF_CONTINUOUS_LINE
  6
Continuous
 62
     4
100
AcDbLine
 10
28.45838335997996
 20
65.44999999890001
 30
0.0
 11
28.45838335997996
 21
66.36514325116002
 31
0.0
  0
LINE
  5
94C
330
223
100
AcDbEntity
  8
RSMJ722_4_00DXF_CONTINUOUS_LINE
  6
Continuous
 62
     4
100
AcDbLine
 10
29.20081166429964
 20
66.36514325116002
 30
0.0
 11
29.20081166429964
 21
65.44999999890001
 31
0.0
  0
LINE
  5
94D
330
223
100
AcDbEntity
  8
RSMJ722_4_00DXF_CONTINUOUS_LINE
  6
Continuous
 62
     4
100
AcDbLine
 10
29.20081166429964
 20
29.36514325080003
 30
0.0
 11
29.20081166429964
 21
28.44999999853999
 31
0.0
  0
LINE
  5
94E
330
223
100
AcDbEntity
  8
DPMJ701_4_00DXF_CONTINUOUS_LINE
  6
Continuous
 62
     7
100
AcDbLine
 10
29.49999999911961
 20
129.99999999948
 30
0.0
 11
29.49999999911961
 21
123.99999999798
 31
0.0
  0
LINE
  5
94F
330
223
100
AcDbEntity
  8
DPMJ701_4_00DXF_CONTINUOUS_LINE
  6
Continuous
 62
     7
100
AcDbLine
 10
29.49999999911961
 20
5.999999998959993
 30
0.0
 11
29.49999999911961
 21
0.0
 31
0.0
  0
LINE
  5
950
330
223
100
AcDbEntity
  8
RSMJ722_4_00DXF_CONTINUOUS_LINE
  6
Continuous
 62
     4
100
AcDbLine
 10
29.50449523016005
 20
28.44999999853999
 30
0.0
 11
29.50449523016005
 21
29.64999999883997
 31
0.0
  0
LINE
  5
951
330
223
100
AcDbEntity
  8
RSMJ722_4_00DXF_CONTINUOUS_LINE
  6
Continuous
 62
     4
100
AcDbLine
 10
29.50449523016005
 20
65.44999999890001
 30
0.0
 11
29.50449523016005
 21
66.64999999920002
 31
0.0
  0
LINE
  5
952
330
223
100
AcDbEntity
  8
RSMJ722_4_00DXF_CONTINUOUS_LINE
  6
Continuous
 62
     4
100
AcDbLine
 10
29.75497263877969
 20
66.3487721917
 30
0.0
 11
29.75497263877969
 21
66.07537519722004
 31
0.0
  0
LINE
  5
953
330
223
100
AcDbEntity
  8
RSMJ722_4_00DXF_CONTINUOUS_LINE
  6
Continuous
 62
     4
100
AcDbLine
 10
30.10531376943982
 20
66.24972715230001
 30
0.0
 11
30.10531376943982
 21
65.44999999890001
 31
0.0
  0
LINE
  5
954
330
223
100
AcDbEntity
  8
RSMJ722_4_00DXF_CONTINUOUS_LINE
  6
Continuous
 62
     4
100
AcDbLine
 10
30.44255770759992
 20
65.44999999890001
 30
0.0
 11
30.44255770759992
 21
66.67046389528002
 31
0.0
  0
LINE
  5
955
330
223
100
AcDbEntity
  8
RSMJ722_4_00DXF_CONTINUOUS_LINE
  6
Continuous
 62
     4
100
AcDbLine
 10
30.66274890043996
 20
28.44999999853999
 30
0.0
 11
30.66274890043996
 21
28.72175989697999
 31
0.0
  0
LINE
  5
956
330
223
100
AcDbEntity
  8
RSMJ722_4_00DXF_CONTINUOUS_LINE
  6
Continuous
 62
     4
100
AcDbLine
 10
29.01663703137956
 20
29.64999999883997
 30
0.0
 11
28.83000678233975
 21
28.91984991989997
 31
0.0
  0
LINE
  5
957
330
223
100
AcDbEntity
  8
RSMJ722_4_00DXF_CONTINUOUS_LINE
  6
Continuous
 62
     4
100
AcDbLine
 10
28.96670531259997
 20
28.44999999853999
 30
0.0
 11
29.20081166429964
 21
29.36514325080003
 31
0.0
  0
LINE
  5
958
330
223
100
AcDbEntity
  8
RSMJ722_4_00DXF_CONTINUOUS_LINE
  6
Continuous
 62
     4
100
AcDbLine
 10
28.15469979412001
 20
28.44999999853999
 30
0.0
 11
28.45838335997996
 21
28.44999999853999
 31
0.0
  0
LINE
  5
959
330
223
100
AcDbEntity
  8
RSMJ722_4_00DXF_CONTINUOUS_LINE
  6
Continuous
 62
     4
100
AcDbLine
 10
28.69167117127972
 20
28.44999999853999
 30
0.0
 11
28.96670531259997
 21
28.44999999853999
 31
0.0
  0
LINE
  5
95A
330
223
100
AcDbEntity
  8
RSMJ722_4_00DXF_CONTINUOUS_LINE
  6
Continuous
 62
     4
100
AcDbLine
 10
29.20081166429964
 20
28.44999999853999
 30
0.0
 11
29.50449523016005
 21
28.44999999853999
 31
0.0
  0
LINE
  5
95B
330
223
100
AcDbEntity
  8
RSMJ722_4_00DXF_CONTINUOUS_LINE
  6
Continuous
 62
     4
100
AcDbLine
 10
29.66247605466015
 20
28.44999999853999
 30
0.0
 11
30.66274890043996
 21
28.44999999853999
 31
0.0
  0
LINE
  5
95C
330
223
100
AcDbEntity
  8
RSMJ722_4_00DXF_CONTINUOUS_LINE
  6
Continuous
 62
     4
100
AcDbLine
 10
30.66274890043996
 20
28.72175989697999
 30
0.0
 11
30.14214858019977
 21
28.72175989697999
 31
0.0
  0
LINE
  5
95D
330
223
100
AcDbEntity
  8
RSMJ722_4_00DXF_CONTINUOUS_LINE
  6
Continuous
 62
     4
100
AcDbLine
 10
29.50449523016005
 20
29.64999999883997
 30
0.0
 11
29.01663703137956
 21
29.64999999883997
 31
0.0
  0
LINE
  5
95E
330
223
100
AcDbEntity
  8
RSMJ722_4_00DXF_CONTINUOUS_LINE
  6
Continuous
 62
     4
100
AcDbLine
 10
28.6417394550399
 20
29.64999999883997
 30
0.0
 11
28.15469979412001
 21
29.64999999883997
 31
0.0
  0
LINE
  5
95F
330
223
100
AcDbEntity
  8
RSMJ722_4_00DXF_CONTINUOUS_LINE
  6
Continuous
 62
     4
100
AcDbLine
 10
29.68703278481962
 20
29.28738064787998
 30
0.0
 11
30.02100285602
 21
29.26036837018003
 31
0.0
  0
LINE
  5
960
330
223
100
AcDbEntity
  8
RSMJ722_4_00DXF_CONTINUOUS_LINE
  6
Continuous
 62
     4
100
AcDbLine
 10
26.58225783360012
 20
28.84290585484001
 30
0.0
 11
26.25729197604005
 21
28.94113231828001
 31
0.0
  0
LINE
  5
961
330
223
100
AcDbEntity
  8
RSMJ722_4_00DXF_CONTINUOUS_LINE
  6
Continuous
 62
     4
100
AcDbLine
 10
28.83000678233975
 20
28.91984991989997
 30
0.0
 11
28.6417394550399
 21
29.64999999883997
 31
0.0
  0
LINE
  5
962
330
223
100
AcDbEntity
  8
RSMJ722_4_00DXF_CONTINUOUS_LINE
  6
Continuous
 62
     4
100
AcDbLine
 10
28.45838335997996
 20
29.36514325080003
 30
0.0
 11
28.69167117127972
 21
28.44999999853999
 31
0.0
  0
LINE
  5
963
330
223
100
AcDbEntity
  8
DPMJ701_4_00DXF_CONTINUOUS_LINE
  6
Continuous
 62
     7
100
AcDbLine
 10
32.00000000038017
 20
129.99999999948
 30
0.0
 11
32.00000000038017
 21
123.99999999798
 31
0.0
  0
LINE
  5
964
330
223
100
AcDbEntity
  8
DPMJ701_4_00DXF_CONTINUOUS_LINE
  6
Continuous
 62
     7
100
AcDbLine
 10
32.00000000038017
 20
5.999999998959993
 30
0.0
 11
32.00000000038017
 21
0.0
 31
0.0
  0
LINE
  5
965
330
223
100
AcDbEntity
  8
RSMJ722_4_00DXF_CONTINUOUS_LINE
  6
Continuous
 62
     7
100
AcDbLine
 10
32.24999999822012
 20
5.999999998959993
 30
0.0
 11
32.24999999822012
 21
91.89999999948
 31
0.0
  0
LINE
  5
966
330
223
100
AcDbEntity
  8
RSMJ702_4_00DXF_CONTINUOUS_LINE
  6
Continuous
 62
     7
100
AcDbLine
 10
32.24999999822012
 20
91.89999999948
 30
0.0
 11
32.24999999822012
 21
116.89999999938
 31
0.0
  0
LINE
  5
967
330
223
100
AcDbEntity
  8
RSMJ722_4_00DXF_CONTINUOUS_LINE
  6
Continuous
 62
     7
100
AcDbLine
 10
32.24999999822012
 20
116.89999999938
 30
0.0
 11
32.24999999822012
 21
123.99999999798
 31
0.0
  0
LINE
  5
968
330
223
100
AcDbEntity
  8
09681637813_DXF_CONTINUOUS_LINE
  6
Continuous
 62
     7
100
AcDbLine
 10
17.13648526214001
 20
37.43050014774002
 30
0.0
 11
20.16648526003974
 21
36.89622939509999
 31
0.0
  0
LINE
  5
969
330
223
100
AcDbEntity
  8
09681637813_DXF_CONTINUOUS_LINE
  6
Continuous
 62
     7
100
AcDbLine
 10
20.25330935105967
 20
37.38863327186002
 30
0.0
 11
17.22330935061973
 21
37.92290402449999
 31
0.0
  0
LINE
  5
96A
330
223
100
AcDbEntity
  8
09681637813_DXF_CONTINUOUS_LINE
  6
Continuous
 62
     7
100
AcDbLine
 10
15.94999999985976
 20
40.25096188297999
 30
0.0
 11
18.19999999819947
 21
38.95192377748
 31
0.0
  0
LINE
  5
96B
330
223
100
AcDbEntity
  8
09681637813_DXF_CONTINUOUS_LINE
  6
Continuous
 62
     7
100
AcDbLine
 10
20.44999999907986
 20
42.84903809651999
 30
0.0
 11
18.19999999819947
 21
44.14807620201998
 31
0.0
  0
LINE
  5
96C
330
223
100
AcDbEntity
  8
09681637813_DXF_CONTINUOUS_LINE
  6
Continuous
 62
     7
100
AcDbLine
 10
16.96868938488024
 20
44.49999998889999
 30
0.0
 11
19.43131061405984
 21
44.49999998889999
 31
0.0
  0
LINE
  5
96D
330
223
100
AcDbEntity
  8
09681637813_DXF_CONTINUOUS_LINE
  6
Continuous
 62
     7
100
AcDbLine
 10
15.94999999985976
 20
52.25096188344
 30
0.0
 11
18.19999999819947
 21
50.95192377794001
 31
0.0
  0
LINE
  5
96E
330
223
100
AcDbEntity
  8
RSMJ722_4_00DXF_CONTINUOUS_LINE
  6
Continuous
 62
     4
100
AcDbLine
 10
27.40654154443973
 20
88.34052520582003
 30
0.0
 11
27.61690998577978
 21
87.58499999856005
 31
0.0
  0
LINE
  5
96F
330
223
100
AcDbEntity
  8
RSMJ722_4_00DXF_CONTINUOUS_LINE
  6
Continuous
 62
     4
100
AcDbLine
 10
27.76752396191978
 20
88.11378581169998
 30
0.0
 11
27.58171210849969
 21
88.78499999886003
 31
0.0
  0
LINE
  5
970
330
223
100
AcDbEntity
  8
RSMJ722_4_00DXF_CONTINUOUS_LINE
  6
Continuous
 62
     4
100
AcDbLine
 10
28.83000678233975
 20
65.91984992026002
 30
0.0
 11
28.6417394550399
 21
66.64999999920002
 31
0.0
  0
LINE
  5
971
330
223
100
AcDbEntity
  8
RSMJ722_4_00DXF_CONTINUOUS_LINE
  6
Continuous
 62
     4
100
AcDbLine
 10
15.07486370085962
 20
120.22885399952
 30
0.0
 11
14.68264010379971
 21
121.74999999964
 31
0.0
  0
LINE
  5
972
330
223
100
AcDbEntity
  8
RSMJ722_4_00DXF_CONTINUOUS_LINE
  6
Continuous
 62
     4
100
AcDbLine
 10
14.30064824141982
 20
121.1565484408
 30
0.0
 11
14.78666451601975
 21
119.24999999838
 31
0.0
  0
LINE
  5
973
330
223
100
AcDbEntity
  8
RSMJ722_4_00DXF_CONTINUOUS_LINE
  6
Continuous
 62
     4
100
AcDbLine
 10
28.45838335997996
 20
66.36514325116002
 30
0.0
 11
28.69167117127972
 21
65.44999999890001
 31
0.0
  0
LINE
  5
974
330
223
100
AcDbEntity
  8
RSMJ722_4_00DXF_CONTINUOUS_LINE
  6
Continuous
 62
     4
100
AcDbLine
 10
26.5667052789795
 20
88.78499999886003
 30
0.0
 11
26.83355389183998
 21
87.58499999856005
 31
0.0
  0
LINE
  5
975
330
223
100
AcDbEntity
  8
RSMJ722_4_00DXF_CONTINUOUS_LINE
  6
Continuous
 62
     4
100
AcDbLine
 10
27.04555941143963
 20
88.11296727383998
 30
0.0
 11
26.91868348535991
 21
88.78499999886003
 31
0.0
  0
LINE
  5
976
330
223
100
AcDbEntity
  8
09681637813_DXF_CONTINUOUS_LINE
  6
Continuous
 62
     7
100
AcDbLine
 10
17.22330935061973
 20
57.17709595546
 30
0.0
 11
20.25330935105967
 21
57.71136670810003
 31
0.0
  0
LINE
  5
977
330
223
100
AcDbEntity
  8
09681637813_DXF_CONTINUOUS_LINE
  6
Continuous
 62
     7
100
AcDbLine
 10
20.16648526003974
 20
58.20377058232
 30
0.0
 11
17.13648526214001
 21
57.66949983222003
 31
0.0
  0
LINE
  5
978
330
223
100
AcDbEntity
  8
09681637813_DXF_CONTINUOUS_LINE
  6
Continuous
 62
     7
100
AcDbLine
 10
16.96868943059962
 20
50.59999998852001
 30
0.0
 11
19.43131056834
 21
50.59999998852001
 31
0.0
  0
LINE
  5
979
330
223
100
AcDbEntity
  8
09681637813_DXF_CONTINUOUS_LINE
  6
Continuous
 62
     7
100
AcDbLine
 10
20.44999999907986
 20
54.84903809444
 30
0.0
 11
18.19999999819947
 21
56.14807619993999
 31
0.0
  0
LINE
  5
97A
330
223
100
AcDbEntity
  8
RSMJ722_4_00DXF_CONTINUOUS_LINE
  6
Continuous
 62
     4
100
AcDbLine
 10
26.24337653269959
 20
66.22435195286002
 30
0.0
 11
26.57079814861982
 21
66.29720325496001
 31
0.0
  0
LINE
  5
97B
330
223
100
AcDbEntity
  8
RSMJ722_4_00DXF_CONTINUOUS_LINE
  6
Continuous
 62
     4
100
AcDbLine
 10
22.39522508499977
 20
88.23343109692001
 30
0.0
 11
22.76971355878004
 21
87.68499999922003
 31
0.0
  0
LINE
  5
97C
330
223
100
AcDbEntity
  8
RSMJ722_4_00DXF_CONTINUOUS_LINE
  6
Continuous
 62
     4
100
AcDbLine
 10
22.76971355878004
 20
88.13111185782
 30
0.0
 11
22.39317873907976
 21
88.6849999982
 31
0.0
  0
LINE
  5
97D
330
223
100
AcDbEntity
  8
RSMJ722_4_00DXF_CONTINUOUS_LINE
  6
Continuous
 62
     4
100
AcDbLine
 10
9.62124851210001
 20
120.01398365202
 30
0.0
 11
10.03393602301958
 21
119.24999999838
 31
0.0
  0
LINE
  5
97E
330
223
100
AcDbEntity
  8
RSMJ722_4_00DXF_CONTINUOUS_LINE
  6
Continuous
 62
     4
100
AcDbLine
 10
10.90706017465982
 20
119.24999999838
 30
0.0
 11
10.53188961689966
 21
119.97305589796
 31
0.0
  0
LINE
  5
97F
330
223
100
AcDbEntity
  8
RSMJ722_4_00DXF_CONTINUOUS_LINE
  6
Continuous
 62
     4
100
AcDbLine
 10
28.15469979412001
 20
65.44999999890001
 30
0.0
 11
28.45838335997996
 21
65.44999999890001
 31
0.0
  0
LINE
  5
980
330
223
100
AcDbEntity
  8
RSMJ722_4_00DXF_CONTINUOUS_LINE
  6
Continuous
 62
     4
100
AcDbLine
 10
28.69167117127972
 20
65.44999999890001
 30
0.0
 11
28.96670531259997
 21
65.44999999890001
 31
0.0
  0
LINE
  5
981
330
223
100
AcDbEntity
  8
RSMJ722_4_00DXF_CONTINUOUS_LINE
  6
Continuous
 62
     4
100
AcDbLine
 10
29.20081166429964
 20
65.44999999890001
 30
0.0
 11
29.50449523016005
 21
65.44999999890001
 31
0.0
  0
LINE
  5
982
330
223
100
AcDbEntity
  8
RSMJ722_4_00DXF_CONTINUOUS_LINE
  6
Continuous
 62
     4
100
AcDbLine
 10
30.10531376943982
 20
65.44999999890001
 30
0.0
 11
30.44255770759992
 21
65.44999999890001
 31
0.0
  0
LINE
  5
983
330
223
100
AcDbEntity
  8
RSMJ722_4_00DXF_CONTINUOUS_LINE
  6
Continuous
 62
     4
100
AcDbLine
 10
29.50449523016005
 20
66.64999999920002
 30
0.0
 11
29.01663703137956
 21
66.64999999920002
 31
0.0
  0
LINE
  5
984
330
223
100
AcDbEntity
  8
RSMJ722_4_00DXF_CONTINUOUS_LINE
  6
Continuous
 62
     4
100
AcDbLine
 10
28.6417394550399
 20
66.64999999920002
 30
0.0
 11
28.15469979412001
 21
66.64999999920002
 31
0.0
  0
LINE
  5
985
330
223
100
AcDbEntity
  8
RSMJ722_4_00DXF_CONTINUOUS_LINE
  6
Continuous
 62
     4
100
AcDbLine
 10
30.44255770759992
 20
66.67046389528002
 30
0.0
 11
30.16670531289947
 21
66.67046389528002
 31
0.0
  0
LINE
  5
986
330
223
100
AcDbEntity
  8
RSMJ722_4_00DXF_CONTINUOUS_LINE
  6
Continuous
 62
     4
100
AcDbLine
 10
26.58225783360012
 20
65.84290585520003
 30
0.0
 11
26.25729197604005
 21
65.94113231864
 31
0.0
  0
LINE
  5
987
330
223
100
AcDbEntity
  8
09681637813_DXF_CONTINUOUS_LINE
  6
Continuous
 62
     7
100
AcDbLine
 10
15.94999999985976
 20
77.25096188334001
 30
0.0
 11
18.19999999819947
 21
75.95192377784
 31
0.0
  0
LINE
  5
988
330
223
100
AcDbEntity
  8
09681637813_DXF_CONTINUOUS_LINE
  6
Continuous
 62
     7
100
AcDbLine
 10
17.13648526214001
 20
74.43050014810001
 30
0.0
 11
20.16648526003974
 21
73.89622939545998
 31
0.0
  0
LINE
  5
989
330
223
100
AcDbEntity
  8
09681637813_DXF_CONTINUOUS_LINE
  6
Continuous
 62
     7
100
AcDbLine
 10
20.25330935105967
 20
74.38863327222
 30
0.0
 11
17.22330935061973
 21
74.92290402486003
 31
0.0
  0
LINE
  5
98A
330
223
100
AcDbEntity
  8
09681637813_DXF_CONTINUOUS_LINE
  6
Continuous
 62
     7
100
AcDbLine
 10
20.44999999907986
 20
79.84903809433999
 30
0.0
 11
18.19999999819947
 21
81.14807619984
 31
0.0
  0
LINE
  5
98B
330
223
100
AcDbEntity
  8
RSMJ722_4_00DXF_CONTINUOUS_LINE
  6
Continuous
 62
     4
100
AcDbLine
 10
25.76779673709962
 20
88.00409959215997
 30
0.0
 11
25.41500000047972
 21
87.98199862036003
 31
0.0
  0
LINE
  5
98C
330
223
100
AcDbEntity
  8
09681637813_DXF_CONTINUOUS_LINE
  6
Continuous
 62
     7
100
AcDbLine
 10
16.96868938488024
 20
81.49999998926003
 30
0.0
 11
19.43131061405984
 21
81.49999998926003
 31
0.0
  0
LINE
  5
98D
330
223
100
AcDbEntity
  8
RSMJ722_4_00DXF_CONTINUOUS_LINE
  6
Continuous
 62
     7
100
AcDbLine
 10
14.79999999862002
 20
85.57000000012002
 30
0.0
 11
18.69999999895981
 21
85.57000000012002
 31
0.0
  0
LINE
  5
98E
330
223
100
AcDbEntity
  8
_O_X1_2__DXF_CONTINUOUS_LINE
  6
Continuous
 62
     7
100
AcDbLine
 10
14.3000000003999
 20
86.06999999071999
 30
0.0
 11
19.56580231358021
 21
86.06999999071999
 31
0.0
  0
LINE
  5
98F
330
223
100
AcDbEntity
  8
_O_X1_2__DXF_CONTINUOUS_LINE
  6
Continuous
 62
     7
100
AcDbLine
 10
15.00768284461992
 20
86.24499998869999
 30
0.0
 11
17.99999999941974
 21
86.24499998869999
 31
0.0
  0
LINE
  5
990
330
223
100
AcDbEntity
  8
_O_X1_2__DXF_CONTINUOUS_LINE
  6
Continuous
 62
     7
100
AcDbLine
 10
17.99999999941974
 20
86.25999998917999
 30
0.0
 11
17.34742696369995
 21
86.25999998917999
 31
0.0
  0
LINE
  5
991
330
223
100
AcDbEntity
  8
_O_X1_2__DXF_CONTINUOUS_LINE
  6
Continuous
 62
     7
100
AcDbLine
 10
17.34742696369995
 20
86.25999998917999
 30
0.0
 11
14.74593427489981
 21
86.30538315978
 31
0.0
  0
LINE
  5
992
330
223
100
AcDbEntity
  8
RSMJ722_4_00DXF_CONTINUOUS_LINE
  6
Continuous
 62
     4
100
AcDbLine
 10
26.11486356900014
 20
88.42729195126
 30
0.0
 11
26.46438608813969
 21
88.44775577368
 31
0.0
  0
LINE
  5
993
330
223
100
AcDbEntity
  8
_O_X1_2__DXF_CONTINUOUS_LINE
  6
Continuous
 62
     7
100
AcDbLine
 10
14.74593427489981
 20
87.51461682207997
 30
0.0
 11
17.34742696369995
 21
87.55999999014003
 31
0.0
  0
LINE
  5
994
330
223
100
AcDbEntity
  8
_O_X1_2__DXF_CONTINUOUS_LINE
  6
Continuous
 62
     7
100
AcDbLine
 10
14.74593427489981
 20
90.05461682207996
 30
0.0
 11
17.34742696369995
 21
90.09999999014002
 31
0.0
  0
LINE
  5
995
330
223
100
AcDbEntity
  8
_O_X1_2__DXF_CONTINUOUS_LINE
  6
Continuous
 62
     7
100
AcDbLine
 10
17.34742696369995
 20
87.55999999014003
 30
0.0
 11
17.99999999941974
 21
87.55999999014003
 31
0.0
  0
LINE
  5
996
330
223
100
AcDbEntity
  8
_O_X1_2__DXF_CONTINUOUS_LINE
  6
Continuous
 62
     7
100
AcDbLine
 10
17.99999999941974
 20
87.57499999062
 30
0.0
 11
15.00768284461992
 21
87.57499999062
 31
0.0
  0
LINE
  5
997
330
223
100
AcDbEntity
  8
RSMJ722_4_00DXF_CONTINUOUS_LINE
  6
Continuous
 62
     4
100
AcDbLine
 10
26.83355389183998
 20
87.58499999856005
 30
0.0
 11
27.19699178319979
 21
87.58499999856005
 31
0.0
  0
LINE
  5
998
330
223
100
AcDbEntity
  8
RSMJ722_4_00DXF_CONTINUOUS_LINE
  6
Continuous
 62
     4
100
AcDbLine
 10
27.61690998577978
 20
87.58499999856005
 30
0.0
 11
27.98034801938002
 21
87.58499999856005
 31
0.0
  0
LINE
  5
999
330
223
100
AcDbEntity
  8
RSMJ722_4_00DXF_CONTINUOUS_LINE
  6
Continuous
 62
     4
100
AcDbLine
 10
10.90422925829989
 20
87.68499999922003
 30
0.0
 11
11.21459755805972
 21
87.68499999922003
 31
0.0
  0
LINE
  5
99A
330
223
100
AcDbEntity
  8
RSMJ722_4_00DXF_CONTINUOUS_LINE
  6
Continuous
 62
     4
100
AcDbLine
 10
11.83601651080016
 20
87.68499999922003
 30
0.0
 11
12.14638481055999
 21
87.68499999922003
 31
0.0
  0
LINE
  5
99B
330
223
100
AcDbEntity
  8
RSMJ722_4_00DXF_CONTINUOUS_LINE
  6
Continuous
 62
     4
100
AcDbLine
 10
22.10463849573989
 20
87.68499999922003
 30
0.0
 11
22.39522508499977
 21
87.68499999922003
 31
0.0
  0
LINE
  5
99C
330
223
100
AcDbEntity
  8
RSMJ722_4_00DXF_CONTINUOUS_LINE
  6
Continuous
 62
     4
100
AcDbLine
 10
22.76971355878004
 20
87.68499999922003
 30
0.0
 11
23.06098238442019
 21
87.68499999922003
 31
0.0
  0
LINE
  5
99D
330
223
100
AcDbEntity
  8
RSMJ722_4_00DXF_CONTINUOUS_LINE
  6
Continuous
 62
     4
100
AcDbLine
 10
11.21459755805972
 20
88.09359481576001
 30
0.0
 11
11.6020464656599
 21
88.09359481576001
 31
0.0
  0
LINE
  5
99E
330
223
100
AcDbEntity
  8
RSMJ722_4_00DXF_CONTINUOUS_LINE
  6
Continuous
 62
     4
100
AcDbLine
 10
12.14638481055999
 20
88.09359481576001
 30
0.0
 11
12.53383359877989
 21
88.09359481576001
 31
0.0
  0
LINE
  5
99F
330
223
100
AcDbEntity
  8
RSMJ722_4_00DXF_CONTINUOUS_LINE
  6
Continuous
 62
     4
100
AcDbLine
 10
12.53383359877989
 20
88.29550474468002
 30
0.0
 11
12.14638481055999
 21
88.29550474468002
 31
0.0
  0
LINE
  5
9A0
330
223
100
AcDbEntity
  8
RSMJ722_4_00DXF_CONTINUOUS_LINE
  6
Continuous
 62
     4
100
AcDbLine
 10
11.6020464656599
 20
88.29550474468002
 30
0.0
 11
11.21459755805972
 21
88.29550474468002
 31
0.0
  0
LINE
  5
9A1
330
223
100
AcDbEntity
  8
RSMJ722_4_00DXF_CONTINUOUS_LINE
  6
Continuous
 62
     4
100
AcDbLine
 10
11.21459755805972
 20
88.47012960498
 30
0.0
 11
11.6682127468398
 21
88.47012960498
 31
0.0
  0
LINE
  5
9A2
330
223
100
AcDbEntity
  8
RSMJ722_4_00DXF_CONTINUOUS_LINE
  6
Continuous
 62
     4
100
AcDbLine
 10
12.14638481055999
 20
88.47012960498
 30
0.0
 11
12.59999999933962
 21
88.47012960498
 31
0.0
  0
LINE
  5
9A3
330
223
100
AcDbEntity
  8
RSMJ722_4_00DXF_CONTINUOUS_LINE
  6
Continuous
 62
     4
100
AcDbLine
 10
23.06098238442019
 20
88.6849999982
 30
0.0
 11
22.76971355878004
 21
88.6849999982
 31
0.0
  0
LINE
  5
9A4
330
223
100
AcDbEntity
  8
RSMJ722_4_00DXF_CONTINUOUS_LINE
  6
Continuous
 62
     4
100
AcDbLine
 10
22.39317873907976
 20
88.6849999982
 30
0.0
 11
22.10463849573989
 21
88.6849999982
 31
0.0
  0
LINE
  5
9A5
330
223
100
AcDbEntity
  8
RSMJ722_4_00DXF_CONTINUOUS_LINE
  6
Continuous
 62
     4
100
AcDbLine
 10
12.59999999933962
 20
88.6849999982
 30
0.0
 11
11.83601651080016
 21
88.6849999982
 31
0.0
  0
LINE
  5
9A6
330
223
100
AcDbEntity
  8
RSMJ722_4_00DXF_CONTINUOUS_LINE
  6
Continuous
 62
     4
100
AcDbLine
 10
11.6682127468398
 20
88.6849999982
 30
0.0
 11
10.90422925829989
 21
88.6849999982
 31
0.0
  0
LINE
  5
9A7
330
223
100
AcDbEntity
  8
RSMJ722_4_00DXF_CONTINUOUS_LINE
  6
Continuous
 62
     4
100
AcDbLine
 10
28.24555941173958
 20
88.78499999886003
 30
0.0
 11
27.89439974321976
 21
88.78499999886003
 31
0.0
  0
LINE
  5
9A8
330
223
100
AcDbEntity
  8
RSMJ722_4_00DXF_CONTINUOUS_LINE
  6
Continuous
 62
     4
100
AcDbLine
 10
27.58171210849969
 20
88.78499999886003
 30
0.0
 11
27.23055258221984
 21
88.78499999886003
 31
0.0
  0
LINE
  5
9A9
330
223
100
AcDbEntity
  8
RSMJ722_4_00DXF_CONTINUOUS_LINE
  6
Continuous
 62
     4
100
AcDbLine
 10
26.91868348535991
 20
88.78499999886003
 30
0.0
 11
26.5667052789795
 21
88.78499999886003
 31
0.0
  0
LINE
  5
9AA
330
223
100
AcDbEntity
  8
_O_X1_2__DXF_CONTINUOUS_LINE
  6
Continuous
 62
     7
100
AcDbLine
 10
15.00768284461992
 20
88.78499998869998
 30
0.0
 11
17.99999999941974
 21
88.78499998869998
 31
0.0
  0
LINE
  5
9AB
330
223
100
AcDbEntity
  8
_O_X1_2__DXF_CONTINUOUS_LINE
  6
Continuous
 62
     7
100
AcDbLine
 10
17.99999999941974
 20
88.79999998917998
 30
0.0
 11
17.34742696369995
 21
88.79999998917998
 31
0.0
  0
LINE
  5
9AC
330
223
100
AcDbEntity
  8
_O_X1_2__DXF_CONTINUOUS_LINE
  6
Continuous
 62
     7
100
AcDbLine
 10
17.34742696369995
 20
90.09999999014002
 30
0.0
 11
17.99999999941974
 21
90.09999999014002
 31
0.0
  0
LINE
  5
9AD
330
223
100
AcDbEntity
  8
_O_X1_2__DXF_CONTINUOUS_LINE
  6
Continuous
 62
     7
100
AcDbLine
 10
17.99999999941974
 20
90.11499999061999
 30
0.0
 11
15.00768284461992
 21
90.11499999061999
 31
0.0
  0
LINE
  5
9AE
330
223
100
AcDbEntity
  8
_O_X1_2__DXF_CONTINUOUS_LINE
  6
Continuous
 62
     7
100
AcDbLine
 10
14.3000000003999
 20
90.29999998891998
 30
0.0
 11
19.56580232373972
 21
90.29999998891998
 31
0.0
  0
LINE
  5
9AF
330
223
100
AcDbEntity
  8
_O_X1_2__DXF_CONTINUOUS_LINE
  6
Continuous
 62
     7
100
AcDbLine
 10
18.09043530749977
 20
90.37276141312
 30
0.0
 11
18.33466607634
 21
90.37276141312
 31
0.0
  0
LINE
  5
9B0
330
223
100
AcDbEntity
  8
_O_X1_2__DXF_CONTINUOUS_LINE
  6
Continuous
 62
     7
100
AcDbLine
 10
18.2929009172999
 20
90.48130842234002
 30
0.0
 11
18.09043530749977
 21
90.48130842234002
 31
0.0
  0
LINE
  5
9B1
330
223
100
AcDbEntity
  8
_O_X1_2__DXF_CONTINUOUS_LINE
  6
Continuous
 62
     7
100
AcDbLine
 10
17.47985838286013
 20
90.69840244078
 30
0.0
 11
17.4255848795201
 21
90.69840244078
 31
0.0
  0
LINE
  5
9B2
330
223
100
AcDbEntity
  8
RSMJ722_4_00DXF_CONTINUOUS_LINE
  6
Continuous
 62
     7
100
AcDbLine
 10
18.69999999895981
 20
90.79999999984
 30
0.0
 11
14.79999999862002
 21
90.79999999984
 31
0.0
  0
LINE
  5
9B3
330
223
100
AcDbEntity
  8
RSMJ722_4_00DXF_CONTINUOUS_LINE
  6
Continuous
 62
     7
100
AcDbLine
 10
-0.2500000003801688
 20
91.79999999882003
 30
0.0
 11
32.24999999822012
 21
91.79999999882003
 31
0.0
  0
LINE
  5
9B4
330
223
100
AcDbEntity
  8
RSMJ702_4_00DXF_CONTINUOUS_LINE
  6
Continuous
 62
     7
100
AcDbLine
 10
-0.2500000003801688
 20
91.89999999948
 30
0.0
 11
32.24999999822012
 21
91.89999999948
 31
0.0
  0
LINE
  5
9B5
330
223
100
AcDbEntity
  8
_O_X1_2__DXF_CONTINUOUS_LINE
  6
Continuous
 62
     7
100
AcDbLine
 10
17.34742696369995
 20
88.79999998917998
 30
0.0
 11
14.74593427489981
 21
88.84538315978
 31
0.0
  0
LINE
  5
9B6
330
223
100
AcDbEntity
  8
RSMJ702_4_00DXF_CONTINUOUS_LINE
  6
Continuous
 62
     7
100
AcDbLine
 10
32.24999999822012
 20
116.89999999938
 30
0.0
 11
-0.2500000003801688
 21
116.89999999938
 31
0.0
  0
LINE
  5
9B7
330
223
100
AcDbEntity
  8
RSMJ722_4_00DXF_CONTINUOUS_LINE
  6
Continuous
 62
     7
100
AcDbLine
 10
-0.2500000003801688
 20
117.00000000004
 30
0.0
 11
32.24999999822012
 21
117.00000000004
 31
0.0
  0
LINE
  5
9B8
330
223
100
AcDbEntity
  8
RSMJ722_4_00DXF_CONTINUOUS_LINE
  6
Continuous
 62
     4
100
AcDbLine
 10
11.75460454764016
 20
120.12312415256
 30
0.0
 11
11.01961132877977
 21
120.0770804575
 31
0.0
  0
LINE
  5
9B9
330
223
100
AcDbEntity
  8
RSMJ722_4_00DXF_CONTINUOUS_LINE
  6
Continuous
 62
     4
100
AcDbLine
 10
12.47766044721993
 20
121.00477489624
 30
0.0
 11
13.20583251131984
 21
121.04740786406
 31
0.0
  0
LINE
  5
9BA
330
223
100
AcDbEntity
  8
RSMJ722_4_00DXF_CONTINUOUS_LINE
  6
Continuous
 62
     7
100
AcDbLine
 10
32.24999999822012
 20
117.59999999892
 30
0.0
 11
-0.2500000003801688
 21
117.59999999892
 31
0.0
  0
LINE
  5
9BB
330
223
100
AcDbEntity
  8
RSMJ722_4_00DXF_CONTINUOUS_LINE
  6
Continuous
 62
     4
100
AcDbLine
 10
8.44798789189963
 20
119.24999999838
 30
0.0
 11
9.223908750519513
 21
119.24999999838
 31
0.0
  0
LINE
  5
9BC
330
223
100
AcDbEntity
  8
RSMJ722_4_00DXF_CONTINUOUS_LINE
  6
Continuous
 62
     4
100
AcDbLine
 10
10.03393602301958
 20
119.24999999838
 30
0.0
 11
10.90706017465982
 21
119.24999999838
 31
0.0
  0
LINE
  5
9BD
330
223
100
AcDbEntity
  8
RSMJ722_4_00DXF_CONTINUOUS_LINE
  6
Continuous
 62
     4
100
AcDbLine
 10
13.66797414227995
 20
119.24999999838
 30
0.0
 11
14.30064824141982
 21
119.24999999838
 31
0.0
  0
LINE
  5
9BE
330
223
100
AcDbEntity
  8
RSMJ722_4_00DXF_CONTINUOUS_LINE
  6
Continuous
 62
     4
100
AcDbLine
 10
14.78666451601975
 20
119.24999999838
 30
0.0
 11
15.35965231085993
 21
119.24999999838
 31
0.0
  0
LINE
  5
9BF
330
223
100
AcDbEntity
  8
RSMJ722_4_00DXF_CONTINUOUS_LINE
  6
Continuous
 62
     4
100
AcDbLine
 10
15.84737387287987
 20
119.24999999838
 30
0.0
 11
16.48004796947953
 21
119.24999999838
 31
0.0
  0
LINE
  5
9C0
330
223
100
AcDbEntity
  8
RSMJ722_4_00DXF_CONTINUOUS_LINE
  6
Continuous
 62
     4
100
AcDbLine
 10
17.29348566950011
 20
119.24999999838
 30
0.0
 11
17.98584607039993
 21
119.24999999838
 31
0.0
  0
LINE
  5
9C1
330
223
100
AcDbEntity
  8
RSMJ722_4_00DXF_CONTINUOUS_LINE
  6
Continuous
 62
     4
100
AcDbLine
 10
19.13864222048005
 20
119.24999999838
 30
0.0
 11
21.22254458047973
 21
119.24999999838
 31
0.0
  0
LINE
  5
9C2
330
223
100
AcDbEntity
  8
RSMJ722_4_00DXF_CONTINUOUS_LINE
  6
Continuous
 62
     4
100
AcDbLine
 10
21.46811094735995
 20
119.24999999838
 30
0.0
 11
23.55201211609983
 21
119.24999999838
 31
0.0
  0
LINE
  5
9C3
330
223
100
AcDbEntity
  8
RSMJ722_4_00DXF_CONTINUOUS_LINE
  6
Continuous
 62
     4
100
AcDbLine
 10
23.55201211609983
 20
119.81616645304
 30
0.0
 11
22.46742811813965
 21
119.81616645304
 31
0.0
  0
LINE
  5
9C4
330
223
100
AcDbEntity
  8
RSMJ722_4_00DXF_CONTINUOUS_LINE
  6
Continuous
 62
     4
100
AcDbLine
 10
21.22254458047973
 20
119.81616645304
 30
0.0
 11
20.13796058252001
 21
119.81616645304
 31
0.0
  0
LINE
  5
9C5
330
223
100
AcDbEntity
  8
RSMJ722_4_00DXF_CONTINUOUS_LINE
  6
Continuous
 62
     4
100
AcDbLine
 10
9.223908750519513
 20
120.26466573638
 30
0.0
 11
9.292121573199893
 21
120.26466573638
 31
0.0
  0
LINE
  5
9C6
330
223
100
AcDbEntity
  8
RSMJ722_4_00DXF_CONTINUOUS_LINE
  6
Continuous
 62
     4
100
AcDbLine
 10
9.549625038379872
 20
120.73703962526
 30
0.0
 11
9.223908750519513
 21
120.73703962526
 31
0.0
  0
LINE
  5
9C7
330
223
100
AcDbEntity
  8
RSMJ722_4_00DXF_CONTINUOUS_LINE
  6
Continuous
 62
     4
100
AcDbLine
 10
16.87227156653989
 20
121.16336974288
 30
0.0
 11
18.1069239664198
 21
121.16336974288
 31
0.0
  0
LINE
  5
9C8
330
223
100
AcDbEntity
  8
RSMJ722_4_00DXF_CONTINUOUS_LINE
  6
Continuous
 62
     4
100
AcDbLine
 10
9.223908750519513
 20
121.24522510114
 30
0.0
 11
9.56326749776008
 21
121.24522510114
 31
0.0
  0
LINE
  5
9C9
330
223
100
AcDbEntity
  8
RSMJ722_4_00DXF_CONTINUOUS_LINE
  6
Continuous
 62
     4
100
AcDbLine
 10
18.89989819962011
 20
121.74999999964
 30
0.0
 11
16.87227156653989
 21
121.74999999964
 31
0.0
  0
LINE
  5
9CA
330
223
100
AcDbEntity
  8
RSMJ722_4_00DXF_CONTINUOUS_LINE
  6
Continuous
 62
     4
100
AcDbLine
 10
16.48004796947953
 20
121.74999999964
 30
0.0
 11
15.46367672053975
 21
121.74999999964
 31
0.0
  0
LINE
  5
9CB
330
223
100
AcDbEntity
  8
RSMJ722_4_00DXF_CONTINUOUS_LINE
  6
Continuous
 62
     4
100
AcDbLine
 10
14.68264010379971
 20
121.74999999964
 30
0.0
 11
13.66797414227995
 21
121.74999999964
 31
0.0
  0
LINE
  5
9CC
330
223
100
AcDbEntity
  8
RSMJ722_4_00DXF_CONTINUOUS_LINE
  6
Continuous
 62
     4
100
AcDbLine
 10
9.735504953639975
 20
121.74999999964
 30
0.0
 11
8.44798789189963
 21
121.74999999964
 31
0.0
  0
LINE
  5
9CD
330
223
100
AcDbEntity
  8
RSMJ722_4_00DXF_CONTINUOUS_LINE
  6
Continuous
 62
     7
100
AcDbLine
 10
32.24999999822012
 20
123.99999999798
 30
0.0
 11
-0.2500000003801688
 21
123.99999999798
 31
0.0
  0
LINE
  5
9CE
330
223
100
AcDbEntity
  8
MPUJ710_4_01DXF_CONTINUOUS_LINE
  6
Continuous
 62
     7
100
AcDbLine
 10
16.39999999901966
 20
124.84999999978
 30
0.0
 11
15.59999999881984
 21
124.84999999978
 31
0.0
  0
LINE
  5
9CF
330
223
100
AcDbEntity
  8
MPUJ710_4_01DXF_CONTINUOUS_LINE
  6
Continuous
 62
     7
100
AcDbLine
 10
17.74999999903957
 20
126.1999999998
 30
0.0
 11
16.39999999901966
 21
126.1999999998
 31
0.0
  0
LINE
  5
9D0
330
223
100
AcDbEntity
  8
MPUJ710_4_01DXF_CONTINUOUS_LINE
  6
Continuous
 62
     7
100
AcDbLine
 10
14.24999999879992
 20
126.1999999998
 30
0.0
 11
15.59999999881984
 21
126.1999999998
 31
0.0
  0
LINE
  5
9D1
330
223
100
AcDbEntity
  8
MPUJ710_4_01DXF_CONTINUOUS_LINE
  6
Continuous
 62
     7
100
AcDbLine
 10
14.24999999879992
 20
127.0
 30
0.0
 11
15.59999999881984
 21
127.0
 31
0.0
  0
LINE
  5
9D2
330
223
100
AcDbEntity
  8
MPUJ710_4_01DXF_CONTINUOUS_LINE
  6
Continuous
 62
     7
100
AcDbLine
 10
16.39999999901966
 20
127.0
 30
0.0
 11
17.74999999903957
 21
127.0
 31
0.0
  0
LINE
  5
9D3
330
223
100
AcDbEntity
  8
MPUJ710_4_01DXF_CONTINUOUS_LINE
  6
Continuous
 62
     7
100
AcDbLine
 10
15.59999999881984
 20
128.35000000002
 30
0.0
 11
16.39999999901966
 21
128.35000000002
 31
0.0
  0
LINE
  5
9D4
330
223
100
AcDbEntity
  8
DPMJ701_4_00DXF_CONTINUOUS_LINE
  6
Continuous
 62
     7
100
AcDbLine
 10
32.00000000038017
 20
129.99999999948
 30
0.0
 11
0.0
 21
129.99999999948
 31
0.0
  0
LINE
  5
9D5
330
223
100
AcDbEntity
  8
RSMJ722_4_00DXF_CONTINUOUS_LINE
  6
Continuous
 62
     4
100
AcDbLine
 10
19.18980208005996
 20
120.99454301424
 30
0.0
 11
19.88557305833956
 21
120.93826743972
 31
0.0
  0
LINE
  5
9D6
330
223
100
AcDbEntity
  8
RSMJ722_4_00DXF_CONTINUOUS_LINE
  6
Continuous
 62
     4
100
AcDbLine
 10
21.51927080693986
 20
120.99454301424
 30
0.0
 11
22.21504059395966
 21
120.93826743972
 31
0.0
  0
ARC
  5
9D7
330
223
100
AcDbEntity
  8
RSMJ722_4_00DXF_CONTINUOUS_LINE
  6
Continuous
 62
     7
100
AcDbCircle
 10
14.79999999862002
 20
89.79999999832003
 30
0.0
 40
0.9999999989799999
100
AcDbArc
 50
90.0
 51
180.0
  0
ARC
  5
9D8
330
223
100
AcDbEntity
  8
RSMJ722_4_00DXF_CONTINUOUS_LINE
  6
Continuous
 62
     7
100
AcDbCircle
 10
14.79999999862002
 20
86.56999999909999
 30
0.0
 40
0.9999999989799999
100
AcDbArc
 50
180.0
 51
270.0
  0
ARC
  5
9D9
330
223
100
AcDbEntity
  8
RSMJ722_4_00DXF_CONTINUOUS_LINE
  6
Continuous
 62
     7
100
AcDbCircle
 10
1.549999998799649
 20
92.80000000034002
 30
0.0
 40
0.9999999989799999
100
AcDbArc
 50
244.3133104195996
 51
270.0
  0
ARC
  5
9DA
330
223
100
AcDbEntity
  8
RSMJ722_4_00DXF_CONTINUOUS_LINE
  6
Continuous
 62
     7
100
AcDbCircle
 10
1.549999998799649
 20
115.99999999852
 30
0.0
 40
0.9999999989799999
100
AcDbArc
 50
90.0
 51
115.6866895804004
  0
ARC
  5
9DB
330
223
100
AcDbEntity
  8
RSMJ722_4_00DXF_CONTINUOUS_LINE
  6
Continuous
 62
     7
100
AcDbCircle
 10
16.68499999797996
 20
23.22999999914001
 30
0.0
 40
3.69999999902
100
AcDbArc
 50
180.0
 51
242.9089782415001
  0
ARC
  5
9DC
330
223
100
AcDbEntity
  8
09681637813_DXF_CONTINUOUS_LINE
  6
Continuous
 62
     7
100
AcDbCircle
 10
16.68499999797996
 20
23.22999998898001
 30
0.0
 40
3.10000000014
100
AcDbArc
 50
180.0000000002
 51
279.9999999997
  0
ARC
  5
9DD
330
223
100
AcDbEntity
  8
DPMJ701_4_00DXF_CONTINUOUS_LINE
  6
Continuous
 62
     7
100
AcDbCircle
 10
15.99999999891998
 20
3.399999999580032
 30
0.0
 40
2.84999999976
100
AcDbArc
 50
114.1364561383001
 51
65.86354386280009
  0
ARC
  5
9DE
330
223
100
AcDbEntity
  8
MPUJ710_4_01DXF_CONTINUOUS_LINE
  6
Continuous
 62
     7
100
AcDbCircle
 10
15.99999999891998
 20
3.399999999580032
 30
0.0
 40
2.7499999991
100
AcDbArc
 50
108.9616511440999
 51
71.03834886950037
  0
ARC
  5
9DF
330
223
100
AcDbEntity
  8
09681637813_DXF_CONTINUOUS_LINE
  6
Continuous
 62
     7
100
AcDbCircle
 10
16.68499999797996
 20
23.22999998898001
 30
0.0
 40
2.59999999938
100
AcDbArc
 50
180.0000000002
 51
279.9999999997
  0
CIRCLE
  5
9E0
330
223
100
AcDbEntity
  8
09681637813_DXF_CONTINUOUS_LINE
  6
Continuous
 62
     7
100
AcDbCircle
 10
16.77999999847998
 20
23.50999999032
 30
0.0
 40
0.50000000076
  0
ARC
  5
9E1
330
223
100
AcDbEntity
  8
RSMJ722_4_00DXF_CONTINUOUS_LINE
  6
Continuous
 62
     7
100
AcDbCircle
 10
16.68499999797996
 20
60.2299999995
 30
0.0
 40
3.69999999902
100
AcDbArc
 50
180.0
 51
242.9089782415001
  0
ARC
  5
9E2
330
223
100
AcDbEntity
  8
RSMJ722_4_00DXF_CONTINUOUS_LINE
  6
Continuous
 62
     7
100
AcDbCircle
 10
16.68499999797996
 20
34.86999999824002
 30
0.0
 40
3.69999999902
100
AcDbArc
 50
117.0910217585
 51
180.0
  0
ARC
  5
9E3
330
223
100
AcDbEntity
  8
09681637813_DXF_CONTINUOUS_LINE
  6
Continuous
 62
     7
100
AcDbCircle
 10
16.68499999797996
 20
34.86999999062002
 30
0.0
 40
3.10000000014
100
AcDbArc
 50
80.00000000029992
 51
179.9999999998
  0
ARC
  5
9E4
330
223
100
AcDbEntity
  8
09681637813_DXF_CONTINUOUS_LINE
  6
Continuous
 62
     7
100
AcDbCircle
 10
16.68499999797996
 20
60.22999998934
 30
0.0
 40
3.10000000014
100
AcDbArc
 50
180.0000000002
 51
279.9999999997
  0
ARC
  5
9E5
330
223
100
AcDbEntity
  8
09681637813_DXF_CONTINUOUS_LINE
  6
Continuous
 62
     7
100
AcDbCircle
 10
16.68499999797996
 20
34.86999999062002
 30
0.0
 40
2.59999999938
100
AcDbArc
 50
80.00000000029992
 51
179.9999999998
  0
ARC
  5
9E6
330
223
100
AcDbEntity
  8
09681637813_DXF_CONTINUOUS_LINE
  6
Continuous
 62
     7
100
AcDbCircle
 10
16.68499999797996
 20
60.22999998934
 30
0.0
 40
2.59999999938
100
AcDbArc
 50
180.0000000002
 51
279.9999999997
  0
CIRCLE
  5
9E7
330
223
100
AcDbEntity
  8
09681637813_DXF_CONTINUOUS_LINE
  6
Continuous
 62
     7
100
AcDbCircle
 10
16.77999999847998
 20
34.58999998928002
 30
0.0
 40
0.50000000076
  0
CIRCLE
  5
9E8
330
223
100
AcDbEntity
  8
09681637813_DXF_CONTINUOUS_LINE
  6
Continuous
 62
     7
100
AcDbCircle
 10
16.77999999847998
 20
60.50999999068003
 30
0.0
 40
0.50000000076
  0
ARC
  5
9E9
330
223
100
AcDbEntity
  8
RSMJ722_4_00DXF_CONTINUOUS_LINE
  6
Continuous
 62
     7
100
AcDbCircle
 10
19.7149999984199
 20
23.76399999794
 30
0.0
 40
3.69999999902
100
AcDbArc
 50
297.0910217584999
 51
0.0
  0
ARC
  5
9EA
330
223
100
AcDbEntity
  8
RSMJ722_4_00DXF_CONTINUOUS_LINE
  6
Continuous
 62
     7
100
AcDbCircle
 10
18.19999999819947
 20
16.54999999874001
 30
0.0
 40
3.2000000008
100
AcDbArc
 50
180.0
 51
0.0
  0
ARC
  5
9EB
330
223
100
AcDbEntity
  8
09681637813_DXF_CONTINUOUS_LINE
  6
Continuous
 62
     7
100
AcDbCircle
 10
19.7149999984199
 20
23.76427074162002
 30
0.0
 40
3.10000000014
100
AcDbArc
 50
279.9999999999002
 51
359.9999999998
  0
ARC
  5
9EC
330
223
100
AcDbEntity
  8
09681637813_DXF_CONTINUOUS_LINE
  6
Continuous
 62
     7
100
AcDbCircle
 10
19.7149999984199
 20
23.76427074162002
 30
0.0
 40
2.59999999938
100
AcDbArc
 50
279.9999999999002
 51
359.9999999974
  0
CIRCLE
  5
9ED
330
223
100
AcDbEntity
  8
09681637813_DXF_CONTINUOUS_LINE
  6
Continuous
 62
     7
100
AcDbCircle
 10
18.19999999819947
 20
16.54999998858003
 30
0.0
 40
1.30000000096
  0
CIRCLE
  5
9EE
330
223
100
AcDbEntity
  8
09681637813_DXF_CONTINUOUS_LINE
  6
Continuous
 62
     7
100
AcDbCircle
 10
19.61999999791988
 20
24.89499998892001
 30
0.0
 40
0.50000000076
  0
ARC
  5
9EF
330
223
100
AcDbEntity
  8
RSMJ722_4_00DXF_CONTINUOUS_LINE
  6
Continuous
 62
     7
100
AcDbCircle
 10
19.7149999984199
 20
60.76399999830002
 30
0.0
 40
3.69999999902
100
AcDbArc
 50
297.0910217584999
 51
0.0
  0
ARC
  5
9F0
330
223
100
AcDbEntity
  8
RSMJ722_4_00DXF_CONTINUOUS_LINE
  6
Continuous
 62
     7
100
AcDbCircle
 10
19.7149999984199
 20
34.33599999944002
 30
0.0
 40
3.69999999902
100
AcDbArc
 50
0.0
 51
62.90897824150004
  0
ARC
  5
9F1
330
223
100
AcDbEntity
  8
RSMJ722_4_00DXF_CONTINUOUS_LINE
  6
Continuous
 62
     7
100
AcDbCircle
 10
18.19999999819947
 20
53.54999999910004
 30
0.0
 40
3.2000000008
100
AcDbArc
 50
180.0
 51
0.0
  0
ARC
  5
9F2
330
223
100
AcDbEntity
  8
RSMJ722_4_00DXF_CONTINUOUS_LINE
  6
Continuous
 62
     7
100
AcDbCircle
 10
18.19999999819947
 20
41.54999999864
 30
0.0
 40
3.2000000008
100
AcDbArc
 50
0.0
 51
180.0
  0
ARC
  5
9F3
330
223
100
AcDbEntity
  8
09681637813_DXF_CONTINUOUS_LINE
  6
Continuous
 62
     7
100
AcDbCircle
 10
19.7149999984199
 20
34.33572923797999
 30
0.0
 40
3.10000000014
100
AcDbArc
 50
0.0000000001999933
 51
80.00000000009985
  0
ARC
  5
9F4
330
223
100
AcDbEntity
  8
09681637813_DXF_CONTINUOUS_LINE
  6
Continuous
 62
     7
100
AcDbCircle
 10
19.7149999984199
 20
60.76427074198
 30
0.0
 40
3.10000000014
100
AcDbArc
 50
279.9999999999002
 51
359.9999999998
  0
ARC
  5
9F5
330
223
100
AcDbEntity
  8
09681637813_DXF_CONTINUOUS_LINE
  6
Continuous
 62
     7
100
AcDbCircle
 10
19.7149999984199
 20
34.33572923797999
 30
0.0
 40
2.59999999938
100
AcDbArc
 50
0.0000000002999899
 51
80.00000000009985
  0
ARC
  5
9F6
330
223
100
AcDbEntity
  8
09681637813_DXF_CONTINUOUS_LINE
  6
Continuous
 62
     7
100
AcDbCircle
 10
19.7149999984199
 20
60.76427074198
 30
0.0
 40
2.59999999938
100
AcDbArc
 50
279.9999999999002
 51
359.9999999974
  0
CIRCLE
  5
9F7
330
223
100
AcDbEntity
  8
09681637813_DXF_CONTINUOUS_LINE
  6
Continuous
 62
     7
100
AcDbCircle
 10
18.19999999819947
 20
41.54999998848001
 30
0.0
 40
1.30000000096
  0
CIRCLE
  5
9F8
330
223
100
AcDbEntity
  8
09681637813_DXF_CONTINUOUS_LINE
  6
Continuous
 62
     7
100
AcDbCircle
 10
18.19999999819947
 20
53.54999998893999
 30
0.0
 40
1.30000000096
  0
CIRCLE
  5
9F9
330
223
100
AcDbEntity
  8
09681637813_DXF_CONTINUOUS_LINE
  6
Continuous
 62
     7
100
AcDbCircle
 10
19.61999999791988
 20
33.20499999068002
 30
0.0
 40
0.50000000076
  0
CIRCLE
  5
9FA
330
223
100
AcDbEntity
  8
09681637813_DXF_CONTINUOUS_LINE
  6
Continuous
 62
     7
100
AcDbCircle
 10
19.61999999791988
 20
61.89499998928
 30
0.0
 40
0.50000000076
  0
ARC
  5
9FB
330
223
100
AcDbEntity
  8
RSMJ722_4_00DXF_CONTINUOUS_LINE
  6
Continuous
 62
     7
100
AcDbCircle
 10
19.7149999984199
 20
71.33599999980001
 30
0.0
 40
3.69999999902
100
AcDbArc
 50
0.0
 51
62.90897824150004
  0
ARC
  5
9FC
330
223
100
AcDbEntity
  8
RSMJ722_4_00DXF_CONTINUOUS_LINE
  6
Continuous
 62
     7
100
AcDbCircle
 10
16.68499999797996
 20
71.86999999860004
 30
0.0
 40
3.69999999902
100
AcDbArc
 50
117.0910217585
 51
180.0
  0
ARC
  5
9FD
330
223
100
AcDbEntity
  8
RSMJ722_4_00DXF_CONTINUOUS_LINE
  6
Continuous
 62
     7
100
AcDbCircle
 10
18.19999999819947
 20
78.549999999
 30
0.0
 40
3.2000000008
100
AcDbArc
 50
0.0
 51
180.0
  0
ARC
  5
9FE
330
223
100
AcDbEntity
  8
09681637813_DXF_CONTINUOUS_LINE
  6
Continuous
 62
     7
100
AcDbCircle
 10
19.7149999984199
 20
71.33572923833998
 30
0.0
 40
3.10000000014
100
AcDbArc
 50
0.0000000001999933
 51
80.00000000009985
  0
ARC
  5
9FF
330
223
100
AcDbEntity
  8
09681637813_DXF_CONTINUOUS_LINE
  6
Continuous
 62
     7
100
AcDbCircle
 10
16.68499999797996
 20
71.86999999098
 30
0.0
 40
3.10000000014
100
AcDbArc
 50
80.00000000029992
 51
179.9999999998
  0
ARC
  5
A00
330
223
100
AcDbEntity
  8
DPMJ701_4_00DXF_CONTINUOUS_LINE
  6
Continuous
 62
     7
100
AcDbCircle
 10
15.99999999891998
 20
126.5999999999
 30
0.0
 40
2.84999999976
100
AcDbArc
 50
294.1364561381001
 51
245.8635438648003
  0
ARC
  5
A01
330
223
100
AcDbEntity
  8
MPUJ710_4_01DXF_CONTINUOUS_LINE
  6
Continuous
 62
     7
100
AcDbCircle
 10
15.99999999891998
 20
126.5999999999
 30
0.0
 40
2.7499999991
100
AcDbArc
 50
288.9616511440999
 51
251.0383488695004
  0
ARC
  5
A02
330
223
100
AcDbEntity
  8
09681637813_DXF_CONTINUOUS_LINE
  6
Continuous
 62
     7
100
AcDbCircle
 10
16.68499999797996
 20
71.86999999098
 30
0.0
 40
2.59999999938
100
AcDbArc
 50
80.00000000029992
 51
179.9999999998
  0
ARC
  5
A03
330
223
100
AcDbEntity
  8
09681637813_DXF_CONTINUOUS_LINE
  6
Continuous
 62
     7
100
AcDbCircle
 10
19.7149999984199
 20
71.33572923833998
 30
0.0
 40
2.59999999938
100
AcDbArc
 50
0.0000000002999899
 51
80.00000000009985
  0
CIRCLE
  5
A04
330
223
100
AcDbEntity
  8
09681637813_DXF_CONTINUOUS_LINE
  6
Continuous
 62
     7
100
AcDbCircle
 10
18.19999999819947
 20
78.54999998884
 30
0.0
 40
1.30000000096
  0
ARC
  5
A05
330
223
100
AcDbEntity
  8
RSMJ722_4_00DXF_CONTINUOUS_LINE
  6
Continuous
 62
     7
100
AcDbCircle
 10
18.69999999895981
 20
86.56999999909999
 30
0.0
 40
0.9999999989799999
100
AcDbArc
 50
270.0
 51
0.0
  0
ARC
  5
A06
330
223
100
AcDbEntity
  8
RSMJ722_4_00DXF_CONTINUOUS_LINE
  6
Continuous
 62
     7
100
AcDbCircle
 10
18.69999999895981
 20
89.79999999832003
 30
0.0
 40
0.9999999989799999
100
AcDbArc
 50
0.0
 51
90.0
  0
ARC
  5
A07
330
223
100
AcDbEntity
  8
RSMJ722_4_00DXF_CONTINUOUS_LINE
  6
Continuous
 62
     7
100
AcDbCircle
 10
30.44999999903985
 20
115.99999999852
 30
0.0
 40
0.9999999989799999
100
AcDbArc
 50
64.31331041959963
 51
90.0
  0
ARC
  5
A08
330
223
100
AcDbEntity
  8
RSMJ722_4_00DXF_CONTINUOUS_LINE
  6
Continuous
 62
     7
100
AcDbCircle
 10
30.44999999903985
 20
92.80000000034002
 30
0.0
 40
0.9999999989799999
100
AcDbArc
 50
270.0
 51
295.6866895804004
  0
CIRCLE
  5
A09
330
223
100
AcDbEntity
  8
09681637813_DXF_CONTINUOUS_LINE
  6
Continuous
 62
     7
100
AcDbCircle
 10
19.61999999791988
 20
70.20499998849999
 30
0.0
 40
0.50000000076
  0
CIRCLE
  5
A0A
330
223
100
AcDbEntity
  8
09681637813_DXF_CONTINUOUS_LINE
  6
Continuous
 62
     7
100
AcDbCircle
 10
16.77999999847998
 20
71.58999998964
 30
0.0
 40
0.50000000076
  0
SPLINE
  5
A0B
330
223
100
AcDbEntity
  8
_O_X1_2__DXF_CONTINUOUS_LINE
  6
Continuous
 62
     7
100
AcDbSpline
210
0.0
220
0.0
230
1.0
 70
     8
 71
     3
 72
    14
 73
    10
 74
     0
 42
0.0000001
 43
0.0000000001
 40
0.0
 40
0.0
 40
0.0
 40
0.0
 40
0.1535175799
 40
0.302838772
 40
0.4523350818
 40
0.6074592896000001
 40
0.7691817618000001
 40
0.9411351084
 40
1.0
 40
1.0
 40
1.0
 40
1.0
 10
18.25622390149965
 20
90.73910756892002
 30
0.0
 10
18.24933648321985
 20
90.73935435278
 30
0.0
 10
18.23574991653959
 20
90.73984117426002
 30
0.0
 10
18.21602410635978
 20
90.74489093302003
 30
0.0
 10
18.19697681399975
 20
90.75218985923999
 30
0.0
 10
18.17922271183988
 20
90.76335306272003
 30
0.0
 10
18.16200298249987
 20
90.77694043457996
 30
0.0
 10
18.15000681903985
 20
90.78985815322
 30
0.0
 10
18.14345398225987
 20
90.79786008540003
 30
0.0
 10
18.14181613945993
 20
90.79992643127997
 30
0.0
  0
SPLINE
  5
A0C
330
223
100
AcDbEntity
  8
_O_X1_2__DXF_CONTINUOUS_LINE
  6
Continuous
 62
     7
100
AcDbSpline
210
0.0
220
0.0
230
1.0
 70
     8
 71
     3
 72
    11
 73
     7
 74
     0
 42
0.0000001
 43
0.0000000001
 40
0.0
 40
0.0
 40
0.0
 40
0.0
 40
0.2812999901
 40
0.541267622
 40
0.7797725788
 40
1.0
 40
1.0
 40
1.0
 40
1.0
 10
18.32851790473978
 20
90.75818809718001
 30
0.0
 10
18.32206762807982
 20
90.75529923072003
 30
0.0
 10
18.30965623049951
 20
90.7497405728
 30
0.0
 10
18.29095599103994
 20
90.74385739686002
 30
0.0
 10
18.27327280313966
 20
90.73996291137999
 30
0.0
 10
18.2617538828199
 20
90.73938500803999
 30
0.0
 10
18.25622390149965
 20
90.73910756892002
 30
0.0
  0
SPLINE
  5
A0D
330
223
100
AcDbEntity
  8
_O_X1_2__DXF_CONTINUOUS_LINE
  6
Continuous
 62
     7
100
AcDbSpline
210
0.0
220
0.0
230
1.0
 70
     8
 71
     3
 72
    23
 73
    19
 74
     0
 42
0.0000001
 43
0.0000000001
 40
0.0
 40
0.0
 40
0.0
 40
0.0
 40
0.0461551702
 40
0.0911610686
 40
0.1359462198
 40
0.1821320544
 40
0.2302201546
 40
0.2807395239
 40
0.3349233514
 40
0.3934169826
 40
0.4558106094
 40
0.5210296289
 40
0.5901173796
 40
0.6627807952
 40
0.7399819969
 40
0.8220889056999999
 40
0.9084236577
 40
1.0
 40
1.0
 40
1.0
 40
1.0
 10
17.28544899519966
 20
90.45417166940004
 30
0.0
 10
17.2902013682201
 20
90.45438151657999
 30
0.0
 10
17.29958778073978
 20
90.45479598361999
 30
0.0
 10
17.31327876682008
 20
90.45791844372002
 30
0.0
 10
17.32649524279987
 20
90.46270689998002
 30
0.0
 10
17.33871846702004
 20
90.47024245260002
 30
0.0
 10
17.3508007263199
 20
90.47901499538
 30
0.0
 10
17.36175830410002
 20
90.49036136842
 30
0.0
 10
17.37246853668012
 20
90.50330681116
 30
0.0
 10
17.38235687097995
 20
90.51840420032005
 30
0.0
 10
17.39138952245958
 20
90.53530515712
 30
0.0
 10
17.39948898555986
 20
90.55387322768001
 30
0.0
 10
17.40640667301977
 20
90.57402764761997
 30
0.0
 10
17.41237999609984
 20
90.5957619628
 30
0.0
 10
17.41713028885988
 20
90.61915776564001
 30
0.0
 10
17.42125974719966
 20
90.64409810946
 30
0.0
 10
17.4238902372399
 20
90.67073231323997
 30
0.0
 10
17.4250090107198
 20
90.68899966812
 30
0.0
 10
17.4255848795201
 20
90.69840244078
 30
0.0
  0
SPLINE
  5
A0E
330
223
100
AcDbEntity
  8
_O_X1_2__DXF_CONTINUOUS_LINE
  6
Continuous
 62
     7
100
AcDbSpline
210
0.0
220
0.0
230
1.0
 70
     8
 71
     3
 72
    19
 73
    15
 74
     0
 42
0.0000001
 43
0.0000000001
 40
0.0
 40
0.0
 40
0.0
 40
0.0
 40
0.1539659901
 40
0.2985512355
 40
0.4368623966
 40
0.5719600728
 40
0.6363449267
 40
0.6964879959
 40
0.7519281078
 40
0.8039084968000001
 40
0.8538719309999999
 40
0.9025475083
 40
0.9506553319
 40
1.0
 40
1.0
 40
1.0
 40
1.0
 10
17.15421735773998
 20
90.66872161621998
 30
0.0
 10
17.15461025763989
 20
90.65455288915996
 30
0.0
 10
17.15537212047957
 20
90.62707869468
 30
0.0
 10
17.16283264403955
 20
90.58745417144002
 30
0.0
 10
17.17459703250006
 20
90.5507530104
 30
0.0
 10
17.1886542789598
 20
90.52290650018
 30
0.0
 10
17.20167598265971
 20
90.50287798803998
 30
0.0
 10
17.21201045779981
 20
90.48991500152002
 30
0.0
 10
17.22290936666013
 20
90.47898279072004
 30
0.0
 10
17.23422905445977
 20
90.46992090129999
 30
0.0
 10
17.24616161885979
 20
90.46276776092003
 30
0.0
 10
17.25880946249981
 20
90.45794001848
 30
0.0
 10
17.27194038619973
 20
90.45479469330002
 30
0.0
 10
17.28090818639976
 20
90.45438109494003
 30
0.0
 10
17.28544899519966
 20
90.45417166940004
 30
0.0
  0
SPLINE
  5
A0F
330
223
100
AcDbEntity
  8
_O_X1_2__DXF_CONTINUOUS_LINE
  6
Continuous
 62
     7
100
AcDbSpline
210
0.0
220
0.0
230
1.0
 70
     8
 71
     3
 72
    11
 73
     7
 74
     0
 42
0.0000001
 43
0.0000000001
 40
0.0
 40
0.0
 40
0.0
 40
0.0
 40
0.2429736337
 40
0.4922513495
 40
0.7430809608
 40
1.0
 40
1.0
 40
1.0
 40
1.0
 10
17.17582718497988
 20
90.80014082760002
 30
0.0
 10
17.17231543685966
 20
90.78988795503997
 30
0.0
 10
17.16593957457962
 20
90.76885179950003
 30
0.0
 10
17.15936615617966
 20
90.73634804687998
 30
0.0
 10
17.15479952827991
 20
90.70284169276002
 30
0.0
 10
17.15441296059998
 20
90.68018554807998
 30
0.0
 10
17.15421735773998
 20
90.66872161621998
 30
0.0
  0
SPLINE
  5
A10
330
223
100
AcDbEntity
  8
_O_X1_2__DXF_CONTINUOUS_LINE
  6
Continuous
 62
     7
100
AcDbSpline
210
0.0
220
0.0
230
1.0
 70
     8
 71
     3
 72
    11
 73
     7
 74
     0
 42
0.0000001
 43
0.0000000001
 40
0.0
 40
0.0
 40
0.0
 40
0.0
 40
0.3144669656
 40
0.6201608634
 40
0.9200639514
 40
1.0
 40
1.0
 40
1.0
 40
1.0
 10
17.09994385439995
 20
90.66108940644003
 30
0.0
 10
17.10017842847992
 20
90.67580424366
 30
0.0
 10
17.10064103613968
 20
90.70482340330003
 30
0.0
 10
17.10582973543978
 20
90.74760303072
 30
0.0
 10
17.11165782132002
 20
90.77915585306005
 30
0.0
 10
17.11588218422003
 20
90.79641521148002
 30
0.0
 10
17.11681288085947
 20
90.80003698478001
 30
0.0
  0
SPLINE
  5
A11
330
223
100
AcDbEntity
  8
_O_X1_2__DXF_CONTINUOUS_LINE
  6
Continuous
 62
     7
100
AcDbSpline
210
0.0
220
0.0
230
1.0
 70
     8
 71
     3
 72
    23
 73
    19
 74
     0
 42
0.0000001
 43
0.0000000001
 40
0.0
 40
0.0
 40
0.0
 40
0.0
 40
0.0498858615
 40
0.0987964763
 40
0.1472467998
 40
0.1968962874
 40
0.2488045266
 40
0.3038475366
 40
0.3629136045
 40
0.4269926075
 40
0.493737125
 40
0.5611559625
 40
0.6302753825999999
 40
0.7003665922
 40
0.7720872439
 40
0.8457403640000001
 40
0.9216445812999999
 40
1.0
 40
1.0
 40
1.0
 40
1.0
 10
17.2826929173998
 20
90.34562466272001
 30
0.0
 10
17.27602216365995
 20
90.34589721488001
 30
0.0
 10
17.26281106739998
 20
90.34643699536002
 30
0.0
 10
17.24361051397955
 20
90.35113690468
 30
0.0
 10
17.22523859999956
 20
90.35827773367998
 30
0.0
 10
17.20821525329984
 20
90.36900916256002
 30
0.0
 10
17.19193594117996
 20
90.38221059157999
 30
0.0
 10
17.17684316466011
 20
90.39854748296
 30
0.0
 10
17.1628525525598
 20
90.41784390868003
 30
0.0
 10
17.14995038887992
 20
90.43970519338001
 30
0.0
 10
17.13818448911979
 20
90.46344357364003
 30
0.0
 10
17.1279830947401
 20
90.48862486694
 30
0.0
 10
17.11937782873974
 20
90.51485640452003
 30
0.0
 10
17.1120814323599
 20
90.54207852686005
 30
0.0
 10
17.10658367601991
 20
90.57034518102003
 30
0.0
 10
17.10285787447947
 20
90.59966975534002
 30
0.0
 10
17.10045400070021
 20
90.6300260548
 30
0.0
 10
17.10011569301969
 20
90.65062584341999
 30
0.0
 10
17.09994385439995
 20
90.66108940644003
 30
0.0
  0
SPLINE
  5
A12
330
223
100
AcDbEntity
  8
_O_X1_2__DXF_CONTINUOUS_LINE
  6
Continuous
 62
     7
100
AcDbSpline
210
0.0
220
0.0
230
1.0
 70
     8
 71
     3
 72
    23
 73
    19
 74
     0
 42
0.0000001
 43
0.0000000001
 40
0.0
 40
0.0
 40
0.0
 40
0.0
 40
0.0854280805
 40
0.167229667
 40
0.2452230791
 40
0.32055712
 40
0.3924419011
 40
0.4622013296
 40
0.5294530038
 40
0.5946540868
 40
0.6566717163
 40
0.713836273
 40
0.7667535395
 40
0.8164894965
 40
0.8636161063
 40
0.908954409
 40
0.9543180673
 40
1.0
 40
1.0
 40
1.0
 40
1.0
 10
17.47985838286013
 20
90.69840244078
 30
0.0
 10
17.47946637957966
 20
90.68581897090004
 30
0.0
 10
17.47869901763988
 20
90.66118620838003
 30
0.0
 10
17.47584286637994
 20
90.62514018953999
 30
0.0
 10
17.47090180691976
 20
90.59082485811996
 30
0.0
 10
17.46437645294009
 20
90.5582673591
 30
0.0
 10
17.45629657831978
 20
90.52731570649999
 30
0.0
 10
17.44670988171993
 20
90.49802754562
 30
0.0
 10
17.43489446973945
 20
90.47063824302
 30
0.0
 10
17.42190529327991
 20
90.44506999088
 30
0.0
 10
17.40767022903992
 20
90.4218872026
 30
0.0
 10
17.39242533191964
 20
90.40155940988001
 30
0.0
 10
17.37619474970006
 20
90.38442917236003
 30
0.0
 10
17.35922559643996
 20
90.37020633822002
 30
0.0
 10
17.34122774064008
 20
90.35932465818004
 30
0.0
 10
17.32252731576
 20
90.35124066368002
 30
0.0
 10
17.30286300660009
 20
90.34643502432002
 30
0.0
 10
17.2894319310999
 20
90.34589541148
 30
0.0
 10
17.2826929173998
 20
90.34562466272001
 30
0.0
  0
ENDSEC
  0
SECTION
  2
OBJECTS
  0
DICTIONARY
  5
C
330
0
100
AcDbDictionary
281
     1
  3
ACAD_CIP_PREVIOUS_PRODUCT_INFO
350
544
  3
ACAD_COLOR
350
51E
  3
ACAD_DETAILVIEWSTYLE
350
537
  3
ACAD_GROUP
350
D
  3
ACAD_LAYOUT
350
1A
  3
ACAD_MATERIAL
350
4EC
  3
ACAD_MLEADERSTYLE
350
533
  3
ACAD_MLINESTYLE
350
17
  3
ACAD_PLOTSETTINGS
350
19
  3
ACAD_PLOTSTYLENAME
350
E
  3
ACAD_SCALELIST
350
521
  3
ACAD_SECTIONVIEWSTYLE
350
535
  3
ACAD_TABLESTYLE
350
51F
  3
ACAD_VISUALSTYLE
350
505
  3
ACDB_RECOMPOSE_DATA
350
A64
  3
AcDbVariableDictionary
350
539
  0
DICTIONARY
  5
548
330
2
100
AcDbDictionary
280
     1
281
     1
  3
ACAD_LAYERSTATES
360
549
  0
XRECORD
  5
544
102
{ACAD_REACTORS
330
C
102
}
330
C
100
AcDbXrecord
280
     1
300
ACD
300
2020
300
ACD_F_S
  0
DICTIONARY
  5
51E
102
{ACAD_REACTORS
330
C
102
}
330
C
100
AcDbDictionary
281
     1
  0
DICTIONARY
  5
537
102
{ACAD_REACTORS
330
C
102
}
330
C
100
AcDbDictionary
281
     1
  3
Imperial24
350
538
  0
DICTIONARY
  5
D
102
{ACAD_REACTORS
330
C
102
}
330
C
100
AcDbDictionary
281
     1
  0
DICTIONARY
  5
1A
102
{ACAD_REACTORS
330
C
102
}
330
C
100
AcDbDictionary
281
     1
  3
Layout1
350
4E9
  3
Model
350
4E8
  0
DICTIONARY
  5
4EC
102
{ACAD_REACTORS
330
C
102
}
330
C
100
AcDbDictionary
281
     1
  3
ByBlock
350
4F5
  3
ByLayer
350
4ED
  3
Global
350
4FD
  0
DICTIONARY
  5
533
102
{ACAD_REACTORS
330
C
102
}
330
C
100
AcDbDictionary
281
     1
  3
Standard
350
534
  0
DICTIONARY
  5
17
102
{ACAD_REACTORS
330
C
102
}
330
C
100
AcDbDictionary
281
     1
  3
Standard
350
18
  0
DICTIONARY
  5
19
102
{ACAD_REACTORS
330
C
102
}
330
C
100
AcDbDictionary
281
     1
  0
ACDBDICTIONARYWDFLT
  5
E
102
{ACAD_REACTORS
330
C
102
}
330
C
100
AcDbDictionary
281
     1
  3
Normal
350
F
100
AcDbDictionaryWithDefault
340
F
  0
DICTIONARY
  5
521
102
{ACAD_REACTORS
330
C
102
}
330
C
100
AcDbDictionary
281
     1
  3
A0
350
522
  3
A1
350
523
  3
A2
350
524
  3
A3
350
525
  3
A4
350
526
  3
A5
350
527
  3
A6
350
528
  3
A7
350
529
  3
A8
350
52A
  3
A9
350
52B
  3
B0
350
52C
  3
B1
350
52D
  3
B2
350
52E
  3
B3
350
52F
  3
B4
350
530
  3
B5
350
531
  3
B6
350
532
  0
DICTIONARY
  5
535
102
{ACAD_REACTORS
330
C
102
}
330
C
100
AcDbDictionary
281
     1
  3
Imperial24
350
536
  0
DICTIONARY
  5
51F
102
{ACAD_REACTORS
330
C
102
}
330
C
100
AcDbDictionary
281
     1
  3
Standard
350
520
  0
DICTIONARY
  5
505
102
{ACAD_REACTORS
330
C
102
}
330
C
100
AcDbDictionary
281
     1
  3
2dWireframe
350
50B
  3
Basic
350
50A
  3
Brighten
350
511
  3
ColorChange
350
515
  3
Conceptual
350
50E
  3
Dim
350
510
  3
EdgeColorOff
350
51D
  3
Facepattern
350
514
  3
Flat
350
506
  3
FlatWithEdges
350
507
  3
Gouraud
350
508
  3
GouraudWithEdges
350
509
  3
Hidden
350
50D
  3
JitterOff
350
51B
  3
Linepattern
350
513
  3
OverhangOff
350
51C
  3
Realistic
350
50F
  3
Shaded
350
51A
  3
Shaded with edges
350
519
  3
Shades of Gray
350
516
  3
Sketchy
350
517
  3
Thicken
350
512
  3
Wireframe
350
50C
  3
X-Ray
350
518
  0
XRECORD
  5
A64
102
{ACAD_REACTORS
330
C
102
}
330
C
100
AcDbXrecord
280
     1
 90
        1
330
520
  0
DICTIONARY
  5
539
102
{ACAD_REACTORS
330
C
102
}
330
C
100
AcDbDictionary
281
     1
  3
CANNOSCALE
350
53E
  3
CMLEADERSTYLE
350
53B
  3
CTABLESTYLE
350
53A
  3
CVIEWDETAILSTYLE
350
53C
  3
CVIEWSECTIONSTYLE
350
53D
  3
LAYEREVAL
350
A5F
  3
LAYERNOTIFY
350
A60
  3
LIGHTINGUNITS
350
A5E
  3
MSLTSCALE
350
A5D
  3
XCLIPFRAME
350
A61
  0
DICTIONARY
  5
549
102
{ACAD_REACTORS
330
548
102
}
330
548
100
AcDbDictionary
281
     1
  0
ACDBDETAILVIEWSTYLE
  5
538
102
{ACAD_REACTORS
330
537
102
}
102
{ACAD_XDICTIONARY
360
A5B
102
}
330
537
100
AcDbModelDocViewStyle
 70
     0
  3
Imperial24
290
     0
300
Imperial24
 90
        0
100
AcDbDetailViewStyle
 70
     0
 71
     0
 90
        3
 71
     1
340
11
 62
   256
 40
0.24
340
0
 62
   256
 40
0.24
300

 40
0.36
280
     3
 71
     2
340
16
 90
       25
 62
   256
 71
     3
340
11
 62
   256
 40
0.24
 90
        1
 40
0.75
 90
        1
300
%<\AcVar ViewType \f "%tc1">% %<\AcVar ViewDetailId>%\PSCALE %<\AcVar ViewScale \f "%sn">%
 71
     4
340
16
 90
       25
 62
   256
340
16
 90
       25
 62
   256
280
     0
  0
LAYOUT
  5
4E9
102
{ACAD_REACTORS
330
1A
102
}
330
1A
100
AcDbPlotSettings
  1

  2
none_device
  4
ANSI_C_(22.00_x_17.00_Inches)
  6

 40
0.0
 41
0.0
 42
0.0
 43
0.0
 44
558.8
 45
431.8
 46
0.0
 47
0.0
 48
0.0
 49
0.0
140
0.0
141
0.0
142
1.0
143
1.0
 70
     0
 72
     0
 73
     0
 74
     0
  7

 75
     0
 76
     0
 77
     2
 78
   300
147
1.0
148
0.0
149
0.0
100
AcDbLayout
  1
Layout1
 70
     1
 71
     1
 10
0.0
 20
0.0
 11
12.0
 21
9.0
 12
0.0
 22
0.0
 32
0.0
 14
1.000000000000000E+20
 24
1.000000000000000E+20
 34
1.000000000000000E+20
 15
-1.000000000000000E+20
 25
-1.000000000000000E+20
 35
-1.000000000000000E+20
146
0.0
 13
0.0
 23
0.0
 33
0.0
 16
1.0
 26
0.0
 36
0.0
 17
0.0
 27
1.0
 37
0.0
 76
     0
330
224
  0
LAYOUT
  5
4E8
102
{ACAD_REACTORS
330
1A
102
}
102
{ACAD_XDICTIONARY
360
A20
102
}
330
1A
100
AcDbPlotSettings
  1

  2
none_device
  4
ANSI_C_(22.00_x_17.00_Inches)
  6

 40
0.0
 41
0.0
 42
0.0
 43
0.0
 44
558.8
 45
431.8
 46
0.0
 47
0.0
 48
0.0
 49
0.0
140
0.0
141
0.0
142
1.0
143
1.0
 70
  1024
 72
     0
 73
     0
 74
     0
  7

 75
     0
 76
     0
 77
     2
 78
   300
147
1.0
148
0.0
149
0.0
100
AcDbLayout
  1
Model
 70
     0
 71
     0
 10
0.0
 20
0.0
 11
22.0
 21
17.0
 12
0.0
 22
0.0
 32
0.0
 14
0.0
 24
0.0
 34
0.0
 15
0.0
 25
0.0
 35
0.0
146
0.0
 13
0.0
 23
0.0
 33
0.0
 16
1.0
 26
0.0
 36
0.0
 17
0.0
 27
1.0
 37
0.0
 76
     0
330
223
331
1F4
  0
MATERIAL
  5
4F5
102
{ACAD_REACTORS
330
4EC
102
}
330
4EC
100
AcDbMaterial
  1
ByBlock
 72
     0
 73
     2
 43
0.0208333333333333
 43
0.0
 43
0.0
 43
0.0
 43
0.0
 43
0.0208333333333333
 43
0.0
 43
0.0
 43
0.0
 43
0.0
 43
1.0
 43
0.0
 43
0.0
 43
0.0
 43
0.0
 43
1.0
 77
     0
 78
     2
 47
0.0208333333333333
 47
0.0
 47
0.0
 47
0.0
 47
0.0
 47
0.0208333333333333
 47
0.0
 47
0.0
 47
0.0
 47
0.0
 47
1.0
 47
0.0
 47
0.0
 47
0.0
 47
0.0
 47
1.0
171
     0
172
     2
 49
0.0208333333333333
 49
0.0
 49
0.0
 49
0.0
 49
0.0
 49
0.0208333333333333
 49
0.0
 49
0.0
 49
0.0
 49
0.0
 49
1.0
 49
0.0
 49
0.0
 49
0.0
 49
0.0
 49
1.0
175
     0
176
     2
142
0.0208333333333333
142
0.0
142
0.0
142
0.0
142
0.0
142
0.0208333333333333
142
0.0
142
0.0
142
0.0
142
0.0
142
1.0
142
0.0
142
0.0
142
0.0
142
0.0
142
1.0
179
     0
270
     2
144
0.0208333333333333
144
0.0
144
0.0
144
0.0
144
0.0
144
0.0208333333333333
144
0.0
144
0.0
144
0.0
144
0.0
144
1.0
144
0.0
144
0.0
144
0.0
144
0.0
144
1.0
274
     2
147
0.0208333333333333
147
0.0
147
0.0
147
0.0
147
0.0
147
0.0208333333333333
147
0.0
147
0.0
147
0.0
147
0.0
147
1.0
147
0.0
147
0.0
147
0.0
147
0.0
147
1.0
 94
      127
  0
MATERIAL
  5
4ED
102
{ACAD_REACTORS
330
4EC
102
}
330
4EC
100
AcDbMaterial
  1
ByLayer
 72
     0
 73
     2
 43
0.0208333333333333
 43
0.0
 43
0.0
 43
0.0
 43
0.0
 43
0.0208333333333333
 43
0.0
 43
0.0
 43
0.0
 43
0.0
 43
1.0
 43
0.0
 43
0.0
 43
0.0
 43
0.0
 43
1.0
 77
     0
 78
     2
 47
0.0208333333333333
 47
0.0
 47
0.0
 47
0.0
 47
0.0
 47
0.0208333333333333
 47
0.0
 47
0.0
 47
0.0
 47
0.0
 47
1.0
 47
0.0
 47
0.0
 47
0.0
 47
0.0
 47
1.0
171
     0
172
     2
 49
0.0208333333333333
 49
0.0
 49
0.0
 49
0.0
 49
0.0
 49
0.0208333333333333
 49
0.0
 49
0.0
 49
0.0
 49
0.0
 49
1.0
 49
0.0
 49
0.0
 49
0.0
 49
0.0
 49
1.0
175
     0
176
     2
142
0.0208333333333333
142
0.0
142
0.0
142
0.0
142
0.0
142
0.0208333333333333
142
0.0
142
0.0
142
0.0
142
0.0
142
1.0
142
0.0
142
0.0
142
0.0
142
0.0
142
1.0
179
     0
270
     2
144
0.0208333333333333
144
0.0
144
0.0
144
0.0
144
0.0
144
0.0208333333333333
144
0.0
144
0.0
144
0.0
144
0.0
144
1.0
144
0.0
144
0.0
144
0.0
144
0.0
144
1.0
274
     2
147
0.0208333333333333
147
0.0
147
0.0
147
0.0
147
0.0
147
0.0208333333333333
147
0.0
147
0.0
147
0.0
147
0.0
147
1.0
147
0.0
147
0.0
147
0.0
147
0.0
147
1.0
 94
      127
  0
MATERIAL
  5
4FD
102
{ACAD_REACTORS
330
4EC
102
}
330
4EC
100
AcDbMaterial
  1
Global
 72
     0
 73
     2
 43
0.0208333333333333
 43
0.0
 43
0.0
 43
0.0
 43
0.0
 43
0.0208333333333333
 43
0.0
 43
0.0
 43
0.0
 43
0.0
 43
1.0
 43
0.0
 43
0.0
 43
0.0
 43
0.0
 43
1.0
 77
     0
 78
     2
 47
0.0208333333333333
 47
0.0
 47
0.0
 47
0.0
 47
0.0
 47
0.0208333333333333
 47
0.0
 47
0.0
 47
0.0
 47
0.0
 47
1.0
 47
0.0
 47
0.0
 47
0.0
 47
0.0
 47
1.0
171
     0
172
     2
 49
0.0208333333333333
 49
0.0
 49
0.0
 49
0.0
 49
0.0
 49
0.0208333333333333
 49
0.0
 49
0.0
 49
0.0
 49
0.0
 49
1.0
 49
0.0
 49
0.0
 49
0.0
 49
0.0
 49
1.0
175
     0
176
     2
142
0.0208333333333333
142
0.0
142
0.0
142
0.0
142
0.0
142
0.0208333333333333
142
0.0
142
0.0
142
0.0
142
0.0
142
1.0
142
0.0
142
0.0
142
0.0
142
0.0
142
1.0
179
     0
270
     2
144
0.0208333333333333
144
0.0
144
0.0
144
0.0
144
0.0
144
0.0208333333333333
144
0.0
144
0.0
144
0.0
144
0.0
144
1.0
144
0.0
144
0.0
144
0.0
144
0.0
144
1.0
274
     2
147
0.0208333333333333
147
0.0
147
0.0
147
0.0
147
0.0
147
0.0208333333333333
147
0.0
147
0.0
147
0.0
147
0.0
147
1.0
147
0.0
147
0.0
147
0.0
147
0.0
147
1.0
 94
      127
  0
MLEADERSTYLE
  5
534
102
{ACAD_REACTORS
330
533
102
}
330
533
100
AcDbMLeaderStyle
179
     2
170
     2
171
     1
172
     0
 90
        2
 40
0.0
 41
0.0
173
     1
 91
-1056964608
340
14
 92
       -2
290
     1
 42
0.09
291
     1
 43
0.36
  3
Standard
341
0
 44
0.18
300

342
11
174
     1
178
     6
175
     1
176
     0
 93
-1056964608
 45
0.18
292
     0
297
     0
 46
0.18
343
0
 94
-1056964608
 47
1.0
 49
1.0
140
1.0
293
     1
141
0.0
294
     1
177
     0
142
1.0
295
     0
296
     0
143
0.125
271
     0
272
     9
273
     9
298
     1
  0
MLINESTYLE
  5
18
102
{ACAD_REACTORS
330
17
102
}
330
17
100
AcDbMlineStyle
  2
STANDARD
 70
     0
  3

 62
   256
 51
90.0
 52
90.0
 71
     2
 49
0.5
 62
   256
  6
BYLAYER
 49
-0.5
 62
   256
  6
BYLAYER
  0
ACDBPLACEHOLDER
  5
F
102
{ACAD_REACTORS
330
E
102
}
330
E
  0
SCALE
  5
522
102
{ACAD_REACTORS
330
521
102
}
330
521
100
AcDbScale
 70
     0
300
1:1
140
1.0
141
1.0
290
     1
  0
SCALE
  5
523
102
{ACAD_REACTORS
330
521
102
}
330
521
100
AcDbScale
 70
     0
300
1/128" = 1'-0"
140
0.0078125
141
12.0
290
     0
  0
SCALE
  5
524
102
{ACAD_REACTORS
330
521
102
}
330
521
100
AcDbScale
 70
     0
300
1/64" = 1'-0"
140
0.015625
141
12.0
290
     0
  0
SCALE
  5
525
102
{ACAD_REACTORS
330
521
102
}
330
521
100
AcDbScale
 70
     0
300
1/32" = 1'-0"
140
0.03125
141
12.0
290
     0
  0
SCALE
  5
526
102
{ACAD_REACTORS
330
521
102
}
330
521
100
AcDbScale
 70
     0
300
1/16" = 1'-0"
140
0.0625
141
12.0
290
     0
  0
SCALE
  5
527
102
{ACAD_REACTORS
330
521
102
}
330
521
100
AcDbScale
 70
     0
300
3/32" = 1'-0"
140
0.09375
141
12.0
290
     0
  0
SCALE
  5
528
102
{ACAD_REACTORS
330
521
102
}
330
521
100
AcDbScale
 70
     0
300
1/8" = 1'-0"
140
0.125
141
12.0
290
     0
  0
SCALE
  5
529
102
{ACAD_REACTORS
330
521
102
}
330
521
100
AcDbScale
 70
     0
300
3/16" = 1'-0"
140
0.1875
141
12.0
290
     0
  0
SCALE
  5
52A
102
{ACAD_REACTORS
330
521
102
}
330
521
100
AcDbScale
 70
     0
300
1/4" = 1'-0"
140
0.25
141
12.0
290
     0
  0
SCALE
  5
52B
102
{ACAD_REACTORS
330
521
102
}
330
521
100
AcDbScale
 70
     0
300
3/8" = 1'-0"
140
0.375
141
12.0
290
     0
  0
SCALE
  5
52C
102
{ACAD_REACTORS
330
521
102
}
330
521
100
AcDbScale
 70
     0
300
1/2" = 1'-0"
140
0.5
141
12.0
290
     0
  0
SCALE
  5
52D
102
{ACAD_REACTORS
330
521
102
}
330
521
100
AcDbScale
 70
     0
300
3/4" = 1'-0"
140
0.75
141
12.0
290
     0
  0
SCALE
  5
52E
102
{ACAD_REACTORS
330
521
102
}
330
521
100
AcDbScale
 70
     0
300
1" = 1'-0"
140
1.0
141
12.0
290
     0
  0
SCALE
  5
52F
102
{ACAD_REACTORS
330
521
102
}
330
521
100
AcDbScale
 70
     0
300
1-1/2" = 1'-0"
140
1.5
141
12.0
290
     0
  0
SCALE
  5
530
102
{ACAD_REACTORS
330
521
102
}
330
521
100
AcDbScale
 70
     0
300
3" = 1'-0"
140
3.0
141
12.0
290
     0
  0
SCALE
  5
531
102
{ACAD_REACTORS
330
521
102
}
330
521
100
AcDbScale
 70
     0
300
6" = 1'-0"
140
6.0
141
12.0
290
     0
  0
SCALE
  5
532
102
{ACAD_REACTORS
330
521
102
}
330
521
100
AcDbScale
 70
     0
300
1'-0" = 1'-0"
140
12.0
141
12.0
290
     0
  0
ACDBSECTIONVIEWSTYLE
  5
536
102
{ACAD_REACTORS
330
535
102
}
102
{ACAD_XDICTIONARY
360
A59
102
}
330
535
100
AcDbModelDocViewStyle
 70
     0
  3
Imperial24
290
     0
300
Imperial24
 90
        0
100
AcDbSectionViewStyle
 70
     0
 71
     0
 90
       78
 71
     1
340
11
 62
   256
 40
0.24
340
0
340
0
 62
   256
 40
0.24
300
I, O, Q, S, X, Z
 40
0.48
 90
        3
 40
0.18
 90
        1
 71
     2
340
16
 90
       25
 62
   256
340
16
 90
       50
 62
   256
 40
0.24
 40
0.0
 40
0.24
 71
     3
340
11
 62
   256
 40
0.24
 90
        1
 40
0.75
 90
        1
300
%<\AcVar ViewType \f "%tc1">% %<\AcVar ViewSectionStartId>%-%<\AcVar ViewSectionEndId>%\PSCALE %<\AcVar ViewScale \f "%sn">%
 71
     4
 62
   256
 62
   257
300
ANSI31
 40
1.0
 90
        0
290
     0
290
     0
 90
        6
 40
0.0
 40
1.570796326794897
 40
0.2617993877991494
 40
1.308996938995747
 40
-0.2617993877991494
 40
1.832595714594046
  0
TABLESTYLE
  5
520
102
{ACAD_REACTORS
330
51F
102
}
102
{ACAD_XDICTIONARY
360
A62
102
}
330
51F
100
AcDbTableStyle
  3
Standard
 70
     0
 71
     0
 40
0.06
 41
0.06
280
     0
281
     0
  7
STANDARD
140
0.18
170
     2
 62
     0
 63
   257
283
     0
 90
      512
 91
        0
  1

274
    -2
284
     1
 64
     0
275
    -2
285
     1
 65
     0
276
    -2
286
     1
 66
     0
277
    -2
287
     1
 67
     0
278
    -2
288
     1
 68
     0
279
    -2
289
     1
 69
     0
  7
STANDARD
140
0.25
170
     5
 62
     0
 63
   257
283
     0
 90
      512
 91
        0
  1

274
    -2
284
     1
 64
     0
275
    -2
285
     1
 65
     0
276
    -2
286
     1
 66
     0
277
    -2
287
     1
 67
     0
278
    -2
288
     1
 68
     0
279
    -2
289
     1
 69
     0
  7
STANDARD
140
0.18
170
     5
 62
     0
 63
   257
283
     0
 90
      512
 91
        0
  1

274
    -2
284
     1
 64
     0
275
    -2
285
     1
 65
     0
276
    -2
286
     1
 66
     0
277
    -2
287
     1
 67
     0
278
    -2
288
     1
 68
     0
279
    -2
289
     1
 69
     0
  0
VISUALSTYLE
  5
50B
102
{ACAD_REACTORS
330
505
102
}
330
505
100
AcDbVisualStyle
  2
2dWireframe
 70
     4
177
     3
291
     0
 70
    58
 90
        0
176
     1
 90
        2
176
     1
 90
        0
176
     1
 90
        0
176
     1
 40
-0.6
176
     1
 40
-30.0
176
     1
 62
     7
420
 16777215
176
     1
 90
        1
176
     1
 90
        4
176
     1
 62
     7
176
     1
 62
   257
176
     1
 90
        1
176
     1
 90
        1
176
     1
 40
1.0
176
     1
 90
        0
176
     1
 62
   257
176
     1
 40
1.0
176
     1
 90
        1
176
     1
 90
        6
176
     1
 90
        2
176
     1
 62
     7
176
     1
 90
        5
176
     1
 90
        0
176
     1
 90
        0
176
     1
290
     0
176
     1
 90
        1
176
     1
 40
0.0
176
     1
 90
        0
176
     1
290
     1
176
     1
290
     1
176
     1
290
     0
176
     1
290
     0
176
     1
290
     0
176
     1
290
     0
176
     1
290
     0
176
     1
290
     0
176
     1
290
     0
176
     1
 90
       50
176
     1
 40
0.0
176
     1
 40
1.0
176
     1
 90
        0
176
     1
 62
    18
420
        0
176
     1
 90
       50
176
     1
 90
        3
176
     1
 62
     5
420
      255
176
     1
290
     0
176
     1
 90
       50
176
     1
 90
       50
176
     1
 90
       50
176
     1
290
     0
176
     1
 90
       50
176
     1
 62
   256
176
     0
 40
1.0
176
     0
 90
        2
176
     1
  1
strokes_ogs.tif
176
     1
290
     0
176
     1
 40
1.0
176
     1
 40
1.0
176
     1
  0
VISUALSTYLE
  5
50A
102
{ACAD_REACTORS
330
505
102
}
330
505
100
AcDbVisualStyle
  2
Basic
 70
     7
177
     3
291
     1
 70
    58
 90
        1
176
     1
 90
        0
176
     1
 90
        1
176
     1
 90
        0
176
     1
 40
-0.6
176
     1
 40
-30.0
176
     1
 62
     7
420
 16777215
176
     1
 90
        0
176
     1
 90
        4
176
     1
 62
     7
176
     1
 62
   257
176
     1
 90
        1
176
     1
 90
        1
176
     1
 40
1.0
176
     1
 90
        8
176
     1
 62
     7
176
     1
 40
1.0
176
     1
 90
        1
176
     1
 90
        6
176
     1
 90
        2
176
     1
 62
     7
176
     1
 90
        5
176
     1
 90
        0
176
     1
 90
        0
176
     1
290
     0
176
     1
 90
        1
176
     1
 40
0.0
176
     1
 90
        0
176
     1
290
     0
176
     1
290
     1
176
     1
290
     1
176
     1
290
     0
176
     1
290
     0
176
     1
290
     0
176
     1
290
     0
176
     1
290
     0
176
     1
290
     0
176
     1
 90
       50
176
     1
 40
0.0
176
     1
 40
1.0
176
     1
 90
        0
176
     1
 62
    18
420
        0
176
     1
 90
       50
176
     1
 90
        3
176
     1
 62
     5
420
      255
176
     1
290
     0
176
     1
 90
       50
176
     1
 90
       50
176
     1
 90
       50
176
     1
290
     0
176
     1
 90
       50
176
     1
 62
   256
176
     0
 40
1.0
176
     0
 90
        2
176
     1
  1
strokes_ogs.tif
176
     1
290
     0
176
     1
 40
1.0
176
     1
 40
1.0
176
     1
  0
VISUALSTYLE
  5
511
102
{ACAD_REACTORS
330
505
102
}
330
505
100
AcDbVisualStyle
  2
Brighten
 70
    12
177
     3
291
     1
 70
    58
 90
        2
176
     1
 90
        2
176
     1
 90
        0
176
     1
 90
        0
176
     1
 40
-0.6
176
     1
 40
-30.0
176
     1
 62
     7
420
 16777215
176
     1
 90
        1
176
     1
 90
        4
176
     1
 62
     7
176
     1
 62
   257
176
     1
 90
        1
176
     1
 90
        1
176
     1
 40
1.0
176
     1
 90
        8
176
     1
 62
     7
176
     1
 40
1.0
176
     1
 90
        1
176
     1
 90
        6
176
     1
 90
        2
176
     1
 62
     7
176
     1
 90
        5
176
     1
 90
        0
176
     1
 90
        0
176
     1
290
     0
176
     1
 90
        1
176
     1
 40
50.0
176
     1
 90
        0
176
     1
290
     0
176
     1
290
     1
176
     1
290
     1
176
     1
290
     0
176
     1
290
     0
176
     1
290
     0
176
     1
290
     0
176
     1
290
     0
176
     1
290
     0
176
     1
 90
       50
176
     1
 40
0.0
176
     1
 40
1.0
176
     1
 90
        0
176
     1
 62
    18
420
        0
176
     1
 90
       50
176
     1
 90
        3
176
     1
 62
     5
420
      255
176
     1
290
     0
176
     1
 90
       50
176
     1
 90
       50
176
     1
 90
       50
176
     1
290
     0
176
     1
 90
       50
176
     1
 62
   256
176
     0
 40
1.0
176
     0
 90
        2
176
     1
  1
strokes_ogs.tif
176
     1
290
     0
176
     1
 40
1.0
176
     1
 40
1.0
176
     1
  0
VISUALSTYLE
  5
515
102
{ACAD_REACTORS
330
505
102
}
330
505
100
AcDbVisualStyle
  2
ColorChange
 70
    16
177
     3
291
     1
 70
    58
 90
        2
176
     1
 90
        2
176
     1
 90
        3
176
     1
 90
        0
176
     1
 40
-0.6
176
     1
 40
-30.0
176
     1
 62
     8
420
  8421504
176
     1
 90
        1
176
     1
 90
        4
176
     1
 62
     7
176
     1
 62
   257
176
     1
 90
        1
176
     1
 90
        1
176
     1
 40
1.0
176
     1
 90
        8
176
     1
 62
     8
420
  8421504
176
     1
 40
1.0
176
     1
 90
        1
176
     1
 90
        6
176
     1
 90
        2
176
     1
 62
     7
176
     1
 90
        5
176
     1
 90
        0
176
     1
 90
        0
176
     1
290
     0
176
     1
 90
        1
176
     1
 40
0.0
176
     1
 90
        0
176
     1
290
     0
176
     1
290
     1
176
     1
290
     1
176
     1
290
     0
176
     1
290
     0
176
     1
290
     0
176
     1
290
     0
176
     1
290
     0
176
     1
290
     0
176
     1
 90
       50
176
     1
 40
0.0
176
     1
 40
1.0
176
     1
 90
        0
176
     1
 62
    18
420
        0
176
     1
 90
       50
176
     1
 90
        3
176
     1
 62
     5
420
      255
176
     1
290
     0
176
     1
 90
       50
176
     1
 90
       50
176
     1
 90
       50
176
     1
290
     0
176
     1
 90
       50
176
     1
 62
   256
176
     0
 40
1.0
176
     0
 90
        2
176
     1
  1
strokes_ogs.tif
176
     1
290
     0
176
     1
 40
1.0
176
     1
 40
1.0
176
     1
  0
VISUALSTYLE
  5
50E
102
{ACAD_REACTORS
330
505
102
}
330
505
100
AcDbVisualStyle
  2
Conceptual
 70
     9
177
     3
291
     0
 70
    58
 90
        3
176
     1
 90
        2
176
     1
 90
        0
176
     1
 90
        0
176
     1
 40
-0.6
176
     1
 40
-30.0
176
     1
 62
     7
420
 16777215
176
     1
 90
        2
176
     1
 90
        2
176
     1
 62
     7
176
     1
 62
   257
176
     1
 90
        1
176
     1
 90
        1
176
     1
 40
179.0
176
     1
 90
        8
176
     1
 62
     7
176
     1
 40
1.0
176
     1
 90
        1
176
     1
 90
        6
176
     1
 90
        2
176
     1
 62
     7
176
     1
 90
        3
176
     1
 90
        0
176
     1
 90
        0
176
     1
290
     0
176
     1
 90
        1
176
     1
 40
0.0
176
     1
 90
        0
176
     1
290
     0
176
     1
290
     1
176
     1
290
     1
176
     1
290
     0
176
     1
290
     0
176
     1
290
     0
176
     1
290
     0
176
     1
290
     0
176
     1
290
     0
176
     1
 90
       50
176
     1
 40
0.0
176
     1
 40
1.0
176
     1
 90
        0
176
     1
 62
    18
420
        0
176
     1
 90
       50
176
     1
 90
        3
176
     1
 62
     5
420
      255
176
     1
290
     0
176
     1
 90
       50
176
     1
 90
       50
176
     1
 90
       50
176
     1
290
     0
176
     1
 90
       50
176
     1
 62
   256
176
     0
 40
1.0
176
     0
 90
        2
176
     1
  1
strokes_ogs.tif
176
     1
290
     0
176
     1
 40
1.0
176
     1
 40
1.0
176
     1
  0
VISUALSTYLE
  5
510
102
{ACAD_REACTORS
330
505
102
}
330
505
100
AcDbVisualStyle
  2
Dim
 70
    11
177
     3
291
     1
 70
    58
 90
        2
176
     1
 90
        2
176
     1
 90
        0
176
     1
 90
        0
176
     1
 40
-0.6
176
     1
 40
-30.0
176
     1
 62
     7
420
 16777215
176
     1
 90
        1
176
     1
 90
        4
176
     1
 62
     7
176
     1
 62
   257
176
     1
 90
        1
176
     1
 90
        1
176
     1
 40
1.0
176
     1
 90
        8
176
     1
 62
     7
176
     1
 40
1.0
176
     1
 90
        1
176
     1
 90
        6
176
     1
 90
        2
176
     1
 62
     7
176
     1
 90
        5
176
     1
 90
        0
176
     1
 90
        0
176
     1
290
     0
176
     1
 90
        1
176
     1
 40
-50.0
176
     1
 90
        0
176
     1
290
     0
176
     1
290
     1
176
     1
290
     1
176
     1
290
     0
176
     1
290
     0
176
     1
290
     0
176
     1
290
     0
176
     1
290
     0
176
     1
290
     0
176
     1
 90
       50
176
     1
 40
0.0
176
     1
 40
1.0
176
     1
 90
        0
176
     1
 62
    18
420
        0
176
     1
 90
       50
176
     1
 90
        3
176
     1
 62
     5
420
      255
176
     1
290
     0
176
     1
 90
       50
176
     1
 90
       50
176
     1
 90
       50
176
     1
290
     0
176
     1
 90
       50
176
     1
 62
   256
176
     0
 40
1.0
176
     0
 90
        2
176
     1
  1
strokes_ogs.tif
176
     1
290
     0
176
     1
 40
1.0
176
     1
 40
1.0
176
     1
  0
VISUALSTYLE
  5
51D
102
{ACAD_REACTORS
330
505
102
}
330
505
100
AcDbVisualStyle
  2
EdgeColorOff
 70
    22
177
     3
291
     1
 70
    58
 90
        2
176
     0
 90
        2
176
     0
 90
        0
176
     0
 90
        0
176
     0
 40
-0.6
176
     0
 40
-30.0
176
     0
 62
     7
420
 16777215
176
     0
 90
        1
176
     0
 90
        4
176
     0
 62
     7
176
     0
 62
   257
176
     0
 90
        1
176
     0
 90
        1
176
     0
 40
1.0
176
     0
 90
        8
176
     2
 62
     7
176
     0
 40
1.0
176
     0
 90
        1
176
     0
 90
        6
176
     0
 90
        2
176
     0
 62
     7
176
     0
 90
        5
176
     0
 90
        0
176
     0
 90
        0
176
     0
290
     0
176
     0
 90
        1
176
     0
 40
0.0
176
     0
 90
        0
176
     0
290
     0
176
     0
290
     1
176
     0
290
     1
176
     0
290
     0
176
     0
290
     0
176
     0
290
     0
176
     0
290
     0
176
     0
290
     0
176
     0
290
     0
176
     0
 90
       50
176
     0
 40
0.0
176
     0
 40
1.0
176
     0
 90
        0
176
     0
 62
    18
420
        0
176
     0
 90
       50
176
     0
 90
        3
176
     0
 62
     5
420
      255
176
     0
290
     0
176
     0
 90
       50
176
     0
 90
       50
176
     0
 90
       50
176
     0
290
     0
176
     0
 90
       50
176
     0
 62
   256
176
     0
 40
1.0
176
     0
 90
        2
176
     0
  1
strokes_ogs.tif
176
     0
290
     0
176
     0
 40
1.0
176
     0
 40
1.0
176
     0
  0
VISUALSTYLE
  5
514
102
{ACAD_REACTORS
330
505
102
}
330
505
100
AcDbVisualStyle
  2
Facepattern
 70
    15
177
     3
291
     1
 70
    58
 90
        2
176
     1
 90
        2
176
     1
 90
        0
176
     1
 90
        0
176
     1
 40
-0.6
176
     1
 40
-30.0
176
     1
 62
     7
420
 16777215
176
     1
 90
        1
176
     1
 90
        4
176
     1
 62
     7
176
     1
 62
   257
176
     1
 90
        1
176
     1
 90
        1
176
     1
 40
1.0
176
     1
 90
        8
176
     1
 62
     7
176
     1
 40
1.0
176
     1
 90
        1
176
     1
 90
        6
176
     1
 90
        2
176
     1
 62
     7
176
     1
 90
        5
176
     1
 90
        0
176
     1
 90
        0
176
     1
290
     0
176
     1
 90
        1
176
     1
 40
0.0
176
     1
 90
        0
176
     1
290
     0
176
     1
290
     1
176
     1
290
     1
176
     1
290
     0
176
     1
290
     0
176
     1
290
     0
176
     1
290
     0
176
     1
290
     0
176
     1
290
     0
176
     1
 90
       50
176
     1
 40
0.0
176
     1
 40
1.0
176
     1
 90
        0
176
     1
 62
    18
420
        0
176
     1
 90
       50
176
     1
 90
        3
176
     1
 62
     5
420
      255
176
     1
290
     0
176
     1
 90
       50
176
     1
 90
       50
176
     1
 90
       50
176
     1
290
     0
176
     1
 90
       50
176
     1
 62
   256
176
     0
 40
1.0
176
     0
 90
        2
176
     1
  1
strokes_ogs.tif
176
     1
290
     0
176
     1
 40
1.0
176
     1
 40
1.0
176
     1
  0
VISUALSTYLE
  5
506
102
{ACAD_REACTORS
330
505
102
}
330
505
100
AcDbVisualStyle
  2
Flat
 70
     0
177
     3
291
     1
 70
    58
 90
        2
176
     1
 90
        1
176
     1
 90
        1
176
     1
 90
        2
176
     1
 40
-0.6
176
     1
 40
30.0
176
     1
 62
     7
420
 16777215
176
     1
 90
        0
176
     1
 90
        0
176
     1
 62
     7
176
     1
 62
   257
176
     1
 90
        1
176
     1
 90
        1
176
     1
 40
1.0
176
     1
 90
        8
176
     1
 62
     7
176
     1
 40
1.0
176
     1
 90
        1
176
     1
 90
        6
176
     1
 90
        2
176
     1
 62
     7
176
     1
 90
        5
176
     1
 90
        0
176
     1
 90
        0
176
     1
290
     0
176
     1
 90
       13
176
     1
 40
0.0
176
     1
 90
        0
176
     1
290
     0
176
     1
290
     1
176
     1
290
     1
176
     1
290
     0
176
     1
290
     0
176
     1
290
     0
176
     1
290
     0
176
     1
290
     0
176
     1
290
     0
176
     1
 90
       50
176
     1
 40
0.0
176
     1
 40
1.0
176
     1
 90
        0
176
     1
 62
    18
420
        0
176
     1
 90
       50
176
     1
 90
        3
176
     1
 62
     5
420
      255
176
     1
290
     0
176
     1
 90
       50
176
     1
 90
       50
176
     1
 90
       50
176
     1
290
     0
176
     1
 90
       50
176
     1
 62
   256
176
     0
 40
1.0
176
     0
 90
        2
176
     1
  1
strokes_ogs.tif
176
     1
290
     0
176
     1
 40
1.0
176
     1
 40
1.0
176
     1
  0
VISUALSTYLE
  5
507
102
{ACAD_REACTORS
330
505
102
}
330
505
100
AcDbVisualStyle
  2
FlatWithEdges
 70
     1
177
     3
291
     1
 70
    58
 90
        2
176
     1
 90
        1
176
     1
 90
        1
176
     1
 90
        2
176
     1
 40
-0.6
176
     1
 40
30.0
176
     1
 62
     7
420
 16777215
176
     1
 90
        1
176
     1
 90
        0
176
     1
 62
     7
176
     1
 62
   257
176
     1
 90
        1
176
     1
 90
        1
176
     1
 40
1.0
176
     1
 90
        0
176
     1
 62
   257
176
     1
 40
1.0
176
     1
 90
        1
176
     1
 90
        6
176
     1
 90
        2
176
     1
 62
     7
176
     1
 90
        5
176
     1
 90
        0
176
     1
 90
        0
176
     1
290
     0
176
     1
 90
       13
176
     1
 40
0.0
176
     1
 90
        0
176
     1
290
     0
176
     1
290
     1
176
     1
290
     1
176
     1
290
     0
176
     1
290
     0
176
     1
290
     0
176
     1
290
     0
176
     1
290
     0
176
     1
290
     0
176
     1
 90
       50
176
     1
 40
0.0
176
     1
 40
1.0
176
     1
 90
        0
176
     1
 62
    18
420
        0
176
     1
 90
       50
176
     1
 90
        3
176
     1
 62
     5
420
      255
176
     1
290
     0
176
     1
 90
       50
176
     1
 90
       50
176
     1
 90
       50
176
     1
290
     0
176
     1
 90
       50
176
     1
 62
   256
176
     0
 40
1.0
176
     0
 90
        2
176
     1
  1
strokes_ogs.tif
176
     1
290
     0
176
     1
 40
1.0
176
     1
 40
1.0
176
     1
  0
VISUALSTYLE
  5
508
102
{ACAD_REACTORS
330
505
102
}
330
505
100
AcDbVisualStyle
  2
Gouraud
 70
     2
177
     3
291
     1
 70
    58
 90
        2
176
     1
 90
        2
176
     1
 90
        1
176
     1
 90
        2
176
     1
 40
-0.6
176
     1
 40
30.0
176
     1
 62
     7
420
 16777215
176
     1
 90
        0
176
     1
 90
        0
176
     1
 62
     7
176
     1
 62
   257
176
     1
 90
        1
176
     1
 90
        1
176
     1
 40
1.0
176
     1
 90
        0
176
     1
 62
     7
176
     1
 40
1.0
176
     1
 90
        1
176
     1
 90
        6
176
     1
 90
        2
176
     1
 62
     7
176
     1
 90
        5
176
     1
 90
        0
176
     1
 90
        0
176
     1
290
     0
176
     1
 90
       13
176
     1
 40
0.0
176
     1
 90
        0
176
     1
290
     0
176
     1
290
     1
176
     1
290
     1
176
     1
290
     0
176
     1
290
     0
176
     1
290
     0
176
     1
290
     0
176
     1
290
     0
176
     1
290
     0
176
     1
 90
       50
176
     1
 40
0.0
176
     1
 40
1.0
176
     1
 90
        0
176
     1
 62
    18
420
        0
176
     1
 90
       50
176
     1
 90
        3
176
     1
 62
     5
420
      255
176
     1
290
     0
176
     1
 90
       50
176
     1
 90
       50
176
     1
 90
       50
176
     1
290
     0
176
     1
 90
       50
176
     1
 62
   256
176
     0
 40
1.0
176
     0
 90
        2
176
     1
  1
strokes_ogs.tif
176
     1
290
     0
176
     1
 40
1.0
176
     1
 40
1.0
176
     1
  0
VISUALSTYLE
  5
509
102
{ACAD_REACTORS
330
505
102
}
330
505
100
AcDbVisualStyle
  2
GouraudWithEdges
 70
     3
177
     3
291
     1
 70
    58
 90
        2
176
     1
 90
        2
176
     1
 90
        1
176
     1
 90
        2
176
     1
 40
-0.6
176
     1
 40
30.0
176
     1
 62
     7
420
 16777215
176
     1
 90
        1
176
     1
 90
        0
176
     1
 62
     7
176
     1
 62
   257
176
     1
 90
        1
176
     1
 90
        1
176
     1
 40
1.0
176
     1
 90
        0
176
     1
 62
   257
176
     1
 40
1.0
176
     1
 90
        1
176
     1
 90
        6
176
     1
 90
        2
176
     1
 62
     7
176
     1
 90
        5
176
     1
 90
        0
176
     1
 90
        0
176
     1
290
     0
176
     1
 90
       13
176
     1
 40
0.0
176
     1
 90
        0
176
     1
290
     0
176
     1
290
     1
176
     1
290
     1
176
     1
290
     0
176
     1
290
     0
176
     1
290
     0
176
     1
290
     0
176
     1
290
     0
176
     1
290
     0
176
     1
 90
       50
176
     1
 40
0.0
176
     1
 40
1.0
176
     1
 90
        0
176
     1
 62
    18
420
        0
176
     1
 90
       50
176
     1
 90
        3
176
     1
 62
     5
420
      255
176
     1
290
     0
176
     1
 90
       50
176
     1
 90
       50
176
     1
 90
       50
176
     1
290
     0
176
     1
 90
       50
176
     1
 62
   256
176
     0
 40
1.0
176
     0
 90
        2
176
     1
  1
strokes_ogs.tif
176
     1
290
     0
176
     1
 40
1.0
176
     1
 40
1.0
176
     1
  0
VISUALSTYLE
  5
50D
102
{ACAD_REACTORS
330
505
102
}
330
505
100
AcDbVisualStyle
  2
Hidden
 70
     6
177
     3
291
     0
 70
    58
 90
        1
176
     1
 90
        2
176
     1
 90
        2
176
     1
 90
        0
176
     1
 40
-0.6
176
     1
 40
-30.0
176
     1
 62
     7
420
 16777215
176
     1
 90
        2
176
     1
 90
        2
176
     1
 62
     7
176
     1
 62
   257
176
     1
 90
        2
176
     1
 90
        1
176
     1
 40
40.0
176
     1
 90
        0
176
     1
 62
   257
176
     1
 40
1.0
176
     1
 90
        1
176
     1
 90
        6
176
     1
 90
        2
176
     1
 62
     7
176
     1
 90
        3
176
     1
 90
        0
176
     1
 90
        0
176
     1
290
     0
176
     1
 90
        1
176
     1
 40
0.0
176
     1
 90
        0
176
     1
290
     0
176
     1
290
     1
176
     1
290
     1
176
     1
290
     0
176
     1
290
     0
176
     1
290
     0
176
     1
290
     0
176
     1
290
     0
176
     1
290
     0
176
     1
 90
       50
176
     1
 40
0.0
176
     1
 40
1.0
176
     1
 90
        0
176
     1
 62
    18
420
        0
176
     1
 90
       50
176
     1
 90
        3
176
     1
 62
     5
420
      255
176
     1
290
     0
176
     1
 90
       50
176
     1
 90
       50
176
     1
 90
       50
176
     1
290
     0
176
     1
 90
       50
176
     1
 62
   256
176
     0
 40
1.0
176
     0
 90
        2
176
     1
  1
strokes_ogs.tif
176
     1
290
     0
176
     1
 40
1.0
176
     1
 40
1.0
176
     1
  0
VISUALSTYLE
  5
51B
102
{ACAD_REACTORS
330
505
102
}
330
505
100
AcDbVisualStyle
  2
JitterOff
 70
    20
177
     3
291
     1
 70
    58
 90
        2
176
     0
 90
        2
176
     0
 90
        0
176
     0
 90
        0
176
     0
 40
-0.6
176
     0
 40
-30.0
176
     0
 62
     7
420
 16777215
176
     0
 90
        1
176
     0
 90
        4
176
     0
 62
     7
176
     0
 62
   257
176
     0
 90
        1
176
     0
 90
        1
176
     0
 40
1.0
176
     0
 90
       10
176
     2
 62
     7
176
     0
 40
1.0
176
     0
 90
        1
176
     0
 90
        6
176
     0
 90
        2
176
     0
 62
     7
176
     0
 90
        5
176
     0
 90
        0
176
     0
 90
        0
176
     0
290
     0
176
     0
 90
        1
176
     0
 40
0.0
176
     0
 90
        0
176
     0
290
     0
176
     0
290
     1
176
     0
290
     1
176
     0
290
     0
176
     0
290
     0
176
     0
290
     0
176
     0
290
     0
176
     0
290
     0
176
     0
290
     0
176
     0
 90
       50
176
     0
 40
0.0
176
     0
 40
1.0
176
     0
 90
        0
176
     0
 62
    18
420
        0
176
     0
 90
       50
176
     0
 90
        3
176
     0
 62
     5
420
      255
176
     0
290
     0
176
     0
 90
       50
176
     0
 90
       50
176
     0
 90
       50
176
     0
290
     0
176
     0
 90
       50
176
     0
 62
   256
176
     0
 40
1.0
176
     0
 90
        2
176
     0
  1
strokes_ogs.tif
176
     0
290
     0
176
     0
 40
1.0
176
     0
 40
1.0
176
     0
  0
VISUALSTYLE
  5
513
102
{ACAD_REACTORS
330
505
102
}
330
505
100
AcDbVisualStyle
  2
Linepattern
 70
    14
177
     3
291
     1
 70
    58
 90
        2
176
     1
 90
        2
176
     1
 90
        0
176
     1
 90
        0
176
     1
 40
-0.6
176
     1
 40
-30.0
176
     1
 62
     7
420
 16777215
176
     1
 90
        1
176
     1
 90
        4
176
     1
 62
     7
176
     1
 62
   257
176
     1
 90
        7
176
     1
 90
        7
176
     1
 40
1.0
176
     1
 90
        8
176
     1
 62
     7
176
     1
 40
1.0
176
     1
 90
        1
176
     1
 90
        6
176
     1
 90
        2
176
     1
 62
     7
176
     1
 90
        5
176
     1
 90
        0
176
     1
 90
        0
176
     1
290
     0
176
     1
 90
        1
176
     1
 40
0.0
176
     1
 90
        0
176
     1
290
     0
176
     1
290
     1
176
     1
290
     1
176
     1
290
     0
176
     1
290
     0
176
     1
290
     0
176
     1
290
     0
176
     1
290
     0
176
     1
290
     0
176
     1
 90
       50
176
     1
 40
0.0
176
     1
 40
1.0
176
     1
 90
        0
176
     1
 62
    18
420
        0
176
     1
 90
       50
176
     1
 90
        3
176
     1
 62
     5
420
      255
176
     1
290
     0
176
     1
 90
       50
176
     1
 90
       50
176
     1
 90
       50
176
     1
290
     0
176
     1
 90
       50
176
     1
 62
   256
176
     0
 40
1.0
176
     0
 90
        2
176
     1
  1
strokes_ogs.tif
176
     1
290
     0
176
     1
 40
1.0
176
     1
 40
1.0
176
     1
  0
VISUALSTYLE
  5
51C
102
{ACAD_REACTORS
330
505
102
}
330
505
100
AcDbVisualStyle
  2
OverhangOff
 70
    21
177
     3
291
     1
 70
    58
 90
        2
176
     0
 90
        2
176
     0
 90
        0
176
     0
 90
        0
176
     0
 40
-0.6
176
     0
 40
-30.0
176
     0
 62
     7
420
 16777215
176
     0
 90
        1
176
     0
 90
        4
176
     0
 62
     7
176
     0
 62
   257
176
     0
 90
        1
176
     0
 90
        1
176
     0
 40
1.0
176
     0
 90
        9
176
     2
 62
     7
176
     0
 40
1.0
176
     0
 90
        1
176
     0
 90
        6
176
     0
 90
        2
176
     0
 62
     7
176
     0
 90
        5
176
     0
 90
        0
176
     0
 90
        0
176
     0
290
     0
176
     0
 90
        1
176
     0
 40
0.0
176
     0
 90
        0
176
     0
290
     0
176
     0
290
     1
176
     0
290
     1
176
     0
290
     0
176
     0
290
     0
176
     0
290
     0
176
     0
290
     0
176
     0
290
     0
176
     0
290
     0
176
     0
 90
       50
176
     0
 40
0.0
176
     0
 40
1.0
176
     0
 90
        0
176
     0
 62
    18
420
        0
176
     0
 90
       50
176
     0
 90
        3
176
     0
 62
     5
420
      255
176
     0
290
     0
176
     0
 90
       50
176
     0
 90
       50
176
     0
 90
       50
176
     0
290
     0
176
     0
 90
       50
176
     0
 62
   256
176
     0
 40
1.0
176
     0
 90
        2
176
     0
  1
strokes_ogs.tif
176
     0
290
     0
176
     0
 40
1.0
176
     0
 40
1.0
176
     0
  0
VISUALSTYLE
  5
50F
102
{ACAD_REACTORS
330
505
102
}
330
505
100
AcDbVisualStyle
  2
Realistic
 70
     8
177
     3
291
     0
 70
    58
 90
        2
176
     1
 90
        2
176
     1
 90
        0
176
     1
 90
        2
176
     1
 40
-0.6
176
     1
 40
30.0
176
     1
 62
     7
420
 16777215
176
     1
 90
        0
176
     1
 90
        0
176
     1
 62
     7
176
     1
 62
   257
176
     1
 90
        1
176
     1
 90
        1
176
     1
 40
1.0
176
     1
 90
        8
176
     1
 62
   257
176
     1
 40
1.0
176
     1
 90
        1
176
     1
 90
        6
176
     1
 90
        2
176
     1
 62
     7
176
     1
 90
        3
176
     1
 90
        0
176
     1
 90
        0
176
     1
290
     0
176
     1
 90
       13
176
     1
 40
0.0
176
     1
 90
        0
176
     1
290
     0
176
     1
290
     1
176
     1
290
     1
176
     1
290
     0
176
     1
290
     0
176
     1
290
     0
176
     1
290
     0
176
     1
290
     0
176
     1
290
     0
176
     1
 90
       50
176
     1
 40
0.0
176
     1
 40
1.0
176
     1
 90
        0
176
     1
 62
    18
420
        0
176
     1
 90
       50
176
     1
 90
        3
176
     1
 62
     5
420
      255
176
     1
290
     0
176
     1
 90
       50
176
     1
 90
       50
176
     1
 90
       50
176
     1
290
     0
176
     1
 90
       50
176
     1
 62
   256
176
     0
 40
1.0
176
     0
 90
        2
176
     1
  1
strokes_ogs.tif
176
     1
290
     0
176
     1
 40
1.0
176
     1
 40
1.0
176
     1
  0
VISUALSTYLE
  5
51A
102
{ACAD_REACTORS
330
505
102
}
330
505
100
AcDbVisualStyle
  2
Shaded
 70
    27
177
     3
291
     0
 70
    58
 90
        2
176
     1
 90
        2
176
     1
 90
        1
176
     1
 90
        2
176
     1
 40
-0.6
176
     1
 40
30.0
176
     1
 62
     7
420
 16777215
176
     1
 90
        0
176
     1
 90
        4
176
     1
 62
     7
176
     1
 62
   257
176
     1
 90
        1
176
     1
 90
        1
176
     1
 40
1.0
176
     1
 90
        8
176
     1
 62
   257
176
     1
 40
1.0
176
     1
 90
        1
176
     1
 90
        6
176
     1
 90
        2
176
     1
 62
     8
420
  7895160
176
     1
 90
        3
176
     1
 90
        0
176
     1
 90
        0
176
     1
290
     0
176
     1
 90
        5
176
     1
 40
0.0
176
     1
 90
        0
176
     1
290
     0
176
     1
290
     1
176
     1
290
     1
176
     1
290
     0
176
     1
290
     0
176
     1
290
     0
176
     1
290
     0
176
     1
290
     0
176
     1
290
     0
176
     1
 90
       50
176
     1
 40
0.0
176
     1
 40
1.0
176
     1
 90
        0
176
     1
 62
    18
420
        0
176
     1
 90
       50
176
     1
 90
        3
176
     1
 62
     5
420
      255
176
     1
290
     0
176
     1
 90
       50
176
     1
 90
       50
176
     1
 90
       50
176
     1
290
     0
176
     1
 90
       50
176
     1
 62
   256
176
     0
 40
1.0
176
     0
 90
        2
176
     1
  1
strokes_ogs.tif
176
     1
290
     0
176
     1
 40
1.0
176
     1
 40
1.0
176
     1
  0
VISUALSTYLE
  5
519
102
{ACAD_REACTORS
330
505
102
}
330
505
100
AcDbVisualStyle
  2
Shaded with edges
 70
    26
177
     3
291
     0
 70
    58
 90
        2
176
     1
 90
        2
176
     1
 90
        1
176
     1
 90
        2
176
     1
 40
-0.6
176
     1
 40
30.0
176
     1
 62
     7
420
 16777215
176
     1
 90
        1
176
     1
 90
        2
176
     1
 62
     7
176
     1
 62
   257
176
     1
 90
        2
176
     1
 90
        1
176
     1
 40
1.0
176
     1
 90
        8
176
     1
 62
   257
176
     1
 40
1.0
176
     1
 90
        1
176
     1
 90
        6
176
     1
 90
        2
176
     1
 62
     7
176
     1
 90
        3
176
     1
 90
        0
176
     1
 90
        0
176
     1
290
     0
176
     1
 90
        5
176
     1
 40
0.0
176
     1
 90
        0
176
     1
290
     0
176
     1
290
     1
176
     1
290
     1
176
     1
290
     0
176
     1
290
     0
176
     1
290
     0
176
     1
290
     0
176
     1
290
     0
176
     1
290
     0
176
     1
 90
       50
176
     1
 40
0.0
176
     1
 40
1.0
176
     1
 90
        0
176
     1
 62
    18
420
        0
176
     1
 90
       50
176
     1
 90
        3
176
     1
 62
     5
420
      255
176
     1
290
     0
176
     1
 90
       50
176
     1
 90
       50
176
     1
 90
       50
176
     1
290
     0
176
     1
 90
       50
176
     1
 62
   256
176
     0
 40
1.0
176
     0
 90
        2
176
     1
  1
strokes_ogs.tif
176
     1
290
     0
176
     1
 40
1.0
176
     1
 40
1.0
176
     1
  0
VISUALSTYLE
  5
516
102
{ACAD_REACTORS
330
505
102
}
330
505
100
AcDbVisualStyle
  2
Shades of Gray
 70
    23
177
     3
291
     0
 70
    58
 90
        2
176
     1
 90
        2
176
     1
 90
        3
176
     1
 90
        0
176
     1
 40
-0.6
176
     1
 40
-30.0
176
     1
 62
     7
420
 16777215
176
     1
 90
        2
176
     1
 90
        2
176
     1
 62
     7
176
     1
 62
     7
176
     1
 90
        1
176
     1
 90
        1
176
     1
 40
40.0
176
     1
 90
        8
176
     1
 62
     7
176
     1
 40
1.0
176
     1
 90
        1
176
     1
 90
        6
176
     1
 90
        2
176
     1
 62
     7
176
     1
 90
        3
176
     1
 90
        0
176
     1
 90
        0
176
     1
290
     0
176
     1
 90
        1
176
     1
 40
0.0
176
     1
 90
        0
176
     1
290
     0
176
     1
290
     1
176
     1
290
     1
176
     1
290
     0
176
     1
290
     0
176
     1
290
     0
176
     1
290
     0
176
     1
290
     0
176
     1
290
     0
176
     1
 90
       50
176
     1
 40
0.0
176
     1
 40
1.0
176
     1
 90
        0
176
     1
 62
    18
420
        0
176
     1
 90
       50
176
     1
 90
        3
176
     1
 62
     5
420
      255
176
     1
290
     0
176
     1
 90
       50
176
     1
 90
       50
176
     1
 90
       50
176
     1
290
     0
176
     1
 90
       50
176
     1
 62
   256
176
     0
 40
1.0
176
     0
 90
        2
176
     1
  1
strokes_ogs.tif
176
     1
290
     0
176
     1
 40
1.0
176
     1
 40
1.0
176
     1
  0
VISUALSTYLE
  5
517
102
{ACAD_REACTORS
330
505
102
}
330
505
100
AcDbVisualStyle
  2
Sketchy
 70
    24
177
     3
291
     0
 70
    58
 90
        1
176
     1
 90
        2
176
     1
 90
        2
176
     1
 90
        0
176
     1
 40
-0.6
176
     1
 40
-30.0
176
     1
 62
     7
420
 16777215
176
     1
 90
        2
176
     1
 90
        2
176
     1
 62
     7
176
     1
 62
     7
176
     1
 90
        1
176
     1
 90
        1
176
     1
 40
40.0
176
     1
 90
       11
176
     1
 62
     7
176
     1
 40
1.0
176
     1
 90
        1
176
     1
 90
        6
176
     1
 90
        2
176
     1
 62
     7
176
     1
 90
        6
176
     1
 90
        0
176
     1
 90
        0
176
     1
290
     0
176
     1
 90
        1
176
     1
 40
0.0
176
     1
 90
        0
176
     1
290
     0
176
     1
290
     1
176
     1
290
     1
176
     1
290
     0
176
     1
290
     0
176
     1
290
     0
176
     1
290
     0
176
     1
290
     0
176
     1
290
     0
176
     1
 90
       50
176
     1
 40
0.0
176
     1
 40
1.0
176
     1
 90
        0
176
     1
 62
    18
420
        0
176
     1
 90
       50
176
     1
 90
        3
176
     1
 62
     5
420
      255
176
     1
290
     0
176
     1
 90
       50
176
     1
 90
       50
176
     1
 90
       50
176
     1
290
     0
176
     1
 90
       50
176
     1
 62
   256
176
     0
 40
1.0
176
     0
 90
        2
176
     1
  1
strokes_ogs.tif
176
     1
290
     0
176
     1
 40
1.0
176
     1
 40
1.0
176
     1
  0
VISUALSTYLE
  5
512
102
{ACAD_REACTORS
330
505
102
}
330
505
100
AcDbVisualStyle
  2
Thicken
 70
    13
177
     3
291
     1
 70
    58
 90
        2
176
     1
 90
        2
176
     1
 90
        0
176
     1
 90
        0
176
     1
 40
-0.6
176
     1
 40
-30.0
176
     1
 62
     7
420
 16777215
176
     1
 90
        1
176
     1
 90
        4
176
     1
 62
     7
176
     1
 62
   257
176
     1
 90
        1
176
     1
 90
        1
176
     1
 40
1.0
176
     1
 90
       12
176
     1
 62
     7
176
     1
 40
1.0
176
     1
 90
        1
176
     1
 90
        6
176
     1
 90
        2
176
     1
 62
     7
176
     1
 90
        5
176
     1
 90
        0
176
     1
 90
        0
176
     1
290
     0
176
     1
 90
        1
176
     1
 40
0.0
176
     1
 90
        0
176
     1
290
     0
176
     1
290
     1
176
     1
290
     1
176
     1
290
     0
176
     1
290
     0
176
     1
290
     0
176
     1
290
     0
176
     1
290
     0
176
     1
290
     0
176
     1
 90
       50
176
     1
 40
0.0
176
     1
 40
1.0
176
     1
 90
        0
176
     1
 62
    18
420
        0
176
     1
 90
       50
176
     1
 90
        3
176
     1
 62
     5
420
      255
176
     1
290
     0
176
     1
 90
       50
176
     1
 90
       50
176
     1
 90
       50
176
     1
290
     0
176
     1
 90
       50
176
     1
 62
   256
176
     0
 40
1.0
176
     0
 90
        2
176
     1
  1
strokes_ogs.tif
176
     1
290
     0
176
     1
 40
1.0
176
     1
 40
1.0
176
     1
  0
VISUALSTYLE
  5
50C
102
{ACAD_REACTORS
330
505
102
}
330
505
100
AcDbVisualStyle
  2
Wireframe
 70
     5
177
     3
291
     0
 70
    58
 90
        0
176
     1
 90
        2
176
     1
 90
        0
176
     1
 90
        0
176
     1
 40
-0.6
176
     1
 40
-30.0
176
     1
 62
     7
420
 16777215
176
     1
 90
        1
176
     1
 90
        4
176
     1
 62
     7
176
     1
 62
   257
176
     1
 90
        1
176
     1
 90
        1
176
     1
 40
1.0
176
     1
 90
        0
176
     1
 62
   257
176
     1
 40
1.0
176
     1
 90
        1
176
     1
 90
        6
176
     1
 90
        2
176
     1
 62
     7
176
     1
 90
        3
176
     1
 90
        0
176
     1
 90
        0
176
     1
290
     0
176
     1
 90
        1
176
     1
 40
0.0
176
     1
 90
        0
176
     1
290
     0
176
     1
290
     1
176
     1
290
     1
176
     1
290
     0
176
     1
290
     0
176
     1
290
     0
176
     1
290
     0
176
     1
290
     0
176
     1
290
     0
176
     1
 90
       50
176
     1
 40
0.0
176
     1
 40
1.0
176
     1
 90
        0
176
     1
 62
    18
420
        0
176
     1
 90
       50
176
     1
 90
        3
176
     1
 62
     5
420
      255
176
     1
290
     0
176
     1
 90
       50
176
     1
 90
       50
176
     1
 90
       50
176
     1
290
     0
176
     1
 90
       50
176
     1
 62
   256
176
     0
 40
1.0
176
     0
 90
        2
176
     1
  1
strokes_ogs.tif
176
     1
290
     0
176
     1
 40
1.0
176
     1
 40
1.0
176
     1
  0
VISUALSTYLE
  5
518
102
{ACAD_REACTORS
330
505
102
}
330
505
100
AcDbVisualStyle
  2
X-Ray
 70
    25
177
     3
291
     0
 70
    58
 90
        2
176
     1
 90
        2
176
     1
 90
        1
176
     1
 90
        1
176
     1
 40
0.5
176
     1
 40
-30.0
176
     1
 62
     7
420
 16777215
176
     1
 90
        1
176
     1
 90
        0
176
     1
 62
     7
176
     1
 62
   257
176
     1
 90
        1
176
     1
 90
        1
176
     1
 40
1.0
176
     1
 90
        8
176
     1
 62
     7
176
     1
 40
1.0
176
     1
 90
        1
176
     1
 90
        6
176
     1
 90
        2
176
     1
 62
     7
176
     1
 90
        3
176
     1
 90
        0
176
     1
 90
        0
176
     1
290
     0
176
     1
 90
       13
176
     1
 40
0.0
176
     1
 90
        0
176
     1
290
     0
176
     1
290
     1
176
     1
290
     1
176
     1
290
     0
176
     1
290
     0
176
     1
290
     0
176
     1
290
     0
176
     1
290
     0
176
     1
290
     0
176
     1
 90
       50
176
     1
 40
0.0
176
     1
 40
1.0
176
     1
 90
        0
176
     1
 62
    18
420
        0
176
     1
 90
       50
176
     1
 90
        3
176
     1
 62
     5
420
      255
176
     1
290
     0
176
     1
 90
       50
176
     1
 90
       50
176
     1
 90
       50
176
     1
290
     0
176
     1
 90
       50
176
     1
 62
   256
176
     0
 40
1.0
176
     0
 90
        2
176
     1
  1
strokes_ogs.tif
176
     1
290
     0
176
     1
 40
1.0
176
     1
 40
1.0
176
     1
  0
DICTIONARYVAR
  5
53E
102
{ACAD_REACTORS
330
539
102
}
330
539
100
DictionaryVariables
280
     0
  1
1:1
  0
DICTIONARYVAR
  5
53B
102
{ACAD_REACTORS
330
539
102
}
330
539
100
DictionaryVariables
280
     0
  1
Standard
  0
DICTIONARYVAR
  5
53A
102
{ACAD_REACTORS
330
539
102
}
330
539
100
DictionaryVariables
280
     0
  1
Standard
  0
DICTIONARYVAR
  5
53C
102
{ACAD_REACTORS
330
539
102
}
330
539
100
DictionaryVariables
280
     0
  1
Imperial24
  0
DICTIONARYVAR
  5
53D
102
{ACAD_REACTORS
330
539
102
}
330
539
100
DictionaryVariables
280
     0
  1
Imperial24
  0
DICTIONARYVAR
  5
A5F
102
{ACAD_REACTORS
330
539
102
}
330
539
100
DictionaryVariables
280
     0
  1
0
  0
DICTIONARYVAR
  5
A60
102
{ACAD_REACTORS
330
539
102
}
330
539
100
DictionaryVariables
280
     0
  1
0
  0
DICTIONARYVAR
  5
A5E
102
{ACAD_REACTORS
330
539
102
}
330
539
100
DictionaryVariables
280
     0
  1
2
  0
DICTIONARYVAR
  5
A5D
102
{ACAD_REACTORS
330
539
102
}
330
539
100
DictionaryVariables
280
     0
  1
1
  0
DICTIONARYVAR
  5
A61
102
{ACAD_REACTORS
330
539
102
}
330
539
100
DictionaryVariables
280
     0
  1
2
  0
DICTIONARY
  5
A5B
330
538
100
AcDbDictionary
280
     1
281
     1
  0
DICTIONARY
  5
A20
330
4E8
100
AcDbDictionary
280
     1
281
     1
  3
ADSK_XREC_LAYOUTTHUMBNAIL
360
A21
  0
DICTIONARY
  5
A59
330
536
100
AcDbDictionary
280
     1
281
     1
  0
DICTIONARY
  5
A62
330
520
100
AcDbDictionary
280
     1
281
     1
  3
ACAD_ROUNDTRIP_2008_TABLESTYLE_CELLSTYLEMAP
360
A63
  0
XRECORD
  5
A21
102
{ACAD_REACTORS
330
A20
102
}
330
A20
100
AcDbXrecord
280
     1
310
28000000000100007F0000000100080000000000007F00000100000001000000000100000000000030282100FFFFFF00302821FF000000FF000000FF000000FF000000FF000000FF000000FF000000FF000000FF330000FF660000FF990000FFCC0000FFFF0000FF003300FF333300FF663300FF993300FFCC3300FFFF3300
310
FF006600FF336600FF666600FF996600FFCC6600FFFF6600FF009900FF339900FF669900FF999900FFCC9900FFFF9900FF00CC00FF33CC00FF66CC00FF99CC00FFCCCC00FFFFCC00FF00FF00FF33FF00FF66FF00FF99FF00FFCCFF00FFFFFF00FF000033FF330033FF660033FF990033FFCC0033FFFF0033FF003333FF3333
310
33FF663333FF993333FFCC3333FFFF3333FF006633FF336633FF666633FF996633FFCC6633FFFF6633FF009933FF339933FF669933FF999933FFCC9933FFFF9933FF00CC33FF33CC33FF66CC33FF99CC33FFCCCC33FFFFCC33FF00FF33FF33FF33FF66FF33FF99FF33FFCCFF33FFFFFF33FF000066FF330066FF660066FF99
310
0066FFCC0066FFFF0066FF003366FF333366FF663366FF993366FFCC3366FFFF3366FF006666FF336666FF666666FF996666FFCC6666FFFF6666FF009966FF339966FF669966FF999966FFCC9966FFFF9966FF00CC66FF33CC66FF66CC66FF99CC66FFCCCC66FFFFCC66FF00FF66FF33FF66FF66FF66FF99FF66FFCCFF66FF
310
FFFF66FF000099FF330099FF660099FF990099FFCC0099FFFF0099FF003399FF333399FF663399FF993399FFCC3399FFFF3399FF006699FF336699FF666699FF996699FFCC6699FFFF6699FF009999FF339999FF669999FF999999FFCC9999FFFF9999FF00CC99FF33CC99FF66CC99FF99CC99FFCCCC99FFFFCC99FF00FF99
310
FF33FF99FF66FF99FF99FF99FFCCFF99FFFFFF99FF0000CCFF3300CCFF6600CCFF9900CCFFCC00CCFFFF00CCFF0033CCFF3333CCFF6633CCFF9933CCFFCC33CCFFFF33CCFF0066CCFF3366CCFF6666CCFF9966CCFFCC66CCFFFF66CCFF0099CCFF3399CCFF6699CCFF9999CCFFCC99CCFFFF99CCFF00CCCCFF33CCCCFF66CC
310
CCFF99CCCCFFCCCCCCFFFFCCCCFF00FFCCFF33FFCCFF66FFCCFF99FFCCFFCCFFCCFFFFFFCCFF0000FFFF3300FFFF6600FFFF9900FFFFCC00FFFFFF00FFFF0033FFFF3333FFFF6633FFFF9933FFFFCC33FFFFFF33FFFF0066FFFF3366FFFF6666FFFF9966FFFFCC66FFFFFF66FFFF0099FFFF3399FFFF6699FFFF9999FFFFCC
310
99FFFFFF99FFFF00CCFFFF33CCFFFF66CCFFFF99CCFFFFCCCCFFFFFFCCFFFF00FFFFFF33FFFFFF66FFFFFF99FFFFFFCCFFFFFFFFFFFFFF000000FF0D0D0DFF1A1A1AFF282828FF353535FF434343FF505050FF5D5D5DFF6B6B6BFF787878FF868686FF939393FFA1A1A1FFAEAEAEFFBBBBBBFFC9C9C9FFD6D6D6FFE4E4E4FF
310
F1F1F1FFFFFFFFFF000000FF000000FF000000FF000000FF000000FF000000FF000000FF000000FF000000FF000000FF00000000000000000000000000000000000000000000000000000000000000000000000000000000000000000000000000000000000000000000000000000000000000000000000000000000000000
310
000000000000000000000000000000000000000000000000000000000000000000F5F5F5F5F5F5F5F5F5F5F5F5F5F5F5F5F5F5F5F5F5F5F5F5F5F5F5F5F5F5F5F50000000000000000000000000000000000000000000000000000000000000000000000000000000000000000000000000000000000000000000000000000
310
00000000000000000000000000000000000000000000000000000000000000000000000000000000000000000000000000000000000000000000000000000000000000000000000000000000000000000000000000000000000000000000000000000000000000000000000000000000000000000000000000000000000000
310
0000000000000000000000000000000000000000000000000000000000000000000000F5F5F5F5F5F5F5F5F5F5F5F5F5F5F5F5F5F5F5F5F5F5F5F5F5F5F5F5F5F5F5F5000000000000000000000000000000000000000000000000000000000000000000000000000000000000000000000000000000000000000000000000
310
00000000000000000000000000000000000000000000000000000000000000000000000000000000000000000000000000000000000000000000000000000000000000000000000000000000000000000000000000000000000000000000000000000000000000000000000000000000000000000000000000000000000000
310
00000000000000000000000000000000000000000000000000000000000000000000000000F500F50000F500F50000F5000000F5F5F5F5000000F50000F500F50000F500F500000000000000000000000000000000000000000000000000000000000000000000000000000000000000000000000000000000000000000000
310
00000000000000000000000000000000000000000000000000000000000000000000000000000000000000000000000000000000000000000000000000000000000000000000000000000000000000000000000000000000000000000000000000000000000000000000000000000000000000000000000000000000000000
310
000000000000000000000000000000000000000000000000000000000000000000000000000000F500F50000F500F50000F5000000F5F5F5F5F50000F50000F500F50000F500F50000000000000000000000000000000000000000000000000000000000000000000000000000000000000000000000000000000000000000
310
00000000000000000000000000000000000000000000000000000000000000000000000000000000000000000000000000000000000000000000000000000000000000000000000000000000000000000000000000000000000000000000000000000000000000000000000000000000000000000000000000000000000000
310
0000000000000000000000000000000000000000000000000000000000000000000000000000000000F500F50000F500F50000F50000F5F5F5F5F5F50000F50000F500F50000F500F5000000000000000000000000000000000000000000000000000000000000000000000000000000000000000000000000000000000000
310
00000000000000000000000000000000000000000000000000000000000000000000000000000000000000000000000000000000000000000000000000000000000000000000000000000000000000000000000000000000000000000000000000000000000000000000000000000000000000000000000000000000000000
310
00000000000000000000000000000000000000000000000000000000000000000000000000000000000000F5F5F5F5F5F5F5F5F5F5F5F5F5F500F5F500F5F5F5F5F5F5F5F5F5F5F5F5F5F500000000000000000000000000000000000000000000000000000000000000000000000000000000000000000000000000000000
310
00000000000000000000000000000000000000000000000000000000000000000000000000000000000000000000000000000000000000000000000000000000000000000000000000000000000000000000000000000000000000000000000000000000000000000000000000000000000000000000000000000000000000
310
000000000000000000000000000000000000000000000000000000000000000000000000000000000000000000F5F5F5F5F5F5F5F5F5F5F5F5F5F5F5F5F5F5F5F5F5F5F5F5F5F5F5F5F5F5F5F50000000000000000000000000000000000000000000000000000000000000000000000000000000000000000000000000000
310
00000000000000000000000000000000000000000000000000000000000000000000000000000000000000000000000000000000000000000000000000000000000000000000000000000000000000000000000000000000000000000000000000000000000000000000000000000000000000000000000000000000000000
310
0000000000000000000000000000000000000000000000000000000000000000000000000000000000000000000000F5000000000000000000000000000000000000000000000000000000000000F5000000000000000000000000000000000000000000000000000000000000000000000000000000000000000000000000
310
00000000000000000000000000000000000000000000000000000000000000000000000000000000000000000000000000000000000000000000000000000000000000000000000000000000000000000000000000000000000000000000000000000000000000000000000000000000000000000000000000000000000000
310
00000000000000000000000000000000000000000000000000000000000000000000000000000000000000000000000000F5F5F5F5F5F5F5F5F5F5F5F5F5F5F5F5F5F5F5F5F5F5F5F5F5F5F5F5F5F5F5F500000000000000000000000000000000000000000000000000000000000000000000000000000000000000000000
310
00000000000000000000000000000000000000000000000000000000000000000000000000000000000000000000000000000000000000000000000000000000000000000000000000000000000000000000000000000000000000000000000000000000000000000000000000000000000000000000000000000000000000
310
000000000000000000000000000000000000000000000000000000000000000000000000000000000000000000000000000000F5000000000000000000000000000000000000000000000000000000000000F50000000000000000000000000000000000000000000000000000000000000000000000000000000000000000
310
00000000000000000000000000000000000000000000000000000000000000000000000000000000000000000000000000000000000000000000000000000000000000000000000000000000000000000000000000000000000000000000000000000000000000000000000000000000000000000000000000000000000000
310
0000000000000000000000000000000000000000000000000000000000000000000000000000000000000000000000000000000000F5000000000000000000000000000000000000000000000000000000000000F5000000000000000000000000000000000000000000000000000000000000000000000000000000000000
310
00000000000000000000000000000000000000000000000000000000000000000000000000000000000000000000000000000000000000000000000000000000000000000000000000000000000000000000000000000000000000000000000000000000000000000000000000000000000000000000000000000000000000
310
00000000000000000000000000000000000000000000000000000000000000000000000000000000000000000000000000000000000000F5000000000000000000000000000000000000000000000000000000000000F500000000000000000000000000000000000000000000000000000000000000000000000000000000
310
00000000000000000000000000000000000000000000000000000000000000000000000000000000000000000000000000000000000000000000000000000000000000000000000000000000000000000000000000000000000000000000000000000000000000000000000000000000000000000000000000000000000000
310
000000000000000000000000000000000000000000000000000000000000000000000000000000000000000000000000000000000000000000F5F5F5F5F5F5F5F5F5F5F5F5F5F5F5F5F5F5F5F5F5F5F5F5F5F5F5F5F5F5F5F50000000000000000000000000000000000000000000000000000000000000000000000000000
310
00000000000000000000000000000000000000000000000000000000000000000000000000000000000000000000000000000000000000000000000000000000000000000000000000000000000000000000000000000000000000000000000000000000000000000000000000000000000000000000000000000000000000
310
0000000000000000000000000000000000000000000000000000000000000000000000000000000000000000000000000000000000000000000000F5F5F5F5F5F5F5F5F5F5F5F5F5F5F5F5F5F5F5F5F5F5F5F5F5F5F5F5F5F5F5F5000000000000000000000000000000000000000000000000000000000000000000000000
310
00000000000000000000000000000000000000000000000000000000000000000000000000000000000000000000000000000000000000000000000000000000000000000000000000000000000000000000000000000000000000000000000000000000000000000000000000000000000000000000000000000000000000
310
00000000000000000000000000000000000000000000000000000000000000000000000000000000000000000000000000000000000000000000000000F5000000000000000000000000000000F5F5F5F5F500000000000000000000F500000000000000000000000000000000000000000000000000000000000000000000
310
00000000000000000000000000000000000000000000000000000000000000000000000000000000000000000000000000000000000000000000000000000000000000000000000000000000000000000000000000000000000000000000000000000000000000000000000000000000000000000000000000000000000000
310
000000000000000000000000000000000000000000000000000000000000000000000000000000000000000000000000000000000000000000000000000000F50000000000000000000000000000F5F500F5F5F5F5000000000000000000F50000000000000000000000000000000000000000000000000000000000000000
310
00000000000000000000000000000000000000000000000000000000000000000000000000000000000000000000000000000000000000000000000000000000000000000000000000000000000000000000000000000000000000000000000000000000000000000000000000000000000000000000000000000000000000
310
0000000000000000000000000000000000000000000000000000000000000000000000000000000000000000000000000000000000000000000000000000000000F50000000000000000000000000000F500F500F5F5F5000000000000000000F5000000000000000000000000000000000000000000000000000000000000
310
00000000000000000000000000000000000000000000000000000000000000000000000000000000000000000000000000000000000000000000000000000000000000000000000000000000000000000000000000000000000000000000000000000000000000000000000000000000000000000000000000000000000000
310
00000000000000000000000000000000000000000000000000000000000000000000000000000000000000000000000000000000000000000000000000000000000000F50000000000000000000000000000F50000F500F5F5000000000000000000F500000000000000000000000000000000000000000000000000000000
310
00000000000000000000000000000000000000000000000000000000000000000000000000000000000000000000000000000000000000000000000000000000000000000000000000000000000000000000000000000000000000000000000000000000000000000000000000000000000000000000000000000000000000
310
000000000000000000000000000000000000000000000000000000000000000000000000000000000000000000000000000000000000000000000000000000000000000000F50000000000000000000000000000F5F5000000F5F5000000000000000000F50000000000000000000000000000000000000000000000000000
310
00000000000000000000000000000000000000000000000000000000000000000000000000000000000000000000000000000000000000000000000000000000000000000000000000000000000000000000000000000000000000000000000000000000000000000000000000000000000000000000000000000000000000
310
0000000000000000000000000000000000000000000000000000000000000000000000000000000000000000000000000000000000000000000000000000000000000000000000F50000000000000000000000000000F500F5F5F500F5000000000000000000F5000000000000000000000000000000000000000000000000
310
00000000000000000000000000000000000000000000000000000000000000000000000000000000000000000000000000000000000000000000000000000000000000000000000000000000000000000000000000000000000000000000000000000000000000000000000000000000000000000000000000000000000000
310
00000000000000000000000000000000000000000000000000000000000000000000000000000000000000000000000000000000000000000000000000000000000000000000000000F50000000000000000000000000000F500F5F5F5F5F5000000000000000000F500000000000000000000000000000000000000000000
310
00000000000000000000000000000000000000000000000000000000000000000000000000000000000000000000000000000000000000000000000000000000000000000000000000000000000000000000000000000000000000000000000000000000000000000000000000000000000000000000000000000000000000
310
000000000000000000000000000000000000000000000000000000000000000000000000000000000000000000000000000000000000000000000000000000000000000000000000000000F500000000000000000000000000F500F5F500F5F5F5000000000000000000F50000000000000000000000000000000000000000
310
00000000000000000000000000000000000000000000000000000000000000000000000000000000000000000000000000000000000000000000000000000000000000000000000000000000000000000000000000000000000000000000000000000000000000000000000000000000000000000000000000000000000000
310
0000000000000000000000000000000000000000000000000000000000000000000000000000000000000000000000000000000000000000000000000000000000000000000000000000000000F500000000000000000000000000F5F5F5000000F5F5000000000000000000F5000000000000000000000000000000000000
310
00000000000000000000000000000000000000000000000000000000000000000000000000000000000000000000000000000000000000000000000000000000000000000000000000000000000000000000000000000000000000000000000000000000000000000000000000000000000000000000000000000000000000
310
00000000000000000000000000000000000000000000000000000000000000000000000000000000000000000000000000000000000000000000000000000000000000000000000000000000000000F5000000000000000000000000F5F5F500F500F500F5F5F500000000000000F500000000000000000000000000000000
310
00000000000000000000000000000000000000000000000000000000000000000000000000000000000000000000000000000000000000000000000000000000000000000000000000000000000000000000000000000000000000000000000000000000000000000000000000000000000000000000000000000000000000
310
000000000000000000000000000000000000000000000000000000000000000000000000000000000000000000000000000000000000000000000000000000000000000000000000000000000000000000F5000000000000000000000000F5F500F500F500F500F5F500000000000000F50000000000000000000000000000
310
00000000000000000000000000000000000000000000000000000000000000000000000000000000000000000000000000000000000000000000000000000000000000000000000000000000000000000000000000000000000000000000000000000000000000000000000000000000000000000000000000000000000000
310
0000000000000000000000000000000000000000000000000000000000000000000000000000000000000000000000000000000000000000000000000000000000000000000000000000000000000000000000F5000000000000000000000000F5F500000000F50000F5F500000000000000F5000000000000000000000000
310
00000000000000000000000000000000000000000000000000000000000000000000000000000000000000000000000000000000000000000000000000000000000000000000000000000000000000000000000000000000000000000000000000000000000000000000000000000000000000000000000000000000000000
310
00000000000000000000000000000000000000000000000000000000000000000000000000000000000000000000000000000000000000000000000000000000000000000000000000000000000000000000000000F5000000000000000000000000F5F500000000000000F5F500000000000000F500000000000000000000
310
00000000000000000000000000000000000000000000000000000000000000000000000000000000000000000000000000000000000000000000000000000000000000000000000000000000000000000000000000000000000000000000000000000000000000000000000000000000000000000000000000000000000000
310
000000000000000000000000000000000000000000000000000000000000000000000000000000000000000000000000000000000000000000000000000000000000000000000000000000000000000000000000000000F5000000000000000000000000F5F500000000000000F5F500000000000000F50000000000000000
310
00000000000000000000000000000000000000000000000000000000000000000000000000000000000000000000000000000000000000000000000000000000000000000000000000000000000000000000000000000000000000000000000000000000000000000000000000000000000000000000000000000000000000
310
0000000000000000000000000000000000000000000000000000000000000000000000000000000000000000000000000000000000000000000000000000000000000000000000000000000000000000000000000000000000F5000000000000000000000000F5F500000000000000F5F5002D2D2D2D2D2DF5000000000000
310
00000000000000000000000000000000000000000000000000000000000000000000000000000000000000000000000000000000000000000000000000000000000000000000000000000000000000000000000000000000000000000000000000000000000000000000000000000000000000000000000000000000000000
310
00000000000000000000000000000000000000000000000000000000000000000000000000000000000000000000000000000000000000000000000000000000000000000000000000000000000000000000000000000000000000F5000000000000000000000000F5F500000000000000F5F5002D2D2D2D2D2DF500000000
310
00000000000000000000000000000000000000000000000000000000000000000000000000000000000000000000000000000000000000000000000000000000000000000000000000000000000000000000000000000000000000000000000000000000000000000000000000000000000000000000000000000000000000
310
000000000000000000000000000000000000000000000000000000000000000000000000000000000000000000000000000000000000000000000000000000000000000000000000000000000000000000000000000000000000000000F5000000000000000000000000F5F500000000000000F5F500000000000000F50000
310
00000000000000000000000000000000000000000000000000000000000000000000000000000000000000000000000000000000000000000000000000000000000000000000000000000000000000000000000000000000000000000000000000000000000000000000000000000000000000000000000000000000000000
310
0000000000000000000000000000000000000000000000000000000000000000000000000000000000000000000000000000000000000000000000000000000000000000000000000000000000000000000000000000000000000000000000F5000000000000000000000000F5F500000000F50000F5F500000000000000F5
310
00000000000000000000000000000000000000000000000000000000000000000000000000000000000000000000000000000000000000000000000000000000000000000000000000000000000000000000000000000000000000000000000000000000000000000000000000000000000000000000000000000000000000
310
00000000000000000000000000000000000000000000000000000000000000000000000000000000000000000000000000000000000000000000000000000000000000000000000000000000000000000000000000000000000000000000000000F5000000000000000000000000F5F5000000F500F500F5F5000000000000
310
00F50000000000000000000000000000000000000000000000000000000000000000000000000000000000000000000000000000000000000000000000000000000000000000000000000000000000000000000000000000000000000000000000000000000000000000000000000000000000000000000000000000000000
310
000000000000000000000000000000000000000000000000000000000000000000000000000000000000000000000000000000000000000000000000000000000000000000000000000000000000000000000000000000000000000000000000000000F5000000000000000000000000F5F500F50000F500F5F5F500000000
310
000000F5000000000000000000000000000000000000000000000000000000000000000000000000000000000000000000000000000000000000000000000000000000000000000000000000000000000000000000000000000000000000000000000000000000000000000000000000000000000000000000000000000000
310
0000000000000000000000000000000000000000000000000000000000000000000000000000000000000000000000000000000000000000000000000000000000000000000000000000000000000000000000000000000000000000000000000000000000F5000000000000000000000000F5F5F500F50000F5F500000000
310
0000000000F500000000000000000000000000000000000000000000000000000000000000000000000000000000000000000000000000000000000000000000000000000000000000000000000000000000000000000000000000000000000000000000000000000000000000000000000000000000000000000000000000
310
00000000000000000000000000000000000000000000000000000000000000000000000000000000000000000000000000000000000000000000000000000000000000000000000000000000000000000000000000000000000000000000000000000000000000F500000000000000000000000000F5F5F50000F5F5F50000
310
00000000000000F50000000000000000000000000000000000000000000000000000000000000000000000000000000000000000000000000000000000000000000000000000000000000000000000000000000000000000000000000000000000000000000000000000000000000000000000000000000000000000000000
310
000000000000000000000000000000000000000000000000000000000000000000000000000000000000000000000000000000000000000000000000000000000000000000000000000000000000000000000000000000000000000000000000000000000000000000F500000000000000000000000000F500F5F5F5F5F500
310
000000000000000000F5000000000000000000000000000000000000000000000000000000000000000000000000000000000000000000000000000000000000000000000000000000000000000000000000000000000000000000000000000000000000000000000000000000000000000000000000000000000000000000
310
0000000000000000000000000000000000000000000000000000000000000000000000000000000000000000000000000000000000000000000000000000000000000000000000000000000000000000000000000000000000000000000000000000000000000000000000F50000000000000000000000000000F500F5F500
310
00F5000000000000000000F500000000000000000000000000000000000000000000000000000000000000000000000000000000000000000000000000000000000000000000000000000000000000000000000000000000000000000000000000000000000000000000000000000000000000000000000000000000000000
310
00000000000000000000000000000000000000000000000000000000000000000000000000000000000000000000000000000000000000000000000000000000000000000000000000000000000000000000000000000000000000000000000000000000000000000000000000F50000000000000000000000000000F500F5
310
F50000F5000000000000000000F50000000000000000000000000000000000000000000000000000000000000000000000000000000000000000000000000000000000000000000000000000000000000000000000000000000000000000000000000000000000000000000000000000000000000000000000000000000000
310
000000000000000000000000000000000000000000000000000000000000000000000000000000000000000000000000000000000000000000000000000000000000000000000000000000000000000000000000000000000000000000000000000000000000000000000000000000F50000000000000000000000000000F5
310
F500F5F5F5F5000000000000000000F5000000000000000000000000000000000000000000000000000000000000000000000000000000000000000000000000000000000000000000000000000000000000000000000000000000000000000000000000000000000000000000000000000000000000000000000000000000
310
0000000000000000000000000000000000000000000000000000000000000000000000000000000000000000000000000000000000000000000000000000000000000000000000000000000000000000000000000000000000000000000000000000000000000000000000000000000000F500000000000000000000000000
310
00F500F500F5F5F5000000000000000000F500000000000000000000000000000000000000000000000000000000000000000000000000000000000000000000000000000000000000000000000000000000000000000000000000000000000000000000000000000000000000000000000000000000000000000000000000
310
00000000000000000000000000000000000000000000000000000000000000000000000000000000000000000000000000000000000000000000000000000000000000000000000000000000000000000000000000000000000000000000000000000000000000000000000000000000000000F50000000000000000000000
310
000000F5F500F500F5F5000000000000000000F50000000000000000000000000000000000000000000000000000000000000000000000000000000000000000000000000000000000000000000000000000000000000000000000000000000000000000000000000000000000000000000000000000000000000000000000
310
000000000000000000000000000000000000000000000000000000000000000000000000000000000000000000000000000000000000000000000000000000000000000000000000000000000000000000000000000000000000000000000000000000000000000000000000000000000000000000F5000000000000000000
310
0000000000F5F5000000F500000000000000000000F5000000000000000000000000000000000000000000000000000000000000000000000000000000000000000000000000000000000000000000000000000000000000000000000000000000000000000000000000000000000000000000000000000000000000000000
310
0000000000000000000000000000000000000000000000000000000000000000000000000000000000000000000000000000000000000000000000000000000000000000000000000000000000000000000000000000000000000000000000000000000000000000000000000000000000000000000000F500000000000000
310
000000000000000000F5F5F5F500000000000000000000F500000000000000000000000000000000000000000000000000000000000000000000000000000000000000000000000000000000000000000000000000000000000000000000000000000000000000000000000000000000000000000000000000000000000000
310
00000000000000000000000000000000000000000000000000000000000000000000000000000000000000000000000000000000000000000000000000000000000000000000000000000000000000000000000000000000000000000000000000000000000000000000000000000000000000000000000000F50000000000
310
00000000000000000000000000000000000000000000000000F50000000000000000000000000000000000000000000000000000000000000000000000000000000000000000000000000000000000000000000000000000000000000000000000000000000000000000000000000000000000000000000000000000000000
310
000000000000000000000000000000000000000000000000000000000000000000000000000000000000000000000000000000000000000000000000000000000000000000000000000000000000000000000000000000000000000000000000000000000000000000000000000000000000000000000000000000F5000000
310
000000000000000000000000000000000000000000000000000000F5000000000000000000000000000000000000000000000000000000000000000000000000000000000000000000000000000000000000000000000000000000000000000000000000000000000000000000000000000000000000000000000000000000
310
0000000000000000000000000000000000000000000000000000000000000000000000000000000000000000000000000000000000000000000000000000000000000000000000000000000000000000000000000000000000000000000000000000000000000000000000000000000000000000000000000000000000F500
310
0000000000000000000000000000000000000000000000000000000000F500000000000000000000000000000000000000000000000000000000000000000000000000000000000000000000000000000000000000000000000000000000000000000000000000000000000000000000000000000000000000000000000000
310
00000000000000000000000000000000000000000000000000000000000000000000000000000000000000000000000000000000000000000000000000000000000000000000000000000000000000000000000000000000000000000000000000000000000000000000000000000000000000000000000000000000000000
310
F5000000000000000000000000000000000000000000000000000000000000F50000000000000000000000000000000000000000000000000000000000000000000000000000000000000000000000000000000000000000000000000000000000000000000000000000000000000000000000000000000000000000000000
310
00000000000000000000000000000000000000000000000000000000000000000000000000000000000000000000000000000000000000000000000000000000000000000000000000000000000000000000000000000000000000000000000000000000000000000000000000000000000000000000000000000000000000
310
0000F5000000000000000000000000000000000000000000000000000000000000F5000000000000000000000000000000000000000000000000000000000000000000000000000000000000000000000000000000000000000000000000000000000000000000000000000000000000000000000000000000000000000000
310
00000000000000000000000000000000000000000000000000000000000000000000000000000000000000000000000000000000000000000000000000000000000000000000000000000000000000000000000000000000000000000000000000000000000000000000000000000000000000000000000000000000000000
310
00000000F500000000000000000000000000000000F5F5F5F500000000000000000000F500000000000000000000000000000000000000000000000000000000000000000000000000000000000000000000000000000000000000000000000000000000000000000000000000000000000000000000000000000000000000
310
00000000000000000000000000000000000000000000000000000000000000000000000000000000000000000000000000000000000000000000000000000000000000000000000000000000000000000000000000000000000000000000000000000000000000000000000000000000000000000000000000000000000000
310
000000000000F5000000000000000000000000000000F5F500F5F500000000000000000000F50000000000000000000000000000000000000000000000000000000000000000000000000000000000000000000000000000000000000000000000000000000000000000000000000000000000000000000000000000000000
310
00000000000000000000000000000000000000000000000000000000000000000000000000000000000000000000000000000000000000000000000000000000000000000000000000000000000000000000000000000000000000000000000000000000000000000000000000000000000000000000000000000000000000
310
0000000000000000F50000000000000000000000000000F5F500F500F5F5000000000000000000F5000000000000000000000000000000000000000000000000000000000000000000000000000000000000000000000000000000000000000000000000000000000000000000000000000000000000000000000000000000
310
00000000000000000000000000000000000000000000000000000000000000000000000000000000000000000000000000000000000000000000000000000000000000000000000000000000000000000000000000000000000000000000000000000000000000000000000000000000000000000000000000000000000000
310
00000000000000000000F50000000000000000000000000000F500F500F5F5F5000000000000000000F500000000000000000000000000000000000000000000000000000000000000000000000000000000000000000000000000000000000000000000000000000000000000000000000000000000000000000000000000
310
00000000000000000000000000000000000000000000000000000000000000000000000000000000000000000000000000000000000000000000000000000000000000000000000000000000000000000000000000000000000000000000000000000000000000000000000000000000000000000000000000000000000000
310
000000000000000000000000F50000000000000000000000000000F5F500F500F5F5000000000000000000F50000000000000000000000000000000000000000000000000000000000000000000000000000000000000000000000000000000000000000000000000000000000000000000000000000000000000000000000
310
00000000000000000000000000000000000000000000000000000000000000000000000000000000000000000000000000000000000000000000000000000000000000000000000000000000000000000000000000000000000000000000000000000000000000000000000000000000000000000000000000000000000000
310
0000000000000000000000000000F50000000000000000000000000000F500F5F5F500F5000000000000000000F5000000000000000000000000000000000000000000000000000000000000000000000000000000000000000000000000000000000000000000000000000000000000000000000000000000000000000000
310
00000000000000000000000000000000000000000000000000000000000000000000000000000000000000000000000000000000000000000000000000000000000000000000000000000000000000000000000000000000000000000000000000000000000000000000000000000000000000000000000000000000000000
310
00000000000000000000000000000000F50000000000000000000000000000F500F5F50000F5000000000000000000F500000000000000000000000000000000000000000000000000000000000000000000000000000000000000000000000000000000000000000000000000000000000000000000000000000000000000
310
00000000000000000000000000000000000000000000000000000000000000000000000000000000000000000000000000000000000000000000000000000000000000000000000000000000000000000000000000000000000000000000000000000000000000000000000000000000000000000000000000000000000000
310
000000000000000000000000000000000000F500000000000000000000000000F500F5F5F5F5F5F5000000000000000000F50000000000000000000000000000000000000000000000000000000000000000000000000000000000000000000000000000000000000000000000000000000000000000000000000000000000
310
00000000000000000000000000000000000000000000000000000000000000000000000000000000000000000000000000000000000000000000000000000000000000000000000000000000000000000000000000000000000000000000000000000000000000000000000000000000000000000000000000000000000000
310
0000000000000000000000000000000000000000F500000000000000000000000000F5F5F50000F5F5F5000000000000000000F5000000000000000000000000000000000000000000000000000000000000000000000000000000000000000000000000000000000000000000000000000000000000000000000000000000
310
00000000000000000000000000000000000000000000000000000000000000000000000000000000000000000000000000000000000000000000000000000000000000000000000000000000000000000000000000000000000000000000000000000000000000000000000000000000000000000000000000000000000000
310
00000000000000000000000000000000000000000000F5000000000000000000000000F5F500F5000000F5F5000000000000000000F500000000000000000000000000000000000000000000000000000000000000000000000000000000000000000000000000000000000000000000000000000000000000000000000000
310
00000000000000000000000000000000000000000000000000000000000000000000000000000000000000000000000000000000000000000000000000000000000000000000000000000000000000000000000000000000000000000000000000000000000000000000000000000000000000000000000000000000000000
310
000000000000000000000000000000000000000000000000F5000000000000000000000000F5F5F500F500F500F5F5F500000000000000F50000000000000000000000000000000000000000000000000000000000000000000000000000000000000000000000000000000000000000000000000000000000000000000000
310
00000000000000000000000000000000000000000000000000000000000000000000000000000000000000000000000000000000000000000000000000000000000000000000000000000000000000000000000000000000000000000000000000000000000000000000000000000000000000000000000000000000000000
310
0000000000000000000000000000000000000000000000000000F5000000000000000000000000F5F500F500F500F500F5F500000000000000F5000000000000000000000000000000000000000000000000000000000000000000000000000000000000000000000000000000000000000000000000000000000000000000
310
00000000000000000000000000000000000000000000000000000000000000000000000000000000000000000000000000000000000000000000000000000000000000000000000000000000000000000000000000000000000000000000000000000000000000000000000000000000000000000000000000000000000000
310
00000000000000000000000000000000000000000000000000000000F5000000000000000000000000F5F500000000F50000F5F500000000000000F500000000000000000000000000000000000000000000000000000000000000000000000000000000000000000000000000000000000000000000000000000000000000
310
00000000000000000000000000000000000000000000000000000000000000000000000000000000000000000000000000000000000000000000000000000000000000000000000000000000000000000000000000000000000000000000000000000000000000000000000000000000000000000000000000000000000000
310
000000000000000000000000000000000000000000000000000000000000F5000000000000000000000000F5F500000000000000F5F500000000000000F50000000000000000000000000000000000000000000000000000000000000000000000000000000000000000000000000000000000000000000000000000000000
310
00000000000000000000000000000000000000000000000000000000000000000000000000000000000000000000000000000000000000000000000000000000000000000000000000000000000000000000000000000000000000000000000000000000000000000000000000000000000000000000000000000000000000
310
0000000000000000000000000000000000000000000000000000000000000000F5000000000000000000000000F5F500000000000000F5F5002D2D2D2D2D2DF5000000000000000000000000000000000000000000000000000000000000000000000000000000000000000000000000000000000000000000000000000000
310
00000000000000000000000000000000000000000000000000000000000000000000000000000000000000000000000000000000000000000000000000000000000000000000000000000000000000000000000000000000000000000000000000000000000000000000000000000000000000000000000000000000000000
310
00000000000000000000000000000000000000000000000000000000000000000000F5000000000000000000000000F5F500000000000000F5F5002D2D2D2D2D2DF500000000000000000000000000000000000000000000000000000000000000000000000000000000000000000000000000000000000000000000000000
310
00000000000000000000000000000000000000000000000000000000000000000000000000000000000000000000000000000000000000000000000000000000000000000000000000000000000000000000000000000000000000000000000000000000000000000000000000000000000000000000000000000000000000
310
000000000000000000000000000000000000000000000000000000000000000000000000F5000000000000000000000000F5F500000000000000F5F5002D2D2D2D2D2DF50000000000000000000000000000000000000000000000000000000000000000000000000000000000000000000000000000000000000000000000
310
00000000000000000000000000000000000000000000000000000000000000000000000000000000000000000000000000000000000000000000000000000000000000000000000000000000000000000000000000000000000000000000000000000000000000000000000000000000000000000000000000000000000000
310
0000000000000000000000000000000000000000000000000000000000000000000000000000F5000000000000000000000000F5F500000000000000F5F500000000000000F5000000000000000000000000000000000000000000000000000000000000000000000000000000000000000000000000000000000000000000
310
00000000000000000000000000000000000000000000000000000000000000000000000000000000000000000000000000000000000000000000000000000000000000000000000000000000000000000000000000000000000000000000000000000000000000000000000000000000000000000000000000000000000000
310
00000000000000000000000000000000000000000000000000000000000000000000000000000000F5000000000000000000000000F5F500000000F50000F5F500000000000000F500000000000000000000000000000000000000000000000000000000000000000000000000000000000000000000000000000000000000
310
00000000000000000000000000000000000000000000000000000000000000000000000000000000000000000000000000000000000000000000000000000000000000000000000000000000000000000000000000000000000000000000000000000000000000000000000000000000000000000000000000000000000000
310
000000000000000000000000000000000000000000000000000000000000000000000000000000000000F5000000000000000000000000F5F500F500F500F500F5F500000000000000F50000000000000000000000000000000000000000000000000000000000000000000000000000000000000000000000000000000000
310
00000000000000000000000000000000000000000000000000000000000000000000000000000000000000000000000000000000000000000000000000000000000000000000000000000000000000000000000000000000000000000000000000000000000000000000000000000000000000000000000000000000000000
310
0000000000000000000000000000000000000000000000000000000000000000000000000000000000000000F5000000000000000000000000F5F5F500F500F500F5F5F500000000000000F5000000000000000000000000000000000000000000000000000000000000000000000000000000000000000000000000000000
310
00000000000000000000000000000000000000000000000000000000000000000000000000000000000000000000000000000000000000000000000000000000000000000000000000000000000000000000000000000000000000000000000000000000000000000000000000000000000000000000000000000000000000
310
00000000000000000000000000000000000000000000000000000000000000000000000000000000000000000000F5000000000000000000000000F5F500F5000000F5F5000000000000000000F500000000000000000000000000000000000000000000000000000000000000000000000000000000000000000000000000
310
00000000000000000000000000000000000000000000000000000000000000000000000000000000000000000000000000000000000000000000000000000000000000000000000000000000000000000000000000000000000000000000000000000000000000000000000000000000000000000000000000000000000000
310
000000000000000000000000000000000000000000000000000000000000000000000000000000000000000000000000F500000000000000000000000000F5F5000000F5F5F5000000000000000000F50000000000000000000000000000000000000000000000000000000000000000000000000000000000000000000000
310
00000000000000000000000000000000000000000000000000000000000000000000000000000000000000000000000000000000000000000000000000000000000000000000000000000000000000000000000000000000000000000000000000000000000000000000000000000000000000000000000000000000000000
310
0000000000000000000000000000000000000000000000000000000000000000000000000000000000000000000000000000F500000000000000000000000000F500F5F5F5F5F5F5000000000000000000F5000000000000000000000000000000000000000000000000000000000000000000000000000000000000000000
310
00000000000000000000000000000000000000000000000000000000000000000000000000000000000000000000000000000000000000000000000000000000000000000000000000000000000000000000000000000000000000000000000000000000000000000000000000000000000000000000000000000000000000
310
00000000000000000000000000000000000000000000000000000000000000000000000000000000000000000000000000000000F50000000000000000000000000000F500F5F50000F5000000000000000000F500000000000000000000000000000000000000000000000000000000000000000000000000000000000000
310
00000000000000000000000000000000000000000000000000000000000000000000000000000000000000000000000000000000000000000000000000000000000000000000000000000000000000000000000000000000000000000000000000000000000000000000000000000000000000000000000000000000000000
310
000000000000000000000000000000000000000000000000000000000000000000000000000000000000000000000000000000000000F50000000000000000000000000000F500F5F50000F5000000000000000000F50000000000000000000000000000000000000000000000000000000000000000000000000000000000
310
00000000000000000000000000000000000000000000000000000000000000000000000000000000000000000000000000000000000000000000000000000000000000000000000000000000000000000000000000000000000000000000000000000000000000000000000000000000000000000000000000000000000000
310
0000000000000000000000000000000000000000000000000000000000000000000000000000000000000000000000000000000000000000F50000000000000000000000000000F5F500F5F5F5F5000000000000000000F5000000000000000000000000000000000000000000000000000000000000000000000000000000
310
00000000000000000000000000000000000000000000000000000000000000000000000000000000000000000000000000000000000000000000000000000000000000000000000000000000000000000000000000000000000000000000000000000000000000000000000000000000000000000000000000000000000000
310
00000000000000000000000000000000000000000000000000000000000000000000000000000000000000000000000000000000000000000000F50000000000000000000000000000F500F500F5F5F5000000000000000000F500000000000000000000000000000000000000000000000000000000000000000000000000
310
00000000000000000000000000000000000000000000000000000000000000000000000000000000000000000000000000000000000000000000000000000000000000000000000000000000000000000000000000000000000000000000000000000000000000000000000000000000000000000000000000000000000000
310
000000000000000000000000000000000000000000000000000000000000000000000000000000000000000000000000000000000000000000000000F50000000000000000000000000000F5F500F500F5F5000000000000000000F50000000000000000000000000000000000000000000000000000000000000000000000
310
00000000000000000000000000000000000000000000000000000000000000000000000000000000000000000000000000000000000000000000000000000000000000000000000000000000000000000000000000000000000000000000000000000000000000000000000000000000000000000000000000000000000000
310
0000000000000000000000000000000000000000000000000000000000000000000000000000000000000000000000000000000000000000000000000000F5000000000000000000000000000000F5F500F5F500000000000000000000F5000000000000000000000000000000000000000000000000000000000000000000
310
00000000000000000000000000000000000000000000000000000000000000000000000000000000000000000000000000000000000000000000000000000000000000000000000000000000000000000000000000000000000000000000000000000000000000000000000000000000000000000000000000000000000000
310
00000000000000000000000000000000000000000000000000000000000000000000000000000000000000000000000000000000000000000000000000000000F500000000000000000000000000000000F5F5F5F500000000000000000000F500000000000000000000000000000000000000000000000000000000000000
310
00000000000000000000000000000000000000000000000000000000000000000000000000000000000000000000000000000000000000000000000000000000000000000000000000000000000000000000000000000000000000000000000000000000000000000000000000000000000000000000000000000000000000
310
000000000000000000000000000000000000000000000000000000000000000000000000000000000000000000000000000000000000000000000000000000000000F5000000000000000000000000000000000000000000000000000000000000F50000000000000000000000000000000000000000000000000000000000
310
00000000000000000000000000000000000000000000000000000000000000000000000000000000000000000000000000000000000000000000000000000000000000000000000000000000000000000000000000000000000000000000000000000000000000000000000000000000000000000000000000000000000000
310
0000000000000000000000000000000000000000000000000000000000000000000000000000000000000000000000000000000000000000000000000000000000000000F5000000000000000000000000000000000000000000000000000000000000F5000000000000000000000000000000000000000000000000000000
310
00000000000000000000000000000000000000000000000000000000000000000000000000000000000000000000000000000000000000000000000000000000000000000000000000000000000000000000000000000000000000000000000000000000000000000000000000000000000000000000000000000000000000
310
00000000000000000000000000000000000000000000000000000000000000000000000000000000000000000000000000000000000000000000000000000000000000000000F5000000000000000000000000000000000000000000000000000000000000F500000000000000000000000000000000000000000000000000
310
00000000000000000000000000000000000000000000000000000000000000000000000000000000000000000000000000000000000000000000000000000000000000000000000000000000000000000000000000000000000000000000000000000000000000000000000000000000000000000000000000000000000000
310
000000000000000000000000000000000000000000000000000000000000000000000000000000000000000000000000000000000000000000000000000000000000000000000000F500000000000000000000000000F5F5F5F5F5F50000000000000000000000F50000000000000000000000000000000000000000000000
310
00000000000000000000000000000000000000000000000000000000000000000000000000000000000000000000000000000000000000000000000000000000000000000000000000000000000000000000000000000000000000000000000000000000000000000000000000000000000000000000000000000000000000
310
0000000000000000000000000000000000000000000000000000000000000000000000000000000000000000000000000000000000000000000000000000000000000000000000000000F5000000000000000000000000F5F5F500F500F50000000000000000000000F5000000000000000000000000000000000000000000
310
00000000000000000000000000000000000000000000000000000000000000000000000000000000000000000000000000000000000000000000000000000000000000000000000000000000000000000000000000000000000000000000000000000000000000000000000000000000000000000000000000000000000000
310
00000000000000000000000000000000000000000000000000000000000000000000000000000000000000000000000000000000000000000000000000000000000000000000000000000000F500000000000000002D2D2D2DF5F5F5F5F5F5F52D2D2D00002D2D2D000000F500000000000000000000000000000000000000
310
00000000000000000000000000000000000000000000000000000000000000000000000000000000000000000000000000000000000000000000000000000000000000000000000000000000000000000000000000000000000000000000000000000000000000000000000000000000000000000000000000000000000000
310
000000000000000000000000000000000000000000000000000000000000000000000000000000000000000000000000000000000000000000000000000000000000000000000000000000000000F500000000000000002D2D2D2DF5F5F5F5F5F5F52D2D2D00002D2D2D000000F50000000000000000000000000000000000
310
00000000000000000000000000000000000000000000000000000000000000000000000000000000000000000000000000000000000000000000000000000000000000000000000000000000000000000000000000000000000000000000000000000000000000000000000000000000000000000000000000000000000000
310
0000000000000000000000000000000000000000000000000000000000000000000000000000000000000000000000000000000000000000000000000000000000000000000000000000000000000000F5000000000000000000000000F5F5F5F5F5F5F50000000000000000000000F5000000000000000000000000000000
310
00000000000000000000000000000000000000000000000000000000000000000000000000000000000000000000000000000000000000000000000000000000000000000000000000000000000000000000000000000000000000000000000000000000000000000000000000000000000000000000000000000000000000
310
00000000000000000000000000000000000000000000000000000000000000000000000000000000000000000000000000000000000000000000000000000000000000000000000000000000000000000000F500000000000000000000000000F5F5F5F5F5000000000000000000000000F500000000000000000000000000
310
00000000000000000000000000000000000000000000000000000000000000000000000000000000000000000000000000000000000000000000000000000000000000000000000000000000000000000000000000000000000000000000000000000000000000000000000000000000000000000000000000000000000000
310
000000000000000000000000000000000000000000000000000000000000000000000000000000000000000000000000000000000000000000000000000000000000000000000000000000000000000000000000F5F5F5F5F5F5F5F5F5F5F5F5F5F5F5F5F5F5F5F5F5F5F5F5F5F5F5F5F5F5F5F50000000000000000000000
310
00000000000000000000000000000000000000000000000000000000000000000000000000000000000000000000000000000000000000000000000000000000000000000000000000000000000000000000000000000000000000000000000000000000000000000000000000000000000000000000000000000000000000
310
0000000000000000000000000000000000000000000000000000000000000000000000000000000000000000000000000000000000000000000000000000000000000000000000000000000000000000000000000000F500F50000000000000000000000000000000000000000000000000000F500F5000000000000000000
310
00000000000000000000000000000000000000000000000000000000000000000000000000000000000000000000000000000000000000000000000000000000000000000000000000000000000000000000000000000000000000000000000000000000000000000000000000000000000000000000000000000000000000
310
00000000000000000000000000000000000000000000000000000000000000000000000000000000000000000000000000000000000000000000000000000000000000000000000000000000000000000000000000000000F5F500000000000000000000000000000000000000000000000000000000F5F500000000000000
310
00000000000000000000000000000000000000000000000000000000000000000000000000000000000000000000000000000000000000000000000000000000000000000000000000000000000000000000000000000000000000000000000000000000000000000000000000000000000000000000000000000000000000
310
000000000000000000000000000000000000000000000000000000000000000000000000000000000000000000000000000000000000000000000000000000000000000000000000000000000000000000000000000000000000F5000000000000000000000000000000000000000000000000000000000000F50000000000
310
00000000000000000000000000000000000000000000000000000000000000000000000000000000000000000000000000000000000000000000000000000000000000000000000000000000000000000000000000000000000000000000000000000000000000000000000000000000000000000000000000000000000000
310
0000000000000000000000000000000000000000000000000000000000000000000000000000000000000000000000000000000000000000000000000000000000000000000000000000000000000000000000000000000000000000F5000000000000000000000000000000000000000000000000000000000000F5000000
310
00000000000000000000000000000000000000000000000000000000000000000000000000000000000000000000000000000000000000000000000000000000000000000000000000000000000000000000000000000000000000000000000000000000000000000000000000000000000000000000000000000000000000
310
00000000000000000000000000000000000000000000000000000000000000000000000000000000000000000000000000000000000000000000000000000000000000000000000000000000000000000000000000000000000000000000F5000000000000000000000000000000000000000000000000000000000000F500
310
00000000000000000000000000000000000000000000000000000000000000000000000000000000000000000000000000000000000000000000000000000000000000000000000000000000000000000000000000000000000000000000000000000000000000000000000000000000000000000000000000000000000000
310
000000000000000000000000000000000000000000000000000000000000000000000000000000000000000000000000000000000000000000000000000000000000000000000000000000000000000000000000000000000000000000000000F5000000000000000000000000000000000000000000000000000000000000
310
F5000000000000000000000000000000000000000000000000000000000000000000000000000000000000000000000000000000000000000000000000000000000000000000000000000000000000000000000000000000000000000000000000000000000000000000000000000000000000000000000000000000000000
310
0000000000000000000000000000000000000000000000000000000000000000000000000000000000000000000000000000000000000000000000000000000000000000000000000000000000000000000000000000000000000000000000000000F500000000000000000000000000000000000000000000000000000000
310
0000F500000000000000000000000000000000000000000000000000000000000000000000000000000000000000000000000000000000000000000000000000000000000000000000000000000000000000000000000000000000000000000000000000000000000000000000000000000000000000000000000000000000
310
00000000000000000000000000000000000000000000000000000000000000000000000000000000000000000000000000000000000000000000000000000000000000000000000000000000000000000000000000000000000000000000000000000000F50000000000000000000000000000000000000000000000000000
310
00000000F50000000000000000000000000000000000000000000000000000000000000000000000000000000000000000000000000000000000000000000000000000000000000000000000000000000000000000000000000000000000000000000000000000000000000000000000000000000000000000000000000000
310
000000000000000000000000000000000000000000000000000000000000000000000000000000000000000000000000000000000000000000000000000000000000000000000000000000000000000000000000000000000000000000000000000000000000F5000000000000000000000000000000000000000000000000
310
000000000000F5000000000000000000000000000000000000000000000000000000000000000000000000000000000000000000000000000000000000000000000000000000000000000000000000000000000000000000000000000000000000000000000000000000000000000000000000000000000000000000000000
310
0000000000000000000000000000000000000000000000000000000000000000000000000000000000000000000000000000000000000000000000000000000000000000000000000000000000000000000000000000000000000000000000000000000000000000F500000000000000000000000000000000000000000000
310
0000000000000000F500000000000000000000000000000000000000000000000000000000000000000000000000000000000000000000000000000000000000000000000000000000000000000000000000000000000000000000000000000000000000000000000000000000000000000000000000000000000000000000
310
00000000000000000000000000000000000000000000000000000000000000000000000000000000000000000000000000000000000000000000000000000000000000000000000000000000000000000000000000000000000000000000000000000000000000000000F50000000000000000000000000000000000000000
310
00000000000000000000F50000000000000000000000000000000000000000000000000000000000000000000000000000000000000000000000000000000000000000000000000000000000000000000000000000000000000000000000000000000000000000000000000000000000000000000000000000000000000000
310
000000000000000000000000000000000000000000000000000000000000000000000000000000000000000000000000000000000000000000000000000000000000000000000000000000000000000000000000000000000000000000000000000000000000000000000000F5000000000000000000000000000000000000
310
000000000000000000000000F5000000000000000000000000000000000000000000000000000000000000000000000000000000000000000000000000000000000000000000000000000000000000000000000000000000000000000000000000000000000000000000000000000000000000000000000000000000000000
310
0000000000000000000000000000000000000000000000000000000000000000000000000000000000000000000000000000000000000000000000000000000000000000000000000000000000000000000000000000000000000000000000000000000000000000000000000000F500000000000000000000000000000000
310
0000000000000000000000000000F500000000000000000000000000000000000000000000000000000000000000000000000000000000000000000000000000000000000000000000000000000000000000000000000000000000000000000000000000000000000000000000000000000000000000000000000000000000
310
00000000000000000000000000000000000000000000000000000000000000000000000000000000000000000000000000000000000000000000000000000000000000000000000000000000000000000000000000000000000000000000000000000000000000000000000000000000F50000000000000000000000000000
310
00000000000000000000000000000000F50000000000000000000000000000000000000000000000000000000000000000000000000000000000000000000000000000000000000000000000000000000000000000000000000000000000000000000000000000000000000000000000000000000000000000000000000000
310
000000000000000000000000000000000000000000000000000000000000000000000000000000000000000000000000000000000000000000000000000000000000000000000000000000000000000000000000000000000000000000000000000000000000000000000000000000000000F5000000000000000000000000
310
000000000000000000000000000000000000F5000000000000000000000000000000000000000000000000000000000000000000000000000000000000000000000000000000000000000000000000000000000000000000000000000000000000000000000000000000000000000000000000000000000000000000000000
310
0000000000000000000000000000000000000000000000000000000000000000000000000000000000000000000000000000000000000000000000000000000000000000000000000000000000000000000000000000000000000000000000000000000000000000000000000000000000000000F500000000000000000000
310
0000000000000000000000000000000000000000F500000000000000000000000000000000000000000000000000000000000000000000000000000000000000000000000000000000000000000000000000000000000000000000000000000000000000000000000000000000000000000000000000000000000000000000
310
00000000000000000000000000000000000000000000000000000000000000000000000000000000000000000000000000000000000000000000000000000000000000000000000000000000000000000000000000000000000000000000000000000000000000000000000000000000000000000000F50000000000000000
310
00000000000000000000000000000000000000000000F50000000000000000000000000000000000000000000000000000000000000000000000000000000000000000000000000000000000000000000000000000000000000000000000000000000000000000000000000000000000000000000000000000000000000000
310
000000000000000000000000000000000000000000000000000000000000000000000000000000000000000000000000000000000000000000000000000000000000000000000000000000000000000000000000000000000000000000000000000000000000000000000000000000000000000000000000F5000000000000
310
000000000000000000000000000000000000000000000000F5000000000000000000000000000000000000000000000000000000000000000000000000000000000000000000000000000000000000000000000000000000000000000000000000000000000000000000000000000000000000000000000000000000000000
310
0000000000000000000000000000000000000000000000000000000000000000000000000000000000000000000000000000000000000000000000000000000000000000000000000000000000000000000000000000000000000000000000000000000000000000000000000000000000000000000000000000F500000000
310
0000000000000000000000000000000000000000000000000000F500000000000000000000000000000000000000000000000000000000000000000000000000000000000000000000000000000000000000000000000000000000000000000000000000000000000000000000000000000000000000000000000000000000
310
00000000000000000000000000000000000000000000000000000000000000000000000000000000000000000000000000000000000000000000000000000000000000000000000000000000000000000000000000000000000000000000000000000000000000000000000000000000000000000000000000000000F50000
310
00000000000000000000000000000000000000000000000000000000F50000000000000000000000000000000000000000000000000000000000000000000000000000000000000000000000000000000000000000000000000000000000000000000000000000000000000000000000000000000000000000000000000000
310
000000000000000000000000000000000000000000000000000000000000000000000000000000000000000000000000000000000000000000000000000000000000000000000000000000000000000000000000000000000000000000000000000000000000000000000000000000000000000000000000000000000000F5
310
000000000000000000000000000000000000000000000000000000000000F5000000000000000000000000000000000000000000000000000000000000000000000000000000000000000000000000000000000000000000000000000000000000000000000000000000000000000000000000000000000000000000000000
310
00000000000000000000000000000000000000000000000000000000000000000000000000000000000000000000000000000000000000000000000000000000000000000000000000000000000000000000000000000000000000000000000000000000000000000000000000000000000000000000000000000000000000
310
00F5F500000000000000000000000000000000000000000000000000000000F5F500000000000000000000000000000000000000000000000000000000000000000000000000000000000000000000000000000000000000000000000000000000000000000000000000000000000000000000000000000000000000000000
310
00000000000000000000000000000000000000000000000000000000000000000000000000000000000000000000000000000000000000000000000000000000000000000000000000000000000000000000000000000000000000000000000000000000000000000000000000000000000000000000000000000000000000
310
000000F500F50000000000000000000000000000000000000000000000000000F500F50000000000000000000000000000000000000000000000000000000000000000000000000000000000000000000000000000000000000000000000000000000000000000000000000000000000000000000000000000000000000000
310
00000000000000000000000000000000000000000000000000000000000000000000000000000000000000000000000000000000000000000000000000000000000000000000000000000000000000000000000000000000000000000000000000000000000000000000000000000000000000000000000000000000000000
310
0000000000F5F5F5F5F5F5F5F5F5F5F5F5F5F5F5F5F5F5F5F5F5F5F5F5F5F5F5F5F5F5F5F5000000000000000000000000000000000000000000000000000000000000000000000000000000000000000000000000000000000000000000000000000000000000000000000000000000000000000000000000000000000000
310
00000000000000000000000000000000000000000000000000000000000000000000000000000000000000000000000000000000000000000000000000000000000000000000000000000000000000000000000000000000000000000000000000000000000000000000000000000000000000000000000000000000000000
310
00000000000000F5F5F5F5F5F5F5F5F5F5F5F5F5F5F5F5F5F5F5F5F5F5F5F5F5F5F5F5F5F5F5F500000000000000000000000000000000000000000000000000000000000000000000000000000000000000000000000000000000000000000000000000000000000000000000000000000000000000000000000000000000
310
00000000000000000000000000000000000000000000000000000000000000000000000000000000000000000000000000000000000000000000000000000000000000000000000000000000000000000000000000000000000000000000000000000000000000000000000000000000000000000000000000000000000000
310
000000000000000000F5000000000000002D2D2D2D2D2D2D2D2D2D002D2D2D2D2D00000000000000F50000000000000000000000000000000000000000000000000000000000000000000000000000000000000000000000000000000000000000000000000000000000000000000000000000000000000000000000000000
310
00000000000000000000000000000000000000000000000000000000000000000000000000000000000000000000000000000000000000000000000000000000000000000000000000000000000000000000000000000000000000000000000000000000000000000000000000000000000000000000000000000000000000
310
0000000000000000000000F5000000000000002D2D2D2D2D2D2D2D2D2D2D2D2D2D2D2D00000000000000F5000000000000000000000000000000000000000000000000000000000000000000000000000000000000000000000000000000000000000000000000000000000000000000000000000000000000000000000000
310
00000000000000000000000000000000000000000000000000000000000000000000000000000000000000000000000000000000000000000000000000000000000000000000000000000000000000000000000000000000000000000000000000000000000000000000000000000000000000000000000000000000000000
310
00000000000000000000000000F5000000000000002D2D2D2D2D2D2D2D2D2D2D2D2D2D2D2D00000000000000F500000000000000000000000000000000000000000000000000000000000000000000000000000000000000000000000000000000000000000000000000000000000000000000000000000000000000000000
310
00000000000000000000000000000000000000000000000000000000000000000000000000000000000000000000000000000000000000000000000000000000000000000000000000000000000000000000000000000000000000000000000000000000000000000000000000000000000000000000000000000000000000
310
000000000000000000000000000000F5F5F5F5F5F5F5F5F5F5F5F5F5F5F5F5F5F5F5F5F5F5F5F5F5F5F5F5F5F5F5F50000000000000000000000000000000000000000000000000000000000000000000000000000000000000000000000000000000000000000000000000000000000000000000000000000000000000000
310
00000000000000000000000000000000000000000000000000000000000000000000000000000000000000000000000000000000000000000000000000000000000000000000000000000000000000000000000000000000000000000000000000000000000000000000000000000000000000000000000000000000000000
310
0000000000000000000000000000000000F5000000000000000000000000000000000000000000000000000000000000F5000000000000000000000000000000000000000000000000000000000000000000000000000000000000000000000000000000000000000000000000000000000000000000000000000000000000
310
00000000000000000000000000000000000000000000000000000000000000000000000000000000000000000000000000000000000000000000000000000000000000000000000000000000000000000000000000000000000000000000000000000000000000000000000000000000000000000000000000000000000000
310
00000000000000000000000000000000000000F5F5F5F5F5F5F5F5F5F5F5F5F5F5F5F5F5F5F5F5F5F5F5F5F5F5F5F5F5F5F5F500000000000000000000000000000000000000000000000000000000000000000000000000000000000000000000000000000000000000000000000000000000000000000000000000000000
310
00000000000000000000000000000000000000000000000000000000000000000000000000000000000000000000000000000000000000000000000000000000000000000000000000000000000000000000000000000000000000000000000000000000000000000000000000000000000000000000000000000000000000
310
000000000000000000000000000000000000000000F5F5F5F5F5F5F5F5F5F5F5F5F5F500F5F500F5F5F5F5F5F5F5F5F5F5F5F5F5F50000000000000000000000000000000000000000000000000000000000000000000000000000000000000000000000000000000000000000000000000000000000000000000000000000
310
00000000000000000000000000000000000000000000000000000000000000000000000000000000000000000000000000000000000000000000000000000000000000000000000000000000000000000000000000000000000000000000000000000000000000000000000000000000000000000000000000000000000000
310
0000000000000000000000000000000000000000000000F500F50000F500F50000F50000F5F5F5F5F5F50000F50000F500F50000F500F5000000000000000000000000000000000000000000000000000000000000000000000000000000000000000000000000000000000000000000000000000000000000000000000000
310
00000000000000000000000000000000000000000000000000000000000000000000000000000000000000000000000000000000000000000000000000000000000000000000000000000000000000000000000000000000000000000000000000000000000000000000000000000000000000000000000000000000000000
310
00000000000000000000000000000000000000000000000000F500F50000F500F50000F5000000F5F5F5F5F50000F50000F500F50000F500F500000000000000000000000000000000000000000000000000000000000000000000000000000000000000000000000000000000000000000000000000000000000000000000
310
00000000000000000000000000000000000000000000000000000000000000000000000000000000000000000000000000000000000000000000000000000000000000000000000000000000000000000000000000000000000000000000000000000000000000000000000000000000000000000000000000000000000000
310
000000000000000000000000000000000000000000000000000000F500F50000F500F50000F5000000F5F5F5F5000000F50000F500F50000F500F50000000000000000000000000000000000000000000000000000000000000000000000000000000000000000000000000000000000000000000000000000000000000000
310
00000000000000000000000000000000000000000000000000000000000000000000000000000000000000000000000000000000000000000000000000000000000000000000000000000000000000000000000000000000000000000000000000000000000000000000000000000000000000000000000000000000000000
310
0000000000000000000000000000000000000000000000000000000000F5F5F5F5F5F5F5F5F5F5F5F5F5F5F5F5F5F5F5F5F5F5F5F5F5F5F5F5F5F5F5F5000000000000000000000000000000000000000000000000000000000000000000000000000000000000000000000000000000000000000000000000000000000000
310
00000000000000000000000000000000000000000000000000000000000000000000000000000000000000000000000000000000000000000000000000000000000000000000000000000000000000000000000000000000000000000000000000000000000000000000000000000000000000000000000000000000000000
310
00000000000000000000000000000000000000000000000000000000000000F5F5F5F5F5F5F5F5F5F5F5F5F5F5F5F5F5F5F5F5F5F5F5F5F5F5F5F5F5F5F5F500000000000000000000000000000000000000000000000000000000000000000000000000000000000000000000000000000000000000000000000000000000
310
000000000000000000000000000000000000000000000000000000000000000000000000000000000000000000000000
  0
CELLSTYLEMAP
  5
A63
102
{ACAD_REACTORS
330
A62
102
}
330
A62
100
AcDbCellStyleMap
 90
        3
300
CELLSTYLE
  1
TABLEFORMAT_BEGIN
 90
        5
170
     1
 91
        0
 92
    32768
 62
   257
 93
        1
300
CONTENTFORMAT
  1
CONTENTFORMAT_BEGIN
 90
        0
 91
        0
 92
      512
 93
        0
300

 40
0.0
140
1.0
 94
        5
 62
     0
340
11
144
0.25
309
CONTENTFORMAT_END
171
     0
 94
        0
309
TABLEFORMAT_END
  1
CELLSTYLE_BEGIN
 90
        1
 91
        1
300
_TITLE
309
CELLSTYLE_END
300
CELLSTYLE
  1
TABLEFORMAT_BEGIN
 90
        5
170
     1
 91
        0
 92
        0
 62
   257
 93
        1
300
CONTENTFORMAT
  1
CONTENTFORMAT_BEGIN
 90
        0
 91
        0
 92
      512
 93
        0
300

 40
0.0
140
1.0
 94
        5
 62
     0
340
11
144
0.18
309
CONTENTFORMAT_END
171
     0
 94
        0
309
TABLEFORMAT_END
  1
CELLSTYLE_BEGIN
 90
        2
 91
        1
300
_HEADER
309
CELLSTYLE_END
300
CELLSTYLE
  1
TABLEFORMAT_BEGIN
 90
        5
170
     1
 91
        0
 92
        0
 62
   257
 93
        1
300
CONTENTFORMAT
  1
CONTENTFORMAT_BEGIN
 90
        0
 91
        0
 92
      512
 93
        0
300

 40
0.0
140
1.0
 94
        2
 62
     0
340
11
144
0.18
309
CONTENTFORMAT_END
171
     0
 94
        0
309
TABLEFORMAT_END
  1
CELLSTYLE_BEGIN
 90
        3
 91
        2
300
_DATA
309
CELLSTYLE_END
  0
ENDSEC
  0
SECTION
  2
THUMBNAILIMAGE
 90
    15232
310
28000000B80000004D0000000100080000000000583700000100000001000000000100000000000030282100FFFFFF52302821FF000000FF000000FF000000FF000000FF000000FF000000FF000000FF000000FF330000FF660000FF990000FFCC0000FFFF0000FF003300FF333300FF663300FF993300FFCC3300FFFF3300
310
FF006600FF336600FF666600FF996600FFCC6600FFFF6600FF009900FF339900FF669900FF999900FFCC9900FFFF9900FF00CC00FF33CC00FF66CC00FF99CC00FFCCCC00FFFFCC00FF00FF00FF33FF00FF66FF00FF99FF00FFCCFF00FFFFFF00FF000033FF330033FF660033FF990033FFCC0033FFFF0033FF003333FF3333
310
33FF663333FF993333FFCC3333FFFF3333FF006633FF336633FF666633FF996633FFCC6633FFFF6633FF009933FF339933FF669933FF999933FFCC9933FFFF9933FF00CC33FF33CC33FF66CC33FF99CC33FFCCCC33FFFFCC33FF00FF33FF33FF33FF66FF33FF99FF33FFCCFF33FFFFFF33FF000066FF330066FF660066FF99
310
0066FFCC0066FFFF0066FF003366FF333366FF663366FF993366FFCC3366FFFF3366FF006666FF336666FF666666FF996666FFCC6666FFFF6666FF009966FF339966FF669966FF999966FFCC9966FFFF9966FF00CC66FF33CC66FF66CC66FF99CC66FFCCCC66FFFFCC66FF00FF66FF33FF66FF66FF66FF99FF66FFCCFF66FF
310
FFFF66FF000099FF330099FF660099FF990099FFCC0099FFFF0099FF003399FF333399FF663399FF993399FFCC3399FFFF3399FF006699FF336699FF666699FF996699FFCC6699FFFF6699FF009999FF339999FF669999FF999999FFCC9999FFFF9999FF00CC99FF33CC99FF66CC99FF99CC99FFCCCC99FFFFCC99FF00FF99
310
FF33FF99FF66FF99FF99FF99FFCCFF99FFFFFF99FF0000CCFF3300CCFF6600CCFF9900CCFFCC00CCFFFF00CCFF0033CCFF3333CCFF6633CCFF9933CCFFCC33CCFFFF33CCFF0066CCFF3366CCFF6666CCFF9966CCFFCC66CCFFFF66CCFF0099CCFF3399CCFF6699CCFF9999CCFFCC99CCFFFF99CCFF00CCCCFF33CCCCFF66CC
310
CCFF99CCCCFFCCCCCCFFFFCCCCFF00FFCCFF33FFCCFF66FFCCFF99FFCCFFCCFFCCFFFFFFCCFF0000FFFF3300FFFF6600FFFF9900FFFFCC00FFFFFF00FFFF0033FFFF3333FFFF6633FFFF9933FFFFCC33FFFFFF33FFFF0066FFFF3366FFFF6666FFFF9966FFFFCC66FFFFFF66FFFF0099FFFF3399FFFF6699FFFF9999FFFFCC
310
99FFFFFF99FFFF00CCFFFF33CCFFFF66CCFFFF99CCFFFFCCCCFFFFFFCCFFFF00FFFFFF33FFFFFF66FFFFFF99FFFFFFCCFFFFFFFFFFFFFF000000FF0D0D0DFF1A1A1AFF282828FF353535FF434343FF505050FF5D5D5DFF6B6B6BFF787878FF868686FF939393FFA1A1A1FFAEAEAEFFBBBBBBFFC9C9C9FFD6D6D6FFE4E4E4FF
310
F1F1F1FFFFFFFFFF000000FF000000FF000000FF000000FF000000FF000000FF000000FF000000FF000000FF000000FF00000000000000000000000000000000000000000000000000000000000000000000000000000000000000000000000000000000000000000000000000000000000000000000000000000000000000
310
00000000000000000000000000000000000000000000000000000000000000000000000000000000000000000000000000000000000000000000000000000000000000000000000000000000000000000000000000000000000000000000000000000000000000000000000000000000000000000000000000000000000000
310
00000000000000000000000000000000000000000000000000000000000000000000000000000000000000000000000000000000000000000000000000000000000000000000000000000000000000000000000000000000000000000000000000000000000000000000000000000000000000000000000000000000000000
310
00000000000000000000000000000000000000000000000000000000000000000000000000000000000000000000000000000000000000000000000000000000000000000000000000000000000000000000000000000000000000000000000000000000000000000000000000000000000000000000000000000000000000
310
00000000000000000000000000000000000000000000000000000000000000000000000000000000000000000000000000000000000000000000000000000000000000000000000000000000000000000000000000000000000000000000000000000000000000000000000000000000000000000000000000000000000000
310
00000000000000000000000000000000000000000000000000000000000000000000000000000000000000000000000000000000000000000000000000000000000000000000000000000000000000000000000000000000000000000000000000000000000000000000000000000000000000000000000000000000000000
310
00000000000000000000000000000000000000000000000000000000000000000000000000000000000000000000000000000000000000000000000000000000000000000000000000000000000000000000000000000000000000000000000000000000000000000000000000000000000000000000000000000000000000
310
00000000000000000000000000000000000000000000000000000000000000000000000000000000000000000000000000000000000000000000000000000000000000000000000000000000000000000000000000000000000000000000000000000000000000000000000000000000000000000000000000000000000000
310
00000000000000000000000000000000000000000000000000000000000000000000000000000000000000000000000000000000000000000000000000000000000000000000000000000000000000000000000000000000000000000000000000000000000000000000000000000000000000000000000000000000000000
310
00000000000000000000000000000000000000000000000000000000000000000000000000000000000000000000000000000000000000000000000000000000000000000000000000000000000000000000000000000000000000000000000000000000000000000000000000000000000000000000000000000000000000
310
00000000000000000000000000000000000000000000000000000000000000000000000000000000000000000000000000000000000000000000000000000000000000000000000000000000000000000000000000000000000000000000000000000000000000000000000000000000000000000000000000000000000000
310
00000000000000000000000000000000000000000000000000000000000000000000000000000000000000000000000000000000000000000000000000000000000000000000000000000000000000000000000000000000000000000000000000000000000000000000000000000000000000000000000000000000000000
310
00000000000000000000000000000000000000000000000000000000000000000000000000000000000000000000000000000000000000000000000000000000000000000000000000000000000000000000000000000000000000000000000000000000000000000000000000000000000000000000000000000000000000
310
00000000000000000000000000000000000000000000000000000000000000000000000000000000000000000000000000000000000000000000000000000000000000000000000000000000000000000000000000000000000000000000000000000000000000000000000000000000000000000000000000000000000000
310
00000000000000000000000000000000000000000000000000000000000000000000000000000000000000000000000000000000000000000000000000000000000000000000000000000000000000000000000000000000000000000000000000000000000000000000000000000000000000000000000000000000000000
310
00000000000000000000000000000000000000000000000000000000000000000000000000000000000000000000000000000000000000000000000000000000000000000000000000000000000000000000000000000000000000000000000000000000000000000000000000000000000000000000000000000000000000
310
00000000000000000000000000000000000000000000000000000000000000000000000000000000000000000000000000000000000000000000000000000000000000000000000000000000000000000000000000000000000000000000000000000000000000000000000000000000000000000000000000000000000000
310
00000000000000000000000000000000000000000000000000000000000000000000000000000000000000000000000000000000000000000000000000000000000000000000000000000000000000000000000000000000000000000000000000000000000000000000000000000000000000000000000000000000000000
310
00000000000000000000000000000000000000000000000000000000000000000000000000000000000000000000000000000000000000000000000000000000000000000000000000000000000000000000000000000000000000000000000000000000000000000000000000000000000000000000000000000000000000
310
00000000000000000000000000000000000000000000000000000000000000000000000000000000000000000000000000000000000000000000000000000000000000000000000000000000000000000000000000000000000000000000000000000000000000000000000000000000000000000000000000000000000000
310
00000000000000000000000000000000000000000000000000000000000000000000000000000000000000000000000000000000000000000000000000000000000000000000000000000000000000000000000000000000000000000000000000000000000000000000000000000000000000000000000000000000000000
310
00000000000000000000000000000000000000000000000000000000000000000000000000000000000000000000000000000000000000000000000000000000000000000000000000000000000000000000000000000000000000000000000000000000000000000000000000000000000000000000000000000000000000
310
00000000000000000000000000000000000000000000000000000000000000000000000000000000000000000000000000000000000000000000000000000000000000000000000000000000000000000000000000000000000000000000000000000000000000000000000000000000000000000000000000000000000000
310
00000000000000000000000000000000000000000000000000000000000000000000000000000000000000000000000000000000000000000000000000000000000000000000000000000000000000000000000000000000000000000000000000000000000000000000000000000000000000000000000000000000000000
310
00000000000000000000000000000000000000000000000000000000000000000000000000000000000000000000000000000000000000000000000000000000000000000000000000000000000000000000000000000000000000000000000000000000000000000000000000000000000000000000000000000000000000
310
00000000000000000000000000000000000000000000000000000000000000000000000000000000000000000000000000000000000000000000000000000000000000000000000000000000000000000000000000000000000000000000000000000000000000000000000000000000000000000000000000000000000000
310
00000000000000000000000000000000000000000000000000000000000000000000000000000000000000000000000000000000000000000000000000000000000000000000000000000000000000000000000000000000000000000000000000000000000000000000000000000000000000000000000000000000000000
310
00000000000000000000000000000000000000000000000000000000000000000000000000000000000000000000000000000000000000000000000000000000000000000000000000000000000000000000000000000000000000000000000000000000000000000000000000000000000000000000000000000000000000
310
00000000000000000000000000000000000000000000000000000000000000000000000000000000000000000000000000000000000000000000000000000000000000000000000000000000000000000000000000000000000000000000000000000000000000000000000000000000000000000000000000000000000000
310
00000000000000000000000000000000000000000000000000000000000000000000000000000000000000000000000000000000000000000000000000000000000000000000000000000000000000000000000000000000000000000000000000000000000000000000000000000000000000000000000000000000000000
310
00000000000000000000000000000000000000000000000000000000000000000000000000000000000000000000000000000000000000000000000000000000000000000000000000000000000000000000000000000000000000000000000000000000000000000000000000000000000000000000000000000000000000
310
00000000000000000000000000000000000000000000000000000000000000000000000000000000000000000000000000000000000000000000000000000000000000000000000000000000000000000000000000000000000000000000000000000000000000000000000000000000000000000000000000000000000000
310
00000000000000000000000000000000000000000000000000000000000000000000000000000000000000000000000000000000000000000000000000000000000000000000000000000000000000000000000000000000000000000000000000000000000000000000000000000000000000000000000000000000000000
310
00000000000000000000000000000000000000000000000000000000000000000000000000000000000000000000000000000000000000000000000000000000000000000000000000000000000000000000000000000000000000000000000000000000000000000000000000000000000000000000000000000000000000
310
00000000000000000000000000000000000000000000000000000000000000000000000000000000000000000000000000000000000000000000000000000000000000000000000000000000000000000000000000000000000000000000000000000000000000000000000000000000000000000000000000000000000000
310
00000000000000000000000000000000000000000000000000000000000000000000000000000000000000000000000000000000000000000000000000000000000000000000000000000000000000000000000000000000000000000000000000000000000000000000000000000000000000000000000000000000000000
310
00000000000000000000000000000000000000000000000000000000000000000000000000000000000000000000000000000000000000000000000000000000000000000000000000000000000000000000000000000000000000000000000000000000000000000000000000000000000000000000000000000000000000
310
00000000000000000000000000000000000000000000000000000000000000000000000000000000000000000000000000000000000000000000000000000000000000000000000000000000000000000000000000000000000000000000000000000000000000000000000000000000000000000000000000000000000000
310
00000000000000000000000000000000000000000000000000000000000000000000000000000000000000000000000000000000000000000000000000000000000000000000000000000000000000000000000000000000000000000000000000000000000000000000000000000000000000000000000000000000000000
310
00000000000000000000000000000000000000000000000000000000000000000000000000000000000000000000000000000000000000000000000000000000000000000000000000000000000000000000000000000000000000000000000000000000000000000000000000000000000000000000000000000000000000
310
00000000000000000000000000000000000000000000000000000000000000000000000000000000000000000000000000000000000000000000000000000000000000000000000000000000000000000000000000000000000000000000000000000000000000000000000000000000000000000000000000000000000000
310
00000000000000000000000000000000000000000000000000000000000000000000000000000000000000000000000000000000000000000000000000000000000000000000000000000000000000000000000000000000000000000000000000000000000000000000000000000000000000000000000000000000000000
310
00000000000000000000000000000000000000000000000000000000000000000000000000000000000000000000000000000000000000000000000000000000000000000000000000000000000000000000000000000000000000000000000000000000000000000000000000000000000000000000000000000000000000
310
00000000000000000000000000000000000000000000000000000000000000000000000000000000000000000000000000000000000000000000000000000000000000000000000000000000000000000000000000000000000000000000000000000000000000000000000000000000000000000000000000000000000000
310
00000000000000000000000000000000000000000000000000000000000000000000000000000000000000000000000000000000000000000000000000000000000000000000000000000000000000000000000000000000000000000000000000000000000000000000000000000000000000000000000000000000000000
310
00000000000000000000000000000000000000000000000000000000000000000000000000000000000000000000000000000000000000000000000000000000000000000000000000000000000000000000000000000000000000000000000000000000000000000000000000000000000000000000000000000000000000
310
00000000000000000000000000000000000000000000000000000000000000000000000000000000000000000000000000000000000000000000000000000000000000000000000000000000000000000000000000000000000000000000000000000000000000000000000000000000000000000000000000000000000000
310
00000000000000000000000000000000000000000000000000000000000000000000000000000000000000000000000000000000000000000000000000000000000000000000000000000000000000000000000000000000000000000000000000000000000000000000000000000000000000000000000000000000000000
310
00000000000000000000000000000000000000000000000000000000000000000000000000000000000000000000000000000000000000000000000000000000000000000000000000000000000000000000000000000000000000000000000000000000000000000000000000000000000000000000000000000000000000
310
00000000000000000000000000000000000000000000000000000000000000000000000000000000000000000000000000000000000000000000000000000000000000000000000000000000000000000000000000000000000000000000000000000000000000000000000000000000000000000000000000000000000000
310
00000000000000000000000000000000000000000000000000000000000000000000000000000000000000000000000000000000000000000000000000000000000000000000000000000000000000000000000000000000000000000000000000000000000000000000000000000000000000000000000000000000000000
310
00000000000000000000000000000000000000000000000000000000000000000000000000000000000000000000000000000000000000000000000000000000000000000000000000000000000000000000000000000000000000000000000000000000000000000000000000000000000000000000000000000000000000
310
00000000000000000000000000000000000000000000000000000000000000000000000000000000000000000000000000000000000000000000000000000000000000000000000000000000000000000000000000000000000000000000000000000000000000000000000000000000000000000000000000000000000000
310
000000000000F5F5F5F5F5F5F5F50000000000000000000000000000000000000000000000000000000000000000000000000000000000000000000000000000000000000000000000000000000000000000000000000000000000000000000000000000000000000000000000000000000000000000000000000000000000
310
0000000000000000000000000000000000000000000000000000000000000000000000000000000000000000000000000000000000000000000000000000F5F5F5F5F5F5F5F5F50000000000000000000000000000000000000000000000000000000000000000000000000000000000000000000000000000000000000000
310
0000000000000000000000000000000000000000000000000000000000000000000000000000000000000000000000000000000000000000000000000000000000000000000000000000000000000000000000000000000000000000000000000000000000000000000000000000000000000000000000F5000000F5F50000
310
F5000000000000000000000000000000000000000000000000000000000000000000000000000000000000000000000000000000000000000000000000000000000000000000000000000000000000000000000000000000000000000000000000000000000000000000000000000000000000000000000000000000000000
310
00000000000000000000000000000000000000000000000000000000000000000000000000000000000000000000000000F5F5F5F5F5F5F5F5F5000000000000000000000000000000000000000000000000000000000000000000000000000000000000000000000000000000000000000000000000000000000000000000
310
00000000000000000000000000000000000000000000000000000000000000000000000000000000000000000000000000000000000000000000000000000000000000000000000000000000000000000000000000000000000000000000000000000000000000000000F5000000F5F50000F5000000000000000000000000
310
00000000000000000000000000000000000000000000000000000000000000000000000000000000000000000000000000000000000000000000000000000000000000000000000000000000000000000000000000000000000000000000000000000000000000000000000000000000000000000000000000000000000000
310
000000000000000000000000000000000000000000000000000000000000000000000000F50000F5F5F5F500F500000000000000000000000000000000000000000000000000000000000000000000000000000000000000000000000000000000000000000000000000000000000000000000000000000000000000000000
310
000000000000000000000000000000000000000000000000000000000000000000000000000000000000000000000000000000000000000000000000000000000000000000000000000000000000000000000000000000000000000000F50000F5F5F52D2DF500000000000000000000000000000000000000000000000000
310
00000000000000000000000000000000000000000000000000000000000000000000000000000000000000000000000000000000000000000000000000000000000000000000000000000000000000000000000000000000000000000000000000000000000000000000000000000000000000000000000000000000000000
310
0000000000000000000000000000000000000000000000F50000F5F5F5F500F50000000000000000000000000000000000000000000000000000000000000000000000000000000000000000000000000000000000000000000000000000000000000000000000000000000000000000000000000000000000000000000000
310
0000000000000000000000000000000000000000000000000000000000000000000000000000000000000000000000000000000000000000000000000000000000000000000000000000000000000000F5000000F5F50000F50000000000000000000000000000000000000000000000000000000000000000000000000000
310
00000000000000000000000000000000000000000000000000000000000000000000000000000000000000000000000000000000000000000000000000000000000000000000000000000000000000000000000000000000000000000000000000000000000000000000000000000000000000000000000000000000000000
310
00000000000000000000F5000000F5F5F500F5000000000000000000000000000000000000000000000000000000000000000000000000000000000000000000000000000000000000000000000000000000000000000000000000000000000000000000000000000000000000000000000000000000000000000000000000
310
00000000000000000000000000000000000000000000000000000000000000000000000000000000000000000000000000000000000000000000000000000000000000F5000000F5F50000F5000000000000000000000000000000000000000000000000000000000000000000000000000000000000000000000000000000
310
00000000000000000000000000000000000000000000000000000000000000000000000000000000000000000000000000000000000000000000000000000000000000000000000000000000000000000000000000000000000000000000000000000000000000000000000000000000000000000000000000000000F50000
310
00F5F50000F500000000000000000000000000000000000000000000000000000000000000000000000000000000000000000000000000000000000000000000000000000000000000000000000000000000000000000000000000000000000000000000000000000000000000000000000000000000000000000000000000
310
000000000000000000000000000000000000000000000000000000000000000000000000000000000000000000000000000000000000F5000000F5F5F500F500000000000000000000000000000000000000000000000000000000000000000000000000000000000000000000000000000000000000000000000000000000
310
000000000000000000000000000000000000000000000000000000000000000000000000000000000000000000000000000000000000000000000000000000000000000000000000000000000000000000000000000000000000000000000000000000000000000000000000000000F50000F5F5F5F500F500000000000000
310
00000000000000000000000000000000000000000000000000000000000000000000000000000000000000000000000000000000000000000000000000000000000000000000000000000000000000000000000000000000000000000000000000000000000000000000000000000000000000000000000000000000000000
310
0000000000000000000000000000000000000000000000000000000000000000000000000000000000F50000F5F5F52D2DF50000000000000000000000000000000000000000000000000000000000000000000000000000000000000000000000000000000000000000000000000000000000000000000000000000000000
310
0000000000000000000000000000000000000000000000000000000000000000000000000000000000000000000000000000000000000000000000000000000000000000000000000000000000000000000000000000000000000000000000000000F50000F5F5F5F500F50000000000000000000000000000000000000000
310
00000000000000000000000000000000000000000000000000000000000000000000000000000000000000000000000000000000000000000000000000000000000000000000000000000000000000000000000000000000000000000000000000000000000000000000000000000000000000000000000000000000000000
310
00000000000000000000000000000000000000000000000000000000F50000F5F5F50000F5000000000000000000000000000000000000000000000000000000000000000000000000000000000000000000000000000000000000000000000000000000000000000000000000000000000000000000000000000000000000
310
00000000000000000000000000000000000000000000000000000000000000000000000000000000000000000000000000000000000000000000000000000000000000000000000000000000000000000000000000F5000000F5F5F500F5000000000000000000000000000000000000000000000000000000000000000000
310
00000000000000000000000000000000000000000000000000000000000000000000000000000000000000000000000000000000000000000000000000000000000000000000000000000000000000000000000000000000000000000000000000000000000000000000000000000000000000000000000000000000000000
310
000000000000000000000000000000F5000000F5F50000F500000000000000000000000000000000000000000000000000000000000000000000000000000000000000000000000000000000000000000000000000000000000000000000000000000000000000000000000000000000000000000000000000000000000000
310
000000000000000000000000000000000000000000000000000000000000000000000000000000000000000000000000000000000000000000000000000000000000000000000000F500002DF5F52D2DF500000000000000000000000000000000000000000000000000000000000000000000000000000000000000000000
310
00000000000000000000000000000000000000000000000000000000000000000000000000000000000000000000000000000000000000000000000000000000000000000000000000000000000000000000000000000000000000000000000000000000000000000000000000000000000000000000000000000000000000
310
0000F5F5F5F5F5F5F5F5F50000000000000000000000000000000000000000000000000000000000000000000000000000000000000000000000000000000000000000000000000000000000000000000000000000000000000000000000000000000000000000000000000000000000000000000000000000000000000000
310
0000000000000000000000000000000000000000000000000000000000000000000000000000000000000000000000000000000000000000000000F500000000000000F50000000000000000000000000000000000000000000000000000000000000000000000000000000000000000000000000000000000000000000000
310
0000000000000000000000000000000000000000000000000000000000000000000000000000000000000000000000000000000000000000000000000000000000000000000000000000000000000000000000000000000000000000000000000000000000000000000000000000000000000000F500000000000000F50000
310
00000000000000000000000000000000000000000000000000000000000000000000000000000000000000000000000000000000000000000000000000000000000000000000000000000000000000000000000000000000000000000000000000000000000000000000000000000000000000000000000000000000000000
310
00000000000000000000000000000000000000000000000000000000000000000000000000000000000000000000F500000000000000F5000000000000000000000000000000000000000000000000000000000000000000000000000000000000000000000000000000000000000000000000000000000000000000000000
310
00000000000000000000000000000000000000000000000000000000000000000000000000000000000000000000000000000000000000000000000000000000000000000000000000000000000000000000000000000000000000000000000000000000000000F500000000000000F5000000000000000000000000000000
310
00000000000000000000000000000000000000000000000000000000000000000000000000000000000000000000000000000000000000000000000000000000000000000000000000000000000000000000000000000000000000000000000000000000000000000000000000000000000000000000000000000000000000
310
000000000000000000000000000000000000000000000000000000000000000000F5F5F5F5F5F5F5F5F500000000000000000000000000000000000000000000000000000000000000000000000000000000000000000000000000000000000000000000000000000000000000000000000000000000000000000000000000
310
000000000000000000000000000000000000000000000000000000000000000000000000000000000000000000000000000000000000000000000000000000000000000000000000000000000000000000000000000000000000F5F52D2DF52D2DF5F500000000000000000000000000000000000000000000000000000000
310
00000000000000000000000000000000000000000000000000000000000000000000000000000000000000000000000000000000000000000000000000000000000000000000000000000000000000000000000000000000000000000000000000000000000000000000000000000000000000000000000000000000000000
310
0000000000000000000000000000000000000000F5F5F5F5F5F5F5F5F50000000000000000000000000000000000000000000000000000000000000000000000000000000000000000000000000000000000000000000000000000000000000000000000000000000000000000000000000000000000000000000000000000
310
000000000000000000000000000000000000000000000000000000000000000000000000000000000000000000000000000000000000000000000000000000000000000000000000000000000000F5F5F5F5F5F5F5F50000000000000000000000000000000000000000000000000000000000000000000000000000000000
310
00000000000000000000000000000000000000000000000000000000000000000000000000000000000000000000000000000000000000000000000000000000000000000000000000000000000000000000000000000000000000000000000000000000000000000000000000000000000000000000000000000000000000
310
00000000000000000000000000000000000000000000000000000000000000000000000000000000000000000000000000000000000000000000000000000000000000000000000000000000000000000000000000000000000000000000000000000000000000000000000000000000000000000000000000000000000000
310
00000000000000000000000000000000000000000000000000000000000000000000000000000000000000000000000000000000000000000000000000000000000000000000000000000000000000000000000000000000000000000000000000000000000000000000000000000000000000000000000000000000000000
310
00000000000000000000000000000000000000000000000000000000000000000000000000000000000000000000000000000000000000000000000000000000000000000000000000000000000000000000000000000000000000000000000000000000000000000000000000000000000000000000000000000000000000
310
00000000000000000000000000000000000000000000000000000000000000000000000000000000000000000000000000000000000000000000000000000000000000000000000000000000000000000000000000000000000000000000000000000000000000000000000000000000000000000000000000000000000000
310
00000000000000000000000000000000000000000000000000000000000000000000000000000000000000000000000000000000000000000000000000000000000000000000000000000000000000000000000000000000000000000000000000000000000000000000000000000000000000000000000000000000000000
310
00000000000000000000000000000000000000000000000000000000000000000000000000000000000000000000000000000000000000000000000000000000000000000000000000000000000000000000000000000000000000000000000000000000000000000000000000000000000000000000000000000000000000
310
00000000000000000000000000000000000000000000000000000000000000000000000000000000000000000000000000000000000000000000000000000000000000000000000000000000000000000000000000000000000000000000000000000000000000000000000000000000000000000000000000000000000000
310
00000000000000000000000000000000000000000000000000000000000000000000000000000000000000000000000000000000000000000000000000000000000000000000000000000000000000000000000000000000000000000000000000000000000000000000000000000000000000000000000000000000000000
310
00000000000000000000000000000000000000000000000000000000000000000000000000000000000000000000000000000000000000000000000000000000000000000000000000000000000000000000000000000000000000000000000000000000000000000000000000000000000000000000000000000000000000
310
00000000000000000000000000000000000000000000000000000000000000000000000000000000000000000000000000000000000000000000000000000000000000000000000000000000000000000000000000000000000000000000000000000000000000000000000000000000000000000000000000000000000000
310
00000000000000000000000000000000000000000000000000000000000000000000000000000000000000000000000000000000000000000000000000000000000000000000000000000000000000000000000000000000000000000000000000000000000000000000000000000000000000000000000000000000000000
310
00000000000000000000000000000000000000000000000000000000000000000000000000000000000000000000000000000000000000000000000000000000000000000000000000000000000000000000000000000000000000000000000000000000000000000000000000000000000000000000000000000000000000
310
00000000000000000000000000000000000000000000000000000000000000000000000000000000000000000000000000000000000000000000000000000000000000000000000000000000000000000000000000000000000000000000000000000000000000000000000000000000000000000000000000000000000000
310
00000000000000000000000000000000000000000000000000000000000000000000000000000000000000000000000000000000000000000000000000000000000000000000000000000000000000000000000000000000000000000000000000000000000000000000000000000000000000000000000000000000000000
310
00000000000000000000000000000000000000000000000000000000000000000000000000000000000000000000000000000000000000000000000000000000000000000000000000000000000000000000000000000000000000000000000000000000000000000000000000000000000000000000000000000000000000
310
00000000000000000000000000000000000000000000000000000000000000000000000000000000000000000000000000000000000000000000000000000000000000000000000000000000000000000000000000000000000000000000000000000000000000000000000000000000000000000000000000000000000000
310
0000000000000000000000000000000000000000000000000000000000000000000000000000000000000000000000000000000000000000000000000000000000000000000000000000000000000000000000000000000000000000000000000000000000000000000000000000000000000000000000
  0
ENDSEC
  0
EOF
