  0
SECTION
  2
HEADER
  9
$ACADVER
  1
AC1032
  9
$ACADMAINTVER
 90
       55
  9
$DWGCODEPAGE
  3
ANSI_936
  9
$LASTSAVEDBY
  1
zongti2
  9
$REQUIREDVERSIONS
160
                 0
  9
$INSBASE
 10
0.0
 20
0.0
 30
0.0
  9
$EXTMIN
 10
-0.2500000003799983
 20
0.0
 30
0.0
  9
$EXTMAX
 10
32.24999999822003
 20
129.99999999948
 30
0.0
  9
$LIMMIN
 10
0.0
 20
0.0
  9
$LIMMAX
 10
22.0
 20
17.0
  9
$ORTHOMODE
 70
     0
  9
$REGENMODE
 70
     1
  9
$FILLMODE
 70
     1
  9
$QTEXTMODE
 70
     0
  9
$MIRRTEXT
 70
     0
  9
$LTSCALE
 40
1.21
  9
$ATTMODE
 70
     1
  9
$TEXTSIZE
 40
0.2
  9
$TRACEWID
 40
0.05
  9
$TEXTSTYLE
  7
STANDARD
  9
$CLAYER
  8
0
  9
$CELTYPE
  6
BYLAYER
  9
$CECOLOR
 62
   256
  9
$CELTSCALE
 40
1.0
  9
$DISPSILH
 70
     0
  9
$DIMSCALE
 40
1.0
  9
$DIMASZ
 40
0.1875
  9
$DIMEXO
 40
0.0625
  9
$DIMDLI
 40
0.836
  9
$DIMRND
 40
0.0
  9
$DIMDLE
 40
0.0
  9
$DIMEXE
 40
0.125
  9
$DIMTP
 40
0.0
  9
$DIMTM
 40
0.0
  9
$DIMTXT
 40
0.15625
  9
$DIMCEN
 40
0.198
  9
$DIMTSZ
 40
0.0
  9
$DIMTOL
 70
     0
  9
$DIMLIM
 70
     0
  9
$DIMTIH
 70
     1
  9
$DIMTOH
 70
     1
  9
$DIMSE1
 70
     0
  9
$DIMSE2
 70
     0
  9
$DIMTAD
 70
     0
  9
$DIMZIN
 70
     0
  9
$DIMBLK
  1
FILLED
  9
$DIMASO
 70
     1
  9
$DIMSHO
 70
     1
  9
$DIMPOST
  1

  9
$DIMAPOST
  1

  9
$DIMALT
 70
     0
  9
$DIMALTD
 70
     2
  9
$DIMALTF
 40
25.4
  9
$DIMLFAC
 40
1.0
  9
$DIMTOFL
 70
     0
  9
$DIMTVP
 40
0.0
  9
$DIMTIX
 70
     0
  9
$DIMSOXD
 70
     0
  9
$DIMSAH
 70
     0
  9
$DIMBLK1
  1

  9
$DIMBLK2
  1

  9
$DIMSTYLE
  2
STANDARD
  9
$DIMCLRD
 70
     0
  9
$DIMCLRE
 70
     0
  9
$DIMCLRT
 70
     0
  9
$DIMTFAC
 40
1.0
  9
$DIMGAP
 40
0.09
  9
$DIMJUST
 70
     0
  9
$DIMSD1
 70
     0
  9
$DIMSD2
 70
     0
  9
$DIMTOLJ
 70
     1
  9
$DIMTZIN
 70
     0
  9
$DIMALTZ
 70
     0
  9
$DIMALTTZ
 70
     0
  9
$DIMUPT
 70
     0
  9
$DIMDEC
 70
     4
  9
$DIMTDEC
 70
     4
  9
$DIMALTU
 70
     2
  9
$DIMALTTD
 70
     2
  9
$DIMTXSTY
  7
STANDARD
  9
$DIMAUNIT
 70
     0
  9
$DIMADEC
 70
     0
  9
$DIMALTRND
 40
0.0
  9
$DIMAZIN
 70
     0
  9
$DIMDSEP
 70
    46
  9
$DIMATFIT
 70
     3
  9
$DIMFRAC
 70
     0
  9
$DIMLDRBLK
  1

  9
$DIMLUNIT
 70
     2
  9
$DIMLWD
 70
    -2
  9
$DIMLWE
 70
    -2
  9
$DIMTMOVE
 70
     0
  9
$DIMFXL
 40
1.0
  9
$DIMFXLON
 70
     0
  9
$DIMJOGANG
 40
0.7853981633974483
  9
$DIMTFILL
 70
     0
  9
$DIMTFILLCLR
 70
     0
  9
$DIMARCSYM
 70
     0
  9
$DIMLTYPE
  6

  9
$DIMLTEX1
  6

  9
$DIMLTEX2
  6

  9
$DIMTXTDIRECTION
 70
     0
  9
$LUNITS
 70
     2
  9
$LUPREC
 70
     4
  9
$SKETCHINC
 40
0.1
  9
$FILLETRAD
 40
0.0
  9
$AUNITS
 70
     0
  9
$AUPREC
 70
     0
  9
$MENU
  1
.
  9
$ELEVATION
 40
0.0
  9
$PELEVATION
 40
0.0
  9
$THICKNESS
 40
0.0
  9
$LIMCHECK
 70
     0
  9
$CHAMFERA
 40
0.0
  9
$CHAMFERB
 40
0.0
  9
$CHAMFERC
 40
0.0
  9
$CHAMFERD
 40
0.0
  9
$SKPOLY
 70
     0
  9
$TDCREATE
 40
2460811.659803241
  9
$TDUCREATE
 40
2460811.326469908
  9
$TDUPDATE
 40
2461307.704835451
  9
$TDUUPDATE
 40
2461307.371502118
  9
$TDINDWG
 40
0.0004282407
  9
$TDUSRTIMER
 40
0.0004282407
  9
$USRTIMER
 70
     1
  9
$ANGBASE
 50
0.0
  9
$ANGDIR
 70
     0
  9
$PDMODE
 70
     3
  9
$PDSIZE
 40
0.3125
  9
$PLINEWID
 40
0.0
  9
$SPLFRAME
 70
     0
  9
$SPLINETYPE
 70
     6
  9
$SPLINESEGS
 70
     8
  9
$HANDSEED
  5
552
  9
$SURFTAB1
 70
     6
  9
$SURFTAB2
 70
     6
  9
$SURFTYPE
 70
     6
  9
$SURFU
 70
     6
  9
$SURFV
 70
     6
  9
$UCSBASE
  2

  9
$UCSNAME
  2

  9
$UCSORG
 10
0.0
 20
0.0
 30
0.0
  9
$UCSXDIR
 10
1.0
 20
0.0
 30
0.0
  9
$UCSYDIR
 10
0.0
 20
1.0
 30
0.0
  9
$UCSORTHOREF
  2

  9
$UCSORTHOVIEW
 70
     0
  9
$UCSORGTOP
 10
0.0
 20
0.0
 30
0.0
  9
$UCSORGBOTTOM
 10
0.0
 20
0.0
 30
0.0
  9
$UCSORGLEFT
 10
0.0
 20
0.0
 30
0.0
  9
$UCSORGRIGHT
 10
0.0
 20
0.0
 30
0.0
  9
$UCSORGFRONT
 10
0.0
 20
0.0
 30
0.0
  9
$UCSORGBACK
 10
0.0
 20
0.0
 30
0.0
  9
$PUCSBASE
  2

  9
$PUCSNAME
  2

  9
$PUCSORG
 10
0.0
 20
0.0
 30
0.0
  9
$PUCSXDIR
 10
1.0
 20
0.0
 30
0.0
  9
$PUCSYDIR
 10
0.0
 20
1.0
 30
0.0
  9
$PUCSORTHOREF
  2

  9
$PUCSORTHOVIEW
 70
     0
  9
$PUCSORGTOP
 10
0.0
 20
0.0
 30
0.0
  9
$PUCSORGBOTTOM
 10
0.0
 20
0.0
 30
0.0
  9
$PUCSORGLEFT
 10
0.0
 20
0.0
 30
0.0
  9
$PUCSORGRIGHT
 10
0.0
 20
0.0
 30
0.0
  9
$PUCSORGFRONT
 10
0.0
 20
0.0
 30
0.0
  9
$PUCSORGBACK
 10
0.0
 20
0.0
 30
0.0
  9
$USERI1
 70
     0
  9
$USERI2
 70
     0
  9
$USERI3
 70
     0
  9
$USERI4
 70
     0
  9
$USERI5
 70
     0
  9
$USERR1
 40
0.0
  9
$USERR2
 40
0.0
  9
$USERR3
 40
0.0
  9
$USERR4
 40
0.0
  9
$USERR5
 40
0.0
  9
$WORLDVIEW
 70
     1
  9
$SHADEDGE
 70
     3
  9
$SHADEDIF
 70
    70
  9
$TILEMODE
 70
     1
  9
$MAXACTVP
 70
    64
  9
$PINSBASE
 10
0.0
 20
0.0
 30
0.0
  9
$PLIMCHECK
 70
     0
  9
$PEXTMIN
 10
1.000000000000000E+20
 20
1.000000000000000E+20
 30
1.000000000000000E+20
  9
$PEXTMAX
 10
-1.000000000000000E+20
 20
-1.000000000000000E+20
 30
-1.000000000000000E+20
  9
$PLIMMIN
 10
0.0
 20
0.0
  9
$PLIMMAX
 10
12.0
 20
9.0
  9
$UNITMODE
 70
     0
  9
$VISRETAIN
 70
     1
  9
$PLINEGEN
 70
     0
  9
$PSLTSCALE
 70
     1
  9
$TREEDEPTH
 70
  3020
  9
$CMLSTYLE
  2
Standard
  9
$CMLJUST
 70
     0
  9
$CMLSCALE
 40
1.0
  9
$PROXYGRAPHICS
 70
     1
  9
$MEASUREMENT
 70
     0
  9
$CELWEIGHT
370
    -1
  9
$ENDCAPS
280
     0
  9
$JOINSTYLE
280
     0
  9
$LWDISPLAY
290
     0
  9
$INSUNITS
 70
     1
  9
$HYPERLINKBASE
  1

  9
$STYLESHEET
  1

  9
$XEDIT
290
     1
  9
$CEPSNTYPE
380
     0
  9
$PSTYLEMODE
290
     1
  9
$FINGERPRINTGUID
  2
{2FA00E99-1C86-2849-B673-089A21A899E7}
  9
$VERSIONGUID
  2
{F8D74FF3-688A-9845-AC63-F004F2373170}
  9
$EXTNAMES
290
     1
  9
$PSVPSCALE
 40
0.0
  9
$OLESTARTUP
290
     0
  9
$SORTENTS
280
   127
  9
$INDEXCTL
280
     0
  9
$HIDETEXT
280
     1
  9
$XCLIPFRAME
280
     2
  9
$HALOGAP
280
     0
  9
$OBSCOLOR
 70
   257
  9
$OBSLTYPE
280
     0
  9
$INTERSECTIONDISPLAY
280
     0
  9
$INTERSECTIONCOLOR
 70
   257
  9
$DIMASSOC
280
     2
  9
$PROJECTNAME
  1

  9
$CAMERADISPLAY
290
     0
  9
$LENSLENGTH
 40
50.0
  9
$CAMERAHEIGHT
 40
0.0
  9
$STEPSPERSEC
 40
2.0
  9
$STEPSIZE
 40
6.0
  9
$3DDWFPREC
 40
2.0
  9
$PSOLWIDTH
 40
0.25
  9
$PSOLHEIGHT
 40
4.0
  9
$LOFTANG1
 40
1.570796326794897
  9
$LOFTANG2
 40
1.570796326794897
  9
$LOFTMAG1
 40
0.0
  9
$LOFTMAG2
 40
0.0
  9
$LOFTPARAM
 70
     7
  9
$LOFTNORMALS
280
     1
  9
$LATITUDE
 40
37.795
  9
$LONGITUDE
 40
-122.394
  9
$NORTHDIRECTION
 40
0.0
  9
$TIMEZONE
 70
 -8000
  9
$LIGHTGLYPHDISPLAY
280
     1
  9
$TILEMODELIGHTSYNCH
280
     1
  9
$CMATERIAL
347
4ED
  9
$SOLIDHIST
280
     0
  9
$SHOWHIST
280
     1
  9
$DWFFRAME
280
     2
  9
$DGNFRAME
280
     0
  9
$REALWORLDSCALE
290
     1
  9
$INTERFERECOLOR
 62
     1
  9
$CSHADOW
280
     0
  9
$SHADOWPLANELOCATION
 40
0.0
  0
ENDSEC
  0
SECTION
  2
CLASSES
  0
CLASS
  1
ACDBDICTIONARYWDFLT
  2
AcDbDictionaryWithDefault
  3
ObjectDBX Classes
 90
        0
 91
        3
280
     0
281
     0
  0
CLASS
  1
ACDBPLACEHOLDER
  2
AcDbPlaceHolder
  3
ObjectDBX Classes
 90
        0
 91
        1
280
     0
281
     0
  0
CLASS
  1
LAYOUT
  2
AcDbLayout
  3
ObjectDBX Classes
 90
        0
 91
        1
280
     0
281
     0
  0
CLASS
  1
MATERIAL
  2
AcDbMaterial
  3
ObjectDBX Classes
 90
     1153
 91
        3
280
     0
281
     0
  0
CLASS
  1
VISUALSTYLE
  2
AcDbVisualStyle
  3
ObjectDBX Classes
 90
     4095
 91
        3
280
     0
281
     0
  0
CLASS
  1
TABLESTYLE
  2
AcDbTableStyle
  3
ObjectDBX Classes
 90
     4095
 91
        3
280
     0
281
     0
  0
CLASS
  1
SCALE
  2
AcDbScale
  3
ObjectDBX Classes
 90
     1153
 91
        3
280
     0
281
     0
  0
CLASS
  1
MLEADERSTYLE
  2
AcDbMLeaderStyle
  3
ACDB_MLEADERSTYLE_CLASS
 90
     4095
 91
        3
280
     0
281
     0
  0
CLASS
  1
ACDBSECTIONVIEWSTYLE
  2
AcDbSectionViewStyle
  3
ObjectDBX Classes
 90
     1025
 91
        3
280
     0
281
     0
  0
CLASS
  1
ACDBDETAILVIEWSTYLE
  2
AcDbDetailViewStyle
  3
ObjectDBX Classes
 90
     1025
 91
        3
280
     0
281
     0
  0
CLASS
  1
DICTIONARYVAR
  2
AcDbDictionaryVar
  3
ObjectDBX Classes
 90
        0
 91
        3
280
     0
281
     0
  0
CLASS
  1
CELLSTYLEMAP
  2
AcDbCellStyleMap
  3
ObjectDBX Classes
 90
     1152
 91
        3
280
     0
281
     0
  0
ENDSEC
  0
SECTION
  2
TABLES
  0
TABLE
  2
VPORT
  5
8
330
0
100
AcDbSymbolTable
 70
     1
  0
VPORT
  5
1F4
330
8
100
AcDbSymbolTableRecord
100
AcDbViewportTableRecord
  2
*ACTIVE
 70
     0
 10
0.0
 20
0.0
 11
1.0
 21
1.0
 12
15.99999999892003
 22
64.99999999974
 13
0.0
 23
0.0
 14
1.0
 24
1.0
 15
0.0
 25
0.0
 16
0.0
 26
0.0
 36
1.0
 17
0.0
 27
0.0
 37
0.0
 40
130.9605911324811
 41
2.00616522811344
 42
50.0
 43
0.0
 44
0.0
 50
0.0
 51
0.0
 71
     0
 72
   100
 73
     1
 74
     1
 75
     1
 76
     1
 77
     0
 78
     0
281
     0
 65
     1
110
0.0
120
0.0
130
0.0
111
1.0
121
0.0
131
0.0
112
0.0
122
1.0
132
0.0
 79
     0
146
0.0
348
50B
 60
     3
 61
     5
292
     1
282
     1
141
0.0
142
0.0
 63
   250
421
  3355443
1001
ACAD_NAV_VCDISPLAY
1070
     3
  0
ENDTAB
  0
TABLE
  2
LTYPE
  5
5
330
0
100
AcDbSymbolTable
 70
     6
  0
LTYPE
  5
14
330
5
100
AcDbSymbolTableRecord
100
AcDbLinetypeTableRecord
  2
BYBLOCK
 70
     0
  3

 72
    65
 73
     0
 40
0.0
  0
LTYPE
  5
15
330
5
100
AcDbSymbolTableRecord
100
AcDbLinetypeTableRecord
  2
BYLAYER
 70
     0
  3

 72
    65
 73
     0
 40
0.0
  0
LTYPE
  5
16
330
5
100
AcDbSymbolTableRecord
100
AcDbLinetypeTableRecord
  2
CONTINUOUS
 70
     0
  3
Solid line
 72
    65
 73
     0
 40
0.0
  0
LTYPE
  5
1F5
330
5
100
AcDbSymbolTableRecord
100
AcDbLinetypeTableRecord
  2
CENTER
 70
     0
  3
____ _ ____ _ ____ _ ____ _ ____ _ ____ _ ____
 72
    65
 73
     4
 40
0.6
 49
0.375
 74
     0
 49
-0.075
 74
     0
 49
0.075
 74
     0
 49
-0.075
 74
     0
  0
LTYPE
  5
1F6
330
5
100
AcDbSymbolTableRecord
100
AcDbLinetypeTableRecord
  2
HIDDEN
 70
     0
  3
- - - - - - - - - - - - - - - - - - - -
 72
    65
 73
     2
 40
0.2
 49
0.1
 74
     0
 49
-0.1
 74
     0
  0
LTYPE
  5
1F7
330
5
100
AcDbSymbolTableRecord
100
AcDbLinetypeTableRecord
  2
PHANTOM
 70
     0
  3
_____ _ _ _____ _ _ _____ _ _ _____
 72
    65
 73
     6
 40
0.8
 49
0.45
 74
     0
 49
-0.05
 74
     0
 49
0.1
 74
     0
 49
-0.05
 74
     0
 49
0.1
 74
     0
 49
-0.05
 74
     0
  0
LTYPE
  5
1F8
330
5
100
AcDbSymbolTableRecord
100
AcDbLinetypeTableRecord
  2
DOT
 70
     0
  3
. . . . . . . . . . . . . . . . . . . .
 72
    65
 73
     2
 40
0.2
 49
0.1
 74
     0
 49
-0.1
 74
     0
  0
LTYPE
  5
1F9
330
5
100
AcDbSymbolTableRecord
100
AcDbLinetypeTableRecord
  2
DASHED
 70
     0
  3
- - - - - - - - - - - - - - - - - - - -
 72
    65
 73
     2
 40
0.2
 49
0.1
 74
     0
 49
-0.1
 74
     0
  0
ENDTAB
  0
TABLE
  2
LAYER
  5
2
102
{ACAD_XDICTIONARY
360
548
102
}
330
0
100
AcDbSymbolTable
 70
    40
  0
LAYER
  5
10
330
2
100
AcDbSymbolTableRecord
100
AcDbLayerTableRecord
  2
0
 70
     0
 62
     7
  6
CONTINUOUS
370
    -3
390
F
347
4FD
348
0
  0
LAYER
  5
1FA
330
2
100
AcDbSymbolTableRecord
100
AcDbLayerTableRecord
  2
DEFAULT_1
 70
     0
 62
     7
  6
CENTER
370
    -3
390
F
347
4FD
348
0
  0
LAYER
  5
1FB
330
2
100
AcDbSymbolTableRecord
100
AcDbLayerTableRecord
  2
DEFAULT_2
 70
     0
 62
     8
  6
HIDDEN
370
    -3
390
F
347
4FD
348
0
  0
LAYER
  5
1FC
330
2
100
AcDbSymbolTableRecord
100
AcDbLayerTableRecord
  2
DEFAULT_3
 70
     0
 62
     7
  6
PHANTOM
370
    -3
390
F
347
4FD
348
0
  0
LAYER
  5
1FD
330
2
100
AcDbSymbolTableRecord
100
AcDbLayerTableRecord
  2
01_ALL_DTM_PLN
 70
     0
 62
     7
  6
CONTINUOUS
370
    -3
390
F
347
4FD
348
0
  0
LAYER
  5
1FE
330
2
100
AcDbSymbolTableRecord
100
AcDbLayerTableRecord
  2
01__ASM_ALL_DTM_PLN
 70
     0
 62
     7
  6
CONTINUOUS
370
    -3
390
F
347
4FD
348
0
  0
LAYER
  5
1FF
330
2
100
AcDbSymbolTableRecord
100
AcDbLayerTableRecord
  2
01__ASM_DEF_DTM_PLN
 70
     0
 62
     7
  6
CONTINUOUS
370
    -3
390
F
347
4FD
348
0
  0
LAYER
  5
200
330
2
100
AcDbSymbolTableRecord
100
AcDbLayerTableRecord
  2
01___PRT_ALL_DTM_PLN
 70
     0
 62
     7
  6
CONTINUOUS
370
    -3
390
F
347
4FD
348
0
  0
LAYER
  5
201
330
2
100
AcDbSymbolTableRecord
100
AcDbLayerTableRecord
  2
01___PRT_DEF_DTM_PLN
 70
     0
 62
     7
  6
CONTINUOUS
370
    -3
390
F
347
4FD
348
0
  0
LAYER
  5
202
330
2
100
AcDbSymbolTableRecord
100
AcDbLayerTableRecord
  2
02_ALL_AXES
 70
     0
 62
     7
  6
CONTINUOUS
370
    -3
390
F
347
4FD
348
0
  0
LAYER
  5
203
330
2
100
AcDbSymbolTableRecord
100
AcDbLayerTableRecord
  2
02__ASM_ALL_AXES
 70
     0
 62
     7
  6
CONTINUOUS
370
    -3
390
F
347
4FD
348
0
  0
LAYER
  5
204
330
2
100
AcDbSymbolTableRecord
100
AcDbLayerTableRecord
  2
02___PRT_ALL_AXES
 70
     0
 62
     7
  6
CONTINUOUS
370
    -3
390
F
347
4FD
348
0
  0
LAYER
  5
205
330
2
100
AcDbSymbolTableRecord
100
AcDbLayerTableRecord
  2
03_ALL_CURVES
 70
     0
 62
     7
  6
CONTINUOUS
370
    -3
390
F
347
4FD
348
0
  0
LAYER
  5
206
330
2
100
AcDbSymbolTableRecord
100
AcDbLayerTableRecord
  2
03__ASM_ALL_CURVES
 70
     0
 62
     7
  6
CONTINUOUS
370
    -3
390
F
347
4FD
348
0
  0
LAYER
  5
207
330
2
100
AcDbSymbolTableRecord
100
AcDbLayerTableRecord
  2
03___PRT_ALL_CURVES
 70
     0
 62
     7
  6
CONTINUOUS
370
    -3
390
F
347
4FD
348
0
  0
LAYER
  5
208
330
2
100
AcDbSymbolTableRecord
100
AcDbLayerTableRecord
  2
04_ALL_DTM_PNT
 70
     0
 62
     7
  6
CONTINUOUS
370
    -3
390
F
347
4FD
348
0
  0
LAYER
  5
209
330
2
100
AcDbSymbolTableRecord
100
AcDbLayerTableRecord
  2
04__ASM_ALL_DTM_PNT
 70
     0
 62
     7
  6
CONTINUOUS
370
    -3
390
F
347
4FD
348
0
  0
LAYER
  5
20A
330
2
100
AcDbSymbolTableRecord
100
AcDbLayerTableRecord
  2
04___PRT_ALL_DTM_PNT
 70
     0
 62
     7
  6
CONTINUOUS
370
    -3
390
F
347
4FD
348
0
  0
LAYER
  5
20B
330
2
100
AcDbSymbolTableRecord
100
AcDbLayerTableRecord
  2
05_ALL_DTM_CSYS
 70
     0
 62
     7
  6
CONTINUOUS
370
    -3
390
F
347
4FD
348
0
  0
LAYER
  5
20C
330
2
100
AcDbSymbolTableRecord
100
AcDbLayerTableRecord
  2
05__ASM_ALL_DTM_CSYS
 70
     0
 62
     7
  6
CONTINUOUS
370
    -3
390
F
347
4FD
348
0
  0
LAYER
  5
20D
330
2
100
AcDbSymbolTableRecord
100
AcDbLayerTableRecord
  2
05__ASM_DEF_DTM_CSYS
 70
     0
 62
     7
  6
CONTINUOUS
370
    -3
390
F
347
4FD
348
0
  0
LAYER
  5
20E
330
2
100
AcDbSymbolTableRecord
100
AcDbLayerTableRecord
  2
05___PRT_ALL_DTM_CSYS
 70
     0
 62
     7
  6
CONTINUOUS
370
    -3
390
F
347
4FD
348
0
  0
LAYER
  5
20F
330
2
100
AcDbSymbolTableRecord
100
AcDbLayerTableRecord
  2
05___PRT_DEF_DTM_CSYS
 70
     0
 62
     7
  6
CONTINUOUS
370
    -3
390
F
347
4FD
348
0
  0
LAYER
  5
210
330
2
100
AcDbSymbolTableRecord
100
AcDbLayerTableRecord
  2
06_ALL_SURFS
 70
     0
 62
     7
  6
CONTINUOUS
370
    -3
390
F
347
4FD
348
0
  0
LAYER
  5
211
330
2
100
AcDbSymbolTableRecord
100
AcDbLayerTableRecord
  2
06__ASM_ALL_SURFS
 70
     0
 62
     7
  6
CONTINUOUS
370
    -3
390
F
347
4FD
348
0
  0
LAYER
  5
212
330
2
100
AcDbSymbolTableRecord
100
AcDbLayerTableRecord
  2
06___PRT_ALL_SURFS
 70
     0
 62
     7
  6
CONTINUOUS
370
    -3
390
F
347
4FD
348
0
  0
LAYER
  5
213
330
2
100
AcDbSymbolTableRecord
100
AcDbLayerTableRecord
  2
07__ASM_ALL_SKELETONS
 70
     0
 62
     7
  6
CONTINUOUS
370
    -3
390
F
347
4FD
348
0
  0
LAYER
  5
214
330
2
100
AcDbSymbolTableRecord
100
AcDbLayerTableRecord
  2
1_ALL_PLANES
 70
     0
 62
     7
  6
CONTINUOUS
370
    -3
390
F
347
4FD
348
0
  0
LAYER
  5
215
330
2
100
AcDbSymbolTableRecord
100
AcDbLayerTableRecord
  2
2_ALL_CSYS
 70
     0
 62
     7
  6
CONTINUOUS
370
    -3
390
F
347
4FD
348
0
  0
LAYER
  5
216
330
2
100
AcDbSymbolTableRecord
100
AcDbLayerTableRecord
  2
3_ALL_AXES
 70
     0
 62
     7
  6
CONTINUOUS
370
    -3
390
F
347
4FD
348
0
  0
LAYER
  5
217
330
2
100
AcDbSymbolTableRecord
100
AcDbLayerTableRecord
  2
4_ALL_POINTS
 70
     0
 62
     7
  6
CONTINUOUS
370
    -3
390
F
347
4FD
348
0
  0
LAYER
  5
218
330
2
100
AcDbSymbolTableRecord
100
AcDbLayerTableRecord
  2
5_ALL_CURVES
 70
     0
 62
     7
  6
CONTINUOUS
370
    -3
390
F
347
4FD
348
0
  0
LAYER
  5
219
330
2
100
AcDbSymbolTableRecord
100
AcDbLayerTableRecord
  2
7_ALL_FEATURES
 70
     0
 62
     7
  6
CONTINUOUS
370
    -3
390
F
347
4FD
348
0
  0
LAYER
  5
21A
330
2
100
AcDbSymbolTableRecord
100
AcDbLayerTableRecord
  2
AXES
 70
     0
 62
     7
  6
CONTINUOUS
370
    -3
390
F
347
4FD
348
0
  0
LAYER
  5
21B
330
2
100
AcDbSymbolTableRecord
100
AcDbLayerTableRecord
  2
CURVERS
 70
     0
 62
     7
  6
CONTINUOUS
370
    -3
390
F
347
4FD
348
0
  0
LAYER
  5
21C
330
2
100
AcDbSymbolTableRecord
100
AcDbLayerTableRecord
  2
INTFCLR_3
 70
     0
 62
     7
  6
CONTINUOUS
370
    -3
390
F
347
4FD
348
0
  0
LAYER
  5
21D
330
2
100
AcDbSymbolTableRecord
100
AcDbLayerTableRecord
  2
NONE
 70
     0
 62
     7
  6
CONTINUOUS
370
    -3
390
F
347
4FD
348
0
  0
LAYER
  5
21E
330
2
100
AcDbSymbolTableRecord
100
AcDbLayerTableRecord
  2
PLANES
 70
     0
 62
     7
  6
CONTINUOUS
370
    -3
390
F
347
4FD
348
0
  0
LAYER
  5
21F
330
2
100
AcDbSymbolTableRecord
100
AcDbLayerTableRecord
  2
POINTS
 70
     0
 62
     7
  6
CONTINUOUS
370
    -3
390
F
347
4FD
348
0
  0
LAYER
  5
220
330
2
100
AcDbSymbolTableRecord
100
AcDbLayerTableRecord
  2
XSEC_DATUMS
 70
     0
 62
     7
  6
CONTINUOUS
370
    -3
390
F
347
4FD
348
0
  0
ENDTAB
  0
TABLE
  2
STYLE
  5
3
330
0
100
AcDbSymbolTable
 70
     2
  0
STYLE
  5
11
330
3
100
AcDbSymbolTableRecord
100
AcDbTextStyleTableRecord
  2
STANDARD
 70
     0
 40
0.0
 41
0.8
 50
0.0
 71
     0
 42
0.2
  3
txt
  4

  0
STYLE
  5
221
330
3
100
AcDbSymbolTableRecord
100
AcDbTextStyleTableRecord
  2
TEXTSTYLE_1
 70
     0
 40
0.0
 41
0.8
 50
0.0
 71
     0
 42
0.2
  3
gdt
  4

  0
ENDTAB
  0
TABLE
  2
VIEW
  5
6
330
0
100
AcDbSymbolTable
 70
     0
  0
ENDTAB
  0
TABLE
  2
UCS
  5
7
330
0
100
AcDbSymbolTable
 70
     0
  0
ENDTAB
  0
TABLE
  2
APPID
  5
9
330
0
100
AcDbSymbolTable
 70
     2
  0
APPID
  5
222
330
9
100
AcDbSymbolTableRecord
100
AcDbRegAppTableRecord
  2
ACAD
 70
     0
  0
APPID
  5
54E
330
9
100
AcDbSymbolTableRecord
100
AcDbRegAppTableRecord
  2
ACAD_NAV_VCDISPLAY
 70
     0
  0
ENDTAB
  0
TABLE
  2
DIMSTYLE
  5
A
330
0
100
AcDbSymbolTable
 70
     1
100
AcDbDimStyleTable
  0
DIMSTYLE
105
226
330
A
100
AcDbSymbolTableRecord
100
AcDbDimStyleTableRecord
  2
STANDARD
 70
     0
 41
0.1875
 44
0.125
 47
0.01
 48
0.01
 78
     4
 79
     1
140
0.15625
171
     1
178
     0
179
     2
271
     2
272
     2
284
     4
340
11
341
225
342
225
343
225
344
225
  0
ENDTAB
  0
TABLE
  2
BLOCK_RECORD
  5
1
330
0
100
AcDbSymbolTable
 70
     1
  0
BLOCK_RECORD
  5
223
330
1
100
AcDbSymbolTableRecord
100
AcDbBlockTableRecord
  2
*Model_Space
340
4E8
 70
     0
280
     1
281
     0
  0
BLOCK_RECORD
  5
224
330
1
100
AcDbSymbolTableRecord
100
AcDbBlockTableRecord
  2
*Paper_Space
340
4E9
 70
     0
280
     1
281
     0
  0
BLOCK_RECORD
  5
225
330
1
100
AcDbSymbolTableRecord
100
AcDbBlockTableRecord
  2
_FILLED
340
0
 70
     0
280
     1
281
     0
  0
ENDTAB
  0
ENDSEC
  0
SECTION
  2
BLOCKS
  0
BLOCK
  5
20
330
223
100
AcDbEntity
  8
0
100
AcDbBlockBegin
  2
*Model_Space
 70
     0
 10
0.0
 20
0.0
 30
0.0
  3
*Model_Space
  1

  0
ENDBLK
  5
21
330
223
100
AcDbEntity
  8
0
100
AcDbBlockEnd
  0
BLOCK
  5
1C
330
224
100
AcDbEntity
 67
     1
  8
0
100
AcDbBlockBegin
  2
*Paper_Space
 70
     0
 10
0.0
 20
0.0
 30
0.0
  3
*Paper_Space
  1

  0
ENDBLK
  5
1D
330
224
100
AcDbEntity
 67
     1
  8
0
100
AcDbBlockEnd
  0
BLOCK
  5
227
330
225
100
AcDbEntity
  8
0
100
AcDbBlockBegin
  2
_FILLED
 70
     0
 10
0.0
 20
0.0
 30
0.0
  3
_FILLED
  1

  0
SOLID
  5
228
330
225
100
AcDbEntity
  8
0
  6
ByBlock
 62
     0
100
AcDbTrace
 10
0.0
 20
0.0
 30
0.0
 11
-1.0
 21
0.1666666667
 31
0.0
 12
-1.0
 22
-0.1666666667
 32
0.0
 13
-1.0
 23
-0.1666666667
 33
0.0
  0
ENDBLK
  5
229
330
225
100
AcDbEntity
  8
0
  6
ByBlock
 62
     0
100
AcDbBlockEnd
  0
ENDSEC
  0
SECTION
  2
ENTITIES
  0
SPLINE
  5
22A
330
223
100
AcDbEntity
  8
03___PRT_ALL_CURVES
  6
Continuous
 62
     4
100
AcDbSpline
210
0.0
220
0.0
230
1.0
 70
     8
 71
     3
 72
     8
 73
     4
 74
     0
 42
0.0000001
 43
0.0000000001
 40
0.0
 40
0.0
 40
0.0
 40
0.0
 40
1.0
 40
1.0
 40
1.0
 40
1.0
 10
9.563267497760023
 20
121.24522510114
 30
0.0
 10
9.703103867820033
 20
121.24522510114
 30
0.0
 10
9.800307122740008
 20
121.22305589732
 30
0.0
 10
9.851043549080003
 20
121.17992993836
 30
0.0
  0
SPLINE
  5
22B
330
223
100
AcDbEntity
  8
03___PRT_ALL_CURVES
  6
Continuous
 62
     4
100
AcDbSpline
210
0.0
220
0.0
230
1.0
 70
     8
 71
     3
 72
     8
 73
     4
 74
     0
 42
0.0000001
 43
0.0000000001
 40
0.0
 40
0.0
 40
0.0
 40
0.0
 40
1.0
 40
1.0
 40
1.0
 40
1.0
 10
9.851043549080003
 20
121.17992993836
 30
0.0
 10
9.902626394860022
 20
121.13608452694
 30
0.0
 10
9.92820617352001
 20
121.07469308254
 30
0.0
 10
9.92820617352001
 20
120.99454301424
 30
0.0
  0
SPLINE
  5
22C
330
223
100
AcDbEntity
  8
03___PRT_ALL_CURVES
  6
Continuous
 62
     4
100
AcDbSpline
210
0.0
220
0.0
230
1.0
 70
     8
 71
     3
 72
     8
 73
     4
 74
     0
 42
0.0000001
 43
0.0000000001
 40
0.0
 40
0.0
 40
0.0
 40
0.0
 40
1.0
 40
1.0
 40
1.0
 40
1.0
 10
9.92820617352001
 20
120.99454301424
 30
0.0
 10
9.92820617352001
 20
120.93997272714
 30
0.0
 10
9.91115298690002
 20
120.8905184547
 30
0.0
 10
9.879166406220037
 20
120.84927255294
 30
0.0
  0
SPLINE
  5
22D
330
223
100
AcDbEntity
  8
03___PRT_ALL_CURVES
  6
Continuous
 62
     4
100
AcDbSpline
210
0.0
220
0.0
230
1.0
 70
     8
 71
     3
 72
     8
 73
     4
 74
     0
 42
0.0000001
 43
0.0000000001
 40
0.0
 40
0.0
 40
0.0
 40
0.0
 40
1.0
 40
1.0
 40
1.0
 40
1.0
 10
9.879166406220037
 20
120.84927255294
 30
0.0
 10
9.846350817800015
 20
120.8069576617
 30
0.0
 10
9.805423139940018
 20
120.7813778804999
 30
0.0
 10
9.754509911820008
 20
120.77006385182
 30
0.0
  0
SPLINE
  5
22E
330
223
100
AcDbEntity
  8
03___PRT_ALL_CURVES
  6
Continuous
 62
     4
100
AcDbSpline
210
0.0
220
0.0
230
1.0
 70
     8
 71
     3
 72
     8
 73
     4
 74
     0
 42
0.0000001
 43
0.0000000001
 40
0.0
 40
0.0
 40
0.0
 40
0.0
 40
1.0
 40
1.0
 40
1.0
 40
1.0
 10
9.754509911820008
 20
120.77006385182
 30
0.0
 10
9.65194416064
 20
120.74727150726
 30
0.0
 10
9.583731411619993
 20
120.73703962526
 30
0.0
 10
9.549625038380015
 20
120.73703962526
 30
0.0
  0
SPLINE
  5
22F
330
223
100
AcDbEntity
  8
03___PRT_ALL_CURVES
  6
Continuous
 62
     4
100
AcDbSpline
210
0.0
220
0.0
230
1.0
 70
     8
 71
     3
 72
     8
 73
     4
 74
     0
 42
0.0000001
 43
0.0000000001
 40
0.0
 40
0.0
 40
0.0
 40
0.0
 40
1.0
 40
1.0
 40
1.0
 40
1.0
 10
11.01961132878003
 20
120.0770804574999
 30
0.0
 10
11.04007509278003
 20
119.82469304508
 30
0.0
 10
11.13386777032002
 20
119.616643926
 30
0.0
 10
11.29757855288
 20
119.4529332298
 30
0.0
  0
SPLINE
  5
230
330
223
100
AcDbEntity
  8
03___PRT_ALL_CURVES
  6
Continuous
 62
     4
100
AcDbSpline
210
0.0
220
0.0
230
1.0
 70
     8
 71
     3
 72
     8
 73
     4
 74
     0
 42
0.0000001
 43
0.0000000001
 40
0.0
 40
0.0
 40
0.0
 40
0.0
 40
1.0
 40
1.0
 40
1.0
 40
1.0
 10
11.29757855288
 20
119.4529332298
 30
0.0
 10
11.46128949292
 20
119.28922237358
 30
0.0
 10
11.75460454763999
 20
119.20736698484
 30
0.0
 10
12.18093481512
 20
119.20736698484
 30
0.0
  0
SPLINE
  5
231
330
223
100
AcDbEntity
  8
03___PRT_ALL_CURVES
  6
Continuous
 62
     4
100
AcDbSpline
210
0.0
220
0.0
230
1.0
 70
     8
 71
     3
 72
     8
 73
     4
 74
     0
 42
0.0000001
 43
0.0000000001
 40
0.0
 40
0.0
 40
0.0
 40
0.0
 40
1.0
 40
1.0
 40
1.0
 40
1.0
 10
12.18093481512
 20
119.20736698484
 30
0.0
 10
12.42309030743999
 20
119.20736698484
 30
0.0
 10
12.62261268462001
 20
119.24317871662
 30
0.0
 10
12.78246380255999
 20
119.3124190328
 30
0.0
  0
SPLINE
  5
232
330
223
100
AcDbEntity
  8
03___PRT_ALL_CURVES
  6
Continuous
 62
     4
100
AcDbSpline
210
0.0
220
0.0
230
1.0
 70
     8
 71
     3
 72
     8
 73
     4
 74
     0
 42
0.0000001
 43
0.0000000001
 40
0.0
 40
0.0
 40
0.0
 40
0.0
 40
1.0
 40
1.0
 40
1.0
 40
1.0
 10
12.78246380255999
 20
119.3124190328
 30
0.0
 10
12.94150766532002
 20
119.38130968242
 30
0.0
 10
13.06599613872001
 20
119.48362891644
 30
0.0
 10
13.15506299386001
 20
119.6197984536
 30
0.0
  0
SPLINE
  5
233
330
223
100
AcDbEntity
  8
03___PRT_ALL_CURVES
  6
Continuous
 62
     4
100
AcDbSpline
210
0.0
220
0.0
230
1.0
 70
     8
 71
     3
 72
     8
 73
     4
 74
     0
 42
0.0000001
 43
0.0000000001
 40
0.0
 40
0.0
 40
0.0
 40
0.0
 40
1.0
 40
1.0
 40
1.0
 40
1.0
 10
13.15506299386001
 20
119.6197984536
 30
0.0
 10
13.24334946194
 20
119.75477489688
 30
0.0
 10
13.28768756986
 20
119.90313778786
 30
0.0
 10
13.28768756986
 20
120.06343792192
 30
0.0
  0
SPLINE
  5
234
330
223
100
AcDbEntity
  8
03___PRT_ALL_CURVES
  6
Continuous
 62
     4
100
AcDbSpline
210
0.0
220
0.0
230
1.0
 70
     8
 71
     3
 72
     8
 73
     4
 74
     0
 42
0.0000001
 43
0.0000000001
 40
0.0
 40
0.0
 40
0.0
 40
0.0
 40
1.0
 40
1.0
 40
1.0
 40
1.0
 10
13.28768756986
 20
120.06343792192
 30
0.0
 10
13.28768756986
 20
120.19986356728
 30
0.0
 10
13.25358119408
 20
120.32264667706
 30
0.0
 10
13.18669660344003
 20
120.43326354244
 30
0.0
  0
SPLINE
  5
235
330
223
100
AcDbEntity
  8
03___PRT_ALL_CURVES
  6
Continuous
 62
     4
100
AcDbSpline
210
0.0
220
0.0
230
1.0
 70
     8
 71
     3
 72
     8
 73
     4
 74
     0
 42
0.0000001
 43
0.0000000001
 40
0.0
 40
0.0
 40
0.0
 40
0.0
 40
1.0
 40
1.0
 40
1.0
 40
1.0
 10
13.18669660344003
 20
120.43326354244
 30
0.0
 10
13.12056627850001
 20
120.54263296556
 30
0.0
 10
13.01483657886001
 20
120.63472035314
 30
0.0
 10
12.86817881528
 20
120.70975452616
 30
0.0
  0
SPLINE
  5
236
330
223
100
AcDbEntity
  8
03___PRT_ALL_CURVES
  6
Continuous
 62
     4
100
AcDbSpline
210
0.0
220
0.0
230
1.0
 70
     8
 71
     3
 72
     8
 73
     4
 74
     0
 42
0.0000001
 43
0.0000000001
 40
0.0
 40
0.0
 40
0.0
 40
0.0
 40
1.0
 40
1.0
 40
1.0
 40
1.0
 10
12.86817881528
 20
120.70975452616
 30
0.0
 10
12.72152122695999
 20
120.78478860774
 30
0.0
 10
12.4810710246
 20
120.85811737142
 30
0.0
 10
12.14308808106
 20
120.92984753022
 30
0.0
  0
SPLINE
  5
237
330
223
100
AcDbEntity
  8
03___PRT_ALL_CURVES
  6
Continuous
 62
     4
100
AcDbSpline
210
0.0
220
0.0
230
1.0
 70
     8
 71
     3
 72
     8
 73
     4
 74
     0
 42
0.0000001
 43
0.0000000001
 40
0.0
 40
0.0
 40
0.0
 40
0.0
 40
1.0
 40
1.0
 40
1.0
 40
1.0
 10
12.14308808106
 20
120.92984753022
 30
0.0
 10
12.00699207182001
 20
120.95873120372
 30
0.0
 10
11.92002054904
 20
120.9894269995799
 30
0.0
 10
11.88301507060001
 20
121.0221295834
 30
0.0
  0
SPLINE
  5
238
330
223
100
AcDbEntity
  8
03___PRT_ALL_CURVES
  6
Continuous
 62
     4
100
AcDbSpline
210
0.0
220
0.0
230
1.0
 70
     8
 71
     3
 72
     8
 73
     4
 74
     0
 42
0.0000001
 43
0.0000000001
 40
0.0
 40
0.0
 40
0.0
 40
0.0
 40
1.0
 40
1.0
 40
1.0
 40
1.0
 10
11.88301507060001
 20
121.0221295834
 30
0.0
 10
11.84669193522001
 20
121.05422916868
 30
0.0
 10
11.82793345863999
 20
121.09004098174
 30
0.0
 10
11.82793345863999
 20
121.1309686596
 30
0.0
  0
SPLINE
  5
239
330
223
100
AcDbEntity
  8
03___PRT_ALL_CURVES
  6
Continuous
 62
     4
100
AcDbSpline
210
0.0
220
0.0
230
1.0
 70
     8
 71
     3
 72
     8
 73
     4
 74
     0
 42
0.0000001
 43
0.0000000001
 40
0.0
 40
0.0
 40
0.0
 40
0.0
 40
1.0
 40
1.0
 40
1.0
 40
1.0
 10
11.82793345863999
 20
121.1309686596
 30
0.0
 10
11.82793345863999
 20
121.1855389466999
 30
0.0
 10
11.85010251259999
 20
121.2315824919
 30
0.0
 10
11.89579635568001
 20
121.26951700582
 30
0.0
  0
SPLINE
  5
23A
330
223
100
AcDbEntity
  8
03___PRT_ALL_CURVES
  6
Continuous
 62
     4
100
AcDbSpline
210
0.0
220
0.0
230
1.0
 70
     8
 71
     3
 72
     8
 73
     4
 74
     0
 42
0.0000001
 43
0.0000000001
 40
0.0
 40
0.0
 40
0.0
 40
0.0
 40
1.0
 40
1.0
 40
1.0
 40
1.0
 10
11.89579635568001
 20
121.26951700582
 30
0.0
 10
11.94048461276003
 20
121.30661669286
 30
0.0
 10
12.00869735924002
 20
121.32708045686
 30
0.0
 10
12.09907915968003
 20
121.32708045686
 30
0.0
  0
SPLINE
  5
23B
330
223
100
AcDbEntity
  8
03___PRT_ALL_CURVES
  6
Continuous
 62
     4
100
AcDbSpline
210
0.0
220
0.0
230
1.0
 70
     8
 71
     3
 72
     8
 73
     4
 74
     0
 42
0.0000001
 43
0.0000000001
 40
0.0
 40
0.0
 40
0.0
 40
0.0
 40
1.0
 40
1.0
 40
1.0
 40
1.0
 10
12.09907915968003
 20
121.32708045686
 30
0.0
 10
12.20821973642001
 20
121.32708045686
 30
0.0
 10
12.29348596924001
 20
121.3015006782
 30
0.0
 10
12.35487728664
 20
121.25034114628
 30
0.0
  0
SPLINE
  5
23C
330
223
100
AcDbEntity
  8
03___PRT_ALL_CURVES
  6
Continuous
 62
     4
100
AcDbSpline
210
0.0
220
0.0
230
1.0
 70
     8
 71
     3
 72
     8
 73
     4
 74
     0
 42
0.0000001
 43
0.0000000001
 40
0.0
 40
0.0
 40
0.0
 40
0.0
 40
1.0
 40
1.0
 40
1.0
 40
1.0
 10
12.35487728664
 20
121.25034114628
 30
0.0
 10
12.41626885550002
 20
121.1991814060799
 30
0.0
 10
12.45719668068003
 20
121.11732605036
 30
0.0
 10
12.47766044722002
 20
121.00477489624
 30
0.0
  0
SPLINE
  5
23D
330
223
100
AcDbEntity
  8
03___PRT_ALL_CURVES
  6
Continuous
 62
     4
100
AcDbSpline
210
0.0
220
0.0
230
1.0
 70
     8
 71
     3
 72
     8
 73
     4
 74
     0
 42
0.0000001
 43
0.0000000001
 40
0.0
 40
0.0
 40
0.0
 40
0.0
 40
1.0
 40
1.0
 40
1.0
 40
1.0
 10
13.20583251132001
 20
121.04740786406
 30
0.0
 10
13.17343112832003
 20
121.30661669286
 30
0.0
 10
13.07281729348
 20
121.49420189808
 30
0.0
 10
12.90569595386003
 20
121.61357428316
 30
0.0
  0
SPLINE
  5
23E
330
223
100
AcDbEntity
  8
03___PRT_ALL_CURVES
  6
Continuous
 62
     4
100
AcDbSpline
210
0.0
220
0.0
230
1.0
 70
     8
 71
     3
 72
     8
 73
     4
 74
     0
 42
0.0000001
 43
0.0000000001
 40
0.0
 40
0.0
 40
0.0
 40
0.0
 40
1.0
 40
1.0
 40
1.0
 40
1.0
 10
12.90569595386003
 20
121.61357428316
 30
0.0
 10
12.73857441357998
 20
121.73294681302
 30
0.0
 10
12.49471363384001
 20
121.79263311478
 30
0.0
 10
12.17581865060001
 20
121.79263311478
 30
0.0
  0
SPLINE
  5
23F
330
223
100
AcDbEntity
  8
03___PRT_ALL_CURVES
  6
Continuous
 62
     4
100
AcDbSpline
210
0.0
220
0.0
230
1.0
 70
     8
 71
     3
 72
     8
 73
     4
 74
     0
 42
0.0000001
 43
0.0000000001
 40
0.0
 40
0.0
 40
0.0
 40
0.0
 40
1.0
 40
1.0
 40
1.0
 40
1.0
 10
12.17581865060001
 20
121.79263311478
 30
0.0
 10
11.91490468170002
 20
121.79263311478
 30
0.0
 10
11.71026614254001
 20
121.75852674154
 30
0.0
 10
11.56019798700001
 20
121.69372453942
 30
0.0
  0
SPLINE
  5
240
330
223
100
AcDbEntity
  8
03___PRT_ALL_CURVES
  6
Continuous
 62
     4
100
AcDbSpline
210
0.0
220
0.0
230
1.0
 70
     8
 71
     3
 72
     8
 73
     4
 74
     0
 42
0.0000001
 43
0.0000000001
 40
0.0
 40
0.0
 40
0.0
 40
0.0
 40
1.0
 40
1.0
 40
1.0
 40
1.0
 10
11.56019798700001
 20
121.69372453942
 30
0.0
 10
11.41012963588
 20
121.62892225348
 30
0.0
 10
11.29928406890002
 20
121.53854030318
 30
0.0
 10
11.22424983491999
 20
121.42428373464
 30
0.0
  0
SPLINE
  5
241
330
223
100
AcDbEntity
  8
03___PRT_ALL_CURVES
  6
Continuous
 62
     4
100
AcDbSpline
210
0.0
220
0.0
230
1.0
 70
     8
 71
     3
 72
     8
 73
     4
 74
     0
 42
0.0000001
 43
0.0000000001
 40
0.0
 40
0.0
 40
0.0
 40
0.0
 40
1.0
 40
1.0
 40
1.0
 40
1.0
 10
11.22424983491999
 20
121.42428373464
 30
0.0
 10
11.14921566698001
 20
121.31002727024
 30
0.0
 10
11.11340400378
 20
121.18894952408
 30
0.0
 10
11.11340400378
 20
121.0610504733
 30
0.0
  0
SPLINE
  5
242
330
223
100
AcDbEntity
  8
03___PRT_ALL_CURVES
  6
Continuous
 62
     4
100
AcDbSpline
210
0.0
220
0.0
230
1.0
 70
     8
 71
     3
 72
     8
 73
     4
 74
     0
 42
0.0000001
 43
0.0000000001
 40
0.0
 40
0.0
 40
0.0
 40
0.0
 40
1.0
 40
1.0
 40
1.0
 40
1.0
 10
11.11340400378
 20
121.0610504733
 30
0.0
 10
11.11340400378
 20
120.86493867604
 30
0.0
 10
11.18502733018002
 20
120.70463853944
 30
0.0
 10
11.33094731774003
 20
120.5776022656999
 30
0.0
  0
SPLINE
  5
243
330
223
100
AcDbEntity
  8
03___PRT_ALL_CURVES
  6
Continuous
 62
     4
100
AcDbSpline
210
0.0
220
0.0
230
1.0
 70
     8
 71
     3
 72
     8
 73
     4
 74
     0
 42
0.0000001
 43
0.0000000001
 40
0.0
 40
0.0
 40
0.0
 40
0.0
 40
1.0
 40
1.0
 40
1.0
 40
1.0
 10
11.33094731774003
 20
120.5776022656999
 30
0.0
 10
11.47493180498
 20
120.45225101526
 30
0.0
 10
11.71708759448001
 20
120.34993181934
 30
0.0
 10
12.05639097226
 20
120.2746488456999
 30
0.0
  0
SPLINE
  5
244
330
223
100
AcDbEntity
  8
03___PRT_ALL_CURVES
  6
Continuous
 62
     4
100
AcDbSpline
210
0.0
220
0.0
230
1.0
 70
     8
 71
     3
 72
     8
 73
     4
 74
     0
 42
0.0000001
 43
0.0000000001
 40
0.0
 40
0.0
 40
0.0
 40
0.0
 40
1.0
 40
1.0
 40
1.0
 40
1.0
 10
12.05639097226
 20
120.2746488456999
 30
0.0
 10
12.26279017338001
 20
120.22885399952
 30
0.0
 10
12.39409980153999
 20
120.18110501704
 30
0.0
 10
12.45169951107999
 20
120.12952318726
 30
0.0
  0
SPLINE
  5
245
330
223
100
AcDbEntity
  8
03___PRT_ALL_CURVES
  6
Continuous
 62
     4
100
AcDbSpline
210
0.0
220
0.0
230
1.0
 70
     8
 71
     3
 72
     8
 73
     4
 74
     0
 42
0.0000001
 43
0.0000000001
 40
0.0
 40
0.0
 40
0.0
 40
0.0
 40
1.0
 40
1.0
 40
1.0
 40
1.0
 10
12.45169951107999
 20
120.12952318726
 30
0.0
 10
12.50835624307999
 20
120.07878582112
 30
0.0
 10
12.53734674898001
 20
120.02080488044
 30
0.0
 10
12.53734674898001
 20
119.95600271134
 30
0.0
  0
SPLINE
  5
246
330
223
100
AcDbEntity
  8
03___PRT_ALL_CURVES
  6
Continuous
 62
     4
100
AcDbSpline
210
0.0
220
0.0
230
1.0
 70
     8
 71
     3
 72
     8
 73
     4
 74
     0
 42
0.0000001
 43
0.0000000001
 40
0.0
 40
0.0
 40
0.0
 40
0.0
 40
1.0
 40
1.0
 40
1.0
 40
1.0
 10
12.53734674898001
 20
119.95600271134
 30
0.0
 10
12.53734674898001
 20
119.88778988866
 30
0.0
 10
12.50665095312002
 20
119.8263983705999
 30
0.0
 10
12.44696464120003
 20
119.77523874724
 30
0.0
  0
SPLINE
  5
247
330
223
100
AcDbEntity
  8
03___PRT_ALL_CURVES
  6
Continuous
 62
     4
100
AcDbSpline
210
0.0
220
0.0
230
1.0
 70
     8
 71
     3
 72
     8
 73
     4
 74
     0
 42
0.0000001
 43
0.0000000001
 40
0.0
 40
0.0
 40
0.0
 40
0.0
 40
1.0
 40
1.0
 40
1.0
 40
1.0
 10
12.44696464120003
 20
119.77523874724
 30
0.0
 10
12.38727834706
 20
119.7240791391199
 30
0.0
 10
12.30201241142001
 20
119.69849931982
 30
0.0
 10
12.19287183722003
 20
119.69849931982
 30
0.0
  0
SPLINE
  5
248
330
223
100
AcDbEntity
  8
03___PRT_ALL_CURVES
  6
Continuous
 62
     4
100
AcDbSpline
210
0.0
220
0.0
230
1.0
 70
     8
 71
     3
 72
     8
 73
     4
 74
     0
 42
0.0000001
 43
0.0000000001
 40
0.0
 40
0.0
 40
0.0
 40
0.0
 40
1.0
 40
1.0
 40
1.0
 40
1.0
 10
12.19287183722003
 20
119.69849931982
 30
0.0
 10
12.04450902244
 20
119.69849931982
 30
0.0
 10
11.93025258090003
 20
119.74795363036
 30
0.0
 10
11.85088660805999
 20
119.84954205304
 30
0.0
  0
SPLINE
  5
249
330
223
100
AcDbEntity
  8
03___PRT_ALL_CURVES
  6
Continuous
 62
     4
100
AcDbSpline
210
0.0
220
0.0
230
1.0
 70
     8
 71
     3
 72
     8
 73
     4
 74
     0
 42
0.0000001
 43
0.0000000001
 40
0.0
 40
0.0
 40
0.0
 40
0.0
 40
1.0
 40
1.0
 40
1.0
 40
1.0
 10
11.85088660805999
 20
119.84954205304
 30
0.0
 10
11.80235353012
 20
119.9116643799
 30
0.0
 10
11.76995244430003
 20
120.00375169382
 30
0.0
 10
11.75460454763999
 20
120.12312415256
 30
0.0
  0
SPLINE
  5
24A
330
223
100
AcDbEntity
  8
03___PRT_ALL_CURVES
  6
Continuous
 62
     4
100
AcDbSpline
210
0.0
220
0.0
230
1.0
 70
     8
 71
     3
 72
     8
 73
     4
 74
     0
 42
0.0000001
 43
0.0000000001
 40
0.0
 40
0.0
 40
0.0
 40
0.0
 40
1.0
 40
1.0
 40
1.0
 40
1.0
 10
18.10692396642003
 20
121.16336974288
 30
0.0
 10
17.85283115482002
 20
120.84788533956
 30
0.0
 10
17.66695108970004
 20
120.55286499742
 30
0.0
 10
17.55026638022002
 20
120.2769096743
 30
0.0
  0
SPLINE
  5
24B
330
223
100
AcDbEntity
  8
03___PRT_ALL_CURVES
  6
Continuous
 62
     4
100
AcDbSpline
210
0.0
220
0.0
230
1.0
 70
     8
 71
     3
 72
     8
 73
     4
 74
     0
 42
0.0000001
 43
0.0000000001
 40
0.0
 40
0.0
 40
0.0
 40
0.0
 40
1.0
 40
1.0
 40
1.0
 40
1.0
 10
17.55026638022002
 20
120.2769096743
 30
0.0
 10
17.43332233928001
 20
120.00034104278
 30
0.0
 10
17.34805610646001
 20
119.6575716064
 30
0.0
 10
17.2934856695
 20
119.24999999838
 30
0.0
  0
SPLINE
  5
24C
330
223
100
AcDbEntity
  8
03___PRT_ALL_CURVES
  6
Continuous
 62
     4
100
AcDbSpline
210
0.0
220
0.0
230
1.0
 70
     8
 71
     3
 72
     8
 73
     4
 74
     0
 42
0.0000001
 43
0.0000000001
 40
0.0
 40
0.0
 40
0.0
 40
0.0
 40
1.0
 40
1.0
 40
1.0
 40
1.0
 10
17.98584607040002
 20
119.24999999838
 30
0.0
 10
18.00801542408001
 20
119.54331514454
 30
0.0
 10
18.05235352946002
 20
119.7974079028
 30
0.0
 10
18.11739489543999
 20
120.01271692608
 30
0.0
  0
SPLINE
  5
24D
330
223
100
AcDbEntity
  8
03___PRT_ALL_CURVES
  6
Continuous
 62
     4
100
AcDbSpline
210
0.0
220
0.0
230
1.0
 70
     8
 71
     3
 72
     8
 73
     4
 74
     0
 42
0.0000001
 43
0.0000000001
 40
0.0
 40
0.0
 40
0.0
 40
0.0
 40
1.0
 40
1.0
 40
1.0
 40
1.0
 10
18.11739489543999
 20
120.01271692608
 30
0.0
 10
18.20071664395999
 20
120.28854022762
 30
0.0
 10
18.31497278578001
 20
120.53922238818
 30
0.0
 10
18.45840165563996
 20
120.76420840252
 30
0.0
  0
SPLINE
  5
24E
330
223
100
AcDbEntity
  8
03___PRT_ALL_CURVES
  6
Continuous
 62
     4
100
AcDbSpline
210
0.0
220
0.0
230
1.0
 70
     8
 71
     3
 72
     8
 73
     4
 74
     0
 42
0.0000001
 43
0.0000000001
 40
0.0
 40
0.0
 40
0.0
 40
0.0
 40
1.0
 40
1.0
 40
1.0
 40
1.0
 10
18.45840165563996
 20
120.76420840252
 30
0.0
 10
18.57588735158001
 20
120.94849932172
 30
0.0
 10
18.72254457922003
 20
121.12073662774
 30
0.0
 10
18.89989819962
 20
121.28103676434
 30
0.0
  0
SPLINE
  5
24F
330
223
100
AcDbEntity
  8
03___PRT_ALL_CURVES
  6
Continuous
 62
     4
100
AcDbSpline
210
0.0
220
0.0
230
1.0
 70
     8
 71
     3
 72
     8
 73
     4
 74
     0
 42
0.0000001
 43
0.0000000001
 40
0.0
 40
0.0
 40
0.0
 40
0.0
 40
1.0
 40
1.0
 40
1.0
 40
1.0
 10
19.18980208006002
 20
120.51023188228
 30
0.0
 10
19.18980208006002
 20
120.31582537244
 30
0.0
 10
19.20515027644001
 20
120.14017733918
 30
0.0
 10
19.23925662428002
 20
119.9798773244999
 30
0.0
  0
SPLINE
  5
250
330
223
100
AcDbEntity
  8
03___PRT_ALL_CURVES
  6
Continuous
 62
     4
100
AcDbSpline
210
0.0
220
0.0
230
1.0
 70
     8
 71
     3
 72
     8
 73
     4
 74
     0
 42
0.0000001
 43
0.0000000001
 40
0.0
 40
0.0
 40
0.0
 40
0.0
 40
1.0
 40
1.0
 40
1.0
 40
1.0
 10
19.23925662428002
 20
119.9798773244999
 30
0.0
 10
19.27336302291999
 20
119.81957706598
 30
0.0
 10
19.31940641826003
 20
119.69508866878
 30
0.0
 10
19.37946084222003
 20
119.6021471173
 30
0.0
  0
SPLINE
  5
251
330
223
100
AcDbEntity
  8
03___PRT_ALL_CURVES
  6
Continuous
 62
     4
100
AcDbSpline
210
0.0
220
0.0
230
1.0
 70
     8
 71
     3
 72
     8
 73
     4
 74
     0
 42
0.0000001
 43
0.0000000001
 40
0.0
 40
0.0
 40
0.0
 40
0.0
 40
1.0
 40
1.0
 40
1.0
 40
1.0
 10
19.37946084222003
 20
119.6021471173
 30
0.0
 10
19.46265306852001
 20
119.47339699634
 30
0.0
 10
19.57008924938003
 20
119.37448840574
 30
0.0
 10
19.69969359011998
 20
119.30798090096
 30
0.0
  0
SPLINE
  5
252
330
223
100
AcDbEntity
  8
03___PRT_ALL_CURVES
  6
Continuous
 62
     4
100
AcDbSpline
210
0.0
220
0.0
230
1.0
 70
     8
 71
     3
 72
     8
 73
     4
 74
     0
 42
0.0000001
 43
0.0000000001
 40
0.0
 40
0.0
 40
0.0
 40
0.0
 40
1.0
 40
1.0
 40
1.0
 40
1.0
 10
19.69969359011998
 20
119.30798090096
 30
0.0
 10
19.82929792832002
 20
119.24147339618
 30
0.0
 10
19.99812450964001
 20
119.20736698484
 30
0.0
 10
20.20958390638
 20
119.20736698484
 30
0.0
  0
SPLINE
  5
253
330
223
100
AcDbEntity
  8
03___PRT_ALL_CURVES
  6
Continuous
 62
     4
100
AcDbSpline
210
0.0
220
0.0
230
1.0
 70
     8
 71
     3
 72
     8
 73
     4
 74
     0
 42
0.0000001
 43
0.0000000001
 40
0.0
 40
0.0
 40
0.0
 40
0.0
 40
1.0
 40
1.0
 40
1.0
 40
1.0
 10
20.20958390638
 20
119.20736698484
 30
0.0
 10
20.58475461400002
 20
119.20736698484
 30
0.0
 10
20.84907975718002
 20
119.3113915393
 30
0.0
 10
21.00296369122
 20
119.52255514542
 30
0.0
  0
SPLINE
  5
254
330
223
100
AcDbEntity
  8
03___PRT_ALL_CURVES
  6
Continuous
 62
     4
100
AcDbSpline
210
0.0
220
0.0
230
1.0
 70
     8
 71
     3
 72
     8
 73
     4
 74
     0
 42
0.0000001
 43
0.0000000001
 40
0.0
 40
0.0
 40
0.0
 40
0.0
 40
1.0
 40
1.0
 40
1.0
 40
1.0
 10
21.00296369122
 20
119.52255514542
 30
0.0
 10
21.15603652452
 20
119.73260573116
 30
0.0
 10
21.23277631261999
 20
120.06514321188
 30
0.0
 10
21.23277631261999
 20
120.51875847432
 30
0.0
  0
SPLINE
  5
255
330
223
100
AcDbEntity
  8
03___PRT_ALL_CURVES
  6
Continuous
 62
     4
100
AcDbSpline
210
0.0
220
0.0
230
1.0
 70
     8
 71
     3
 72
     8
 73
     4
 74
     0
 42
0.0000001
 43
0.0000000001
 40
0.0
 40
0.0
 40
0.0
 40
0.0
 40
1.0
 40
1.0
 40
1.0
 40
1.0
 10
21.23277631261999
 20
120.51875847432
 30
0.0
 10
21.23277631261999
 20
120.71998628878
 30
0.0
 10
21.20890226842002
 20
120.91439294594
 30
0.0
 10
21.1628486953
 20
121.1019756518
 30
0.0
  0
SPLINE
  5
256
330
223
100
AcDbEntity
  8
03___PRT_ALL_CURVES
  6
Continuous
 62
     4
100
AcDbSpline
210
0.0
220
0.0
230
1.0
 70
     8
 71
     3
 72
     8
 73
     4
 74
     0
 42
0.0000001
 43
0.0000000001
 40
0.0
 40
0.0
 40
0.0
 40
0.0
 40
1.0
 40
1.0
 40
1.0
 40
1.0
 10
21.1628486953
 20
121.1019756518
 30
0.0
 10
21.13898363508002
 20
121.1991814060799
 30
0.0
 10
21.10658255180002
 20
121.28444748904
 30
0.0
 10
21.06736031122
 20
121.35777625272
 30
0.0
  0
SPLINE
  5
257
330
223
100
AcDbEntity
  8
03___PRT_ALL_CURVES
  6
Continuous
 62
     4
100
AcDbSpline
210
0.0
220
0.0
230
1.0
 70
     8
 71
     3
 72
     8
 73
     4
 74
     0
 42
0.0000001
 43
0.0000000001
 40
0.0
 40
0.0
 40
0.0
 40
0.0
 40
1.0
 40
1.0
 40
1.0
 40
1.0
 10
21.06736031122
 20
121.35777625272
 30
0.0
 10
21.02813807064001
 20
121.4311050164
 30
0.0
 10
20.97527351799999
 20
121.5010232027
 30
0.0
 10
20.90706051752002
 20
121.56753040014
 30
0.0
  0
SPLINE
  5
258
330
223
100
AcDbEntity
  8
03___PRT_ALL_CURVES
  6
Continuous
 62
     4
100
AcDbSpline
210
0.0
220
0.0
230
1.0
 70
     8
 71
     3
 72
     8
 73
     4
 74
     0
 42
0.0000001
 43
0.0000000001
 40
0.0
 40
0.0
 40
0.0
 40
0.0
 40
1.0
 40
1.0
 40
1.0
 40
1.0
 10
20.90706051752002
 20
121.56753040014
 30
0.0
 10
20.83884683124003
 20
121.63403826814
 30
0.0
 10
20.75017061794003
 20
121.68860840792
 30
0.0
 10
20.64262938268004
 20
121.72925386892
 30
0.0
  0
SPLINE
  5
259
330
223
100
AcDbEntity
  8
03___PRT_ALL_CURVES
  6
Continuous
 62
     4
100
AcDbSpline
210
0.0
220
0.0
230
1.0
 70
     8
 71
     3
 72
     8
 73
     4
 74
     0
 42
0.0000001
 43
0.0000000001
 40
0.0
 40
0.0
 40
0.0
 40
0.0
 40
1.0
 40
1.0
 40
1.0
 40
1.0
 10
20.64262938268004
 20
121.72925386892
 30
0.0
 10
20.53359475696001
 20
121.77046376364
 30
0.0
 10
20.3954645684
 20
121.79263311478
 30
0.0
 10
20.22834268014
 20
121.79263311478
 30
0.0
  0
SPLINE
  5
25A
330
223
100
AcDbEntity
  8
03___PRT_ALL_CURVES
  6
Continuous
 62
     4
100
AcDbSpline
210
0.0
220
0.0
230
1.0
 70
     8
 71
     3
 72
     8
 73
     4
 74
     0
 42
0.0000001
 43
0.0000000001
 40
0.0
 40
0.0
 40
0.0
 40
0.0
 40
1.0
 40
1.0
 40
1.0
 40
1.0
 10
20.22834268014
 20
121.79263311478
 30
0.0
 10
19.87704601672004
 20
121.79263311478
 30
0.0
 10
19.61613264472001
 20
121.69713499996
 30
0.0
 10
19.44602478072002
 20
121.50746455126
 30
0.0
  0
SPLINE
  5
25B
330
223
100
AcDbEntity
  8
03___PRT_ALL_CURVES
  6
Continuous
 62
     4
100
AcDbSpline
210
0.0
220
0.0
230
1.0
 70
     8
 71
     3
 72
     8
 73
     4
 74
     0
 42
0.0000001
 43
0.0000000001
 40
0.0
 40
0.0
 40
0.0
 40
0.0
 40
1.0
 40
1.0
 40
1.0
 40
1.0
 10
19.44602478072002
 20
121.50746455126
 30
0.0
 10
19.27506890724001
 20
121.31684857486
 30
0.0
 10
19.18980208006002
 20
120.98431098238
 30
0.0
 10
19.18980208006002
 20
120.51023188228
 30
0.0
  0
SPLINE
  5
25C
330
223
100
AcDbEntity
  8
03___PRT_ALL_CURVES
  6
Continuous
 62
     4
100
AcDbSpline
210
0.0
220
0.0
230
1.0
 70
     8
 71
     3
 72
     8
 73
     4
 74
     0
 42
0.0000001
 43
0.0000000001
 40
0.0
 40
0.0
 40
0.0
 40
0.0
 40
1.0
 40
1.0
 40
1.0
 40
1.0
 10
19.87875190358
 20
120.50852659232
 30
0.0
 10
19.87875190358
 20
120.82230555836
 30
0.0
 10
19.90433183209998
 20
121.03888127202
 30
0.0
 10
19.95549121924
 20
121.15484335912
 30
0.0
  0
SPLINE
  5
25D
330
223
100
AcDbEntity
  8
03___PRT_ALL_CURVES
  6
Continuous
 62
     4
100
AcDbSpline
210
0.0
220
0.0
230
1.0
 70
     8
 71
     3
 72
     8
 73
     4
 74
     0
 42
0.0000001
 43
0.0000000001
 40
0.0
 40
0.0
 40
0.0
 40
0.0
 40
1.0
 40
1.0
 40
1.0
 40
1.0
 10
19.95549121924
 20
121.15484335912
 30
0.0
 10
20.00665035746002
 20
121.2708048798
 30
0.0
 10
20.08850660726003
 20
121.3304911841
 30
0.0
 10
20.20446863594003
 20
121.3304911841
 30
0.0
  0
SPLINE
  5
25E
330
223
100
AcDbEntity
  8
03___PRT_ALL_CURVES
  6
Continuous
 62
     4
100
AcDbSpline
210
0.0
220
0.0
230
1.0
 70
     8
 71
     3
 72
     8
 73
     4
 74
     0
 42
0.0000001
 43
0.0000000001
 40
0.0
 40
0.0
 40
0.0
 40
0.0
 40
1.0
 40
1.0
 40
1.0
 40
1.0
 10
20.20446863594003
 20
121.3304911841
 30
0.0
 10
20.31701889598
 20
121.3304911841
 30
0.0
 10
20.40057983884003
 20
121.27251016976
 30
0.0
 10
20.45685544892001
 20
121.15825396444
 30
0.0
  0
SPLINE
  5
25F
330
223
100
AcDbEntity
  8
03___PRT_ALL_CURVES
  6
Continuous
 62
     4
100
AcDbSpline
210
0.0
220
0.0
230
1.0
 70
     8
 71
     3
 72
     8
 73
     4
 74
     0
 42
0.0000001
 43
0.0000000001
 40
0.0
 40
0.0
 40
0.0
 40
0.0
 40
1.0
 40
1.0
 40
1.0
 40
1.0
 10
20.45685544892001
 20
121.15825396444
 30
0.0
 10
20.51313129014002
 20
121.04399728668
 30
0.0
 10
20.54212179604002
 20
120.82060027094
 30
0.0
 10
20.54212179604002
 20
120.48976804208
 30
0.0
  0
SPLINE
  5
260
330
223
100
AcDbEntity
  8
03___PRT_ALL_CURVES
  6
Continuous
 62
     4
100
AcDbSpline
210
0.0
220
0.0
230
1.0
 70
     8
 71
     3
 72
     8
 73
     4
 74
     0
 42
0.0000001
 43
0.0000000001
 40
0.0
 40
0.0
 40
0.0
 40
0.0
 40
1.0
 40
1.0
 40
1.0
 40
1.0
 10
20.54212179604002
 20
120.48976804208
 30
0.0
 10
20.54212179604002
 20
120.26296044896
 30
0.0
 10
20.52847948651998
 20
120.09583900774
 30
0.0
 10
20.50478672720004
 20
119.99006844712
 30
0.0
  0
SPLINE
  5
261
330
223
100
AcDbEntity
  8
03___PRT_ALL_CURVES
  6
Continuous
 62
     4
100
AcDbSpline
210
0.0
220
0.0
230
1.0
 70
     8
 71
     3
 72
     8
 73
     4
 74
     0
 42
0.0000001
 43
0.0000000001
 40
0.0
 40
0.0
 40
0.0
 40
0.0
 40
1.0
 40
1.0
 40
1.0
 40
1.0
 10
20.50478672720004
 20
119.99006844712
 30
0.0
 10
20.48073020432
 20
119.8826739476599
 30
0.0
 10
20.44150796374004
 20
119.80422920742
 30
0.0
 10
20.39034810670003
 20
119.75477489688
 30
0.0
  0
SPLINE
  5
262
330
223
100
AcDbEntity
  8
03___PRT_ALL_CURVES
  6
Continuous
 62
     4
100
AcDbSpline
210
0.0
220
0.0
230
1.0
 70
     8
 71
     3
 72
     8
 73
     4
 74
     0
 42
0.0000001
 43
0.0000000001
 40
0.0
 40
0.0
 40
0.0
 40
0.0
 40
1.0
 40
1.0
 40
1.0
 40
1.0
 10
20.39034810670003
 20
119.75477489688
 30
0.0
 10
20.33918824712001
 20
119.70532058888
 30
0.0
 10
20.27779665540001
 20
119.68144609764
 30
0.0
 10
20.20787921331998
 20
119.68144609764
 30
0.0
  0
SPLINE
  5
263
330
223
100
AcDbEntity
  8
03___PRT_ALL_CURVES
  6
Continuous
 62
     4
100
AcDbSpline
210
0.0
220
0.0
230
1.0
 70
     8
 71
     3
 72
     8
 73
     4
 74
     0
 42
0.0000001
 43
0.0000000001
 40
0.0
 40
0.0
 40
0.0
 40
0.0
 40
1.0
 40
1.0
 40
1.0
 40
1.0
 10
20.20787921331998
 20
119.68144609764
 30
0.0
 10
20.10044303499998
 20
119.68144609764
 30
0.0
 10
20.01858797646003
 20
119.73942700022
 30
0.0
 10
19.96231236384
 20
119.8553885691599
 30
0.0
  0
SPLINE
  5
264
330
223
100
AcDbEntity
  8
03___PRT_ALL_CURVES
  6
Continuous
 62
     4
100
AcDbSpline
210
0.0
220
0.0
230
1.0
 70
     8
 71
     3
 72
     8
 73
     4
 74
     0
 42
0.0000001
 43
0.0000000001
 40
0.0
 40
0.0
 40
0.0
 40
0.0
 40
1.0
 40
1.0
 40
1.0
 40
1.0
 10
19.96231236384
 20
119.8553885691599
 30
0.0
 10
19.90603652516
 20
119.971350608
 30
0.0
 10
19.87875190358
 20
120.18963168528
 30
0.0
 10
19.87875190358
 20
120.50852659232
 30
0.0
  0
LINE
  5
265
330
223
100
AcDbEntity
  8
03___PRT_ALL_CURVES
  6
Continuous
 62
     4
100
AcDbLine
 10
22.46742811813999
 20
119.81616645304
 30
0.0
 11
22.63325784236002
 21
119.96741929252
 31
0.0
  0
LINE
  5
266
330
223
100
AcDbEntity
  8
03___PRT_ALL_CURVES
  6
Continuous
 62
     4
100
AcDbLine
 10
22.63325784236002
 20
119.96741929252
 30
0.0
 11
22.91390133238002
 21
120.1713304976
 31
0.0
  0
SPLINE
  5
267
330
223
100
AcDbEntity
  8
03___PRT_ALL_CURVES
  6
Continuous
 62
     4
100
AcDbSpline
210
0.0
220
0.0
230
1.0
 70
     8
 71
     3
 72
     8
 73
     4
 74
     0
 42
0.0000001
 43
0.0000000001
 40
0.0
 40
0.0
 40
0.0
 40
0.0
 40
1.0
 40
1.0
 40
1.0
 40
1.0
 10
22.91390133238002
 20
120.1713304976
 30
0.0
 10
23.14955678436004
 20
120.3362892101
 30
0.0
 10
23.31156220838002
 20
120.4880627521199
 30
0.0
 10
23.40062514430002
 20
120.62765154584
 30
0.0
  0
SPLINE
  5
268
330
223
100
AcDbEntity
  8
03___PRT_ALL_CURVES
  6
Continuous
 62
     4
100
AcDbSpline
210
0.0
220
0.0
230
1.0
 70
     8
 71
     3
 72
     8
 73
     4
 74
     0
 42
0.0000001
 43
0.0000000001
 40
0.0
 40
0.0
 40
0.0
 40
0.0
 40
1.0
 40
1.0
 40
1.0
 40
1.0
 10
23.40062514430002
 20
120.62765154584
 30
0.0
 10
23.48891582878002
 20
120.76602998384
 30
0.0
 10
23.53495922666002
 20
120.91098222124
 30
0.0
 10
23.53495922666002
 20
121.06446105068
 30
0.0
  0
SPLINE
  5
269
330
223
100
AcDbEntity
  8
03___PRT_ALL_CURVES
  6
Continuous
 62
     4
100
AcDbSpline
210
0.0
220
0.0
230
1.0
 70
     8
 71
     3
 72
     8
 73
     4
 74
     0
 42
0.0000001
 43
0.0000000001
 40
0.0
 40
0.0
 40
0.0
 40
0.0
 40
1.0
 40
1.0
 40
1.0
 40
1.0
 10
23.53495922666002
 20
121.06446105068
 30
0.0
 10
23.53495922666002
 20
121.2077080006599
 30
0.0
 10
23.49573698608
 20
121.33560705144
 30
0.0
 10
23.41729206042001
 20
121.45156863054
 30
0.0
  0
SPLINE
  5
26A
330
223
100
AcDbEntity
  8
03___PRT_ALL_CURVES
  6
Continuous
 62
     4
100
AcDbSpline
210
0.0
220
0.0
230
1.0
 70
     8
 71
     3
 72
     8
 73
     4
 74
     0
 42
0.0000001
 43
0.0000000001
 40
0.0
 40
0.0
 40
0.0
 40
0.0
 40
1.0
 40
1.0
 40
1.0
 40
1.0
 10
23.41729206042001
 20
121.45156863054
 30
0.0
 10
23.3388468325
 20
121.5675306617599
 30
0.0
 10
23.23311772722002
 20
121.65279674472
 30
0.0
 10
23.09639688305998
 20
121.70833966132
 30
0.0
  0
SPLINE
  5
26B
330
223
100
AcDbEntity
  8
03___PRT_ALL_CURVES
  6
Continuous
 62
     4
100
AcDbSpline
210
0.0
220
0.0
230
1.0
 70
     8
 71
     3
 72
     8
 73
     4
 74
     0
 42
0.0000001
 43
0.0000000001
 40
0.0
 40
0.0
 40
0.0
 40
0.0
 40
1.0
 40
1.0
 40
1.0
 40
1.0
 10
23.09639688305998
 20
121.70833966132
 30
0.0
 10
22.96026673876003
 20
121.76364260888
 30
0.0
 10
22.77097549935999
 20
121.79263311478
 30
0.0
 10
22.5271150168
 20
121.79263311478
 30
0.0
  0
SPLINE
  5
26C
330
223
100
AcDbEntity
  8
03___PRT_ALL_CURVES
  6
Continuous
 62
     4
100
AcDbSpline
210
0.0
220
0.0
230
1.0
 70
     8
 71
     3
 72
     8
 73
     4
 74
     0
 42
0.0000001
 43
0.0000000001
 40
0.0
 40
0.0
 40
0.0
 40
0.0
 40
1.0
 40
1.0
 40
1.0
 40
1.0
 10
22.5271150168
 20
121.79263311478
 30
0.0
 10
22.29178038205998
 20
121.79263311478
 30
0.0
 10
22.10931149122001
 20
121.76193731892
 30
0.0
 10
21.97629654516001
 20
121.70395636808
 30
0.0
  0
SPLINE
  5
26D
330
223
100
AcDbEntity
  8
03___PRT_ALL_CURVES
  6
Continuous
 62
     4
100
AcDbSpline
210
0.0
220
0.0
230
1.0
 70
     8
 71
     3
 72
     8
 73
     4
 74
     0
 42
0.0000001
 43
0.0000000001
 40
0.0
 40
0.0
 40
0.0
 40
0.0
 40
1.0
 40
1.0
 40
1.0
 40
1.0
 10
21.97629654516001
 20
121.70395636808
 30
0.0
 10
21.84328165497999
 20
121.6459754401
 30
0.0
 10
21.74096193836002
 20
121.56070935714
 30
0.0
 10
21.66874779018002
 20
121.45196357768
 30
0.0
  0
SPLINE
  5
26E
330
223
100
AcDbEntity
  8
03___PRT_ALL_CURVES
  6
Continuous
 62
     4
100
AcDbSpline
210
0.0
220
0.0
230
1.0
 70
     8
 71
     3
 72
     8
 73
     4
 74
     0
 42
0.0000001
 43
0.0000000001
 40
0.0
 40
0.0
 40
0.0
 40
0.0
 40
1.0
 40
1.0
 40
1.0
 40
1.0
 10
21.66874779018002
 20
121.45196357768
 30
0.0
 10
21.59600940124002
 20
121.34242835606
 30
0.0
 10
21.54655542852001
 20
121.18894952408
 30
0.0
 10
21.51927080694003
 20
120.99454301424
 30
0.0
  0
SPLINE
  5
26F
330
223
100
AcDbEntity
  8
03___PRT_ALL_CURVES
  6
Continuous
 62
     4
100
AcDbSpline
210
0.0
220
0.0
230
1.0
 70
     8
 71
     3
 72
     8
 73
     4
 74
     0
 42
0.0000001
 43
0.0000000001
 40
0.0
 40
0.0
 40
0.0
 40
0.0
 40
1.0
 40
1.0
 40
1.0
 40
1.0
 10
22.21504059396
 20
120.93826743972
 30
0.0
 10
22.23379936772002
 20
121.07810365992
 30
0.0
 10
22.27131691524002
 20
121.1770122048
 30
0.0
 10
22.32801700503998
 20
121.23285306848
 30
0.0
  0
SPLINE
  5
270
330
223
100
AcDbEntity
  8
03___PRT_ALL_CURVES
  6
Continuous
 62
     4
100
AcDbSpline
210
0.0
220
0.0
230
1.0
 70
     8
 71
     3
 72
     8
 73
     4
 74
     0
 42
0.0000001
 43
0.0000000001
 40
0.0
 40
0.0
 40
0.0
 40
0.0
 40
1.0
 40
1.0
 40
1.0
 40
1.0
 10
22.32801700503998
 20
121.23285306848
 30
0.0
 10
22.38386836654001
 20
121.28785806896
 30
0.0
 10
22.45719638346003
 20
121.31684857486
 30
0.0
 10
22.54587379055999
 20
121.31684857486
 30
0.0
  0
SPLINE
  5
271
330
223
100
AcDbEntity
  8
03___PRT_ALL_CURVES
  6
Continuous
 62
     4
100
AcDbSpline
210
0.0
220
0.0
230
1.0
 70
     8
 71
     3
 72
     8
 73
     4
 74
     0
 42
0.0000001
 43
0.0000000001
 40
0.0
 40
0.0
 40
0.0
 40
0.0
 40
1.0
 40
1.0
 40
1.0
 40
1.0
 10
22.54587379055999
 20
121.31684857486
 30
0.0
 10
22.63113942648002
 20
121.31684857486
 30
0.0
 10
22.70105686601997
 20
121.28956350624
 30
0.0
 10
22.75733290028001
 20
121.23499291942
 30
0.0
  0
SPLINE
  5
272
330
223
100
AcDbEntity
  8
03___PRT_ALL_CURVES
  6
Continuous
 62
     4
100
AcDbSpline
210
0.0
220
0.0
230
1.0
 70
     8
 71
     3
 72
     8
 73
     4
 74
     0
 42
0.0000001
 43
0.0000000001
 40
0.0
 40
0.0
 40
0.0
 40
0.0
 40
1.0
 40
1.0
 40
1.0
 40
1.0
 10
22.75733290028001
 20
121.23499291942
 30
0.0
 10
22.81360831732002
 20
121.18042293204
 30
0.0
 10
22.84259882576001
 20
121.1156207604
 30
0.0
 10
22.84259882576001
 20
121.04058655944
 30
0.0
  0
SPLINE
  5
273
330
223
100
AcDbEntity
  8
03___PRT_ALL_CURVES
  6
Continuous
 62
     4
100
AcDbSpline
210
0.0
220
0.0
230
1.0
 70
     8
 71
     3
 72
     8
 73
     4
 74
     0
 42
0.0000001
 43
0.0000000001
 40
0.0
 40
0.0
 40
0.0
 40
0.0
 40
1.0
 40
1.0
 40
1.0
 40
1.0
 10
22.84259882576001
 20
121.04058655944
 30
0.0
 10
22.84259882576001
 20
120.96896323558
 30
0.0
 10
22.81360831732002
 20
120.89563432204
 30
0.0
 10
22.75677731083999
 20
120.8175975286599
 30
0.0
  0
SPLINE
  5
274
330
223
100
AcDbEntity
  8
03___PRT_ALL_CURVES
  6
Continuous
 62
     4
100
AcDbSpline
210
0.0
220
0.0
230
1.0
 70
     8
 71
     3
 72
     8
 73
     4
 74
     0
 42
0.0000001
 43
0.0000000001
 40
0.0
 40
0.0
 40
0.0
 40
0.0
 40
1.0
 40
1.0
 40
1.0
 40
1.0
 10
22.75677731083999
 20
120.8175975286599
 30
0.0
 10
22.69935217296003
 20
120.73874491268
 30
0.0
 10
22.56974783476002
 20
120.62278303386
 30
0.0
 10
22.36683253828005
 20
120.47269017682
 30
0.0
  0
SPLINE
  5
275
330
223
100
AcDbEntity
  8
03___PRT_ALL_CURVES
  6
Continuous
 62
     4
100
AcDbSpline
210
0.0
220
0.0
230
1.0
 70
     8
 71
     3
 72
     8
 73
     4
 74
     0
 42
0.0000001
 43
0.0000000001
 40
0.0
 40
0.0
 40
0.0
 40
0.0
 40
1.0
 40
1.0
 40
1.0
 40
1.0
 10
22.36683253828005
 20
120.47269017682
 30
0.0
 10
22.03257170312
 20
120.22544334594
 30
0.0
 10
21.80576410745999
 20
120.01057299844
 30
0.0
 10
21.68468638924003
 20
119.82980926802
 30
0.0
  0
SPLINE
  5
276
330
223
100
AcDbEntity
  8
03___PRT_ALL_CURVES
  6
Continuous
 62
     4
100
AcDbSpline
210
0.0
220
0.0
230
1.0
 70
     8
 71
     3
 72
     8
 73
     4
 74
     0
 42
0.0000001
 43
0.0000000001
 40
0.0
 40
0.0
 40
0.0
 40
0.0
 40
1.0
 40
1.0
 40
1.0
 40
1.0
 10
21.68468638924003
 20
119.82980926802
 30
0.0
 10
21.56360831795999
 20
119.64904501182
 30
0.0
 10
21.49198499155997
 20
119.45463846388
 30
0.0
 10
21.46811094736
 20
119.24999999838
 30
0.0
  0
SPLINE
  5
277
330
223
100
AcDbEntity
  8
03___PRT_ALL_CURVES
  6
Continuous
 62
     4
100
AcDbSpline
210
0.0
220
0.0
230
1.0
 70
     8
 71
     3
 72
     8
 73
     4
 74
     0
 42
0.0000001
 43
0.0000000001
 40
0.0
 40
0.0
 40
0.0
 40
0.0
 40
1.0
 40
1.0
 40
1.0
 40
1.0
 10
26.25729197603999
 20
65.94113231864
 30
0.0
 10
26.24092084546004
 20
65.865006827
 30
0.0
 10
26.21390856776
 20
65.80688950863998
 30
0.0
 10
26.17809635846004
 20
65.7674146549
 30
0.0
  0
SPLINE
  5
278
330
223
100
AcDbEntity
  8
03___PRT_ALL_CURVES
  6
Continuous
 62
     4
100
AcDbSpline
210
0.0
220
0.0
230
1.0
 70
     8
 71
     3
 72
     8
 73
     4
 74
     0
 42
0.0000001
 43
0.0000000001
 40
0.0
 40
0.0
 40
0.0
 40
0.0
 40
1.0
 40
1.0
 40
1.0
 40
1.0
 10
26.17809635846004
 20
65.7674146549
 30
0.0
 10
26.14187587718001
 20
65.72748977412002
 30
0.0
 10
26.08785132432004
 20
65.70784447177996
 30
0.0
 10
26.01745564088003
 20
65.70784447177996
 30
0.0
  0
SPLINE
  5
279
330
223
100
AcDbEntity
  8
03___PRT_ALL_CURVES
  6
Continuous
 62
     4
100
AcDbSpline
210
0.0
220
0.0
230
1.0
 70
     8
 71
     3
 72
     8
 73
     4
 74
     0
 42
0.0000001
 43
0.0000000001
 40
0.0
 40
0.0
 40
0.0
 40
0.0
 40
1.0
 40
1.0
 40
1.0
 40
1.0
 10
26.01745564088003
 20
65.70784447177996
 30
0.0
 10
25.94378580092001
 20
65.70784447177996
 30
0.0
 10
25.88730559638003
 20
65.73240109525997
 30
0.0
 10
25.84695343426003
 20
65.78131281099999
 30
0.0
  0
SPLINE
  5
27A
330
223
100
AcDbEntity
  8
03___PRT_ALL_CURVES
  6
Continuous
 62
     4
100
AcDbSpline
210
0.0
220
0.0
230
1.0
 70
     8
 71
     3
 72
     8
 73
     4
 74
     0
 42
0.0000001
 43
0.0000000001
 40
0.0
 40
0.0
 40
0.0
 40
0.0
 40
1.0
 40
1.0
 40
1.0
 40
1.0
 10
25.84695343426003
 20
65.78131281099999
 30
0.0
 10
25.80626876582002
 20
65.8306275587
 30
0.0
 10
25.78662348125999
 20
65.9223056075
 30
0.0
 10
25.78662348125999
 20
66.05491130368
 30
0.0
  0
SPLINE
  5
27B
330
223
100
AcDbEntity
  8
03___PRT_ALL_CURVES
  6
Continuous
 62
     4
100
AcDbSpline
210
0.0
220
0.0
230
1.0
 70
     8
 71
     3
 72
     8
 73
     4
 74
     0
 42
0.0000001
 43
0.0000000001
 40
0.0
 40
0.0
 40
0.0
 40
0.0
 40
1.0
 40
1.0
 40
1.0
 40
1.0
 10
25.78662348125999
 20
66.05491130368
 30
0.0
 10
25.78662348125999
 20
66.16214187154
 30
0.0
 10
25.80299454072002
 20
66.24072308343997
 30
0.0
 10
25.8369953033
 20
66.29172420571999
 30
0.0
  0
SPLINE
  5
27C
330
223
100
AcDbEntity
  8
03___PRT_ALL_CURVES
  6
Continuous
 62
     4
100
AcDbSpline
210
0.0
220
0.0
230
1.0
 70
     8
 71
     3
 72
     8
 73
     4
 74
     0
 42
0.0000001
 43
0.0000000001
 40
0.0
 40
0.0
 40
0.0
 40
0.0
 40
1.0
 40
1.0
 40
1.0
 40
1.0
 10
25.8369953033
 20
66.29172420571999
 30
0.0
 10
25.88157571959999
 20
66.35859479841997
 30
0.0
 10
25.94624148815998
 20
66.39297406671997
 30
0.0
 10
26.03055254382002
 20
66.39297406671997
 30
0.0
  0
SPLINE
  5
27D
330
223
100
AcDbEntity
  8
03___PRT_ALL_CURVES
  6
Continuous
 62
     4
100
AcDbSpline
210
0.0
220
0.0
230
1.0
 70
     8
 71
     3
 72
     8
 73
     4
 74
     0
 42
0.0000001
 43
0.0000000001
 40
0.0
 40
0.0
 40
0.0
 40
0.0
 40
1.0
 40
1.0
 40
1.0
 40
1.0
 10
26.03055254382002
 20
66.39297406671997
 30
0.0
 10
26.06738742824004
 20
66.39297406671997
 30
0.0
 10
26.10094815868004
 20
66.38478853571999
 30
0.0
 10
26.13098192132
 20
66.36956594741997
 30
0.0
  0
SPLINE
  5
27E
330
223
100
AcDbEntity
  8
03___PRT_ALL_CURVES
  6
Continuous
 62
     4
100
AcDbSpline
210
0.0
220
0.0
230
1.0
 70
     8
 71
     3
 72
     8
 73
     4
 74
     0
 42
0.0000001
 43
0.0000000001
 40
0.0
 40
0.0
 40
0.0
 40
0.0
 40
1.0
 40
1.0
 40
1.0
 40
1.0
 10
26.13098192132
 20
66.36956594741997
 30
0.0
 10
26.16070262387998
 20
66.35450203291998
 30
0.0
 10
26.18607775220005
 20
66.33240106112001
 30
0.0
 10
26.20701317134001
 20
66.30431700755997
 30
0.0
  0
SPLINE
  5
27F
330
223
100
AcDbEntity
  8
03___PRT_ALL_CURVES
  6
Continuous
 62
     4
100
AcDbSpline
210
0.0
220
0.0
230
1.0
 70
     8
 71
     3
 72
     8
 73
     4
 74
     0
 42
0.0000001
 43
0.0000000001
 40
0.0
 40
0.0
 40
0.0
 40
0.0
 40
1.0
 40
1.0
 40
1.0
 40
1.0
 10
26.20701317134001
 20
66.30431700755997
 30
0.0
 10
26.21963848263999
 20
66.28738064569998
 30
0.0
 10
26.2319167766
 20
66.26036837054002
 30
0.0
 10
26.24337653270004
 20
66.22435195285996
 30
0.0
  0
SPLINE
  5
280
330
223
100
AcDbEntity
  8
03___PRT_ALL_CURVES
  6
Continuous
 62
     4
100
AcDbSpline
210
0.0
220
0.0
230
1.0
 70
     8
 71
     3
 72
     8
 73
     4
 74
     0
 42
0.0000001
 43
0.0000000001
 40
0.0
 40
0.0
 40
0.0
 40
0.0
 40
1.0
 40
1.0
 40
1.0
 40
1.0
 10
26.57079814861999
 20
66.29720325241996
 30
0.0
 10
26.52823328074001
 20
66.42326056952001
 30
0.0
 10
26.46438604750003
 20
66.51739430302001
 30
0.0
 10
26.37742727552001
 20
66.57851153156003
 30
0.0
  0
SPLINE
  5
281
330
223
100
AcDbEntity
  8
03___PRT_ALL_CURVES
  6
Continuous
 62
     4
100
AcDbSpline
210
0.0
220
0.0
230
1.0
 70
     8
 71
     3
 72
     8
 73
     4
 74
     0
 42
0.0000001
 43
0.0000000001
 40
0.0
 40
0.0
 40
0.0
 40
0.0
 40
1.0
 40
1.0
 40
1.0
 40
1.0
 10
26.37742727552001
 20
66.57851153156003
 30
0.0
 10
26.29085263282005
 20
66.63935878095998
 30
0.0
 10
26.17216237997999
 20
66.67046389527997
 30
0.0
 10
26.02154840384
 20
66.67046389527997
 30
0.0
  0
SPLINE
  5
282
330
223
100
AcDbEntity
  8
03___PRT_ALL_CURVES
  6
Continuous
 62
     4
100
AcDbSpline
210
0.0
220
0.0
230
1.0
 70
     8
 71
     3
 72
     8
 73
     4
 74
     0
 42
0.0000001
 43
0.0000000001
 40
0.0
 40
0.0
 40
0.0
 40
0.0
 40
1.0
 40
1.0
 40
1.0
 40
1.0
 10
26.02154840384
 20
66.67046389527997
 30
0.0
 10
25.82836970459999
 20
66.67046389527997
 30
0.0
 10
25.67857433743998
 20
66.61643926875999
 30
0.0
 10
25.57298091388
 20
66.51002729971998
 30
0.0
  0
SPLINE
  5
283
330
223
100
AcDbEntity
  8
03___PRT_ALL_CURVES
  6
Continuous
 62
     4
100
AcDbSpline
210
0.0
220
0.0
230
1.0
 70
     8
 71
     3
 72
     8
 73
     4
 74
     0
 42
0.0000001
 43
0.0000000001
 40
0.0
 40
0.0
 40
0.0
 40
0.0
 40
1.0
 40
1.0
 40
1.0
 40
1.0
 10
25.57298091388
 20
66.51002729971998
 30
0.0
 10
25.46738744714
 20
66.40361528241996
 30
0.0
 10
25.41499999794001
 20
66.25136423056003
 30
0.0
 10
25.41499999794001
 20
66.05245568755998
 30
0.0
  0
SPLINE
  5
284
330
223
100
AcDbEntity
  8
03___PRT_ALL_CURVES
  6
Continuous
 62
     4
100
AcDbSpline
210
0.0
220
0.0
230
1.0
 70
     8
 71
     3
 72
     8
 73
     4
 74
     0
 42
0.0000001
 43
0.0000000001
 40
0.0
 40
0.0
 40
0.0
 40
0.0
 40
1.0
 40
1.0
 40
1.0
 40
1.0
 10
25.41499999794001
 20
66.05245568755998
 30
0.0
 10
25.41499999794001
 20
65.90347886079999
 30
0.0
 10
25.44446793494001
 20
65.78151430919999
 30
0.0
 10
25.50493282797999
 20
65.68567540511998
 30
0.0
  0
SPLINE
  5
285
330
223
100
AcDbEntity
  8
03___PRT_ALL_CURVES
  6
Continuous
 62
     4
100
AcDbSpline
210
0.0
220
0.0
230
1.0
 70
     8
 71
     3
 72
     8
 73
     4
 74
     0
 42
0.0000001
 43
0.0000000001
 40
0.0
 40
0.0
 40
0.0
 40
0.0
 40
1.0
 40
1.0
 40
1.0
 40
1.0
 10
25.50493282797999
 20
65.68567540511998
 30
0.0
 10
25.56479535494
 20
65.59079126925997
 30
0.0
 10
25.63600954068002
 20
65.52366984647998
 30
0.0
 10
25.7188360527
 20
65.48635691374
 30
0.0
  0
SPLINE
  5
286
330
223
100
AcDbEntity
  8
03___PRT_ALL_CURVES
  6
Continuous
 62
     4
100
AcDbSpline
210
0.0
220
0.0
230
1.0
 70
     8
 71
     3
 72
     8
 73
     4
 74
     0
 42
0.0000001
 43
0.0000000001
 40
0.0
 40
0.0
 40
0.0
 40
0.0
 40
1.0
 40
1.0
 40
1.0
 40
1.0
 10
25.7188360527
 20
65.48635691374
 30
0.0
 10
25.80135742690001
 20
65.44918144579998
 30
0.0
 10
25.90776945690001
 20
65.42953615107999
 30
0.0
 10
26.03873807482003
 20
65.42953615107999
 30
0.0
  0
SPLINE
  5
287
330
223
100
AcDbEntity
  8
03___PRT_ALL_CURVES
  6
Continuous
 62
     4
100
AcDbSpline
210
0.0
220
0.0
230
1.0
 70
     8
 71
     3
 72
     8
 73
     4
 74
     0
 42
0.0000001
 43
0.0000000001
 40
0.0
 40
0.0
 40
0.0
 40
0.0
 40
1.0
 40
1.0
 40
1.0
 40
1.0
 10
26.03873807482003
 20
65.42953615107999
 30
0.0
 10
26.14596864268003
 20
65.42953615107999
 30
0.0
 10
26.23437246384
 20
65.44508867522
 30
0.0
 10
26.3039495383
 20
65.47619372349999
 30
0.0
  0
SPLINE
  5
288
330
223
100
AcDbEntity
  8
03___PRT_ALL_CURVES
  6
Continuous
 62
     4
100
AcDbSpline
210
0.0
220
0.0
230
1.0
 70
     8
 71
     3
 72
     8
 73
     4
 74
     0
 42
0.0000001
 43
0.0000000001
 40
0.0
 40
0.0
 40
0.0
 40
0.0
 40
1.0
 40
1.0
 40
1.0
 40
1.0
 10
26.3039495383
 20
65.47619372349999
 30
0.0
 10
26.37352661276
 20
65.50729876923998
 30
0.0
 10
26.43164393111999
 20
65.55313779364002
 30
0.0
 10
26.47906148424002
 20
65.61457447035997
 30
0.0
  0
SPLINE
  5
289
330
223
100
AcDbEntity
  8
03___PRT_ALL_CURVES
  6
Continuous
 62
     4
100
AcDbSpline
210
0.0
220
0.0
230
1.0
 70
     8
 71
     3
 72
     8
 73
     4
 74
     0
 42
0.0000001
 43
0.0000000001
 40
0.0
 40
0.0
 40
0.0
 40
0.0
 40
1.0
 40
1.0
 40
1.0
 40
1.0
 10
26.47906148424002
 20
65.61457447035997
 30
0.0
 10
26.52577759349998
 20
65.67510231729997
 30
0.0
 10
26.56015686180004
 20
65.75122784195995
 30
0.0
 10
26.58225783359998
 20
65.8429058552
 30
0.0
  0
SPLINE
  5
28A
330
223
100
AcDbEntity
  8
03___PRT_ALL_CURVES
  6
Continuous
 62
     4
100
AcDbSpline
210
0.0
220
0.0
230
1.0
 70
     8
 71
     3
 72
     8
 73
     4
 74
     0
 42
0.0000001
 43
0.0000000001
 40
0.0
 40
0.0
 40
0.0
 40
0.0
 40
1.0
 40
1.0
 40
1.0
 40
1.0
 10
26.71568206763999
 20
66.04918145991996
 30
0.0
 10
26.71568206763999
 20
65.90839016415998
 30
0.0
 10
26.74269441646001
 20
65.79215552743997
 30
0.0
 10
26.79805272586003
 20
65.69866145229997
 30
0.0
  0
SPLINE
  5
28B
330
223
100
AcDbEntity
  8
03___PRT_ALL_CURVES
  6
Continuous
 62
     4
100
AcDbSpline
210
0.0
220
0.0
230
1.0
 70
     8
 71
     3
 72
     8
 73
     4
 74
     0
 42
0.0000001
 43
0.0000000001
 40
0.0
 40
0.0
 40
0.0
 40
0.0
 40
1.0
 40
1.0
 40
1.0
 40
1.0
 10
26.79805272586003
 20
65.69866145229997
 30
0.0
 10
26.85319913830003
 20
65.60552524283997
 30
0.0
 10
26.92523197111998
 20
65.53676670624
 30
0.0
 10
27.01347418986001
 20
65.49387118624
 30
0.0
  0
SPLINE
  5
28C
330
223
100
AcDbEntity
  8
03___PRT_ALL_CURVES
  6
Continuous
 62
     4
100
AcDbSpline
210
0.0
220
0.0
230
1.0
 70
     8
 71
     3
 72
     8
 73
     4
 74
     0
 42
0.0000001
 43
0.0000000001
 40
0.0
 40
0.0
 40
0.0
 40
0.0
 40
1.0
 40
1.0
 40
1.0
 40
1.0
 10
27.01347418986001
 20
65.49387118624
 30
0.0
 10
27.10203961343998
 20
65.45081855200002
 30
0.0
 10
27.21418141354002
 20
65.42953615107999
 30
0.0
 10
27.35006140848
 20
65.42953615107999
 30
0.0
  0
SPLINE
  5
28D
330
223
100
AcDbEntity
  8
03___PRT_ALL_CURVES
  6
Continuous
 62
     4
100
AcDbSpline
210
0.0
220
0.0
230
1.0
 70
     8
 71
     3
 72
     8
 73
     4
 74
     0
 42
0.0000001
 43
0.0000000001
 40
0.0
 40
0.0
 40
0.0
 40
0.0
 40
1.0
 40
1.0
 40
1.0
 40
1.0
 10
27.35006140848
 20
65.42953615107999
 30
0.0
 10
27.48266710211999
 20
65.42953615107999
 30
0.0
 10
27.59399050659999
 20
65.45409276947998
 30
0.0
 10
27.68321279704
 20
65.5040245543
 30
0.0
  0
SPLINE
  5
28E
330
223
100
AcDbEntity
  8
03___PRT_ALL_CURVES
  6
Continuous
 62
     4
100
AcDbSpline
210
0.0
220
0.0
230
1.0
 70
     8
 71
     3
 72
     8
 73
     4
 74
     0
 42
0.0000001
 43
0.0000000001
 40
0.0
 40
0.0
 40
0.0
 40
0.0
 40
1.0
 40
1.0
 40
1.0
 40
1.0
 10
27.68321279704
 20
65.5040245543
 30
0.0
 10
27.77243508494001
 20
65.55395634166001
 30
0.0
 10
27.84037522338002
 20
65.62353341358002
 30
0.0
 10
27.88785132350003
 20
65.71357434856
 30
0.0
  0
SPLINE
  5
28F
330
223
100
AcDbEntity
  8
03___PRT_ALL_CURVES
  6
Continuous
 62
     4
100
AcDbSpline
210
0.0
220
0.0
230
1.0
 70
     8
 71
     3
 72
     8
 73
     4
 74
     0
 42
0.0000001
 43
0.0000000001
 40
0.0
 40
0.0
 40
0.0
 40
0.0
 40
1.0
 40
1.0
 40
1.0
 40
1.0
 10
27.88785132350003
 20
65.71357434856
 30
0.0
 10
27.93532742615997
 20
65.80361528354001
 30
0.0
 10
27.95906561845999
 20
65.91821280643995
 30
0.0
 10
27.95906561845999
 20
66.05900406664
 30
0.0
  0
SPLINE
  5
290
330
223
100
AcDbEntity
  8
03___PRT_ALL_CURVES
  6
Continuous
 62
     4
100
AcDbSpline
210
0.0
220
0.0
230
1.0
 70
     8
 71
     3
 72
     8
 73
     4
 74
     0
 42
0.0000001
 43
0.0000000001
 40
0.0
 40
0.0
 40
0.0
 40
0.0
 40
1.0
 40
1.0
 40
1.0
 40
1.0
 10
27.95906561845999
 20
66.05900406664
 30
0.0
 10
27.95906561845999
 20
66.25218283953998
 30
0.0
 10
27.90504092335999
 20
66.40197820669997
 30
0.0
 10
27.79699183288
 20
66.50920872121998
 30
0.0
  0
SPLINE
  5
291
330
223
100
AcDbEntity
  8
03___PRT_ALL_CURVES
  6
Continuous
 62
     4
100
AcDbSpline
210
0.0
220
0.0
230
1.0
 70
     8
 71
     3
 72
     8
 73
     4
 74
     0
 42
0.0000001
 43
0.0000000001
 40
0.0
 40
0.0
 40
0.0
 40
0.0
 40
1.0
 40
1.0
 40
1.0
 40
1.0
 10
27.79699183288
 20
66.50920872121998
 30
0.0
 10
27.68894270938003
 20
66.61643926875999
 30
0.0
 10
27.53505457926002
 20
66.67046389527997
 30
0.0
 10
27.33532742474003
 20
66.67046389527997
 30
0.0
  0
SPLINE
  5
292
330
223
100
AcDbEntity
  8
03___PRT_ALL_CURVES
  6
Continuous
 62
     4
100
AcDbSpline
210
0.0
220
0.0
230
1.0
 70
     8
 71
     3
 72
     8
 73
     4
 74
     0
 42
0.0000001
 43
0.0000000001
 40
0.0
 40
0.0
 40
0.0
 40
0.0
 40
1.0
 40
1.0
 40
1.0
 40
1.0
 10
27.33532742474003
 20
66.67046389527997
 30
0.0
 10
27.14051164724
 20
66.67046389527997
 30
0.0
 10
26.98826059283999
 20
66.61562073089999
 30
0.0
 10
26.87939293148
 20
66.50675310256003
 30
0.0
  0
SPLINE
  5
293
330
223
100
AcDbEntity
  8
03___PRT_ALL_CURVES
  6
Continuous
 62
     4
100
AcDbSpline
210
0.0
220
0.0
230
1.0
 70
     8
 71
     3
 72
     8
 73
     4
 74
     0
 42
0.0000001
 43
0.0000000001
 40
0.0
 40
0.0
 40
0.0
 40
0.0
 40
1.0
 40
1.0
 40
1.0
 40
1.0
 10
26.87939293148
 20
66.50675310256003
 30
0.0
 10
26.76970662050002
 20
66.39706682968
 30
0.0
 10
26.71568206763999
 20
66.24481584893996
 30
0.0
 10
26.71568206763999
 20
66.04918145991996
 30
0.0
  0
SPLINE
  5
294
330
223
100
AcDbEntity
  8
03___PRT_ALL_CURVES
  6
Continuous
 62
     4
100
AcDbSpline
210
0.0
220
0.0
230
1.0
 70
     8
 71
     3
 72
     8
 73
     4
 74
     0
 42
0.0000001
 43
0.0000000001
 40
0.0
 40
0.0
 40
0.0
 40
0.0
 40
1.0
 40
1.0
 40
1.0
 40
1.0
 10
27.08648709438003
 20
66.04754434610001
 30
0.0
 10
27.08648709438003
 20
66.16950886213999
 30
0.0
 10
27.10858792394001
 20
66.2570941429
 30
0.0
 10
27.15439414424
 20
66.31032836714002
 30
0.0
  0
SPLINE
  5
295
330
223
100
AcDbEntity
  8
03___PRT_ALL_CURVES
  6
Continuous
 62
     4
100
AcDbSpline
210
0.0
220
0.0
230
1.0
 70
     8
 71
     3
 72
     8
 73
     4
 74
     0
 42
0.0000001
 43
0.0000000001
 40
0.0
 40
0.0
 40
0.0
 40
0.0
 40
1.0
 40
1.0
 40
1.0
 40
1.0
 10
27.15439414424
 20
66.31032836714002
 30
0.0
 10
27.19944743234001
 20
66.36268756391999
 30
0.0
 10
27.25920190008
 20
66.38969983908001
 30
0.0
 10
27.33450888688003
 20
66.38969983908001
 30
0.0
  0
SPLINE
  5
296
330
223
100
AcDbEntity
  8
03___PRT_ALL_CURVES
  6
Continuous
 62
     4
100
AcDbSpline
210
0.0
220
0.0
230
1.0
 70
     8
 71
     3
 72
     8
 73
     4
 74
     0
 42
0.0000001
 43
0.0000000001
 40
0.0
 40
0.0
 40
0.0
 40
0.0
 40
1.0
 40
1.0
 40
1.0
 40
1.0
 10
27.33450888688003
 20
66.38969983908001
 30
0.0
 10
27.41227148980002
 20
66.38969983908001
 30
0.0
 10
27.47366303580003
 20
66.36350617289997
 30
0.0
 10
27.51950205766002
 20
66.31111869575997
 30
0.0
  0
SPLINE
  5
297
330
223
100
AcDbEntity
  8
03___PRT_ALL_CURVES
  6
Continuous
 62
     4
100
AcDbSpline
210
0.0
220
0.0
230
1.0
 70
     8
 71
     3
 72
     8
 73
     4
 74
     0
 42
0.0000001
 43
0.0000000001
 40
0.0
 40
0.0
 40
0.0
 40
0.0
 40
1.0
 40
1.0
 40
1.0
 40
1.0
 10
27.51950205766002
 20
66.31111869575997
 30
0.0
 10
27.56534108206
 20
66.25873122116002
 30
0.0
 10
27.58826059425999
 20
66.17687585274001
 30
0.0
 10
27.58826059425999
 20
66.06391544111997
 30
0.0
  0
SPLINE
  5
298
330
223
100
AcDbEntity
  8
03___PRT_ALL_CURVES
  6
Continuous
 62
     4
100
AcDbSpline
210
0.0
220
0.0
230
1.0
 70
     8
 71
     3
 72
     8
 73
     4
 74
     0
 42
0.0000001
 43
0.0000000001
 40
0.0
 40
0.0
 40
0.0
 40
0.0
 40
1.0
 40
1.0
 40
1.0
 40
1.0
 10
27.58826059425999
 20
66.06391544111997
 30
0.0
 10
27.58826059425999
 20
65.92967256254002
 30
0.0
 10
27.56615961992
 20
65.83635743802
 30
0.0
 10
27.52273857138002
 20
65.78482027160001
 30
0.0
  0
SPLINE
  5
299
330
223
100
AcDbEntity
  8
03___PRT_ALL_CURVES
  6
Continuous
 62
     4
100
AcDbSpline
210
0.0
220
0.0
230
1.0
 70
     8
 71
     3
 72
     8
 73
     4
 74
     0
 42
0.0000001
 43
0.0000000001
 40
0.0
 40
0.0
 40
0.0
 40
0.0
 40
1.0
 40
1.0
 40
1.0
 40
1.0
 10
27.52273857138002
 20
65.78482027160001
 30
0.0
 10
27.47857441028003
 20
65.73240109525997
 30
0.0
 10
27.41718286682004
 20
65.7070259136
 30
0.0
 10
27.33778304086005
 20
65.7070259136
 30
0.0
  0
SPLINE
  5
29A
330
223
100
AcDbEntity
  8
03___PRT_ALL_CURVES
  6
Continuous
 62
     4
100
AcDbSpline
210
0.0
220
0.0
230
1.0
 70
     8
 71
     3
 72
     8
 73
     4
 74
     0
 42
0.0000001
 43
0.0000000001
 40
0.0
 40
0.0
 40
0.0
 40
0.0
 40
1.0
 40
1.0
 40
1.0
 40
1.0
 10
27.33778304086005
 20
65.7070259136
 30
0.0
 10
27.26002043794
 20
65.7070259136
 30
0.0
 10
27.19862889448001
 20
65.73321965343999
 30
0.0
 10
27.15340667098002
 20
65.78625295352
 30
0.0
  0
SPLINE
  5
29B
330
223
100
AcDbEntity
  8
03___PRT_ALL_CURVES
  6
Continuous
 62
     4
100
AcDbSpline
210
0.0
220
0.0
230
1.0
 70
     8
 71
     3
 72
     8
 73
     4
 74
     0
 42
0.0000001
 43
0.0000000001
 40
0.0
 40
0.0
 40
0.0
 40
0.0
 40
1.0
 40
1.0
 40
1.0
 40
1.0
 10
27.15340667098002
 20
65.78625295352
 30
0.0
 10
27.10858792394001
 20
65.83881308969998
 30
0.0
 10
27.08648709438003
 20
65.92639837045999
 30
0.0
 10
27.08648709438003
 20
66.04754434610001
 30
0.0
  0
SPLINE
  5
29C
330
223
100
AcDbEntity
  8
03___PRT_ALL_CURVES
  6
Continuous
 62
     4
100
AcDbSpline
210
0.0
220
0.0
230
1.0
 70
     8
 71
     3
 72
     8
 73
     4
 74
     0
 42
0.0000001
 43
0.0000000001
 40
0.0
 40
0.0
 40
0.0
 40
0.0
 40
1.0
 40
1.0
 40
1.0
 40
1.0
 10
30.16670531290001
 20
66.67046389527997
 30
0.0
 10
30.13068904000002
 20
66.59515690594
 30
0.0
 10
30.08157557459998
 20
66.53130967523998
 30
0.0
 10
30.01940220643999
 20
66.48051444281998
 30
0.0
  0
SPLINE
  5
29D
330
223
100
AcDbEntity
  8
03___PRT_ALL_CURVES
  6
Continuous
 62
     4
100
AcDbSpline
210
0.0
220
0.0
230
1.0
 70
     8
 71
     3
 72
     8
 73
     4
 74
     0
 42
0.0000001
 43
0.0000000001
 40
0.0
 40
0.0
 40
0.0
 40
0.0
 40
1.0
 40
1.0
 40
1.0
 40
1.0
 10
30.01940220643999
 20
66.48051444281998
 30
0.0
 10
29.95633687156001
 20
66.42899048185998
 30
0.0
 10
29.86793326375999
 20
66.38478853571999
 30
0.0
 10
29.75497263878
 20
66.3487721917
 30
0.0
  0
SPLINE
  5
29E
330
223
100
AcDbEntity
  8
03___PRT_ALL_CURVES
  6
Continuous
 62
     4
100
AcDbSpline
210
0.0
220
0.0
230
1.0
 70
     8
 71
     3
 72
     8
 73
     4
 74
     0
 42
0.0000001
 43
0.0000000001
 40
0.0
 40
0.0
 40
0.0
 40
0.0
 40
1.0
 40
1.0
 40
1.0
 40
1.0
 10
29.75497263878
 20
66.07537519721998
 30
0.0
 10
29.83191670384002
 20
66.09829470941997
 30
0.0
 10
29.89576386595999
 20
66.12285129987998
 30
0.0
 10
29.94667861808
 20
66.14871923391996
 30
0.0
  0
SPLINE
  5
29F
330
223
100
AcDbEntity
  8
03___PRT_ALL_CURVES
  6
Continuous
 62
     4
100
AcDbSpline
210
0.0
220
0.0
230
1.0
 70
     8
 71
     3
 72
     8
 73
     4
 74
     0
 42
0.0000001
 43
0.0000000001
 40
0.0
 40
0.0
 40
0.0
 40
0.0
 40
1.0
 40
1.0
 40
1.0
 40
1.0
 10
29.94667861808
 20
66.14871923391996
 30
0.0
 10
29.99726466118003
 20
66.17442016550001
 30
0.0
 10
30.05047053394
 20
66.20798089339999
 30
0.0
 10
30.10531376943999
 20
66.24972715229998
 30
0.0
  0
SPLINE
  5
2A0
330
223
100
AcDbEntity
  8
03___PRT_ALL_CURVES
  6
Continuous
 62
     4
100
AcDbSpline
210
0.0
220
0.0
230
1.0
 70
     8
 71
     3
 72
     8
 73
     4
 74
     0
 42
0.0000001
 43
0.0000000001
 40
0.0
 40
0.0
 40
0.0
 40
0.0
 40
1.0
 40
1.0
 40
1.0
 40
1.0
 10
26.25729197603999
 20
28.94113231828001
 30
0.0
 10
26.24092084546004
 20
28.86500682664001
 30
0.0
 10
26.21390856776
 20
28.80688950827999
 30
0.0
 10
26.17809635846004
 20
28.76741465454
 30
0.0
  0
SPLINE
  5
2A1
330
223
100
AcDbEntity
  8
03___PRT_ALL_CURVES
  6
Continuous
 62
     4
100
AcDbSpline
210
0.0
220
0.0
230
1.0
 70
     8
 71
     3
 72
     8
 73
     4
 74
     0
 42
0.0000001
 43
0.0000000001
 40
0.0
 40
0.0
 40
0.0
 40
0.0
 40
1.0
 40
1.0
 40
1.0
 40
1.0
 10
26.17809635846004
 20
28.76741465454
 30
0.0
 10
26.14187587718001
 20
28.72748977376
 30
0.0
 10
26.08785132432004
 20
28.70784447141997
 30
0.0
 10
26.01745564088003
 20
28.70784447141997
 30
0.0
  0
SPLINE
  5
2A2
330
223
100
AcDbEntity
  8
03___PRT_ALL_CURVES
  6
Continuous
 62
     4
100
AcDbSpline
210
0.0
220
0.0
230
1.0
 70
     8
 71
     3
 72
     8
 73
     4
 74
     0
 42
0.0000001
 43
0.0000000001
 40
0.0
 40
0.0
 40
0.0
 40
0.0
 40
1.0
 40
1.0
 40
1.0
 40
1.0
 10
26.01745564088003
 20
28.70784447141997
 30
0.0
 10
25.94378580092001
 20
28.70784447141997
 30
0.0
 10
25.88730559638003
 20
28.73240109489998
 30
0.0
 10
25.84695343426003
 20
28.78131281064
 30
0.0
  0
SPLINE
  5
2A3
330
223
100
AcDbEntity
  8
03___PRT_ALL_CURVES
  6
Continuous
 62
     4
100
AcDbSpline
210
0.0
220
0.0
230
1.0
 70
     8
 71
     3
 72
     8
 73
     4
 74
     0
 42
0.0000001
 43
0.0000000001
 40
0.0
 40
0.0
 40
0.0
 40
0.0
 40
1.0
 40
1.0
 40
1.0
 40
1.0
 10
25.84695343426003
 20
28.78131281064
 30
0.0
 10
25.80626876582002
 20
28.83062755833998
 30
0.0
 10
25.78662348125999
 20
28.92230560714
 30
0.0
 10
25.78662348125999
 20
29.05491130331998
 30
0.0
  0
SPLINE
  5
2A4
330
223
100
AcDbEntity
  8
03___PRT_ALL_CURVES
  6
Continuous
 62
     4
100
AcDbSpline
210
0.0
220
0.0
230
1.0
 70
     8
 71
     3
 72
     8
 73
     4
 74
     0
 42
0.0000001
 43
0.0000000001
 40
0.0
 40
0.0
 40
0.0
 40
0.0
 40
1.0
 40
1.0
 40
1.0
 40
1.0
 10
25.78662348125999
 20
29.05491130331998
 30
0.0
 10
25.78662348125999
 20
29.16214187117998
 30
0.0
 10
25.80299454072002
 20
29.24072308308001
 30
0.0
 10
25.8369953033
 20
29.29172420536
 30
0.0
  0
SPLINE
  5
2A5
330
223
100
AcDbEntity
  8
03___PRT_ALL_CURVES
  6
Continuous
 62
     4
100
AcDbSpline
210
0.0
220
0.0
230
1.0
 70
     8
 71
     3
 72
     8
 73
     4
 74
     0
 42
0.0000001
 43
0.0000000001
 40
0.0
 40
0.0
 40
0.0
 40
0.0
 40
1.0
 40
1.0
 40
1.0
 40
1.0
 10
25.8369953033
 20
29.29172420536
 30
0.0
 10
25.88157571959999
 20
29.35859479806001
 30
0.0
 10
25.94624148815998
 20
29.39297406635998
 30
0.0
 10
26.03055254382002
 20
29.39297406635998
 30
0.0
  0
SPLINE
  5
2A6
330
223
100
AcDbEntity
  8
03___PRT_ALL_CURVES
  6
Continuous
 62
     4
100
AcDbSpline
210
0.0
220
0.0
230
1.0
 70
     8
 71
     3
 72
     8
 73
     4
 74
     0
 42
0.0000001
 43
0.0000000001
 40
0.0
 40
0.0
 40
0.0
 40
0.0
 40
1.0
 40
1.0
 40
1.0
 40
1.0
 10
26.03055254382002
 20
29.39297406635998
 30
0.0
 10
26.06738742824004
 20
29.39297406635998
 30
0.0
 10
26.10094815868004
 20
29.38478853535997
 30
0.0
 10
26.13098192132
 20
29.36956594705998
 30
0.0
  0
SPLINE
  5
2A7
330
223
100
AcDbEntity
  8
03___PRT_ALL_CURVES
  6
Continuous
 62
     4
100
AcDbSpline
210
0.0
220
0.0
230
1.0
 70
     8
 71
     3
 72
     8
 73
     4
 74
     0
 42
0.0000001
 43
0.0000000001
 40
0.0
 40
0.0
 40
0.0
 40
0.0
 40
1.0
 40
1.0
 40
1.0
 40
1.0
 10
26.13098192132
 20
29.36956594705998
 30
0.0
 10
26.16070262387998
 20
29.35450203255999
 30
0.0
 10
26.18607775220005
 20
29.33240106075999
 30
0.0
 10
26.20701317134001
 20
29.30431700974
 30
0.0
  0
SPLINE
  5
2A8
330
223
100
AcDbEntity
  8
03___PRT_ALL_CURVES
  6
Continuous
 62
     4
100
AcDbSpline
210
0.0
220
0.0
230
1.0
 70
     8
 71
     3
 72
     8
 73
     4
 74
     0
 42
0.0000001
 43
0.0000000001
 40
0.0
 40
0.0
 40
0.0
 40
0.0
 40
1.0
 40
1.0
 40
1.0
 40
1.0
 10
26.20701317134001
 20
29.30431700974
 30
0.0
 10
26.21963848263999
 20
29.28738064533997
 30
0.0
 10
26.2319167766
 20
29.26036837017998
 30
0.0
 10
26.24337653270004
 20
29.2243519525
 30
0.0
  0
SPLINE
  5
2A9
330
223
100
AcDbEntity
  8
03___PRT_ALL_CURVES
  6
Continuous
 62
     4
100
AcDbSpline
210
0.0
220
0.0
230
1.0
 70
     8
 71
     3
 72
     8
 73
     4
 74
     0
 42
0.0000001
 43
0.0000000001
 40
0.0
 40
0.0
 40
0.0
 40
0.0
 40
1.0
 40
1.0
 40
1.0
 40
1.0
 10
26.57079814861999
 20
29.29720325460002
 30
0.0
 10
26.52823328074001
 20
29.42326056915999
 30
0.0
 10
26.46438604750003
 20
29.51739430265999
 30
0.0
 10
26.37742727552001
 20
29.57851153119998
 30
0.0
  0
SPLINE
  5
2AA
330
223
100
AcDbEntity
  8
03___PRT_ALL_CURVES
  6
Continuous
 62
     4
100
AcDbSpline
210
0.0
220
0.0
230
1.0
 70
     8
 71
     3
 72
     8
 73
     4
 74
     0
 42
0.0000001
 43
0.0000000001
 40
0.0
 40
0.0
 40
0.0
 40
0.0
 40
1.0
 40
1.0
 40
1.0
 40
1.0
 10
26.37742727552001
 20
29.57851153119998
 30
0.0
 10
26.29085263282005
 20
29.63935878059999
 30
0.0
 10
26.17216237997999
 20
29.67046389491998
 30
0.0
 10
26.02154840384
 20
29.67046389491998
 30
0.0
  0
SPLINE
  5
2AB
330
223
100
AcDbEntity
  8
03___PRT_ALL_CURVES
  6
Continuous
 62
     4
100
AcDbSpline
210
0.0
220
0.0
230
1.0
 70
     8
 71
     3
 72
     8
 73
     4
 74
     0
 42
0.0000001
 43
0.0000000001
 40
0.0
 40
0.0
 40
0.0
 40
0.0
 40
1.0
 40
1.0
 40
1.0
 40
1.0
 10
26.02154840384
 20
29.67046389491998
 30
0.0
 10
25.82836970459999
 20
29.67046389491998
 30
0.0
 10
25.67857433743998
 20
29.61643927093996
 30
0.0
 10
25.57298091388
 20
29.51002729935999
 30
0.0
  0
SPLINE
  5
2AC
330
223
100
AcDbEntity
  8
03___PRT_ALL_CURVES
  6
Continuous
 62
     4
100
AcDbSpline
210
0.0
220
0.0
230
1.0
 70
     8
 71
     3
 72
     8
 73
     4
 74
     0
 42
0.0000001
 43
0.0000000001
 40
0.0
 40
0.0
 40
0.0
 40
0.0
 40
1.0
 40
1.0
 40
1.0
 40
1.0
 10
25.57298091388
 20
29.51002729935999
 30
0.0
 10
25.46738744714
 20
29.40361528206
 30
0.0
 10
25.41499999794001
 20
29.25136423019998
 30
0.0
 10
25.41499999794001
 20
29.05245568719999
 30
0.0
  0
SPLINE
  5
2AD
330
223
100
AcDbEntity
  8
03___PRT_ALL_CURVES
  6
Continuous
 62
     4
100
AcDbSpline
210
0.0
220
0.0
230
1.0
 70
     8
 71
     3
 72
     8
 73
     4
 74
     0
 42
0.0000001
 43
0.0000000001
 40
0.0
 40
0.0
 40
0.0
 40
0.0
 40
1.0
 40
1.0
 40
1.0
 40
1.0
 10
25.41499999794001
 20
29.05245568719999
 30
0.0
 10
25.41499999794001
 20
28.90347886043998
 30
0.0
 10
25.44446793494001
 20
28.78151430884
 30
0.0
 10
25.50493282797999
 20
28.68567540475999
 30
0.0
  0
SPLINE
  5
2AE
330
223
100
AcDbEntity
  8
03___PRT_ALL_CURVES
  6
Continuous
 62
     4
100
AcDbSpline
210
0.0
220
0.0
230
1.0
 70
     8
 71
     3
 72
     8
 73
     4
 74
     0
 42
0.0000001
 43
0.0000000001
 40
0.0
 40
0.0
 40
0.0
 40
0.0
 40
1.0
 40
1.0
 40
1.0
 40
1.0
 10
25.50493282797999
 20
28.68567540475999
 30
0.0
 10
25.56479535494
 20
28.59079126889998
 30
0.0
 10
25.63600954068002
 20
28.52366984612001
 30
0.0
 10
25.7188360527
 20
28.48635691338001
 30
0.0
  0
SPLINE
  5
2AF
330
223
100
AcDbEntity
  8
03___PRT_ALL_CURVES
  6
Continuous
 62
     4
100
AcDbSpline
210
0.0
220
0.0
230
1.0
 70
     8
 71
     3
 72
     8
 73
     4
 74
     0
 42
0.0000001
 43
0.0000000001
 40
0.0
 40
0.0
 40
0.0
 40
0.0
 40
1.0
 40
1.0
 40
1.0
 40
1.0
 10
25.7188360527
 20
28.48635691338001
 30
0.0
 10
25.80135742690001
 20
28.44918144543999
 30
0.0
 10
25.90776945690001
 20
28.42953615325999
 30
0.0
 10
26.03873807482003
 20
28.42953615325999
 30
0.0
  0
SPLINE
  5
2B0
330
223
100
AcDbEntity
  8
03___PRT_ALL_CURVES
  6
Continuous
 62
     4
100
AcDbSpline
210
0.0
220
0.0
230
1.0
 70
     8
 71
     3
 72
     8
 73
     4
 74
     0
 42
0.0000001
 43
0.0000000001
 40
0.0
 40
0.0
 40
0.0
 40
0.0
 40
1.0
 40
1.0
 40
1.0
 40
1.0
 10
26.03873807482003
 20
28.42953615325999
 30
0.0
 10
26.14596864268003
 20
28.42953615325999
 30
0.0
 10
26.23437246384
 20
28.44508867485999
 30
0.0
 10
26.3039495383
 20
28.47619372314
 30
0.0
  0
SPLINE
  5
2B1
330
223
100
AcDbEntity
  8
03___PRT_ALL_CURVES
  6
Continuous
 62
     4
100
AcDbSpline
210
0.0
220
0.0
230
1.0
 70
     8
 71
     3
 72
     8
 73
     4
 74
     0
 42
0.0000001
 43
0.0000000001
 40
0.0
 40
0.0
 40
0.0
 40
0.0
 40
1.0
 40
1.0
 40
1.0
 40
1.0
 10
26.3039495383
 20
28.47619372314
 30
0.0
 10
26.37352661276
 20
28.50729876887999
 30
0.0
 10
26.43164393111999
 20
28.55313779327997
 30
0.0
 10
26.47906148424002
 20
28.61457447000001
 30
0.0
  0
SPLINE
  5
2B2
330
223
100
AcDbEntity
  8
03___PRT_ALL_CURVES
  6
Continuous
 62
     4
100
AcDbSpline
210
0.0
220
0.0
230
1.0
 70
     8
 71
     3
 72
     8
 73
     4
 74
     0
 42
0.0000001
 43
0.0000000001
 40
0.0
 40
0.0
 40
0.0
 40
0.0
 40
1.0
 40
1.0
 40
1.0
 40
1.0
 10
26.47906148424002
 20
28.61457447000001
 30
0.0
 10
26.52577759349998
 20
28.67510231693998
 30
0.0
 10
26.56015686180004
 20
28.75122784159998
 30
0.0
 10
26.58225783359998
 20
28.84290585483998
 30
0.0
  0
SPLINE
  5
2B3
330
223
100
AcDbEntity
  8
03___PRT_ALL_CURVES
  6
Continuous
 62
     4
100
AcDbSpline
210
0.0
220
0.0
230
1.0
 70
     8
 71
     3
 72
     8
 73
     4
 74
     0
 42
0.0000001
 43
0.0000000001
 40
0.0
 40
0.0
 40
0.0
 40
0.0
 40
1.0
 40
1.0
 40
1.0
 40
1.0
 10
26.71568206763999
 20
29.04918145956
 30
0.0
 10
26.71568206763999
 20
28.90839016379999
 30
0.0
 10
26.74269441646001
 20
28.79215552707998
 30
0.0
 10
26.79805272586003
 20
28.69866145193996
 30
0.0
  0
SPLINE
  5
2B4
330
223
100
AcDbEntity
  8
03___PRT_ALL_CURVES
  6
Continuous
 62
     4
100
AcDbSpline
210
0.0
220
0.0
230
1.0
 70
     8
 71
     3
 72
     8
 73
     4
 74
     0
 42
0.0000001
 43
0.0000000001
 40
0.0
 40
0.0
 40
0.0
 40
0.0
 40
1.0
 40
1.0
 40
1.0
 40
1.0
 10
26.79805272586003
 20
28.69866145193996
 30
0.0
 10
26.85319913830003
 20
28.60552524248001
 30
0.0
 10
26.92523197111998
 20
28.53676670587998
 30
0.0
 10
27.01347418986001
 20
28.49387118841997
 30
0.0
  0
SPLINE
  5
2B5
330
223
100
AcDbEntity
  8
03___PRT_ALL_CURVES
  6
Continuous
 62
     4
100
AcDbSpline
210
0.0
220
0.0
230
1.0
 70
     8
 71
     3
 72
     8
 73
     4
 74
     0
 42
0.0000001
 43
0.0000000001
 40
0.0
 40
0.0
 40
0.0
 40
0.0
 40
1.0
 40
1.0
 40
1.0
 40
1.0
 10
27.01347418986001
 20
28.49387118841997
 30
0.0
 10
27.10203961343998
 20
28.45081855164
 30
0.0
 10
27.21418141354002
 20
28.42953615325999
 30
0.0
 10
27.35006140848
 20
28.42953615325999
 30
0.0
  0
SPLINE
  5
2B6
330
223
100
AcDbEntity
  8
03___PRT_ALL_CURVES
  6
Continuous
 62
     4
100
AcDbSpline
210
0.0
220
0.0
230
1.0
 70
     8
 71
     3
 72
     8
 73
     4
 74
     0
 42
0.0000001
 43
0.0000000001
 40
0.0
 40
0.0
 40
0.0
 40
0.0
 40
1.0
 40
1.0
 40
1.0
 40
1.0
 10
27.35006140848
 20
28.42953615325999
 30
0.0
 10
27.48266710211999
 20
28.42953615325999
 30
0.0
 10
27.59399050659999
 20
28.45409276912
 30
0.0
 10
27.68321279704
 20
28.50402455393998
 30
0.0
  0
SPLINE
  5
2B7
330
223
100
AcDbEntity
  8
03___PRT_ALL_CURVES
  6
Continuous
 62
     4
100
AcDbSpline
210
0.0
220
0.0
230
1.0
 70
     8
 71
     3
 72
     8
 73
     4
 74
     0
 42
0.0000001
 43
0.0000000001
 40
0.0
 40
0.0
 40
0.0
 40
0.0
 40
1.0
 40
1.0
 40
1.0
 40
1.0
 10
27.68321279704
 20
28.50402455393998
 30
0.0
 10
27.77243508494001
 20
28.55395634129999
 30
0.0
 10
27.84037522338002
 20
28.62353341575999
 30
0.0
 10
27.88785132350003
 20
28.71357434819998
 30
0.0
  0
SPLINE
  5
2B8
330
223
100
AcDbEntity
  8
03___PRT_ALL_CURVES
  6
Continuous
 62
     4
100
AcDbSpline
210
0.0
220
0.0
230
1.0
 70
     8
 71
     3
 72
     8
 73
     4
 74
     0
 42
0.0000001
 43
0.0000000001
 40
0.0
 40
0.0
 40
0.0
 40
0.0
 40
1.0
 40
1.0
 40
1.0
 40
1.0
 10
27.88785132350003
 20
28.71357434819998
 30
0.0
 10
27.93532742615997
 20
28.80361528317999
 30
0.0
 10
27.95906561845999
 20
28.91821280607999
 30
0.0
 10
27.95906561845999
 20
29.05900406628001
 30
0.0
  0
SPLINE
  5
2B9
330
223
100
AcDbEntity
  8
03___PRT_ALL_CURVES
  6
Continuous
 62
     4
100
AcDbSpline
210
0.0
220
0.0
230
1.0
 70
     8
 71
     3
 72
     8
 73
     4
 74
     0
 42
0.0000001
 43
0.0000000001
 40
0.0
 40
0.0
 40
0.0
 40
0.0
 40
1.0
 40
1.0
 40
1.0
 40
1.0
 10
27.95906561845999
 20
29.05900406628001
 30
0.0
 10
27.95906561845999
 20
29.25218283917999
 30
0.0
 10
27.90504092335999
 20
29.40197820633998
 30
0.0
 10
27.79699183288
 20
29.50920872085999
 30
0.0
  0
SPLINE
  5
2BA
330
223
100
AcDbEntity
  8
03___PRT_ALL_CURVES
  6
Continuous
 62
     4
100
AcDbSpline
210
0.0
220
0.0
230
1.0
 70
     8
 71
     3
 72
     8
 73
     4
 74
     0
 42
0.0000001
 43
0.0000000001
 40
0.0
 40
0.0
 40
0.0
 40
0.0
 40
1.0
 40
1.0
 40
1.0
 40
1.0
 10
27.79699183288
 20
29.50920872085999
 30
0.0
 10
27.68894270938003
 20
29.61643927093996
 30
0.0
 10
27.53505457926002
 20
29.67046389491998
 30
0.0
 10
27.33532742474003
 20
29.67046389491998
 30
0.0
  0
SPLINE
  5
2BB
330
223
100
AcDbEntity
  8
03___PRT_ALL_CURVES
  6
Continuous
 62
     4
100
AcDbSpline
210
0.0
220
0.0
230
1.0
 70
     8
 71
     3
 72
     8
 73
     4
 74
     0
 42
0.0000001
 43
0.0000000001
 40
0.0
 40
0.0
 40
0.0
 40
0.0
 40
1.0
 40
1.0
 40
1.0
 40
1.0
 10
27.33532742474003
 20
29.67046389491998
 30
0.0
 10
27.14051164724
 20
29.67046389491998
 30
0.0
 10
26.98826059283999
 20
29.61562073054
 30
0.0
 10
26.87939293148
 20
29.50675310473997
 30
0.0
  0
SPLINE
  5
2BC
330
223
100
AcDbEntity
  8
03___PRT_ALL_CURVES
  6
Continuous
 62
     4
100
AcDbSpline
210
0.0
220
0.0
230
1.0
 70
     8
 71
     3
 72
     8
 73
     4
 74
     0
 42
0.0000001
 43
0.0000000001
 40
0.0
 40
0.0
 40
0.0
 40
0.0
 40
1.0
 40
1.0
 40
1.0
 40
1.0
 10
26.87939293148
 20
29.50675310473997
 30
0.0
 10
26.76970662050002
 20
29.39706682931998
 30
0.0
 10
26.71568206763999
 20
29.24481584858
 30
0.0
 10
26.71568206763999
 20
29.04918145956
 30
0.0
  0
SPLINE
  5
2BD
330
223
100
AcDbEntity
  8
03___PRT_ALL_CURVES
  6
Continuous
 62
     4
100
AcDbSpline
210
0.0
220
0.0
230
1.0
 70
     8
 71
     3
 72
     8
 73
     4
 74
     0
 42
0.0000001
 43
0.0000000001
 40
0.0
 40
0.0
 40
0.0
 40
0.0
 40
1.0
 40
1.0
 40
1.0
 40
1.0
 10
27.08648709438003
 20
29.04754434827998
 30
0.0
 10
27.08648709438003
 20
29.16950886178
 30
0.0
 10
27.10858792394001
 20
29.25709414253998
 30
0.0
 10
27.15439414424
 20
29.31032836677997
 30
0.0
  0
SPLINE
  5
2BE
330
223
100
AcDbEntity
  8
03___PRT_ALL_CURVES
  6
Continuous
 62
     4
100
AcDbSpline
210
0.0
220
0.0
230
1.0
 70
     8
 71
     3
 72
     8
 73
     4
 74
     0
 42
0.0000001
 43
0.0000000001
 40
0.0
 40
0.0
 40
0.0
 40
0.0
 40
1.0
 40
1.0
 40
1.0
 40
1.0
 10
27.15439414424
 20
29.31032836677997
 30
0.0
 10
27.19944743234001
 20
29.36268756356
 30
0.0
 10
27.25920190008
 20
29.38969983871999
 30
0.0
 10
27.33450888688003
 20
29.38969983871999
 30
0.0
  0
SPLINE
  5
2BF
330
223
100
AcDbEntity
  8
03___PRT_ALL_CURVES
  6
Continuous
 62
     4
100
AcDbSpline
210
0.0
220
0.0
230
1.0
 70
     8
 71
     3
 72
     8
 73
     4
 74
     0
 42
0.0000001
 43
0.0000000001
 40
0.0
 40
0.0
 40
0.0
 40
0.0
 40
1.0
 40
1.0
 40
1.0
 40
1.0
 10
27.33450888688003
 20
29.38969983871999
 30
0.0
 10
27.41227148980002
 20
29.38969983871999
 30
0.0
 10
27.47366303580003
 20
29.36350617253999
 30
0.0
 10
27.51950205766002
 20
29.31111869793997
 30
0.0
  0
SPLINE
  5
2C0
330
223
100
AcDbEntity
  8
03___PRT_ALL_CURVES
  6
Continuous
 62
     4
100
AcDbSpline
210
0.0
220
0.0
230
1.0
 70
     8
 71
     3
 72
     8
 73
     4
 74
     0
 42
0.0000001
 43
0.0000000001
 40
0.0
 40
0.0
 40
0.0
 40
0.0
 40
1.0
 40
1.0
 40
1.0
 40
1.0
 10
27.51950205766002
 20
29.31111869793997
 30
0.0
 10
27.56534108206
 20
29.2587312208
 30
0.0
 10
27.58826059425999
 20
29.17687585237999
 30
0.0
 10
27.58826059425999
 20
29.06391544329998
 30
0.0
  0
SPLINE
  5
2C1
330
223
100
AcDbEntity
  8
03___PRT_ALL_CURVES
  6
Continuous
 62
     4
100
AcDbSpline
210
0.0
220
0.0
230
1.0
 70
     8
 71
     3
 72
     8
 73
     4
 74
     0
 42
0.0000001
 43
0.0000000001
 40
0.0
 40
0.0
 40
0.0
 40
0.0
 40
1.0
 40
1.0
 40
1.0
 40
1.0
 10
27.58826059425999
 20
29.06391544329998
 30
0.0
 10
27.58826059425999
 20
28.92967256218
 30
0.0
 10
27.56615961992
 20
28.83635743766001
 30
0.0
 10
27.52273857138002
 20
28.78482027377999
 30
0.0
  0
SPLINE
  5
2C2
330
223
100
AcDbEntity
  8
03___PRT_ALL_CURVES
  6
Continuous
 62
     4
100
AcDbSpline
210
0.0
220
0.0
230
1.0
 70
     8
 71
     3
 72
     8
 73
     4
 74
     0
 42
0.0000001
 43
0.0000000001
 40
0.0
 40
0.0
 40
0.0
 40
0.0
 40
1.0
 40
1.0
 40
1.0
 40
1.0
 10
27.52273857138002
 20
28.78482027377999
 30
0.0
 10
27.47857441028003
 20
28.73240109489998
 30
0.0
 10
27.41718286682004
 20
28.70702591323999
 30
0.0
 10
27.33778304086005
 20
28.70702591323999
 30
0.0
  0
SPLINE
  5
2C3
330
223
100
AcDbEntity
  8
03___PRT_ALL_CURVES
  6
Continuous
 62
     4
100
AcDbSpline
210
0.0
220
0.0
230
1.0
 70
     8
 71
     3
 72
     8
 73
     4
 74
     0
 42
0.0000001
 43
0.0000000001
 40
0.0
 40
0.0
 40
0.0
 40
0.0
 40
1.0
 40
1.0
 40
1.0
 40
1.0
 10
27.33778304086005
 20
28.70702591323999
 30
0.0
 10
27.26002043794
 20
28.70702591323999
 30
0.0
 10
27.19862889448001
 20
28.73321965308
 30
0.0
 10
27.15340667098002
 20
28.78625295315999
 30
0.0
  0
SPLINE
  5
2C4
330
223
100
AcDbEntity
  8
03___PRT_ALL_CURVES
  6
Continuous
 62
     4
100
AcDbSpline
210
0.0
220
0.0
230
1.0
 70
     8
 71
     3
 72
     8
 73
     4
 74
     0
 42
0.0000001
 43
0.0000000001
 40
0.0
 40
0.0
 40
0.0
 40
0.0
 40
1.0
 40
1.0
 40
1.0
 40
1.0
 10
27.15340667098002
 20
28.78625295315999
 30
0.0
 10
27.10858792394001
 20
28.83881308933999
 30
0.0
 10
27.08648709438003
 20
28.92639837263999
 30
0.0
 10
27.08648709438003
 20
29.04754434827998
 30
0.0
  0
LINE
  5
2C5
330
223
100
AcDbEntity
  8
03___PRT_ALL_CURVES
  6
Continuous
 62
     4
100
AcDbLine
 10
30.14214858020003
 20
28.72175989698002
 30
0.0
 11
30.22174684874003
 21
28.79436126054
 31
0.0
  0
LINE
  5
2C6
330
223
100
AcDbEntity
  8
03___PRT_ALL_CURVES
  6
Continuous
 62
     4
100
AcDbLine
 10
30.22174684874003
 20
28.79436126054
 30
0.0
 11
30.35645572588004
 21
28.89223863908001
 31
0.0
  0
SPLINE
  5
2C7
330
223
100
AcDbEntity
  8
03___PRT_ALL_CURVES
  6
Continuous
 62
     4
100
AcDbSpline
210
0.0
220
0.0
230
1.0
 70
     8
 71
     3
 72
     8
 73
     4
 74
     0
 42
0.0000001
 43
0.0000000001
 40
0.0
 40
0.0
 40
0.0
 40
0.0
 40
1.0
 40
1.0
 40
1.0
 40
1.0
 10
30.35645572588004
 20
28.89223863908001
 30
0.0
 10
30.46957034089999
 20
28.97141882107999
 30
0.0
 10
30.54733294636003
 20
29.04427012063999
 30
0.0
 10
30.5900831555
 20
29.11127274
 30
0.0
  0
SPLINE
  5
2C8
330
223
100
AcDbEntity
  8
03___PRT_ALL_CURVES
  6
Continuous
 62
     4
100
AcDbSpline
210
0.0
220
0.0
230
1.0
 70
     8
 71
     3
 72
     8
 73
     4
 74
     0
 42
0.0000001
 43
0.0000000001
 40
0.0
 40
0.0
 40
0.0
 40
0.0
 40
1.0
 40
1.0
 40
1.0
 40
1.0
 10
30.5900831555
 20
29.11127274
 30
0.0
 10
30.63246268212001
 20
29.17769439023999
 30
0.0
 10
30.65456351422003
 20
29.24727146469999
 30
0.0
 10
30.65456351422003
 20
29.32094130465998
 30
0.0
  0
SPLINE
  5
2C9
330
223
100
AcDbEntity
  8
03___PRT_ALL_CURVES
  6
Continuous
 62
     4
100
AcDbSpline
210
0.0
220
0.0
230
1.0
 70
     8
 71
     3
 72
     8
 73
     4
 74
     0
 42
0.0000001
 43
0.0000000001
 40
0.0
 40
0.0
 40
0.0
 40
0.0
 40
1.0
 40
1.0
 40
1.0
 40
1.0
 10
30.65456351422003
 20
29.32094130465998
 30
0.0
 10
30.65456351422003
 20
29.38969983871999
 30
0.0
 10
30.63573683864001
 20
29.45109138472
 30
0.0
 10
30.59808327412
 20
29.50675294217999
 30
0.0
  0
SPLINE
  5
2CA
330
223
100
AcDbEntity
  8
03___PRT_ALL_CURVES
  6
Continuous
 62
     4
100
AcDbSpline
210
0.0
220
0.0
230
1.0
 70
     8
 71
     3
 72
     8
 73
     4
 74
     0
 42
0.0000001
 43
0.0000000001
 40
0.0
 40
0.0
 40
0.0
 40
0.0
 40
1.0
 40
1.0
 40
1.0
 40
1.0
 10
30.59808327412
 20
29.50675294217999
 30
0.0
 10
30.56042956482
 20
29.56241471554
 30
0.0
 10
30.50967959520003
 20
29.60334243657999
 30
0.0
 10
30.44405354916
 20
29.63000293697999
 30
0.0
  0
SPLINE
  5
2CB
330
223
100
AcDbEntity
  8
03___PRT_ALL_CURVES
  6
Continuous
 62
     4
100
AcDbSpline
210
0.0
220
0.0
230
1.0
 70
     8
 71
     3
 72
     8
 73
     4
 74
     0
 42
0.0000001
 43
0.0000000001
 40
0.0
 40
0.0
 40
0.0
 40
0.0
 40
1.0
 40
1.0
 40
1.0
 40
1.0
 10
30.44405354916
 20
29.63000293697999
 30
0.0
 10
30.37871054802
 20
29.65654845157999
 30
0.0
 10
30.28785132409999
 20
29.67046389491998
 30
0.0
 10
30.17079829176004
 20
29.67046389491998
 30
0.0
  0
SPLINE
  5
2CC
330
223
100
AcDbEntity
  8
03___PRT_ALL_CURVES
  6
Continuous
 62
     4
100
AcDbSpline
210
0.0
220
0.0
230
1.0
 70
     8
 71
     3
 72
     8
 73
     4
 74
     0
 42
0.0000001
 43
0.0000000001
 40
0.0
 40
0.0
 40
0.0
 40
0.0
 40
1.0
 40
1.0
 40
1.0
 40
1.0
 10
30.17079829176004
 20
29.67046389491998
 30
0.0
 10
30.05783766677999
 20
29.67046389491998
 30
0.0
 10
29.97025231490002
 20
29.65572991371999
 30
0.0
 10
29.90640514007998
 20
29.62789905498002
 30
0.0
  0
SPLINE
  5
2CD
330
223
100
AcDbEntity
  8
03___PRT_ALL_CURVES
  6
Continuous
 62
     4
100
AcDbSpline
210
0.0
220
0.0
230
1.0
 70
     8
 71
     3
 72
     8
 73
     4
 74
     0
 42
0.0000001
 43
0.0000000001
 40
0.0
 40
0.0
 40
0.0
 40
0.0
 40
1.0
 40
1.0
 40
1.0
 40
1.0
 10
29.90640514007998
 20
29.62789905498002
 30
0.0
 10
29.84255799320002
 20
29.60006821147999
 30
0.0
 10
29.79344481482002
 20
29.55914049043997
 30
0.0
 10
29.75878202409999
 20
29.50694251761999
 30
0.0
  0
SPLINE
  5
2CE
330
223
100
AcDbEntity
  8
03___PRT_ALL_CURVES
  6
Continuous
 62
     4
100
AcDbSpline
210
0.0
220
0.0
230
1.0
 70
     8
 71
     3
 72
     8
 73
     4
 74
     0
 42
0.0000001
 43
0.0000000001
 40
0.0
 40
0.0
 40
0.0
 40
0.0
 40
1.0
 40
1.0
 40
1.0
 40
1.0
 10
29.75878202409999
 20
29.50694251761999
 30
0.0
 10
29.72386759812002
 20
29.45436560981997
 30
0.0
 10
29.70012969030003
 20
29.38069576985998
 30
0.0
 10
29.68703278482002
 20
29.28738064533997
 30
0.0
  0
SPLINE
  5
2CF
330
223
100
AcDbEntity
  8
03___PRT_ALL_CURVES
  6
Continuous
 62
     4
100
AcDbSpline
210
0.0
220
0.0
230
1.0
 70
     8
 71
     3
 72
     8
 73
     4
 74
     0
 42
0.0000001
 43
0.0000000001
 40
0.0
 40
0.0
 40
0.0
 40
0.0
 40
1.0
 40
1.0
 40
1.0
 40
1.0
 10
30.02100285602
 20
29.26036837017998
 30
0.0
 10
30.03000678010002
 20
29.3274897574
 30
0.0
 10
30.04801491781998
 20
29.37496585752001
 30
0.0
 10
30.07523110672
 20
29.40176961646
 30
0.0
  0
SPLINE
  5
2D0
330
223
100
AcDbEntity
  8
03___PRT_ALL_CURVES
  6
Continuous
 62
     4
100
AcDbSpline
210
0.0
220
0.0
230
1.0
 70
     8
 71
     3
 72
     8
 73
     4
 74
     0
 42
0.0000001
 43
0.0000000001
 40
0.0
 40
0.0
 40
0.0
 40
0.0
 40
1.0
 40
1.0
 40
1.0
 40
1.0
 10
30.07523110672
 20
29.40176961646
 30
0.0
 10
30.10203961291998
 20
29.42817187252001
 30
0.0
 10
30.13723734796002
 20
29.44208731585999
 30
0.0
 10
30.17980193136003
 20
29.44208731585999
 30
0.0
  0
SPLINE
  5
2D1
330
223
100
AcDbEntity
  8
03___PRT_ALL_CURVES
  6
Continuous
 62
     4
100
AcDbSpline
210
0.0
220
0.0
230
1.0
 70
     8
 71
     3
 72
     8
 73
     4
 74
     0
 42
0.0000001
 43
0.0000000001
 40
0.0
 40
0.0
 40
0.0
 40
0.0
 40
1.0
 40
1.0
 40
1.0
 40
1.0
 10
30.17980193136003
 20
29.44208731585999
 30
0.0
 10
30.22073001054
 20
29.44208731585999
 30
0.0
 10
30.25429038030001
 20
29.42899048149999
 30
0.0
 10
30.28130287643998
 20
29.40279660195998
 30
0.0
  0
SPLINE
  5
2D2
330
223
100
AcDbEntity
  8
03___PRT_ALL_CURVES
  6
Continuous
 62
     4
100
AcDbSpline
210
0.0
220
0.0
230
1.0
 70
     8
 71
     3
 72
     8
 73
     4
 74
     0
 42
0.0000001
 43
0.0000000001
 40
0.0
 40
0.0
 40
0.0
 40
0.0
 40
1.0
 40
1.0
 40
1.0
 40
1.0
 10
30.28130287643998
 20
29.40279660195998
 30
0.0
 10
30.30831507793999
 20
29.37660300689998
 30
0.0
 10
30.32223052128001
 20
29.34549796369998
 30
0.0
 10
30.32223052128001
 20
29.30948154856
 30
0.0
  0
SPLINE
  5
2D3
330
223
100
AcDbEntity
  8
03___PRT_ALL_CURVES
  6
Continuous
 62
     4
100
AcDbSpline
210
0.0
220
0.0
230
1.0
 70
     8
 71
     3
 72
     8
 73
     4
 74
     0
 42
0.0000001
 43
0.0000000001
 40
0.0
 40
0.0
 40
0.0
 40
0.0
 40
1.0
 40
1.0
 40
1.0
 40
1.0
 10
30.32223052128001
 20
29.30948154856
 30
0.0
 10
30.32223052128001
 20
29.27510235137999
 30
0.0
 10
30.30831507793999
 20
29.2399044741
 30
0.0
 10
30.28103619422004
 20
29.20244681215999
 30
0.0
  0
SPLINE
  5
2D4
330
223
100
AcDbEntity
  8
03___PRT_ALL_CURVES
  6
Continuous
 62
     4
100
AcDbSpline
210
0.0
220
0.0
230
1.0
 70
     8
 71
     3
 72
     8
 73
     4
 74
     0
 42
0.0000001
 43
0.0000000001
 40
0.0
 40
0.0
 40
0.0
 40
0.0
 40
1.0
 40
1.0
 40
1.0
 40
1.0
 10
30.28103619422004
 20
29.20244681215999
 30
0.0
 10
30.25347212945999
 20
29.16459755841998
 30
0.0
 10
30.19126204560001
 20
29.10893585617998
 30
0.0
 10
30.09386270268004
 20
29.03689128601999
 30
0.0
  0
SPLINE
  5
2D5
330
223
100
AcDbEntity
  8
03___PRT_ALL_CURVES
  6
Continuous
 62
     4
100
AcDbSpline
210
0.0
220
0.0
230
1.0
 70
     8
 71
     3
 72
     8
 73
     4
 74
     0
 42
0.0000001
 43
0.0000000001
 40
0.0
 40
0.0
 40
0.0
 40
0.0
 40
1.0
 40
1.0
 40
1.0
 40
1.0
 10
30.09386270268004
 20
29.03689128601999
 30
0.0
 10
29.93341750160002
 20
28.91821280607999
 30
0.0
 10
29.82454985548
 20
28.81507503928
 30
0.0
 10
29.76643246346001
 20
28.72830831670001
 30
0.0
  0
SPLINE
  5
2D6
330
223
100
AcDbEntity
  8
03___PRT_ALL_CURVES
  6
Continuous
 62
     4
100
AcDbSpline
210
0.0
220
0.0
230
1.0
 70
     8
 71
     3
 72
     8
 73
     4
 74
     0
 42
0.0000001
 43
0.0000000001
 40
0.0
 40
0.0
 40
0.0
 40
0.0
 40
1.0
 40
1.0
 40
1.0
 40
1.0
 10
29.76643246346001
 20
28.72830831670001
 30
0.0
 10
29.70831507651999
 20
28.64154160427998
 30
0.0
 10
29.67393588188
 20
28.54822646197999
 30
0.0
 10
29.66247605466
 20
28.44999999854002
 30
0.0
  0
SPLINE
  5
2D7
330
223
100
AcDbEntity
  8
03___PRT_ALL_CURVES
  6
Continuous
 62
     4
100
AcDbSpline
210
0.0
220
0.0
230
1.0
 70
     8
 71
     3
 72
     8
 73
     4
 74
     0
 42
0.0000001
 43
0.0000000001
 40
0.0
 40
0.0
 40
0.0
 40
0.0
 40
1.0
 40
1.0
 40
1.0
 40
1.0
 10
25.41500000048003
 20
87.98199861781998
 30
0.0
 10
25.42482264784002
 20
87.86085265995996
 30
0.0
 10
25.46984310898
 20
87.76098908524
 30
0.0
 10
25.54842428024003
 20
87.68240791652002
 30
0.0
  0
SPLINE
  5
2D8
330
223
100
AcDbEntity
  8
03___PRT_ALL_CURVES
  6
Continuous
 62
     4
100
AcDbSpline
210
0.0
220
0.0
230
1.0
 70
     8
 71
     3
 72
     8
 73
     4
 74
     0
 42
0.0000001
 43
0.0000000001
 40
0.0
 40
0.0
 40
0.0
 40
0.0
 40
1.0
 40
1.0
 40
1.0
 40
1.0
 10
25.54842428024003
 20
87.68240791652002
 30
0.0
 10
25.62700545658001
 20
87.60382674017998
 30
0.0
 10
25.76779673709999
 20
87.56453615328002
 30
0.0
 10
25.97243519244
 20
87.56453615328002
 30
0.0
  0
SPLINE
  5
2D9
330
223
100
AcDbEntity
  8
03___PRT_ALL_CURVES
  6
Continuous
 62
     4
100
AcDbSpline
210
0.0
220
0.0
230
1.0
 70
     8
 71
     3
 72
     8
 73
     4
 74
     0
 42
0.0000001
 43
0.0000000001
 40
0.0
 40
0.0
 40
0.0
 40
0.0
 40
1.0
 40
1.0
 40
1.0
 40
1.0
 10
25.97243519244
 20
87.56453615328002
 30
0.0
 10
26.08866982915998
 20
87.56453615328002
 30
0.0
 10
26.18444064092
 20
87.58172578361999
 30
0.0
 10
26.26116917936
 20
87.61496113497998
 30
0.0
  0
SPLINE
  5
2DA
330
223
100
AcDbEntity
  8
03___PRT_ALL_CURVES
  6
Continuous
 62
     4
100
AcDbSpline
210
0.0
220
0.0
230
1.0
 70
     8
 71
     3
 72
     8
 73
     4
 74
     0
 42
0.0000001
 43
0.0000000001
 40
0.0
 40
0.0
 40
0.0
 40
0.0
 40
1.0
 40
1.0
 40
1.0
 40
1.0
 10
26.26116917936
 20
87.61496113497998
 30
0.0
 10
26.33751023318004
 20
87.64802864822002
 30
0.0
 10
26.39726462980005
 20
87.69714187993998
 30
0.0
 10
26.44001678712002
 20
87.76250330623998
 30
0.0
  0
SPLINE
  5
2DB
330
223
100
AcDbEntity
  8
03___PRT_ALL_CURVES
  6
Continuous
 62
     4
100
AcDbSpline
210
0.0
220
0.0
230
1.0
 70
     8
 71
     3
 72
     8
 73
     4
 74
     0
 42
0.0000001
 43
0.0000000001
 40
0.0
 40
0.0
 40
0.0
 40
0.0
 40
1.0
 40
1.0
 40
1.0
 40
1.0
 10
26.44001678712002
 20
87.76250330623998
 30
0.0
 10
26.48239429444001
 20
87.82729194983997
 30
0.0
 10
26.50367665726
 20
87.89850613811998
 30
0.0
 10
26.50367665726
 20
87.97545020318
 30
0.0
  0
SPLINE
  5
2DC
330
223
100
AcDbEntity
  8
03___PRT_ALL_CURVES
  6
Continuous
 62
     4
100
AcDbSpline
210
0.0
220
0.0
230
1.0
 70
     8
 71
     3
 72
     8
 73
     4
 74
     0
 42
0.0000001
 43
0.0000000001
 40
0.0
 40
0.0
 40
0.0
 40
0.0
 40
1.0
 40
1.0
 40
1.0
 40
1.0
 10
26.50367665726
 20
87.97545020318
 30
0.0
 10
26.50367665726
 20
88.04093451213998
 30
0.0
 10
26.48730559780003
 20
88.09987040392
 30
0.0
 10
26.45520096807999
 20
88.15296648263998
 30
0.0
  0
SPLINE
  5
2DD
330
223
100
AcDbEntity
  8
03___PRT_ALL_CURVES
  6
Continuous
 62
     4
100
AcDbSpline
210
0.0
220
0.0
230
1.0
 70
     8
 71
     3
 72
     8
 73
     4
 74
     0
 42
0.0000001
 43
0.0000000001
 40
0.0
 40
0.0
 40
0.0
 40
0.0
 40
1.0
 40
1.0
 40
1.0
 40
1.0
 10
26.45520096807999
 20
88.15296648263998
 30
0.0
 10
26.42345836710001
 20
88.20546382239999
 30
0.0
 10
26.37270803933998
 20
88.24966576854001
 30
0.0
 10
26.30231244226005
 20
88.28568214304002
 30
0.0
  0
SPLINE
  5
2DE
330
223
100
AcDbEntity
  8
03___PRT_ALL_CURVES
  6
Continuous
 62
     4
100
AcDbSpline
210
0.0
220
0.0
230
1.0
 70
     8
 71
     3
 72
     8
 73
     4
 74
     0
 42
0.0000001
 43
0.0000000001
 40
0.0
 40
0.0
 40
0.0
 40
0.0
 40
1.0
 40
1.0
 40
1.0
 40
1.0
 10
26.30231244226005
 20
88.28568214304002
 30
0.0
 10
26.23191681470004
 20
88.32169853023998
 30
0.0
 10
26.11650071584
 20
88.35689633639998
 30
0.0
 10
25.95426886606
 20
88.39132680602
 30
0.0
  0
SPLINE
  5
2DF
330
223
100
AcDbEntity
  8
03___PRT_ALL_CURVES
  6
Continuous
 62
     4
100
AcDbSpline
210
0.0
220
0.0
230
1.0
 70
     8
 71
     3
 72
     8
 73
     4
 74
     0
 42
0.0000001
 43
0.0000000001
 40
0.0
 40
0.0
 40
0.0
 40
0.0
 40
1.0
 40
1.0
 40
1.0
 40
1.0
 10
25.95426886606
 20
88.39132680602
 30
0.0
 10
25.88894271274003
 20
88.40519097691998
 30
0.0
 10
25.84719645384001
 20
88.41992495811999
 30
0.0
 10
25.82943378933999
 20
88.43562219875997
 30
0.0
  0
SPLINE
  5
2E0
330
223
100
AcDbEntity
  8
03___PRT_ALL_CURVES
  6
Continuous
 62
     4
100
AcDbSpline
210
0.0
220
0.0
230
1.0
 70
     8
 71
     3
 72
     8
 73
     4
 74
     0
 42
0.0000001
 43
0.0000000001
 40
0.0
 40
0.0
 40
0.0
 40
0.0
 40
1.0
 40
1.0
 40
1.0
 40
1.0
 10
25.82943378933999
 20
88.43562219875997
 30
0.0
 10
25.81199864768001
 20
88.45103000131996
 30
0.0
 10
25.80299454326001
 20
88.46821966976
 30
0.0
 10
25.80299454326001
 20
88.48786495686
 30
0.0
  0
SPLINE
  5
2E1
330
223
100
AcDbEntity
  8
03___PRT_ALL_CURVES
  6
Continuous
 62
     4
100
AcDbSpline
210
0.0
220
0.0
230
1.0
 70
     8
 71
     3
 72
     8
 73
     4
 74
     0
 42
0.0000001
 43
0.0000000001
 40
0.0
 40
0.0
 40
0.0
 40
0.0
 40
1.0
 40
1.0
 40
1.0
 40
1.0
 10
25.80299454326001
 20
88.48786495686
 30
0.0
 10
25.80299454326001
 20
88.51405869415998
 30
0.0
 10
25.81363575896
 20
88.53615959483997
 30
0.0
 10
25.83556876818002
 20
88.55436816141997
 30
0.0
  0
SPLINE
  5
2E2
330
223
100
AcDbEntity
  8
03___PRT_ALL_CURVES
  6
Continuous
 62
     4
100
AcDbSpline
210
0.0
220
0.0
230
1.0
 70
     8
 71
     3
 72
     8
 73
     4
 74
     0
 42
0.0000001
 43
0.0000000001
 40
0.0
 40
0.0
 40
0.0
 40
0.0
 40
1.0
 40
1.0
 40
1.0
 40
1.0
 10
25.83556876818002
 20
88.55436816141997
 30
0.0
 10
25.85701909612001
 20
88.57217601251998
 30
0.0
 10
25.8897612506
 20
88.58199861923998
 30
0.0
 10
25.93314462332003
 20
88.58199861923998
 30
0.0
  0
SPLINE
  5
2E3
330
223
100
AcDbEntity
  8
03___PRT_ALL_CURVES
  6
Continuous
 62
     4
100
AcDbSpline
210
0.0
220
0.0
230
1.0
 70
     8
 71
     3
 72
     8
 73
     4
 74
     0
 42
0.0000001
 43
0.0000000001
 40
0.0
 40
0.0
 40
0.0
 40
0.0
 40
1.0
 40
1.0
 40
1.0
 40
1.0
 10
25.93314462332003
 20
88.58199861923998
 30
0.0
 10
25.9855320268
 20
88.58199861923998
 30
0.0
 10
26.02645974784002
 20
88.56972032527997
 30
0.0
 10
26.05592767976003
 20
88.54516369671998
 30
0.0
  0
SPLINE
  5
2E4
330
223
100
AcDbEntity
  8
03___PRT_ALL_CURVES
  6
Continuous
 62
     4
100
AcDbSpline
210
0.0
220
0.0
230
1.0
 70
     8
 71
     3
 72
     8
 73
     4
 74
     0
 42
0.0000001
 43
0.0000000001
 40
0.0
 40
0.0
 40
0.0
 40
0.0
 40
1.0
 40
1.0
 40
1.0
 40
1.0
 10
26.05592767976003
 20
88.54516369671998
 30
0.0
 10
26.08539560406001
 20
88.52060707577996
 30
0.0
 10
26.10504095973999
 20
88.48131650412
 30
0.0
 10
26.11486356646
 20
88.42729195125997
 30
0.0
  0
SPLINE
  5
2E5
330
223
100
AcDbEntity
  8
03___PRT_ALL_CURVES
  6
Continuous
 62
     4
100
AcDbSpline
210
0.0
220
0.0
230
1.0
 70
     8
 71
     3
 72
     8
 73
     4
 74
     0
 42
0.0000001
 43
0.0000000001
 40
0.0
 40
0.0
 40
0.0
 40
0.0
 40
1.0
 40
1.0
 40
1.0
 40
1.0
 10
26.46438608559998
 20
88.44775577368
 30
0.0
 10
26.44883356654
 20
88.57217601251998
 30
0.0
 10
26.40053885490002
 20
88.66221690939997
 30
0.0
 10
26.32032057490002
 20
88.71951570768002
 30
0.0
  0
SPLINE
  5
2E6
330
223
100
AcDbEntity
  8
03___PRT_ALL_CURVES
  6
Continuous
 62
     4
100
AcDbSpline
210
0.0
220
0.0
230
1.0
 70
     8
 71
     3
 72
     8
 73
     4
 74
     0
 42
0.0000001
 43
0.0000000001
 40
0.0
 40
0.0
 40
0.0
 40
0.0
 40
1.0
 40
1.0
 40
1.0
 40
1.0
 10
26.32032057490002
 20
88.71951570768002
 30
0.0
 10
26.24010234315998
 20
88.77681447039996
 30
0.0
 10
26.12304909746004
 20
88.80546389493998
 30
0.0
 10
25.96997950520003
 20
88.80546389493998
 30
0.0
  0
SPLINE
  5
2E7
330
223
100
AcDbEntity
  8
03___PRT_ALL_CURVES
  6
Continuous
 62
     4
100
AcDbSpline
210
0.0
220
0.0
230
1.0
 70
     8
 71
     3
 72
     8
 73
     4
 74
     0
 42
0.0000001
 43
0.0000000001
 40
0.0
 40
0.0
 40
0.0
 40
0.0
 40
1.0
 40
1.0
 40
1.0
 40
1.0
 10
25.96997950520003
 20
88.80546389493998
 30
0.0
 10
25.84474080216
 20
88.80546389493998
 30
0.0
 10
25.74651433618004
 20
88.78909283548
 30
0.0
 10
25.67448156432002
 20
88.75798774909998
 30
0.0
  0
SPLINE
  5
2E8
330
223
100
AcDbEntity
  8
03___PRT_ALL_CURVES
  6
Continuous
 62
     4
100
AcDbSpline
210
0.0
220
0.0
230
1.0
 70
     8
 71
     3
 72
     8
 73
     4
 74
     0
 42
0.0000001
 43
0.0000000001
 40
0.0
 40
0.0
 40
0.0
 40
0.0
 40
1.0
 40
1.0
 40
1.0
 40
1.0
 10
25.67448156432002
 20
88.75798774909998
 30
0.0
 10
25.60244883310003
 20
88.72688268049998
 30
0.0
 10
25.54924283587999
 20
88.68349934587997
 30
0.0
 10
25.51322644868003
 20
88.62865619673997
 30
0.0
  0
SPLINE
  5
2E9
330
223
100
AcDbEntity
  8
03___PRT_ALL_CURVES
  6
Continuous
 62
     4
100
AcDbSpline
210
0.0
220
0.0
230
1.0
 70
     8
 71
     3
 72
     8
 73
     4
 74
     0
 42
0.0000001
 43
0.0000000001
 40
0.0
 40
0.0
 40
0.0
 40
0.0
 40
1.0
 40
1.0
 40
1.0
 40
1.0
 10
25.51322644868003
 20
88.62865619673997
 30
0.0
 10
25.47721009195999
 20
88.57381308824
 30
0.0
 10
25.4600204667
 20
88.51569576987998
 30
0.0
 10
25.4600204667
 20
88.45430422641999
 30
0.0
  0
SPLINE
  5
2EA
330
223
100
AcDbEntity
  8
03___PRT_ALL_CURVES
  6
Continuous
 62
     4
100
AcDbSpline
210
0.0
220
0.0
230
1.0
 70
     8
 71
     3
 72
     8
 73
     4
 74
     0
 42
0.0000001
 43
0.0000000001
 40
0.0
 40
0.0
 40
0.0
 40
0.0
 40
1.0
 40
1.0
 40
1.0
 40
1.0
 10
25.4600204667
 20
88.45430422641999
 30
0.0
 10
25.4600204667
 20
88.36017056403998
 30
0.0
 10
25.49439972484001
 20
88.28322649898001
 30
0.0
 10
25.56444125354
 20
88.22224915331998
 30
0.0
  0
SPLINE
  5
2EB
330
223
100
AcDbEntity
  8
03___PRT_ALL_CURVES
  6
Continuous
 62
     4
100
AcDbSpline
210
0.0
220
0.0
230
1.0
 70
     8
 71
     3
 72
     8
 73
     4
 74
     0
 42
0.0000001
 43
0.0000000001
 40
0.0
 40
0.0
 40
0.0
 40
0.0
 40
1.0
 40
1.0
 40
1.0
 40
1.0
 10
25.56444125354
 20
88.22224915331998
 30
0.0
 10
25.63355389154
 20
88.16208048778
 30
0.0
 10
25.74978852826004
 20
88.11296727383998
 30
0.0
 10
25.91265418169999
 20
88.07683143805997
 30
0.0
  0
SPLINE
  5
2EC
330
223
100
AcDbEntity
  8
03___PRT_ALL_CURVES
  6
Continuous
 62
     4
100
AcDbSpline
210
0.0
220
0.0
230
1.0
 70
     8
 71
     3
 72
     8
 73
     4
 74
     0
 42
0.0000001
 43
0.0000000001
 40
0.0
 40
0.0
 40
0.0
 40
0.0
 40
1.0
 40
1.0
 40
1.0
 40
1.0
 10
25.91265418169999
 20
88.07683143805997
 30
0.0
 10
26.01172576409999
 20
88.05484991992
 30
0.0
 10
26.07475445694001
 20
88.03193040771998
 30
0.0
 10
26.10240235948001
 20
88.00717109478
 30
0.0
  0
SPLINE
  5
2ED
330
223
100
AcDbEntity
  8
03___PRT_ALL_CURVES
  6
Continuous
 62
     4
100
AcDbSpline
210
0.0
220
0.0
230
1.0
 70
     8
 71
     3
 72
     8
 73
     4
 74
     0
 42
0.0000001
 43
0.0000000001
 40
0.0
 40
0.0
 40
0.0
 40
0.0
 40
1.0
 40
1.0
 40
1.0
 40
1.0
 10
26.10240235948001
 20
88.00717109478
 30
0.0
 10
26.1295975502
 20
87.98281719378
 30
0.0
 10
26.14351299354001
 20
87.95498634266002
 30
0.0
 10
26.14351299354001
 20
87.92388130199998
 30
0.0
  0
SPLINE
  5
2EE
330
223
100
AcDbEntity
  8
03___PRT_ALL_CURVES
  6
Continuous
 62
     4
100
AcDbSpline
210
0.0
220
0.0
230
1.0
 70
     8
 71
     3
 72
     8
 73
     4
 74
     0
 42
0.0000001
 43
0.0000000001
 40
0.0
 40
0.0
 40
0.0
 40
0.0
 40
1.0
 40
1.0
 40
1.0
 40
1.0
 10
26.14351299354001
 20
87.92388130199998
 30
0.0
 10
26.14351299354001
 20
87.89113914498
 30
0.0
 10
26.12877900980001
 20
87.86167121814
 30
0.0
 10
26.10012959542004
 20
87.83711457941996
 30
0.0
  0
SPLINE
  5
2EF
330
223
100
AcDbEntity
  8
03___PRT_ALL_CURVES
  6
Continuous
 62
     4
100
AcDbSpline
210
0.0
220
0.0
230
1.0
 70
     8
 71
     3
 72
     8
 73
     4
 74
     0
 42
0.0000001
 43
0.0000000001
 40
0.0
 40
0.0
 40
0.0
 40
0.0
 40
1.0
 40
1.0
 40
1.0
 40
1.0
 10
26.10012959542004
 20
87.83711457941996
 30
0.0
 10
26.07148023184001
 20
87.81255798641996
 30
0.0
 10
26.03055251080002
 20
87.80027967468001
 30
0.0
 10
25.97816510732002
 20
87.80027967468001
 30
0.0
  0
SPLINE
  5
2F0
330
223
100
AcDbEntity
  8
03___PRT_ALL_CURVES
  6
Continuous
 62
     4
100
AcDbSpline
210
0.0
220
0.0
230
1.0
 70
     8
 71
     3
 72
     8
 73
     4
 74
     0
 42
0.0000001
 43
0.0000000001
 40
0.0
 40
0.0
 40
0.0
 40
0.0
 40
1.0
 40
1.0
 40
1.0
 40
1.0
 10
25.97816510732002
 20
87.80027967468001
 30
0.0
 10
25.90695088348002
 20
87.80027967468001
 30
0.0
 10
25.85210779276002
 20
87.82401774252
 30
0.0
 10
25.81401212600002
 20
87.87278018500001
 30
0.0
  0
SPLINE
  5
2F1
330
223
100
AcDbEntity
  8
03___PRT_ALL_CURVES
  6
Continuous
 62
     4
100
AcDbSpline
210
0.0
220
0.0
230
1.0
 70
     8
 71
     3
 72
     8
 73
     4
 74
     0
 42
0.0000001
 43
0.0000000001
 40
0.0
 40
0.0
 40
0.0
 40
0.0
 40
1.0
 40
1.0
 40
1.0
 40
1.0
 10
25.81401212600002
 20
87.87278018500001
 30
0.0
 10
25.79071624676001
 20
87.90259890107998
 30
0.0
 10
25.7751637277
 20
87.94680081165998
 30
0.0
 10
25.76779673709999
 20
88.00409959215997
 30
0.0
  0
SPLINE
  5
2F2
330
223
100
AcDbEntity
  8
03___PRT_ALL_CURVES
  6
Continuous
 62
     4
100
AcDbSpline
210
0.0
220
0.0
230
1.0
 70
     8
 71
     3
 72
     8
 73
     4
 74
     0
 42
0.0000001
 43
0.0000000001
 40
0.0
 40
0.0
 40
0.0
 40
0.0
 40
1.0
 40
1.0
 40
1.0
 40
1.0
 10
20.89999999824002
 20
88.18431788298
 30
0.0
 10
20.89999999824002
 20
88.06699180317997
 30
0.0
 10
20.92251023770001
 20
87.97012960676
 30
0.0
 10
20.96864217998001
 20
87.89221787535999
 30
0.0
  0
SPLINE
  5
2F3
330
223
100
AcDbEntity
  8
03___PRT_ALL_CURVES
  6
Continuous
 62
     4
100
AcDbSpline
210
0.0
220
0.0
230
1.0
 70
     8
 71
     3
 72
     8
 73
     4
 74
     0
 42
0.0000001
 43
0.0000000001
 40
0.0
 40
0.0
 40
0.0
 40
0.0
 40
1.0
 40
1.0
 40
1.0
 40
1.0
 10
20.96864217998001
 20
87.89221787535999
 30
0.0
 10
21.01459754400003
 20
87.81460436789999
 30
0.0
 10
21.07462483059999
 20
87.75730558993996
 30
0.0
 10
21.14816006834002
 20
87.72155929110002
 30
0.0
  0
SPLINE
  5
2F4
330
223
100
AcDbEntity
  8
03___PRT_ALL_CURVES
  6
Continuous
 62
     4
100
AcDbSpline
210
0.0
220
0.0
230
1.0
 70
     8
 71
     3
 72
     8
 73
     4
 74
     0
 42
0.0000001
 43
0.0000000001
 40
0.0
 40
0.0
 40
0.0
 40
0.0
 40
1.0
 40
1.0
 40
1.0
 40
1.0
 10
21.14816006834002
 20
87.72155929110002
 30
0.0
 10
21.22196451560001
 20
87.68568212637999
 30
0.0
 10
21.31541610670001
 20
87.66794679227996
 30
0.0
 10
21.42864940322002
 20
87.66794679227996
 30
0.0
  0
SPLINE
  5
2F5
330
223
100
AcDbEntity
  8
03___PRT_ALL_CURVES
  6
Continuous
 62
     4
100
AcDbSpline
210
0.0
220
0.0
230
1.0
 70
     8
 71
     3
 72
     8
 73
     4
 74
     0
 42
0.0000001
 43
0.0000000001
 40
0.0
 40
0.0
 40
0.0
 40
0.0
 40
1.0
 40
1.0
 40
1.0
 40
1.0
 10
21.42864940322002
 20
87.66794679227996
 30
0.0
 10
21.53915415045998
 20
87.66794679227996
 30
0.0
 10
21.63192359408001
 20
87.68841064009999
 30
0.0
 10
21.70627556881999
 20
87.73002045019996
 30
0.0
  0
SPLINE
  5
2F6
330
223
100
AcDbEntity
  8
03___PRT_ALL_CURVES
  6
Continuous
 62
     4
100
AcDbSpline
210
0.0
220
0.0
230
1.0
 70
     8
 71
     3
 72
     8
 73
     4
 74
     0
 42
0.0000001
 43
0.0000000001
 40
0.0
 40
0.0
 40
0.0
 40
0.0
 40
1.0
 40
1.0
 40
1.0
 40
1.0
 10
21.70627556881999
 20
87.73002045019996
 30
0.0
 10
21.78062758674002
 20
87.77163028316
 30
0.0
 10
21.83724419182002
 20
87.82961117811996
 30
0.0
 10
21.87680760774003
 20
87.90464529017999
 30
0.0
  0
SPLINE
  5
2F7
330
223
100
AcDbEntity
  8
03___PRT_ALL_CURVES
  6
Continuous
 62
     4
100
AcDbSpline
210
0.0
220
0.0
230
1.0
 70
     8
 71
     3
 72
     8
 73
     4
 74
     0
 42
0.0000001
 43
0.0000000001
 40
0.0
 40
0.0
 40
0.0
 40
0.0
 40
1.0
 40
1.0
 40
1.0
 40
1.0
 10
21.87680760774003
 20
87.90464529017999
 30
0.0
 10
21.91637102620001
 20
87.97967940223998
 30
0.0
 10
21.93615285353999
 20
88.07517733925997
 30
0.0
 10
21.93615285353999
 20
88.19250338857998
 30
0.0
  0
SPLINE
  5
2F8
330
223
100
AcDbEntity
  8
03___PRT_ALL_CURVES
  6
Continuous
 62
     4
100
AcDbSpline
210
0.0
220
0.0
230
1.0
 70
     8
 71
     3
 72
     8
 73
     4
 74
     0
 42
0.0000001
 43
0.0000000001
 40
0.0
 40
0.0
 40
0.0
 40
0.0
 40
1.0
 40
1.0
 40
1.0
 40
1.0
 10
21.93615285353999
 20
88.19250338857998
 30
0.0
 10
21.93615285353999
 20
88.3534857006
 30
0.0
 10
21.89113239239998
 20
88.47831517154
 30
0.0
 10
21.80109143964
 20
88.56767394887999
 30
0.0
  0
SPLINE
  5
2F9
330
223
100
AcDbEntity
  8
03___PRT_ALL_CURVES
  6
Continuous
 62
     4
100
AcDbSpline
210
0.0
220
0.0
230
1.0
 70
     8
 71
     3
 72
     8
 73
     4
 74
     0
 42
0.0000001
 43
0.0000000001
 40
0.0
 40
0.0
 40
0.0
 40
0.0
 40
1.0
 40
1.0
 40
1.0
 40
1.0
 10
21.80109143964
 20
88.56767394887999
 30
0.0
 10
21.71105048942002
 20
88.65703272367998
 30
0.0
 10
21.58281038013999
 20
88.70205324577998
 30
0.0
 10
21.41637108640001
 20
88.70205324577998
 30
0.0
  0
SPLINE
  5
2FA
330
223
100
AcDbEntity
  8
03___PRT_ALL_CURVES
  6
Continuous
 62
     4
100
AcDbSpline
210
0.0
220
0.0
230
1.0
 70
     8
 71
     3
 72
     8
 73
     4
 74
     0
 42
0.0000001
 43
0.0000000001
 40
0.0
 40
0.0
 40
0.0
 40
0.0
 40
1.0
 40
1.0
 40
1.0
 40
1.0
 10
21.41637108640001
 20
88.70205324577998
 30
0.0
 10
21.25402454292001
 20
88.70205324577998
 30
0.0
 10
21.12714869558002
 20
88.65635060922
 30
0.0
 10
21.0364256563
 20
88.56562755724002
 30
0.0
  0
SPLINE
  5
2FB
330
223
100
AcDbEntity
  8
03___PRT_ALL_CURVES
  6
Continuous
 62
     4
100
AcDbSpline
210
0.0
220
0.0
230
1.0
 70
     8
 71
     3
 72
     8
 73
     4
 74
     0
 42
0.0000001
 43
0.0000000001
 40
0.0
 40
0.0
 40
0.0
 40
0.0
 40
1.0
 40
1.0
 40
1.0
 40
1.0
 10
21.0364256563
 20
88.56562755724002
 30
0.0
 10
20.94502046700001
 20
88.47422235777998
 30
0.0
 10
20.89999999824002
 20
88.34734654092
 30
0.0
 10
20.89999999824002
 20
88.18431788298
 30
0.0
  0
SPLINE
  5
2FC
330
223
100
AcDbEntity
  8
03___PRT_ALL_CURVES
  6
Continuous
 62
     4
100
AcDbSpline
210
0.0
220
0.0
230
1.0
 70
     8
 71
     3
 72
     8
 73
     4
 74
     0
 42
0.0000001
 43
0.0000000001
 40
0.0
 40
0.0
 40
0.0
 40
0.0
 40
1.0
 40
1.0
 40
1.0
 40
1.0
 10
21.20900408178002
 20
88.18295362358
 30
0.0
 10
21.20900408178002
 20
88.28459071774
 30
0.0
 10
21.22742156082003
 20
88.35757845339998
 30
0.0
 10
21.26559340218
 20
88.40194031285998
 30
0.0
  0
SPLINE
  5
2FD
330
223
100
AcDbEntity
  8
03___PRT_ALL_CURVES
  6
Continuous
 62
     4
100
AcDbSpline
210
0.0
220
0.0
230
1.0
 70
     8
 71
     3
 72
     8
 73
     4
 74
     0
 42
0.0000001
 43
0.0000000001
 40
0.0
 40
0.0
 40
0.0
 40
0.0
 40
1.0
 40
1.0
 40
1.0
 40
1.0
 10
21.26559340218
 20
88.40194031285998
 30
0.0
 10
21.30313778734001
 20
88.44557296879998
 30
0.0
 10
21.35293314622001
 20
88.46808319809998
 30
0.0
 10
21.41568896940001
 20
88.46808319809998
 30
0.0
  0
SPLINE
  5
2FE
330
223
100
AcDbEntity
  8
03___PRT_ALL_CURVES
  6
Continuous
 62
     4
100
AcDbSpline
210
0.0
220
0.0
230
1.0
 70
     8
 71
     3
 72
     8
 73
     4
 74
     0
 42
0.0000001
 43
0.0000000001
 40
0.0
 40
0.0
 40
0.0
 40
0.0
 40
1.0
 40
1.0
 40
1.0
 40
1.0
 10
21.41568896940001
 20
88.46808319809998
 30
0.0
 10
21.48049113850001
 20
88.46808319809998
 30
0.0
 10
21.53165075932
 20
88.44625514422
 30
0.0
 10
21.56984994632001
 20
88.40259891454
 30
0.0
  0
SPLINE
  5
2FF
330
223
100
AcDbEntity
  8
03___PRT_ALL_CURVES
  6
Continuous
 62
     4
100
AcDbSpline
210
0.0
220
0.0
230
1.0
 70
     8
 71
     3
 72
     8
 73
     4
 74
     0
 42
0.0000001
 43
0.0000000001
 40
0.0
 40
0.0
 40
0.0
 40
0.0
 40
1.0
 40
1.0
 40
1.0
 40
1.0
 10
21.56984994632001
 20
88.40259891454
 30
0.0
 10
21.60804913332004
 20
88.35894268486001
 30
0.0
 10
21.62714872428003
 20
88.29072987742
 30
0.0
 10
21.62714872428003
 20
88.19659620234
 30
0.0
  0
SPLINE
  5
300
330
223
100
AcDbEntity
  8
03___PRT_ALL_CURVES
  6
Continuous
 62
     4
100
AcDbSpline
210
0.0
220
0.0
230
1.0
 70
     8
 71
     3
 72
     8
 73
     4
 74
     0
 42
0.0000001
 43
0.0000000001
 40
0.0
 40
0.0
 40
0.0
 40
0.0
 40
1.0
 40
1.0
 40
1.0
 40
1.0
 10
21.62714872428003
 20
88.19659620234
 30
0.0
 10
21.62714872428003
 20
88.08472713473998
 30
0.0
 10
21.60873124778004
 20
88.00696453181996
 30
0.0
 10
21.57254704785998
 20
87.96401693674
 30
0.0
  0
SPLINE
  5
301
330
223
100
AcDbEntity
  8
03___PRT_ALL_CURVES
  6
Continuous
 62
     4
100
AcDbSpline
210
0.0
220
0.0
230
1.0
 70
     8
 71
     3
 72
     8
 73
     4
 74
     0
 42
0.0000001
 43
0.0000000001
 40
0.0
 40
0.0
 40
0.0
 40
0.0
 40
1.0
 40
1.0
 40
1.0
 40
1.0
 10
21.57254704785998
 20
87.96401693674
 30
0.0
 10
21.53574351212001
 20
87.92033424534
 30
0.0
 10
21.48458389130002
 20
87.89918826273998
 30
0.0
 10
21.41841749074001
 20
87.89918826273998
 30
0.0
  0
SPLINE
  5
302
330
223
100
AcDbEntity
  8
03___PRT_ALL_CURVES
  6
Continuous
 62
     4
100
AcDbSpline
210
0.0
220
0.0
230
1.0
 70
     8
 71
     3
 72
     8
 73
     4
 74
     0
 42
0.0000001
 43
0.0000000001
 40
0.0
 40
0.0
 40
0.0
 40
0.0
 40
1.0
 40
1.0
 40
1.0
 40
1.0
 10
21.41841749074001
 20
87.89918826273998
 30
0.0
 10
21.35361526322001
 20
87.89918826273998
 30
0.0
 10
21.30245567034001
 20
87.92101637758
 30
0.0
 10
21.26477049552
 20
87.96521080278
 30
0.0
  0
SPLINE
  5
303
330
223
100
AcDbEntity
  8
03___PRT_ALL_CURVES
  6
Continuous
 62
     4
100
AcDbSpline
210
0.0
220
0.0
230
1.0
 70
     8
 71
     3
 72
     8
 73
     4
 74
     0
 42
0.0000001
 43
0.0000000001
 40
0.0
 40
0.0
 40
0.0
 40
0.0
 40
1.0
 40
1.0
 40
1.0
 40
1.0
 10
21.26477049552
 20
87.96521080278
 30
0.0
 10
21.22742156082003
 20
88.00901090822
 30
0.0
 10
21.20900408178002
 20
88.08199864387996
 30
0.0
 10
21.20900408178002
 20
88.18295362358
 30
0.0
  0
SPLINE
  5
304
330
223
100
AcDbEntity
  8
03___PRT_ALL_CURVES
  6
Continuous
 62
     4
100
AcDbSpline
210
0.0
220
0.0
230
1.0
 70
     8
 71
     3
 72
     8
 73
     4
 74
     0
 42
0.0000001
 43
0.0000000001
 40
0.0
 40
0.0
 40
0.0
 40
0.0
 40
1.0
 40
1.0
 40
1.0
 40
1.0
 10
9.700272877800018
 20
88.18431788298
 30
0.0
 10
9.700272877800018
 20
88.06699180317997
 30
0.0
 10
9.722783114720016
 20
87.97012960676
 30
0.0
 10
9.768915059540006
 20
87.89221787535999
 30
0.0
  0
SPLINE
  5
305
330
223
100
AcDbEntity
  8
03___PRT_ALL_CURVES
  6
Continuous
 62
     4
100
AcDbSpline
210
0.0
220
0.0
230
1.0
 70
     8
 71
     3
 72
     8
 73
     4
 74
     0
 42
0.0000001
 43
0.0000000001
 40
0.0
 40
0.0
 40
0.0
 40
0.0
 40
1.0
 40
1.0
 40
1.0
 40
1.0
 10
9.768915059540006
 20
87.89221787535999
 30
0.0
 10
9.814870421020004
 20
87.81460436789999
 30
0.0
 10
9.874897707619994
 20
87.75730558993996
 30
0.0
 10
9.948432947899988
 20
87.72155929110002
 30
0.0
  0
SPLINE
  5
306
330
223
100
AcDbEntity
  8
03___PRT_ALL_CURVES
  6
Continuous
 62
     4
100
AcDbSpline
210
0.0
220
0.0
230
1.0
 70
     8
 71
     3
 72
     8
 73
     4
 74
     0
 42
0.0000001
 43
0.0000000001
 40
0.0
 40
0.0
 40
0.0
 40
0.0
 40
1.0
 40
1.0
 40
1.0
 40
1.0
 10
9.948432947899988
 20
87.72155929110002
 30
0.0
 10
10.02223739516
 20
87.68568212637999
 30
0.0
 10
10.11568898372002
 20
87.66794679227996
 30
0.0
 10
10.22892228278002
 20
87.66794679227996
 30
0.0
  0
SPLINE
  5
307
330
223
100
AcDbEntity
  8
03___PRT_ALL_CURVES
  6
Continuous
 62
     4
100
AcDbSpline
210
0.0
220
0.0
230
1.0
 70
     8
 71
     3
 72
     8
 73
     4
 74
     0
 42
0.0000001
 43
0.0000000001
 40
0.0
 40
0.0
 40
0.0
 40
0.0
 40
1.0
 40
1.0
 40
1.0
 40
1.0
 10
10.22892228278002
 20
87.66794679227996
 30
0.0
 10
10.33942703002
 20
87.66794679227996
 30
0.0
 10
10.43219647363998
 20
87.68841064009999
 30
0.0
 10
10.50654844838002
 20
87.73002045019996
 30
0.0
  0
SPLINE
  5
308
330
223
100
AcDbEntity
  8
03___PRT_ALL_CURVES
  6
Continuous
 62
     4
100
AcDbSpline
210
0.0
220
0.0
230
1.0
 70
     8
 71
     3
 72
     8
 73
     4
 74
     0
 42
0.0000001
 43
0.0000000001
 40
0.0
 40
0.0
 40
0.0
 40
0.0
 40
1.0
 40
1.0
 40
1.0
 40
1.0
 10
10.50654844838002
 20
87.73002045019996
 30
0.0
 10
10.58090046629999
 20
87.77163028316
 30
0.0
 10
10.63751706884003
 20
87.82961117811996
 30
0.0
 10
10.6770804873
 20
87.90464529017999
 30
0.0
  0
SPLINE
  5
309
330
223
100
AcDbEntity
  8
03___PRT_ALL_CURVES
  6
Continuous
 62
     4
100
AcDbSpline
210
0.0
220
0.0
230
1.0
 70
     8
 71
     3
 72
     8
 73
     4
 74
     0
 42
0.0000001
 43
0.0000000001
 40
0.0
 40
0.0
 40
0.0
 40
0.0
 40
1.0
 40
1.0
 40
1.0
 40
1.0
 10
10.6770804873
 20
87.90464529017999
 30
0.0
 10
10.71664390576001
 20
87.97967940223998
 30
0.0
 10
10.73642573309999
 20
88.07517733925997
 30
0.0
 10
10.73642573309999
 20
88.19250338857998
 30
0.0
  0
SPLINE
  5
30A
330
223
100
AcDbEntity
  8
03___PRT_ALL_CURVES
  6
Continuous
 62
     4
100
AcDbSpline
210
0.0
220
0.0
230
1.0
 70
     8
 71
     3
 72
     8
 73
     4
 74
     0
 42
0.0000001
 43
0.0000000001
 40
0.0
 40
0.0
 40
0.0
 40
0.0
 40
1.0
 40
1.0
 40
1.0
 40
1.0
 10
10.73642573309999
 20
88.19250338857998
 30
0.0
 10
10.73642573309999
 20
88.3534857006
 30
0.0
 10
10.69140527196001
 20
88.47831517154
 30
0.0
 10
10.60136431920003
 20
88.56767394887999
 30
0.0
  0
SPLINE
  5
30B
330
223
100
AcDbEntity
  8
03___PRT_ALL_CURVES
  6
Continuous
 62
     4
100
AcDbSpline
210
0.0
220
0.0
230
1.0
 70
     8
 71
     3
 72
     8
 73
     4
 74
     0
 42
0.0000001
 43
0.0000000001
 40
0.0
 40
0.0
 40
0.0
 40
0.0
 40
1.0
 40
1.0
 40
1.0
 40
1.0
 10
10.60136431920003
 20
88.56767394887999
 30
0.0
 10
10.51132336644
 20
88.65703272367998
 30
0.0
 10
10.38308325970002
 20
88.70205324577998
 30
0.0
 10
10.21664396342001
 20
88.70205324577998
 30
0.0
  0
SPLINE
  5
30C
330
223
100
AcDbEntity
  8
03___PRT_ALL_CURVES
  6
Continuous
 62
     4
100
AcDbSpline
210
0.0
220
0.0
230
1.0
 70
     8
 71
     3
 72
     8
 73
     4
 74
     0
 42
0.0000001
 43
0.0000000001
 40
0.0
 40
0.0
 40
0.0
 40
0.0
 40
1.0
 40
1.0
 40
1.0
 40
1.0
 10
10.21664396342001
 20
88.70205324577998
 30
0.0
 10
10.05429742248
 20
88.70205324577998
 30
0.0
 10
9.927421575139988
 20
88.65635060922
 30
0.0
 10
9.836698535860023
 20
88.56562755724002
 30
0.0
  0
SPLINE
  5
30D
330
223
100
AcDbEntity
  8
03___PRT_ALL_CURVES
  6
Continuous
 62
     4
100
AcDbSpline
210
0.0
220
0.0
230
1.0
 70
     8
 71
     3
 72
     8
 73
     4
 74
     0
 42
0.0000001
 43
0.0000000001
 40
0.0
 40
0.0
 40
0.0
 40
0.0
 40
1.0
 40
1.0
 40
1.0
 40
1.0
 10
9.836698535860023
 20
88.56562755724002
 30
0.0
 10
9.745293346560004
 20
88.47422235777998
 30
0.0
 10
9.700272877800018
 20
88.34734654092
 30
0.0
 10
9.700272877800018
 20
88.18431788298
 30
0.0
  0
SPLINE
  5
30E
330
223
100
AcDbEntity
  8
03___PRT_ALL_CURVES
  6
Continuous
 62
     4
100
AcDbSpline
210
0.0
220
0.0
230
1.0
 70
     8
 71
     3
 72
     8
 73
     4
 74
     0
 42
0.0000001
 43
0.0000000001
 40
0.0
 40
0.0
 40
0.0
 40
0.0
 40
1.0
 40
1.0
 40
1.0
 40
1.0
 10
10.00927696134002
 20
88.18295362358
 30
0.0
 10
10.00927696134002
 20
88.28459071774
 30
0.0
 10
10.02769443784001
 20
88.35757845339998
 30
0.0
 10
10.06586627920004
 20
88.40194031285998
 30
0.0
  0
SPLINE
  5
30F
330
223
100
AcDbEntity
  8
03___PRT_ALL_CURVES
  6
Continuous
 62
     4
100
AcDbSpline
210
0.0
220
0.0
230
1.0
 70
     8
 71
     3
 72
     8
 73
     4
 74
     0
 42
0.0000001
 43
0.0000000001
 40
0.0
 40
0.0
 40
0.0
 40
0.0
 40
1.0
 40
1.0
 40
1.0
 40
1.0
 10
10.06586627920004
 20
88.40194031285998
 30
0.0
 10
10.1034106669
 20
88.44557296879998
 30
0.0
 10
10.15320602578001
 20
88.46808319809998
 30
0.0
 10
10.21596184896001
 20
88.46808319809998
 30
0.0
  0
SPLINE
  5
310
330
223
100
AcDbEntity
  8
03___PRT_ALL_CURVES
  6
Continuous
 62
     4
100
AcDbSpline
210
0.0
220
0.0
230
1.0
 70
     8
 71
     3
 72
     8
 73
     4
 74
     0
 42
0.0000001
 43
0.0000000001
 40
0.0
 40
0.0
 40
0.0
 40
0.0
 40
1.0
 40
1.0
 40
1.0
 40
1.0
 10
10.21596184896001
 20
88.46808319809998
 30
0.0
 10
10.28076401805998
 20
88.46808319809998
 30
0.0
 10
10.33192363888
 20
88.44625514422
 30
0.0
 10
10.37012282588
 20
88.40259891454
 30
0.0
  0
SPLINE
  5
311
330
223
100
AcDbEntity
  8
03___PRT_ALL_CURVES
  6
Continuous
 62
     4
100
AcDbSpline
210
0.0
220
0.0
230
1.0
 70
     8
 71
     3
 72
     8
 73
     4
 74
     0
 42
0.0000001
 43
0.0000000001
 40
0.0
 40
0.0
 40
0.0
 40
0.0
 40
1.0
 40
1.0
 40
1.0
 40
1.0
 10
10.37012282588
 20
88.40259891454
 30
0.0
 10
10.40832201034002
 20
88.35894268486001
 30
0.0
 10
10.42742160384
 20
88.29072987742
 30
0.0
 10
10.42742160384
 20
88.19659620234
 30
0.0
  0
SPLINE
  5
312
330
223
100
AcDbEntity
  8
03___PRT_ALL_CURVES
  6
Continuous
 62
     4
100
AcDbSpline
210
0.0
220
0.0
230
1.0
 70
     8
 71
     3
 72
     8
 73
     4
 74
     0
 42
0.0000001
 43
0.0000000001
 40
0.0
 40
0.0
 40
0.0
 40
0.0
 40
1.0
 40
1.0
 40
1.0
 40
1.0
 10
10.42742160384
 20
88.19659620234
 30
0.0
 10
10.42742160384
 20
88.08472713473998
 30
0.0
 10
10.40900412734001
 20
88.00696453181996
 30
0.0
 10
10.37281992742001
 20
87.96401693674
 30
0.0
  0
SPLINE
  5
313
330
223
100
AcDbEntity
  8
03___PRT_ALL_CURVES
  6
Continuous
 62
     4
100
AcDbSpline
210
0.0
220
0.0
230
1.0
 70
     8
 71
     3
 72
     8
 73
     4
 74
     0
 42
0.0000001
 43
0.0000000001
 40
0.0
 40
0.0
 40
0.0
 40
0.0
 40
1.0
 40
1.0
 40
1.0
 40
1.0
 10
10.37281992742001
 20
87.96401693674
 30
0.0
 10
10.33601639168003
 20
87.92033424534
 30
0.0
 10
10.28485677086002
 20
87.89918826273998
 30
0.0
 10
10.21869037030001
 20
87.89918826273998
 30
0.0
  0
SPLINE
  5
314
330
223
100
AcDbEntity
  8
03___PRT_ALL_CURVES
  6
Continuous
 62
     4
100
AcDbSpline
210
0.0
220
0.0
230
1.0
 70
     8
 71
     3
 72
     8
 73
     4
 74
     0
 42
0.0000001
 43
0.0000000001
 40
0.0
 40
0.0
 40
0.0
 40
0.0
 40
1.0
 40
1.0
 40
1.0
 40
1.0
 10
10.21869037030001
 20
87.89918826273998
 30
0.0
 10
10.15388814024004
 20
87.89918826273998
 30
0.0
 10
10.10272854990001
 20
87.92101637758
 30
0.0
 10
10.06504337254
 20
87.96521080278
 30
0.0
  0
SPLINE
  5
315
330
223
100
AcDbEntity
  8
03___PRT_ALL_CURVES
  6
Continuous
 62
     4
100
AcDbSpline
210
0.0
220
0.0
230
1.0
 70
     8
 71
     3
 72
     8
 73
     4
 74
     0
 42
0.0000001
 43
0.0000000001
 40
0.0
 40
0.0
 40
0.0
 40
0.0
 40
1.0
 40
1.0
 40
1.0
 40
1.0
 10
10.06504337254
 20
87.96521080278
 30
0.0
 10
10.02769443784001
 20
88.00901090822
 30
0.0
 10
10.00927696134002
 20
88.08199864387996
 30
0.0
 10
10.00927696134002
 20
88.18295362358
 30
0.0
  0
SPLINE
  5
316
330
223
100
AcDbEntity
  8
03___PRT_ALL_CURVES
  6
Continuous
 62
     4
100
AcDbSpline
210
0.0
220
0.0
230
1.0
 70
     8
 71
     3
 72
     8
 73
     4
 74
     0
 42
0.0000001
 43
0.0000000001
 40
0.0
 40
0.0
 40
0.0
 40
0.0
 40
1.0
 40
1.0
 40
1.0
 40
1.0
 10
9.292121573200006
 20
120.26466573638
 30
0.0
 10
9.362039759500021
 20
120.26466573638
 30
0.0
 10
9.425136564979994
 20
120.24420189872
 30
0.0
 10
9.480462773860012
 20
120.20537648234
 30
0.0
  0
SPLINE
  5
317
330
223
100
AcDbEntity
  8
03___PRT_ALL_CURVES
  6
Continuous
 62
     4
100
AcDbSpline
210
0.0
220
0.0
230
1.0
 70
     8
 71
     3
 72
     8
 73
     4
 74
     0
 42
0.0000001
 43
0.0000000001
 40
0.0
 40
0.0
 40
0.0
 40
0.0
 40
1.0
 40
1.0
 40
1.0
 40
1.0
 10
9.480462773860012
 20
120.20537648234
 30
0.0
 10
9.522339819899997
 20
120.1759890760399
 30
0.0
 10
9.56794696007998
 20
120.11265762282
 30
0.0
 10
9.62124851210001
 20
120.01398365202
 30
0.0
  0
SPLINE
  5
318
330
223
100
AcDbEntity
  8
03___PRT_ALL_CURVES
  6
Continuous
 62
     4
100
AcDbSpline
210
0.0
220
0.0
230
1.0
 70
     8
 71
     3
 72
     8
 73
     4
 74
     0
 42
0.0000001
 43
0.0000000001
 40
0.0
 40
0.0
 40
0.0
 40
0.0
 40
1.0
 40
1.0
 40
1.0
 40
1.0
 10
10.5318896169
 20
119.9730558979599
 30
0.0
 10
10.51313114032001
 20
120.01057299844
 30
0.0
 10
10.47731932980003
 20
120.0617326345
 30
0.0
 10
10.42434895822001
 20
120.12815581128
 30
0.0
  0
SPLINE
  5
319
330
223
100
AcDbEntity
  8
03___PRT_ALL_CURVES
  6
Continuous
 62
     4
100
AcDbSpline
210
0.0
220
0.0
230
1.0
 70
     8
 71
     3
 72
     8
 73
     4
 74
     0
 42
0.0000001
 43
0.0000000001
 40
0.0
 40
0.0
 40
0.0
 40
0.0
 40
1.0
 40
1.0
 40
1.0
 40
1.0
 10
10.42434895822001
 20
120.12815581128
 30
0.0
 10
10.36988419287999
 20
120.1964529137
 30
0.0
 10
10.32895651248
 20
120.23908595518
 30
0.0
 10
10.30032569598001
 20
120.26003532908
 30
0.0
  0
SPLINE
  5
31A
330
223
100
AcDbEntity
  8
03___PRT_ALL_CURVES
  6
Continuous
 62
     4
100
AcDbSpline
210
0.0
220
0.0
230
1.0
 70
     8
 71
     3
 72
     8
 73
     4
 74
     0
 42
0.0000001
 43
0.0000000001
 40
0.0
 40
0.0
 40
0.0
 40
0.0
 40
1.0
 40
1.0
 40
1.0
 40
1.0
 10
10.30032569598001
 20
120.26003532908
 30
0.0
 10
10.25903832872004
 20
120.29024559124
 30
0.0
 10
10.19082557970003
 20
120.32094131344
 30
0.0
 10
10.09873819211998
 20
120.35334239672
 30
0.0
  0
SPLINE
  5
31B
330
223
100
AcDbEntity
  8
03___PRT_ALL_CURVES
  6
Continuous
 62
     4
100
AcDbSpline
210
0.0
220
0.0
230
1.0
 70
     8
 71
     3
 72
     8
 73
     4
 74
     0
 42
0.0000001
 43
0.0000000001
 40
0.0
 40
0.0
 40
0.0
 40
0.0
 40
1.0
 40
1.0
 40
1.0
 40
1.0
 10
10.09873819211998
 20
120.35334239672
 30
0.0
 10
10.21470007093998
 20
120.37892225158
 30
0.0
 10
10.30508202124003
 20
120.4113233374
 30
0.0
 10
10.37061007916
 20
120.45103732706
 30
0.0
  0
SPLINE
  5
31C
330
223
100
AcDbEntity
  8
03___PRT_ALL_CURVES
  6
Continuous
 62
     4
100
AcDbSpline
210
0.0
220
0.0
230
1.0
 70
     8
 71
     3
 72
     8
 73
     4
 74
     0
 42
0.0000001
 43
0.0000000001
 40
0.0
 40
0.0
 40
0.0
 40
0.0
 40
1.0
 40
1.0
 40
1.0
 40
1.0
 10
10.37061007916
 20
120.45103732706
 30
0.0
 10
10.47390874988
 20
120.51364260698
 30
0.0
 10
10.55576410814001
 20
120.59549796524
 30
0.0
 10
10.61437921570004
 20
120.69573824482
 30
0.0
  0
SPLINE
  5
31D
330
223
100
AcDbEntity
  8
03___PRT_ALL_CURVES
  6
Continuous
 62
     4
100
AcDbSpline
210
0.0
220
0.0
230
1.0
 70
     8
 71
     3
 72
     8
 73
     4
 74
     0
 42
0.0000001
 43
0.0000000001
 40
0.0
 40
0.0
 40
0.0
 40
0.0
 40
1.0
 40
1.0
 40
1.0
 40
1.0
 10
10.61437921570004
 20
120.69573824482
 30
0.0
 10
10.67343127692001
 20
120.7967257797
 30
0.0
 10
10.70412692292001
 20
120.9160982359
 30
0.0
 10
10.70412692292001
 20
121.05593445864
 30
0.0
  0
SPLINE
  5
31E
330
223
100
AcDbEntity
  8
03___PRT_ALL_CURVES
  6
Continuous
 62
     4
100
AcDbSpline
210
0.0
220
0.0
230
1.0
 70
     8
 71
     3
 72
     8
 73
     4
 74
     0
 42
0.0000001
 43
0.0000000001
 40
0.0
 40
0.0
 40
0.0
 40
0.0
 40
1.0
 40
1.0
 40
1.0
 40
1.0
 10
10.70412692292001
 20
121.05593445864
 30
0.0
 10
10.70412692292001
 20
121.21452930528
 30
0.0
 10
10.66490468233999
 20
121.34924966068
 30
0.0
 10
10.58759402924002
 20
121.4596935165
 30
0.0
  0
SPLINE
  5
31F
330
223
100
AcDbEntity
  8
03___PRT_ALL_CURVES
  6
Continuous
 62
     4
100
AcDbSpline
210
0.0
220
0.0
230
1.0
 70
     8
 71
     3
 72
     8
 73
     4
 74
     0
 42
0.0000001
 43
0.0000000001
 40
0.0
 40
0.0
 40
0.0
 40
0.0
 40
1.0
 40
1.0
 40
1.0
 40
1.0
 10
10.58759402924002
 20
121.4596935165
 30
0.0
 10
10.50972056294
 20
121.57094138646
 30
0.0
 10
10.40910658078002
 20
121.64768072752
 30
0.0
 10
10.28291281995999
 20
121.68860840792
 30
0.0
  0
SPLINE
  5
320
330
223
100
AcDbEntity
  8
03___PRT_ALL_CURVES
  6
Continuous
 62
     4
100
AcDbSpline
210
0.0
220
0.0
230
1.0
 70
     8
 71
     3
 72
     8
 73
     4
 74
     0
 42
0.0000001
 43
0.0000000001
 40
0.0
 40
0.0
 40
0.0
 40
0.0
 40
1.0
 40
1.0
 40
1.0
 40
1.0
 10
10.28291281995999
 20
121.68860840792
 30
0.0
 10
10.1567190566
 20
121.72953608578
 30
0.0
 10
9.974249868579989
 20
121.74999999964
 30
0.0
 10
9.735504953640003
 20
121.74999999964
 30
0.0
  0
LINE
  5
325
330
223
100
AcDbEntity
  8
0
  6
Continuous
 62
     2
100
AcDbLine
 10
15.45525077092
 20
116.89999999938
 30
0.0
 11
15.55525077158001
 21
117.00000000004
 31
0.0
  0
LINE
  5
326
330
223
100
AcDbEntity
  8
0
  6
Continuous
 62
     7
100
AcDbLine
 10
14.5033370461
 20
124.00000000306
 30
0.0
 11
14.57817019336002
 21
124.1299999996
 31
0.0
  0
LINE
  5
327
330
223
100
AcDbEntity
  8
0
  6
Continuous
 62
     2
100
AcDbLine
 10
6.160501544860011
 20
91.79999999882
 30
0.0
 11
6.260501545520015
 21
91.89999999948003
 31
0.0
  0
LINE
  5
328
330
223
100
AcDbEntity
  8
0
  6
Continuous
 62
     2
100
AcDbLine
 10
31.26050154542
 20
116.89999999938
 30
0.0
 11
31.36050154607997
 21
117.00000000004
 31
0.0
  0
LINE
  5
329
330
223
100
AcDbEntity
  8
0
  6
Continuous
 62
     7
100
AcDbLine
 10
18.19999999820004
 20
81.14807619983998
 30
0.0
 11
15.94999999986001
 21
79.84903809433999
 31
0.0
  0
LINE
  5
32A
330
223
100
AcDbEntity
  8
0
  6
Continuous
 62
     2
100
AcDbLine
 10
21.96575231936001
 20
91.79999999882
 30
0.0
 11
22.06575231747999
 21
91.89999999948003
 31
0.0
  0
LINE
  5
32B
330
223
100
AcDbEntity
  8
0
  6
Continuous
 62
     7
100
AcDbLine
 10
18.19999999820004
 20
75.95192377784
 30
0.0
 11
20.44999999907998
 21
77.25096188333998
 31
0.0
  0
LINE
  5
330
330
223
100
AcDbEntity
  8
0
  6
Continuous
 62
     7
100
AcDbLine
 10
18.19999999820004
 20
56.14807619993996
 30
0.0
 11
15.94999999986001
 21
54.84903809443998
 31
0.0
  0
LINE
  5
331
330
223
100
AcDbEntity
  8
03___PRT_ALL_CURVES
  6
Continuous
 62
     4
100
AcDbLine
 10
15.46367672054001
 20
121.74999999964
 30
0.0
 11
15.07486370085999
 21
120.22885399952
 31
0.0
  0
LINE
  5
332
330
223
100
AcDbEntity
  8
03___PRT_ALL_CURVES
  6
Continuous
 62
     4
100
AcDbLine
 10
15.35965230832002
 20
119.24999999838
 30
0.0
 11
15.84737387288001
 21
121.15654843826
 31
0.0
  0
LINE
  5
337
330
223
100
AcDbEntity
  8
0
  6
Continuous
 62
     7
100
AcDbLine
 10
18.19999999820004
 20
50.95192377793998
 30
0.0
 11
20.44999999907998
 21
52.25096188343997
 31
0.0
  0
LINE
  5
338
330
223
100
AcDbEntity
  8
0
  6
Continuous
 62
     7
100
AcDbLine
 10
-0.2500000003799983
 20
5.999999998959964
 30
0.0
 11
-0.2500000003799983
 21
123.99999999798
 31
0.0
  0
LINE
  5
339
330
223
100
AcDbEntity
  8
0
  6
Continuous
 62
     7
100
AcDbLine
 10
0.0
 20
129.99999999948
 30
0.0
 11
0.0
 21
123.99999999798
 31
0.0
  0
LINE
  5
33A
330
223
100
AcDbEntity
  8
0
  6
Continuous
 62
     7
100
AcDbLine
 10
0.0
 20
5.999999998959964
 30
0.0
 11
0.0
 21
0.0
 31
0.0
  0
LINE
  5
33B
330
223
100
AcDbEntity
  8
0
  6
Continuous
 62
     2
100
AcDbLine
 10
14.99999999994
 20
41.02449845375997
 30
0.0
 11
15.94999999986001
 21
41.97449845367998
 31
0.0
  0
LINE
  5
33C
330
223
100
AcDbEntity
  8
0
  6
Continuous
 62
     2
100
AcDbLine
 10
18.01918300905999
 20
44.04368146287999
 30
0.0
 11
18.664366532
 21
44.68886498582
 31
0.0
  0
LINE
  5
33D
330
223
100
AcDbEntity
  8
0
  6
Continuous
 62
     7
100
AcDbLine
 10
18.19999999820004
 20
44.14807620201998
 30
0.0
 11
15.94999999986001
 21
42.84903809398
 31
0.0
  0
LINE
  5
33E
330
223
100
AcDbEntity
  8
0
  6
Continuous
 62
     7
100
AcDbLine
 10
18.19999999820004
 20
38.95192377748
 30
0.0
 11
20.44999999907998
 21
40.25096188298002
 31
0.0
  0
LINE
  5
33F
330
223
100
AcDbEntity
  8
02___PRT_ALL_AXES
  6
Continuous
 62
     7
100
AcDbLine
 10
31.99999999784001
 20
0.0
 30
0.0
 11
0.0
 21
0.0
 31
0.0
  0
LINE
  5
340
330
223
100
AcDbEntity
  8
02___PRT_ALL_AXES
  6
Continuous
 62
     7
100
AcDbLine
 10
31.99999999784001
 20
0.7999999976599952
 30
0.0
 11
29.49999999911998
 21
0.7999999976599952
 31
0.0
  0
LINE
  5
341
330
223
100
AcDbEntity
  8
02___PRT_ALL_AXES
  6
Continuous
 62
     7
100
AcDbLine
 10
26.99999999785999
 20
0.7999999976599952
 30
0.0
 11
24.59999999979999
 21
0.7999999976599952
 31
0.0
  0
LINE
  5
342
330
223
100
AcDbEntity
  8
02___PRT_ALL_AXES
  6
Continuous
 62
     7
100
AcDbLine
 10
22.09999999853997
 20
0.7999999976599952
 30
0.0
 11
17.64313724096002
 21
0.7999999976599952
 31
0.0
  0
LINE
  5
343
330
223
100
AcDbEntity
  8
02___PRT_ALL_AXES
  6
Continuous
 62
     7
100
AcDbLine
 10
14.35686275688002
 20
0.7999999976599952
 30
0.0
 11
9.899999999300007
 21
0.7999999976599952
 31
0.0
  0
LINE
  5
344
330
223
100
AcDbEntity
  8
02___PRT_ALL_AXES
  6
Continuous
 62
     7
100
AcDbLine
 10
7.399999998039988
 20
0.7999999976599952
 30
0.0
 11
4.999999999979991
 21
0.7999999976599952
 31
0.0
  0
LINE
  5
345
330
223
100
AcDbEntity
  8
02___PRT_ALL_AXES
  6
Continuous
 62
     7
100
AcDbLine
 10
2.499999998720028
 20
0.7999999976599952
 30
0.0
 11
0.0
 21
0.7999999976599952
 31
0.0
  0
LINE
  5
346
330
223
100
AcDbEntity
  8
02___PRT_ALL_AXES
  6
Continuous
 62
     7
100
AcDbLine
 10
29.49999999911998
 20
0.9999999989800017
 30
0.0
 11
26.99999999785999
 21
0.9999999989800017
 31
0.0
  0
LINE
  5
347
330
223
100
AcDbEntity
  8
02___PRT_ALL_AXES
  6
Continuous
 62
     7
100
AcDbLine
 10
24.59999999979999
 20
0.9999999989800017
 30
0.0
 11
22.09999999853997
 21
0.9999999989800017
 31
0.0
  0
LINE
  5
348
330
223
100
AcDbEntity
  8
02___PRT_ALL_AXES
  6
Continuous
 62
     7
100
AcDbLine
 10
2.499999998720028
 20
0.9999999989800017
 30
0.0
 11
4.999999999979991
 21
0.9999999989800017
 31
0.0
  0
LINE
  5
349
330
223
100
AcDbEntity
  8
02___PRT_ALL_AXES
  6
Continuous
 62
     7
100
AcDbLine
 10
7.399999998039988
 20
0.9999999989800017
 30
0.0
 11
9.899999999300007
 21
0.9999999989800017
 31
0.0
  0
LINE
  5
34A
330
223
100
AcDbEntity
  8
0
  6
Continuous
 62
     7
100
AcDbLine
 10
16.39999999902
 20
1.649999999459993
 30
0.0
 11
15.59999999882004
 21
1.649999999459993
 31
0.0
  0
LINE
  5
34B
330
223
100
AcDbEntity
  8
0
  6
Continuous
 62
     7
100
AcDbLine
 10
17.74999999904
 20
2.999999999479996
 30
0.0
 11
16.39999999902
 21
2.999999999479996
 31
0.0
  0
LINE
  5
34C
330
223
100
AcDbEntity
  8
0
  6
Continuous
 62
     7
100
AcDbLine
 10
14.24999999880001
 20
2.999999999479996
 30
0.0
 11
15.59999999882004
 21
2.999999999479996
 31
0.0
  0
LINE
  5
34D
330
223
100
AcDbEntity
  8
0
  6
Continuous
 62
     7
100
AcDbLine
 10
14.24999999880001
 20
3.799999999679983
 30
0.0
 11
15.59999999882004
 21
3.799999999679983
 31
0.0
  0
LINE
  5
34E
330
223
100
AcDbEntity
  8
0
  6
Continuous
 62
     7
100
AcDbLine
 10
16.39999999902
 20
3.799999999679983
 30
0.0
 11
17.74999999904
 21
3.799999999679983
 31
0.0
  0
LINE
  5
34F
330
223
100
AcDbEntity
  8
02___PRT_ALL_AXES
  6
Continuous
 62
     7
100
AcDbLine
 10
31.99999999784001
 20
4.799999998659985
 30
0.0
 11
29.49999999911998
 21
4.799999998659985
 31
0.0
  0
LINE
  5
350
330
223
100
AcDbEntity
  8
02___PRT_ALL_AXES
  6
Continuous
 62
     7
100
AcDbLine
 10
26.99999999785999
 20
4.799999998659985
 30
0.0
 11
24.59999999979999
 21
4.799999998659985
 31
0.0
  0
LINE
  5
351
330
223
100
AcDbEntity
  8
02___PRT_ALL_AXES
  6
Continuous
 62
     7
100
AcDbLine
 10
22.09999999853997
 20
4.799999998659985
 30
0.0
 11
18.60382411054002
 21
4.799999998659985
 31
0.0
  0
LINE
  5
352
330
223
100
AcDbEntity
  8
02___PRT_ALL_AXES
  6
Continuous
 62
     7
100
AcDbLine
 10
13.39617588730002
 20
4.799999998659985
 30
0.0
 11
9.899999999300007
 21
4.799999998659985
 31
0.0
  0
LINE
  5
353
330
223
100
AcDbEntity
  8
02___PRT_ALL_AXES
  6
Continuous
 62
     7
100
AcDbLine
 10
7.399999998039988
 20
4.799999998659985
 30
0.0
 11
4.999999999979991
 21
4.799999998659985
 31
0.0
  0
LINE
  5
354
330
223
100
AcDbEntity
  8
02___PRT_ALL_AXES
  6
Continuous
 62
     7
100
AcDbLine
 10
2.499999998720028
 20
4.799999998659985
 30
0.0
 11
0.0
 21
4.799999998659985
 31
0.0
  0
LINE
  5
355
330
223
100
AcDbEntity
  8
02___PRT_ALL_AXES
  6
Continuous
 62
     7
100
AcDbLine
 10
29.49999999911998
 20
5.099999998100003
 30
0.0
 11
26.99999999785999
 21
5.099999998100003
 31
0.0
  0
LINE
  5
356
330
223
100
AcDbEntity
  8
02___PRT_ALL_AXES
  6
Continuous
 62
     7
100
AcDbLine
 10
24.59999999979999
 20
5.099999998100003
 30
0.0
 11
22.09999999853997
 21
5.099999998100003
 31
0.0
  0
LINE
  5
357
330
223
100
AcDbEntity
  8
02___PRT_ALL_AXES
  6
Continuous
 62
     7
100
AcDbLine
 10
2.499999998720028
 20
5.099999998100003
 30
0.0
 11
4.999999999979991
 21
5.099999998100003
 31
0.0
  0
LINE
  5
358
330
223
100
AcDbEntity
  8
02___PRT_ALL_AXES
  6
Continuous
 62
     7
100
AcDbLine
 10
7.399999998039988
 20
5.099999998100003
 30
0.0
 11
9.899999999300007
 21
5.099999998100003
 31
0.0
  0
LINE
  5
359
330
223
100
AcDbEntity
  8
0
  6
Continuous
 62
     7
100
AcDbLine
 10
15.59999999882004
 20
5.149999999699986
 30
0.0
 11
16.39999999902
 21
5.149999999699986
 31
0.0
  0
LINE
  5
35A
330
223
100
AcDbEntity
  8
02___PRT_ALL_AXES
  6
Continuous
 62
     7
100
AcDbLine
 10
2.499999998720028
 20
129.99999999948
 30
0.0
 11
2.499999998720028
 21
123.99999999798
 31
0.0
  0
LINE
  5
35B
330
223
100
AcDbEntity
  8
02___PRT_ALL_AXES
  6
Continuous
 62
     7
100
AcDbLine
 10
2.499999998720028
 20
5.999999998959964
 30
0.0
 11
2.499999998720028
 21
0.0
 31
0.0
  0
LINE
  5
35C
330
223
100
AcDbEntity
  8
02___PRT_ALL_AXES
  6
Continuous
 62
     7
100
AcDbLine
 10
4.999999999979991
 20
129.99999999948
 30
0.0
 11
4.999999999979991
 21
123.99999999798
 31
0.0
  0
LINE
  5
35D
330
223
100
AcDbEntity
  8
02___PRT_ALL_AXES
  6
Continuous
 62
     7
100
AcDbLine
 10
4.999999999979991
 20
5.999999998959964
 30
0.0
 11
4.999999999979991
 21
0.0
 31
0.0
  0
LINE
  5
35E
330
223
100
AcDbEntity
  8
02___PRT_ALL_AXES
  6
Continuous
 62
     7
100
AcDbLine
 10
7.399999998039988
 20
129.99999999948
 30
0.0
 11
7.399999998039988
 21
123.99999999798
 31
0.0
  0
LINE
  5
35F
330
223
100
AcDbEntity
  8
02___PRT_ALL_AXES
  6
Continuous
 62
     7
100
AcDbLine
 10
7.399999998039988
 20
5.999999998959964
 30
0.0
 11
7.399999998039988
 21
0.0
 31
0.0
  0
LINE
  5
360
330
223
100
AcDbEntity
  8
03___PRT_ALL_CURVES
  6
Continuous
 62
     4
100
AcDbLine
 10
8.447987891900027
 20
121.74999999964
 30
0.0
 11
8.447987891900027
 21
119.24999999838
 31
0.0
  0
LINE
  5
361
330
223
100
AcDbEntity
  8
03___PRT_ALL_CURVES
  6
Continuous
 62
     4
100
AcDbLine
 10
9.223908750520025
 20
119.24999999838
 30
0.0
 11
9.223908750520025
 21
120.26466573638
 31
0.0
  0
LINE
  5
362
330
223
100
AcDbEntity
  8
03___PRT_ALL_CURVES
  6
Continuous
 62
     4
100
AcDbLine
 10
9.223908750520025
 20
120.73703962526
 30
0.0
 11
9.223908750520025
 21
121.24522510114
 31
0.0
  0
LINE
  5
363
330
223
100
AcDbEntity
  8
0
  6
Continuous
 62
     7
100
AcDbLine
 10
18.38944025178003
 20
90.79999999983997
 30
0.0
 11
18.33466607634
 21
90.37276141312
 31
0.0
  0
LINE
  5
364
330
223
100
AcDbEntity
  8
0
  6
Continuous
 62
     7
100
AcDbLine
 10
18.29290091730002
 20
90.48130842233996
 30
0.0
 11
18.32851790474004
 21
90.75818809718001
 31
0.0
  0
LINE
  5
365
330
223
100
AcDbEntity
  8
03___PRT_ALL_CURVES
  6
Continuous
 62
     4
100
AcDbLine
 10
27.23055258222004
 20
88.78499999886
 30
0.0
 11
27.04555941144
 21
88.11296727383998
 31
0.0
  0
LINE
  5
366
330
223
100
AcDbEntity
  8
03___PRT_ALL_CURVES
  6
Continuous
 62
     4
100
AcDbLine
 10
27.19699178320005
 20
87.58499999856
 30
0.0
 11
27.40654154444002
 21
88.34052520582
 31
0.0
  0
LINE
  5
367
330
223
100
AcDbEntity
  8
0
  6
Continuous
 62
     7
100
AcDbLine
 10
32.24999999822003
 20
5.999999998959964
 30
0.0
 11
-0.2500000003799983
 21
5.999999998959964
 31
0.0
  0
LINE
  5
368
330
223
100
AcDbEntity
  8
0
  6
Continuous
 62
     7
100
AcDbLine
 10
32.24999999822003
 20
7.499999998699991
 30
0.0
 11
-0.2500000003799983
 21
7.499999998699991
 31
0.0
  0
LINE
  5
369
330
223
100
AcDbEntity
  8
0
  6
Continuous
 62
     7
100
AcDbLine
 10
32.24999999822003
 20
12.39999999802001
 30
0.0
 11
-0.2500000003799983
 21
12.39999999802001
 31
0.0
  0
LINE
  5
36A
330
223
100
AcDbEntity
  8
0
  6
Continuous
 62
     7
100
AcDbLine
 10
32.24999999822003
 20
12.99999999943998
 30
0.0
 11
-0.2500000003799983
 21
12.99999999943998
 31
0.0
  0
LINE
  5
36B
330
223
100
AcDbEntity
  8
0
  6
Continuous
 62
     7
100
AcDbLine
 10
14.5033370461
 20
5.999999996420001
 30
0.0
 11
14.57817019082
 21
5.86999999987998
 31
0.0
  0
LINE
  5
36C
330
223
100
AcDbEntity
  8
02___PRT_ALL_AXES
  6
Continuous
 62
     7
100
AcDbLine
 10
9.899999999300007
 20
129.99999999948
 30
0.0
 11
9.899999999300007
 21
123.99999999798
 31
0.0
  0
LINE
  5
36D
330
223
100
AcDbEntity
  8
02___PRT_ALL_AXES
  6
Continuous
 62
     7
100
AcDbLine
 10
9.899999999300007
 20
5.999999998959964
 30
0.0
 11
9.899999999300007
 21
0.0
 31
0.0
  0
LINE
  5
36E
330
223
100
AcDbEntity
  8
03___PRT_ALL_CURVES
  6
Continuous
 62
     4
100
AcDbLine
 10
10.90422925830001
 20
88.6849999982
 30
0.0
 11
10.90422925830001
 21
87.68499999921997
 31
0.0
  0
LINE
  5
36F
330
223
100
AcDbEntity
  8
03___PRT_ALL_CURVES
  6
Continuous
 62
     4
100
AcDbLine
 10
11.21459755806001
 20
87.68499999921997
 30
0.0
 11
11.21459755806001
 21
88.09359481575999
 31
0.0
  0
LINE
  5
370
330
223
100
AcDbEntity
  8
03___PRT_ALL_CURVES
  6
Continuous
 62
     4
100
AcDbLine
 10
11.21459755806001
 20
88.29550474468002
 30
0.0
 11
11.21459755806001
 21
88.47012960498003
 31
0.0
  0
LINE
  5
371
330
223
100
AcDbEntity
  8
03___PRT_ALL_CURVES
  6
Continuous
 62
     4
100
AcDbLine
 10
11.60204646566001
 20
88.09359481575999
 30
0.0
 11
11.60204646566001
 21
88.29550474468002
 31
0.0
  0
LINE
  5
372
330
223
100
AcDbEntity
  8
03___PRT_ALL_CURVES
  6
Continuous
 62
     4
100
AcDbLine
 10
11.66821274684
 20
88.47012960498003
 30
0.0
 11
11.66821274684
 21
88.6849999982
 31
0.0
  0
LINE
  5
373
330
223
100
AcDbEntity
  8
03___PRT_ALL_CURVES
  6
Continuous
 62
     4
100
AcDbLine
 10
11.83601651080002
 20
88.6849999982
 30
0.0
 11
11.83601651080002
 21
87.68499999921997
 31
0.0
  0
LINE
  5
374
330
223
100
AcDbEntity
  8
03___PRT_ALL_CURVES
  6
Continuous
 62
     4
100
AcDbLine
 10
12.14638481056002
 20
87.68499999921997
 30
0.0
 11
12.14638481056002
 21
88.09359481575999
 31
0.0
  0
LINE
  5
375
330
223
100
AcDbEntity
  8
03___PRT_ALL_CURVES
  6
Continuous
 62
     4
100
AcDbLine
 10
12.14638481056002
 20
88.29550474468002
 30
0.0
 11
12.14638481056002
 21
88.47012960498003
 31
0.0
  0
LINE
  5
376
330
223
100
AcDbEntity
  8
03___PRT_ALL_CURVES
  6
Continuous
 62
     4
100
AcDbLine
 10
12.53383359878001
 20
88.09359481575999
 30
0.0
 11
12.53383359878001
 21
88.29550474468002
 31
0.0
  0
LINE
  5
377
330
223
100
AcDbEntity
  8
03___PRT_ALL_CURVES
  6
Continuous
 62
     4
100
AcDbLine
 10
12.59999999934001
 20
88.47012960498003
 30
0.0
 11
12.59999999934001
 21
88.6849999982
 31
0.0
  0
LINE
  5
378
330
223
100
AcDbEntity
  8
02___PRT_ALL_AXES
  6
Continuous
 62
     7
100
AcDbLine
 10
12.98499999896001
 20
71.86999999860001
 30
0.0
 11
12.98499999896001
 21
60.2299999995
 31
0.0
  0
LINE
  5
379
330
223
100
AcDbEntity
  8
02___PRT_ALL_AXES
  6
Continuous
 62
     7
100
AcDbLine
 10
12.98499999896001
 20
34.86999999823999
 30
0.0
 11
12.98499999896001
 21
23.22999999913998
 31
0.0
  0
LINE
  5
37A
330
223
100
AcDbEntity
  8
0
  6
Continuous
 62
     7
100
AcDbLine
 10
13.58499999784001
 20
71.86999998843999
 30
0.0
 11
13.58499999784001
 21
60.22999998934
 31
0.0
  0
LINE
  5
37B
330
223
100
AcDbEntity
  8
0
  6
Continuous
 62
     7
100
AcDbLine
 10
13.58499999784001
 20
34.86999999061999
 30
0.0
 11
13.58499999784001
 21
23.22999998898001
 31
0.0
  0
LINE
  5
37C
330
223
100
AcDbEntity
  8
03___PRT_ALL_CURVES
  6
Continuous
 62
     4
100
AcDbLine
 10
13.66797414228
 20
121.74999999964
 30
0.0
 11
13.66797414228
 21
119.24999999838
 31
0.0
  0
LINE
  5
37D
330
223
100
AcDbEntity
  8
02___PRT_ALL_AXES
  6
Continuous
 62
     7
100
AcDbLine
 10
13.79999999963999
 20
89.79999999831998
 30
0.0
 11
13.79999999963999
 21
86.56999999910002
 31
0.0
  0
LINE
  5
37E
330
223
100
AcDbEntity
  8
0
  6
Continuous
 62
     7
100
AcDbLine
 10
14.08499999860001
 20
71.86999998843999
 30
0.0
 11
14.08499999860001
 21
60.22999998934
 31
0.0
  0
LINE
  5
37F
330
223
100
AcDbEntity
  8
0
  6
Continuous
 62
     7
100
AcDbLine
 10
14.08499999860001
 20
34.86999999061999
 30
0.0
 11
14.08499999860001
 21
23.22999998898001
 31
0.0
  0
LINE
  5
380
330
223
100
AcDbEntity
  8
0
  6
Continuous
 62
     7
100
AcDbLine
 10
14.24999999880001
 20
127.0
 30
0.0
 11
14.24999999880001
 21
126.1999999998
 31
0.0
  0
LINE
  5
381
330
223
100
AcDbEntity
  8
0
  6
Continuous
 62
     7
100
AcDbLine
 10
14.24999999880001
 20
3.799999999679983
 30
0.0
 11
14.24999999880001
 21
2.999999999479996
 31
0.0
  0
LINE
  5
382
330
223
100
AcDbEntity
  8
0
  6
Continuous
 62
     7
100
AcDbLine
 10
14.29999999786003
 20
90.65374581431996
 30
0.0
 11
14.29999999786003
 21
85.7162541831
 31
0.0
  0
LINE
  5
383
330
223
100
AcDbEntity
  8
03___PRT_ALL_CURVES
  6
Continuous
 62
     4
100
AcDbLine
 10
14.30064824142002
 20
119.24999999838
 30
0.0
 11
14.30064824142002
 21
121.15654843826
 31
0.0
  0
LINE
  5
384
330
223
100
AcDbEntity
  8
0
  6
Continuous
 62
     7
100
AcDbLine
 10
14.74593427490001
 20
90.05461681954003
 30
0.0
 11
14.74593427490001
 21
88.84538315723998
 31
0.0
  0
LINE
  5
385
330
223
100
AcDbEntity
  8
0
  6
Continuous
 62
     7
100
AcDbLine
 10
14.74593427490001
 20
87.51461681953998
 30
0.0
 11
14.74593427490001
 21
86.30538315723999
 31
0.0
  0
LINE
  5
386
330
223
100
AcDbEntity
  8
0
  6
Continuous
 62
     7
100
AcDbLine
 10
14.89584308100001
 20
86.30276489983999
 30
0.0
 11
14.89584308100001
 21
87.51723507948
 31
0.0
  0
LINE
  5
387
330
223
100
AcDbEntity
  8
0
  6
Continuous
 62
     7
100
AcDbLine
 10
14.89584308100001
 20
88.84276489983998
 30
0.0
 11
14.89584308100001
 21
90.05723507948
 31
0.0
  0
LINE
  5
388
330
223
100
AcDbEntity
  8
02___PRT_ALL_AXES
  6
Continuous
 62
     7
100
AcDbLine
 10
14.99999999994
 20
78.549999999
 30
0.0
 11
14.99999999994
 21
75.16405145468002
 31
0.0
  0
LINE
  5
389
330
223
100
AcDbEntity
  8
02___PRT_ALL_AXES
  6
Continuous
 62
     7
100
AcDbLine
 10
14.99999999994
 20
56.93594854087999
 30
0.0
 11
14.99999999994
 21
53.54999999909998
 31
0.0
  0
LINE
  5
38A
330
223
100
AcDbEntity
  8
02___PRT_ALL_AXES
  6
Continuous
 62
     7
100
AcDbLine
 10
14.99999999994
 20
41.54999999864003
 30
0.0
 11
14.99999999994
 21
38.16405145685999
 31
0.0
  0
LINE
  5
38B
330
223
100
AcDbEntity
  8
02___PRT_ALL_AXES
  6
Continuous
 62
     7
100
AcDbLine
 10
14.99999999994
 20
19.93594854305999
 30
0.0
 11
14.99999999994
 21
16.54999999873999
 31
0.0
  0
LINE
  5
38C
330
223
100
AcDbEntity
  8
0
  6
Continuous
 62
     7
100
AcDbLine
 10
15.00768284462001
 20
90.11499999061999
 30
0.0
 11
15.00768284462001
 21
90.05918725236
 31
0.0
  0
LINE
  5
38D
330
223
100
AcDbEntity
  8
0
  6
Continuous
 62
     7
100
AcDbLine
 10
15.00768284462001
 20
88.84081272695997
 30
0.0
 11
15.00768284462001
 21
88.78499998869998
 31
0.0
  0
LINE
  5
38E
330
223
100
AcDbEntity
  8
0
  6
Continuous
 62
     7
100
AcDbLine
 10
15.00768284462001
 20
86.24499998869999
 30
0.0
 11
15.00768284462001
 21
86.30081272695998
 31
0.0
  0
LINE
  5
38F
330
223
100
AcDbEntity
  8
0
  6
Continuous
 62
     7
100
AcDbLine
 10
15.00768284462001
 20
87.51918725236001
 30
0.0
 11
15.00768284462001
 21
87.57499999062
 31
0.0
  0
LINE
  5
390
330
223
100
AcDbEntity
  8
0
  6
Continuous
 62
     7
100
AcDbLine
 10
15.29999999937999
 20
85.57000000011999
 30
0.0
 11
15.29999999937999
 21
86.06999999071999
 31
0.0
  0
LINE
  5
391
330
223
100
AcDbEntity
  8
0
  6
Continuous
 62
     7
100
AcDbLine
 10
15.29999999937999
 20
90.29999998891998
 30
0.0
 11
15.29999999937999
 21
90.79999999983997
 31
0.0
  0
LINE
  5
392
330
223
100
AcDbEntity
  8
0
  6
Continuous
 62
     7
100
AcDbLine
 10
15.59999999882004
 20
1.649999999459993
 30
0.0
 11
15.59999999882004
 21
2.999999999479996
 31
0.0
  0
LINE
  5
393
330
223
100
AcDbEntity
  8
0
  6
Continuous
 62
     7
100
AcDbLine
 10
15.59999999882004
 20
3.799999999679983
 30
0.0
 11
15.59999999882004
 21
5.149999999699986
 31
0.0
  0
LINE
  5
394
330
223
100
AcDbEntity
  8
0
  6
Continuous
 62
     7
100
AcDbLine
 10
15.59999999882004
 20
124.84999999978
 30
0.0
 11
15.59999999882004
 21
126.1999999998
 31
0.0
  0
LINE
  5
395
330
223
100
AcDbEntity
  8
0
  6
Continuous
 62
     7
100
AcDbLine
 10
15.59999999882004
 20
127.0
 30
0.0
 11
15.59999999882004
 21
128.35000000002
 31
0.0
  0
LINE
  5
396
330
223
100
AcDbEntity
  8
0
  6
Continuous
 62
     7
100
AcDbLine
 10
15.60098963615999
 20
90.06954346228
 30
0.0
 11
15.60098963615999
 21
88.83045651704
 31
0.0
  0
LINE
  5
397
330
223
100
AcDbEntity
  8
0
  6
Continuous
 62
     7
100
AcDbLine
 10
15.60098963615999
 20
87.52954346227997
 30
0.0
 11
15.60098963615999
 21
86.29045651704001
 31
0.0
  0
LINE
  5
398
330
223
100
AcDbEntity
  8
0
  6
Continuous
 62
     7
100
AcDbLine
 10
15.75098621704001
 20
86.28783985222
 30
0.0
 11
15.75098621704001
 21
87.53216012709998
 31
0.0
  0
LINE
  5
399
330
223
100
AcDbEntity
  8
0
  6
Continuous
 62
     7
100
AcDbLine
 10
15.75098621704001
 20
88.82783985222
 30
0.0
 11
15.75098621704001
 21
90.07216012709998
 31
0.0
  0
LINE
  5
39A
330
223
100
AcDbEntity
  8
0
  6
Continuous
 62
     7
100
AcDbLine
 10
15.82750190094001
 20
90.07347286513999
 30
0.0
 11
15.82750190094001
 21
88.82652711417998
 31
0.0
  0
LINE
  5
39B
330
223
100
AcDbEntity
  8
0
  6
Continuous
 62
     7
100
AcDbLine
 10
15.82750190094001
 20
87.53347286514
 30
0.0
 11
15.82750190094001
 21
86.28652711417999
 31
0.0
  0
LINE
  5
39C
330
223
100
AcDbEntity
  8
03___PRT_ALL_CURVES
  6
Continuous
 62
     4
100
AcDbLine
 10
15.84737387288001
 20
121.15654843826
 30
0.0
 11
15.84737387288001
 21
119.24999999838
 31
0.0
  0
LINE
  5
39D
330
223
100
AcDbEntity
  8
0
  6
Continuous
 62
     7
100
AcDbLine
 10
15.94999999986001
 20
79.84903809433999
 30
0.0
 11
15.94999999986001
 21
77.25096188333998
 31
0.0
  0
LINE
  5
39E
330
223
100
AcDbEntity
  8
0
  6
Continuous
 62
     7
100
AcDbLine
 10
15.94999999986001
 20
54.84903809443998
 30
0.0
 11
15.94999999986001
 21
52.25096188343997
 31
0.0
  0
LINE
  5
39F
330
223
100
AcDbEntity
  8
0
  6
Continuous
 62
     7
100
AcDbLine
 10
15.94999999986001
 20
42.84903809398
 30
0.0
 11
15.94999999986001
 21
40.25096188298002
 31
0.0
  0
LINE
  5
3A0
330
223
100
AcDbEntity
  8
0
  6
Continuous
 62
     7
100
AcDbLine
 10
15.94999999986001
 20
17.84903809408002
 30
0.0
 11
15.94999999986001
 21
15.25096188308001
 31
0.0
  0
LINE
  5
3A1
330
223
100
AcDbEntity
  8
0
  6
Continuous
 62
     7
100
AcDbLine
 10
15.98309718284
 20
90.07618725645997
 30
0.0
 11
15.98309718284
 21
88.82381272286
 31
0.0
  0
LINE
  5
3A2
330
223
100
AcDbEntity
  8
0
  6
Continuous
 62
     7
100
AcDbLine
 10
15.98309718284
 20
87.53618725645998
 30
0.0
 11
15.98309718284
 21
86.28381272286
 31
0.0
  0
LINE
  5
3A3
330
223
100
AcDbEntity
  8
0
  6
Continuous
 62
     7
100
AcDbLine
 10
15.99999999892
 20
0.2702652633799971
 30
0.0
 11
15.99999999638001
 21
0.5500120267199975
 31
0.0
  0
LINE
  5
3A4
330
223
100
AcDbEntity
  8
0
  6
Continuous
 62
     7
100
AcDbLine
 10
16.00000000146002
 20
129.7297359045
 30
0.0
 11
16.00000000400001
 21
129.44998570454
 31
0.0
  0
LINE
  5
3A5
330
223
100
AcDbEntity
  8
0
  6
Continuous
 62
     7
100
AcDbLine
 10
16.29999999836002
 20
90.29999998891998
 30
0.0
 11
16.29999999836002
 21
90.11499999061999
 31
0.0
  0
LINE
  5
3A6
330
223
100
AcDbEntity
  8
0
  6
Continuous
 62
     7
100
AcDbLine
 10
16.29999999836002
 20
88.78499998869998
 30
0.0
 11
16.29999999836002
 21
87.57499999062
 31
0.0
  0
LINE
  5
3A7
330
223
100
AcDbEntity
  8
0
  6
Continuous
 62
     7
100
AcDbLine
 10
16.29999999836002
 20
86.24499998869999
 30
0.0
 11
16.29999999836002
 21
86.06999999071999
 31
0.0
  0
LINE
  5
3A8
330
223
100
AcDbEntity
  8
0
  6
Continuous
 62
     7
100
AcDbLine
 10
16.39999999902
 20
128.35000000002
 30
0.0
 11
16.39999999902
 21
127.0
 31
0.0
  0
LINE
  5
3A9
330
223
100
AcDbEntity
  8
0
  6
Continuous
 62
     7
100
AcDbLine
 10
16.39999999902
 20
5.149999999699986
 30
0.0
 11
16.39999999902
 21
3.799999999679983
 31
0.0
  0
LINE
  5
3AA
330
223
100
AcDbEntity
  8
0
  6
Continuous
 62
     7
100
AcDbLine
 10
16.39999999902
 20
1.649999999459993
 30
0.0
 11
16.39999999902
 21
2.999999999479996
 31
0.0
  0
LINE
  5
3AB
330
223
100
AcDbEntity
  8
0
  6
Continuous
 62
     7
100
AcDbLine
 10
16.39999999902
 20
124.84999999978
 30
0.0
 11
16.39999999902
 21
126.1999999998
 31
0.0
  0
LINE
  5
3AC
330
223
100
AcDbEntity
  8
03___PRT_ALL_CURVES
  6
Continuous
 62
     4
100
AcDbLine
 10
16.48004796948001
 20
119.24999999838
 30
0.0
 11
16.48004796948001
 21
121.74999999964
 31
0.0
  0
LINE
  5
3AD
330
223
100
AcDbEntity
  8
0
  6
Continuous
 62
     7
100
AcDbLine
 10
16.49999999968003
 20
90.11499999061999
 30
0.0
 11
16.49999999968003
 21
90.08520969206
 31
0.0
  0
LINE
  5
3AE
330
223
100
AcDbEntity
  8
0
  6
Continuous
 62
     7
100
AcDbLine
 10
16.49999999968003
 20
88.81479028725997
 30
0.0
 11
16.49999999968003
 21
88.78499998869998
 31
0.0
  0
LINE
  5
3AF
330
223
100
AcDbEntity
  8
0
  6
Continuous
 62
     7
100
AcDbLine
 10
16.49999999968003
 20
87.57499999062
 30
0.0
 11
16.49999999968003
 21
87.54520969206001
 31
0.0
  0
LINE
  5
3B0
330
223
100
AcDbEntity
  8
0
  6
Continuous
 62
     7
100
AcDbLine
 10
16.49999999968003
 20
86.27479028725998
 30
0.0
 11
16.49999999968003
 21
86.24499998869999
 31
0.0
  0
LINE
  5
3B1
330
223
100
AcDbEntity
  8
03___PRT_ALL_CURVES
  6
Continuous
 62
     4
100
AcDbLine
 10
16.87227156654001
 20
121.74999999964
 30
0.0
 11
16.87227156654001
 21
121.16336974288
 31
0.0
  0
LINE
  5
3B2
330
223
100
AcDbEntity
  8
03___PRT_ALL_CURVES
  6
Continuous
 62
     4
100
AcDbLine
 10
27.89439974321999
 20
88.78499999886
 30
0.0
 11
27.76752396192003
 21
88.11378581169998
 31
0.0
  0
LINE
  5
3B3
330
223
100
AcDbEntity
  8
03___PRT_ALL_CURVES
  6
Continuous
 62
     4
100
AcDbLine
 10
27.98034801938002
 20
87.58499999856
 30
0.0
 11
28.24555941174
 21
88.78499999886
 31
0.0
  0
LINE
  5
3B4
330
223
100
AcDbEntity
  8
03___PRT_ALL_CURVES
  6
Continuous
 62
     4
100
AcDbLine
 10
29.01663702884002
 20
66.64999999919996
 30
0.0
 11
28.83000677980002
 21
65.91984992025996
 31
0.0
  0
LINE
  5
3B8
330
223
100
AcDbEntity
  8
0
  6
Continuous
 62
     7
100
AcDbLine
 10
17.22330935062001
 20
20.17709595510001
 30
0.0
 11
20.25330934851999
 21
20.71136670773998
 31
0.0
  0
LINE
  5
3B9
330
223
100
AcDbEntity
  8
0
  6
Continuous
 62
     7
100
AcDbLine
 10
20.16648526004002
 20
21.20377058450001
 30
0.0
 11
17.13648526213998
 21
20.66949983185998
 31
0.0
  0
LINE
  5
3BA
330
223
100
AcDbEntity
  8
0
  6
Continuous
 62
     7
100
AcDbLine
 10
17.0314651496
 20
13.59999999070001
 30
0.0
 11
19.36853484680003
 21
13.59999999070001
 31
0.0
  0
LINE
  5
3BB
330
223
100
AcDbEntity
  8
0
  6
Continuous
 62
     7
100
AcDbLine
 10
15.94999999986001
 20
15.25096188308001
 30
0.0
 11
18.19999999820004
 21
13.95192377758002
 31
0.0
  0
LINE
  5
3BC
330
223
100
AcDbEntity
  8
0
  6
Continuous
 62
     7
100
AcDbLine
 10
20.44999999907998
 20
17.84903809408002
 30
0.0
 11
18.19999999820004
 21
19.14807620212
 31
0.0
  0
LINE
  5
3BD
330
223
100
AcDbEntity
  8
0
  6
Continuous
 62
     7
100
AcDbLine
 10
17.74999999904
 20
2.999999999479996
 30
0.0
 11
17.74999999904
 21
3.799999999679983
 31
0.0
  0
LINE
  5
3BE
330
223
100
AcDbEntity
  8
0
  6
Continuous
 62
     7
100
AcDbLine
 10
17.74999999904
 20
126.1999999998
 30
0.0
 11
17.74999999904
 21
127.0
 31
0.0
  0
LINE
  5
3BF
330
223
100
AcDbEntity
  8
0
  6
Continuous
 62
     7
100
AcDbLine
 10
17.99999999942003
 20
90.11499999061999
 30
0.0
 11
17.99999999942003
 21
88.78499998869998
 31
0.0
  0
LINE
  5
3C0
330
223
100
AcDbEntity
  8
0
  6
Continuous
 62
     7
100
AcDbLine
 10
17.99999999942003
 20
87.57499999062
 30
0.0
 11
17.99999999942003
 21
86.24499998869999
 31
0.0
  0
LINE
  5
3C1
330
223
100
AcDbEntity
  8
0
  6
Continuous
 62
     7
100
AcDbLine
 10
18.09043530496001
 20
90.48130842233996
 30
0.0
 11
18.09043530496001
 21
90.37276141312
 31
0.0
  0
LINE
  5
3C2
330
223
100
AcDbEntity
  8
03___PRT_ALL_CURVES
  6
Continuous
 62
     4
100
AcDbLine
 10
18.89989819962
 20
121.28103676434
 30
0.0
 11
18.89989819962
 21
121.74999999964
 31
0.0
  0
LINE
  5
3C3
330
223
100
AcDbEntity
  8
02___PRT_ALL_AXES
  6
Continuous
 62
     7
100
AcDbLine
 10
19.69999999794004
 20
86.56999999910002
 30
0.0
 11
19.69999999794004
 21
89.79999999831998
 31
0.0
  0
LINE
  5
3C4
330
223
100
AcDbEntity
  8
0
  6
Continuous
 62
     7
100
AcDbLine
 10
20.44999999907998
 20
79.84903809433999
 30
0.0
 11
20.44999999907998
 21
77.25096188333998
 31
0.0
  0
LINE
  5
3C5
330
223
100
AcDbEntity
  8
0
  6
Continuous
 62
     7
100
AcDbLine
 10
20.44999999907998
 20
42.84903809398
 30
0.0
 11
20.44999999907998
 21
40.25096188298002
 31
0.0
  0
LINE
  5
3C6
330
223
100
AcDbEntity
  8
0
  6
Continuous
 62
     7
100
AcDbLine
 10
20.44999999907998
 20
15.25096188308001
 30
0.0
 11
20.44999999907998
 21
17.84903809408002
 31
0.0
  0
LINE
  5
3C7
330
223
100
AcDbEntity
  8
0
  6
Continuous
 62
     7
100
AcDbLine
 10
20.44999999907998
 20
52.25096188343997
 30
0.0
 11
20.44999999907998
 21
54.84903809443998
 31
0.0
  0
LINE
  5
3C8
330
223
100
AcDbEntity
  8
02___PRT_ALL_AXES
  6
Continuous
 62
     7
100
AcDbLine
 10
21.39999999899999
 20
16.54999999873999
 30
0.0
 11
21.39999999899999
 21
20.46994854185999
 31
0.0
  0
LINE
  5
3C9
330
223
100
AcDbEntity
  8
02___PRT_ALL_AXES
  6
Continuous
 62
     7
100
AcDbLine
 10
21.39999999899999
 20
37.63005145552
 30
0.0
 11
21.39999999899999
 21
41.54999999864003
 31
0.0
  0
LINE
  5
3CA
330
223
100
AcDbEntity
  8
02___PRT_ALL_AXES
  6
Continuous
 62
     7
100
AcDbLine
 10
21.39999999899999
 20
53.54999999909998
 30
0.0
 11
21.39999999899999
 21
57.46994854221998
 31
0.0
  0
LINE
  5
3CB
330
223
100
AcDbEntity
  8
02___PRT_ALL_AXES
  6
Continuous
 62
     7
100
AcDbLine
 10
21.39999999899999
 20
74.63005145588
 30
0.0
 11
21.39999999899999
 21
78.549999999
 31
0.0
  0
LINE
  5
3CC
330
223
100
AcDbEntity
  8
02___PRT_ALL_AXES
  6
Continuous
 62
     7
100
AcDbLine
 10
22.09999999853997
 20
129.99999999948
 30
0.0
 11
22.09999999853997
 21
123.99999999798
 31
0.0
  0
LINE
  5
3CD
330
223
100
AcDbEntity
  8
02___PRT_ALL_AXES
  6
Continuous
 62
     7
100
AcDbLine
 10
22.09999999853997
 20
5.999999998959964
 30
0.0
 11
22.09999999853997
 21
0.0
 31
0.0
  0
LINE
  5
3CE
330
223
100
AcDbEntity
  8
03___PRT_ALL_CURVES
  6
Continuous
 62
     4
100
AcDbLine
 10
22.10463849574003
 20
88.6849999982
 30
0.0
 11
22.10463849574003
 21
87.68499999921997
 31
0.0
  0
LINE
  5
3CF
330
223
100
AcDbEntity
  8
0
  6
Continuous
 62
     7
100
AcDbLine
 10
22.31499999779999
 20
23.76427074162001
 30
0.0
 11
22.31499999779999
 21
34.33572923797999
 31
0.0
  0
LINE
  5
3D0
330
223
100
AcDbEntity
  8
0
  6
Continuous
 62
     7
100
AcDbLine
 10
22.31499999779999
 20
60.76427074198
 30
0.0
 11
22.31499999779999
 21
71.33572923833998
 31
0.0
  0
LINE
  5
3D1
330
223
100
AcDbEntity
  8
03___PRT_ALL_CURVES
  6
Continuous
 62
     4
100
AcDbLine
 10
22.39522508500002
 20
87.68499999921997
 30
0.0
 11
22.39522508500002
 21
88.23343109691996
 31
0.0
  0
LINE
  5
3D2
330
223
100
AcDbEntity
  8
03___PRT_ALL_CURVES
  6
Continuous
 62
     4
100
AcDbLine
 10
22.76971355878004
 20
88.6849999982
 30
0.0
 11
22.76971355878004
 21
88.13111185781997
 31
0.0
  0
LINE
  5
3D3
330
223
100
AcDbEntity
  8
0
  6
Continuous
 62
     7
100
AcDbLine
 10
22.81499999856001
 20
71.33572923833998
 30
0.0
 11
22.81499999856001
 21
60.76427074198
 31
0.0
  0
LINE
  5
3D4
330
223
100
AcDbEntity
  8
0
  6
Continuous
 62
     7
100
AcDbLine
 10
22.81499999856001
 20
34.33572923797999
 30
0.0
 11
22.81499999856001
 21
23.76427074162001
 31
0.0
  0
LINE
  5
3D5
330
223
100
AcDbEntity
  8
03___PRT_ALL_CURVES
  6
Continuous
 62
     4
100
AcDbLine
 10
23.06098238442002
 20
87.68499999921997
 30
0.0
 11
23.06098238442002
 21
88.6849999982
 31
0.0
  0
LINE
  5
3D6
330
223
100
AcDbEntity
  8
02___PRT_ALL_AXES
  6
Continuous
 62
     7
100
AcDbLine
 10
23.41499999998001
 20
23.76399999793998
 30
0.0
 11
23.41499999998001
 21
34.33599999943999
 31
0.0
  0
LINE
  5
3D7
330
223
100
AcDbEntity
  8
02___PRT_ALL_AXES
  6
Continuous
 62
     7
100
AcDbLine
 10
23.41499999998001
 20
60.76399999829999
 30
0.0
 11
23.41499999998001
 21
71.33599999979995
 31
0.0
  0
LINE
  5
3D8
330
223
100
AcDbEntity
  8
03___PRT_ALL_CURVES
  6
Continuous
 62
     4
100
AcDbLine
 10
23.55201211356001
 20
119.24999999838
 30
0.0
 11
23.55201211356001
 21
119.81616645304
 31
0.0
  0
LINE
  5
3D9
330
223
100
AcDbEntity
  8
03___PRT_ALL_CURVES
  6
Continuous
 62
     4
100
AcDbLine
 10
28.9667053126
 20
65.44999999889998
 30
0.0
 11
29.20081166430001
 21
66.36514325116002
 31
0.0
  0
LINE
  5
3DA
330
223
100
AcDbEntity
  8
0
  6
Continuous
 62
     7
100
AcDbLine
 10
17.49666295174003
 20
5.999999996420001
 30
0.0
 11
17.42182980702
 21
5.869999997339988
 31
0.0
  0
LINE
  5
3DC
330
223
100
AcDbEntity
  8
0
  6
Continuous
 62
     7
100
AcDbLine
 10
18.19999999820004
 20
19.14807620212
 30
0.0
 11
15.94999999986001
 21
17.84903809408002
 31
0.0
  0
LINE
  5
3DD
330
223
100
AcDbEntity
  8
0
  6
Continuous
 62
     7
100
AcDbLine
 10
18.19999999820004
 20
13.95192377758002
 30
0.0
 11
20.44999999907998
 21
15.25096188308001
 31
0.0
  0
LINE
  5
3DE
330
223
100
AcDbEntity
  8
03___PRT_ALL_CURVES
  6
Continuous
 62
     4
100
AcDbLine
 10
26.24337653270004
 20
29.2243519525
 30
0.0
 11
26.57079814861999
 21
29.29720325460002
 31
0.0
  0
LINE
  5
3DF
330
223
100
AcDbEntity
  8
02___PRT_ALL_AXES
  6
Continuous
 62
     7
100
AcDbLine
 10
24.59999999979999
 20
129.99999999948
 30
0.0
 11
24.59999999979999
 21
123.99999999798
 31
0.0
  0
LINE
  5
3E0
330
223
100
AcDbEntity
  8
02___PRT_ALL_AXES
  6
Continuous
 62
     7
100
AcDbLine
 10
24.59999999979999
 20
5.999999998959964
 30
0.0
 11
24.59999999979999
 21
0.0
 31
0.0
  0
LINE
  5
3E1
330
223
100
AcDbEntity
  8
02___PRT_ALL_AXES
  6
Continuous
 62
     7
100
AcDbLine
 10
26.99999999785999
 20
129.99999999948
 30
0.0
 11
26.99999999785999
 21
123.99999999798
 31
0.0
  0
LINE
  5
3E2
330
223
100
AcDbEntity
  8
02___PRT_ALL_AXES
  6
Continuous
 62
     7
100
AcDbLine
 10
26.99999999785999
 20
5.999999998959964
 30
0.0
 11
26.99999999785999
 21
0.0
 31
0.0
  0
LINE
  5
3E3
330
223
100
AcDbEntity
  8
03___PRT_ALL_CURVES
  6
Continuous
 62
     4
100
AcDbLine
 10
28.15469979412001
 20
66.64999999919996
 30
0.0
 11
28.15469979412001
 21
65.44999999889998
 31
0.0
  0
LINE
  5
3E4
330
223
100
AcDbEntity
  8
03___PRT_ALL_CURVES
  6
Continuous
 62
     4
100
AcDbLine
 10
28.15469979412001
 20
29.64999999884
 30
0.0
 11
28.15469979412001
 21
28.44999999854002
 31
0.0
  0
LINE
  5
3E5
330
223
100
AcDbEntity
  8
03___PRT_ALL_CURVES
  6
Continuous
 62
     4
100
AcDbLine
 10
28.45838335997999
 20
28.44999999854002
 30
0.0
 11
28.45838335997999
 21
29.36514325079997
 31
0.0
  0
LINE
  5
3E6
330
223
100
AcDbEntity
  8
03___PRT_ALL_CURVES
  6
Continuous
 62
     4
100
AcDbLine
 10
28.45838335997999
 20
65.44999999889998
 30
0.0
 11
28.45838335997999
 21
66.36514325116002
 31
0.0
  0
LINE
  5
3E7
330
223
100
AcDbEntity
  8
03___PRT_ALL_CURVES
  6
Continuous
 62
     4
100
AcDbLine
 10
29.20081166430001
 20
66.36514325116002
 30
0.0
 11
29.20081166430001
 21
65.44999999889998
 31
0.0
  0
LINE
  5
3E8
330
223
100
AcDbEntity
  8
03___PRT_ALL_CURVES
  6
Continuous
 62
     4
100
AcDbLine
 10
29.20081166430001
 20
29.36514325079997
 30
0.0
 11
29.20081166430001
 21
28.44999999854002
 31
0.0
  0
LINE
  5
3E9
330
223
100
AcDbEntity
  8
02___PRT_ALL_AXES
  6
Continuous
 62
     7
100
AcDbLine
 10
29.49999999911998
 20
129.99999999948
 30
0.0
 11
29.49999999911998
 21
123.99999999798
 31
0.0
  0
LINE
  5
3EA
330
223
100
AcDbEntity
  8
02___PRT_ALL_AXES
  6
Continuous
 62
     7
100
AcDbLine
 10
29.49999999911998
 20
5.999999998959964
 30
0.0
 11
29.49999999911998
 21
0.0
 31
0.0
  0
LINE
  5
3EB
330
223
100
AcDbEntity
  8
03___PRT_ALL_CURVES
  6
Continuous
 62
     4
100
AcDbLine
 10
29.50449523015999
 20
28.44999999854002
 30
0.0
 11
29.50449523015999
 21
29.64999999884
 31
0.0
  0
LINE
  5
3EC
330
223
100
AcDbEntity
  8
03___PRT_ALL_CURVES
  6
Continuous
 62
     4
100
AcDbLine
 10
29.50449523015999
 20
65.44999999889998
 30
0.0
 11
29.50449523015999
 21
66.64999999919996
 31
0.0
  0
LINE
  5
3ED
330
223
100
AcDbEntity
  8
03___PRT_ALL_CURVES
  6
Continuous
 62
     4
100
AcDbLine
 10
29.75497263878
 20
66.3487721917
 30
0.0
 11
29.75497263878
 21
66.07537519721998
 31
0.0
  0
LINE
  5
3EE
330
223
100
AcDbEntity
  8
03___PRT_ALL_CURVES
  6
Continuous
 62
     4
100
AcDbLine
 10
30.10531376943999
 20
66.24972715229998
 30
0.0
 11
30.10531376943999
 21
65.44999999889998
 31
0.0
  0
LINE
  5
3EF
330
223
100
AcDbEntity
  8
03___PRT_ALL_CURVES
  6
Continuous
 62
     4
100
AcDbLine
 10
30.4425577076
 20
65.44999999889998
 30
0.0
 11
30.4425577076
 21
66.67046389527997
 31
0.0
  0
LINE
  5
3F0
330
223
100
AcDbEntity
  8
03___PRT_ALL_CURVES
  6
Continuous
 62
     4
100
AcDbLine
 10
30.66274890043999
 20
28.44999999854002
 30
0.0
 11
30.66274890043999
 21
28.72175989698002
 31
0.0
  0
LINE
  5
3F1
330
223
100
AcDbEntity
  8
03___PRT_ALL_CURVES
  6
Continuous
 62
     4
100
AcDbLine
 10
29.01663702884002
 20
29.64999999884
 30
0.0
 11
28.83000677980002
 21
28.91984991989997
 31
0.0
  0
LINE
  5
3F2
330
223
100
AcDbEntity
  8
03___PRT_ALL_CURVES
  6
Continuous
 62
     4
100
AcDbLine
 10
28.9667053126
 20
28.44999999854002
 30
0.0
 11
29.20081166430001
 21
29.36514325079997
 31
0.0
  0
LINE
  5
3F3
330
223
100
AcDbEntity
  8
03___PRT_ALL_CURVES
  6
Continuous
 62
     4
100
AcDbLine
 10
28.15469979412001
 20
28.44999999854002
 30
0.0
 11
28.45838335997999
 21
28.44999999854002
 31
0.0
  0
LINE
  5
3F4
330
223
100
AcDbEntity
  8
03___PRT_ALL_CURVES
  6
Continuous
 62
     4
100
AcDbLine
 10
28.69167117128003
 20
28.44999999854002
 30
0.0
 11
28.9667053126
 21
28.44999999854002
 31
0.0
  0
LINE
  5
3F5
330
223
100
AcDbEntity
  8
03___PRT_ALL_CURVES
  6
Continuous
 62
     4
100
AcDbLine
 10
29.20081166430001
 20
28.44999999854002
 30
0.0
 11
29.50449523015999
 21
28.44999999854002
 31
0.0
  0
LINE
  5
3F6
330
223
100
AcDbEntity
  8
03___PRT_ALL_CURVES
  6
Continuous
 62
     4
100
AcDbLine
 10
29.66247605466
 20
28.44999999854002
 30
0.0
 11
30.66274890043999
 21
28.44999999854002
 31
0.0
  0
LINE
  5
3F7
330
223
100
AcDbEntity
  8
03___PRT_ALL_CURVES
  6
Continuous
 62
     4
100
AcDbLine
 10
30.66274890043999
 20
28.72175989698002
 30
0.0
 11
30.14214858020003
 21
28.72175989698002
 31
0.0
  0
LINE
  5
3F8
330
223
100
AcDbEntity
  8
03___PRT_ALL_CURVES
  6
Continuous
 62
     4
100
AcDbLine
 10
29.50449523015999
 20
29.64999999884
 30
0.0
 11
29.01663702884002
 21
29.64999999884
 31
0.0
  0
LINE
  5
3F9
330
223
100
AcDbEntity
  8
03___PRT_ALL_CURVES
  6
Continuous
 62
     4
100
AcDbLine
 10
28.64173945503998
 20
29.64999999884
 30
0.0
 11
28.15469979412001
 21
29.64999999884
 31
0.0
  0
LINE
  5
3FA
330
223
100
AcDbEntity
  8
03___PRT_ALL_CURVES
  6
Continuous
 62
     4
100
AcDbLine
 10
29.68703278482002
 20
29.28738064533997
 30
0.0
 11
30.02100285602
 21
29.26036837017998
 31
0.0
  0
LINE
  5
3FB
330
223
100
AcDbEntity
  8
03___PRT_ALL_CURVES
  6
Continuous
 62
     4
100
AcDbLine
 10
26.58225783359998
 20
28.84290585483998
 30
0.0
 11
26.25729197603999
 21
28.94113231828001
 31
0.0
  0
LINE
  5
3FC
330
223
100
AcDbEntity
  8
03___PRT_ALL_CURVES
  6
Continuous
 62
     4
100
AcDbLine
 10
28.83000677980002
 20
28.91984991989997
 30
0.0
 11
28.64173945503998
 21
29.64999999884
 31
0.0
  0
LINE
  5
3FD
330
223
100
AcDbEntity
  8
03___PRT_ALL_CURVES
  6
Continuous
 62
     4
100
AcDbLine
 10
28.45838335997999
 20
29.36514325079997
 30
0.0
 11
28.69167117128003
 21
28.44999999854002
 31
0.0
  0
LINE
  5
3FE
330
223
100
AcDbEntity
  8
0
  6
Continuous
 62
     7
100
AcDbLine
 10
31.99999999784001
 20
129.99999999948
 30
0.0
 11
31.99999999784001
 21
123.99999999798
 31
0.0
  0
LINE
  5
3FF
330
223
100
AcDbEntity
  8
0
  6
Continuous
 62
     7
100
AcDbLine
 10
31.99999999784001
 20
5.999999998959964
 30
0.0
 11
31.99999999784001
 21
0.0
 31
0.0
  0
LINE
  5
400
330
223
100
AcDbEntity
  8
0
  6
Continuous
 62
     7
100
AcDbLine
 10
32.24999999822003
 20
5.999999998959964
 30
0.0
 11
32.24999999822003
 21
123.99999999798
 31
0.0
  0
LINE
  5
401
330
223
100
AcDbEntity
  8
0
  6
Continuous
 62
     7
100
AcDbLine
 10
17.13648526213998
 20
37.43050014773999
 30
0.0
 11
20.16648526004002
 21
36.89622939509999
 31
0.0
  0
LINE
  5
402
330
223
100
AcDbEntity
  8
0
  6
Continuous
 62
     7
100
AcDbLine
 10
20.25330934851999
 20
37.38863327185999
 30
0.0
 11
17.22330935062001
 21
37.92290402450001
 31
0.0
  0
LINE
  5
403
330
223
100
AcDbEntity
  8
0
  6
Continuous
 62
     7
100
AcDbLine
 10
15.94999999986001
 20
40.25096188298002
 30
0.0
 11
18.19999999820004
 21
38.95192377748
 31
0.0
  0
LINE
  5
404
330
223
100
AcDbEntity
  8
0
  6
Continuous
 62
     7
100
AcDbLine
 10
20.44999999907998
 20
42.84903809398
 30
0.0
 11
18.19999999820004
 21
44.14807620201998
 31
0.0
  0
LINE
  5
405
330
223
100
AcDbEntity
  8
0
  6
Continuous
 62
     7
100
AcDbLine
 10
17.03146510388001
 20
44.49999998889999
 30
0.0
 11
19.36853489251999
 21
44.49999998889999
 31
0.0
  0
LINE
  5
406
330
223
100
AcDbEntity
  8
0
  6
Continuous
 62
     7
100
AcDbLine
 10
15.94999999986001
 20
52.25096188343997
 30
0.0
 11
18.19999999820004
 21
50.95192377793998
 31
0.0
  0
LINE
  5
407
330
223
100
AcDbEntity
  8
03___PRT_ALL_CURVES
  6
Continuous
 62
     4
100
AcDbLine
 10
27.40654154444002
 20
88.34052520582
 30
0.0
 11
27.61690998578001
 21
87.58499999856
 31
0.0
  0
LINE
  5
408
330
223
100
AcDbEntity
  8
03___PRT_ALL_CURVES
  6
Continuous
 62
     4
100
AcDbLine
 10
27.76752396192003
 20
88.11378581169998
 30
0.0
 11
27.58171210850003
 21
88.78499999886
 31
0.0
  0
LINE
  5
409
330
223
100
AcDbEntity
  8
03___PRT_ALL_CURVES
  6
Continuous
 62
     4
100
AcDbLine
 10
28.83000677980002
 20
65.91984992025996
 30
0.0
 11
28.64173945503998
 21
66.64999999919996
 31
0.0
  0
LINE
  5
40A
330
223
100
AcDbEntity
  8
03___PRT_ALL_CURVES
  6
Continuous
 62
     4
100
AcDbLine
 10
15.07486370085999
 20
120.22885399952
 30
0.0
 11
14.68264010380003
 21
121.74999999964
 31
0.0
  0
LINE
  5
40B
330
223
100
AcDbEntity
  8
03___PRT_ALL_CURVES
  6
Continuous
 62
     4
100
AcDbLine
 10
14.30064824142002
 20
121.15654843826
 30
0.0
 11
14.78666451347999
 21
119.24999999838
 31
0.0
  0
LINE
  5
40C
330
223
100
AcDbEntity
  8
03___PRT_ALL_CURVES
  6
Continuous
 62
     4
100
AcDbLine
 10
28.45838335997999
 20
66.36514325116002
 30
0.0
 11
28.69167117128003
 21
65.44999999889998
 31
0.0
  0
LINE
  5
40D
330
223
100
AcDbEntity
  8
03___PRT_ALL_CURVES
  6
Continuous
 62
     4
100
AcDbLine
 10
26.56670527898001
 20
88.78499999886
 30
0.0
 11
26.83355389184001
 21
87.58499999856
 31
0.0
  0
LINE
  5
40E
330
223
100
AcDbEntity
  8
03___PRT_ALL_CURVES
  6
Continuous
 62
     4
100
AcDbLine
 10
27.04555941144
 20
88.11296727383998
 30
0.0
 11
26.91868348536002
 21
88.78499999886
 31
0.0
  0
LINE
  5
40F
330
223
100
AcDbEntity
  8
0
  6
Continuous
 62
     7
100
AcDbLine
 10
17.22330935062001
 20
57.17709595545998
 30
0.0
 11
20.25330934851999
 21
57.71136670555998
 31
0.0
  0
LINE
  5
410
330
223
100
AcDbEntity
  8
0
  6
Continuous
 62
     7
100
AcDbLine
 10
20.16648526004002
 20
58.20377058232
 30
0.0
 11
17.13648526213998
 21
57.66949983222
 31
0.0
  0
LINE
  5
411
330
223
100
AcDbEntity
  8
0
  6
Continuous
 62
     7
100
AcDbLine
 10
17.0314651496
 20
50.59999998852001
 30
0.0
 11
19.36853484680003
 21
50.59999998852001
 31
0.0
  0
LINE
  5
412
330
223
100
AcDbEntity
  8
0
  6
Continuous
 62
     7
100
AcDbLine
 10
20.44999999907998
 20
54.84903809443998
 30
0.0
 11
18.19999999820004
 21
56.14807619993996
 31
0.0
  0
LINE
  5
413
330
223
100
AcDbEntity
  8
03___PRT_ALL_CURVES
  6
Continuous
 62
     4
100
AcDbLine
 10
26.24337653270004
 20
66.22435195285996
 30
0.0
 11
26.57079814861999
 21
66.29720325241996
 31
0.0
  0
LINE
  5
414
330
223
100
AcDbEntity
  8
03___PRT_ALL_CURVES
  6
Continuous
 62
     4
100
AcDbLine
 10
22.39522508500002
 20
88.23343109691996
 30
0.0
 11
22.76971355878004
 21
87.68499999921997
 31
0.0
  0
LINE
  5
415
330
223
100
AcDbEntity
  8
03___PRT_ALL_CURVES
  6
Continuous
 62
     4
100
AcDbLine
 10
22.76971355878004
 20
88.13111185781997
 30
0.0
 11
22.39317873907999
 21
88.6849999982
 31
0.0
  0
LINE
  5
416
330
223
100
AcDbEntity
  8
03___PRT_ALL_CURVES
  6
Continuous
 62
     4
100
AcDbLine
 10
9.62124851210001
 20
120.01398365202
 30
0.0
 11
10.03393602302
 21
119.24999999838
 31
0.0
  0
LINE
  5
417
330
223
100
AcDbEntity
  8
03___PRT_ALL_CURVES
  6
Continuous
 62
     4
100
AcDbLine
 10
10.90706017465999
 20
119.24999999838
 30
0.0
 11
10.5318896169
 21
119.9730558979599
 31
0.0
  0
LINE
  5
418
330
223
100
AcDbEntity
  8
03___PRT_ALL_CURVES
  6
Continuous
 62
     4
100
AcDbLine
 10
28.15469979412001
 20
65.44999999889998
 30
0.0
 11
28.45838335997999
 21
65.44999999889998
 31
0.0
  0
LINE
  5
419
330
223
100
AcDbEntity
  8
03___PRT_ALL_CURVES
  6
Continuous
 62
     4
100
AcDbLine
 10
28.69167117128003
 20
65.44999999889998
 30
0.0
 11
28.9667053126
 21
65.44999999889998
 31
0.0
  0
LINE
  5
41A
330
223
100
AcDbEntity
  8
03___PRT_ALL_CURVES
  6
Continuous
 62
     4
100
AcDbLine
 10
29.20081166430001
 20
65.44999999889998
 30
0.0
 11
29.50449523015999
 21
65.44999999889998
 31
0.0
  0
LINE
  5
41B
330
223
100
AcDbEntity
  8
03___PRT_ALL_CURVES
  6
Continuous
 62
     4
100
AcDbLine
 10
30.10531376943999
 20
65.44999999889998
 30
0.0
 11
30.4425577076
 21
65.44999999889998
 31
0.0
  0
LINE
  5
41C
330
223
100
AcDbEntity
  8
03___PRT_ALL_CURVES
  6
Continuous
 62
     4
100
AcDbLine
 10
29.50449523015999
 20
66.64999999919996
 30
0.0
 11
29.01663702884002
 21
66.64999999919996
 31
0.0
  0
LINE
  5
41D
330
223
100
AcDbEntity
  8
03___PRT_ALL_CURVES
  6
Continuous
 62
     4
100
AcDbLine
 10
28.64173945503998
 20
66.64999999919996
 30
0.0
 11
28.15469979412001
 21
66.64999999919996
 31
0.0
  0
LINE
  5
41E
330
223
100
AcDbEntity
  8
03___PRT_ALL_CURVES
  6
Continuous
 62
     4
100
AcDbLine
 10
30.4425577076
 20
66.67046389527997
 30
0.0
 11
30.16670531290001
 21
66.67046389527997
 31
0.0
  0
LINE
  5
41F
330
223
100
AcDbEntity
  8
03___PRT_ALL_CURVES
  6
Continuous
 62
     4
100
AcDbLine
 10
26.58225783359998
 20
65.8429058552
 30
0.0
 11
26.25729197603999
 21
65.94113231864
 31
0.0
  0
LINE
  5
420
330
223
100
AcDbEntity
  8
0
  6
Continuous
 62
     7
100
AcDbLine
 10
15.94999999986001
 20
77.25096188333998
 30
0.0
 11
18.19999999820004
 21
75.95192377784
 31
0.0
  0
LINE
  5
421
330
223
100
AcDbEntity
  8
0
  6
Continuous
 62
     7
100
AcDbLine
 10
17.13648526213998
 20
74.43050014810001
 30
0.0
 11
20.16648526004002
 21
73.89622939545998
 31
0.0
  0
LINE
  5
422
330
223
100
AcDbEntity
  8
0
  6
Continuous
 62
     7
100
AcDbLine
 10
20.25330934851999
 20
74.38863327222
 30
0.0
 11
17.22330935062001
 21
74.92290402485997
 31
0.0
  0
LINE
  5
423
330
223
100
AcDbEntity
  8
0
  6
Continuous
 62
     7
100
AcDbLine
 10
20.44999999907998
 20
79.84903809433999
 30
0.0
 11
18.19999999820004
 21
81.14807619983998
 31
0.0
  0
LINE
  5
424
330
223
100
AcDbEntity
  8
0
  6
Continuous
 62
     7
100
AcDbLine
 10
17.49666295174003
 20
124.00000000052
 30
0.0
 11
17.42182980448001
 21
124.12999999706
 31
0.0
  0
LINE
  5
425
330
223
100
AcDbEntity
  8
03___PRT_ALL_CURVES
  6
Continuous
 62
     4
100
AcDbLine
 10
25.76779673709999
 20
88.00409959215997
 30
0.0
 11
25.41500000048003
 21
87.98199861781998
 31
0.0
  0
LINE
  5
426
330
223
100
AcDbEntity
  8
0
  6
Continuous
 62
     7
100
AcDbLine
 10
17.03146510388001
 20
81.49999998925998
 30
0.0
 11
19.36853489251999
 21
81.49999998925998
 31
0.0
  0
LINE
  5
427
330
223
100
AcDbEntity
  8
02___PRT_ALL_AXES
  6
Continuous
 62
     7
100
AcDbLine
 10
14.79999999862
 20
85.57000000011999
 30
0.0
 11
18.69999999896001
 21
85.57000000011999
 31
0.0
  0
LINE
  5
428
330
223
100
AcDbEntity
  8
0
  6
Continuous
 62
     7
100
AcDbLine
 10
14.29999999786003
 20
86.06999999071999
 30
0.0
 11
19.55374580987998
 21
86.06999999071999
 31
0.0
  0
LINE
  5
429
330
223
100
AcDbEntity
  8
0
  6
Continuous
 62
     7
100
AcDbLine
 10
15.00768284462001
 20
86.24499998869999
 30
0.0
 11
17.99999999942003
 21
86.24499998869999
 31
0.0
  0
LINE
  5
42A
330
223
100
AcDbEntity
  8
0
  6
Continuous
 62
     7
100
AcDbLine
 10
17.99999999942003
 20
86.25999998918002
 30
0.0
 11
17.34742696370003
 21
86.25999998918002
 31
0.0
  0
LINE
  5
42B
330
223
100
AcDbEntity
  8
0
  6
Continuous
 62
     7
100
AcDbLine
 10
17.34742696370003
 20
86.25999998918002
 30
0.0
 11
14.74593427490001
 21
86.30538315723999
 31
0.0
  0
LINE
  5
42C
330
223
100
AcDbEntity
  8
03___PRT_ALL_CURVES
  6
Continuous
 62
     4
100
AcDbLine
 10
26.11486356646
 20
88.42729195125997
 30
0.0
 11
26.46438608559998
 21
88.44775577368
 31
0.0
  0
LINE
  5
42D
330
223
100
AcDbEntity
  8
0
  6
Continuous
 62
     7
100
AcDbLine
 10
14.74593427490001
 20
87.51461681953998
 30
0.0
 11
17.34742696370003
 21
87.55999999013997
 31
0.0
  0
LINE
  5
42E
330
223
100
AcDbEntity
  8
0
  6
Continuous
 62
     7
100
AcDbLine
 10
14.74593427490001
 20
90.05461681954003
 30
0.0
 11
17.34742696370003
 21
90.09999999013996
 31
0.0
  0
LINE
  5
42F
330
223
100
AcDbEntity
  8
0
  6
Continuous
 62
     7
100
AcDbLine
 10
17.34742696370003
 20
87.55999999013997
 30
0.0
 11
17.99999999942003
 21
87.55999999013997
 31
0.0
  0
LINE
  5
430
330
223
100
AcDbEntity
  8
0
  6
Continuous
 62
     7
100
AcDbLine
 10
17.99999999942003
 20
87.57499999062
 30
0.0
 11
15.00768284462001
 21
87.57499999062
 31
0.0
  0
LINE
  5
431
330
223
100
AcDbEntity
  8
03___PRT_ALL_CURVES
  6
Continuous
 62
     4
100
AcDbLine
 10
26.83355389184001
 20
87.58499999856
 30
0.0
 11
27.19699178320005
 21
87.58499999856
 31
0.0
  0
LINE
  5
432
330
223
100
AcDbEntity
  8
03___PRT_ALL_CURVES
  6
Continuous
 62
     4
100
AcDbLine
 10
27.61690998578001
 20
87.58499999856
 30
0.0
 11
27.98034801938002
 21
87.58499999856
 31
0.0
  0
LINE
  5
433
330
223
100
AcDbEntity
  8
03___PRT_ALL_CURVES
  6
Continuous
 62
     4
100
AcDbLine
 10
10.90422925830001
 20
87.68499999921997
 30
0.0
 11
11.21459755806001
 21
87.68499999921997
 31
0.0
  0
LINE
  5
434
330
223
100
AcDbEntity
  8
03___PRT_ALL_CURVES
  6
Continuous
 62
     4
100
AcDbLine
 10
11.83601651080002
 20
87.68499999921997
 30
0.0
 11
12.14638481056002
 21
87.68499999921997
 31
0.0
  0
LINE
  5
435
330
223
100
AcDbEntity
  8
03___PRT_ALL_CURVES
  6
Continuous
 62
     4
100
AcDbLine
 10
22.10463849574003
 20
87.68499999921997
 30
0.0
 11
22.39522508500002
 21
87.68499999921997
 31
0.0
  0
LINE
  5
436
330
223
100
AcDbEntity
  8
03___PRT_ALL_CURVES
  6
Continuous
 62
     4
100
AcDbLine
 10
22.76971355878004
 20
87.68499999921997
 30
0.0
 11
23.06098238442002
 21
87.68499999921997
 31
0.0
  0
LINE
  5
437
330
223
100
AcDbEntity
  8
03___PRT_ALL_CURVES
  6
Continuous
 62
     4
100
AcDbLine
 10
11.21459755806001
 20
88.09359481575999
 30
0.0
 11
11.60204646566001
 21
88.09359481575999
 31
0.0
  0
LINE
  5
438
330
223
100
AcDbEntity
  8
03___PRT_ALL_CURVES
  6
Continuous
 62
     4
100
AcDbLine
 10
12.14638481056002
 20
88.09359481575999
 30
0.0
 11
12.53383359878001
 21
88.09359481575999
 31
0.0
  0
LINE
  5
439
330
223
100
AcDbEntity
  8
03___PRT_ALL_CURVES
  6
Continuous
 62
     4
100
AcDbLine
 10
12.53383359878001
 20
88.29550474468002
 30
0.0
 11
12.14638481056002
 21
88.29550474468002
 31
0.0
  0
LINE
  5
43A
330
223
100
AcDbEntity
  8
03___PRT_ALL_CURVES
  6
Continuous
 62
     4
100
AcDbLine
 10
11.60204646566001
 20
88.29550474468002
 30
0.0
 11
11.21459755806001
 21
88.29550474468002
 31
0.0
  0
LINE
  5
43B
330
223
100
AcDbEntity
  8
03___PRT_ALL_CURVES
  6
Continuous
 62
     4
100
AcDbLine
 10
11.21459755806001
 20
88.47012960498003
 30
0.0
 11
11.66821274684
 21
88.47012960498003
 31
0.0
  0
LINE
  5
43C
330
223
100
AcDbEntity
  8
03___PRT_ALL_CURVES
  6
Continuous
 62
     4
100
AcDbLine
 10
12.14638481056002
 20
88.47012960498003
 30
0.0
 11
12.59999999934001
 21
88.47012960498003
 31
0.0
  0
LINE
  5
43D
330
223
100
AcDbEntity
  8
03___PRT_ALL_CURVES
  6
Continuous
 62
     4
100
AcDbLine
 10
23.06098238442002
 20
88.6849999982
 30
0.0
 11
22.76971355878004
 21
88.6849999982
 31
0.0
  0
LINE
  5
43E
330
223
100
AcDbEntity
  8
03___PRT_ALL_CURVES
  6
Continuous
 62
     4
100
AcDbLine
 10
22.39317873907999
 20
88.6849999982
 30
0.0
 11
22.10463849574003
 21
88.6849999982
 31
0.0
  0
LINE
  5
43F
330
223
100
AcDbEntity
  8
03___PRT_ALL_CURVES
  6
Continuous
 62
     4
100
AcDbLine
 10
12.59999999934001
 20
88.6849999982
 30
0.0
 11
11.83601651080002
 21
88.6849999982
 31
0.0
  0
LINE
  5
440
330
223
100
AcDbEntity
  8
03___PRT_ALL_CURVES
  6
Continuous
 62
     4
100
AcDbLine
 10
11.66821274684
 20
88.6849999982
 30
0.0
 11
10.90422925830001
 21
88.6849999982
 31
0.0
  0
LINE
  5
441
330
223
100
AcDbEntity
  8
03___PRT_ALL_CURVES
  6
Continuous
 62
     4
100
AcDbLine
 10
28.24555941174
 20
88.78499999886
 30
0.0
 11
27.89439974321999
 21
88.78499999886
 31
0.0
  0
LINE
  5
442
330
223
100
AcDbEntity
  8
03___PRT_ALL_CURVES
  6
Continuous
 62
     4
100
AcDbLine
 10
27.58171210850003
 20
88.78499999886
 30
0.0
 11
27.23055258222004
 21
88.78499999886
 31
0.0
  0
LINE
  5
443
330
223
100
AcDbEntity
  8
03___PRT_ALL_CURVES
  6
Continuous
 62
     4
100
AcDbLine
 10
26.91868348536002
 20
88.78499999886
 30
0.0
 11
26.56670527898001
 21
88.78499999886
 31
0.0
  0
LINE
  5
444
330
223
100
AcDbEntity
  8
0
  6
Continuous
 62
     7
100
AcDbLine
 10
15.00768284462001
 20
88.78499998869998
 30
0.0
 11
17.99999999942003
 21
88.78499998869998
 31
0.0
  0
LINE
  5
445
330
223
100
AcDbEntity
  8
0
  6
Continuous
 62
     7
100
AcDbLine
 10
17.99999999942003
 20
88.79999998917998
 30
0.0
 11
17.34742696370003
 21
88.79999998917998
 31
0.0
  0
LINE
  5
446
330
223
100
AcDbEntity
  8
0
  6
Continuous
 62
     7
100
AcDbLine
 10
17.34742696370003
 20
90.09999999013996
 30
0.0
 11
17.99999999942003
 21
90.09999999013996
 31
0.0
  0
LINE
  5
447
330
223
100
AcDbEntity
  8
0
  6
Continuous
 62
     7
100
AcDbLine
 10
17.99999999942003
 20
90.11499999061999
 30
0.0
 11
15.00768284462001
 21
90.11499999061999
 31
0.0
  0
LINE
  5
448
330
223
100
AcDbEntity
  8
0
  6
Continuous
 62
     7
100
AcDbLine
 10
14.29999999786003
 20
90.29999998891998
 30
0.0
 11
19.55374581749999
 21
90.29999998891998
 31
0.0
  0
LINE
  5
449
330
223
100
AcDbEntity
  8
0
  6
Continuous
 62
     7
100
AcDbLine
 10
18.09043530496001
 20
90.37276141312
 30
0.0
 11
18.33466607634
 21
90.37276141312
 31
0.0
  0
LINE
  5
44A
330
223
100
AcDbEntity
  8
0
  6
Continuous
 62
     7
100
AcDbLine
 10
18.29290091730002
 20
90.48130842233996
 30
0.0
 11
18.09043530496001
 21
90.48130842233996
 31
0.0
  0
LINE
  5
44B
330
223
100
AcDbEntity
  8
0
  6
Continuous
 62
     7
100
AcDbLine
 10
17.47985838286002
 20
90.69840243823998
 30
0.0
 11
17.42558487952002
 21
90.69840243823998
 31
0.0
  0
LINE
  5
44C
330
223
100
AcDbEntity
  8
02___PRT_ALL_AXES
  6
Continuous
 62
     7
100
AcDbLine
 10
18.69999999896001
 20
90.79999999983997
 30
0.0
 11
14.79999999862
 21
90.79999999983997
 31
0.0
  0
LINE
  5
44D
330
223
100
AcDbEntity
  8
0
  6
Continuous
 62
     7
100
AcDbLine
 10
-0.2500000003799983
 20
91.79999999882
 30
0.0
 11
32.24999999822003
 21
91.79999999882
 31
0.0
  0
LINE
  5
44E
330
223
100
AcDbEntity
  8
0
  6
Continuous
 62
     7
100
AcDbLine
 10
-0.2500000003799983
 20
91.89999999948003
 30
0.0
 11
32.24999999822003
 21
91.89999999948003
 31
0.0
  0
LINE
  5
44F
330
223
100
AcDbEntity
  8
0
  6
Continuous
 62
     7
100
AcDbLine
 10
17.34742696370003
 20
88.79999998917998
 30
0.0
 11
14.74593427490001
 21
88.84538315723998
 31
0.0
  0
LINE
  5
450
330
223
100
AcDbEntity
  8
0
  6
Continuous
 62
     7
100
AcDbLine
 10
32.24999999822003
 20
116.89999999938
 30
0.0
 11
-0.2500000003799983
 21
116.89999999938
 31
0.0
  0
LINE
  5
451
330
223
100
AcDbEntity
  8
0
  6
Continuous
 62
     7
100
AcDbLine
 10
-0.2500000003799983
 20
117.00000000004
 30
0.0
 11
32.24999999822003
 21
117.00000000004
 31
0.0
  0
LINE
  5
452
330
223
100
AcDbEntity
  8
03___PRT_ALL_CURVES
  6
Continuous
 62
     4
100
AcDbLine
 10
11.75460454763999
 20
120.12312415256
 30
0.0
 11
11.01961132878003
 21
120.0770804574999
 31
0.0
  0
LINE
  5
453
330
223
100
AcDbEntity
  8
03___PRT_ALL_CURVES
  6
Continuous
 62
     4
100
AcDbLine
 10
12.47766044722002
 20
121.00477489624
 30
0.0
 11
13.20583251132001
 21
121.04740786406
 31
0.0
  0
LINE
  5
454
330
223
100
AcDbEntity
  8
0
  6
Continuous
 62
     7
100
AcDbLine
 10
32.24999999822003
 20
117.59999999892
 30
0.0
 11
-0.2500000003799983
 21
117.59999999892
 31
0.0
  0
LINE
  5
455
330
223
100
AcDbEntity
  8
03___PRT_ALL_CURVES
  6
Continuous
 62
     4
100
AcDbLine
 10
8.447987891900027
 20
119.24999999838
 30
0.0
 11
9.223908750520025
 21
119.24999999838
 31
0.0
  0
LINE
  5
456
330
223
100
AcDbEntity
  8
03___PRT_ALL_CURVES
  6
Continuous
 62
     4
100
AcDbLine
 10
10.03393602302
 20
119.24999999838
 30
0.0
 11
10.90706017465999
 21
119.24999999838
 31
0.0
  0
LINE
  5
457
330
223
100
AcDbEntity
  8
03___PRT_ALL_CURVES
  6
Continuous
 62
     4
100
AcDbLine
 10
13.66797414228
 20
119.24999999838
 30
0.0
 11
14.30064824142002
 21
119.24999999838
 31
0.0
  0
LINE
  5
458
330
223
100
AcDbEntity
  8
03___PRT_ALL_CURVES
  6
Continuous
 62
     4
100
AcDbLine
 10
14.78666451347999
 20
119.24999999838
 30
0.0
 11
15.35965230832002
 21
119.24999999838
 31
0.0
  0
LINE
  5
459
330
223
100
AcDbEntity
  8
03___PRT_ALL_CURVES
  6
Continuous
 62
     4
100
AcDbLine
 10
15.84737387288001
 20
119.24999999838
 30
0.0
 11
16.48004796948001
 21
119.24999999838
 31
0.0
  0
LINE
  5
45A
330
223
100
AcDbEntity
  8
03___PRT_ALL_CURVES
  6
Continuous
 62
     4
100
AcDbLine
 10
17.2934856695
 20
119.24999999838
 30
0.0
 11
17.98584607040002
 21
119.24999999838
 31
0.0
  0
LINE
  5
45B
330
223
100
AcDbEntity
  8
03___PRT_ALL_CURVES
  6
Continuous
 62
     4
100
AcDbLine
 10
21.46811094736
 20
119.24999999838
 30
0.0
 11
23.55201211356001
 21
119.24999999838
 31
0.0
  0
LINE
  5
45C
330
223
100
AcDbEntity
  8
03___PRT_ALL_CURVES
  6
Continuous
 62
     4
100
AcDbLine
 10
23.55201211356001
 20
119.81616645304
 30
0.0
 11
22.46742811813999
 21
119.81616645304
 31
0.0
  0
LINE
  5
45D
330
223
100
AcDbEntity
  8
03___PRT_ALL_CURVES
  6
Continuous
 62
     4
100
AcDbLine
 10
9.223908750520025
 20
120.26466573638
 30
0.0
 11
9.292121573200006
 21
120.26466573638
 31
0.0
  0
LINE
  5
45E
330
223
100
AcDbEntity
  8
03___PRT_ALL_CURVES
  6
Continuous
 62
     4
100
AcDbLine
 10
9.549625038380015
 20
120.73703962526
 30
0.0
 11
9.223908750520025
 21
120.73703962526
 31
0.0
  0
LINE
  5
45F
330
223
100
AcDbEntity
  8
03___PRT_ALL_CURVES
  6
Continuous
 62
     4
100
AcDbLine
 10
16.87227156654001
 20
121.16336974288
 30
0.0
 11
18.10692396642003
 21
121.16336974288
 31
0.0
  0
LINE
  5
460
330
223
100
AcDbEntity
  8
03___PRT_ALL_CURVES
  6
Continuous
 62
     4
100
AcDbLine
 10
9.223908750520025
 20
121.24522510114
 30
0.0
 11
9.563267497760023
 21
121.24522510114
 31
0.0
  0
LINE
  5
461
330
223
100
AcDbEntity
  8
03___PRT_ALL_CURVES
  6
Continuous
 62
     4
100
AcDbLine
 10
18.89989819962
 20
121.74999999964
 30
0.0
 11
16.87227156654001
 21
121.74999999964
 31
0.0
  0
LINE
  5
462
330
223
100
AcDbEntity
  8
03___PRT_ALL_CURVES
  6
Continuous
 62
     4
100
AcDbLine
 10
16.48004796948001
 20
121.74999999964
 30
0.0
 11
15.46367672054001
 21
121.74999999964
 31
0.0
  0
LINE
  5
463
330
223
100
AcDbEntity
  8
03___PRT_ALL_CURVES
  6
Continuous
 62
     4
100
AcDbLine
 10
14.68264010380003
 20
121.74999999964
 30
0.0
 11
13.66797414228
 21
121.74999999964
 31
0.0
  0
LINE
  5
464
330
223
100
AcDbEntity
  8
03___PRT_ALL_CURVES
  6
Continuous
 62
     4
100
AcDbLine
 10
9.735504953640003
 20
121.74999999964
 30
0.0
 11
8.447987891900027
 21
121.74999999964
 31
0.0
  0
LINE
  5
465
330
223
100
AcDbEntity
  8
0
  6
Continuous
 62
     7
100
AcDbLine
 10
32.24999999822003
 20
122.49999999824
 30
0.0
 11
-0.2500000003799983
 21
122.49999999824
 31
0.0
  0
LINE
  5
466
330
223
100
AcDbEntity
  8
0
  6
Continuous
 62
     7
100
AcDbLine
 10
32.24999999822003
 20
123.99999999798
 30
0.0
 11
-0.2500000003799983
 21
123.99999999798
 31
0.0
  0
LINE
  5
467
330
223
100
AcDbEntity
  8
0
  6
Continuous
 62
     7
100
AcDbLine
 10
16.39999999902
 20
124.84999999978
 30
0.0
 11
15.59999999882004
 21
124.84999999978
 31
0.0
  0
LINE
  5
468
330
223
100
AcDbEntity
  8
02___PRT_ALL_AXES
  6
Continuous
 62
     7
100
AcDbLine
 10
29.49999999911998
 20
124.89999999884
 30
0.0
 11
26.99999999785999
 21
124.89999999884
 31
0.0
  0
LINE
  5
469
330
223
100
AcDbEntity
  8
02___PRT_ALL_AXES
  6
Continuous
 62
     7
100
AcDbLine
 10
24.59999999979999
 20
124.89999999884
 30
0.0
 11
22.09999999853997
 21
124.89999999884
 31
0.0
  0
LINE
  5
46A
330
223
100
AcDbEntity
  8
02___PRT_ALL_AXES
  6
Continuous
 62
     7
100
AcDbLine
 10
2.499999998720028
 20
124.89999999884
 30
0.0
 11
4.999999999979991
 21
124.89999999884
 31
0.0
  0
LINE
  5
46B
330
223
100
AcDbEntity
  8
02___PRT_ALL_AXES
  6
Continuous
 62
     7
100
AcDbLine
 10
7.399999998039988
 20
124.89999999884
 30
0.0
 11
9.899999999300007
 21
124.89999999884
 31
0.0
  0
LINE
  5
46C
330
223
100
AcDbEntity
  8
02___PRT_ALL_AXES
  6
Continuous
 62
     7
100
AcDbLine
 10
31.99999999784001
 20
125.19999999828
 30
0.0
 11
29.49999999911998
 21
125.19999999828
 31
0.0
  0
LINE
  5
46D
330
223
100
AcDbEntity
  8
02___PRT_ALL_AXES
  6
Continuous
 62
     7
100
AcDbLine
 10
26.99999999785999
 20
125.19999999828
 30
0.0
 11
24.59999999979999
 21
125.19999999828
 31
0.0
  0
LINE
  5
46E
330
223
100
AcDbEntity
  8
02___PRT_ALL_AXES
  6
Continuous
 62
     7
100
AcDbLine
 10
22.09999999853997
 20
125.19999999828
 30
0.0
 11
18.60382411054002
 21
125.19999999828
 31
0.0
  0
LINE
  5
46F
330
223
100
AcDbEntity
  8
02___PRT_ALL_AXES
  6
Continuous
 62
     7
100
AcDbLine
 10
13.39617588730002
 20
125.19999999828
 30
0.0
 11
9.899999999300007
 21
125.19999999828
 31
0.0
  0
LINE
  5
470
330
223
100
AcDbEntity
  8
02___PRT_ALL_AXES
  6
Continuous
 62
     7
100
AcDbLine
 10
7.399999998039988
 20
125.19999999828
 30
0.0
 11
4.999999999979991
 21
125.19999999828
 31
0.0
  0
LINE
  5
471
330
223
100
AcDbEntity
  8
02___PRT_ALL_AXES
  6
Continuous
 62
     7
100
AcDbLine
 10
2.499999998720028
 20
125.19999999828
 30
0.0
 11
0.0
 21
125.19999999828
 31
0.0
  0
LINE
  5
472
330
223
100
AcDbEntity
  8
0
  6
Continuous
 62
     7
100
AcDbLine
 10
17.74999999904
 20
126.1999999998
 30
0.0
 11
16.39999999902
 21
126.1999999998
 31
0.0
  0
LINE
  5
473
330
223
100
AcDbEntity
  8
0
  6
Continuous
 62
     7
100
AcDbLine
 10
14.24999999880001
 20
126.1999999998
 30
0.0
 11
15.59999999882004
 21
126.1999999998
 31
0.0
  0
LINE
  5
474
330
223
100
AcDbEntity
  8
0
  6
Continuous
 62
     7
100
AcDbLine
 10
14.24999999880001
 20
127.0
 30
0.0
 11
15.59999999882004
 21
127.0
 31
0.0
  0
LINE
  5
475
330
223
100
AcDbEntity
  8
0
  6
Continuous
 62
     7
100
AcDbLine
 10
16.39999999902
 20
127.0
 30
0.0
 11
17.74999999904
 21
127.0
 31
0.0
  0
LINE
  5
476
330
223
100
AcDbEntity
  8
0
  6
Continuous
 62
     7
100
AcDbLine
 10
15.59999999882004
 20
128.35000000002
 30
0.0
 11
16.39999999902
 21
128.35000000002
 31
0.0
  0
LINE
  5
477
330
223
100
AcDbEntity
  8
02___PRT_ALL_AXES
  6
Continuous
 62
     7
100
AcDbLine
 10
29.49999999911998
 20
128.99999999796
 30
0.0
 11
26.99999999785999
 21
128.99999999796
 31
0.0
  0
LINE
  5
478
330
223
100
AcDbEntity
  8
02___PRT_ALL_AXES
  6
Continuous
 62
     7
100
AcDbLine
 10
24.59999999979999
 20
128.99999999796
 30
0.0
 11
22.09999999853997
 21
128.99999999796
 31
0.0
  0
LINE
  5
479
330
223
100
AcDbEntity
  8
02___PRT_ALL_AXES
  6
Continuous
 62
     7
100
AcDbLine
 10
2.499999998720028
 20
128.99999999796
 30
0.0
 11
4.999999999979991
 21
128.99999999796
 31
0.0
  0
LINE
  5
47A
330
223
100
AcDbEntity
  8
02___PRT_ALL_AXES
  6
Continuous
 62
     7
100
AcDbLine
 10
7.399999998039988
 20
128.99999999796
 30
0.0
 11
9.899999999300007
 21
128.99999999796
 31
0.0
  0
LINE
  5
47B
330
223
100
AcDbEntity
  8
02___PRT_ALL_AXES
  6
Continuous
 62
     7
100
AcDbLine
 10
31.99999999784001
 20
129.19999999928
 30
0.0
 11
29.49999999911998
 21
129.19999999928
 31
0.0
  0
LINE
  5
47C
330
223
100
AcDbEntity
  8
02___PRT_ALL_AXES
  6
Continuous
 62
     7
100
AcDbLine
 10
26.99999999785999
 20
129.19999999928
 30
0.0
 11
24.59999999979999
 21
129.19999999928
 31
0.0
  0
LINE
  5
47D
330
223
100
AcDbEntity
  8
02___PRT_ALL_AXES
  6
Continuous
 62
     7
100
AcDbLine
 10
22.09999999853997
 20
129.19999999928
 30
0.0
 11
17.64313724096002
 21
129.19999999928
 31
0.0
  0
LINE
  5
47E
330
223
100
AcDbEntity
  8
02___PRT_ALL_AXES
  6
Continuous
 62
     7
100
AcDbLine
 10
14.35686275688002
 20
129.19999999928
 30
0.0
 11
9.899999999300007
 21
129.19999999928
 31
0.0
  0
LINE
  5
47F
330
223
100
AcDbEntity
  8
02___PRT_ALL_AXES
  6
Continuous
 62
     7
100
AcDbLine
 10
7.399999998039988
 20
129.19999999928
 30
0.0
 11
4.999999999979991
 21
129.19999999928
 31
0.0
  0
LINE
  5
480
330
223
100
AcDbEntity
  8
02___PRT_ALL_AXES
  6
Continuous
 62
     7
100
AcDbLine
 10
2.499999998720028
 20
129.19999999928
 30
0.0
 11
0.0
 21
129.19999999928
 31
0.0
  0
LINE
  5
481
330
223
100
AcDbEntity
  8
02___PRT_ALL_AXES
  6
Continuous
 62
     7
100
AcDbLine
 10
31.99999999784001
 20
129.99999999948
 30
0.0
 11
0.0
 21
129.99999999948
 31
0.0
  0
LINE
  5
482
330
223
100
AcDbEntity
  8
03___PRT_ALL_CURVES
  6
Continuous
 62
     4
100
AcDbLine
 10
21.51927080694003
 20
120.99454301424
 30
0.0
 11
22.21504059396
 21
120.93826743972
 31
0.0
  0
ARC
  5
483
330
223
100
AcDbEntity
  8
0
  6
Continuous
 62
     7
100
AcDbCircle
 10
15.67520666070001
 20
3.249754833980006
 30
0.0
 40
3.31361739358
100
AcDbArc
 50
27.89422437969997
 51
29.21189044169995
  0
ARC
  5
484
330
223
100
AcDbEntity
  8
0
  6
Continuous
 62
     7
100
AcDbCircle
 10
15.69205999758
 20
3.259351484839982
 30
0.0
 40
3.294223896679999
100
AcDbArc
 50
29.20926344659995
 51
31.23779090740004
  0
ARC
  5
485
330
223
100
AcDbEntity
  8
0
  6
Continuous
 62
     7
100
AcDbCircle
 10
15.99982190682002
 20
3.309978526080016
 30
0.0
 40
2.99986735814
100
AcDbArc
 50
150.2182422413
 51
235.3408320038
  0
ARC
  5
486
330
223
100
AcDbEntity
  8
0
  6
Continuous
 62
     7
100
AcDbCircle
 10
15.99795281734001
 20
3.30601891245999
 30
0.0
 40
2.99554792812
100
AcDbArc
 50
235.3271679381
 51
236.7808385023
  0
ARC
  5
487
330
223
100
AcDbEntity
  8
0
  6
Continuous
 62
     7
100
AcDbCircle
 10
15.69273990224002
 20
126.74060436436
 30
0.0
 40
3.29360905158
100
AcDbArc
 50
327.7860984285
 51
330.7822625579001
  0
ARC
  5
488
330
223
100
AcDbEntity
  8
0
  6
Continuous
 62
     7
100
AcDbCircle
 10
15.69524933334003
 20
126.73933188278
 30
0.0
 40
3.29079775672
100
AcDbArc
 50
330.7802717388
 51
332.110450783
  0
ARC
  5
489
330
223
100
AcDbEntity
  8
0
  6
Continuous
 62
     7
100
AcDbCircle
 10
15.99982723066
 20
126.69002395244
 30
0.0
 40
2.99987217144
100
AcDbArc
 50
124.6587456769
 51
209.7817483815
  0
ARC
  5
48A
330
223
100
AcDbEntity
  8
0
  6
Continuous
 62
     7
100
AcDbCircle
 10
15.99639917299999
 20
126.69601442052
 30
0.0
 40
2.9929957285
100
AcDbArc
 50
123.2156046544
 51
124.6699816669
  0
ARC
  5
48B
330
223
100
AcDbEntity
  8
02___PRT_ALL_AXES
  6
Continuous
 62
     7
100
AcDbCircle
 10
14.79999999862
 20
89.79999999831998
 30
0.0
 40
0.9999999989799999
100
AcDbArc
 50
90.0
 51
180.0
  0
ARC
  5
48C
330
223
100
AcDbEntity
  8
02___PRT_ALL_AXES
  6
Continuous
 62
     7
100
AcDbCircle
 10
14.79999999862
 20
86.56999999910002
 30
0.0
 40
0.9999999989799999
100
AcDbArc
 50
180.0
 51
270.0
  0
ARC
  5
48D
330
223
100
AcDbEntity
  8
0
  6
Continuous
 62
     7
100
AcDbCircle
 10
1.549999998800018
 20
92.79999999779997
 30
0.0
 40
0.9999999989799999
100
AcDbArc
 50
245.5491792546
 51
270.0
  0
ARC
  5
48E
330
223
100
AcDbEntity
  8
0
  6
Continuous
 62
     7
100
AcDbCircle
 10
1.549999998800018
 20
115.99999999852
 30
0.0
 40
0.9999999989799999
100
AcDbArc
 50
90.0
 51
114.4508207454
  0
ARC
  5
48F
330
223
100
AcDbEntity
  8
02___PRT_ALL_AXES
  6
Continuous
 62
     7
100
AcDbCircle
 10
16.68499999798001
 20
23.22999999913998
 30
0.0
 40
3.69999999902
100
AcDbArc
 50
180.0
 51
242.9089782415
  0
ARC
  5
490
330
223
100
AcDbEntity
  8
0
  6
Continuous
 62
     7
100
AcDbCircle
 10
16.30744066928003
 20
3.259225846279975
 30
0.0
 40
3.29384894442
100
AcDbArc
 50
147.7497107693
 51
150.7810699612999
  0
ARC
  5
491
330
223
100
AcDbEntity
  8
0
  6
Continuous
 62
     7
100
AcDbCircle
 10
16.30231381644001
 20
3.261965556319979
 30
0.0
 40
3.28803704342
100
AcDbArc
 50
150.7791260989
 51
152.1105703649
  0
ARC
  5
492
330
223
100
AcDbEntity
  8
0
  6
Continuous
 62
     7
100
AcDbCircle
 10
16.68499999798001
 20
23.22999998898001
 30
0.0
 40
3.10000000014
100
AcDbArc
 50
180.0000000001999
 51
279.9999999997
  0
ARC
  5
493
330
223
100
AcDbEntity
  8
0
  6
Continuous
 62
     7
100
AcDbCircle
 10
16.00017662798001
 20
3.309978681019999
 30
0.0
 40
2.99986858242
100
AcDbArc
 50
304.6583753658
 51
29.78174129149996
  0
ARC
  5
494
330
223
100
AcDbEntity
  8
0
  6
Continuous
 62
     7
100
AcDbCircle
 10
16.00220795742001
 20
3.305803230899983
 30
0.0
 40
2.99527941202
100
AcDbArc
 50
303.2188488477
 51
304.6718346765999
  0
ARC
  5
495
330
223
100
AcDbEntity
  8
0
  6
Continuous
 62
     7
100
AcDbCircle
 10
15.99999999892
 20
3.399999999580018
 30
0.0
 40
2.84999999976
100
AcDbArc
 50
113.7203254665
 51
66.27967453810001
  0
ARC
  5
496
330
223
100
AcDbEntity
  8
0
  6
Continuous
 62
     7
100
AcDbCircle
 10
15.99999999892
 20
3.399999999580018
 30
0.0
 40
2.7499999991
100
AcDbArc
 50
108.8395913588
 51
71.16040866799997
  0
ARC
  5
497
330
223
100
AcDbEntity
  8
0
  6
Continuous
 62
     7
100
AcDbCircle
 10
16.68499999798001
 20
23.22999998898001
 30
0.0
 40
2.59999999938
100
AcDbArc
 50
180.0000000001999
 51
279.9999999997
  0
ARC
  5
498
330
223
100
AcDbEntity
  8
0
  6
Continuous
 62
     7
100
AcDbCircle
 10
15.99999999892
 20
3.399999999580018
 30
0.0
 40
1.75000000012
100
AcDbArc
 50
103.2129803602
 51
166.7870196398
  0
ARC
  5
499
330
223
100
AcDbEntity
  8
0
  6
Continuous
 62
     7
100
AcDbCircle
 10
15.99999999892
 20
3.399999999580018
 30
0.0
 40
1.75000000012
100
AcDbArc
 50
283.2129803601999
 51
346.7870196398
  0
ARC
  5
49A
330
223
100
AcDbEntity
  8
0
  6
Continuous
 62
     7
100
AcDbCircle
 10
15.99999999892
 20
3.399999999580018
 30
0.0
 40
1.75000000012
100
AcDbArc
 50
13.21298036020003
 51
76.78701963979998
  0
ARC
  5
49B
330
223
100
AcDbEntity
  8
0
  6
Continuous
 62
     7
100
AcDbCircle
 10
15.99999999892
 20
3.399999999580018
 30
0.0
 40
1.75000000012
100
AcDbArc
 50
193.2129803602
 51
256.7870196398
  0
CIRCLE
  5
49C
330
223
100
AcDbEntity
  8
0
  6
Continuous
 62
     7
100
AcDbCircle
 10
16.77999999848001
 20
23.50999999031998
 30
0.0
 40
0.50000000076
  0
ARC
  5
49D
330
223
100
AcDbEntity
  8
02___PRT_ALL_AXES
  6
Continuous
 62
     7
100
AcDbCircle
 10
16.68499999798001
 20
60.2299999995
 30
0.0
 40
3.69999999902
100
AcDbArc
 50
180.0
 51
242.9089782415
  0
ARC
  5
49E
330
223
100
AcDbEntity
  8
02___PRT_ALL_AXES
  6
Continuous
 62
     7
100
AcDbCircle
 10
16.68499999798001
 20
34.86999999823999
 30
0.0
 40
3.69999999902
100
AcDbArc
 50
117.0910217585
 51
180.0
  0
ARC
  5
49F
330
223
100
AcDbEntity
  8
0
  6
Continuous
 62
     7
100
AcDbCircle
 10
16.68499999798001
 20
60.22999998934
 30
0.0
 40
3.10000000014
100
AcDbArc
 50
180.0000000001999
 51
279.9999999997
  0
ARC
  5
4A0
330
223
100
AcDbEntity
  8
0
  6
Continuous
 62
     7
100
AcDbCircle
 10
16.68499999798001
 20
34.86999999061999
 30
0.0
 40
3.10000000014
100
AcDbArc
 50
80.00000000030003
 51
179.9999999998
  0
ARC
  5
4A1
330
223
100
AcDbEntity
  8
0
  6
Continuous
 62
     7
100
AcDbCircle
 10
16.68499999798001
 20
60.22999998934
 30
0.0
 40
2.59999999938
100
AcDbArc
 50
180.0000000001999
 51
279.9999999997
  0
ARC
  5
4A2
330
223
100
AcDbEntity
  8
0
  6
Continuous
 62
     7
100
AcDbCircle
 10
16.68499999798001
 20
34.86999999061999
 30
0.0
 40
2.59999999938
100
AcDbArc
 50
80.00000000030003
 51
179.9999999998
  0
CIRCLE
  5
4A3
330
223
100
AcDbEntity
  8
0
  6
Continuous
 62
     7
100
AcDbCircle
 10
16.77999999848001
 20
60.50999999068
 30
0.0
 40
0.50000000076
  0
CIRCLE
  5
4A4
330
223
100
AcDbEntity
  8
0
  6
Continuous
 62
     7
100
AcDbCircle
 10
16.77999999848001
 20
34.58999998927999
 30
0.0
 40
0.50000000076
  0
ARC
  5
4A5
330
223
100
AcDbEntity
  8
02___PRT_ALL_AXES
  6
Continuous
 62
     7
100
AcDbCircle
 10
19.71499999841998
 20
23.76399999793998
 30
0.0
 40
3.69999999902
100
AcDbArc
 50
297.0910217584999
 51
0.0
  0
ARC
  5
4A6
330
223
100
AcDbEntity
  8
02___PRT_ALL_AXES
  6
Continuous
 62
     7
100
AcDbCircle
 10
18.19999999820004
 20
16.54999999873999
 30
0.0
 40
3.2000000008
100
AcDbArc
 50
180.0
 51
0.0
  0
ARC
  5
4A7
330
223
100
AcDbEntity
  8
0
  6
Continuous
 62
     7
100
AcDbCircle
 10
19.71499999841998
 20
23.76427074162001
 30
0.0
 40
3.10000000014
100
AcDbArc
 50
279.9999999999
 51
359.9999999998
  0
ARC
  5
4A8
330
223
100
AcDbEntity
  8
0
  6
Continuous
 62
     7
100
AcDbCircle
 10
19.71499999841998
 20
23.76427074162001
 30
0.0
 40
2.59999999938
100
AcDbArc
 50
279.9999999999
 51
359.9999999974
  0
CIRCLE
  5
4A9
330
223
100
AcDbEntity
  8
0
  6
Continuous
 62
     7
100
AcDbCircle
 10
18.19999999820004
 20
16.54999998858
 30
0.0
 40
1.30000000096
  0
CIRCLE
  5
4AA
330
223
100
AcDbEntity
  8
0
  6
Continuous
 62
     7
100
AcDbCircle
 10
19.61999999792002
 20
24.89499998891998
 30
0.0
 40
0.50000000076
  0
ARC
  5
4AB
330
223
100
AcDbEntity
  8
02___PRT_ALL_AXES
  6
Continuous
 62
     7
100
AcDbCircle
 10
19.71499999841998
 20
60.76399999829999
 30
0.0
 40
3.69999999902
100
AcDbArc
 50
297.0910217584999
 51
0.0
  0
ARC
  5
4AC
330
223
100
AcDbEntity
  8
02___PRT_ALL_AXES
  6
Continuous
 62
     7
100
AcDbCircle
 10
19.71499999841998
 20
34.33599999943999
 30
0.0
 40
3.69999999902
100
AcDbArc
 50
0.0
 51
62.90897824149996
  0
ARC
  5
4AD
330
223
100
AcDbEntity
  8
02___PRT_ALL_AXES
  6
Continuous
 62
     7
100
AcDbCircle
 10
18.19999999820004
 20
53.54999999909998
 30
0.0
 40
3.2000000008
100
AcDbArc
 50
180.0
 51
0.0
  0
ARC
  5
4AE
330
223
100
AcDbEntity
  8
02___PRT_ALL_AXES
  6
Continuous
 62
     7
100
AcDbCircle
 10
18.19999999820004
 20
41.54999999864003
 30
0.0
 40
3.2000000008
100
AcDbArc
 50
0.0
 51
180.0
  0
ARC
  5
4AF
330
223
100
AcDbEntity
  8
0
  6
Continuous
 62
     7
100
AcDbCircle
 10
19.71499999841998
 20
60.76427074198
 30
0.0
 40
3.10000000014
100
AcDbArc
 50
279.9999999999
 51
359.9999999998
  0
ARC
  5
4B0
330
223
100
AcDbEntity
  8
0
  6
Continuous
 62
     7
100
AcDbCircle
 10
19.71499999841998
 20
34.33572923797999
 30
0.0
 40
3.10000000014
100
AcDbArc
 50
0.0000000002000442
 51
80.0000000001
  0
ARC
  5
4B1
330
223
100
AcDbEntity
  8
0
  6
Continuous
 62
     7
100
AcDbCircle
 10
19.71499999841998
 20
60.76427074198
 30
0.0
 40
2.59999999938
100
AcDbArc
 50
279.9999999999
 51
359.9999999974
  0
ARC
  5
4B2
330
223
100
AcDbEntity
  8
0
  6
Continuous
 62
     7
100
AcDbCircle
 10
19.71499999841998
 20
34.33572923797999
 30
0.0
 40
2.59999999938
100
AcDbArc
 50
0.0000000002999899
 51
80.0000000001
  0
CIRCLE
  5
4B3
330
223
100
AcDbEntity
  8
0
  6
Continuous
 62
     7
100
AcDbCircle
 10
18.19999999820004
 20
53.54999998893999
 30
0.0
 40
1.30000000096
  0
CIRCLE
  5
4B4
330
223
100
AcDbEntity
  8
0
  6
Continuous
 62
     7
100
AcDbCircle
 10
18.19999999820004
 20
41.54999998848001
 30
0.0
 40
1.30000000096
  0
CIRCLE
  5
4B5
330
223
100
AcDbEntity
  8
0
  6
Continuous
 62
     7
100
AcDbCircle
 10
19.61999999792002
 20
61.89499998928
 30
0.0
 40
0.50000000076
  0
CIRCLE
  5
4B6
330
223
100
AcDbEntity
  8
0
  6
Continuous
 62
     7
100
AcDbCircle
 10
19.61999999792002
 20
33.20499999067999
 30
0.0
 40
0.50000000076
  0
ARC
  5
4B7
330
223
100
AcDbEntity
  8
02___PRT_ALL_AXES
  6
Continuous
 62
     7
100
AcDbCircle
 10
19.71499999841998
 20
71.33599999979995
 30
0.0
 40
3.69999999902
100
AcDbArc
 50
0.0
 51
62.90897824149996
  0
ARC
  5
4B8
330
223
100
AcDbEntity
  8
02___PRT_ALL_AXES
  6
Continuous
 62
     7
100
AcDbCircle
 10
16.68499999798001
 20
71.86999999860001
 30
0.0
 40
3.69999999902
100
AcDbArc
 50
117.0910217585
 51
180.0
  0
ARC
  5
4B9
330
223
100
AcDbEntity
  8
02___PRT_ALL_AXES
  6
Continuous
 62
     7
100
AcDbCircle
 10
18.19999999820004
 20
78.549999999
 30
0.0
 40
3.2000000008
100
AcDbArc
 50
0.0
 51
180.0
  0
ARC
  5
4BA
330
223
100
AcDbEntity
  8
0
  6
Continuous
 62
     7
100
AcDbCircle
 10
19.71499999841998
 20
71.33572923833998
 30
0.0
 40
3.10000000014
100
AcDbArc
 50
0.0000000002000442
 51
80.0000000001
  0
ARC
  5
4BB
330
223
100
AcDbEntity
  8
0
  6
Continuous
 62
     7
100
AcDbCircle
 10
16.68499999798001
 20
71.86999998843999
 30
0.0
 40
3.10000000014
100
AcDbArc
 50
80.00000000030003
 51
179.9999999998
  0
ARC
  5
4BC
330
223
100
AcDbEntity
  8
0
  6
Continuous
 62
     7
100
AcDbCircle
 10
16.68499999798001
 20
71.86999998843999
 30
0.0
 40
2.59999999938
100
AcDbArc
 50
80.00000000030003
 51
179.9999999998
  0
ARC
  5
4BD
330
223
100
AcDbEntity
  8
0
  6
Continuous
 62
     7
100
AcDbCircle
 10
19.71499999841998
 20
71.33572923833998
 30
0.0
 40
2.59999999938
100
AcDbArc
 50
0.0000000002999899
 51
80.0000000001
  0
CIRCLE
  5
4BE
330
223
100
AcDbEntity
  8
0
  6
Continuous
 62
     7
100
AcDbCircle
 10
18.19999999820004
 20
78.54999998884
 30
0.0
 40
1.30000000096
  0
ARC
  5
4BF
330
223
100
AcDbEntity
  8
02___PRT_ALL_AXES
  6
Continuous
 62
     7
100
AcDbCircle
 10
18.69999999896001
 20
86.56999999910002
 30
0.0
 40
0.9999999989799999
100
AcDbArc
 50
270.0
 51
0.0
  0
ARC
  5
4C0
330
223
100
AcDbEntity
  8
02___PRT_ALL_AXES
  6
Continuous
 62
     7
100
AcDbCircle
 10
18.69999999896001
 20
89.79999999831998
 30
0.0
 40
0.9999999989799999
100
AcDbArc
 50
0.0
 51
90.0
  0
CIRCLE
  5
4C1
330
223
100
AcDbEntity
  8
0
  6
Continuous
 62
     7
100
AcDbCircle
 10
19.61999999792002
 20
70.20499998849999
 30
0.0
 40
0.50000000076
  0
CIRCLE
  5
4C2
330
223
100
AcDbEntity
  8
0
  6
Continuous
 62
     7
100
AcDbCircle
 10
16.77999999848001
 20
71.58999998964
 30
0.0
 40
0.50000000076
  0
ARC
  5
4C3
330
223
100
AcDbEntity
  8
0
  6
Continuous
 62
     7
100
AcDbCircle
 10
16.32432656388002
 20
126.74989949944
 30
0.0
 40
3.31304314022
100
AcDbArc
 50
207.8927176081
 51
209.2051451366999
  0
ARC
  5
4C4
330
223
100
AcDbEntity
  8
0
  6
Continuous
 62
     7
100
AcDbCircle
 10
16.29149217692
 20
126.73103874214
 30
0.0
 40
3.27517986568
100
AcDbArc
 50
209.1974128292999
 51
213.4791897432
  0
ARC
  5
4C5
330
223
100
AcDbEntity
  8
0
  6
Continuous
 62
     7
100
AcDbCircle
 10
16.00017403972001
 20
126.69002411246
 30
0.0
 40
2.99987109194
100
AcDbArc
 50
330.2182368909
 51
55.34067832039996
  0
ARC
  5
4C6
330
223
100
AcDbEntity
  8
0
  6
Continuous
 62
     7
100
AcDbCircle
 10
16.00344907000002
 20
126.69580767214
 30
0.0
 40
2.99325182908
100
AcDbArc
 50
55.32928490669998
 51
56.78413299949997
  0
ARC
  5
4C7
330
223
100
AcDbEntity
  8
0
  6
Continuous
 62
     7
100
AcDbCircle
 10
16.07765316086
 20
126.52895321286
 30
0.0
 40
2.97893867
100
AcDbArc
 50
233.297360127
 51
238.0970383095999
  0
ARC
  5
4C8
330
223
100
AcDbEntity
  8
0
  6
Continuous
 62
     7
100
AcDbCircle
 10
15.99999999892
 20
126.5999999999
 30
0.0
 40
2.84999999976
100
AcDbArc
 50
293.7203254653999
 51
246.2796745504
  0
ARC
  5
4C9
330
223
100
AcDbEntity
  8
0
  6
Continuous
 62
     7
100
AcDbCircle
 10
15.99999999892
 20
126.5999999999
 30
0.0
 40
2.7499999991
100
AcDbArc
 50
288.8395913588
 51
251.1604086679
  0
ARC
  5
4CA
330
223
100
AcDbEntity
  8
0
  6
Continuous
 62
     7
100
AcDbCircle
 10
15.99999999892
 20
126.5999999999
 30
0.0
 40
1.75000000012
100
AcDbArc
 50
103.2129803602
 51
166.7870196398
  0
ARC
  5
4CB
330
223
100
AcDbEntity
  8
0
  6
Continuous
 62
     7
100
AcDbCircle
 10
15.99999999892
 20
126.5999999999
 30
0.0
 40
1.75000000012
100
AcDbArc
 50
283.2129803601999
 51
346.7870196398
  0
ARC
  5
4CC
330
223
100
AcDbEntity
  8
0
  6
Continuous
 62
     7
100
AcDbCircle
 10
15.99999999892
 20
126.5999999999
 30
0.0
 40
1.75000000012
100
AcDbArc
 50
13.21298036020003
 51
76.78701963979998
  0
ARC
  5
4CD
330
223
100
AcDbEntity
  8
0
  6
Continuous
 62
     7
100
AcDbCircle
 10
15.99999999892
 20
126.5999999999
 30
0.0
 40
1.75000000012
100
AcDbArc
 50
193.2129803602
 51
256.7870196398
  0
ARC
  5
4CE
330
223
100
AcDbEntity
  8
0
  6
Continuous
 62
     7
100
AcDbCircle
 10
30.44999999903999
 20
92.79999999779997
 30
0.0
 40
0.9999999989799999
100
AcDbArc
 50
270.0
 51
294.4508207453
  0
ARC
  5
4CF
330
223
100
AcDbEntity
  8
0
  6
Continuous
 62
     7
100
AcDbCircle
 10
30.44999999903999
 20
115.99999999852
 30
0.0
 40
0.9999999989799999
100
AcDbArc
 50
65.54917925460002
 51
90.0
  0
SPLINE
  5
4D0
330
223
100
AcDbEntity
  8
0
  6
Continuous
 62
     7
100
AcDbSpline
210
0.0
220
0.0
230
1.0
 70
     8
 71
     3
 72
    14
 73
    10
 74
     0
 42
0.0000001
 43
0.0000000001
 40
0.0
 40
0.0
 40
0.0
 40
0.0
 40
0.1548844492
 40
0.3055351472
 40
0.4563625223
 40
0.6128679040999999
 40
0.7760302991
 40
0.9495146609
 40
1.0
 40
1.0
 40
1.0
 40
1.0
 10
18.25622390150002
 20
90.73910756637997
 30
0.0
 10
18.24933648322002
 20
90.73935435278
 30
0.0
 10
18.23574991654002
 20
90.73984117425996
 30
0.0
 10
18.21602410635998
 20
90.74489093302
 30
0.0
 10
18.19697681399998
 20
90.75218985923999
 30
0.0
 10
18.17922271184
 20
90.76335306272
 30
0.0
 10
18.16200298250001
 20
90.77694043458001
 30
0.0
 10
18.15027651624001
 20
90.78956773723996
 30
0.0
 10
18.14395579482002
 20
90.79724878613999
 30
0.0
 10
18.14255502545998
 20
90.79899879534
 30
0.0
  0
SPLINE
  5
4D1
330
223
100
AcDbEntity
  8
0
  6
Continuous
 62
     7
100
AcDbSpline
210
0.0
220
0.0
230
1.0
 70
     8
 71
     3
 72
    11
 73
     7
 74
     0
 42
0.0000001
 43
0.0000000001
 40
0.0
 40
0.0
 40
0.0
 40
0.0
 40
0.2812999901
 40
0.541267622
 40
0.7797725788
 40
1.0
 40
1.0
 40
1.0
 40
1.0
 10
18.32851790474004
 20
90.75818809718001
 30
0.0
 10
18.32206762808002
 20
90.75529922817998
 30
0.0
 10
18.3096562305
 20
90.7497405728
 30
0.0
 10
18.29095599104002
 20
90.74385739685997
 30
0.0
 10
18.27327280314
 20
90.73996291137999
 30
0.0
 10
18.26175388282002
 20
90.73938500803999
 30
0.0
 10
18.25622390150002
 20
90.73910756637997
 30
0.0
  0
SPLINE
  5
4D2
330
223
100
AcDbEntity
  8
0
  6
Continuous
 62
     7
100
AcDbSpline
210
0.0
220
0.0
230
1.0
 70
     8
 71
     3
 72
    23
 73
    19
 74
     0
 42
0.0000001
 43
0.0000000001
 40
0.0
 40
0.0
 40
0.0
 40
0.0
 40
0.0461551702
 40
0.0911610686
 40
0.1359462198
 40
0.1821320544
 40
0.2302201546
 40
0.2807395239
 40
0.3349233514
 40
0.3934169826
 40
0.4558106094
 40
0.5210296289
 40
0.5901173796
 40
0.6627807952
 40
0.7399819969
 40
0.8220889056999999
 40
0.9084236577
 40
1.0
 40
1.0
 40
1.0
 40
1.0
 10
17.28544899520003
 20
90.45417166939998
 30
0.0
 10
17.29020136822001
 20
90.45438151657999
 30
0.0
 10
17.29958778074001
 20
90.45479598361999
 30
0.0
 10
17.31327876428003
 20
90.45791844371999
 30
0.0
 10
17.32649524280001
 20
90.46270689997999
 30
0.0
 10
17.33871846701999
 20
90.47024245259999
 30
0.0
 10
17.35080072632002
 20
90.47901499538
 30
0.0
 10
17.36175830409999
 20
90.49036136842
 30
0.0
 10
17.37246853668003
 20
90.50330681116
 30
0.0
 10
17.38235687098
 20
90.51840420031999
 30
0.0
 10
17.39138952246
 20
90.53530515712
 30
0.0
 10
17.39948898556
 20
90.55387322768001
 30
0.0
 10
17.40640667302
 20
90.57402764761997
 30
0.0
 10
17.41237999609999
 20
90.5957619628
 30
0.0
 10
17.41713028885999
 20
90.61915776563998
 30
0.0
 10
17.42125974720003
 20
90.64409810945997
 30
0.0
 10
17.42389023724002
 20
90.67073231324
 30
0.0
 10
17.42500901072003
 20
90.68899966812
 30
0.0
 10
17.42558487952002
 20
90.69840243823998
 30
0.0
  0
SPLINE
  5
4D3
330
223
100
AcDbEntity
  8
0
  6
Continuous
 62
     7
100
AcDbSpline
210
0.0
220
0.0
230
1.0
 70
     8
 71
     3
 72
    19
 73
    15
 74
     0
 42
0.0000001
 43
0.0000000001
 40
0.0
 40
0.0
 40
0.0
 40
0.0
 40
0.1539659901
 40
0.2985512355
 40
0.4368623966
 40
0.5719600728
 40
0.6363449267
 40
0.6964879959
 40
0.7519281078
 40
0.8039084968000001
 40
0.8538719309999999
 40
0.9025475083
 40
0.9506553319
 40
1.0
 40
1.0
 40
1.0
 40
1.0
 10
17.15421735774004
 20
90.66872161622001
 30
0.0
 10
17.15461025764
 20
90.65455288662002
 30
0.0
 10
17.15537212048002
 20
90.62707869468
 30
0.0
 10
17.16283264404001
 20
90.58745417143996
 30
0.0
 10
17.1745970325
 20
90.55075301039997
 30
0.0
 10
17.18865427896
 20
90.52290650018
 30
0.0
 10
17.20167598265999
 20
90.50287798803998
 30
0.0
 10
17.21201045780003
 20
90.48991500152002
 30
0.0
 10
17.22290936665999
 20
90.47898279071998
 30
0.0
 10
17.23422905446
 20
90.46992090129999
 30
0.0
 10
17.24616161886001
 20
90.46276776091997
 30
0.0
 10
17.25880946250001
 20
90.45794001848
 30
0.0
 10
17.27194038620001
 20
90.45479469329996
 30
0.0
 10
17.28090818640001
 20
90.45438109494
 30
0.0
 10
17.28544899520003
 20
90.45417166939998
 30
0.0
  0
SPLINE
  5
4D4
330
223
100
AcDbEntity
  8
0
  6
Continuous
 62
     7
100
AcDbSpline
210
0.0
220
0.0
230
1.0
 70
     8
 71
     3
 72
    11
 73
     7
 74
     0
 42
0.0000001
 43
0.0000000001
 40
0.0
 40
0.0
 40
0.0
 40
0.0
 40
0.2460886236
 40
0.4943406187
 40
0.7441381237000001
 40
1.0
 40
1.0
 40
1.0
 40
1.0
 10
17.17600665122004
 20
90.80066376533998
 30
0.0
 10
17.17242261216001
 20
90.79024105822
 30
0.0
 10
17.16597612518001
 20
90.76903253065998
 30
0.0
 10
17.15936615618003
 20
90.73634804687998
 30
0.0
 10
17.15479952828002
 20
90.70284169275999
 30
0.0
 10
17.15441296059998
 20
90.68018554807998
 30
0.0
 10
17.15421735774004
 20
90.66872161622001
 30
0.0
  0
SPLINE
  5
4D5
330
223
100
AcDbEntity
  8
0
  6
Continuous
 62
     7
100
AcDbSpline
210
0.0
220
0.0
230
1.0
 70
     8
 71
     3
 72
    11
 73
     7
 74
     0
 42
0.0000001
 43
0.0000000001
 40
0.0
 40
0.0
 40
0.0
 40
0.0
 40
0.3143302522
 40
0.6198912508
 40
0.9196639570999999
 40
1.0
 40
1.0
 40
1.0
 40
1.0
 10
17.09994385186002
 20
90.66108940644
 30
0.0
 10
17.10017842848001
 20
90.67580424366
 30
0.0
 10
17.1006410336
 20
90.7048234033
 30
0.0
 10
17.10582973544001
 20
90.74760303072
 30
0.0
 10
17.11166151702
 20
90.77917587079997
 30
0.0
 10
17.11589185907999
 20
90.79645473896
 30
0.0
 10
17.11682807768003
 20
90.80009610327997
 30
0.0
  0
SPLINE
  5
4D6
330
223
100
AcDbEntity
  8
0
  6
Continuous
 62
     7
100
AcDbSpline
210
0.0
220
0.0
230
1.0
 70
     8
 71
     3
 72
    23
 73
    19
 74
     0
 42
0.0000001
 43
0.0000000001
 40
0.0
 40
0.0
 40
0.0
 40
0.0
 40
0.0498858615
 40
0.0987964763
 40
0.1472467998
 40
0.1968962874
 40
0.2488045266
 40
0.3038475366
 40
0.3629136045
 40
0.4269926075
 40
0.493737125
 40
0.5611559625
 40
0.6302753825999999
 40
0.7003665922
 40
0.7720872439
 40
0.8457403640000001
 40
0.9216445812999999
 40
1.0
 40
1.0
 40
1.0
 40
1.0
 10
17.28269291740003
 20
90.34562466271998
 30
0.0
 10
17.27602216366
 20
90.34589721487998
 30
0.0
 10
17.26281106740001
 20
90.34643699535997
 30
0.0
 10
17.24361051144001
 20
90.35113690468
 30
0.0
 10
17.22523859999998
 20
90.35827773367998
 30
0.0
 10
17.20821525330001
 20
90.36900916256002
 30
0.0
 10
17.19193594118002
 20
90.38221059158002
 30
0.0
 10
17.17684316466
 20
90.39854748296
 30
0.0
 10
17.16285255256
 20
90.41784390868
 30
0.0
 10
17.14995038888003
 20
90.43970519337995
 30
0.0
 10
17.13818448658
 20
90.46344357363998
 30
0.0
 10
17.12798309474002
 20
90.48862486693997
 30
0.0
 10
17.11937782874003
 20
90.51485640452
 30
0.0
 10
17.11208142982002
 20
90.54207852686
 30
0.0
 10
17.10658367348
 20
90.57034518101997
 30
0.0
 10
17.10285787448001
 20
90.59966975533996
 30
0.0
 10
17.10045399815999
 20
90.63002605225998
 30
0.0
 10
17.10011569302
 20
90.65062584341999
 30
0.0
 10
17.09994385186002
 20
90.66108940644
 30
0.0
  0
SPLINE
  5
4D7
330
223
100
AcDbEntity
  8
0
  6
Continuous
 62
     7
100
AcDbSpline
210
0.0
220
0.0
230
1.0
 70
     8
 71
     3
 72
    23
 73
    19
 74
     0
 42
0.0000001
 43
0.0000000001
 40
0.0
 40
0.0
 40
0.0
 40
0.0
 40
0.0854280805
 40
0.167229667
 40
0.2452230791
 40
0.32055712
 40
0.3924419011
 40
0.4622013296
 40
0.5294530038
 40
0.5946540868
 40
0.6566717163
 40
0.713836273
 40
0.7667535395
 40
0.8164894965
 40
0.8636161063
 40
0.908954409
 40
0.9543180673
 40
1.0
 40
1.0
 40
1.0
 40
1.0
 10
17.47985838286002
 20
90.69840243823998
 30
0.0
 10
17.47946637958
 20
90.68581896835997
 30
0.0
 10
17.47869901764
 20
90.66118620837997
 30
0.0
 10
17.47584286637999
 20
90.62514018953999
 30
0.0
 10
17.47090180692001
 20
90.59082485812002
 30
0.0
 10
17.46437645294
 20
90.5582673591
 30
0.0
 10
17.45629657832004
 20
90.52731570649999
 30
0.0
 10
17.44670987918002
 20
90.49802754562
 30
0.0
 10
17.43489446974004
 20
90.47063824302
 30
0.0
 10
17.42190529328002
 20
90.44506999087997
 30
0.0
 10
17.40767022904001
 20
90.4218872026
 30
0.0
 10
17.39242533192001
 20
90.40155940987995
 30
0.0
 10
17.37619474970003
 20
90.38442917235997
 30
0.0
 10
17.35922559644001
 20
90.37020633821999
 30
0.0
 10
17.34122774063999
 20
90.35932465817999
 30
0.0
 10
17.32252731576003
 20
90.35124066368002
 30
0.0
 10
17.30286300660001
 20
90.34643502431999
 30
0.0
 10
17.28943193110001
 20
90.34589541148
 30
0.0
 10
17.28269291740003
 20
90.34562466271998
 30
0.0
  0
SPLINE
  5
4D8
330
223
100
AcDbEntity
  8
0
  6
Continuous
 62
     7
100
AcDbSpline
210
0.0
220
0.0
230
1.0
 70
     8
 71
     3
 72
    11
 73
     7
 74
     0
 42
0.0000001
 43
0.0000000001
 40
0.0
 40
0.0
 40
0.0
 40
0.0
 40
0.3082721919
 40
0.6168435127
 40
0.8573158061
 40
1.0
 40
1.0
 40
1.0
 40
1.0
 10
14.35686275688002
 20
0.8000025249599787
 30
0.0
 10
14.37485257358
 20
0.8175807829199755
 30
0.0
 10
14.40655495112
 20
0.8571619585200096
 30
0.0
 10
14.43888500584001
 20
0.9201504533199909
 30
0.0
 10
14.45611248726001
 20
0.972795133399984
 30
0.0
 10
14.44880758696002
 20
1.009196658259981
 30
0.0
 10
14.43906207432002
 20
1.015564854819985
 30
0.0
  0
SPLINE
  5
4D9
330
223
100
AcDbEntity
  8
0
  6
Continuous
 62
     7
100
AcDbSpline
210
0.0
220
0.0
230
1.0
 70
     8
 71
     3
 72
    11
 73
     7
 74
     0
 42
0.0000001
 43
0.0000000001
 40
0.0
 40
0.0
 40
0.0
 40
0.0
 40
0.3082929899
 40
0.616830519
 40
0.8572850643000001
 40
1.0
 40
1.0
 40
1.0
 40
1.0
 10
17.64313724096002
 20
0.7999999189199798
 30
0.0
 10
17.62515670796
 20
0.8175775063199922
 30
0.0
 10
17.59347195294001
 20
0.8571479377199864
 30
0.0
 10
17.56115797134004
 20
0.9201136563399928
 30
0.0
 10
17.54394708628001
 20
0.9727434393199701
 30
0.0
 10
17.55124016542001
 20
1.009126566959992
 30
0.0
 10
17.56097897246002
 20
1.015502147299998
 30
0.0
  0
SPLINE
  5
4DA
330
223
100
AcDbEntity
  8
0
  6
Continuous
 62
     7
100
AcDbSpline
210
0.0
220
0.0
230
1.0
 70
     8
 71
     3
 72
     9
 73
     5
 74
     0
 42
0.0000001
 43
0.0000000001
 40
0.0
 40
0.0
 40
0.0
 40
0.0
 40
0.3239082258
 40
1.0
 40
1.0
 40
1.0
 40
1.0
 10
13.39617588730002
 20
125.2000017127801
 30
0.0
 10
13.40991907292002
 20
125.2050358734
 30
0.0
 10
13.45129058276004
 20
125.21738453552
 30
0.0
 10
13.51120680278001
 20
125.21102300138
 30
0.0
 10
13.52638178386002
 20
125.18450840366
 30
0.0
  0
SPLINE
  5
4DB
330
223
100
AcDbEntity
  8
0
  6
Continuous
 62
     7
100
AcDbSpline
210
0.0
220
0.0
230
1.0
 70
     8
 71
     3
 72
     9
 73
     5
 74
     0
 42
0.0000001
 43
0.0000000001
 40
0.0
 40
0.0
 40
0.0
 40
0.0
 40
0.3239055114
 40
1.0
 40
1.0
 40
1.0
 40
1.0
 10
18.60382411054002
 20
125.1999965388
 30
0.0
 10
18.59008221778001
 20
125.2050294091
 30
0.0
 10
18.54871437570003
 20
125.2173748378
 30
0.0
 10
18.48880552676002
 20
125.2110123918
 30
0.0
 10
18.47363206713999
 20
125.18450047886
 30
0.0
  0
SPLINE
  5
4DC
330
223
100
AcDbEntity
  8
0
  6
Continuous
 62
     7
100
AcDbSpline
210
0.0
220
0.0
230
1.0
 70
     8
 71
     3
 72
    11
 73
     7
 74
     0
 42
0.0000001
 43
0.0000000001
 40
0.0
 40
0.0
 40
0.0
 40
0.0
 40
0.3082700168
 40
0.6168441113
 40
0.8573183192
 40
1.0
 40
1.0
 40
1.0
 40
1.0
 10
17.64313724096002
 20
129.19999684968
 30
0.0
 10
17.62514661653998
 20
129.18241856378
 30
0.0
 10
17.59344269214
 20
129.14283650426
 30
0.0
 10
17.56111116676001
 20
129.0798460409599
 30
0.0
 10
17.54388213086003
 20
129.02720009342
 30
0.0
 10
17.55118797858
 20
128.99079683628
 30
0.0
 10
17.56093409574001
 20
128.9844292899599
 30
0.0
  0
SPLINE
  5
4DD
330
223
100
AcDbEntity
  8
0
  6
Continuous
 62
     7
100
AcDbSpline
210
0.0
220
0.0
230
1.0
 70
     8
 71
     3
 72
    11
 73
     7
 74
     0
 42
0.0000001
 43
0.0000000001
 40
0.0
 40
0.0
 40
0.0
 40
0.0
 40
0.3082909376
 40
0.6168218179
 40
0.8572752634999999
 40
1.0
 40
1.0
 40
1.0
 40
1.0
 10
14.35686275688002
 20
129.19999690048
 30
0.0
 10
14.37484260916
 20
129.1824201589
 30
0.0
 10
14.40652596718002
 20
129.14285186872
 30
0.0
 10
14.43883885404
 20
129.0798894775
 30
0.0
 10
14.45604734642001
 20
129.02726025332
 30
0.0
 10
14.44875645930003
 20
128.99087927198
 30
0.0
 10
14.43901860984002
 20
128.98450153772
 30
0.0
  0
SPLINE
  5
4DE
330
223
100
AcDbEntity
  8
0
  6
Continuous
 62
     7
100
AcDbSpline
210
0.0
220
0.0
230
1.0
 70
     8
 71
     3
 72
     9
 73
     5
 74
     0
 42
0.0000001
 43
0.0000000001
 40
0.0
 40
0.0
 40
0.0
 40
0.0
 40
0.5123932993
 40
1.0
 40
1.0
 40
1.0
 40
1.0
 10
17.49666295428003
 20
5.999999998959964
 30
0.0
 10
17.70773770357999
 20
5.868640127060019
 30
0.0
 10
18.08852035324003
 20
5.558793670299991
 30
0.0
 10
18.38599473670001
 20
5.169987033640012
 30
0.0
 10
18.50869520757999
 20
4.967706592379983
 30
0.0
  0
SPLINE
  5
4DF
330
223
100
AcDbEntity
  8
0
  6
Continuous
 62
     7
100
AcDbSpline
210
0.0
220
0.0
230
1.0
 70
     8
 71
     3
 72
     9
 73
     5
 74
     0
 42
0.0000001
 43
0.0000000001
 40
0.0
 40
0.0
 40
0.0
 40
0.0
 40
0.5141954646
 40
1.0
 40
1.0
 40
1.0
 40
1.0
 10
15.99999999892
 20
0.2702702697200152
 30
0.0
 10
15.70053613505999
 20
0.270166216080014
 30
0.0
 10
15.11411143034002
 20
0.3663463082000078
 30
0.0
 10
14.58780538363999
 20
0.636554485080012
 30
0.0
 10
14.35686275688002
 20
0.7999999976599952
 30
0.0
  0
SPLINE
  5
4E0
330
223
100
AcDbEntity
  8
0
  6
Continuous
 62
     7
100
AcDbSpline
210
0.0
220
0.0
230
1.0
 70
     8
 71
     3
 72
     9
 73
     5
 74
     0
 42
0.0000001
 43
0.0000000001
 40
0.0
 40
0.0
 40
0.0
 40
0.0
 40
0.4857693413
 40
1.0
 40
1.0
 40
1.0
 40
1.0
 10
17.64313724096002
 20
0.7999999976599952
 30
0.0
 10
17.41220217070003
 20
0.6365770707599836
 30
0.0
 10
16.88593059434001
 20
0.3662713655000118
 30
0.0
 10
16.29948573218002
 20
0.2702227107599811
 30
0.0
 10
15.99999999892
 20
0.2702702697200152
 30
0.0
  0
SPLINE
  5
4E1
330
223
100
AcDbEntity
  8
0
  6
Continuous
 62
     7
100
AcDbSpline
210
0.0
220
0.0
230
1.0
 70
     8
 71
     3
 72
     9
 73
     5
 74
     0
 42
0.0000001
 43
0.0000000001
 40
0.0
 40
0.0
 40
0.0
 40
0.0
 40
0.2563938815
 40
1.0
 40
1.0
 40
1.0
 40
1.0
 10
14.29725445598001
 20
124.1405947714
 30
0.0
 10
14.22329190642
 20
124.1957172392599
 30
0.0
 10
13.94476088868004
 20
124.42385962016
 30
0.0
 10
13.70730148551999
 20
124.70120298724
 30
0.0
 10
13.559709736
 20
124.92433792578
 30
0.0
  0
SPLINE
  5
4E2
330
223
100
AcDbEntity
  8
0
  6
Continuous
 62
     7
100
AcDbSpline
210
0.0
220
0.0
230
1.0
 70
     8
 71
     3
 72
     9
 73
     5
 74
     0
 42
0.0000001
 43
0.0000000001
 40
0.0
 40
0.0
 40
0.0
 40
0.0
 40
0.489118188
 40
1.0
 40
1.0
 40
1.0
 40
1.0
 10
18.47934345780004
 20
124.98484207706
 30
0.0
 10
18.35762646476002
 20
124.79171807164
 30
0.0
 10
18.066564451
 20
124.42186881134
 30
0.0
 10
17.69911263320003
 20
124.12596314458
 30
0.0
 10
17.49666295428003
 20
123.99999999798
 30
0.0
  0
SPLINE
  5
4E3
330
223
100
AcDbEntity
  8
0
  6
Continuous
 62
     7
100
AcDbSpline
210
0.0
220
0.0
230
1.0
 70
     8
 71
     3
 72
     9
 73
     5
 74
     0
 42
0.0000001
 43
0.0000000001
 40
0.0
 40
0.0
 40
0.0
 40
0.0
 40
0.3239082305
 40
1.0
 40
1.0
 40
1.0
 40
1.0
 10
18.60382411054002
 20
4.799998060640007
 30
0.0
 10
18.59008083094002
 20
4.794963793339974
 30
0.0
 10
18.54870901376003
 20
4.782614867060005
 30
0.0
 10
18.48879228828
 20
4.788976177679984
 30
0.0
 10
18.47361703542003
 20
4.815490917639977
 30
0.0
  0
SPLINE
  5
4E4
330
223
100
AcDbEntity
  8
0
  6
Continuous
 62
     7
100
AcDbSpline
210
0.0
220
0.0
230
1.0
 70
     8
 71
     3
 72
     9
 73
     5
 74
     0
 42
0.0000001
 43
0.0000000001
 40
0.0
 40
0.0
 40
0.0
 40
0.0
 40
0.5142138578000001
 40
1.0
 40
1.0
 40
1.0
 40
1.0
 10
15.99999999892
 20
129.72972972976
 30
0.0
 10
16.29947457650002
 20
129.72984141356
 30
0.0
 10
16.88590060964
 20
129.63364794072
 30
0.0
 10
17.41220200306
 20
129.36343741434
 30
0.0
 10
17.64313724096002
 20
129.19999999928
 30
0.0
  0
SPLINE
  5
4E5
330
223
100
AcDbEntity
  8
0
  6
Continuous
 62
     7
100
AcDbSpline
210
0.0
220
0.0
230
1.0
 70
     8
 71
     3
 72
     9
 73
     5
 74
     0
 42
0.0000001
 43
0.0000000001
 40
0.0
 40
0.0
 40
0.0
 40
0.0
 40
0.4857963272
 40
1.0
 40
1.0
 40
1.0
 40
1.0
 10
14.35686275688002
 20
129.19999999928
 30
0.0
 10
14.58781016392001
 20
129.36343172474
 30
0.0
 10
15.11409306868003
 20
129.63370775264
 30
0.0
 10
15.70053058008
 20
129.72978656226
 30
0.0
 10
15.99999999892
 20
129.72972972976
 30
0.0
  0
SPLINE
  5
4E6
330
223
100
AcDbEntity
  8
0
  6
Continuous
 62
     7
100
AcDbSpline
210
0.0
220
0.0
230
1.0
 70
     8
 71
     3
 72
     9
 73
     5
 74
     0
 42
0.0000001
 43
0.0000000001
 40
0.0
 40
0.0
 40
0.0
 40
0.0
 40
0.4891736506
 40
1.0
 40
1.0
 40
1.0
 40
1.0
 10
13.52174985002
 20
5.01688551865999
 30
0.0
 10
13.64342577888002
 20
5.20967451077999
 30
0.0
 10
13.93422893616
 20
5.578849561099986
 30
0.0
 10
14.30120829872001
 20
5.874224637100014
 30
0.0
 10
14.50333704355998
 20
5.999999998959964
 30
0.0
  0
SPLINE
  5
4E7
330
223
100
AcDbEntity
  8
0
  6
Continuous
 62
     7
100
AcDbSpline
210
0.0
220
0.0
230
1.0
 70
     8
 71
     3
 72
     9
 73
     5
 74
     0
 42
0.0000001
 43
0.0000000001
 40
0.0
 40
0.0
 40
0.0
 40
0.0
 40
0.3239032582
 40
1.0
 40
1.0
 40
1.0
 40
1.0
 10
13.39617588984001
 20
4.800006018459982
 30
0.0
 10
13.409917681
 20
4.79497299322
 30
0.0
 10
13.45128562976001
 20
4.78262711493997
 30
0.0
 10
13.51119427042002
 20
4.788987452740002
 30
0.0
 10
13.52636920070003
 20
4.815498794179973
 30
0.0
  0
ENDSEC
  0
SECTION
  2
OBJECTS
  0
DICTIONARY
  5
C
330
0
100
AcDbDictionary
281
     1
  3
ACAD_CIP_PREVIOUS_PRODUCT_INFO
350
544
  3
ACAD_COLOR
350
51E
  3
ACAD_DETAILVIEWSTYLE
350
537
  3
ACAD_GROUP
350
D
  3
ACAD_LAYOUT
350
1A
  3
ACAD_MATERIAL
350
4EC
  3
ACAD_MLEADERSTYLE
350
533
  3
ACAD_MLINESTYLE
350
17
  3
ACAD_PLOTSETTINGS
350
19
  3
ACAD_PLOTSTYLENAME
350
E
  3
ACAD_SCALELIST
350
521
  3
ACAD_SECTIONVIEWSTYLE
350
535
  3
ACAD_TABLESTYLE
350
51F
  3
ACAD_VISUALSTYLE
350
505
  3
ACDB_RECOMPOSE_DATA
350
551
  3
AcDbVariableDictionary
350
539
  0
DICTIONARY
  5
548
330
2
100
AcDbDictionary
280
     1
281
     1
  3
ACAD_LAYERSTATES
360
549
  0
XRECORD
  5
544
102
{ACAD_REACTORS
330
C
102
}
330
C
100
AcDbXrecord
280
     1
300
ACD
300
2018
300
ACD_F_S
  0
DICTIONARY
  5
51E
102
{ACAD_REACTORS
330
C
102
}
330
C
100
AcDbDictionary
281
     1
  0
DICTIONARY
  5
537
102
{ACAD_REACTORS
330
C
102
}
330
C
100
AcDbDictionary
281
     1
  3
Imperial24
350
538
  0
DICTIONARY
  5
D
102
{ACAD_REACTORS
330
C
102
}
330
C
100
AcDbDictionary
281
     1
  0
DICTIONARY
  5
1A
102
{ACAD_REACTORS
330
C
102
}
330
C
100
AcDbDictionary
281
     1
  3
Layout1
350
4E9
  3
Model
350
4E8
  0
DICTIONARY
  5
4EC
102
{ACAD_REACTORS
330
C
102
}
330
C
100
AcDbDictionary
281
     1
  3
ByBlock
350
4F5
  3
ByLayer
350
4ED
  3
Global
350
4FD
  0
DICTIONARY
  5
533
102
{ACAD_REACTORS
330
C
102
}
330
C
100
AcDbDictionary
281
     1
  3
Standard
350
534
  0
DICTIONARY
  5
17
102
{ACAD_REACTORS
330
C
102
}
330
C
100
AcDbDictionary
281
     1
  3
Standard
350
18
  0
DICTIONARY
  5
19
102
{ACAD_REACTORS
330
C
102
}
330
C
100
AcDbDictionary
281
     1
  0
ACDBDICTIONARYWDFLT
  5
E
102
{ACAD_REACTORS
330
C
102
}
330
C
100
AcDbDictionary
281
     1
  3
Normal
350
F
100
AcDbDictionaryWithDefault
340
F
  0
DICTIONARY
  5
521
102
{ACAD_REACTORS
330
C
102
}
330
C
100
AcDbDictionary
281
     1
  3
A0
350
522
  3
A1
350
523
  3
A2
350
524
  3
A3
350
525
  3
A4
350
526
  3
A5
350
527
  3
A6
350
528
  3
A7
350
529
  3
A8
350
52A
  3
A9
350
52B
  3
B0
350
52C
  3
B1
350
52D
  3
B2
350
52E
  3
B3
350
52F
  3
B4
350
530
  3
B5
350
531
  3
B6
350
532
  0
DICTIONARY
  5
535
102
{ACAD_REACTORS
330
C
102
}
330
C
100
AcDbDictionary
281
     1
  3
Imperial24
350
536
  0
DICTIONARY
  5
51F
102
{ACAD_REACTORS
330
C
102
}
330
C
100
AcDbDictionary
281
     1
  3
Standard
350
520
  0
DICTIONARY
  5
505
102
{ACAD_REACTORS
330
C
102
}
330
C
100
AcDbDictionary
281
     1
  3
2dWireframe
350
50B
  3
Basic
350
50A
  3
Brighten
350
511
  3
ColorChange
350
515
  3
Conceptual
350
50E
  3
Dim
350
510
  3
EdgeColorOff
350
51D
  3
Facepattern
350
514
  3
Flat
350
506
  3
FlatWithEdges
350
507
  3
Gouraud
350
508
  3
GouraudWithEdges
350
509
  3
Hidden
350
50D
  3
JitterOff
350
51B
  3
Linepattern
350
513
  3
OverhangOff
350
51C
  3
Realistic
350
50F
  3
Shaded
350
51A
  3
Shaded with edges
350
519
  3
Shades of Gray
350
516
  3
Sketchy
350
517
  3
Thicken
350
512
  3
Wireframe
350
50C
  3
X-Ray
350
518
  0
XRECORD
  5
551
102
{ACAD_REACTORS
330
C
102
}
330
C
100
AcDbXrecord
280
     1
 90
        1
330
520
  0
DICTIONARY
  5
539
102
{ACAD_REACTORS
330
C
102
}
330
C
100
AcDbDictionary
281
     1
  3
CANNOSCALE
350
53E
  3
CMLEADERSTYLE
350
53B
  3
CTABLESTYLE
350
53A
  3
CVIEWDETAILSTYLE
350
53C
  3
CVIEWSECTIONSTYLE
350
53D
  0
DICTIONARY
  5
549
102
{ACAD_REACTORS
330
548
102
}
330
548
100
AcDbDictionary
281
     1
  0
ACDBDETAILVIEWSTYLE
  5
538
102
{ACAD_REACTORS
330
537
102
}
330
537
100
AcDbModelDocViewStyle
 70
     0
  3
Imperial24
290
     0
300
Imperial24
 90
        0
100
AcDbDetailViewStyle
 70
     0
 71
     0
 90
        3
 71
     1
340
11
 62
   256
 40
0.24
340
0
 62
   256
 40
0.24
300

 40
0.36
280
     3
 71
     2
340
16
 90
       25
 62
   256
 71
     3
340
11
 62
   256
 40
0.24
 90
        1
 40
0.75
 90
        1
300
%<\AcVar ViewType \f "%tc1">% %<\AcVar ViewDetailId>%\PSCALE %<\AcVar ViewScale \f "%sn">%
 71
     4
340
16
 90
       25
 62
   256
340
16
 90
       25
 62
   256
280
     0
  0
LAYOUT
  5
4E9
102
{ACAD_REACTORS
330
1A
102
}
330
1A
100
AcDbPlotSettings
  1

  2
none_device
  4
ANSI_C_(22.00_x_17.00_Inches)
  6

 40
0.0
 41
0.0
 42
0.0
 43
0.0
 44
558.8
 45
431.8
 46
0.0
 47
0.0
 48
0.0
 49
0.0
140
0.0
141
0.0
142
1.0
143
1.0
 70
     0
 72
     0
 73
     0
 74
     0
  7

 75
     0
 76
     0
 77
     2
 78
   300
147
1.0
148
0.0
149
0.0
100
AcDbLayout
  1
Layout1
 70
     1
 71
     1
 10
0.0
 20
0.0
 11
12.0
 21
9.0
 12
0.0
 22
0.0
 32
0.0
 14
1.000000000000000E+20
 24
1.000000000000000E+20
 34
1.000000000000000E+20
 15
-1.000000000000000E+20
 25
-1.000000000000000E+20
 35
-1.000000000000000E+20
146
0.0
 13
0.0
 23
0.0
 33
0.0
 16
1.0
 26
0.0
 36
0.0
 17
0.0
 27
1.0
 37
0.0
 76
     0
330
224
  0
LAYOUT
  5
4E8
102
{ACAD_REACTORS
330
1A
102
}
330
1A
100
AcDbPlotSettings
  1

  2
none_device
  4
ANSI_C_(22.00_x_17.00_Inches)
  6

 40
0.0
 41
0.0
 42
0.0
 43
0.0
 44
558.8
 45
431.8
 46
0.0
 47
0.0
 48
0.0
 49
0.0
140
0.0
141
0.0
142
1.0
143
1.0
 70
  1024
 72
     0
 73
     0
 74
     0
  7

 75
     0
 76
     0
 77
     2
 78
   300
147
1.0
148
0.0
149
0.0
100
AcDbLayout
  1
Model
 70
     0
 71
     0
 10
0.0
 20
0.0
 11
22.0
 21
17.0
 12
0.0
 22
0.0
 32
0.0
 14
0.0
 24
0.0
 34
0.0
 15
0.0
 25
0.0
 35
0.0
146
0.0
 13
0.0
 23
0.0
 33
0.0
 16
1.0
 26
0.0
 36
0.0
 17
0.0
 27
1.0
 37
0.0
 76
     0
330
223
331
1F4
  0
MATERIAL
  5
4F5
102
{ACAD_REACTORS
330
4EC
102
}
330
4EC
100
AcDbMaterial
  1
ByBlock
 72
     0
 73
     2
 43
0.0208333333333333
 43
0.0
 43
0.0
 43
0.0
 43
0.0
 43
0.0208333333333333
 43
0.0
 43
0.0
 43
0.0
 43
0.0
 43
1.0
 43
0.0
 43
0.0
 43
0.0
 43
0.0
 43
1.0
 77
     0
 78
     2
 47
0.0208333333333333
 47
0.0
 47
0.0
 47
0.0
 47
0.0
 47
0.0208333333333333
 47
0.0
 47
0.0
 47
0.0
 47
0.0
 47
1.0
 47
0.0
 47
0.0
 47
0.0
 47
0.0
 47
1.0
171
     0
172
     2
 49
0.0208333333333333
 49
0.0
 49
0.0
 49
0.0
 49
0.0
 49
0.0208333333333333
 49
0.0
 49
0.0
 49
0.0
 49
0.0
 49
1.0
 49
0.0
 49
0.0
 49
0.0
 49
0.0
 49
1.0
175
     0
176
     2
142
0.0208333333333333
142
0.0
142
0.0
142
0.0
142
0.0
142
0.0208333333333333
142
0.0
142
0.0
142
0.0
142
0.0
142
1.0
142
0.0
142
0.0
142
0.0
142
0.0
142
1.0
179
     0
270
     2
144
0.0208333333333333
144
0.0
144
0.0
144
0.0
144
0.0
144
0.0208333333333333
144
0.0
144
0.0
144
0.0
144
0.0
144
1.0
144
0.0
144
0.0
144
0.0
144
0.0
144
1.0
274
     2
147
0.0208333333333333
147
0.0
147
0.0
147
0.0
147
0.0
147
0.0208333333333333
147
0.0
147
0.0
147
0.0
147
0.0
147
1.0
147
0.0
147
0.0
147
0.0
147
0.0
147
1.0
 94
      127
  0
MATERIAL
  5
4ED
102
{ACAD_REACTORS
330
4EC
102
}
330
4EC
100
AcDbMaterial
  1
ByLayer
 72
     0
 73
     2
 43
0.0208333333333333
 43
0.0
 43
0.0
 43
0.0
 43
0.0
 43
0.0208333333333333
 43
0.0
 43
0.0
 43
0.0
 43
0.0
 43
1.0
 43
0.0
 43
0.0
 43
0.0
 43
0.0
 43
1.0
 77
     0
 78
     2
 47
0.0208333333333333
 47
0.0
 47
0.0
 47
0.0
 47
0.0
 47
0.0208333333333333
 47
0.0
 47
0.0
 47
0.0
 47
0.0
 47
1.0
 47
0.0
 47
0.0
 47
0.0
 47
0.0
 47
1.0
171
     0
172
     2
 49
0.0208333333333333
 49
0.0
 49
0.0
 49
0.0
 49
0.0
 49
0.0208333333333333
 49
0.0
 49
0.0
 49
0.0
 49
0.0
 49
1.0
 49
0.0
 49
0.0
 49
0.0
 49
0.0
 49
1.0
175
     0
176
     2
142
0.0208333333333333
142
0.0
142
0.0
142
0.0
142
0.0
142
0.0208333333333333
142
0.0
142
0.0
142
0.0
142
0.0
142
1.0
142
0.0
142
0.0
142
0.0
142
0.0
142
1.0
179
     0
270
     2
144
0.0208333333333333
144
0.0
144
0.0
144
0.0
144
0.0
144
0.0208333333333333
144
0.0
144
0.0
144
0.0
144
0.0
144
1.0
144
0.0
144
0.0
144
0.0
144
0.0
144
1.0
274
     2
147
0.0208333333333333
147
0.0
147
0.0
147
0.0
147
0.0
147
0.0208333333333333
147
0.0
147
0.0
147
0.0
147
0.0
147
1.0
147
0.0
147
0.0
147
0.0
147
0.0
147
1.0
 94
      127
  0
MATERIAL
  5
4FD
102
{ACAD_REACTORS
330
4EC
102
}
330
4EC
100
AcDbMaterial
  1
Global
 72
     0
 73
     2
 43
0.0208333333333333
 43
0.0
 43
0.0
 43
0.0
 43
0.0
 43
0.0208333333333333
 43
0.0
 43
0.0
 43
0.0
 43
0.0
 43
1.0
 43
0.0
 43
0.0
 43
0.0
 43
0.0
 43
1.0
 77
     0
 78
     2
 47
0.0208333333333333
 47
0.0
 47
0.0
 47
0.0
 47
0.0
 47
0.0208333333333333
 47
0.0
 47
0.0
 47
0.0
 47
0.0
 47
1.0
 47
0.0
 47
0.0
 47
0.0
 47
0.0
 47
1.0
171
     0
172
     2
 49
0.0208333333333333
 49
0.0
 49
0.0
 49
0.0
 49
0.0
 49
0.0208333333333333
 49
0.0
 49
0.0
 49
0.0
 49
0.0
 49
1.0
 49
0.0
 49
0.0
 49
0.0
 49
0.0
 49
1.0
175
     0
176
     2
142
0.0208333333333333
142
0.0
142
0.0
142
0.0
142
0.0
142
0.0208333333333333
142
0.0
142
0.0
142
0.0
142
0.0
142
1.0
142
0.0
142
0.0
142
0.0
142
0.0
142
1.0
179
     0
270
     2
144
0.0208333333333333
144
0.0
144
0.0
144
0.0
144
0.0
144
0.0208333333333333
144
0.0
144
0.0
144
0.0
144
0.0
144
1.0
144
0.0
144
0.0
144
0.0
144
0.0
144
1.0
274
     2
147
0.0208333333333333
147
0.0
147
0.0
147
0.0
147
0.0
147
0.0208333333333333
147
0.0
147
0.0
147
0.0
147
0.0
147
1.0
147
0.0
147
0.0
147
0.0
147
0.0
147
1.0
 94
      127
  0
MLEADERSTYLE
  5
534
102
{ACAD_REACTORS
330
533
102
}
330
533
100
AcDbMLeaderStyle
179
     2
170
     2
171
     1
172
     0
 90
        2
 40
0.0
 41
0.0
173
     1
 91
-1056964608
340
14
 92
       -2
290
     1
 42
0.09
291
     1
 43
0.36
  3
Standard
341
0
 44
0.18
300

342
11
174
     1
178
     6
175
     1
176
     0
 93
-1056964608
 45
0.18
292
     0
297
     0
 46
0.18
343
0
 94
-1056964608
 47
1.0
 49
1.0
140
1.0
293
     1
141
0.0
294
     1
177
     0
142
1.0
295
     0
296
     0
143
0.125
271
     0
272
     9
273
     9
298
     1
  0
MLINESTYLE
  5
18
102
{ACAD_REACTORS
330
17
102
}
330
17
100
AcDbMlineStyle
  2
STANDARD
 70
     0
  3

 62
   256
 51
90.0
 52
90.0
 71
     2
 49
0.5
 62
   256
  6
BYLAYER
 49
-0.5
 62
   256
  6
BYLAYER
  0
ACDBPLACEHOLDER
  5
F
102
{ACAD_REACTORS
330
E
102
}
330
E
  0
SCALE
  5
522
102
{ACAD_REACTORS
330
521
102
}
330
521
100
AcDbScale
 70
     0
300
1:1
140
1.0
141
1.0
290
     1
  0
SCALE
  5
523
102
{ACAD_REACTORS
330
521
102
}
330
521
100
AcDbScale
 70
     0
300
1/128" = 1'-0"
140
0.0078125
141
12.0
290
     0
  0
SCALE
  5
524
102
{ACAD_REACTORS
330
521
102
}
330
521
100
AcDbScale
 70
     0
300
1/64" = 1'-0"
140
0.015625
141
12.0
290
     0
  0
SCALE
  5
525
102
{ACAD_REACTORS
330
521
102
}
330
521
100
AcDbScale
 70
     0
300
1/32" = 1'-0"
140
0.03125
141
12.0
290
     0
  0
SCALE
  5
526
102
{ACAD_REACTORS
330
521
102
}
330
521
100
AcDbScale
 70
     0
300
1/16" = 1'-0"
140
0.0625
141
12.0
290
     0
  0
SCALE
  5
527
102
{ACAD_REACTORS
330
521
102
}
330
521
100
AcDbScale
 70
     0
300
3/32" = 1'-0"
140
0.09375
141
12.0
290
     0
  0
SCALE
  5
528
102
{ACAD_REACTORS
330
521
102
}
330
521
100
AcDbScale
 70
     0
300
1/8" = 1'-0"
140
0.125
141
12.0
290
     0
  0
SCALE
  5
529
102
{ACAD_REACTORS
330
521
102
}
330
521
100
AcDbScale
 70
     0
300
3/16" = 1'-0"
140
0.1875
141
12.0
290
     0
  0
SCALE
  5
52A
102
{ACAD_REACTORS
330
521
102
}
330
521
100
AcDbScale
 70
     0
300
1/4" = 1'-0"
140
0.25
141
12.0
290
     0
  0
SCALE
  5
52B
102
{ACAD_REACTORS
330
521
102
}
330
521
100
AcDbScale
 70
     0
300
3/8" = 1'-0"
140
0.375
141
12.0
290
     0
  0
SCALE
  5
52C
102
{ACAD_REACTORS
330
521
102
}
330
521
100
AcDbScale
 70
     0
300
1/2" = 1'-0"
140
0.5
141
12.0
290
     0
  0
SCALE
  5
52D
102
{ACAD_REACTORS
330
521
102
}
330
521
100
AcDbScale
 70
     0
300
3/4" = 1'-0"
140
0.75
141
12.0
290
     0
  0
SCALE
  5
52E
102
{ACAD_REACTORS
330
521
102
}
330
521
100
AcDbScale
 70
     0
300
1" = 1'-0"
140
1.0
141
12.0
290
     0
  0
SCALE
  5
52F
102
{ACAD_REACTORS
330
521
102
}
330
521
100
AcDbScale
 70
     0
300
1-1/2" = 1'-0"
140
1.5
141
12.0
290
     0
  0
SCALE
  5
530
102
{ACAD_REACTORS
330
521
102
}
330
521
100
AcDbScale
 70
     0
300
3" = 1'-0"
140
3.0
141
12.0
290
     0
  0
SCALE
  5
531
102
{ACAD_REACTORS
330
521
102
}
330
521
100
AcDbScale
 70
     0
300
6" = 1'-0"
140
6.0
141
12.0
290
     0
  0
SCALE
  5
532
102
{ACAD_REACTORS
330
521
102
}
330
521
100
AcDbScale
 70
     0
300
1'-0" = 1'-0"
140
12.0
141
12.0
290
     0
  0
ACDBSECTIONVIEWSTYLE
  5
536
102
{ACAD_REACTORS
330
535
102
}
330
535
100
AcDbModelDocViewStyle
 70
     0
  3
Imperial24
290
     0
300
Imperial24
 90
        0
100
AcDbSectionViewStyle
 70
     0
 71
     0
 90
       78
 71
     1
340
11
 62
   256
 40
0.24
340
0
340
0
 62
   256
 40
0.24
300
I, O, Q, S, X, Z
 40
0.48
 90
        3
 40
0.18
 90
        1
 71
     2
340
16
 90
       25
 62
   256
340
16
 90
       50
 62
   256
 40
0.24
 40
0.0
 40
0.24
 71
     3
340
11
 62
   256
 40
0.24
 90
        1
 40
0.75
 90
        1
300
%<\AcVar ViewType \f "%tc1">% %<\AcVar ViewSectionStartId>%-%<\AcVar ViewSectionEndId>%\PSCALE %<\AcVar ViewScale \f "%sn">%
 71
     4
 62
   256
 62
   257
300
ANSI31
 40
1.0
 90
        0
290
     0
290
     0
 90
        6
 40
0.0
 40
1.570796326794897
 40
0.2617993877991494
 40
1.308996938995747
 40
-0.2617993877991494
 40
1.832595714594046
  0
TABLESTYLE
  5
520
102
{ACAD_REACTORS
330
51F
102
}
102
{ACAD_XDICTIONARY
360
54F
102
}
330
51F
100
AcDbTableStyle
  3
Standard
 70
     0
 71
     0
 40
0.06
 41
0.06
280
     0
281
     0
  7
STANDARD
140
0.18
170
     2
 62
     0
 63
   257
283
     0
 90
      512
 91
        0
  1

274
    -2
284
     1
 64
     0
275
    -2
285
     1
 65
     0
276
    -2
286
     1
 66
     0
277
    -2
287
     1
 67
     0
278
    -2
288
     1
 68
     0
279
    -2
289
     1
 69
     0
  7
STANDARD
140
0.25
170
     5
 62
     0
 63
   257
283
     0
 90
      512
 91
        0
  1

274
    -2
284
     1
 64
     0
275
    -2
285
     1
 65
     0
276
    -2
286
     1
 66
     0
277
    -2
287
     1
 67
     0
278
    -2
288
     1
 68
     0
279
    -2
289
     1
 69
     0
  7
STANDARD
140
0.18
170
     5
 62
     0
 63
   257
283
     0
 90
      512
 91
        0
  1

274
    -2
284
     1
 64
     0
275
    -2
285
     1
 65
     0
276
    -2
286
     1
 66
     0
277
    -2
287
     1
 67
     0
278
    -2
288
     1
 68
     0
279
    -2
289
     1
 69
     0
  0
VISUALSTYLE
  5
50B
102
{ACAD_REACTORS
330
505
102
}
330
505
100
AcDbVisualStyle
  2
2dWireframe
 70
     4
177
     3
291
     0
 70
    58
 90
        0
176
     1
 90
        2
176
     1
 90
        0
176
     1
 90
        0
176
     1
 40
0.6
176
     1
 40
30.0
176
     1
 62
     7
420
 16777215
176
     1
 90
        1
176
     1
 90
        4
176
     1
 62
     7
176
     1
 62
   257
176
     1
 90
        1
176
     1
 90
        1
176
     1
 40
1.0
176
     1
 90
        0
176
     1
 62
   257
176
     1
 40
1.0
176
     1
 90
        1
176
     1
 90
        6
176
     1
 90
        2
176
     1
 62
     7
176
     1
 90
        5
176
     1
 90
        0
176
     1
 90
        0
176
     1
290
     0
176
     1
 90
        1
176
     1
 40
0.0
176
     1
 90
        0
176
     1
290
     1
176
     1
290
     1
176
     1
290
     0
176
     1
290
     0
176
     1
290
     0
176
     1
290
     0
176
     1
290
     0
176
     1
290
     0
176
     1
290
     0
176
     1
 90
       50
176
     1
 40
0.0
176
     1
 40
1.0
176
     1
 90
        0
176
     1
 62
    18
420
        0
176
     1
 90
       50
176
     1
 90
        3
176
     1
 62
     5
420
      255
176
     1
290
     0
176
     1
 90
       50
176
     1
 90
       50
176
     1
 90
       50
176
     1
290
     0
176
     1
 90
       50
176
     1
 62
   256
176
     0
 40
1.0
176
     0
 90
        2
176
     1
  1
strokes_ogs.tif
176
     1
290
     0
176
     1
 40
1.0
176
     1
 40
1.0
176
     1
  0
VISUALSTYLE
  5
50A
102
{ACAD_REACTORS
330
505
102
}
330
505
100
AcDbVisualStyle
  2
Basic
 70
     7
177
     3
291
     1
 70
    58
 90
        1
176
     1
 90
        0
176
     1
 90
        1
176
     1
 90
        0
176
     1
 40
0.6
176
     1
 40
30.0
176
     1
 62
     7
420
 16777215
176
     1
 90
        0
176
     1
 90
        4
176
     1
 62
     7
176
     1
 62
   257
176
     1
 90
        1
176
     1
 90
        1
176
     1
 40
1.0
176
     1
 90
        8
176
     1
 62
     7
176
     1
 40
1.0
176
     1
 90
        1
176
     1
 90
        6
176
     1
 90
        2
176
     1
 62
     7
176
     1
 90
        5
176
     1
 90
        0
176
     1
 90
        0
176
     1
290
     0
176
     1
 90
        1
176
     1
 40
0.0
176
     1
 90
        0
176
     1
290
     0
176
     1
290
     1
176
     1
290
     1
176
     1
290
     0
176
     1
290
     0
176
     1
290
     0
176
     1
290
     0
176
     1
290
     0
176
     1
290
     0
176
     1
 90
       50
176
     1
 40
0.0
176
     1
 40
1.0
176
     1
 90
        0
176
     1
 62
    18
420
        0
176
     1
 90
       50
176
     1
 90
        3
176
     1
 62
     5
420
      255
176
     1
290
     0
176
     1
 90
       50
176
     1
 90
       50
176
     1
 90
       50
176
     1
290
     0
176
     1
 90
       50
176
     1
 62
   256
176
     0
 40
1.0
176
     0
 90
        2
176
     1
  1
strokes_ogs.tif
176
     1
290
     0
176
     1
 40
1.0
176
     1
 40
1.0
176
     1
  0
VISUALSTYLE
  5
511
102
{ACAD_REACTORS
330
505
102
}
330
505
100
AcDbVisualStyle
  2
Brighten
 70
    12
177
     3
291
     1
 70
    58
 90
        2
176
     1
 90
        2
176
     1
 90
        0
176
     1
 90
        0
176
     1
 40
0.6
176
     1
 40
30.0
176
     1
 62
     7
420
 16777215
176
     1
 90
        1
176
     1
 90
        4
176
     1
 62
     7
176
     1
 62
   257
176
     1
 90
        1
176
     1
 90
        1
176
     1
 40
1.0
176
     1
 90
        8
176
     1
 62
     7
176
     1
 40
1.0
176
     1
 90
        1
176
     1
 90
        6
176
     1
 90
        2
176
     1
 62
     7
176
     1
 90
        5
176
     1
 90
        0
176
     1
 90
        0
176
     1
290
     0
176
     1
 90
        1
176
     1
 40
50.0
176
     1
 90
        0
176
     1
290
     0
176
     1
290
     1
176
     1
290
     1
176
     1
290
     0
176
     1
290
     0
176
     1
290
     0
176
     1
290
     0
176
     1
290
     0
176
     1
290
     0
176
     1
 90
       50
176
     1
 40
0.0
176
     1
 40
1.0
176
     1
 90
        0
176
     1
 62
    18
420
        0
176
     1
 90
       50
176
     1
 90
        3
176
     1
 62
     5
420
      255
176
     1
290
     0
176
     1
 90
       50
176
     1
 90
       50
176
     1
 90
       50
176
     1
290
     0
176
     1
 90
       50
176
     1
 62
   256
176
     0
 40
1.0
176
     0
 90
        2
176
     1
  1
strokes_ogs.tif
176
     1
290
     0
176
     1
 40
1.0
176
     1
 40
1.0
176
     1
  0
VISUALSTYLE
  5
515
102
{ACAD_REACTORS
330
505
102
}
330
505
100
AcDbVisualStyle
  2
ColorChange
 70
    16
177
     3
291
     1
 70
    58
 90
        2
176
     1
 90
        2
176
     1
 90
        3
176
     1
 90
        0
176
     1
 40
0.6
176
     1
 40
30.0
176
     1
 62
     8
420
  8421504
176
     1
 90
        1
176
     1
 90
        4
176
     1
 62
     7
176
     1
 62
   257
176
     1
 90
        1
176
     1
 90
        1
176
     1
 40
1.0
176
     1
 90
        8
176
     1
 62
     8
420
  8421504
176
     1
 40
1.0
176
     1
 90
        1
176
     1
 90
        6
176
     1
 90
        2
176
     1
 62
     7
176
     1
 90
        5
176
     1
 90
        0
176
     1
 90
        0
176
     1
290
     0
176
     1
 90
        1
176
     1
 40
0.0
176
     1
 90
        0
176
     1
290
     0
176
     1
290
     1
176
     1
290
     1
176
     1
290
     0
176
     1
290
     0
176
     1
290
     0
176
     1
290
     0
176
     1
290
     0
176
     1
290
     0
176
     1
 90
       50
176
     1
 40
0.0
176
     1
 40
1.0
176
     1
 90
        0
176
     1
 62
    18
420
        0
176
     1
 90
       50
176
     1
 90
        3
176
     1
 62
     5
420
      255
176
     1
290
     0
176
     1
 90
       50
176
     1
 90
       50
176
     1
 90
       50
176
     1
290
     0
176
     1
 90
       50
176
     1
 62
   256
176
     0
 40
1.0
176
     0
 90
        2
176
     1
  1
strokes_ogs.tif
176
     1
290
     0
176
     1
 40
1.0
176
     1
 40
1.0
176
     1
  0
VISUALSTYLE
  5
50E
102
{ACAD_REACTORS
330
505
102
}
330
505
100
AcDbVisualStyle
  2
Conceptual
 70
     9
177
     3
291
     0
 70
    58
 90
        3
176
     1
 90
        2
176
     1
 90
        0
176
     1
 90
        0
176
     1
 40
0.6
176
     1
 40
30.0
176
     1
 62
     7
420
 16777215
176
     1
 90
        2
176
     1
 90
        2
176
     1
 62
     7
176
     1
 62
   257
176
     1
 90
        1
176
     1
 90
        1
176
     1
 40
179.0
176
     1
 90
        8
176
     1
 62
     7
176
     1
 40
1.0
176
     1
 90
        1
176
     1
 90
        6
176
     1
 90
        2
176
     1
 62
     7
176
     1
 90
        3
176
     1
 90
        0
176
     1
 90
        0
176
     1
290
     0
176
     1
 90
        1
176
     1
 40
0.0
176
     1
 90
        0
176
     1
290
     0
176
     1
290
     1
176
     1
290
     1
176
     1
290
     0
176
     1
290
     0
176
     1
290
     0
176
     1
290
     0
176
     1
290
     0
176
     1
290
     0
176
     1
 90
       50
176
     1
 40
0.0
176
     1
 40
1.0
176
     1
 90
        0
176
     1
 62
    18
420
        0
176
     1
 90
       50
176
     1
 90
        3
176
     1
 62
     5
420
      255
176
     1
290
     0
176
     1
 90
       50
176
     1
 90
       50
176
     1
 90
       50
176
     1
290
     0
176
     1
 90
       50
176
     1
 62
   256
176
     0
 40
1.0
176
     0
 90
        2
176
     1
  1
strokes_ogs.tif
176
     1
290
     0
176
     1
 40
1.0
176
     1
 40
1.0
176
     1
  0
VISUALSTYLE
  5
510
102
{ACAD_REACTORS
330
505
102
}
330
505
100
AcDbVisualStyle
  2
Dim
 70
    11
177
     3
291
     1
 70
    58
 90
        2
176
     1
 90
        2
176
     1
 90
        0
176
     1
 90
        0
176
     1
 40
0.6
176
     1
 40
30.0
176
     1
 62
     7
420
 16777215
176
     1
 90
        1
176
     1
 90
        4
176
     1
 62
     7
176
     1
 62
   257
176
     1
 90
        1
176
     1
 90
        1
176
     1
 40
1.0
176
     1
 90
        8
176
     1
 62
     7
176
     1
 40
1.0
176
     1
 90
        1
176
     1
 90
        6
176
     1
 90
        2
176
     1
 62
     7
176
     1
 90
        5
176
     1
 90
        0
176
     1
 90
        0
176
     1
290
     0
176
     1
 90
        1
176
     1
 40
-50.0
176
     1
 90
        0
176
     1
290
     0
176
     1
290
     1
176
     1
290
     1
176
     1
290
     0
176
     1
290
     0
176
     1
290
     0
176
     1
290
     0
176
     1
290
     0
176
     1
290
     0
176
     1
 90
       50
176
     1
 40
0.0
176
     1
 40
1.0
176
     1
 90
        0
176
     1
 62
    18
420
        0
176
     1
 90
       50
176
     1
 90
        3
176
     1
 62
     5
420
      255
176
     1
290
     0
176
     1
 90
       50
176
     1
 90
       50
176
     1
 90
       50
176
     1
290
     0
176
     1
 90
       50
176
     1
 62
   256
176
     0
 40
1.0
176
     0
 90
        2
176
     1
  1
strokes_ogs.tif
176
     1
290
     0
176
     1
 40
1.0
176
     1
 40
1.0
176
     1
  0
VISUALSTYLE
  5
51D
102
{ACAD_REACTORS
330
505
102
}
330
505
100
AcDbVisualStyle
  2
EdgeColorOff
 70
    22
177
     3
291
     1
 70
    58
 90
        2
176
     0
 90
        2
176
     0
 90
        0
176
     0
 90
        0
176
     0
 40
0.6
176
     0
 40
30.0
176
     0
 62
     7
420
 16777215
176
     0
 90
        1
176
     0
 90
        4
176
     0
 62
     7
176
     0
 62
   257
176
     0
 90
        1
176
     0
 90
        1
176
     0
 40
1.0
176
     0
 90
        8
176
     2
 62
     7
176
     0
 40
1.0
176
     0
 90
        1
176
     0
 90
        6
176
     0
 90
        2
176
     0
 62
     7
176
     0
 90
        5
176
     0
 90
        0
176
     0
 90
        0
176
     0
290
     0
176
     0
 90
        1
176
     0
 40
0.0
176
     0
 90
        0
176
     0
290
     0
176
     0
290
     1
176
     0
290
     1
176
     0
290
     0
176
     0
290
     0
176
     0
290
     0
176
     0
290
     0
176
     0
290
     0
176
     0
290
     0
176
     0
 90
       50
176
     0
 40
0.0
176
     0
 40
1.0
176
     0
 90
        0
176
     0
 62
    18
420
        0
176
     0
 90
       50
176
     0
 90
        3
176
     0
 62
     5
420
      255
176
     0
290
     0
176
     0
 90
       50
176
     0
 90
       50
176
     0
 90
       50
176
     0
290
     0
176
     0
 90
       50
176
     0
 62
   256
176
     0
 40
1.0
176
     0
 90
        2
176
     0
  1
strokes_ogs.tif
176
     0
290
     0
176
     0
 40
1.0
176
     0
 40
1.0
176
     0
  0
VISUALSTYLE
  5
514
102
{ACAD_REACTORS
330
505
102
}
330
505
100
AcDbVisualStyle
  2
Facepattern
 70
    15
177
     3
291
     1
 70
    58
 90
        2
176
     1
 90
        2
176
     1
 90
        0
176
     1
 90
        0
176
     1
 40
0.6
176
     1
 40
30.0
176
     1
 62
     7
420
 16777215
176
     1
 90
        1
176
     1
 90
        4
176
     1
 62
     7
176
     1
 62
   257
176
     1
 90
        1
176
     1
 90
        1
176
     1
 40
1.0
176
     1
 90
        8
176
     1
 62
     7
176
     1
 40
1.0
176
     1
 90
        1
176
     1
 90
        6
176
     1
 90
        2
176
     1
 62
     7
176
     1
 90
        5
176
     1
 90
        0
176
     1
 90
        0
176
     1
290
     0
176
     1
 90
        1
176
     1
 40
0.0
176
     1
 90
        0
176
     1
290
     0
176
     1
290
     1
176
     1
290
     1
176
     1
290
     0
176
     1
290
     0
176
     1
290
     0
176
     1
290
     0
176
     1
290
     0
176
     1
290
     0
176
     1
 90
       50
176
     1
 40
0.0
176
     1
 40
1.0
176
     1
 90
        0
176
     1
 62
    18
420
        0
176
     1
 90
       50
176
     1
 90
        3
176
     1
 62
     5
420
      255
176
     1
290
     0
176
     1
 90
       50
176
     1
 90
       50
176
     1
 90
       50
176
     1
290
     0
176
     1
 90
       50
176
     1
 62
   256
176
     0
 40
1.0
176
     0
 90
        2
176
     1
  1
strokes_ogs.tif
176
     1
290
     0
176
     1
 40
1.0
176
     1
 40
1.0
176
     1
  0
VISUALSTYLE
  5
506
102
{ACAD_REACTORS
330
505
102
}
330
505
100
AcDbVisualStyle
  2
Flat
 70
     0
177
     3
291
     1
 70
    58
 90
        2
176
     1
 90
        1
176
     1
 90
        1
176
     1
 90
        2
176
     1
 40
0.6
176
     1
 40
30.0
176
     1
 62
     7
420
 16777215
176
     1
 90
        0
176
     1
 90
        0
176
     1
 62
     7
176
     1
 62
   257
176
     1
 90
        1
176
     1
 90
        1
176
     1
 40
1.0
176
     1
 90
        8
176
     1
 62
     7
176
     1
 40
1.0
176
     1
 90
        1
176
     1
 90
        6
176
     1
 90
        2
176
     1
 62
     7
176
     1
 90
        5
176
     1
 90
        0
176
     1
 90
        0
176
     1
290
     0
176
     1
 90
       13
176
     1
 40
0.0
176
     1
 90
        0
176
     1
290
     0
176
     1
290
     1
176
     1
290
     1
176
     1
290
     0
176
     1
290
     0
176
     1
290
     0
176
     1
290
     0
176
     1
290
     0
176
     1
290
     0
176
     1
 90
       50
176
     1
 40
0.0
176
     1
 40
1.0
176
     1
 90
        0
176
     1
 62
    18
420
        0
176
     1
 90
       50
176
     1
 90
        3
176
     1
 62
     5
420
      255
176
     1
290
     0
176
     1
 90
       50
176
     1
 90
       50
176
     1
 90
       50
176
     1
290
     0
176
     1
 90
       50
176
     1
 62
   256
176
     0
 40
1.0
176
     0
 90
        2
176
     1
  1
strokes_ogs.tif
176
     1
290
     0
176
     1
 40
1.0
176
     1
 40
1.0
176
     1
  0
VISUALSTYLE
  5
507
102
{ACAD_REACTORS
330
505
102
}
330
505
100
AcDbVisualStyle
  2
FlatWithEdges
 70
     1
177
     3
291
     1
 70
    58
 90
        2
176
     1
 90
        1
176
     1
 90
        1
176
     1
 90
        2
176
     1
 40
0.6
176
     1
 40
30.0
176
     1
 62
     7
420
 16777215
176
     1
 90
        1
176
     1
 90
        0
176
     1
 62
     7
176
     1
 62
   257
176
     1
 90
        1
176
     1
 90
        1
176
     1
 40
1.0
176
     1
 90
        0
176
     1
 62
   257
176
     1
 40
1.0
176
     1
 90
        1
176
     1
 90
        6
176
     1
 90
        2
176
     1
 62
     7
176
     1
 90
        5
176
     1
 90
        0
176
     1
 90
        0
176
     1
290
     0
176
     1
 90
       13
176
     1
 40
0.0
176
     1
 90
        0
176
     1
290
     0
176
     1
290
     1
176
     1
290
     1
176
     1
290
     0
176
     1
290
     0
176
     1
290
     0
176
     1
290
     0
176
     1
290
     0
176
     1
290
     0
176
     1
 90
       50
176
     1
 40
0.0
176
     1
 40
1.0
176
     1
 90
        0
176
     1
 62
    18
420
        0
176
     1
 90
       50
176
     1
 90
        3
176
     1
 62
     5
420
      255
176
     1
290
     0
176
     1
 90
       50
176
     1
 90
       50
176
     1
 90
       50
176
     1
290
     0
176
     1
 90
       50
176
     1
 62
   256
176
     0
 40
1.0
176
     0
 90
        2
176
     1
  1
strokes_ogs.tif
176
     1
290
     0
176
     1
 40
1.0
176
     1
 40
1.0
176
     1
  0
VISUALSTYLE
  5
508
102
{ACAD_REACTORS
330
505
102
}
330
505
100
AcDbVisualStyle
  2
Gouraud
 70
     2
177
     3
291
     1
 70
    58
 90
        2
176
     1
 90
        2
176
     1
 90
        1
176
     1
 90
        2
176
     1
 40
0.6
176
     1
 40
30.0
176
     1
 62
     7
420
 16777215
176
     1
 90
        0
176
     1
 90
        0
176
     1
 62
     7
176
     1
 62
   257
176
     1
 90
        1
176
     1
 90
        1
176
     1
 40
1.0
176
     1
 90
        0
176
     1
 62
     7
176
     1
 40
1.0
176
     1
 90
        1
176
     1
 90
        6
176
     1
 90
        2
176
     1
 62
     7
176
     1
 90
        5
176
     1
 90
        0
176
     1
 90
        0
176
     1
290
     0
176
     1
 90
       13
176
     1
 40
0.0
176
     1
 90
        0
176
     1
290
     0
176
     1
290
     1
176
     1
290
     1
176
     1
290
     0
176
     1
290
     0
176
     1
290
     0
176
     1
290
     0
176
     1
290
     0
176
     1
290
     0
176
     1
 90
       50
176
     1
 40
0.0
176
     1
 40
1.0
176
     1
 90
        0
176
     1
 62
    18
420
        0
176
     1
 90
       50
176
     1
 90
        3
176
     1
 62
     5
420
      255
176
     1
290
     0
176
     1
 90
       50
176
     1
 90
       50
176
     1
 90
       50
176
     1
290
     0
176
     1
 90
       50
176
     1
 62
   256
176
     0
 40
1.0
176
     0
 90
        2
176
     1
  1
strokes_ogs.tif
176
     1
290
     0
176
     1
 40
1.0
176
     1
 40
1.0
176
     1
  0
VISUALSTYLE
  5
509
102
{ACAD_REACTORS
330
505
102
}
330
505
100
AcDbVisualStyle
  2
GouraudWithEdges
 70
     3
177
     3
291
     1
 70
    58
 90
        2
176
     1
 90
        2
176
     1
 90
        1
176
     1
 90
        2
176
     1
 40
0.6
176
     1
 40
30.0
176
     1
 62
     7
420
 16777215
176
     1
 90
        1
176
     1
 90
        0
176
     1
 62
     7
176
     1
 62
   257
176
     1
 90
        1
176
     1
 90
        1
176
     1
 40
1.0
176
     1
 90
        0
176
     1
 62
   257
176
     1
 40
1.0
176
     1
 90
        1
176
     1
 90
        6
176
     1
 90
        2
176
     1
 62
     7
176
     1
 90
        5
176
     1
 90
        0
176
     1
 90
        0
176
     1
290
     0
176
     1
 90
       13
176
     1
 40
0.0
176
     1
 90
        0
176
     1
290
     0
176
     1
290
     1
176
     1
290
     1
176
     1
290
     0
176
     1
290
     0
176
     1
290
     0
176
     1
290
     0
176
     1
290
     0
176
     1
290
     0
176
     1
 90
       50
176
     1
 40
0.0
176
     1
 40
1.0
176
     1
 90
        0
176
     1
 62
    18
420
        0
176
     1
 90
       50
176
     1
 90
        3
176
     1
 62
     5
420
      255
176
     1
290
     0
176
     1
 90
       50
176
     1
 90
       50
176
     1
 90
       50
176
     1
290
     0
176
     1
 90
       50
176
     1
 62
   256
176
     0
 40
1.0
176
     0
 90
        2
176
     1
  1
strokes_ogs.tif
176
     1
290
     0
176
     1
 40
1.0
176
     1
 40
1.0
176
     1
  0
VISUALSTYLE
  5
50D
102
{ACAD_REACTORS
330
505
102
}
330
505
100
AcDbVisualStyle
  2
Hidden
 70
     6
177
     3
291
     0
 70
    58
 90
        1
176
     1
 90
        2
176
     1
 90
        2
176
     1
 90
        0
176
     1
 40
0.6
176
     1
 40
30.0
176
     1
 62
     7
420
 16777215
176
     1
 90
        2
176
     1
 90
        2
176
     1
 62
     7
176
     1
 62
   257
176
     1
 90
        2
176
     1
 90
        1
176
     1
 40
40.0
176
     1
 90
        0
176
     1
 62
   257
176
     1
 40
1.0
176
     1
 90
        1
176
     1
 90
        6
176
     1
 90
        2
176
     1
 62
     7
176
     1
 90
        3
176
     1
 90
        0
176
     1
 90
        0
176
     1
290
     0
176
     1
 90
        1
176
     1
 40
0.0
176
     1
 90
        0
176
     1
290
     0
176
     1
290
     1
176
     1
290
     1
176
     1
290
     0
176
     1
290
     0
176
     1
290
     0
176
     1
290
     0
176
     1
290
     0
176
     1
290
     0
176
     1
 90
       50
176
     1
 40
0.0
176
     1
 40
1.0
176
     1
 90
        0
176
     1
 62
    18
420
        0
176
     1
 90
       50
176
     1
 90
        3
176
     1
 62
     5
420
      255
176
     1
290
     0
176
     1
 90
       50
176
     1
 90
       50
176
     1
 90
       50
176
     1
290
     0
176
     1
 90
       50
176
     1
 62
   256
176
     0
 40
1.0
176
     0
 90
        2
176
     1
  1
strokes_ogs.tif
176
     1
290
     0
176
     1
 40
1.0
176
     1
 40
1.0
176
     1
  0
VISUALSTYLE
  5
51B
102
{ACAD_REACTORS
330
505
102
}
330
505
100
AcDbVisualStyle
  2
JitterOff
 70
    20
177
     3
291
     1
 70
    58
 90
        2
176
     0
 90
        2
176
     0
 90
        0
176
     0
 90
        0
176
     0
 40
0.6
176
     0
 40
30.0
176
     0
 62
     7
420
 16777215
176
     0
 90
        1
176
     0
 90
        4
176
     0
 62
     7
176
     0
 62
   257
176
     0
 90
        1
176
     0
 90
        1
176
     0
 40
1.0
176
     0
 90
       10
176
     2
 62
     7
176
     0
 40
1.0
176
     0
 90
        1
176
     0
 90
        6
176
     0
 90
        2
176
     0
 62
     7
176
     0
 90
        5
176
     0
 90
        0
176
     0
 90
        0
176
     0
290
     0
176
     0
 90
        1
176
     0
 40
0.0
176
     0
 90
        0
176
     0
290
     0
176
     0
290
     1
176
     0
290
     1
176
     0
290
     0
176
     0
290
     0
176
     0
290
     0
176
     0
290
     0
176
     0
290
     0
176
     0
290
     0
176
     0
 90
       50
176
     0
 40
0.0
176
     0
 40
1.0
176
     0
 90
        0
176
     0
 62
    18
420
        0
176
     0
 90
       50
176
     0
 90
        3
176
     0
 62
     5
420
      255
176
     0
290
     0
176
     0
 90
       50
176
     0
 90
       50
176
     0
 90
       50
176
     0
290
     0
176
     0
 90
       50
176
     0
 62
   256
176
     0
 40
1.0
176
     0
 90
        2
176
     0
  1
strokes_ogs.tif
176
     0
290
     0
176
     0
 40
1.0
176
     0
 40
1.0
176
     0
  0
VISUALSTYLE
  5
513
102
{ACAD_REACTORS
330
505
102
}
330
505
100
AcDbVisualStyle
  2
Linepattern
 70
    14
177
     3
291
     1
 70
    58
 90
        2
176
     1
 90
        2
176
     1
 90
        0
176
     1
 90
        0
176
     1
 40
0.6
176
     1
 40
30.0
176
     1
 62
     7
420
 16777215
176
     1
 90
        1
176
     1
 90
        4
176
     1
 62
     7
176
     1
 62
   257
176
     1
 90
        7
176
     1
 90
        7
176
     1
 40
1.0
176
     1
 90
        8
176
     1
 62
     7
176
     1
 40
1.0
176
     1
 90
        1
176
     1
 90
        6
176
     1
 90
        2
176
     1
 62
     7
176
     1
 90
        5
176
     1
 90
        0
176
     1
 90
        0
176
     1
290
     0
176
     1
 90
        1
176
     1
 40
0.0
176
     1
 90
        0
176
     1
290
     0
176
     1
290
     1
176
     1
290
     1
176
     1
290
     0
176
     1
290
     0
176
     1
290
     0
176
     1
290
     0
176
     1
290
     0
176
     1
290
     0
176
     1
 90
       50
176
     1
 40
0.0
176
     1
 40
1.0
176
     1
 90
        0
176
     1
 62
    18
420
        0
176
     1
 90
       50
176
     1
 90
        3
176
     1
 62
     5
420
      255
176
     1
290
     0
176
     1
 90
       50
176
     1
 90
       50
176
     1
 90
       50
176
     1
290
     0
176
     1
 90
       50
176
     1
 62
   256
176
     0
 40
1.0
176
     0
 90
        2
176
     1
  1
strokes_ogs.tif
176
     1
290
     0
176
     1
 40
1.0
176
     1
 40
1.0
176
     1
  0
VISUALSTYLE
  5
51C
102
{ACAD_REACTORS
330
505
102
}
330
505
100
AcDbVisualStyle
  2
OverhangOff
 70
    21
177
     3
291
     1
 70
    58
 90
        2
176
     0
 90
        2
176
     0
 90
        0
176
     0
 90
        0
176
     0
 40
0.6
176
     0
 40
30.0
176
     0
 62
     7
420
 16777215
176
     0
 90
        1
176
     0
 90
        4
176
     0
 62
     7
176
     0
 62
   257
176
     0
 90
        1
176
     0
 90
        1
176
     0
 40
1.0
176
     0
 90
        9
176
     2
 62
     7
176
     0
 40
1.0
176
     0
 90
        1
176
     0
 90
        6
176
     0
 90
        2
176
     0
 62
     7
176
     0
 90
        5
176
     0
 90
        0
176
     0
 90
        0
176
     0
290
     0
176
     0
 90
        1
176
     0
 40
0.0
176
     0
 90
        0
176
     0
290
     0
176
     0
290
     1
176
     0
290
     1
176
     0
290
     0
176
     0
290
     0
176
     0
290
     0
176
     0
290
     0
176
     0
290
     0
176
     0
290
     0
176
     0
 90
       50
176
     0
 40
0.0
176
     0
 40
1.0
176
     0
 90
        0
176
     0
 62
    18
420
        0
176
     0
 90
       50
176
     0
 90
        3
176
     0
 62
     5
420
      255
176
     0
290
     0
176
     0
 90
       50
176
     0
 90
       50
176
     0
 90
       50
176
     0
290
     0
176
     0
 90
       50
176
     0
 62
   256
176
     0
 40
1.0
176
     0
 90
        2
176
     0
  1
strokes_ogs.tif
176
     0
290
     0
176
     0
 40
1.0
176
     0
 40
1.0
176
     0
  0
VISUALSTYLE
  5
50F
102
{ACAD_REACTORS
330
505
102
}
330
505
100
AcDbVisualStyle
  2
Realistic
 70
     8
177
     3
291
     0
 70
    58
 90
        2
176
     1
 90
        3
176
     1
 90
        0
176
     1
 90
        2
176
     1
 40
0.6
176
     1
 40
30.0
176
     1
 62
     7
420
 16777215
176
     1
 90
        0
176
     1
 90
        0
176
     1
 62
     7
176
     1
 62
   257
176
     1
 90
        1
176
     1
 90
        1
176
     1
 40
1.0
176
     1
 90
        8
176
     1
 62
   257
176
     1
 40
1.0
176
     1
 90
        1
176
     1
 90
        6
176
     1
 90
        2
176
     1
 62
     7
176
     1
 90
        3
176
     1
 90
        0
176
     1
 90
        0
176
     1
290
     0
176
     1
 90
       13
176
     1
 40
0.0
176
     1
 90
        0
176
     1
290
     0
176
     1
290
     1
176
     1
290
     1
176
     1
290
     0
176
     1
290
     0
176
     1
290
     0
176
     1
290
     0
176
     1
290
     0
176
     1
290
     0
176
     1
 90
       50
176
     1
 40
0.0
176
     1
 40
1.0
176
     1
 90
        0
176
     1
 62
    18
420
        0
176
     1
 90
       50
176
     1
 90
        3
176
     1
 62
     5
420
      255
176
     1
290
     0
176
     1
 90
       50
176
     1
 90
       50
176
     1
 90
       50
176
     1
290
     0
176
     1
 90
       50
176
     1
 62
   256
176
     0
 40
1.0
176
     0
 90
        2
176
     1
  1
strokes_ogs.tif
176
     1
290
     0
176
     1
 40
1.0
176
     1
 40
1.0
176
     1
  0
VISUALSTYLE
  5
51A
102
{ACAD_REACTORS
330
505
102
}
330
505
100
AcDbVisualStyle
  2
Shaded
 70
    27
177
     3
291
     0
 70
    58
 90
        2
176
     1
 90
        2
176
     1
 90
        1
176
     1
 90
        2
176
     1
 40
0.6
176
     1
 40
30.0
176
     1
 62
     7
420
 16777215
176
     1
 90
        0
176
     1
 90
        4
176
     1
 62
     7
176
     1
 62
   257
176
     1
 90
        1
176
     1
 90
        1
176
     1
 40
1.0
176
     1
 90
        8
176
     1
 62
   257
176
     1
 40
1.0
176
     1
 90
        1
176
     1
 90
        6
176
     1
 90
        2
176
     1
 62
     8
420
  7895160
176
     1
 90
        3
176
     1
 90
        0
176
     1
 90
        0
176
     1
290
     0
176
     1
 90
        5
176
     1
 40
0.0
176
     1
 90
        0
176
     1
290
     0
176
     1
290
     1
176
     1
290
     1
176
     1
290
     0
176
     1
290
     0
176
     1
290
     0
176
     1
290
     0
176
     1
290
     0
176
     1
290
     0
176
     1
 90
       50
176
     1
 40
0.0
176
     1
 40
1.0
176
     1
 90
        0
176
     1
 62
    18
420
        0
176
     1
 90
       50
176
     1
 90
        3
176
     1
 62
     5
420
      255
176
     1
290
     0
176
     1
 90
       50
176
     1
 90
       50
176
     1
 90
       50
176
     1
290
     0
176
     1
 90
       50
176
     1
 62
   256
176
     0
 40
1.0
176
     0
 90
        2
176
     1
  1
strokes_ogs.tif
176
     1
290
     0
176
     1
 40
1.0
176
     1
 40
1.0
176
     1
  0
VISUALSTYLE
  5
519
102
{ACAD_REACTORS
330
505
102
}
330
505
100
AcDbVisualStyle
  2
Shaded with edges
 70
    26
177
     3
291
     0
 70
    58
 90
        2
176
     1
 90
        2
176
     1
 90
        1
176
     1
 90
        2
176
     1
 40
0.6
176
     1
 40
30.0
176
     1
 62
     7
420
 16777215
176
     1
 90
        1
176
     1
 90
        2
176
     1
 62
     7
176
     1
 62
   257
176
     1
 90
        2
176
     1
 90
        1
176
     1
 40
1.0
176
     1
 90
        8
176
     1
 62
   257
176
     1
 40
1.0
176
     1
 90
        1
176
     1
 90
        6
176
     1
 90
        2
176
     1
 62
     7
176
     1
 90
        3
176
     1
 90
        0
176
     1
 90
        0
176
     1
290
     0
176
     1
 90
        5
176
     1
 40
0.0
176
     1
 90
        0
176
     1
290
     0
176
     1
290
     1
176
     1
290
     1
176
     1
290
     0
176
     1
290
     0
176
     1
290
     0
176
     1
290
     0
176
     1
290
     0
176
     1
290
     0
176
     1
 90
       50
176
     1
 40
0.0
176
     1
 40
1.0
176
     1
 90
        0
176
     1
 62
    18
420
        0
176
     1
 90
       50
176
     1
 90
        3
176
     1
 62
     5
420
      255
176
     1
290
     0
176
     1
 90
       50
176
     1
 90
       50
176
     1
 90
       50
176
     1
290
     0
176
     1
 90
       50
176
     1
 62
   256
176
     0
 40
1.0
176
     0
 90
        2
176
     1
  1
strokes_ogs.tif
176
     1
290
     0
176
     1
 40
1.0
176
     1
 40
1.0
176
     1
  0
VISUALSTYLE
  5
516
102
{ACAD_REACTORS
330
505
102
}
330
505
100
AcDbVisualStyle
  2
Shades of Gray
 70
    23
177
     3
291
     0
 70
    58
 90
        2
176
     1
 90
        2
176
     1
 90
        3
176
     1
 90
        0
176
     1
 40
0.6
176
     1
 40
30.0
176
     1
 62
     7
420
 16777215
176
     1
 90
        2
176
     1
 90
        2
176
     1
 62
     7
176
     1
 62
     7
176
     1
 90
        1
176
     1
 90
        1
176
     1
 40
40.0
176
     1
 90
        8
176
     1
 62
     7
176
     1
 40
1.0
176
     1
 90
        1
176
     1
 90
        6
176
     1
 90
        2
176
     1
 62
     7
176
     1
 90
        3
176
     1
 90
        0
176
     1
 90
        0
176
     1
290
     0
176
     1
 90
        1
176
     1
 40
0.0
176
     1
 90
        0
176
     1
290
     0
176
     1
290
     1
176
     1
290
     1
176
     1
290
     0
176
     1
290
     0
176
     1
290
     0
176
     1
290
     0
176
     1
290
     0
176
     1
290
     0
176
     1
 90
       50
176
     1
 40
0.0
176
     1
 40
1.0
176
     1
 90
        0
176
     1
 62
    18
420
        0
176
     1
 90
       50
176
     1
 90
        3
176
     1
 62
     5
420
      255
176
     1
290
     0
176
     1
 90
       50
176
     1
 90
       50
176
     1
 90
       50
176
     1
290
     0
176
     1
 90
       50
176
     1
 62
   256
176
     0
 40
1.0
176
     0
 90
        2
176
     1
  1
strokes_ogs.tif
176
     1
290
     0
176
     1
 40
1.0
176
     1
 40
1.0
176
     1
  0
VISUALSTYLE
  5
517
102
{ACAD_REACTORS
330
505
102
}
330
505
100
AcDbVisualStyle
  2
Sketchy
 70
    24
177
     3
291
     0
 70
    58
 90
        1
176
     1
 90
        2
176
     1
 90
        2
176
     1
 90
        0
176
     1
 40
0.6
176
     1
 40
30.0
176
     1
 62
     7
420
 16777215
176
     1
 90
        2
176
     1
 90
        2
176
     1
 62
     7
176
     1
 62
     7
176
     1
 90
        1
176
     1
 90
        1
176
     1
 40
40.0
176
     1
 90
       11
176
     1
 62
     7
176
     1
 40
1.0
176
     1
 90
        1
176
     1
 90
        6
176
     1
 90
        2
176
     1
 62
     7
176
     1
 90
        6
176
     1
 90
        0
176
     1
 90
        0
176
     1
290
     0
176
     1
 90
        1
176
     1
 40
0.0
176
     1
 90
        0
176
     1
290
     0
176
     1
290
     1
176
     1
290
     1
176
     1
290
     0
176
     1
290
     0
176
     1
290
     0
176
     1
290
     0
176
     1
290
     0
176
     1
290
     0
176
     1
 90
       50
176
     1
 40
0.0
176
     1
 40
1.0
176
     1
 90
        0
176
     1
 62
    18
420
        0
176
     1
 90
       50
176
     1
 90
        3
176
     1
 62
     5
420
      255
176
     1
290
     0
176
     1
 90
       50
176
     1
 90
       50
176
     1
 90
       50
176
     1
290
     0
176
     1
 90
       50
176
     1
 62
   256
176
     0
 40
1.0
176
     0
 90
        2
176
     1
  1
strokes_ogs.tif
176
     1
290
     0
176
     1
 40
1.0
176
     1
 40
1.0
176
     1
  0
VISUALSTYLE
  5
512
102
{ACAD_REACTORS
330
505
102
}
330
505
100
AcDbVisualStyle
  2
Thicken
 70
    13
177
     3
291
     1
 70
    58
 90
        2
176
     1
 90
        2
176
     1
 90
        0
176
     1
 90
        0
176
     1
 40
0.6
176
     1
 40
30.0
176
     1
 62
     7
420
 16777215
176
     1
 90
        1
176
     1
 90
        4
176
     1
 62
     7
176
     1
 62
   257
176
     1
 90
        1
176
     1
 90
        1
176
     1
 40
1.0
176
     1
 90
       12
176
     1
 62
     7
176
     1
 40
1.0
176
     1
 90
        1
176
     1
 90
        6
176
     1
 90
        2
176
     1
 62
     7
176
     1
 90
        5
176
     1
 90
        0
176
     1
 90
        0
176
     1
290
     0
176
     1
 90
        1
176
     1
 40
0.0
176
     1
 90
        0
176
     1
290
     0
176
     1
290
     1
176
     1
290
     1
176
     1
290
     0
176
     1
290
     0
176
     1
290
     0
176
     1
290
     0
176
     1
290
     0
176
     1
290
     0
176
     1
 90
       50
176
     1
 40
0.0
176
     1
 40
1.0
176
     1
 90
        0
176
     1
 62
    18
420
        0
176
     1
 90
       50
176
     1
 90
        3
176
     1
 62
     5
420
      255
176
     1
290
     0
176
     1
 90
       50
176
     1
 90
       50
176
     1
 90
       50
176
     1
290
     0
176
     1
 90
       50
176
     1
 62
   256
176
     0
 40
1.0
176
     0
 90
        2
176
     1
  1
strokes_ogs.tif
176
     1
290
     0
176
     1
 40
1.0
176
     1
 40
1.0
176
     1
  0
VISUALSTYLE
  5
50C
102
{ACAD_REACTORS
330
505
102
}
330
505
100
AcDbVisualStyle
  2
Wireframe
 70
     5
177
     3
291
     0
 70
    58
 90
        0
176
     1
 90
        2
176
     1
 90
        0
176
     1
 90
        0
176
     1
 40
0.6
176
     1
 40
30.0
176
     1
 62
     7
420
 16777215
176
     1
 90
        1
176
     1
 90
        4
176
     1
 62
     7
176
     1
 62
   257
176
     1
 90
        1
176
     1
 90
        1
176
     1
 40
1.0
176
     1
 90
        0
176
     1
 62
   257
176
     1
 40
1.0
176
     1
 90
        1
176
     1
 90
        6
176
     1
 90
        2
176
     1
 62
     7
176
     1
 90
        3
176
     1
 90
        0
176
     1
 90
        0
176
     1
290
     0
176
     1
 90
        1
176
     1
 40
0.0
176
     1
 90
        0
176
     1
290
     0
176
     1
290
     1
176
     1
290
     1
176
     1
290
     0
176
     1
290
     0
176
     1
290
     0
176
     1
290
     0
176
     1
290
     0
176
     1
290
     0
176
     1
 90
       50
176
     1
 40
0.0
176
     1
 40
1.0
176
     1
 90
        0
176
     1
 62
    18
420
        0
176
     1
 90
       50
176
     1
 90
        3
176
     1
 62
     5
420
      255
176
     1
290
     0
176
     1
 90
       50
176
     1
 90
       50
176
     1
 90
       50
176
     1
290
     0
176
     1
 90
       50
176
     1
 62
   256
176
     0
 40
1.0
176
     0
 90
        2
176
     1
  1
strokes_ogs.tif
176
     1
290
     0
176
     1
 40
1.0
176
     1
 40
1.0
176
     1
  0
VISUALSTYLE
  5
518
102
{ACAD_REACTORS
330
505
102
}
330
505
100
AcDbVisualStyle
  2
X-Ray
 70
    25
177
     3
291
     0
 70
    58
 90
        2
176
     1
 90
        2
176
     1
 90
        1
176
     1
 90
        1
176
     1
 40
0.5
176
     1
 40
30.0
176
     1
 62
     7
420
 16777215
176
     1
 90
        1
176
     1
 90
        0
176
     1
 62
     7
176
     1
 62
   257
176
     1
 90
        1
176
     1
 90
        1
176
     1
 40
1.0
176
     1
 90
        8
176
     1
 62
     7
176
     1
 40
1.0
176
     1
 90
        1
176
     1
 90
        6
176
     1
 90
        2
176
     1
 62
     7
176
     1
 90
        3
176
     1
 90
        0
176
     1
 90
        0
176
     1
290
     0
176
     1
 90
       13
176
     1
 40
0.0
176
     1
 90
        0
176
     1
290
     0
176
     1
290
     1
176
     1
290
     1
176
     1
290
     0
176
     1
290
     0
176
     1
290
     0
176
     1
290
     0
176
     1
290
     0
176
     1
290
     0
176
     1
 90
       50
176
     1
 40
0.0
176
     1
 40
1.0
176
     1
 90
        0
176
     1
 62
    18
420
        0
176
     1
 90
       50
176
     1
 90
        3
176
     1
 62
     5
420
      255
176
     1
290
     0
176
     1
 90
       50
176
     1
 90
       50
176
     1
 90
       50
176
     1
290
     0
176
     1
 90
       50
176
     1
 62
   256
176
     0
 40
1.0
176
     0
 90
        2
176
     1
  1
strokes_ogs.tif
176
     1
290
     0
176
     1
 40
1.0
176
     1
 40
1.0
176
     1
  0
DICTIONARYVAR
  5
53E
102
{ACAD_REACTORS
330
539
102
}
330
539
100
DictionaryVariables
280
     0
  1
1:1
  0
DICTIONARYVAR
  5
53B
102
{ACAD_REACTORS
330
539
102
}
330
539
100
DictionaryVariables
280
     0
  1
Standard
  0
DICTIONARYVAR
  5
53A
102
{ACAD_REACTORS
330
539
102
}
330
539
100
DictionaryVariables
280
     0
  1
Standard
  0
DICTIONARYVAR
  5
53C
102
{ACAD_REACTORS
330
539
102
}
330
539
100
DictionaryVariables
280
     0
  1
Imperial24
  0
DICTIONARYVAR
  5
53D
102
{ACAD_REACTORS
330
539
102
}
330
539
100
DictionaryVariables
280
     0
  1
Imperial24
  0
DICTIONARY
  5
54F
330
520
100
AcDbDictionary
280
     1
281
     1
  3
ACAD_ROUNDTRIP_2008_TABLESTYLE_CELLSTYLEMAP
360
550
  0
CELLSTYLEMAP
  5
550
102
{ACAD_REACTORS
330
54F
102
}
330
54F
100
AcDbCellStyleMap
 90
        3
300
CELLSTYLE
  1
TABLEFORMAT_BEGIN
 90
        5
170
     1
 91
        0
 92
    32768
 62
   257
 93
        1
300
CONTENTFORMAT
  1
CONTENTFORMAT_BEGIN
 90
        0
 91
        0
 92
      512
 93
        0
300

 40
0.0
140
1.0
 94
        5
 62
     0
340
11
144
0.25
309
CONTENTFORMAT_END
171
     0
 94
        0
309
TABLEFORMAT_END
  1
CELLSTYLE_BEGIN
 90
        1
 91
        1
300
_TITLE
309
CELLSTYLE_END
300
CELLSTYLE
  1
TABLEFORMAT_BEGIN
 90
        5
170
     1
 91
        0
 92
        0
 62
   257
 93
        1
300
CONTENTFORMAT
  1
CONTENTFORMAT_BEGIN
 90
        0
 91
        0
 92
      512
 93
        0
300

 40
0.0
140
1.0
 94
        5
 62
     0
340
11
144
0.18
309
CONTENTFORMAT_END
171
     0
 94
        0
309
TABLEFORMAT_END
  1
CELLSTYLE_BEGIN
 90
        2
 91
        1
300
_HEADER
309
CELLSTYLE_END
300
CELLSTYLE
  1
TABLEFORMAT_BEGIN
 90
        5
170
     1
 91
        0
 92
        0
 62
   257
 93
        1
300
CONTENTFORMAT
  1
CONTENTFORMAT_BEGIN
 90
        0
 91
        0
 92
      512
 93
        0
300

 40
0.0
140
1.0
 94
        2
 62
     0
340
11
144
0.18
309
CONTENTFORMAT_END
171
     0
 94
        0
309
TABLEFORMAT_END
  1
CELLSTYLE_BEGIN
 90
        3
 91
        2
300
_DATA
309
CELLSTYLE_END
  0
ENDSEC
  0
SECTION
  2
ACDSDATA
 70
     2
 71
     2
  0
ACDSSCHEMA
 90
        0
  1
AcDb_Thumbnail_Schema
  2
AcDbDs::ID
280
    10
 91
        8
  2
Thumbnail_Data
280
    15
 91
        0
101
ACDSRECORD
 95
        0
 90
        2
  2
AcDbDs::TreatedAsObjectData
280
     1
291
     1
101
ACDSRECORD
 95
        0
 90
        3
  2
AcDbDs::Legacy
280
     1
291
     1
101
ACDSRECORD
  1
AcDbDs::ID
 90
        4
  2
AcDs:Indexable
280
     1
291
     1
101
ACDSRECORD
  1
AcDbDs::ID
 90
        5
  2
AcDbDs::HandleAttribute
280
     7
282
     1
  0
ACDSSCHEMA
 90
        1
  1
AcDb3DSolid_ASM_Data
  2
AcDbDs::ID
280
    10
 91
        8
  2
ASM_Data
280
    15
 91
        0
101
ACDSRECORD
 95
        1
 90
        2
  2
AcDbDs::TreatedAsObjectData
280
     1
291
     1
101
ACDSRECORD
 95
        1
 90
        3
  2
AcDbDs::Legacy
280
     1
291
     1
101
ACDSRECORD
  1
AcDbDs::ID
 90
        4
  2
AcDs:Indexable
280
     1
291
     1
101
ACDSRECORD
  1
AcDbDs::ID
 90
        5
  2
AcDbDs::HandleAttribute
280
     7
282
     1
  0
ACDSSCHEMA
 90
        2
  1
AcDbDs::TreatedAsObjectDataSchema
  2
AcDbDs::TreatedAsObjectData
280
     1
 91
        0
  0
ACDSSCHEMA
 90
        3
  1
AcDbDs::LegacySchema
  2
AcDbDs::Legacy
280
     1
 91
        0
  0
ACDSSCHEMA
 90
        4
  1
AcDbDs::IndexedPropertySchema
  2
AcDs:Indexable
280
     1
 91
        0
  0
ACDSSCHEMA
 90
        5
  1
AcDbDs::HandleAttributeSchema
  2
AcDbDs::HandleAttribute
280
     7
 91
        1
284
     1
  0
ACDSRECORD
 90
        0
  2
AcDbDs::ID
280
    10
320
4E8
  2
Thumbnail_Data
280
    15
 94
     1236
310
89504E470D0A1A0A0000000D49484452000001000000007F080300000037AFECF400000300504C5445212830FFFFFF2128300000000000000000000000000000000000000000000000000000330000660000990000CC0000FF0033000033330033660033990033CC0033FF0066000066330066660066990066CC0066FF0099
310
000099330099660099990099CC0099FF00CC0000CC3300CC6600CC9900CCCC00CCFF00FF0000FF3300FF6600FF9900FFCC00FFFF3300003300333300663300993300CC3300FF3333003333333333663333993333CC3333FF3366003366333366663366993366CC3366FF3399003399333399663399993399CC3399FF33CC00
310
33CC3333CC6633CC9933CCCC33CCFF33FF0033FF3333FF6633FF9933FFCC33FFFF6600006600336600666600996600CC6600FF6633006633336633666633996633CC6633FF6666006666336666666666996666CC6666FF6699006699336699666699996699CC6699FF66CC0066CC3366CC6666CC9966CCCC66CCFF66FF0066
310
FF3366FF6666FF9966FFCC66FFFF9900009900339900669900999900CC9900FF9933009933339933669933999933CC9933FF9966009966339966669966999966CC9966FF9999009999339999669999999999CC9999FF99CC0099CC3399CC6699CC9999CCCC99CCFF99FF0099FF3399FF6699FF9999FFCC99FFFFCC0000CC00
310
33CC0066CC0099CC00CCCC00FFCC3300CC3333CC3366CC3399CC33CCCC33FFCC6600CC6633CC6666CC6699CC66CCCC66FFCC9900CC9933CC9966CC9999CC99CCCC99FFCCCC00CCCC33CCCC66CCCC99CCCCCCCCCCFFCCFF00CCFF33CCFF66CCFF99CCFFCCCCFFFFFF0000FF0033FF0066FF0099FF00CCFF00FFFF3300FF3333
310
FF3366FF3399FF33CCFF33FFFF6600FF6633FF6666FF6699FF66CCFF66FFFF9900FF9933FF9966FF9999FF99CCFF99FFFFCC00FFCC33FFCC66FFCC99FFCCCCFFCCFFFFFF00FFFF33FFFF66FFFF99FFFFCCFFFFFF0000000D0D0D1A1A1A2828283535354343435050505D5D5D6B6B6B787878868686939393A1A1A1AEAEAEBB
310
BBBBC9C9C9D6D6D6E4E4E4F1F1F1FFFFFF0000000000000000000000000000000000000000000000000000000000002E4550F10000018F4944415478DAEDDD4B6EC2301440516FA8FB5F99E72D892B91304005A96A738F4108D9A35C9EDFDF788C5F1EF3C918571F007CBDBE3F761CDBE4DD7C0EC00C03984500C71DBFBD29
310
C196127C6799045C47023E4EA32301009C018C1800B18058E0C5C5CB48C0EBAB1C2100000000000000000000000000000000000000000000F88700E404F35961C5D1338EB0127CFCD543006E15D10560AB8DEE055200725BE0A4F9934AB00C802B0C00004725D003B0B7CB7601EC767086016CCF3FDB1230E31230EF2701A8
310
B9C26767B8170BAC90280A60CE7574AA0B609E0C6151020EAE500FC058E7E7CA000600B72FFBF1110000A00358017E004F502C108A06673A1A940F90129B4B117601A80BA80BB425205F1B541DFED93200000000002B703547E830C713140B04254042448F503E27D8B502F5ACF0CA07D69BA4DA95A1A147488FD000408708
310
00B6002BD07584F408853DC1F5E4F1169991CF0801106F9119F1B4B8BA80BAC08CF708D5B2C22E59F1676A6F2C0300001D400248C0950014EF1CCDDF3AEBDEE1FACDD394E0DF02F009CDB34F858C50ED450000000049454E44AE426082
  0
ENDSEC
  0
EOF
