  0
SECTION
  2
HEADER
  9
$ACADVER
  1
AC1032
  9
$ACADMAINTVER
 90
       55
  9
$DWGCODEPAGE
  3
ANSI_936
  9
$LASTSAVEDBY
  1
zongti2
  9
$REQUIREDVERSIONS
160
                 0
  9
$INSBASE
 10
0.0
 20
0.0
 30
0.0
  9
$EXTMIN
 10
-0.2500000003799698
 20
0.0
 30
0.0
  9
$EXTMAX
 10
32.25000000075997
 20
129.99999999948
 30
0.0
  9
$LIMMIN
 10
0.0
 20
0.0
  9
$LIMMAX
 10
22.0
 20
17.0
  9
$ORTHOMODE
 70
     0
  9
$REGENMODE
 70
     1
  9
$FILLMODE
 70
     1
  9
$QTEXTMODE
 70
     0
  9
$MIRRTEXT
 70
     0
  9
$LTSCALE
 40
1.21
  9
$ATTMODE
 70
     1
  9
$TEXTSIZE
 40
0.2
  9
$TRACEWID
 40
0.05
  9
$TEXTSTYLE
  7
STANDARD
  9
$CLAYER
  8
0
  9
$CELTYPE
  6
BYLAYER
  9
$CECOLOR
 62
   256
  9
$CELTSCALE
 40
1.0
  9
$DISPSILH
 70
     0
  9
$DIMSCALE
 40
1.0
  9
$DIMASZ
 40
0.1875
  9
$DIMEXO
 40
0.0625
  9
$DIMDLI
 40
0.836
  9
$DIMRND
 40
0.0
  9
$DIMDLE
 40
0.0
  9
$DIMEXE
 40
0.125
  9
$DIMTP
 40
0.0
  9
$DIMTM
 40
0.0
  9
$DIMTXT
 40
0.15625
  9
$DIMCEN
 40
0.198
  9
$DIMTSZ
 40
0.0
  9
$DIMTOL
 70
     0
  9
$DIMLIM
 70
     0
  9
$DIMTIH
 70
     1
  9
$DIMTOH
 70
     1
  9
$DIMSE1
 70
     0
  9
$DIMSE2
 70
     0
  9
$DIMTAD
 70
     0
  9
$DIMZIN
 70
     0
  9
$DIMBLK
  1
FILLED
  9
$DIMASO
 70
     1
  9
$DIMSHO
 70
     1
  9
$DIMPOST
  1

  9
$DIMAPOST
  1

  9
$DIMALT
 70
     0
  9
$DIMALTD
 70
     2
  9
$DIMALTF
 40
25.4
  9
$DIMLFAC
 40
1.0
  9
$DIMTOFL
 70
     0
  9
$DIMTVP
 40
0.0
  9
$DIMTIX
 70
     0
  9
$DIMSOXD
 70
     0
  9
$DIMSAH
 70
     0
  9
$DIMBLK1
  1

  9
$DIMBLK2
  1

  9
$DIMSTYLE
  2
STANDARD
  9
$DIMCLRD
 70
     0
  9
$DIMCLRE
 70
     0
  9
$DIMCLRT
 70
     0
  9
$DIMTFAC
 40
1.0
  9
$DIMGAP
 40
0.09
  9
$DIMJUST
 70
     0
  9
$DIMSD1
 70
     0
  9
$DIMSD2
 70
     0
  9
$DIMTOLJ
 70
     1
  9
$DIMTZIN
 70
     0
  9
$DIMALTZ
 70
     0
  9
$DIMALTTZ
 70
     0
  9
$DIMUPT
 70
     0
  9
$DIMDEC
 70
     4
  9
$DIMTDEC
 70
     4
  9
$DIMALTU
 70
     2
  9
$DIMALTTD
 70
     2
  9
$DIMTXSTY
  7
STANDARD
  9
$DIMAUNIT
 70
     0
  9
$DIMADEC
 70
     0
  9
$DIMALTRND
 40
0.0
  9
$DIMAZIN
 70
     0
  9
$DIMDSEP
 70
    46
  9
$DIMATFIT
 70
     3
  9
$DIMFRAC
 70
     0
  9
$DIMLDRBLK
  1

  9
$DIMLUNIT
 70
     2
  9
$DIMLWD
 70
    -2
  9
$DIMLWE
 70
    -2
  9
$DIMTMOVE
 70
     0
  9
$DIMFXL
 40
1.0
  9
$DIMFXLON
 70
     0
  9
$DIMJOGANG
 40
0.7853981633974483
  9
$DIMTFILL
 70
     0
  9
$DIMTFILLCLR
 70
     0
  9
$DIMARCSYM
 70
     0
  9
$DIMLTYPE
  6

  9
$DIMLTEX1
  6

  9
$DIMLTEX2
  6

  9
$DIMTXTDIRECTION
 70
     0
  9
$LUNITS
 70
     2
  9
$LUPREC
 70
     4
  9
$SKETCHINC
 40
0.1
  9
$FILLETRAD
 40
0.0
  9
$AUNITS
 70
     0
  9
$AUPREC
 70
     0
  9
$MENU
  1
.
  9
$ELEVATION
 40
0.0
  9
$PELEVATION
 40
0.0
  9
$THICKNESS
 40
0.0
  9
$LIMCHECK
 70
     0
  9
$CHAMFERA
 40
0.0
  9
$CHAMFERB
 40
0.0
  9
$CHAMFERC
 40
0.0
  9
$CHAMFERD
 40
0.0
  9
$SKPOLY
 70
     0
  9
$TDCREATE
 40
2460811.661226852
  9
$TDUCREATE
 40
2460811.327893519
  9
$TDUPDATE
 40
2461307.704837234
  9
$TDUUPDATE
 40
2461307.371503901
  9
$TDINDWG
 40
0.0006134259
  9
$TDUSRTIMER
 40
0.0006134259
  9
$USRTIMER
 70
     1
  9
$ANGBASE
 50
0.0
  9
$ANGDIR
 70
     0
  9
$PDMODE
 70
     3
  9
$PDSIZE
 40
0.3125
  9
$PLINEWID
 40
0.0
  9
$SPLFRAME
 70
     0
  9
$SPLINETYPE
 70
     6
  9
$SPLINESEGS
 70
     8
  9
$HANDSEED
  5
CE7
  9
$SURFTAB1
 70
     6
  9
$SURFTAB2
 70
     6
  9
$SURFTYPE
 70
     6
  9
$SURFU
 70
     6
  9
$SURFV
 70
     6
  9
$UCSBASE
  2

  9
$UCSNAME
  2

  9
$UCSORG
 10
0.0
 20
0.0
 30
0.0
  9
$UCSXDIR
 10
1.0
 20
0.0
 30
0.0
  9
$UCSYDIR
 10
0.0
 20
1.0
 30
0.0
  9
$UCSORTHOREF
  2

  9
$UCSORTHOVIEW
 70
     0
  9
$UCSORGTOP
 10
0.0
 20
0.0
 30
0.0
  9
$UCSORGBOTTOM
 10
0.0
 20
0.0
 30
0.0
  9
$UCSORGLEFT
 10
0.0
 20
0.0
 30
0.0
  9
$UCSORGRIGHT
 10
0.0
 20
0.0
 30
0.0
  9
$UCSORGFRONT
 10
0.0
 20
0.0
 30
0.0
  9
$UCSORGBACK
 10
0.0
 20
0.0
 30
0.0
  9
$PUCSBASE
  2

  9
$PUCSNAME
  2

  9
$PUCSORG
 10
0.0
 20
0.0
 30
0.0
  9
$PUCSXDIR
 10
1.0
 20
0.0
 30
0.0
  9
$PUCSYDIR
 10
0.0
 20
1.0
 30
0.0
  9
$PUCSORTHOREF
  2

  9
$PUCSORTHOVIEW
 70
     0
  9
$PUCSORGTOP
 10
0.0
 20
0.0
 30
0.0
  9
$PUCSORGBOTTOM
 10
0.0
 20
0.0
 30
0.0
  9
$PUCSORGLEFT
 10
0.0
 20
0.0
 30
0.0
  9
$PUCSORGRIGHT
 10
0.0
 20
0.0
 30
0.0
  9
$PUCSORGFRONT
 10
0.0
 20
0.0
 30
0.0
  9
$PUCSORGBACK
 10
0.0
 20
0.0
 30
0.0
  9
$USERI1
 70
     0
  9
$USERI2
 70
     0
  9
$USERI3
 70
     0
  9
$USERI4
 70
     0
  9
$USERI5
 70
     0
  9
$USERR1
 40
0.0
  9
$USERR2
 40
0.0
  9
$USERR3
 40
0.0
  9
$USERR4
 40
0.0
  9
$USERR5
 40
0.0
  9
$WORLDVIEW
 70
     1
  9
$SHADEDGE
 70
     3
  9
$SHADEDIF
 70
    70
  9
$TILEMODE
 70
     1
  9
$MAXACTVP
 70
    64
  9
$PINSBASE
 10
0.0
 20
0.0
 30
0.0
  9
$PLIMCHECK
 70
     0
  9
$PEXTMIN
 10
1.000000000000000E+20
 20
1.000000000000000E+20
 30
1.000000000000000E+20
  9
$PEXTMAX
 10
-1.000000000000000E+20
 20
-1.000000000000000E+20
 30
-1.000000000000000E+20
  9
$PLIMMIN
 10
0.0
 20
0.0
  9
$PLIMMAX
 10
12.0
 20
9.0
  9
$UNITMODE
 70
     0
  9
$VISRETAIN
 70
     1
  9
$PLINEGEN
 70
     0
  9
$PSLTSCALE
 70
     1
  9
$TREEDEPTH
 70
  3020
  9
$CMLSTYLE
  2
Standard
  9
$CMLJUST
 70
     0
  9
$CMLSCALE
 40
1.0
  9
$PROXYGRAPHICS
 70
     1
  9
$MEASUREMENT
 70
     0
  9
$CELWEIGHT
370
    -1
  9
$ENDCAPS
280
     0
  9
$JOINSTYLE
280
     0
  9
$LWDISPLAY
290
     0
  9
$INSUNITS
 70
     1
  9
$HYPERLINKBASE
  1

  9
$STYLESHEET
  1

  9
$XEDIT
290
     1
  9
$CEPSNTYPE
380
     0
  9
$PSTYLEMODE
290
     1
  9
$FINGERPRINTGUID
  2
{7EF28189-81D0-9545-9500-93B43780F49A}
  9
$VERSIONGUID
  2
{599D7790-A703-7749-B6EC-D9A4E5CF112A}
  9
$EXTNAMES
290
     1
  9
$PSVPSCALE
 40
0.0
  9
$OLESTARTUP
290
     0
  9
$SORTENTS
280
   127
  9
$INDEXCTL
280
     0
  9
$HIDETEXT
280
     1
  9
$XCLIPFRAME
280
     2
  9
$HALOGAP
280
     0
  9
$OBSCOLOR
 70
   257
  9
$OBSLTYPE
280
     0
  9
$INTERSECTIONDISPLAY
280
     0
  9
$INTERSECTIONCOLOR
 70
   257
  9
$DIMASSOC
280
     2
  9
$PROJECTNAME
  1

  9
$CAMERADISPLAY
290
     0
  9
$LENSLENGTH
 40
50.0
  9
$CAMERAHEIGHT
 40
0.0
  9
$STEPSPERSEC
 40
2.0
  9
$STEPSIZE
 40
6.0
  9
$3DDWFPREC
 40
2.0
  9
$PSOLWIDTH
 40
0.25
  9
$PSOLHEIGHT
 40
4.0
  9
$LOFTANG1
 40
1.570796326794897
  9
$LOFTANG2
 40
1.570796326794897
  9
$LOFTMAG1
 40
0.0
  9
$LOFTMAG2
 40
0.0
  9
$LOFTPARAM
 70
     7
  9
$LOFTNORMALS
280
     1
  9
$LATITUDE
 40
37.795
  9
$LONGITUDE
 40
-122.394
  9
$NORTHDIRECTION
 40
0.0
  9
$TIMEZONE
 70
 -8000
  9
$LIGHTGLYPHDISPLAY
280
     1
  9
$TILEMODELIGHTSYNCH
280
     1
  9
$CMATERIAL
347
C82
  9
$SOLIDHIST
280
     0
  9
$SHOWHIST
280
     1
  9
$DWFFRAME
280
     2
  9
$DGNFRAME
280
     0
  9
$REALWORLDSCALE
290
     1
  9
$INTERFERECOLOR
 62
     1
  9
$CSHADOW
280
     0
  9
$SHADOWPLANELOCATION
 40
0.0
  0
ENDSEC
  0
SECTION
  2
CLASSES
  0
CLASS
  1
ACDBDICTIONARYWDFLT
  2
AcDbDictionaryWithDefault
  3
ObjectDBX Classes
 90
        0
 91
        3
280
     0
281
     0
  0
CLASS
  1
ACDBPLACEHOLDER
  2
AcDbPlaceHolder
  3
ObjectDBX Classes
 90
        0
 91
        1
280
     0
281
     0
  0
CLASS
  1
LAYOUT
  2
AcDbLayout
  3
ObjectDBX Classes
 90
        0
 91
        1
280
     0
281
     0
  0
CLASS
  1
MATERIAL
  2
AcDbMaterial
  3
ObjectDBX Classes
 90
     1153
 91
        3
280
     0
281
     0
  0
CLASS
  1
VISUALSTYLE
  2
AcDbVisualStyle
  3
ObjectDBX Classes
 90
     4095
 91
        3
280
     0
281
     0
  0
CLASS
  1
TABLESTYLE
  2
AcDbTableStyle
  3
ObjectDBX Classes
 90
     4095
 91
        3
280
     0
281
     0
  0
CLASS
  1
SCALE
  2
AcDbScale
  3
ObjectDBX Classes
 90
     1153
 91
        3
280
     0
281
     0
  0
CLASS
  1
MLEADERSTYLE
  2
AcDbMLeaderStyle
  3
ACDB_MLEADERSTYLE_CLASS
 90
     4095
 91
        3
280
     0
281
     0
  0
CLASS
  1
ACDBSECTIONVIEWSTYLE
  2
AcDbSectionViewStyle
  3
ObjectDBX Classes
 90
     1025
 91
        3
280
     0
281
     0
  0
CLASS
  1
ACDBDETAILVIEWSTYLE
  2
AcDbDetailViewStyle
  3
ObjectDBX Classes
 90
     1025
 91
        3
280
     0
281
     0
  0
CLASS
  1
DICTIONARYVAR
  2
AcDbDictionaryVar
  3
ObjectDBX Classes
 90
        0
 91
        3
280
     0
281
     0
  0
CLASS
  1
CELLSTYLEMAP
  2
AcDbCellStyleMap
  3
ObjectDBX Classes
 90
     1152
 91
        3
280
     0
281
     0
  0
ENDSEC
  0
SECTION
  2
TABLES
  0
TABLE
  2
VPORT
  5
8
330
0
100
AcDbSymbolTable
 70
     1
  0
VPORT
  5
1F4
330
8
100
AcDbSymbolTableRecord
100
AcDbViewportTableRecord
  2
*ACTIVE
 70
     0
 10
0.0
 20
0.0
 11
1.0
 21
1.0
 12
16.00000000019003
 22
64.99999999973997
 13
0.0
 23
0.0
 14
1.0
 24
1.0
 15
0.0
 25
0.0
 16
0.0
 26
0.0
 36
1.0
 17
0.0
 27
0.0
 37
0.0
 40
130.960591132481
 41
2.00616522811344
 42
50.0
 43
0.0
 44
0.0
 50
0.0
 51
0.0
 71
     0
 72
   100
 73
     1
 74
     1
 75
     0
 76
     0
 77
     0
 78
     0
281
     0
 65
     1
110
0.0
120
0.0
130
0.0
111
1.0
121
0.0
131
0.0
112
0.0
122
1.0
132
0.0
 79
     0
146
0.0
348
CA0
 60
     3
 61
     5
292
     1
282
     1
141
0.0
142
0.0
 63
   250
421
  3355443
1001
ACAD_NAV_VCDISPLAY
1070
     3
  0
ENDTAB
  0
TABLE
  2
LTYPE
  5
5
330
0
100
AcDbSymbolTable
 70
     6
  0
LTYPE
  5
14
330
5
100
AcDbSymbolTableRecord
100
AcDbLinetypeTableRecord
  2
BYBLOCK
 70
     0
  3

 72
    65
 73
     0
 40
0.0
  0
LTYPE
  5
15
330
5
100
AcDbSymbolTableRecord
100
AcDbLinetypeTableRecord
  2
BYLAYER
 70
     0
  3

 72
    65
 73
     0
 40
0.0
  0
LTYPE
  5
16
330
5
100
AcDbSymbolTableRecord
100
AcDbLinetypeTableRecord
  2
CONTINUOUS
 70
     0
  3
Solid line
 72
    65
 73
     0
 40
0.0
  0
LTYPE
  5
1F5
330
5
100
AcDbSymbolTableRecord
100
AcDbLinetypeTableRecord
  2
CENTER
 70
     0
  3
____ _ ____ _ ____ _ ____ _ ____ _ ____ _ ____
 72
    65
 73
     4
 40
0.6
 49
0.375
 74
     0
 49
-0.075
 74
     0
 49
0.075
 74
     0
 49
-0.075
 74
     0
  0
LTYPE
  5
1F6
330
5
100
AcDbSymbolTableRecord
100
AcDbLinetypeTableRecord
  2
HIDDEN
 70
     0
  3
- - - - - - - - - - - - - - - - - - - -
 72
    65
 73
     2
 40
0.2
 49
0.1
 74
     0
 49
-0.1
 74
     0
  0
LTYPE
  5
1F7
330
5
100
AcDbSymbolTableRecord
100
AcDbLinetypeTableRecord
  2
PHANTOM
 70
     0
  3
_____ _ _ _____ _ _ _____ _ _ _____
 72
    65
 73
     6
 40
0.8
 49
0.45
 74
     0
 49
-0.05
 74
     0
 49
0.1
 74
     0
 49
-0.05
 74
     0
 49
0.1
 74
     0
 49
-0.05
 74
     0
  0
LTYPE
  5
1F8
330
5
100
AcDbSymbolTableRecord
100
AcDbLinetypeTableRecord
  2
DOT
 70
     0
  3
. . . . . . . . . . . . . . . . . . . .
 72
    65
 73
     2
 40
0.2
 49
0.1
 74
     0
 49
-0.1
 74
     0
  0
LTYPE
  5
1F9
330
5
100
AcDbSymbolTableRecord
100
AcDbLinetypeTableRecord
  2
DASHED
 70
     0
  3
- - - - - - - - - - - - - - - - - - - -
 72
    65
 73
     2
 40
0.2
 49
0.1
 74
     0
 49
-0.1
 74
     0
  0
ENDTAB
  0
TABLE
  2
LAYER
  5
2
102
{ACAD_XDICTIONARY
360
CDD
102
}
330
0
100
AcDbSymbolTable
 70
   180
  0
LAYER
  5
10
330
2
100
AcDbSymbolTableRecord
100
AcDbLayerTableRecord
  2
0
 70
     0
 62
     7
  6
CONTINUOUS
370
    -3
390
F
347
C92
348
0
  0
LAYER
  5
1FA
330
2
100
AcDbSymbolTableRecord
100
AcDbLayerTableRecord
  2
DEFAULT_1
 70
     0
 62
     7
  6
CENTER
370
    -3
390
F
347
C92
348
0
  0
LAYER
  5
1FB
330
2
100
AcDbSymbolTableRecord
100
AcDbLayerTableRecord
  2
DEFAULT_2
 70
     0
 62
     8
  6
HIDDEN
370
    -3
390
F
347
C92
348
0
  0
LAYER
  5
1FC
330
2
100
AcDbSymbolTableRecord
100
AcDbLayerTableRecord
  2
DEFAULT_3
 70
     0
 62
     7
  6
PHANTOM
370
    -3
390
F
347
C92
348
0
  0
LAYER
  5
1FD
330
2
100
AcDbSymbolTableRecord
100
AcDbLayerTableRecord
  2
01_ALL_DTM_PLN
 70
     0
 62
     7
  6
CONTINUOUS
370
    -3
390
F
347
C92
348
0
  0
LAYER
  5
1FE
330
2
100
AcDbSymbolTableRecord
100
AcDbLayerTableRecord
  2
01__ASM_ALL_DTM_PLN
 70
     0
 62
     7
  6
CONTINUOUS
370
    -3
390
F
347
C92
348
0
  0
LAYER
  5
1FF
330
2
100
AcDbSymbolTableRecord
100
AcDbLayerTableRecord
  2
01__ASM_DEF_DTM_PLN
 70
     0
 62
     7
  6
CONTINUOUS
370
    -3
390
F
347
C92
348
0
  0
LAYER
  5
200
330
2
100
AcDbSymbolTableRecord
100
AcDbLayerTableRecord
  2
01___PRT_ALL_DTM_PLN
 70
     0
 62
     7
  6
CONTINUOUS
370
    -3
390
F
347
C92
348
0
  0
LAYER
  5
201
330
2
100
AcDbSymbolTableRecord
100
AcDbLayerTableRecord
  2
01___PRT_DEF_DTM_PLN
 70
     0
 62
     7
  6
CONTINUOUS
370
    -3
390
F
347
C92
348
0
  0
LAYER
  5
202
330
2
100
AcDbSymbolTableRecord
100
AcDbLayerTableRecord
  2
02_ALL_AXES
 70
     0
 62
     7
  6
CONTINUOUS
370
    -3
390
F
347
C92
348
0
  0
LAYER
  5
203
330
2
100
AcDbSymbolTableRecord
100
AcDbLayerTableRecord
  2
02__ASM_ALL_AXES
 70
     0
 62
     7
  6
CONTINUOUS
370
    -3
390
F
347
C92
348
0
  0
LAYER
  5
204
330
2
100
AcDbSymbolTableRecord
100
AcDbLayerTableRecord
  2
02___PRT_ALL_AXES
 70
     0
 62
     7
  6
CONTINUOUS
370
    -3
390
F
347
C92
348
0
  0
LAYER
  5
205
330
2
100
AcDbSymbolTableRecord
100
AcDbLayerTableRecord
  2
03_ALL_CURVES
 70
     0
 62
     7
  6
CONTINUOUS
370
    -3
390
F
347
C92
348
0
  0
LAYER
  5
206
330
2
100
AcDbSymbolTableRecord
100
AcDbLayerTableRecord
  2
03__ASM_ALL_CURVES
 70
     0
 62
     7
  6
CONTINUOUS
370
    -3
390
F
347
C92
348
0
  0
LAYER
  5
207
330
2
100
AcDbSymbolTableRecord
100
AcDbLayerTableRecord
  2
03___PRT_ALL_CURVES
 70
     0
 62
     7
  6
CONTINUOUS
370
    -3
390
F
347
C92
348
0
  0
LAYER
  5
208
330
2
100
AcDbSymbolTableRecord
100
AcDbLayerTableRecord
  2
04_ALL_DTM_PNT
 70
     0
 62
     7
  6
CONTINUOUS
370
    -3
390
F
347
C92
348
0
  0
LAYER
  5
209
330
2
100
AcDbSymbolTableRecord
100
AcDbLayerTableRecord
  2
04__ASM_ALL_DTM_PNT
 70
     0
 62
     7
  6
CONTINUOUS
370
    -3
390
F
347
C92
348
0
  0
LAYER
  5
20A
330
2
100
AcDbSymbolTableRecord
100
AcDbLayerTableRecord
  2
04___PRT_ALL_DTM_PNT
 70
     0
 62
     7
  6
CONTINUOUS
370
    -3
390
F
347
C92
348
0
  0
LAYER
  5
20B
330
2
100
AcDbSymbolTableRecord
100
AcDbLayerTableRecord
  2
05_ALL_DTM_CSYS
 70
     0
 62
     7
  6
CONTINUOUS
370
    -3
390
F
347
C92
348
0
  0
LAYER
  5
20C
330
2
100
AcDbSymbolTableRecord
100
AcDbLayerTableRecord
  2
05__ASM_ALL_DTM_CSYS
 70
     0
 62
     7
  6
CONTINUOUS
370
    -3
390
F
347
C92
348
0
  0
LAYER
  5
20D
330
2
100
AcDbSymbolTableRecord
100
AcDbLayerTableRecord
  2
05__ASM_DEF_DTM_CSYS
 70
     0
 62
     7
  6
CONTINUOUS
370
    -3
390
F
347
C92
348
0
  0
LAYER
  5
20E
330
2
100
AcDbSymbolTableRecord
100
AcDbLayerTableRecord
  2
05___PRT_ALL_DTM_CSYS
 70
     0
 62
     7
  6
CONTINUOUS
370
    -3
390
F
347
C92
348
0
  0
LAYER
  5
20F
330
2
100
AcDbSymbolTableRecord
100
AcDbLayerTableRecord
  2
05___PRT_DEF_DTM_CSYS
 70
     0
 62
     7
  6
CONTINUOUS
370
    -3
390
F
347
C92
348
0
  0
LAYER
  5
210
330
2
100
AcDbSymbolTableRecord
100
AcDbLayerTableRecord
  2
06_ALL_SURFS
 70
     0
 62
     7
  6
CONTINUOUS
370
    -3
390
F
347
C92
348
0
  0
LAYER
  5
211
330
2
100
AcDbSymbolTableRecord
100
AcDbLayerTableRecord
  2
06__ASM_ALL_SURFS
 70
     0
 62
     7
  6
CONTINUOUS
370
    -3
390
F
347
C92
348
0
  0
LAYER
  5
212
330
2
100
AcDbSymbolTableRecord
100
AcDbLayerTableRecord
  2
06___PRT_ALL_SURFS
 70
     0
 62
     7
  6
CONTINUOUS
370
    -3
390
F
347
C92
348
0
  0
LAYER
  5
213
330
2
100
AcDbSymbolTableRecord
100
AcDbLayerTableRecord
  2
07__ASM_ALL_SKELETONS
 70
     0
 62
     7
  6
CONTINUOUS
370
    -3
390
F
347
C92
348
0
  0
LAYER
  5
214
330
2
100
AcDbSymbolTableRecord
100
AcDbLayerTableRecord
  2
17623-1_ASM
 70
     0
 62
     7
  6
CONTINUOUS
370
    -3
390
F
347
C92
348
0
  0
LAYER
  5
215
330
2
100
AcDbSymbolTableRecord
100
AcDbLayerTableRecord
  2
1762ZHONG_ASM
 70
     0
 62
     7
  6
CONTINUOUS
370
    -3
390
F
347
C92
348
0
  0
LAYER
  5
216
330
2
100
AcDbSymbolTableRecord
100
AcDbLayerTableRecord
  2
1_ALL_PLANES
 70
     0
 62
     7
  6
CONTINUOUS
370
    -3
390
F
347
C92
348
0
  0
LAYER
  5
217
330
2
100
AcDbSymbolTableRecord
100
AcDbLayerTableRecord
  2
2_ALL_CSYS
 70
     0
 62
     7
  6
CONTINUOUS
370
    -3
390
F
347
C92
348
0
  0
LAYER
  5
218
330
2
100
AcDbSymbolTableRecord
100
AcDbLayerTableRecord
  2
3_ALL_AXES
 70
     0
 62
     7
  6
CONTINUOUS
370
    -3
390
F
347
C92
348
0
  0
LAYER
  5
219
330
2
100
AcDbSymbolTableRecord
100
AcDbLayerTableRecord
  2
4_ALL_POINTS
 70
     0
 62
     7
  6
CONTINUOUS
370
    -3
390
F
347
C92
348
0
  0
LAYER
  5
21A
330
2
100
AcDbSymbolTableRecord
100
AcDbLayerTableRecord
  2
7_ALL_FEATURES
 70
     0
 62
     7
  6
CONTINUOUS
370
    -3
390
F
347
C92
348
0
  0
LAYER
  5
21B
330
2
100
AcDbSymbolTableRecord
100
AcDbLayerTableRecord
  2
ASM0002_ASM
 70
     0
 62
     7
  6
CONTINUOUS
370
    -3
390
F
347
C92
348
0
  0
LAYER
  5
21C
330
2
100
AcDbSymbolTableRecord
100
AcDbLayerTableRecord
  2
ASM0003_ASM
 70
     0
 62
     7
  6
CONTINUOUS
370
    -3
390
F
347
C92
348
0
  0
LAYER
  5
21D
330
2
100
AcDbSymbolTableRecord
100
AcDbLayerTableRecord
  2
ASM0004_ASM
 70
     0
 62
     7
  6
CONTINUOUS
370
    -3
390
F
347
C92
348
0
  0
LAYER
  5
21E
330
2
100
AcDbSymbolTableRecord
100
AcDbLayerTableRecord
  2
ASM0005_ASM_2_ASM
 70
     0
 62
     7
  6
CONTINUOUS
370
    -3
390
F
347
C92
348
0
  0
LAYER
  5
21F
330
2
100
AcDbSymbolTableRecord
100
AcDbLayerTableRecord
  2
AXES
 70
     0
 62
     7
  6
CONTINUOUS
370
    -3
390
F
347
C92
348
0
  0
LAYER
  5
220
330
2
100
AcDbSymbolTableRecord
100
AcDbLayerTableRecord
  2
CLOSED_SHELL
 70
     0
 62
     7
  6
CONTINUOUS
370
    -3
390
F
347
C92
348
0
  0
LAYER
  5
221
330
2
100
AcDbSymbolTableRecord
100
AcDbLayerTableRecord
  2
CURVERS
 70
     0
 62
     7
  6
CONTINUOUS
370
    -3
390
F
347
C92
348
0
  0
LAYER
  5
222
330
2
100
AcDbSymbolTableRecord
100
AcDbLayerTableRecord
  2
ECAD_C0603M
 70
     0
 62
     7
  6
CONTINUOUS
370
    -3
390
F
347
C92
348
0
  0
LAYER
  5
223
330
2
100
AcDbSymbolTableRecord
100
AcDbLayerTableRecord
  2
ECAD_C1206M
 70
     0
 62
     7
  6
CONTINUOUS
370
    -3
390
F
347
C92
348
0
  0
LAYER
  5
224
330
2
100
AcDbSymbolTableRecord
100
AcDbLayerTableRecord
  2
ECAD_C1812M
 70
     0
 62
     7
  6
CONTINUOUS
370
    -3
390
F
347
C92
348
0
  0
LAYER
  5
225
330
2
100
AcDbSymbolTableRecord
100
AcDbLayerTableRecord
  2
ECAD_MARK
 70
     0
 62
     7
  6
CONTINUOUS
370
    -3
390
F
347
C92
348
0
  0
LAYER
  5
226
330
2
100
AcDbSymbolTableRecord
100
AcDbLayerTableRecord
  2
ECAD_R0603M
 70
     0
 62
     7
  6
CONTINUOUS
370
    -3
390
F
347
C92
348
0
  0
LAYER
  5
227
330
2
100
AcDbSymbolTableRecord
100
AcDbLayerTableRecord
  2
ECAD_SHINNING_1761-601-66-N
 70
     0
 62
     7
  6
CONTINUOUS
370
    -3
390
F
347
C92
348
0
  0
LAYER
  5
228
330
2
100
AcDbSymbolTableRecord
100
AcDbLayerTableRecord
  2
ECAD_SOP64P600X175-16M_MO-137AB
 70
     0
 62
     7
  6
CONTINUOUS
370
    -3
390
F
347
C92
348
0
  0
LAYER
  5
229
330
2
100
AcDbSymbolTableRecord
100
AcDbLayerTableRecord
  2
ECAD_SOP65P640X120-16M_MO-153AB
 70
     0
 62
     7
  6
CONTINUOUS
370
    -3
390
F
347
C92
348
0
  0
LAYER
  5
22A
330
2
100
AcDbSymbolTableRecord
100
AcDbLayerTableRecord
  2
ECAD_SOT95P237X112-3M_TO-236AB
 70
     0
 62
     7
  6
CONTINUOUS
370
    -3
390
F
347
C92
348
0
  0
LAYER
  5
22B
330
2
100
AcDbSymbolTableRecord
100
AcDbLayerTableRecord
  2
HOUSING_AF1_1
 70
     0
 62
     7
  6
CONTINUOUS
370
    -3
390
F
347
C92
348
0
  0
LAYER
  5
22C
330
2
100
AcDbSymbolTableRecord
100
AcDbLayerTableRecord
  2
INTF_RED
 70
     0
 62
     7
  6
CONTINUOUS
370
    -3
390
F
347
C92
348
0
  0
LAYER
  5
22D
330
2
100
AcDbSymbolTableRecord
100
AcDbLayerTableRecord
  2
INTF_YELLOW
 70
     0
 62
     7
  6
CONTINUOUS
370
    -3
390
F
347
C92
348
0
  0
LAYER
  5
22E
330
2
100
AcDbSymbolTableRecord
100
AcDbLayerTableRecord
  2
PLANES
 70
     0
 62
     7
  6
CONTINUOUS
370
    -3
390
F
347
C92
348
0
  0
LAYER
  5
22F
330
2
100
AcDbSymbolTableRecord
100
AcDbLayerTableRecord
  2
PLUGTERMINAL
 70
     0
 62
     7
  6
CONTINUOUS
370
    -3
390
F
347
C92
348
0
  0
LAYER
  5
230
330
2
100
AcDbSymbolTableRecord
100
AcDbLayerTableRecord
  2
PLUGTERMINAL_1
 70
     0
 62
     7
  6
CONTINUOUS
370
    -3
390
F
347
C92
348
0
  0
LAYER
  5
231
330
2
100
AcDbSymbolTableRecord
100
AcDbLayerTableRecord
  2
PLUGTERMINAL_10
 70
     0
 62
     7
  6
CONTINUOUS
370
    -3
390
F
347
C92
348
0
  0
LAYER
  5
232
330
2
100
AcDbSymbolTableRecord
100
AcDbLayerTableRecord
  2
PLUGTERMINAL_11
 70
     0
 62
     7
  6
CONTINUOUS
370
    -3
390
F
347
C92
348
0
  0
LAYER
  5
233
330
2
100
AcDbSymbolTableRecord
100
AcDbLayerTableRecord
  2
PLUGTERMINAL_12
 70
     0
 62
     7
  6
CONTINUOUS
370
    -3
390
F
347
C92
348
0
  0
LAYER
  5
234
330
2
100
AcDbSymbolTableRecord
100
AcDbLayerTableRecord
  2
PLUGTERMINAL_13
 70
     0
 62
     7
  6
CONTINUOUS
370
    -3
390
F
347
C92
348
0
  0
LAYER
  5
235
330
2
100
AcDbSymbolTableRecord
100
AcDbLayerTableRecord
  2
PLUGTERMINAL_14
 70
     0
 62
     7
  6
CONTINUOUS
370
    -3
390
F
347
C92
348
0
  0
LAYER
  5
236
330
2
100
AcDbSymbolTableRecord
100
AcDbLayerTableRecord
  2
PLUGTERMINAL_15
 70
     0
 62
     7
  6
CONTINUOUS
370
    -3
390
F
347
C92
348
0
  0
LAYER
  5
237
330
2
100
AcDbSymbolTableRecord
100
AcDbLayerTableRecord
  2
PLUGTERMINAL_16
 70
     0
 62
     7
  6
CONTINUOUS
370
    -3
390
F
347
C92
348
0
  0
LAYER
  5
238
330
2
100
AcDbSymbolTableRecord
100
AcDbLayerTableRecord
  2
PLUGTERMINAL_17
 70
     0
 62
     7
  6
CONTINUOUS
370
    -3
390
F
347
C92
348
0
  0
LAYER
  5
239
330
2
100
AcDbSymbolTableRecord
100
AcDbLayerTableRecord
  2
PLUGTERMINAL_18
 70
     0
 62
     7
  6
CONTINUOUS
370
    -3
390
F
347
C92
348
0
  0
LAYER
  5
23A
330
2
100
AcDbSymbolTableRecord
100
AcDbLayerTableRecord
  2
PLUGTERMINAL_19
 70
     0
 62
     7
  6
CONTINUOUS
370
    -3
390
F
347
C92
348
0
  0
LAYER
  5
23B
330
2
100
AcDbSymbolTableRecord
100
AcDbLayerTableRecord
  2
PLUGTERMINAL_2
 70
     0
 62
     7
  6
CONTINUOUS
370
    -3
390
F
347
C92
348
0
  0
LAYER
  5
23C
330
2
100
AcDbSymbolTableRecord
100
AcDbLayerTableRecord
  2
PLUGTERMINAL_20
 70
     0
 62
     7
  6
CONTINUOUS
370
    -3
390
F
347
C92
348
0
  0
LAYER
  5
23D
330
2
100
AcDbSymbolTableRecord
100
AcDbLayerTableRecord
  2
PLUGTERMINAL_21
 70
     0
 62
     7
  6
CONTINUOUS
370
    -3
390
F
347
C92
348
0
  0
LAYER
  5
23E
330
2
100
AcDbSymbolTableRecord
100
AcDbLayerTableRecord
  2
PLUGTERMINAL_22
 70
     0
 62
     7
  6
CONTINUOUS
370
    -3
390
F
347
C92
348
0
  0
LAYER
  5
23F
330
2
100
AcDbSymbolTableRecord
100
AcDbLayerTableRecord
  2
PLUGTERMINAL_23
 70
     0
 62
     7
  6
CONTINUOUS
370
    -3
390
F
347
C92
348
0
  0
LAYER
  5
240
330
2
100
AcDbSymbolTableRecord
100
AcDbLayerTableRecord
  2
PLUGTERMINAL_24
 70
     0
 62
     7
  6
CONTINUOUS
370
    -3
390
F
347
C92
348
0
  0
LAYER
  5
241
330
2
100
AcDbSymbolTableRecord
100
AcDbLayerTableRecord
  2
PLUGTERMINAL_25
 70
     0
 62
     7
  6
CONTINUOUS
370
    -3
390
F
347
C92
348
0
  0
LAYER
  5
242
330
2
100
AcDbSymbolTableRecord
100
AcDbLayerTableRecord
  2
PLUGTERMINAL_26
 70
     0
 62
     7
  6
CONTINUOUS
370
    -3
390
F
347
C92
348
0
  0
LAYER
  5
243
330
2
100
AcDbSymbolTableRecord
100
AcDbLayerTableRecord
  2
PLUGTERMINAL_27
 70
     0
 62
     7
  6
CONTINUOUS
370
    -3
390
F
347
C92
348
0
  0
LAYER
  5
244
330
2
100
AcDbSymbolTableRecord
100
AcDbLayerTableRecord
  2
PLUGTERMINAL_28
 70
     0
 62
     7
  6
CONTINUOUS
370
    -3
390
F
347
C92
348
0
  0
LAYER
  5
245
330
2
100
AcDbSymbolTableRecord
100
AcDbLayerTableRecord
  2
PLUGTERMINAL_29
 70
     0
 62
     7
  6
CONTINUOUS
370
    -3
390
F
347
C92
348
0
  0
LAYER
  5
246
330
2
100
AcDbSymbolTableRecord
100
AcDbLayerTableRecord
  2
PLUGTERMINAL_3
 70
     0
 62
     7
  6
CONTINUOUS
370
    -3
390
F
347
C92
348
0
  0
LAYER
  5
247
330
2
100
AcDbSymbolTableRecord
100
AcDbLayerTableRecord
  2
PLUGTERMINAL_30
 70
     0
 62
     7
  6
CONTINUOUS
370
    -3
390
F
347
C92
348
0
  0
LAYER
  5
248
330
2
100
AcDbSymbolTableRecord
100
AcDbLayerTableRecord
  2
PLUGTERMINAL_31
 70
     0
 62
     7
  6
CONTINUOUS
370
    -3
390
F
347
C92
348
0
  0
LAYER
  5
249
330
2
100
AcDbSymbolTableRecord
100
AcDbLayerTableRecord
  2
PLUGTERMINAL_32
 70
     0
 62
     7
  6
CONTINUOUS
370
    -3
390
F
347
C92
348
0
  0
LAYER
  5
24A
330
2
100
AcDbSymbolTableRecord
100
AcDbLayerTableRecord
  2
PLUGTERMINAL_33
 70
     0
 62
     7
  6
CONTINUOUS
370
    -3
390
F
347
C92
348
0
  0
LAYER
  5
24B
330
2
100
AcDbSymbolTableRecord
100
AcDbLayerTableRecord
  2
PLUGTERMINAL_34
 70
     0
 62
     7
  6
CONTINUOUS
370
    -3
390
F
347
C92
348
0
  0
LAYER
  5
24C
330
2
100
AcDbSymbolTableRecord
100
AcDbLayerTableRecord
  2
PLUGTERMINAL_35
 70
     0
 62
     7
  6
CONTINUOUS
370
    -3
390
F
347
C92
348
0
  0
LAYER
  5
24D
330
2
100
AcDbSymbolTableRecord
100
AcDbLayerTableRecord
  2
PLUGTERMINAL_36
 70
     0
 62
     7
  6
CONTINUOUS
370
    -3
390
F
347
C92
348
0
  0
LAYER
  5
24E
330
2
100
AcDbSymbolTableRecord
100
AcDbLayerTableRecord
  2
PLUGTERMINAL_37
 70
     0
 62
     7
  6
CONTINUOUS
370
    -3
390
F
347
C92
348
0
  0
LAYER
  5
24F
330
2
100
AcDbSymbolTableRecord
100
AcDbLayerTableRecord
  2
PLUGTERMINAL_38
 70
     0
 62
     7
  6
CONTINUOUS
370
    -3
390
F
347
C92
348
0
  0
LAYER
  5
250
330
2
100
AcDbSymbolTableRecord
100
AcDbLayerTableRecord
  2
PLUGTERMINAL_39
 70
     0
 62
     7
  6
CONTINUOUS
370
    -3
390
F
347
C92
348
0
  0
LAYER
  5
251
330
2
100
AcDbSymbolTableRecord
100
AcDbLayerTableRecord
  2
PLUGTERMINAL_4
 70
     0
 62
     7
  6
CONTINUOUS
370
    -3
390
F
347
C92
348
0
  0
LAYER
  5
252
330
2
100
AcDbSymbolTableRecord
100
AcDbLayerTableRecord
  2
PLUGTERMINAL_40
 70
     0
 62
     7
  6
CONTINUOUS
370
    -3
390
F
347
C92
348
0
  0
LAYER
  5
253
330
2
100
AcDbSymbolTableRecord
100
AcDbLayerTableRecord
  2
PLUGTERMINAL_41
 70
     0
 62
     7
  6
CONTINUOUS
370
    -3
390
F
347
C92
348
0
  0
LAYER
  5
254
330
2
100
AcDbSymbolTableRecord
100
AcDbLayerTableRecord
  2
PLUGTERMINAL_42
 70
     0
 62
     7
  6
CONTINUOUS
370
    -3
390
F
347
C92
348
0
  0
LAYER
  5
255
330
2
100
AcDbSymbolTableRecord
100
AcDbLayerTableRecord
  2
PLUGTERMINAL_43
 70
     0
 62
     7
  6
CONTINUOUS
370
    -3
390
F
347
C92
348
0
  0
LAYER
  5
256
330
2
100
AcDbSymbolTableRecord
100
AcDbLayerTableRecord
  2
PLUGTERMINAL_44
 70
     0
 62
     7
  6
CONTINUOUS
370
    -3
390
F
347
C92
348
0
  0
LAYER
  5
257
330
2
100
AcDbSymbolTableRecord
100
AcDbLayerTableRecord
  2
PLUGTERMINAL_45
 70
     0
 62
     7
  6
CONTINUOUS
370
    -3
390
F
347
C92
348
0
  0
LAYER
  5
258
330
2
100
AcDbSymbolTableRecord
100
AcDbLayerTableRecord
  2
PLUGTERMINAL_46
 70
     0
 62
     7
  6
CONTINUOUS
370
    -3
390
F
347
C92
348
0
  0
LAYER
  5
259
330
2
100
AcDbSymbolTableRecord
100
AcDbLayerTableRecord
  2
PLUGTERMINAL_47
 70
     0
 62
     7
  6
CONTINUOUS
370
    -3
390
F
347
C92
348
0
  0
LAYER
  5
25A
330
2
100
AcDbSymbolTableRecord
100
AcDbLayerTableRecord
  2
PLUGTERMINAL_48
 70
     0
 62
     7
  6
CONTINUOUS
370
    -3
390
F
347
C92
348
0
  0
LAYER
  5
25B
330
2
100
AcDbSymbolTableRecord
100
AcDbLayerTableRecord
  2
PLUGTERMINAL_49
 70
     0
 62
     7
  6
CONTINUOUS
370
    -3
390
F
347
C92
348
0
  0
LAYER
  5
25C
330
2
100
AcDbSymbolTableRecord
100
AcDbLayerTableRecord
  2
PLUGTERMINAL_5
 70
     0
 62
     7
  6
CONTINUOUS
370
    -3
390
F
347
C92
348
0
  0
LAYER
  5
25D
330
2
100
AcDbSymbolTableRecord
100
AcDbLayerTableRecord
  2
PLUGTERMINAL_50
 70
     0
 62
     7
  6
CONTINUOUS
370
    -3
390
F
347
C92
348
0
  0
LAYER
  5
25E
330
2
100
AcDbSymbolTableRecord
100
AcDbLayerTableRecord
  2
PLUGTERMINAL_51
 70
     0
 62
     7
  6
CONTINUOUS
370
    -3
390
F
347
C92
348
0
  0
LAYER
  5
25F
330
2
100
AcDbSymbolTableRecord
100
AcDbLayerTableRecord
  2
PLUGTERMINAL_52
 70
     0
 62
     7
  6
CONTINUOUS
370
    -3
390
F
347
C92
348
0
  0
LAYER
  5
260
330
2
100
AcDbSymbolTableRecord
100
AcDbLayerTableRecord
  2
PLUGTERMINAL_53
 70
     0
 62
     7
  6
CONTINUOUS
370
    -3
390
F
347
C92
348
0
  0
LAYER
  5
261
330
2
100
AcDbSymbolTableRecord
100
AcDbLayerTableRecord
  2
PLUGTERMINAL_54
 70
     0
 62
     7
  6
CONTINUOUS
370
    -3
390
F
347
C92
348
0
  0
LAYER
  5
262
330
2
100
AcDbSymbolTableRecord
100
AcDbLayerTableRecord
  2
PLUGTERMINAL_55
 70
     0
 62
     7
  6
CONTINUOUS
370
    -3
390
F
347
C92
348
0
  0
LAYER
  5
263
330
2
100
AcDbSymbolTableRecord
100
AcDbLayerTableRecord
  2
PLUGTERMINAL_56
 70
     0
 62
     7
  6
CONTINUOUS
370
    -3
390
F
347
C92
348
0
  0
LAYER
  5
264
330
2
100
AcDbSymbolTableRecord
100
AcDbLayerTableRecord
  2
PLUGTERMINAL_57
 70
     0
 62
     7
  6
CONTINUOUS
370
    -3
390
F
347
C92
348
0
  0
LAYER
  5
265
330
2
100
AcDbSymbolTableRecord
100
AcDbLayerTableRecord
  2
PLUGTERMINAL_58
 70
     0
 62
     7
  6
CONTINUOUS
370
    -3
390
F
347
C92
348
0
  0
LAYER
  5
266
330
2
100
AcDbSymbolTableRecord
100
AcDbLayerTableRecord
  2
PLUGTERMINAL_59
 70
     0
 62
     7
  6
CONTINUOUS
370
    -3
390
F
347
C92
348
0
  0
LAYER
  5
267
330
2
100
AcDbSymbolTableRecord
100
AcDbLayerTableRecord
  2
PLUGTERMINAL_6
 70
     0
 62
     7
  6
CONTINUOUS
370
    -3
390
F
347
C92
348
0
  0
LAYER
  5
268
330
2
100
AcDbSymbolTableRecord
100
AcDbLayerTableRecord
  2
PLUGTERMINAL_7
 70
     0
 62
     7
  6
CONTINUOUS
370
    -3
390
F
347
C92
348
0
  0
LAYER
  5
269
330
2
100
AcDbSymbolTableRecord
100
AcDbLayerTableRecord
  2
PLUGTERMINAL_8
 70
     0
 62
     7
  6
CONTINUOUS
370
    -3
390
F
347
C92
348
0
  0
LAYER
  5
26A
330
2
100
AcDbSymbolTableRecord
100
AcDbLayerTableRecord
  2
PLUGTERMINAL_9
 70
     0
 62
     7
  6
CONTINUOUS
370
    -3
390
F
347
C92
348
0
  0
LAYER
  5
26B
330
2
100
AcDbSymbolTableRecord
100
AcDbLayerTableRecord
  2
POINTS
 70
     0
 62
     7
  6
CONTINUOUS
370
    -3
390
F
347
C92
348
0
  0
LAYER
  5
26C
330
2
100
AcDbSymbolTableRecord
100
AcDbLayerTableRecord
  2
PRT0002
 70
     0
 62
     7
  6
CONTINUOUS
370
    -3
390
F
347
C92
348
0
  0
LAYER
  5
26D
330
2
100
AcDbSymbolTableRecord
100
AcDbLayerTableRecord
  2
PRT0008
 70
     0
 62
     7
  6
CONTINUOUS
370
    -3
390
F
347
C92
348
0
  0
LAYER
  5
26E
330
2
100
AcDbSymbolTableRecord
100
AcDbLayerTableRecord
  2
PRT0009
 70
     0
 62
     7
  6
CONTINUOUS
370
    -3
390
F
347
C92
348
0
  0
LAYER
  5
26F
330
2
100
AcDbSymbolTableRecord
100
AcDbLayerTableRecord
  2
PRT0010
 70
     0
 62
     7
  6
CONTINUOUS
370
    -3
390
F
347
C92
348
0
  0
LAYER
  5
270
330
2
100
AcDbSymbolTableRecord
100
AcDbLayerTableRecord
  2
PRT0012
 70
     0
 62
     7
  6
CONTINUOUS
370
    -3
390
F
347
C92
348
0
  0
LAYER
  5
271
330
2
100
AcDbSymbolTableRecord
100
AcDbLayerTableRecord
  2
PRT0013
 70
     0
 62
     7
  6
CONTINUOUS
370
    -3
390
F
347
C92
348
0
  0
LAYER
  5
272
330
2
100
AcDbSymbolTableRecord
100
AcDbLayerTableRecord
  2
PRT0014
 70
     0
 62
     7
  6
CONTINUOUS
370
    -3
390
F
347
C92
348
0
  0
LAYER
  5
273
330
2
100
AcDbSymbolTableRecord
100
AcDbLayerTableRecord
  2
PRT0015
 70
     0
 62
     7
  6
CONTINUOUS
370
    -3
390
F
347
C92
348
0
  0
LAYER
  5
274
330
2
100
AcDbSymbolTableRecord
100
AcDbLayerTableRecord
  2
PRT0016
 70
     0
 62
     7
  6
CONTINUOUS
370
    -3
390
F
347
C92
348
0
  0
LAYER
  5
275
330
2
100
AcDbSymbolTableRecord
100
AcDbLayerTableRecord
  2
PRT0017
 70
     0
 62
     7
  6
CONTINUOUS
370
    -3
390
F
347
C92
348
0
  0
LAYER
  5
276
330
2
100
AcDbSymbolTableRecord
100
AcDbLayerTableRecord
  2
TERMINAL_AF100_1
 70
     0
 62
     7
  6
CONTINUOUS
370
    -3
390
F
347
C92
348
0
  0
LAYER
  5
277
330
2
100
AcDbSymbolTableRecord
100
AcDbLayerTableRecord
  2
TERMINAL_AF101_1
 70
     0
 62
     7
  6
CONTINUOUS
370
    -3
390
F
347
C92
348
0
  0
LAYER
  5
278
330
2
100
AcDbSymbolTableRecord
100
AcDbLayerTableRecord
  2
TERMINAL_AF102_1
 70
     0
 62
     7
  6
CONTINUOUS
370
    -3
390
F
347
C92
348
0
  0
LAYER
  5
279
330
2
100
AcDbSymbolTableRecord
100
AcDbLayerTableRecord
  2
TERMINAL_AF13_1
 70
     0
 62
     7
  6
CONTINUOUS
370
    -3
390
F
347
C92
348
0
  0
LAYER
  5
27A
330
2
100
AcDbSymbolTableRecord
100
AcDbLayerTableRecord
  2
TERMINAL_AF147_1
 70
     0
 62
     7
  6
CONTINUOUS
370
    -3
390
F
347
C92
348
0
  0
LAYER
  5
27B
330
2
100
AcDbSymbolTableRecord
100
AcDbLayerTableRecord
  2
TERMINAL_AF148_1
 70
     0
 62
     7
  6
CONTINUOUS
370
    -3
390
F
347
C92
348
0
  0
LAYER
  5
27C
330
2
100
AcDbSymbolTableRecord
100
AcDbLayerTableRecord
  2
TERMINAL_AF149_1
 70
     0
 62
     7
  6
CONTINUOUS
370
    -3
390
F
347
C92
348
0
  0
LAYER
  5
27D
330
2
100
AcDbSymbolTableRecord
100
AcDbLayerTableRecord
  2
TERMINAL_AF14_1
 70
     0
 62
     7
  6
CONTINUOUS
370
    -3
390
F
347
C92
348
0
  0
LAYER
  5
27E
330
2
100
AcDbSymbolTableRecord
100
AcDbLayerTableRecord
  2
TERMINAL_AF15_1
 70
     0
 62
     7
  6
CONTINUOUS
370
    -3
390
F
347
C92
348
0
  0
LAYER
  5
27F
330
2
100
AcDbSymbolTableRecord
100
AcDbLayerTableRecord
  2
TERMINAL_AF16_1
 70
     0
 62
     7
  6
CONTINUOUS
370
    -3
390
F
347
C92
348
0
  0
LAYER
  5
280
330
2
100
AcDbSymbolTableRecord
100
AcDbLayerTableRecord
  2
TERMINAL_AF17_1
 70
     0
 62
     7
  6
CONTINUOUS
370
    -3
390
F
347
C92
348
0
  0
LAYER
  5
281
330
2
100
AcDbSymbolTableRecord
100
AcDbLayerTableRecord
  2
TERMINAL_AF18_1
 70
     0
 62
     7
  6
CONTINUOUS
370
    -3
390
F
347
C92
348
0
  0
LAYER
  5
282
330
2
100
AcDbSymbolTableRecord
100
AcDbLayerTableRecord
  2
TERMINAL_AF19_1
 70
     0
 62
     7
  6
CONTINUOUS
370
    -3
390
F
347
C92
348
0
  0
LAYER
  5
283
330
2
100
AcDbSymbolTableRecord
100
AcDbLayerTableRecord
  2
TERMINAL_AF20_1
 70
     0
 62
     7
  6
CONTINUOUS
370
    -3
390
F
347
C92
348
0
  0
LAYER
  5
284
330
2
100
AcDbSymbolTableRecord
100
AcDbLayerTableRecord
  2
TERMINAL_AF21_1
 70
     0
 62
     7
  6
CONTINUOUS
370
    -3
390
F
347
C92
348
0
  0
LAYER
  5
285
330
2
100
AcDbSymbolTableRecord
100
AcDbLayerTableRecord
  2
TERMINAL_AF22_1
 70
     0
 62
     7
  6
CONTINUOUS
370
    -3
390
F
347
C92
348
0
  0
LAYER
  5
286
330
2
100
AcDbSymbolTableRecord
100
AcDbLayerTableRecord
  2
TERMINAL_AF23_1
 70
     0
 62
     7
  6
CONTINUOUS
370
    -3
390
F
347
C92
348
0
  0
LAYER
  5
287
330
2
100
AcDbSymbolTableRecord
100
AcDbLayerTableRecord
  2
TERMINAL_AF24_1
 70
     0
 62
     7
  6
CONTINUOUS
370
    -3
390
F
347
C92
348
0
  0
LAYER
  5
288
330
2
100
AcDbSymbolTableRecord
100
AcDbLayerTableRecord
  2
TERMINAL_AF25_1
 70
     0
 62
     7
  6
CONTINUOUS
370
    -3
390
F
347
C92
348
0
  0
LAYER
  5
289
330
2
100
AcDbSymbolTableRecord
100
AcDbLayerTableRecord
  2
TERMINAL_AF26_1
 70
     0
 62
     7
  6
CONTINUOUS
370
    -3
390
F
347
C92
348
0
  0
LAYER
  5
28A
330
2
100
AcDbSymbolTableRecord
100
AcDbLayerTableRecord
  2
TERMINAL_AF27_1
 70
     0
 62
     7
  6
CONTINUOUS
370
    -3
390
F
347
C92
348
0
  0
LAYER
  5
28B
330
2
100
AcDbSymbolTableRecord
100
AcDbLayerTableRecord
  2
TERMINAL_AF28_1
 70
     0
 62
     7
  6
CONTINUOUS
370
    -3
390
F
347
C92
348
0
  0
LAYER
  5
28C
330
2
100
AcDbSymbolTableRecord
100
AcDbLayerTableRecord
  2
TERMINAL_AF29_1
 70
     0
 62
     7
  6
CONTINUOUS
370
    -3
390
F
347
C92
348
0
  0
LAYER
  5
28D
330
2
100
AcDbSymbolTableRecord
100
AcDbLayerTableRecord
  2
TERMINAL_AF30_1
 70
     0
 62
     7
  6
CONTINUOUS
370
    -3
390
F
347
C92
348
0
  0
LAYER
  5
28E
330
2
100
AcDbSymbolTableRecord
100
AcDbLayerTableRecord
  2
TERMINAL_AF31_1
 70
     0
 62
     7
  6
CONTINUOUS
370
    -3
390
F
347
C92
348
0
  0
LAYER
  5
28F
330
2
100
AcDbSymbolTableRecord
100
AcDbLayerTableRecord
  2
TERMINAL_AF32_1
 70
     0
 62
     7
  6
CONTINUOUS
370
    -3
390
F
347
C92
348
0
  0
LAYER
  5
290
330
2
100
AcDbSymbolTableRecord
100
AcDbLayerTableRecord
  2
TERMINAL_AF33_1
 70
     0
 62
     7
  6
CONTINUOUS
370
    -3
390
F
347
C92
348
0
  0
LAYER
  5
291
330
2
100
AcDbSymbolTableRecord
100
AcDbLayerTableRecord
  2
TERMINAL_AF34_1
 70
     0
 62
     7
  6
CONTINUOUS
370
    -3
390
F
347
C92
348
0
  0
LAYER
  5
292
330
2
100
AcDbSymbolTableRecord
100
AcDbLayerTableRecord
  2
TERMINAL_AF35_1
 70
     0
 62
     7
  6
CONTINUOUS
370
    -3
390
F
347
C92
348
0
  0
LAYER
  5
293
330
2
100
AcDbSymbolTableRecord
100
AcDbLayerTableRecord
  2
TERMINAL_AF36_1
 70
     0
 62
     7
  6
CONTINUOUS
370
    -3
390
F
347
C92
348
0
  0
LAYER
  5
294
330
2
100
AcDbSymbolTableRecord
100
AcDbLayerTableRecord
  2
TERMINAL_AF63_1
 70
     0
 62
     7
  6
CONTINUOUS
370
    -3
390
F
347
C92
348
0
  0
LAYER
  5
295
330
2
100
AcDbSymbolTableRecord
100
AcDbLayerTableRecord
  2
TERMINAL_AF64_1
 70
     0
 62
     7
  6
CONTINUOUS
370
    -3
390
F
347
C92
348
0
  0
LAYER
  5
296
330
2
100
AcDbSymbolTableRecord
100
AcDbLayerTableRecord
  2
TERMINAL_AF65_1
 70
     0
 62
     7
  6
CONTINUOUS
370
    -3
390
F
347
C92
348
0
  0
LAYER
  5
297
330
2
100
AcDbSymbolTableRecord
100
AcDbLayerTableRecord
  2
TERMINAL_AF66_1
 70
     0
 62
     7
  6
CONTINUOUS
370
    -3
390
F
347
C92
348
0
  0
LAYER
  5
298
330
2
100
AcDbSymbolTableRecord
100
AcDbLayerTableRecord
  2
TERMINAL_AF67_1
 70
     0
 62
     7
  6
CONTINUOUS
370
    -3
390
F
347
C92
348
0
  0
LAYER
  5
299
330
2
100
AcDbSymbolTableRecord
100
AcDbLayerTableRecord
  2
TERMINAL_AF68_1
 70
     0
 62
     7
  6
CONTINUOUS
370
    -3
390
F
347
C92
348
0
  0
LAYER
  5
29A
330
2
100
AcDbSymbolTableRecord
100
AcDbLayerTableRecord
  2
TERMINAL_AF69_1
 70
     0
 62
     7
  6
CONTINUOUS
370
    -3
390
F
347
C92
348
0
  0
LAYER
  5
29B
330
2
100
AcDbSymbolTableRecord
100
AcDbLayerTableRecord
  2
TERMINAL_AF70_1
 70
     0
 62
     7
  6
CONTINUOUS
370
    -3
390
F
347
C92
348
0
  0
LAYER
  5
29C
330
2
100
AcDbSymbolTableRecord
100
AcDbLayerTableRecord
  2
TERMINAL_AF71_1
 70
     0
 62
     7
  6
CONTINUOUS
370
    -3
390
F
347
C92
348
0
  0
LAYER
  5
29D
330
2
100
AcDbSymbolTableRecord
100
AcDbLayerTableRecord
  2
TERMINAL_AF72_1
 70
     0
 62
     7
  6
CONTINUOUS
370
    -3
390
F
347
C92
348
0
  0
LAYER
  5
29E
330
2
100
AcDbSymbolTableRecord
100
AcDbLayerTableRecord
  2
TERMINAL_AF73_1
 70
     0
 62
     7
  6
CONTINUOUS
370
    -3
390
F
347
C92
348
0
  0
LAYER
  5
29F
330
2
100
AcDbSymbolTableRecord
100
AcDbLayerTableRecord
  2
TERMINAL_AF74_1
 70
     0
 62
     7
  6
CONTINUOUS
370
    -3
390
F
347
C92
348
0
  0
LAYER
  5
2A0
330
2
100
AcDbSymbolTableRecord
100
AcDbLayerTableRecord
  2
TERMINAL_AF75_1
 70
     0
 62
     7
  6
CONTINUOUS
370
    -3
390
F
347
C92
348
0
  0
LAYER
  5
2A1
330
2
100
AcDbSymbolTableRecord
100
AcDbLayerTableRecord
  2
TERMINAL_AF76_1
 70
     0
 62
     7
  6
CONTINUOUS
370
    -3
390
F
347
C92
348
0
  0
LAYER
  5
2A2
330
2
100
AcDbSymbolTableRecord
100
AcDbLayerTableRecord
  2
TERMINAL_AF77_1
 70
     0
 62
     7
  6
CONTINUOUS
370
    -3
390
F
347
C92
348
0
  0
LAYER
  5
2A3
330
2
100
AcDbSymbolTableRecord
100
AcDbLayerTableRecord
  2
TERMINAL_AF78_1
 70
     0
 62
     7
  6
CONTINUOUS
370
    -3
390
F
347
C92
348
0
  0
LAYER
  5
2A4
330
2
100
AcDbSymbolTableRecord
100
AcDbLayerTableRecord
  2
TERMINAL_AF79_1
 70
     0
 62
     7
  6
CONTINUOUS
370
    -3
390
F
347
C92
348
0
  0
LAYER
  5
2A5
330
2
100
AcDbSymbolTableRecord
100
AcDbLayerTableRecord
  2
TERMINAL_AF80_1
 70
     0
 62
     7
  6
CONTINUOUS
370
    -3
390
F
347
C92
348
0
  0
LAYER
  5
2A6
330
2
100
AcDbSymbolTableRecord
100
AcDbLayerTableRecord
  2
TERMINAL_AF81_1
 70
     0
 62
     7
  6
CONTINUOUS
370
    -3
390
F
347
C92
348
0
  0
LAYER
  5
2A7
330
2
100
AcDbSymbolTableRecord
100
AcDbLayerTableRecord
  2
TERMINAL_AF82_1
 70
     0
 62
     7
  6
CONTINUOUS
370
    -3
390
F
347
C92
348
0
  0
LAYER
  5
2A8
330
2
100
AcDbSymbolTableRecord
100
AcDbLayerTableRecord
  2
TERMINAL_AF83_1
 70
     0
 62
     7
  6
CONTINUOUS
370
    -3
390
F
347
C92
348
0
  0
LAYER
  5
2A9
330
2
100
AcDbSymbolTableRecord
100
AcDbLayerTableRecord
  2
TERMINAL_AF84_1
 70
     0
 62
     7
  6
CONTINUOUS
370
    -3
390
F
347
C92
348
0
  0
LAYER
  5
2AA
330
2
100
AcDbSymbolTableRecord
100
AcDbLayerTableRecord
  2
TERMINAL_AF85_1
 70
     0
 62
     7
  6
CONTINUOUS
370
    -3
390
F
347
C92
348
0
  0
LAYER
  5
2AB
330
2
100
AcDbSymbolTableRecord
100
AcDbLayerTableRecord
  2
TERMINAL_AF86_1
 70
     0
 62
     7
  6
CONTINUOUS
370
    -3
390
F
347
C92
348
0
  0
LAYER
  5
2AC
330
2
100
AcDbSymbolTableRecord
100
AcDbLayerTableRecord
  2
XSEC_DATUMS
 70
     0
 62
     7
  6
CONTINUOUS
370
    -3
390
F
347
C92
348
0
  0
ENDTAB
  0
TABLE
  2
STYLE
  5
3
330
0
100
AcDbSymbolTable
 70
     2
  0
STYLE
  5
11
330
3
100
AcDbSymbolTableRecord
100
AcDbTextStyleTableRecord
  2
STANDARD
 70
     0
 40
0.0
 41
0.8
 50
0.0
 71
     0
 42
0.2
  3
txt
  4

  0
STYLE
  5
2AD
330
3
100
AcDbSymbolTableRecord
100
AcDbTextStyleTableRecord
  2
TEXTSTYLE_1
 70
     0
 40
0.0
 41
0.8
 50
0.0
 71
     0
 42
0.2
  3
gdt
  4

  0
ENDTAB
  0
TABLE
  2
VIEW
  5
6
330
0
100
AcDbSymbolTable
 70
     0
  0
ENDTAB
  0
TABLE
  2
UCS
  5
7
330
0
100
AcDbSymbolTable
 70
     0
  0
ENDTAB
  0
TABLE
  2
APPID
  5
9
330
0
100
AcDbSymbolTable
 70
     2
  0
APPID
  5
2AE
330
9
100
AcDbSymbolTableRecord
100
AcDbRegAppTableRecord
  2
ACAD
 70
     0
  0
APPID
  5
CE3
330
9
100
AcDbSymbolTableRecord
100
AcDbRegAppTableRecord
  2
ACAD_NAV_VCDISPLAY
 70
     0
  0
ENDTAB
  0
TABLE
  2
DIMSTYLE
  5
A
330
0
100
AcDbSymbolTable
 70
     1
100
AcDbDimStyleTable
  0
DIMSTYLE
105
2B2
330
A
100
AcDbSymbolTableRecord
100
AcDbDimStyleTableRecord
  2
STANDARD
 70
     0
 41
0.1875
 44
0.125
 47
0.01
 48
0.01
 78
     4
 79
     1
140
0.15625
171
     1
178
     0
179
     2
271
     2
272
     2
284
     4
340
11
341
2B1
342
2B1
343
2B1
344
2B1
  0
ENDTAB
  0
TABLE
  2
BLOCK_RECORD
  5
1
330
0
100
AcDbSymbolTable
 70
     1
  0
BLOCK_RECORD
  5
2AF
330
1
100
AcDbSymbolTableRecord
100
AcDbBlockTableRecord
  2
*Model_Space
340
C7D
 70
     0
280
     1
281
     0
  0
BLOCK_RECORD
  5
2B0
330
1
100
AcDbSymbolTableRecord
100
AcDbBlockTableRecord
  2
*Paper_Space
340
C7E
 70
     0
280
     1
281
     0
  0
BLOCK_RECORD
  5
2B1
330
1
100
AcDbSymbolTableRecord
100
AcDbBlockTableRecord
  2
_FILLED
340
0
 70
     0
280
     1
281
     0
  0
ENDTAB
  0
ENDSEC
  0
SECTION
  2
BLOCKS
  0
BLOCK
  5
20
330
2AF
100
AcDbEntity
  8
0
100
AcDbBlockBegin
  2
*Model_Space
 70
     0
 10
0.0
 20
0.0
 30
0.0
  3
*Model_Space
  1

  0
ENDBLK
  5
21
330
2AF
100
AcDbEntity
  8
0
100
AcDbBlockEnd
  0
BLOCK
  5
1C
330
2B0
100
AcDbEntity
 67
     1
  8
0
100
AcDbBlockBegin
  2
*Paper_Space
 70
     0
 10
0.0
 20
0.0
 30
0.0
  3
*Paper_Space
  1

  0
ENDBLK
  5
1D
330
2B0
100
AcDbEntity
 67
     1
  8
0
100
AcDbBlockEnd
  0
BLOCK
  5
2B3
330
2B1
100
AcDbEntity
  8
0
100
AcDbBlockBegin
  2
_FILLED
 70
     0
 10
0.0
 20
0.0
 30
0.0
  3
_FILLED
  1

  0
SOLID
  5
2B4
330
2B1
100
AcDbEntity
  8
0
  6
ByBlock
 62
     0
100
AcDbTrace
 10
0.0
 20
0.0
 30
0.0
 11
-1.0
 21
0.1666666667
 31
0.0
 12
-1.0
 22
-0.1666666667
 32
0.0
 13
-1.0
 23
-0.1666666667
 33
0.0
  0
ENDBLK
  5
2B5
330
2B1
100
AcDbEntity
  8
0
  6
ByBlock
 62
     0
100
AcDbBlockEnd
  0
ENDSEC
  0
SECTION
  2
ENTITIES
  0
SPLINE
  5
2B6
330
2AF
100
AcDbEntity
  8
03___PRT_ALL_CURVES
  6
Continuous
 62
     4
100
AcDbSpline
210
0.0
220
0.0
230
1.0
 70
     8
 71
     3
 72
     8
 73
     4
 74
     0
 42
0.0000001
 43
0.0000000001
 40
0.0
 40
0.0
 40
0.0
 40
0.0
 40
1.0
 40
1.0
 40
1.0
 40
1.0
 10
9.58202569240001
 20
120.26466573638
 30
0.0
 10
9.651943876160004
 20
120.26466573638
 30
0.0
 10
9.715040684179996
 20
120.24420189872
 30
0.0
 10
9.770366890520023
 20
120.20537648234
 30
0.0
  0
SPLINE
  5
2B7
330
2AF
100
AcDbEntity
  8
03___PRT_ALL_CURVES
  6
Continuous
 62
     4
100
AcDbSpline
210
0.0
220
0.0
230
1.0
 70
     8
 71
     3
 72
     8
 73
     4
 74
     0
 42
0.0000001
 43
0.0000000001
 40
0.0
 40
0.0
 40
0.0
 40
0.0
 40
1.0
 40
1.0
 40
1.0
 40
1.0
 10
9.770366890520023
 20
120.20537648234
 30
0.0
 10
9.8122439391
 20
120.17598907604
 30
0.0
 10
9.85785107673999
 20
120.11265762282
 30
0.0
 10
9.911152631299984
 20
120.01398365202
 30
0.0
  0
SPLINE
  5
2B8
330
2AF
100
AcDbEntity
  8
03___PRT_ALL_CURVES
  6
Continuous
 62
     4
100
AcDbSpline
210
0.0
220
0.0
230
1.0
 70
     8
 71
     3
 72
     8
 73
     4
 74
     0
 42
0.0000001
 43
0.0000000001
 40
0.0
 40
0.0
 40
0.0
 40
0.0
 40
1.0
 40
1.0
 40
1.0
 40
1.0
 10
10.82179373356001
 20
119.97305589796
 30
0.0
 10
10.80303525952004
 20
120.01057299844
 30
0.0
 10
10.76722344646004
 20
120.0617326345
 30
0.0
 10
10.71425307742001
 20
120.12815581128
 30
0.0
  0
SPLINE
  5
2B9
330
2AF
100
AcDbEntity
  8
03___PRT_ALL_CURVES
  6
Continuous
 62
     4
100
AcDbSpline
210
0.0
220
0.0
230
1.0
 70
     8
 71
     3
 72
     8
 73
     4
 74
     0
 42
0.0000001
 43
0.0000000001
 40
0.0
 40
0.0
 40
0.0
 40
0.0
 40
1.0
 40
1.0
 40
1.0
 40
1.0
 10
10.71425307742001
 20
120.12815581128
 30
0.0
 10
10.65978830954003
 20
120.19645291624
 30
0.0
 10
10.61886063168001
 20
120.2390859577199
 30
0.0
 10
10.59022981517998
 20
120.26003532908
 30
0.0
  0
SPLINE
  5
2BA
330
2AF
100
AcDbEntity
  8
03___PRT_ALL_CURVES
  6
Continuous
 62
     4
100
AcDbSpline
210
0.0
220
0.0
230
1.0
 70
     8
 71
     3
 72
     8
 73
     4
 74
     0
 42
0.0000001
 43
0.0000000001
 40
0.0
 40
0.0
 40
0.0
 40
0.0
 40
1.0
 40
1.0
 40
1.0
 40
1.0
 10
10.59022981517998
 20
120.26003532908
 30
0.0
 10
10.54894244538002
 20
120.29024559124
 30
0.0
 10
10.48072969890003
 20
120.32094131344
 30
0.0
 10
10.38864231132001
 20
120.35334239926
 30
0.0
  0
SPLINE
  5
2BB
330
2AF
100
AcDbEntity
  8
03___PRT_ALL_CURVES
  6
Continuous
 62
     4
100
AcDbSpline
210
0.0
220
0.0
230
1.0
 70
     8
 71
     3
 72
     8
 73
     4
 74
     0
 42
0.0000001
 43
0.0000000001
 40
0.0
 40
0.0
 40
0.0
 40
0.0
 40
1.0
 40
1.0
 40
1.0
 40
1.0
 10
10.38864231132001
 20
120.35334239926
 30
0.0
 10
10.50460419013999
 20
120.37892225412
 30
0.0
 10
10.59498614044003
 20
120.4113233374
 30
0.0
 10
10.66051419836003
 20
120.4510373295999
 30
0.0
  0
SPLINE
  5
2BC
330
2AF
100
AcDbEntity
  8
03___PRT_ALL_CURVES
  6
Continuous
 62
     4
100
AcDbSpline
210
0.0
220
0.0
230
1.0
 70
     8
 71
     3
 72
     8
 73
     4
 74
     0
 42
0.0000001
 43
0.0000000001
 40
0.0
 40
0.0
 40
0.0
 40
0.0
 40
1.0
 40
1.0
 40
1.0
 40
1.0
 10
10.66051419836003
 20
120.4510373295999
 30
0.0
 10
10.76381286908003
 20
120.51364260952
 30
0.0
 10
10.84566822734001
 20
120.59549796524
 30
0.0
 10
10.90428333236
 20
120.69573824482
 30
0.0
  0
SPLINE
  5
2BD
330
2AF
100
AcDbEntity
  8
03___PRT_ALL_CURVES
  6
Continuous
 62
     4
100
AcDbSpline
210
0.0
220
0.0
230
1.0
 70
     8
 71
     3
 72
     8
 73
     4
 74
     0
 42
0.0000001
 43
0.0000000001
 40
0.0
 40
0.0
 40
0.0
 40
0.0
 40
1.0
 40
1.0
 40
1.0
 40
1.0
 10
10.90428333236
 20
120.69573824482
 30
0.0
 10
10.96333539358
 20
120.7967257797
 30
0.0
 10
10.99403104212001
 20
120.9160982359
 30
0.0
 10
10.99403104212001
 20
121.0559344586399
 30
0.0
  0
SPLINE
  5
2BE
330
2AF
100
AcDbEntity
  8
03___PRT_ALL_CURVES
  6
Continuous
 62
     4
100
AcDbSpline
210
0.0
220
0.0
230
1.0
 70
     8
 71
     3
 72
     8
 73
     4
 74
     0
 42
0.0000001
 43
0.0000000001
 40
0.0
 40
0.0
 40
0.0
 40
0.0
 40
1.0
 40
1.0
 40
1.0
 40
1.0
 10
10.99403104212001
 20
121.0559344586399
 30
0.0
 10
10.99403104212001
 20
121.21452930528
 30
0.0
 10
10.95480880154
 20
121.34924966068
 30
0.0
 10
10.87749814590001
 20
121.4596935165
 30
0.0
  0
SPLINE
  5
2BF
330
2AF
100
AcDbEntity
  8
03___PRT_ALL_CURVES
  6
Continuous
 62
     4
100
AcDbSpline
210
0.0
220
0.0
230
1.0
 70
     8
 71
     3
 72
     8
 73
     4
 74
     0
 42
0.0000001
 43
0.0000000001
 40
0.0
 40
0.0
 40
0.0
 40
0.0
 40
1.0
 40
1.0
 40
1.0
 40
1.0
 10
10.87749814590001
 20
121.4596935165
 30
0.0
 10
10.79962468214001
 20
121.570941389
 30
0.0
 10
10.69901069998005
 20
121.64768073006
 30
0.0
 10
10.57281693662
 20
121.68860840792
 30
0.0
  0
SPLINE
  5
2C0
330
2AF
100
AcDbEntity
  8
03___PRT_ALL_CURVES
  6
Continuous
 62
     4
100
AcDbSpline
210
0.0
220
0.0
230
1.0
 70
     8
 71
     3
 72
     8
 73
     4
 74
     0
 42
0.0000001
 43
0.0000000001
 40
0.0
 40
0.0
 40
0.0
 40
0.0
 40
1.0
 40
1.0
 40
1.0
 40
1.0
 10
10.57281693662
 20
121.68860840792
 30
0.0
 10
10.4466231758
 20
121.72953608578
 30
0.0
 10
10.26415398777999
 20
121.74999999964
 30
0.0
 10
10.02540907284003
 20
121.74999999964
 30
0.0
  0
SPLINE
  5
2C1
330
2AF
100
AcDbEntity
  8
03___PRT_ALL_CURVES
  6
Continuous
 62
     4
100
AcDbSpline
210
0.0
220
0.0
230
1.0
 70
     8
 71
     3
 72
     8
 73
     4
 74
     0
 42
0.0000001
 43
0.0000000001
 40
0.0
 40
0.0
 40
0.0
 40
0.0
 40
1.0
 40
1.0
 40
1.0
 40
1.0
 10
9.853171616960026
 20
121.24522510114
 30
0.0
 10
9.993007987020007
 20
121.24522510114
 30
0.0
 10
10.09021124194001
 20
121.22305589986
 30
0.0
 10
10.14094766828001
 20
121.1799299409
 30
0.0
  0
SPLINE
  5
2C2
330
2AF
100
AcDbEntity
  8
03___PRT_ALL_CURVES
  6
Continuous
 62
     4
100
AcDbSpline
210
0.0
220
0.0
230
1.0
 70
     8
 71
     3
 72
     8
 73
     4
 74
     0
 42
0.0000001
 43
0.0000000001
 40
0.0
 40
0.0
 40
0.0
 40
0.0
 40
1.0
 40
1.0
 40
1.0
 40
1.0
 10
10.14094766828001
 20
121.1799299409
 30
0.0
 10
10.19253051152
 20
121.13608452694
 30
0.0
 10
10.21811029272001
 20
121.07469308254
 30
0.0
 10
10.21811029272001
 20
120.99454301678
 30
0.0
  0
SPLINE
  5
2C3
330
2AF
100
AcDbEntity
  8
03___PRT_ALL_CURVES
  6
Continuous
 62
     4
100
AcDbSpline
210
0.0
220
0.0
230
1.0
 70
     8
 71
     3
 72
     8
 73
     4
 74
     0
 42
0.0000001
 43
0.0000000001
 40
0.0
 40
0.0
 40
0.0
 40
0.0
 40
1.0
 40
1.0
 40
1.0
 40
1.0
 10
10.21811029272001
 20
120.99454301678
 30
0.0
 10
10.21811029272001
 20
120.9399727271399
 30
0.0
 10
10.20105710610002
 20
120.89051845724
 30
0.0
 10
10.16907052542001
 20
120.8492725529399
 30
0.0
  0
SPLINE
  5
2C4
330
2AF
100
AcDbEntity
  8
03___PRT_ALL_CURVES
  6
Continuous
 62
     4
100
AcDbSpline
210
0.0
220
0.0
230
1.0
 70
     8
 71
     3
 72
     8
 73
     4
 74
     0
 42
0.0000001
 43
0.0000000001
 40
0.0
 40
0.0
 40
0.0
 40
0.0
 40
1.0
 40
1.0
 40
1.0
 40
1.0
 10
10.16907052542001
 20
120.8492725529399
 30
0.0
 10
10.13625493700002
 20
120.8069576617
 30
0.0
 10
10.0953272566
 20
120.7813778805
 30
0.0
 10
10.04441402848002
 20
120.77006385182
 30
0.0
  0
SPLINE
  5
2C5
330
2AF
100
AcDbEntity
  8
03___PRT_ALL_CURVES
  6
Continuous
 62
     4
100
AcDbSpline
210
0.0
220
0.0
230
1.0
 70
     8
 71
     3
 72
     8
 73
     4
 74
     0
 42
0.0000001
 43
0.0000000001
 40
0.0
 40
0.0
 40
0.0
 40
0.0
 40
1.0
 40
1.0
 40
1.0
 40
1.0
 10
10.04441402848002
 20
120.77006385182
 30
0.0
 10
9.94184827730001
 20
120.74727150726
 30
0.0
 10
9.873635530820025
 20
120.7370396252601
 30
0.0
 10
9.839529157579989
 20
120.7370396252601
 30
0.0
  0
SPLINE
  5
2C6
330
2AF
100
AcDbEntity
  8
03___PRT_ALL_CURVES
  6
Continuous
 62
     4
100
AcDbSpline
210
0.0
220
0.0
230
1.0
 70
     8
 71
     3
 72
     8
 73
     4
 74
     0
 42
0.0000001
 43
0.0000000001
 40
0.0
 40
0.0
 40
0.0
 40
0.0
 40
1.0
 40
1.0
 40
1.0
 40
1.0
 10
15.12431791488001
 20
119.25000000092
 30
0.0
 10
15.26074340784001
 20
119.25000000092
 30
0.0
 10
15.41422238968002
 20
119.27216916664
 30
0.0
 10
15.58486247258
 20
119.3178054838
 30
0.0
  0
SPLINE
  5
2C7
330
2AF
100
AcDbEntity
  8
03___PRT_ALL_CURVES
  6
Continuous
 62
     4
100
AcDbSpline
210
0.0
220
0.0
230
1.0
 70
     8
 71
     3
 72
     8
 73
     4
 74
     0
 42
0.0000001
 43
0.0000000001
 40
0.0
 40
0.0
 40
0.0
 40
0.0
 40
1.0
 40
1.0
 40
1.0
 40
1.0
 10
15.58486247258
 20
119.3178054838
 30
0.0
 10
15.70753744186001
 20
119.35061391704
 30
0.0
 10
15.82349887364001
 20
119.41712142182
 30
0.0
 10
15.93225097516003
 20
119.51645397906
 30
0.0
  0
SPLINE
  5
2C8
330
2AF
100
AcDbEntity
  8
03___PRT_ALL_CURVES
  6
Continuous
 62
     4
100
AcDbSpline
210
0.0
220
0.0
230
1.0
 70
     8
 71
     3
 72
     8
 73
     4
 74
     0
 42
0.0000001
 43
0.0000000001
 40
0.0
 40
0.0
 40
0.0
 40
0.0
 40
1.0
 40
1.0
 40
1.0
 40
1.0
 10
15.93225097516003
 20
119.51645397906
 30
0.0
 10
16.04007473462002
 20
119.61493860048
 30
0.0
 10
16.12363568001999
 20
119.7394270002199
 30
0.0
 10
16.18502728444003
 20
119.88608459616
 30
0.0
  0
SPLINE
  5
2C9
330
2AF
100
AcDbEntity
  8
03___PRT_ALL_CURVES
  6
Continuous
 62
     4
100
AcDbSpline
210
0.0
220
0.0
230
1.0
 70
     8
 71
     3
 72
     8
 73
     4
 74
     0
 42
0.0000001
 43
0.0000000001
 40
0.0
 40
0.0
 40
0.0
 40
0.0
 40
1.0
 40
1.0
 40
1.0
 40
1.0
 10
16.18502728444003
 20
119.88608459616
 30
0.0
 10
16.24641886346004
 20
120.0327421285999
 30
0.0
 10
16.27711465932003
 20
120.2407912451399
 30
0.0
 10
16.27711465932003
 20
120.50852659232
 30
0.0
  0
SPLINE
  5
2CA
330
2AF
100
AcDbEntity
  8
03___PRT_ALL_CURVES
  6
Continuous
 62
     4
100
AcDbSpline
210
0.0
220
0.0
230
1.0
 70
     8
 71
     3
 72
     8
 73
     4
 74
     0
 42
0.0000001
 43
0.0000000001
 40
0.0
 40
0.0
 40
0.0
 40
0.0
 40
1.0
 40
1.0
 40
1.0
 40
1.0
 10
16.27711465932003
 20
120.50852659232
 30
0.0
 10
16.27711465932003
 20
120.67905861092
 30
0.0
 10
16.25665059560004
 20
120.83935874752
 30
0.0
 10
16.21550948661999
 20
120.99278029234
 30
0.0
  0
SPLINE
  5
2CB
330
2AF
100
AcDbEntity
  8
03___PRT_ALL_CURVES
  6
Continuous
 62
     4
100
AcDbSpline
210
0.0
220
0.0
230
1.0
 70
     8
 71
     3
 72
     8
 73
     4
 74
     0
 42
0.0000001
 43
0.0000000001
 40
0.0
 40
0.0
 40
0.0
 40
0.0
 40
1.0
 40
1.0
 40
1.0
 40
1.0
 10
16.21550948661999
 20
120.99278029234
 30
0.0
 10
16.1747949427
 20
121.14461111898
 30
0.0
 10
16.10828748364003
 20
121.27762618696
 30
0.0
 10
16.01696983544002
 20
121.3928403228
 30
0.0
  0
SPLINE
  5
2CC
330
2AF
100
AcDbEntity
  8
03___PRT_ALL_CURVES
  6
Continuous
 62
     4
100
AcDbSpline
210
0.0
220
0.0
230
1.0
 70
     8
 71
     3
 72
     8
 73
     4
 74
     0
 42
0.0000001
 43
0.0000000001
 40
0.0
 40
0.0
 40
0.0
 40
0.0
 40
1.0
 40
1.0
 40
1.0
 40
1.0
 10
16.01696983544002
 20
121.3928403228
 30
0.0
 10
15.9258185928
 20
121.50784450732
 30
0.0
 10
15.81156185154001
 20
121.59652116766
 30
0.0
 10
15.67172570500003
 20
121.6579125892
 30
0.0
  0
SPLINE
  5
2CD
330
2AF
100
AcDbEntity
  8
03___PRT_ALL_CURVES
  6
Continuous
 62
     4
100
AcDbSpline
210
0.0
220
0.0
230
1.0
 70
     8
 71
     3
 72
     8
 73
     4
 74
     0
 42
0.0000001
 43
0.0000000001
 40
0.0
 40
0.0
 40
0.0
 40
0.0
 40
1.0
 40
1.0
 40
1.0
 40
1.0
 10
15.67172570500003
 20
121.6579125892
 30
0.0
 10
15.53188911142001
 20
121.71930420378
 30
0.0
 10
15.34942021804002
 20
121.74999999964
 30
0.0
 10
15.12431791488001
 20
121.74999999964
 30
0.0
  0
SPLINE
  5
2CE
330
2AF
100
AcDbEntity
  8
03___PRT_ALL_CURVES
  6
Continuous
 62
     4
100
AcDbSpline
210
0.0
220
0.0
230
1.0
 70
     8
 71
     3
 72
     8
 73
     4
 74
     0
 42
0.0000001
 43
0.0000000001
 40
0.0
 40
0.0
 40
0.0
 40
0.0
 40
1.0
 40
1.0
 40
1.0
 40
1.0
 10
14.94184842714
 20
121.18383350942
 30
0.0
 10
15.14137080178
 20
121.18383350942
 30
0.0
 10
15.28461804894005
 20
121.13437923698
 30
0.0
 10
15.37068137440002
 20
121.03638625034
 30
0.0
  0
SPLINE
  5
2CF
330
2AF
100
AcDbEntity
  8
03___PRT_ALL_CURVES
  6
Continuous
 62
     4
100
AcDbSpline
210
0.0
220
0.0
230
1.0
 70
     8
 71
     3
 72
     8
 73
     4
 74
     0
 42
0.0000001
 43
0.0000000001
 40
0.0
 40
0.0
 40
0.0
 40
0.0
 40
1.0
 40
1.0
 40
1.0
 40
1.0
 10
15.37068137440002
 20
121.03638625034
 30
0.0
 10
15.45685520764002
 20
120.93826743972
 30
0.0
 10
15.50119331556002
 20
120.75750338926
 30
0.0
 10
15.50119331556002
 20
120.49317869566
 30
0.0
  0
SPLINE
  5
2D0
330
2AF
100
AcDbEntity
  8
03___PRT_ALL_CURVES
  6
Continuous
 62
     4
100
AcDbSpline
210
0.0
220
0.0
230
1.0
 70
     8
 71
     3
 72
     8
 73
     4
 74
     0
 42
0.0000001
 43
0.0000000001
 40
0.0
 40
0.0
 40
0.0
 40
0.0
 40
1.0
 40
1.0
 40
1.0
 40
1.0
 10
15.50119331556002
 20
120.49317869566
 30
0.0
 10
15.50119331556002
 20
120.2919508812
 30
0.0
 10
15.48072984874
 20
120.1469986438
 30
0.0
 10
15.44249571642001
 20
120.05863574458
 30
0.0
  0
SPLINE
  5
2D1
330
2AF
100
AcDbEntity
  8
03___PRT_ALL_CURVES
  6
Continuous
 62
     4
100
AcDbSpline
210
0.0
220
0.0
230
1.0
 70
     8
 71
     3
 72
     8
 73
     4
 74
     0
 42
0.0000001
 43
0.0000000001
 40
0.0
 40
0.0
 40
0.0
 40
0.0
 40
1.0
 40
1.0
 40
1.0
 40
1.0
 10
15.44249571642001
 20
120.05863574458
 30
0.0
 10
15.40399006064001
 20
119.96964532058
 30
0.0
 10
15.35112550800002
 20
119.90654844144
 30
0.0
 10
15.28291269548004
 20
119.8707368265
 30
0.0
  0
SPLINE
  5
2D2
330
2AF
100
AcDbEntity
  8
03___PRT_ALL_CURVES
  6
Continuous
 62
     4
100
AcDbSpline
210
0.0
220
0.0
230
1.0
 70
     8
 71
     3
 72
     8
 73
     4
 74
     0
 42
0.0000001
 43
0.0000000001
 40
0.0
 40
0.0
 40
0.0
 40
0.0
 40
1.0
 40
1.0
 40
1.0
 40
1.0
 10
15.28291269548004
 20
119.8707368265
 30
0.0
 10
15.21469941814004
 20
119.83492496518
 30
0.0
 10
15.09873798382003
 20
119.81787174046
 30
0.0
 10
14.93843784976002
 20
119.81787174046
 30
0.0
  0
SPLINE
  5
2D3
330
2AF
100
AcDbEntity
  8
03___PRT_ALL_CURVES
  6
Continuous
 62
     4
100
AcDbSpline
210
0.0
220
0.0
230
1.0
 70
     8
 71
     3
 72
     8
 73
     4
 74
     0
 42
0.0000001
 43
0.0000000001
 40
0.0
 40
0.0
 40
0.0
 40
0.0
 40
1.0
 40
1.0
 40
1.0
 40
1.0
 10
17.81701913348004
 20
121.1633697454201
 30
0.0
 10
17.56292632188004
 20
120.84788533956
 30
0.0
 10
17.37704625676
 20
120.55286499742
 30
0.0
 10
17.26036154728001
 20
120.2769096743
 30
0.0
  0
SPLINE
  5
2D4
330
2AF
100
AcDbEntity
  8
03___PRT_ALL_CURVES
  6
Continuous
 62
     4
100
AcDbSpline
210
0.0
220
0.0
230
1.0
 70
     8
 71
     3
 72
     8
 73
     4
 74
     0
 42
0.0000001
 43
0.0000000001
 40
0.0
 40
0.0
 40
0.0
 40
0.0
 40
1.0
 40
1.0
 40
1.0
 40
1.0
 10
17.26036154728001
 20
120.2769096743
 30
0.0
 10
17.14341750634003
 20
120.00034104278
 30
0.0
 10
17.05815127352
 20
119.6575716064
 30
0.0
 10
17.00358083910001
 20
119.25000000092
 30
0.0
  0
SPLINE
  5
2D5
330
2AF
100
AcDbEntity
  8
03___PRT_ALL_CURVES
  6
Continuous
 62
     4
100
AcDbSpline
210
0.0
220
0.0
230
1.0
 70
     8
 71
     3
 72
     8
 73
     4
 74
     0
 42
0.0000001
 43
0.0000000001
 40
0.0
 40
0.0
 40
0.0
 40
0.0
 40
1.0
 40
1.0
 40
1.0
 40
1.0
 10
17.69594124000002
 20
119.25000000092
 30
0.0
 10
17.71810999424002
 20
119.54331514708
 30
0.0
 10
17.76244869906
 20
119.7974079028
 30
0.0
 10
17.82748982374
 20
120.01271699466
 30
0.0
  0
SPLINE
  5
2D6
330
2AF
100
AcDbEntity
  8
03___PRT_ALL_CURVES
  6
Continuous
 62
     4
100
AcDbSpline
210
0.0
220
0.0
230
1.0
 70
     8
 71
     3
 72
     8
 73
     4
 74
     0
 42
0.0000001
 43
0.0000000001
 40
0.0
 40
0.0
 40
0.0
 40
0.0
 40
1.0
 40
1.0
 40
1.0
 40
1.0
 10
17.82748982374
 20
120.01271699466
 30
0.0
 10
17.91081121412
 20
120.28854023016
 30
0.0
 10
18.02506795538
 20
120.53922238818
 30
0.0
 10
18.16849676427998
 20
120.76420882162
 30
0.0
  0
SPLINE
  5
2D7
330
2AF
100
AcDbEntity
  8
03___PRT_ALL_CURVES
  6
Continuous
 62
     4
100
AcDbSpline
210
0.0
220
0.0
230
1.0
 70
     8
 71
     3
 72
     8
 73
     4
 74
     0
 42
0.0000001
 43
0.0000000001
 40
0.0
 40
0.0
 40
0.0
 40
0.0
 40
1.0
 40
1.0
 40
1.0
 40
1.0
 10
18.16849676427998
 20
120.76420882162
 30
0.0
 10
18.28598192173999
 20
120.9484993217199
 30
0.0
 10
18.43263974627999
 20
121.12073662774
 30
0.0
 10
18.60999336922001
 20
121.28103676434
 30
0.0
  0
SPLINE
  5
2D8
330
2AF
100
AcDbEntity
  8
03___PRT_ALL_CURVES
  6
Continuous
 62
     4
100
AcDbSpline
210
0.0
220
0.0
230
1.0
 70
     8
 71
     3
 72
     8
 73
     4
 74
     0
 42
0.0000001
 43
0.0000000001
 40
0.0
 40
0.0
 40
0.0
 40
0.0
 40
1.0
 40
1.0
 40
1.0
 40
1.0
 10
19.89921560916002
 20
121.79263311478
 30
0.0
 10
19.82418170538003
 20
121.6357435581
 30
0.0
 10
19.72186198876
 20
121.50272849266
 30
0.0
 10
19.59233401565999
 20
121.3969052372
 30
0.0
  0
SPLINE
  5
2D9
330
2AF
100
AcDbEntity
  8
03___PRT_ALL_CURVES
  6
Continuous
 62
     4
100
AcDbSpline
210
0.0
220
0.0
230
1.0
 70
     8
 71
     3
 72
     8
 73
     4
 74
     0
 42
0.0000001
 43
0.0000000001
 40
0.0
 40
0.0
 40
0.0
 40
0.0
 40
1.0
 40
1.0
 40
1.0
 40
1.0
 10
19.59233401565999
 20
121.3969052372
 30
0.0
 10
19.46094742296
 20
121.28956350624
 30
0.0
 10
19.27677383906004
 20
121.19747611866
 30
0.0
 10
19.04143920432003
 20
121.1224420675599
 30
0.0
  0
SPLINE
  5
2DA
330
2AF
100
AcDbEntity
  8
03___PRT_ALL_CURVES
  6
Continuous
 62
     4
100
AcDbSpline
210
0.0
220
0.0
230
1.0
 70
     8
 71
     3
 72
     8
 73
     4
 74
     0
 42
0.0000001
 43
0.0000000001
 40
0.0
 40
0.0
 40
0.0
 40
0.0
 40
1.0
 40
1.0
 40
1.0
 40
1.0
 10
19.04143920432003
 20
120.55286499742
 30
0.0
 10
19.20173874402005
 20
120.60061398244
 30
0.0
 10
19.33475366214003
 20
120.6517735423
 30
0.0
 10
19.44082612715999
 20
120.70566495344
 30
0.0
  0
SPLINE
  5
2DB
330
2AF
100
AcDbEntity
  8
03___PRT_ALL_CURVES
  6
Continuous
 62
     4
100
AcDbSpline
210
0.0
220
0.0
230
1.0
 70
     8
 71
     3
 72
     8
 73
     4
 74
     0
 42
0.0000001
 43
0.0000000001
 40
0.0
 40
0.0
 40
0.0
 40
0.0
 40
1.0
 40
1.0
 40
1.0
 40
1.0
 10
19.44082612715999
 20
120.70566495344
 30
0.0
 10
19.54621425268002
 20
120.75920867922
 30
0.0
 10
19.65705981712003
 20
120.82912686552
 30
0.0
 10
19.77131596148001
 20
120.9160982359
 30
0.0
  0
LINE
  5
2DC
330
2AF
100
AcDbEntity
  8
03___PRT_ALL_CURVES
  6
Continuous
 62
     4
100
AcDbLine
 10
22.17752328520001
 20
119.81616645304
 30
0.0
 11
22.34335300942004
 21
119.96741929252
 31
0.0
  0
LINE
  5
2DD
330
2AF
100
AcDbEntity
  8
03___PRT_ALL_CURVES
  6
Continuous
 62
     4
100
AcDbLine
 10
22.34335300942004
 20
119.96741929252
 30
0.0
 11
22.62399650198003
 21
120.1713304976
 31
0.0
  0
SPLINE
  5
2DE
330
2AF
100
AcDbEntity
  8
03___PRT_ALL_CURVES
  6
Continuous
 62
     4
100
AcDbSpline
210
0.0
220
0.0
230
1.0
 70
     8
 71
     3
 72
     8
 73
     4
 74
     0
 42
0.0000001
 43
0.0000000001
 40
0.0
 40
0.0
 40
0.0
 40
0.0
 40
1.0
 40
1.0
 40
1.0
 40
1.0
 10
22.62399650198003
 20
120.1713304976
 30
0.0
 10
22.85965195142001
 20
120.33628921264
 30
0.0
 10
23.02165737798003
 20
120.48806275466
 30
0.0
 10
23.11072031390003
 20
120.62765154584
 30
0.0
  0
SPLINE
  5
2DF
330
2AF
100
AcDbEntity
  8
03___PRT_ALL_CURVES
  6
Continuous
 62
     4
100
AcDbSpline
210
0.0
220
0.0
230
1.0
 70
     8
 71
     3
 72
     8
 73
     4
 74
     0
 42
0.0000001
 43
0.0000000001
 40
0.0
 40
0.0
 40
0.0
 40
0.0
 40
1.0
 40
1.0
 40
1.0
 40
1.0
 10
23.11072031390003
 20
120.62765154584
 30
0.0
 10
23.19901099838006
 20
120.76602998384
 30
0.0
 10
23.24505439371998
 20
120.91098222124
 30
0.0
 10
23.24505439371998
 20
121.06446105322
 30
0.0
  0
SPLINE
  5
2E0
330
2AF
100
AcDbEntity
  8
03___PRT_ALL_CURVES
  6
Continuous
 62
     4
100
AcDbSpline
210
0.0
220
0.0
230
1.0
 70
     8
 71
     3
 72
     8
 73
     4
 74
     0
 42
0.0000001
 43
0.0000000001
 40
0.0
 40
0.0
 40
0.0
 40
0.0
 40
1.0
 40
1.0
 40
1.0
 40
1.0
 10
23.24505439371998
 20
121.06446105322
 30
0.0
 10
23.24505439371998
 20
121.2077080006599
 30
0.0
 10
23.20583215313999
 20
121.33560705144
 30
0.0
 10
23.12738723001999
 20
121.45156863054
 30
0.0
  0
SPLINE
  5
2E1
330
2AF
100
AcDbEntity
  8
03___PRT_ALL_CURVES
  6
Continuous
 62
     4
100
AcDbSpline
210
0.0
220
0.0
230
1.0
 70
     8
 71
     3
 72
     8
 73
     4
 74
     0
 42
0.0000001
 43
0.0000000001
 40
0.0
 40
0.0
 40
0.0
 40
0.0
 40
1.0
 40
1.0
 40
1.0
 40
1.0
 10
23.12738723001999
 20
121.45156863054
 30
0.0
 10
23.04894199956001
 20
121.56753066176
 30
0.0
 10
22.94321289682003
 20
121.65279674472
 30
0.0
 10
22.80649196884005
 20
121.70833945304
 30
0.0
  0
SPLINE
  5
2E2
330
2AF
100
AcDbEntity
  8
03___PRT_ALL_CURVES
  6
Continuous
 62
     4
100
AcDbSpline
210
0.0
220
0.0
230
1.0
 70
     8
 71
     3
 72
     8
 73
     4
 74
     0
 42
0.0000001
 43
0.0000000001
 40
0.0
 40
0.0
 40
0.0
 40
0.0
 40
1.0
 40
1.0
 40
1.0
 40
1.0
 10
22.80649196884005
 20
121.70833945304
 30
0.0
 10
22.67036071456002
 20
121.76364260888
 30
0.0
 10
22.48107066642001
 20
121.79263311478
 30
0.0
 10
22.23721018386001
 20
121.79263311478
 30
0.0
  0
SPLINE
  5
2E3
330
2AF
100
AcDbEntity
  8
03___PRT_ALL_CURVES
  6
Continuous
 62
     4
100
AcDbSpline
210
0.0
220
0.0
230
1.0
 70
     8
 71
     3
 72
     8
 73
     4
 74
     0
 42
0.0000001
 43
0.0000000001
 40
0.0
 40
0.0
 40
0.0
 40
0.0
 40
1.0
 40
1.0
 40
1.0
 40
1.0
 10
22.23721018386001
 20
121.79263311478
 30
0.0
 10
22.00187554912
 20
121.79263311478
 30
0.0
 10
21.81940665828003
 20
121.76193731892
 30
0.0
 10
21.68639171222
 20
121.70395636808
 30
0.0
  0
SPLINE
  5
2E4
330
2AF
100
AcDbEntity
  8
03___PRT_ALL_CURVES
  6
Continuous
 62
     4
100
AcDbSpline
210
0.0
220
0.0
230
1.0
 70
     8
 71
     3
 72
     8
 73
     4
 74
     0
 42
0.0000001
 43
0.0000000001
 40
0.0
 40
0.0
 40
0.0
 40
0.0
 40
1.0
 40
1.0
 40
1.0
 40
1.0
 10
21.68639171222
 20
121.70395636808
 30
0.0
 10
21.55337682204001
 20
121.6459754401
 30
0.0
 10
21.45105710542003
 20
121.56070935714
 30
0.0
 10
21.37884295978
 20
121.4519635776799
 30
0.0
  0
SPLINE
  5
2E5
330
2AF
100
AcDbEntity
  8
03___PRT_ALL_CURVES
  6
Continuous
 62
     4
100
AcDbSpline
210
0.0
220
0.0
230
1.0
 70
     8
 71
     3
 72
     8
 73
     4
 74
     0
 42
0.0000001
 43
0.0000000001
 40
0.0
 40
0.0
 40
0.0
 40
0.0
 40
1.0
 40
1.0
 40
1.0
 40
1.0
 10
21.37884295978
 20
121.4519635776799
 30
0.0
 10
21.30610457084003
 20
121.34242835606
 30
0.0
 10
21.25665059558003
 20
121.18894952408
 30
0.0
 10
21.22936597399999
 20
120.99454301678
 30
0.0
  0
SPLINE
  5
2E6
330
2AF
100
AcDbEntity
  8
03___PRT_ALL_CURVES
  6
Continuous
 62
     4
100
AcDbSpline
210
0.0
220
0.0
230
1.0
 70
     8
 71
     3
 72
     8
 73
     4
 74
     0
 42
0.0000001
 43
0.0000000001
 40
0.0
 40
0.0
 40
0.0
 40
0.0
 40
1.0
 40
1.0
 40
1.0
 40
1.0
 10
21.92513576102002
 20
120.93826743972
 30
0.0
 10
21.94389453478001
 20
121.07810366246
 30
0.0
 10
21.98141208230001
 20
121.1770122048
 30
0.0
 10
22.0381121721
 20
121.23285307102
 30
0.0
  0
SPLINE
  5
2E7
330
2AF
100
AcDbEntity
  8
03___PRT_ALL_CURVES
  6
Continuous
 62
     4
100
AcDbSpline
210
0.0
220
0.0
230
1.0
 70
     8
 71
     3
 72
     8
 73
     4
 74
     0
 42
0.0000001
 43
0.0000000001
 40
0.0
 40
0.0
 40
0.0
 40
0.0
 40
1.0
 40
1.0
 40
1.0
 40
1.0
 10
22.0381121721
 20
121.23285307102
 30
0.0
 10
22.09396353360003
 20
121.28785806896
 30
0.0
 10
22.16729155051999
 20
121.31684857486
 30
0.0
 10
22.25596895762001
 20
121.31684857486
 30
0.0
  0
SPLINE
  5
2E8
330
2AF
100
AcDbEntity
  8
03___PRT_ALL_CURVES
  6
Continuous
 62
     4
100
AcDbSpline
210
0.0
220
0.0
230
1.0
 70
     8
 71
     3
 72
     8
 73
     4
 74
     0
 42
0.0000001
 43
0.0000000001
 40
0.0
 40
0.0
 40
0.0
 40
0.0
 40
1.0
 40
1.0
 40
1.0
 40
1.0
 10
22.25596895762001
 20
121.31684857486
 30
0.0
 10
22.34123459354001
 20
121.31684857486
 30
0.0
 10
22.41115203562001
 20
121.28956350624
 30
0.0
 10
22.46742806734002
 20
121.23499292196
 30
0.0
  0
SPLINE
  5
2E9
330
2AF
100
AcDbEntity
  8
03___PRT_ALL_CURVES
  6
Continuous
 62
     4
100
AcDbSpline
210
0.0
220
0.0
230
1.0
 70
     8
 71
     3
 72
     8
 73
     4
 74
     0
 42
0.0000001
 43
0.0000000001
 40
0.0
 40
0.0
 40
0.0
 40
0.0
 40
1.0
 40
1.0
 40
1.0
 40
1.0
 10
22.46742806734002
 20
121.23499292196
 30
0.0
 10
22.52370348438004
 20
121.18042293204
 30
0.0
 10
22.55269399282002
 20
121.11562076294
 30
0.0
 10
22.55269399282002
 20
121.04058655944
 30
0.0
  0
SPLINE
  5
2EA
330
2AF
100
AcDbEntity
  8
03___PRT_ALL_CURVES
  6
Continuous
 62
     4
100
AcDbSpline
210
0.0
220
0.0
230
1.0
 70
     8
 71
     3
 72
     8
 73
     4
 74
     0
 42
0.0000001
 43
0.0000000001
 40
0.0
 40
0.0
 40
0.0
 40
0.0
 40
1.0
 40
1.0
 40
1.0
 40
1.0
 10
22.55269399282002
 20
121.04058655944
 30
0.0
 10
22.55269399282002
 20
120.96896323558
 30
0.0
 10
22.52370348438004
 20
120.89563432204
 30
0.0
 10
22.46687247790004
 20
120.8175975312
 30
0.0
  0
SPLINE
  5
2EB
330
2AF
100
AcDbEntity
  8
03___PRT_ALL_CURVES
  6
Continuous
 62
     4
100
AcDbSpline
210
0.0
220
0.0
230
1.0
 70
     8
 71
     3
 72
     8
 73
     4
 74
     0
 42
0.0000001
 43
0.0000000001
 40
0.0
 40
0.0
 40
0.0
 40
0.0
 40
1.0
 40
1.0
 40
1.0
 40
1.0
 10
22.46687247790004
 20
120.8175975312
 30
0.0
 10
22.40944734256001
 20
120.7387449152199
 30
0.0
 10
22.27984300182004
 20
120.62278303386
 30
0.0
 10
22.07692770788
 20
120.47269017936
 30
0.0
  0
SPLINE
  5
2EC
330
2AF
100
AcDbEntity
  8
03___PRT_ALL_CURVES
  6
Continuous
 62
     4
100
AcDbSpline
210
0.0
220
0.0
230
1.0
 70
     8
 71
     3
 72
     8
 73
     4
 74
     0
 42
0.0000001
 43
0.0000000001
 40
0.0
 40
0.0
 40
0.0
 40
0.0
 40
1.0
 40
1.0
 40
1.0
 40
1.0
 10
22.07692770788
 20
120.47269017936
 30
0.0
 10
21.74266687018002
 20
120.22544334848
 30
0.0
 10
21.51585927452001
 20
120.01057299844
 30
0.0
 10
21.39478155630002
 20
119.82980926802
 30
0.0
  0
SPLINE
  5
2ED
330
2AF
100
AcDbEntity
  8
03___PRT_ALL_CURVES
  6
Continuous
 62
     4
100
AcDbSpline
210
0.0
220
0.0
230
1.0
 70
     8
 71
     3
 72
     8
 73
     4
 74
     0
 42
0.0000001
 43
0.0000000001
 40
0.0
 40
0.0
 40
0.0
 40
0.0
 40
1.0
 40
1.0
 40
1.0
 40
1.0
 10
21.39478155630002
 20
119.82980926802
 30
0.0
 10
21.27370348502001
 20
119.64904501182
 30
0.0
 10
21.20208016116001
 20
119.45463846642
 30
0.0
 10
21.17820611442002
 20
119.25000000092
 30
0.0
  0
SPLINE
  5
2EE
330
2AF
100
AcDbEntity
  8
03___PRT_ALL_CURVES
  6
Continuous
 62
     4
100
AcDbSpline
210
0.0
220
0.0
230
1.0
 70
     8
 71
     3
 72
     8
 73
     4
 74
     0
 42
0.0000001
 43
0.0000000001
 40
0.0
 40
0.0
 40
0.0
 40
0.0
 40
1.0
 40
1.0
 40
1.0
 40
1.0
 10
1.607025917259989
 20
80.50572985436
 30
0.0
 10
1.607025917259989
 20
80.77121415193997
 30
0.0
 10
1.654774892120031
 20
80.95743520190001
 30
0.0
 10
1.750510433440041
 20
81.06418031479998
 30
0.0
  0
SPLINE
  5
2EF
330
2AF
100
AcDbEntity
  8
03___PRT_ALL_CURVES
  6
Continuous
 62
     4
100
AcDbSpline
210
0.0
220
0.0
230
1.0
 70
     8
 71
     3
 72
     8
 73
     4
 74
     0
 42
0.0000001
 43
0.0000000001
 40
0.0
 40
0.0
 40
0.0
 40
0.0
 40
1.0
 40
1.0
 40
1.0
 40
1.0
 10
1.750510433440041
 20
81.06418031479998
 30
0.0
 10
1.845770794099991
 20
81.17039560147995
 30
0.0
 10
1.991882658340046
 20
81.22387454456
 30
0.0
 10
2.18860845488004
 20
81.22387454456
 30
0.0
  0
SPLINE
  5
2F0
330
2AF
100
AcDbEntity
  8
03___PRT_ALL_CURVES
  6
Continuous
 62
     4
100
AcDbSpline
210
0.0
220
0.0
230
1.0
 70
     8
 71
     3
 72
     8
 73
     4
 74
     0
 42
0.0000001
 43
0.0000000001
 40
0.0
 40
0.0
 40
0.0
 40
0.0
 40
1.0
 40
1.0
 40
1.0
 40
1.0
 10
2.18860845488004
 20
81.22387454456
 30
0.0
 10
2.282196421120005
 20
81.22387454456
 30
0.0
 10
2.359549827500018
 20
81.21145970781998
 30
0.0
 10
2.420608991639995
 20
81.18838223556
 30
0.0
  0
SPLINE
  5
2F1
330
2AF
100
AcDbEntity
  8
03___PRT_ALL_CURVES
  6
Continuous
 62
     4
100
AcDbSpline
210
0.0
220
0.0
230
1.0
 70
     8
 71
     3
 72
     8
 73
     4
 74
     0
 42
0.0000001
 43
0.0000000001
 40
0.0
 40
0.0
 40
0.0
 40
0.0
 40
1.0
 40
1.0
 40
1.0
 40
1.0
 10
2.420608991639995
 20
81.18838223556
 30
0.0
 10
2.480832226540031
 20
81.16562070882
 30
0.0
 10
2.53049115694003
 20
81.13506143033996
 30
0.0
 10
2.568690336320032
 20
81.09781721221998
 30
0.0
  0
SPLINE
  5
2F2
330
2AF
100
AcDbEntity
  8
03___PRT_ALL_CURVES
  6
Continuous
 62
     4
100
AcDbSpline
210
0.0
220
0.0
230
1.0
 70
     8
 71
     3
 72
     8
 73
     4
 74
     0
 42
0.0000001
 43
0.0000000001
 40
0.0
 40
0.0
 40
0.0
 40
0.0
 40
1.0
 40
1.0
 40
1.0
 40
1.0
 10
2.568690336320032
 20
81.09781721221998
 30
0.0
 10
2.606889515700033
 20
81.0605729941
 30
0.0
 10
2.636493832919996
 20
81.02141881027998
 30
0.0
 10
2.658458371159981
 20
80.98035470139999
 30
0.0
  0
SPLINE
  5
2F3
330
2AF
100
AcDbEntity
  8
03___PRT_ALL_CURVES
  6
Continuous
 62
     4
100
AcDbSpline
210
0.0
220
0.0
230
1.0
 70
     8
 71
     3
 72
     8
 73
     4
 74
     0
 42
0.0000001
 43
0.0000000001
 40
0.0
 40
0.0
 40
0.0
 40
0.0
 40
1.0
 40
1.0
 40
1.0
 40
1.0
 10
2.658458371159981
 20
80.98035470139999
 30
0.0
 10
2.680422909400022
 20
80.93929059506002
 30
0.0
 10
2.698567516240018
 20
80.89154158718
 30
0.0
 10
2.711931845620001
 20
80.83710644331998
 30
0.0
  0
SPLINE
  5
2F4
330
2AF
100
AcDbEntity
  8
03___PRT_ALL_CURVES
  6
Continuous
 62
     4
100
AcDbSpline
210
0.0
220
0.0
230
1.0
 70
     8
 71
     3
 72
     8
 73
     4
 74
     0
 42
0.0000001
 43
0.0000000001
 40
0.0
 40
0.0
 40
0.0
 40
0.0
 40
1.0
 40
1.0
 40
1.0
 40
1.0
 10
2.711931845620001
 20
80.83710644331998
 30
0.0
 10
2.737721700060007
 20
80.73206005193998
 30
0.0
 10
2.751091414239994
 20
80.62319232200002
 30
0.0
 10
2.751091414239994
 20
80.51050474702001
 30
0.0
  0
SPLINE
  5
2F5
330
2AF
100
AcDbEntity
  8
03___PRT_ALL_CURVES
  6
Continuous
 62
     4
100
AcDbSpline
210
0.0
220
0.0
230
1.0
 70
     8
 71
     3
 72
     8
 73
     4
 74
     0
 42
0.0000001
 43
0.0000000001
 40
0.0
 40
0.0
 40
0.0
 40
0.0
 40
1.0
 40
1.0
 40
1.0
 40
1.0
 10
2.751091414239994
 20
80.51050474702001
 30
0.0
 10
2.751091414239994
 20
80.25648019791996
 30
0.0
 10
2.708117301560037
 20
80.07025921145998
 30
0.0
 10
2.622396263960042
 20
79.95263087928001
 30
0.0
  0
SPLINE
  5
2F6
330
2AF
100
AcDbEntity
  8
03___PRT_ALL_CURVES
  6
Continuous
 62
     4
100
AcDbSpline
210
0.0
220
0.0
230
1.0
 70
     8
 71
     3
 72
     8
 73
     4
 74
     0
 42
0.0000001
 43
0.0000000001
 40
0.0
 40
0.0
 40
0.0
 40
0.0
 40
1.0
 40
1.0
 40
1.0
 40
1.0
 10
2.622396263960042
 20
79.95263087928001
 30
0.0
 10
2.536221010860004
 20
79.83437926157998
 30
0.0
 10
2.388199180920026
 20
79.77612551219997
 30
0.0
 10
2.178103667659997
 20
79.77612551219997
 30
0.0
  0
SPLINE
  5
2F7
330
2AF
100
AcDbEntity
  8
03___PRT_ALL_CURVES
  6
Continuous
 62
     4
100
AcDbSpline
210
0.0
220
0.0
230
1.0
 70
     8
 71
     3
 72
     8
 73
     4
 74
     0
 42
0.0000001
 43
0.0000000001
 40
0.0
 40
0.0
 40
0.0
 40
0.0
 40
1.0
 40
1.0
 40
1.0
 40
1.0
 10
2.178103667659997
 20
79.77612551219997
 30
0.0
 10
2.059686238760037
 20
79.77612551219997
 30
0.0
 10
1.965143227440052
 20
79.79522510315996
 30
0.0
 10
1.892564794999998
 20
79.83246930095996
 30
0.0
  0
SPLINE
  5
2F8
330
2AF
100
AcDbEntity
  8
03___PRT_ALL_CURVES
  6
Continuous
 62
     4
100
AcDbSpline
210
0.0
220
0.0
230
1.0
 70
     8
 71
     3
 72
     8
 73
     4
 74
     0
 42
0.0000001
 43
0.0000000001
 40
0.0
 40
0.0
 40
0.0
 40
0.0
 40
1.0
 40
1.0
 40
1.0
 40
1.0
 10
1.892564794999998
 20
79.83246930095996
 30
0.0
 10
1.819986347320025
 20
79.86971350892
 30
0.0
 10
1.759822650020027
 20
79.92510231864
 30
0.0
 10
1.713234879340035
 20
79.99720242589999
 30
0.0
  0
SPLINE
  5
2F9
330
2AF
100
AcDbEntity
  8
03___PRT_ALL_CURVES
  6
Continuous
 62
     4
100
AcDbSpline
210
0.0
220
0.0
230
1.0
 70
     8
 71
     3
 72
     8
 73
     4
 74
     0
 42
0.0000001
 43
0.0000000001
 40
0.0
 40
0.0
 40
0.0
 40
0.0
 40
1.0
 40
1.0
 40
1.0
 40
1.0
 10
1.713234879340035
 20
79.99720242589999
 30
0.0
 10
1.679604357320045
 20
80.04924965479998
 30
0.0
 10
1.653819910539994
 20
80.11896315773998
 30
0.0
 10
1.634720319579998
 20
80.20873123321999
 30
0.0
  0
SPLINE
  5
2FA
330
2AF
100
AcDbEntity
  8
03___PRT_ALL_CURVES
  6
Continuous
 62
     4
100
AcDbSpline
210
0.0
220
0.0
230
1.0
 70
     8
 71
     3
 72
     8
 73
     4
 74
     0
 42
0.0000001
 43
0.0000000001
 40
0.0
 40
0.0
 40
0.0
 40
0.0
 40
1.0
 40
1.0
 40
1.0
 40
1.0
 10
1.634720319579998
 20
80.20873123321999
 30
0.0
 10
1.615620728620002
 20
80.2984993087
 30
0.0
 10
1.607025917259989
 20
80.39686220823998
 30
0.0
 10
1.607025917259989
 20
80.50572985436
 30
0.0
  0
SPLINE
  5
2FB
330
2AF
100
AcDbEntity
  8
03___PRT_ALL_CURVES
  6
Continuous
 62
     4
100
AcDbSpline
210
0.0
220
0.0
230
1.0
 70
     8
 71
     3
 72
     8
 73
     4
 74
     0
 42
0.0000001
 43
0.0000000001
 40
0.0
 40
0.0
 40
0.0
 40
0.0
 40
1.0
 40
1.0
 40
1.0
 40
1.0
 10
1.992837662780005
 20
80.50477489309998
 30
0.0
 10
1.992837662780005
 20
80.32619374404001
 30
0.0
 10
2.00811734266
 20
80.20395634056001
 30
0.0
 10
2.039631666220004
 20
80.13901773027999
 30
0.0
  0
SPLINE
  5
2FC
330
2AF
100
AcDbEntity
  8
03___PRT_ALL_CURVES
  6
Continuous
 62
     4
100
AcDbSpline
210
0.0
220
0.0
230
1.0
 70
     8
 71
     3
 72
     8
 73
     4
 74
     0
 42
0.0000001
 43
0.0000000001
 40
0.0
 40
0.0
 40
0.0
 40
0.0
 40
1.0
 40
1.0
 40
1.0
 40
1.0
 10
2.039631666220004
 20
80.13901773027999
 30
0.0
 10
2.071145987240016
 20
80.07407912
 30
0.0
 10
2.116984988780018
 20
80.04160981485998
 30
0.0
 10
2.177148706400033
 20
80.04160981485998
 30
0.0
  0
SPLINE
  5
2FD
330
2AF
100
AcDbEntity
  8
03___PRT_ALL_CURVES
  6
Continuous
 62
     4
100
AcDbSpline
210
0.0
220
0.0
230
1.0
 70
     8
 71
     3
 72
     8
 73
     4
 74
     0
 42
0.0000001
 43
0.0000000001
 40
0.0
 40
0.0
 40
0.0
 40
0.0
 40
1.0
 40
1.0
 40
1.0
 40
1.0
 10
2.177148706400033
 20
80.04160981485998
 30
0.0
 10
2.216302847039998
 20
80.04160981485998
 30
0.0
 10
2.250682097560002
 20
80.05497952904
 30
0.0
 10
2.27933151448002
 20
80.08267396438
 30
0.0
  0
SPLINE
  5
2FE
330
2AF
100
AcDbEntity
  8
03___PRT_ALL_CURVES
  6
Continuous
 62
     4
100
AcDbSpline
210
0.0
220
0.0
230
1.0
 70
     8
 71
     3
 72
     8
 73
     4
 74
     0
 42
0.0000001
 43
0.0000000001
 40
0.0
 40
0.0
 40
0.0
 40
0.0
 40
1.0
 40
1.0
 40
1.0
 40
1.0
 10
2.27933151448002
 20
80.08267396438
 30
0.0
 10
2.307980888219987
 20
80.11036835654002
 30
0.0
 10
2.329945426460029
 20
80.15429741015998
 30
0.0
 10
2.343417012420048
 20
80.21443840239999
 30
0.0
  0
SPLINE
  5
2FF
330
2AF
100
AcDbEntity
  8
03___PRT_ALL_CURVES
  6
Continuous
 62
     4
100
AcDbSpline
210
0.0
220
0.0
230
1.0
 70
     8
 71
     3
 72
     8
 73
     4
 74
     0
 42
0.0000001
 43
0.0000000001
 40
0.0
 40
0.0
 40
0.0
 40
0.0
 40
1.0
 40
1.0
 40
1.0
 40
1.0
 10
2.343417012420048
 20
80.21443840239999
 30
0.0
 10
2.356684857360023
 20
80.27366984350002
 30
0.0
 10
2.364324720160027
 20
80.36725785037999
 30
0.0
 10
2.364324720160027
 20
80.49427010334
 30
0.0
  0
SPLINE
  5
300
330
2AF
100
AcDbEntity
  8
03___PRT_ALL_CURVES
  6
Continuous
 62
     4
100
AcDbSpline
210
0.0
220
0.0
230
1.0
 70
     8
 71
     3
 72
     8
 73
     4
 74
     0
 42
0.0000001
 43
0.0000000001
 40
0.0
 40
0.0
 40
0.0
 40
0.0
 40
1.0
 40
1.0
 40
1.0
 40
1.0
 10
2.364324720160027
 20
80.49427010334
 30
0.0
 10
2.364324720160027
 20
80.67953615139999
 30
0.0
 10
2.348090035840016
 20
80.80463848183996
 30
0.0
 10
2.316575712280013
 20
80.86862208768
 30
0.0
  0
SPLINE
  5
301
330
2AF
100
AcDbEntity
  8
03___PRT_ALL_CURVES
  6
Continuous
 62
     4
100
AcDbSpline
210
0.0
220
0.0
230
1.0
 70
     8
 71
     3
 72
     8
 73
     4
 74
     0
 42
0.0000001
 43
0.0000000001
 40
0.0
 40
0.0
 40
0.0
 40
0.0
 40
1.0
 40
1.0
 40
1.0
 40
1.0
 10
2.316575712280013
 20
80.86862208768
 30
0.0
 10
2.28506138872001
 20
80.93260569606002
 30
0.0
 10
2.238267428460034
 20
80.96507506469999
 30
0.0
 10
2.175238740700024
 20
80.96507506469999
 30
0.0
  0
SPLINE
  5
302
330
2AF
100
AcDbEntity
  8
03___PRT_ALL_CURVES
  6
Continuous
 62
     4
100
AcDbSpline
210
0.0
220
0.0
230
1.0
 70
     8
 71
     3
 72
     8
 73
     4
 74
     0
 42
0.0000001
 43
0.0000000001
 40
0.0
 40
0.0
 40
0.0
 40
0.0
 40
1.0
 40
1.0
 40
1.0
 40
1.0
 10
2.175238740700024
 20
80.96507506469999
 30
0.0
 10
2.110300130420029
 20
80.96507506469999
 30
0.0
 10
2.064461131420046
 20
80.93165073479997
 30
0.0
 10
2.03581175006002
 20
80.86671215754004
 30
0.0
  0
SPLINE
  5
303
330
2AF
100
AcDbEntity
  8
03___PRT_ALL_CURVES
  6
Continuous
 62
     4
100
AcDbSpline
210
0.0
220
0.0
230
1.0
 70
     8
 71
     3
 72
     8
 73
     4
 74
     0
 42
0.0000001
 43
0.0000000001
 40
0.0
 40
0.0
 40
0.0
 40
0.0
 40
1.0
 40
1.0
 40
1.0
 40
1.0
 10
2.03581175006002
 20
80.86671215754004
 30
0.0
 10
2.007162338219985
 20
80.80177351169999
 30
0.0
 10
1.992837662780005
 20
80.68049111266001
 30
0.0
 10
1.992837662780005
 20
80.50477489309998
 30
0.0
  0
SPLINE
  5
304
330
2AF
100
AcDbEntity
  8
03___PRT_ALL_CURVES
  6
Continuous
 62
     4
100
AcDbSpline
210
0.0
220
0.0
230
1.0
 70
     8
 71
     3
 72
     8
 73
     4
 74
     0
 42
0.0000001
 43
0.0000000001
 40
0.0
 40
0.0
 40
0.0
 40
0.0
 40
1.0
 40
1.0
 40
1.0
 40
1.0
 10
3.399522560860021
 20
80.7330150132
 30
0.0
 10
3.335538955020041
 20
80.68431104406
 30
0.0
 10
3.273465269160027
 20
80.64515686024001
 30
0.0
 10
3.214448087220006
 20
80.61517237360002
 30
0.0
  0
SPLINE
  5
305
330
2AF
100
AcDbEntity
  8
03___PRT_ALL_CURVES
  6
Continuous
 62
     4
100
AcDbSpline
210
0.0
220
0.0
230
1.0
 70
     8
 71
     3
 72
     8
 73
     4
 74
     0
 42
0.0000001
 43
0.0000000001
 40
0.0
 40
0.0
 40
0.0
 40
0.0
 40
1.0
 40
1.0
 40
1.0
 40
1.0
 10
3.214448087220006
 20
80.61517237360002
 30
0.0
 10
3.155047672620015
 20
80.58499318325997
 30
0.0
 10
3.080559320200024
 20
80.55634382983999
 30
0.0
 10
2.990791244720015
 20
80.52960439893997
 30
0.0
  0
SPLINE
  5
306
330
2AF
100
AcDbEntity
  8
03___PRT_ALL_CURVES
  6
Continuous
 62
     4
100
AcDbSpline
210
0.0
220
0.0
230
1.0
 70
     8
 71
     3
 72
     8
 73
     4
 74
     0
 42
0.0000001
 43
0.0000000001
 40
0.0
 40
0.0
 40
0.0
 40
0.0
 40
1.0
 40
1.0
 40
1.0
 40
1.0
 10
2.990791244720015
 20
80.84856755831998
 30
0.0
 10
3.122578471620017
 20
80.89058662591998
 30
0.0
 10
3.225716180000006
 20
80.94215556265999
 30
0.0
 10
3.2992925378
 20
81.00226689277997
 30
0.0
  0
SPLINE
  5
307
330
2AF
100
AcDbEntity
  8
03___PRT_ALL_CURVES
  6
Continuous
 62
     4
100
AcDbSpline
210
0.0
220
0.0
230
1.0
 70
     8
 71
     3
 72
     8
 73
     4
 74
     0
 42
0.0000001
 43
0.0000000001
 40
0.0
 40
0.0
 40
0.0
 40
0.0
 40
1.0
 40
1.0
 40
1.0
 40
1.0
 10
3.2992925378
 20
81.00226689277997
 30
0.0
 10
3.371828168700006
 20
81.06152795535999
 30
0.0
 10
3.429126878079984
 20
81.13601639160001
 30
0.0
 10
3.471146029500034
 20
81.22387454456
 30
0.0
  0
SPLINE
  5
308
330
2AF
100
AcDbEntity
  8
03___PRT_ALL_CURVES
  6
Continuous
 62
     4
100
AcDbSpline
210
0.0
220
0.0
230
1.0
 70
     8
 71
     3
 72
     8
 73
     4
 74
     0
 42
0.0000001
 43
0.0000000001
 40
0.0
 40
0.0
 40
0.0
 40
0.0
 40
1.0
 40
1.0
 40
1.0
 40
1.0
 10
1.475238736080001
 20
77.00572985411998
 30
0.0
 10
1.475238736080001
 20
77.27121415169998
 30
0.0
 10
1.522987710940015
 20
77.45743520165999
 30
0.0
 10
1.618723252259997
 20
77.56418031455999
 30
0.0
  0
SPLINE
  5
309
330
2AF
100
AcDbEntity
  8
03___PRT_ALL_CURVES
  6
Continuous
 62
     4
100
AcDbSpline
210
0.0
220
0.0
230
1.0
 70
     8
 71
     3
 72
     8
 73
     4
 74
     0
 42
0.0000001
 43
0.0000000001
 40
0.0
 40
0.0
 40
0.0
 40
0.0
 40
1.0
 40
1.0
 40
1.0
 40
1.0
 10
1.618723252259997
 20
77.56418031455999
 30
0.0
 10
1.713983612920032
 20
77.67039560123999
 30
0.0
 10
1.86009547716003
 20
77.72387454432001
 30
0.0
 10
2.056821276239987
 20
77.72387454432001
 30
0.0
  0
SPLINE
  5
30A
330
2AF
100
AcDbEntity
  8
03___PRT_ALL_CURVES
  6
Continuous
 62
     4
100
AcDbSpline
210
0.0
220
0.0
230
1.0
 70
     8
 71
     3
 72
     8
 73
     4
 74
     0
 42
0.0000001
 43
0.0000000001
 40
0.0
 40
0.0
 40
0.0
 40
0.0
 40
1.0
 40
1.0
 40
1.0
 40
1.0
 10
2.056821276239987
 20
77.72387454432001
 30
0.0
 10
2.150409239940046
 20
77.72387454432001
 30
0.0
 10
2.227762646320059
 20
77.71145970757999
 30
0.0
 10
2.288821813000027
 20
77.68838223532
 30
0.0
  0
SPLINE
  5
30B
330
2AF
100
AcDbEntity
  8
03___PRT_ALL_CURVES
  6
Continuous
 62
     4
100
AcDbSpline
210
0.0
220
0.0
230
1.0
 70
     8
 71
     3
 72
     8
 73
     4
 74
     0
 42
0.0000001
 43
0.0000000001
 40
0.0
 40
0.0
 40
0.0
 40
0.0
 40
1.0
 40
1.0
 40
1.0
 40
1.0
 10
2.288821813000027
 20
77.68838223532
 30
0.0
 10
2.349045045360015
 20
77.66562070857998
 30
0.0
 10
2.398703975760014
 20
77.6350614301
 30
0.0
 10
2.436903155140016
 20
77.59781721197996
 30
0.0
  0
SPLINE
  5
30C
330
2AF
100
AcDbEntity
  8
03___PRT_ALL_CURVES
  6
Continuous
 62
     4
100
AcDbSpline
210
0.0
220
0.0
230
1.0
 70
     8
 71
     3
 72
     8
 73
     4
 74
     0
 42
0.0000001
 43
0.0000000001
 40
0.0
 40
0.0
 40
0.0
 40
0.0
 40
1.0
 40
1.0
 40
1.0
 40
1.0
 10
2.436903155140016
 20
77.59781721197996
 30
0.0
 10
2.475102334520017
 20
77.56057299385998
 30
0.0
 10
2.504706651740008
 20
77.52141881004002
 30
0.0
 10
2.526671189980021
 20
77.48035470116
 30
0.0
  0
SPLINE
  5
30D
330
2AF
100
AcDbEntity
  8
03___PRT_ALL_CURVES
  6
Continuous
 62
     4
100
AcDbSpline
210
0.0
220
0.0
230
1.0
 70
     8
 71
     3
 72
     8
 73
     4
 74
     0
 42
0.0000001
 43
0.0000000001
 40
0.0
 40
0.0
 40
0.0
 40
0.0
 40
1.0
 40
1.0
 40
1.0
 40
1.0
 10
2.526671189980021
 20
77.48035470116
 30
0.0
 10
2.548635728220006
 20
77.43929059482
 30
0.0
 10
2.566780335060002
 20
77.39154158693998
 30
0.0
 10
2.580144664440041
 20
77.33710644308002
 30
0.0
  0
SPLINE
  5
30E
330
2AF
100
AcDbEntity
  8
03___PRT_ALL_CURVES
  6
Continuous
 62
     4
100
AcDbSpline
210
0.0
220
0.0
230
1.0
 70
     8
 71
     3
 72
     8
 73
     4
 74
     0
 42
0.0000001
 43
0.0000000001
 40
0.0
 40
0.0
 40
0.0
 40
0.0
 40
1.0
 40
1.0
 40
1.0
 40
1.0
 10
2.580144664440041
 20
77.33710644308002
 30
0.0
 10
2.605934518880019
 20
77.23206005169996
 30
0.0
 10
2.619304233060035
 20
77.12319232176
 30
0.0
 10
2.619304233060035
 20
77.01050474677999
 30
0.0
  0
SPLINE
  5
30F
330
2AF
100
AcDbEntity
  8
03___PRT_ALL_CURVES
  6
Continuous
 62
     4
100
AcDbSpline
210
0.0
220
0.0
230
1.0
 70
     8
 71
     3
 72
     8
 73
     4
 74
     0
 42
0.0000001
 43
0.0000000001
 40
0.0
 40
0.0
 40
0.0
 40
0.0
 40
1.0
 40
1.0
 40
1.0
 40
1.0
 10
2.619304233060035
 20
77.01050474677999
 30
0.0
 10
2.619304233060035
 20
76.75648019767999
 30
0.0
 10
2.576330120380021
 20
76.57025921121999
 30
0.0
 10
2.490609082779997
 20
76.45263088158
 30
0.0
  0
SPLINE
  5
310
330
2AF
100
AcDbEntity
  8
03___PRT_ALL_CURVES
  6
Continuous
 62
     4
100
AcDbSpline
210
0.0
220
0.0
230
1.0
 70
     8
 71
     3
 72
     8
 73
     4
 74
     0
 42
0.0000001
 43
0.0000000001
 40
0.0
 40
0.0
 40
0.0
 40
0.0
 40
1.0
 40
1.0
 40
1.0
 40
1.0
 10
2.490609082779997
 20
76.45263088158
 30
0.0
 10
2.404433829679988
 20
76.33437926133996
 30
0.0
 10
2.25641199974001
 20
76.27612551195998
 30
0.0
 10
2.046316486480009
 20
76.27612551195998
 30
0.0
  0
SPLINE
  5
311
330
2AF
100
AcDbEntity
  8
03___PRT_ALL_CURVES
  6
Continuous
 62
     4
100
AcDbSpline
210
0.0
220
0.0
230
1.0
 70
     8
 71
     3
 72
     8
 73
     4
 74
     0
 42
0.0000001
 43
0.0000000001
 40
0.0
 40
0.0
 40
0.0
 40
0.0
 40
1.0
 40
1.0
 40
1.0
 40
1.0
 10
2.046316486480009
 20
76.27612551195998
 30
0.0
 10
1.927899057580021
 20
76.27612551195998
 30
0.0
 10
1.833356046259979
 20
76.29522510291997
 30
0.0
 10
1.760777613820039
 20
76.33246930071999
 30
0.0
  0
SPLINE
  5
312
330
2AF
100
AcDbEntity
  8
03___PRT_ALL_CURVES
  6
Continuous
 62
     4
100
AcDbSpline
210
0.0
220
0.0
230
1.0
 70
     8
 71
     3
 72
     8
 73
     4
 74
     0
 42
0.0000001
 43
0.0000000001
 40
0.0
 40
0.0
 40
0.0
 40
0.0
 40
1.0
 40
1.0
 40
1.0
 40
1.0
 10
1.760777613820039
 20
76.33246930071999
 30
0.0
 10
1.688199166140009
 20
76.36971350867998
 30
0.0
 10
1.628035468840011
 20
76.42510231840001
 30
0.0
 10
1.581447698160019
 20
76.49720242565999
 30
0.0
  0
SPLINE
  5
313
330
2AF
100
AcDbEntity
  8
03___PRT_ALL_CURVES
  6
Continuous
 62
     4
100
AcDbSpline
210
0.0
220
0.0
230
1.0
 70
     8
 71
     3
 72
     8
 73
     4
 74
     0
 42
0.0000001
 43
0.0000000001
 40
0.0
 40
0.0
 40
0.0
 40
0.0
 40
1.0
 40
1.0
 40
1.0
 40
1.0
 10
1.581447698160019
 20
76.49720242565999
 30
0.0
 10
1.547817176140029
 20
76.54924965456001
 30
0.0
 10
1.522032729360035
 20
76.61896315750002
 30
0.0
 10
1.502933138400039
 20
76.70873123297997
 30
0.0
  0
SPLINE
  5
314
330
2AF
100
AcDbEntity
  8
03___PRT_ALL_CURVES
  6
Continuous
 62
     4
100
AcDbSpline
210
0.0
220
0.0
230
1.0
 70
     8
 71
     3
 72
     8
 73
     4
 74
     0
 42
0.0000001
 43
0.0000000001
 40
0.0
 40
0.0
 40
0.0
 40
0.0
 40
1.0
 40
1.0
 40
1.0
 40
1.0
 10
1.502933138400039
 20
76.70873123297997
 30
0.0
 10
1.483833549980005
 20
76.798499311
 30
0.0
 10
1.475238736080001
 20
76.89686220800002
 30
0.0
 10
1.475238736080001
 20
77.00572985411998
 30
0.0
  0
SPLINE
  5
315
330
2AF
100
AcDbEntity
  8
03___PRT_ALL_CURVES
  6
Continuous
 62
     4
100
AcDbSpline
210
0.0
220
0.0
230
1.0
 70
     8
 71
     3
 72
     8
 73
     4
 74
     0
 42
0.0000001
 43
0.0000000001
 40
0.0
 40
0.0
 40
0.0
 40
0.0
 40
1.0
 40
1.0
 40
1.0
 40
1.0
 10
1.861050481599989
 20
77.00477489285998
 30
0.0
 10
1.861050481599989
 20
76.82619374379999
 30
0.0
 10
1.876330161480041
 20
76.70395634031996
 30
0.0
 10
1.907844485040016
 20
76.63901773004002
 30
0.0
  0
SPLINE
  5
316
330
2AF
100
AcDbEntity
  8
03___PRT_ALL_CURVES
  6
Continuous
 62
     4
100
AcDbSpline
210
0.0
220
0.0
230
1.0
 70
     8
 71
     3
 72
     8
 73
     4
 74
     0
 42
0.0000001
 43
0.0000000001
 40
0.0
 40
0.0
 40
0.0
 40
0.0
 40
1.0
 40
1.0
 40
1.0
 40
1.0
 10
1.907844485040016
 20
76.63901773004002
 30
0.0
 10
1.93935880606
 20
76.57407911975997
 30
0.0
 10
1.985197807600002
 20
76.54160981462002
 30
0.0
 10
2.045361525219988
 20
76.54160981462002
 30
0.0
  0
SPLINE
  5
317
330
2AF
100
AcDbEntity
  8
03___PRT_ALL_CURVES
  6
Continuous
 62
     4
100
AcDbSpline
210
0.0
220
0.0
230
1.0
 70
     8
 71
     3
 72
     8
 73
     4
 74
     0
 42
0.0000001
 43
0.0000000001
 40
0.0
 40
0.0
 40
0.0
 40
0.0
 40
1.0
 40
1.0
 40
1.0
 40
1.0
 10
2.045361525219988
 20
76.54160981462002
 30
0.0
 10
2.08451566840003
 20
76.54160981462002
 30
0.0
 10
2.118894916380043
 20
76.55497952879998
 30
0.0
 10
2.147544333300004
 20
76.58267396413999
 30
0.0
  0
SPLINE
  5
318
330
2AF
100
AcDbEntity
  8
03___PRT_ALL_CURVES
  6
Continuous
 62
     4
100
AcDbSpline
210
0.0
220
0.0
230
1.0
 70
     8
 71
     3
 72
     8
 73
     4
 74
     0
 42
0.0000001
 43
0.0000000001
 40
0.0
 40
0.0
 40
0.0
 40
0.0
 40
1.0
 40
1.0
 40
1.0
 40
1.0
 10
2.147544333300004
 20
76.58267396413999
 30
0.0
 10
2.176193709580019
 20
76.6103683563
 30
0.0
 10
2.198158247820032
 20
76.65429740991996
 30
0.0
 10
2.211629831239975
 20
76.71443840215997
 30
0.0
  0
SPLINE
  5
319
330
2AF
100
AcDbEntity
  8
03___PRT_ALL_CURVES
  6
Continuous
 62
     4
100
AcDbSpline
210
0.0
220
0.0
230
1.0
 70
     8
 71
     3
 72
     8
 73
     4
 74
     0
 42
0.0000001
 43
0.0000000001
 40
0.0
 40
0.0
 40
0.0
 40
0.0
 40
1.0
 40
1.0
 40
1.0
 40
1.0
 10
2.211629831239975
 20
76.71443840215997
 30
0.0
 10
2.224897676180007
 20
76.77366984579999
 30
0.0
 10
2.232537538980012
 20
76.86725785013999
 30
0.0
 10
2.232537538980012
 20
76.99427010309998
 30
0.0
  0
SPLINE
  5
31A
330
2AF
100
AcDbEntity
  8
03___PRT_ALL_CURVES
  6
Continuous
 62
     4
100
AcDbSpline
210
0.0
220
0.0
230
1.0
 70
     8
 71
     3
 72
     8
 73
     4
 74
     0
 42
0.0000001
 43
0.0000000001
 40
0.0
 40
0.0
 40
0.0
 40
0.0
 40
1.0
 40
1.0
 40
1.0
 40
1.0
 10
2.232537538980012
 20
76.99427010309998
 30
0.0
 10
2.232537538980012
 20
77.17953615116
 30
0.0
 10
2.21630285466
 20
77.30463848160002
 30
0.0
 10
2.184788531099997
 20
77.36862208744
 30
0.0
  0
SPLINE
  5
31B
330
2AF
100
AcDbEntity
  8
03___PRT_ALL_CURVES
  6
Continuous
 62
     4
100
AcDbSpline
210
0.0
220
0.0
230
1.0
 70
     8
 71
     3
 72
     8
 73
     4
 74
     0
 42
0.0000001
 43
0.0000000001
 40
0.0
 40
0.0
 40
0.0
 40
0.0
 40
1.0
 40
1.0
 40
1.0
 40
1.0
 10
2.184788531099997
 20
77.36862208744
 30
0.0
 10
2.153274207540022
 20
77.43260569581997
 30
0.0
 10
2.10648024727999
 20
77.46507506446
 30
0.0
 10
2.043451559520008
 20
77.46507506446
 30
0.0
  0
SPLINE
  5
31C
330
2AF
100
AcDbEntity
  8
03___PRT_ALL_CURVES
  6
Continuous
 62
     4
100
AcDbSpline
210
0.0
220
0.0
230
1.0
 70
     8
 71
     3
 72
     8
 73
     4
 74
     0
 42
0.0000001
 43
0.0000000001
 40
0.0
 40
0.0
 40
0.0
 40
0.0
 40
1.0
 40
1.0
 40
1.0
 40
1.0
 10
2.043451559520008
 20
77.46507506446
 30
0.0
 10
1.978512949240013
 20
77.46507506446
 30
0.0
 10
1.93267395024003
 20
77.43165073456001
 30
0.0
 10
1.904024568880004
 20
77.36671215729996
 30
0.0
  0
SPLINE
  5
31D
330
2AF
100
AcDbEntity
  8
03___PRT_ALL_CURVES
  6
Continuous
 62
     4
100
AcDbSpline
210
0.0
220
0.0
230
1.0
 70
     8
 71
     3
 72
     8
 73
     4
 74
     0
 42
0.0000001
 43
0.0000000001
 40
0.0
 40
0.0
 40
0.0
 40
0.0
 40
1.0
 40
1.0
 40
1.0
 40
1.0
 10
1.904024568880004
 20
77.36671215729996
 30
0.0
 10
1.875375157040025
 20
77.30177351145997
 30
0.0
 10
1.861050481599989
 20
77.18049111241999
 30
0.0
 10
1.861050481599989
 20
77.00477489285998
 30
0.0
  0
SPLINE
  5
31E
330
2AF
100
AcDbEntity
  8
03___PRT_ALL_CURVES
  6
Continuous
 62
     4
100
AcDbSpline
210
0.0
220
0.0
230
1.0
 70
     8
 71
     3
 72
     8
 73
     4
 74
     0
 42
0.0000001
 43
0.0000000001
 40
0.0
 40
0.0
 40
0.0
 40
0.0
 40
1.0
 40
1.0
 40
1.0
 40
1.0
 10
2.789290601239998
 20
77.36098222717999
 30
0.0
 10
2.819849963540037
 20
77.47748973355999
 30
0.0
 10
2.878103631639988
 20
77.56725780904
 30
0.0
 10
2.965233782500036
 20
77.62997233435999
 30
0.0
  0
SPLINE
  5
31F
330
2AF
100
AcDbEntity
  8
03___PRT_ALL_CURVES
  6
Continuous
 62
     4
100
AcDbSpline
210
0.0
220
0.0
230
1.0
 70
     8
 71
     3
 72
     8
 73
     4
 74
     0
 42
0.0000001
 43
0.0000000001
 40
0.0
 40
0.0
 40
0.0
 40
0.0
 40
1.0
 40
1.0
 40
1.0
 40
1.0
 10
2.965233782500036
 20
77.62997233435999
 30
0.0
 10
3.051910012500002
 20
77.69236013948
 30
0.0
 10
3.175102252779993
 20
77.72387454432001
 30
0.0
 10
3.33458387184001
 20
77.72387454432001
 30
0.0
  0
SPLINE
  5
320
330
2AF
100
AcDbEntity
  8
03___PRT_ALL_CURVES
  6
Continuous
 62
     4
100
AcDbSpline
210
0.0
220
0.0
230
1.0
 70
     8
 71
     3
 72
     8
 73
     4
 74
     0
 42
0.0000001
 43
0.0000000001
 40
0.0
 40
0.0
 40
0.0
 40
0.0
 40
1.0
 40
1.0
 40
1.0
 40
1.0
 10
3.33458387184001
 20
77.72387454432001
 30
0.0
 10
3.516984909120026
 20
77.72387454432001
 30
0.0
 10
3.648772138560048
 20
77.68949525316
 30
0.0
 10
3.73047048926
 20
77.62117437126
 30
0.0
  0
SPLINE
  5
321
330
2AF
100
AcDbEntity
  8
03___PRT_ALL_CURVES
  6
Continuous
 62
     4
100
AcDbSpline
210
0.0
220
0.0
230
1.0
 70
     8
 71
     3
 72
     8
 73
     4
 74
     0
 42
0.0000001
 43
0.0000000001
 40
0.0
 40
0.0
 40
0.0
 40
0.0
 40
1.0
 40
1.0
 40
1.0
 40
1.0
 10
3.73047048926
 20
77.62117437126
 30
0.0
 10
3.81207360773999
 20
77.55293313359999
 30
0.0
 10
3.853137797900047
 20
77.46793994823997
 30
0.0
 10
3.853137797900047
 20
77.36480215857998
 30
0.0
  0
SPLINE
  5
322
330
2AF
100
AcDbEntity
  8
03___PRT_ALL_CURVES
  6
Continuous
 62
     4
100
AcDbSpline
210
0.0
220
0.0
230
1.0
 70
     8
 71
     3
 72
     8
 73
     4
 74
     0
 42
0.0000001
 43
0.0000000001
 40
0.0
 40
0.0
 40
0.0
 40
0.0
 40
1.0
 40
1.0
 40
1.0
 40
1.0
 10
3.853137797900047
 20
77.36480215857998
 30
0.0
 10
3.853137797900047
 20
77.30368352034
 30
0.0
 10
3.835948152320015
 20
77.24924969727999
 30
0.0
 10
3.803369967540021
 20
77.20061844833998
 30
0.0
  0
SPLINE
  5
323
330
2AF
100
AcDbEntity
  8
03___PRT_ALL_CURVES
  6
Continuous
 62
     4
100
AcDbSpline
210
0.0
220
0.0
230
1.0
 70
     8
 71
     3
 72
     8
 73
     4
 74
     0
 42
0.0000001
 43
0.0000000001
 40
0.0
 40
0.0
 40
0.0
 40
0.0
 40
1.0
 40
1.0
 40
1.0
 40
1.0
 10
3.803369967540021
 20
77.20061844833998
 30
0.0
 10
3.77005462142003
 20
77.15088679773996
 30
0.0
 10
3.720395607200004
 20
77.10791268252001
 30
0.0
 10
3.653547115039999
 20
77.07162346883999
 30
0.0
  0
SPLINE
  5
324
330
2AF
100
AcDbEntity
  8
03___PRT_ALL_CURVES
  6
Continuous
 62
     4
100
AcDbSpline
210
0.0
220
0.0
230
1.0
 70
     8
 71
     3
 72
     8
 73
     4
 74
     0
 42
0.0000001
 43
0.0000000001
 40
0.0
 40
0.0
 40
0.0
 40
0.0
 40
1.0
 40
1.0
 40
1.0
 40
1.0
 10
3.653547115039999
 20
77.07162346883999
 30
0.0
 10
3.707025974299995
 20
77.05825375212001
 30
0.0
 10
3.74904496062004
 20
77.0420190678
 30
0.0
 10
3.777499371580035
 20
77.02450869641996
 30
0.0
  0
SPLINE
  5
325
330
2AF
100
AcDbEntity
  8
03___PRT_ALL_CURVES
  6
Continuous
 62
     4
100
AcDbSpline
210
0.0
220
0.0
230
1.0
 70
     8
 71
     3
 72
     8
 73
     4
 74
     0
 42
0.0000001
 43
0.0000000001
 40
0.0
 40
0.0
 40
0.0
 40
0.0
 40
1.0
 40
1.0
 40
1.0
 40
1.0
 10
3.777499371580035
 20
77.02450869641996
 30
0.0
 10
3.823533480679998
 20
76.99618006880002
 30
0.0
 10
3.859822696900039
 20
76.95798088941996
 30
0.0
 10
3.885607110660004
 20
76.9111868555
 30
0.0
  0
SPLINE
  5
326
330
2AF
100
AcDbEntity
  8
03___PRT_ALL_CURVES
  6
Continuous
 62
     4
100
AcDbSpline
210
0.0
220
0.0
230
1.0
 70
     8
 71
     3
 72
     8
 73
     4
 74
     0
 42
0.0000001
 43
0.0000000001
 40
0.0
 40
0.0
 40
0.0
 40
0.0
 40
1.0
 40
1.0
 40
1.0
 40
1.0
 10
3.885607110660004
 20
76.9111868555
 30
0.0
 10
3.911391466000026
 20
76.86439292317999
 30
0.0
 10
3.924761266540031
 20
76.80900409821999
 30
0.0
 10
3.924761266540031
 20
76.74406548793999
 30
0.0
  0
SPLINE
  5
327
330
2AF
100
AcDbEntity
  8
03___PRT_ALL_CURVES
  6
Continuous
 62
     4
100
AcDbSpline
210
0.0
220
0.0
230
1.0
 70
     8
 71
     3
 72
     8
 73
     4
 74
     0
 42
0.0000001
 43
0.0000000001
 40
0.0
 40
0.0
 40
0.0
 40
0.0
 40
1.0
 40
1.0
 40
1.0
 40
1.0
 10
3.924761266540031
 20
76.74406548793999
 30
0.0
 10
3.924761266540031
 20
76.66193722954003
 30
0.0
 10
3.90279664448002
 20
76.58362892539995
 30
0.0
 10
3.860416861320005
 20
76.5093451903
 30
0.0
  0
SPLINE
  5
328
330
2AF
100
AcDbEntity
  8
03___PRT_ALL_CURVES
  6
Continuous
 62
     4
100
AcDbSpline
210
0.0
220
0.0
230
1.0
 70
     8
 71
     3
 72
     8
 73
     4
 74
     0
 42
0.0000001
 43
0.0000000001
 40
0.0
 40
0.0
 40
0.0
 40
0.0
 40
1.0
 40
1.0
 40
1.0
 40
1.0
 10
3.860416861320005
 20
76.5093451903
 30
0.0
 10
3.817803542940027
 20
76.43465211387996
 30
0.0
 10
3.756684823420045
 20
76.37639835941997
 30
0.0
 10
3.676275995160012
 20
76.33667257654
 30
0.0
  0
SPLINE
  5
329
330
2AF
100
AcDbEntity
  8
03___PRT_ALL_CURVES
  6
Continuous
 62
     4
100
AcDbSpline
210
0.0
220
0.0
230
1.0
 70
     8
 71
     3
 72
     8
 73
     4
 74
     0
 42
0.0000001
 43
0.0000000001
 40
0.0
 40
0.0
 40
0.0
 40
0.0
 40
1.0
 40
1.0
 40
1.0
 40
1.0
 10
3.676275995160012
 20
76.33667257654
 30
0.0
 10
3.596248240560016
 20
76.29713506099998
 30
0.0
 10
3.490245480760024
 20
76.27612551195998
 30
0.0
 10
3.360368341480012
 20
76.27612551195998
 30
0.0
  0
SPLINE
  5
32A
330
2AF
100
AcDbEntity
  8
03___PRT_ALL_CURVES
  6
Continuous
 62
     4
100
AcDbSpline
210
0.0
220
0.0
230
1.0
 70
     8
 71
     3
 72
     8
 73
     4
 74
     0
 42
0.0000001
 43
0.0000000001
 40
0.0
 40
0.0
 40
0.0
 40
0.0
 40
1.0
 40
1.0
 40
1.0
 40
1.0
 10
3.360368341480012
 20
76.27612551195998
 30
0.0
 10
3.232401127260005
 20
76.27612551195998
 30
0.0
 10
3.132128305199984
 20
76.29140518422003
 30
0.0
 10
3.058594756560012
 20
76.32100957764001
 30
0.0
  0
SPLINE
  5
32B
330
2AF
100
AcDbEntity
  8
03___PRT_ALL_CURVES
  6
Continuous
 62
     4
100
AcDbSpline
210
0.0
220
0.0
230
1.0
 70
     8
 71
     3
 72
     8
 73
     4
 74
     0
 42
0.0000001
 43
0.0000000001
 40
0.0
 40
0.0
 40
0.0
 40
0.0
 40
1.0
 40
1.0
 40
1.0
 40
1.0
 10
3.058594756560012
 20
76.32100957764001
 30
0.0
 10
2.985061352700029
 20
76.35061391263997
 30
0.0
 10
2.92489759444004
 20
76.39454297895995
 30
0.0
 10
2.877148667840032
 20
76.45184174676001
 30
0.0
  0
SPLINE
  5
32C
330
2AF
100
AcDbEntity
  8
03___PRT_ALL_CURVES
  6
Continuous
 62
     4
100
AcDbSpline
210
0.0
220
0.0
230
1.0
 70
     8
 71
     3
 72
     8
 73
     4
 74
     0
 42
0.0000001
 43
0.0000000001
 40
0.0
 40
0.0
 40
0.0
 40
0.0
 40
1.0
 40
1.0
 40
1.0
 40
1.0
 10
2.877148667840032
 20
76.45184174676001
 30
0.0
 10
2.829399746320007
 20
76.50914050947998
 30
0.0
 10
2.793110532639986
 20
76.58171895969997
 30
0.0
 10
2.768281024260006
 20
76.66957709233998
 30
0.0
  0
SPLINE
  5
32D
330
2AF
100
AcDbEntity
  8
03___PRT_ALL_CURVES
  6
Continuous
 62
     4
100
AcDbSpline
210
0.0
220
0.0
230
1.0
 70
     8
 71
     3
 72
     8
 73
     4
 74
     0
 42
0.0000001
 43
0.0000000001
 40
0.0
 40
0.0
 40
0.0
 40
0.0
 40
1.0
 40
1.0
 40
1.0
 40
1.0
 10
3.156957643400006
 20
76.72114598843999
 30
0.0
 10
3.172237366459996
 20
76.64283766143998
 30
0.0
 10
3.195156949779999
 20
76.58840381806002
 30
0.0
 10
3.227626191420029
 20
76.55784451925999
 30
0.0
  0
SPLINE
  5
32E
330
2AF
100
AcDbEntity
  8
03___PRT_ALL_CURVES
  6
Continuous
 62
     4
100
AcDbSpline
210
0.0
220
0.0
230
1.0
 70
     8
 71
     3
 72
     8
 73
     4
 74
     0
 42
0.0000001
 43
0.0000000001
 40
0.0
 40
0.0
 40
0.0
 40
0.0
 40
1.0
 40
1.0
 40
1.0
 40
1.0
 10
3.227626191420029
 20
76.55784451925999
 30
0.0
 10
3.260095519420048
 20
76.52728513663999
 30
0.0
 10
3.301159541940024
 20
76.51296044088
 30
0.0
 10
3.350818556160021
 20
76.51296044088
 30
0.0
  0
SPLINE
  5
32F
330
2AF
100
AcDbEntity
  8
03___PRT_ALL_CURVES
  6
Continuous
 62
     4
100
AcDbSpline
210
0.0
220
0.0
230
1.0
 70
     8
 71
     3
 72
     8
 73
     4
 74
     0
 42
0.0000001
 43
0.0000000001
 40
0.0
 40
0.0
 40
0.0
 40
0.0
 40
1.0
 40
1.0
 40
1.0
 40
1.0
 10
3.350818556160021
 20
76.51296044088
 30
0.0
 10
3.402387495440053
 20
76.51296044088
 30
0.0
 10
3.446316569380031
 20
76.5320600293
 30
0.0
 10
3.480695741160019
 20
76.57025916803997
 30
0.0
  0
SPLINE
  5
330
330
2AF
100
AcDbEntity
  8
03___PRT_ALL_CURVES
  6
Continuous
 62
     4
100
AcDbSpline
210
0.0
220
0.0
230
1.0
 70
     8
 71
     3
 72
     8
 73
     4
 74
     0
 42
0.0000001
 43
0.0000000001
 40
0.0
 40
0.0
 40
0.0
 40
0.0
 40
1.0
 40
1.0
 40
1.0
 40
1.0
 10
3.480695741160019
 20
76.57025916803997
 30
0.0
 10
3.515074986600013
 20
76.60845839059999
 30
0.0
 10
3.533219593440037
 20
76.65907230258
 30
0.0
 10
3.533219593440037
 20
76.7230559516
 30
0.0
  0
SPLINE
  5
331
330
2AF
100
AcDbEntity
  8
03___PRT_ALL_CURVES
  6
Continuous
 62
     4
100
AcDbSpline
210
0.0
220
0.0
230
1.0
 70
     8
 71
     3
 72
     8
 73
     4
 74
     0
 42
0.0000001
 43
0.0000000001
 40
0.0
 40
0.0
 40
0.0
 40
0.0
 40
1.0
 40
1.0
 40
1.0
 40
1.0
 10
3.533219593440037
 20
76.7230559516
 30
0.0
 10
3.533219593440037
 20
76.78799456441996
 30
0.0
 10
3.516029947860005
 20
76.83765349481999
 30
0.0
 10
3.482366832560018
 20
76.87372115954
 30
0.0
  0
SPLINE
  5
332
330
2AF
100
AcDbEntity
  8
03___PRT_ALL_CURVES
  6
Continuous
 62
     4
100
AcDbSpline
210
0.0
220
0.0
230
1.0
 70
     8
 71
     3
 72
     8
 73
     4
 74
     0
 42
0.0000001
 43
0.0000000001
 40
0.0
 40
0.0
 40
0.0
 40
0.0
 40
1.0
 40
1.0
 40
1.0
 40
1.0
 10
3.482366832560018
 20
76.87372115954
 30
0.0
 10
3.4491814557
 20
76.90927696091998
 30
0.0
 10
3.404297417960009
 20
76.92742157029997
 30
0.0
 10
3.346998708580031
 20
76.92742157029997
 30
0.0
  0
SPLINE
  5
333
330
2AF
100
AcDbEntity
  8
03___PRT_ALL_CURVES
  6
Continuous
 62
     4
100
AcDbSpline
210
0.0
220
0.0
230
1.0
 70
     8
 71
     3
 72
     8
 73
     4
 74
     0
 42
0.0000001
 43
0.0000000001
 40
0.0
 40
0.0
 40
0.0
 40
0.0
 40
1.0
 40
1.0
 40
1.0
 40
1.0
 10
3.346998708580031
 20
76.92742157029997
 30
0.0
 10
3.316439265000014
 20
76.92742157029997
 30
0.0
 10
3.274420113580021
 20
76.91978170750002
 30
0.0
 10
3.220941251779976
 20
76.90450202762003
 30
0.0
  0
LINE
  5
334
330
2AF
100
AcDbEntity
  8
03___PRT_ALL_CURVES
  6
Continuous
 62
     4
100
AcDbLine
 10
3.240995948780011
 20
77.18240112129999
 30
0.0
 11
3.291609759159996
 21
77.17762622864001
 31
0.0
  0
SPLINE
  5
335
330
2AF
100
AcDbEntity
  8
03___PRT_ALL_CURVES
  6
Continuous
 62
     4
100
AcDbSpline
210
0.0
220
0.0
230
1.0
 70
     8
 71
     3
 72
     8
 73
     4
 74
     0
 42
0.0000001
 43
0.0000000001
 40
0.0
 40
0.0
 40
0.0
 40
0.0
 40
1.0
 40
1.0
 40
1.0
 40
1.0
 10
3.291609759159996
 20
77.17762622864001
 30
0.0
 10
3.342223734640015
 20
77.17762622864001
 30
0.0
 10
3.384242886060008
 20
77.19386082913996
 30
0.0
 10
3.418622029900035
 20
77.22633009364
 30
0.0
  0
SPLINE
  5
336
330
2AF
100
AcDbEntity
  8
03___PRT_ALL_CURVES
  6
Continuous
 62
     4
100
AcDbSpline
210
0.0
220
0.0
230
1.0
 70
     8
 71
     3
 72
     8
 73
     4
 74
     0
 42
0.0000001
 43
0.0000000001
 40
0.0
 40
0.0
 40
0.0
 40
0.0
 40
1.0
 40
1.0
 40
1.0
 40
1.0
 10
3.418622029900035
 20
77.22633009364
 30
0.0
 10
3.45300130327999
 20
77.25879948006002
 30
0.0
 10
3.470190948860022
 20
77.29699861880002
 30
0.0
 10
3.470190948860022
 20
77.34188265653998
 30
0.0
  0
SPLINE
  5
337
330
2AF
100
AcDbEntity
  8
03___PRT_ALL_CURVES
  6
Continuous
 62
     4
100
AcDbSpline
210
0.0
220
0.0
230
1.0
 70
     8
 71
     3
 72
     8
 73
     4
 74
     0
 42
0.0000001
 43
0.0000000001
 40
0.0
 40
0.0
 40
0.0
 40
0.0
 40
1.0
 40
1.0
 40
1.0
 40
1.0
 10
3.470190948860022
 20
77.34188265653998
 30
0.0
 10
3.470190948860022
 20
77.38390181049999
 30
0.0
 10
3.456821315960013
 20
77.41828101783997
 30
0.0
 10
3.431509804480015
 20
77.44359248868
 30
0.0
  0
SPLINE
  5
338
330
2AF
100
AcDbEntity
  8
03___PRT_ALL_CURVES
  6
Continuous
 62
     4
100
AcDbSpline
210
0.0
220
0.0
230
1.0
 70
     8
 71
     3
 72
     8
 73
     4
 74
     0
 42
0.0000001
 43
0.0000000001
 40
0.0
 40
0.0
 40
0.0
 40
0.0
 40
1.0
 40
1.0
 40
1.0
 40
1.0
 10
3.431509804480015
 20
77.44359248868
 30
0.0
 10
3.406207340480023
 20
77.4688949095
 30
0.0
 10
3.370873088060023
 20
77.48226462622
 30
0.0
 10
3.326944011579997
 20
77.48226462622
 30
0.0
  0
SPLINE
  5
339
330
2AF
100
AcDbEntity
  8
03___PRT_ALL_CURVES
  6
Continuous
 62
     4
100
AcDbSpline
210
0.0
220
0.0
230
1.0
 70
     8
 71
     3
 72
     8
 73
     4
 74
     0
 42
0.0000001
 43
0.0000000001
 40
0.0
 40
0.0
 40
0.0
 40
0.0
 40
1.0
 40
1.0
 40
1.0
 40
1.0
 10
3.326944011579997
 20
77.48226462622
 30
0.0
 10
3.281105012580014
 20
77.48226462622
 30
0.0
 10
3.243860835100037
 20
77.46793994823997
 30
0.0
 10
3.215211481680029
 20
77.44024555608001
 30
0.0
  0
SPLINE
  5
33A
330
2AF
100
AcDbEntity
  8
03___PRT_ALL_CURVES
  6
Continuous
 62
     4
100
AcDbSpline
210
0.0
220
0.0
230
1.0
 70
     8
 71
     3
 72
     8
 73
     4
 74
     0
 42
0.0000001
 43
0.0000000001
 40
0.0
 40
0.0
 40
0.0
 40
0.0
 40
1.0
 40
1.0
 40
1.0
 40
1.0
 10
3.215211481680029
 20
77.44024555608001
 30
0.0
 10
3.186562128259993
 20
77.41255116391997
 30
0.0
 10
3.166507428720024
 20
77.36384719477999
 30
0.0
 10
3.156957643400006
 20
77.29508869627998
 30
0.0
  0
SPLINE
  5
33B
330
2AF
100
AcDbEntity
  8
03___PRT_ALL_CURVES
  6
Continuous
 62
     4
100
AcDbSpline
210
0.0
220
0.0
230
1.0
 70
     8
 71
     3
 72
     8
 73
     4
 74
     0
 42
0.0000001
 43
0.0000000001
 40
0.0
 40
0.0
 40
0.0
 40
0.0
 40
1.0
 40
1.0
 40
1.0
 40
1.0
 10
1.473806318320044
 20
73.50572985387998
 30
0.0
 10
1.473806318320044
 20
73.77121415145996
 30
0.0
 10
1.521555293180029
 20
73.95743520142
 30
0.0
 10
1.617290834500039
 20
74.06418031431997
 30
0.0
  0
SPLINE
  5
33C
330
2AF
100
AcDbEntity
  8
03___PRT_ALL_CURVES
  6
Continuous
 62
     4
100
AcDbSpline
210
0.0
220
0.0
230
1.0
 70
     8
 71
     3
 72
     8
 73
     4
 74
     0
 42
0.0000001
 43
0.0000000001
 40
0.0
 40
0.0
 40
0.0
 40
0.0
 40
1.0
 40
1.0
 40
1.0
 40
1.0
 10
1.617290834500039
 20
74.06418031431997
 30
0.0
 10
1.712551195159989
 20
74.170395601
 30
0.0
 10
1.858663059400044
 20
74.22387454407999
 30
0.0
 10
2.055388855940038
 20
74.22387454407999
 30
0.0
  0
SPLINE
  5
33D
330
2AF
100
AcDbEntity
  8
03___PRT_ALL_CURVES
  6
Continuous
 62
     4
100
AcDbSpline
210
0.0
220
0.0
230
1.0
 70
     8
 71
     3
 72
     8
 73
     4
 74
     0
 42
0.0000001
 43
0.0000000001
 40
0.0
 40
0.0
 40
0.0
 40
0.0
 40
1.0
 40
1.0
 40
1.0
 40
1.0
 10
2.055388855940038
 20
74.22387454407999
 30
0.0
 10
2.148976822180003
 20
74.22387454407999
 30
0.0
 10
2.226330226020025
 20
74.21145970733997
 30
0.0
 10
2.287389392699993
 20
74.18838223762
 30
0.0
  0
SPLINE
  5
33E
330
2AF
100
AcDbEntity
  8
03___PRT_ALL_CURVES
  6
Continuous
 62
     4
100
AcDbSpline
210
0.0
220
0.0
230
1.0
 70
     8
 71
     3
 72
     8
 73
     4
 74
     0
 42
0.0000001
 43
0.0000000001
 40
0.0
 40
0.0
 40
0.0
 40
0.0
 40
1.0
 40
1.0
 40
1.0
 40
1.0
 10
2.287389392699993
 20
74.18838223762
 30
0.0
 10
2.347612625060037
 20
74.16562070833999
 30
0.0
 10
2.397271555460037
 20
74.13506142986
 30
0.0
 10
2.435470734840038
 20
74.09781721174
 30
0.0
  0
SPLINE
  5
33F
330
2AF
100
AcDbEntity
  8
03___PRT_ALL_CURVES
  6
Continuous
 62
     4
100
AcDbSpline
210
0.0
220
0.0
230
1.0
 70
     8
 71
     3
 72
     8
 73
     4
 74
     0
 42
0.0000001
 43
0.0000000001
 40
0.0
 40
0.0
 40
0.0
 40
0.0
 40
1.0
 40
1.0
 40
1.0
 40
1.0
 10
2.435470734840038
 20
74.09781721174
 30
0.0
 10
2.473669916760031
 20
74.06057299361999
 30
0.0
 10
2.503274231440002
 20
74.02141880979997
 30
0.0
 10
2.525238769679987
 20
73.98035470346
 30
0.0
  0
SPLINE
  5
340
330
2AF
100
AcDbEntity
  8
03___PRT_ALL_CURVES
  6
Continuous
 62
     4
100
AcDbSpline
210
0.0
220
0.0
230
1.0
 70
     8
 71
     3
 72
     8
 73
     4
 74
     0
 42
0.0000001
 43
0.0000000001
 40
0.0
 40
0.0
 40
0.0
 40
0.0
 40
1.0
 40
1.0
 40
1.0
 40
1.0
 10
2.525238769679987
 20
73.98035470346
 30
0.0
 10
2.547203307920029
 20
73.93929059458
 30
0.0
 10
2.565347917300016
 20
73.89154158923998
 30
0.0
 10
2.578712244139979
 20
73.83710644284
 30
0.0
  0
SPLINE
  5
341
330
2AF
100
AcDbEntity
  8
03___PRT_ALL_CURVES
  6
Continuous
 62
     4
100
AcDbSpline
210
0.0
220
0.0
230
1.0
 70
     8
 71
     3
 72
     8
 73
     4
 74
     0
 42
0.0000001
 43
0.0000000001
 40
0.0
 40
0.0
 40
0.0
 40
0.0
 40
1.0
 40
1.0
 40
1.0
 40
1.0
 10
2.578712244139979
 20
73.83710644284
 30
0.0
 10
2.604502101120033
 20
73.73206005145997
 30
0.0
 10
2.617871815299992
 20
73.62319232152001
 30
0.0
 10
2.617871815299992
 20
73.51050474654
 30
0.0
  0
SPLINE
  5
342
330
2AF
100
AcDbEntity
  8
03___PRT_ALL_CURVES
  6
Continuous
 62
     4
100
AcDbSpline
210
0.0
220
0.0
230
1.0
 70
     8
 71
     3
 72
     8
 73
     4
 74
     0
 42
0.0000001
 43
0.0000000001
 40
0.0
 40
0.0
 40
0.0
 40
0.0
 40
1.0
 40
1.0
 40
1.0
 40
1.0
 10
2.617871815299992
 20
73.51050474654
 30
0.0
 10
2.617871815299992
 20
73.25648019997999
 30
0.0
 10
2.574897700080044
 20
73.07025921097997
 30
0.0
 10
2.489176665019983
 20
72.95263088133999
 30
0.0
  0
SPLINE
  5
343
330
2AF
100
AcDbEntity
  8
03___PRT_ALL_CURVES
  6
Continuous
 62
     4
100
AcDbSpline
210
0.0
220
0.0
230
1.0
 70
     8
 71
     3
 72
     8
 73
     4
 74
     0
 42
0.0000001
 43
0.0000000001
 40
0.0
 40
0.0
 40
0.0
 40
0.0
 40
1.0
 40
1.0
 40
1.0
 40
1.0
 10
2.489176665019983
 20
72.95263088133999
 30
0.0
 10
2.403001409380011
 20
72.83437926364002
 30
0.0
 10
2.254979581980024
 20
72.77612551172001
 30
0.0
 10
2.044884068720023
 20
72.77612551172001
 30
0.0
  0
SPLINE
  5
344
330
2AF
100
AcDbEntity
  8
03___PRT_ALL_CURVES
  6
Continuous
 62
     4
100
AcDbSpline
210
0.0
220
0.0
230
1.0
 70
     8
 71
     3
 72
     8
 73
     4
 74
     0
 42
0.0000001
 43
0.0000000001
 40
0.0
 40
0.0
 40
0.0
 40
0.0
 40
1.0
 40
1.0
 40
1.0
 40
1.0
 10
2.044884068720023
 20
72.77612551172001
 30
0.0
 10
1.926466637280015
 20
72.77612551172001
 30
0.0
 10
1.831923628499993
 20
72.79522510268
 30
0.0
 10
1.759345196059996
 20
72.83246930048
 30
0.0
  0
SPLINE
  5
345
330
2AF
100
AcDbEntity
  8
03___PRT_ALL_CURVES
  6
Continuous
 62
     4
100
AcDbSpline
210
0.0
220
0.0
230
1.0
 70
     8
 71
     3
 72
     8
 73
     4
 74
     0
 42
0.0000001
 43
0.0000000001
 40
0.0
 40
0.0
 40
0.0
 40
0.0
 40
1.0
 40
1.0
 40
1.0
 40
1.0
 10
1.759345196059996
 20
72.83246930048
 30
0.0
 10
1.686766745840004
 20
72.86971350843999
 30
0.0
 10
1.626603048540034
 20
72.92510231815999
 30
0.0
 10
1.580015280400033
 20
72.99720242541997
 30
0.0
  0
SPLINE
  5
346
330
2AF
100
AcDbEntity
  8
03___PRT_ALL_CURVES
  6
Continuous
 62
     4
100
AcDbSpline
210
0.0
220
0.0
230
1.0
 70
     8
 71
     3
 72
     8
 73
     4
 74
     0
 42
0.0000001
 43
0.0000000001
 40
0.0
 40
0.0
 40
0.0
 40
0.0
 40
1.0
 40
1.0
 40
1.0
 40
1.0
 10
1.580015280400033
 20
72.99720242541997
 30
0.0
 10
1.546384758380043
 20
73.04924965432
 30
0.0
 10
1.52060031160002
 20
73.11896315726
 30
0.0
 10
1.501500720640024
 20
73.20873123273998
 30
0.0
  0
SPLINE
  5
347
330
2AF
100
AcDbEntity
  8
03___PRT_ALL_CURVES
  6
Continuous
 62
     4
100
AcDbSpline
210
0.0
220
0.0
230
1.0
 70
     8
 71
     3
 72
     8
 73
     4
 74
     0
 42
0.0000001
 43
0.0000000001
 40
0.0
 40
0.0
 40
0.0
 40
0.0
 40
1.0
 40
1.0
 40
1.0
 40
1.0
 10
1.501500720640024
 20
73.20873123273998
 30
0.0
 10
1.482401129679999
 20
73.29849931075998
 30
0.0
 10
1.473806318320044
 20
73.39686220776002
 30
0.0
 10
1.473806318320044
 20
73.50572985387998
 30
0.0
  0
SPLINE
  5
348
330
2AF
100
AcDbEntity
  8
03___PRT_ALL_CURVES
  6
Continuous
 62
     4
100
AcDbSpline
210
0.0
220
0.0
230
1.0
 70
     8
 71
     3
 72
     8
 73
     4
 74
     0
 42
0.0000001
 43
0.0000000001
 40
0.0
 40
0.0
 40
0.0
 40
0.0
 40
1.0
 40
1.0
 40
1.0
 40
1.0
 10
1.859618061300012
 20
73.50477489262002
 30
0.0
 10
1.859618061300012
 20
73.32619374356
 30
0.0
 10
1.874897743719998
 20
73.20395634262002
 30
0.0
 10
1.90641206474001
 20
73.13901772979997
 30
0.0
  0
SPLINE
  5
349
330
2AF
100
AcDbEntity
  8
03___PRT_ALL_CURVES
  6
Continuous
 62
     4
100
AcDbSpline
210
0.0
220
0.0
230
1.0
 70
     8
 71
     3
 72
     8
 73
     4
 74
     0
 42
0.0000001
 43
0.0000000001
 40
0.0
 40
0.0
 40
0.0
 40
0.0
 40
1.0
 40
1.0
 40
1.0
 40
1.0
 10
1.90641206474001
 20
73.13901772979997
 30
0.0
 10
1.937926388300014
 20
73.07407911952004
 30
0.0
 10
1.983765387300025
 20
73.04160981438
 30
0.0
 10
2.043929107460002
 20
73.04160981438
 30
0.0
  0
SPLINE
  5
34A
330
2AF
100
AcDbEntity
  8
03___PRT_ALL_CURVES
  6
Continuous
 62
     4
100
AcDbSpline
210
0.0
220
0.0
230
1.0
 70
     8
 71
     3
 72
     8
 73
     4
 74
     0
 42
0.0000001
 43
0.0000000001
 40
0.0
 40
0.0
 40
0.0
 40
0.0
 40
1.0
 40
1.0
 40
1.0
 40
1.0
 10
2.043929107460002
 20
73.04160981438
 30
0.0
 10
2.083083248099996
 20
73.04160981438
 30
0.0
 10
2.11746249862
 20
73.05497952856001
 30
0.0
 10
2.146111915540018
 20
73.08267396389999
 30
0.0
  0
SPLINE
  5
34B
330
2AF
100
AcDbEntity
  8
03___PRT_ALL_CURVES
  6
Continuous
 62
     4
100
AcDbSpline
210
0.0
220
0.0
230
1.0
 70
     8
 71
     3
 72
     8
 73
     4
 74
     0
 42
0.0000001
 43
0.0000000001
 40
0.0
 40
0.0
 40
0.0
 40
0.0
 40
1.0
 40
1.0
 40
1.0
 40
1.0
 10
2.146111915540018
 20
73.08267396389999
 30
0.0
 10
2.174761289279985
 20
73.11036835606001
 30
0.0
 10
2.196725827520027
 20
73.15429741221996
 30
0.0
 10
2.210197413480046
 20
73.21443840191998
 30
0.0
  0
SPLINE
  5
34C
330
2AF
100
AcDbEntity
  8
03___PRT_ALL_CURVES
  6
Continuous
 62
     4
100
AcDbSpline
210
0.0
220
0.0
230
1.0
 70
     8
 71
     3
 72
     8
 73
     4
 74
     0
 42
0.0000001
 43
0.0000000001
 40
0.0
 40
0.0
 40
0.0
 40
0.0
 40
1.0
 40
1.0
 40
1.0
 40
1.0
 10
2.210197413480046
 20
73.21443840191998
 30
0.0
 10
2.223465258420021
 20
73.27366984556002
 30
0.0
 10
2.231105118680034
 20
73.36725784989997
 30
0.0
 10
2.231105118680034
 20
73.49427010285999
 30
0.0
  0
SPLINE
  5
34D
330
2AF
100
AcDbEntity
  8
03___PRT_ALL_CURVES
  6
Continuous
 62
     4
100
AcDbSpline
210
0.0
220
0.0
230
1.0
 70
     8
 71
     3
 72
     8
 73
     4
 74
     0
 42
0.0000001
 43
0.0000000001
 40
0.0
 40
0.0
 40
0.0
 40
0.0
 40
1.0
 40
1.0
 40
1.0
 40
1.0
 10
2.231105118680034
 20
73.49427010285999
 30
0.0
 10
2.231105118680034
 20
73.67953615091997
 30
0.0
 10
2.214870434360023
 20
73.80463848136
 30
0.0
 10
2.183356113340011
 20
73.86862208719998
 30
0.0
  0
SPLINE
  5
34E
330
2AF
100
AcDbEntity
  8
03___PRT_ALL_CURVES
  6
Continuous
 62
     4
100
AcDbSpline
210
0.0
220
0.0
230
1.0
 70
     8
 71
     3
 72
     8
 73
     4
 74
     0
 42
0.0000001
 43
0.0000000001
 40
0.0
 40
0.0
 40
0.0
 40
0.0
 40
1.0
 40
1.0
 40
1.0
 40
1.0
 10
2.183356113340011
 20
73.86862208719998
 30
0.0
 10
2.151841789780008
 20
73.93260569558001
 30
0.0
 10
2.105047829520004
 20
73.96507506422
 30
0.0
 10
2.042019141760022
 20
73.96507506422
 30
0.0
  0
SPLINE
  5
34F
330
2AF
100
AcDbEntity
  8
03___PRT_ALL_CURVES
  6
Continuous
 62
     4
100
AcDbSpline
210
0.0
220
0.0
230
1.0
 70
     8
 71
     3
 72
     8
 73
     4
 74
     0
 42
0.0000001
 43
0.0000000001
 40
0.0
 40
0.0
 40
0.0
 40
0.0
 40
1.0
 40
1.0
 40
1.0
 40
1.0
 10
2.042019141760022
 20
73.96507506422
 30
0.0
 10
1.977080531480027
 20
73.96507506422
 30
0.0
 10
1.931241529940024
 20
73.93165073431999
 30
0.0
 10
1.902592151120018
 20
73.86671215706002
 30
0.0
  0
SPLINE
  5
350
330
2AF
100
AcDbEntity
  8
03___PRT_ALL_CURVES
  6
Continuous
 62
     4
100
AcDbSpline
210
0.0
220
0.0
230
1.0
 70
     8
 71
     3
 72
     8
 73
     4
 74
     0
 42
0.0000001
 43
0.0000000001
 40
0.0
 40
0.0
 40
0.0
 40
0.0
 40
1.0
 40
1.0
 40
1.0
 40
1.0
 10
1.902592151120018
 20
73.86671215706002
 30
0.0
 10
1.873942739279983
 20
73.80177351122
 30
0.0
 10
1.859618061300012
 20
73.68049111218
 30
0.0
 10
1.859618061300012
 20
73.50477489262002
 30
0.0
  0
SPLINE
  5
351
330
2AF
100
AcDbEntity
  8
03___PRT_ALL_CURVES
  6
Continuous
 62
     4
100
AcDbSpline
210
0.0
220
0.0
230
1.0
 70
     8
 71
     3
 72
     8
 73
     4
 74
     0
 42
0.0000001
 43
0.0000000001
 40
0.0
 40
0.0
 40
0.0
 40
0.0
 40
1.0
 40
1.0
 40
1.0
 40
1.0
 10
3.200409263380038
 20
73.67953615091997
 30
0.0
 10
3.243383378600015
 20
73.69959068281997
 30
0.0
 10
3.28635749382002
 20
73.71487040587999
 30
0.0
 10
3.328486868540011
 20
73.72492399258002
 30
0.0
  0
SPLINE
  5
352
330
2AF
100
AcDbEntity
  8
03___PRT_ALL_CURVES
  6
Continuous
 62
     4
100
AcDbSpline
210
0.0
220
0.0
230
1.0
 70
     8
 71
     3
 72
     8
 73
     4
 74
     0
 42
0.0000001
 43
0.0000000001
 40
0.0
 40
0.0
 40
0.0
 40
0.0
 40
1.0
 40
1.0
 40
1.0
 40
1.0
 10
3.328486868540011
 20
73.72492399258002
 30
0.0
 10
3.370395631560001
 20
73.73492493524
 30
0.0
 10
3.412414782979994
 20
73.74065487297997
 30
0.0
 10
3.454433936940006
 20
73.74065487297997
 30
0.0
  0
SPLINE
  5
353
330
2AF
100
AcDbEntity
  8
03___PRT_ALL_CURVES
  6
Continuous
 62
     4
100
AcDbSpline
210
0.0
220
0.0
230
1.0
 70
     8
 71
     3
 72
     8
 73
     4
 74
     0
 42
0.0000001
 43
0.0000000001
 40
0.0
 40
0.0
 40
0.0
 40
0.0
 40
1.0
 40
1.0
 40
1.0
 40
1.0
 10
3.454433936940006
 20
73.74065487297997
 30
0.0
 10
3.593860859000017
 20
73.74065487297997
 30
0.0
 10
3.707503479060023
 20
73.69768076029996
 30
0.0
 10
3.794893548120001
 20
73.61315588743994
 30
0.0
  0
SPLINE
  5
354
330
2AF
100
AcDbEntity
  8
03___PRT_ALL_CURVES
  6
Continuous
 62
     4
100
AcDbSpline
210
0.0
220
0.0
230
1.0
 70
     8
 71
     3
 72
     8
 73
     4
 74
     0
 42
0.0000001
 43
0.0000000001
 40
0.0
 40
0.0
 40
0.0
 40
0.0
 40
1.0
 40
1.0
 40
1.0
 40
1.0
 10
3.794893548120001
 20
73.61315588743994
 30
0.0
 10
3.882264656079997
 20
73.52864935337996
 30
0.0
 10
3.926193732560023
 20
73.42169167295998
 30
0.0
 10
3.926193732560023
 20
73.29372441809997
 30
0.0
  0
SPLINE
  5
355
330
2AF
100
AcDbEntity
  8
03___PRT_ALL_CURVES
  6
Continuous
 62
     4
100
AcDbSpline
210
0.0
220
0.0
230
1.0
 70
     8
 71
     3
 72
     8
 73
     4
 74
     0
 42
0.0000001
 43
0.0000000001
 40
0.0
 40
0.0
 40
0.0
 40
0.0
 40
1.0
 40
1.0
 40
1.0
 40
1.0
 10
3.926193732560023
 20
73.29372441809997
 30
0.0
 10
3.926193732560023
 20
73.20300137882
 30
0.0
 10
3.903274316880015
 20
73.11609823029997
 30
0.0
 10
3.858589201779978
 20
73.03290785566003
 30
0.0
  0
SPLINE
  5
356
330
2AF
100
AcDbEntity
  8
03___PRT_ALL_CURVES
  6
Continuous
 62
     4
100
AcDbSpline
210
0.0
220
0.0
230
1.0
 70
     8
 71
     3
 72
     8
 73
     4
 74
     0
 42
0.0000001
 43
0.0000000001
 40
0.0
 40
0.0
 40
0.0
 40
0.0
 40
1.0
 40
1.0
 40
1.0
 40
1.0
 10
3.858589201779978
 20
73.03290785566003
 30
0.0
 10
3.813506238860015
 20
72.94897681193996
 30
0.0
 10
3.749522633020035
 20
72.88594815465999
 30
0.0
 10
3.667394270480003
 20
72.84201906293995
 30
0.0
  0
SPLINE
  5
357
330
2AF
100
AcDbEntity
  8
03___PRT_ALL_CURVES
  6
Continuous
 62
     4
100
AcDbSpline
210
0.0
220
0.0
230
1.0
 70
     8
 71
     3
 72
     8
 73
     4
 74
     0
 42
0.0000001
 43
0.0000000001
 40
0.0
 40
0.0
 40
0.0
 40
0.0
 40
1.0
 40
1.0
 40
1.0
 40
1.0
 10
3.667394270480003
 20
72.84201906293995
 30
0.0
 10
3.585266034940048
 20
72.7980900398
 30
0.0
 10
3.479263275139999
 20
72.77612551172001
 30
0.0
 10
3.351296060920021
 20
72.77612551172001
 30
0.0
  0
SPLINE
  5
358
330
2AF
100
AcDbEntity
  8
03___PRT_ALL_CURVES
  6
Continuous
 62
     4
100
AcDbSpline
210
0.0
220
0.0
230
1.0
 70
     8
 71
     3
 72
     8
 73
     4
 74
     0
 42
0.0000001
 43
0.0000000001
 40
0.0
 40
0.0
 40
0.0
 40
0.0
 40
1.0
 40
1.0
 40
1.0
 40
1.0
 10
3.351296060920021
 20
72.77612551172001
 30
0.0
 10
3.258663099120014
 20
72.77612551172001
 30
0.0
 10
3.179399770220016
 20
72.7856753072
 30
0.0
 10
3.113618489540016
 20
72.80235895937997
 30
0.0
  0
SPLINE
  5
359
330
2AF
100
AcDbEntity
  8
03___PRT_ALL_CURVES
  6
Continuous
 62
     4
100
AcDbSpline
210
0.0
220
0.0
230
1.0
 70
     8
 71
     3
 72
     8
 73
     4
 74
     0
 42
0.0000001
 43
0.0000000001
 40
0.0
 40
0.0
 40
0.0
 40
0.0
 40
1.0
 40
1.0
 40
1.0
 40
1.0
 10
3.113618489540016
 20
72.80235895937997
 30
0.0
 10
3.047612543320014
 20
72.81909958883998
 30
0.0
 10
2.9912687952
 20
72.84583901466002
 30
0.0
 10
2.945429796199988
 20
72.88021827787998
 30
0.0
  0
SPLINE
  5
35A
330
2AF
100
AcDbEntity
  8
03___PRT_ALL_CURVES
  6
Continuous
 62
     4
100
AcDbSpline
210
0.0
220
0.0
230
1.0
 70
     8
 71
     3
 72
     8
 73
     4
 74
     0
 42
0.0000001
 43
0.0000000001
 40
0.0
 40
0.0
 40
0.0
 40
0.0
 40
1.0
 40
1.0
 40
1.0
 40
1.0
 10
2.945429796199988
 20
72.88021827787998
 30
0.0
 10
2.899590797200005
 20
72.9145975411
 30
0.0
 10
2.862346619720029
 20
72.95470668617997
 30
0.0
 10
2.833697157079996
 20
72.99863578044
 30
0.0
  0
SPLINE
  5
35B
330
2AF
100
AcDbEntity
  8
03___PRT_ALL_CURVES
  6
Continuous
 62
     4
100
AcDbSpline
210
0.0
220
0.0
230
1.0
 70
     8
 71
     3
 72
     8
 73
     4
 74
     0
 42
0.0000001
 43
0.0000000001
 40
0.0
 40
0.0
 40
0.0
 40
0.0
 40
1.0
 40
1.0
 40
1.0
 40
1.0
 10
2.833697157079996
 20
72.99863578044
 30
0.0
 10
2.805047745240017
 20
73.04256479595998
 30
0.0
 10
2.781173284480019
 20
73.09699864187996
 30
0.0
 10
2.76207371384001
 20
73.16289223373997
 30
0.0
  0
SPLINE
  5
35C
330
2AF
100
AcDbEntity
  8
03___PRT_ALL_CURVES
  6
Continuous
 62
     4
100
AcDbSpline
210
0.0
220
0.0
230
1.0
 70
     8
 71
     3
 72
     8
 73
     4
 74
     0
 42
0.0000001
 43
0.0000000001
 40
0.0
 40
0.0
 40
0.0
 40
0.0
 40
1.0
 40
1.0
 40
1.0
 40
1.0
 10
3.155525225640019
 20
73.20586630577998
 30
0.0
 10
3.165075010960038
 20
73.14283766119996
 30
0.0
 10
3.187039633020021
 20
73.09413369205998
 30
0.0
 10
3.222152862260032
 20
73.06142549483997
 30
0.0
  0
SPLINE
  5
35D
330
2AF
100
AcDbEntity
  8
03___PRT_ALL_CURVES
  6
Continuous
 62
     4
100
AcDbSpline
210
0.0
220
0.0
230
1.0
 70
     8
 71
     3
 72
     8
 73
     4
 74
     0
 42
0.0000001
 43
0.0000000001
 40
0.0
 40
0.0
 40
0.0
 40
0.0
 40
1.0
 40
1.0
 40
1.0
 40
1.0
 10
3.222152862260032
 20
73.06142549483997
 30
0.0
 10
3.256753176600029
 20
73.02919508177999
 30
0.0
 10
3.298772162920017
 20
73.01296044063997
 30
0.0
 10
3.347476213340002
 20
73.01296044063997
 30
0.0
  0
SPLINE
  5
35E
330
2AF
100
AcDbEntity
  8
03___PRT_ALL_CURVES
  6
Continuous
 62
     4
100
AcDbSpline
210
0.0
220
0.0
230
1.0
 70
     8
 71
     3
 72
     8
 73
     4
 74
     0
 42
0.0000001
 43
0.0000000001
 40
0.0
 40
0.0
 40
0.0
 40
0.0
 40
1.0
 40
1.0
 40
1.0
 40
1.0
 10
3.347476213340002
 20
73.01296044063997
 30
0.0
 10
3.400955075140018
 20
73.01296044063997
 30
0.0
 10
3.445839112880037
 20
73.03301501318
 30
0.0
 10
3.481173362759989
 20
73.07407912459999
 30
0.0
  0
SPLINE
  5
35F
330
2AF
100
AcDbEntity
  8
03___PRT_ALL_CURVES
  6
Continuous
 62
     4
100
AcDbSpline
210
0.0
220
0.0
230
1.0
 70
     8
 71
     3
 72
     8
 73
     4
 74
     0
 42
0.0000001
 43
0.0000000001
 40
0.0
 40
0.0
 40
0.0
 40
0.0
 40
1.0
 40
1.0
 40
1.0
 40
1.0
 10
3.481173362759989
 20
73.07407912459999
 30
0.0
 10
3.516507620260001
 20
73.11514324872002
 30
0.0
 10
3.534652227099997
 20
73.17626195045995
 30
0.0
 10
3.534652227099997
 20
73.25839016314
 30
0.0
  0
SPLINE
  5
360
330
2AF
100
AcDbEntity
  8
03___PRT_ALL_CURVES
  6
Continuous
 62
     4
100
AcDbSpline
210
0.0
220
0.0
230
1.0
 70
     8
 71
     3
 72
     8
 73
     4
 74
     0
 42
0.0000001
 43
0.0000000001
 40
0.0
 40
0.0
 40
0.0
 40
0.0
 40
1.0
 40
1.0
 40
1.0
 40
1.0
 10
3.534652227099997
 20
73.25839016314
 30
0.0
 10
3.534652227099997
 20
73.34147338279999
 30
0.0
 10
3.516507620260001
 20
73.40259210485999
 30
0.0
 10
3.480675322100041
 20
73.44129097589999
 30
0.0
  0
SPLINE
  5
361
330
2AF
100
AcDbEntity
  8
03___PRT_ALL_CURVES
  6
Continuous
 62
     4
100
AcDbSpline
210
0.0
220
0.0
230
1.0
 70
     8
 71
     3
 72
     8
 73
     4
 74
     0
 42
0.0000001
 43
0.0000000001
 40
0.0
 40
0.0
 40
0.0
 40
0.0
 40
1.0
 40
1.0
 40
1.0
 40
1.0
 10
3.480675322100041
 20
73.44129097589999
 30
0.0
 10
3.444884151620016
 20
73.47994542741998
 30
0.0
 10
3.398090023720016
 20
73.49999999995995
 30
0.0
 10
3.338881391820053
 20
73.49999999995995
 30
0.0
  0
SPLINE
  5
362
330
2AF
100
AcDbEntity
  8
03___PRT_ALL_CURVES
  6
Continuous
 62
     4
100
AcDbSpline
210
0.0
220
0.0
230
1.0
 70
     8
 71
     3
 72
     8
 73
     4
 74
     0
 42
0.0000001
 43
0.0000000001
 40
0.0
 40
0.0
 40
0.0
 40
0.0
 40
1.0
 40
1.0
 40
1.0
 40
1.0
 10
3.338881391820053
 20
73.49999999995995
 30
0.0
 10
3.300682253079998
 20
73.49999999995995
 30
0.0
 10
3.264392871760009
 20
73.49045021463999
 30
0.0
 10
3.229841973119989
 20
73.47263487053999
 30
0.0
  0
SPLINE
  5
363
330
2AF
100
AcDbEntity
  8
03___PRT_ALL_CURVES
  6
Continuous
 62
     4
100
AcDbSpline
210
0.0
220
0.0
230
1.0
 70
     8
 71
     3
 72
     8
 73
     4
 74
     0
 42
0.0000001
 43
0.0000000001
 40
0.0
 40
0.0
 40
0.0
 40
0.0
 40
1.0
 40
1.0
 40
1.0
 40
1.0
 10
3.229841973119989
 20
73.47263487053999
 30
0.0
 10
3.203274314799984
 20
73.45893589108002
 30
0.0
 10
3.17462479628
 20
73.43410642842
 30
0.0
 10
3.144065517800016
 20
73.39972713472
 30
0.0
  0
SPLINE
  5
364
330
2AF
100
AcDbEntity
  8
03___PRT_ALL_CURVES
  6
Continuous
 62
     4
100
AcDbSpline
210
0.0
220
0.0
230
1.0
 70
     8
 71
     3
 72
     8
 73
     4
 74
     0
 42
0.0000001
 43
0.0000000001
 40
0.0
 40
0.0
 40
0.0
 40
0.0
 40
1.0
 40
1.0
 40
1.0
 40
1.0
 10
1.476671273219978
 20
70.00572985364002
 30
0.0
 10
1.476671273219978
 20
70.27121415122002
 30
0.0
 10
1.524420250620011
 20
70.45743520117998
 30
0.0
 10
1.620155791940022
 20
70.56418031408003
 30
0.0
  0
SPLINE
  5
365
330
2AF
100
AcDbEntity
  8
03___PRT_ALL_CURVES
  6
Continuous
 62
     4
100
AcDbSpline
210
0.0
220
0.0
230
1.0
 70
     8
 71
     3
 72
     8
 73
     4
 74
     0
 42
0.0000001
 43
0.0000000001
 40
0.0
 40
0.0
 40
0.0
 40
0.0
 40
1.0
 40
1.0
 40
1.0
 40
1.0
 10
1.620155791940022
 20
70.56418031408003
 30
0.0
 10
1.715416152600028
 20
70.67039560076
 30
0.0
 10
1.861528014299978
 20
70.72387454384
 30
0.0
 10
2.05825381338002
 20
70.72387454384
 30
0.0
  0
SPLINE
  5
366
330
2AF
100
AcDbEntity
  8
03___PRT_ALL_CURVES
  6
Continuous
 62
     4
100
AcDbSpline
210
0.0
220
0.0
230
1.0
 70
     8
 71
     3
 72
     8
 73
     4
 74
     0
 42
0.0000001
 43
0.0000000001
 40
0.0
 40
0.0
 40
0.0
 40
0.0
 40
1.0
 40
1.0
 40
1.0
 40
1.0
 10
2.05825381338002
 20
70.72387454384
 30
0.0
 10
2.151841777079994
 20
70.72387454384
 30
0.0
 10
2.229195183460007
 20
70.7114597071
 30
0.0
 10
2.290254350140003
 20
70.68838223737998
 30
0.0
  0
SPLINE
  5
367
330
2AF
100
AcDbEntity
  8
03___PRT_ALL_CURVES
  6
Continuous
 62
     4
100
AcDbSpline
210
0.0
220
0.0
230
1.0
 70
     8
 71
     3
 72
     8
 73
     4
 74
     0
 42
0.0000001
 43
0.0000000001
 40
0.0
 40
0.0
 40
0.0
 40
0.0
 40
1.0
 40
1.0
 40
1.0
 40
1.0
 10
2.290254350140003
 20
70.68838223737998
 30
0.0
 10
2.350477582500019
 20
70.66562070809996
 30
0.0
 10
2.400136512900019
 20
70.63506142961998
 30
0.0
 10
2.43833569228002
 20
70.5978172115
 30
0.0
  0
SPLINE
  5
368
330
2AF
100
AcDbEntity
  8
03___PRT_ALL_CURVES
  6
Continuous
 62
     4
100
AcDbSpline
210
0.0
220
0.0
230
1.0
 70
     8
 71
     3
 72
     8
 73
     4
 74
     0
 42
0.0000001
 43
0.0000000001
 40
0.0
 40
0.0
 40
0.0
 40
0.0
 40
1.0
 40
1.0
 40
1.0
 40
1.0
 10
2.43833569228002
 20
70.5978172115
 30
0.0
 10
2.476534874200013
 20
70.56057299337996
 30
0.0
 10
2.506139188880042
 20
70.52141880956
 30
0.0
 10
2.528103727120026
 20
70.48035470321997
 30
0.0
  0
SPLINE
  5
369
330
2AF
100
AcDbEntity
  8
03___PRT_ALL_CURVES
  6
Continuous
 62
     4
100
AcDbSpline
210
0.0
220
0.0
230
1.0
 70
     8
 71
     3
 72
     8
 73
     4
 74
     0
 42
0.0000001
 43
0.0000000001
 40
0.0
 40
0.0
 40
0.0
 40
0.0
 40
1.0
 40
1.0
 40
1.0
 40
1.0
 10
2.528103727120026
 20
70.48035470321997
 30
0.0
 10
2.550068265360011
 20
70.43929059433998
 30
0.0
 10
2.568212872200007
 20
70.39154158900001
 30
0.0
 10
2.581577201580018
 20
70.3371064426
 30
0.0
  0
SPLINE
  5
36A
330
2AF
100
AcDbEntity
  8
03___PRT_ALL_CURVES
  6
Continuous
 62
     4
100
AcDbSpline
210
0.0
220
0.0
230
1.0
 70
     8
 71
     3
 72
     8
 73
     4
 74
     0
 42
0.0000001
 43
0.0000000001
 40
0.0
 40
0.0
 40
0.0
 40
0.0
 40
1.0
 40
1.0
 40
1.0
 40
1.0
 10
2.581577201580018
 20
70.3371064426
 30
0.0
 10
2.607367056020024
 20
70.23206005122
 30
0.0
 10
2.620736772739974
 20
70.12319232127999
 30
0.0
 10
2.620736772739974
 20
70.01050474629997
 30
0.0
  0
SPLINE
  5
36B
330
2AF
100
AcDbEntity
  8
03___PRT_ALL_CURVES
  6
Continuous
 62
     4
100
AcDbSpline
210
0.0
220
0.0
230
1.0
 70
     8
 71
     3
 72
     8
 73
     4
 74
     0
 42
0.0000001
 43
0.0000000001
 40
0.0
 40
0.0
 40
0.0
 40
0.0
 40
1.0
 40
1.0
 40
1.0
 40
1.0
 10
2.620736772739974
 20
70.01050474629997
 30
0.0
 10
2.620736772739974
 20
69.75648019974
 30
0.0
 10
2.577762657520026
 20
69.57025921073998
 30
0.0
 10
2.492041622460022
 20
69.45263088109999
 30
0.0
  0
SPLINE
  5
36C
330
2AF
100
AcDbEntity
  8
03___PRT_ALL_CURVES
  6
Continuous
 62
     4
100
AcDbSpline
210
0.0
220
0.0
230
1.0
 70
     8
 71
     3
 72
     8
 73
     4
 74
     0
 42
0.0000001
 43
0.0000000001
 40
0.0
 40
0.0
 40
0.0
 40
0.0
 40
1.0
 40
1.0
 40
1.0
 40
1.0
 10
2.492041622460022
 20
69.45263088109999
 30
0.0
 10
2.40586636682005
 20
69.33437926339997
 30
0.0
 10
2.257844536880015
 20
69.27612551147996
 30
0.0
 10
2.047749026160005
 20
69.27612551147996
 30
0.0
  0
SPLINE
  5
36D
330
2AF
100
AcDbEntity
  8
03___PRT_ALL_CURVES
  6
Continuous
 62
     4
100
AcDbSpline
210
0.0
220
0.0
230
1.0
 70
     8
 71
     3
 72
     8
 73
     4
 74
     0
 42
0.0000001
 43
0.0000000001
 40
0.0
 40
0.0
 40
0.0
 40
0.0
 40
1.0
 40
1.0
 40
1.0
 40
1.0
 10
2.047749026160005
 20
69.27612551147996
 30
0.0
 10
1.929331594720026
 20
69.27612551147996
 30
0.0
 10
1.834788585940032
 20
69.29522510244001
 30
0.0
 10
1.762210153500035
 20
69.33246930023998
 30
0.0
  0
SPLINE
  5
36E
330
2AF
100
AcDbEntity
  8
03___PRT_ALL_CURVES
  6
Continuous
 62
     4
100
AcDbSpline
210
0.0
220
0.0
230
1.0
 70
     8
 71
     3
 72
     8
 73
     4
 74
     0
 42
0.0000001
 43
0.0000000001
 40
0.0
 40
0.0
 40
0.0
 40
0.0
 40
1.0
 40
1.0
 40
1.0
 40
1.0
 10
1.762210153500035
 20
69.33246930023998
 30
0.0
 10
1.689631703280014
 20
69.36971350820002
 30
0.0
 10
1.629468005980016
 20
69.42510231792
 30
0.0
 10
1.582880237840016
 20
69.49720242771997
 30
0.0
  0
SPLINE
  5
36F
330
2AF
100
AcDbEntity
  8
03___PRT_ALL_CURVES
  6
Continuous
 62
     4
100
AcDbSpline
210
0.0
220
0.0
230
1.0
 70
     8
 71
     3
 72
     8
 73
     4
 74
     0
 42
0.0000001
 43
0.0000000001
 40
0.0
 40
0.0
 40
0.0
 40
0.0
 40
1.0
 40
1.0
 40
1.0
 40
1.0
 10
1.582880237840016
 20
69.49720242771997
 30
0.0
 10
1.549249715820025
 20
69.54924965408
 30
0.0
 10
1.523465266500011
 20
69.61896315702
 30
0.0
 10
1.504365678080006
 20
69.70873123504
 30
0.0
  0
SPLINE
  5
370
330
2AF
100
AcDbEntity
  8
03___PRT_ALL_CURVES
  6
Continuous
 62
     4
100
AcDbSpline
210
0.0
220
0.0
230
1.0
 70
     8
 71
     3
 72
     8
 73
     4
 74
     0
 42
0.0000001
 43
0.0000000001
 40
0.0
 40
0.0
 40
0.0
 40
0.0
 40
1.0
 40
1.0
 40
1.0
 40
1.0
 10
1.504365678080006
 20
69.70873123504
 30
0.0
 10
1.48526608712001
 20
69.79849931052001
 30
0.0
 10
1.476671273219978
 20
69.89686220752
 30
0.0
 10
1.476671273219978
 20
70.00572985364002
 30
0.0
  0
SPLINE
  5
371
330
2AF
100
AcDbEntity
  8
03___PRT_ALL_CURVES
  6
Continuous
 62
     4
100
AcDbSpline
210
0.0
220
0.0
230
1.0
 70
     8
 71
     3
 72
     8
 73
     4
 74
     0
 42
0.0000001
 43
0.0000000001
 40
0.0
 40
0.0
 40
0.0
 40
0.0
 40
1.0
 40
1.0
 40
1.0
 40
1.0
 10
1.862483018739994
 20
70.00477489238
 30
0.0
 10
1.862483018739994
 20
69.82619374332
 30
0.0
 10
1.877762698619989
 20
69.70395634238
 30
0.0
 10
1.909277022179992
 20
69.63901772956001
 30
0.0
  0
SPLINE
  5
372
330
2AF
100
AcDbEntity
  8
03___PRT_ALL_CURVES
  6
Continuous
 62
     4
100
AcDbSpline
210
0.0
220
0.0
230
1.0
 70
     8
 71
     3
 72
     8
 73
     4
 74
     0
 42
0.0000001
 43
0.0000000001
 40
0.0
 40
0.0
 40
0.0
 40
0.0
 40
1.0
 40
1.0
 40
1.0
 40
1.0
 10
1.909277022179992
 20
69.63901772956001
 30
0.0
 10
1.940791345740024
 20
69.57407911927996
 30
0.0
 10
1.986630344740007
 20
69.54160981414
 30
0.0
 10
2.046794062360021
 20
69.54160981414
 30
0.0
  0
SPLINE
  5
373
330
2AF
100
AcDbEntity
  8
03___PRT_ALL_CURVES
  6
Continuous
 62
     4
100
AcDbSpline
210
0.0
220
0.0
230
1.0
 70
     8
 71
     3
 72
     8
 73
     4
 74
     0
 42
0.0000001
 43
0.0000000001
 40
0.0
 40
0.0
 40
0.0
 40
0.0
 40
1.0
 40
1.0
 40
1.0
 40
1.0
 10
2.046794062360021
 20
69.54160981414
 30
0.0
 10
2.085948205540006
 20
69.54160981414
 30
0.0
 10
2.120327456060039
 20
69.55497953085998
 30
0.0
 10
2.148976872980001
 20
69.58267396365997
 30
0.0
  0
SPLINE
  5
374
330
2AF
100
AcDbEntity
  8
03___PRT_ALL_CURVES
  6
Continuous
 62
     4
100
AcDbSpline
210
0.0
220
0.0
230
1.0
 70
     8
 71
     3
 72
     8
 73
     4
 74
     0
 42
0.0000001
 43
0.0000000001
 40
0.0
 40
0.0
 40
0.0
 40
0.0
 40
1.0
 40
1.0
 40
1.0
 40
1.0
 10
2.148976872980001
 20
69.58267396365997
 30
0.0
 10
2.177626246719996
 20
69.61036835581999
 30
0.0
 10
2.199590784960009
 20
69.65429741197997
 30
0.0
 10
2.213062368380037
 20
69.71443840168001
 30
0.0
  0
SPLINE
  5
375
330
2AF
100
AcDbEntity
  8
03___PRT_ALL_CURVES
  6
Continuous
 62
     4
100
AcDbSpline
210
0.0
220
0.0
230
1.0
 70
     8
 71
     3
 72
     8
 73
     4
 74
     0
 42
0.0000001
 43
0.0000000001
 40
0.0
 40
0.0
 40
0.0
 40
0.0
 40
1.0
 40
1.0
 40
1.0
 40
1.0
 10
2.213062368380037
 20
69.71443840168001
 30
0.0
 10
2.226330215860003
 20
69.77366984532
 30
0.0
 10
2.233970076120016
 20
69.86725785219997
 30
0.0
 10
2.233970076120016
 20
69.99427010516001
 30
0.0
  0
SPLINE
  5
376
330
2AF
100
AcDbEntity
  8
03___PRT_ALL_CURVES
  6
Continuous
 62
     4
100
AcDbSpline
210
0.0
220
0.0
230
1.0
 70
     8
 71
     3
 72
     8
 73
     4
 74
     0
 42
0.0000001
 43
0.0000000001
 40
0.0
 40
0.0
 40
0.0
 40
0.0
 40
1.0
 40
1.0
 40
1.0
 40
1.0
 10
2.233970076120016
 20
69.99427010516001
 30
0.0
 10
2.233970076120016
 20
70.17953615067998
 30
0.0
 10
2.217735391800005
 20
70.30463848112001
 30
0.0
 10
2.186221068240002
 20
70.36862208695999
 30
0.0
  0
SPLINE
  5
377
330
2AF
100
AcDbEntity
  8
03___PRT_ALL_CURVES
  6
Continuous
 62
     4
100
AcDbSpline
210
0.0
220
0.0
230
1.0
 70
     8
 71
     3
 72
     8
 73
     4
 74
     0
 42
0.0000001
 43
0.0000000001
 40
0.0
 40
0.0
 40
0.0
 40
0.0
 40
1.0
 40
1.0
 40
1.0
 40
1.0
 10
2.186221068240002
 20
70.36862208695999
 30
0.0
 10
2.15470674721999
 20
70.43260569534002
 30
0.0
 10
2.107912784420023
 20
70.46507506397998
 30
0.0
 10
2.044884099200004
 20
70.46507506397998
 30
0.0
  0
SPLINE
  5
378
330
2AF
100
AcDbEntity
  8
03___PRT_ALL_CURVES
  6
Continuous
 62
     4
100
AcDbSpline
210
0.0
220
0.0
230
1.0
 70
     8
 71
     3
 72
     8
 73
     4
 74
     0
 42
0.0000001
 43
0.0000000001
 40
0.0
 40
0.0
 40
0.0
 40
0.0
 40
1.0
 40
1.0
 40
1.0
 40
1.0
 10
2.044884099200004
 20
70.46507506397998
 30
0.0
 10
1.979945486380018
 20
70.46507506397998
 30
0.0
 10
1.934106487380035
 20
70.43165073408
 30
0.0
 10
1.905457106020009
 20
70.36671215682
 30
0.0
  0
SPLINE
  5
379
330
2AF
100
AcDbEntity
  8
03___PRT_ALL_CURVES
  6
Continuous
 62
     4
100
AcDbSpline
210
0.0
220
0.0
230
1.0
 70
     8
 71
     3
 72
     8
 73
     4
 74
     0
 42
0.0000001
 43
0.0000000001
 40
0.0
 40
0.0
 40
0.0
 40
0.0
 40
1.0
 40
1.0
 40
1.0
 40
1.0
 10
1.905457106020009
 20
70.36671215682
 30
0.0
 10
1.876807696719993
 20
70.30177351097996
 30
0.0
 10
1.862483018739994
 20
70.18049111447999
 30
0.0
 10
1.862483018739994
 20
70.00477489238
 30
0.0
  0
SPLINE
  5
37A
330
2AF
100
AcDbEntity
  8
03___PRT_ALL_CURVES
  6
Continuous
 62
     4
100
AcDbSpline
210
0.0
220
0.0
230
1.0
 70
     8
 71
     3
 72
     8
 73
     4
 74
     0
 42
0.0000001
 43
0.0000000001
 40
0.0
 40
0.0
 40
0.0
 40
0.0
 40
1.0
 40
1.0
 40
1.0
 40
1.0
 10
3.923328917360038
 20
70.43738058800002
 30
0.0
 10
3.824010891460034
 20
70.34761251251999
 30
0.0
 10
3.74188267624001
 20
70.25115961931999
 30
0.0
 10
3.676090938380014
 20
70.14795686408002
 30
0.0
  0
SPLINE
  5
37B
330
2AF
100
AcDbEntity
  8
03___PRT_ALL_CURVES
  6
Continuous
 62
     4
100
AcDbSpline
210
0.0
220
0.0
230
1.0
 70
     8
 71
     3
 72
     8
 73
     4
 74
     0
 42
0.0000001
 43
0.0000000001
 40
0.0
 40
0.0
 40
0.0
 40
0.0
 40
1.0
 40
1.0
 40
1.0
 40
1.0
 10
3.676090938380014
 20
70.14795686408002
 30
0.0
 10
3.595770855180035
 20
70.02196453795997
 30
0.0
 10
3.531787246800008
 20
69.88158252764
 30
0.0
 10
3.485127167400037
 20
69.72712149797997
 30
0.0
  0
SPLINE
  5
37C
330
2AF
100
AcDbEntity
  8
03___PRT_ALL_CURVES
  6
Continuous
 62
     4
100
AcDbSpline
210
0.0
220
0.0
230
1.0
 70
     8
 71
     3
 72
     8
 73
     4
 74
     0
 42
0.0000001
 43
0.0000000001
 40
0.0
 40
0.0
 40
0.0
 40
0.0
 40
1.0
 40
1.0
 40
1.0
 40
1.0
 10
3.485127167400037
 20
69.72712149797997
 30
0.0
 10
3.448704070320019
 20
69.60654842442
 30
0.0
 10
3.423874564480002
 20
69.46425648142
 30
0.0
 10
3.411459892840043
 20
69.30000000018
 30
0.0
  0
SPLINE
  5
37D
330
2AF
100
AcDbEntity
  8
03___PRT_ALL_CURVES
  6
Continuous
 62
     4
100
AcDbSpline
210
0.0
220
0.0
230
1.0
 70
     8
 71
     3
 72
     8
 73
     4
 74
     0
 42
0.0000001
 43
0.0000000001
 40
0.0
 40
0.0
 40
0.0
 40
0.0
 40
1.0
 40
1.0
 40
1.0
 40
1.0
 10
3.023738069860002
 20
69.30000000018
 30
0.0
 10
3.054297513440019
 20
69.52824009995999
 30
0.0
 10
3.102046437500036
 20
69.72019098352001
 30
0.0
 10
3.167535196540001
 20
69.87506944947998
 30
0.0
  0
SPLINE
  5
37E
330
2AF
100
AcDbEntity
  8
03___PRT_ALL_CURVES
  6
Continuous
 62
     4
100
AcDbSpline
210
0.0
220
0.0
230
1.0
 70
     8
 71
     3
 72
     8
 73
     4
 74
     0
 42
0.0000001
 43
0.0000000001
 40
0.0
 40
0.0
 40
0.0
 40
0.0
 40
1.0
 40
1.0
 40
1.0
 40
1.0
 10
3.167535196540001
 20
69.87506944947998
 30
0.0
 10
3.232878703140017
 20
70.02960439821999
 30
0.0
 10
3.336971372780027
 20
70.19481578991997
 30
0.0
 10
3.479263348800032
 20
70.37148705710001
 30
0.0
  0
SPLINE
  5
37F
330
2AF
100
AcDbEntity
  8
03___PRT_ALL_CURVES
  6
Continuous
 62
     4
100
AcDbSpline
210
0.0
220
0.0
230
1.0
 70
     8
 71
     3
 72
     8
 73
     4
 74
     0
 42
0.0000001
 43
0.0000000001
 40
0.0
 40
0.0
 40
0.0
 40
0.0
 40
1.0
 40
1.0
 40
1.0
 40
1.0
 10
1.477148706860021
 20
66.50572985339997
 30
0.0
 10
1.477148706860021
 20
66.77121415097994
 30
0.0
 10
1.524897684259997
 20
66.95743520347997
 30
0.0
 10
1.620633223040016
 20
67.06418031383996
 30
0.0
  0
SPLINE
  5
380
330
2AF
100
AcDbEntity
  8
03___PRT_ALL_CURVES
  6
Continuous
 62
     4
100
AcDbSpline
210
0.0
220
0.0
230
1.0
 70
     8
 71
     3
 72
     8
 73
     4
 74
     0
 42
0.0000001
 43
0.0000000001
 40
0.0
 40
0.0
 40
0.0
 40
0.0
 40
1.0
 40
1.0
 40
1.0
 40
1.0
 10
1.620633223040016
 20
67.06418031383996
 30
0.0
 10
1.715893583700023
 20
67.17039560051998
 30
0.0
 10
1.862005447940021
 20
67.22387454359998
 30
0.0
 10
2.058731247020006
 20
67.22387454359998
 30
0.0
  0
SPLINE
  5
381
330
2AF
100
AcDbEntity
  8
03___PRT_ALL_CURVES
  6
Continuous
 62
     4
100
AcDbSpline
210
0.0
220
0.0
230
1.0
 70
     8
 71
     3
 72
     8
 73
     4
 74
     0
 42
0.0000001
 43
0.0000000001
 40
0.0
 40
0.0
 40
0.0
 40
0.0
 40
1.0
 40
1.0
 40
1.0
 40
1.0
 10
2.058731247020006
 20
67.22387454359998
 30
0.0
 10
2.152319210720009
 20
67.22387454359998
 30
0.0
 10
2.229672617100022
 20
67.21145970685996
 30
0.0
 10
2.290731783780018
 20
67.18838223713999
 30
0.0
  0
SPLINE
  5
382
330
2AF
100
AcDbEntity
  8
03___PRT_ALL_CURVES
  6
Continuous
 62
     4
100
AcDbSpline
210
0.0
220
0.0
230
1.0
 70
     8
 71
     3
 72
     8
 73
     4
 74
     0
 42
0.0000001
 43
0.0000000001
 40
0.0
 40
0.0
 40
0.0
 40
0.0
 40
1.0
 40
1.0
 40
1.0
 40
1.0
 10
2.290731783780018
 20
67.18838223713999
 30
0.0
 10
2.350955016140006
 20
67.16562070785997
 30
0.0
 10
2.400613946540005
 20
67.13506143191998
 30
0.0
 10
2.438813125920035
 20
67.0978172138
 30
0.0
  0
SPLINE
  5
383
330
2AF
100
AcDbEntity
  8
03___PRT_ALL_CURVES
  6
Continuous
 62
     4
100
AcDbSpline
210
0.0
220
0.0
230
1.0
 70
     8
 71
     3
 72
     8
 73
     4
 74
     0
 42
0.0000001
 43
0.0000000001
 40
0.0
 40
0.0
 40
0.0
 40
0.0
 40
1.0
 40
1.0
 40
1.0
 40
1.0
 10
2.438813125920035
 20
67.0978172138
 30
0.0
 10
2.477012307840027
 20
67.06057299314
 30
0.0
 10
2.506616622520028
 20
67.02141880932001
 30
0.0
 10
2.528581160760012
 20
66.98035470297998
 30
0.0
  0
SPLINE
  5
384
330
2AF
100
AcDbEntity
  8
03___PRT_ALL_CURVES
  6
Continuous
 62
     4
100
AcDbSpline
210
0.0
220
0.0
230
1.0
 70
     8
 71
     3
 72
     8
 73
     4
 74
     0
 42
0.0000001
 43
0.0000000001
 40
0.0
 40
0.0
 40
0.0
 40
0.0
 40
1.0
 40
1.0
 40
1.0
 40
1.0
 10
2.528581160760012
 20
66.98035470297998
 30
0.0
 10
2.550545699000025
 20
66.93929059409999
 30
0.0
 10
2.568690305840022
 20
66.89154158875996
 30
0.0
 10
2.582054635220004
 20
66.83710644235998
 30
0.0
  0
SPLINE
  5
385
330
2AF
100
AcDbEntity
  8
03___PRT_ALL_CURVES
  6
Continuous
 62
     4
100
AcDbSpline
210
0.0
220
0.0
230
1.0
 70
     8
 71
     3
 72
     8
 73
     4
 74
     0
 42
0.0000001
 43
0.0000000001
 40
0.0
 40
0.0
 40
0.0
 40
0.0
 40
1.0
 40
1.0
 40
1.0
 40
1.0
 10
2.582054635220004
 20
66.83710644235998
 30
0.0
 10
2.607844489659982
 20
66.73206005097995
 30
0.0
 10
2.621214206380017
 20
66.62319232104
 30
0.0
 10
2.621214206380017
 20
66.51050474606001
 30
0.0
  0
SPLINE
  5
386
330
2AF
100
AcDbEntity
  8
03___PRT_ALL_CURVES
  6
Continuous
 62
     4
100
AcDbSpline
210
0.0
220
0.0
230
1.0
 70
     8
 71
     3
 72
     8
 73
     4
 74
     0
 42
0.0000001
 43
0.0000000001
 40
0.0
 40
0.0
 40
0.0
 40
0.0
 40
1.0
 40
1.0
 40
1.0
 40
1.0
 10
2.621214206380017
 20
66.51050474606001
 30
0.0
 10
2.621214206380017
 20
66.25648019950003
 30
0.0
 10
2.578240091160012
 20
66.07025921050001
 30
0.0
 10
2.492519053560017
 20
65.95263088085997
 30
0.0
  0
SPLINE
  5
387
330
2AF
100
AcDbEntity
  8
03___PRT_ALL_CURVES
  6
Continuous
 62
     4
100
AcDbSpline
210
0.0
220
0.0
230
1.0
 70
     8
 71
     3
 72
     8
 73
     4
 74
     0
 42
0.0000001
 43
0.0000000001
 40
0.0
 40
0.0
 40
0.0
 40
0.0
 40
1.0
 40
1.0
 40
1.0
 40
1.0
 10
2.492519053560017
 20
65.95263088085997
 30
0.0
 10
2.406343800460007
 20
65.83437926316
 30
0.0
 10
2.258321970520001
 20
65.77612551124
 30
0.0
 10
2.048226457260029
 20
65.77612551124
 30
0.0
  0
SPLINE
  5
388
330
2AF
100
AcDbEntity
  8
03___PRT_ALL_CURVES
  6
Continuous
 62
     4
100
AcDbSpline
210
0.0
220
0.0
230
1.0
 70
     8
 71
     3
 72
     8
 73
     4
 74
     0
 42
0.0000001
 43
0.0000000001
 40
0.0
 40
0.0
 40
0.0
 40
0.0
 40
1.0
 40
1.0
 40
1.0
 40
1.0
 10
2.048226457260029
 20
65.77612551124
 30
0.0
 10
1.92980902836004
 20
65.77612551124
 30
0.0
 10
1.835266017039999
 20
65.79522510219999
 30
0.0
 10
1.762687587140022
 20
65.83246930000001
 30
0.0
  0
SPLINE
  5
389
330
2AF
100
AcDbEntity
  8
03___PRT_ALL_CURVES
  6
Continuous
 62
     4
100
AcDbSpline
210
0.0
220
0.0
230
1.0
 70
     8
 71
     3
 72
     8
 73
     4
 74
     0
 42
0.0000001
 43
0.0000000001
 40
0.0
 40
0.0
 40
0.0
 40
0.0
 40
1.0
 40
1.0
 40
1.0
 40
1.0
 10
1.762687587140022
 20
65.83246930000001
 30
0.0
 10
1.690109136920029
 20
65.86971350795997
 30
0.0
 10
1.629945439620002
 20
65.92510231767997
 30
0.0
 10
1.58335766894001
 20
65.99720242747998
 30
0.0
  0
SPLINE
  5
38A
330
2AF
100
AcDbEntity
  8
03___PRT_ALL_CURVES
  6
Continuous
 62
     4
100
AcDbSpline
210
0.0
220
0.0
230
1.0
 70
     8
 71
     3
 72
     8
 73
     4
 74
     0
 42
0.0000001
 43
0.0000000001
 40
0.0
 40
0.0
 40
0.0
 40
0.0
 40
1.0
 40
1.0
 40
1.0
 40
1.0
 10
1.58335766894001
 20
65.99720242747998
 30
0.0
 10
1.549727149460011
 20
66.04924965383998
 30
0.0
 10
1.523942700140026
 20
66.11896315677998
 30
0.0
 10
1.50484310918003
 20
66.20873123480001
 30
0.0
  0
SPLINE
  5
38B
330
2AF
100
AcDbEntity
  8
03___PRT_ALL_CURVES
  6
Continuous
 62
     4
100
AcDbSpline
210
0.0
220
0.0
230
1.0
 70
     8
 71
     3
 72
     8
 73
     4
 74
     0
 42
0.0000001
 43
0.0000000001
 40
0.0
 40
0.0
 40
0.0
 40
0.0
 40
1.0
 40
1.0
 40
1.0
 40
1.0
 10
1.50484310918003
 20
66.20873123480001
 30
0.0
 10
1.485743520760025
 20
66.29849931027996
 30
0.0
 10
1.477148706860021
 20
66.39686220982
 30
0.0
 10
1.477148706860021
 20
66.50572985339997
 30
0.0
  0
SPLINE
  5
38C
330
2AF
100
AcDbEntity
  8
03___PRT_ALL_CURVES
  6
Continuous
 62
     4
100
AcDbSpline
210
0.0
220
0.0
230
1.0
 70
     8
 71
     3
 72
     8
 73
     4
 74
     0
 42
0.0000001
 43
0.0000000001
 40
0.0
 40
0.0
 40
0.0
 40
0.0
 40
1.0
 40
1.0
 40
1.0
 40
1.0
 10
1.862960452380008
 20
66.50477489214
 30
0.0
 10
1.862960452380008
 20
66.32619374307998
 30
0.0
 10
1.878240132260032
 20
66.20395634214
 30
0.0
 10
1.909754455820035
 20
66.13901773186001
 30
0.0
  0
SPLINE
  5
38D
330
2AF
100
AcDbEntity
  8
03___PRT_ALL_CURVES
  6
Continuous
 62
     4
100
AcDbSpline
210
0.0
220
0.0
230
1.0
 70
     8
 71
     3
 72
     8
 73
     4
 74
     0
 42
0.0000001
 43
0.0000000001
 40
0.0
 40
0.0
 40
0.0
 40
0.0
 40
1.0
 40
1.0
 40
1.0
 40
1.0
 10
1.909754455820035
 20
66.13901773186001
 30
0.0
 10
1.941268779380039
 20
66.07407911904002
 30
0.0
 10
1.987107778380022
 20
66.04160981389998
 30
0.0
 10
2.047271496000008
 20
66.04160981389998
 30
0.0
  0
SPLINE
  5
38E
330
2AF
100
AcDbEntity
  8
03___PRT_ALL_CURVES
  6
Continuous
 62
     4
100
AcDbSpline
210
0.0
220
0.0
230
1.0
 70
     8
 71
     3
 72
     8
 73
     4
 74
     0
 42
0.0000001
 43
0.0000000001
 40
0.0
 40
0.0
 40
0.0
 40
0.0
 40
1.0
 40
1.0
 40
1.0
 40
1.0
 10
2.047271496000008
 20
66.04160981389998
 30
0.0
 10
2.086425639180021
 20
66.04160981389998
 30
0.0
 10
2.120804887160006
 20
66.05497953062002
 30
0.0
 10
2.149454306619987
 20
66.08267396341998
 30
0.0
  0
SPLINE
  5
38F
330
2AF
100
AcDbEntity
  8
03___PRT_ALL_CURVES
  6
Continuous
 62
     4
100
AcDbSpline
210
0.0
220
0.0
230
1.0
 70
     8
 71
     3
 72
     8
 73
     4
 74
     0
 42
0.0000001
 43
0.0000000001
 40
0.0
 40
0.0
 40
0.0
 40
0.0
 40
1.0
 40
1.0
 40
1.0
 40
1.0
 10
2.149454306619987
 20
66.08267396341998
 30
0.0
 10
2.17810368036001
 20
66.11036835558
 30
0.0
 10
2.200068218599995
 20
66.15429741174
 30
0.0
 10
2.213539802020023
 20
66.21443840143999
 30
0.0
  0
SPLINE
  5
390
330
2AF
100
AcDbEntity
  8
03___PRT_ALL_CURVES
  6
Continuous
 62
     4
100
AcDbSpline
210
0.0
220
0.0
230
1.0
 70
     8
 71
     3
 72
     8
 73
     4
 74
     0
 42
0.0000001
 43
0.0000000001
 40
0.0
 40
0.0
 40
0.0
 40
0.0
 40
1.0
 40
1.0
 40
1.0
 40
1.0
 10
2.213539802020023
 20
66.21443840143999
 30
0.0
 10
2.226807649500046
 20
66.27366984508001
 30
0.0
 10
2.234447509760003
 20
66.36725785195998
 30
0.0
 10
2.234447509760003
 20
66.49427010491996
 30
0.0
  0
SPLINE
  5
391
330
2AF
100
AcDbEntity
  8
03___PRT_ALL_CURVES
  6
Continuous
 62
     4
100
AcDbSpline
210
0.0
220
0.0
230
1.0
 70
     8
 71
     3
 72
     8
 73
     4
 74
     0
 42
0.0000001
 43
0.0000000001
 40
0.0
 40
0.0
 40
0.0
 40
0.0
 40
1.0
 40
1.0
 40
1.0
 40
1.0
 10
2.234447509760003
 20
66.49427010491996
 30
0.0
 10
2.234447509760003
 20
66.67953615043996
 30
0.0
 10
2.21821282544002
 20
66.80463848087999
 30
0.0
 10
2.186698501880016
 20
66.86862208925996
 30
0.0
  0
SPLINE
  5
392
330
2AF
100
AcDbEntity
  8
03___PRT_ALL_CURVES
  6
Continuous
 62
     4
100
AcDbSpline
210
0.0
220
0.0
230
1.0
 70
     8
 71
     3
 72
     8
 73
     4
 74
     0
 42
0.0000001
 43
0.0000000001
 40
0.0
 40
0.0
 40
0.0
 40
0.0
 40
1.0
 40
1.0
 40
1.0
 40
1.0
 10
2.186698501880016
 20
66.86862208925996
 30
0.0
 10
2.155184180860005
 20
66.9326056951
 30
0.0
 10
2.108390218060009
 20
66.96507506373999
 30
0.0
 10
2.045361530299999
 20
66.96507506373999
 30
0.0
  0
SPLINE
  5
393
330
2AF
100
AcDbEntity
  8
03___PRT_ALL_CURVES
  6
Continuous
 62
     4
100
AcDbSpline
210
0.0
220
0.0
230
1.0
 70
     8
 71
     3
 72
     8
 73
     4
 74
     0
 42
0.0000001
 43
0.0000000001
 40
0.0
 40
0.0
 40
0.0
 40
0.0
 40
1.0
 40
1.0
 40
1.0
 40
1.0
 10
2.045361530299999
 20
66.96507506373999
 30
0.0
 10
1.980422920020004
 20
66.96507506373999
 30
0.0
 10
1.934583921019993
 20
66.93165073383997
 30
0.0
 10
1.905934539660024
 20
66.86671215658001
 30
0.0
  0
SPLINE
  5
394
330
2AF
100
AcDbEntity
  8
03___PRT_ALL_CURVES
  6
Continuous
 62
     4
100
AcDbSpline
210
0.0
220
0.0
230
1.0
 70
     8
 71
     3
 72
     8
 73
     4
 74
     0
 42
0.0000001
 43
0.0000000001
 40
0.0
 40
0.0
 40
0.0
 40
0.0
 40
1.0
 40
1.0
 40
1.0
 40
1.0
 10
1.905934539660024
 20
66.86671215658001
 30
0.0
 10
1.877285130360008
 20
66.80177351328001
 30
0.0
 10
1.862960452380008
 20
66.68049111423997
 30
0.0
 10
1.862960452380008
 20
66.50477489214
 30
0.0
  0
SPLINE
  5
395
330
2AF
100
AcDbEntity
  8
03___PRT_ALL_CURVES
  6
Continuous
 62
     4
100
AcDbSpline
210
0.0
220
0.0
230
1.0
 70
     8
 71
     3
 72
     8
 73
     4
 74
     0
 42
0.0000001
 43
0.0000000001
 40
0.0
 40
0.0
 40
0.0
 40
0.0
 40
1.0
 40
1.0
 40
1.0
 40
1.0
 10
3.185607045080019
 20
66.16289223326001
 30
0.0
 10
3.195156830400038
 20
66.10845838987996
 30
0.0
 10
3.212346475980013
 20
66.07025921050001
 30
0.0
 10
3.236723803400025
 20
66.0477938757
 30
0.0
  0
SPLINE
  5
396
330
2AF
100
AcDbEntity
  8
03___PRT_ALL_CURVES
  6
Continuous
 62
     4
100
AcDbSpline
210
0.0
220
0.0
230
1.0
 70
     8
 71
     3
 72
     8
 73
     4
 74
     0
 42
0.0000001
 43
0.0000000001
 40
0.0
 40
0.0
 40
0.0
 40
0.0
 40
1.0
 40
1.0
 40
1.0
 40
1.0
 10
3.236723803400025
 20
66.0477938757
 30
0.0
 10
3.261050528940018
 20
66.02537517276
 30
0.0
 10
3.29065484361999
 20
66.01487040586
 30
0.0
 10
3.32598909858001
 20
66.01487040586
 30
0.0
  0
SPLINE
  5
397
330
2AF
100
AcDbEntity
  8
03___PRT_ALL_CURVES
  6
Continuous
 62
     4
100
AcDbSpline
210
0.0
220
0.0
230
1.0
 70
     8
 71
     3
 72
     8
 73
     4
 74
     0
 42
0.0000001
 43
0.0000000001
 40
0.0
 40
0.0
 40
0.0
 40
0.0
 40
1.0
 40
1.0
 40
1.0
 40
1.0
 10
3.32598909858001
 20
66.01487040586
 30
0.0
 10
3.388062781900004
 20
66.01487040586
 30
0.0
 10
3.436766667219985
 20
66.04638472688
 30
0.0
 10
3.471716554140016
 20
66.10962731565999
 30
0.0
  0
SPLINE
  5
398
330
2AF
100
AcDbEntity
  8
03___PRT_ALL_CURVES
  6
Continuous
 62
     4
100
AcDbSpline
210
0.0
220
0.0
230
1.0
 70
     8
 71
     3
 72
     8
 73
     4
 74
     0
 42
0.0000001
 43
0.0000000001
 40
0.0
 40
0.0
 40
0.0
 40
0.0
 40
1.0
 40
1.0
 40
1.0
 40
1.0
 10
3.471716554140016
 20
66.10962731565999
 30
0.0
 10
3.496930425480031
 20
66.15525237300002
 30
0.0
 10
3.516029996120011
 20
66.25361527254
 30
0.0
 10
3.529399794119996
 20
66.40450202689999
 30
0.0
  0
SPLINE
  5
399
330
2AF
100
AcDbEntity
  8
03___PRT_ALL_CURVES
  6
Continuous
 62
     4
100
AcDbSpline
210
0.0
220
0.0
230
1.0
 70
     8
 71
     3
 72
     8
 73
     4
 74
     0
 42
0.0000001
 43
0.0000000001
 40
0.0
 40
0.0
 40
0.0
 40
0.0
 40
1.0
 40
1.0
 40
1.0
 40
1.0
 10
3.529399794119996
 20
66.40450202689999
 30
0.0
 10
3.482605666220024
 20
66.35675306219997
 30
0.0
 10
3.434856742160008
 20
66.32141880977997
 30
0.0
 10
3.386250428400018
 20
66.29923923006001
 30
0.0
  0
SPLINE
  5
39A
330
2AF
100
AcDbEntity
  8
03___PRT_ALL_CURVES
  6
Continuous
 62
     4
100
AcDbSpline
210
0.0
220
0.0
230
1.0
 70
     8
 71
     3
 72
     8
 73
     4
 74
     0
 42
0.0000001
 43
0.0000000001
 40
0.0
 40
0.0
 40
0.0
 40
0.0
 40
1.0
 40
1.0
 40
1.0
 40
1.0
 10
3.386250428400018
 20
66.29923923006001
 30
0.0
 10
3.336493845159993
 20
66.27653477203998
 30
0.0
 10
3.280150097040007
 20
66.26603002545997
 30
0.0
 10
3.216166491199971
 20
66.26603002545997
 30
0.0
  0
SPLINE
  5
39B
330
2AF
100
AcDbEntity
  8
03___PRT_ALL_CURVES
  6
Continuous
 62
     4
100
AcDbSpline
210
0.0
220
0.0
230
1.0
 70
     8
 71
     3
 72
     8
 73
     4
 74
     0
 42
0.0000001
 43
0.0000000001
 40
0.0
 40
0.0
 40
0.0
 40
0.0
 40
1.0
 40
1.0
 40
1.0
 40
1.0
 10
3.216166491199971
 20
66.26603002545997
 30
0.0
 10
3.090109199500006
 20
66.26603002545997
 30
0.0
 10
2.984106439700014
 20
66.30995905875997
 30
0.0
 10
2.897919380680008
 20
66.3994978586
 30
0.0
  0
SPLINE
  5
39C
330
2AF
100
AcDbEntity
  8
03___PRT_ALL_CURVES
  6
Continuous
 62
     4
100
AcDbSpline
210
0.0
220
0.0
230
1.0
 70
     8
 71
     3
 72
     8
 73
     4
 74
     0
 42
0.0000001
 43
0.0000000001
 40
0.0
 40
0.0
 40
0.0
 40
0.0
 40
1.0
 40
1.0
 40
1.0
 40
1.0
 10
2.897919380680008
 20
66.3994978586
 30
0.0
 10
2.812210149000038
 20
66.48854025099999
 30
0.0
 10
2.769236033779976
 20
66.60122786662001
 30
0.0
 10
2.769236033779976
 20
66.73778990489998
 30
0.0
  0
SPLINE
  5
39D
330
2AF
100
AcDbEntity
  8
03___PRT_ALL_CURVES
  6
Continuous
 62
     4
100
AcDbSpline
210
0.0
220
0.0
230
1.0
 70
     8
 71
     3
 72
     8
 73
     4
 74
     0
 42
0.0000001
 43
0.0000000001
 40
0.0
 40
0.0
 40
0.0
 40
0.0
 40
1.0
 40
1.0
 40
1.0
 40
1.0
 10
2.769236033779976
 20
66.73778990489998
 30
0.0
 10
2.769236033779976
 20
66.83042295052002
 30
0.0
 10
2.791200572020017
 20
66.91541613333999
 30
0.0
 10
2.835129597699989
 20
66.99181447685996
 30
0.0
  0
SPLINE
  5
39E
330
2AF
100
AcDbEntity
  8
03___PRT_ALL_CURVES
  6
Continuous
 62
     4
100
AcDbSpline
210
0.0
220
0.0
230
1.0
 70
     8
 71
     3
 72
     8
 73
     4
 74
     0
 42
0.0000001
 43
0.0000000001
 40
0.0
 40
0.0
 40
0.0
 40
0.0
 40
1.0
 40
1.0
 40
1.0
 40
1.0
 10
2.835129597699989
 20
66.99181447685996
 30
0.0
 10
2.879058641160015
 20
67.06821285339996
 30
0.0
 10
2.939222401960023
 20
67.12551156277999
 30
0.0
 10
3.016477568759996
 20
67.16485890089996
 30
0.0
  0
SPLINE
  5
39F
330
2AF
100
AcDbEntity
  8
03___PRT_ALL_CURVES
  6
Continuous
 62
     4
100
AcDbSpline
210
0.0
220
0.0
230
1.0
 70
     8
 71
     3
 72
     8
 73
     4
 74
     0
 42
0.0000001
 43
0.0000000001
 40
0.0
 40
0.0
 40
0.0
 40
0.0
 40
1.0
 40
1.0
 40
1.0
 40
1.0
 10
3.016477568759996
 20
67.16485890089996
 30
0.0
 10
3.092974085820032
 20
67.2038198466
 30
0.0
 10
3.190382021559998
 20
67.22387454359998
 30
0.0
 10
3.306889527940001
 20
67.22387454359998
 30
0.0
  0
SPLINE
  5
3A0
330
2AF
100
AcDbEntity
  8
03___PRT_ALL_CURVES
  6
Continuous
 62
     4
100
AcDbSpline
210
0.0
220
0.0
230
1.0
 70
     8
 71
     3
 72
     8
 73
     4
 74
     0
 42
0.0000001
 43
0.0000000001
 40
0.0
 40
0.0
 40
0.0
 40
0.0
 40
1.0
 40
1.0
 40
1.0
 40
1.0
 10
3.306889527940001
 20
67.22387454359998
 30
0.0
 10
3.446316450000012
 20
67.22387454359998
 30
0.0
 10
3.559004111340016
 20
67.19904503776002
 30
0.0
 10
3.643881962920005
 20
67.15109146843997
 30
0.0
  0
SPLINE
  5
3A1
330
2AF
100
AcDbEntity
  8
03___PRT_ALL_CURVES
  6
Continuous
 62
     4
100
AcDbSpline
210
0.0
220
0.0
230
1.0
 70
     8
 71
     3
 72
     8
 73
     4
 74
     0
 42
0.0000001
 43
0.0000000001
 40
0.0
 40
0.0
 40
0.0
 40
0.0
 40
1.0
 40
1.0
 40
1.0
 40
1.0
 10
3.643881962920005
 20
67.15109146843997
 30
0.0
 10
3.728035515720023
 20
67.10354710835998
 30
0.0
 10
3.795838969139993
 20
67.02714866323998
 30
0.0
 10
3.846452944620012
 20
66.92210094852001
 30
0.0
  0
SPLINE
  5
3A2
330
2AF
100
AcDbEntity
  8
03___PRT_ALL_CURVES
  6
Continuous
 62
     4
100
AcDbSpline
210
0.0
220
0.0
230
1.0
 70
     8
 71
     3
 72
     8
 73
     4
 74
     0
 42
0.0000001
 43
0.0000000001
 40
0.0
 40
0.0
 40
0.0
 40
0.0
 40
1.0
 40
1.0
 40
1.0
 40
1.0
 10
3.846452944620012
 20
66.92210094852001
 30
0.0
 10
3.897066920100031
 20
66.81705323380001
 30
0.0
 10
3.922851222099979
 20
66.67953615043996
 30
0.0
 10
3.922851222099979
 20
66.50763985974004
 30
0.0
  0
SPLINE
  5
3A3
330
2AF
100
AcDbEntity
  8
03___PRT_ALL_CURVES
  6
Continuous
 62
     4
100
AcDbSpline
210
0.0
220
0.0
230
1.0
 70
     8
 71
     3
 72
     8
 73
     4
 74
     0
 42
0.0000001
 43
0.0000000001
 40
0.0
 40
0.0
 40
0.0
 40
0.0
 40
1.0
 40
1.0
 40
1.0
 40
1.0
 10
3.922851222099979
 20
66.50763985974004
 30
0.0
 10
3.922851222099979
 20
66.25457027443997
 30
0.0
 10
3.869372527940016
 20
66.06930422638001
 30
0.0
 10
3.763107406460023
 20
65.95207904807998
 30
0.0
  0
SPLINE
  5
3A4
330
2AF
100
AcDbEntity
  8
03___PRT_ALL_CURVES
  6
Continuous
 62
     4
100
AcDbSpline
210
0.0
220
0.0
230
1.0
 70
     8
 71
     3
 72
     8
 73
     4
 74
     0
 42
0.0000001
 43
0.0000000001
 40
0.0
 40
0.0
 40
0.0
 40
0.0
 40
1.0
 40
1.0
 40
1.0
 40
1.0
 10
3.763107406460023
 20
65.95207904807998
 30
0.0
 10
3.656412047079982
 20
65.83437926316
 30
0.0
 10
3.509345097120018
 20
65.77612551124
 30
0.0
 10
3.321214122100031
 20
65.77612551124
 30
0.0
  0
SPLINE
  5
3A5
330
2AF
100
AcDbEntity
  8
03___PRT_ALL_CURVES
  6
Continuous
 62
     4
100
AcDbSpline
210
0.0
220
0.0
230
1.0
 70
     8
 71
     3
 72
     8
 73
     4
 74
     0
 42
0.0000001
 43
0.0000000001
 40
0.0
 40
0.0
 40
0.0
 40
0.0
 40
1.0
 40
1.0
 40
1.0
 40
1.0
 10
3.321214122100031
 20
65.77612551124
 30
0.0
 10
3.209481592200007
 20
65.77612551124
 30
0.0
 10
3.121623439240011
 20
65.78949522541998
 30
0.0
 10
3.05773799678002
 20
65.81457618872
 30
0.0
  0
SPLINE
  5
3A6
330
2AF
100
AcDbEntity
  8
03___PRT_ALL_CURVES
  6
Continuous
 62
     4
100
AcDbSpline
210
0.0
220
0.0
230
1.0
 70
     8
 71
     3
 72
     8
 73
     4
 74
     0
 42
0.0000001
 43
0.0000000001
 40
0.0
 40
0.0
 40
0.0
 40
0.0
 40
1.0
 40
1.0
 40
1.0
 40
1.0
 10
3.05773799678002
 20
65.81457618872
 30
0.0
 10
2.992701263759983
 20
65.84010913993998
 30
0.0
 10
2.939222401960023
 20
65.87830831931998
 30
0.0
 10
2.896926962039998
 20
65.92773214985996
 30
0.0
  0
SPLINE
  5
3A7
330
2AF
100
AcDbEntity
  8
03___PRT_ALL_CURVES
  6
Continuous
 62
     4
100
AcDbSpline
210
0.0
220
0.0
230
1.0
 70
     8
 71
     3
 72
     8
 73
     4
 74
     0
 42
0.0000001
 43
0.0000000001
 40
0.0
 40
0.0
 40
0.0
 40
0.0
 40
1.0
 40
1.0
 40
1.0
 40
1.0
 10
2.896926962039998
 20
65.92773214985996
 30
0.0
 10
2.854229135320026
 20
65.9776261852
 30
0.0
 10
2.821759934320028
 20
66.03969987106001
 30
0.0
 10
2.798840351000024
 20
66.11418826666
 30
0.0
  0
SPLINE
  5
3A8
330
2AF
100
AcDbEntity
  8
03___PRT_ALL_CURVES
  6
Continuous
 62
     4
100
AcDbSpline
210
0.0
220
0.0
230
1.0
 70
     8
 71
     3
 72
     8
 73
     4
 74
     0
 42
0.0000001
 43
0.0000000001
 40
0.0
 40
0.0
 40
0.0
 40
0.0
 40
1.0
 40
1.0
 40
1.0
 40
1.0
 10
3.515075034860018
 20
66.73874486615998
 30
0.0
 10
3.515075034860018
 20
66.8141882662
 30
0.0
 10
3.49597546422001
 20
66.87339697937998
 30
0.0
 10
3.45777625944001
 20
66.91637103617998
 30
0.0
  0
SPLINE
  5
3A9
330
2AF
100
AcDbEntity
  8
03___PRT_ALL_CURVES
  6
Continuous
 62
     4
100
AcDbSpline
210
0.0
220
0.0
230
1.0
 70
     8
 71
     3
 72
     8
 73
     4
 74
     0
 42
0.0000001
 43
0.0000000001
 40
0.0
 40
0.0
 40
0.0
 40
0.0
 40
1.0
 40
1.0
 40
1.0
 40
1.0
 10
3.45777625944001
 20
66.91637103617998
 30
0.0
 10
3.419577021640009
 20
66.95934512599999
 30
0.0
 10
3.372783058840014
 20
66.98130966423997
 30
0.0
 10
3.318349235780005
 20
66.98130966423997
 30
0.0
  0
SPLINE
  5
3AA
330
2AF
100
AcDbEntity
  8
03___PRT_ALL_CURVES
  6
Continuous
 62
     4
100
AcDbSpline
210
0.0
220
0.0
230
1.0
 70
     8
 71
     3
 72
     8
 73
     4
 74
     0
 42
0.0000001
 43
0.0000000001
 40
0.0
 40
0.0
 40
0.0
 40
0.0
 40
1.0
 40
1.0
 40
1.0
 40
1.0
 10
3.318349235780005
 20
66.98130966423997
 30
0.0
 10
3.266780299040022
 20
66.98130966423997
 30
0.0
 10
3.223806351460041
 20
66.96125513233997
 30
0.0
 10
3.189663483499999
 20
66.92284444715997
 30
0.0
  0
SPLINE
  5
3AB
330
2AF
100
AcDbEntity
  8
03___PRT_ALL_CURVES
  6
Continuous
 62
     4
100
AcDbSpline
210
0.0
220
0.0
230
1.0
 70
     8
 71
     3
 72
     8
 73
     4
 74
     0
 42
0.0000001
 43
0.0000000001
 40
0.0
 40
0.0
 40
0.0
 40
0.0
 40
1.0
 40
1.0
 40
1.0
 40
1.0
 10
3.189663483499999
 20
66.92284444715997
 30
0.0
 10
3.155047769139998
 20
66.88390180977999
 30
0.0
 10
3.138813084820015
 20
66.82564805785998
 30
0.0
 10
3.138813084820015
 20
66.74829465147997
 30
0.0
  0
SPLINE
  5
3AC
330
2AF
100
AcDbEntity
  8
03___PRT_ALL_CURVES
  6
Continuous
 62
     4
100
AcDbSpline
210
0.0
220
0.0
230
1.0
 70
     8
 71
     3
 72
     8
 73
     4
 74
     0
 42
0.0000001
 43
0.0000000001
 40
0.0
 40
0.0
 40
0.0
 40
0.0
 40
1.0
 40
1.0
 40
1.0
 40
1.0
 10
3.138813084820015
 20
66.74829465147997
 30
0.0
 10
3.138813084820015
 20
66.66998636765999
 30
0.0
 10
3.156002730400047
 20
66.60982260685995
 30
0.0
 10
3.191101908360054
 20
66.56855739093999
 30
0.0
  0
SPLINE
  5
3AD
330
2AF
100
AcDbEntity
  8
03___PRT_ALL_CURVES
  6
Continuous
 62
     4
100
AcDbSpline
210
0.0
220
0.0
230
1.0
 70
     8
 71
     3
 72
     8
 73
     4
 74
     0
 42
0.0000001
 43
0.0000000001
 40
0.0
 40
0.0
 40
0.0
 40
0.0
 40
1.0
 40
1.0
 40
1.0
 40
1.0
 10
3.191101908360054
 20
66.56855739093999
 30
0.0
 10
3.22667123778001
 20
66.52673943037999
 30
0.0
 10
3.27060031425998
 20
66.50668481466002
 30
0.0
 10
3.324079173520033
 20
66.50668481466002
 30
0.0
  0
SPLINE
  5
3AE
330
2AF
100
AcDbEntity
  8
03___PRT_ALL_CURVES
  6
Continuous
 62
     4
100
AcDbSpline
210
0.0
220
0.0
230
1.0
 70
     8
 71
     3
 72
     8
 73
     4
 74
     0
 42
0.0000001
 43
0.0000000001
 40
0.0
 40
0.0
 40
0.0
 40
0.0
 40
1.0
 40
1.0
 40
1.0
 40
1.0
 10
3.324079173520033
 20
66.50668481466002
 30
0.0
 10
3.378512996580042
 20
66.50668481466002
 30
0.0
 10
3.424351995580025
 20
66.52673943037999
 30
0.0
 10
3.460641211800009
 20
66.56684857545997
 30
0.0
  0
SPLINE
  5
3AF
330
2AF
100
AcDbEntity
  8
03___PRT_ALL_CURVES
  6
Continuous
 62
     4
100
AcDbSpline
210
0.0
220
0.0
230
1.0
 70
     8
 71
     3
 72
     8
 73
     4
 74
     0
 42
0.0000001
 43
0.0000000001
 40
0.0
 40
0.0
 40
0.0
 40
0.0
 40
1.0
 40
1.0
 40
1.0
 40
1.0
 10
3.460641211800009
 20
66.56684857545997
 30
0.0
 10
3.496930425480031
 20
66.60695772054001
 30
0.0
 10
3.515075034860018
 20
66.66425651373999
 30
0.0
 10
3.515075034860018
 20
66.73874486615998
 30
0.0
  0
SPLINE
  5
3B0
330
2AF
100
AcDbEntity
  8
03___PRT_ALL_CURVES
  6
Continuous
 62
     4
100
AcDbSpline
210
0.0
220
0.0
230
1.0
 70
     8
 71
     3
 72
     8
 73
     4
 74
     0
 42
0.0000001
 43
0.0000000001
 40
0.0
 40
0.0
 40
0.0
 40
0.0
 40
1.0
 40
1.0
 40
1.0
 40
1.0
 10
2.055388794980047
 20
63.23301501200001
 30
0.0
 10
1.991405189140011
 20
63.18431104285997
 30
0.0
 10
1.929331505820045
 20
63.14515685904001
 30
0.0
 10
1.870314402620011
 20
63.11517238002003
 30
0.0
  0
SPLINE
  5
3B1
330
2AF
100
AcDbEntity
  8
03___PRT_ALL_CURVES
  6
Continuous
 62
     4
100
AcDbSpline
210
0.0
220
0.0
230
1.0
 70
     8
 71
     3
 72
     8
 73
     4
 74
     0
 42
0.0000001
 43
0.0000000001
 40
0.0
 40
0.0
 40
0.0
 40
0.0
 40
1.0
 40
1.0
 40
1.0
 40
1.0
 10
1.870314402620011
 20
63.11517238002003
 30
0.0
 10
1.810914054060021
 20
63.08499318459999
 30
0.0
 10
1.736425638139991
 20
63.05634382864002
 30
0.0
 10
1.646657562659982
 20
63.02960439773997
 30
0.0
  0
SPLINE
  5
3B2
330
2AF
100
AcDbEntity
  8
03___PRT_ALL_CURVES
  6
Continuous
 62
     4
100
AcDbSpline
210
0.0
220
0.0
230
1.0
 70
     8
 71
     3
 72
     8
 73
     4
 74
     0
 42
0.0000001
 43
0.0000000001
 40
0.0
 40
0.0
 40
0.0
 40
0.0
 40
1.0
 40
1.0
 40
1.0
 40
1.0
 10
1.646657562659982
 20
63.34856755711999
 30
0.0
 10
1.778444748920037
 20
63.39058662726001
 30
0.0
 10
1.881582541119997
 20
63.44215556400002
 30
0.0
 10
1.955158797320024
 20
63.5022668611
 30
0.0
  0
SPLINE
  5
3B3
330
2AF
100
AcDbEntity
  8
03___PRT_ALL_CURVES
  6
Continuous
 62
     4
100
AcDbSpline
210
0.0
220
0.0
230
1.0
 70
     8
 71
     3
 72
     8
 73
     4
 74
     0
 42
0.0000001
 43
0.0000000001
 40
0.0
 40
0.0
 40
0.0
 40
0.0
 40
1.0
 40
1.0
 40
1.0
 40
1.0
 10
1.955158797320024
 20
63.5022668611
 30
0.0
 10
2.027694402820032
 20
63.56152795416
 30
0.0
 10
2.084993152840013
 20
63.63601639293998
 30
0.0
 10
2.127012263620031
 20
63.72387454589997
 30
0.0
  0
SPLINE
  5
3B4
330
2AF
100
AcDbEntity
  8
03___PRT_ALL_CURVES
  6
Continuous
 62
     4
100
AcDbSpline
210
0.0
220
0.0
230
1.0
 70
     8
 71
     3
 72
     8
 73
     4
 74
     0
 42
0.0000001
 43
0.0000000001
 40
0.0
 40
0.0
 40
0.0
 40
0.0
 40
1.0
 40
1.0
 40
1.0
 40
1.0
 10
3.359890907840025
 20
63.23301501200001
 30
0.0
 10
3.295907299460026
 20
63.18431104285997
 30
0.0
 10
3.233833616139975
 20
63.14515685904001
 30
0.0
 10
3.174816434200039
 20
63.11517237493999
 30
0.0
  0
SPLINE
  5
3B5
330
2AF
100
AcDbEntity
  8
03___PRT_ALL_CURVES
  6
Continuous
 62
     4
100
AcDbSpline
210
0.0
220
0.0
230
1.0
 70
     8
 71
     3
 72
     8
 73
     4
 74
     0
 42
0.0000001
 43
0.0000000001
 40
0.0
 40
0.0
 40
0.0
 40
0.0
 40
1.0
 40
1.0
 40
1.0
 40
1.0
 10
3.174816434200039
 20
63.11517237493999
 30
0.0
 10
3.115416019600048
 20
63.08499318459999
 30
0.0
 10
3.040927667180028
 20
63.05634382864002
 30
0.0
 10
2.95115958916
 20
63.02960439773997
 30
0.0
  0
SPLINE
  5
3B6
330
2AF
100
AcDbEntity
  8
03___PRT_ALL_CURVES
  6
Continuous
 62
     4
100
AcDbSpline
210
0.0
220
0.0
230
1.0
 70
     8
 71
     3
 72
     8
 73
     4
 74
     0
 42
0.0000001
 43
0.0000000001
 40
0.0
 40
0.0
 40
0.0
 40
0.0
 40
1.0
 40
1.0
 40
1.0
 40
1.0
 10
2.95115958916
 20
63.34856755711999
 30
0.0
 10
3.082946818600021
 20
63.39058662726001
 30
0.0
 10
3.186084526980011
 20
63.44215556400002
 30
0.0
 10
3.259660884780004
 20
63.50226689158001
 30
0.0
  0
SPLINE
  5
3B7
330
2AF
100
AcDbEntity
  8
03___PRT_ALL_CURVES
  6
Continuous
 62
     4
100
AcDbSpline
210
0.0
220
0.0
230
1.0
 70
     8
 71
     3
 72
     8
 73
     4
 74
     0
 42
0.0000001
 43
0.0000000001
 40
0.0
 40
0.0
 40
0.0
 40
0.0
 40
1.0
 40
1.0
 40
1.0
 40
1.0
 10
3.259660884780004
 20
63.50226689158001
 30
0.0
 10
3.33219651568001
 20
63.56152795416
 30
0.0
 10
3.389495222519997
 20
63.63601639293998
 30
0.0
 10
3.43151437648001
 20
63.72387454589997
 30
0.0
  0
SPLINE
  5
3B8
330
2AF
100
AcDbEntity
  8
03___PRT_ALL_CURVES
  6
Continuous
 62
     4
100
AcDbSpline
210
0.0
220
0.0
230
1.0
 70
     8
 71
     3
 72
     8
 73
     4
 74
     0
 42
0.0000001
 43
0.0000000001
 40
0.0
 40
0.0
 40
0.0
 40
0.0
 40
1.0
 40
1.0
 40
1.0
 40
1.0
 10
1.923601613799974
 20
59.73301501175999
 30
0.0
 10
1.859618007959995
 20
59.68431104516
 30
0.0
 10
1.79754432464
 20
59.64515686134001
 30
0.0
 10
1.738527221440052
 20
59.61517237977998
 30
0.0
  0
SPLINE
  5
3B9
330
2AF
100
AcDbEntity
  8
03___PRT_ALL_CURVES
  6
Continuous
 62
     4
100
AcDbSpline
210
0.0
220
0.0
230
1.0
 70
     8
 71
     3
 72
     8
 73
     4
 74
     0
 42
0.0000001
 43
0.0000000001
 40
0.0
 40
0.0
 40
0.0
 40
0.0
 40
1.0
 40
1.0
 40
1.0
 40
1.0
 10
1.738527221440052
 20
59.61517237977998
 30
0.0
 10
1.679126872880005
 20
59.58499318435997
 30
0.0
 10
1.604638456960032
 20
59.55634382839995
 30
0.0
 10
1.514870381480023
 20
59.52960440004
 30
0.0
  0
SPLINE
  5
3BA
330
2AF
100
AcDbEntity
  8
03___PRT_ALL_CURVES
  6
Continuous
 62
     4
100
AcDbSpline
210
0.0
220
0.0
230
1.0
 70
     8
 71
     3
 72
     8
 73
     4
 74
     0
 42
0.0000001
 43
0.0000000001
 40
0.0
 40
0.0
 40
0.0
 40
0.0
 40
1.0
 40
1.0
 40
1.0
 40
1.0
 10
1.514870381480023
 20
59.84856755688
 30
0.0
 10
1.646657567739993
 20
59.89058662701999
 30
0.0
 10
1.749795359940038
 20
59.94215556376
 30
0.0
 10
1.823371616140008
 20
60.00226686085998
 30
0.0
  0
SPLINE
  5
3BB
330
2AF
100
AcDbEntity
  8
03___PRT_ALL_CURVES
  6
Continuous
 62
     4
100
AcDbSpline
210
0.0
220
0.0
230
1.0
 70
     8
 71
     3
 72
     8
 73
     4
 74
     0
 42
0.0000001
 43
0.0000000001
 40
0.0
 40
0.0
 40
0.0
 40
0.0
 40
1.0
 40
1.0
 40
1.0
 40
1.0
 10
1.823371616140008
 20
60.00226686085998
 30
0.0
 10
1.895907221640016
 20
60.06152795645997
 30
0.0
 10
1.953205971660026
 20
60.13601639269999
 30
0.0
 10
1.995225082440015
 20
60.22387454566001
 30
0.0
  0
SPLINE
  5
3BC
330
2AF
100
AcDbEntity
  8
03___PRT_ALL_CURVES
  6
Continuous
 62
     4
100
AcDbSpline
210
0.0
220
0.0
230
1.0
 70
     8
 71
     3
 72
     8
 73
     4
 74
     0
 42
0.0000001
 43
0.0000000001
 40
0.0
 40
0.0
 40
0.0
 40
0.0
 40
1.0
 40
1.0
 40
1.0
 40
1.0
 10
2.749658948220002
 20
59.86098222597997
 30
0.0
 10
2.780218307979993
 20
59.97748973235997
 30
0.0
 10
2.838471978619992
 20
60.06725781037997
 30
0.0
 10
2.925602129480041
 20
60.12997233569999
 30
0.0
  0
SPLINE
  5
3BD
330
2AF
100
AcDbEntity
  8
03___PRT_ALL_CURVES
  6
Continuous
 62
     4
100
AcDbSpline
210
0.0
220
0.0
230
1.0
 70
     8
 71
     3
 72
     8
 73
     4
 74
     0
 42
0.0000001
 43
0.0000000001
 40
0.0
 40
0.0
 40
0.0
 40
0.0
 40
1.0
 40
1.0
 40
1.0
 40
1.0
 10
2.925602129480041
 20
60.12997233569999
 30
0.0
 10
3.012278359480007
 20
60.19236013828001
 30
0.0
 10
3.135470599759998
 20
60.22387454566001
 30
0.0
 10
3.294952218820015
 20
60.22387454566001
 30
0.0
  0
SPLINE
  5
3BE
330
2AF
100
AcDbEntity
  8
03___PRT_ALL_CURVES
  6
Continuous
 62
     4
100
AcDbSpline
210
0.0
220
0.0
230
1.0
 70
     8
 71
     3
 72
     8
 73
     4
 74
     0
 42
0.0000001
 43
0.0000000001
 40
0.0
 40
0.0
 40
0.0
 40
0.0
 40
1.0
 40
1.0
 40
1.0
 40
1.0
 10
3.294952218820015
 20
60.22387454566001
 30
0.0
 10
3.477353256100031
 20
60.22387454566001
 30
0.0
 10
3.609140485539996
 20
60.18949525450003
 30
0.0
 10
3.690838836240005
 20
60.1211743726
 30
0.0
  0
SPLINE
  5
3BF
330
2AF
100
AcDbEntity
  8
03___PRT_ALL_CURVES
  6
Continuous
 62
     4
100
AcDbSpline
210
0.0
220
0.0
230
1.0
 70
     8
 71
     3
 72
     8
 73
     4
 74
     0
 42
0.0000001
 43
0.0000000001
 40
0.0
 40
0.0
 40
0.0
 40
0.0
 40
1.0
 40
1.0
 40
1.0
 40
1.0
 10
3.690838836240005
 20
60.1211743726
 30
0.0
 10
3.772441952180003
 20
60.0529331324
 30
0.0
 10
3.813506144880051
 20
59.96793994958
 30
0.0
 10
3.813506144880051
 20
59.86480215738001
 30
0.0
  0
SPLINE
  5
3C0
330
2AF
100
AcDbEntity
  8
03___PRT_ALL_CURVES
  6
Continuous
 62
     4
100
AcDbSpline
210
0.0
220
0.0
230
1.0
 70
     8
 71
     3
 72
     8
 73
     4
 74
     0
 42
0.0000001
 43
0.0000000001
 40
0.0
 40
0.0
 40
0.0
 40
0.0
 40
1.0
 40
1.0
 40
1.0
 40
1.0
 10
3.813506144880051
 20
59.86480215738001
 30
0.0
 10
3.813506144880051
 20
59.80368351914001
 30
0.0
 10
3.796316499299991
 20
59.74924969608
 30
0.0
 10
3.763738314520026
 20
59.70061844713999
 30
0.0
  0
SPLINE
  5
3C1
330
2AF
100
AcDbEntity
  8
03___PRT_ALL_CURVES
  6
Continuous
 62
     4
100
AcDbSpline
210
0.0
220
0.0
230
1.0
 70
     8
 71
     3
 72
     8
 73
     4
 74
     0
 42
0.0000001
 43
0.0000000001
 40
0.0
 40
0.0
 40
0.0
 40
0.0
 40
1.0
 40
1.0
 40
1.0
 40
1.0
 10
3.763738314520026
 20
59.70061844713999
 30
0.0
 10
3.730422968400035
 20
59.65088679653999
 30
0.0
 10
3.680763954180037
 20
59.60791268385998
 30
0.0
 10
3.613915462020003
 20
59.57162346763999
 30
0.0
  0
SPLINE
  5
3C2
330
2AF
100
AcDbEntity
  8
03___PRT_ALL_CURVES
  6
Continuous
 62
     4
100
AcDbSpline
210
0.0
220
0.0
230
1.0
 70
     8
 71
     3
 72
     8
 73
     4
 74
     0
 42
0.0000001
 43
0.0000000001
 40
0.0
 40
0.0
 40
0.0
 40
0.0
 40
1.0
 40
1.0
 40
1.0
 40
1.0
 10
3.613915462020003
 20
59.57162346763999
 30
0.0
 10
3.66739432128
 20
59.55825375345998
 30
0.0
 10
3.709413307599988
 20
59.54201906914003
 30
0.0
 10
3.737867716020048
 20
59.52450869775998
 30
0.0
  0
SPLINE
  5
3C3
330
2AF
100
AcDbEntity
  8
03___PRT_ALL_CURVES
  6
Continuous
 62
     4
100
AcDbSpline
210
0.0
220
0.0
230
1.0
 70
     8
 71
     3
 72
     8
 73
     4
 74
     0
 42
0.0000001
 43
0.0000000001
 40
0.0
 40
0.0
 40
0.0
 40
0.0
 40
1.0
 40
1.0
 40
1.0
 40
1.0
 10
3.737867716020048
 20
59.52450869775998
 30
0.0
 10
3.783901827660031
 20
59.49618007014001
 30
0.0
 10
3.820191043880044
 20
59.45798088821996
 30
0.0
 10
3.845975457640009
 20
59.41118685429996
 30
0.0
  0
SPLINE
  5
3C4
330
2AF
100
AcDbEntity
  8
03___PRT_ALL_CURVES
  6
Continuous
 62
     4
100
AcDbSpline
210
0.0
220
0.0
230
1.0
 70
     8
 71
     3
 72
     8
 73
     4
 74
     0
 42
0.0000001
 43
0.0000000001
 40
0.0
 40
0.0
 40
0.0
 40
0.0
 40
1.0
 40
1.0
 40
1.0
 40
1.0
 10
3.845975457640009
 20
59.41118685429996
 30
0.0
 10
3.871759812980002
 20
59.36439292452002
 30
0.0
 10
3.885129613520036
 20
59.30900409701999
 30
0.0
 10
3.885129613520036
 20
59.24406548674
 30
0.0
  0
SPLINE
  5
3C5
330
2AF
100
AcDbEntity
  8
03___PRT_ALL_CURVES
  6
Continuous
 62
     4
100
AcDbSpline
210
0.0
220
0.0
230
1.0
 70
     8
 71
     3
 72
     8
 73
     4
 74
     0
 42
0.0000001
 43
0.0000000001
 40
0.0
 40
0.0
 40
0.0
 40
0.0
 40
1.0
 40
1.0
 40
1.0
 40
1.0
 10
3.885129613520036
 20
59.24406548674
 30
0.0
 10
3.885129613520036
 20
59.16193723088
 30
0.0
 10
3.863164991460025
 20
59.08362892419999
 30
0.0
 10
3.820785208300009
 20
59.00934518910003
 30
0.0
  0
SPLINE
  5
3C6
330
2AF
100
AcDbEntity
  8
03___PRT_ALL_CURVES
  6
Continuous
 62
     4
100
AcDbSpline
210
0.0
220
0.0
230
1.0
 70
     8
 71
     3
 72
     8
 73
     4
 74
     0
 42
0.0000001
 43
0.0000000001
 40
0.0
 40
0.0
 40
0.0
 40
0.0
 40
1.0
 40
1.0
 40
1.0
 40
1.0
 10
3.820785208300009
 20
59.00934518910003
 30
0.0
 10
3.778171889920031
 20
58.93465211268
 30
0.0
 10
3.71705316786003
 20
58.87639836075999
 30
0.0
 10
3.636644342140045
 20
58.83667257787997
 30
0.0
  0
SPLINE
  5
3C7
330
2AF
100
AcDbEntity
  8
03___PRT_ALL_CURVES
  6
Continuous
 62
     4
100
AcDbSpline
210
0.0
220
0.0
230
1.0
 70
     8
 71
     3
 72
     8
 73
     4
 74
     0
 42
0.0000001
 43
0.0000000001
 40
0.0
 40
0.0
 40
0.0
 40
0.0
 40
1.0
 40
1.0
 40
1.0
 40
1.0
 10
3.636644342140045
 20
58.83667257787997
 30
0.0
 10
3.556616585
 20
58.79713506234
 30
0.0
 10
3.45061382519998
 20
58.77612551075998
 30
0.0
 10
3.320736688460016
 20
58.77612551075998
 30
0.0
  0
SPLINE
  5
3C8
330
2AF
100
AcDbEntity
  8
03___PRT_ALL_CURVES
  6
Continuous
 62
     4
100
AcDbSpline
210
0.0
220
0.0
230
1.0
 70
     8
 71
     3
 72
     8
 73
     4
 74
     0
 42
0.0000001
 43
0.0000000001
 40
0.0
 40
0.0
 40
0.0
 40
0.0
 40
1.0
 40
1.0
 40
1.0
 40
1.0
 10
3.320736688460016
 20
58.77612551075998
 30
0.0
 10
3.192769474240009
 20
58.77612551075998
 30
0.0
 10
3.092496652180017
 20
58.79140518302003
 30
0.0
 10
3.018963103540045
 20
58.82100957643996
 30
0.0
  0
SPLINE
  5
3C9
330
2AF
100
AcDbEntity
  8
03___PRT_ALL_CURVES
  6
Continuous
 62
     4
100
AcDbSpline
210
0.0
220
0.0
230
1.0
 70
     8
 71
     3
 72
     8
 73
     4
 74
     0
 42
0.0000001
 43
0.0000000001
 40
0.0
 40
0.0
 40
0.0
 40
0.0
 40
1.0
 40
1.0
 40
1.0
 40
1.0
 10
3.018963103540045
 20
58.82100957643996
 30
0.0
 10
2.945429699679977
 20
58.85061391144001
 30
0.0
 10
2.885265938880053
 20
58.89454297775998
 30
0.0
 10
2.837517014820037
 20
58.95184174810001
 30
0.0
  0
SPLINE
  5
3CA
330
2AF
100
AcDbEntity
  8
03___PRT_ALL_CURVES
  6
Continuous
 62
     4
100
AcDbSpline
210
0.0
220
0.0
230
1.0
 70
     8
 71
     3
 72
     8
 73
     4
 74
     0
 42
0.0000001
 43
0.0000000001
 40
0.0
 40
0.0
 40
0.0
 40
0.0
 40
1.0
 40
1.0
 40
1.0
 40
1.0
 10
2.837517014820037
 20
58.95184174810001
 30
0.0
 10
2.789768093300012
 20
59.00914050828001
 30
0.0
 10
2.75347887961999
 20
59.08171896104
 30
0.0
 10
2.72864937124001
 20
59.16957709113998
 30
0.0
  0
SPLINE
  5
3CB
330
2AF
100
AcDbEntity
  8
03___PRT_ALL_CURVES
  6
Continuous
 62
     4
100
AcDbSpline
210
0.0
220
0.0
230
1.0
 70
     8
 71
     3
 72
     8
 73
     4
 74
     0
 42
0.0000001
 43
0.0000000001
 40
0.0
 40
0.0
 40
0.0
 40
0.0
 40
1.0
 40
1.0
 40
1.0
 40
1.0
 10
3.11732599038001
 20
59.22114598723999
 30
0.0
 10
3.132605713440029
 20
59.14283766023999
 30
0.0
 10
3.155525296760032
 20
59.08840381685999
 30
0.0
 10
3.187994535860042
 20
59.05784451805999
 30
0.0
  0
SPLINE
  5
3CC
330
2AF
100
AcDbEntity
  8
03___PRT_ALL_CURVES
  6
Continuous
 62
     4
100
AcDbSpline
210
0.0
220
0.0
230
1.0
 70
     8
 71
     3
 72
     8
 73
     4
 74
     0
 42
0.0000001
 43
0.0000000001
 40
0.0
 40
0.0
 40
0.0
 40
0.0
 40
1.0
 40
1.0
 40
1.0
 40
1.0
 10
3.187994535860042
 20
59.05784451805999
 30
0.0
 10
3.220463866399996
 20
59.02728513797999
 30
0.0
 10
3.261527888920028
 20
59.01296043968
 30
0.0
 10
3.311186903140026
 20
59.01296043968
 30
0.0
  0
SPLINE
  5
3CD
330
2AF
100
AcDbEntity
  8
03___PRT_ALL_CURVES
  6
Continuous
 62
     4
100
AcDbSpline
210
0.0
220
0.0
230
1.0
 70
     8
 71
     3
 72
     8
 73
     4
 74
     0
 42
0.0000001
 43
0.0000000001
 40
0.0
 40
0.0
 40
0.0
 40
0.0
 40
1.0
 40
1.0
 40
1.0
 40
1.0
 10
3.311186903140026
 20
59.01296043968
 30
0.0
 10
3.362755839880009
 20
59.01296043968
 30
0.0
 10
3.406684916360035
 20
59.03206003064
 30
0.0
 10
3.441064088140024
 20
59.07025916937999
 30
0.0
  0
SPLINE
  5
3CE
330
2AF
100
AcDbEntity
  8
03___PRT_ALL_CURVES
  6
Continuous
 62
     4
100
AcDbSpline
210
0.0
220
0.0
230
1.0
 70
     8
 71
     3
 72
     8
 73
     4
 74
     0
 42
0.0000001
 43
0.0000000001
 40
0.0
 40
0.0
 40
0.0
 40
0.0
 40
1.0
 40
1.0
 40
1.0
 40
1.0
 10
3.441064088140024
 20
59.07025916937999
 30
0.0
 10
3.475443333580017
 20
59.1084583894
 30
0.0
 10
3.493587940420042
 20
59.15907230392
 30
0.0
 10
3.493587940420042
 20
59.22305595293997
 30
0.0
  0
SPLINE
  5
3CF
330
2AF
100
AcDbEntity
  8
03___PRT_ALL_CURVES
  6
Continuous
 62
     4
100
AcDbSpline
210
0.0
220
0.0
230
1.0
 70
     8
 71
     3
 72
     8
 73
     4
 74
     0
 42
0.0000001
 43
0.0000000001
 40
0.0
 40
0.0
 40
0.0
 40
0.0
 40
1.0
 40
1.0
 40
1.0
 40
1.0
 10
3.493587940420042
 20
59.22305595293997
 30
0.0
 10
3.493587940420042
 20
59.28799456321997
 30
0.0
 10
3.47639829484001
 20
59.33765349362002
 30
0.0
 10
3.442735179540023
 20
59.37372115833998
 30
0.0
  0
SPLINE
  5
3D0
330
2AF
100
AcDbEntity
  8
03___PRT_ALL_CURVES
  6
Continuous
 62
     4
100
AcDbSpline
210
0.0
220
0.0
230
1.0
 70
     8
 71
     3
 72
     8
 73
     4
 74
     0
 42
0.0000001
 43
0.0000000001
 40
0.0
 40
0.0
 40
0.0
 40
0.0
 40
1.0
 40
1.0
 40
1.0
 40
1.0
 10
3.442735179540023
 20
59.37372115833998
 30
0.0
 10
3.409549802680004
 20
59.40927696226001
 30
0.0
 10
3.364665764940014
 20
59.42742156909998
 30
0.0
 10
3.307367055560007
 20
59.42742156909998
 30
0.0
  0
SPLINE
  5
3D1
330
2AF
100
AcDbEntity
  8
03___PRT_ALL_CURVES
  6
Continuous
 62
     4
100
AcDbSpline
210
0.0
220
0.0
230
1.0
 70
     8
 71
     3
 72
     8
 73
     4
 74
     0
 42
0.0000001
 43
0.0000000001
 40
0.0
 40
0.0
 40
0.0
 40
0.0
 40
1.0
 40
1.0
 40
1.0
 40
1.0
 10
3.307367055560007
 20
59.42742156909998
 30
0.0
 10
3.276807611980047
 20
59.42742156909998
 30
0.0
 10
3.234788458020034
 20
59.41978170883999
 30
0.0
 10
3.181309598759981
 20
59.40450202896
 30
0.0
  0
LINE
  5
3D2
330
2AF
100
AcDbEntity
  8
03___PRT_ALL_CURVES
  6
Continuous
 62
     4
100
AcDbLine
 10
3.201364295760015
 20
59.6824011201
 30
0.0
 11
3.251978106140001
 21
59.67762622743999
 31
0.0
  0
SPLINE
  5
3D3
330
2AF
100
AcDbEntity
  8
03___PRT_ALL_CURVES
  6
Continuous
 62
     4
100
AcDbSpline
210
0.0
220
0.0
230
1.0
 70
     8
 71
     3
 72
     8
 73
     4
 74
     0
 42
0.0000001
 43
0.0000000001
 40
0.0
 40
0.0
 40
0.0
 40
0.0
 40
1.0
 40
1.0
 40
1.0
 40
1.0
 10
3.251978106140001
 20
59.67762622743999
 30
0.0
 10
3.30259208162002
 20
59.67762622743999
 30
0.0
 10
3.344611233040013
 20
59.69386082794
 30
0.0
 10
3.378990376880012
 20
59.72633009243995
 30
0.0
  0
SPLINE
  5
3D4
330
2AF
100
AcDbEntity
  8
03___PRT_ALL_CURVES
  6
Continuous
 62
     4
100
AcDbSpline
210
0.0
220
0.0
230
1.0
 70
     8
 71
     3
 72
     8
 73
     4
 74
     0
 42
0.0000001
 43
0.0000000001
 40
0.0
 40
0.0
 40
0.0
 40
0.0
 40
1.0
 40
1.0
 40
1.0
 40
1.0
 10
3.378990376880012
 20
59.72633009243995
 30
0.0
 10
3.413369650259995
 20
59.75879948139999
 30
0.0
 10
3.430559295840027
 20
59.79699862013999
 30
0.0
 10
3.430559295840027
 20
59.84188265788001
 30
0.0
  0
SPLINE
  5
3D5
330
2AF
100
AcDbEntity
  8
03___PRT_ALL_CURVES
  6
Continuous
 62
     4
100
AcDbSpline
210
0.0
220
0.0
230
1.0
 70
     8
 71
     3
 72
     8
 73
     4
 74
     0
 42
0.0000001
 43
0.0000000001
 40
0.0
 40
0.0
 40
0.0
 40
0.0
 40
1.0
 40
1.0
 40
1.0
 40
1.0
 10
3.430559295840027
 20
59.84188265788001
 30
0.0
 10
3.430559295840027
 20
59.8839018093
 30
0.0
 10
3.417189662940018
 20
59.91828101918
 30
0.0
 10
3.391878151460048
 20
59.94359249002002
 30
0.0
  0
SPLINE
  5
3D6
330
2AF
100
AcDbEntity
  8
03___PRT_ALL_CURVES
  6
Continuous
 62
     4
100
AcDbSpline
210
0.0
220
0.0
230
1.0
 70
     8
 71
     3
 72
     8
 73
     4
 74
     0
 42
0.0000001
 43
0.0000000001
 40
0.0
 40
0.0
 40
0.0
 40
0.0
 40
1.0
 40
1.0
 40
1.0
 40
1.0
 10
3.391878151460048
 20
59.94359249002002
 30
0.0
 10
3.366575687459999
 20
59.96889491083999
 30
0.0
 10
3.331241435040027
 20
59.98226462502001
 30
0.0
 10
3.28731235856003
 20
59.98226462502001
 30
0.0
  0
SPLINE
  5
3D7
330
2AF
100
AcDbEntity
  8
03___PRT_ALL_CURVES
  6
Continuous
 62
     4
100
AcDbSpline
210
0.0
220
0.0
230
1.0
 70
     8
 71
     3
 72
     8
 73
     4
 74
     0
 42
0.0000001
 43
0.0000000001
 40
0.0
 40
0.0
 40
0.0
 40
0.0
 40
1.0
 40
1.0
 40
1.0
 40
1.0
 10
3.28731235856003
 20
59.98226462502001
 30
0.0
 10
3.241473359560018
 20
59.98226462502001
 30
0.0
 10
3.204229182079985
 20
59.96793994958
 30
0.0
 10
3.175579828660034
 20
59.94024555741998
 30
0.0
  0
SPLINE
  5
3D8
330
2AF
100
AcDbEntity
  8
03___PRT_ALL_CURVES
  6
Continuous
 62
     4
100
AcDbSpline
210
0.0
220
0.0
230
1.0
 70
     8
 71
     3
 72
     8
 73
     4
 74
     0
 42
0.0000001
 43
0.0000000001
 40
0.0
 40
0.0
 40
0.0
 40
0.0
 40
1.0
 40
1.0
 40
1.0
 40
1.0
 10
3.175579828660034
 20
59.94024555741998
 30
0.0
 10
3.146930472700006
 20
59.91255116525997
 30
0.0
 10
3.1268757757
 20
59.86384719611999
 30
0.0
 10
3.11732599038001
 20
59.79508869508001
 30
0.0
  0
SPLINE
  5
3D9
330
2AF
100
AcDbEntity
  8
03___PRT_ALL_CURVES
  6
Continuous
 62
     4
100
AcDbSpline
210
0.0
220
0.0
230
1.0
 70
     8
 71
     3
 72
     8
 73
     4
 74
     0
 42
0.0000001
 43
0.0000000001
 40
0.0
 40
0.0
 40
0.0
 40
0.0
 40
1.0
 40
1.0
 40
1.0
 40
1.0
 10
1.922169196040045
 20
56.23301501152
 30
0.0
 10
1.858185590200009
 20
56.18431104491995
 30
0.0
 10
1.796111904339995
 20
56.14515686109999
 30
0.0
 10
1.737094803680009
 20
56.11517237954001
 30
0.0
  0
SPLINE
  5
3DA
330
2AF
100
AcDbEntity
  8
03___PRT_ALL_CURVES
  6
Continuous
 62
     4
100
AcDbSpline
210
0.0
220
0.0
230
1.0
 70
     8
 71
     3
 72
     8
 73
     4
 74
     0
 42
0.0000001
 43
0.0000000001
 40
0.0
 40
0.0
 40
0.0
 40
0.0
 40
1.0
 40
1.0
 40
1.0
 40
1.0
 10
1.737094803680009
 20
56.11517237954001
 30
0.0
 10
1.677694455120019
 20
56.08499318412001
 30
0.0
 10
1.603206039200018
 20
56.05634382816001
 30
0.0
 10
1.513437961179989
 20
56.02960439980001
 30
0.0
  0
SPLINE
  5
3DB
330
2AF
100
AcDbEntity
  8
03___PRT_ALL_CURVES
  6
Continuous
 62
     4
100
AcDbSpline
210
0.0
220
0.0
230
1.0
 70
     8
 71
     3
 72
     8
 73
     4
 74
     0
 42
0.0000001
 43
0.0000000001
 40
0.0
 40
0.0
 40
0.0
 40
0.0
 40
1.0
 40
1.0
 40
1.0
 40
1.0
 10
1.513437961179989
 20
56.34856755663998
 30
0.0
 10
1.645225149980007
 20
56.39058662677999
 30
0.0
 10
1.748362939640003
 20
56.44215556352
 30
0.0
 10
1.821939198380022
 20
56.50226686315997
 30
0.0
  0
SPLINE
  5
3DC
330
2AF
100
AcDbEntity
  8
03___PRT_ALL_CURVES
  6
Continuous
 62
     4
100
AcDbSpline
210
0.0
220
0.0
230
1.0
 70
     8
 71
     3
 72
     8
 73
     4
 74
     0
 42
0.0000001
 43
0.0000000001
 40
0.0
 40
0.0
 40
0.0
 40
0.0
 40
1.0
 40
1.0
 40
1.0
 40
1.0
 10
1.821939198380022
 20
56.50226686315997
 30
0.0
 10
1.89447480388003
 20
56.56152795622
 30
0.0
 10
1.951773553900011
 20
56.63601639245996
 30
0.0
 10
1.993792664680029
 20
56.72387454541996
 30
0.0
  0
SPLINE
  5
3DD
330
2AF
100
AcDbEntity
  8
03___PRT_ALL_CURVES
  6
Continuous
 62
     4
100
AcDbSpline
210
0.0
220
0.0
230
1.0
 70
     8
 71
     3
 72
     8
 73
     4
 74
     0
 42
0.0000001
 43
0.0000000001
 40
0.0
 40
0.0
 40
0.0
 40
0.0
 40
1.0
 40
1.0
 40
1.0
 40
1.0
 10
3.160777610360014
 20
56.17953615226
 30
0.0
 10
3.20375172558002
 20
56.19959068162001
 30
0.0
 10
3.246725838259977
 20
56.21487040468
 30
0.0
 10
3.288855212980025
 20
56.22492399391999
 30
0.0
  0
SPLINE
  5
3DE
330
2AF
100
AcDbEntity
  8
03___PRT_ALL_CURVES
  6
Continuous
 62
     4
100
AcDbSpline
210
0.0
220
0.0
230
1.0
 70
     8
 71
     3
 72
     8
 73
     4
 74
     0
 42
0.0000001
 43
0.0000000001
 40
0.0
 40
0.0
 40
0.0
 40
0.0
 40
1.0
 40
1.0
 40
1.0
 40
1.0
 10
3.288855212980025
 20
56.22492399391999
 30
0.0
 10
3.330763978540006
 20
56.23492493658
 30
0.0
 10
3.372783129960027
 20
56.24065487432
 30
0.0
 10
3.414802283920011
 20
56.24065487432
 30
0.0
  0
SPLINE
  5
3DF
330
2AF
100
AcDbEntity
  8
03___PRT_ALL_CURVES
  6
Continuous
 62
     4
100
AcDbSpline
210
0.0
220
0.0
230
1.0
 70
     8
 71
     3
 72
     8
 73
     4
 74
     0
 42
0.0000001
 43
0.0000000001
 40
0.0
 40
0.0
 40
0.0
 40
0.0
 40
1.0
 40
1.0
 40
1.0
 40
1.0
 10
3.414802283920011
 20
56.24065487432
 30
0.0
 10
3.554229205980022
 20
56.24065487432
 30
0.0
 10
3.667871826039999
 20
56.19768075909997
 30
0.0
 10
3.755261892560014
 20
56.11315588877997
 30
0.0
  0
SPLINE
  5
3E0
330
2AF
100
AcDbEntity
  8
03___PRT_ALL_CURVES
  6
Continuous
 62
     4
100
AcDbSpline
210
0.0
220
0.0
230
1.0
 70
     8
 71
     3
 72
     8
 73
     4
 74
     0
 42
0.0000001
 43
0.0000000001
 40
0.0
 40
0.0
 40
0.0
 40
0.0
 40
1.0
 40
1.0
 40
1.0
 40
1.0
 10
3.755261892560014
 20
56.11315588877997
 30
0.0
 10
3.842633003060001
 20
56.02864935471999
 30
0.0
 10
3.886562079540028
 20
55.92169167430001
 30
0.0
 10
3.886562079540028
 20
55.79372441689998
 30
0.0
  0
SPLINE
  5
3E1
330
2AF
100
AcDbEntity
  8
03___PRT_ALL_CURVES
  6
Continuous
 62
     4
100
AcDbSpline
210
0.0
220
0.0
230
1.0
 70
     8
 71
     3
 72
     8
 73
     4
 74
     0
 42
0.0000001
 43
0.0000000001
 40
0.0
 40
0.0
 40
0.0
 40
0.0
 40
1.0
 40
1.0
 40
1.0
 40
1.0
 10
3.886562079540028
 20
55.79372441689998
 30
0.0
 10
3.886562079540028
 20
55.70300138016
 30
0.0
 10
3.863642661320029
 20
55.61609823164
 30
0.0
 10
3.818957546219991
 20
55.53290785700003
 30
0.0
  0
SPLINE
  5
3E2
330
2AF
100
AcDbEntity
  8
03___PRT_ALL_CURVES
  6
Continuous
 62
     4
100
AcDbSpline
210
0.0
220
0.0
230
1.0
 70
     8
 71
     3
 72
     8
 73
     4
 74
     0
 42
0.0000001
 43
0.0000000001
 40
0.0
 40
0.0
 40
0.0
 40
0.0
 40
1.0
 40
1.0
 40
1.0
 40
1.0
 10
3.818957546219991
 20
55.53290785700003
 30
0.0
 10
3.773874585840019
 20
55.44897681073996
 30
0.0
 10
3.70989098000004
 20
55.38594815600001
 30
0.0
 10
3.627762617460007
 20
55.34201906427998
 30
0.0
  0
SPLINE
  5
3E3
330
2AF
100
AcDbEntity
  8
03___PRT_ALL_CURVES
  6
Continuous
 62
     4
100
AcDbSpline
210
0.0
220
0.0
230
1.0
 70
     8
 71
     3
 72
     8
 73
     4
 74
     0
 42
0.0000001
 43
0.0000000001
 40
0.0
 40
0.0
 40
0.0
 40
0.0
 40
1.0
 40
1.0
 40
1.0
 40
1.0
 10
3.627762617460007
 20
55.34201906427998
 30
0.0
 10
3.545634381919996
 20
55.29809004114
 30
0.0
 10
3.439631622120032
 20
55.27612551306001
 30
0.0
 10
3.311664407900025
 20
55.27612551306001
 30
0.0
  0
SPLINE
  5
3E4
330
2AF
100
AcDbEntity
  8
03___PRT_ALL_CURVES
  6
Continuous
 62
     4
100
AcDbSpline
210
0.0
220
0.0
230
1.0
 70
     8
 71
     3
 72
     8
 73
     4
 74
     0
 42
0.0000001
 43
0.0000000001
 40
0.0
 40
0.0
 40
0.0
 40
0.0
 40
1.0
 40
1.0
 40
1.0
 40
1.0
 10
3.311664407900025
 20
55.27612551306001
 30
0.0
 10
3.219031446100018
 20
55.27612551306001
 30
0.0
 10
3.139768117199992
 20
55.285675306
 30
0.0
 10
3.07398683398003
 20
55.30235895817998
 30
0.0
  0
SPLINE
  5
3E5
330
2AF
100
AcDbEntity
  8
03___PRT_ALL_CURVES
  6
Continuous
 62
     4
100
AcDbSpline
210
0.0
220
0.0
230
1.0
 70
     8
 71
     3
 72
     8
 73
     4
 74
     0
 42
0.0000001
 43
0.0000000001
 40
0.0
 40
0.0
 40
0.0
 40
0.0
 40
1.0
 40
1.0
 40
1.0
 40
1.0
 10
3.07398683398003
 20
55.30235895817998
 30
0.0
 10
3.007980887760027
 20
55.31909959017997
 30
0.0
 10
2.951637142180005
 20
55.34583901600001
 30
0.0
 10
2.905798140640002
 20
55.38021827921997
 30
0.0
  0
SPLINE
  5
3E6
330
2AF
100
AcDbEntity
  8
03___PRT_ALL_CURVES
  6
Continuous
 62
     4
100
AcDbSpline
210
0.0
220
0.0
230
1.0
 70
     8
 71
     3
 72
     8
 73
     4
 74
     0
 42
0.0000001
 43
0.0000000001
 40
0.0
 40
0.0
 40
0.0
 40
0.0
 40
1.0
 40
1.0
 40
1.0
 40
1.0
 10
2.905798140640002
 20
55.38021827921997
 30
0.0
 10
2.85995914418001
 20
55.41459753989997
 30
0.0
 10
2.822714966700033
 20
55.45470668752
 30
0.0
 10
2.794065504060001
 20
55.49863577924
 30
0.0
  0
SPLINE
  5
3E7
330
2AF
100
AcDbEntity
  8
03___PRT_ALL_CURVES
  6
Continuous
 62
     4
100
AcDbSpline
210
0.0
220
0.0
230
1.0
 70
     8
 71
     3
 72
     8
 73
     4
 74
     0
 42
0.0000001
 43
0.0000000001
 40
0.0
 40
0.0
 40
0.0
 40
0.0
 40
1.0
 40
1.0
 40
1.0
 40
1.0
 10
2.794065504060001
 20
55.49863577924
 30
0.0
 10
2.765416092220022
 20
55.54256479729997
 30
0.0
 10
2.741541628920032
 20
55.59699864068
 30
0.0
 10
2.722442060820015
 20
55.66289223507999
 30
0.0
  0
SPLINE
  5
3E8
330
2AF
100
AcDbEntity
  8
03___PRT_ALL_CURVES
  6
Continuous
 62
     4
100
AcDbSpline
210
0.0
220
0.0
230
1.0
 70
     8
 71
     3
 72
     8
 73
     4
 74
     0
 42
0.0000001
 43
0.0000000001
 40
0.0
 40
0.0
 40
0.0
 40
0.0
 40
1.0
 40
1.0
 40
1.0
 40
1.0
 10
3.115893572620024
 20
55.70586630712
 30
0.0
 10
3.125443357940043
 20
55.64283766000003
 30
0.0
 10
3.147407977460034
 20
55.59413369340001
 30
0.0
 10
3.182521209239979
 20
55.56142549363997
 30
0.0
  0
SPLINE
  5
3E9
330
2AF
100
AcDbEntity
  8
03___PRT_ALL_CURVES
  6
Continuous
 62
     4
100
AcDbSpline
210
0.0
220
0.0
230
1.0
 70
     8
 71
     3
 72
     8
 73
     4
 74
     0
 42
0.0000001
 43
0.0000000001
 40
0.0
 40
0.0
 40
0.0
 40
0.0
 40
1.0
 40
1.0
 40
1.0
 40
1.0
 10
3.182521209239979
 20
55.56142549363997
 30
0.0
 10
3.217121523580005
 20
55.52919508312002
 30
0.0
 10
3.259140509900021
 20
55.51296043944001
 30
0.0
 10
3.307844560320035
 20
55.51296043944001
 30
0.0
  0
SPLINE
  5
3EA
330
2AF
100
AcDbEntity
  8
03___PRT_ALL_CURVES
  6
Continuous
 62
     4
100
AcDbSpline
210
0.0
220
0.0
230
1.0
 70
     8
 71
     3
 72
     8
 73
     4
 74
     0
 42
0.0000001
 43
0.0000000001
 40
0.0
 40
0.0
 40
0.0
 40
0.0
 40
1.0
 40
1.0
 40
1.0
 40
1.0
 10
3.307844560320035
 20
55.51296043944001
 30
0.0
 10
3.361323422120023
 20
55.51296043944001
 30
0.0
 10
3.406207459860042
 20
55.53301501197996
 30
0.0
 10
3.441541707200003
 20
55.5740791234
 30
0.0
  0
SPLINE
  5
3EB
330
2AF
100
AcDbEntity
  8
03___PRT_ALL_CURVES
  6
Continuous
 62
     4
100
AcDbSpline
210
0.0
220
0.0
230
1.0
 70
     8
 71
     3
 72
     8
 73
     4
 74
     0
 42
0.0000001
 43
0.0000000001
 40
0.0
 40
0.0
 40
0.0
 40
0.0
 40
1.0
 40
1.0
 40
1.0
 40
1.0
 10
3.441541707200003
 20
55.5740791234
 30
0.0
 10
3.476875967240005
 20
55.61514324752002
 30
0.0
 10
3.495020574080002
 20
55.67626194925998
 30
0.0
 10
3.495020574080002
 20
55.75839016447998
 30
0.0
  0
SPLINE
  5
3EC
330
2AF
100
AcDbEntity
  8
03___PRT_ALL_CURVES
  6
Continuous
 62
     4
100
AcDbSpline
210
0.0
220
0.0
230
1.0
 70
     8
 71
     3
 72
     8
 73
     4
 74
     0
 42
0.0000001
 43
0.0000000001
 40
0.0
 40
0.0
 40
0.0
 40
0.0
 40
1.0
 40
1.0
 40
1.0
 40
1.0
 10
3.495020574080002
 20
55.75839016447998
 30
0.0
 10
3.495020574080002
 20
55.8414733816
 30
0.0
 10
3.476875967240005
 20
55.90259210366
 30
0.0
 10
3.441043666539997
 20
55.94129097470002
 30
0.0
  0
SPLINE
  5
3ED
330
2AF
100
AcDbEntity
  8
03___PRT_ALL_CURVES
  6
Continuous
 62
     4
100
AcDbSpline
210
0.0
220
0.0
230
1.0
 70
     8
 71
     3
 72
     8
 73
     4
 74
     0
 42
0.0000001
 43
0.0000000001
 40
0.0
 40
0.0
 40
0.0
 40
0.0
 40
1.0
 40
1.0
 40
1.0
 40
1.0
 10
3.441043666539997
 20
55.94129097470002
 30
0.0
 10
3.405252498599992
 20
55.97994542622001
 30
0.0
 10
3.358458370700021
 20
55.99999999876002
 30
0.0
 10
3.2992497388
 20
55.99999999876002
 30
0.0
  0
SPLINE
  5
3EE
330
2AF
100
AcDbEntity
  8
03___PRT_ALL_CURVES
  6
Continuous
 62
     4
100
AcDbSpline
210
0.0
220
0.0
230
1.0
 70
     8
 71
     3
 72
     8
 73
     4
 74
     0
 42
0.0000001
 43
0.0000000001
 40
0.0
 40
0.0
 40
0.0
 40
0.0
 40
1.0
 40
1.0
 40
1.0
 40
1.0
 10
3.2992497388
 20
55.99999999876002
 30
0.0
 10
3.261050600060031
 20
55.99999999876002
 30
0.0
 10
3.224761216199994
 20
55.99045021597999
 30
0.0
 10
3.190210320099993
 20
55.97263486934
 30
0.0
  0
SPLINE
  5
3EF
330
2AF
100
AcDbEntity
  8
03___PRT_ALL_CURVES
  6
Continuous
 62
     4
100
AcDbSpline
210
0.0
220
0.0
230
1.0
 70
     8
 71
     3
 72
     8
 73
     4
 74
     0
 42
0.0000001
 43
0.0000000001
 40
0.0
 40
0.0
 40
0.0
 40
0.0
 40
1.0
 40
1.0
 40
1.0
 40
1.0
 10
3.190210320099993
 20
55.97263486934
 30
0.0
 10
3.163642661780017
 20
55.95893589241999
 30
0.0
 10
3.134993140720013
 20
55.93410642722
 30
0.0
 10
3.104433864779992
 20
55.89972713606002
 30
0.0
  0
SPLINE
  5
3F0
330
2AF
100
AcDbEntity
  8
03___PRT_ALL_CURVES
  6
Continuous
 62
     4
100
AcDbSpline
210
0.0
220
0.0
230
1.0
 70
     8
 71
     3
 72
     8
 73
     4
 74
     0
 42
0.0000001
 43
0.0000000001
 40
0.0
 40
0.0
 40
0.0
 40
0.0
 40
1.0
 40
1.0
 40
1.0
 40
1.0
 10
1.925034153480027
 20
52.73301501127997
 30
0.0
 10
1.861050545099999
 20
52.68431104467999
 30
0.0
 10
1.798976861780005
 20
52.64515686086
 30
0.0
 10
1.739959761119991
 20
52.61517237929999
 30
0.0
  0
SPLINE
  5
3F1
330
2AF
100
AcDbEntity
  8
03___PRT_ALL_CURVES
  6
Continuous
 62
     4
100
AcDbSpline
210
0.0
220
0.0
230
1.0
 70
     8
 71
     3
 72
     8
 73
     4
 74
     0
 42
0.0000001
 43
0.0000000001
 40
0.0
 40
0.0
 40
0.0
 40
0.0
 40
1.0
 40
1.0
 40
1.0
 40
1.0
 10
1.739959761119991
 20
52.61517237929999
 30
0.0
 10
1.68055941002001
 20
52.58499318387996
 30
0.0
 10
1.606070994100008
 20
52.55634383045998
 30
0.0
 10
1.516302918620028
 20
52.52960439955999
 30
0.0
  0
SPLINE
  5
3F2
330
2AF
100
AcDbEntity
  8
03___PRT_ALL_CURVES
  6
Continuous
 62
     4
100
AcDbSpline
210
0.0
220
0.0
230
1.0
 70
     8
 71
     3
 72
     8
 73
     4
 74
     0
 42
0.0000001
 43
0.0000000001
 40
0.0
 40
0.0
 40
0.0
 40
0.0
 40
1.0
 40
1.0
 40
1.0
 40
1.0
 10
1.516302918620028
 20
52.84856755639998
 30
0.0
 10
1.648090104880026
 20
52.89058662654003
 30
0.0
 10
1.751227897080014
 20
52.94215556328001
 30
0.0
 10
1.824804155820004
 20
53.00226686291998
 30
0.0
  0
SPLINE
  5
3F3
330
2AF
100
AcDbEntity
  8
03___PRT_ALL_CURVES
  6
Continuous
 62
     4
100
AcDbSpline
210
0.0
220
0.0
230
1.0
 70
     8
 71
     3
 72
     8
 73
     4
 74
     0
 42
0.0000001
 43
0.0000000001
 40
0.0
 40
0.0
 40
0.0
 40
0.0
 40
1.0
 40
1.0
 40
1.0
 40
1.0
 10
1.824804155820004
 20
53.00226686291998
 30
0.0
 10
1.897339761320012
 20
53.06152795597998
 30
0.0
 10
1.954638511340022
 20
53.13601639222
 30
0.0
 10
1.996657622120011
 20
53.22387454518
 30
0.0
  0
SPLINE
  5
3F4
330
2AF
100
AcDbEntity
  8
03___PRT_ALL_CURVES
  6
Continuous
 62
     4
100
AcDbSpline
210
0.0
220
0.0
230
1.0
 70
     8
 71
     3
 72
     8
 73
     4
 74
     0
 42
0.0000001
 43
0.0000000001
 40
0.0
 40
0.0
 40
0.0
 40
0.0
 40
1.0
 40
1.0
 40
1.0
 40
1.0
 10
3.883697264340043
 20
52.93738058679997
 30
0.0
 10
3.784379238440039
 20
52.84761251131997
 30
0.0
 10
3.702251023219986
 20
52.75115962066002
 30
0.0
 10
3.636459285360019
 20
52.64795686541999
 30
0.0
  0
SPLINE
  5
3F5
330
2AF
100
AcDbEntity
  8
03___PRT_ALL_CURVES
  6
Continuous
 62
     4
100
AcDbSpline
210
0.0
220
0.0
230
1.0
 70
     8
 71
     3
 72
     8
 73
     4
 74
     0
 42
0.0000001
 43
0.0000000001
 40
0.0
 40
0.0
 40
0.0
 40
0.0
 40
1.0
 40
1.0
 40
1.0
 40
1.0
 10
3.636459285360019
 20
52.64795686541999
 30
0.0
 10
3.556139199619992
 20
52.52196453675998
 30
0.0
 10
3.492155593780012
 20
52.38158252897998
 30
0.0
 10
3.445495514380042
 20
52.22712149678
 30
0.0
  0
SPLINE
  5
3F6
330
2AF
100
AcDbEntity
  8
03___PRT_ALL_CURVES
  6
Continuous
 62
     4
100
AcDbSpline
210
0.0
220
0.0
230
1.0
 70
     8
 71
     3
 72
     8
 73
     4
 74
     0
 42
0.0000001
 43
0.0000000001
 40
0.0
 40
0.0
 40
0.0
 40
0.0
 40
1.0
 40
1.0
 40
1.0
 40
1.0
 10
3.445495514380042
 20
52.22712149678
 30
0.0
 10
3.409072417299996
 20
52.10654842576
 30
0.0
 10
3.384242908920015
 20
51.96425648275999
 30
0.0
 10
3.371828239820019
 20
51.79999999897998
 30
0.0
  0
SPLINE
  5
3F7
330
2AF
100
AcDbEntity
  8
03___PRT_ALL_CURVES
  6
Continuous
 62
     4
100
AcDbSpline
210
0.0
220
0.0
230
1.0
 70
     8
 71
     3
 72
     8
 73
     4
 74
     0
 42
0.0000001
 43
0.0000000001
 40
0.0
 40
0.0
 40
0.0
 40
0.0
 40
1.0
 40
1.0
 40
1.0
 40
1.0
 10
2.984106414300015
 20
51.79999999897998
 30
0.0
 10
3.014665860420024
 20
52.02824009875999
 30
0.0
 10
3.062414781940021
 20
52.22019098485998
 30
0.0
 10
3.127903540980014
 20
52.37506944827999
 30
0.0
  0
SPLINE
  5
3F8
330
2AF
100
AcDbEntity
  8
03___PRT_ALL_CURVES
  6
Continuous
 62
     4
100
AcDbSpline
210
0.0
220
0.0
230
1.0
 70
     8
 71
     3
 72
     8
 73
     4
 74
     0
 42
0.0000001
 43
0.0000000001
 40
0.0
 40
0.0
 40
0.0
 40
0.0
 40
1.0
 40
1.0
 40
1.0
 40
1.0
 10
3.127903540980014
 20
52.37506944827999
 30
0.0
 10
3.193247050119993
 20
52.52960439955999
 30
0.0
 10
3.297339719759975
 20
52.69481579125997
 30
0.0
 10
3.439631693239988
 20
52.87148705589999
 30
0.0
  0
SPLINE
  5
3F9
330
2AF
100
AcDbEntity
  8
03___PRT_ALL_CURVES
  6
Continuous
 62
     4
100
AcDbSpline
210
0.0
220
0.0
230
1.0
 70
     8
 71
     3
 72
     8
 73
     4
 74
     0
 42
0.0000001
 43
0.0000000001
 40
0.0
 40
0.0
 40
0.0
 40
0.0
 40
1.0
 40
1.0
 40
1.0
 40
1.0
 10
1.925511587120013
 20
49.08301501131999
 30
0.0
 10
1.861527978740014
 20
49.03431104472
 30
0.0
 10
1.79945429542002
 20
48.99515686089998
 30
0.0
 10
1.740437192220014
 20
48.96517237934
 30
0.0
  0
SPLINE
  5
3FA
330
2AF
100
AcDbEntity
  8
03___PRT_ALL_CURVES
  6
Continuous
 62
     4
100
AcDbSpline
210
0.0
220
0.0
230
1.0
 70
     8
 71
     3
 72
     8
 73
     4
 74
     0
 42
0.0000001
 43
0.0000000001
 40
0.0
 40
0.0
 40
0.0
 40
0.0
 40
1.0
 40
1.0
 40
1.0
 40
1.0
 10
1.740437192220014
 20
48.96517237934
 30
0.0
 10
1.681036843659996
 20
48.93499318392
 30
0.0
 10
1.606548427740023
 20
48.90634383049999
 30
0.0
 10
1.516780352260014
 20
48.8796043996
 30
0.0
  0
SPLINE
  5
3FB
330
2AF
100
AcDbEntity
  8
03___PRT_ALL_CURVES
  6
Continuous
 62
     4
100
AcDbSpline
210
0.0
220
0.0
230
1.0
 70
     8
 71
     3
 72
     8
 73
     4
 74
     0
 42
0.0000001
 43
0.0000000001
 40
0.0
 40
0.0
 40
0.0
 40
0.0
 40
1.0
 40
1.0
 40
1.0
 40
1.0
 10
1.516780352260014
 20
49.19856755643997
 30
0.0
 10
1.648567538520012
 20
49.24058662658001
 30
0.0
 10
1.75170533072
 20
49.29215556331999
 30
0.0
 10
1.825281586920028
 20
49.35226686295997
 30
0.0
  0
SPLINE
  5
3FC
330
2AF
100
AcDbEntity
  8
03___PRT_ALL_CURVES
  6
Continuous
 62
     4
100
AcDbSpline
210
0.0
220
0.0
230
1.0
 70
     8
 71
     3
 72
     8
 73
     4
 74
     0
 42
0.0000001
 43
0.0000000001
 40
0.0
 40
0.0
 40
0.0
 40
0.0
 40
1.0
 40
1.0
 40
1.0
 40
1.0
 10
1.825281586920028
 20
49.35226686295997
 30
0.0
 10
1.897817194959998
 20
49.41152795602
 30
0.0
 10
1.955115944980037
 20
49.48601639226001
 30
0.0
 10
1.997135055759998
 20
49.57387454522001
 30
0.0
  0
SPLINE
  5
3FD
330
2AF
100
AcDbEntity
  8
03___PRT_ALL_CURVES
  6
Continuous
 62
     4
100
AcDbSpline
210
0.0
220
0.0
230
1.0
 70
     8
 71
     3
 72
     8
 73
     4
 74
     0
 42
0.0000001
 43
0.0000000001
 40
0.0
 40
0.0
 40
0.0
 40
0.0
 40
1.0
 40
1.0
 40
1.0
 40
1.0
 10
3.145975392060024
 20
48.51289223487998
 30
0.0
 10
3.155525177380014
 20
48.45845839150002
 30
0.0
 10
3.172714822960018
 20
48.42025920958002
 30
0.0
 10
3.197092150380058
 20
48.39779387477998
 30
0.0
  0
SPLINE
  5
3FE
330
2AF
100
AcDbEntity
  8
03___PRT_ALL_CURVES
  6
Continuous
 62
     4
100
AcDbSpline
210
0.0
220
0.0
230
1.0
 70
     8
 71
     3
 72
     8
 73
     4
 74
     0
 42
0.0000001
 43
0.0000000001
 40
0.0
 40
0.0
 40
0.0
 40
0.0
 40
1.0
 40
1.0
 40
1.0
 40
1.0
 10
3.197092150380058
 20
48.39779387477998
 30
0.0
 10
3.221418875920023
 20
48.37537517184001
 30
0.0
 10
3.251023190599994
 20
48.36487040493995
 30
0.0
 10
3.286357443020023
 20
48.36487040493995
 30
0.0
  0
SPLINE
  5
3FF
330
2AF
100
AcDbEntity
  8
03___PRT_ALL_CURVES
  6
Continuous
 62
     4
100
AcDbSpline
210
0.0
220
0.0
230
1.0
 70
     8
 71
     3
 72
     8
 73
     4
 74
     0
 42
0.0000001
 43
0.0000000001
 40
0.0
 40
0.0
 40
0.0
 40
0.0
 40
1.0
 40
1.0
 40
1.0
 40
1.0
 10
3.286357443020023
 20
48.36487040493995
 30
0.0
 10
3.348431128880009
 20
48.36487040493995
 30
0.0
 10
3.397135014199989
 20
48.39638472850001
 30
0.0
 10
3.432084901120021
 20
48.45962731728
 30
0.0
  0
SPLINE
  5
400
330
2AF
100
AcDbEntity
  8
03___PRT_ALL_CURVES
  6
Continuous
 62
     4
100
AcDbSpline
210
0.0
220
0.0
230
1.0
 70
     8
 71
     3
 72
     8
 73
     4
 74
     0
 42
0.0000001
 43
0.0000000001
 40
0.0
 40
0.0
 40
0.0
 40
0.0
 40
1.0
 40
1.0
 40
1.0
 40
1.0
 10
3.432084901120021
 20
48.45962731728
 30
0.0
 10
3.457298772460035
 20
48.50525237208004
 30
0.0
 10
3.476398343100016
 20
48.60361527162001
 30
0.0
 10
3.489768141100001
 20
48.75450202852002
 30
0.0
  0
SPLINE
  5
401
330
2AF
100
AcDbEntity
  8
03___PRT_ALL_CURVES
  6
Continuous
 62
     4
100
AcDbSpline
210
0.0
220
0.0
230
1.0
 70
     8
 71
     3
 72
     8
 73
     4
 74
     0
 42
0.0000001
 43
0.0000000001
 40
0.0
 40
0.0
 40
0.0
 40
0.0
 40
1.0
 40
1.0
 40
1.0
 40
1.0
 10
3.489768141100001
 20
48.75450202852002
 30
0.0
 10
3.442974013200001
 20
48.70675306382
 30
0.0
 10
3.395225089140013
 20
48.67141880885998
 30
0.0
 10
3.346618775380051
 20
48.64923923167999
 30
0.0
  0
SPLINE
  5
402
330
2AF
100
AcDbEntity
  8
03___PRT_ALL_CURVES
  6
Continuous
 62
     4
100
AcDbSpline
210
0.0
220
0.0
230
1.0
 70
     8
 71
     3
 72
     8
 73
     4
 74
     0
 42
0.0000001
 43
0.0000000001
 40
0.0
 40
0.0
 40
0.0
 40
0.0
 40
1.0
 40
1.0
 40
1.0
 40
1.0
 10
3.346618775380051
 20
48.64923923167999
 30
0.0
 10
3.296862189600006
 20
48.62653477111999
 30
0.0
 10
3.240518444020012
 20
48.61603002454001
 30
0.0
 10
3.176534838180004
 20
48.61603002454001
 30
0.0
  0
SPLINE
  5
403
330
2AF
100
AcDbEntity
  8
03___PRT_ALL_CURVES
  6
Continuous
 62
     4
100
AcDbSpline
210
0.0
220
0.0
230
1.0
 70
     8
 71
     3
 72
     8
 73
     4
 74
     0
 42
0.0000001
 43
0.0000000001
 40
0.0
 40
0.0
 40
0.0
 40
0.0
 40
1.0
 40
1.0
 40
1.0
 40
1.0
 10
3.176534838180004
 20
48.61603002454001
 30
0.0
 10
3.05047754648001
 20
48.61603002454001
 30
0.0
 10
2.944474786680018
 20
48.65995906037998
 30
0.0
 10
2.858287727660013
 20
48.74949785767998
 30
0.0
  0
SPLINE
  5
404
330
2AF
100
AcDbEntity
  8
03___PRT_ALL_CURVES
  6
Continuous
 62
     4
100
AcDbSpline
210
0.0
220
0.0
230
1.0
 70
     8
 71
     3
 72
     8
 73
     4
 74
     0
 42
0.0000001
 43
0.0000000001
 40
0.0
 40
0.0
 40
0.0
 40
0.0
 40
1.0
 40
1.0
 40
1.0
 40
1.0
 10
2.858287727660013
 20
48.74949785767998
 30
0.0
 10
2.772578495980014
 20
48.83854025008
 30
0.0
 10
2.72960438075998
 20
48.95122786823998
 30
0.0
 10
2.72960438075998
 20
49.08778990398
 30
0.0
  0
SPLINE
  5
405
330
2AF
100
AcDbEntity
  8
03___PRT_ALL_CURVES
  6
Continuous
 62
     4
100
AcDbSpline
210
0.0
220
0.0
230
1.0
 70
     8
 71
     3
 72
     8
 73
     4
 74
     0
 42
0.0000001
 43
0.0000000001
 40
0.0
 40
0.0
 40
0.0
 40
0.0
 40
1.0
 40
1.0
 40
1.0
 40
1.0
 10
2.72960438075998
 20
49.08778990398
 30
0.0
 10
2.72960438075998
 20
49.1804229496
 30
0.0
 10
2.751568919000022
 20
49.26541613242
 30
0.0
 10
2.795497942140003
 20
49.34181447594
 30
0.0
  0
SPLINE
  5
406
330
2AF
100
AcDbEntity
  8
03___PRT_ALL_CURVES
  6
Continuous
 62
     4
100
AcDbSpline
210
0.0
220
0.0
230
1.0
 70
     8
 71
     3
 72
     8
 73
     4
 74
     0
 42
0.0000001
 43
0.0000000001
 40
0.0
 40
0.0
 40
0.0
 40
0.0
 40
1.0
 40
1.0
 40
1.0
 40
1.0
 10
2.795497942140003
 20
49.34181447594
 30
0.0
 10
2.839426988140019
 20
49.41821285502002
 30
0.0
 10
2.899590748940057
 20
49.47551156185997
 30
0.0
 10
2.976845913200009
 20
49.51485889998
 30
0.0
  0
SPLINE
  5
407
330
2AF
100
AcDbEntity
  8
03___PRT_ALL_CURVES
  6
Continuous
 62
     4
100
AcDbSpline
210
0.0
220
0.0
230
1.0
 70
     8
 71
     3
 72
     8
 73
     4
 74
     0
 42
0.0000001
 43
0.0000000001
 40
0.0
 40
0.0
 40
0.0
 40
0.0
 40
1.0
 40
1.0
 40
1.0
 40
1.0
 10
2.976845913200009
 20
49.51485889998
 30
0.0
 10
3.053342430259988
 20
49.55381984567998
 30
0.0
 10
3.150750368540002
 20
49.57387454522001
 30
0.0
 10
3.267257874920006
 20
49.57387454522001
 30
0.0
  0
SPLINE
  5
408
330
2AF
100
AcDbEntity
  8
03___PRT_ALL_CURVES
  6
Continuous
 62
     4
100
AcDbSpline
210
0.0
220
0.0
230
1.0
 70
     8
 71
     3
 72
     8
 73
     4
 74
     0
 42
0.0000001
 43
0.0000000001
 40
0.0
 40
0.0
 40
0.0
 40
0.0
 40
1.0
 40
1.0
 40
1.0
 40
1.0
 10
3.267257874920006
 20
49.57387454522001
 30
0.0
 10
3.406684796980016
 20
49.57387454522001
 30
0.0
 10
3.519372455780001
 20
49.54904503683997
 30
0.0
 10
3.60425030990001
 20
49.50109146751998
 30
0.0
  0
SPLINE
  5
409
330
2AF
100
AcDbEntity
  8
03___PRT_ALL_CURVES
  6
Continuous
 62
     4
100
AcDbSpline
210
0.0
220
0.0
230
1.0
 70
     8
 71
     3
 72
     8
 73
     4
 74
     0
 42
0.0000001
 43
0.0000000001
 40
0.0
 40
0.0
 40
0.0
 40
0.0
 40
1.0
 40
1.0
 40
1.0
 40
1.0
 10
3.60425030990001
 20
49.50109146751998
 30
0.0
 10
3.688403862699971
 20
49.45354710743999
 30
0.0
 10
3.756207316119998
 20
49.37714866485999
 30
0.0
 10
3.806821291600016
 20
49.27210095013999
 30
0.0
  0
SPLINE
  5
40A
330
2AF
100
AcDbEntity
  8
03___PRT_ALL_CURVES
  6
Continuous
 62
     4
100
AcDbSpline
210
0.0
220
0.0
230
1.0
 70
     8
 71
     3
 72
     8
 73
     4
 74
     0
 42
0.0000001
 43
0.0000000001
 40
0.0
 40
0.0
 40
0.0
 40
0.0
 40
1.0
 40
1.0
 40
1.0
 40
1.0
 10
3.806821291600016
 20
49.27210095013999
 30
0.0
 10
3.857435267080035
 20
49.16705323541996
 30
0.0
 10
3.883219569080012
 20
49.02953615205999
 30
0.0
 10
3.883219569080012
 20
48.85763986136001
 30
0.0
  0
SPLINE
  5
40B
330
2AF
100
AcDbEntity
  8
03___PRT_ALL_CURVES
  6
Continuous
 62
     4
100
AcDbSpline
210
0.0
220
0.0
230
1.0
 70
     8
 71
     3
 72
     8
 73
     4
 74
     0
 42
0.0000001
 43
0.0000000001
 40
0.0
 40
0.0
 40
0.0
 40
0.0
 40
1.0
 40
1.0
 40
1.0
 40
1.0
 10
3.883219569080012
 20
48.85763986136001
 30
0.0
 10
3.883219569080012
 20
48.60457027606
 30
0.0
 10
3.82974087492002
 20
48.41930422800002
 30
0.0
 10
3.723475750900036
 20
48.30207904969998
 30
0.0
  0
SPLINE
  5
40C
330
2AF
100
AcDbEntity
  8
03___PRT_ALL_CURVES
  6
Continuous
 62
     4
100
AcDbSpline
210
0.0
220
0.0
230
1.0
 70
     8
 71
     3
 72
     8
 73
     4
 74
     0
 42
0.0000001
 43
0.0000000001
 40
0.0
 40
0.0
 40
0.0
 40
0.0
 40
1.0
 40
1.0
 40
1.0
 40
1.0
 10
3.723475750900036
 20
48.30207904969998
 30
0.0
 10
3.616780394060015
 20
48.18437926224001
 30
0.0
 10
3.469713444100023
 20
48.12612551285997
 30
0.0
 10
3.281582469080007
 20
48.12612551285997
 30
0.0
  0
SPLINE
  5
40D
330
2AF
100
AcDbEntity
  8
03___PRT_ALL_CURVES
  6
Continuous
 62
     4
100
AcDbSpline
210
0.0
220
0.0
230
1.0
 70
     8
 71
     3
 72
     8
 73
     4
 74
     0
 42
0.0000001
 43
0.0000000001
 40
0.0
 40
0.0
 40
0.0
 40
0.0
 40
1.0
 40
1.0
 40
1.0
 40
1.0
 10
3.281582469080007
 20
48.12612551285997
 30
0.0
 10
3.169849936639991
 20
48.12612551285997
 30
0.0
 10
3.081991786220016
 20
48.1394952245
 30
0.0
 10
3.018106343759996
 20
48.16457618779998
 30
0.0
  0
SPLINE
  5
40E
330
2AF
100
AcDbEntity
  8
03___PRT_ALL_CURVES
  6
Continuous
 62
     4
100
AcDbSpline
210
0.0
220
0.0
230
1.0
 70
     8
 71
     3
 72
     8
 73
     4
 74
     0
 42
0.0000001
 43
0.0000000001
 40
0.0
 40
0.0
 40
0.0
 40
0.0
 40
1.0
 40
1.0
 40
1.0
 40
1.0
 10
3.018106343759996
 20
48.16457618779998
 30
0.0
 10
2.953069608199996
 20
48.19010913902
 30
0.0
 10
2.899590748940057
 20
48.22830832093999
 30
0.0
 10
2.857295309020003
 20
48.27773214893998
 30
0.0
  0
SPLINE
  5
40F
330
2AF
100
AcDbEntity
  8
03___PRT_ALL_CURVES
  6
Continuous
 62
     4
100
AcDbSpline
210
0.0
220
0.0
230
1.0
 70
     8
 71
     3
 72
     8
 73
     4
 74
     0
 42
0.0000001
 43
0.0000000001
 40
0.0
 40
0.0
 40
0.0
 40
0.0
 40
1.0
 40
1.0
 40
1.0
 40
1.0
 10
2.857295309020003
 20
48.27773214893998
 30
0.0
 10
2.814597482300002
 20
48.32762618681997
 30
0.0
 10
2.782128281300032
 20
48.38969987013999
 30
0.0
 10
2.759208695440009
 20
48.46418826574001
 30
0.0
  0
SPLINE
  5
410
330
2AF
100
AcDbEntity
  8
03___PRT_ALL_CURVES
  6
Continuous
 62
     4
100
AcDbSpline
210
0.0
220
0.0
230
1.0
 70
     8
 71
     3
 72
     8
 73
     4
 74
     0
 42
0.0000001
 43
0.0000000001
 40
0.0
 40
0.0
 40
0.0
 40
0.0
 40
1.0
 40
1.0
 40
1.0
 40
1.0
 10
3.475443381840023
 20
49.08874486778001
 30
0.0
 10
3.475443381840023
 20
49.16418826527999
 30
0.0
 10
3.456343811200014
 20
49.22339698100001
 30
0.0
 10
3.418144606420014
 20
49.26637103525999
 30
0.0
  0
SPLINE
  5
411
330
2AF
100
AcDbEntity
  8
03___PRT_ALL_CURVES
  6
Continuous
 62
     4
100
AcDbSpline
210
0.0
220
0.0
230
1.0
 70
     8
 71
     3
 72
     8
 73
     4
 74
     0
 42
0.0000001
 43
0.0000000001
 40
0.0
 40
0.0
 40
0.0
 40
0.0
 40
1.0
 40
1.0
 40
1.0
 40
1.0
 10
3.418144606420014
 20
49.26637103525999
 30
0.0
 10
3.379945366080022
 20
49.30934512508
 30
0.0
 10
3.333151405820018
 20
49.33130966331998
 30
0.0
 10
3.278717582760009
 20
49.33130966331998
 30
0.0
  0
SPLINE
  5
412
330
2AF
100
AcDbEntity
  8
03___PRT_ALL_CURVES
  6
Continuous
 62
     4
100
AcDbSpline
210
0.0
220
0.0
230
1.0
 70
     8
 71
     3
 72
     8
 73
     4
 74
     0
 42
0.0000001
 43
0.0000000001
 40
0.0
 40
0.0
 40
0.0
 40
0.0
 40
1.0
 40
1.0
 40
1.0
 40
1.0
 10
3.278717582760009
 20
49.33130966331998
 30
0.0
 10
3.227148646020026
 20
49.33130966331998
 30
0.0
 10
3.184174698440046
 20
49.31125513395997
 30
0.0
 10
3.150031830480032
 20
49.27284444623999
 30
0.0
  0
SPLINE
  5
413
330
2AF
100
AcDbEntity
  8
03___PRT_ALL_CURVES
  6
Continuous
 62
     4
100
AcDbSpline
210
0.0
220
0.0
230
1.0
 70
     8
 71
     3
 72
     8
 73
     4
 74
     0
 42
0.0000001
 43
0.0000000001
 40
0.0
 40
0.0
 40
0.0
 40
0.0
 40
1.0
 40
1.0
 40
1.0
 40
1.0
 10
3.150031830480032
 20
49.27284444623999
 30
0.0
 10
3.115416116120002
 20
49.23390181139999
 30
0.0
 10
3.099181431799991
 20
49.17564805693999
 30
0.0
 10
3.099181431799991
 20
49.09829465056001
 30
0.0
  0
SPLINE
  5
414
330
2AF
100
AcDbEntity
  8
03___PRT_ALL_CURVES
  6
Continuous
 62
     4
100
AcDbSpline
210
0.0
220
0.0
230
1.0
 70
     8
 71
     3
 72
     8
 73
     4
 74
     0
 42
0.0000001
 43
0.0000000001
 40
0.0
 40
0.0
 40
0.0
 40
0.0
 40
1.0
 40
1.0
 40
1.0
 40
1.0
 10
3.099181431799991
 20
49.09829465056001
 30
0.0
 10
3.099181431799991
 20
49.01998636674
 30
0.0
 10
3.116371077379995
 20
48.95982260593996
 30
0.0
 10
3.151470255340001
 20
48.91855739002
 30
0.0
  0
SPLINE
  5
415
330
2AF
100
AcDbEntity
  8
03___PRT_ALL_CURVES
  6
Continuous
 62
     4
100
AcDbSpline
210
0.0
220
0.0
230
1.0
 70
     8
 71
     3
 72
     8
 73
     4
 74
     0
 42
0.0000001
 43
0.0000000001
 40
0.0
 40
0.0
 40
0.0
 40
0.0
 40
1.0
 40
1.0
 40
1.0
 40
1.0
 10
3.151470255340001
 20
48.91855739002
 30
0.0
 10
3.187039584760015
 20
48.87673942946
 30
0.0
 10
3.230968658699993
 20
48.85668481627999
 30
0.0
 10
3.284447520500038
 20
48.85668481627999
 30
0.0
  0
SPLINE
  5
416
330
2AF
100
AcDbEntity
  8
03___PRT_ALL_CURVES
  6
Continuous
 62
     4
100
AcDbSpline
210
0.0
220
0.0
230
1.0
 70
     8
 71
     3
 72
     8
 73
     4
 74
     0
 42
0.0000001
 43
0.0000000001
 40
0.0
 40
0.0
 40
0.0
 40
0.0
 40
1.0
 40
1.0
 40
1.0
 40
1.0
 10
3.284447520500038
 20
48.85668481627999
 30
0.0
 10
3.33888134355999
 20
48.85668481627999
 30
0.0
 10
3.38472034256003
 20
48.87673942946
 30
0.0
 10
3.421009558780014
 20
48.91684857454001
 30
0.0
  0
SPLINE
  5
417
330
2AF
100
AcDbEntity
  8
03___PRT_ALL_CURVES
  6
Continuous
 62
     4
100
AcDbSpline
210
0.0
220
0.0
230
1.0
 70
     8
 71
     3
 72
     8
 73
     4
 74
     0
 42
0.0000001
 43
0.0000000001
 40
0.0
 40
0.0
 40
0.0
 40
0.0
 40
1.0
 40
1.0
 40
1.0
 40
1.0
 10
3.421009558780014
 20
48.91684857454001
 30
0.0
 10
3.457298772460035
 20
48.95695772215998
 30
0.0
 10
3.475443381840023
 20
49.01425651282
 30
0.0
 10
3.475443381840023
 20
49.08874486778001
 30
0.0
  0
SPLINE
  5
418
330
2AF
100
AcDbEntity
  8
03___PRT_ALL_CURVES
  6
Continuous
 62
     4
100
AcDbSpline
210
0.0
220
0.0
230
1.0
 70
     8
 71
     3
 72
     8
 73
     4
 74
     0
 42
0.0000001
 43
0.0000000001
 40
0.0
 40
0.0
 40
0.0
 40
0.0
 40
1.0
 40
1.0
 40
1.0
 40
1.0
 10
1.592701224040013
 20
44.64999999878
 30
0.0
 10
1.60607093822
 20
44.76459754199999
 30
0.0
 10
1.646180073140016
 20
44.87346520589998
 30
0.0
 10
1.713983620540034
 20
44.97469303239998
 30
0.0
  0
SPLINE
  5
419
330
2AF
100
AcDbEntity
  8
03___PRT_ALL_CURVES
  6
Continuous
 62
     4
100
AcDbSpline
210
0.0
220
0.0
230
1.0
 70
     8
 71
     3
 72
     8
 73
     4
 74
     0
 42
0.0000001
 43
0.0000000001
 40
0.0
 40
0.0
 40
0.0
 40
0.0
 40
1.0
 40
1.0
 40
1.0
 40
1.0
 10
1.713983620540034
 20
44.97469303239998
 30
0.0
 10
1.781787180640009
 20
45.07592087921998
 30
0.0
 10
1.908799453920011
 20
45.19624827382
 30
0.0
 10
2.095985584500028
 20
45.33470658465998
 30
0.0
  0
SPLINE
  5
41A
330
2AF
100
AcDbEntity
  8
03___PRT_ALL_CURVES
  6
Continuous
 62
     4
100
AcDbSpline
210
0.0
220
0.0
230
1.0
 70
     8
 71
     3
 72
     8
 73
     4
 74
     0
 42
0.0000001
 43
0.0000000001
 40
0.0
 40
0.0
 40
0.0
 40
0.0
 40
1.0
 40
1.0
 40
1.0
 40
1.0
 10
2.095985584500028
 20
45.33470658465998
 30
0.0
 10
2.209618003920014
 20
45.41875849936
 30
0.0
 10
2.282196433820019
 20
45.48369715281999
 30
0.0
 10
2.314354538159989
 20
45.5278545372
 30
0.0
  0
SPLINE
  5
41B
330
2AF
100
AcDbEntity
  8
03___PRT_ALL_CURVES
  6
Continuous
 62
     4
100
AcDbSpline
210
0.0
220
0.0
230
1.0
 70
     8
 71
     3
 72
     8
 73
     4
 74
     0
 42
0.0000001
 43
0.0000000001
 40
0.0
 40
0.0
 40
0.0
 40
0.0
 40
1.0
 40
1.0
 40
1.0
 40
1.0
 10
2.314354538159989
 20
45.5278545372
 30
0.0
 10
2.34618004219999
 20
45.57155522195995
 30
0.0
 10
2.362414726520001
 20
45.61261941212001
 30
0.0
 10
2.362414726520001
 20
45.65272847337997
 30
0.0
  0
SPLINE
  5
41C
330
2AF
100
AcDbEntity
  8
03___PRT_ALL_CURVES
  6
Continuous
 62
     4
100
AcDbSpline
210
0.0
220
0.0
230
1.0
 70
     8
 71
     3
 72
     8
 73
     4
 74
     0
 42
0.0000001
 43
0.0000000001
 40
0.0
 40
0.0
 40
0.0
 40
0.0
 40
1.0
 40
1.0
 40
1.0
 40
1.0
 10
2.362414726520001
 20
45.65272847337997
 30
0.0
 10
2.362414726520001
 20
45.69474762733998
 30
0.0
 10
2.34618004219999
 20
45.73103684102
 30
0.0
 10
2.314665718640015
 20
45.76159620331998
 30
0.0
  0
SPLINE
  5
41D
330
2AF
100
AcDbEntity
  8
03___PRT_ALL_CURVES
  6
Continuous
 62
     4
100
AcDbSpline
210
0.0
220
0.0
230
1.0
 70
     8
 71
     3
 72
     8
 73
     4
 74
     0
 42
0.0000001
 43
0.0000000001
 40
0.0
 40
0.0
 40
0.0
 40
0.0
 40
1.0
 40
1.0
 40
1.0
 40
1.0
 10
2.314665718640015
 20
45.76159620331998
 30
0.0
 10
2.283151397620031
 20
45.79215556307997
 30
0.0
 10
2.243997295080021
 20
45.80743520231999
 30
0.0
 10
2.196248289739998
 20
45.80743520231999
 30
0.0
  0
SPLINE
  5
41E
330
2AF
100
AcDbEntity
  8
03___PRT_ALL_CURVES
  6
Continuous
 62
     4
100
AcDbSpline
210
0.0
220
0.0
230
1.0
 70
     8
 71
     3
 72
     8
 73
     4
 74
     0
 42
0.0000001
 43
0.0000000001
 40
0.0
 40
0.0
 40
0.0
 40
0.0
 40
1.0
 40
1.0
 40
1.0
 40
1.0
 10
2.196248289739998
 20
45.80743520231999
 30
0.0
 10
2.146589359340055
 20
45.80743520231999
 30
0.0
 10
2.105525253000025
 20
45.79120051800001
 30
0.0
 10
2.074248734400015
 20
45.76039789735998
 30
0.0
  0
SPLINE
  5
41F
330
2AF
100
AcDbEntity
  8
03___PRT_ALL_CURVES
  6
Continuous
 62
     4
100
AcDbSpline
210
0.0
220
0.0
230
1.0
 70
     8
 71
     3
 72
     8
 73
     4
 74
     0
 42
0.0000001
 43
0.0000000001
 40
0.0
 40
0.0
 40
0.0
 40
0.0
 40
1.0
 40
1.0
 40
1.0
 40
1.0
 10
2.074248734400015
 20
45.76039789735998
 30
0.0
 10
2.042496565239986
 20
45.72912683468002
 30
0.0
 10
2.021487028900026
 20
45.67373805035999
 30
0.0
 10
2.010982241679983
 20
45.59542976654004
 30
0.0
  0
SPLINE
  5
420
330
2AF
100
AcDbEntity
  8
03___PRT_ALL_CURVES
  6
Continuous
 62
     4
100
AcDbSpline
210
0.0
220
0.0
230
1.0
 70
     8
 71
     3
 72
     8
 73
     4
 74
     0
 42
0.0000001
 43
0.0000000001
 40
0.0
 40
0.0
 40
0.0
 40
0.0
 40
1.0
 40
1.0
 40
1.0
 40
1.0
 10
1.62135060794003
 20
45.62694408755999
 30
0.0
 10
1.636630277660032
 20
45.73581173368001
 30
0.0
 10
1.664324692679997
 20
45.82175988029996
 30
0.0
 10
1.705058057999992
 20
45.88309953156002
 30
0.0
  0
SPLINE
  5
421
330
2AF
100
AcDbEntity
  8
03___PRT_ALL_CURVES
  6
Continuous
 62
     4
100
AcDbSpline
210
0.0
220
0.0
230
1.0
 70
     8
 71
     3
 72
     8
 73
     4
 74
     0
 42
0.0000001
 43
0.0000000001
 40
0.0
 40
0.0
 40
0.0
 40
0.0
 40
1.0
 40
1.0
 40
1.0
 40
1.0
 10
1.705058057999992
 20
45.88309953156002
 30
0.0
 10
1.745497944100009
 20
45.9439972406
 30
0.0
 10
1.802796714440035
 20
45.99174624593996
 30
0.0
 10
1.877285115120003
 20
46.02421556886
 30
0.0
  0
SPLINE
  5
422
330
2AF
100
AcDbEntity
  8
03___PRT_ALL_CURVES
  6
Continuous
 62
     4
100
AcDbSpline
210
0.0
220
0.0
230
1.0
 70
     8
 71
     3
 72
     8
 73
     4
 74
     0
 42
0.0000001
 43
0.0000000001
 40
0.0
 40
0.0
 40
0.0
 40
0.0
 40
1.0
 40
1.0
 40
1.0
 40
1.0
 10
1.877285115120003
 20
46.02421556886
 30
0.0
 10
1.951773525960022
 20
46.05668489939995
 30
0.0
 10
2.053956356900045
 20
46.07387454497999
 30
0.0
 10
2.185743502520012
 20
46.07387454497999
 30
0.0
  0
SPLINE
  5
423
330
2AF
100
AcDbEntity
  8
03___PRT_ALL_CURVES
  6
Continuous
 62
     4
100
AcDbSpline
210
0.0
220
0.0
230
1.0
 70
     8
 71
     3
 72
     8
 73
     4
 74
     0
 42
0.0000001
 43
0.0000000001
 40
0.0
 40
0.0
 40
0.0
 40
0.0
 40
1.0
 40
1.0
 40
1.0
 40
1.0
 10
2.185743502520012
 20
46.07387454497999
 30
0.0
 10
2.32230558144002
 20
46.07387454497999
 30
0.0
 10
2.428308341240012
 20
46.05763986065998
 30
0.0
 10
2.504541305360021
 20
46.02667021216001
 30
0.0
  0
SPLINE
  5
424
330
2AF
100
AcDbEntity
  8
03___PRT_ALL_CURVES
  6
Continuous
 62
     4
100
AcDbSpline
210
0.0
220
0.0
230
1.0
 70
     8
 71
     3
 72
     8
 73
     4
 74
     0
 42
0.0000001
 43
0.0000000001
 40
0.0
 40
0.0
 40
0.0
 40
0.0
 40
1.0
 40
1.0
 40
1.0
 40
1.0
 10
2.504541305360021
 20
46.02667021216001
 30
0.0
 10
2.581105061299979
 20
45.99556617733998
 30
0.0
 10
2.640313777019998
 20
45.94781716946
 30
0.0
 10
2.684242833180036
 20
45.88287858712002
 30
0.0
  0
SPLINE
  5
425
330
2AF
100
AcDbEntity
  8
03___PRT_ALL_CURVES
  6
Continuous
 62
     4
100
AcDbSpline
210
0.0
220
0.0
230
1.0
 70
     8
 71
     3
 72
     8
 73
     4
 74
     0
 42
0.0000001
 43
0.0000000001
 40
0.0
 40
0.0
 40
0.0
 40
0.0
 40
1.0
 40
1.0
 40
1.0
 40
1.0
 10
2.684242833180036
 20
45.88287858712002
 30
0.0
 10
2.728171929979993
 20
45.81793994889998
 30
0.0
 10
2.750136384400037
 20
45.74631648025999
 30
0.0
 10
2.750136384400037
 20
45.6660981901
 30
0.0
  0
SPLINE
  5
426
330
2AF
100
AcDbEntity
  8
03___PRT_ALL_CURVES
  6
Continuous
 62
     4
100
AcDbSpline
210
0.0
220
0.0
230
1.0
 70
     8
 71
     3
 72
     8
 73
     4
 74
     0
 42
0.0000001
 43
0.0000000001
 40
0.0
 40
0.0
 40
0.0
 40
0.0
 40
1.0
 40
1.0
 40
1.0
 40
1.0
 10
2.750136384400037
 20
45.6660981901
 30
0.0
 10
2.750136384400037
 20
45.58015004347999
 30
0.0
 10
2.724351998580005
 20
45.49897678952001
 30
0.0
 10
2.674909394900027
 20
45.42148501663999
 30
0.0
  0
SPLINE
  5
427
330
2AF
100
AcDbEntity
  8
03___PRT_ALL_CURVES
  6
Continuous
 62
     4
100
AcDbSpline
210
0.0
220
0.0
230
1.0
 70
     8
 71
     3
 72
     8
 73
     4
 74
     0
 42
0.0000001
 43
0.0000000001
 40
0.0
 40
0.0
 40
0.0
 40
0.0
 40
1.0
 40
1.0
 40
1.0
 40
1.0
 10
2.674909394900027
 20
45.42148501663999
 30
0.0
 10
2.625034137780005
 20
45.34331514250002
 30
0.0
 10
2.534311017220034
 20
45.25832195967999
 30
0.0
 10
2.402344166599988
 20
45.16594514671999
 30
0.0
  0
LINE
  5
428
330
2AF
100
AcDbEntity
  8
03___PRT_ALL_CURVES
  6
Continuous
 62
     4
100
AcDbLine
 10
2.402344166599988
 20
45.16594514671999
 30
0.0
 11
2.245183812899995
 21
45.05175496616002
 31
0.0
  0
LINE
  5
429
330
2AF
100
AcDbEntity
  8
03___PRT_ALL_CURVES
  6
Continuous
 62
     4
100
AcDbLine
 10
2.245183812899995
 20
45.05175496616002
 30
0.0
 11
2.152319213260029
 21
44.96705321277997
 31
0.0
  0
SPLINE
  5
42A
330
2AF
100
AcDbEntity
  8
03___PRT_ALL_CURVES
  6
Continuous
 62
     4
100
AcDbSpline
210
0.0
220
0.0
230
1.0
 70
     8
 71
     3
 72
     8
 73
     4
 74
     0
 42
0.0000001
 43
0.0000000001
 40
0.0
 40
0.0
 40
0.0
 40
0.0
 40
1.0
 40
1.0
 40
1.0
 40
1.0
 10
3.413847251540005
 20
45.58301501362001
 30
0.0
 10
3.349863645700026
 20
45.53431104447998
 30
0.0
 10
3.287789962380003
 20
45.49515686065999
 30
0.0
 10
3.228772777900019
 20
45.46517237402
 30
0.0
  0
SPLINE
  5
42B
330
2AF
100
AcDbEntity
  8
03___PRT_ALL_CURVES
  6
Continuous
 62
     4
100
AcDbSpline
210
0.0
220
0.0
230
1.0
 70
     8
 71
     3
 72
     8
 73
     4
 74
     0
 42
0.0000001
 43
0.0000000001
 40
0.0
 40
0.0
 40
0.0
 40
0.0
 40
1.0
 40
1.0
 40
1.0
 40
1.0
 10
3.228772777900019
 20
45.46517237402
 30
0.0
 10
3.169372363299999
 20
45.43499318368001
 30
0.0
 10
3.094884010880037
 20
45.40634383025997
 30
0.0
 10
3.005115935400028
 20
45.37960439935998
 30
0.0
  0
SPLINE
  5
42C
330
2AF
100
AcDbEntity
  8
03___PRT_ALL_CURVES
  6
Continuous
 62
     4
100
AcDbSpline
210
0.0
220
0.0
230
1.0
 70
     8
 71
     3
 72
     8
 73
     4
 74
     0
 42
0.0000001
 43
0.0000000001
 40
0.0
 40
0.0
 40
0.0
 40
0.0
 40
1.0
 40
1.0
 40
1.0
 40
1.0
 10
3.005115935400028
 20
45.6985675562
 30
0.0
 10
3.136903162300001
 20
45.74058662633996
 30
0.0
 10
3.240040870680019
 20
45.79215556307997
 30
0.0
 10
3.313617228480012
 20
45.85226689320001
 30
0.0
  0
SPLINE
  5
42D
330
2AF
100
AcDbEntity
  8
03___PRT_ALL_CURVES
  6
Continuous
 62
     4
100
AcDbSpline
210
0.0
220
0.0
230
1.0
 70
     8
 71
     3
 72
     8
 73
     4
 74
     0
 42
0.0000001
 43
0.0000000001
 40
0.0
 40
0.0
 40
0.0
 40
0.0
 40
1.0
 40
1.0
 40
1.0
 40
1.0
 10
3.313617228480012
 20
45.85226689320001
 30
0.0
 10
3.386152859380047
 20
45.91152795577997
 30
0.0
 10
3.443451568760025
 20
45.98601639201999
 30
0.0
 10
3.485470720180018
 20
46.07387454497999
 30
0.0
  0
SPLINE
  5
42E
330
2AF
100
AcDbEntity
  8
03___PRT_ALL_CURVES
  6
Continuous
 62
     4
100
AcDbSpline
210
0.0
220
0.0
230
1.0
 70
     8
 71
     3
 72
     8
 73
     4
 74
     0
 42
0.0000001
 43
0.0000000001
 40
0.0
 40
0.0
 40
0.0
 40
0.0
 40
1.0
 40
1.0
 40
1.0
 40
1.0
 10
1.460914042860054
 20
41.14999999854001
 30
0.0
 10
1.474283757040013
 20
41.26459754176
 30
0.0
 10
1.514392891960057
 20
41.3734652082
 30
0.0
 10
1.582196439360018
 20
41.47469303470001
 30
0.0
  0
SPLINE
  5
42F
330
2AF
100
AcDbEntity
  8
03___PRT_ALL_CURVES
  6
Continuous
 62
     4
100
AcDbSpline
210
0.0
220
0.0
230
1.0
 70
     8
 71
     3
 72
     8
 73
     4
 74
     0
 42
0.0000001
 43
0.0000000001
 40
0.0
 40
0.0
 40
0.0
 40
0.0
 40
1.0
 40
1.0
 40
1.0
 40
1.0
 10
1.582196439360018
 20
41.47469303470001
 30
0.0
 10
1.649999999460022
 20
41.57592087897999
 30
0.0
 10
1.777012272739995
 20
41.69624827357998
 30
0.0
 10
1.964198403320012
 20
41.83470658441999
 30
0.0
  0
SPLINE
  5
430
330
2AF
100
AcDbEntity
  8
03___PRT_ALL_CURVES
  6
Continuous
 62
     4
100
AcDbSpline
210
0.0
220
0.0
230
1.0
 70
     8
 71
     3
 72
     8
 73
     4
 74
     0
 42
0.0000001
 43
0.0000000001
 40
0.0
 40
0.0
 40
0.0
 40
0.0
 40
1.0
 40
1.0
 40
1.0
 40
1.0
 10
1.964198403320012
 20
41.83470658441999
 30
0.0
 10
2.077830822739998
 20
41.91875849911997
 30
0.0
 10
2.150409255179994
 20
41.98369715258002
 30
0.0
 10
2.18256735698003
 20
42.02785453695998
 30
0.0
  0
SPLINE
  5
431
330
2AF
100
AcDbEntity
  8
03___PRT_ALL_CURVES
  6
Continuous
 62
     4
100
AcDbSpline
210
0.0
220
0.0
230
1.0
 70
     8
 71
     3
 72
     8
 73
     4
 74
     0
 42
0.0000001
 43
0.0000000001
 40
0.0
 40
0.0
 40
0.0
 40
0.0
 40
1.0
 40
1.0
 40
1.0
 40
1.0
 10
2.18256735698003
 20
42.02785453695998
 30
0.0
 10
2.214392861020031
 20
42.07155522172002
 30
0.0
 10
2.230627545340042
 20
42.11261941187999
 30
0.0
 10
2.230627545340042
 20
42.15272847314
 30
0.0
  0
SPLINE
  5
432
330
2AF
100
AcDbEntity
  8
03___PRT_ALL_CURVES
  6
Continuous
 62
     4
100
AcDbSpline
210
0.0
220
0.0
230
1.0
 70
     8
 71
     3
 72
     8
 73
     4
 74
     0
 42
0.0000001
 43
0.0000000001
 40
0.0
 40
0.0
 40
0.0
 40
0.0
 40
1.0
 40
1.0
 40
1.0
 40
1.0
 10
2.230627545340042
 20
42.15272847314
 30
0.0
 10
2.230627545340042
 20
42.19474762710001
 30
0.0
 10
2.214392861020031
 20
42.23103684077998
 30
0.0
 10
2.182878537460027
 20
42.26159620307999
 30
0.0
  0
SPLINE
  5
433
330
2AF
100
AcDbEntity
  8
03___PRT_ALL_CURVES
  6
Continuous
 62
     4
100
AcDbSpline
210
0.0
220
0.0
230
1.0
 70
     8
 71
     3
 72
     8
 73
     4
 74
     0
 42
0.0000001
 43
0.0000000001
 40
0.0
 40
0.0
 40
0.0
 40
0.0
 40
1.0
 40
1.0
 40
1.0
 40
1.0
 10
2.182878537460027
 20
42.26159620307999
 30
0.0
 10
2.151364216440015
 20
42.29215556283998
 30
0.0
 10
2.112210116439996
 20
42.30743520208003
 30
0.0
 10
2.064461108560039
 20
42.30743520208003
 30
0.0
  0
SPLINE
  5
434
330
2AF
100
AcDbEntity
  8
03___PRT_ALL_CURVES
  6
Continuous
 62
     4
100
AcDbSpline
210
0.0
220
0.0
230
1.0
 70
     8
 71
     3
 72
     8
 73
     4
 74
     0
 42
0.0000001
 43
0.0000000001
 40
0.0
 40
0.0
 40
0.0
 40
0.0
 40
1.0
 40
1.0
 40
1.0
 40
1.0
 10
2.064461108560039
 20
42.30743520208003
 30
0.0
 10
2.014802178159982
 20
42.30743520208003
 30
0.0
 10
1.973738071820009
 20
42.29120051776002
 30
0.0
 10
1.942461553219999
 20
42.26039789966001
 30
0.0
  0
SPLINE
  5
435
330
2AF
100
AcDbEntity
  8
03___PRT_ALL_CURVES
  6
Continuous
 62
     4
100
AcDbSpline
210
0.0
220
0.0
230
1.0
 70
     8
 71
     3
 72
     8
 73
     4
 74
     0
 42
0.0000001
 43
0.0000000001
 40
0.0
 40
0.0
 40
0.0
 40
0.0
 40
1.0
 40
1.0
 40
1.0
 40
1.0
 10
1.942461553219999
 20
42.26039789966001
 30
0.0
 10
1.910709384060027
 20
42.22912683444
 30
0.0
 10
1.88969985026003
 20
42.17373805011999
 30
0.0
 10
1.879195060500024
 20
42.09542976629999
 30
0.0
  0
SPLINE
  5
436
330
2AF
100
AcDbEntity
  8
03___PRT_ALL_CURVES
  6
Continuous
 62
     4
100
AcDbSpline
210
0.0
220
0.0
230
1.0
 70
     8
 71
     3
 72
     8
 73
     4
 74
     0
 42
0.0000001
 43
0.0000000001
 40
0.0
 40
0.0
 40
0.0
 40
0.0
 40
1.0
 40
1.0
 40
1.0
 40
1.0
 10
1.489563426760014
 20
42.12694408985999
 30
0.0
 10
1.504843096480016
 20
42.23581173343999
 30
0.0
 10
1.532537511500038
 20
42.32175988006
 30
0.0
 10
1.573270876820033
 20
42.38309953132
 30
0.0
  0
SPLINE
  5
437
330
2AF
100
AcDbEntity
  8
03___PRT_ALL_CURVES
  6
Continuous
 62
     4
100
AcDbSpline
210
0.0
220
0.0
230
1.0
 70
     8
 71
     3
 72
     8
 73
     4
 74
     0
 42
0.0000001
 43
0.0000000001
 40
0.0
 40
0.0
 40
0.0
 40
0.0
 40
1.0
 40
1.0
 40
1.0
 40
1.0
 10
1.573270876820033
 20
42.38309953132
 30
0.0
 10
1.613710762920022
 20
42.44399724035998
 30
0.0
 10
1.671009533259991
 20
42.4917462457
 30
0.0
 10
1.745497933940044
 20
42.52421557116
 30
0.0
  0
SPLINE
  5
438
330
2AF
100
AcDbEntity
  8
03___PRT_ALL_CURVES
  6
Continuous
 62
     4
100
AcDbSpline
210
0.0
220
0.0
230
1.0
 70
     8
 71
     3
 72
     8
 73
     4
 74
     0
 42
0.0000001
 43
0.0000000001
 40
0.0
 40
0.0
 40
0.0
 40
0.0
 40
1.0
 40
1.0
 40
1.0
 40
1.0
 10
1.745497933940044
 20
42.52421557116
 30
0.0
 10
1.819986344780006
 20
42.55668489916002
 30
0.0
 10
1.922169175720001
 20
42.57387454473999
 30
0.0
 10
2.053956321340053
 20
42.57387454473999
 30
0.0
  0
SPLINE
  5
439
330
2AF
100
AcDbEntity
  8
03___PRT_ALL_CURVES
  6
Continuous
 62
     4
100
AcDbSpline
210
0.0
220
0.0
230
1.0
 70
     8
 71
     3
 72
     8
 73
     4
 74
     0
 42
0.0000001
 43
0.0000000001
 40
0.0
 40
0.0
 40
0.0
 40
0.0
 40
1.0
 40
1.0
 40
1.0
 40
1.0
 10
2.053956321340053
 20
42.57387454473999
 30
0.0
 10
2.190518400260032
 20
42.57387454473999
 30
0.0
 10
2.296521160059996
 20
42.55763986041998
 30
0.0
 10
2.372754124180034
 20
42.52667021191999
 30
0.0
  0
SPLINE
  5
43A
330
2AF
100
AcDbEntity
  8
03___PRT_ALL_CURVES
  6
Continuous
 62
     4
100
AcDbSpline
210
0.0
220
0.0
230
1.0
 70
     8
 71
     3
 72
     8
 73
     4
 74
     0
 42
0.0000001
 43
0.0000000001
 40
0.0
 40
0.0
 40
0.0
 40
0.0
 40
1.0
 40
1.0
 40
1.0
 40
1.0
 10
2.372754124180034
 20
42.52667021191999
 30
0.0
 10
2.44931788012002
 20
42.49556617710002
 30
0.0
 10
2.508526595840038
 20
42.44781716922
 30
0.0
 10
2.55245565200002
 20
42.38287858941999
 30
0.0
  0
SPLINE
  5
43B
330
2AF
100
AcDbEntity
  8
03___PRT_ALL_CURVES
  6
Continuous
 62
     4
100
AcDbSpline
210
0.0
220
0.0
230
1.0
 70
     8
 71
     3
 72
     8
 73
     4
 74
     0
 42
0.0000001
 43
0.0000000001
 40
0.0
 40
0.0
 40
0.0
 40
0.0
 40
1.0
 40
1.0
 40
1.0
 40
1.0
 10
2.55245565200002
 20
42.38287858941999
 30
0.0
 10
2.596384748799977
 20
42.31793994866001
 30
0.0
 10
2.618349203220021
 20
42.24631648002003
 30
0.0
 10
2.618349203220021
 20
42.16609818985998
 30
0.0
  0
SPLINE
  5
43C
330
2AF
100
AcDbEntity
  8
03___PRT_ALL_CURVES
  6
Continuous
 62
     4
100
AcDbSpline
210
0.0
220
0.0
230
1.0
 70
     8
 71
     3
 72
     8
 73
     4
 74
     0
 42
0.0000001
 43
0.0000000001
 40
0.0
 40
0.0
 40
0.0
 40
0.0
 40
1.0
 40
1.0
 40
1.0
 40
1.0
 10
2.618349203220021
 20
42.16609818985998
 30
0.0
 10
2.618349203220021
 20
42.08015004323997
 30
0.0
 10
2.592564817400046
 20
41.99897679181996
 30
0.0
 10
2.543122213720039
 20
41.92148501893996
 30
0.0
  0
SPLINE
  5
43D
330
2AF
100
AcDbEntity
  8
03___PRT_ALL_CURVES
  6
Continuous
 62
     4
100
AcDbSpline
210
0.0
220
0.0
230
1.0
 70
     8
 71
     3
 72
     8
 73
     4
 74
     0
 42
0.0000001
 43
0.0000000001
 40
0.0
 40
0.0
 40
0.0
 40
0.0
 40
1.0
 40
1.0
 40
1.0
 40
1.0
 10
2.543122213720039
 20
41.92148501893996
 30
0.0
 10
2.49324695659999
 20
41.84331514226
 30
0.0
 10
2.402523836040018
 20
41.75832195944
 30
0.0
 10
2.270556985420029
 20
41.66594514648
 30
0.0
  0
LINE
  5
43E
330
2AF
100
AcDbEntity
  8
03___PRT_ALL_CURVES
  6
Continuous
 62
     4
100
AcDbLine
 10
2.270556985420029
 20
41.66594514648
 30
0.0
 11
2.113396631720008
 21
41.55175496592
 31
0.0
  0
LINE
  5
43F
330
2AF
100
AcDbEntity
  8
03___PRT_ALL_CURVES
  6
Continuous
 62
     4
100
AcDbLine
 10
2.113396631720008
 20
41.55175496592
 30
0.0
 11
2.020532032080013
 21
41.46705321254001
 31
0.0
  0
SPLINE
  5
440
330
2AF
100
AcDbEntity
  8
03___PRT_ALL_CURVES
  6
Continuous
 62
     4
100
AcDbSpline
210
0.0
220
0.0
230
1.0
 70
     8
 71
     3
 72
     8
 73
     4
 74
     0
 42
0.0000001
 43
0.0000000001
 40
0.0
 40
0.0
 40
0.0
 40
0.0
 40
1.0
 40
1.0
 40
1.0
 40
1.0
 10
2.803615291920011
 20
42.21098222760003
 30
0.0
 10
2.834174654220021
 20
42.32748973397997
 30
0.0
 10
2.892428322320029
 20
42.41725780945998
 30
0.0
 10
2.97955847318002
 20
42.47997233478
 30
0.0
  0
SPLINE
  5
441
330
2AF
100
AcDbEntity
  8
03___PRT_ALL_CURVES
  6
Continuous
 62
     4
100
AcDbSpline
210
0.0
220
0.0
230
1.0
 70
     8
 71
     3
 72
     8
 73
     4
 74
     0
 42
0.0000001
 43
0.0000000001
 40
0.0
 40
0.0
 40
0.0
 40
0.0
 40
1.0
 40
1.0
 40
1.0
 40
1.0
 10
2.97955847318002
 20
42.47997233478
 30
0.0
 10
3.066234705719978
 20
42.54236013989996
 30
0.0
 10
3.189426943460035
 20
42.57387454473999
 30
0.0
 10
3.348908565059986
 20
42.57387454473999
 30
0.0
  0
SPLINE
  5
442
330
2AF
100
AcDbEntity
  8
03___PRT_ALL_CURVES
  6
Continuous
 62
     4
100
AcDbSpline
210
0.0
220
0.0
230
1.0
 70
     8
 71
     3
 72
     8
 73
     4
 74
     0
 42
0.0000001
 43
0.0000000001
 40
0.0
 40
0.0
 40
0.0
 40
0.0
 40
1.0
 40
1.0
 40
1.0
 40
1.0
 10
3.348908565059986
 20
42.57387454473999
 30
0.0
 10
3.531309602340002
 20
42.57387454473999
 30
0.0
 10
3.663096829240033
 20
42.53949525357999
 30
0.0
 10
3.744795182480033
 20
42.47117437168001
 30
0.0
  0
SPLINE
  5
443
330
2AF
100
AcDbEntity
  8
03___PRT_ALL_CURVES
  6
Continuous
 62
     4
100
AcDbSpline
210
0.0
220
0.0
230
1.0
 70
     8
 71
     3
 72
     8
 73
     4
 74
     0
 42
0.0000001
 43
0.0000000001
 40
0.0
 40
0.0
 40
0.0
 40
0.0
 40
1.0
 40
1.0
 40
1.0
 40
1.0
 10
3.744795182480033
 20
42.47117437168001
 30
0.0
 10
3.826398298420031
 20
42.40293313147995
 30
0.0
 10
3.867462488580031
 20
42.31793994866001
 30
0.0
 10
3.867462488580031
 20
42.21480215645997
 30
0.0
  0
SPLINE
  5
444
330
2AF
100
AcDbEntity
  8
03___PRT_ALL_CURVES
  6
Continuous
 62
     4
100
AcDbSpline
210
0.0
220
0.0
230
1.0
 70
     8
 71
     3
 72
     8
 73
     4
 74
     0
 42
0.0000001
 43
0.0000000001
 40
0.0
 40
0.0
 40
0.0
 40
0.0
 40
1.0
 40
1.0
 40
1.0
 40
1.0
 10
3.867462488580031
 20
42.21480215645997
 30
0.0
 10
3.867462488580031
 20
42.15368351821999
 30
0.0
 10
3.850272842999999
 20
42.09924969769997
 30
0.0
 10
3.817694658220006
 20
42.05061844876002
 30
0.0
  0
SPLINE
  5
445
330
2AF
100
AcDbEntity
  8
03___PRT_ALL_CURVES
  6
Continuous
 62
     4
100
AcDbSpline
210
0.0
220
0.0
230
1.0
 70
     8
 71
     3
 72
     8
 73
     4
 74
     0
 42
0.0000001
 43
0.0000000001
 40
0.0
 40
0.0
 40
0.0
 40
0.0
 40
1.0
 40
1.0
 40
1.0
 40
1.0
 10
3.817694658220006
 20
42.05061844876002
 30
0.0
 10
3.784379312100015
 20
42.00088679816
 30
0.0
 10
3.734720297880045
 20
41.95791268293999
 30
0.0
 10
3.667871805719983
 20
41.92162346925997
 30
0.0
  0
SPLINE
  5
446
330
2AF
100
AcDbEntity
  8
03___PRT_ALL_CURVES
  6
Continuous
 62
     4
100
AcDbSpline
210
0.0
220
0.0
230
1.0
 70
     8
 71
     3
 72
     8
 73
     4
 74
     0
 42
0.0000001
 43
0.0000000001
 40
0.0
 40
0.0
 40
0.0
 40
0.0
 40
1.0
 40
1.0
 40
1.0
 40
1.0
 10
3.667871805719983
 20
41.92162346925997
 30
0.0
 10
3.721350667520028
 20
41.90825375253999
 30
0.0
 10
3.763369651300025
 20
41.89201906821998
 30
0.0
 10
3.791824062260019
 20
41.87450869684
 30
0.0
  0
SPLINE
  5
447
330
2AF
100
AcDbEntity
  8
03___PRT_ALL_CURVES
  6
Continuous
 62
     4
100
AcDbSpline
210
0.0
220
0.0
230
1.0
 70
     8
 71
     3
 72
     8
 73
     4
 74
     0
 42
0.0000001
 43
0.0000000001
 40
0.0
 40
0.0
 40
0.0
 40
0.0
 40
1.0
 40
1.0
 40
1.0
 40
1.0
 10
3.791824062260019
 20
41.87450869684
 30
0.0
 10
3.837858173900031
 20
41.84618006922
 30
0.0
 10
3.874147387580024
 20
41.80798088984
 30
0.0
 10
3.899931801340045
 20
41.76118685591999
 30
0.0
  0
SPLINE
  5
448
330
2AF
100
AcDbEntity
  8
03___PRT_ALL_CURVES
  6
Continuous
 62
     4
100
AcDbSpline
210
0.0
220
0.0
230
1.0
 70
     8
 71
     3
 72
     8
 73
     4
 74
     0
 42
0.0000001
 43
0.0000000001
 40
0.0
 40
0.0
 40
0.0
 40
0.0
 40
1.0
 40
1.0
 40
1.0
 40
1.0
 10
3.899931801340045
 20
41.76118685591999
 30
0.0
 10
3.92571615922003
 20
41.71439292359997
 30
0.0
 10
3.939085957220016
 20
41.65900409864
 30
0.0
 10
3.939085957220016
 20
41.59406548835997
 30
0.0
  0
SPLINE
  5
449
330
2AF
100
AcDbEntity
  8
03___PRT_ALL_CURVES
  6
Continuous
 62
     4
100
AcDbSpline
210
0.0
220
0.0
230
1.0
 70
     8
 71
     3
 72
     8
 73
     4
 74
     0
 42
0.0000001
 43
0.0000000001
 40
0.0
 40
0.0
 40
0.0
 40
0.0
 40
1.0
 40
1.0
 40
1.0
 40
1.0
 10
3.939085957220016
 20
41.59406548835997
 30
0.0
 10
3.939085957220016
 20
41.51193722996001
 30
0.0
 10
3.917121335160004
 20
41.43362892581999
 30
0.0
 10
3.874741551999989
 20
41.35934519071998
 30
0.0
  0
SPLINE
  5
44A
330
2AF
100
AcDbEntity
  8
03___PRT_ALL_CURVES
  6
Continuous
 62
     4
100
AcDbSpline
210
0.0
220
0.0
230
1.0
 70
     8
 71
     3
 72
     8
 73
     4
 74
     0
 42
0.0000001
 43
0.0000000001
 40
0.0
 40
0.0
 40
0.0
 40
0.0
 40
1.0
 40
1.0
 40
1.0
 40
1.0
 10
3.874741551999989
 20
41.35934519071998
 30
0.0
 10
3.832128236160031
 20
41.2846521143
 30
0.0
 10
3.771009514100029
 20
41.22639835984
 30
0.0
 10
3.690600685839996
 20
41.18667257695998
 30
0.0
  0
SPLINE
  5
44B
330
2AF
100
AcDbEntity
  8
03___PRT_ALL_CURVES
  6
Continuous
 62
     4
100
AcDbSpline
210
0.0
220
0.0
230
1.0
 70
     8
 71
     3
 72
     8
 73
     4
 74
     0
 42
0.0000001
 43
0.0000000001
 40
0.0
 40
0.0
 40
0.0
 40
0.0
 40
1.0
 40
1.0
 40
1.0
 40
1.0
 10
3.690600685839996
 20
41.18667257695998
 30
0.0
 10
3.61057293124
 20
41.14713506141996
 30
0.0
 10
3.504570171440008
 20
41.12612551237999
 30
0.0
 10
3.374693032160025
 20
41.12612551237999
 30
0.0
  0
SPLINE
  5
44C
330
2AF
100
AcDbEntity
  8
03___PRT_ALL_CURVES
  6
Continuous
 62
     4
100
AcDbSpline
210
0.0
220
0.0
230
1.0
 70
     8
 71
     3
 72
     8
 73
     4
 74
     0
 42
0.0000001
 43
0.0000000001
 40
0.0
 40
0.0
 40
0.0
 40
0.0
 40
1.0
 40
1.0
 40
1.0
 40
1.0
 10
3.374693032160025
 20
41.12612551237999
 30
0.0
 10
3.246725817940018
 20
41.12612551237999
 30
0.0
 10
3.146452995880026
 20
41.14140518464001
 30
0.0
 10
3.072919447240025
 20
41.17100957805999
 30
0.0
  0
SPLINE
  5
44D
330
2AF
100
AcDbEntity
  8
03___PRT_ALL_CURVES
  6
Continuous
 62
     4
100
AcDbSpline
210
0.0
220
0.0
230
1.0
 70
     8
 71
     3
 72
     8
 73
     4
 74
     0
 42
0.0000001
 43
0.0000000001
 40
0.0
 40
0.0
 40
0.0
 40
0.0
 40
1.0
 40
1.0
 40
1.0
 40
1.0
 10
3.072919447240025
 20
41.17100957805999
 30
0.0
 10
2.999386045920005
 20
41.20061391306001
 30
0.0
 10
2.939222285120024
 20
41.24454297937999
 30
0.0
 10
2.891473358520017
 20
41.30184174717996
 30
0.0
  0
SPLINE
  5
44E
330
2AF
100
AcDbEntity
  8
03___PRT_ALL_CURVES
  6
Continuous
 62
     4
100
AcDbSpline
210
0.0
220
0.0
230
1.0
 70
     8
 71
     3
 72
     8
 73
     4
 74
     0
 42
0.0000001
 43
0.0000000001
 40
0.0
 40
0.0
 40
0.0
 40
0.0
 40
1.0
 40
1.0
 40
1.0
 40
1.0
 10
2.891473358520017
 20
41.30184174717996
 30
0.0
 10
2.843724436999992
 20
41.35914050989996
 30
0.0
 10
2.807435223320027
 20
41.43171896012001
 30
0.0
 10
2.78260571748001
 20
41.51957709275999
 30
0.0
  0
SPLINE
  5
44F
330
2AF
100
AcDbEntity
  8
03___PRT_ALL_CURVES
  6
Continuous
 62
     4
100
AcDbSpline
210
0.0
220
0.0
230
1.0
 70
     8
 71
     3
 72
     8
 73
     4
 74
     0
 42
0.0000001
 43
0.0000000001
 40
0.0
 40
0.0
 40
0.0
 40
0.0
 40
1.0
 40
1.0
 40
1.0
 40
1.0
 10
3.171282336619981
 20
41.57114598631998
 30
0.0
 10
3.18656205713998
 20
41.49283766185999
 30
0.0
 10
3.209481640460041
 20
41.43840381848
 30
0.0
 10
3.241950882100014
 20
41.40784451968
 30
0.0
  0
SPLINE
  5
450
330
2AF
100
AcDbEntity
  8
03___PRT_ALL_CURVES
  6
Continuous
 62
     4
100
AcDbSpline
210
0.0
220
0.0
230
1.0
 70
     8
 71
     3
 72
     8
 73
     4
 74
     0
 42
0.0000001
 43
0.0000000001
 40
0.0
 40
0.0
 40
0.0
 40
0.0
 40
1.0
 40
1.0
 40
1.0
 40
1.0
 10
3.241950882100014
 20
41.40784451968
 30
0.0
 10
3.274420210100033
 20
41.37728513706
 30
0.0
 10
3.31548423516
 20
41.36296043875998
 30
0.0
 10
3.365143246840006
 20
41.36296043875998
 30
0.0
  0
SPLINE
  5
451
330
2AF
100
AcDbEntity
  8
03___PRT_ALL_CURVES
  6
Continuous
 62
     4
100
AcDbSpline
210
0.0
220
0.0
230
1.0
 70
     8
 71
     3
 72
     8
 73
     4
 74
     0
 42
0.0000001
 43
0.0000000001
 40
0.0
 40
0.0
 40
0.0
 40
0.0
 40
1.0
 40
1.0
 40
1.0
 40
1.0
 10
3.365143246840006
 20
41.36296043875998
 30
0.0
 10
3.416712186120037
 20
41.36296043875998
 30
0.0
 10
3.460641262600006
 20
41.38206002972001
 30
0.0
 10
3.495020431840032
 20
41.42025916845995
 30
0.0
  0
SPLINE
  5
452
330
2AF
100
AcDbEntity
  8
03___PRT_ALL_CURVES
  6
Continuous
 62
     4
100
AcDbSpline
210
0.0
220
0.0
230
1.0
 70
     8
 71
     3
 72
     8
 73
     4
 74
     0
 42
0.0000001
 43
0.0000000001
 40
0.0
 40
0.0
 40
0.0
 40
0.0
 40
1.0
 40
1.0
 40
1.0
 40
1.0
 10
3.495020431840032
 20
41.42025916845995
 30
0.0
 10
3.529399677279997
 20
41.45845839102
 30
0.0
 10
3.547544284120022
 20
41.50907230300001
 30
0.0
 10
3.547544284120022
 20
41.57305595201998
 30
0.0
  0
SPLINE
  5
453
330
2AF
100
AcDbEntity
  8
03___PRT_ALL_CURVES
  6
Continuous
 62
     4
100
AcDbSpline
210
0.0
220
0.0
230
1.0
 70
     8
 71
     3
 72
     8
 73
     4
 74
     0
 42
0.0000001
 43
0.0000000001
 40
0.0
 40
0.0
 40
0.0
 40
0.0
 40
1.0
 40
1.0
 40
1.0
 40
1.0
 10
3.547544284120022
 20
41.57305595201998
 30
0.0
 10
3.547544284120022
 20
41.63799456229998
 30
0.0
 10
3.53035463853999
 20
41.68765349269998
 30
0.0
 10
3.496691523240003
 20
41.72372115995998
 30
0.0
  0
SPLINE
  5
454
330
2AF
100
AcDbEntity
  8
03___PRT_ALL_CURVES
  6
Continuous
 62
     4
100
AcDbSpline
210
0.0
220
0.0
230
1.0
 70
     8
 71
     3
 72
     8
 73
     4
 74
     0
 42
0.0000001
 43
0.0000000001
 40
0.0
 40
0.0
 40
0.0
 40
0.0
 40
1.0
 40
1.0
 40
1.0
 40
1.0
 10
3.496691523240003
 20
41.72372115995998
 30
0.0
 10
3.463506146380041
 20
41.75927696133996
 30
0.0
 10
3.418622108639994
 20
41.77742157072001
 30
0.0
 10
3.361323401800007
 20
41.77742157072001
 30
0.0
  0
SPLINE
  5
455
330
2AF
100
AcDbEntity
  8
03___PRT_ALL_CURVES
  6
Continuous
 62
     4
100
AcDbSpline
210
0.0
220
0.0
230
1.0
 70
     8
 71
     3
 72
     8
 73
     4
 74
     0
 42
0.0000001
 43
0.0000000001
 40
0.0
 40
0.0
 40
0.0
 40
0.0
 40
1.0
 40
1.0
 40
1.0
 40
1.0
 10
3.361323401800007
 20
41.77742157072001
 30
0.0
 10
3.330763955679998
 20
41.77742157072001
 30
0.0
 10
3.288744804260006
 20
41.76978170792
 30
0.0
 10
3.235265942460018
 20
41.75450202804001
 30
0.0
  0
LINE
  5
456
330
2AF
100
AcDbEntity
  8
03___PRT_ALL_CURVES
  6
Continuous
 62
     4
100
AcDbLine
 10
3.255320642000044
 20
42.03240111918001
 30
0.0
 11
3.305934449840038
 21
42.02762622905999
 31
0.0
  0
SPLINE
  5
457
330
2AF
100
AcDbEntity
  8
03___PRT_ALL_CURVES
  6
Continuous
 62
     4
100
AcDbSpline
210
0.0
220
0.0
230
1.0
 70
     8
 71
     3
 72
     8
 73
     4
 74
     0
 42
0.0000001
 43
0.0000000001
 40
0.0
 40
0.0
 40
0.0
 40
0.0
 40
1.0
 40
1.0
 40
1.0
 40
1.0
 10
3.305934449840038
 20
42.02762622905999
 30
0.0
 10
3.356548425320057
 20
42.02762622905999
 30
0.0
 10
3.398567576739993
 20
42.04386082956
 30
0.0
 10
3.43294672058002
 20
42.07633009406001
 30
0.0
  0
SPLINE
  5
458
330
2AF
100
AcDbEntity
  8
03___PRT_ALL_CURVES
  6
Continuous
 62
     4
100
AcDbSpline
210
0.0
220
0.0
230
1.0
 70
     8
 71
     3
 72
     8
 73
     4
 74
     0
 42
0.0000001
 43
0.0000000001
 40
0.0
 40
0.0
 40
0.0
 40
0.0
 40
1.0
 40
1.0
 40
1.0
 40
1.0
 10
3.43294672058002
 20
42.07633009406001
 30
0.0
 10
3.467325993960031
 20
42.10879948048
 30
0.0
 10
3.484515639540007
 20
42.14699861922
 30
0.0
 10
3.484515639540007
 20
42.19188265695996
 30
0.0
  0
SPLINE
  5
459
330
2AF
100
AcDbEntity
  8
03___PRT_ALL_CURVES
  6
Continuous
 62
     4
100
AcDbSpline
210
0.0
220
0.0
230
1.0
 70
     8
 71
     3
 72
     8
 73
     4
 74
     0
 42
0.0000001
 43
0.0000000001
 40
0.0
 40
0.0
 40
0.0
 40
0.0
 40
1.0
 40
1.0
 40
1.0
 40
1.0
 10
3.484515639540007
 20
42.19188265695996
 30
0.0
 10
3.484515639540007
 20
42.23390181091997
 30
0.0
 10
3.471146009179989
 20
42.26828101826001
 30
0.0
 10
3.445834495160028
 20
42.29359248909998
 30
0.0
  0
SPLINE
  5
45A
330
2AF
100
AcDbEntity
  8
03___PRT_ALL_CURVES
  6
Continuous
 62
     4
100
AcDbSpline
210
0.0
220
0.0
230
1.0
 70
     8
 71
     3
 72
     8
 73
     4
 74
     0
 42
0.0000001
 43
0.0000000001
 40
0.0
 40
0.0
 40
0.0
 40
0.0
 40
1.0
 40
1.0
 40
1.0
 40
1.0
 10
3.445834495160028
 20
42.29359248909998
 30
0.0
 10
3.420532033700027
 20
42.31889490991998
 30
0.0
 10
3.385197778740007
 20
42.33226462663998
 30
0.0
 10
3.34126870226001
 20
42.33226462663998
 30
0.0
  0
SPLINE
  5
45B
330
2AF
100
AcDbEntity
  8
03___PRT_ALL_CURVES
  6
Continuous
 62
     4
100
AcDbSpline
210
0.0
220
0.0
230
1.0
 70
     8
 71
     3
 72
     8
 73
     4
 74
     0
 42
0.0000001
 43
0.0000000001
 40
0.0
 40
0.0
 40
0.0
 40
0.0
 40
1.0
 40
1.0
 40
1.0
 40
1.0
 10
3.34126870226001
 20
42.33226462663998
 30
0.0
 10
3.295429703259998
 20
42.33226462663998
 30
0.0
 10
3.258185525780021
 20
42.31793994866001
 30
0.0
 10
3.229536172360042
 20
42.2902455565
 30
0.0
  0
SPLINE
  5
45C
330
2AF
100
AcDbEntity
  8
03___PRT_ALL_CURVES
  6
Continuous
 62
     4
100
AcDbSpline
210
0.0
220
0.0
230
1.0
 70
     8
 71
     3
 72
     8
 73
     4
 74
     0
 42
0.0000001
 43
0.0000000001
 40
0.0
 40
0.0
 40
0.0
 40
0.0
 40
1.0
 40
1.0
 40
1.0
 40
1.0
 10
3.229536172360042
 20
42.2902455565
 30
0.0
 10
3.200886818940035
 20
42.26255116433998
 30
0.0
 10
3.180832119400009
 20
42.2138471952
 30
0.0
 10
3.171282336619981
 20
42.14508869670001
 30
0.0
  0
SPLINE
  5
45D
330
2AF
100
AcDbEntity
  8
03___PRT_ALL_CURVES
  6
Continuous
 62
     4
100
AcDbSpline
210
0.0
220
0.0
230
1.0
 70
     8
 71
     3
 72
     8
 73
     4
 74
     0
 42
0.0000001
 43
0.0000000001
 40
0.0
 40
0.0
 40
0.0
 40
0.0
 40
1.0
 40
1.0
 40
1.0
 40
1.0
 10
1.45948162256002
 20
37.65000000084001
 30
0.0
 10
1.472851339279998
 20
37.76459754152
 30
0.0
 10
1.512960474200014
 20
37.87346520795998
 30
0.0
 10
1.580764021600004
 20
37.97469303445999
 30
0.0
  0
SPLINE
  5
45E
330
2AF
100
AcDbEntity
  8
03___PRT_ALL_CURVES
  6
Continuous
 62
     4
100
AcDbSpline
210
0.0
220
0.0
230
1.0
 70
     8
 71
     3
 72
     8
 73
     4
 74
     0
 42
0.0000001
 43
0.0000000001
 40
0.0
 40
0.0
 40
0.0
 40
0.0
 40
1.0
 40
1.0
 40
1.0
 40
1.0
 10
1.580764021600004
 20
37.97469303445999
 30
0.0
 10
1.648567581700007
 20
38.07592087873999
 30
0.0
 10
1.775579854980009
 20
38.19624827587998
 30
0.0
 10
1.962765985560026
 20
38.33470658418
 30
0.0
  0
SPLINE
  5
45F
330
2AF
100
AcDbEntity
  8
03___PRT_ALL_CURVES
  6
Continuous
 62
     4
100
AcDbSpline
210
0.0
220
0.0
230
1.0
 70
     8
 71
     3
 72
     8
 73
     4
 74
     0
 42
0.0000001
 43
0.0000000001
 40
0.0
 40
0.0
 40
0.0
 40
0.0
 40
1.0
 40
1.0
 40
1.0
 40
1.0
 10
1.962765985560026
 20
38.33470658418
 30
0.0
 10
2.076398404980011
 20
38.41875849887998
 30
0.0
 10
2.148976834880017
 20
38.48369715234
 30
0.0
 10
2.181134936679996
 20
38.52785453671999
 30
0.0
  0
SPLINE
  5
460
330
2AF
100
AcDbEntity
  8
03___PRT_ALL_CURVES
  6
Continuous
 62
     4
100
AcDbSpline
210
0.0
220
0.0
230
1.0
 70
     8
 71
     3
 72
     8
 73
     4
 74
     0
 42
0.0000001
 43
0.0000000001
 40
0.0
 40
0.0
 40
0.0
 40
0.0
 40
1.0
 40
1.0
 40
1.0
 40
1.0
 10
2.181134936679996
 20
38.52785453671999
 30
0.0
 10
2.212960443259988
 20
38.57155522147997
 30
0.0
 10
2.229195127579999
 20
38.61261941164
 30
0.0
 10
2.229195127579999
 20
38.65272847290001
 30
0.0
  0
SPLINE
  5
461
330
2AF
100
AcDbEntity
  8
03___PRT_ALL_CURVES
  6
Continuous
 62
     4
100
AcDbSpline
210
0.0
220
0.0
230
1.0
 70
     8
 71
     3
 72
     8
 73
     4
 74
     0
 42
0.0000001
 43
0.0000000001
 40
0.0
 40
0.0
 40
0.0
 40
0.0
 40
1.0
 40
1.0
 40
1.0
 40
1.0
 10
2.229195127579999
 20
38.65272847290001
 30
0.0
 10
2.229195127579999
 20
38.69474762685999
 30
0.0
 10
2.212960443259988
 20
38.73103684054001
 30
0.0
 10
2.181446119700013
 20
38.76159620283997
 30
0.0
  0
SPLINE
  5
462
330
2AF
100
AcDbEntity
  8
03___PRT_ALL_CURVES
  6
Continuous
 62
     4
100
AcDbSpline
210
0.0
220
0.0
230
1.0
 70
     8
 71
     3
 72
     8
 73
     4
 74
     0
 42
0.0000001
 43
0.0000000001
 40
0.0
 40
0.0
 40
0.0
 40
0.0
 40
1.0
 40
1.0
 40
1.0
 40
1.0
 10
2.181446119700013
 20
38.76159620283997
 30
0.0
 10
2.14993179614001
 20
38.79215556260002
 30
0.0
 10
2.110777696140019
 20
38.80743520183998
 30
0.0
 10
2.063028690799996
 20
38.80743520183998
 30
0.0
  0
SPLINE
  5
463
330
2AF
100
AcDbEntity
  8
03___PRT_ALL_CURVES
  6
Continuous
 62
     4
100
AcDbSpline
210
0.0
220
0.0
230
1.0
 70
     8
 71
     3
 72
     8
 73
     4
 74
     0
 42
0.0000001
 43
0.0000000001
 40
0.0
 40
0.0
 40
0.0
 40
0.0
 40
1.0
 40
1.0
 40
1.0
 40
1.0
 10
2.063028690799996
 20
38.80743520183998
 30
0.0
 10
2.013369760400053
 20
38.80743520183998
 30
0.0
 10
1.972305651520031
 20
38.79120051752
 30
0.0
 10
1.941029132920022
 20
38.76039789941998
 30
0.0
  0
SPLINE
  5
464
330
2AF
100
AcDbEntity
  8
03___PRT_ALL_CURVES
  6
Continuous
 62
     4
100
AcDbSpline
210
0.0
220
0.0
230
1.0
 70
     8
 71
     3
 72
     8
 73
     4
 74
     0
 42
0.0000001
 43
0.0000000001
 40
0.0
 40
0.0
 40
0.0
 40
0.0
 40
1.0
 40
1.0
 40
1.0
 40
1.0
 10
1.941029132920022
 20
38.76039789941998
 30
0.0
 10
1.909276963759993
 20
38.7291268342
 30
0.0
 10
1.888267429960024
 20
38.67373804987997
 30
0.0
 10
1.877762642739981
 20
38.59542976606002
 30
0.0
  0
SPLINE
  5
465
330
2AF
100
AcDbEntity
  8
03___PRT_ALL_CURVES
  6
Continuous
 62
     4
100
AcDbSpline
210
0.0
220
0.0
230
1.0
 70
     8
 71
     3
 72
     8
 73
     4
 74
     0
 42
0.0000001
 43
0.0000000001
 40
0.0
 40
0.0
 40
0.0
 40
0.0
 40
1.0
 40
1.0
 40
1.0
 40
1.0
 10
1.488131009000028
 20
38.62694408962003
 30
0.0
 10
1.503410678719973
 20
38.73581173319999
 30
0.0
 10
1.531105091200004
 20
38.82175987982001
 30
0.0
 10
1.571838456519998
 20
38.88309953108001
 30
0.0
  0
SPLINE
  5
466
330
2AF
100
AcDbEntity
  8
03___PRT_ALL_CURVES
  6
Continuous
 62
     4
100
AcDbSpline
210
0.0
220
0.0
230
1.0
 70
     8
 71
     3
 72
     8
 73
     4
 74
     0
 42
0.0000001
 43
0.0000000001
 40
0.0
 40
0.0
 40
0.0
 40
0.0
 40
1.0
 40
1.0
 40
1.0
 40
1.0
 10
1.571838456519998
 20
38.88309953108001
 30
0.0
 10
1.612278345160007
 20
38.94399724011998
 30
0.0
 10
1.669577115500033
 20
38.99174624545995
 30
0.0
 10
1.74406551364001
 20
39.02421557091998
 30
0.0
  0
SPLINE
  5
467
330
2AF
100
AcDbEntity
  8
03___PRT_ALL_CURVES
  6
Continuous
 62
     4
100
AcDbSpline
210
0.0
220
0.0
230
1.0
 70
     8
 71
     3
 72
     8
 73
     4
 74
     0
 42
0.0000001
 43
0.0000000001
 40
0.0
 40
0.0
 40
0.0
 40
0.0
 40
1.0
 40
1.0
 40
1.0
 40
1.0
 10
1.74406551364001
 20
39.02421557091998
 30
0.0
 10
1.81855392702002
 20
39.05668489892
 30
0.0
 10
1.920736755419995
 20
39.07387454450003
 30
0.0
 10
2.052523901040018
 20
39.07387454450003
 30
0.0
  0
SPLINE
  5
468
330
2AF
100
AcDbEntity
  8
03___PRT_ALL_CURVES
  6
Continuous
 62
     4
100
AcDbSpline
210
0.0
220
0.0
230
1.0
 70
     8
 71
     3
 72
     8
 73
     4
 74
     0
 42
0.0000001
 43
0.0000000001
 40
0.0
 40
0.0
 40
0.0
 40
0.0
 40
1.0
 40
1.0
 40
1.0
 40
1.0
 10
2.052523901040018
 20
39.07387454450003
 30
0.0
 10
2.189085979960026
 20
39.07387454450003
 30
0.0
 10
2.295088739760018
 20
39.05763986018002
 30
0.0
 10
2.371321706420019
 20
39.02667021168
 30
0.0
  0
SPLINE
  5
469
330
2AF
100
AcDbEntity
  8
03___PRT_ALL_CURVES
  6
Continuous
 62
     4
100
AcDbSpline
210
0.0
220
0.0
230
1.0
 70
     8
 71
     3
 72
     8
 73
     4
 74
     0
 42
0.0000001
 43
0.0000000001
 40
0.0
 40
0.0
 40
0.0
 40
0.0
 40
1.0
 40
1.0
 40
1.0
 40
1.0
 10
2.371321706420019
 20
39.02667021168
 30
0.0
 10
2.447885462360034
 20
38.99556617686
 30
0.0
 10
2.507094178079996
 20
38.94781717151997
 30
0.0
 10
2.551023234240034
 20
38.88287858918
 30
0.0
  0
SPLINE
  5
46A
330
2AF
100
AcDbEntity
  8
03___PRT_ALL_CURVES
  6
Continuous
 62
     4
100
AcDbSpline
210
0.0
220
0.0
230
1.0
 70
     8
 71
     3
 72
     8
 73
     4
 74
     0
 42
0.0000001
 43
0.0000000001
 40
0.0
 40
0.0
 40
0.0
 40
0.0
 40
1.0
 40
1.0
 40
1.0
 40
1.0
 10
2.551023234240034
 20
38.88287858918
 30
0.0
 10
2.5949523285
 20
38.81793994841999
 30
0.0
 10
2.616916785460035
 20
38.74631647977998
 30
0.0
 10
2.616916785460035
 20
38.66609818961999
 30
0.0
  0
SPLINE
  5
46B
330
2AF
100
AcDbEntity
  8
03___PRT_ALL_CURVES
  6
Continuous
 62
     4
100
AcDbSpline
210
0.0
220
0.0
230
1.0
 70
     8
 71
     3
 72
     8
 73
     4
 74
     0
 42
0.0000001
 43
0.0000000001
 40
0.0
 40
0.0
 40
0.0
 40
0.0
 40
1.0
 40
1.0
 40
1.0
 40
1.0
 10
2.616916785460035
 20
38.66609818961999
 30
0.0
 10
2.616916785460035
 20
38.580150043
 30
0.0
 10
2.591132399640003
 20
38.49897679158002
 30
0.0
 10
2.541689795960025
 20
38.4214850187
 30
0.0
  0
SPLINE
  5
46C
330
2AF
100
AcDbEntity
  8
03___PRT_ALL_CURVES
  6
Continuous
 62
     4
100
AcDbSpline
210
0.0
220
0.0
230
1.0
 70
     8
 71
     3
 72
     8
 73
     4
 74
     0
 42
0.0000001
 43
0.0000000001
 40
0.0
 40
0.0
 40
0.0
 40
0.0
 40
1.0
 40
1.0
 40
1.0
 40
1.0
 10
2.541689795960025
 20
38.4214850187
 30
0.0
 10
2.491814538840003
 20
38.34331514202
 30
0.0
 10
2.401091418279975
 20
38.2583219592
 30
0.0
 10
2.269124567659986
 20
38.16594514624001
 30
0.0
  0
LINE
  5
46D
330
2AF
100
AcDbEntity
  8
03___PRT_ALL_CURVES
  6
Continuous
 62
     4
100
AcDbLine
 10
2.269124567659986
 20
38.16594514624001
 30
0.0
 11
2.111964213960022
 21
38.05175496568
 31
0.0
  0
LINE
  5
46E
330
2AF
100
AcDbEntity
  8
03___PRT_ALL_CURVES
  6
Continuous
 62
     4
100
AcDbLine
 10
2.111964213960022
 20
38.05175496568
 30
0.0
 11
2.019099614320027
 21
37.96705321229999
 31
0.0
  0
SPLINE
  5
46F
330
2AF
100
AcDbEntity
  8
03___PRT_ALL_CURVES
  6
Continuous
 62
     4
100
AcDbSpline
210
0.0
220
0.0
230
1.0
 70
     8
 71
     3
 72
     8
 73
     4
 74
     0
 42
0.0000001
 43
0.0000000001
 40
0.0
 40
0.0
 40
0.0
 40
0.0
 40
1.0
 40
1.0
 40
1.0
 40
1.0
 10
3.214733954060023
 20
38.52953615133998
 30
0.0
 10
3.25770806928
 20
38.54959068323998
 30
0.0
 10
3.300682184500005
 20
38.56487040375998
 30
0.0
 10
3.342811559219996
 20
38.574923993
 30
0.0
  0
SPLINE
  5
470
330
2AF
100
AcDbEntity
  8
03___PRT_ALL_CURVES
  6
Continuous
 62
     4
100
AcDbSpline
210
0.0
220
0.0
230
1.0
 70
     8
 71
     3
 72
     8
 73
     4
 74
     0
 42
0.0000001
 43
0.0000000001
 40
0.0
 40
0.0
 40
0.0
 40
0.0
 40
1.0
 40
1.0
 40
1.0
 40
1.0
 10
3.342811559219996
 20
38.574923993
 30
0.0
 10
3.384720322239986
 20
38.58492493566001
 30
0.0
 10
3.426739473659978
 20
38.59065487339998
 30
0.0
 10
3.468758627619991
 20
38.59065487339998
 30
0.0
  0
SPLINE
  5
471
330
2AF
100
AcDbEntity
  8
03___PRT_ALL_CURVES
  6
Continuous
 62
     4
100
AcDbSpline
210
0.0
220
0.0
230
1.0
 70
     8
 71
     3
 72
     8
 73
     4
 74
     0
 42
0.0000001
 43
0.0000000001
 40
0.0
 40
0.0
 40
0.0
 40
0.0
 40
1.0
 40
1.0
 40
1.0
 40
1.0
 10
3.468758627619991
 20
38.59065487339998
 30
0.0
 10
3.608185549680002
 20
38.59065487339998
 30
0.0
 10
3.721828172280027
 20
38.54768075818001
 30
0.0
 10
3.809218238799986
 20
38.46315588785998
 30
0.0
  0
SPLINE
  5
472
330
2AF
100
AcDbEntity
  8
03___PRT_ALL_CURVES
  6
Continuous
 62
     4
100
AcDbSpline
210
0.0
220
0.0
230
1.0
 70
     8
 71
     3
 72
     8
 73
     4
 74
     0
 42
0.0000001
 43
0.0000000001
 40
0.0
 40
0.0
 40
0.0
 40
0.0
 40
1.0
 40
1.0
 40
1.0
 40
1.0
 10
3.809218238799986
 20
38.46315588785998
 30
0.0
 10
3.896589346759981
 20
38.3786493538
 30
0.0
 10
3.940518423240007
 20
38.27169167337999
 30
0.0
 10
3.940518423240007
 20
38.14372441852001
 30
0.0
  0
SPLINE
  5
473
330
2AF
100
AcDbEntity
  8
03___PRT_ALL_CURVES
  6
Continuous
 62
     4
100
AcDbSpline
210
0.0
220
0.0
230
1.0
 70
     8
 71
     3
 72
     8
 73
     4
 74
     0
 42
0.0000001
 43
0.0000000001
 40
0.0
 40
0.0
 40
0.0
 40
0.0
 40
1.0
 40
1.0
 40
1.0
 40
1.0
 10
3.940518423240007
 20
38.14372441852001
 30
0.0
 10
3.940518423240007
 20
38.05300137924002
 30
0.0
 10
3.91759900756
 20
37.96609823072001
 30
0.0
 10
3.872913892460019
 20
37.88290785608001
 30
0.0
  0
SPLINE
  5
474
330
2AF
100
AcDbEntity
  8
03___PRT_ALL_CURVES
  6
Continuous
 62
     4
100
AcDbSpline
210
0.0
220
0.0
230
1.0
 70
     8
 71
     3
 72
     8
 73
     4
 74
     0
 42
0.0000001
 43
0.0000000001
 40
0.0
 40
0.0
 40
0.0
 40
0.0
 40
1.0
 40
1.0
 40
1.0
 40
1.0
 10
3.872913892460019
 20
37.88290785608001
 30
0.0
 10
3.827830932079991
 20
37.79897681236
 30
0.0
 10
3.76384732370002
 20
37.73594815508002
 30
0.0
 10
3.681718961159987
 20
37.69201906335999
 30
0.0
  0
SPLINE
  5
475
330
2AF
100
AcDbEntity
  8
03___PRT_ALL_CURVES
  6
Continuous
 62
     4
100
AcDbSpline
210
0.0
220
0.0
230
1.0
 70
     8
 71
     3
 72
     8
 73
     4
 74
     0
 42
0.0000001
 43
0.0000000001
 40
0.0
 40
0.0
 40
0.0
 40
0.0
 40
1.0
 40
1.0
 40
1.0
 40
1.0
 10
3.681718961159987
 20
37.69201906335999
 30
0.0
 10
3.599590728160024
 20
37.64809004021998
 30
0.0
 10
3.493587968360032
 20
37.62612551213999
 30
0.0
 10
3.365620751600005
 20
37.62612551213999
 30
0.0
  0
SPLINE
  5
476
330
2AF
100
AcDbEntity
  8
03___PRT_ALL_CURVES
  6
Continuous
 62
     4
100
AcDbSpline
210
0.0
220
0.0
230
1.0
 70
     8
 71
     3
 72
     8
 73
     4
 74
     0
 42
0.0000001
 43
0.0000000001
 40
0.0
 40
0.0
 40
0.0
 40
0.0
 40
1.0
 40
1.0
 40
1.0
 40
1.0
 10
3.365620751600005
 20
37.62612551213999
 30
0.0
 10
3.272987792340047
 20
37.62612551213999
 30
0.0
 10
3.1937244609
 20
37.63567530762001
 30
0.0
 10
3.127943180220001
 20
37.65235895725999
 30
0.0
  0
SPLINE
  5
477
330
2AF
100
AcDbEntity
  8
03___PRT_ALL_CURVES
  6
Continuous
 62
     4
100
AcDbSpline
210
0.0
220
0.0
230
1.0
 70
     8
 71
     3
 72
     8
 73
     4
 74
     0
 42
0.0000001
 43
0.0000000001
 40
0.0
 40
0.0
 40
0.0
 40
0.0
 40
1.0
 40
1.0
 40
1.0
 40
1.0
 10
3.127943180220001
 20
37.65235895725999
 30
0.0
 10
3.061937233999998
 20
37.66909958925999
 30
0.0
 10
3.005593488420033
 20
37.69583901508
 30
0.0
 10
2.95975448688003
 20
37.73021827829999
 30
0.0
  0
SPLINE
  5
478
330
2AF
100
AcDbEntity
  8
03___PRT_ALL_CURVES
  6
Continuous
 62
     4
100
AcDbSpline
210
0.0
220
0.0
230
1.0
 70
     8
 71
     3
 72
     8
 73
     4
 74
     0
 42
0.0000001
 43
0.0000000001
 40
0.0
 40
0.0
 40
0.0
 40
0.0
 40
1.0
 40
1.0
 40
1.0
 40
1.0
 10
2.95975448688003
 20
37.73021827829999
 30
0.0
 10
2.913915487880047
 20
37.76459754152
 30
0.0
 10
2.876671310400013
 20
37.80470668660001
 30
0.0
 10
2.848021847760037
 20
37.84863578085998
 30
0.0
  0
SPLINE
  5
479
330
2AF
100
AcDbEntity
  8
03___PRT_ALL_CURVES
  6
Continuous
 62
     4
100
AcDbSpline
210
0.0
220
0.0
230
1.0
 70
     8
 71
     3
 72
     8
 73
     4
 74
     0
 42
0.0000001
 43
0.0000000001
 40
0.0
 40
0.0
 40
0.0
 40
0.0
 40
1.0
 40
1.0
 40
1.0
 40
1.0
 10
2.848021847760037
 20
37.84863578085998
 30
0.0
 10
2.819372435920002
 20
37.89256479637999
 30
0.0
 10
2.795497975160004
 20
37.94699863976001
 30
0.0
 10
2.776398404519995
 20
38.01289223416001
 30
0.0
  0
SPLINE
  5
47A
330
2AF
100
AcDbEntity
  8
03___PRT_ALL_CURVES
  6
Continuous
 62
     4
100
AcDbSpline
210
0.0
220
0.0
230
1.0
 70
     8
 71
     3
 72
     8
 73
     4
 74
     0
 42
0.0000001
 43
0.0000000001
 40
0.0
 40
0.0
 40
0.0
 40
0.0
 40
1.0
 40
1.0
 40
1.0
 40
1.0
 10
3.169849916320032
 20
38.05586630619999
 30
0.0
 10
3.179399701640023
 20
37.99283766162
 30
0.0
 10
3.201364323700005
 20
37.94413369247999
 30
0.0
 10
3.236477555480008
 20
37.91142549525998
 30
0.0
  0
SPLINE
  5
47B
330
2AF
100
AcDbEntity
  8
03___PRT_ALL_CURVES
  6
Continuous
 62
     4
100
AcDbSpline
210
0.0
220
0.0
230
1.0
 70
     8
 71
     3
 72
     8
 73
     4
 74
     0
 42
0.0000001
 43
0.0000000001
 40
0.0
 40
0.0
 40
0.0
 40
0.0
 40
1.0
 40
1.0
 40
1.0
 40
1.0
 10
3.236477555480008
 20
37.91142549525998
 30
0.0
 10
3.271077867280013
 20
37.8791950822
 30
0.0
 10
3.313096853600001
 20
37.86296043852002
 30
0.0
 10
3.361800906560006
 20
37.86296043852002
 30
0.0
  0
SPLINE
  5
47C
330
2AF
100
AcDbEntity
  8
03___PRT_ALL_CURVES
  6
Continuous
 62
     4
100
AcDbSpline
210
0.0
220
0.0
230
1.0
 70
     8
 71
     3
 72
     8
 73
     4
 74
     0
 42
0.0000001
 43
0.0000000001
 40
0.0
 40
0.0
 40
0.0
 40
0.0
 40
1.0
 40
1.0
 40
1.0
 40
1.0
 10
3.361800906560006
 20
37.86296043852002
 30
0.0
 10
3.415279765820031
 20
37.86296043852002
 30
0.0
 10
3.460163803560022
 20
37.88301501359999
 30
0.0
 10
3.495498053440031
 20
37.92407912502
 30
0.0
  0
SPLINE
  5
47D
330
2AF
100
AcDbEntity
  8
03___PRT_ALL_CURVES
  6
Continuous
 62
     4
100
AcDbSpline
210
0.0
220
0.0
230
1.0
 70
     8
 71
     3
 72
     8
 73
     4
 74
     0
 42
0.0000001
 43
0.0000000001
 40
0.0
 40
0.0
 40
0.0
 40
0.0
 40
1.0
 40
1.0
 40
1.0
 40
1.0
 10
3.495498053440031
 20
37.92407912502
 30
0.0
 10
3.530832310940042
 20
37.96514324914
 30
0.0
 10
3.548976917779981
 20
38.02626194833999
 30
0.0
 10
3.548976917779981
 20
38.10839016355999
 30
0.0
  0
SPLINE
  5
47E
330
2AF
100
AcDbEntity
  8
03___PRT_ALL_CURVES
  6
Continuous
 62
     4
100
AcDbSpline
210
0.0
220
0.0
230
1.0
 70
     8
 71
     3
 72
     8
 73
     4
 74
     0
 42
0.0000001
 43
0.0000000001
 40
0.0
 40
0.0
 40
0.0
 40
0.0
 40
1.0
 40
1.0
 40
1.0
 40
1.0
 10
3.548976917779981
 20
38.10839016355999
 30
0.0
 10
3.548976917779981
 20
38.19147338322
 30
0.0
 10
3.530832310940042
 20
38.25259210528
 30
0.0
 10
3.495000012780025
 20
38.29129097631997
 30
0.0
  0
SPLINE
  5
47F
330
2AF
100
AcDbEntity
  8
03___PRT_ALL_CURVES
  6
Continuous
 62
     4
100
AcDbSpline
210
0.0
220
0.0
230
1.0
 70
     8
 71
     3
 72
     8
 73
     4
 74
     0
 42
0.0000001
 43
0.0000000001
 40
0.0
 40
0.0
 40
0.0
 40
0.0
 40
1.0
 40
1.0
 40
1.0
 40
1.0
 10
3.495000012780025
 20
38.29129097631997
 30
0.0
 10
3.459208842300001
 20
38.32994542783999
 30
0.0
 10
3.412414714400029
 20
38.35000000037999
 30
0.0
 10
3.353206082500037
 20
38.35000000037999
 30
0.0
  0
SPLINE
  5
480
330
2AF
100
AcDbEntity
  8
03___PRT_ALL_CURVES
  6
Continuous
 62
     4
100
AcDbSpline
210
0.0
220
0.0
230
1.0
 70
     8
 71
     3
 72
     8
 73
     4
 74
     0
 42
0.0000001
 43
0.0000000001
 40
0.0
 40
0.0
 40
0.0
 40
0.0
 40
1.0
 40
1.0
 40
1.0
 40
1.0
 10
3.353206082500037
 20
38.35000000037999
 30
0.0
 10
3.315006943760011
 20
38.35000000037999
 30
0.0
 10
3.278717562440022
 20
38.34045021506
 30
0.0
 10
3.244166666340021
 20
38.32263487095997
 30
0.0
  0
SPLINE
  5
481
330
2AF
100
AcDbEntity
  8
03___PRT_ALL_CURVES
  6
Continuous
 62
     4
100
AcDbSpline
210
0.0
220
0.0
230
1.0
 70
     8
 71
     3
 72
     8
 73
     4
 74
     0
 42
0.0000001
 43
0.0000000001
 40
0.0
 40
0.0
 40
0.0
 40
0.0
 40
1.0
 40
1.0
 40
1.0
 40
1.0
 10
3.244166666340021
 20
38.32263487095997
 30
0.0
 10
3.217599008020017
 20
38.3089358915
 30
0.0
 10
3.188949486960041
 20
38.28410642630001
 30
0.0
 10
3.15839020848
 20
38.24972713514001
 30
0.0
  0
SPLINE
  5
482
330
2AF
100
AcDbEntity
  8
03___PRT_ALL_CURVES
  6
Continuous
 62
     4
100
AcDbSpline
210
0.0
220
0.0
230
1.0
 70
     8
 71
     3
 72
     8
 73
     4
 74
     0
 42
0.0000001
 43
0.0000000001
 40
0.0
 40
0.0
 40
0.0
 40
0.0
 40
1.0
 40
1.0
 40
1.0
 40
1.0
 10
1.462346580000002
 20
34.15000000059999
 30
0.0
 10
1.475716296720037
 20
34.26459754128001
 30
0.0
 10
1.515825431639996
 20
34.37346520771999
 30
0.0
 10
1.583628976500023
 20
34.47469303422
 30
0.0
  0
SPLINE
  5
483
330
2AF
100
AcDbEntity
  8
03___PRT_ALL_CURVES
  6
Continuous
 62
     4
100
AcDbSpline
210
0.0
220
0.0
230
1.0
 70
     8
 71
     3
 72
     8
 73
     4
 74
     0
 42
0.0000001
 43
0.0000000001
 40
0.0
 40
0.0
 40
0.0
 40
0.0
 40
1.0
 40
1.0
 40
1.0
 40
1.0
 10
1.583628976500023
 20
34.47469303422
 30
0.0
 10
1.651432536599998
 20
34.57592087850003
 30
0.0
 10
1.77844481242002
 20
34.69624827563999
 30
0.0
 10
1.965630943000008
 20
34.83470658393998
 30
0.0
  0
SPLINE
  5
484
330
2AF
100
AcDbEntity
  8
03___PRT_ALL_CURVES
  6
Continuous
 62
     4
100
AcDbSpline
210
0.0
220
0.0
230
1.0
 70
     8
 71
     3
 72
     8
 73
     4
 74
     0
 42
0.0000001
 43
0.0000000001
 40
0.0
 40
0.0
 40
0.0
 40
0.0
 40
1.0
 40
1.0
 40
1.0
 40
1.0
 10
1.965630943000008
 20
34.83470658393998
 30
0.0
 10
2.079263362420022
 20
34.91875849864002
 30
0.0
 10
2.151841792320056
 20
34.98369715210001
 30
0.0
 10
2.183999894120035
 20
35.02785453647999
 30
0.0
  0
SPLINE
  5
485
330
2AF
100
AcDbEntity
  8
03___PRT_ALL_CURVES
  6
Continuous
 62
     4
100
AcDbSpline
210
0.0
220
0.0
230
1.0
 70
     8
 71
     3
 72
     8
 73
     4
 74
     0
 42
0.0000001
 43
0.0000000001
 40
0.0
 40
0.0
 40
0.0
 40
0.0
 40
1.0
 40
1.0
 40
1.0
 40
1.0
 10
2.183999894120035
 20
35.02785453647999
 30
0.0
 10
2.215825398160035
 20
35.07155522124
 30
0.0
 10
2.232060082480047
 20
35.11261941139998
 30
0.0
 10
2.232060082480047
 20
35.15272847265999
 30
0.0
  0
SPLINE
  5
486
330
2AF
100
AcDbEntity
  8
03___PRT_ALL_CURVES
  6
Continuous
 62
     4
100
AcDbSpline
210
0.0
220
0.0
230
1.0
 70
     8
 71
     3
 72
     8
 73
     4
 74
     0
 42
0.0000001
 43
0.0000000001
 40
0.0
 40
0.0
 40
0.0
 40
0.0
 40
1.0
 40
1.0
 40
1.0
 40
1.0
 10
2.232060082480047
 20
35.15272847265999
 30
0.0
 10
2.232060082480047
 20
35.19474762662
 30
0.0
 10
2.215825398160035
 20
35.23103684283998
 30
0.0
 10
2.184311077140023
 20
35.2615962026
 30
0.0
  0
SPLINE
  5
487
330
2AF
100
AcDbEntity
  8
03___PRT_ALL_CURVES
  6
Continuous
 62
     4
100
AcDbSpline
210
0.0
220
0.0
230
1.0
 70
     8
 71
     3
 72
     8
 73
     4
 74
     0
 42
0.0000001
 43
0.0000000001
 40
0.0
 40
0.0
 40
0.0
 40
0.0
 40
1.0
 40
1.0
 40
1.0
 40
1.0
 10
2.184311077140023
 20
35.2615962026
 30
0.0
 10
2.15279675358002
 20
35.29215556235999
 30
0.0
 10
2.113642653580001
 20
35.30743520160001
 30
0.0
 10
2.065893645699987
 20
35.30743520160001
 30
0.0
  0
SPLINE
  5
488
330
2AF
100
AcDbEntity
  8
03___PRT_ALL_CURVES
  6
Continuous
 62
     4
100
AcDbSpline
210
0.0
220
0.0
230
1.0
 70
     8
 71
     3
 72
     8
 73
     4
 74
     0
 42
0.0000001
 43
0.0000000001
 40
0.0
 40
0.0
 40
0.0
 40
0.0
 40
1.0
 40
1.0
 40
1.0
 40
1.0
 10
2.065893645699987
 20
35.30743520160001
 30
0.0
 10
2.016234715299987
 20
35.30743520160001
 30
0.0
 10
1.975170608960013
 20
35.29120051728
 30
0.0
 10
1.943894090360004
 20
35.26039789917999
 30
0.0
  0
SPLINE
  5
489
330
2AF
100
AcDbEntity
  8
03___PRT_ALL_CURVES
  6
Continuous
 62
     4
100
AcDbSpline
210
0.0
220
0.0
230
1.0
 70
     8
 71
     3
 72
     8
 73
     4
 74
     0
 42
0.0000001
 43
0.0000000001
 40
0.0
 40
0.0
 40
0.0
 40
0.0
 40
1.0
 40
1.0
 40
1.0
 40
1.0
 10
1.943894090360004
 20
35.26039789917999
 30
0.0
 10
1.912141921200003
 20
35.22912683395998
 30
0.0
 10
1.891132387400006
 20
35.17373804964001
 30
0.0
 10
1.88062760018002
 20
35.09542976581997
 30
0.0
  0
SPLINE
  5
48A
330
2AF
100
AcDbEntity
  8
03___PRT_ALL_CURVES
  6
Continuous
 62
     4
100
AcDbSpline
210
0.0
220
0.0
230
1.0
 70
     8
 71
     3
 72
     8
 73
     4
 74
     0
 42
0.0000001
 43
0.0000000001
 40
0.0
 40
0.0
 40
0.0
 40
0.0
 40
1.0
 40
1.0
 40
1.0
 40
1.0
 10
1.490995966440011
 20
35.12694408938
 30
0.0
 10
1.506275636160012
 20
35.23581173295997
 30
0.0
 10
1.533970048640043
 20
35.32175987957999
 30
0.0
 10
1.574703413960037
 20
35.38309953083998
 30
0.0
  0
SPLINE
  5
48B
330
2AF
100
AcDbEntity
  8
03___PRT_ALL_CURVES
  6
Continuous
 62
     4
100
AcDbSpline
210
0.0
220
0.0
230
1.0
 70
     8
 71
     3
 72
     8
 73
     4
 74
     0
 42
0.0000001
 43
0.0000000001
 40
0.0
 40
0.0
 40
0.0
 40
0.0
 40
1.0
 40
1.0
 40
1.0
 40
1.0
 10
1.574703413960037
 20
35.38309953083998
 30
0.0
 10
1.615143302600046
 20
35.44399723987999
 30
0.0
 10
1.672442072940015
 20
35.49174624776001
 30
0.0
 10
1.746930471079992
 20
35.52421557067998
 30
0.0
  0
SPLINE
  5
48C
330
2AF
100
AcDbEntity
  8
03___PRT_ALL_CURVES
  6
Continuous
 62
     4
100
AcDbSpline
210
0.0
220
0.0
230
1.0
 70
     8
 71
     3
 72
     8
 73
     4
 74
     0
 42
0.0000001
 43
0.0000000001
 40
0.0
 40
0.0
 40
0.0
 40
0.0
 40
1.0
 40
1.0
 40
1.0
 40
1.0
 10
1.746930471079992
 20
35.52421557067998
 30
0.0
 10
1.821418884460002
 20
35.55668489868
 30
0.0
 10
1.923601712860034
 20
35.57387454425998
 30
0.0
 10
2.055388858480001
 20
35.57387454425998
 30
0.0
  0
SPLINE
  5
48D
330
2AF
100
AcDbEntity
  8
03___PRT_ALL_CURVES
  6
Continuous
 62
     4
100
AcDbSpline
210
0.0
220
0.0
230
1.0
 70
     8
 71
     3
 72
     8
 73
     4
 74
     0
 42
0.0000001
 43
0.0000000001
 40
0.0
 40
0.0
 40
0.0
 40
0.0
 40
1.0
 40
1.0
 40
1.0
 40
1.0
 10
2.055388858480001
 20
35.57387454425998
 30
0.0
 10
2.191950937400009
 20
35.57387454425998
 30
0.0
 10
2.297953697200001
 20
35.55763985993997
 30
0.0
 10
2.37418666132001
 20
35.52667021143998
 30
0.0
  0
SPLINE
  5
48E
330
2AF
100
AcDbEntity
  8
03___PRT_ALL_CURVES
  6
Continuous
 62
     4
100
AcDbSpline
210
0.0
220
0.0
230
1.0
 70
     8
 71
     3
 72
     8
 73
     4
 74
     0
 42
0.0000001
 43
0.0000000001
 40
0.0
 40
0.0
 40
0.0
 40
0.0
 40
1.0
 40
1.0
 40
1.0
 40
1.0
 10
2.37418666132001
 20
35.52667021143998
 30
0.0
 10
2.450750419799988
 20
35.49556617662
 30
0.0
 10
2.509959132980043
 20
35.44781717128001
 30
0.0
 10
2.553888191680016
 20
35.38287858893997
 30
0.0
  0
SPLINE
  5
48F
330
2AF
100
AcDbEntity
  8
03___PRT_ALL_CURVES
  6
Continuous
 62
     4
100
AcDbSpline
210
0.0
220
0.0
230
1.0
 70
     8
 71
     3
 72
     8
 73
     4
 74
     0
 42
0.0000001
 43
0.0000000001
 40
0.0
 40
0.0
 40
0.0
 40
0.0
 40
1.0
 40
1.0
 40
1.0
 40
1.0
 10
2.553888191680016
 20
35.38287858893997
 30
0.0
 10
2.597817285940039
 20
35.31793994818
 30
0.0
 10
2.619781740360025
 20
35.24631647954001
 30
0.0
 10
2.619781740360025
 20
35.16609818937999
 30
0.0
  0
SPLINE
  5
490
330
2AF
100
AcDbEntity
  8
03___PRT_ALL_CURVES
  6
Continuous
 62
     4
100
AcDbSpline
210
0.0
220
0.0
230
1.0
 70
     8
 71
     3
 72
     8
 73
     4
 74
     0
 42
0.0000001
 43
0.0000000001
 40
0.0
 40
0.0
 40
0.0
 40
0.0
 40
1.0
 40
1.0
 40
1.0
 40
1.0
 10
2.619781740360025
 20
35.16609818937999
 30
0.0
 10
2.619781740360025
 20
35.08015004275998
 30
0.0
 10
2.593997357080042
 20
34.99897679133997
 30
0.0
 10
2.544554753400035
 20
34.92148501845998
 30
0.0
  0
SPLINE
  5
491
330
2AF
100
AcDbEntity
  8
03___PRT_ALL_CURVES
  6
Continuous
 62
     4
100
AcDbSpline
210
0.0
220
0.0
230
1.0
 70
     8
 71
     3
 72
     8
 73
     4
 74
     0
 42
0.0000001
 43
0.0000000001
 40
0.0
 40
0.0
 40
0.0
 40
0.0
 40
1.0
 40
1.0
 40
1.0
 40
1.0
 10
2.544554753400035
 20
34.92148501845998
 30
0.0
 10
2.494679496280014
 20
34.84331514177998
 30
0.0
 10
2.403956373180023
 20
34.75832195895998
 30
0.0
 10
2.271989522560034
 20
34.66594514854
 30
0.0
  0
LINE
  5
492
330
2AF
100
AcDbEntity
  8
03___PRT_ALL_CURVES
  6
Continuous
 62
     4
100
AcDbLine
 10
2.271989522560034
 20
34.66594514854
 30
0.0
 11
2.114829171400032
 21
34.55175496797997
 31
0.0
  0
LINE
  5
493
330
2AF
100
AcDbEntity
  8
03___PRT_ALL_CURVES
  6
Continuous
 62
     4
100
AcDbLine
 10
2.114829171400032
 20
34.55175496797997
 30
0.0
 11
2.021964571760009
 21
34.46705321460001
 31
0.0
  0
SPLINE
  5
494
330
2AF
100
AcDbEntity
  8
03___PRT_ALL_CURVES
  6
Continuous
 62
     4
100
AcDbSpline
210
0.0
220
0.0
230
1.0
 70
     8
 71
     3
 72
     8
 73
     4
 74
     0
 42
0.0000001
 43
0.0000000001
 40
0.0
 40
0.0
 40
0.0
 40
0.0
 40
1.0
 40
1.0
 40
1.0
 40
1.0
 10
3.937653610580014
 20
35.28738058842001
 30
0.0
 10
3.838335582140019
 20
35.19761251293997
 30
0.0
 10
3.756207366919995
 20
35.10115961973997
 30
0.0
 10
3.690415629059999
 20
34.9979568645
 30
0.0
  0
SPLINE
  5
495
330
2AF
100
AcDbEntity
  8
03___PRT_ALL_CURVES
  6
Continuous
 62
     4
100
AcDbSpline
210
0.0
220
0.0
230
1.0
 70
     8
 71
     3
 72
     8
 73
     4
 74
     0
 42
0.0000001
 43
0.0000000001
 40
0.0
 40
0.0
 40
0.0
 40
0.0
 40
1.0
 40
1.0
 40
1.0
 40
1.0
 10
3.690415629059999
 20
34.9979568645
 30
0.0
 10
3.61009554586002
 20
34.87196453837998
 30
0.0
 10
3.546111937480049
 20
34.73158252806002
 30
0.0
 10
3.499451858080022
 20
34.57712149839998
 30
0.0
  0
SPLINE
  5
496
330
2AF
100
AcDbEntity
  8
03___PRT_ALL_CURVES
  6
Continuous
 62
     4
100
AcDbSpline
210
0.0
220
0.0
230
1.0
 70
     8
 71
     3
 72
     8
 73
     4
 74
     0
 42
0.0000001
 43
0.0000000001
 40
0.0
 40
0.0
 40
0.0
 40
0.0
 40
1.0
 40
1.0
 40
1.0
 40
1.0
 10
3.499451858080022
 20
34.57712149839998
 30
0.0
 10
3.463028761000004
 20
34.45654842483998
 30
0.0
 10
3.438199255159986
 20
34.31425648184
 30
0.0
 10
3.425784583520027
 20
34.15000000059999
 30
0.0
  0
SPLINE
  5
497
330
2AF
100
AcDbEntity
  8
03___PRT_ALL_CURVES
  6
Continuous
 62
     4
100
AcDbSpline
210
0.0
220
0.0
230
1.0
 70
     8
 71
     3
 72
     8
 73
     4
 74
     0
 42
0.0000001
 43
0.0000000001
 40
0.0
 40
0.0
 40
0.0
 40
0.0
 40
1.0
 40
1.0
 40
1.0
 40
1.0
 10
3.038062760540043
 20
34.15000000059999
 30
0.0
 10
3.068622204120004
 20
34.37824010037997
 30
0.0
 10
3.11637112818002
 20
34.57019098393999
 30
0.0
 10
3.181859887219986
 20
34.72506944735997
 30
0.0
  0
SPLINE
  5
498
330
2AF
100
AcDbEntity
  8
03___PRT_ALL_CURVES
  6
Continuous
 62
     4
100
AcDbSpline
210
0.0
220
0.0
230
1.0
 70
     8
 71
     3
 72
     8
 73
     4
 74
     0
 42
0.0000001
 43
0.0000000001
 40
0.0
 40
0.0
 40
0.0
 40
0.0
 40
1.0
 40
1.0
 40
1.0
 40
1.0
 10
3.181859887219986
 20
34.72506944735997
 30
0.0
 10
3.247203393820001
 20
34.87960439864
 30
0.0
 10
3.351296063460012
 20
35.04481579033998
 30
0.0
 10
3.493588039480017
 20
35.22148705752002
 30
0.0
  0
SPLINE
  5
499
330
2AF
100
AcDbEntity
  8
03___PRT_ALL_CURVES
  6
Continuous
 62
     4
100
AcDbSpline
210
0.0
220
0.0
230
1.0
 70
     8
 71
     3
 72
     8
 73
     4
 74
     0
 42
0.0000001
 43
0.0000000001
 40
0.0
 40
0.0
 40
0.0
 40
0.0
 40
1.0
 40
1.0
 40
1.0
 40
1.0
 10
1.462824013640017
 20
30.65000000036
 30
0.0
 10
1.476193727820061
 20
30.76459754103999
 30
0.0
 10
1.516302862740019
 20
30.87346520748
 30
0.0
 10
1.584106410140009
 20
30.97469303397997
 30
0.0
  0
SPLINE
  5
49A
330
2AF
100
AcDbEntity
  8
03___PRT_ALL_CURVES
  6
Continuous
 62
     4
100
AcDbSpline
210
0.0
220
0.0
230
1.0
 70
     8
 71
     3
 72
     8
 73
     4
 74
     0
 42
0.0000001
 43
0.0000000001
 40
0.0
 40
0.0
 40
0.0
 40
0.0
 40
1.0
 40
1.0
 40
1.0
 40
1.0
 10
1.584106410140009
 20
30.97469303397997
 30
0.0
 10
1.651909970239984
 20
31.0759208808
 30
0.0
 10
1.778922243520043
 20
31.1962482754
 30
0.0
 10
1.966108376639994
 20
31.33470658370001
 30
0.0
  0
SPLINE
  5
49B
330
2AF
100
AcDbEntity
  8
03___PRT_ALL_CURVES
  6
Continuous
 62
     4
100
AcDbSpline
210
0.0
220
0.0
230
1.0
 70
     8
 71
     3
 72
     8
 73
     4
 74
     0
 42
0.0000001
 43
0.0000000001
 40
0.0
 40
0.0
 40
0.0
 40
0.0
 40
1.0
 40
1.0
 40
1.0
 40
1.0
 10
1.966108376639994
 20
31.33470658370001
 30
0.0
 10
2.079740796060037
 20
31.41875849839997
 30
0.0
 10
2.152319225960014
 20
31.48369715185999
 30
0.0
 10
2.184477327760021
 20
31.52785453623997
 30
0.0
  0
SPLINE
  5
49C
330
2AF
100
AcDbEntity
  8
03___PRT_ALL_CURVES
  6
Continuous
 62
     4
100
AcDbSpline
210
0.0
220
0.0
230
1.0
 70
     8
 71
     3
 72
     8
 73
     4
 74
     0
 42
0.0000001
 43
0.0000000001
 40
0.0
 40
0.0
 40
0.0
 40
0.0
 40
1.0
 40
1.0
 40
1.0
 40
1.0
 10
2.184477327760021
 20
31.52785453623997
 30
0.0
 10
2.216302831799993
 20
31.57155522100001
 30
0.0
 10
2.232537516120004
 20
31.61261941116001
 30
0.0
 10
2.232537516120004
 20
31.65272847495999
 30
0.0
  0
SPLINE
  5
49D
330
2AF
100
AcDbEntity
  8
03___PRT_ALL_CURVES
  6
Continuous
 62
     4
100
AcDbSpline
210
0.0
220
0.0
230
1.0
 70
     8
 71
     3
 72
     8
 73
     4
 74
     0
 42
0.0000001
 43
0.0000000001
 40
0.0
 40
0.0
 40
0.0
 40
0.0
 40
1.0
 40
1.0
 40
1.0
 40
1.0
 10
2.232537516120004
 20
31.65272847495999
 30
0.0
 10
2.232537516120004
 20
31.69474762637998
 30
0.0
 10
2.216302831799993
 20
31.73103684260002
 30
0.0
 10
2.184788510779981
 20
31.76159620235998
 30
0.0
  0
SPLINE
  5
49E
330
2AF
100
AcDbEntity
  8
03___PRT_ALL_CURVES
  6
Continuous
 62
     4
100
AcDbSpline
210
0.0
220
0.0
230
1.0
 70
     8
 71
     3
 72
     8
 73
     4
 74
     0
 42
0.0000001
 43
0.0000000001
 40
0.0
 40
0.0
 40
0.0
 40
0.0
 40
1.0
 40
1.0
 40
1.0
 40
1.0
 10
2.184788510779981
 20
31.76159620235998
 30
0.0
 10
2.153274187219978
 20
31.79215556465999
 30
0.0
 10
2.114120087219987
 20
31.80743520135997
 30
0.0
 10
2.066371079340001
 20
31.80743520135997
 30
0.0
  0
SPLINE
  5
49F
330
2AF
100
AcDbEntity
  8
03___PRT_ALL_CURVES
  6
Continuous
 62
     4
100
AcDbSpline
210
0.0
220
0.0
230
1.0
 70
     8
 71
     3
 72
     8
 73
     4
 74
     0
 42
0.0000001
 43
0.0000000001
 40
0.0
 40
0.0
 40
0.0
 40
0.0
 40
1.0
 40
1.0
 40
1.0
 40
1.0
 10
2.066371079340001
 20
31.80743520135997
 30
0.0
 10
2.016712148940002
 20
31.80743520135997
 30
0.0
 10
1.975648042600028
 20
31.79120051958
 30
0.0
 10
1.944371524000019
 20
31.76039789893997
 30
0.0
  0
SPLINE
  5
4A0
330
2AF
100
AcDbEntity
  8
03___PRT_ALL_CURVES
  6
Continuous
 62
     4
100
AcDbSpline
210
0.0
220
0.0
230
1.0
 70
     8
 71
     3
 72
     8
 73
     4
 74
     0
 42
0.0000001
 43
0.0000000001
 40
0.0
 40
0.0
 40
0.0
 40
0.0
 40
1.0
 40
1.0
 40
1.0
 40
1.0
 10
1.944371524000019
 20
31.76039789893997
 30
0.0
 10
1.912619354840018
 20
31.72912683372002
 30
0.0
 10
1.891609821039992
 20
31.67373804939999
 30
0.0
 10
1.881105031280015
 20
31.59542976558001
 30
0.0
  0
SPLINE
  5
4A1
330
2AF
100
AcDbEntity
  8
03___PRT_ALL_CURVES
  6
Continuous
 62
     4
100
AcDbSpline
210
0.0
220
0.0
230
1.0
 70
     8
 71
     3
 72
     8
 73
     4
 74
     0
 42
0.0000001
 43
0.0000000001
 40
0.0
 40
0.0
 40
0.0
 40
0.0
 40
1.0
 40
1.0
 40
1.0
 40
1.0
 10
1.491473397540005
 20
31.62694408914001
 30
0.0
 10
1.506753069799998
 20
31.73581173271998
 30
0.0
 10
1.534447482280001
 20
31.82175987933999
 30
0.0
 10
1.575180847600024
 20
31.88309953060002
 30
0.0
  0
SPLINE
  5
4A2
330
2AF
100
AcDbEntity
  8
03___PRT_ALL_CURVES
  6
Continuous
 62
     4
100
AcDbSpline
210
0.0
220
0.0
230
1.0
 70
     8
 71
     3
 72
     8
 73
     4
 74
     0
 42
0.0000001
 43
0.0000000001
 40
0.0
 40
0.0
 40
0.0
 40
0.0
 40
1.0
 40
1.0
 40
1.0
 40
1.0
 10
1.575180847600024
 20
31.88309953060002
 30
0.0
 10
1.615620733700013
 20
31.94399723964
 30
0.0
 10
1.672919506580001
 20
31.99174624752001
 30
0.0
 10
1.747407904720006
 20
32.02421557043999
 30
0.0
  0
SPLINE
  5
4A3
330
2AF
100
AcDbEntity
  8
03___PRT_ALL_CURVES
  6
Continuous
 62
     4
100
AcDbSpline
210
0.0
220
0.0
230
1.0
 70
     8
 71
     3
 72
     8
 73
     4
 74
     0
 42
0.0000001
 43
0.0000000001
 40
0.0
 40
0.0
 40
0.0
 40
0.0
 40
1.0
 40
1.0
 40
1.0
 40
1.0
 10
1.747407904720006
 20
32.02421557043999
 30
0.0
 10
1.821896318099988
 20
32.05668489843998
 30
0.0
 10
1.92407914650002
 20
32.07387454402001
 30
0.0
 10
2.055866292120015
 20
32.07387454402001
 30
0.0
  0
SPLINE
  5
4A4
330
2AF
100
AcDbEntity
  8
03___PRT_ALL_CURVES
  6
Continuous
 62
     4
100
AcDbSpline
210
0.0
220
0.0
230
1.0
 70
     8
 71
     3
 72
     8
 73
     4
 74
     0
 42
0.0000001
 43
0.0000000001
 40
0.0
 40
0.0
 40
0.0
 40
0.0
 40
1.0
 40
1.0
 40
1.0
 40
1.0
 10
2.055866292120015
 20
32.07387454402001
 30
0.0
 10
2.192428371039995
 20
32.07387454402001
 30
0.0
 10
2.298431130840015
 20
32.0576398597
 30
0.0
 10
2.374664094959996
 20
32.02667021120001
 30
0.0
  0
SPLINE
  5
4A5
330
2AF
100
AcDbEntity
  8
03___PRT_ALL_CURVES
  6
Continuous
 62
     4
100
AcDbSpline
210
0.0
220
0.0
230
1.0
 70
     8
 71
     3
 72
     8
 73
     4
 74
     0
 42
0.0000001
 43
0.0000000001
 40
0.0
 40
0.0
 40
0.0
 40
0.0
 40
1.0
 40
1.0
 40
1.0
 40
1.0
 10
2.374664094959996
 20
32.02667021120001
 30
0.0
 10
2.451227853440002
 20
31.99556617637998
 30
0.0
 10
2.510436566620029
 20
31.94781717104001
 30
0.0
 10
2.554365625320031
 20
31.88287858870001
 30
0.0
  0
SPLINE
  5
4A6
330
2AF
100
AcDbEntity
  8
03___PRT_ALL_CURVES
  6
Continuous
 62
     4
100
AcDbSpline
210
0.0
220
0.0
230
1.0
 70
     8
 71
     3
 72
     8
 73
     4
 74
     0
 42
0.0000001
 43
0.0000000001
 40
0.0
 40
0.0
 40
0.0
 40
0.0
 40
1.0
 40
1.0
 40
1.0
 40
1.0
 10
2.554365625320031
 20
31.88287858870001
 30
0.0
 10
2.598294719580025
 20
31.81793994793998
 30
0.0
 10
2.62025917400004
 20
31.74631647929999
 30
0.0
 10
2.62025917400004
 20
31.66609818914
 30
0.0
  0
SPLINE
  5
4A7
330
2AF
100
AcDbEntity
  8
03___PRT_ALL_CURVES
  6
Continuous
 62
     4
100
AcDbSpline
210
0.0
220
0.0
230
1.0
 70
     8
 71
     3
 72
     8
 73
     4
 74
     0
 42
0.0000001
 43
0.0000000001
 40
0.0
 40
0.0
 40
0.0
 40
0.0
 40
1.0
 40
1.0
 40
1.0
 40
1.0
 10
2.62025917400004
 20
31.66609818914
 30
0.0
 10
2.62025917400004
 20
31.58015004251999
 30
0.0
 10
2.594474788180008
 20
31.49897679110001
 30
0.0
 10
2.545032187039993
 20
31.42148501822001
 30
0.0
  0
SPLINE
  5
4A8
330
2AF
100
AcDbEntity
  8
03___PRT_ALL_CURVES
  6
Continuous
 62
     4
100
AcDbSpline
210
0.0
220
0.0
230
1.0
 70
     8
 71
     3
 72
     8
 73
     4
 74
     0
 42
0.0000001
 43
0.0000000001
 40
0.0
 40
0.0
 40
0.0
 40
0.0
 40
1.0
 40
1.0
 40
1.0
 40
1.0
 10
2.545032187039993
 20
31.42148501822001
 30
0.0
 10
2.495156927380037
 20
31.34331514153999
 30
0.0
 10
2.404433806820037
 20
31.25832195871999
 30
0.0
 10
2.27246695620002
 20
31.16594514829998
 30
0.0
  0
LINE
  5
4A9
330
2AF
100
AcDbEntity
  8
03___PRT_ALL_CURVES
  6
Continuous
 62
     4
100
AcDbLine
 10
2.27246695620002
 20
31.16594514829998
 30
0.0
 11
2.115306605040018
 21
31.05175496774001
 31
0.0
  0
LINE
  5
4AA
330
2AF
100
AcDbEntity
  8
03___PRT_ALL_CURVES
  6
Continuous
 62
     4
100
AcDbLine
 10
2.115306605040018
 20
31.05175496774001
 30
0.0
 11
2.022442002860032
 21
30.96705321435999
 31
0.0
  0
SPLINE
  5
4AB
330
2AF
100
AcDbEntity
  8
03___PRT_ALL_CURVES
  6
Continuous
 62
     4
100
AcDbSpline
210
0.0
220
0.0
230
1.0
 70
     8
 71
     3
 72
     8
 73
     4
 74
     0
 42
0.0000001
 43
0.0000000001
 40
0.0
 40
0.0
 40
0.0
 40
0.0
 40
1.0
 40
1.0
 40
1.0
 40
1.0
 10
3.199931738300023
 20
31.01289223367999
 30
0.0
 10
3.209481521080022
 20
30.9584583903
 30
0.0
 10
3.226671166659997
 20
30.92025921091999
 30
0.0
 10
3.25104849408001
 20
30.89779387612001
 30
0.0
  0
SPLINE
  5
4AC
330
2AF
100
AcDbEntity
  8
03___PRT_ALL_CURVES
  6
Continuous
 62
     4
100
AcDbSpline
210
0.0
220
0.0
230
1.0
 70
     8
 71
     3
 72
     8
 73
     4
 74
     0
 42
0.0000001
 43
0.0000000001
 40
0.0
 40
0.0
 40
0.0
 40
0.0
 40
1.0
 40
1.0
 40
1.0
 40
1.0
 10
3.25104849408001
 20
30.89779387612001
 30
0.0
 10
3.275375219620003
 20
30.87537517318
 30
0.0
 10
3.304979534299974
 20
30.86487040373999
 30
0.0
 10
3.340313789259994
 20
30.86487040373999
 30
0.0
  0
SPLINE
  5
4AD
330
2AF
100
AcDbEntity
  8
03___PRT_ALL_CURVES
  6
Continuous
 62
     4
100
AcDbSpline
210
0.0
220
0.0
230
1.0
 70
     8
 71
     3
 72
     8
 73
     4
 74
     0
 42
0.0000001
 43
0.0000000001
 40
0.0
 40
0.0
 40
0.0
 40
0.0
 40
1.0
 40
1.0
 40
1.0
 40
1.0
 10
3.340313789259994
 20
30.86487040373999
 30
0.0
 10
3.402387472579989
 20
30.86487040373999
 30
0.0
 10
3.451091357900026
 20
30.89638472729999
 30
0.0
 10
3.486041244820029
 20
30.95962731608
 30
0.0
  0
SPLINE
  5
4AE
330
2AF
100
AcDbEntity
  8
03___PRT_ALL_CURVES
  6
Continuous
 62
     4
100
AcDbSpline
210
0.0
220
0.0
230
1.0
 70
     8
 71
     3
 72
     8
 73
     4
 74
     0
 42
0.0000001
 43
0.0000000001
 40
0.0
 40
0.0
 40
0.0
 40
0.0
 40
1.0
 40
1.0
 40
1.0
 40
1.0
 10
3.486041244820029
 20
30.95962731608
 30
0.0
 10
3.511255118700007
 20
31.00525237341998
 30
0.0
 10
3.530354686799996
 20
31.10361527295996
 30
0.0
 10
3.543724484799981
 20
31.25450202732
 30
0.0
  0
SPLINE
  5
4AF
330
2AF
100
AcDbEntity
  8
03___PRT_ALL_CURVES
  6
Continuous
 62
     4
100
AcDbSpline
210
0.0
220
0.0
230
1.0
 70
     8
 71
     3
 72
     8
 73
     4
 74
     0
 42
0.0000001
 43
0.0000000001
 40
0.0
 40
0.0
 40
0.0
 40
0.0
 40
1.0
 40
1.0
 40
1.0
 40
1.0
 10
3.543724484799981
 20
31.25450202732
 30
0.0
 10
3.496930356900009
 20
31.20675306262001
 30
0.0
 10
3.449181435380041
 20
31.17141881020001
 30
0.0
 10
3.400575119080031
 20
31.14923923047996
 30
0.0
  0
SPLINE
  5
4B0
330
2AF
100
AcDbEntity
  8
03___PRT_ALL_CURVES
  6
Continuous
 62
     4
100
AcDbSpline
210
0.0
220
0.0
230
1.0
 70
     8
 71
     3
 72
     8
 73
     4
 74
     0
 42
0.0000001
 43
0.0000000001
 40
0.0
 40
0.0
 40
0.0
 40
0.0
 40
1.0
 40
1.0
 40
1.0
 40
1.0
 10
3.400575119080031
 20
31.14923923047996
 30
0.0
 10
3.350818535840034
 20
31.12653477245999
 30
0.0
 10
3.294474790259983
 20
31.11603002587998
 30
0.0
 10
3.230491181880012
 20
31.11603002587998
 30
0.0
  0
SPLINE
  5
4B1
330
2AF
100
AcDbEntity
  8
03___PRT_ALL_CURVES
  6
Continuous
 62
     4
100
AcDbSpline
210
0.0
220
0.0
230
1.0
 70
     8
 71
     3
 72
     8
 73
     4
 74
     0
 42
0.0000001
 43
0.0000000001
 40
0.0
 40
0.0
 40
0.0
 40
0.0
 40
1.0
 40
1.0
 40
1.0
 40
1.0
 10
3.230491181880012
 20
31.11603002587998
 30
0.0
 10
3.104433890180019
 20
31.11603002587998
 30
0.0
 10
2.998431130379998
 20
31.15995905918001
 30
0.0
 10
2.912244073900041
 20
31.24949785902001
 30
0.0
  0
SPLINE
  5
4B2
330
2AF
100
AcDbEntity
  8
03___PRT_ALL_CURVES
  6
Continuous
 62
     4
100
AcDbSpline
210
0.0
220
0.0
230
1.0
 70
     8
 71
     3
 72
     8
 73
     4
 74
     0
 42
0.0000001
 43
0.0000000001
 40
0.0
 40
0.0
 40
0.0
 40
0.0
 40
1.0
 40
1.0
 40
1.0
 40
1.0
 10
2.912244073900041
 20
31.24949785902001
 30
0.0
 10
2.826534839680022
 20
31.33854024887998
 30
0.0
 10
2.783560724460017
 20
31.45122786704002
 30
0.0
 10
2.783560724460017
 20
31.58778990531999
 30
0.0
  0
SPLINE
  5
4B3
330
2AF
100
AcDbEntity
  8
03___PRT_ALL_CURVES
  6
Continuous
 62
     4
100
AcDbSpline
210
0.0
220
0.0
230
1.0
 70
     8
 71
     3
 72
     8
 73
     4
 74
     0
 42
0.0000001
 43
0.0000000001
 40
0.0
 40
0.0
 40
0.0
 40
0.0
 40
1.0
 40
1.0
 40
1.0
 40
1.0
 10
2.783560724460017
 20
31.58778990531999
 30
0.0
 10
2.783560724460017
 20
31.68042294839998
 30
0.0
 10
2.805525262700002
 20
31.76541613375997
 30
0.0
 10
2.849454288380031
 20
31.84181447474
 30
0.0
  0
SPLINE
  5
4B4
330
2AF
100
AcDbEntity
  8
03___PRT_ALL_CURVES
  6
Continuous
 62
     4
100
AcDbSpline
210
0.0
220
0.0
230
1.0
 70
     8
 71
     3
 72
     8
 73
     4
 74
     0
 42
0.0000001
 43
0.0000000001
 40
0.0
 40
0.0
 40
0.0
 40
0.0
 40
1.0
 40
1.0
 40
1.0
 40
1.0
 10
2.849454288380031
 20
31.84181447474
 30
0.0
 10
2.893383331840027
 20
31.91821285381999
 30
0.0
 10
2.953547092640008
 20
31.9755115632
 30
0.0
 10
3.030802259440009
 20
32.01485890132
 30
0.0
  0
SPLINE
  5
4B5
330
2AF
100
AcDbEntity
  8
03___PRT_ALL_CURVES
  6
Continuous
 62
     4
100
AcDbSpline
210
0.0
220
0.0
230
1.0
 70
     8
 71
     3
 72
     8
 73
     4
 74
     0
 42
0.0000001
 43
0.0000000001
 40
0.0
 40
0.0
 40
0.0
 40
0.0
 40
1.0
 40
1.0
 40
1.0
 40
1.0
 10
3.030802259440009
 20
32.01485890132
 30
0.0
 10
3.107298776500016
 20
32.05381984702001
 30
0.0
 10
3.204706712239982
 20
32.07387454402001
 30
0.0
 10
3.321214218619986
 20
32.07387454402001
 30
0.0
  0
SPLINE
  5
4B6
330
2AF
100
AcDbEntity
  8
03___PRT_ALL_CURVES
  6
Continuous
 62
     4
100
AcDbSpline
210
0.0
220
0.0
230
1.0
 70
     8
 71
     3
 72
     8
 73
     4
 74
     0
 42
0.0000001
 43
0.0000000001
 40
0.0
 40
0.0
 40
0.0
 40
0.0
 40
1.0
 40
1.0
 40
1.0
 40
1.0
 10
3.321214218619986
 20
32.07387454402001
 30
0.0
 10
3.460641143219988
 20
32.07387454402001
 30
0.0
 10
3.573328802020001
 20
32.04904503818
 30
0.0
 10
3.65820665359999
 20
32.00109146885998
 30
0.0
  0
SPLINE
  5
4B7
330
2AF
100
AcDbEntity
  8
03___PRT_ALL_CURVES
  6
Continuous
 62
     4
100
AcDbSpline
210
0.0
220
0.0
230
1.0
 70
     8
 71
     3
 72
     8
 73
     4
 74
     0
 42
0.0000001
 43
0.0000000001
 40
0.0
 40
0.0
 40
0.0
 40
0.0
 40
1.0
 40
1.0
 40
1.0
 40
1.0
 10
3.65820665359999
 20
32.00109146885998
 30
0.0
 10
3.742360206400008
 20
31.95354710877999
 30
0.0
 10
3.810163662360026
 20
31.87714866365999
 30
0.0
 10
3.860777637840044
 20
31.77210094893999
 30
0.0
  0
SPLINE
  5
4B8
330
2AF
100
AcDbEntity
  8
03___PRT_ALL_CURVES
  6
Continuous
 62
     4
100
AcDbSpline
210
0.0
220
0.0
230
1.0
 70
     8
 71
     3
 72
     8
 73
     4
 74
     0
 42
0.0000001
 43
0.0000000001
 40
0.0
 40
0.0
 40
0.0
 40
0.0
 40
1.0
 40
1.0
 40
1.0
 40
1.0
 10
3.860777637840044
 20
31.77210094893999
 30
0.0
 10
3.911391613320035
 20
31.66705323421999
 30
0.0
 10
3.937175915320012
 20
31.52953615086
 30
0.0
 10
3.937175915320012
 20
31.35763986015999
 30
0.0
  0
SPLINE
  5
4B9
330
2AF
100
AcDbEntity
  8
03___PRT_ALL_CURVES
  6
Continuous
 62
     4
100
AcDbSpline
210
0.0
220
0.0
230
1.0
 70
     8
 71
     3
 72
     8
 73
     4
 74
     0
 42
0.0000001
 43
0.0000000001
 40
0.0
 40
0.0
 40
0.0
 40
0.0
 40
1.0
 40
1.0
 40
1.0
 40
1.0
 10
3.937175915320012
 20
31.35763986015999
 30
0.0
 10
3.937175915320012
 20
31.10457027485998
 30
0.0
 10
3.883697221159991
 20
30.91930422679997
 30
0.0
 10
3.777432097140007
 20
30.80207904850002
 30
0.0
  0
SPLINE
  5
4BA
330
2AF
100
AcDbEntity
  8
03___PRT_ALL_CURVES
  6
Continuous
 62
     4
100
AcDbSpline
210
0.0
220
0.0
230
1.0
 70
     8
 71
     3
 72
     8
 73
     4
 74
     0
 42
0.0000001
 43
0.0000000001
 40
0.0
 40
0.0
 40
0.0
 40
0.0
 40
1.0
 40
1.0
 40
1.0
 40
1.0
 10
3.777432097140007
 20
30.80207904850002
 30
0.0
 10
3.670736737759995
 20
30.68437926358001
 30
0.0
 10
3.523669787800003
 20
30.62612551166001
 30
0.0
 10
3.335538812780015
 20
30.62612551166001
 30
0.0
  0
SPLINE
  5
4BB
330
2AF
100
AcDbEntity
  8
03___PRT_ALL_CURVES
  6
Continuous
 62
     4
100
AcDbSpline
210
0.0
220
0.0
230
1.0
 70
     8
 71
     3
 72
     8
 73
     4
 74
     0
 42
0.0000001
 43
0.0000000001
 40
0.0
 40
0.0
 40
0.0
 40
0.0
 40
1.0
 40
1.0
 40
1.0
 40
1.0
 10
3.335538812780015
 20
30.62612551166001
 30
0.0
 10
3.22380628288002
 20
30.62612551166001
 30
0.0
 10
3.135948129920024
 20
30.63949522583999
 30
0.0
 10
3.072062687460004
 20
30.66457618914001
 30
0.0
  0
SPLINE
  5
4BC
330
2AF
100
AcDbEntity
  8
03___PRT_ALL_CURVES
  6
Continuous
 62
     4
100
AcDbSpline
210
0.0
220
0.0
230
1.0
 70
     8
 71
     3
 72
     8
 73
     4
 74
     0
 42
0.0000001
 43
0.0000000001
 40
0.0
 40
0.0
 40
0.0
 40
0.0
 40
1.0
 40
1.0
 40
1.0
 40
1.0
 10
3.072062687460004
 20
30.66457618914001
 30
0.0
 10
3.007025954440024
 20
30.69010914035999
 30
0.0
 10
2.953547092640008
 20
30.72830831973999
 30
0.0
 10
2.911251652719983
 20
30.77773215027997
 30
0.0
  0
SPLINE
  5
4BD
330
2AF
100
AcDbEntity
  8
03___PRT_ALL_CURVES
  6
Continuous
 62
     4
100
AcDbSpline
210
0.0
220
0.0
230
1.0
 70
     8
 71
     3
 72
     8
 73
     4
 74
     0
 42
0.0000001
 43
0.0000000001
 40
0.0
 40
0.0
 40
0.0
 40
0.0
 40
1.0
 40
1.0
 40
1.0
 40
1.0
 10
2.911251652719983
 20
30.77773215027997
 30
0.0
 10
2.86855382600001
 20
30.82762618562001
 30
0.0
 10
2.836084625000012
 20
30.88969986893997
 30
0.0
 10
2.813165041680008
 20
30.96418826454001
 30
0.0
  0
SPLINE
  5
4BE
330
2AF
100
AcDbEntity
  8
03___PRT_ALL_CURVES
  6
Continuous
 62
     4
100
AcDbSpline
210
0.0
220
0.0
230
1.0
 70
     8
 71
     3
 72
     8
 73
     4
 74
     0
 42
0.0000001
 43
0.0000000001
 40
0.0
 40
0.0
 40
0.0
 40
0.0
 40
1.0
 40
1.0
 40
1.0
 40
1.0
 10
3.529399725540031
 20
31.58874486658002
 30
0.0
 10
3.529399725540031
 20
31.66418826661999
 30
0.0
 10
3.510300154900051
 20
31.72339697979999
 30
0.0
 10
3.472100950119994
 20
31.76637103406
 30
0.0
  0
SPLINE
  5
4BF
330
2AF
100
AcDbEntity
  8
03___PRT_ALL_CURVES
  6
Continuous
 62
     4
100
AcDbSpline
210
0.0
220
0.0
230
1.0
 70
     8
 71
     3
 72
     8
 73
     4
 74
     0
 42
0.0000001
 43
0.0000000001
 40
0.0
 40
0.0
 40
0.0
 40
0.0
 40
1.0
 40
1.0
 40
1.0
 40
1.0
 10
3.472100950119994
 20
31.76637103406
 30
0.0
 10
3.433901712320051
 20
31.80934512641997
 30
0.0
 10
3.387107749520027
 20
31.83130966466001
 30
0.0
 10
3.332673929000038
 20
31.83130966466001
 30
0.0
  0
SPLINE
  5
4C0
330
2AF
100
AcDbEntity
  8
03___PRT_ALL_CURVES
  6
Continuous
 62
     4
100
AcDbSpline
210
0.0
220
0.0
230
1.0
 70
     8
 71
     3
 72
     8
 73
     4
 74
     0
 42
0.0000001
 43
0.0000000001
 40
0.0
 40
0.0
 40
0.0
 40
0.0
 40
1.0
 40
1.0
 40
1.0
 40
1.0
 10
3.332673929000038
 20
31.83130966466001
 30
0.0
 10
3.281104989720006
 20
31.83130966466001
 30
0.0
 10
3.238131042140026
 20
31.81125513276001
 30
0.0
 10
3.203988174180012
 20
31.77284444758001
 30
0.0
  0
SPLINE
  5
4C1
330
2AF
100
AcDbEntity
  8
03___PRT_ALL_CURVES
  6
Continuous
 62
     4
100
AcDbSpline
210
0.0
220
0.0
230
1.0
 70
     8
 71
     3
 72
     8
 73
     4
 74
     0
 42
0.0000001
 43
0.0000000001
 40
0.0
 40
0.0
 40
0.0
 40
0.0
 40
1.0
 40
1.0
 40
1.0
 40
1.0
 10
3.203988174180012
 20
31.77284444758001
 30
0.0
 10
3.169372459820011
 20
31.7339018102
 30
0.0
 10
3.153137775499999
 20
31.67564805827999
 30
0.0
 10
3.153137775499999
 20
31.59829465189998
 30
0.0
  0
SPLINE
  5
4C2
330
2AF
100
AcDbEntity
  8
03___PRT_ALL_CURVES
  6
Continuous
 62
     4
100
AcDbSpline
210
0.0
220
0.0
230
1.0
 70
     8
 71
     3
 72
     8
 73
     4
 74
     0
 42
0.0000001
 43
0.0000000001
 40
0.0
 40
0.0
 40
0.0
 40
0.0
 40
1.0
 40
1.0
 40
1.0
 40
1.0
 10
3.153137775499999
 20
31.59829465189998
 30
0.0
 10
3.153137775499999
 20
31.51998636808
 30
0.0
 10
3.170327421080032
 20
31.45982260727999
 30
0.0
 10
3.205426599040038
 20
31.41855739136
 30
0.0
  0
SPLINE
  5
4C3
330
2AF
100
AcDbEntity
  8
03___PRT_ALL_CURVES
  6
Continuous
 62
     4
100
AcDbSpline
210
0.0
220
0.0
230
1.0
 70
     8
 71
     3
 72
     8
 73
     4
 74
     0
 42
0.0000001
 43
0.0000000001
 40
0.0
 40
0.0
 40
0.0
 40
0.0
 40
1.0
 40
1.0
 40
1.0
 40
1.0
 10
3.205426599040038
 20
31.41855739136
 30
0.0
 10
3.240995928459995
 20
31.3767394308
 30
0.0
 10
3.284925004940021
 20
31.35668481508
 30
0.0
 10
3.338403864200018
 20
31.35668481508
 30
0.0
  0
SPLINE
  5
4C4
330
2AF
100
AcDbEntity
  8
03___PRT_ALL_CURVES
  6
Continuous
 62
     4
100
AcDbSpline
210
0.0
220
0.0
230
1.0
 70
     8
 71
     3
 72
     8
 73
     4
 74
     0
 42
0.0000001
 43
0.0000000001
 40
0.0
 40
0.0
 40
0.0
 40
0.0
 40
1.0
 40
1.0
 40
1.0
 40
1.0
 10
3.338403864200018
 20
31.35668481508
 30
0.0
 10
3.392837687260027
 20
31.35668481508
 30
0.0
 10
3.438676688800001
 20
31.3767394308
 30
0.0
 10
3.474965902480022
 20
31.41684857587998
 30
0.0
  0
SPLINE
  5
4C5
330
2AF
100
AcDbEntity
  8
03___PRT_ALL_CURVES
  6
Continuous
 62
     4
100
AcDbSpline
210
0.0
220
0.0
230
1.0
 70
     8
 71
     3
 72
     8
 73
     4
 74
     0
 42
0.0000001
 43
0.0000000001
 40
0.0
 40
0.0
 40
0.0
 40
0.0
 40
1.0
 40
1.0
 40
1.0
 40
1.0
 10
3.474965902480022
 20
31.41684857587998
 30
0.0
 10
3.511255118700007
 20
31.45695772095999
 30
0.0
 10
3.529399725540031
 20
31.51425651162
 30
0.0
 10
3.529399725540031
 20
31.58874486658002
 30
0.0
  0
SPLINE
  5
4C6
330
2AF
100
AcDbEntity
  8
03___PRT_ALL_CURVES
  6
Continuous
 62
     4
100
AcDbSpline
210
0.0
220
0.0
230
1.0
 70
     8
 71
     3
 72
     8
 73
     4
 74
     0
 42
0.0000001
 43
0.0000000001
 40
0.0
 40
0.0
 40
0.0
 40
0.0
 40
1.0
 40
1.0
 40
1.0
 40
1.0
 10
1.62230558952001
 20
28.21098222664
 30
0.0
 10
1.652864939120008
 20
28.32748973302
 30
0.0
 10
1.711118680880048
 20
28.41725780850001
 30
0.0
 10
1.798248786020025
 20
28.47997233889998
 30
0.0
  0
SPLINE
  5
4C7
330
2AF
100
AcDbEntity
  8
03___PRT_ALL_CURVES
  6
Continuous
 62
     4
100
AcDbSpline
210
0.0
220
0.0
230
1.0
 70
     8
 71
     3
 72
     8
 73
     4
 74
     0
 42
0.0000001
 43
0.0000000001
 40
0.0
 40
0.0
 40
0.0
 40
0.0
 40
1.0
 40
1.0
 40
1.0
 40
1.0
 10
1.798248786020025
 20
28.47997233889998
 30
0.0
 10
1.884924960140012
 20
28.54236013893998
 30
0.0
 10
2.008117322340041
 20
28.57387454377999
 30
0.0
 10
2.167598903300018
 20
28.57387454377999
 30
0.0
  0
SPLINE
  5
4C8
330
2AF
100
AcDbEntity
  8
03___PRT_ALL_CURVES
  6
Continuous
 62
     4
100
AcDbSpline
210
0.0
220
0.0
230
1.0
 70
     8
 71
     3
 72
     8
 73
     4
 74
     0
 42
0.0000001
 43
0.0000000001
 40
0.0
 40
0.0
 40
0.0
 40
0.0
 40
1.0
 40
1.0
 40
1.0
 40
1.0
 10
2.167598903300018
 20
28.57387454377999
 30
0.0
 10
2.34999998121998
 20
28.57387454377999
 30
0.0
 10
2.481787210660002
 20
28.53949525262001
 30
0.0
 10
2.563485561360039
 20
28.47117437326
 30
0.0
  0
SPLINE
  5
4C9
330
2AF
100
AcDbEntity
  8
03___PRT_ALL_CURVES
  6
Continuous
 62
     4
100
AcDbSpline
210
0.0
220
0.0
230
1.0
 70
     8
 71
     3
 72
     8
 73
     4
 74
     0
 42
0.0000001
 43
0.0000000001
 40
0.0
 40
0.0
 40
0.0
 40
0.0
 40
1.0
 40
1.0
 40
1.0
 40
1.0
 10
2.563485561360039
 20
28.47117437326
 30
0.0
 10
2.645088677300009
 20
28.40293313306
 30
0.0
 10
2.686152783640011
 20
28.31793994770001
 30
0.0
 10
2.686152783640011
 20
28.21480215804002
 30
0.0
  0
SPLINE
  5
4CA
330
2AF
100
AcDbEntity
  8
03___PRT_ALL_CURVES
  6
Continuous
 62
     4
100
AcDbSpline
210
0.0
220
0.0
230
1.0
 70
     8
 71
     3
 72
     8
 73
     4
 74
     0
 42
0.0000001
 43
0.0000000001
 40
0.0
 40
0.0
 40
0.0
 40
0.0
 40
1.0
 40
1.0
 40
1.0
 40
1.0
 10
2.686152783640011
 20
28.21480215804002
 30
0.0
 10
2.686152783640011
 20
28.15368351980001
 30
0.0
 10
2.668963138060036
 20
28.09924969674
 30
0.0
 10
2.636384981220033
 20
28.05061848589997
 30
0.0
  0
SPLINE
  5
4CB
330
2AF
100
AcDbEntity
  8
03___PRT_ALL_CURVES
  6
Continuous
 62
     4
100
AcDbSpline
210
0.0
220
0.0
230
1.0
 70
     8
 71
     3
 72
     8
 73
     4
 74
     0
 42
0.0000001
 43
0.0000000001
 40
0.0
 40
0.0
 40
0.0
 40
0.0
 40
1.0
 40
1.0
 40
1.0
 40
1.0
 10
2.636384981220033
 20
28.05061848589997
 30
0.0
 10
2.603069607160023
 20
28.0008867972
 30
0.0
 10
2.553410676759995
 20
27.95791268197999
 30
0.0
 10
2.48656210078002
 20
27.9216234683
 30
0.0
  0
SPLINE
  5
4CC
330
2AF
100
AcDbEntity
  8
03___PRT_ALL_CURVES
  6
Continuous
 62
     4
100
AcDbSpline
210
0.0
220
0.0
230
1.0
 70
     8
 71
     3
 72
     8
 73
     4
 74
     0
 42
0.0000001
 43
0.0000000001
 40
0.0
 40
0.0
 40
0.0
 40
0.0
 40
1.0
 40
1.0
 40
1.0
 40
1.0
 10
2.48656210078002
 20
27.9216234683
 30
0.0
 10
2.540040962580008
 20
27.90825375412001
 30
0.0
 10
2.582060032719994
 20
27.8920190698
 30
0.0
 10
2.61051442336003
 20
27.87450866793998
 30
0.0
  0
SPLINE
  5
4CD
330
2AF
100
AcDbEntity
  8
03___PRT_ALL_CURVES
  6
Continuous
 62
     4
100
AcDbSpline
210
0.0
220
0.0
230
1.0
 70
     8
 71
     3
 72
     8
 73
     4
 74
     0
 42
0.0000001
 43
0.0000000001
 40
0.0
 40
0.0
 40
0.0
 40
0.0
 40
1.0
 40
1.0
 40
1.0
 40
1.0
 10
2.61051442336003
 20
27.87450866793998
 30
0.0
 10
2.656548385140013
 20
27.84618006825997
 30
0.0
 10
2.692837685179995
 20
27.80798088888
 30
0.0
 10
2.718622109100011
 20
27.76118690829998
 30
0.0
  0
SPLINE
  5
4CE
330
2AF
100
AcDbEntity
  8
03___PRT_ALL_CURVES
  6
Continuous
 62
     4
100
AcDbSpline
210
0.0
220
0.0
230
1.0
 70
     8
 71
     3
 72
     8
 73
     4
 74
     0
 42
0.0000001
 43
0.0000000001
 40
0.0
 40
0.0
 40
0.0
 40
0.0
 40
1.0
 40
1.0
 40
1.0
 40
1.0
 10
2.718622109100011
 20
27.76118690829998
 30
0.0
 10
2.744406538100009
 20
27.71439292517999
 30
0.0
 10
2.757776252279996
 20
27.65900409768
 30
0.0
 10
2.757776252279996
 20
27.5940654874
 30
0.0
  0
SPLINE
  5
4CF
330
2AF
100
AcDbEntity
  8
03___PRT_ALL_CURVES
  6
Continuous
 62
     4
100
AcDbSpline
210
0.0
220
0.0
230
1.0
 70
     8
 71
     3
 72
     8
 73
     4
 74
     0
 42
0.0000001
 43
0.0000000001
 40
0.0
 40
0.0
 40
0.0
 40
0.0
 40
1.0
 40
1.0
 40
1.0
 40
1.0
 10
2.757776252279996
 20
27.5940654874
 30
0.0
 10
2.757776252279996
 20
27.51193723154
 30
0.0
 10
2.735811714039983
 20
27.43362892485999
 30
0.0
 10
2.693431880080027
 20
27.35934517197998
 30
0.0
  0
SPLINE
  5
4D0
330
2AF
100
AcDbEntity
  8
03___PRT_ALL_CURVES
  6
Continuous
 62
     4
100
AcDbSpline
210
0.0
220
0.0
230
1.0
 70
     8
 71
     3
 72
     8
 73
     4
 74
     0
 42
0.0000001
 43
0.0000000001
 40
0.0
 40
0.0
 40
0.0
 40
0.0
 40
1.0
 40
1.0
 40
1.0
 40
1.0
 10
2.693431880080027
 20
27.35934517197998
 30
0.0
 10
2.650818531219983
 20
27.28465211334
 30
0.0
 10
2.589699892980008
 20
27.22639836142
 30
0.0
 10
2.509291067259994
 20
27.18667257854
 30
0.0
  0
SPLINE
  5
4D1
330
2AF
100
AcDbEntity
  8
03___PRT_ALL_CURVES
  6
Continuous
 62
     4
100
AcDbSpline
210
0.0
220
0.0
230
1.0
 70
     8
 71
     3
 72
     8
 73
     4
 74
     0
 42
0.0000001
 43
0.0000000001
 40
0.0
 40
0.0
 40
0.0
 40
0.0
 40
1.0
 40
1.0
 40
1.0
 40
1.0
 10
2.509291067259994
 20
27.18667257854
 30
0.0
 10
2.429263310120007
 20
27.14713506045999
 30
0.0
 10
2.323260550320043
 20
27.12612551141999
 30
0.0
 10
2.193383370399999
 20
27.12612551141999
 30
0.0
  0
SPLINE
  5
4D2
330
2AF
100
AcDbEntity
  8
03___PRT_ALL_CURVES
  6
Continuous
 62
     4
100
AcDbSpline
210
0.0
220
0.0
230
1.0
 70
     8
 71
     3
 72
     8
 73
     4
 74
     0
 42
0.0000001
 43
0.0000000001
 40
0.0
 40
0.0
 40
0.0
 40
0.0
 40
1.0
 40
1.0
 40
1.0
 40
1.0
 10
2.193383370399999
 20
27.12612551141999
 30
0.0
 10
2.065416115539989
 20
27.12612551141999
 30
0.0
 10
1.965143250300002
 20
27.14140518367998
 30
0.0
 10
1.891609818500029
 20
27.1710095517
 30
0.0
  0
SPLINE
  5
4D3
330
2AF
100
AcDbEntity
  8
03___PRT_ALL_CURVES
  6
Continuous
 62
     4
100
AcDbSpline
210
0.0
220
0.0
230
1.0
 70
     8
 71
     3
 72
     8
 73
     4
 74
     0
 42
0.0000001
 43
0.0000000001
 40
0.0
 40
0.0
 40
0.0
 40
0.0
 40
1.0
 40
1.0
 40
1.0
 40
1.0
 10
1.891609818500029
 20
27.1710095517
 30
0.0
 10
1.818076404480024
 20
27.20061391210001
 30
0.0
 10
1.757912684320019
 20
27.24454297841999
 30
0.0
 10
1.710163701840031
 20
27.3018417513
 30
0.0
  0
SPLINE
  5
4D4
330
2AF
100
AcDbEntity
  8
03___PRT_ALL_CURVES
  6
Continuous
 62
     4
100
AcDbSpline
210
0.0
220
0.0
230
1.0
 70
     8
 71
     3
 72
     8
 73
     4
 74
     0
 42
0.0000001
 43
0.0000000001
 40
0.0
 40
0.0
 40
0.0
 40
0.0
 40
1.0
 40
1.0
 40
1.0
 40
1.0
 10
1.710163701840031
 20
27.3018417513
 30
0.0
 10
1.66241473460002
 20
27.35914050893999
 30
0.0
 10
1.626125508219985
 20
27.43171895916001
 30
0.0
 10
1.601296037940017
 20
27.51957709179999
 30
0.0
  0
SPLINE
  5
4D5
330
2AF
100
AcDbEntity
  8
03___PRT_ALL_CURVES
  6
Continuous
 62
     4
100
AcDbSpline
210
0.0
220
0.0
230
1.0
 70
     8
 71
     3
 72
     8
 73
     4
 74
     0
 42
0.0000001
 43
0.0000000001
 40
0.0
 40
0.0
 40
0.0
 40
0.0
 40
1.0
 40
1.0
 40
1.0
 40
1.0
 10
1.989972715500016
 20
27.5711459879
 30
0.0
 10
2.005252395380012
 20
27.49283766089997
 30
0.0
 10
2.028171894880018
 20
27.43840381752003
 30
0.0
 10
2.060641189860036
 20
27.40784448823999
 30
0.0
  0
SPLINE
  5
4D6
330
2AF
100
AcDbEntity
  8
03___PRT_ALL_CURVES
  6
Continuous
 62
     4
100
AcDbSpline
210
0.0
220
0.0
230
1.0
 70
     8
 71
     3
 72
     8
 73
     4
 74
     0
 42
0.0000001
 43
0.0000000001
 40
0.0
 40
0.0
 40
0.0
 40
0.0
 40
1.0
 40
1.0
 40
1.0
 40
1.0
 10
2.060641189860036
 20
27.40784448823999
 30
0.0
 10
2.093110507700004
 20
27.37728513863999
 30
0.0
 10
2.134174614040035
 20
27.36296044033998
 30
0.0
 10
2.183833544440034
 20
27.36296044033998
 30
0.0
  0
SPLINE
  5
4D7
330
2AF
100
AcDbEntity
  8
03___PRT_ALL_CURVES
  6
Continuous
 62
     4
100
AcDbSpline
210
0.0
220
0.0
230
1.0
 70
     8
 71
     3
 72
     8
 73
     4
 74
     0
 42
0.0000001
 43
0.0000000001
 40
0.0
 40
0.0
 40
0.0
 40
0.0
 40
1.0
 40
1.0
 40
1.0
 40
1.0
 10
2.183833544440034
 20
27.36296044033998
 30
0.0
 10
2.235402481180017
 20
27.36296044033998
 30
0.0
 10
2.279331473840017
 20
27.38206002875998
 30
0.0
 10
2.313710765000025
 20
27.42025921068
 30
0.0
  0
SPLINE
  5
4D8
330
2AF
100
AcDbEntity
  8
03___PRT_ALL_CURVES
  6
Continuous
 62
     4
100
AcDbSpline
210
0.0
220
0.0
230
1.0
 70
     8
 71
     3
 72
     8
 73
     4
 74
     0
 42
0.0000001
 43
0.0000000001
 40
0.0
 40
0.0
 40
0.0
 40
0.0
 40
1.0
 40
1.0
 40
1.0
 40
1.0
 10
2.313710765000025
 20
27.42025921068
 30
0.0
 10
2.348090058700024
 20
27.45845839006
 30
0.0
 10
2.366234665539992
 20
27.50907230458
 30
0.0
 10
2.366234665539992
 20
27.5730559536
 30
0.0
  0
SPLINE
  5
4D9
330
2AF
100
AcDbEntity
  8
03___PRT_ALL_CURVES
  6
Continuous
 62
     4
100
AcDbSpline
210
0.0
220
0.0
230
1.0
 70
     8
 71
     3
 72
     8
 73
     4
 74
     0
 42
0.0000001
 43
0.0000000001
 40
0.0
 40
0.0
 40
0.0
 40
0.0
 40
1.0
 40
1.0
 40
1.0
 40
1.0
 10
2.366234665539992
 20
27.5730559536
 30
0.0
 10
2.366234665539992
 20
27.63799456387997
 30
0.0
 10
2.349045019960016
 20
27.68765349428
 30
0.0
 10
2.315381843699981
 20
27.72372117931999
 30
0.0
  0
SPLINE
  5
4DA
330
2AF
100
AcDbEntity
  8
03___PRT_ALL_CURVES
  6
Continuous
 62
     4
100
AcDbSpline
210
0.0
220
0.0
230
1.0
 70
     8
 71
     3
 72
     8
 73
     4
 74
     0
 42
0.0000001
 43
0.0000000001
 40
0.0
 40
0.0
 40
0.0
 40
0.0
 40
1.0
 40
1.0
 40
1.0
 40
1.0
 10
2.315381843699981
 20
27.72372117931999
 30
0.0
 10
2.282196443980013
 20
27.75927696291998
 30
0.0
 10
2.237312406240022
 20
27.77742156975998
 30
0.0
 10
2.180013656219984
 20
27.77742156975998
 30
0.0
  0
SPLINE
  5
4DB
330
2AF
100
AcDbEntity
  8
03___PRT_ALL_CURVES
  6
Continuous
 62
     4
100
AcDbSpline
210
0.0
220
0.0
230
1.0
 70
     8
 71
     3
 72
     8
 73
     4
 74
     0
 42
0.0000001
 43
0.0000000001
 40
0.0
 40
0.0
 40
0.0
 40
0.0
 40
1.0
 40
1.0
 40
1.0
 40
1.0
 10
2.180013656219984
 20
27.77742156975998
 30
0.0
 10
2.14945429392003
 20
27.77742156975998
 30
0.0
 10
2.107435183139984
 20
27.76978170950002
 30
0.0
 10
2.053956323880044
 20
27.75450202707998
 30
0.0
  0
LINE
  5
4DC
330
2AF
100
AcDbEntity
  8
03___PRT_ALL_CURVES
  6
Continuous
 62
     4
100
AcDbLine
 10
2.07401089642002
 20
28.03240112076
 30
0.0
 11
2.124624828720016
 21
28.02762622810002
 31
0.0
  0
SPLINE
  5
4DD
330
2AF
100
AcDbEntity
  8
03___PRT_ALL_CURVES
  6
Continuous
 62
     4
100
AcDbSpline
210
0.0
220
0.0
230
1.0
 70
     8
 71
     3
 72
     8
 73
     4
 74
     0
 42
0.0000001
 43
0.0000000001
 40
0.0
 40
0.0
 40
0.0
 40
0.0
 40
1.0
 40
1.0
 40
1.0
 40
1.0
 10
2.124624828720016
 20
28.02762622810002
 30
0.0
 10
2.175238720380008
 20
28.02762622810002
 30
0.0
 10
2.217257831160026
 20
28.0438608286
 30
0.0
 10
2.251637071520008
 20
28.07633012358002
 30
0.0
  0
SPLINE
  5
4DE
330
2AF
100
AcDbEntity
  8
03___PRT_ALL_CURVES
  6
Continuous
 62
     4
100
AcDbSpline
210
0.0
220
0.0
230
1.0
 70
     8
 71
     3
 72
     8
 73
     4
 74
     0
 42
0.0000001
 43
0.0000000001
 40
0.0
 40
0.0
 40
0.0
 40
0.0
 40
1.0
 40
1.0
 40
1.0
 40
1.0
 10
2.251637071520008
 20
28.07633012358002
 30
0.0
 10
2.28601637284001
 20
28.10879948206002
 30
0.0
 10
2.303206018420042
 20
28.14699862079999
 30
0.0
 10
2.303206018420042
 20
28.19188265854001
 30
0.0
  0
SPLINE
  5
4DF
330
2AF
100
AcDbEntity
  8
03___PRT_ALL_CURVES
  6
Continuous
 62
     4
100
AcDbSpline
210
0.0
220
0.0
230
1.0
 70
     8
 71
     3
 72
     8
 73
     4
 74
     0
 42
0.0000001
 43
0.0000000001
 40
0.0
 40
0.0
 40
0.0
 40
0.0
 40
1.0
 40
1.0
 40
1.0
 40
1.0
 10
2.303206018420042
 20
28.19188265854001
 30
0.0
 10
2.303206018420042
 20
28.23390180995997
 30
0.0
 10
2.289836304239998
 20
28.26828101729998
 30
0.0
 10
2.26452479276
 20
28.29359249068
 30
0.0
  0
SPLINE
  5
4E0
330
2AF
100
AcDbEntity
  8
03___PRT_ALL_CURVES
  6
Continuous
 62
     4
100
AcDbSpline
210
0.0
220
0.0
230
1.0
 70
     8
 71
     3
 72
     8
 73
     4
 74
     0
 42
0.0000001
 43
0.0000000001
 40
0.0
 40
0.0
 40
0.0
 40
0.0
 40
1.0
 40
1.0
 40
1.0
 40
1.0
 10
2.26452479276
 20
28.29359249068
 30
0.0
 10
2.239222328760007
 20
28.31889491150002
 30
0.0
 10
2.203888116980039
 20
28.33226462567998
 30
0.0
 10
2.159959083680036
 20
28.33226462567998
 30
0.0
  0
SPLINE
  5
4E1
330
2AF
100
AcDbEntity
  8
03___PRT_ALL_CURVES
  6
Continuous
 62
     4
100
AcDbSpline
210
0.0
220
0.0
230
1.0
 70
     8
 71
     3
 72
     8
 73
     4
 74
     0
 42
0.0000001
 43
0.0000000001
 40
0.0
 40
0.0
 40
0.0
 40
0.0
 40
1.0
 40
1.0
 40
1.0
 40
1.0
 10
2.159959083680036
 20
28.33226462567998
 30
0.0
 10
2.11412004150003
 20
28.33226462567998
 30
0.0
 10
2.076875864019996
 20
28.31793994770001
 30
0.0
 10
2.048226467420022
 20
28.29024555554003
 30
0.0
  0
SPLINE
  5
4E2
330
2AF
100
AcDbEntity
  8
03___PRT_ALL_CURVES
  6
Continuous
 62
     4
100
AcDbSpline
210
0.0
220
0.0
230
1.0
 70
     8
 71
     3
 72
     8
 73
     4
 74
     0
 42
0.0000001
 43
0.0000000001
 40
0.0
 40
0.0
 40
0.0
 40
0.0
 40
1.0
 40
1.0
 40
1.0
 40
1.0
 10
2.048226467420022
 20
28.29024555554003
 30
0.0
 10
2.01957707336004
 20
28.26255116337998
 30
0.0
 10
1.999522500820035
 20
28.21384719677999
 30
0.0
 10
1.989972715500016
 20
28.14508869573999
 30
0.0
  0
SPLINE
  5
4E3
330
2AF
100
AcDbEntity
  8
03___PRT_ALL_CURVES
  6
Continuous
 62
     4
100
AcDbSpline
210
0.0
220
0.0
230
1.0
 70
     8
 71
     3
 72
     8
 73
     4
 74
     0
 42
0.0000001
 43
0.0000000001
 40
0.0
 40
0.0
 40
0.0
 40
0.0
 40
1.0
 40
1.0
 40
1.0
 40
1.0
 10
3.40525243764003
 20
28.08301501241999
 30
0.0
 10
3.341268829260002
 20
28.03431104327998
 30
0.0
 10
3.279195145940008
 20
27.99515685946
 30
0.0
 10
3.220177964000044
 20
27.96517237535997
 30
0.0
  0
SPLINE
  5
4E4
330
2AF
100
AcDbEntity
  8
03___PRT_ALL_CURVES
  6
Continuous
 62
     4
100
AcDbSpline
210
0.0
220
0.0
230
1.0
 70
     8
 71
     3
 72
     8
 73
     4
 74
     0
 42
0.0000001
 43
0.0000000001
 40
0.0
 40
0.0
 40
0.0
 40
0.0
 40
1.0
 40
1.0
 40
1.0
 40
1.0
 10
3.220177964000044
 20
27.96517237535997
 30
0.0
 10
3.160777549400052
 20
27.93499318247999
 30
0.0
 10
3.086289196980033
 20
27.90634382906001
 30
0.0
 10
2.996521118960032
 20
27.87960439815998
 30
0.0
  0
SPLINE
  5
4E5
330
2AF
100
AcDbEntity
  8
03___PRT_ALL_CURVES
  6
Continuous
 62
     4
100
AcDbSpline
210
0.0
220
0.0
230
1.0
 70
     8
 71
     3
 72
     8
 73
     4
 74
     0
 42
0.0000001
 43
0.0000000001
 40
0.0
 40
0.0
 40
0.0
 40
0.0
 40
1.0
 40
1.0
 40
1.0
 40
1.0
 10
2.996521118960032
 20
28.19856755754
 30
0.0
 10
3.128308348400026
 20
28.24058662514
 30
0.0
 10
3.231446056780015
 20
28.29215556441997
 30
0.0
 10
3.305022414580009
 20
28.35226689199999
 30
0.0
  0
SPLINE
  5
4E6
330
2AF
100
AcDbEntity
  8
03___PRT_ALL_CURVES
  6
Continuous
 62
     4
100
AcDbSpline
210
0.0
220
0.0
230
1.0
 70
     8
 71
     3
 72
     8
 73
     4
 74
     0
 42
0.0000001
 43
0.0000000001
 40
0.0
 40
0.0
 40
0.0
 40
0.0
 40
1.0
 40
1.0
 40
1.0
 40
1.0
 10
3.305022414580009
 20
28.35226689199999
 30
0.0
 10
3.377558045480015
 20
28.41152795458001
 30
0.0
 10
3.434856752320002
 20
28.48601639335999
 30
0.0
 10
3.476875906280014
 20
28.57387454377999
 30
0.0
  0
SPLINE
  5
4E7
330
2AF
100
AcDbEntity
  8
03___PRT_ALL_CURVES
  6
Continuous
 62
     4
100
AcDbSpline
210
0.0
220
0.0
230
1.0
 70
     8
 71
     3
 72
     8
 73
     4
 74
     0
 42
0.0000001
 43
0.0000000001
 40
0.0
 40
0.0
 40
0.0
 40
0.0
 40
1.0
 40
1.0
 40
1.0
 40
1.0
 10
1.490518408340023
 20
24.71098222639998
 30
0.0
 10
1.52107775794002
 20
24.82748973277998
 30
0.0
 10
1.579331502239995
 20
24.91725780825999
 30
0.0
 10
1.666461604840038
 20
24.97997233865999
 30
0.0
  0
SPLINE
  5
4E8
330
2AF
100
AcDbEntity
  8
03___PRT_ALL_CURVES
  6
Continuous
 62
     4
100
AcDbSpline
210
0.0
220
0.0
230
1.0
 70
     8
 71
     3
 72
     8
 73
     4
 74
     0
 42
0.0000001
 43
0.0000000001
 40
0.0
 40
0.0
 40
0.0
 40
0.0
 40
1.0
 40
1.0
 40
1.0
 40
1.0
 10
1.666461604840038
 20
24.97997233865999
 30
0.0
 10
1.753137778960053
 20
25.04236013869999
 30
0.0
 10
1.876330141159997
 20
25.07387454607999
 30
0.0
 10
2.035811722120002
 20
25.07387454607999
 30
0.0
  0
SPLINE
  5
4E9
330
2AF
100
AcDbEntity
  8
03___PRT_ALL_CURVES
  6
Continuous
 62
     4
100
AcDbSpline
210
0.0
220
0.0
230
1.0
 70
     8
 71
     3
 72
     8
 73
     4
 74
     0
 42
0.0000001
 43
0.0000000001
 40
0.0
 40
0.0
 40
0.0
 40
0.0
 40
1.0
 40
1.0
 40
1.0
 40
1.0
 10
2.035811722120002
 20
25.07387454607999
 30
0.0
 10
2.218212800040021
 20
25.07387454607999
 30
0.0
 10
2.350000029480043
 20
25.03949525237996
 30
0.0
 10
2.431698380179995
 20
24.97117437302001
 30
0.0
  0
SPLINE
  5
4EA
330
2AF
100
AcDbEntity
  8
03___PRT_ALL_CURVES
  6
Continuous
 62
     4
100
AcDbSpline
210
0.0
220
0.0
230
1.0
 70
     8
 71
     3
 72
     8
 73
     4
 74
     0
 42
0.0000001
 43
0.0000000001
 40
0.0
 40
0.0
 40
0.0
 40
0.0
 40
1.0
 40
1.0
 40
1.0
 40
1.0
 10
2.431698380179995
 20
24.97117437302001
 30
0.0
 10
2.513301496120022
 20
24.90293313282001
 30
0.0
 10
2.554365605000044
 20
24.81793995000001
 30
0.0
 10
2.554365605000044
 20
24.71480215779999
 30
0.0
  0
SPLINE
  5
4EB
330
2AF
100
AcDbEntity
  8
03___PRT_ALL_CURVES
  6
Continuous
 62
     4
100
AcDbSpline
210
0.0
220
0.0
230
1.0
 70
     8
 71
     3
 72
     8
 73
     4
 74
     0
 42
0.0000001
 43
0.0000000001
 40
0.0
 40
0.0
 40
0.0
 40
0.0
 40
1.0
 40
1.0
 40
1.0
 40
1.0
 10
2.554365605000044
 20
24.71480215779999
 30
0.0
 10
2.554365605000044
 20
24.65368351956002
 30
0.0
 10
2.537175959420011
 20
24.59924969650001
 30
0.0
 10
2.504597800040017
 20
24.55061848566001
 30
0.0
  0
SPLINE
  5
4EC
330
2AF
100
AcDbEntity
  8
03___PRT_ALL_CURVES
  6
Continuous
 62
     4
100
AcDbSpline
210
0.0
220
0.0
230
1.0
 70
     8
 71
     3
 72
     8
 73
     4
 74
     0
 42
0.0000001
 43
0.0000000001
 40
0.0
 40
0.0
 40
0.0
 40
0.0
 40
1.0
 40
1.0
 40
1.0
 40
1.0
 10
2.504597800040017
 20
24.55061848566001
 30
0.0
 10
2.471282428520027
 20
24.50088679695997
 30
0.0
 10
2.421623498120027
 20
24.45791268427999
 30
0.0
 10
2.354774922139995
 20
24.42162346806001
 30
0.0
  0
SPLINE
  5
4ED
330
2AF
100
AcDbEntity
  8
03___PRT_ALL_CURVES
  6
Continuous
 62
     4
100
AcDbSpline
210
0.0
220
0.0
230
1.0
 70
     8
 71
     3
 72
     8
 73
     4
 74
     0
 42
0.0000001
 43
0.0000000001
 40
0.0
 40
0.0
 40
0.0
 40
0.0
 40
1.0
 40
1.0
 40
1.0
 40
1.0
 10
2.354774922139995
 20
24.42162346806001
 30
0.0
 10
2.408253781400049
 20
24.40825375387999
 30
0.0
 10
2.450272851540035
 20
24.39201906956001
 30
0.0
 10
2.478727242179986
 20
24.37450866770001
 30
0.0
  0
SPLINE
  5
4EE
330
2AF
100
AcDbEntity
  8
03___PRT_ALL_CURVES
  6
Continuous
 62
     4
100
AcDbSpline
210
0.0
220
0.0
230
1.0
 70
     8
 71
     3
 72
     8
 73
     4
 74
     0
 42
0.0000001
 43
0.0000000001
 40
0.0
 40
0.0
 40
0.0
 40
0.0
 40
1.0
 40
1.0
 40
1.0
 40
1.0
 10
2.478727242179986
 20
24.37450866770001
 30
0.0
 10
2.524761203959997
 20
24.34618006802
 30
0.0
 10
2.561050504000036
 20
24.30798088864
 30
0.0
 10
2.586834930460014
 20
24.26118690806001
 30
0.0
  0
SPLINE
  5
4EF
330
2AF
100
AcDbEntity
  8
03___PRT_ALL_CURVES
  6
Continuous
 62
     4
100
AcDbSpline
210
0.0
220
0.0
230
1.0
 70
     8
 71
     3
 72
     8
 73
     4
 74
     0
 42
0.0000001
 43
0.0000000001
 40
0.0
 40
0.0
 40
0.0
 40
0.0
 40
1.0
 40
1.0
 40
1.0
 40
1.0
 10
2.586834930460014
 20
24.26118690806001
 30
0.0
 10
2.61261935692005
 20
24.21439292493997
 30
0.0
 10
2.625989073640028
 20
24.15900409743998
 30
0.0
 10
2.625989073640028
 20
24.09406548716001
 30
0.0
  0
SPLINE
  5
4F0
330
2AF
100
AcDbEntity
  8
03___PRT_ALL_CURVES
  6
Continuous
 62
     4
100
AcDbSpline
210
0.0
220
0.0
230
1.0
 70
     8
 71
     3
 72
     8
 73
     4
 74
     0
 42
0.0000001
 43
0.0000000001
 40
0.0
 40
0.0
 40
0.0
 40
0.0
 40
1.0
 40
1.0
 40
1.0
 40
1.0
 10
2.625989073640028
 20
24.09406548716001
 30
0.0
 10
2.625989073640028
 20
24.01193723129998
 30
0.0
 10
2.604024535400043
 20
23.93362892462
 30
0.0
 10
2.561644698900011
 20
23.85934517173999
 30
0.0
  0
SPLINE
  5
4F1
330
2AF
100
AcDbEntity
  8
03___PRT_ALL_CURVES
  6
Continuous
 62
     4
100
AcDbSpline
210
0.0
220
0.0
230
1.0
 70
     8
 71
     3
 72
     8
 73
     4
 74
     0
 42
0.0000001
 43
0.0000000001
 40
0.0
 40
0.0
 40
0.0
 40
0.0
 40
1.0
 40
1.0
 40
1.0
 40
1.0
 10
2.561644698900011
 20
23.85934517173999
 30
0.0
 10
2.519031350040024
 20
23.78465211309998
 30
0.0
 10
2.457912711799992
 20
23.72639836118
 30
0.0
 10
2.377503886080035
 20
23.68667257829998
 30
0.0
  0
SPLINE
  5
4F2
330
2AF
100
AcDbEntity
  8
03___PRT_ALL_CURVES
  6
Continuous
 62
     4
100
AcDbSpline
210
0.0
220
0.0
230
1.0
 70
     8
 71
     3
 72
     8
 73
     4
 74
     0
 42
0.0000001
 43
0.0000000001
 40
0.0
 40
0.0
 40
0.0
 40
0.0
 40
1.0
 40
1.0
 40
1.0
 40
1.0
 10
2.377503886080035
 20
23.68667257829998
 30
0.0
 10
2.297476128940019
 20
23.64713506021999
 30
0.0
 10
2.191473369140027
 20
23.62612551118002
 30
0.0
 10
2.061596189220012
 20
23.62612551118002
 30
0.0
  0
SPLINE
  5
4F3
330
2AF
100
AcDbEntity
  8
03___PRT_ALL_CURVES
  6
Continuous
 62
     4
100
AcDbSpline
210
0.0
220
0.0
230
1.0
 70
     8
 71
     3
 72
     8
 73
     4
 74
     0
 42
0.0000001
 43
0.0000000001
 40
0.0
 40
0.0
 40
0.0
 40
0.0
 40
1.0
 40
1.0
 40
1.0
 40
1.0
 10
2.061596189220012
 20
23.62612551118002
 30
0.0
 10
1.93362893436003
 20
23.62612551118002
 30
0.0
 10
1.833356069120043
 20
23.64140518343999
 30
0.0
 10
1.759822637320042
 20
23.67100955145997
 30
0.0
  0
SPLINE
  5
4F4
330
2AF
100
AcDbEntity
  8
03___PRT_ALL_CURVES
  6
Continuous
 62
     4
100
AcDbSpline
210
0.0
220
0.0
230
1.0
 70
     8
 71
     3
 72
     8
 73
     4
 74
     0
 42
0.0000001
 43
0.0000000001
 40
0.0
 40
0.0
 40
0.0
 40
0.0
 40
1.0
 40
1.0
 40
1.0
 40
1.0
 10
1.759822637320042
 20
23.67100955145997
 30
0.0
 10
1.68628922329998
 20
23.70061391185999
 30
0.0
 10
1.626125505679994
 20
23.74454297817999
 30
0.0
 10
1.578376523200035
 20
23.80184175106001
 30
0.0
  0
SPLINE
  5
4F5
330
2AF
100
AcDbEntity
  8
03___PRT_ALL_CURVES
  6
Continuous
 62
     4
100
AcDbSpline
210
0.0
220
0.0
230
1.0
 70
     8
 71
     3
 72
     8
 73
     4
 74
     0
 42
0.0000001
 43
0.0000000001
 40
0.0
 40
0.0
 40
0.0
 40
0.0
 40
1.0
 40
1.0
 40
1.0
 40
1.0
 10
1.578376523200035
 20
23.80184175106001
 30
0.0
 10
1.530627553420004
 20
23.85914050869999
 30
0.0
 10
1.494338327040026
 20
23.93171895891999
 30
0.0
 10
1.469508856760001
 20
24.01957709156002
 30
0.0
  0
SPLINE
  5
4F6
330
2AF
100
AcDbEntity
  8
03___PRT_ALL_CURVES
  6
Continuous
 62
     4
100
AcDbSpline
210
0.0
220
0.0
230
1.0
 70
     8
 71
     3
 72
     8
 73
     4
 74
     0
 42
0.0000001
 43
0.0000000001
 40
0.0
 40
0.0
 40
0.0
 40
0.0
 40
1.0
 40
1.0
 40
1.0
 40
1.0
 10
1.85818553432
 20
24.07114598766
 30
0.0
 10
1.873465214199996
 20
23.99283766066
 30
0.0
 10
1.896384713700002
 20
23.93840381727998
 30
0.0
 10
1.92885400868002
 20
23.90784448800002
 30
0.0
  0
SPLINE
  5
4F7
330
2AF
100
AcDbEntity
  8
03___PRT_ALL_CURVES
  6
Continuous
 62
     4
100
AcDbSpline
210
0.0
220
0.0
230
1.0
 70
     8
 71
     3
 72
     8
 73
     4
 74
     0
 42
0.0000001
 43
0.0000000001
 40
0.0
 40
0.0
 40
0.0
 40
0.0
 40
1.0
 40
1.0
 40
1.0
 40
1.0
 10
1.92885400868002
 20
23.90784448800002
 30
0.0
 10
1.961323326519988
 20
23.8772851384
 30
0.0
 10
2.002387432860019
 20
23.86296044010001
 30
0.0
 10
2.052046363260018
 20
23.86296044010001
 30
0.0
  0
SPLINE
  5
4F8
330
2AF
100
AcDbEntity
  8
03___PRT_ALL_CURVES
  6
Continuous
 62
     4
100
AcDbSpline
210
0.0
220
0.0
230
1.0
 70
     8
 71
     3
 72
     8
 73
     4
 74
     0
 42
0.0000001
 43
0.0000000001
 40
0.0
 40
0.0
 40
0.0
 40
0.0
 40
1.0
 40
1.0
 40
1.0
 40
1.0
 10
2.052046363260018
 20
23.86296044010001
 30
0.0
 10
2.10361530000003
 20
23.86296044010001
 30
0.0
 10
2.147544292660001
 20
23.88206003106001
 30
0.0
 10
2.181923583820009
 20
23.92025921043998
 30
0.0
  0
SPLINE
  5
4F9
330
2AF
100
AcDbEntity
  8
03___PRT_ALL_CURVES
  6
Continuous
 62
     4
100
AcDbSpline
210
0.0
220
0.0
230
1.0
 70
     8
 71
     3
 72
     8
 73
     4
 74
     0
 42
0.0000001
 43
0.0000000001
 40
0.0
 40
0.0
 40
0.0
 40
0.0
 40
1.0
 40
1.0
 40
1.0
 40
1.0
 10
2.181923583820009
 20
23.92025921043998
 30
0.0
 10
2.216302877520008
 20
23.95845838981998
 30
0.0
 10
2.234447484360032
 20
24.00907230433998
 30
0.0
 10
2.234447484360032
 20
24.07305595335998
 30
0.0
  0
SPLINE
  5
4FA
330
2AF
100
AcDbEntity
  8
03___PRT_ALL_CURVES
  6
Continuous
 62
     4
100
AcDbSpline
210
0.0
220
0.0
230
1.0
 70
     8
 71
     3
 72
     8
 73
     4
 74
     0
 42
0.0000001
 43
0.0000000001
 40
0.0
 40
0.0
 40
0.0
 40
0.0
 40
1.0
 40
1.0
 40
1.0
 40
1.0
 10
2.234447484360032
 20
24.07305595335998
 30
0.0
 10
2.234447484360032
 20
24.13799456364001
 30
0.0
 10
2.217257838780029
 20
24.18765349404001
 30
0.0
 10
2.183594662520022
 20
24.22372117908
 30
0.0
  0
SPLINE
  5
4FB
330
2AF
100
AcDbEntity
  8
03___PRT_ALL_CURVES
  6
Continuous
 62
     4
100
AcDbSpline
210
0.0
220
0.0
230
1.0
 70
     8
 71
     3
 72
     8
 73
     4
 74
     0
 42
0.0000001
 43
0.0000000001
 40
0.0
 40
0.0
 40
0.0
 40
0.0
 40
1.0
 40
1.0
 40
1.0
 40
1.0
 10
2.183594662520022
 20
24.22372117908
 30
0.0
 10
2.150409262799997
 20
24.25927696267999
 30
0.0
 10
2.105525225060006
 20
24.27742156952002
 30
0.0
 10
2.048226475040025
 20
24.27742156952002
 30
0.0
  0
SPLINE
  5
4FC
330
2AF
100
AcDbEntity
  8
03___PRT_ALL_CURVES
  6
Continuous
 62
     4
100
AcDbSpline
210
0.0
220
0.0
230
1.0
 70
     8
 71
     3
 72
     8
 73
     4
 74
     0
 42
0.0000001
 43
0.0000000001
 40
0.0
 40
0.0
 40
0.0
 40
0.0
 40
1.0
 40
1.0
 40
1.0
 40
1.0
 10
2.048226475040025
 20
24.27742156952002
 30
0.0
 10
2.017667112740014
 20
24.27742156952002
 30
0.0
 10
1.975648001960025
 20
24.26978170925997
 30
0.0
 10
1.9221691427
 20
24.25450202683999
 30
0.0
  0
LINE
  5
4FD
330
2AF
100
AcDbEntity
  8
03___PRT_ALL_CURVES
  6
Continuous
 62
     4
100
AcDbLine
 10
1.942223715240004
 20
24.53240112052001
 30
0.0
 11
1.99283764754
 21
24.52762622786
 31
0.0
  0
SPLINE
  5
4FE
330
2AF
100
AcDbEntity
  8
03___PRT_ALL_CURVES
  6
Continuous
 62
     4
100
AcDbSpline
210
0.0
220
0.0
230
1.0
 70
     8
 71
     3
 72
     8
 73
     4
 74
     0
 42
0.0000001
 43
0.0000000001
 40
0.0
 40
0.0
 40
0.0
 40
0.0
 40
1.0
 40
1.0
 40
1.0
 40
1.0
 10
1.99283764754
 20
24.52762622786
 30
0.0
 10
2.043451541740012
 20
24.52762622786
 30
0.0
 10
2.085470652520002
 20
24.54386082835998
 30
0.0
 10
2.119849890340049
 20
24.57633012587999
 30
0.0
  0
SPLINE
  5
4FF
330
2AF
100
AcDbEntity
  8
03___PRT_ALL_CURVES
  6
Continuous
 62
     4
100
AcDbSpline
210
0.0
220
0.0
230
1.0
 70
     8
 71
     3
 72
     8
 73
     4
 74
     0
 42
0.0000001
 43
0.0000000001
 40
0.0
 40
0.0
 40
0.0
 40
0.0
 40
1.0
 40
1.0
 40
1.0
 40
1.0
 10
2.119849890340049
 20
24.57633012587999
 30
0.0
 10
2.154229191659994
 20
24.60879948181997
 30
0.0
 10
2.171418839780017
 20
24.64699862056
 30
0.0
 10
2.171418839780017
 20
24.69188265829999
 30
0.0
  0
SPLINE
  5
500
330
2AF
100
AcDbEntity
  8
03___PRT_ALL_CURVES
  6
Continuous
 62
     4
100
AcDbSpline
210
0.0
220
0.0
230
1.0
 70
     8
 71
     3
 72
     8
 73
     4
 74
     0
 42
0.0000001
 43
0.0000000001
 40
0.0
 40
0.0
 40
0.0
 40
0.0
 40
1.0
 40
1.0
 40
1.0
 40
1.0
 10
2.171418839780017
 20
24.69188265829999
 30
0.0
 10
2.171418839780017
 20
24.73390180971998
 30
0.0
 10
2.15804912306001
 20
24.76828101960001
 30
0.0
 10
2.13273761158004
 20
24.79359249044001
 30
0.0
  0
SPLINE
  5
501
330
2AF
100
AcDbEntity
  8
03___PRT_ALL_CURVES
  6
Continuous
 62
     4
100
AcDbSpline
210
0.0
220
0.0
230
1.0
 70
     8
 71
     3
 72
     8
 73
     4
 74
     0
 42
0.0000001
 43
0.0000000001
 40
0.0
 40
0.0
 40
0.0
 40
0.0
 40
1.0
 40
1.0
 40
1.0
 40
1.0
 10
2.13273761158004
 20
24.79359249044001
 30
0.0
 10
2.107435147580048
 20
24.81889491125997
 30
0.0
 10
2.072100935799995
 20
24.83226462543999
 30
0.0
 10
2.02817190250002
 20
24.83226462543999
 30
0.0
  0
SPLINE
  5
502
330
2AF
100
AcDbEntity
  8
03___PRT_ALL_CURVES
  6
Continuous
 62
     4
100
AcDbSpline
210
0.0
220
0.0
230
1.0
 70
     8
 71
     3
 72
     8
 73
     4
 74
     0
 42
0.0000001
 43
0.0000000001
 40
0.0
 40
0.0
 40
0.0
 40
0.0
 40
1.0
 40
1.0
 40
1.0
 40
1.0
 10
2.02817190250002
 20
24.83226462543999
 30
0.0
 10
1.982332860320014
 20
24.83226462543999
 30
0.0
 10
1.945088682840037
 20
24.81793995000001
 30
0.0
 10
1.916439288780026
 20
24.79024555784
 30
0.0
  0
SPLINE
  5
503
330
2AF
100
AcDbEntity
  8
03___PRT_ALL_CURVES
  6
Continuous
 62
     4
100
AcDbSpline
210
0.0
220
0.0
230
1.0
 70
     8
 71
     3
 72
     8
 73
     4
 74
     0
 42
0.0000001
 43
0.0000000001
 40
0.0
 40
0.0
 40
0.0
 40
0.0
 40
1.0
 40
1.0
 40
1.0
 40
1.0
 10
1.916439288780026
 20
24.79024555784
 30
0.0
 10
1.887789892179995
 20
24.76255116313999
 30
0.0
 10
1.867735319640019
 20
24.71384719654
 30
0.0
 10
1.85818553432
 20
24.64508869549999
 30
0.0
  0
SPLINE
  5
504
330
2AF
100
AcDbEntity
  8
03___PRT_ALL_CURVES
  6
Continuous
 62
     4
100
AcDbSpline
210
0.0
220
0.0
230
1.0
 70
     8
 71
     3
 72
     8
 73
     4
 74
     0
 42
0.0000001
 43
0.0000000001
 40
0.0
 40
0.0
 40
0.0
 40
0.0
 40
1.0
 40
1.0
 40
1.0
 40
1.0
 10
2.795020478020007
 20
24.71098222639998
 30
0.0
 10
2.825579837780026
 20
24.82748973277998
 30
0.0
 10
2.883833508419997
 20
24.91725780825999
 30
0.0
 10
2.970963659280017
 20
24.97997233358001
 30
0.0
  0
SPLINE
  5
505
330
2AF
100
AcDbEntity
  8
03___PRT_ALL_CURVES
  6
Continuous
 62
     4
100
AcDbSpline
210
0.0
220
0.0
230
1.0
 70
     8
 71
     3
 72
     8
 73
     4
 74
     0
 42
0.0000001
 43
0.0000000001
 40
0.0
 40
0.0
 40
0.0
 40
0.0
 40
1.0
 40
1.0
 40
1.0
 40
1.0
 10
2.970963659280017
 20
24.97997233358001
 30
0.0
 10
3.057639889280011
 20
25.04236013869999
 30
0.0
 10
3.180832129560002
 20
25.07387454607999
 30
0.0
 10
3.340313748620019
 20
25.07387454607999
 30
0.0
  0
SPLINE
  5
506
330
2AF
100
AcDbEntity
  8
03___PRT_ALL_CURVES
  6
Continuous
 62
     4
100
AcDbSpline
210
0.0
220
0.0
230
1.0
 70
     8
 71
     3
 72
     8
 73
     4
 74
     0
 42
0.0000001
 43
0.0000000001
 40
0.0
 40
0.0
 40
0.0
 40
0.0
 40
1.0
 40
1.0
 40
1.0
 40
1.0
 10
3.340313748620019
 20
25.07387454607999
 30
0.0
 10
3.522714785900035
 20
25.07387454607999
 30
0.0
 10
3.65450201534
 20
25.03949525237996
 30
0.0
 10
3.736200366040009
 20
24.97117437302001
 30
0.0
  0
SPLINE
  5
507
330
2AF
100
AcDbEntity
  8
03___PRT_ALL_CURVES
  6
Continuous
 62
     4
100
AcDbSpline
210
0.0
220
0.0
230
1.0
 70
     8
 71
     3
 72
     8
 73
     4
 74
     0
 42
0.0000001
 43
0.0000000001
 40
0.0
 40
0.0
 40
0.0
 40
0.0
 40
1.0
 40
1.0
 40
1.0
 40
1.0
 10
3.736200366040009
 20
24.97117437302001
 30
0.0
 10
3.817803481980036
 20
24.90293313282001
 30
0.0
 10
3.858867674680027
 20
24.81793995000001
 30
0.0
 10
3.858867674680027
 20
24.71480215779999
 30
0.0
  0
SPLINE
  5
508
330
2AF
100
AcDbEntity
  8
03___PRT_ALL_CURVES
  6
Continuous
 62
     4
100
AcDbSpline
210
0.0
220
0.0
230
1.0
 70
     8
 71
     3
 72
     8
 73
     4
 74
     0
 42
0.0000001
 43
0.0000000001
 40
0.0
 40
0.0
 40
0.0
 40
0.0
 40
1.0
 40
1.0
 40
1.0
 40
1.0
 10
3.858867674680027
 20
24.71480215779999
 30
0.0
 10
3.858867674680027
 20
24.65368351956002
 30
0.0
 10
3.841678029099995
 20
24.59924969650001
 30
0.0
 10
3.809099844320031
 20
24.55061844756
 30
0.0
  0
SPLINE
  5
509
330
2AF
100
AcDbEntity
  8
03___PRT_ALL_CURVES
  6
Continuous
 62
     4
100
AcDbSpline
210
0.0
220
0.0
230
1.0
 70
     8
 71
     3
 72
     8
 73
     4
 74
     0
 42
0.0000001
 43
0.0000000001
 40
0.0
 40
0.0
 40
0.0
 40
0.0
 40
1.0
 40
1.0
 40
1.0
 40
1.0
 10
3.809099844320031
 20
24.55061844756
 30
0.0
 10
3.775784498199982
 20
24.50088679695997
 30
0.0
 10
3.726125483980042
 20
24.45791268427999
 30
0.0
 10
3.659276991820036
 20
24.42162346806001
 30
0.0
  0
SPLINE
  5
50A
330
2AF
100
AcDbEntity
  8
03___PRT_ALL_CURVES
  6
Continuous
 62
     4
100
AcDbSpline
210
0.0
220
0.0
230
1.0
 70
     8
 71
     3
 72
     8
 73
     4
 74
     0
 42
0.0000001
 43
0.0000000001
 40
0.0
 40
0.0
 40
0.0
 40
0.0
 40
1.0
 40
1.0
 40
1.0
 40
1.0
 10
3.659276991820036
 20
24.42162346806001
 30
0.0
 10
3.712755851080033
 20
24.40825375387999
 30
0.0
 10
3.754774837400021
 20
24.39201906956001
 30
0.0
 10
3.783229248360044
 20
24.37450869817999
 30
0.0
  0
SPLINE
  5
50B
330
2AF
100
AcDbEntity
  8
03___PRT_ALL_CURVES
  6
Continuous
 62
     4
100
AcDbSpline
210
0.0
220
0.0
230
1.0
 70
     8
 71
     3
 72
     8
 73
     4
 74
     0
 42
0.0000001
 43
0.0000000001
 40
0.0
 40
0.0
 40
0.0
 40
0.0
 40
1.0
 40
1.0
 40
1.0
 40
1.0
 10
3.783229248360044
 20
24.37450869817999
 30
0.0
 10
3.829263357460036
 20
24.34618006802
 30
0.0
 10
3.86555257368002
 20
24.30798088864
 30
0.0
 10
3.891336987440042
 20
24.26118685471999
 30
0.0
  0
SPLINE
  5
50C
330
2AF
100
AcDbEntity
  8
03___PRT_ALL_CURVES
  6
Continuous
 62
     4
100
AcDbSpline
210
0.0
220
0.0
230
1.0
 70
     8
 71
     3
 72
     8
 73
     4
 74
     0
 42
0.0000001
 43
0.0000000001
 40
0.0
 40
0.0
 40
0.0
 40
0.0
 40
1.0
 40
1.0
 40
1.0
 40
1.0
 10
3.891336987440042
 20
24.26118685471999
 30
0.0
 10
3.917121342780007
 20
24.21439292493997
 30
0.0
 10
3.93049114332004
 20
24.15900409743998
 30
0.0
 10
3.93049114332004
 20
24.09406548716001
 30
0.0
  0
SPLINE
  5
50D
330
2AF
100
AcDbEntity
  8
03___PRT_ALL_CURVES
  6
Continuous
 62
     4
100
AcDbSpline
210
0.0
220
0.0
230
1.0
 70
     8
 71
     3
 72
     8
 73
     4
 74
     0
 42
0.0000001
 43
0.0000000001
 40
0.0
 40
0.0
 40
0.0
 40
0.0
 40
1.0
 40
1.0
 40
1.0
 40
1.0
 10
3.93049114332004
 20
24.09406548716001
 30
0.0
 10
3.93049114332004
 20
24.01193723129998
 30
0.0
 10
3.908526521260001
 20
23.93362892462
 30
0.0
 10
3.866146738100042
 20
23.85934518951998
 30
0.0
  0
SPLINE
  5
50E
330
2AF
100
AcDbEntity
  8
03___PRT_ALL_CURVES
  6
Continuous
 62
     4
100
AcDbSpline
210
0.0
220
0.0
230
1.0
 70
     8
 71
     3
 72
     8
 73
     4
 74
     0
 42
0.0000001
 43
0.0000000001
 40
0.0
 40
0.0
 40
0.0
 40
0.0
 40
1.0
 40
1.0
 40
1.0
 40
1.0
 10
3.866146738100042
 20
23.85934518951998
 30
0.0
 10
3.823533419720007
 20
23.78465211309998
 30
0.0
 10
3.762414697660006
 20
23.72639836118
 30
0.0
 10
3.682005871940049
 20
23.68667257829998
 30
0.0
  0
SPLINE
  5
50F
330
2AF
100
AcDbEntity
  8
03___PRT_ALL_CURVES
  6
Continuous
 62
     4
100
AcDbSpline
210
0.0
220
0.0
230
1.0
 70
     8
 71
     3
 72
     8
 73
     4
 74
     0
 42
0.0000001
 43
0.0000000001
 40
0.0
 40
0.0
 40
0.0
 40
0.0
 40
1.0
 40
1.0
 40
1.0
 40
1.0
 10
3.682005871940049
 20
23.68667257829998
 30
0.0
 10
3.601978117340025
 20
23.64713506021999
 30
0.0
 10
3.495975355000013
 20
23.62612551118002
 30
0.0
 10
3.366098218260021
 20
23.62612551118002
 30
0.0
  0
SPLINE
  5
510
330
2AF
100
AcDbEntity
  8
03___PRT_ALL_CURVES
  6
Continuous
 62
     4
100
AcDbSpline
210
0.0
220
0.0
230
1.0
 70
     8
 71
     3
 72
     8
 73
     4
 74
     0
 42
0.0000001
 43
0.0000000001
 40
0.0
 40
0.0
 40
0.0
 40
0.0
 40
1.0
 40
1.0
 40
1.0
 40
1.0
 10
3.366098218260021
 20
23.62612551118002
 30
0.0
 10
3.238131004040014
 20
23.62612551118002
 30
0.0
 10
3.137858181980022
 20
23.64140518343999
 30
0.0
 10
3.06432463334005
 20
23.67100957686
 30
0.0
  0
SPLINE
  5
511
330
2AF
100
AcDbEntity
  8
03___PRT_ALL_CURVES
  6
Continuous
 62
     4
100
AcDbSpline
210
0.0
220
0.0
230
1.0
 70
     8
 71
     3
 72
     8
 73
     4
 74
     0
 42
0.0000001
 43
0.0000000001
 40
0.0
 40
0.0
 40
0.0
 40
0.0
 40
1.0
 40
1.0
 40
1.0
 40
1.0
 10
3.06432463334005
 20
23.67100957686
 30
0.0
 10
2.99079122948001
 20
23.70061391185999
 30
0.0
 10
2.930627471220021
 20
23.74454297817999
 30
0.0
 10
2.882878544620013
 20
23.80184174598
 30
0.0
  0
SPLINE
  5
512
330
2AF
100
AcDbEntity
  8
03___PRT_ALL_CURVES
  6
Continuous
 62
     4
100
AcDbSpline
210
0.0
220
0.0
230
1.0
 70
     8
 71
     3
 72
     8
 73
     4
 74
     0
 42
0.0000001
 43
0.0000000001
 40
0.0
 40
0.0
 40
0.0
 40
0.0
 40
1.0
 40
1.0
 40
1.0
 40
1.0
 10
2.882878544620013
 20
23.80184174598
 30
0.0
 10
2.835129623100045
 20
23.85914050869999
 30
0.0
 10
2.798840409420023
 20
23.93171895891999
 30
0.0
 10
2.774010901040043
 20
24.01957709156002
 30
0.0
  0
SPLINE
  5
513
330
2AF
100
AcDbEntity
  8
03___PRT_ALL_CURVES
  6
Continuous
 62
     4
100
AcDbSpline
210
0.0
220
0.0
230
1.0
 70
     8
 71
     3
 72
     8
 73
     4
 74
     0
 42
0.0000001
 43
0.0000000001
 40
0.0
 40
0.0
 40
0.0
 40
0.0
 40
1.0
 40
1.0
 40
1.0
 40
1.0
 10
3.162687520180015
 20
24.07114598766
 30
0.0
 10
3.177967243239976
 20
23.99283766066
 30
0.0
 10
3.200886826560037
 20
23.93840381727998
 30
0.0
 10
3.23335606565999
 20
23.90784451847998
 30
0.0
  0
SPLINE
  5
514
330
2AF
100
AcDbEntity
  8
03___PRT_ALL_CURVES
  6
Continuous
 62
     4
100
AcDbSpline
210
0.0
220
0.0
230
1.0
 70
     8
 71
     3
 72
     8
 73
     4
 74
     0
 42
0.0000001
 43
0.0000000001
 40
0.0
 40
0.0
 40
0.0
 40
0.0
 40
1.0
 40
1.0
 40
1.0
 40
1.0
 10
3.23335606565999
 20
23.90784451847998
 30
0.0
 10
3.265825396200029
 20
23.8772851384
 30
0.0
 10
3.306889418720004
 20
23.86296044010001
 30
0.0
 10
3.356548432940031
 20
23.86296044010001
 30
0.0
  0
SPLINE
  5
515
330
2AF
100
AcDbEntity
  8
03___PRT_ALL_CURVES
  6
Continuous
 62
     4
100
AcDbSpline
210
0.0
220
0.0
230
1.0
 70
     8
 71
     3
 72
     8
 73
     4
 74
     0
 42
0.0000001
 43
0.0000000001
 40
0.0
 40
0.0
 40
0.0
 40
0.0
 40
1.0
 40
1.0
 40
1.0
 40
1.0
 10
3.356548432940031
 20
23.86296044010001
 30
0.0
 10
3.408117369680014
 20
23.86296044010001
 30
0.0
 10
3.452046446159983
 20
23.88206003106001
 30
0.0
 10
3.486425617940029
 20
23.9202591698
 30
0.0
  0
SPLINE
  5
516
330
2AF
100
AcDbEntity
  8
03___PRT_ALL_CURVES
  6
Continuous
 62
     4
100
AcDbSpline
210
0.0
220
0.0
230
1.0
 70
     8
 71
     3
 72
     8
 73
     4
 74
     0
 42
0.0000001
 43
0.0000000001
 40
0.0
 40
0.0
 40
0.0
 40
0.0
 40
1.0
 40
1.0
 40
1.0
 40
1.0
 10
3.486425617940029
 20
23.9202591698
 30
0.0
 10
3.520804863380022
 20
23.95845838981998
 30
0.0
 10
3.538949470220018
 20
24.00907230433998
 30
0.0
 10
3.538949470220018
 20
24.07305595335998
 30
0.0
  0
SPLINE
  5
517
330
2AF
100
AcDbEntity
  8
03___PRT_ALL_CURVES
  6
Continuous
 62
     4
100
AcDbSpline
210
0.0
220
0.0
230
1.0
 70
     8
 71
     3
 72
     8
 73
     4
 74
     0
 42
0.0000001
 43
0.0000000001
 40
0.0
 40
0.0
 40
0.0
 40
0.0
 40
1.0
 40
1.0
 40
1.0
 40
1.0
 10
3.538949470220018
 20
24.07305595335998
 30
0.0
 10
3.538949470220018
 20
24.13799456364001
 30
0.0
 10
3.521759824640043
 20
24.18765349404001
 30
0.0
 10
3.488096709340056
 20
24.22372115876001
 30
0.0
  0
SPLINE
  5
518
330
2AF
100
AcDbEntity
  8
03___PRT_ALL_CURVES
  6
Continuous
 62
     4
100
AcDbSpline
210
0.0
220
0.0
230
1.0
 70
     8
 71
     3
 72
     8
 73
     4
 74
     0
 42
0.0000001
 43
0.0000000001
 40
0.0
 40
0.0
 40
0.0
 40
0.0
 40
1.0
 40
1.0
 40
1.0
 40
1.0
 10
3.488096709340056
 20
24.22372115876001
 30
0.0
 10
3.454911332480037
 20
24.25927696267999
 30
0.0
 10
3.41002729473999
 20
24.27742156952002
 30
0.0
 10
3.352728585360012
 20
24.27742156952002
 30
0.0
  0
SPLINE
  5
519
330
2AF
100
AcDbEntity
  8
03___PRT_ALL_CURVES
  6
Continuous
 62
     4
100
AcDbSpline
210
0.0
220
0.0
230
1.0
 70
     8
 71
     3
 72
     8
 73
     4
 74
     0
 42
0.0000001
 43
0.0000000001
 40
0.0
 40
0.0
 40
0.0
 40
0.0
 40
1.0
 40
1.0
 40
1.0
 40
1.0
 10
3.352728585360012
 20
24.27742156952002
 30
0.0
 10
3.322169141779995
 20
24.27742156952002
 30
0.0
 10
3.280149990360059
 20
24.26978170925997
 30
0.0
 10
3.226671128560014
 20
24.25450202683999
 30
0.0
  0
LINE
  5
51A
330
2AF
100
AcDbEntity
  8
03___PRT_ALL_CURVES
  6
Continuous
 62
     4
100
AcDbLine
 10
3.24672582556002
 20
24.53240112052001
 30
0.0
 11
3.297339635940034
 21
24.52762622786
 31
0.0
  0
SPLINE
  5
51B
330
2AF
100
AcDbEntity
  8
03___PRT_ALL_CURVES
  6
Continuous
 62
     4
100
AcDbSpline
210
0.0
220
0.0
230
1.0
 70
     8
 71
     3
 72
     8
 73
     4
 74
     0
 42
0.0000001
 43
0.0000000001
 40
0.0
 40
0.0
 40
0.0
 40
0.0
 40
1.0
 40
1.0
 40
1.0
 40
1.0
 10
3.297339635940034
 20
24.52762622786
 30
0.0
 10
3.347953611420024
 20
24.52762622786
 30
0.0
 10
3.389972762840046
 20
24.54386082835998
 30
0.0
 10
3.424351906680016
 20
24.57633009285999
 30
0.0
  0
SPLINE
  5
51C
330
2AF
100
AcDbEntity
  8
03___PRT_ALL_CURVES
  6
Continuous
 62
     4
100
AcDbSpline
210
0.0
220
0.0
230
1.0
 70
     8
 71
     3
 72
     8
 73
     4
 74
     0
 42
0.0000001
 43
0.0000000001
 40
0.0
 40
0.0
 40
0.0
 40
0.0
 40
1.0
 40
1.0
 40
1.0
 40
1.0
 10
3.424351906680016
 20
24.57633009285999
 30
0.0
 10
3.458731180060028
 20
24.60879948181997
 30
0.0
 10
3.475920825640003
 20
24.64699862056
 30
0.0
 10
3.475920825640003
 20
24.69188265829999
 30
0.0
  0
SPLINE
  5
51D
330
2AF
100
AcDbEntity
  8
03___PRT_ALL_CURVES
  6
Continuous
 62
     4
100
AcDbSpline
210
0.0
220
0.0
230
1.0
 70
     8
 71
     3
 72
     8
 73
     4
 74
     0
 42
0.0000001
 43
0.0000000001
 40
0.0
 40
0.0
 40
0.0
 40
0.0
 40
1.0
 40
1.0
 40
1.0
 40
1.0
 10
3.475920825640003
 20
24.69188265829999
 30
0.0
 10
3.475920825640003
 20
24.73390180971998
 30
0.0
 10
3.462551192740023
 20
24.76828101960001
 30
0.0
 10
3.437239681259996
 20
24.79359249044001
 30
0.0
  0
SPLINE
  5
51E
330
2AF
100
AcDbEntity
  8
03___PRT_ALL_CURVES
  6
Continuous
 62
     4
100
AcDbSpline
210
0.0
220
0.0
230
1.0
 70
     8
 71
     3
 72
     8
 73
     4
 74
     0
 42
0.0000001
 43
0.0000000001
 40
0.0
 40
0.0
 40
0.0
 40
0.0
 40
1.0
 40
1.0
 40
1.0
 40
1.0
 10
3.437239681259996
 20
24.79359249044001
 30
0.0
 10
3.411937217260004
 20
24.81889491125997
 30
0.0
 10
3.37660296484006
 20
24.83226462543999
 30
0.0
 10
3.332673888360034
 20
24.83226462543999
 30
0.0
  0
SPLINE
  5
51F
330
2AF
100
AcDbEntity
  8
03___PRT_ALL_CURVES
  6
Continuous
 62
     4
100
AcDbSpline
210
0.0
220
0.0
230
1.0
 70
     8
 71
     3
 72
     8
 73
     4
 74
     0
 42
0.0000001
 43
0.0000000001
 40
0.0
 40
0.0
 40
0.0
 40
0.0
 40
1.0
 40
1.0
 40
1.0
 40
1.0
 10
3.332673888360034
 20
24.83226462543999
 30
0.0
 10
3.286834889360051
 20
24.83226462543999
 30
0.0
 10
3.249590711880018
 20
24.81793995000001
 30
0.0
 10
3.220941358460038
 20
24.79024555784
 30
0.0
  0
SPLINE
  5
520
330
2AF
100
AcDbEntity
  8
03___PRT_ALL_CURVES
  6
Continuous
 62
     4
100
AcDbSpline
210
0.0
220
0.0
230
1.0
 70
     8
 71
     3
 72
     8
 73
     4
 74
     0
 42
0.0000001
 43
0.0000000001
 40
0.0
 40
0.0
 40
0.0
 40
0.0
 40
1.0
 40
1.0
 40
1.0
 40
1.0
 10
3.220941358460038
 20
24.79024555784
 30
0.0
 10
3.192292002500011
 20
24.76255116313999
 30
0.0
 10
3.172237305500005
 20
24.71384719654
 30
0.0
 10
3.162687520180015
 20
24.64508869549999
 30
0.0
  0
SPLINE
  5
521
330
2AF
100
AcDbEntity
  8
03___PRT_ALL_CURVES
  6
Continuous
 62
     4
100
AcDbSpline
210
0.0
220
0.0
230
1.0
 70
     8
 71
     3
 72
     8
 73
     4
 74
     0
 42
0.0000001
 43
0.0000000001
 40
0.0
 40
0.0
 40
0.0
 40
0.0
 40
1.0
 40
1.0
 40
1.0
 40
1.0
 10
1.489085988039989
 20
21.21098222615998
 30
0.0
 10
1.519645340180006
 20
21.32748973254002
 30
0.0
 10
1.577899081939989
 20
21.41725781055999
 30
0.0
 10
1.665029187080023
 20
21.47997234095999
 30
0.0
  0
SPLINE
  5
522
330
2AF
100
AcDbEntity
  8
03___PRT_ALL_CURVES
  6
Continuous
 62
     4
100
AcDbSpline
210
0.0
220
0.0
230
1.0
 70
     8
 71
     3
 72
     8
 73
     4
 74
     0
 42
0.0000001
 43
0.0000000001
 40
0.0
 40
0.0
 40
0.0
 40
0.0
 40
1.0
 40
1.0
 40
1.0
 40
1.0
 10
1.665029187080023
 20
21.47997234095999
 30
0.0
 10
1.751705358660018
 20
21.54236013845997
 30
0.0
 10
1.874897723400011
 20
21.57387454584
 30
0.0
 10
2.034379301820024
 20
21.57387454584
 30
0.0
  0
SPLINE
  5
523
330
2AF
100
AcDbEntity
  8
03___PRT_ALL_CURVES
  6
Continuous
 62
     4
100
AcDbSpline
210
0.0
220
0.0
230
1.0
 70
     8
 71
     3
 72
     8
 73
     4
 74
     0
 42
0.0000001
 43
0.0000000001
 40
0.0
 40
0.0
 40
0.0
 40
0.0
 40
1.0
 40
1.0
 40
1.0
 40
1.0
 10
2.034379301820024
 20
21.57387454584
 30
0.0
 10
2.216780382279978
 20
21.57387454584
 30
0.0
 10
2.348567609180009
 20
21.53949525214
 30
0.0
 10
2.430265962420009
 20
21.47117437278001
 30
0.0
  0
SPLINE
  5
524
330
2AF
100
AcDbEntity
  8
03___PRT_ALL_CURVES
  6
Continuous
 62
     4
100
AcDbSpline
210
0.0
220
0.0
230
1.0
 70
     8
 71
     3
 72
     8
 73
     4
 74
     0
 42
0.0000001
 43
0.0000000001
 40
0.0
 40
0.0
 40
0.0
 40
0.0
 40
1.0
 40
1.0
 40
1.0
 40
1.0
 10
2.430265962420009
 20
21.47117437278001
 30
0.0
 10
2.511869078360007
 20
21.40293313258002
 30
0.0
 10
2.552933184700009
 20
21.31793994975999
 30
0.0
 10
2.552933184700009
 20
21.21480215756
 30
0.0
  0
SPLINE
  5
525
330
2AF
100
AcDbEntity
  8
03___PRT_ALL_CURVES
  6
Continuous
 62
     4
100
AcDbSpline
210
0.0
220
0.0
230
1.0
 70
     8
 71
     3
 72
     8
 73
     4
 74
     0
 42
0.0000001
 43
0.0000000001
 40
0.0
 40
0.0
 40
0.0
 40
0.0
 40
1.0
 40
1.0
 40
1.0
 40
1.0
 10
2.552933184700009
 20
21.21480215756
 30
0.0
 10
2.552933184700009
 20
21.15368351932
 30
0.0
 10
2.535743539120034
 20
21.09924969625999
 30
0.0
 10
2.503165379740011
 20
21.05061848541999
 30
0.0
  0
SPLINE
  5
526
330
2AF
100
AcDbEntity
  8
03___PRT_ALL_CURVES
  6
Continuous
 62
     4
100
AcDbSpline
210
0.0
220
0.0
230
1.0
 70
     8
 71
     3
 72
     8
 73
     4
 74
     0
 42
0.0000001
 43
0.0000000001
 40
0.0
 40
0.0
 40
0.0
 40
0.0
 40
1.0
 40
1.0
 40
1.0
 40
1.0
 10
2.503165379740011
 20
21.05061848541999
 30
0.0
 10
2.469850008220021
 20
21.00088679672001
 30
0.0
 10
2.420191077820022
 20
20.95791268404002
 30
0.0
 10
2.353342501840018
 20
20.92162346781998
 30
0.0
  0
SPLINE
  5
527
330
2AF
100
AcDbEntity
  8
03___PRT_ALL_CURVES
  6
Continuous
 62
     4
100
AcDbSpline
210
0.0
220
0.0
230
1.0
 70
     8
 71
     3
 72
     8
 73
     4
 74
     0
 42
0.0000001
 43
0.0000000001
 40
0.0
 40
0.0
 40
0.0
 40
0.0
 40
1.0
 40
1.0
 40
1.0
 40
1.0
 10
2.353342501840018
 20
20.92162346781998
 30
0.0
 10
2.406821363640006
 20
20.90825375364
 30
0.0
 10
2.448840431240001
 20
20.89201906931999
 30
0.0
 10
2.477294824420028
 20
20.87450867000001
 30
0.0
  0
SPLINE
  5
528
330
2AF
100
AcDbEntity
  8
03___PRT_ALL_CURVES
  6
Continuous
 62
     4
100
AcDbSpline
210
0.0
220
0.0
230
1.0
 70
     8
 71
     3
 72
     8
 73
     4
 74
     0
 42
0.0000001
 43
0.0000000001
 40
0.0
 40
0.0
 40
0.0
 40
0.0
 40
1.0
 40
1.0
 40
1.0
 40
1.0
 10
2.477294824420028
 20
20.87450867000001
 30
0.0
 10
2.523328786200011
 20
20.84618007032
 30
0.0
 10
2.559618083700002
 20
20.80798088839998
 30
0.0
 10
2.585402510160009
 20
20.76118690781999
 30
0.0
  0
SPLINE
  5
529
330
2AF
100
AcDbEntity
  8
03___PRT_ALL_CURVES
  6
Continuous
 62
     4
100
AcDbSpline
210
0.0
220
0.0
230
1.0
 70
     8
 71
     3
 72
     8
 73
     4
 74
     0
 42
0.0000001
 43
0.0000000001
 40
0.0
 40
0.0
 40
0.0
 40
0.0
 40
1.0
 40
1.0
 40
1.0
 40
1.0
 10
2.585402510160009
 20
20.76118690781999
 30
0.0
 10
2.611186939160007
 20
20.71439292469998
 30
0.0
 10
2.624556653340022
 20
20.65900409719998
 30
0.0
 10
2.624556653340022
 20
20.59406548691999
 30
0.0
  0
SPLINE
  5
52A
330
2AF
100
AcDbEntity
  8
03___PRT_ALL_CURVES
  6
Continuous
 62
     4
100
AcDbSpline
210
0.0
220
0.0
230
1.0
 70
     8
 71
     3
 72
     8
 73
     4
 74
     0
 42
0.0000001
 43
0.0000000001
 40
0.0
 40
0.0
 40
0.0
 40
0.0
 40
1.0
 40
1.0
 40
1.0
 40
1.0
 10
2.624556653340022
 20
20.59406548691999
 30
0.0
 10
2.624556653340022
 20
20.51193723106002
 30
0.0
 10
2.602592115100009
 20
20.43362892438
 30
0.0
 10
2.560212281140025
 20
20.35934517150002
 30
0.0
  0
SPLINE
  5
52B
330
2AF
100
AcDbEntity
  8
03___PRT_ALL_CURVES
  6
Continuous
 62
     4
100
AcDbSpline
210
0.0
220
0.0
230
1.0
 70
     8
 71
     3
 72
     8
 73
     4
 74
     0
 42
0.0000001
 43
0.0000000001
 40
0.0
 40
0.0
 40
0.0
 40
0.0
 40
1.0
 40
1.0
 40
1.0
 40
1.0
 10
2.560212281140025
 20
20.35934517150002
 30
0.0
 10
2.517598932279981
 20
20.28465211285999
 30
0.0
 10
2.456480294040006
 20
20.22639836093998
 30
0.0
 10
2.376071465780001
 20
20.18667257806001
 30
0.0
  0
SPLINE
  5
52C
330
2AF
100
AcDbEntity
  8
03___PRT_ALL_CURVES
  6
Continuous
 62
     4
100
AcDbSpline
210
0.0
220
0.0
230
1.0
 70
     8
 71
     3
 72
     8
 73
     4
 74
     0
 42
0.0000001
 43
0.0000000001
 40
0.0
 40
0.0
 40
0.0
 40
0.0
 40
1.0
 40
1.0
 40
1.0
 40
1.0
 10
2.376071465780001
 20
20.18667257806001
 30
0.0
 10
2.296043711180005
 20
20.14713506251999
 30
0.0
 10
2.190040951380041
 20
20.12612551093997
 30
0.0
 10
2.060163771459997
 20
20.12612551093997
 30
0.0
  0
SPLINE
  5
52D
330
2AF
100
AcDbEntity
  8
03___PRT_ALL_CURVES
  6
Continuous
 62
     4
100
AcDbSpline
210
0.0
220
0.0
230
1.0
 70
     8
 71
     3
 72
     8
 73
     4
 74
     0
 42
0.0000001
 43
0.0000000001
 40
0.0
 40
0.0
 40
0.0
 40
0.0
 40
1.0
 40
1.0
 40
1.0
 40
1.0
 10
2.060163771459997
 20
20.12612551093997
 30
0.0
 10
1.932196514059996
 20
20.12612551093997
 30
0.0
 10
1.831923651360057
 20
20.14140518319999
 30
0.0
 10
1.758390217020036
 20
20.17100955121998
 30
0.0
  0
SPLINE
  5
52E
330
2AF
100
AcDbEntity
  8
03___PRT_ALL_CURVES
  6
Continuous
 62
     4
100
AcDbSpline
210
0.0
220
0.0
230
1.0
 70
     8
 71
     3
 72
     8
 73
     4
 74
     0
 42
0.0000001
 43
0.0000000001
 40
0.0
 40
0.0
 40
0.0
 40
0.0
 40
1.0
 40
1.0
 40
1.0
 40
1.0
 10
1.758390217020036
 20
20.17100955121998
 30
0.0
 10
1.684856803000031
 20
20.20061391162
 30
0.0
 10
1.624693085380017
 20
20.24454297794
 30
0.0
 10
1.576944102900029
 20
20.30184175081999
 30
0.0
  0
SPLINE
  5
52F
330
2AF
100
AcDbEntity
  8
03___PRT_ALL_CURVES
  6
Continuous
 62
     4
100
AcDbSpline
210
0.0
220
0.0
230
1.0
 70
     8
 71
     3
 72
     8
 73
     4
 74
     0
 42
0.0000001
 43
0.0000000001
 40
0.0
 40
0.0
 40
0.0
 40
0.0
 40
1.0
 40
1.0
 40
1.0
 40
1.0
 10
1.576944102900029
 20
20.30184175081999
 30
0.0
 10
1.529195135660018
 20
20.35914050845997
 30
0.0
 10
1.492905909280012
 20
20.43171896121999
 30
0.0
 10
1.468076439000015
 20
20.51957709131997
 30
0.0
  0
SPLINE
  5
530
330
2AF
100
AcDbEntity
  8
03___PRT_ALL_CURVES
  6
Continuous
 62
     4
100
AcDbSpline
210
0.0
220
0.0
230
1.0
 70
     8
 71
     3
 72
     8
 73
     4
 74
     0
 42
0.0000001
 43
0.0000000001
 40
0.0
 40
0.0
 40
0.0
 40
0.0
 40
1.0
 40
1.0
 40
1.0
 40
1.0
 10
1.856753116560014
 20
20.57114598741998
 30
0.0
 10
1.87203279644001
 20
20.49283766041998
 30
0.0
 10
1.894952295940016
 20
20.43840381704001
 30
0.0
 10
1.927421590920034
 20
20.40784448775997
 30
0.0
  0
SPLINE
  5
531
330
2AF
100
AcDbEntity
  8
03___PRT_ALL_CURVES
  6
Continuous
 62
     4
100
AcDbSpline
210
0.0
220
0.0
230
1.0
 70
     8
 71
     3
 72
     8
 73
     4
 74
     0
 42
0.0000001
 43
0.0000000001
 40
0.0
 40
0.0
 40
0.0
 40
0.0
 40
1.0
 40
1.0
 40
1.0
 40
1.0
 10
1.927421590920034
 20
20.40784448775997
 30
0.0
 10
1.959890906220011
 20
20.37728513816
 30
0.0
 10
2.000955015100004
 20
20.36296043985999
 30
0.0
 10
2.050613945500032
 20
20.36296043985999
 30
0.0
  0
SPLINE
  5
532
330
2AF
100
AcDbEntity
  8
03___PRT_ALL_CURVES
  6
Continuous
 62
     4
100
AcDbSpline
210
0.0
220
0.0
230
1.0
 70
     8
 71
     3
 72
     8
 73
     4
 74
     0
 42
0.0000001
 43
0.0000000001
 40
0.0
 40
0.0
 40
0.0
 40
0.0
 40
1.0
 40
1.0
 40
1.0
 40
1.0
 10
2.050613945500032
 20
20.36296043985999
 30
0.0
 10
2.102182882240015
 20
20.36296043985999
 30
0.0
 10
2.146111874900015
 20
20.38206003081999
 30
0.0
 10
2.180491166060023
 20
20.42025921019999
 30
0.0
  0
SPLINE
  5
533
330
2AF
100
AcDbEntity
  8
03___PRT_ALL_CURVES
  6
Continuous
 62
     4
100
AcDbSpline
210
0.0
220
0.0
230
1.0
 70
     8
 71
     3
 72
     8
 73
     4
 74
     0
 42
0.0000001
 43
0.0000000001
 40
0.0
 40
0.0
 40
0.0
 40
0.0
 40
1.0
 40
1.0
 40
1.0
 40
1.0
 10
2.180491166060023
 20
20.42025921019999
 30
0.0
 10
2.21487045722003
 20
20.45845838958002
 30
0.0
 10
2.233015064059998
 20
20.50907230409999
 30
0.0
 10
2.233015064059998
 20
20.57305595311999
 30
0.0
  0
SPLINE
  5
534
330
2AF
100
AcDbEntity
  8
03___PRT_ALL_CURVES
  6
Continuous
 62
     4
100
AcDbSpline
210
0.0
220
0.0
230
1.0
 70
     8
 71
     3
 72
     8
 73
     4
 74
     0
 42
0.0000001
 43
0.0000000001
 40
0.0
 40
0.0
 40
0.0
 40
0.0
 40
1.0
 40
1.0
 40
1.0
 40
1.0
 10
2.233015064059998
 20
20.57305595311999
 30
0.0
 10
2.233015064059998
 20
20.63799456339999
 30
0.0
 10
2.215825418480023
 20
20.68765349379998
 30
0.0
 10
2.182162242219988
 20
20.72372117884001
 30
0.0
  0
SPLINE
  5
535
330
2AF
100
AcDbEntity
  8
03___PRT_ALL_CURVES
  6
Continuous
 62
     4
100
AcDbSpline
210
0.0
220
0.0
230
1.0
 70
     8
 71
     3
 72
     8
 73
     4
 74
     0
 42
0.0000001
 43
0.0000000001
 40
0.0
 40
0.0
 40
0.0
 40
0.0
 40
1.0
 40
1.0
 40
1.0
 40
1.0
 10
2.182162242219988
 20
20.72372117884001
 30
0.0
 10
2.148976842500019
 20
20.75927696244
 30
0.0
 10
2.104092804759972
 20
20.77742156927999
 30
0.0
 10
2.046794054739991
 20
20.77742156927999
 30
0.0
  0
SPLINE
  5
536
330
2AF
100
AcDbEntity
  8
03___PRT_ALL_CURVES
  6
Continuous
 62
     4
100
AcDbSpline
210
0.0
220
0.0
230
1.0
 70
     8
 71
     3
 72
     8
 73
     4
 74
     0
 42
0.0000001
 43
0.0000000001
 40
0.0
 40
0.0
 40
0.0
 40
0.0
 40
1.0
 40
1.0
 40
1.0
 40
1.0
 10
2.046794054739991
 20
20.77742156927999
 30
0.0
 10
2.016234694980028
 20
20.77742156927999
 30
0.0
 10
1.974215584199982
 20
20.76978170902001
 30
0.0
 10
1.920736722400051
 20
20.75450202914001
 30
0.0
  0
LINE
  5
537
330
2AF
100
AcDbEntity
  8
03___PRT_ALL_CURVES
  6
Continuous
 62
     4
100
AcDbLine
 10
1.940791294939999
 20
21.03240112027999
 30
0.0
 11
1.991405229780014
 21
21.02762622762
 31
0.0
  0
SPLINE
  5
538
330
2AF
100
AcDbEntity
  8
03___PRT_ALL_CURVES
  6
Continuous
 62
     4
100
AcDbSpline
210
0.0
220
0.0
230
1.0
 70
     8
 71
     3
 72
     8
 73
     4
 74
     0
 42
0.0000001
 43
0.0000000001
 40
0.0
 40
0.0
 40
0.0
 40
0.0
 40
1.0
 40
1.0
 40
1.0
 40
1.0
 10
1.991405229780014
 20
21.02762622762
 30
0.0
 10
2.042019121440006
 20
21.02762622762
 30
0.0
 10
2.084038232220024
 20
21.04386082812002
 30
0.0
 10
2.118417472580006
 20
21.07633012564
 30
0.0
  0
SPLINE
  5
539
330
2AF
100
AcDbEntity
  8
03___PRT_ALL_CURVES
  6
Continuous
 62
     4
100
AcDbSpline
210
0.0
220
0.0
230
1.0
 70
     8
 71
     3
 72
     8
 73
     4
 74
     0
 42
0.0000001
 43
0.0000000001
 40
0.0
 40
0.0
 40
0.0
 40
0.0
 40
1.0
 40
1.0
 40
1.0
 40
1.0
 10
2.118417472580006
 20
21.07633012564
 30
0.0
 10
2.152796773900008
 20
21.10879948158001
 30
0.0
 10
2.16998641948004
 20
21.14699862032001
 30
0.0
 10
2.16998641948004
 20
21.19188265806
 30
0.0
  0
SPLINE
  5
53A
330
2AF
100
AcDbEntity
  8
03___PRT_ALL_CURVES
  6
Continuous
 62
     4
100
AcDbSpline
210
0.0
220
0.0
230
1.0
 70
     8
 71
     3
 72
     8
 73
     4
 74
     0
 42
0.0000001
 43
0.0000000001
 40
0.0
 40
0.0
 40
0.0
 40
0.0
 40
1.0
 40
1.0
 40
1.0
 40
1.0
 10
2.16998641948004
 20
21.19188265806
 30
0.0
 10
2.16998641948004
 20
21.23390180947999
 30
0.0
 10
2.156616705300024
 20
21.26828101935999
 30
0.0
 10
2.131305191280006
 20
21.29359249019998
 30
0.0
  0
SPLINE
  5
53B
330
2AF
100
AcDbEntity
  8
03___PRT_ALL_CURVES
  6
Continuous
 62
     4
100
AcDbSpline
210
0.0
220
0.0
230
1.0
 70
     8
 71
     3
 72
     8
 73
     4
 74
     0
 42
0.0000001
 43
0.0000000001
 40
0.0
 40
0.0
 40
0.0
 40
0.0
 40
1.0
 40
1.0
 40
1.0
 40
1.0
 10
2.131305191280006
 20
21.29359249019998
 30
0.0
 10
2.106002729820034
 20
21.31889491102001
 30
0.0
 10
2.070668518040009
 20
21.3322646252
 30
0.0
 10
2.026739482200014
 20
21.3322646252
 30
0.0
  0
SPLINE
  5
53C
330
2AF
100
AcDbEntity
  8
03___PRT_ALL_CURVES
  6
Continuous
 62
     4
100
AcDbSpline
210
0.0
220
0.0
230
1.0
 70
     8
 71
     3
 72
     8
 73
     4
 74
     0
 42
0.0000001
 43
0.0000000001
 40
0.0
 40
0.0
 40
0.0
 40
0.0
 40
1.0
 40
1.0
 40
1.0
 40
1.0
 10
2.026739482200014
 20
21.3322646252
 30
0.0
 10
1.980900442560028
 20
21.3322646252
 30
0.0
 10
1.943656265079994
 20
21.31793994975999
 30
0.0
 10
1.91500686848002
 20
21.2902455576
 30
0.0
  0
SPLINE
  5
53D
330
2AF
100
AcDbEntity
  8
03___PRT_ALL_CURVES
  6
Continuous
 62
     4
100
AcDbSpline
210
0.0
220
0.0
230
1.0
 70
     8
 71
     3
 72
     8
 73
     4
 74
     0
 42
0.0000001
 43
0.0000000001
 40
0.0
 40
0.0
 40
0.0
 40
0.0
 40
1.0
 40
1.0
 40
1.0
 40
1.0
 10
1.91500686848002
 20
21.2902455576
 30
0.0
 10
1.886357474420009
 20
21.26255116543996
 30
0.0
 10
1.866302899340042
 20
21.21384719629998
 30
0.0
 10
1.856753116560014
 20
21.14508869526
 30
0.0
  0
SPLINE
  5
53E
330
2AF
100
AcDbEntity
  8
03___PRT_ALL_CURVES
  6
Continuous
 62
     4
100
AcDbSpline
210
0.0
220
0.0
230
1.0
 70
     8
 71
     3
 72
     8
 73
     4
 74
     0
 42
0.0000001
 43
0.0000000001
 40
0.0
 40
0.0
 40
0.0
 40
0.0
 40
1.0
 40
1.0
 40
1.0
 40
1.0
 10
3.206139140160019
 20
21.02953615268001
 30
0.0
 10
3.249113255380024
 20
21.04959068203999
 30
0.0
 10
3.292087368060038
 20
21.06487040510001
 30
0.0
 10
3.334216745320049
 20
21.07492399434
 30
0.0
  0
SPLINE
  5
53F
330
2AF
100
AcDbEntity
  8
03___PRT_ALL_CURVES
  6
Continuous
 62
     4
100
AcDbSpline
210
0.0
220
0.0
230
1.0
 70
     8
 71
     3
 72
     8
 73
     4
 74
     0
 42
0.0000001
 43
0.0000000001
 40
0.0
 40
0.0
 40
0.0
 40
0.0
 40
1.0
 40
1.0
 40
1.0
 40
1.0
 10
3.334216745320049
 20
21.07492399434
 30
0.0
 10
3.376125508340039
 20
21.08492493700001
 30
0.0
 10
3.418144659760031
 20
21.09065487473998
 30
0.0
 10
3.460163813720015
 20
21.09065487473998
 30
0.0
  0
SPLINE
  5
540
330
2AF
100
AcDbEntity
  8
03___PRT_ALL_CURVES
  6
Continuous
 62
     4
100
AcDbSpline
210
0.0
220
0.0
230
1.0
 70
     8
 71
     3
 72
     8
 73
     4
 74
     0
 42
0.0000001
 43
0.0000000001
 40
0.0
 40
0.0
 40
0.0
 40
0.0
 40
1.0
 40
1.0
 40
1.0
 40
1.0
 10
3.460163813720015
 20
21.09065487473998
 30
0.0
 10
3.599590735779969
 20
21.09065487473998
 30
0.0
 10
3.713233355840003
 20
21.04768075952001
 30
0.0
 10
3.800623424900039
 20
20.96315588919998
 30
0.0
  0
SPLINE
  5
541
330
2AF
100
AcDbEntity
  8
03___PRT_ALL_CURVES
  6
Continuous
 62
     4
100
AcDbSpline
210
0.0
220
0.0
230
1.0
 70
     8
 71
     3
 72
     8
 73
     4
 74
     0
 42
0.0000001
 43
0.0000000001
 40
0.0
 40
0.0
 40
0.0
 40
0.0
 40
1.0
 40
1.0
 40
1.0
 40
1.0
 10
3.800623424900039
 20
20.96315588919998
 30
0.0
 10
3.887994532860006
 20
20.87864935260001
 30
0.0
 10
3.931923609340032
 20
20.77169167471999
 30
0.0
 10
3.931923609340032
 20
20.64372441731999
 30
0.0
  0
SPLINE
  5
542
330
2AF
100
AcDbEntity
  8
03___PRT_ALL_CURVES
  6
Continuous
 62
     4
100
AcDbSpline
210
0.0
220
0.0
230
1.0
 70
     8
 71
     3
 72
     8
 73
     4
 74
     0
 42
0.0000001
 43
0.0000000001
 40
0.0
 40
0.0
 40
0.0
 40
0.0
 40
1.0
 40
1.0
 40
1.0
 40
1.0
 10
3.931923609340032
 20
20.64372441731999
 30
0.0
 10
3.931923609340032
 20
20.55300138058001
 30
0.0
 10
3.909004193659996
 20
20.46609823206001
 30
0.0
 10
3.864319076019996
 20
20.38290785487999
 30
0.0
  0
SPLINE
  5
543
330
2AF
100
AcDbEntity
  8
03___PRT_ALL_CURVES
  6
Continuous
 62
     4
100
AcDbSpline
210
0.0
220
0.0
230
1.0
 70
     8
 71
     3
 72
     8
 73
     4
 74
     0
 42
0.0000001
 43
0.0000000001
 40
0.0
 40
0.0
 40
0.0
 40
0.0
 40
1.0
 40
1.0
 40
1.0
 40
1.0
 10
3.864319076019996
 20
20.38290785487999
 30
0.0
 10
3.819236115640024
 20
20.29897681116
 30
0.0
 10
3.755252509800016
 20
20.23594815641997
 30
0.0
 10
3.673124147259983
 20
20.19201906469999
 30
0.0
  0
SPLINE
  5
544
330
2AF
100
AcDbEntity
  8
03___PRT_ALL_CURVES
  6
Continuous
 62
     4
100
AcDbSpline
210
0.0
220
0.0
230
1.0
 70
     8
 71
     3
 72
     8
 73
     4
 74
     0
 42
0.0000001
 43
0.0000000001
 40
0.0
 40
0.0
 40
0.0
 40
0.0
 40
1.0
 40
1.0
 40
1.0
 40
1.0
 10
3.673124147259983
 20
20.19201906469999
 30
0.0
 10
3.590995911720029
 20
20.14809004156001
 30
0.0
 10
3.484993151920037
 20
20.12612551093997
 30
0.0
 10
3.35702593770003
 20
20.12612551093997
 30
0.0
  0
SPLINE
  5
545
330
2AF
100
AcDbEntity
  8
03___PRT_ALL_CURVES
  6
Continuous
 62
     4
100
AcDbSpline
210
0.0
220
0.0
230
1.0
 70
     8
 71
     3
 72
     8
 73
     4
 74
     0
 42
0.0000001
 43
0.0000000001
 40
0.0
 40
0.0
 40
0.0
 40
0.0
 40
1.0
 40
1.0
 40
1.0
 40
1.0
 10
3.35702593770003
 20
20.12612551093997
 30
0.0
 10
3.264392975900023
 20
20.12612551093997
 30
0.0
 10
3.185129646999997
 20
20.13567530641998
 30
0.0
 10
3.119348363780006
 20
20.15235895859999
 30
0.0
  0
SPLINE
  5
546
330
2AF
100
AcDbEntity
  8
03___PRT_ALL_CURVES
  6
Continuous
 62
     4
100
AcDbSpline
210
0.0
220
0.0
230
1.0
 70
     8
 71
     3
 72
     8
 73
     4
 74
     0
 42
0.0000001
 43
0.0000000001
 40
0.0
 40
0.0
 40
0.0
 40
0.0
 40
1.0
 40
1.0
 40
1.0
 40
1.0
 10
3.119348363780006
 20
20.15235895859999
 30
0.0
 10
3.053342417560032
 20
20.16909959060001
 30
0.0
 10
2.996998671980009
 20
20.19583901387998
 30
0.0
 10
2.951159670440006
 20
20.23021827964001
 30
0.0
  0
SPLINE
  5
547
330
2AF
100
AcDbEntity
  8
03___PRT_ALL_CURVES
  6
Continuous
 62
     4
100
AcDbSpline
210
0.0
220
0.0
230
1.0
 70
     8
 71
     3
 72
     8
 73
     4
 74
     0
 42
0.0000001
 43
0.0000000001
 40
0.0
 40
0.0
 40
0.0
 40
0.0
 40
1.0
 40
1.0
 40
1.0
 40
1.0
 10
2.951159670440006
 20
20.23021827964001
 30
0.0
 10
2.905320673980015
 20
20.26459754032001
 30
0.0
 10
2.868076496500038
 20
20.30470668539999
 30
0.0
 10
2.839427033860005
 20
20.34863577965999
 30
0.0
  0
SPLINE
  5
548
330
2AF
100
AcDbEntity
  8
03___PRT_ALL_CURVES
  6
Continuous
 62
     4
100
AcDbSpline
210
0.0
220
0.0
230
1.0
 70
     8
 71
     3
 72
     8
 73
     4
 74
     0
 42
0.0000001
 43
0.0000000001
 40
0.0
 40
0.0
 40
0.0
 40
0.0
 40
1.0
 40
1.0
 40
1.0
 40
1.0
 10
2.839427033860005
 20
20.34863577965999
 30
0.0
 10
2.810777622020026
 20
20.39256479771998
 30
0.0
 10
2.78690315871998
 20
20.44699864110001
 30
0.0
 10
2.767803590619991
 20
20.51289223295998
 30
0.0
  0
SPLINE
  5
549
330
2AF
100
AcDbEntity
  8
03___PRT_ALL_CURVES
  6
Continuous
 62
     4
100
AcDbSpline
210
0.0
220
0.0
230
1.0
 70
     8
 71
     3
 72
     8
 73
     4
 74
     0
 42
0.0000001
 43
0.0000000001
 40
0.0
 40
0.0
 40
0.0
 40
0.0
 40
1.0
 40
1.0
 40
1.0
 40
1.0
 10
3.161255102420029
 20
20.55586630754001
 30
0.0
 10
3.170804887740019
 20
20.49283766041998
 30
0.0
 10
3.19276950726001
 20
20.44413369381999
 30
0.0
 10
3.227882739040012
 20
20.41142549406001
 30
0.0
  0
SPLINE
  5
54A
330
2AF
100
AcDbEntity
  8
03___PRT_ALL_CURVES
  6
Continuous
 62
     4
100
AcDbSpline
210
0.0
220
0.0
230
1.0
 70
     8
 71
     3
 72
     8
 73
     4
 74
     0
 42
0.0000001
 43
0.0000000001
 40
0.0
 40
0.0
 40
0.0
 40
0.0
 40
1.0
 40
1.0
 40
1.0
 40
1.0
 10
3.227882739040012
 20
20.41142549406001
 30
0.0
 10
3.262483053380009
 20
20.37919508100001
 30
0.0
 10
3.304502039699997
 20
20.36296043985999
 30
0.0
 10
3.353206090119983
 20
20.36296043985999
 30
0.0
  0
SPLINE
  5
54B
330
2AF
100
AcDbEntity
  8
03___PRT_ALL_CURVES
  6
Continuous
 62
     4
100
AcDbSpline
210
0.0
220
0.0
230
1.0
 70
     8
 71
     3
 72
     8
 73
     4
 74
     0
 42
0.0000001
 43
0.0000000001
 40
0.0
 40
0.0
 40
0.0
 40
0.0
 40
1.0
 40
1.0
 40
1.0
 40
1.0
 10
3.353206090119983
 20
20.36296043985999
 30
0.0
 10
3.406684951920028
 20
20.36296043985999
 30
0.0
 10
3.451568989660018
 20
20.38301501239999
 30
0.0
 10
3.486903237000035
 20
20.42407912381998
 30
0.0
  0
SPLINE
  5
54C
330
2AF
100
AcDbEntity
  8
03___PRT_ALL_CURVES
  6
Continuous
 62
     4
100
AcDbSpline
210
0.0
220
0.0
230
1.0
 70
     8
 71
     3
 72
     8
 73
     4
 74
     0
 42
0.0000001
 43
0.0000000001
 40
0.0
 40
0.0
 40
0.0
 40
0.0
 40
1.0
 40
1.0
 40
1.0
 40
1.0
 10
3.486903237000035
 20
20.42407912381998
 30
0.0
 10
3.522237497040038
 20
20.46514324793998
 30
0.0
 10
3.540382103880006
 20
20.52626194967999
 30
0.0
 10
3.540382103880006
 20
20.60839016489999
 30
0.0
  0
SPLINE
  5
54D
330
2AF
100
AcDbEntity
  8
03___PRT_ALL_CURVES
  6
Continuous
 62
     4
100
AcDbSpline
210
0.0
220
0.0
230
1.0
 70
     8
 71
     3
 72
     8
 73
     4
 74
     0
 42
0.0000001
 43
0.0000000001
 40
0.0
 40
0.0
 40
0.0
 40
0.0
 40
1.0
 40
1.0
 40
1.0
 40
1.0
 10
3.540382103880006
 20
20.60839016489999
 30
0.0
 10
3.540382103880006
 20
20.69147338202001
 30
0.0
 10
3.522237497040038
 20
20.75259210408001
 30
0.0
 10
3.486405196340002
 20
20.79129097512001
 30
0.0
  0
SPLINE
  5
54E
330
2AF
100
AcDbEntity
  8
03___PRT_ALL_CURVES
  6
Continuous
 62
     4
100
AcDbSpline
210
0.0
220
0.0
230
1.0
 70
     8
 71
     3
 72
     8
 73
     4
 74
     0
 42
0.0000001
 43
0.0000000001
 40
0.0
 40
0.0
 40
0.0
 40
0.0
 40
1.0
 40
1.0
 40
1.0
 40
1.0
 10
3.486405196340002
 20
20.79129097512001
 30
0.0
 10
3.450614028399997
 20
20.82994542663999
 30
0.0
 10
3.403819900500025
 20
20.84999999918
 30
0.0
 10
3.344611268600033
 20
20.84999999918
 30
0.0
  0
SPLINE
  5
54F
330
2AF
100
AcDbEntity
  8
03___PRT_ALL_CURVES
  6
Continuous
 62
     4
100
AcDbSpline
210
0.0
220
0.0
230
1.0
 70
     8
 71
     3
 72
     8
 73
     4
 74
     0
 42
0.0000001
 43
0.0000000001
 40
0.0
 40
0.0
 40
0.0
 40
0.0
 40
1.0
 40
1.0
 40
1.0
 40
1.0
 10
3.344611268600033
 20
20.84999999918
 30
0.0
 10
3.306412129860036
 20
20.84999999918
 30
0.0
 10
3.27012274853999
 20
20.84045021385998
 30
0.0
 10
3.235571849900026
 20
20.82263486976001
 30
0.0
  0
SPLINE
  5
550
330
2AF
100
AcDbEntity
  8
03___PRT_ALL_CURVES
  6
Continuous
 62
     4
100
AcDbSpline
210
0.0
220
0.0
230
1.0
 70
     8
 71
     3
 72
     8
 73
     4
 74
     0
 42
0.0000001
 43
0.0000000001
 40
0.0
 40
0.0
 40
0.0
 40
0.0
 40
1.0
 40
1.0
 40
1.0
 40
1.0
 10
3.235571849900026
 20
20.82263486976001
 30
0.0
 10
3.209004191580021
 20
20.80893589284
 30
0.0
 10
3.180354670520018
 20
20.78410642763998
 30
0.0
 10
3.149795394579996
 20
20.74972713647998
 30
0.0
  0
SPLINE
  5
551
330
2AF
100
AcDbEntity
  8
03___PRT_ALL_CURVES
  6
Continuous
 62
     4
100
AcDbSpline
210
0.0
220
0.0
230
1.0
 70
     8
 71
     3
 72
     8
 73
     4
 74
     0
 42
0.0000001
 43
0.0000000001
 40
0.0
 40
0.0
 40
0.0
 40
0.0
 40
1.0
 40
1.0
 40
1.0
 40
1.0
 10
20.87858112566002
 20
80.50572985436
 30
0.0
 10
20.87858112566002
 20
80.77121415193997
 30
0.0
 10
20.92633010306002
 20
80.95743520190001
 30
0.0
 10
21.02206564438001
 20
81.06418031479998
 30
0.0
  0
SPLINE
  5
552
330
2AF
100
AcDbEntity
  8
03___PRT_ALL_CURVES
  6
Continuous
 62
     4
100
AcDbSpline
210
0.0
220
0.0
230
1.0
 70
     8
 71
     3
 72
     8
 73
     4
 74
     0
 42
0.0000001
 43
0.0000000001
 40
0.0
 40
0.0
 40
0.0
 40
0.0
 40
1.0
 40
1.0
 40
1.0
 40
1.0
 10
21.02206564438001
 20
81.06418031479998
 30
0.0
 10
21.11732600250002
 20
81.17039560147995
 30
0.0
 10
21.26343786674002
 20
81.22387454456
 30
0.0
 10
21.46016366582001
 20
81.22387454456
 30
0.0
  0
SPLINE
  5
553
330
2AF
100
AcDbEntity
  8
03___PRT_ALL_CURVES
  6
Continuous
 62
     4
100
AcDbSpline
210
0.0
220
0.0
230
1.0
 70
     8
 71
     3
 72
     8
 73
     4
 74
     0
 42
0.0000001
 43
0.0000000001
 40
0.0
 40
0.0
 40
0.0
 40
0.0
 40
1.0
 40
1.0
 40
1.0
 40
1.0
 10
21.46016366582001
 20
81.22387454456
 30
0.0
 10
21.55375162952004
 20
81.22387454456
 30
0.0
 10
21.63110503590002
 20
81.21145970781998
 30
0.0
 10
21.69216420258002
 20
81.18838223556
 30
0.0
  0
SPLINE
  5
554
330
2AF
100
AcDbEntity
  8
03___PRT_ALL_CURVES
  6
Continuous
 62
     4
100
AcDbSpline
210
0.0
220
0.0
230
1.0
 70
     8
 71
     3
 72
     8
 73
     4
 74
     0
 42
0.0000001
 43
0.0000000001
 40
0.0
 40
0.0
 40
0.0
 40
0.0
 40
1.0
 40
1.0
 40
1.0
 40
1.0
 10
21.69216420258002
 20
81.18838223556
 30
0.0
 10
21.75238743494
 20
81.16562070882
 30
0.0
 10
21.80204636534006
 20
81.13506143033996
 30
0.0
 10
21.84024554472001
 20
81.09781721221998
 30
0.0
  0
SPLINE
  5
555
330
2AF
100
AcDbEntity
  8
03___PRT_ALL_CURVES
  6
Continuous
 62
     4
100
AcDbSpline
210
0.0
220
0.0
230
1.0
 70
     8
 71
     3
 72
     8
 73
     4
 74
     0
 42
0.0000001
 43
0.0000000001
 40
0.0
 40
0.0
 40
0.0
 40
0.0
 40
1.0
 40
1.0
 40
1.0
 40
1.0
 10
21.84024554472001
 20
81.09781721221998
 30
0.0
 10
21.87844472664
 20
81.0605729941
 30
0.0
 10
21.90804904132003
 20
81.02141881027998
 30
0.0
 10
21.93001357956001
 20
80.98035470139999
 30
0.0
  0
SPLINE
  5
556
330
2AF
100
AcDbEntity
  8
03___PRT_ALL_CURVES
  6
Continuous
 62
     4
100
AcDbSpline
210
0.0
220
0.0
230
1.0
 70
     8
 71
     3
 72
     8
 73
     4
 74
     0
 42
0.0000001
 43
0.0000000001
 40
0.0
 40
0.0
 40
0.0
 40
0.0
 40
1.0
 40
1.0
 40
1.0
 40
1.0
 10
21.93001357956001
 20
80.98035470139999
 30
0.0
 10
21.9519781178
 20
80.93929059506002
 30
0.0
 10
21.97012272464002
 20
80.89154158718
 30
0.0
 10
21.98348705402
 20
80.83710644331998
 30
0.0
  0
SPLINE
  5
557
330
2AF
100
AcDbEntity
  8
03___PRT_ALL_CURVES
  6
Continuous
 62
     4
100
AcDbSpline
210
0.0
220
0.0
230
1.0
 70
     8
 71
     3
 72
     8
 73
     4
 74
     0
 42
0.0000001
 43
0.0000000001
 40
0.0
 40
0.0
 40
0.0
 40
0.0
 40
1.0
 40
1.0
 40
1.0
 40
1.0
 10
21.98348705402
 20
80.83710644331998
 30
0.0
 10
22.00927690846004
 20
80.73206005193998
 30
0.0
 10
22.02264662518002
 20
80.62319232200002
 30
0.0
 10
22.02264662518002
 20
80.51050474702001
 30
0.0
  0
SPLINE
  5
558
330
2AF
100
AcDbEntity
  8
03___PRT_ALL_CURVES
  6
Continuous
 62
     4
100
AcDbSpline
210
0.0
220
0.0
230
1.0
 70
     8
 71
     3
 72
     8
 73
     4
 74
     0
 42
0.0000001
 43
0.0000000001
 40
0.0
 40
0.0
 40
0.0
 40
0.0
 40
1.0
 40
1.0
 40
1.0
 40
1.0
 10
22.02264662518002
 20
80.51050474702001
 30
0.0
 10
22.02264662518002
 20
80.25648019791996
 30
0.0
 10
21.97967250996001
 20
80.07025921145998
 30
0.0
 10
21.89395147236002
 20
79.95263087928001
 30
0.0
  0
SPLINE
  5
559
330
2AF
100
AcDbEntity
  8
03___PRT_ALL_CURVES
  6
Continuous
 62
     4
100
AcDbSpline
210
0.0
220
0.0
230
1.0
 70
     8
 71
     3
 72
     8
 73
     4
 74
     0
 42
0.0000001
 43
0.0000000001
 40
0.0
 40
0.0
 40
0.0
 40
0.0
 40
1.0
 40
1.0
 40
1.0
 40
1.0
 10
21.89395147236002
 20
79.95263087928001
 30
0.0
 10
21.80777621926003
 20
79.83437926157998
 30
0.0
 10
21.65975438932006
 20
79.77612551219997
 30
0.0
 10
21.44965887606003
 20
79.77612551219997
 30
0.0
  0
SPLINE
  5
55A
330
2AF
100
AcDbEntity
  8
03___PRT_ALL_CURVES
  6
Continuous
 62
     4
100
AcDbSpline
210
0.0
220
0.0
230
1.0
 70
     8
 71
     3
 72
     8
 73
     4
 74
     0
 42
0.0000001
 43
0.0000000001
 40
0.0
 40
0.0
 40
0.0
 40
0.0
 40
1.0
 40
1.0
 40
1.0
 40
1.0
 10
21.44965887606003
 20
79.77612551219997
 30
0.0
 10
21.33124144715998
 20
79.77612551219997
 30
0.0
 10
21.23669843838002
 20
79.79522510315996
 30
0.0
 10
21.16412000594002
 20
79.83246930095996
 30
0.0
  0
SPLINE
  5
55B
330
2AF
100
AcDbEntity
  8
03___PRT_ALL_CURVES
  6
Continuous
 62
     4
100
AcDbSpline
210
0.0
220
0.0
230
1.0
 70
     8
 71
     3
 72
     8
 73
     4
 74
     0
 42
0.0000001
 43
0.0000000001
 40
0.0
 40
0.0
 40
0.0
 40
0.0
 40
1.0
 40
1.0
 40
1.0
 40
1.0
 10
21.16412000594002
 20
79.83246930095996
 30
0.0
 10
21.09154155571997
 20
79.86971350892
 30
0.0
 10
21.03137785842
 20
79.92510231864
 30
0.0
 10
20.98479008774001
 20
79.99720242589999
 30
0.0
  0
SPLINE
  5
55C
330
2AF
100
AcDbEntity
  8
03___PRT_ALL_CURVES
  6
Continuous
 62
     4
100
AcDbSpline
210
0.0
220
0.0
230
1.0
 70
     8
 71
     3
 72
     8
 73
     4
 74
     0
 42
0.0000001
 43
0.0000000001
 40
0.0
 40
0.0
 40
0.0
 40
0.0
 40
1.0
 40
1.0
 40
1.0
 40
1.0
 10
20.98479008774001
 20
79.99720242589999
 30
0.0
 10
20.95115956826001
 20
80.04924965479998
 30
0.0
 10
20.92537511894002
 20
80.11896315773998
 30
0.0
 10
20.90627552798003
 20
80.20873123321999
 30
0.0
  0
SPLINE
  5
55D
330
2AF
100
AcDbEntity
  8
03___PRT_ALL_CURVES
  6
Continuous
 62
     4
100
AcDbSpline
210
0.0
220
0.0
230
1.0
 70
     8
 71
     3
 72
     8
 73
     4
 74
     0
 42
0.0000001
 43
0.0000000001
 40
0.0
 40
0.0
 40
0.0
 40
0.0
 40
1.0
 40
1.0
 40
1.0
 40
1.0
 10
20.90627552798003
 20
80.20873123321999
 30
0.0
 10
20.88717593956002
 20
80.2984993087
 30
0.0
 10
20.87858112566002
 20
80.39686220823998
 30
0.0
 10
20.87858112566002
 20
80.50572985436
 30
0.0
  0
SPLINE
  5
55E
330
2AF
100
AcDbEntity
  8
03___PRT_ALL_CURVES
  6
Continuous
 62
     4
100
AcDbSpline
210
0.0
220
0.0
230
1.0
 70
     8
 71
     3
 72
     8
 73
     4
 74
     0
 42
0.0000001
 43
0.0000000001
 40
0.0
 40
0.0
 40
0.0
 40
0.0
 40
1.0
 40
1.0
 40
1.0
 40
1.0
 10
21.26439287118004
 20
80.50477489309998
 30
0.0
 10
21.26439287118004
 20
80.32619374404001
 30
0.0
 10
21.27967255106003
 20
80.20395634056001
 30
0.0
 10
21.31118687462003
 20
80.13901773027999
 30
0.0
  0
SPLINE
  5
55F
330
2AF
100
AcDbEntity
  8
03___PRT_ALL_CURVES
  6
Continuous
 62
     4
100
AcDbSpline
210
0.0
220
0.0
230
1.0
 70
     8
 71
     3
 72
     8
 73
     4
 74
     0
 42
0.0000001
 43
0.0000000001
 40
0.0
 40
0.0
 40
0.0
 40
0.0
 40
1.0
 40
1.0
 40
1.0
 40
1.0
 10
21.31118687462003
 20
80.13901773027999
 30
0.0
 10
21.34270119817998
 20
80.07407912
 30
0.0
 10
21.38854019717999
 20
80.04160981485998
 30
0.0
 10
21.44870391480001
 20
80.04160981485998
 30
0.0
  0
SPLINE
  5
560
330
2AF
100
AcDbEntity
  8
03___PRT_ALL_CURVES
  6
Continuous
 62
     4
100
AcDbSpline
210
0.0
220
0.0
230
1.0
 70
     8
 71
     3
 72
     8
 73
     4
 74
     0
 42
0.0000001
 43
0.0000000001
 40
0.0
 40
0.0
 40
0.0
 40
0.0
 40
1.0
 40
1.0
 40
1.0
 40
1.0
 10
21.44870391480001
 20
80.04160981485998
 30
0.0
 10
21.48785805798002
 20
80.04160981485998
 30
0.0
 10
21.52223730596
 20
80.05497952904
 30
0.0
 10
21.55088672542004
 20
80.08267396438
 30
0.0
  0
SPLINE
  5
561
330
2AF
100
AcDbEntity
  8
03___PRT_ALL_CURVES
  6
Continuous
 62
     4
100
AcDbSpline
210
0.0
220
0.0
230
1.0
 70
     8
 71
     3
 72
     8
 73
     4
 74
     0
 42
0.0000001
 43
0.0000000001
 40
0.0
 40
0.0
 40
0.0
 40
0.0
 40
1.0
 40
1.0
 40
1.0
 40
1.0
 10
21.55088672542004
 20
80.08267396438
 30
0.0
 10
21.57953609916001
 20
80.11036835654002
 30
0.0
 10
21.60150063740005
 20
80.15429741015998
 30
0.0
 10
21.61497222082002
 20
80.21443840239999
 30
0.0
  0
SPLINE
  5
562
330
2AF
100
AcDbEntity
  8
03___PRT_ALL_CURVES
  6
Continuous
 62
     4
100
AcDbSpline
210
0.0
220
0.0
230
1.0
 70
     8
 71
     3
 72
     8
 73
     4
 74
     0
 42
0.0000001
 43
0.0000000001
 40
0.0
 40
0.0
 40
0.0
 40
0.0
 40
1.0
 40
1.0
 40
1.0
 40
1.0
 10
21.61497222082002
 20
80.21443840239999
 30
0.0
 10
21.62824006829999
 20
80.27366984350002
 30
0.0
 10
21.63587992856
 20
80.36725785037999
 30
0.0
 10
21.63587992856
 20
80.49427010334
 30
0.0
  0
SPLINE
  5
563
330
2AF
100
AcDbEntity
  8
03___PRT_ALL_CURVES
  6
Continuous
 62
     4
100
AcDbSpline
210
0.0
220
0.0
230
1.0
 70
     8
 71
     3
 72
     8
 73
     4
 74
     0
 42
0.0000001
 43
0.0000000001
 40
0.0
 40
0.0
 40
0.0
 40
0.0
 40
1.0
 40
1.0
 40
1.0
 40
1.0
 10
21.63587992856
 20
80.49427010334
 30
0.0
 10
21.63587992856
 20
80.67953615139999
 30
0.0
 10
21.61964524423999
 20
80.80463848183996
 30
0.0
 10
21.58813092068002
 20
80.86862208768
 30
0.0
  0
SPLINE
  5
564
330
2AF
100
AcDbEntity
  8
03___PRT_ALL_CURVES
  6
Continuous
 62
     4
100
AcDbSpline
210
0.0
220
0.0
230
1.0
 70
     8
 71
     3
 72
     8
 73
     4
 74
     0
 42
0.0000001
 43
0.0000000001
 40
0.0
 40
0.0
 40
0.0
 40
0.0
 40
1.0
 40
1.0
 40
1.0
 40
1.0
 10
21.58813092068002
 20
80.86862208768
 30
0.0
 10
21.55661659966
 20
80.93260569606002
 30
0.0
 10
21.50982263686001
 20
80.96507506469999
 30
0.0
 10
21.4467939491
 20
80.96507506469999
 30
0.0
  0
SPLINE
  5
565
330
2AF
100
AcDbEntity
  8
03___PRT_ALL_CURVES
  6
Continuous
 62
     4
100
AcDbSpline
210
0.0
220
0.0
230
1.0
 70
     8
 71
     3
 72
     8
 73
     4
 74
     0
 42
0.0000001
 43
0.0000000001
 40
0.0
 40
0.0
 40
0.0
 40
0.0
 40
1.0
 40
1.0
 40
1.0
 40
1.0
 10
21.4467939491
 20
80.96507506469999
 30
0.0
 10
21.38185533882003
 20
80.96507506469999
 30
0.0
 10
21.33601633982005
 20
80.93165073479997
 30
0.0
 10
21.30736695846002
 20
80.86671215754004
 30
0.0
  0
SPLINE
  5
566
330
2AF
100
AcDbEntity
  8
03___PRT_ALL_CURVES
  6
Continuous
 62
     4
100
AcDbSpline
210
0.0
220
0.0
230
1.0
 70
     8
 71
     3
 72
     8
 73
     4
 74
     0
 42
0.0000001
 43
0.0000000001
 40
0.0
 40
0.0
 40
0.0
 40
0.0
 40
1.0
 40
1.0
 40
1.0
 40
1.0
 10
21.30736695846002
 20
80.86671215754004
 30
0.0
 10
21.27871754916001
 20
80.80177351169999
 30
0.0
 10
21.26439287118004
 20
80.68049111266001
 30
0.0
 10
21.26439287118004
 20
80.50477489309998
 30
0.0
  0
SPLINE
  5
567
330
2AF
100
AcDbEntity
  8
03___PRT_ALL_CURVES
  6
Continuous
 62
     4
100
AcDbSpline
210
0.0
220
0.0
230
1.0
 70
     8
 71
     3
 72
     8
 73
     4
 74
     0
 42
0.0000001
 43
0.0000000001
 40
0.0
 40
0.0
 40
0.0
 40
0.0
 40
1.0
 40
1.0
 40
1.0
 40
1.0
 10
22.15443376826002
 20
79.80000000089998
 30
0.0
 10
22.16780348498003
 20
79.91459754158001
 30
0.0
 10
22.20791263006001
 20
80.02346520801999
 30
0.0
 10
22.27571619015998
 20
80.12469307516
 30
0.0
  0
SPLINE
  5
568
330
2AF
100
AcDbEntity
  8
03___PRT_ALL_CURVES
  6
Continuous
 62
     4
100
AcDbSpline
210
0.0
220
0.0
230
1.0
 70
     8
 71
     3
 72
     8
 73
     4
 74
     0
 42
0.0000001
 43
0.0000000001
 40
0.0
 40
0.0
 40
0.0
 40
0.0
 40
1.0
 40
1.0
 40
1.0
 40
1.0
 10
22.27571619015998
 20
80.12469307516
 30
0.0
 10
22.34351970708002
 20
80.2259208788
 30
0.0
 10
22.47053195750001
 20
80.34624827593998
 30
0.0
 10
22.65771813634004
 20
80.48470657916002
 30
0.0
  0
SPLINE
  5
569
330
2AF
100
AcDbEntity
  8
03___PRT_ALL_CURVES
  6
Continuous
 62
     4
100
AcDbSpline
210
0.0
220
0.0
230
1.0
 70
     8
 71
     3
 72
     8
 73
     4
 74
     0
 42
0.0000001
 43
0.0000000001
 40
0.0
 40
0.0
 40
0.0
 40
0.0
 40
1.0
 40
1.0
 40
1.0
 40
1.0
 10
22.65771813634004
 20
80.48470657916002
 30
0.0
 10
22.77135059386003
 20
80.56875849893996
 30
0.0
 10
22.84392902376001
 20
80.6336971524
 30
0.0
 10
22.87608715350001
 20
80.67785457741996
 30
0.0
  0
SPLINE
  5
56A
330
2AF
100
AcDbEntity
  8
03___PRT_ALL_CURVES
  6
Continuous
 62
     4
100
AcDbSpline
210
0.0
220
0.0
230
1.0
 70
     8
 71
     3
 72
     8
 73
     4
 74
     0
 42
0.0000001
 43
0.0000000001
 40
0.0
 40
0.0
 40
0.0
 40
0.0
 40
1.0
 40
1.0
 40
1.0
 40
1.0
 10
22.87608715350001
 20
80.67785457741996
 30
0.0
 10
22.90791262959999
 20
80.72155522154
 30
0.0
 10
22.92414731392
 20
80.76261941169997
 30
0.0
 10
22.92414731392
 20
80.80272847295998
 30
0.0
  0
SPLINE
  5
56B
330
2AF
100
AcDbEntity
  8
03___PRT_ALL_CURVES
  6
Continuous
 62
     4
100
AcDbSpline
210
0.0
220
0.0
230
1.0
 70
     8
 71
     3
 72
     8
 73
     4
 74
     0
 42
0.0000001
 43
0.0000000001
 40
0.0
 40
0.0
 40
0.0
 40
0.0
 40
1.0
 40
1.0
 40
1.0
 40
1.0
 10
22.92414731392
 20
80.80272847295998
 30
0.0
 10
22.92414731392
 20
80.84474762692
 30
0.0
 10
22.90791262959999
 20
80.88103684060002
 30
0.0
 10
22.87639834921998
 20
80.91159615972
 30
0.0
  0
SPLINE
  5
56C
330
2AF
100
AcDbEntity
  8
03___PRT_ALL_CURVES
  6
Continuous
 62
     4
100
AcDbSpline
210
0.0
220
0.0
230
1.0
 70
     8
 71
     3
 72
     8
 73
     4
 74
     0
 42
0.0000001
 43
0.0000000001
 40
0.0
 40
0.0
 40
0.0
 40
0.0
 40
1.0
 40
1.0
 40
1.0
 40
1.0
 10
22.87639834921998
 20
80.91159615972
 30
0.0
 10
22.84488398502003
 20
80.94215556265999
 30
0.0
 10
22.80572988502001
 20
80.95743520190001
 30
0.0
 10
22.75798079332003
 20
80.95743520190001
 30
0.0
  0
SPLINE
  5
56D
330
2AF
100
AcDbEntity
  8
03___PRT_ALL_CURVES
  6
Continuous
 62
     4
100
AcDbSpline
210
0.0
220
0.0
230
1.0
 70
     8
 71
     3
 72
     8
 73
     4
 74
     0
 42
0.0000001
 43
0.0000000001
 40
0.0
 40
0.0
 40
0.0
 40
0.0
 40
1.0
 40
1.0
 40
1.0
 40
1.0
 10
22.75798079332003
 20
80.95743520190001
 30
0.0
 10
22.70832194674
 20
80.95743520190001
 30
0.0
 10
22.66725775658003
 20
80.94120051758
 30
0.0
 10
22.63598129132001
 20
80.91039792996
 30
0.0
  0
SPLINE
  5
56E
330
2AF
100
AcDbEntity
  8
03___PRT_ALL_CURVES
  6
Continuous
 62
     4
100
AcDbSpline
210
0.0
220
0.0
230
1.0
 70
     8
 71
     3
 72
     8
 73
     4
 74
     0
 42
0.0000001
 43
0.0000000001
 40
0.0
 40
0.0
 40
0.0
 40
0.0
 40
1.0
 40
1.0
 40
1.0
 40
1.0
 10
22.63598129132001
 20
80.91039792996
 30
0.0
 10
22.60422911200001
 20
80.87912683425998
 30
0.0
 10
22.58321961884005
 20
80.82373804993998
 30
0.0
 10
22.57271487226001
 20
80.74542976612
 30
0.0
  0
SPLINE
  5
56F
330
2AF
100
AcDbEntity
  8
03___PRT_ALL_CURVES
  6
Continuous
 62
     4
100
AcDbSpline
210
0.0
220
0.0
230
1.0
 70
     8
 71
     3
 72
     8
 73
     4
 74
     0
 42
0.0000001
 43
0.0000000001
 40
0.0
 40
0.0
 40
0.0
 40
0.0
 40
1.0
 40
1.0
 40
1.0
 40
1.0
 10
22.18308320803999
 20
80.77694408968
 30
0.0
 10
22.19836284473999
 20
80.88581173325997
 30
0.0
 10
22.22605723690003
 20
80.97175987987998
 30
0.0
 10
22.26679062508001
 20
81.03309956415998
 30
0.0
  0
SPLINE
  5
570
330
2AF
100
AcDbEntity
  8
03___PRT_ALL_CURVES
  6
Continuous
 62
     4
100
AcDbSpline
210
0.0
220
0.0
230
1.0
 70
     8
 71
     3
 72
     8
 73
     4
 74
     0
 42
0.0000001
 43
0.0000000001
 40
0.0
 40
0.0
 40
0.0
 40
0.0
 40
1.0
 40
1.0
 40
1.0
 40
1.0
 10
22.26679062508001
 20
81.03309956415998
 30
0.0
 10
22.30723049086004
 20
81.09399724017996
 30
0.0
 10
22.36452936534002
 20
81.14174624551998
 30
0.0
 10
22.43901770506002
 20
81.17421556589997
 30
0.0
  0
SPLINE
  5
571
330
2AF
100
AcDbEntity
  8
03___PRT_ALL_CURVES
  6
Continuous
 62
     4
100
AcDbSpline
210
0.0
220
0.0
230
1.0
 70
     8
 71
     3
 72
     8
 73
     4
 74
     0
 42
0.0000001
 43
0.0000000001
 40
0.0
 40
0.0
 40
0.0
 40
0.0
 40
1.0
 40
1.0
 40
1.0
 40
1.0
 10
22.43901770506002
 20
81.17421556589997
 30
0.0
 10
22.51350607272002
 20
81.20668489898
 30
0.0
 10
22.61568898494002
 20
81.22387454456
 30
0.0
 10
22.74747604674002
 20
81.22387454456
 30
0.0
  0
SPLINE
  5
572
330
2AF
100
AcDbEntity
  8
03___PRT_ALL_CURVES
  6
Continuous
 62
     4
100
AcDbSpline
210
0.0
220
0.0
230
1.0
 70
     8
 71
     3
 72
     8
 73
     4
 74
     0
 42
0.0000001
 43
0.0000000001
 40
0.0
 40
0.0
 40
0.0
 40
0.0
 40
1.0
 40
1.0
 40
1.0
 40
1.0
 10
22.74747604674002
 20
81.22387454456
 30
0.0
 10
22.88403808502002
 20
81.22387454456
 30
0.0
 10
22.99004084482002
 20
81.20763986024
 30
0.0
 10
23.06627388005998
 20
81.17667018126
 30
0.0
  0
SPLINE
  5
573
330
2AF
100
AcDbEntity
  8
03___PRT_ALL_CURVES
  6
Continuous
 62
     4
100
AcDbSpline
210
0.0
220
0.0
230
1.0
 70
     8
 71
     3
 72
     8
 73
     4
 74
     0
 42
0.0000001
 43
0.0000000001
 40
0.0
 40
0.0
 40
0.0
 40
0.0
 40
1.0
 40
1.0
 40
1.0
 40
1.0
 10
23.06627388005998
 20
81.17667018126
 30
0.0
 10
23.14283756742003
 20
81.14556617692
 30
0.0
 10
23.20204636442003
 20
81.09781717158
 30
0.0
 10
23.24597542058004
 20
81.03287858923997
 30
0.0
  0
SPLINE
  5
574
330
2AF
100
AcDbEntity
  8
03___PRT_ALL_CURVES
  6
Continuous
 62
     4
100
AcDbSpline
210
0.0
220
0.0
230
1.0
 70
     8
 71
     3
 72
     8
 73
     4
 74
     0
 42
0.0000001
 43
0.0000000001
 40
0.0
 40
0.0
 40
0.0
 40
0.0
 40
1.0
 40
1.0
 40
1.0
 40
1.0
 10
23.24597542058004
 20
81.03287858923997
 30
0.0
 10
23.28990451737999
 20
80.96793994848
 30
0.0
 10
23.31186897179998
 20
80.89631647984001
 30
0.0
 10
23.31186897179998
 20
80.81609818968002
 30
0.0
  0
SPLINE
  5
575
330
2AF
100
AcDbEntity
  8
03___PRT_ALL_CURVES
  6
Continuous
 62
     4
100
AcDbSpline
210
0.0
220
0.0
230
1.0
 70
     8
 71
     3
 72
     8
 73
     4
 74
     0
 42
0.0000001
 43
0.0000000001
 40
0.0
 40
0.0
 40
0.0
 40
0.0
 40
1.0
 40
1.0
 40
1.0
 40
1.0
 10
23.31186897179998
 20
80.81609818968002
 30
0.0
 10
23.31186897179998
 20
80.73015004306001
 30
0.0
 10
23.28608450216001
 20
80.64897679164
 30
0.0
 10
23.23664192388003
 20
80.57148505686001
 30
0.0
  0
SPLINE
  5
576
330
2AF
100
AcDbEntity
  8
03___PRT_ALL_CURVES
  6
Continuous
 62
     4
100
AcDbSpline
210
0.0
220
0.0
230
1.0
 70
     8
 71
     3
 72
     8
 73
     4
 74
     0
 42
0.0000001
 43
0.0000000001
 40
0.0
 40
0.0
 40
0.0
 40
0.0
 40
1.0
 40
1.0
 40
1.0
 40
1.0
 10
23.23664192388003
 20
80.57148505686001
 30
0.0
 10
23.1867666439
 20
80.49331514207998
 30
0.0
 10
23.09604360461998
 20
80.40832195925998
 30
0.0
 10
22.96407669812001
 20
80.3159451082
 30
0.0
  0
LINE
  5
577
330
2AF
100
AcDbEntity
  8
03___PRT_ALL_CURVES
  6
Continuous
 62
     4
100
AcDbLine
 10
22.96407669812001
 20
80.3159451082
 30
0.0
 11
22.80691640030003
 21
80.20175496573998
 31
0.0
  0
LINE
  5
578
330
2AF
100
AcDbEntity
  8
03___PRT_ALL_CURVES
  6
Continuous
 62
     4
100
AcDbLine
 10
22.80691640030003
 20
80.20175496573998
 30
0.0
 11
22.71405171684003
 21
80.11705321235999
 31
0.0
  0
SPLINE
  5
579
330
2AF
100
AcDbEntity
  8
03___PRT_ALL_CURVES
  6
Continuous
 62
     4
100
AcDbSpline
210
0.0
220
0.0
230
1.0
 70
     8
 71
     3
 72
     8
 73
     4
 74
     0
 42
0.0000001
 43
0.0000000001
 40
0.0
 40
0.0
 40
0.0
 40
0.0
 40
1.0
 40
1.0
 40
1.0
 40
1.0
 10
20.85613914362
 20
77.00572985411998
 30
0.0
 10
20.85613914362
 20
77.27121415169998
 30
0.0
 10
20.90388811848001
 20
77.45743520165999
 30
0.0
 10
20.99962365979999
 20
77.56418031455999
 30
0.0
  0
SPLINE
  5
57A
330
2AF
100
AcDbEntity
  8
03___PRT_ALL_CURVES
  6
Continuous
 62
     4
100
AcDbSpline
210
0.0
220
0.0
230
1.0
 70
     8
 71
     3
 72
     8
 73
     4
 74
     0
 42
0.0000001
 43
0.0000000001
 40
0.0
 40
0.0
 40
0.0
 40
0.0
 40
1.0
 40
1.0
 40
1.0
 40
1.0
 10
20.99962365979999
 20
77.56418031455999
 30
0.0
 10
21.09488402046
 20
77.67039560123999
 30
0.0
 10
21.2409958847
 20
77.72387454432001
 30
0.0
 10
21.43772168123999
 20
77.72387454432001
 30
0.0
  0
SPLINE
  5
57B
330
2AF
100
AcDbEntity
  8
03___PRT_ALL_CURVES
  6
Continuous
 62
     4
100
AcDbSpline
210
0.0
220
0.0
230
1.0
 70
     8
 71
     3
 72
     8
 73
     4
 74
     0
 42
0.0000001
 43
0.0000000001
 40
0.0
 40
0.0
 40
0.0
 40
0.0
 40
1.0
 40
1.0
 40
1.0
 40
1.0
 10
21.43772168123999
 20
77.72387454432001
 30
0.0
 10
21.53130964748001
 20
77.72387454432001
 30
0.0
 10
21.60866305386003
 20
77.71145970757999
 30
0.0
 10
21.669722218
 20
77.68838223532
 30
0.0
  0
SPLINE
  5
57C
330
2AF
100
AcDbEntity
  8
03___PRT_ALL_CURVES
  6
Continuous
 62
     4
100
AcDbSpline
210
0.0
220
0.0
230
1.0
 70
     8
 71
     3
 72
     8
 73
     4
 74
     0
 42
0.0000001
 43
0.0000000001
 40
0.0
 40
0.0
 40
0.0
 40
0.0
 40
1.0
 40
1.0
 40
1.0
 40
1.0
 10
21.669722218
 20
77.68838223532
 30
0.0
 10
21.72994545036005
 20
77.66562070857998
 30
0.0
 10
21.77960438075999
 20
77.6350614301
 30
0.0
 10
21.81780356267998
 20
77.59781721197996
 30
0.0
  0
SPLINE
  5
57D
330
2AF
100
AcDbEntity
  8
03___PRT_ALL_CURVES
  6
Continuous
 62
     4
100
AcDbSpline
210
0.0
220
0.0
230
1.0
 70
     8
 71
     3
 72
     8
 73
     4
 74
     0
 42
0.0000001
 43
0.0000000001
 40
0.0
 40
0.0
 40
0.0
 40
0.0
 40
1.0
 40
1.0
 40
1.0
 40
1.0
 10
21.81780356267998
 20
77.59781721197996
 30
0.0
 10
21.85600274206004
 20
77.56057299385998
 30
0.0
 10
21.88560705928001
 20
77.52141881004002
 30
0.0
 10
21.90757159751999
 20
77.48035470116
 30
0.0
  0
SPLINE
  5
57E
330
2AF
100
AcDbEntity
  8
03___PRT_ALL_CURVES
  6
Continuous
 62
     4
100
AcDbSpline
210
0.0
220
0.0
230
1.0
 70
     8
 71
     3
 72
     8
 73
     4
 74
     0
 42
0.0000001
 43
0.0000000001
 40
0.0
 40
0.0
 40
0.0
 40
0.0
 40
1.0
 40
1.0
 40
1.0
 40
1.0
 10
21.90757159751999
 20
77.48035470116
 30
0.0
 10
21.92953613321998
 20
77.43929059482
 30
0.0
 10
21.94768074260003
 20
77.39154158693998
 30
0.0
 10
21.96104506944005
 20
77.33710644308002
 30
0.0
  0
SPLINE
  5
57F
330
2AF
100
AcDbEntity
  8
03___PRT_ALL_CURVES
  6
Continuous
 62
     4
100
AcDbSpline
210
0.0
220
0.0
230
1.0
 70
     8
 71
     3
 72
     8
 73
     4
 74
     0
 42
0.0000001
 43
0.0000000001
 40
0.0
 40
0.0
 40
0.0
 40
0.0
 40
1.0
 40
1.0
 40
1.0
 40
1.0
 10
21.96104506944005
 20
77.33710644308002
 30
0.0
 10
21.98683492642002
 20
77.23206005169996
 30
0.0
 10
22.0002046406
 20
77.12319232176
 30
0.0
 10
22.0002046406
 20
77.01050474677999
 30
0.0
  0
SPLINE
  5
580
330
2AF
100
AcDbEntity
  8
03___PRT_ALL_CURVES
  6
Continuous
 62
     4
100
AcDbSpline
210
0.0
220
0.0
230
1.0
 70
     8
 71
     3
 72
     8
 73
     4
 74
     0
 42
0.0000001
 43
0.0000000001
 40
0.0
 40
0.0
 40
0.0
 40
0.0
 40
1.0
 40
1.0
 40
1.0
 40
1.0
 10
22.0002046406
 20
77.01050474677999
 30
0.0
 10
22.0002046406
 20
76.75648019767999
 30
0.0
 10
21.95723052538003
 20
76.57025921121999
 30
0.0
 10
21.87150949032005
 20
76.45263088158
 30
0.0
  0
SPLINE
  5
581
330
2AF
100
AcDbEntity
  8
03___PRT_ALL_CURVES
  6
Continuous
 62
     4
100
AcDbSpline
210
0.0
220
0.0
230
1.0
 70
     8
 71
     3
 72
     8
 73
     4
 74
     0
 42
0.0000001
 43
0.0000000001
 40
0.0
 40
0.0
 40
0.0
 40
0.0
 40
1.0
 40
1.0
 40
1.0
 40
1.0
 10
21.87150949032005
 20
76.45263088158
 30
0.0
 10
21.78533423468002
 20
76.33437926133996
 30
0.0
 10
21.63731240728001
 20
76.27612551195998
 30
0.0
 10
21.42721689402001
 20
76.27612551195998
 30
0.0
  0
SPLINE
  5
582
330
2AF
100
AcDbEntity
  8
03___PRT_ALL_CURVES
  6
Continuous
 62
     4
100
AcDbSpline
210
0.0
220
0.0
230
1.0
 70
     8
 71
     3
 72
     8
 73
     4
 74
     0
 42
0.0000001
 43
0.0000000001
 40
0.0
 40
0.0
 40
0.0
 40
0.0
 40
1.0
 40
1.0
 40
1.0
 40
1.0
 10
21.42721689402001
 20
76.27612551195998
 30
0.0
 10
21.30879946512002
 20
76.27612551195998
 30
0.0
 10
21.2142564538
 20
76.29522510291997
 30
0.0
 10
21.14167802136001
 20
76.33246930071999
 30
0.0
  0
SPLINE
  5
583
330
2AF
100
AcDbEntity
  8
03___PRT_ALL_CURVES
  6
Continuous
 62
     4
100
AcDbSpline
210
0.0
220
0.0
230
1.0
 70
     8
 71
     3
 72
     8
 73
     4
 74
     0
 42
0.0000001
 43
0.0000000001
 40
0.0
 40
0.0
 40
0.0
 40
0.0
 40
1.0
 40
1.0
 40
1.0
 40
1.0
 10
21.14167802136001
 20
76.33246930071999
 30
0.0
 10
21.06909957368001
 20
76.36971350867998
 30
0.0
 10
21.00893587384004
 20
76.42510231840001
 30
0.0
 10
20.96234810569999
 20
76.49720242565999
 30
0.0
  0
SPLINE
  5
584
330
2AF
100
AcDbEntity
  8
03___PRT_ALL_CURVES
  6
Continuous
 62
     4
100
AcDbSpline
210
0.0
220
0.0
230
1.0
 70
     8
 71
     3
 72
     8
 73
     4
 74
     0
 42
0.0000001
 43
0.0000000001
 40
0.0
 40
0.0
 40
0.0
 40
0.0
 40
1.0
 40
1.0
 40
1.0
 40
1.0
 10
20.96234810569999
 20
76.49720242565999
 30
0.0
 10
20.92871758368
 20
76.54924965456001
 30
0.0
 10
20.9029331369
 20
76.61896315750002
 30
0.0
 10
20.88383354594001
 20
76.70873123297997
 30
0.0
  0
SPLINE
  5
585
330
2AF
100
AcDbEntity
  8
03___PRT_ALL_CURVES
  6
Continuous
 62
     4
100
AcDbSpline
210
0.0
220
0.0
230
1.0
 70
     8
 71
     3
 72
     8
 73
     4
 74
     0
 42
0.0000001
 43
0.0000000001
 40
0.0
 40
0.0
 40
0.0
 40
0.0
 40
1.0
 40
1.0
 40
1.0
 40
1.0
 10
20.88383354594001
 20
76.70873123297997
 30
0.0
 10
20.86473395498001
 20
76.798499311
 30
0.0
 10
20.85613914362
 20
76.89686220800002
 30
0.0
 10
20.85613914362
 20
77.00572985411998
 30
0.0
  0
SPLINE
  5
586
330
2AF
100
AcDbEntity
  8
03___PRT_ALL_CURVES
  6
Continuous
 62
     4
100
AcDbSpline
210
0.0
220
0.0
230
1.0
 70
     8
 71
     3
 72
     8
 73
     4
 74
     0
 42
0.0000001
 43
0.0000000001
 40
0.0
 40
0.0
 40
0.0
 40
0.0
 40
1.0
 40
1.0
 40
1.0
 40
1.0
 10
21.24195088660002
 20
77.00477489285998
 30
0.0
 10
21.24195088660002
 20
76.82619374379999
 30
0.0
 10
21.25723056902001
 20
76.70395634031996
 30
0.0
 10
21.28874489004002
 20
76.63901773004002
 30
0.0
  0
SPLINE
  5
587
330
2AF
100
AcDbEntity
  8
03___PRT_ALL_CURVES
  6
Continuous
 62
     4
100
AcDbSpline
210
0.0
220
0.0
230
1.0
 70
     8
 71
     3
 72
     8
 73
     4
 74
     0
 42
0.0000001
 43
0.0000000001
 40
0.0
 40
0.0
 40
0.0
 40
0.0
 40
1.0
 40
1.0
 40
1.0
 40
1.0
 10
21.28874489004002
 20
76.63901773004002
 30
0.0
 10
21.32025921360002
 20
76.57407911975997
 30
0.0
 10
21.36609821260001
 20
76.54160981462002
 30
0.0
 10
21.42626193276001
 20
76.54160981462002
 30
0.0
  0
SPLINE
  5
588
330
2AF
100
AcDbEntity
  8
03___PRT_ALL_CURVES
  6
Continuous
 62
     4
100
AcDbSpline
210
0.0
220
0.0
230
1.0
 70
     8
 71
     3
 72
     8
 73
     4
 74
     0
 42
0.0000001
 43
0.0000000001
 40
0.0
 40
0.0
 40
0.0
 40
0.0
 40
1.0
 40
1.0
 40
1.0
 40
1.0
 10
21.42626193276001
 20
76.54160981462002
 30
0.0
 10
21.46541607340001
 20
76.54160981462002
 30
0.0
 10
21.49979532392001
 20
76.55497952879998
 30
0.0
 10
21.52844474084003
 20
76.58267396413999
 30
0.0
  0
SPLINE
  5
589
330
2AF
100
AcDbEntity
  8
03___PRT_ALL_CURVES
  6
Continuous
 62
     4
100
AcDbSpline
210
0.0
220
0.0
230
1.0
 70
     8
 71
     3
 72
     8
 73
     4
 74
     0
 42
0.0000001
 43
0.0000000001
 40
0.0
 40
0.0
 40
0.0
 40
0.0
 40
1.0
 40
1.0
 40
1.0
 40
1.0
 10
21.52844474084003
 20
76.58267396413999
 30
0.0
 10
21.55709411458
 20
76.6103683563
 30
0.0
 10
21.57905865282004
 20
76.65429740991996
 30
0.0
 10
21.59253023878
 20
76.71443840215997
 30
0.0
  0
SPLINE
  5
58A
330
2AF
100
AcDbEntity
  8
03___PRT_ALL_CURVES
  6
Continuous
 62
     4
100
AcDbSpline
210
0.0
220
0.0
230
1.0
 70
     8
 71
     3
 72
     8
 73
     4
 74
     0
 42
0.0000001
 43
0.0000000001
 40
0.0
 40
0.0
 40
0.0
 40
0.0
 40
1.0
 40
1.0
 40
1.0
 40
1.0
 10
21.59253023878
 20
76.71443840215997
 30
0.0
 10
21.60579808371998
 20
76.77366984579999
 30
0.0
 10
21.61343794398005
 20
76.86725785013999
 30
0.0
 10
21.61343794398005
 20
76.99427010309998
 30
0.0
  0
SPLINE
  5
58B
330
2AF
100
AcDbEntity
  8
03___PRT_ALL_CURVES
  6
Continuous
 62
     4
100
AcDbSpline
210
0.0
220
0.0
230
1.0
 70
     8
 71
     3
 72
     8
 73
     4
 74
     0
 42
0.0000001
 43
0.0000000001
 40
0.0
 40
0.0
 40
0.0
 40
0.0
 40
1.0
 40
1.0
 40
1.0
 40
1.0
 10
21.61343794398005
 20
76.99427010309998
 30
0.0
 10
21.61343794398005
 20
77.17953615116
 30
0.0
 10
21.59720326220003
 20
77.30463848160002
 30
0.0
 10
21.56568893864002
 20
77.36862208744
 30
0.0
  0
SPLINE
  5
58C
330
2AF
100
AcDbEntity
  8
03___PRT_ALL_CURVES
  6
Continuous
 62
     4
100
AcDbSpline
210
0.0
220
0.0
230
1.0
 70
     8
 71
     3
 72
     8
 73
     4
 74
     0
 42
0.0000001
 43
0.0000000001
 40
0.0
 40
0.0
 40
0.0
 40
0.0
 40
1.0
 40
1.0
 40
1.0
 40
1.0
 10
21.56568893864002
 20
77.36862208744
 30
0.0
 10
21.53417461507999
 20
77.43260569581997
 30
0.0
 10
21.48738065482004
 20
77.46507506446
 30
0.0
 10
21.42435196706003
 20
77.46507506446
 30
0.0
  0
SPLINE
  5
58D
330
2AF
100
AcDbEntity
  8
03___PRT_ALL_CURVES
  6
Continuous
 62
     4
100
AcDbSpline
210
0.0
220
0.0
230
1.0
 70
     8
 71
     3
 72
     8
 73
     4
 74
     0
 42
0.0000001
 43
0.0000000001
 40
0.0
 40
0.0
 40
0.0
 40
0.0
 40
1.0
 40
1.0
 40
1.0
 40
1.0
 10
21.42435196706003
 20
77.46507506446
 30
0.0
 10
21.35941335677998
 20
77.46507506446
 30
0.0
 10
21.31357435524001
 20
77.43165073456001
 30
0.0
 10
21.28492497642003
 20
77.36671215729996
 30
0.0
  0
SPLINE
  5
58E
330
2AF
100
AcDbEntity
  8
03___PRT_ALL_CURVES
  6
Continuous
 62
     4
100
AcDbSpline
210
0.0
220
0.0
230
1.0
 70
     8
 71
     3
 72
     8
 73
     4
 74
     0
 42
0.0000001
 43
0.0000000001
 40
0.0
 40
0.0
 40
0.0
 40
0.0
 40
1.0
 40
1.0
 40
1.0
 40
1.0
 10
21.28492497642003
 20
77.36671215729996
 30
0.0
 10
21.25627556457999
 20
77.30177351145997
 30
0.0
 10
21.24195088660002
 20
77.18049111241999
 30
0.0
 10
21.24195088660002
 20
77.00477489285998
 30
0.0
  0
SPLINE
  5
58F
330
2AF
100
AcDbEntity
  8
03___PRT_ALL_CURVES
  6
Continuous
 62
     4
100
AcDbSpline
210
0.0
220
0.0
230
1.0
 70
     8
 71
     3
 72
     8
 73
     4
 74
     0
 42
0.0000001
 43
0.0000000001
 40
0.0
 40
0.0
 40
0.0
 40
0.0
 40
1.0
 40
1.0
 40
1.0
 40
1.0
 10
20.86998637526003
 20
73.50572985387998
 30
0.0
 10
20.86998637526003
 20
73.77121415145996
 30
0.0
 10
20.91773535012004
 20
73.95743520142
 30
0.0
 10
21.01347089143999
 20
74.06418031431997
 30
0.0
  0
SPLINE
  5
590
330
2AF
100
AcDbEntity
  8
03___PRT_ALL_CURVES
  6
Continuous
 62
     4
100
AcDbSpline
210
0.0
220
0.0
230
1.0
 70
     8
 71
     3
 72
     8
 73
     4
 74
     0
 42
0.0000001
 43
0.0000000001
 40
0.0
 40
0.0
 40
0.0
 40
0.0
 40
1.0
 40
1.0
 40
1.0
 40
1.0
 10
21.01347089143999
 20
74.06418031431997
 30
0.0
 10
21.1087312521
 20
74.170395601
 30
0.0
 10
21.25484311634
 20
74.22387454407999
 30
0.0
 10
21.45156891288002
 20
74.22387454407999
 30
0.0
  0
SPLINE
  5
591
330
2AF
100
AcDbEntity
  8
03___PRT_ALL_CURVES
  6
Continuous
 62
     4
100
AcDbSpline
210
0.0
220
0.0
230
1.0
 70
     8
 71
     3
 72
     8
 73
     4
 74
     0
 42
0.0000001
 43
0.0000000001
 40
0.0
 40
0.0
 40
0.0
 40
0.0
 40
1.0
 40
1.0
 40
1.0
 40
1.0
 10
21.45156891288002
 20
74.22387454407999
 30
0.0
 10
21.54515687912001
 20
74.22387454407999
 30
0.0
 10
21.62251028550003
 20
74.21145970733997
 30
0.0
 10
21.68356944964
 20
74.18838223762
 30
0.0
  0
SPLINE
  5
592
330
2AF
100
AcDbEntity
  8
03___PRT_ALL_CURVES
  6
Continuous
 62
     4
100
AcDbSpline
210
0.0
220
0.0
230
1.0
 70
     8
 71
     3
 72
     8
 73
     4
 74
     0
 42
0.0000001
 43
0.0000000001
 40
0.0
 40
0.0
 40
0.0
 40
0.0
 40
1.0
 40
1.0
 40
1.0
 40
1.0
 10
21.68356944964
 20
74.18838223762
 30
0.0
 10
21.74379268199999
 20
74.16562070833999
 30
0.0
 10
21.79345161240005
 20
74.13506142986
 30
0.0
 10
21.83165079432004
 20
74.09781721174
 30
0.0
  0
SPLINE
  5
593
330
2AF
100
AcDbEntity
  8
03___PRT_ALL_CURVES
  6
Continuous
 62
     4
100
AcDbSpline
210
0.0
220
0.0
230
1.0
 70
     8
 71
     3
 72
     8
 73
     4
 74
     0
 42
0.0000001
 43
0.0000000001
 40
0.0
 40
0.0
 40
0.0
 40
0.0
 40
1.0
 40
1.0
 40
1.0
 40
1.0
 10
21.83165079432004
 20
74.09781721174
 30
0.0
 10
21.86984997369998
 20
74.06057299361999
 30
0.0
 10
21.89945429092
 20
74.02141880979997
 30
0.0
 10
21.92141882916002
 20
73.98035470346
 30
0.0
  0
SPLINE
  5
594
330
2AF
100
AcDbEntity
  8
03___PRT_ALL_CURVES
  6
Continuous
 62
     4
100
AcDbSpline
210
0.0
220
0.0
230
1.0
 70
     8
 71
     3
 72
     8
 73
     4
 74
     0
 42
0.0000001
 43
0.0000000001
 40
0.0
 40
0.0
 40
0.0
 40
0.0
 40
1.0
 40
1.0
 40
1.0
 40
1.0
 10
21.92141882916002
 20
73.98035470346
 30
0.0
 10
21.94338336740003
 20
73.93929059458
 30
0.0
 10
21.96152797424003
 20
73.89154158923998
 30
0.0
 10
21.97489230362001
 20
73.83710644284
 30
0.0
  0
SPLINE
  5
595
330
2AF
100
AcDbEntity
  8
03___PRT_ALL_CURVES
  6
Continuous
 62
     4
100
AcDbSpline
210
0.0
220
0.0
230
1.0
 70
     8
 71
     3
 72
     8
 73
     4
 74
     0
 42
0.0000001
 43
0.0000000001
 40
0.0
 40
0.0
 40
0.0
 40
0.0
 40
1.0
 40
1.0
 40
1.0
 40
1.0
 10
21.97489230362001
 20
73.83710644284
 30
0.0
 10
22.00068215806004
 20
73.73206005145997
 30
0.0
 10
22.01405187224
 20
73.62319232152001
 30
0.0
 10
22.01405187224
 20
73.51050474654
 30
0.0
  0
SPLINE
  5
596
330
2AF
100
AcDbEntity
  8
03___PRT_ALL_CURVES
  6
Continuous
 62
     4
100
AcDbSpline
210
0.0
220
0.0
230
1.0
 70
     8
 71
     3
 72
     8
 73
     4
 74
     0
 42
0.0000001
 43
0.0000000001
 40
0.0
 40
0.0
 40
0.0
 40
0.0
 40
1.0
 40
1.0
 40
1.0
 40
1.0
 10
22.01405187224
 20
73.51050474654
 30
0.0
 10
22.01405187224
 20
73.25648019997999
 30
0.0
 10
21.97107775955999
 20
73.07025921097997
 30
0.0
 10
21.88535672195999
 20
72.95263088133999
 30
0.0
  0
SPLINE
  5
597
330
2AF
100
AcDbEntity
  8
03___PRT_ALL_CURVES
  6
Continuous
 62
     4
100
AcDbSpline
210
0.0
220
0.0
230
1.0
 70
     8
 71
     3
 72
     8
 73
     4
 74
     0
 42
0.0000001
 43
0.0000000001
 40
0.0
 40
0.0
 40
0.0
 40
0.0
 40
1.0
 40
1.0
 40
1.0
 40
1.0
 10
21.88535672195999
 20
72.95263088133999
 30
0.0
 10
21.79918146886001
 20
72.83437926364002
 30
0.0
 10
21.65115963892003
 20
72.77612551172001
 30
0.0
 10
21.44106412566003
 20
72.77612551172001
 30
0.0
  0
SPLINE
  5
598
330
2AF
100
AcDbEntity
  8
03___PRT_ALL_CURVES
  6
Continuous
 62
     4
100
AcDbSpline
210
0.0
220
0.0
230
1.0
 70
     8
 71
     3
 72
     8
 73
     4
 74
     0
 42
0.0000001
 43
0.0000000001
 40
0.0
 40
0.0
 40
0.0
 40
0.0
 40
1.0
 40
1.0
 40
1.0
 40
1.0
 10
21.44106412566003
 20
72.77612551172001
 30
0.0
 10
21.32264669675999
 20
72.77612551172001
 30
0.0
 10
21.22810368544
 20
72.79522510268
 30
0.0
 10
21.15552525300001
 20
72.83246930048
 30
0.0
  0
SPLINE
  5
599
330
2AF
100
AcDbEntity
  8
03___PRT_ALL_CURVES
  6
Continuous
 62
     4
100
AcDbSpline
210
0.0
220
0.0
230
1.0
 70
     8
 71
     3
 72
     8
 73
     4
 74
     0
 42
0.0000001
 43
0.0000000001
 40
0.0
 40
0.0
 40
0.0
 40
0.0
 40
1.0
 40
1.0
 40
1.0
 40
1.0
 10
21.15552525300001
 20
72.83246930048
 30
0.0
 10
21.08294680532003
 20
72.86971350843999
 30
0.0
 10
21.02278310802001
 20
72.92510231815999
 30
0.0
 10
20.97619533734004
 20
72.99720242541997
 30
0.0
  0
SPLINE
  5
59A
330
2AF
100
AcDbEntity
  8
03___PRT_ALL_CURVES
  6
Continuous
 62
     4
100
AcDbSpline
210
0.0
220
0.0
230
1.0
 70
     8
 71
     3
 72
     8
 73
     4
 74
     0
 42
0.0000001
 43
0.0000000001
 40
0.0
 40
0.0
 40
0.0
 40
0.0
 40
1.0
 40
1.0
 40
1.0
 40
1.0
 10
20.97619533734004
 20
72.99720242541997
 30
0.0
 10
20.94256481532005
 20
73.04924965432
 30
0.0
 10
20.91678036854003
 20
73.11896315726
 30
0.0
 10
20.89768077758004
 20
73.20873123273998
 30
0.0
  0
SPLINE
  5
59B
330
2AF
100
AcDbEntity
  8
03___PRT_ALL_CURVES
  6
Continuous
 62
     4
100
AcDbSpline
210
0.0
220
0.0
230
1.0
 70
     8
 71
     3
 72
     8
 73
     4
 74
     0
 42
0.0000001
 43
0.0000000001
 40
0.0
 40
0.0
 40
0.0
 40
0.0
 40
1.0
 40
1.0
 40
1.0
 40
1.0
 10
20.89768077758004
 20
73.20873123273998
 30
0.0
 10
20.87858118662001
 20
73.29849931075998
 30
0.0
 10
20.86998637526003
 20
73.39686220776002
 30
0.0
 10
20.86998637526003
 20
73.50572985387998
 30
0.0
  0
SPLINE
  5
59C
330
2AF
100
AcDbEntity
  8
03___PRT_ALL_CURVES
  6
Continuous
 62
     4
100
AcDbSpline
210
0.0
220
0.0
230
1.0
 70
     8
 71
     3
 72
     8
 73
     4
 74
     0
 42
0.0000001
 43
0.0000000001
 40
0.0
 40
0.0
 40
0.0
 40
0.0
 40
1.0
 40
1.0
 40
1.0
 40
1.0
 10
21.25579812078001
 20
73.50477489262002
 30
0.0
 10
21.25579812078001
 20
73.32619374356
 30
0.0
 10
21.27107780066001
 20
73.20395634262002
 30
0.0
 10
21.30259212168002
 20
73.13901772979997
 30
0.0
  0
SPLINE
  5
59D
330
2AF
100
AcDbEntity
  8
03___PRT_ALL_CURVES
  6
Continuous
 62
     4
100
AcDbSpline
210
0.0
220
0.0
230
1.0
 70
     8
 71
     3
 72
     8
 73
     4
 74
     0
 42
0.0000001
 43
0.0000000001
 40
0.0
 40
0.0
 40
0.0
 40
0.0
 40
1.0
 40
1.0
 40
1.0
 40
1.0
 10
21.30259212168002
 20
73.13901772979997
 30
0.0
 10
21.33410644524
 20
73.07407911952004
 30
0.0
 10
21.37994544423998
 20
73.04160981438
 30
0.0
 10
21.44010916440001
 20
73.04160981438
 30
0.0
  0
SPLINE
  5
59E
330
2AF
100
AcDbEntity
  8
03___PRT_ALL_CURVES
  6
Continuous
 62
     4
100
AcDbSpline
210
0.0
220
0.0
230
1.0
 70
     8
 71
     3
 72
     8
 73
     4
 74
     0
 42
0.0000001
 43
0.0000000001
 40
0.0
 40
0.0
 40
0.0
 40
0.0
 40
1.0
 40
1.0
 40
1.0
 40
1.0
 10
21.44010916440001
 20
73.04160981438
 30
0.0
 10
21.47926330504001
 20
73.04160981438
 30
0.0
 10
21.51364255556001
 20
73.05497952856001
 30
0.0
 10
21.54229197248003
 20
73.08267396389999
 30
0.0
  0
SPLINE
  5
59F
330
2AF
100
AcDbEntity
  8
03___PRT_ALL_CURVES
  6
Continuous
 62
     4
100
AcDbSpline
210
0.0
220
0.0
230
1.0
 70
     8
 71
     3
 72
     8
 73
     4
 74
     0
 42
0.0000001
 43
0.0000000001
 40
0.0
 40
0.0
 40
0.0
 40
0.0
 40
1.0
 40
1.0
 40
1.0
 40
1.0
 10
21.54229197248003
 20
73.08267396389999
 30
0.0
 10
21.57094134622
 20
73.11036835606001
 30
0.0
 10
21.59290588446004
 20
73.15429741221996
 30
0.0
 10
21.60637747042
 20
73.21443840191998
 30
0.0
  0
SPLINE
  5
5A0
330
2AF
100
AcDbEntity
  8
03___PRT_ALL_CURVES
  6
Continuous
 62
     4
100
AcDbSpline
210
0.0
220
0.0
230
1.0
 70
     8
 71
     3
 72
     8
 73
     4
 74
     0
 42
0.0000001
 43
0.0000000001
 40
0.0
 40
0.0
 40
0.0
 40
0.0
 40
1.0
 40
1.0
 40
1.0
 40
1.0
 10
21.60637747042
 20
73.21443840191998
 30
0.0
 10
21.61964531536003
 20
73.27366984556002
 30
0.0
 10
21.62728517561999
 20
73.36725784989997
 30
0.0
 10
21.62728517561999
 20
73.49427010285999
 30
0.0
  0
SPLINE
  5
5A1
330
2AF
100
AcDbEntity
  8
03___PRT_ALL_CURVES
  6
Continuous
 62
     4
100
AcDbSpline
210
0.0
220
0.0
230
1.0
 70
     8
 71
     3
 72
     8
 73
     4
 74
     0
 42
0.0000001
 43
0.0000000001
 40
0.0
 40
0.0
 40
0.0
 40
0.0
 40
1.0
 40
1.0
 40
1.0
 40
1.0
 10
21.62728517561999
 20
73.49427010285999
 30
0.0
 10
21.62728517561999
 20
73.67953615091997
 30
0.0
 10
21.61105049384003
 20
73.80463848136
 30
0.0
 10
21.57953617028002
 20
73.86862208719998
 30
0.0
  0
SPLINE
  5
5A2
330
2AF
100
AcDbEntity
  8
03___PRT_ALL_CURVES
  6
Continuous
 62
     4
100
AcDbSpline
210
0.0
220
0.0
230
1.0
 70
     8
 71
     3
 72
     8
 73
     4
 74
     0
 42
0.0000001
 43
0.0000000001
 40
0.0
 40
0.0
 40
0.0
 40
0.0
 40
1.0
 40
1.0
 40
1.0
 40
1.0
 10
21.57953617028002
 20
73.86862208719998
 30
0.0
 10
21.54802184672002
 20
73.93260569558001
 30
0.0
 10
21.50122788646001
 20
73.96507506422
 30
0.0
 10
21.43819919869998
 20
73.96507506422
 30
0.0
  0
SPLINE
  5
5A3
330
2AF
100
AcDbEntity
  8
03___PRT_ALL_CURVES
  6
Continuous
 62
     4
100
AcDbSpline
210
0.0
220
0.0
230
1.0
 70
     8
 71
     3
 72
     8
 73
     4
 74
     0
 42
0.0000001
 43
0.0000000001
 40
0.0
 40
0.0
 40
0.0
 40
0.0
 40
1.0
 40
1.0
 40
1.0
 40
1.0
 10
21.43819919869998
 20
73.96507506422
 30
0.0
 10
21.37326058842004
 20
73.96507506422
 30
0.0
 10
21.32742158688004
 20
73.93165073431999
 30
0.0
 10
21.29877220806003
 20
73.86671215706002
 30
0.0
  0
SPLINE
  5
5A4
330
2AF
100
AcDbEntity
  8
03___PRT_ALL_CURVES
  6
Continuous
 62
     4
100
AcDbSpline
210
0.0
220
0.0
230
1.0
 70
     8
 71
     3
 72
     8
 73
     4
 74
     0
 42
0.0000001
 43
0.0000000001
 40
0.0
 40
0.0
 40
0.0
 40
0.0
 40
1.0
 40
1.0
 40
1.0
 40
1.0
 10
21.29877220806003
 20
73.86671215706002
 30
0.0
 10
21.27012279621999
 20
73.80177351122
 30
0.0
 10
21.25579812078001
 20
73.68049111218
 30
0.0
 10
21.25579812078001
 20
73.50477489262002
 30
0.0
  0
SPLINE
  5
5A5
330
2AF
100
AcDbEntity
  8
03___PRT_ALL_CURVES
  6
Continuous
 62
     4
100
AcDbSpline
210
0.0
220
0.0
230
1.0
 70
     8
 71
     3
 72
     8
 73
     4
 74
     0
 42
0.0000001
 43
0.0000000001
 40
0.0
 40
0.0
 40
0.0
 40
0.0
 40
1.0
 40
1.0
 40
1.0
 40
1.0
 10
22.91364263846003
 20
73.83710776617997
 30
0.0
 10
22.90313772677999
 20
73.89058662543997
 30
0.0
 10
22.88594824629999
 20
73.92878584800002
 30
0.0
 10
22.86183408573999
 20
73.95145310517998
 30
0.0
  0
SPLINE
  5
5A6
330
2AF
100
AcDbEntity
  8
03___PRT_ALL_CURVES
  6
Continuous
 62
     4
100
AcDbSpline
210
0.0
220
0.0
230
1.0
 70
     8
 71
     3
 72
     8
 73
     4
 74
     0
 42
0.0000001
 43
0.0000000001
 40
0.0
 40
0.0
 40
0.0
 40
0.0
 40
1.0
 40
1.0
 40
1.0
 40
1.0
 10
22.86183408573999
 20
73.95145310517998
 30
0.0
 10
22.83819915714
 20
73.97366988574001
 30
0.0
 10
22.80859483992
 20
73.98512959357998
 30
0.0
 10
22.77421554876003
 20
73.98512959357998
 30
0.0
  0
SPLINE
  5
5A7
330
2AF
100
AcDbEntity
  8
03___PRT_ALL_CURVES
  6
Continuous
 62
     4
100
AcDbSpline
210
0.0
220
0.0
230
1.0
 70
     8
 71
     3
 72
     8
 73
     4
 74
     0
 42
0.0000001
 43
0.0000000001
 40
0.0
 40
0.0
 40
0.0
 40
0.0
 40
1.0
 40
1.0
 40
1.0
 40
1.0
 10
22.77421554876003
 20
73.98512959357998
 30
0.0
 10
22.71118690418001
 20
73.98512959357998
 30
0.0
 10
22.66152805760001
 20
73.95266030875999
 30
0.0
 10
22.62680170592003
 20
73.88982221497997
 30
0.0
  0
SPLINE
  5
5A8
330
2AF
100
AcDbEntity
  8
03___PRT_ALL_CURVES
  6
Continuous
 62
     4
100
AcDbSpline
210
0.0
220
0.0
230
1.0
 70
     8
 71
     3
 72
     8
 73
     4
 74
     0
 42
0.0000001
 43
0.0000000001
 40
0.0
 40
0.0
 40
0.0
 40
0.0
 40
1.0
 40
1.0
 40
1.0
 40
1.0
 10
22.62680170592003
 20
73.88982221497997
 30
0.0
 10
22.60136429679997
 20
73.84379266518002
 30
0.0
 10
22.58226472869998
 20
73.74542976563998
 30
0.0
 10
22.57080485322001
 20
73.59549792936
 30
0.0
  0
SPLINE
  5
5A9
330
2AF
100
AcDbEntity
  8
03___PRT_ALL_CURVES
  6
Continuous
 62
     4
100
AcDbSpline
210
0.0
220
0.0
230
1.0
 70
     8
 71
     3
 72
     8
 73
     4
 74
     0
 42
0.0000001
 43
0.0000000001
 40
0.0
 40
0.0
 40
0.0
 40
0.0
 40
1.0
 40
1.0
 40
1.0
 40
1.0
 10
22.57080485322001
 20
73.59549792936
 30
0.0
 10
22.61664401986002
 20
73.64229197597996
 30
0.0
 10
22.66439294138004
 20
73.67667118332
 30
0.0
 10
22.71396693164002
 20
73.69977365426001
 30
0.0
  0
SPLINE
  5
5AA
330
2AF
100
AcDbEntity
  8
03___PRT_ALL_CURVES
  6
Continuous
 62
     4
100
AcDbSpline
210
0.0
220
0.0
230
1.0
 70
     8
 71
     3
 72
     8
 73
     4
 74
     0
 42
0.0000001
 43
0.0000000001
 40
0.0
 40
0.0
 40
0.0
 40
0.0
 40
1.0
 40
1.0
 40
1.0
 40
1.0
 10
22.71396693164002
 20
73.69977365426001
 30
0.0
 10
22.76275584092002
 20
73.72251026613998
 30
0.0
 10
22.81909958649999
 20
73.73396997397998
 30
0.0
 10
22.88403815613998
 20
73.73396997397998
 30
0.0
  0
SPLINE
  5
5AB
330
2AF
100
AcDbEntity
  8
03___PRT_ALL_CURVES
  6
Continuous
 62
     4
100
AcDbSpline
210
0.0
220
0.0
230
1.0
 70
     8
 71
     3
 72
     8
 73
     4
 74
     0
 42
0.0000001
 43
0.0000000001
 40
0.0
 40
0.0
 40
0.0
 40
0.0
 40
1.0
 40
1.0
 40
1.0
 40
1.0
 10
22.88403815613998
 20
73.73396997397998
 30
0.0
 10
23.00818552532004
 20
73.73396997397998
 30
0.0
 10
23.11418828512004
 20
73.68908593623999
 30
0.0
 10
23.19989821022
 20
73.60004282502001
 30
0.0
  0
SPLINE
  5
5AC
330
2AF
100
AcDbEntity
  8
03___PRT_ALL_CURVES
  6
Continuous
 62
     4
100
AcDbSpline
210
0.0
220
0.0
230
1.0
 70
     8
 71
     3
 72
     8
 73
     4
 74
     0
 42
0.0000001
 43
0.0000000001
 40
0.0
 40
0.0
 40
0.0
 40
0.0
 40
1.0
 40
1.0
 40
1.0
 40
1.0
 10
23.19989821022
 20
73.60004282502001
 30
0.0
 10
23.28608457582001
 20
73.51050474654
 30
0.0
 10
23.33001364975999
 20
73.39781717156
 30
0.0
 10
23.33001364975999
 20
73.26125513328
 30
0.0
  0
SPLINE
  5
5AD
330
2AF
100
AcDbEntity
  8
03___PRT_ALL_CURVES
  6
Continuous
 62
     4
100
AcDbSpline
210
0.0
220
0.0
230
1.0
 70
     8
 71
     3
 72
     8
 73
     4
 74
     0
 42
0.0000001
 43
0.0000000001
 40
0.0
 40
0.0
 40
0.0
 40
0.0
 40
1.0
 40
1.0
 40
1.0
 40
1.0
 10
23.33001364975999
 20
73.26125513328
 30
0.0
 10
23.33001364975999
 20
73.16862208766
 30
0.0
 10
23.30804919534003
 20
73.08458390928001
 30
0.0
 10
23.26412012140003
 20
73.00818554543997
 30
0.0
  0
SPLINE
  5
5AE
330
2AF
100
AcDbEntity
  8
03___PRT_ALL_CURVES
  6
Continuous
 62
     4
100
AcDbSpline
210
0.0
220
0.0
230
1.0
 70
     8
 71
     3
 72
     8
 73
     4
 74
     0
 42
0.0000001
 43
0.0000000001
 40
0.0
 40
0.0
 40
0.0
 40
0.0
 40
1.0
 40
1.0
 40
1.0
 40
1.0
 10
23.26412012140003
 20
73.00818554543997
 30
0.0
 10
23.22019104492
 20
72.93178717652003
 30
0.0
 10
23.16002728412002
 20
72.87353342206
 30
0.0
 10
23.08248195788002
 20
72.83476075132
 30
0.0
  0
SPLINE
  5
5AF
330
2AF
100
AcDbEntity
  8
03___PRT_ALL_CURVES
  6
Continuous
 62
     4
100
AcDbSpline
210
0.0
220
0.0
230
1.0
 70
     8
 71
     3
 72
     8
 73
     4
 74
     0
 42
0.0000001
 43
0.0000000001
 40
0.0
 40
0.0
 40
0.0
 40
0.0
 40
1.0
 40
1.0
 40
1.0
 40
1.0
 10
23.08248195788002
 20
72.83476075132
 30
0.0
 10
23.00532063900002
 20
72.79618008171997
 30
0.0
 10
22.90886766452002
 20
72.77612551172001
 30
0.0
 10
22.79236015814001
 20
72.77612551172001
 30
0.0
  0
SPLINE
  5
5B0
330
2AF
100
AcDbEntity
  8
03___PRT_ALL_CURVES
  6
Continuous
 62
     4
100
AcDbSpline
210
0.0
220
0.0
230
1.0
 70
     8
 71
     3
 72
     8
 73
     4
 74
     0
 42
0.0000001
 43
0.0000000001
 40
0.0
 40
0.0
 40
0.0
 40
0.0
 40
1.0
 40
1.0
 40
1.0
 40
1.0
 10
22.79236015814001
 20
72.77612551172001
 30
0.0
 10
22.65197827227999
 20
72.77612551172001
 30
0.0
 10
22.53929061348003
 20
72.80000000041997
 30
0.0
 10
22.45513667460003
 20
72.84754458910001
 30
0.0
  0
SPLINE
  5
5B1
330
2AF
100
AcDbEntity
  8
03___PRT_ALL_CURVES
  6
Continuous
 62
     4
100
AcDbSpline
210
0.0
220
0.0
230
1.0
 70
     8
 71
     3
 72
     8
 73
     4
 74
     0
 42
0.0000001
 43
0.0000000001
 40
0.0
 40
0.0
 40
0.0
 40
0.0
 40
1.0
 40
1.0
 40
1.0
 40
1.0
 10
22.45513667460003
 20
72.84754458910001
 30
0.0
 10
22.37025920910003
 20
72.89549795014
 30
0.0
 10
22.30245575314001
 20
72.97094134001998
 30
0.0
 10
22.25184178019998
 20
73.07598908521999
 30
0.0
  0
SPLINE
  5
5B2
330
2AF
100
AcDbEntity
  8
03___PRT_ALL_CURVES
  6
Continuous
 62
     4
100
AcDbSpline
210
0.0
220
0.0
230
1.0
 70
     8
 71
     3
 72
     8
 73
     4
 74
     0
 42
0.0000001
 43
0.0000000001
 40
0.0
 40
0.0
 40
0.0
 40
0.0
 40
1.0
 40
1.0
 40
1.0
 40
1.0
 10
22.25184178019998
 20
73.07598908521999
 30
0.0
 10
22.20122780218003
 20
73.18103684058002
 30
0.0
 10
22.17639838016001
 20
73.31950888520001
 30
0.0
 10
22.17639838016001
 20
73.49236018034
 30
0.0
  0
SPLINE
  5
5B3
330
2AF
100
AcDbEntity
  8
03___PRT_ALL_CURVES
  6
Continuous
 62
     4
100
AcDbSpline
210
0.0
220
0.0
230
1.0
 70
     8
 71
     3
 72
     8
 73
     4
 74
     0
 42
0.0000001
 43
0.0000000001
 40
0.0
 40
0.0
 40
0.0
 40
0.0
 40
1.0
 40
1.0
 40
1.0
 40
1.0
 10
22.17639838016001
 20
73.49236018034
 30
0.0
 10
22.17639838016001
 20
73.74447472056002
 30
0.0
 10
22.22892219434004
 20
73.92974080925998
 30
0.0
 10
22.33561808204001
 20
74.04744116568
 30
0.0
  0
SPLINE
  5
5B4
330
2AF
100
AcDbEntity
  8
03___PRT_ALL_CURVES
  6
Continuous
 62
     4
100
AcDbSpline
210
0.0
220
0.0
230
1.0
 70
     8
 71
     3
 72
     8
 73
     4
 74
     0
 42
0.0000001
 43
0.0000000001
 40
0.0
 40
0.0
 40
0.0
 40
0.0
 40
1.0
 40
1.0
 40
1.0
 40
1.0
 10
22.33561808204001
 20
74.04744116568
 30
0.0
 10
22.44188267520002
 20
74.16466574708002
 30
0.0
 10
22.58894946006001
 20
74.22387454407999
 30
0.0
 10
22.77803556398001
 20
74.22387454407999
 30
0.0
  0
SPLINE
  5
5B5
330
2AF
100
AcDbEntity
  8
03___PRT_ALL_CURVES
  6
Continuous
 62
     4
100
AcDbSpline
210
0.0
220
0.0
230
1.0
 70
     8
 71
     3
 72
     8
 73
     4
 74
     0
 42
0.0000001
 43
0.0000000001
 40
0.0
 40
0.0
 40
0.0
 40
0.0
 40
1.0
 40
1.0
 40
1.0
 40
1.0
 10
22.77803556398001
 20
74.22387454407999
 30
0.0
 10
22.88881313262002
 20
74.22387454407999
 30
0.0
 10
22.97667128558001
 20
74.21050474608
 30
0.0
 10
23.04160983998003
 20
74.18472032469998
 30
0.0
  0
SPLINE
  5
5B6
330
2AF
100
AcDbEntity
  8
03___PRT_ALL_CURVES
  6
Continuous
 62
     4
100
AcDbSpline
210
0.0
220
0.0
230
1.0
 70
     8
 71
     3
 72
     8
 73
     4
 74
     0
 42
0.0000001
 43
0.0000000001
 40
0.0
 40
0.0
 40
0.0
 40
0.0
 40
1.0
 40
1.0
 40
1.0
 40
1.0
 10
23.04160983998003
 20
74.18472032469998
 30
0.0
 10
23.10654842232003
 20
74.15893589315999
 30
0.0
 10
23.16002728412002
 20
74.12169171567999
 30
0.0
 10
23.20272644180002
 20
74.07179608521997
 30
0.0
  0
SPLINE
  5
5B7
330
2AF
100
AcDbEntity
  8
03___PRT_ALL_CURVES
  6
Continuous
 62
     4
100
AcDbSpline
210
0.0
220
0.0
230
1.0
 70
     8
 71
     3
 72
     8
 73
     4
 74
     0
 42
0.0000001
 43
0.0000000001
 40
0.0
 40
0.0
 40
0.0
 40
0.0
 40
1.0
 40
1.0
 40
1.0
 40
1.0
 10
23.20272644180002
 20
74.07179608521997
 30
0.0
 10
23.24502055075999
 20
74.02237377106002
 30
0.0
 10
23.27748975175999
 20
73.95934512647997
 30
0.0
 10
23.30040933507999
 20
73.88485677151999
 30
0.0
  0
SPLINE
  5
5B8
330
2AF
100
AcDbEntity
  8
03___PRT_ALL_CURVES
  6
Continuous
 62
     4
100
AcDbSpline
210
0.0
220
0.0
230
1.0
 70
     8
 71
     3
 72
     8
 73
     4
 74
     0
 42
0.0000001
 43
0.0000000001
 40
0.0
 40
0.0
 40
0.0
 40
0.0
 40
1.0
 40
1.0
 40
1.0
 40
1.0
 10
22.58417465122
 20
73.26125513328
 30
0.0
 10
22.58417465122
 20
73.18485677197998
 30
0.0
 10
22.60327422186003
 20
73.12564801561999
 30
0.0
 10
22.64147340632005
 20
73.08267398421998
 30
0.0
  0
SPLINE
  5
5B9
330
2AF
100
AcDbEntity
  8
03___PRT_ALL_CURVES
  6
Continuous
 62
     4
100
AcDbSpline
210
0.0
220
0.0
230
1.0
 70
     8
 71
     3
 72
     8
 73
     4
 74
     0
 42
0.0000001
 43
0.0000000001
 40
0.0
 40
0.0
 40
0.0
 40
0.0
 40
1.0
 40
1.0
 40
1.0
 40
1.0
 10
22.64147340632005
 20
73.08267398421998
 30
0.0
 10
22.67967266444001
 20
73.03969986900003
 30
0.0
 10
22.72646662724
 20
73.01869031487996
 30
0.0
 10
22.78185541156003
 20
73.01869031487996
 30
0.0
  0
SPLINE
  5
5BA
330
2AF
100
AcDbEntity
  8
03___PRT_ALL_CURVES
  6
Continuous
 62
     4
100
AcDbSpline
210
0.0
220
0.0
230
1.0
 70
     8
 71
     3
 72
     8
 73
     4
 74
     0
 42
0.0000001
 43
0.0000000001
 40
0.0
 40
0.0
 40
0.0
 40
0.0
 40
1.0
 40
1.0
 40
1.0
 40
1.0
 10
22.78185541156003
 20
73.01869031487996
 30
0.0
 10
22.83246938704002
 20
73.01869031487996
 30
0.0
 10
22.87544333462003
 20
73.03778990584001
 30
0.0
 10
22.91006036724002
 20
73.0767340342
 30
0.0
  0
SPLINE
  5
5BB
330
2AF
100
AcDbEntity
  8
03___PRT_ALL_CURVES
  6
Continuous
 62
     4
100
AcDbSpline
210
0.0
220
0.0
230
1.0
 70
     8
 71
     3
 72
     8
 73
     4
 74
     0
 42
0.0000001
 43
0.0000000001
 40
0.0
 40
0.0
 40
0.0
 40
0.0
 40
1.0
 40
1.0
 40
1.0
 40
1.0
 10
22.91006036724002
 20
73.0767340342
 30
0.0
 10
22.94420191694002
 20
73.11514324872002
 30
0.0
 10
22.96139156251999
 20
73.17339698031998
 30
0.0
 10
22.96139156251999
 20
73.25075034352002
 30
0.0
  0
SPLINE
  5
5BC
330
2AF
100
AcDbEntity
  8
03___PRT_ALL_CURVES
  6
Continuous
 62
     4
100
AcDbSpline
210
0.0
220
0.0
230
1.0
 70
     8
 71
     3
 72
     8
 73
     4
 74
     0
 42
0.0000001
 43
0.0000000001
 40
0.0
 40
0.0
 40
0.0
 40
0.0
 40
1.0
 40
1.0
 40
1.0
 40
1.0
 10
22.96139156251999
 20
73.25075034352002
 30
0.0
 10
22.96139156251999
 20
73.32905867052
 30
0.0
 10
22.94324695568002
 20
73.38922238814001
 30
0.0
 10
22.90739996361998
 20
73.43080489577997
 30
0.0
  0
SPLINE
  5
5BD
330
2AF
100
AcDbEntity
  8
03___PRT_ALL_CURVES
  6
Continuous
 62
     4
100
AcDbSpline
210
0.0
220
0.0
230
1.0
 70
     8
 71
     3
 72
     8
 73
     4
 74
     0
 42
0.0000001
 43
0.0000000001
 40
0.0
 40
0.0
 40
0.0
 40
0.0
 40
1.0
 40
1.0
 40
1.0
 40
1.0
 10
22.90739996361998
 20
73.43080489577997
 30
0.0
 10
22.87162348704004
 20
73.4723056078
 30
0.0
 10
22.82769441056001
 20
73.49331514160002
 30
0.0
 10
22.77517051256004
 20
73.49331514160002
 30
0.0
  0
SPLINE
  5
5BE
330
2AF
100
AcDbEntity
  8
03___PRT_ALL_CURVES
  6
Continuous
 62
     4
100
AcDbSpline
210
0.0
220
0.0
230
1.0
 70
     8
 71
     3
 72
     8
 73
     4
 74
     0
 42
0.0000001
 43
0.0000000001
 40
0.0
 40
0.0
 40
0.0
 40
0.0
 40
1.0
 40
1.0
 40
1.0
 40
1.0
 10
22.77517051256004
 20
73.49331514160002
 30
0.0
 10
22.72073668950003
 20
73.49331514160002
 30
0.0
 10
22.67489768796003
 20
73.47326056906002
 30
0.0
 10
22.63860847428001
 20
73.43315142397998
 30
0.0
  0
SPLINE
  5
5BF
330
2AF
100
AcDbEntity
  8
03___PRT_ALL_CURVES
  6
Continuous
 62
     4
100
AcDbSpline
210
0.0
220
0.0
230
1.0
 70
     8
 71
     3
 72
     8
 73
     4
 74
     0
 42
0.0000001
 43
0.0000000001
 40
0.0
 40
0.0
 40
0.0
 40
0.0
 40
1.0
 40
1.0
 40
1.0
 40
1.0
 10
22.63860847428001
 20
73.43315142397998
 30
0.0
 10
22.60231925806005
 20
73.39304227889997
 30
0.0
 10
22.58417465122
 20
73.33574352887996
 30
0.0
 10
22.58417465122
 20
73.26125513328
 30
0.0
  0
SPLINE
  5
5C0
330
2AF
100
AcDbEntity
  8
03___PRT_ALL_CURVES
  6
Continuous
 62
     4
100
AcDbSpline
210
0.0
220
0.0
230
1.0
 70
     8
 71
     3
 72
     8
 73
     4
 74
     0
 42
0.0000001
 43
0.0000000001
 40
0.0
 40
0.0
 40
0.0
 40
0.0
 40
1.0
 40
1.0
 40
1.0
 40
1.0
 10
20.8757162876
 20
70.00572985364002
 30
0.0
 10
20.8757162876
 20
70.27121415122002
 30
0.0
 10
20.923465265
 20
70.45743520117998
 30
0.0
 10
21.01920080632004
 20
70.56418031408003
 30
0.0
  0
SPLINE
  5
5C1
330
2AF
100
AcDbEntity
  8
03___PRT_ALL_CURVES
  6
Continuous
 62
     4
100
AcDbSpline
210
0.0
220
0.0
230
1.0
 70
     8
 71
     3
 72
     8
 73
     4
 74
     0
 42
0.0000001
 43
0.0000000001
 40
0.0
 40
0.0
 40
0.0
 40
0.0
 40
1.0
 40
1.0
 40
1.0
 40
1.0
 10
21.01920080632004
 20
70.56418031408003
 30
0.0
 10
21.11446116698005
 20
70.67039560076
 30
0.0
 10
21.26057302868
 20
70.72387454384
 30
0.0
 10
21.45729882775998
 20
70.72387454384
 30
0.0
  0
SPLINE
  5
5C2
330
2AF
100
AcDbEntity
  8
03___PRT_ALL_CURVES
  6
Continuous
 62
     4
100
AcDbSpline
210
0.0
220
0.0
230
1.0
 70
     8
 71
     3
 72
     8
 73
     4
 74
     0
 42
0.0000001
 43
0.0000000001
 40
0.0
 40
0.0
 40
0.0
 40
0.0
 40
1.0
 40
1.0
 40
1.0
 40
1.0
 10
21.45729882775998
 20
70.72387454384
 30
0.0
 10
21.55088679145999
 20
70.72387454384
 30
0.0
 10
21.62824019784
 20
70.7114597071
 30
0.0
 10
21.68929936452
 20
70.68838223737998
 30
0.0
  0
SPLINE
  5
5C3
330
2AF
100
AcDbEntity
  8
03___PRT_ALL_CURVES
  6
Continuous
 62
     4
100
AcDbSpline
210
0.0
220
0.0
230
1.0
 70
     8
 71
     3
 72
     8
 73
     4
 74
     0
 42
0.0000001
 43
0.0000000001
 40
0.0
 40
0.0
 40
0.0
 40
0.0
 40
1.0
 40
1.0
 40
1.0
 40
1.0
 10
21.68929936452
 20
70.68838223737998
 30
0.0
 10
21.74952259688004
 20
70.66562070809996
 30
0.0
 10
21.79918152728001
 20
70.63506142961998
 30
0.0
 10
21.83738070666001
 20
70.5978172115
 30
0.0
  0
SPLINE
  5
5C4
330
2AF
100
AcDbEntity
  8
03___PRT_ALL_CURVES
  6
Continuous
 62
     4
100
AcDbSpline
210
0.0
220
0.0
230
1.0
 70
     8
 71
     3
 72
     8
 73
     4
 74
     0
 42
0.0000001
 43
0.0000000001
 40
0.0
 40
0.0
 40
0.0
 40
0.0
 40
1.0
 40
1.0
 40
1.0
 40
1.0
 10
21.83738070666001
 20
70.5978172115
 30
0.0
 10
21.87557988858001
 20
70.56057299337996
 30
0.0
 10
21.90518420326001
 20
70.52141880956
 30
0.0
 10
21.92714874150002
 20
70.48035470321997
 30
0.0
  0
SPLINE
  5
5C5
330
2AF
100
AcDbEntity
  8
03___PRT_ALL_CURVES
  6
Continuous
 62
     4
100
AcDbSpline
210
0.0
220
0.0
230
1.0
 70
     8
 71
     3
 72
     8
 73
     4
 74
     0
 42
0.0000001
 43
0.0000000001
 40
0.0
 40
0.0
 40
0.0
 40
0.0
 40
1.0
 40
1.0
 40
1.0
 40
1.0
 10
21.92714874150002
 20
70.48035470321997
 30
0.0
 10
21.94911327974
 20
70.43929059433998
 30
0.0
 10
21.96725788658
 20
70.39154158900001
 30
0.0
 10
21.98062221596004
 20
70.3371064426
 30
0.0
  0
SPLINE
  5
5C6
330
2AF
100
AcDbEntity
  8
03___PRT_ALL_CURVES
  6
Continuous
 62
     4
100
AcDbSpline
210
0.0
220
0.0
230
1.0
 70
     8
 71
     3
 72
     8
 73
     4
 74
     0
 42
0.0000001
 43
0.0000000001
 40
0.0
 40
0.0
 40
0.0
 40
0.0
 40
1.0
 40
1.0
 40
1.0
 40
1.0
 10
21.98062221596004
 20
70.3371064426
 30
0.0
 10
22.00641207040002
 20
70.23206005122
 30
0.0
 10
22.01978178712002
 20
70.12319232127999
 30
0.0
 10
22.01978178712002
 20
70.01050474629997
 30
0.0
  0
SPLINE
  5
5C7
330
2AF
100
AcDbEntity
  8
03___PRT_ALL_CURVES
  6
Continuous
 62
     4
100
AcDbSpline
210
0.0
220
0.0
230
1.0
 70
     8
 71
     3
 72
     8
 73
     4
 74
     0
 42
0.0000001
 43
0.0000000001
 40
0.0
 40
0.0
 40
0.0
 40
0.0
 40
1.0
 40
1.0
 40
1.0
 40
1.0
 10
22.01978178712002
 20
70.01050474629997
 30
0.0
 10
22.01978178712002
 20
69.75648019974
 30
0.0
 10
21.97680767190002
 20
69.57025921073998
 30
0.0
 10
21.89108663684004
 20
69.45263088109999
 30
0.0
  0
SPLINE
  5
5C8
330
2AF
100
AcDbEntity
  8
03___PRT_ALL_CURVES
  6
Continuous
 62
     4
100
AcDbSpline
210
0.0
220
0.0
230
1.0
 70
     8
 71
     3
 72
     8
 73
     4
 74
     0
 42
0.0000001
 43
0.0000000001
 40
0.0
 40
0.0
 40
0.0
 40
0.0
 40
1.0
 40
1.0
 40
1.0
 40
1.0
 10
21.89108663684004
 20
69.45263088109999
 30
0.0
 10
21.80491138119999
 20
69.33437926339997
 30
0.0
 10
21.65688955126004
 20
69.27612551147996
 30
0.0
 10
21.44679404054
 20
69.27612551147996
 30
0.0
  0
SPLINE
  5
5C9
330
2AF
100
AcDbEntity
  8
03___PRT_ALL_CURVES
  6
Continuous
 62
     4
100
AcDbSpline
210
0.0
220
0.0
230
1.0
 70
     8
 71
     3
 72
     8
 73
     4
 74
     0
 42
0.0000001
 43
0.0000000001
 40
0.0
 40
0.0
 40
0.0
 40
0.0
 40
1.0
 40
1.0
 40
1.0
 40
1.0
 10
21.44679404054
 20
69.27612551147996
 30
0.0
 10
21.32837660910002
 20
69.27612551147996
 30
0.0
 10
21.23383360032003
 20
69.29522510244001
 30
0.0
 10
21.16125516788003
 20
69.33246930023998
 30
0.0
  0
SPLINE
  5
5CA
330
2AF
100
AcDbEntity
  8
03___PRT_ALL_CURVES
  6
Continuous
 62
     4
100
AcDbSpline
210
0.0
220
0.0
230
1.0
 70
     8
 71
     3
 72
     8
 73
     4
 74
     0
 42
0.0000001
 43
0.0000000001
 40
0.0
 40
0.0
 40
0.0
 40
0.0
 40
1.0
 40
1.0
 40
1.0
 40
1.0
 10
21.16125516788003
 20
69.33246930023998
 30
0.0
 10
21.08867671766001
 20
69.36971350820002
 30
0.0
 10
21.02851302036001
 20
69.42510231792
 30
0.0
 10
20.98192525222004
 20
69.49720242771997
 30
0.0
  0
SPLINE
  5
5CB
330
2AF
100
AcDbEntity
  8
03___PRT_ALL_CURVES
  6
Continuous
 62
     4
100
AcDbSpline
210
0.0
220
0.0
230
1.0
 70
     8
 71
     3
 72
     8
 73
     4
 74
     0
 42
0.0000001
 43
0.0000000001
 40
0.0
 40
0.0
 40
0.0
 40
0.0
 40
1.0
 40
1.0
 40
1.0
 40
1.0
 10
20.98192525222004
 20
69.49720242771997
 30
0.0
 10
20.94829473019999
 20
69.54924965408
 30
0.0
 10
20.92251028088003
 20
69.61896315702
 30
0.0
 10
20.90341069246
 20
69.70873123504
 30
0.0
  0
SPLINE
  5
5CC
330
2AF
100
AcDbEntity
  8
03___PRT_ALL_CURVES
  6
Continuous
 62
     4
100
AcDbSpline
210
0.0
220
0.0
230
1.0
 70
     8
 71
     3
 72
     8
 73
     4
 74
     0
 42
0.0000001
 43
0.0000000001
 40
0.0
 40
0.0
 40
0.0
 40
0.0
 40
1.0
 40
1.0
 40
1.0
 40
1.0
 10
20.90341069246
 20
69.70873123504
 30
0.0
 10
20.8843111015
 20
69.79849931052001
 30
0.0
 10
20.8757162876
 20
69.89686220752
 30
0.0
 10
20.8757162876
 20
70.00572985364002
 30
0.0
  0
SPLINE
  5
5CD
330
2AF
100
AcDbEntity
  8
03___PRT_ALL_CURVES
  6
Continuous
 62
     4
100
AcDbSpline
210
0.0
220
0.0
230
1.0
 70
     8
 71
     3
 72
     8
 73
     4
 74
     0
 42
0.0000001
 43
0.0000000001
 40
0.0
 40
0.0
 40
0.0
 40
0.0
 40
1.0
 40
1.0
 40
1.0
 40
1.0
 10
21.26152803311999
 20
70.00477489238
 30
0.0
 10
21.26152803311999
 20
69.82619374332
 30
0.0
 10
21.27680771300001
 20
69.70395634238
 30
0.0
 10
21.30832203656001
 20
69.63901772956001
 30
0.0
  0
SPLINE
  5
5CE
330
2AF
100
AcDbEntity
  8
03___PRT_ALL_CURVES
  6
Continuous
 62
     4
100
AcDbSpline
210
0.0
220
0.0
230
1.0
 70
     8
 71
     3
 72
     8
 73
     4
 74
     0
 42
0.0000001
 43
0.0000000001
 40
0.0
 40
0.0
 40
0.0
 40
0.0
 40
1.0
 40
1.0
 40
1.0
 40
1.0
 10
21.30832203656001
 20
69.63901772956001
 30
0.0
 10
21.33983636012002
 20
69.57407911927996
 30
0.0
 10
21.38567535912
 20
69.54160981414
 30
0.0
 10
21.44583907673999
 20
69.54160981414
 30
0.0
  0
SPLINE
  5
5CF
330
2AF
100
AcDbEntity
  8
03___PRT_ALL_CURVES
  6
Continuous
 62
     4
100
AcDbSpline
210
0.0
220
0.0
230
1.0
 70
     8
 71
     3
 72
     8
 73
     4
 74
     0
 42
0.0000001
 43
0.0000000001
 40
0.0
 40
0.0
 40
0.0
 40
0.0
 40
1.0
 40
1.0
 40
1.0
 40
1.0
 10
21.44583907673999
 20
69.54160981414
 30
0.0
 10
21.48499321992003
 20
69.54160981414
 30
0.0
 10
21.51937247044003
 20
69.55497953085998
 30
0.0
 10
21.54802188736002
 20
69.58267396365997
 30
0.0
  0
SPLINE
  5
5D0
330
2AF
100
AcDbEntity
  8
03___PRT_ALL_CURVES
  6
Continuous
 62
     4
100
AcDbSpline
210
0.0
220
0.0
230
1.0
 70
     8
 71
     3
 72
     8
 73
     4
 74
     0
 42
0.0000001
 43
0.0000000001
 40
0.0
 40
0.0
 40
0.0
 40
0.0
 40
1.0
 40
1.0
 40
1.0
 40
1.0
 10
21.54802188736002
 20
69.58267396365997
 30
0.0
 10
21.57667126110005
 20
69.61036835581999
 30
0.0
 10
21.59863579934003
 20
69.65429741197997
 30
0.0
 10
21.61210738275997
 20
69.71443840168001
 30
0.0
  0
SPLINE
  5
5D1
330
2AF
100
AcDbEntity
  8
03___PRT_ALL_CURVES
  6
Continuous
 62
     4
100
AcDbSpline
210
0.0
220
0.0
230
1.0
 70
     8
 71
     3
 72
     8
 73
     4
 74
     0
 42
0.0000001
 43
0.0000000001
 40
0.0
 40
0.0
 40
0.0
 40
0.0
 40
1.0
 40
1.0
 40
1.0
 40
1.0
 10
21.61210738275997
 20
69.71443840168001
 30
0.0
 10
21.62537523024002
 20
69.77366984532
 30
0.0
 10
21.63301509050001
 20
69.86725785219997
 30
0.0
 10
21.63301509050001
 20
69.99427010516001
 30
0.0
  0
SPLINE
  5
5D2
330
2AF
100
AcDbEntity
  8
03___PRT_ALL_CURVES
  6
Continuous
 62
     4
100
AcDbSpline
210
0.0
220
0.0
230
1.0
 70
     8
 71
     3
 72
     8
 73
     4
 74
     0
 42
0.0000001
 43
0.0000000001
 40
0.0
 40
0.0
 40
0.0
 40
0.0
 40
1.0
 40
1.0
 40
1.0
 40
1.0
 10
21.63301509050001
 20
69.99427010516001
 30
0.0
 10
21.63301509050001
 20
70.17953615067998
 30
0.0
 10
21.61678040618
 20
70.30463848112001
 30
0.0
 10
21.58526608262
 20
70.36862208695999
 30
0.0
  0
SPLINE
  5
5D3
330
2AF
100
AcDbEntity
  8
03___PRT_ALL_CURVES
  6
Continuous
 62
     4
100
AcDbSpline
210
0.0
220
0.0
230
1.0
 70
     8
 71
     3
 72
     8
 73
     4
 74
     0
 42
0.0000001
 43
0.0000000001
 40
0.0
 40
0.0
 40
0.0
 40
0.0
 40
1.0
 40
1.0
 40
1.0
 40
1.0
 10
21.58526608262
 20
70.36862208695999
 30
0.0
 10
21.55375176159998
 20
70.43260569534002
 30
0.0
 10
21.50695779879999
 20
70.46507506397998
 30
0.0
 10
21.44392911358003
 20
70.46507506397998
 30
0.0
  0
SPLINE
  5
5D4
330
2AF
100
AcDbEntity
  8
03___PRT_ALL_CURVES
  6
Continuous
 62
     4
100
AcDbSpline
210
0.0
220
0.0
230
1.0
 70
     8
 71
     3
 72
     8
 73
     4
 74
     0
 42
0.0000001
 43
0.0000000001
 40
0.0
 40
0.0
 40
0.0
 40
0.0
 40
1.0
 40
1.0
 40
1.0
 40
1.0
 10
21.44392911358003
 20
70.46507506397998
 30
0.0
 10
21.37899050076001
 20
70.46507506397998
 30
0.0
 10
21.33315150175997
 20
70.43165073408
 30
0.0
 10
21.3045021204
 20
70.36671215682
 30
0.0
  0
SPLINE
  5
5D5
330
2AF
100
AcDbEntity
  8
03___PRT_ALL_CURVES
  6
Continuous
 62
     4
100
AcDbSpline
210
0.0
220
0.0
230
1.0
 70
     8
 71
     3
 72
     8
 73
     4
 74
     0
 42
0.0000001
 43
0.0000000001
 40
0.0
 40
0.0
 40
0.0
 40
0.0
 40
1.0
 40
1.0
 40
1.0
 40
1.0
 10
21.3045021204
 20
70.36671215682
 30
0.0
 10
21.27585271110004
 20
70.30177351097996
 30
0.0
 10
21.26152803311999
 20
70.18049111447999
 30
0.0
 10
21.26152803311999
 20
70.00477489238
 30
0.0
  0
SPLINE
  5
5D6
330
2AF
100
AcDbEntity
  8
03___PRT_ALL_CURVES
  6
Continuous
 62
     4
100
AcDbSpline
210
0.0
220
0.0
230
1.0
 70
     8
 71
     3
 72
     8
 73
     4
 74
     0
 42
0.0000001
 43
0.0000000001
 40
0.0
 40
0.0
 40
0.0
 40
0.0
 40
1.0
 40
1.0
 40
1.0
 40
1.0
 10
22.41418826018
 20
70.05252389772
 30
0.0
 10
22.35306970576002
 20
70.08499318253999
 30
0.0
 10
22.30818566802003
 20
70.12128239875997
 30
0.0
 10
22.28031561200001
 20
70.16126979909998
 30
0.0
  0
SPLINE
  5
5D7
330
2AF
100
AcDbEntity
  8
03___PRT_ALL_CURVES
  6
Continuous
 62
     4
100
AcDbSpline
210
0.0
220
0.0
230
1.0
 70
     8
 71
     3
 72
     8
 73
     4
 74
     0
 42
0.0000001
 43
0.0000000001
 40
0.0
 40
0.0
 40
0.0
 40
0.0
 40
1.0
 40
1.0
 40
1.0
 40
1.0
 10
22.28031561200001
 20
70.16126979909998
 30
0.0
 10
22.24229196948002
 20
70.21582536689999
 30
0.0
 10
22.22319240138003
 20
70.27885401147995
 30
0.0
 10
22.22319240138003
 20
70.35047748011999
 30
0.0
  0
SPLINE
  5
5D8
330
2AF
100
AcDbEntity
  8
03___PRT_ALL_CURVES
  6
Continuous
 62
     4
100
AcDbSpline
210
0.0
220
0.0
230
1.0
 70
     8
 71
     3
 72
     8
 73
     4
 74
     0
 42
0.0000001
 43
0.0000000001
 40
0.0
 40
0.0
 40
0.0
 40
0.0
 40
1.0
 40
1.0
 40
1.0
 40
1.0
 10
22.22319240138003
 20
70.35047748011999
 30
0.0
 10
22.22319240138003
 20
70.4669849865
 30
0.0
 10
22.27762622190002
 20
70.56343796352002
 30
0.0
 10
22.38853257616
 20
70.63773442910002
 30
0.0
  0
SPLINE
  5
5D9
330
2AF
100
AcDbEntity
  8
03___PRT_ALL_CURVES
  6
Continuous
 62
     4
100
AcDbSpline
210
0.0
220
0.0
230
1.0
 70
     8
 71
     3
 72
     8
 73
     4
 74
     0
 42
0.0000001
 43
0.0000000001
 40
0.0
 40
0.0
 40
0.0
 40
0.0
 40
1.0
 40
1.0
 40
1.0
 40
1.0
 10
22.38853257616
 20
70.63773442910002
 30
0.0
 10
22.47435202098004
 20
70.69522510660002
 30
0.0
 10
22.58799464104001
 20
70.72387454384
 30
0.0
 10
22.72933148816003
 20
70.72387454384
 30
0.0
  0
SPLINE
  5
5DA
330
2AF
100
AcDbEntity
  8
03___PRT_ALL_CURVES
  6
Continuous
 62
     4
100
AcDbSpline
210
0.0
220
0.0
230
1.0
 70
     8
 71
     3
 72
     8
 73
     4
 74
     0
 42
0.0000001
 43
0.0000000001
 40
0.0
 40
0.0
 40
0.0
 40
0.0
 40
1.0
 40
1.0
 40
1.0
 40
1.0
 10
22.72933148816003
 20
70.72387454384
 30
0.0
 10
22.91650750192002
 20
70.72387454384
 30
0.0
 10
23.05402466656
 20
70.68758524633998
 30
0.0
 10
23.14356081210002
 20
70.61662311750001
 30
0.0
  0
SPLINE
  5
5DB
330
2AF
100
AcDbEntity
  8
03___PRT_ALL_CURVES
  6
Continuous
 62
     4
100
AcDbSpline
210
0.0
220
0.0
230
1.0
 70
     8
 71
     3
 72
     8
 73
     4
 74
     0
 42
0.0000001
 43
0.0000000001
 40
0.0
 40
0.0
 40
0.0
 40
0.0
 40
1.0
 40
1.0
 40
1.0
 40
1.0
 10
23.14356081210002
 20
70.61662311750001
 30
0.0
 10
23.23356082006003
 20
70.54529335414003
 30
0.0
 10
23.27844485780003
 20
70.45552527866002
 30
0.0
 10
23.27844485780003
 20
70.34761251251999
 30
0.0
  0
SPLINE
  5
5DC
330
2AF
100
AcDbEntity
  8
03___PRT_ALL_CURVES
  6
Continuous
 62
     4
100
AcDbSpline
210
0.0
220
0.0
230
1.0
 70
     8
 71
     3
 72
     8
 73
     4
 74
     0
 42
0.0000001
 43
0.0000000001
 40
0.0
 40
0.0
 40
0.0
 40
0.0
 40
1.0
 40
1.0
 40
1.0
 40
1.0
 10
23.27844485780003
 20
70.34761251251999
 30
0.0
 10
23.27844485780003
 20
70.28458386539998
 30
0.0
 10
23.26030024842004
 20
70.22537515222001
 30
0.0
 10
23.22493242228001
 20
70.17096313760001
 30
0.0
  0
SPLINE
  5
5DD
330
2AF
100
AcDbEntity
  8
03___PRT_ALL_CURVES
  6
Continuous
 62
     4
100
AcDbSpline
210
0.0
220
0.0
230
1.0
 70
     8
 71
     3
 72
     8
 73
     4
 74
     0
 42
0.0000001
 43
0.0000000001
 40
0.0
 40
0.0
 40
0.0
 40
0.0
 40
1.0
 40
1.0
 40
1.0
 40
1.0
 10
23.22493242228001
 20
70.17096313760001
 30
0.0
 10
23.19822656510001
 20
70.12987722027998
 30
0.0
 10
23.15620741368002
 20
70.09072303645996
 30
0.0
 10
23.09890870429999
 20
70.05252389772
 30
0.0
  0
SPLINE
  5
5DE
330
2AF
100
AcDbEntity
  8
03___PRT_ALL_CURVES
  6
Continuous
 62
     4
100
AcDbSpline
210
0.0
220
0.0
230
1.0
 70
     8
 71
     3
 72
     8
 73
     4
 74
     0
 42
0.0000001
 43
0.0000000001
 40
0.0
 40
0.0
 40
0.0
 40
0.0
 40
1.0
 40
1.0
 40
1.0
 40
1.0
 10
23.09890870429999
 20
70.05252389772
 30
0.0
 10
23.17435202052002
 20
70.01623468404
 30
0.0
 10
23.23069576609998
 20
69.96753071489997
 30
0.0
 10
23.26772584444004
 20
69.908187717
 30
0.0
  0
SPLINE
  5
5DF
330
2AF
100
AcDbEntity
  8
03___PRT_ALL_CURVES
  6
Continuous
 62
     4
100
AcDbSpline
210
0.0
220
0.0
230
1.0
 70
     8
 71
     3
 72
     8
 73
     4
 74
     0
 42
0.0000001
 43
0.0000000001
 40
0.0
 40
0.0
 40
0.0
 40
0.0
 40
1.0
 40
1.0
 40
1.0
 40
1.0
 10
23.26772584444004
 20
69.908187717
 30
0.0
 10
23.30518428616003
 20
69.84815824091999
 30
0.0
 10
23.32428385680001
 20
69.78226466683998
 30
0.0
 10
23.32428385680001
 20
69.70968623693997
 30
0.0
  0
SPLINE
  5
5E0
330
2AF
100
AcDbEntity
  8
03___PRT_ALL_CURVES
  6
Continuous
 62
     4
100
AcDbSpline
210
0.0
220
0.0
230
1.0
 70
     8
 71
     3
 72
     8
 73
     4
 74
     0
 42
0.0000001
 43
0.0000000001
 40
0.0
 40
0.0
 40
0.0
 40
0.0
 40
1.0
 40
1.0
 40
1.0
 40
1.0
 10
23.32428385680001
 20
69.70968623693997
 30
0.0
 10
23.32428385680001
 20
69.63901772956001
 30
0.0
 10
23.30804917248
 20
69.57407911927996
 30
0.0
 10
23.27557987242002
 20
69.51296040483999
 30
0.0
  0
SPLINE
  5
5E1
330
2AF
100
AcDbEntity
  8
03___PRT_ALL_CURVES
  6
Continuous
 62
     4
100
AcDbSpline
210
0.0
220
0.0
230
1.0
 70
     8
 71
     3
 72
     8
 73
     4
 74
     0
 42
0.0000001
 43
0.0000000001
 40
0.0
 40
0.0
 40
0.0
 40
0.0
 40
1.0
 40
1.0
 40
1.0
 40
1.0
 10
23.27557987242002
 20
69.51296040483999
 30
0.0
 10
23.24311060284001
 20
69.45184174881999
 30
0.0
 10
23.20395633519999
 20
69.40504774537999
 30
0.0
 10
23.15738604988005
 20
69.37225843833997
 30
0.0
  0
SPLINE
  5
5E2
330
2AF
100
AcDbEntity
  8
03___PRT_ALL_CURVES
  6
Continuous
 62
     4
100
AcDbSpline
210
0.0
220
0.0
230
1.0
 70
     8
 71
     3
 72
     8
 73
     4
 74
     0
 42
0.0000001
 43
0.0000000001
 40
0.0
 40
0.0
 40
0.0
 40
0.0
 40
1.0
 40
1.0
 40
1.0
 40
1.0
 10
23.15738604988005
 20
69.37225843833997
 30
0.0
 10
23.11036841214002
 20
69.33915416114002
 30
0.0
 10
23.05211457640002
 20
69.31432469340001
 30
0.0
 10
22.98249670700002
 20
69.29954280779998
 30
0.0
  0
SPLINE
  5
5E3
330
2AF
100
AcDbEntity
  8
03___PRT_ALL_CURVES
  6
Continuous
 62
     4
100
AcDbSpline
210
0.0
220
0.0
230
1.0
 70
     8
 71
     3
 72
     8
 73
     4
 74
     0
 42
0.0000001
 43
0.0000000001
 40
0.0
 40
0.0
 40
0.0
 40
0.0
 40
1.0
 40
1.0
 40
1.0
 40
1.0
 10
22.75989093173999
 20
69.27612551147996
 30
0.0
 10
22.61091405671999
 20
69.27612551147996
 30
0.0
 10
22.49822656556
 20
69.2942701234
 30
0.0
 10
22.41991819792003
 20
69.32864938661999
 30
0.0
  0
SPLINE
  5
5E4
330
2AF
100
AcDbEntity
  8
03___PRT_ALL_CURVES
  6
Continuous
 62
     4
100
AcDbSpline
210
0.0
220
0.0
230
1.0
 70
     8
 71
     3
 72
     8
 73
     4
 74
     0
 42
0.0000001
 43
0.0000000001
 40
0.0
 40
0.0
 40
0.0
 40
0.0
 40
1.0
 40
1.0
 40
1.0
 40
1.0
 10
22.41991819792003
 20
69.32864938661999
 30
0.0
 10
22.34160983027999
 20
69.36302864983998
 30
0.0
 10
22.28144623712004
 20
69.41459754086
 30
0.0
 10
22.24077315362001
 20
69.48302403087999
 30
0.0
  0
SPLINE
  5
5E5
330
2AF
100
AcDbEntity
  8
03___PRT_ALL_CURVES
  6
Continuous
 62
     4
100
AcDbSpline
210
0.0
220
0.0
230
1.0
 70
     8
 71
     3
 72
     8
 73
     4
 74
     0
 42
0.0000001
 43
0.0000000001
 40
0.0
 40
0.0
 40
0.0
 40
0.0
 40
1.0
 40
1.0
 40
1.0
 40
1.0
 10
22.24077315362001
 20
69.48302403087999
 30
0.0
 10
22.20027298316003
 20
69.55115961977998
 30
0.0
 10
22.18021836998003
 20
69.62755798108
 30
0.0
 10
22.18021836998003
 20
69.711596162
 30
0.0
  0
SPLINE
  5
5E6
330
2AF
100
AcDbEntity
  8
03___PRT_ALL_CURVES
  6
Continuous
 62
     4
100
AcDbSpline
210
0.0
220
0.0
230
1.0
 70
     8
 71
     3
 72
     8
 73
     4
 74
     0
 42
0.0000001
 43
0.0000000001
 40
0.0
 40
0.0
 40
0.0
 40
0.0
 40
1.0
 40
1.0
 40
1.0
 40
1.0
 10
22.18021836998003
 20
69.711596162
 30
0.0
 10
22.18021836998003
 20
69.79372441785998
 30
0.0
 10
22.19931785426002
 20
69.86248295954002
 30
0.0
 10
22.23751709206002
 20
69.91978175274
 30
0.0
  0
SPLINE
  5
5E7
330
2AF
100
AcDbEntity
  8
03___PRT_ALL_CURVES
  6
Continuous
 62
     4
100
AcDbSpline
210
0.0
220
0.0
230
1.0
 70
     8
 71
     3
 72
     8
 73
     4
 74
     0
 42
0.0000001
 43
0.0000000001
 40
0.0
 40
0.0
 40
0.0
 40
0.0
 40
1.0
 40
1.0
 40
1.0
 40
1.0
 10
22.23751709206002
 20
69.91978175274
 30
0.0
 10
22.27571629938001
 20
69.97708050021998
 30
0.0
 10
22.33396997002001
 20
70.02100957669998
 30
0.0
 10
22.41418826018
 20
70.05252389772
 30
0.0
  0
SPLINE
  5
5E8
330
2AF
100
AcDbEntity
  8
03___PRT_ALL_CURVES
  6
Continuous
 62
     4
100
AcDbSpline
210
0.0
220
0.0
230
1.0
 70
     8
 71
     3
 72
     8
 73
     4
 74
     0
 42
0.0000001
 43
0.0000000001
 40
0.0
 40
0.0
 40
0.0
 40
0.0
 40
1.0
 40
1.0
 40
1.0
 40
1.0
 10
22.58894960230003
 20
70.32755798061999
 30
0.0
 10
22.58894960230003
 20
70.27885401147995
 30
0.0
 10
22.60327419646001
 20
70.23969982765999
 30
0.0
 10
22.63383357908
 20
70.21009544947998
 30
0.0
  0
SPLINE
  5
5E9
330
2AF
100
AcDbEntity
  8
03___PRT_ALL_CURVES
  6
Continuous
 62
     4
100
AcDbSpline
210
0.0
220
0.0
230
1.0
 70
     8
 71
     3
 72
     8
 73
     4
 74
     0
 42
0.0000001
 43
0.0000000001
 40
0.0
 40
0.0
 40
0.0
 40
0.0
 40
1.0
 40
1.0
 40
1.0
 40
1.0
 10
22.63383357908
 20
70.21009544947998
 30
0.0
 10
22.66439291852001
 20
70.18049111447999
 30
0.0
 10
22.70450214742002
 20
70.16616643649999
 30
0.0
 10
22.75511595526001
 20
70.16616643649999
 30
0.0
  0
SPLINE
  5
5EA
330
2AF
100
AcDbEntity
  8
03___PRT_ALL_CURVES
  6
Continuous
 62
     4
100
AcDbSpline
210
0.0
220
0.0
230
1.0
 70
     8
 71
     3
 72
     8
 73
     4
 74
     0
 42
0.0000001
 43
0.0000000001
 40
0.0
 40
0.0
 40
0.0
 40
0.0
 40
1.0
 40
1.0
 40
1.0
 40
1.0
 10
22.75511595526001
 20
70.16616643649999
 30
0.0
 10
22.79904503173998
 20
70.16616643649999
 30
0.0
 10
22.83628920922001
 20
70.18049111447999
 30
0.0
 10
22.86517837166002
 20
70.20986170851998
 30
0.0
  0
SPLINE
  5
5EB
330
2AF
100
AcDbEntity
  8
03___PRT_ALL_CURVES
  6
Continuous
 62
     4
100
AcDbSpline
210
0.0
220
0.0
230
1.0
 70
     8
 71
     3
 72
     8
 73
     4
 74
     0
 42
0.0000001
 43
0.0000000001
 40
0.0
 40
0.0
 40
0.0
 40
0.0
 40
1.0
 40
1.0
 40
1.0
 40
1.0
 10
22.86517837166002
 20
70.20986170851998
 30
0.0
 10
22.89358808370002
 20
70.2387448664
 30
0.0
 10
22.90791267786005
 20
70.27694408896
 30
0.0
 10
22.90791267786005
 20
70.32373804922
 30
0.0
  0
SPLINE
  5
5EC
330
2AF
100
AcDbEntity
  8
03___PRT_ALL_CURVES
  6
Continuous
 62
     4
100
AcDbSpline
210
0.0
220
0.0
230
1.0
 70
     8
 71
     3
 72
     8
 73
     4
 74
     0
 42
0.0000001
 43
0.0000000001
 40
0.0
 40
0.0
 40
0.0
 40
0.0
 40
1.0
 40
1.0
 40
1.0
 40
1.0
 10
22.90791267786005
 20
70.32373804922
 30
0.0
 10
22.90791267786005
 20
70.37148705710001
 30
0.0
 10
22.89263312244
 20
70.41064124091997
 30
0.0
 10
22.86278524970001
 20
70.44096283889996
 30
0.0
  0
SPLINE
  5
5ED
330
2AF
100
AcDbEntity
  8
03___PRT_ALL_CURVES
  6
Continuous
 62
     4
100
AcDbSpline
210
0.0
220
0.0
230
1.0
 70
     8
 71
     3
 72
     8
 73
     4
 74
     0
 42
0.0000001
 43
0.0000000001
 40
0.0
 40
0.0
 40
0.0
 40
0.0
 40
1.0
 40
1.0
 40
1.0
 40
1.0
 10
22.86278524970001
 20
70.44096283889996
 30
0.0
 10
22.83246936164002
 20
70.47175987916
 30
0.0
 10
22.79427022290002
 20
70.48703960222002
 30
0.0
 10
22.74843122390004
 20
70.48703960222002
 30
0.0
  0
SPLINE
  5
5EE
330
2AF
100
AcDbEntity
  8
03___PRT_ALL_CURVES
  6
Continuous
 62
     4
100
AcDbSpline
210
0.0
220
0.0
230
1.0
 70
     8
 71
     3
 72
     8
 73
     4
 74
     0
 42
0.0000001
 43
0.0000000001
 40
0.0
 40
0.0
 40
0.0
 40
0.0
 40
1.0
 40
1.0
 40
1.0
 40
1.0
 10
22.74843122390004
 20
70.48703960222002
 30
0.0
 10
22.70068213474002
 20
70.48703960222002
 30
0.0
 10
22.66248299600002
 20
70.47175987916
 30
0.0
 10
22.63287865846004
 20
70.44215558479999
 30
0.0
  0
SPLINE
  5
5EF
330
2AF
100
AcDbEntity
  8
03___PRT_ALL_CURVES
  6
Continuous
 62
     4
100
AcDbSpline
210
0.0
220
0.0
230
1.0
 70
     8
 71
     3
 72
     8
 73
     4
 74
     0
 42
0.0000001
 43
0.0000000001
 40
0.0
 40
0.0
 40
0.0
 40
0.0
 40
1.0
 40
1.0
 40
1.0
 40
1.0
 10
22.63287865846004
 20
70.44215558479999
 30
0.0
 10
22.60327419646001
 20
70.41255116343999
 30
0.0
 10
22.58894960230003
 20
70.37435194342001
 30
0.0
 10
22.58894960230003
 20
70.32755798061999
 30
0.0
  0
SPLINE
  5
5F0
330
2AF
100
AcDbEntity
  8
03___PRT_ALL_CURVES
  6
Continuous
 62
     4
100
AcDbSpline
210
0.0
220
0.0
230
1.0
 70
     8
 71
     3
 72
     8
 73
     4
 74
     0
 42
0.0000001
 43
0.0000000001
 40
0.0
 40
0.0
 40
0.0
 40
0.0
 40
1.0
 40
1.0
 40
1.0
 40
1.0
 10
22.56794010914001
 20
69.72496587617997
 30
0.0
 10
22.56794010914001
 20
69.66289223350003
 30
0.0
 10
22.58608471852003
 20
69.6122783012
 30
0.0
 10
22.62403697688003
 20
69.57288478841997
 30
0.0
  0
SPLINE
  5
5F1
330
2AF
100
AcDbEntity
  8
03___PRT_ALL_CURVES
  6
Continuous
 62
     4
100
AcDbSpline
210
0.0
220
0.0
230
1.0
 70
     8
 71
     3
 72
     8
 73
     4
 74
     0
 42
0.0000001
 43
0.0000000001
 40
0.0
 40
0.0
 40
0.0
 40
0.0
 40
1.0
 40
1.0
 40
1.0
 40
1.0
 10
22.62403697688003
 20
69.57288478841997
 30
0.0
 10
22.66152803220001
 20
69.53396999451999
 30
0.0
 10
22.70450214742002
 20
69.51487040609999
 30
0.0
 10
22.75320603274
 20
69.51487040609999
 30
0.0
  0
SPLINE
  5
5F2
330
2AF
100
AcDbEntity
  8
03___PRT_ALL_CURVES
  6
Continuous
 62
     4
100
AcDbSpline
210
0.0
220
0.0
230
1.0
 70
     8
 71
     3
 72
     8
 73
     4
 74
     0
 42
0.0000001
 43
0.0000000001
 40
0.0
 40
0.0
 40
0.0
 40
0.0
 40
1.0
 40
1.0
 40
1.0
 40
1.0
 10
22.75320603274
 20
69.51487040609999
 30
0.0
 10
22.79904503173998
 20
69.51487040609999
 30
0.0
 10
22.84106418569999
 20
69.53396999451999
 30
0.0
 10
22.87804965910001
 20
69.57431779800001
 30
0.0
  0
SPLINE
  5
5F3
330
2AF
100
AcDbEntity
  8
03___PRT_ALL_CURVES
  6
Continuous
 62
     4
100
AcDbSpline
210
0.0
220
0.0
230
1.0
 70
     8
 71
     3
 72
     8
 73
     4
 74
     0
 42
0.0000001
 43
0.0000000001
 40
0.0
 40
0.0
 40
0.0
 40
0.0
 40
1.0
 40
1.0
 40
1.0
 40
1.0
 10
22.87804965910001
 20
69.57431779800001
 30
0.0
 10
22.91459757686005
 20
69.61418826436
 30
0.0
 10
22.93369714750003
 20
69.66480219919998
 30
0.0
 10
22.93369714750003
 20
69.72592088061998
 30
0.0
  0
SPLINE
  5
5F4
330
2AF
100
AcDbEntity
  8
03___PRT_ALL_CURVES
  6
Continuous
 62
     4
100
AcDbSpline
210
0.0
220
0.0
230
1.0
 70
     8
 71
     3
 72
     8
 73
     4
 74
     0
 42
0.0000001
 43
0.0000000001
 40
0.0
 40
0.0
 40
0.0
 40
0.0
 40
1.0
 40
1.0
 40
1.0
 40
1.0
 10
22.93369714750003
 20
69.72592088061998
 30
0.0
 10
22.93369714750003
 20
69.78703955950002
 30
0.0
 10
22.91459757686005
 20
69.83765349434
 30
0.0
 10
22.87711444126001
 20
69.87753941405998
 30
0.0
  0
SPLINE
  5
5F5
330
2AF
100
AcDbEntity
  8
03___PRT_ALL_CURVES
  6
Continuous
 62
     4
100
AcDbSpline
210
0.0
220
0.0
230
1.0
 70
     8
 71
     3
 72
     8
 73
     4
 74
     0
 42
0.0000001
 43
0.0000000001
 40
0.0
 40
0.0
 40
0.0
 40
0.0
 40
1.0
 40
1.0
 40
1.0
 40
1.0
 10
22.87711444126001
 20
69.87753941405998
 30
0.0
 10
22.84010922444003
 20
69.91691678260003
 30
0.0
 10
22.79713510922002
 20
69.93697135513997
 30
0.0
 10
22.74843122390004
 20
69.93697135513997
 30
0.0
  0
SPLINE
  5
5F6
330
2AF
100
AcDbEntity
  8
03___PRT_ALL_CURVES
  6
Continuous
 62
     4
100
AcDbSpline
210
0.0
220
0.0
230
1.0
 70
     8
 71
     3
 72
     8
 73
     4
 74
     0
 42
0.0000001
 43
0.0000000001
 40
0.0
 40
0.0
 40
0.0
 40
0.0
 40
1.0
 40
1.0
 40
1.0
 40
1.0
 10
22.74843122390004
 20
69.93697135513997
 30
0.0
 10
22.69972717094001
 20
69.93697135513997
 30
0.0
 10
22.65770818716001
 20
69.91787174385999
 30
0.0
 10
22.62141884902005
 20
69.87967252129997
 30
0.0
  0
SPLINE
  5
5F7
330
2AF
100
AcDbEntity
  8
03___PRT_ALL_CURVES
  6
Continuous
 62
     4
100
AcDbSpline
210
0.0
220
0.0
230
1.0
 70
     8
 71
     3
 72
     8
 73
     4
 74
     0
 42
0.0000001
 43
0.0000000001
 40
0.0
 40
0.0
 40
0.0
 40
0.0
 40
1.0
 40
1.0
 40
1.0
 40
1.0
 10
22.62141884902005
 20
69.87967252129997
 30
0.0
 10
22.58512958962001
 20
69.84147338256
 30
0.0
 10
22.56794010914001
 20
69.78990448645996
 30
0.0
 10
22.56794010914001
 20
69.72496587617997
 30
0.0
  0
SPLINE
  5
5F8
330
2AF
100
AcDbEntity
  8
03___PRT_ALL_CURVES
  6
Continuous
 62
     4
100
AcDbSpline
210
0.0
220
0.0
230
1.0
 70
     8
 71
     3
 72
     8
 73
     4
 74
     0
 42
0.0000001
 43
0.0000000001
 40
0.0
 40
0.0
 40
0.0
 40
0.0
 40
1.0
 40
1.0
 40
1.0
 40
1.0
 10
21.32407916786002
 20
66.73301501224
 30
0.0
 10
21.26009555947999
 20
66.68431104309997
 30
0.0
 10
21.19802187616
 20
66.64515685927998
 30
0.0
 10
21.13900477550001
 20
66.61517237771997
 30
0.0
  0
SPLINE
  5
5F9
330
2AF
100
AcDbEntity
  8
03___PRT_ALL_CURVES
  6
Continuous
 62
     4
100
AcDbSpline
210
0.0
220
0.0
230
1.0
 70
     8
 71
     3
 72
     8
 73
     4
 74
     0
 42
0.0000001
 43
0.0000000001
 40
0.0
 40
0.0
 40
0.0
 40
0.0
 40
1.0
 40
1.0
 40
1.0
 40
1.0
 10
21.13900477550001
 20
66.61517237771997
 30
0.0
 10
21.0796044244
 20
66.5849931823
 30
0.0
 10
21.00511600848003
 20
66.55634382887996
 30
0.0
 10
20.91534793300002
 20
66.52960439797997
 30
0.0
  0
SPLINE
  5
5FA
330
2AF
100
AcDbEntity
  8
03___PRT_ALL_CURVES
  6
Continuous
 62
     4
100
AcDbSpline
210
0.0
220
0.0
230
1.0
 70
     8
 71
     3
 72
     8
 73
     4
 74
     0
 42
0.0000001
 43
0.0000000001
 40
0.0
 40
0.0
 40
0.0
 40
0.0
 40
1.0
 40
1.0
 40
1.0
 40
1.0
 10
20.91534793300002
 20
66.84856755735996
 30
0.0
 10
21.04713511925999
 20
66.8905866275
 30
0.0
 10
21.15027291146004
 20
66.94215556423998
 30
0.0
 10
21.2238491702
 20
67.00226686133999
 30
0.0
  0
SPLINE
  5
5FB
330
2AF
100
AcDbEntity
  8
03___PRT_ALL_CURVES
  6
Continuous
 62
     4
100
AcDbSpline
210
0.0
220
0.0
230
1.0
 70
     8
 71
     3
 72
     8
 73
     4
 74
     0
 42
0.0000001
 43
0.0000000001
 40
0.0
 40
0.0
 40
0.0
 40
0.0
 40
1.0
 40
1.0
 40
1.0
 40
1.0
 10
21.2238491702
 20
67.00226686133999
 30
0.0
 10
21.29638477570003
 20
67.06152795439996
 30
0.0
 10
21.35368352572002
 20
67.13601639318
 30
0.0
 10
21.3957026365
 20
67.22387454359998
 30
0.0
  0
SPLINE
  5
5FC
330
2AF
100
AcDbEntity
  8
03___PRT_ALL_CURVES
  6
Continuous
 62
     4
100
AcDbSpline
210
0.0
220
0.0
230
1.0
 70
     8
 71
     3
 72
     8
 73
     4
 74
     0
 42
0.0000001
 43
0.0000000001
 40
0.0
 40
0.0
 40
0.0
 40
0.0
 40
1.0
 40
1.0
 40
1.0
 40
1.0
 10
22.14058671442004
 20
66.50572985339997
 30
0.0
 10
22.14058671442004
 20
66.77121415097994
 30
0.0
 10
22.1883357223
 20
66.95743520347997
 30
0.0
 10
22.28407120520001
 20
67.06418027320001
 30
0.0
  0
SPLINE
  5
5FD
330
2AF
100
AcDbEntity
  8
03___PRT_ALL_CURVES
  6
Continuous
 62
     4
100
AcDbSpline
210
0.0
220
0.0
230
1.0
 70
     8
 71
     3
 72
     8
 73
     4
 74
     0
 42
0.0000001
 43
0.0000000001
 40
0.0
 40
0.0
 40
0.0
 40
0.0
 40
1.0
 40
1.0
 40
1.0
 40
1.0
 10
22.28407120520001
 20
67.06418027320001
 30
0.0
 10
22.37933158364001
 20
67.17039560051998
 30
0.0
 10
22.52544340470001
 20
67.22387454359998
 30
0.0
 10
22.72216920124001
 20
67.22387454359998
 30
0.0
  0
SPLINE
  5
5FE
330
2AF
100
AcDbEntity
  8
03___PRT_ALL_CURVES
  6
Continuous
 62
     4
100
AcDbSpline
210
0.0
220
0.0
230
1.0
 70
     8
 71
     3
 72
     8
 73
     4
 74
     0
 42
0.0000001
 43
0.0000000001
 40
0.0
 40
0.0
 40
0.0
 40
0.0
 40
1.0
 40
1.0
 40
1.0
 40
1.0
 10
22.72216920124001
 20
67.22387454359998
 30
0.0
 10
22.81575729194003
 20
67.22387454359998
 30
0.0
 10
22.89311053067999
 20
67.21145970685996
 30
0.0
 10
22.95416977610003
 20
67.18838222189999
 30
0.0
  0
SPLINE
  5
5FF
330
2AF
100
AcDbEntity
  8
03___PRT_ALL_CURVES
  6
Continuous
 62
     4
100
AcDbSpline
210
0.0
220
0.0
230
1.0
 70
     8
 71
     3
 72
     8
 73
     4
 74
     0
 42
0.0000001
 43
0.0000000001
 40
0.0
 40
0.0
 40
0.0
 40
0.0
 40
1.0
 40
1.0
 40
1.0
 40
1.0
 10
22.95416977610003
 20
67.18838222189999
 30
0.0
 10
23.01439301354003
 20
67.16562070785997
 30
0.0
 10
23.06405186012
 20
67.13506143191998
 30
0.0
 10
23.10225105982005
 20
67.09781723411999
 30
0.0
  0
SPLINE
  5
600
330
2AF
100
AcDbEntity
  8
03___PRT_ALL_CURVES
  6
Continuous
 62
     4
100
AcDbSpline
210
0.0
220
0.0
230
1.0
 70
     8
 71
     3
 72
     8
 73
     4
 74
     0
 42
0.0000001
 43
0.0000000001
 40
0.0
 40
0.0
 40
0.0
 40
0.0
 40
1.0
 40
1.0
 40
1.0
 40
1.0
 10
23.10225105982005
 20
67.09781723411999
 30
0.0
 10
23.14045030523999
 20
67.06057299314
 30
0.0
 10
23.17005461992002
 20
67.02141880932001
 30
0.0
 10
23.19201914038001
 20
66.98035473600001
 30
0.0
  0
SPLINE
  5
601
330
2AF
100
AcDbEntity
  8
03___PRT_ALL_CURVES
  6
Continuous
 62
     4
100
AcDbSpline
210
0.0
220
0.0
230
1.0
 70
     8
 71
     3
 72
     8
 73
     4
 74
     0
 42
0.0000001
 43
0.0000000001
 40
0.0
 40
0.0
 40
0.0
 40
0.0
 40
1.0
 40
1.0
 40
1.0
 40
1.0
 10
23.19201914038001
 20
66.98035473600001
 30
0.0
 10
23.21398369639999
 20
66.93929059409999
 30
0.0
 10
23.23212830323999
 20
66.89154158875996
 30
0.0
 10
23.24549260214002
 20
66.83710645506
 30
0.0
  0
SPLINE
  5
602
330
2AF
100
AcDbEntity
  8
03___PRT_ALL_CURVES
  6
Continuous
 62
     4
100
AcDbSpline
210
0.0
220
0.0
230
1.0
 70
     8
 71
     3
 72
     8
 73
     4
 74
     0
 42
0.0000001
 43
0.0000000001
 40
0.0
 40
0.0
 40
0.0
 40
0.0
 40
1.0
 40
1.0
 40
1.0
 40
1.0
 10
23.24549260214002
 20
66.83710645506
 30
0.0
 10
23.27128240323998
 20
66.73206005097995
 30
0.0
 10
23.28465220378001
 20
66.62319232104
 30
0.0
 10
23.28465220378001
 20
66.51050474606001
 30
0.0
  0
SPLINE
  5
603
330
2AF
100
AcDbEntity
  8
03___PRT_ALL_CURVES
  6
Continuous
 62
     4
100
AcDbSpline
210
0.0
220
0.0
230
1.0
 70
     8
 71
     3
 72
     8
 73
     4
 74
     0
 42
0.0000001
 43
0.0000000001
 40
0.0
 40
0.0
 40
0.0
 40
0.0
 40
1.0
 40
1.0
 40
1.0
 40
1.0
 10
23.28465220378001
 20
66.51050474606001
 30
0.0
 10
23.28465220378001
 20
66.25648019950003
 30
0.0
 10
23.24167808856001
 20
66.07025921050001
 30
0.0
 10
23.15595702302002
 20
65.95263084021997
 30
0.0
  0
SPLINE
  5
604
330
2AF
100
AcDbEntity
  8
03___PRT_ALL_CURVES
  6
Continuous
 62
     4
100
AcDbSpline
210
0.0
220
0.0
230
1.0
 70
     8
 71
     3
 72
     8
 73
     4
 74
     0
 42
0.0000001
 43
0.0000000001
 40
0.0
 40
0.0
 40
0.0
 40
0.0
 40
1.0
 40
1.0
 40
1.0
 40
1.0
 10
23.15595702302002
 20
65.95263084021997
 30
0.0
 10
23.06978179786003
 20
65.83437926316
 30
0.0
 10
22.9217598841
 20
65.77612551124
 30
0.0
 10
22.71166445466
 20
65.77612551124
 30
0.0
  0
SPLINE
  5
605
330
2AF
100
AcDbEntity
  8
03___PRT_ALL_CURVES
  6
Continuous
 62
     4
100
AcDbSpline
210
0.0
220
0.0
230
1.0
 70
     8
 71
     3
 72
     8
 73
     4
 74
     0
 42
0.0000001
 43
0.0000000001
 40
0.0
 40
0.0
 40
0.0
 40
0.0
 40
1.0
 40
1.0
 40
1.0
 40
1.0
 10
22.71166445466
 20
65.77612551124
 30
0.0
 10
22.59324702576001
 20
65.77612551124
 30
0.0
 10
22.49870397380002
 20
65.79522510219999
 30
0.0
 10
22.42612554390001
 20
65.83246930507997
 30
0.0
  0
SPLINE
  5
606
330
2AF
100
AcDbEntity
  8
03___PRT_ALL_CURVES
  6
Continuous
 62
     4
100
AcDbSpline
210
0.0
220
0.0
230
1.0
 70
     8
 71
     3
 72
     8
 73
     4
 74
     0
 42
0.0000001
 43
0.0000000001
 40
0.0
 40
0.0
 40
0.0
 40
0.0
 40
1.0
 40
1.0
 40
1.0
 40
1.0
 10
22.42612554390001
 20
65.83246930507997
 30
0.0
 10
22.35354711400004
 20
65.86971350795997
 30
0.0
 10
22.2933833532
 20
65.92510231767997
 30
0.0
 10
22.24679559014001
 20
65.99720241732001
 30
0.0
  0
SPLINE
  5
607
330
2AF
100
AcDbEntity
  8
03___PRT_ALL_CURVES
  6
Continuous
 62
     4
100
AcDbSpline
210
0.0
220
0.0
230
1.0
 70
     8
 71
     3
 72
     8
 73
     4
 74
     0
 42
0.0000001
 43
0.0000000001
 40
0.0
 40
0.0
 40
0.0
 40
0.0
 40
1.0
 40
1.0
 40
1.0
 40
1.0
 10
22.24679559014001
 20
65.99720241732001
 30
0.0
 10
22.21316506304001
 20
66.04924965383998
 30
0.0
 10
22.18738076104003
 20
66.11896315677998
 30
0.0
 10
22.16828114467998
 20
66.20873126020001
 30
0.0
  0
SPLINE
  5
608
330
2AF
100
AcDbEntity
  8
03___PRT_ALL_CURVES
  6
Continuous
 62
     4
100
AcDbSpline
210
0.0
220
0.0
230
1.0
 70
     8
 71
     3
 72
     8
 73
     4
 74
     0
 42
0.0000001
 43
0.0000000001
 40
0.0
 40
0.0
 40
0.0
 40
0.0
 40
1.0
 40
1.0
 40
1.0
 40
1.0
 10
22.16828114467998
 20
66.20873126020001
 30
0.0
 10
22.14918153848004
 20
66.29849931027996
 30
0.0
 10
22.14058671442004
 20
66.39686220982
 30
0.0
 10
22.14058671442004
 20
66.50572985339997
 30
0.0
  0
SPLINE
  5
609
330
2AF
100
AcDbEntity
  8
03___PRT_ALL_CURVES
  6
Continuous
 62
     4
100
AcDbSpline
210
0.0
220
0.0
230
1.0
 70
     8
 71
     3
 72
     8
 73
     4
 74
     0
 42
0.0000001
 43
0.0000000001
 40
0.0
 40
0.0
 40
0.0
 40
0.0
 40
1.0
 40
1.0
 40
1.0
 40
1.0
 10
22.52639836596003
 20
66.50477489214
 30
0.0
 10
22.52639836596003
 20
66.32619374307998
 30
0.0
 10
22.54167808902002
 20
66.20395634214
 30
0.0
 10
22.57319242782003
 20
66.13901769884001
 30
0.0
  0
SPLINE
  5
60A
330
2AF
100
AcDbEntity
  8
03___PRT_ALL_CURVES
  6
Continuous
 62
     4
100
AcDbSpline
210
0.0
220
0.0
230
1.0
 70
     8
 71
     3
 72
     8
 73
     4
 74
     0
 42
0.0000001
 43
0.0000000001
 40
0.0
 40
0.0
 40
0.0
 40
0.0
 40
1.0
 40
1.0
 40
1.0
 40
1.0
 10
22.57319242782003
 20
66.13901769884001
 30
0.0
 10
22.60470673360001
 20
66.07407911904002
 30
0.0
 10
22.65054573259999
 20
66.04160981389998
 30
0.0
 10
22.71070949340003
 20
66.04160981389998
 30
0.0
  0
SPLINE
  5
60B
330
2AF
100
AcDbEntity
  8
03___PRT_ALL_CURVES
  6
Continuous
 62
     4
100
AcDbSpline
210
0.0
220
0.0
230
1.0
 70
     8
 71
     3
 72
     8
 73
     4
 74
     0
 42
0.0000001
 43
0.0000000001
 40
0.0
 40
0.0
 40
0.0
 40
0.0
 40
1.0
 40
1.0
 40
1.0
 40
1.0
 10
22.71070949340003
 20
66.04160981389998
 30
0.0
 10
22.74986359340002
 20
66.04160981389998
 30
0.0
 10
22.78424288710002
 20
66.05497953062002
 30
0.0
 10
22.81289224052
 20
66.08267394310002
 30
0.0
  0
SPLINE
  5
60C
330
2AF
100
AcDbEntity
  8
03___PRT_ALL_CURVES
  6
Continuous
 62
     4
100
AcDbSpline
210
0.0
220
0.0
230
1.0
 70
     8
 71
     3
 72
     8
 73
     4
 74
     0
 42
0.0000001
 43
0.0000000001
 40
0.0
 40
0.0
 40
0.0
 40
0.0
 40
1.0
 40
1.0
 40
1.0
 40
1.0
 10
22.81289224052
 20
66.08267394310002
 30
0.0
 10
22.84154159394001
 20
66.11036835558
 30
0.0
 10
22.86350621600002
 20
66.15429741174
 30
0.0
 10
22.87697779688003
 20
66.21443838366
 30
0.0
  0
SPLINE
  5
60D
330
2AF
100
AcDbEntity
  8
03___PRT_ALL_CURVES
  6
Continuous
 62
     4
100
AcDbSpline
210
0.0
220
0.0
230
1.0
 70
     8
 71
     3
 72
     8
 73
     4
 74
     0
 42
0.0000001
 43
0.0000000001
 40
0.0
 40
0.0
 40
0.0
 40
0.0
 40
1.0
 40
1.0
 40
1.0
 40
1.0
 10
22.87697779688003
 20
66.21443838366
 30
0.0
 10
22.89024564690001
 20
66.27366984508001
 30
0.0
 10
22.89788550716
 20
66.36725785195998
 30
0.0
 10
22.89788550716
 20
66.49427010491996
 30
0.0
  0
SPLINE
  5
60E
330
2AF
100
AcDbEntity
  8
03___PRT_ALL_CURVES
  6
Continuous
 62
     4
100
AcDbSpline
210
0.0
220
0.0
230
1.0
 70
     8
 71
     3
 72
     8
 73
     4
 74
     0
 42
0.0000001
 43
0.0000000001
 40
0.0
 40
0.0
 40
0.0
 40
0.0
 40
1.0
 40
1.0
 40
1.0
 40
1.0
 10
22.89788550716
 20
66.49427010491996
 30
0.0
 10
22.89788550716
 20
66.67953615043996
 30
0.0
 10
22.88165082284004
 20
66.80463848087999
 30
0.0
 10
22.85013648404004
 20
66.86862212227999
 30
0.0
  0
SPLINE
  5
60F
330
2AF
100
AcDbEntity
  8
03___PRT_ALL_CURVES
  6
Continuous
 62
     4
100
AcDbSpline
210
0.0
220
0.0
230
1.0
 70
     8
 71
     3
 72
     8
 73
     4
 74
     0
 42
0.0000001
 43
0.0000000001
 40
0.0
 40
0.0
 40
0.0
 40
0.0
 40
1.0
 40
1.0
 40
1.0
 40
1.0
 10
22.85013648404004
 20
66.86862212227999
 30
0.0
 10
22.81862217826003
 20
66.9326056951
 30
0.0
 10
22.77182821546003
 20
66.96507506373999
 30
0.0
 10
22.70879957088002
 20
66.96507506373999
 30
0.0
  0
SPLINE
  5
610
330
2AF
100
AcDbEntity
  8
03___PRT_ALL_CURVES
  6
Continuous
 62
     4
100
AcDbSpline
210
0.0
220
0.0
230
1.0
 70
     8
 71
     3
 72
     8
 73
     4
 74
     0
 42
0.0000001
 43
0.0000000001
 40
0.0
 40
0.0
 40
0.0
 40
0.0
 40
1.0
 40
1.0
 40
1.0
 40
1.0
 10
22.70879957088002
 20
66.96507506373999
 30
0.0
 10
22.6438608336
 20
66.96507506373999
 30
0.0
 10
22.59802183460002
 20
66.93165073383997
 30
0.0
 10
22.56937249642004
 20
66.86671215658001
 30
0.0
  0
SPLINE
  5
611
330
2AF
100
AcDbEntity
  8
03___PRT_ALL_CURVES
  6
Continuous
 62
     4
100
AcDbSpline
210
0.0
220
0.0
230
1.0
 70
     8
 71
     3
 72
     8
 73
     4
 74
     0
 42
0.0000001
 43
0.0000000001
 40
0.0
 40
0.0
 40
0.0
 40
0.0
 40
1.0
 40
1.0
 40
1.0
 40
1.0
 10
22.56937249642004
 20
66.86671215658001
 30
0.0
 10
22.54072312776003
 20
66.80177351328001
 30
0.0
 10
22.52639836596003
 20
66.68049111423997
 30
0.0
 10
22.52639836596003
 20
66.50477489214
 30
0.0
  0
SPLINE
  5
612
330
2AF
100
AcDbEntity
  8
03___PRT_ALL_CURVES
  6
Continuous
 62
     4
100
AcDbSpline
210
0.0
220
0.0
230
1.0
 70
     8
 71
     3
 72
     8
 73
     4
 74
     0
 42
0.0000001
 43
0.0000000001
 40
0.0
 40
0.0
 40
0.0
 40
0.0
 40
1.0
 40
1.0
 40
1.0
 40
1.0
 10
21.32694400592001
 20
63.23301501200001
 30
0.0
 10
21.26296039754004
 20
63.18431104285997
 30
0.0
 10
21.20088671422002
 20
63.14515685904001
 30
0.0
 10
21.14186961102001
 20
63.11517238002003
 30
0.0
  0
SPLINE
  5
613
330
2AF
100
AcDbEntity
  8
03___PRT_ALL_CURVES
  6
Continuous
 62
     4
100
AcDbSpline
210
0.0
220
0.0
230
1.0
 70
     8
 71
     3
 72
     8
 73
     4
 74
     0
 42
0.0000001
 43
0.0000000001
 40
0.0
 40
0.0
 40
0.0
 40
0.0
 40
1.0
 40
1.0
 40
1.0
 40
1.0
 10
21.14186961102001
 20
63.11517238002003
 30
0.0
 10
21.08246926246002
 20
63.08499318459999
 30
0.0
 10
21.00798084654002
 20
63.05634382864002
 30
0.0
 10
20.91821277106001
 20
63.02960439773997
 30
0.0
  0
SPLINE
  5
614
330
2AF
100
AcDbEntity
  8
03___PRT_ALL_CURVES
  6
Continuous
 62
     4
100
AcDbSpline
210
0.0
220
0.0
230
1.0
 70
     8
 71
     3
 72
     8
 73
     4
 74
     0
 42
0.0000001
 43
0.0000000001
 40
0.0
 40
0.0
 40
0.0
 40
0.0
 40
1.0
 40
1.0
 40
1.0
 40
1.0
 10
20.91821277106001
 20
63.34856755711999
 30
0.0
 10
21.04999995732001
 20
63.39058662726001
 30
0.0
 10
21.15313774952
 20
63.44215556400002
 30
0.0
 10
21.22671400572
 20
63.5022668611
 30
0.0
  0
SPLINE
  5
615
330
2AF
100
AcDbEntity
  8
03___PRT_ALL_CURVES
  6
Continuous
 62
     4
100
AcDbSpline
210
0.0
220
0.0
230
1.0
 70
     8
 71
     3
 72
     8
 73
     4
 74
     0
 42
0.0000001
 43
0.0000000001
 40
0.0
 40
0.0
 40
0.0
 40
0.0
 40
1.0
 40
1.0
 40
1.0
 40
1.0
 10
21.22671400572
 20
63.5022668611
 30
0.0
 10
21.29924961376
 20
63.56152795416
 30
0.0
 10
21.35654836378001
 20
63.63601639293998
 30
0.0
 10
21.39856747456002
 20
63.72387454589997
 30
0.0
  0
SPLINE
  5
616
330
2AF
100
AcDbEntity
  8
03___PRT_ALL_CURVES
  6
Continuous
 62
     4
100
AcDbSpline
210
0.0
220
0.0
230
1.0
 70
     8
 71
     3
 72
     8
 73
     4
 74
     0
 42
0.0000001
 43
0.0000000001
 40
0.0
 40
0.0
 40
0.0
 40
0.0
 40
1.0
 40
1.0
 40
1.0
 40
1.0
 10
22.11480211524
 20
62.29999999969999
 30
0.0
 10
22.12817183196
 20
62.41459754037999
 30
0.0
 10
22.16828097704001
 20
62.52346520681999
 30
0.0
 10
22.2360845346
 20
62.62469307395997
 30
0.0
  0
SPLINE
  5
617
330
2AF
100
AcDbEntity
  8
03___PRT_ALL_CURVES
  6
Continuous
 62
     4
100
AcDbSpline
210
0.0
220
0.0
230
1.0
 70
     8
 71
     3
 72
     8
 73
     4
 74
     0
 42
0.0000001
 43
0.0000000001
 40
0.0
 40
0.0
 40
0.0
 40
0.0
 40
1.0
 40
1.0
 40
1.0
 40
1.0
 10
22.2360845346
 20
62.62469307395997
 30
0.0
 10
22.30388805152003
 20
62.72592088013997
 30
0.0
 10
22.43090030448002
 20
62.84624827473999
 30
0.0
 10
22.61808648077999
 20
62.98470658050002
 30
0.0
  0
SPLINE
  5
618
330
2AF
100
AcDbEntity
  8
03___PRT_ALL_CURVES
  6
Continuous
 62
     4
100
AcDbSpline
210
0.0
220
0.0
230
1.0
 70
     8
 71
     3
 72
     8
 73
     4
 74
     0
 42
0.0000001
 43
0.0000000001
 40
0.0
 40
0.0
 40
0.0
 40
0.0
 40
1.0
 40
1.0
 40
1.0
 40
1.0
 10
22.61808648077999
 20
62.98470658050002
 30
0.0
 10
22.73171893829999
 20
63.06875850027998
 30
0.0
 10
22.80429736820003
 20
63.13369715120001
 30
0.0
 10
22.83645550048001
 20
63.17785457621997
 30
0.0
  0
SPLINE
  5
619
330
2AF
100
AcDbEntity
  8
03___PRT_ALL_CURVES
  6
Continuous
 62
     4
100
AcDbSpline
210
0.0
220
0.0
230
1.0
 70
     8
 71
     3
 72
     8
 73
     4
 74
     0
 42
0.0000001
 43
0.0000000001
 40
0.0
 40
0.0
 40
0.0
 40
0.0
 40
1.0
 40
1.0
 40
1.0
 40
1.0
 10
22.83645550048001
 20
63.17785457621997
 30
0.0
 10
22.86828097658
 20
63.22155522034001
 30
0.0
 10
22.88451566090001
 20
63.26261941049998
 30
0.0
 10
22.88451566090001
 20
63.30272847430001
 30
0.0
  0
SPLINE
  5
61A
330
2AF
100
AcDbEntity
  8
03___PRT_ALL_CURVES
  6
Continuous
 62
     4
100
AcDbSpline
210
0.0
220
0.0
230
1.0
 70
     8
 71
     3
 72
     8
 73
     4
 74
     0
 42
0.0000001
 43
0.0000000001
 40
0.0
 40
0.0
 40
0.0
 40
0.0
 40
1.0
 40
1.0
 40
1.0
 40
1.0
 10
22.88451566090001
 20
63.30272847430001
 30
0.0
 10
22.88451566090001
 20
63.34474762572
 30
0.0
 10
22.86828097658
 20
63.38103684193999
 30
0.0
 10
22.83676669620002
 20
63.41159616106
 30
0.0
  0
SPLINE
  5
61B
330
2AF
100
AcDbEntity
  8
03___PRT_ALL_CURVES
  6
Continuous
 62
     4
100
AcDbSpline
210
0.0
220
0.0
230
1.0
 70
     8
 71
     3
 72
     8
 73
     4
 74
     0
 42
0.0000001
 43
0.0000000001
 40
0.0
 40
0.0
 40
0.0
 40
0.0
 40
1.0
 40
1.0
 40
1.0
 40
1.0
 10
22.83676669620002
 20
63.41159616106
 30
0.0
 10
22.80525233200004
 20
63.44215556400002
 30
0.0
 10
22.76609822946003
 20
63.45743520324001
 30
0.0
 10
22.71834914030001
 20
63.45743520324001
 30
0.0
  0
SPLINE
  5
61C
330
2AF
100
AcDbEntity
  8
03___PRT_ALL_CURVES
  6
Continuous
 62
     4
100
AcDbSpline
210
0.0
220
0.0
230
1.0
 70
     8
 71
     3
 72
     8
 73
     4
 74
     0
 42
0.0000001
 43
0.0000000001
 40
0.0
 40
0.0
 40
0.0
 40
0.0
 40
1.0
 40
1.0
 40
1.0
 40
1.0
 10
22.71834914030001
 20
63.45743520324001
 30
0.0
 10
22.66869029372003
 20
63.45743520324001
 30
0.0
 10
22.62762610356003
 20
63.44120051892
 30
0.0
 10
22.59634963829998
 20
63.4103979313
 30
0.0
  0
SPLINE
  5
61D
330
2AF
100
AcDbEntity
  8
03___PRT_ALL_CURVES
  6
Continuous
 62
     4
100
AcDbSpline
210
0.0
220
0.0
230
1.0
 70
     8
 71
     3
 72
     8
 73
     4
 74
     0
 42
0.0000001
 43
0.0000000001
 40
0.0
 40
0.0
 40
0.0
 40
0.0
 40
1.0
 40
1.0
 40
1.0
 40
1.0
 10
22.59634963829998
 20
63.4103979313
 30
0.0
 10
22.56459745644003
 20
63.3791268356
 30
0.0
 10
22.54358796328
 20
63.32373805127997
 30
0.0
 10
22.53308321670002
 20
63.24542976491998
 30
0.0
  0
SPLINE
  5
61E
330
2AF
100
AcDbEntity
  8
03___PRT_ALL_CURVES
  6
Continuous
 62
     4
100
AcDbSpline
210
0.0
220
0.0
230
1.0
 70
     8
 71
     3
 72
     8
 73
     4
 74
     0
 42
0.0000001
 43
0.0000000001
 40
0.0
 40
0.0
 40
0.0
 40
0.0
 40
1.0
 40
1.0
 40
1.0
 40
1.0
 10
22.14345155248
 20
63.27694408847998
 30
0.0
 10
22.15873119171999
 20
63.3858117346
 30
0.0
 10
22.18642558388001
 20
63.47175987867999
 30
0.0
 10
22.22715897206001
 20
63.53309956550001
 30
0.0
  0
SPLINE
  5
61F
330
2AF
100
AcDbEntity
  8
03___PRT_ALL_CURVES
  6
Continuous
 62
     4
100
AcDbSpline
210
0.0
220
0.0
230
1.0
 70
     8
 71
     3
 72
     8
 73
     4
 74
     0
 42
0.0000001
 43
0.0000000001
 40
0.0
 40
0.0
 40
0.0
 40
0.0
 40
1.0
 40
1.0
 40
1.0
 40
1.0
 10
22.22715897206001
 20
63.53309956550001
 30
0.0
 10
22.26759883784001
 20
63.59399723897999
 30
0.0
 10
22.32489771232002
 20
63.64174624686001
 30
0.0
 10
22.39938604950004
 20
63.67421556723997
 30
0.0
  0
SPLINE
  5
620
330
2AF
100
AcDbEntity
  8
03___PRT_ALL_CURVES
  6
Continuous
 62
     4
100
AcDbSpline
210
0.0
220
0.0
230
1.0
 70
     8
 71
     3
 72
     8
 73
     4
 74
     0
 42
0.0000001
 43
0.0000000001
 40
0.0
 40
0.0
 40
0.0
 40
0.0
 40
1.0
 40
1.0
 40
1.0
 40
1.0
 10
22.39938604950004
 20
63.67421556723997
 30
0.0
 10
22.4738744197
 20
63.70668490032
 30
0.0
 10
22.57605733192003
 20
63.72387454589997
 30
0.0
 10
22.70784439372002
 20
63.72387454589997
 30
0.0
  0
SPLINE
  5
621
330
2AF
100
AcDbEntity
  8
03___PRT_ALL_CURVES
  6
Continuous
 62
     4
100
AcDbSpline
210
0.0
220
0.0
230
1.0
 70
     8
 71
     3
 72
     8
 73
     4
 74
     0
 42
0.0000001
 43
0.0000000001
 40
0.0
 40
0.0
 40
0.0
 40
0.0
 40
1.0
 40
1.0
 40
1.0
 40
1.0
 10
22.70784439372002
 20
63.72387454589997
 30
0.0
 10
22.84440643200003
 20
63.72387454589997
 30
0.0
 10
22.95040919180002
 20
63.70763986158002
 30
0.0
 10
23.02664222704001
 20
63.67667018259999
 30
0.0
  0
SPLINE
  5
622
330
2AF
100
AcDbEntity
  8
03___PRT_ALL_CURVES
  6
Continuous
 62
     4
100
AcDbSpline
210
0.0
220
0.0
230
1.0
 70
     8
 71
     3
 72
     8
 73
     4
 74
     0
 42
0.0000001
 43
0.0000000001
 40
0.0
 40
0.0
 40
0.0
 40
0.0
 40
1.0
 40
1.0
 40
1.0
 40
1.0
 10
23.02664222704001
 20
63.67667018259999
 30
0.0
 10
23.10320591186004
 20
63.64556617826
 30
0.0
 10
23.16241471140003
 20
63.59781717037998
 30
0.0
 10
23.20634376755999
 20
63.53287858804001
 30
0.0
  0
SPLINE
  5
623
330
2AF
100
AcDbEntity
  8
03___PRT_ALL_CURVES
  6
Continuous
 62
     4
100
AcDbSpline
210
0.0
220
0.0
230
1.0
 70
     8
 71
     3
 72
     8
 73
     4
 74
     0
 42
0.0000001
 43
0.0000000001
 40
0.0
 40
0.0
 40
0.0
 40
0.0
 40
1.0
 40
1.0
 40
1.0
 40
1.0
 10
23.20634376755999
 20
63.53287858804001
 30
0.0
 10
23.25027286436003
 20
63.46793994981999
 30
0.0
 10
23.27223731877999
 20
63.39631648118001
 30
0.0
 10
23.27223731877999
 20
63.31609818847997
 30
0.0
  0
SPLINE
  5
624
330
2AF
100
AcDbEntity
  8
03___PRT_ALL_CURVES
  6
Continuous
 62
     4
100
AcDbSpline
210
0.0
220
0.0
230
1.0
 70
     8
 71
     3
 72
     8
 73
     4
 74
     0
 42
0.0000001
 43
0.0000000001
 40
0.0
 40
0.0
 40
0.0
 40
0.0
 40
1.0
 40
1.0
 40
1.0
 40
1.0
 10
23.27223731877999
 20
63.31609818847997
 30
0.0
 10
23.27223731877999
 20
63.23015004439998
 30
0.0
 10
23.24645284914001
 20
63.14897679043997
 30
0.0
 10
23.19701027086001
 20
63.07148505566002
 30
0.0
  0
SPLINE
  5
625
330
2AF
100
AcDbEntity
  8
03___PRT_ALL_CURVES
  6
Continuous
 62
     4
100
AcDbSpline
210
0.0
220
0.0
230
1.0
 70
     8
 71
     3
 72
     8
 73
     4
 74
     0
 42
0.0000001
 43
0.0000000001
 40
0.0
 40
0.0
 40
0.0
 40
0.0
 40
1.0
 40
1.0
 40
1.0
 40
1.0
 10
23.19701027086001
 20
63.07148505566002
 30
0.0
 10
23.14713498834001
 20
62.99331514087999
 30
0.0
 10
23.05641195160001
 20
62.90832195805999
 30
0.0
 10
22.92444504510001
 20
62.81594510954002
 30
0.0
  0
LINE
  5
626
330
2AF
100
AcDbEntity
  8
03___PRT_ALL_CURVES
  6
Continuous
 62
     4
100
AcDbLine
 10
22.92444504510001
 20
62.81594510954002
 30
0.0
 11
22.76728474727997
 21
62.70175496708001
 31
0.0
  0
LINE
  5
627
330
2AF
100
AcDbEntity
  8
03___PRT_ALL_CURVES
  6
Continuous
 62
     4
100
AcDbLine
 10
22.76728474727997
 20
62.70175496708001
 30
0.0
 11
22.67442006382004
 21
62.61705321370002
 31
0.0
  0
SPLINE
  5
628
330
2AF
100
AcDbEntity
  8
03___PRT_ALL_CURVES
  6
Continuous
 62
     4
100
AcDbSpline
210
0.0
220
0.0
230
1.0
 70
     8
 71
     3
 72
     8
 73
     4
 74
     0
 42
0.0000001
 43
0.0000000001
 40
0.0
 40
0.0
 40
0.0
 40
0.0
 40
1.0
 40
1.0
 40
1.0
 40
1.0
 10
21.30450202134006
 20
59.73301501175999
 30
0.0
 10
21.24051841550002
 20
59.68431104516
 30
0.0
 10
21.17844472964001
 20
59.64515686134001
 30
0.0
 10
21.11942762898002
 20
59.61517237977998
 30
0.0
  0
SPLINE
  5
629
330
2AF
100
AcDbEntity
  8
03___PRT_ALL_CURVES
  6
Continuous
 62
     4
100
AcDbSpline
210
0.0
220
0.0
230
1.0
 70
     8
 71
     3
 72
     8
 73
     4
 74
     0
 42
0.0000001
 43
0.0000000001
 40
0.0
 40
0.0
 40
0.0
 40
0.0
 40
1.0
 40
1.0
 40
1.0
 40
1.0
 10
21.11942762898002
 20
59.61517237977998
 30
0.0
 10
21.06002728042003
 20
59.58499318435997
 30
0.0
 10
20.9855388645
 20
59.55634382839995
 30
0.0
 10
20.89577078901999
 20
59.52960440004
 30
0.0
  0
SPLINE
  5
62A
330
2AF
100
AcDbEntity
  8
03___PRT_ALL_CURVES
  6
Continuous
 62
     4
100
AcDbSpline
210
0.0
220
0.0
230
1.0
 70
     8
 71
     3
 72
     8
 73
     4
 74
     0
 42
0.0000001
 43
0.0000000001
 40
0.0
 40
0.0
 40
0.0
 40
0.0
 40
1.0
 40
1.0
 40
1.0
 40
1.0
 10
20.89577078901999
 20
59.84856755688
 30
0.0
 10
21.02755797528002
 20
59.89058662701999
 30
0.0
 10
21.13069576494004
 20
59.94215556376
 30
0.0
 10
21.20427202368003
 20
60.00226686085998
 30
0.0
  0
SPLINE
  5
62B
330
2AF
100
AcDbEntity
  8
03___PRT_ALL_CURVES
  6
Continuous
 62
     4
100
AcDbSpline
210
0.0
220
0.0
230
1.0
 70
     8
 71
     3
 72
     8
 73
     4
 74
     0
 42
0.0000001
 43
0.0000000001
 40
0.0
 40
0.0
 40
0.0
 40
0.0
 40
1.0
 40
1.0
 40
1.0
 40
1.0
 10
21.20427202368003
 20
60.00226686085998
 30
0.0
 10
21.27680762917998
 20
60.06152795645997
 30
0.0
 10
21.33410637919999
 20
60.13601639269999
 30
0.0
 10
21.37612548998001
 20
60.22387454566001
 30
0.0
  0
SPLINE
  5
62C
330
2AF
100
AcDbEntity
  8
03___PRT_ALL_CURVES
  6
Continuous
 62
     4
100
AcDbSpline
210
0.0
220
0.0
230
1.0
 70
     8
 71
     3
 72
     8
 73
     4
 74
     0
 42
0.0000001
 43
0.0000000001
 40
0.0
 40
0.0
 40
0.0
 40
0.0
 40
1.0
 40
1.0
 40
1.0
 40
1.0
 10
21.31834925298
 20
56.23301501152
 30
0.0
 10
21.25436564714002
 20
56.18431104491995
 30
0.0
 10
21.19229196382003
 20
56.14515686109999
 30
0.0
 10
21.13327486062002
 20
56.11517237954001
 30
0.0
  0
SPLINE
  5
62D
330
2AF
100
AcDbEntity
  8
03___PRT_ALL_CURVES
  6
Continuous
 62
     4
100
AcDbSpline
210
0.0
220
0.0
230
1.0
 70
     8
 71
     3
 72
     8
 73
     4
 74
     0
 42
0.0000001
 43
0.0000000001
 40
0.0
 40
0.0
 40
0.0
 40
0.0
 40
1.0
 40
1.0
 40
1.0
 40
1.0
 10
21.13327486062002
 20
56.11517237954001
 30
0.0
 10
21.07387451206003
 20
56.08499318412001
 30
0.0
 10
20.99938609614003
 20
56.05634382816001
 30
0.0
 10
20.90961802065999
 20
56.02960439980001
 30
0.0
  0
SPLINE
  5
62E
330
2AF
100
AcDbEntity
  8
03___PRT_ALL_CURVES
  6
Continuous
 62
     4
100
AcDbSpline
210
0.0
220
0.0
230
1.0
 70
     8
 71
     3
 72
     8
 73
     4
 74
     0
 42
0.0000001
 43
0.0000000001
 40
0.0
 40
0.0
 40
0.0
 40
0.0
 40
1.0
 40
1.0
 40
1.0
 40
1.0
 10
20.90961802065999
 20
56.34856755663998
 30
0.0
 10
21.04140520692002
 20
56.39058662677999
 30
0.0
 10
21.14454299658001
 20
56.44215556352
 30
0.0
 10
21.21811925532003
 20
56.50226686315997
 30
0.0
  0
SPLINE
  5
62F
330
2AF
100
AcDbEntity
  8
03___PRT_ALL_CURVES
  6
Continuous
 62
     4
100
AcDbSpline
210
0.0
220
0.0
230
1.0
 70
     8
 71
     3
 72
     8
 73
     4
 74
     0
 42
0.0000001
 43
0.0000000001
 40
0.0
 40
0.0
 40
0.0
 40
0.0
 40
1.0
 40
1.0
 40
1.0
 40
1.0
 10
21.21811925532003
 20
56.50226686315997
 30
0.0
 10
21.29065486082004
 20
56.56152795622
 30
0.0
 10
21.34795361084002
 20
56.63601639245996
 30
0.0
 10
21.38997272162004
 20
56.72387454541996
 30
0.0
  0
SPLINE
  5
630
330
2AF
100
AcDbEntity
  8
03___PRT_ALL_CURVES
  6
Continuous
 62
     4
100
AcDbSpline
210
0.0
220
0.0
230
1.0
 70
     8
 71
     3
 72
     8
 73
     4
 74
     0
 42
0.0000001
 43
0.0000000001
 40
0.0
 40
0.0
 40
0.0
 40
0.0
 40
1.0
 40
1.0
 40
1.0
 40
1.0
 10
22.87401098544004
 20
56.33710776497998
 30
0.0
 10
22.86350607122
 20
56.39058662677999
 30
0.0
 10
22.84631659327999
 20
56.42878584933999
 30
0.0
 10
22.82220243271999
 20
56.45145310652001
 30
0.0
  0
SPLINE
  5
631
330
2AF
100
AcDbEntity
  8
03___PRT_ALL_CURVES
  6
Continuous
 62
     4
100
AcDbSpline
210
0.0
220
0.0
230
1.0
 70
     8
 71
     3
 72
     8
 73
     4
 74
     0
 42
0.0000001
 43
0.0000000001
 40
0.0
 40
0.0
 40
0.0
 40
0.0
 40
1.0
 40
1.0
 40
1.0
 40
1.0
 10
22.82220243271999
 20
56.45145310652001
 30
0.0
 10
22.79856750412
 20
56.47366988708001
 30
0.0
 10
22.76896318690004
 20
56.48512959491995
 30
0.0
 10
22.73458389574003
 20
56.48512959491995
 30
0.0
  0
SPLINE
  5
632
330
2AF
100
AcDbEntity
  8
03___PRT_ALL_CURVES
  6
Continuous
 62
     4
100
AcDbSpline
210
0.0
220
0.0
230
1.0
 70
     8
 71
     3
 72
     8
 73
     4
 74
     0
 42
0.0000001
 43
0.0000000001
 40
0.0
 40
0.0
 40
0.0
 40
0.0
 40
1.0
 40
1.0
 40
1.0
 40
1.0
 10
22.73458389574003
 20
56.48512959491995
 30
0.0
 10
22.67155525116002
 20
56.48512959491995
 30
0.0
 10
22.62189640458001
 20
56.45266031009999
 30
0.0
 10
22.58717005290001
 20
56.38982221377998
 30
0.0
  0
SPLINE
  5
633
330
2AF
100
AcDbEntity
  8
03___PRT_ALL_CURVES
  6
Continuous
 62
     4
100
AcDbSpline
210
0.0
220
0.0
230
1.0
 70
     8
 71
     3
 72
     8
 73
     4
 74
     0
 42
0.0000001
 43
0.0000000001
 40
0.0
 40
0.0
 40
0.0
 40
0.0
 40
1.0
 40
1.0
 40
1.0
 40
1.0
 10
22.58717005290001
 20
56.38982221377998
 30
0.0
 10
22.56173264378
 20
56.34379266397997
 30
0.0
 10
22.54263307314
 20
56.24542976697995
 30
0.0
 10
22.53117320019999
 20
56.09549793069999
 30
0.0
  0
SPLINE
  5
634
330
2AF
100
AcDbEntity
  8
03___PRT_ALL_CURVES
  6
Continuous
 62
     4
100
AcDbSpline
210
0.0
220
0.0
230
1.0
 70
     8
 71
     3
 72
     8
 73
     4
 74
     0
 42
0.0000001
 43
0.0000000001
 40
0.0
 40
0.0
 40
0.0
 40
0.0
 40
1.0
 40
1.0
 40
1.0
 40
1.0
 10
22.53117320019999
 20
56.09549793069999
 30
0.0
 10
22.57701236684005
 20
56.14229197478002
 30
0.0
 10
22.62476128836002
 20
56.17667118212
 30
0.0
 10
22.67433527608
 20
56.19977365559998
 30
0.0
  0
SPLINE
  5
635
330
2AF
100
AcDbEntity
  8
03___PRT_ALL_CURVES
  6
Continuous
 62
     4
100
AcDbSpline
210
0.0
220
0.0
230
1.0
 70
     8
 71
     3
 72
     8
 73
     4
 74
     0
 42
0.0000001
 43
0.0000000001
 40
0.0
 40
0.0
 40
0.0
 40
0.0
 40
1.0
 40
1.0
 40
1.0
 40
1.0
 10
22.67433527608
 20
56.19977365559998
 30
0.0
 10
22.72312418790003
 20
56.22251026493996
 30
0.0
 10
22.77946793348002
 20
56.23396997532001
 30
0.0
 10
22.84440650312001
 20
56.23396997532001
 30
0.0
  0
SPLINE
  5
636
330
2AF
100
AcDbEntity
  8
03___PRT_ALL_CURVES
  6
Continuous
 62
     4
100
AcDbSpline
210
0.0
220
0.0
230
1.0
 70
     8
 71
     3
 72
     8
 73
     4
 74
     0
 42
0.0000001
 43
0.0000000001
 40
0.0
 40
0.0
 40
0.0
 40
0.0
 40
1.0
 40
1.0
 40
1.0
 40
1.0
 10
22.84440650312001
 20
56.23396997532001
 30
0.0
 10
22.96855386976
 20
56.23396997532001
 30
0.0
 10
23.07455662956005
 20
56.18908593504003
 30
0.0
 10
23.1602665572
 20
56.10004282381999
 30
0.0
  0
SPLINE
  5
637
330
2AF
100
AcDbEntity
  8
03___PRT_ALL_CURVES
  6
Continuous
 62
     4
100
AcDbSpline
210
0.0
220
0.0
230
1.0
 70
     8
 71
     3
 72
     8
 73
     4
 74
     0
 42
0.0000001
 43
0.0000000001
 40
0.0
 40
0.0
 40
0.0
 40
0.0
 40
1.0
 40
1.0
 40
1.0
 40
1.0
 10
23.1602665572
 20
56.10004282381999
 30
0.0
 10
23.24645292026003
 20
56.01050474534
 30
0.0
 10
23.29038199674
 20
55.89781717035999
 30
0.0
 10
23.29038199674
 20
55.76125513208001
 30
0.0
  0
SPLINE
  5
638
330
2AF
100
AcDbEntity
  8
03___PRT_ALL_CURVES
  6
Continuous
 62
     4
100
AcDbSpline
210
0.0
220
0.0
230
1.0
 70
     8
 71
     3
 72
     8
 73
     4
 74
     0
 42
0.0000001
 43
0.0000000001
 40
0.0
 40
0.0
 40
0.0
 40
0.0
 40
1.0
 40
1.0
 40
1.0
 40
1.0
 10
23.29038199674
 20
55.76125513208001
 30
0.0
 10
23.29038199674
 20
55.66862208900002
 30
0.0
 10
23.26841754232001
 20
55.58458390808002
 30
0.0
 10
23.22448846838003
 20
55.50818554678
 30
0.0
  0
SPLINE
  5
639
330
2AF
100
AcDbEntity
  8
03___PRT_ALL_CURVES
  6
Continuous
 62
     4
100
AcDbSpline
210
0.0
220
0.0
230
1.0
 70
     8
 71
     3
 72
     8
 73
     4
 74
     0
 42
0.0000001
 43
0.0000000001
 40
0.0
 40
0.0
 40
0.0
 40
0.0
 40
1.0
 40
1.0
 40
1.0
 40
1.0
 10
23.22448846838003
 20
55.50818554678
 30
0.0
 10
23.18055938936001
 20
55.43178717531998
 30
0.0
 10
23.12039563110002
 20
55.37353342339998
 30
0.0
 10
23.04285030486002
 20
55.33476075012001
 30
0.0
  0
SPLINE
  5
63A
330
2AF
100
AcDbEntity
  8
03___PRT_ALL_CURVES
  6
Continuous
 62
     4
100
AcDbSpline
210
0.0
220
0.0
230
1.0
 70
     8
 71
     3
 72
     8
 73
     4
 74
     0
 42
0.0000001
 43
0.0000000001
 40
0.0
 40
0.0
 40
0.0
 40
0.0
 40
1.0
 40
1.0
 40
1.0
 40
1.0
 10
23.04285030486002
 20
55.33476075012001
 30
0.0
 10
22.96568898598002
 20
55.29618008051997
 30
0.0
 10
22.86923600896003
 20
55.27612551306001
 30
0.0
 10
22.75272850258
 20
55.27612551306001
 30
0.0
  0
SPLINE
  5
63B
330
2AF
100
AcDbEntity
  8
03___PRT_ALL_CURVES
  6
Continuous
 62
     4
100
AcDbSpline
210
0.0
220
0.0
230
1.0
 70
     8
 71
     3
 72
     8
 73
     4
 74
     0
 42
0.0000001
 43
0.0000000001
 40
0.0
 40
0.0
 40
0.0
 40
0.0
 40
1.0
 40
1.0
 40
1.0
 40
1.0
 10
22.75272850258
 20
55.27612551306001
 30
0.0
 10
22.61234661925999
 20
55.27612551306001
 30
0.0
 10
22.49965896046004
 20
55.29999999921998
 30
0.0
 10
22.41550502158003
 20
55.34754458789996
 30
0.0
  0
SPLINE
  5
63C
330
2AF
100
AcDbEntity
  8
03___PRT_ALL_CURVES
  6
Continuous
 62
     4
100
AcDbSpline
210
0.0
220
0.0
230
1.0
 70
     8
 71
     3
 72
     8
 73
     4
 74
     0
 42
0.0000001
 43
0.0000000001
 40
0.0
 40
0.0
 40
0.0
 40
0.0
 40
1.0
 40
1.0
 40
1.0
 40
1.0
 10
22.41550502158003
 20
55.34754458789996
 30
0.0
 10
22.33062755354004
 20
55.39549795147997
 30
0.0
 10
22.26282410012001
 20
55.47094133882001
 30
0.0
 10
22.21221012718001
 20
55.57598908656001
 30
0.0
  0
SPLINE
  5
63D
330
2AF
100
AcDbEntity
  8
03___PRT_ALL_CURVES
  6
Continuous
 62
     4
100
AcDbSpline
210
0.0
220
0.0
230
1.0
 70
     8
 71
     3
 72
     8
 73
     4
 74
     0
 42
0.0000001
 43
0.0000000001
 40
0.0
 40
0.0
 40
0.0
 40
0.0
 40
1.0
 40
1.0
 40
1.0
 40
1.0
 10
22.21221012718001
 20
55.57598908656001
 30
0.0
 10
22.16159614916
 20
55.68103684191999
 30
0.0
 10
22.13676672460002
 20
55.81950888654004
 30
0.0
 10
22.13676672460002
 20
55.99236017914001
 30
0.0
  0
SPLINE
  5
63E
330
2AF
100
AcDbEntity
  8
03___PRT_ALL_CURVES
  6
Continuous
 62
     4
100
AcDbSpline
210
0.0
220
0.0
230
1.0
 70
     8
 71
     3
 72
     8
 73
     4
 74
     0
 42
0.0000001
 43
0.0000000001
 40
0.0
 40
0.0
 40
0.0
 40
0.0
 40
1.0
 40
1.0
 40
1.0
 40
1.0
 10
22.13676672460002
 20
55.99236017914001
 30
0.0
 10
22.13676672460002
 20
56.24447472189999
 30
0.0
 10
22.18929054132005
 20
56.42974081059998
 30
0.0
 10
22.29598642648003
 20
56.54744116447998
 30
0.0
  0
SPLINE
  5
63F
330
2AF
100
AcDbEntity
  8
03___PRT_ALL_CURVES
  6
Continuous
 62
     4
100
AcDbSpline
210
0.0
220
0.0
230
1.0
 70
     8
 71
     3
 72
     8
 73
     4
 74
     0
 42
0.0000001
 43
0.0000000001
 40
0.0
 40
0.0
 40
0.0
 40
0.0
 40
1.0
 40
1.0
 40
1.0
 40
1.0
 10
22.29598642648003
 20
56.54744116447998
 30
0.0
 10
22.40225102218002
 20
56.66466574588
 30
0.0
 10
22.54931780704001
 20
56.72387454541996
 30
0.0
 10
22.73840391096005
 20
56.72387454541996
 30
0.0
  0
SPLINE
  5
640
330
2AF
100
AcDbEntity
  8
03___PRT_ALL_CURVES
  6
Continuous
 62
     4
100
AcDbSpline
210
0.0
220
0.0
230
1.0
 70
     8
 71
     3
 72
     8
 73
     4
 74
     0
 42
0.0000001
 43
0.0000000001
 40
0.0
 40
0.0
 40
0.0
 40
0.0
 40
1.0
 40
1.0
 40
1.0
 40
1.0
 10
22.73840391096005
 20
56.72387454541996
 30
0.0
 10
22.84918147960002
 20
56.72387454541996
 30
0.0
 10
22.93703963002002
 20
56.71050474741998
 30
0.0
 10
23.00197818696
 20
56.68472032604001
 30
0.0
  0
SPLINE
  5
641
330
2AF
100
AcDbEntity
  8
03___PRT_ALL_CURVES
  6
Continuous
 62
     4
100
AcDbSpline
210
0.0
220
0.0
230
1.0
 70
     8
 71
     3
 72
     8
 73
     4
 74
     0
 42
0.0000001
 43
0.0000000001
 40
0.0
 40
0.0
 40
0.0
 40
0.0
 40
1.0
 40
1.0
 40
1.0
 40
1.0
 10
23.00197818696
 20
56.68472032604001
 30
0.0
 10
23.06691676929998
 20
56.65893589195997
 30
0.0
 10
23.12039563110002
 20
56.62169171447999
 30
0.0
 10
23.16309478877997
 20
56.57179608401998
 30
0.0
  0
SPLINE
  5
642
330
2AF
100
AcDbEntity
  8
03___PRT_ALL_CURVES
  6
Continuous
 62
     4
100
AcDbSpline
210
0.0
220
0.0
230
1.0
 70
     8
 71
     3
 72
     8
 73
     4
 74
     0
 42
0.0000001
 43
0.0000000001
 40
0.0
 40
0.0
 40
0.0
 40
0.0
 40
1.0
 40
1.0
 40
1.0
 40
1.0
 10
23.16309478877997
 20
56.57179608401998
 30
0.0
 10
23.20538889773999
 20
56.52237377239999
 30
0.0
 10
23.23785809874002
 20
56.45934512527998
 30
0.0
 10
23.26077768206002
 20
56.38485677285996
 30
0.0
  0
SPLINE
  5
643
330
2AF
100
AcDbEntity
  8
03___PRT_ALL_CURVES
  6
Continuous
 62
     4
100
AcDbSpline
210
0.0
220
0.0
230
1.0
 70
     8
 71
     3
 72
     8
 73
     4
 74
     0
 42
0.0000001
 43
0.0000000001
 40
0.0
 40
0.0
 40
0.0
 40
0.0
 40
1.0
 40
1.0
 40
1.0
 40
1.0
 10
22.5445429982
 20
55.76125513208001
 30
0.0
 10
22.5445429982
 20
55.68485677331998
 30
0.0
 10
22.56364256630002
 20
55.62564801441997
 30
0.0
 10
22.60184175329999
 20
55.58267398302002
 30
0.0
  0
SPLINE
  5
644
330
2AF
100
AcDbEntity
  8
03___PRT_ALL_CURVES
  6
Continuous
 62
     4
100
AcDbSpline
210
0.0
220
0.0
230
1.0
 70
     8
 71
     3
 72
     8
 73
     4
 74
     0
 42
0.0000001
 43
0.0000000001
 40
0.0
 40
0.0
 40
0.0
 40
0.0
 40
1.0
 40
1.0
 40
1.0
 40
1.0
 10
22.60184175329999
 20
55.58267398302002
 30
0.0
 10
22.64004101142001
 20
55.53969987034
 30
0.0
 10
22.68683497168001
 20
55.51869031367997
 30
0.0
 10
22.74222375600002
 20
55.51869031367997
 30
0.0
  0
SPLINE
  5
645
330
2AF
100
AcDbEntity
  8
03___PRT_ALL_CURVES
  6
Continuous
 62
     4
100
AcDbSpline
210
0.0
220
0.0
230
1.0
 70
     8
 71
     3
 72
     8
 73
     4
 74
     0
 42
0.0000001
 43
0.0000000001
 40
0.0
 40
0.0
 40
0.0
 40
0.0
 40
1.0
 40
1.0
 40
1.0
 40
1.0
 10
22.74222375600002
 20
55.51869031367997
 30
0.0
 10
22.79283773148003
 20
55.51869031367997
 30
0.0
 10
22.83581167906004
 20
55.53778990464002
 30
0.0
 10
22.87042871167998
 20
55.57673403554003
 30
0.0
  0
SPLINE
  5
646
330
2AF
100
AcDbEntity
  8
03___PRT_ALL_CURVES
  6
Continuous
 62
     4
100
AcDbSpline
210
0.0
220
0.0
230
1.0
 70
     8
 71
     3
 72
     8
 73
     4
 74
     0
 42
0.0000001
 43
0.0000000001
 40
0.0
 40
0.0
 40
0.0
 40
0.0
 40
1.0
 40
1.0
 40
1.0
 40
1.0
 10
22.87042871167998
 20
55.57673403554003
 30
0.0
 10
22.90457026392002
 20
55.61514324752002
 30
0.0
 10
22.9217599095
 20
55.67339698165998
 30
0.0
 10
22.9217599095
 20
55.75075034485999
 30
0.0
  0
SPLINE
  5
647
330
2AF
100
AcDbEntity
  8
03___PRT_ALL_CURVES
  6
Continuous
 62
     4
100
AcDbSpline
210
0.0
220
0.0
230
1.0
 70
     8
 71
     3
 72
     8
 73
     4
 74
     0
 42
0.0000001
 43
0.0000000001
 40
0.0
 40
0.0
 40
0.0
 40
0.0
 40
1.0
 40
1.0
 40
1.0
 40
1.0
 10
22.9217599095
 20
55.75075034485999
 30
0.0
 10
22.9217599095
 20
55.82905867186
 30
0.0
 10
22.90361530266003
 20
55.88922238947998
 30
0.0
 10
22.86776831060001
 20
55.93080489712
 30
0.0
  0
SPLINE
  5
648
330
2AF
100
AcDbEntity
  8
03___PRT_ALL_CURVES
  6
Continuous
 62
     4
100
AcDbSpline
210
0.0
220
0.0
230
1.0
 70
     8
 71
     3
 72
     8
 73
     4
 74
     0
 42
0.0000001
 43
0.0000000001
 40
0.0
 40
0.0
 40
0.0
 40
0.0
 40
1.0
 40
1.0
 40
1.0
 40
1.0
 10
22.86776831060001
 20
55.93080489712
 30
0.0
 10
22.83199183401999
 20
55.9723056066
 30
0.0
 10
22.78806275754002
 20
55.99331514293999
 30
0.0
 10
22.73553885700002
 20
55.99331514293999
 30
0.0
  0
SPLINE
  5
649
330
2AF
100
AcDbEntity
  8
03___PRT_ALL_CURVES
  6
Continuous
 62
     4
100
AcDbSpline
210
0.0
220
0.0
230
1.0
 70
     8
 71
     3
 72
     8
 73
     4
 74
     0
 42
0.0000001
 43
0.0000000001
 40
0.0
 40
0.0
 40
0.0
 40
0.0
 40
1.0
 40
1.0
 40
1.0
 40
1.0
 10
22.73553885700002
 20
55.99331514293999
 30
0.0
 10
22.68110503394004
 20
55.99331514293999
 30
0.0
 10
22.63526603494003
 20
55.97326057039996
 30
0.0
 10
22.59897682126001
 20
55.93315142277999
 30
0.0
  0
SPLINE
  5
64A
330
2AF
100
AcDbEntity
  8
03___PRT_ALL_CURVES
  6
Continuous
 62
     4
100
AcDbSpline
210
0.0
220
0.0
230
1.0
 70
     8
 71
     3
 72
     8
 73
     4
 74
     0
 42
0.0000001
 43
0.0000000001
 40
0.0
 40
0.0
 40
0.0
 40
0.0
 40
1.0
 40
1.0
 40
1.0
 40
1.0
 10
22.59897682126001
 20
55.93315142277999
 30
0.0
 10
22.56268760504
 20
55.89304227769998
 30
0.0
 10
22.5445429982
 20
55.83574352767999
 30
0.0
 10
22.5445429982
 20
55.76125513208001
 30
0.0
  0
SPLINE
  5
64B
330
2AF
100
AcDbEntity
  8
03___PRT_ALL_CURVES
  6
Continuous
 62
     4
100
AcDbSpline
210
0.0
220
0.0
230
1.0
 70
     8
 71
     3
 72
     8
 73
     4
 74
     0
 42
0.0000001
 43
0.0000000001
 40
0.0
 40
0.0
 40
0.0
 40
0.0
 40
1.0
 40
1.0
 40
1.0
 40
1.0
 10
21.32407916786002
 20
52.73301501127997
 30
0.0
 10
21.26009555947999
 20
52.68431104467999
 30
0.0
 10
21.19802187616
 20
52.64515686086
 30
0.0
 10
21.13900477550001
 20
52.61517237929999
 30
0.0
  0
SPLINE
  5
64C
330
2AF
100
AcDbEntity
  8
03___PRT_ALL_CURVES
  6
Continuous
 62
     4
100
AcDbSpline
210
0.0
220
0.0
230
1.0
 70
     8
 71
     3
 72
     8
 73
     4
 74
     0
 42
0.0000001
 43
0.0000000001
 40
0.0
 40
0.0
 40
0.0
 40
0.0
 40
1.0
 40
1.0
 40
1.0
 40
1.0
 10
21.13900477550001
 20
52.61517237929999
 30
0.0
 10
21.0796044244
 20
52.58499318387996
 30
0.0
 10
21.00511600848003
 20
52.55634383045998
 30
0.0
 10
20.91534793300002
 20
52.52960439955999
 30
0.0
  0
SPLINE
  5
64D
330
2AF
100
AcDbEntity
  8
03___PRT_ALL_CURVES
  6
Continuous
 62
     4
100
AcDbSpline
210
0.0
220
0.0
230
1.0
 70
     8
 71
     3
 72
     8
 73
     4
 74
     0
 42
0.0000001
 43
0.0000000001
 40
0.0
 40
0.0
 40
0.0
 40
0.0
 40
1.0
 40
1.0
 40
1.0
 40
1.0
 10
20.91534793300002
 20
52.84856755639998
 30
0.0
 10
21.04713511925999
 20
52.89058662654003
 30
0.0
 10
21.15027291146004
 20
52.94215556328001
 30
0.0
 10
21.2238491702
 20
53.00226686291998
 30
0.0
  0
SPLINE
  5
64E
330
2AF
100
AcDbEntity
  8
03___PRT_ALL_CURVES
  6
Continuous
 62
     4
100
AcDbSpline
210
0.0
220
0.0
230
1.0
 70
     8
 71
     3
 72
     8
 73
     4
 74
     0
 42
0.0000001
 43
0.0000000001
 40
0.0
 40
0.0
 40
0.0
 40
0.0
 40
1.0
 40
1.0
 40
1.0
 40
1.0
 10
21.2238491702
 20
53.00226686291998
 30
0.0
 10
21.29638477570003
 20
53.06152795597998
 30
0.0
 10
21.35368352572002
 20
53.13601639222
 30
0.0
 10
21.3957026365
 20
53.22387454518
 30
0.0
  0
SPLINE
  5
64F
330
2AF
100
AcDbEntity
  8
03___PRT_ALL_CURVES
  6
Continuous
 62
     4
100
AcDbSpline
210
0.0
220
0.0
230
1.0
 70
     8
 71
     3
 72
     8
 73
     4
 74
     0
 42
0.0000001
 43
0.0000000001
 40
0.0
 40
0.0
 40
0.0
 40
0.0
 40
1.0
 40
1.0
 40
1.0
 40
1.0
 10
22.37455660716
 20
52.55252389905999
 30
0.0
 10
22.31343805274003
 20
52.58499318387996
 30
0.0
 10
22.26855401246004
 20
52.62128239755998
 30
0.0
 10
22.24068395898001
 20
52.66126980043998
 30
0.0
  0
SPLINE
  5
650
330
2AF
100
AcDbEntity
  8
03___PRT_ALL_CURVES
  6
Continuous
 62
     4
100
AcDbSpline
210
0.0
220
0.0
230
1.0
 70
     8
 71
     3
 72
     8
 73
     4
 74
     0
 42
0.0000001
 43
0.0000000001
 40
0.0
 40
0.0
 40
0.0
 40
0.0
 40
1.0
 40
1.0
 40
1.0
 40
1.0
 10
22.24068395898001
 20
52.66126980043998
 30
0.0
 10
22.20266031646003
 20
52.7158253657
 30
0.0
 10
22.18356074582002
 20
52.77885401281998
 30
0.0
 10
22.18356074582002
 20
52.85047748145996
 30
0.0
  0
SPLINE
  5
651
330
2AF
100
AcDbEntity
  8
03___PRT_ALL_CURVES
  6
Continuous
 62
     4
100
AcDbSpline
210
0.0
220
0.0
230
1.0
 70
     8
 71
     3
 72
     8
 73
     4
 74
     0
 42
0.0000001
 43
0.0000000001
 40
0.0
 40
0.0
 40
0.0
 40
0.0
 40
1.0
 40
1.0
 40
1.0
 40
1.0
 10
22.18356074582002
 20
52.85047748145996
 30
0.0
 10
22.18356074582002
 20
52.96698498783996
 30
0.0
 10
22.23799456888003
 20
53.06343796231997
 30
0.0
 10
22.34890092314004
 20
53.13773443043999
 30
0.0
  0
SPLINE
  5
652
330
2AF
100
AcDbEntity
  8
03___PRT_ALL_CURVES
  6
Continuous
 62
     4
100
AcDbSpline
210
0.0
220
0.0
230
1.0
 70
     8
 71
     3
 72
     8
 73
     4
 74
     0
 42
0.0000001
 43
0.0000000001
 40
0.0
 40
0.0
 40
0.0
 40
0.0
 40
1.0
 40
1.0
 40
1.0
 40
1.0
 10
22.34890092314004
 20
53.13773443043999
 30
0.0
 10
22.43472036796004
 20
53.19522510793999
 30
0.0
 10
22.54836298802002
 20
53.22387454518
 30
0.0
 10
22.68969983514
 20
53.22387454518
 30
0.0
  0
SPLINE
  5
653
330
2AF
100
AcDbEntity
  8
03___PRT_ALL_CURVES
  6
Continuous
 62
     4
100
AcDbSpline
210
0.0
220
0.0
230
1.0
 70
     8
 71
     3
 72
     8
 73
     4
 74
     0
 42
0.0000001
 43
0.0000000001
 40
0.0
 40
0.0
 40
0.0
 40
0.0
 40
1.0
 40
1.0
 40
1.0
 40
1.0
 10
22.68969983514
 20
53.22387454518
 30
0.0
 10
22.87687584636001
 20
53.22387454518
 30
0.0
 10
23.01439301354003
 20
53.18758524513999
 30
0.0
 10
23.10392915908002
 20
53.11662311629999
 30
0.0
  0
SPLINE
  5
654
330
2AF
100
AcDbEntity
  8
03___PRT_ALL_CURVES
  6
Continuous
 62
     4
100
AcDbSpline
210
0.0
220
0.0
230
1.0
 70
     8
 71
     3
 72
     8
 73
     4
 74
     0
 42
0.0000001
 43
0.0000000001
 40
0.0
 40
0.0
 40
0.0
 40
0.0
 40
1.0
 40
1.0
 40
1.0
 40
1.0
 10
23.10392915908002
 20
53.11662311629999
 30
0.0
 10
23.19392916449999
 20
53.04529335548
 30
0.0
 10
23.23881320223998
 20
52.95552528000002
 30
0.0
 10
23.23881320223998
 20
52.84761251131997
 30
0.0
  0
SPLINE
  5
655
330
2AF
100
AcDbEntity
  8
03___PRT_ALL_CURVES
  6
Continuous
 62
     4
100
AcDbSpline
210
0.0
220
0.0
230
1.0
 70
     8
 71
     3
 72
     8
 73
     4
 74
     0
 42
0.0000001
 43
0.0000000001
 40
0.0
 40
0.0
 40
0.0
 40
0.0
 40
1.0
 40
1.0
 40
1.0
 40
1.0
 10
23.23881320223998
 20
52.84761251131997
 30
0.0
 10
23.23881320223998
 20
52.78458386674001
 30
0.0
 10
23.22066859540004
 20
52.72537515102002
 30
0.0
 10
23.18530076926001
 20
52.67096313639996
 30
0.0
  0
SPLINE
  5
656
330
2AF
100
AcDbEntity
  8
03___PRT_ALL_CURVES
  6
Continuous
 62
     4
100
AcDbSpline
210
0.0
220
0.0
230
1.0
 70
     8
 71
     3
 72
     8
 73
     4
 74
     0
 42
0.0000001
 43
0.0000000001
 40
0.0
 40
0.0
 40
0.0
 40
0.0
 40
1.0
 40
1.0
 40
1.0
 40
1.0
 10
23.18530076926001
 20
52.67096313639996
 30
0.0
 10
23.15859491208005
 20
52.62987722162001
 30
0.0
 10
23.11657575811998
 20
52.59072303779999
 30
0.0
 10
23.05927705127999
 20
52.55252389905999
 30
0.0
  0
SPLINE
  5
657
330
2AF
100
AcDbEntity
  8
03___PRT_ALL_CURVES
  6
Continuous
 62
     4
100
AcDbSpline
210
0.0
220
0.0
230
1.0
 70
     8
 71
     3
 72
     8
 73
     4
 74
     0
 42
0.0000001
 43
0.0000000001
 40
0.0
 40
0.0
 40
0.0
 40
0.0
 40
1.0
 40
1.0
 40
1.0
 40
1.0
 10
23.05927705127999
 20
52.55252389905999
 30
0.0
 10
23.13472036750002
 20
52.51623468283998
 30
0.0
 10
23.19106411307999
 20
52.46753071623999
 30
0.0
 10
23.22809419142001
 20
52.40818771834
 30
0.0
  0
SPLINE
  5
658
330
2AF
100
AcDbEntity
  8
03___PRT_ALL_CURVES
  6
Continuous
 62
     4
100
AcDbSpline
210
0.0
220
0.0
230
1.0
 70
     8
 71
     3
 72
     8
 73
     4
 74
     0
 42
0.0000001
 43
0.0000000001
 40
0.0
 40
0.0
 40
0.0
 40
0.0
 40
1.0
 40
1.0
 40
1.0
 40
1.0
 10
23.22809419142001
 20
52.40818771834
 30
0.0
 10
23.26555263314003
 20
52.34815823971999
 30
0.0
 10
23.28465220378001
 20
52.28226466817998
 30
0.0
 10
23.28465220378001
 20
52.20968623828
 30
0.0
  0
SPLINE
  5
659
330
2AF
100
AcDbEntity
  8
03___PRT_ALL_CURVES
  6
Continuous
 62
     4
100
AcDbSpline
210
0.0
220
0.0
230
1.0
 70
     8
 71
     3
 72
     8
 73
     4
 74
     0
 42
0.0000001
 43
0.0000000001
 40
0.0
 40
0.0
 40
0.0
 40
0.0
 40
1.0
 40
1.0
 40
1.0
 40
1.0
 10
23.28465220378001
 20
52.20968623828
 30
0.0
 10
23.28465220378001
 20
52.13901773089998
 30
0.0
 10
23.26841751946
 20
52.07407912061998
 30
0.0
 10
23.23594821940003
 20
52.01296040363999
 30
0.0
  0
SPLINE
  5
65A
330
2AF
100
AcDbEntity
  8
03___PRT_ALL_CURVES
  6
Continuous
 62
     4
100
AcDbSpline
210
0.0
220
0.0
230
1.0
 70
     8
 71
     3
 72
     8
 73
     4
 74
     0
 42
0.0000001
 43
0.0000000001
 40
0.0
 40
0.0
 40
0.0
 40
0.0
 40
1.0
 40
1.0
 40
1.0
 40
1.0
 10
23.23594821940003
 20
52.01296040363999
 30
0.0
 10
23.20347894982001
 20
51.95184175015999
 30
0.0
 10
23.16432468217999
 20
51.90504774671999
 30
0.0
 10
23.11775439685999
 20
51.87225843713998
 30
0.0
  0
SPLINE
  5
65B
330
2AF
100
AcDbEntity
  8
03___PRT_ALL_CURVES
  6
Continuous
 62
     4
100
AcDbSpline
210
0.0
220
0.0
230
1.0
 70
     8
 71
     3
 72
     8
 73
     4
 74
     0
 42
0.0000001
 43
0.0000000001
 40
0.0
 40
0.0
 40
0.0
 40
0.0
 40
1.0
 40
1.0
 40
1.0
 40
1.0
 10
23.11775439685999
 20
51.87225843713998
 30
0.0
 10
23.07073675912
 20
51.83915415993999
 30
0.0
 10
23.01248292338002
 20
51.81432469220002
 30
0.0
 10
22.94286505398
 20
51.79954280660002
 30
0.0
  0
SPLINE
  5
65C
330
2AF
100
AcDbEntity
  8
03___PRT_ALL_CURVES
  6
Continuous
 62
     4
100
AcDbSpline
210
0.0
220
0.0
230
1.0
 70
     8
 71
     3
 72
     8
 73
     4
 74
     0
 42
0.0000001
 43
0.0000000001
 40
0.0
 40
0.0
 40
0.0
 40
0.0
 40
1.0
 40
1.0
 40
1.0
 40
1.0
 10
22.72025927871999
 20
51.77612551281996
 30
0.0
 10
22.5712824037
 20
51.77612551281996
 30
0.0
 10
22.45859491254001
 20
51.7942701222
 30
0.0
 10
22.38028654490003
 20
51.82864938541999
 30
0.0
  0
SPLINE
  5
65D
330
2AF
100
AcDbEntity
  8
03___PRT_ALL_CURVES
  6
Continuous
 62
     4
100
AcDbSpline
210
0.0
220
0.0
230
1.0
 70
     8
 71
     3
 72
     8
 73
     4
 74
     0
 42
0.0000001
 43
0.0000000001
 40
0.0
 40
0.0
 40
0.0
 40
0.0
 40
1.0
 40
1.0
 40
1.0
 40
1.0
 10
22.38028654490003
 20
51.82864938541999
 30
0.0
 10
22.30197817726003
 20
51.86302865118
 30
0.0
 10
22.24181458409998
 20
51.91459753966001
 30
0.0
 10
22.20114150060002
 20
51.98302403222002
 30
0.0
  0
SPLINE
  5
65E
330
2AF
100
AcDbEntity
  8
03___PRT_ALL_CURVES
  6
Continuous
 62
     4
100
AcDbSpline
210
0.0
220
0.0
230
1.0
 70
     8
 71
     3
 72
     8
 73
     4
 74
     0
 42
0.0000001
 43
0.0000000001
 40
0.0
 40
0.0
 40
0.0
 40
0.0
 40
1.0
 40
1.0
 40
1.0
 40
1.0
 10
22.20114150060002
 20
51.98302403222002
 30
0.0
 10
22.16064133013998
 20
52.05115962111998
 30
0.0
 10
22.14058671442004
 20
52.12755797987998
 30
0.0
 10
22.14058671442004
 20
52.21159616079996
 30
0.0
  0
SPLINE
  5
65F
330
2AF
100
AcDbEntity
  8
03___PRT_ALL_CURVES
  6
Continuous
 62
     4
100
AcDbSpline
210
0.0
220
0.0
230
1.0
 70
     8
 71
     3
 72
     8
 73
     4
 74
     0
 42
0.0000001
 43
0.0000000001
 40
0.0
 40
0.0
 40
0.0
 40
0.0
 40
1.0
 40
1.0
 40
1.0
 40
1.0
 10
22.14058671442004
 20
52.21159616079996
 30
0.0
 10
22.14058671442004
 20
52.29372441665998
 30
0.0
 10
22.15968620124002
 20
52.36248295833997
 30
0.0
 10
22.19788543904002
 20
52.41978175408002
 30
0.0
  0
SPLINE
  5
660
330
2AF
100
AcDbEntity
  8
03___PRT_ALL_CURVES
  6
Continuous
 62
     4
100
AcDbSpline
210
0.0
220
0.0
230
1.0
 70
     8
 71
     3
 72
     8
 73
     4
 74
     0
 42
0.0000001
 43
0.0000000001
 40
0.0
 40
0.0
 40
0.0
 40
0.0
 40
1.0
 40
1.0
 40
1.0
 40
1.0
 10
22.19788543904002
 20
52.41978175408002
 30
0.0
 10
22.23608464636001
 20
52.47708049902002
 30
0.0
 10
22.29433831446002
 20
52.52100957550002
 30
0.0
 10
22.37455660716
 20
52.55252389905999
 30
0.0
  0
SPLINE
  5
661
330
2AF
100
AcDbEntity
  8
03___PRT_ALL_CURVES
  6
Continuous
 62
     4
100
AcDbSpline
210
0.0
220
0.0
230
1.0
 70
     8
 71
     3
 72
     8
 73
     4
 74
     0
 42
0.0000001
 43
0.0000000001
 40
0.0
 40
0.0
 40
0.0
 40
0.0
 40
1.0
 40
1.0
 40
1.0
 40
1.0
 10
22.54931794927998
 20
52.82755798195996
 30
0.0
 10
22.54931794927998
 20
52.77885401281998
 30
0.0
 10
22.56364254344001
 20
52.73969982900002
 30
0.0
 10
22.59420192606001
 20
52.71009544827999
 30
0.0
  0
SPLINE
  5
662
330
2AF
100
AcDbEntity
  8
03___PRT_ALL_CURVES
  6
Continuous
 62
     4
100
AcDbSpline
210
0.0
220
0.0
230
1.0
 70
     8
 71
     3
 72
     8
 73
     4
 74
     0
 42
0.0000001
 43
0.0000000001
 40
0.0
 40
0.0
 40
0.0
 40
0.0
 40
1.0
 40
1.0
 40
1.0
 40
1.0
 10
22.59420192606001
 20
52.71009544827999
 30
0.0
 10
22.62476126550001
 20
52.68049111328
 30
0.0
 10
22.66487049440002
 20
52.66616643529997
 30
0.0
 10
22.71548430223999
 20
52.66616643529997
 30
0.0
  0
SPLINE
  5
663
330
2AF
100
AcDbEntity
  8
03___PRT_ALL_CURVES
  6
Continuous
 62
     4
100
AcDbSpline
210
0.0
220
0.0
230
1.0
 70
     8
 71
     3
 72
     8
 73
     4
 74
     0
 42
0.0000001
 43
0.0000000001
 40
0.0
 40
0.0
 40
0.0
 40
0.0
 40
1.0
 40
1.0
 40
1.0
 40
1.0
 10
22.71548430223999
 20
52.66616643529997
 30
0.0
 10
22.75941337872001
 20
52.66616643529997
 30
0.0
 10
22.79665755619999
 20
52.68049111328
 30
0.0
 10
22.82554671609998
 20
52.70986170986001
 30
0.0
  0
SPLINE
  5
664
330
2AF
100
AcDbEntity
  8
03___PRT_ALL_CURVES
  6
Continuous
 62
     4
100
AcDbSpline
210
0.0
220
0.0
230
1.0
 70
     8
 71
     3
 72
     8
 73
     4
 74
     0
 42
0.0000001
 43
0.0000000001
 40
0.0
 40
0.0
 40
0.0
 40
0.0
 40
1.0
 40
1.0
 40
1.0
 40
1.0
 10
22.82554671609998
 20
52.70986170986001
 30
0.0
 10
22.85395643068
 20
52.73874486774
 30
0.0
 10
22.86828102484
 20
52.77694408776
 30
0.0
 10
22.86828102484
 20
52.82373805056
 30
0.0
  0
SPLINE
  5
665
330
2AF
100
AcDbEntity
  8
03___PRT_ALL_CURVES
  6
Continuous
 62
     4
100
AcDbSpline
210
0.0
220
0.0
230
1.0
 70
     8
 71
     3
 72
     8
 73
     4
 74
     0
 42
0.0000001
 43
0.0000000001
 40
0.0
 40
0.0
 40
0.0
 40
0.0
 40
1.0
 40
1.0
 40
1.0
 40
1.0
 10
22.86828102484
 20
52.82373805056
 30
0.0
 10
22.86828102484
 20
52.87148705589999
 30
0.0
 10
22.85300146942004
 20
52.91064123971998
 30
0.0
 10
22.82315359668002
 20
52.9409628377
 30
0.0
  0
SPLINE
  5
666
330
2AF
100
AcDbEntity
  8
03___PRT_ALL_CURVES
  6
Continuous
 62
     4
100
AcDbSpline
210
0.0
220
0.0
230
1.0
 70
     8
 71
     3
 72
     8
 73
     4
 74
     0
 42
0.0000001
 43
0.0000000001
 40
0.0
 40
0.0
 40
0.0
 40
0.0
 40
1.0
 40
1.0
 40
1.0
 40
1.0
 10
22.82315359668002
 20
52.9409628377
 30
0.0
 10
22.79283770862
 20
52.97175988050003
 30
0.0
 10
22.75463856988003
 20
52.98703960102003
 30
0.0
 10
22.70879957088002
 20
52.98703960102003
 30
0.0
  0
SPLINE
  5
667
330
2AF
100
AcDbEntity
  8
03___PRT_ALL_CURVES
  6
Continuous
 62
     4
100
AcDbSpline
210
0.0
220
0.0
230
1.0
 70
     8
 71
     3
 72
     8
 73
     4
 74
     0
 42
0.0000001
 43
0.0000000001
 40
0.0
 40
0.0
 40
0.0
 40
0.0
 40
1.0
 40
1.0
 40
1.0
 40
1.0
 10
22.70879957088002
 20
52.98703960102003
 30
0.0
 10
22.66105047918003
 20
52.98703960102003
 30
0.0
 10
22.62285134044004
 20
52.97175988050003
 30
0.0
 10
22.59324700543999
 20
52.9421555836
 30
0.0
  0
SPLINE
  5
668
330
2AF
100
AcDbEntity
  8
03___PRT_ALL_CURVES
  6
Continuous
 62
     4
100
AcDbSpline
210
0.0
220
0.0
230
1.0
 70
     8
 71
     3
 72
     8
 73
     4
 74
     0
 42
0.0000001
 43
0.0000000001
 40
0.0
 40
0.0
 40
0.0
 40
0.0
 40
1.0
 40
1.0
 40
1.0
 40
1.0
 10
22.59324700543999
 20
52.9421555836
 30
0.0
 10
22.56364254344001
 20
52.91255116478001
 30
0.0
 10
22.54931794927998
 20
52.87435194222002
 30
0.0
 10
22.54931794927998
 20
52.82755798195996
 30
0.0
  0
SPLINE
  5
669
330
2AF
100
AcDbEntity
  8
03___PRT_ALL_CURVES
  6
Continuous
 62
     4
100
AcDbSpline
210
0.0
220
0.0
230
1.0
 70
     8
 71
     3
 72
     8
 73
     4
 74
     0
 42
0.0000001
 43
0.0000000001
 40
0.0
 40
0.0
 40
0.0
 40
0.0
 40
1.0
 40
1.0
 40
1.0
 40
1.0
 10
22.52830845612002
 20
52.22496587498
 30
0.0
 10
22.52830845612002
 20
52.16289223483997
 30
0.0
 10
22.5464530655
 20
52.11227830000001
 30
0.0
 10
22.58440532386001
 20
52.07288478975997
 30
0.0
  0
SPLINE
  5
66A
330
2AF
100
AcDbEntity
  8
03___PRT_ALL_CURVES
  6
Continuous
 62
     4
100
AcDbSpline
210
0.0
220
0.0
230
1.0
 70
     8
 71
     3
 72
     8
 73
     4
 74
     0
 42
0.0000001
 43
0.0000000001
 40
0.0
 40
0.0
 40
0.0
 40
0.0
 40
1.0
 40
1.0
 40
1.0
 40
1.0
 10
22.58440532386001
 20
52.07288478975997
 30
0.0
 10
22.62189637918001
 20
52.03396999585996
 30
0.0
 10
22.66487049440002
 20
52.01487040489997
 30
0.0
 10
22.71357437972
 20
52.01487040489997
 30
0.0
  0
SPLINE
  5
66B
330
2AF
100
AcDbEntity
  8
03___PRT_ALL_CURVES
  6
Continuous
 62
     4
100
AcDbSpline
210
0.0
220
0.0
230
1.0
 70
     8
 71
     3
 72
     8
 73
     4
 74
     0
 42
0.0000001
 43
0.0000000001
 40
0.0
 40
0.0
 40
0.0
 40
0.0
 40
1.0
 40
1.0
 40
1.0
 40
1.0
 10
22.71357437972
 20
52.01487040489997
 30
0.0
 10
22.75941337872001
 20
52.01487040489997
 30
0.0
 10
22.80143253268
 20
52.03396999585996
 30
0.0
 10
22.83841800608002
 20
52.07431779933998
 30
0.0
  0
SPLINE
  5
66C
330
2AF
100
AcDbEntity
  8
03___PRT_ALL_CURVES
  6
Continuous
 62
     4
100
AcDbSpline
210
0.0
220
0.0
230
1.0
 70
     8
 71
     3
 72
     8
 73
     4
 74
     0
 42
0.0000001
 43
0.0000000001
 40
0.0
 40
0.0
 40
0.0
 40
0.0
 40
1.0
 40
1.0
 40
1.0
 40
1.0
 10
22.83841800608002
 20
52.07431779933998
 30
0.0
 10
22.87496592384005
 20
52.11418826569999
 30
0.0
 10
22.89406549194004
 20
52.16480220054001
 30
0.0
 10
22.89406549194004
 20
52.22592087941999
 30
0.0
  0
SPLINE
  5
66D
330
2AF
100
AcDbEntity
  8
03___PRT_ALL_CURVES
  6
Continuous
 62
     4
100
AcDbSpline
210
0.0
220
0.0
230
1.0
 70
     8
 71
     3
 72
     8
 73
     4
 74
     0
 42
0.0000001
 43
0.0000000001
 40
0.0
 40
0.0
 40
0.0
 40
0.0
 40
1.0
 40
1.0
 40
1.0
 40
1.0
 10
22.89406549194004
 20
52.22592087941999
 30
0.0
 10
22.89406549194004
 20
52.28703956083999
 30
0.0
 10
22.87496592384005
 20
52.33765349314001
 30
0.0
 10
22.83748278824001
 20
52.37753941539995
 30
0.0
  0
SPLINE
  5
66E
330
2AF
100
AcDbEntity
  8
03___PRT_ALL_CURVES
  6
Continuous
 62
     4
100
AcDbSpline
210
0.0
220
0.0
230
1.0
 70
     8
 71
     3
 72
     8
 73
     4
 74
     0
 42
0.0000001
 43
0.0000000001
 40
0.0
 40
0.0
 40
0.0
 40
0.0
 40
1.0
 40
1.0
 40
1.0
 40
1.0
 10
22.83748278824001
 20
52.37753941539995
 30
0.0
 10
22.80047756888004
 20
52.41691678139998
 30
0.0
 10
22.75750345620003
 20
52.43697135393998
 30
0.0
 10
22.70879957088002
 20
52.43697135393998
 30
0.0
  0
SPLINE
  5
66F
330
2AF
100
AcDbEntity
  8
03___PRT_ALL_CURVES
  6
Continuous
 62
     4
100
AcDbSpline
210
0.0
220
0.0
230
1.0
 70
     8
 71
     3
 72
     8
 73
     4
 74
     0
 42
0.0000001
 43
0.0000000001
 40
0.0
 40
0.0
 40
0.0
 40
0.0
 40
1.0
 40
1.0
 40
1.0
 40
1.0
 10
22.70879957088002
 20
52.43697135393998
 30
0.0
 10
22.66009551792001
 20
52.43697135393998
 30
0.0
 10
22.61807653160002
 20
52.41787174266
 30
0.0
 10
22.58178719346
 20
52.3796725201
 30
0.0
  0
SPLINE
  5
670
330
2AF
100
AcDbEntity
  8
03___PRT_ALL_CURVES
  6
Continuous
 62
     4
100
AcDbSpline
210
0.0
220
0.0
230
1.0
 70
     8
 71
     3
 72
     8
 73
     4
 74
     0
 42
0.0000001
 43
0.0000000001
 40
0.0
 40
0.0
 40
0.0
 40
0.0
 40
1.0
 40
1.0
 40
1.0
 40
1.0
 10
22.58178719346
 20
52.3796725201
 30
0.0
 10
22.54549793660001
 20
52.34147338136
 30
0.0
 10
22.52830845612002
 20
52.28990448779999
 30
0.0
 10
22.52830845612002
 20
52.22496587498
 30
0.0
  0
SPLINE
  5
671
330
2AF
100
AcDbEntity
  8
03___PRT_ALL_CURVES
  6
Continuous
 62
     4
100
AcDbSpline
210
0.0
220
0.0
230
1.0
 70
     8
 71
     3
 72
     8
 73
     4
 74
     0
 42
0.0000001
 43
0.0000000001
 40
0.0
 40
0.0
 40
0.0
 40
0.0
 40
1.0
 40
1.0
 40
1.0
 40
1.0
 10
20.86139159438
 20
48.14999999902003
 30
0.0
 10
20.87476131110003
 20
48.26459753969999
 30
0.0
 10
20.91487044601999
 20
48.37346520614003
 30
0.0
 10
20.98267399088002
 20
48.47469303263998
 30
0.0
  0
SPLINE
  5
672
330
2AF
100
AcDbEntity
  8
03___PRT_ALL_CURVES
  6
Continuous
 62
     4
100
AcDbSpline
210
0.0
220
0.0
230
1.0
 70
     8
 71
     3
 72
     8
 73
     4
 74
     0
 42
0.0000001
 43
0.0000000001
 40
0.0
 40
0.0
 40
0.0
 40
0.0
 40
1.0
 40
1.0
 40
1.0
 40
1.0
 10
20.98267399088002
 20
48.47469303263998
 30
0.0
 10
21.05047755098002
 20
48.57592087946
 30
0.0
 10
21.17748982680001
 20
48.69624827406
 30
0.0
 10
21.36467595738
 20
48.8347065849
 30
0.0
  0
SPLINE
  5
673
330
2AF
100
AcDbEntity
  8
03___PRT_ALL_CURVES
  6
Continuous
 62
     4
100
AcDbSpline
210
0.0
220
0.0
230
1.0
 70
     8
 71
     3
 72
     8
 73
     4
 74
     0
 42
0.0000001
 43
0.0000000001
 40
0.0
 40
0.0
 40
0.0
 40
0.0
 40
1.0
 40
1.0
 40
1.0
 40
1.0
 10
21.36467595738
 20
48.8347065849
 30
0.0
 10
21.47830837680002
 20
48.91875849959999
 30
0.0
 10
21.55088680669999
 20
48.98369715305998
 30
0.0
 10
21.58304490850003
 20
49.02785453743999
 30
0.0
  0
SPLINE
  5
674
330
2AF
100
AcDbEntity
  8
03___PRT_ALL_CURVES
  6
Continuous
 62
     4
100
AcDbSpline
210
0.0
220
0.0
230
1.0
 70
     8
 71
     3
 72
     8
 73
     4
 74
     0
 42
0.0000001
 43
0.0000000001
 40
0.0
 40
0.0
 40
0.0
 40
0.0
 40
1.0
 40
1.0
 40
1.0
 40
1.0
 10
21.58304490850003
 20
49.02785453743999
 30
0.0
 10
21.61487041254003
 20
49.07155521965998
 30
0.0
 10
21.63110509686004
 20
49.11261941235998
 30
0.0
 10
21.63110509686004
 20
49.15272847362002
 30
0.0
  0
SPLINE
  5
675
330
2AF
100
AcDbEntity
  8
03___PRT_ALL_CURVES
  6
Continuous
 62
     4
100
AcDbSpline
210
0.0
220
0.0
230
1.0
 70
     8
 71
     3
 72
     8
 73
     4
 74
     0
 42
0.0000001
 43
0.0000000001
 40
0.0
 40
0.0
 40
0.0
 40
0.0
 40
1.0
 40
1.0
 40
1.0
 40
1.0
 10
21.63110509686004
 20
49.15272847362002
 30
0.0
 10
21.63110509686004
 20
49.19474762758003
 30
0.0
 10
21.61487041254003
 20
49.23103684125999
 30
0.0
 10
21.58335609152002
 20
49.26159620356
 30
0.0
  0
SPLINE
  5
676
330
2AF
100
AcDbEntity
  8
03___PRT_ALL_CURVES
  6
Continuous
 62
     4
100
AcDbSpline
210
0.0
220
0.0
230
1.0
 70
     8
 71
     3
 72
     8
 73
     4
 74
     0
 42
0.0000001
 43
0.0000000001
 40
0.0
 40
0.0
 40
0.0
 40
0.0
 40
1.0
 40
1.0
 40
1.0
 40
1.0
 10
21.58335609152002
 20
49.26159620356
 30
0.0
 10
21.55184176796001
 20
49.29215556331999
 30
0.0
 10
21.51268766795999
 20
49.30743520255999
 30
0.0
 10
21.46493866008004
 20
49.30743520255999
 30
0.0
  0
SPLINE
  5
677
330
2AF
100
AcDbEntity
  8
03___PRT_ALL_CURVES
  6
Continuous
 62
     4
100
AcDbSpline
210
0.0
220
0.0
230
1.0
 70
     8
 71
     3
 72
     8
 73
     4
 74
     0
 42
0.0000001
 43
0.0000000001
 40
0.0
 40
0.0
 40
0.0
 40
0.0
 40
1.0
 40
1.0
 40
1.0
 40
1.0
 10
21.46493866008004
 20
49.30743520255999
 30
0.0
 10
21.41527972967998
 20
49.30743520255999
 30
0.0
 10
21.37421562334001
 20
49.29120051823998
 30
0.0
 10
21.34293910474
 20
49.26039789760003
 30
0.0
  0
SPLINE
  5
678
330
2AF
100
AcDbEntity
  8
03___PRT_ALL_CURVES
  6
Continuous
 62
     4
100
AcDbSpline
210
0.0
220
0.0
230
1.0
 70
     8
 71
     3
 72
     8
 73
     4
 74
     0
 42
0.0000001
 43
0.0000000001
 40
0.0
 40
0.0
 40
0.0
 40
0.0
 40
1.0
 40
1.0
 40
1.0
 40
1.0
 10
21.34293910474
 20
49.26039789760003
 30
0.0
 10
21.31118693558
 20
49.22912683491998
 30
0.0
 10
21.29017740178003
 20
49.17373805060001
 30
0.0
 10
21.27967261456004
 20
49.09542976678
 30
0.0
  0
SPLINE
  5
679
330
2AF
100
AcDbEntity
  8
03___PRT_ALL_CURVES
  6
Continuous
 62
     4
100
AcDbSpline
210
0.0
220
0.0
230
1.0
 70
     8
 71
     3
 72
     8
 73
     4
 74
     0
 42
0.0000001
 43
0.0000000001
 40
0.0
 40
0.0
 40
0.0
 40
0.0
 40
1.0
 40
1.0
 40
1.0
 40
1.0
 10
20.89004098082003
 20
49.12694408779998
 30
0.0
 10
20.90532065054003
 20
49.23581173391997
 30
0.0
 10
20.93301506302004
 20
49.32175988054001
 30
0.0
 10
20.97374842834003
 20
49.38309953179999
 30
0.0
  0
SPLINE
  5
67A
330
2AF
100
AcDbEntity
  8
03___PRT_ALL_CURVES
  6
Continuous
 62
     4
100
AcDbSpline
210
0.0
220
0.0
230
1.0
 70
     8
 71
     3
 72
     8
 73
     4
 74
     0
 42
0.0000001
 43
0.0000000001
 40
0.0
 40
0.0
 40
0.0
 40
0.0
 40
1.0
 40
1.0
 40
1.0
 40
1.0
 10
20.97374842834003
 20
49.38309953179999
 30
0.0
 10
21.01418831698004
 20
49.44399724083999
 30
0.0
 10
21.07148708732004
 20
49.49174624617999
 30
0.0
 10
21.14597548545999
 20
49.52421556909999
 30
0.0
  0
SPLINE
  5
67B
330
2AF
100
AcDbEntity
  8
03___PRT_ALL_CURVES
  6
Continuous
 62
     4
100
AcDbSpline
210
0.0
220
0.0
230
1.0
 70
     8
 71
     3
 72
     8
 73
     4
 74
     0
 42
0.0000001
 43
0.0000000001
 40
0.0
 40
0.0
 40
0.0
 40
0.0
 40
1.0
 40
1.0
 40
1.0
 40
1.0
 10
21.14597548545999
 20
49.52421556909999
 30
0.0
 10
21.22046389884002
 20
49.55668489964003
 30
0.0
 10
21.32264672724
 20
49.57387454522001
 30
0.0
 10
21.45443387286005
 20
49.57387454522001
 30
0.0
  0
SPLINE
  5
67C
330
2AF
100
AcDbEntity
  8
03___PRT_ALL_CURVES
  6
Continuous
 62
     4
100
AcDbSpline
210
0.0
220
0.0
230
1.0
 70
     8
 71
     3
 72
     8
 73
     4
 74
     0
 42
0.0000001
 43
0.0000000001
 40
0.0
 40
0.0
 40
0.0
 40
0.0
 40
1.0
 40
1.0
 40
1.0
 40
1.0
 10
21.45443387286005
 20
49.57387454522001
 30
0.0
 10
21.59099595178003
 20
49.57387454522001
 30
0.0
 10
21.69699871157999
 20
49.5576398609
 30
0.0
 10
21.77323167570003
 20
49.52667021239998
 30
0.0
  0
SPLINE
  5
67D
330
2AF
100
AcDbEntity
  8
03___PRT_ALL_CURVES
  6
Continuous
 62
     4
100
AcDbSpline
210
0.0
220
0.0
230
1.0
 70
     8
 71
     3
 72
     8
 73
     4
 74
     0
 42
0.0000001
 43
0.0000000001
 40
0.0
 40
0.0
 40
0.0
 40
0.0
 40
1.0
 40
1.0
 40
1.0
 40
1.0
 10
21.77323167570003
 20
49.52667021239998
 30
0.0
 10
21.84979543418004
 20
49.49556617758003
 30
0.0
 10
21.90900414736004
 20
49.44781716970002
 30
0.0
 10
21.95293320606001
 20
49.38287858735995
 30
0.0
  0
SPLINE
  5
67E
330
2AF
100
AcDbEntity
  8
03___PRT_ALL_CURVES
  6
Continuous
 62
     4
100
AcDbSpline
210
0.0
220
0.0
230
1.0
 70
     8
 71
     3
 72
     8
 73
     4
 74
     0
 42
0.0000001
 43
0.0000000001
 40
0.0
 40
0.0
 40
0.0
 40
0.0
 40
1.0
 40
1.0
 40
1.0
 40
1.0
 10
21.95293320606001
 20
49.38287858735995
 30
0.0
 10
21.99686230032003
 20
49.31793994914003
 30
0.0
 10
22.01882675474002
 20
49.24631648049998
 30
0.0
 10
22.01882675474002
 20
49.16609819033999
 30
0.0
  0
SPLINE
  5
67F
330
2AF
100
AcDbEntity
  8
03___PRT_ALL_CURVES
  6
Continuous
 62
     4
100
AcDbSpline
210
0.0
220
0.0
230
1.0
 70
     8
 71
     3
 72
     8
 73
     4
 74
     0
 42
0.0000001
 43
0.0000000001
 40
0.0
 40
0.0
 40
0.0
 40
0.0
 40
1.0
 40
1.0
 40
1.0
 40
1.0
 10
22.01882675474002
 20
49.16609819033999
 30
0.0
 10
22.01882675474002
 20
49.08015004371998
 30
0.0
 10
21.99304237146004
 20
48.99897678975998
 30
0.0
 10
21.94359976777997
 20
48.92148501687998
 30
0.0
  0
SPLINE
  5
680
330
2AF
100
AcDbEntity
  8
03___PRT_ALL_CURVES
  6
Continuous
 62
     4
100
AcDbSpline
210
0.0
220
0.0
230
1.0
 70
     8
 71
     3
 72
     8
 73
     4
 74
     0
 42
0.0000001
 43
0.0000000001
 40
0.0
 40
0.0
 40
0.0
 40
0.0
 40
1.0
 40
1.0
 40
1.0
 40
1.0
 10
21.94359976777997
 20
48.92148501687998
 30
0.0
 10
21.89372451066001
 20
48.84331514274001
 30
0.0
 10
21.80300138756002
 20
48.75832195737996
 30
0.0
 10
21.67103453694003
 20
48.66594514696001
 30
0.0
  0
LINE
  5
681
330
2AF
100
AcDbEntity
  8
03___PRT_ALL_CURVES
  6
Continuous
 62
     4
100
AcDbLine
 10
21.67103453694003
 20
48.66594514696001
 30
0.0
 11
21.51387418578
 21
48.55175496639995
 31
0.0
  0
LINE
  5
682
330
2AF
100
AcDbEntity
  8
03___PRT_ALL_CURVES
  6
Continuous
 62
     4
100
AcDbLine
 10
21.51387418578
 20
48.55175496639995
 30
0.0
 11
21.42100958614
 21
48.46705321301999
 31
0.0
  0
SPLINE
  5
683
330
2AF
100
AcDbEntity
  8
03___PRT_ALL_CURVES
  6
Continuous
 62
     4
100
AcDbSpline
210
0.0
220
0.0
230
1.0
 70
     8
 71
     3
 72
     8
 73
     4
 74
     0
 42
0.0000001
 43
0.0000000001
 40
0.0
 40
0.0
 40
0.0
 40
0.0
 40
1.0
 40
1.0
 40
1.0
 40
1.0
 10
22.19454306066001
 20
48.85572985502003
 30
0.0
 10
22.19454306066001
 20
49.12121415006001
 30
0.0
 10
22.24229206600003
 20
49.30743520255999
 30
0.0
 10
22.33802755144004
 20
49.41418027227999
 30
0.0
  0
SPLINE
  5
684
330
2AF
100
AcDbEntity
  8
03___PRT_ALL_CURVES
  6
Continuous
 62
     4
100
AcDbSpline
210
0.0
220
0.0
230
1.0
 70
     8
 71
     3
 72
     8
 73
     4
 74
     0
 42
0.0000001
 43
0.0000000001
 40
0.0
 40
0.0
 40
0.0
 40
0.0
 40
1.0
 40
1.0
 40
1.0
 40
1.0
 10
22.33802755144004
 20
49.41418027227999
 30
0.0
 10
22.43328792734005
 20
49.52039559959999
 30
0.0
 10
22.57939974840005
 20
49.57387454522001
 30
0.0
 10
22.77612554748004
 20
49.57387454522001
 30
0.0
  0
SPLINE
  5
685
330
2AF
100
AcDbEntity
  8
03___PRT_ALL_CURVES
  6
Continuous
 62
     4
100
AcDbSpline
210
0.0
220
0.0
230
1.0
 70
     8
 71
     3
 72
     8
 73
     4
 74
     0
 42
0.0000001
 43
0.0000000001
 40
0.0
 40
0.0
 40
0.0
 40
0.0
 40
1.0
 40
1.0
 40
1.0
 40
1.0
 10
22.77612554748004
 20
49.57387454522001
 30
0.0
 10
22.86971363564001
 20
49.57387454522001
 30
0.0
 10
22.94706687692002
 20
49.56145970847999
 30
0.0
 10
23.00812611980001
 20
49.53838222351999
 30
0.0
  0
SPLINE
  5
686
330
2AF
100
AcDbEntity
  8
03___PRT_ALL_CURVES
  6
Continuous
 62
     4
100
AcDbSpline
210
0.0
220
0.0
230
1.0
 70
     8
 71
     3
 72
     8
 73
     4
 74
     0
 42
0.0000001
 43
0.0000000001
 40
0.0
 40
0.0
 40
0.0
 40
0.0
 40
1.0
 40
1.0
 40
1.0
 40
1.0
 10
23.00812611980001
 20
49.53838222351999
 30
0.0
 10
23.06834935723998
 20
49.51562070693998
 30
0.0
 10
23.11800820382004
 20
49.48506143099999
 30
0.0
 10
23.15620740606002
 20
49.4478172332
 30
0.0
  0
SPLINE
  5
687
330
2AF
100
AcDbEntity
  8
03___PRT_ALL_CURVES
  6
Continuous
 62
     4
100
AcDbSpline
210
0.0
220
0.0
230
1.0
 70
     8
 71
     3
 72
     8
 73
     4
 74
     0
 42
0.0000001
 43
0.0000000001
 40
0.0
 40
0.0
 40
0.0
 40
0.0
 40
1.0
 40
1.0
 40
1.0
 40
1.0
 10
23.15620740606002
 20
49.4478172332
 30
0.0
 10
23.19440664894003
 20
49.41057299475997
 30
0.0
 10
23.22401096362
 20
49.37141880839997
 30
0.0
 10
23.24597548407999
 20
49.33035473761998
 30
0.0
  0
SPLINE
  5
688
330
2AF
100
AcDbEntity
  8
03___PRT_ALL_CURVES
  6
Continuous
 62
     4
100
AcDbSpline
210
0.0
220
0.0
230
1.0
 70
     8
 71
     3
 72
     8
 73
     4
 74
     0
 42
0.0000001
 43
0.0000000001
 40
0.0
 40
0.0
 40
0.0
 40
0.0
 40
1.0
 40
1.0
 40
1.0
 40
1.0
 10
23.24597548407999
 20
49.33035473761998
 30
0.0
 10
23.26794004010003
 20
49.28929059571999
 30
0.0
 10
23.28608464948002
 20
49.24154158783998
 30
0.0
 10
23.29944894584003
 20
49.18710645668
 30
0.0
  0
SPLINE
  5
689
330
2AF
100
AcDbEntity
  8
03___PRT_ALL_CURVES
  6
Continuous
 62
     4
100
AcDbSpline
210
0.0
220
0.0
230
1.0
 70
     8
 71
     3
 72
     8
 73
     4
 74
     0
 42
0.0000001
 43
0.0000000001
 40
0.0
 40
0.0
 40
0.0
 40
0.0
 40
1.0
 40
1.0
 40
1.0
 40
1.0
 10
23.29944894584003
 20
49.18710645668
 30
0.0
 10
23.32523874948001
 20
49.08206005006002
 30
0.0
 10
23.33860854747999
 20
48.97319232266
 30
0.0
 10
23.33860854747999
 20
48.86050474513999
 30
0.0
  0
SPLINE
  5
68A
330
2AF
100
AcDbEntity
  8
03___PRT_ALL_CURVES
  6
Continuous
 62
     4
100
AcDbSpline
210
0.0
220
0.0
230
1.0
 70
     8
 71
     3
 72
     8
 73
     4
 74
     0
 42
0.0000001
 43
0.0000000001
 40
0.0
 40
0.0
 40
0.0
 40
0.0
 40
1.0
 40
1.0
 40
1.0
 40
1.0
 10
23.33860854747999
 20
48.86050474513999
 30
0.0
 10
23.33860854747999
 20
48.60648019857999
 30
0.0
 10
23.29563443225999
 20
48.42025920958002
 30
0.0
 10
23.20991336672
 20
48.30263084184
 30
0.0
  0
SPLINE
  5
68B
330
2AF
100
AcDbEntity
  8
03___PRT_ALL_CURVES
  6
Continuous
 62
     4
100
AcDbSpline
210
0.0
220
0.0
230
1.0
 70
     8
 71
     3
 72
     8
 73
     4
 74
     0
 42
0.0000001
 43
0.0000000001
 40
0.0
 40
0.0
 40
0.0
 40
0.0
 40
1.0
 40
1.0
 40
1.0
 40
1.0
 10
23.20991336672
 20
48.30263084184
 30
0.0
 10
23.12373814156001
 20
48.18437926224001
 30
0.0
 10
22.97571623034003
 20
48.12612551285997
 30
0.0
 10
22.76562080090002
 20
48.12612551285997
 30
0.0
  0
SPLINE
  5
68C
330
2AF
100
AcDbEntity
  8
03___PRT_ALL_CURVES
  6
Continuous
 62
     4
100
AcDbSpline
210
0.0
220
0.0
230
1.0
 70
     8
 71
     3
 72
     8
 73
     4
 74
     0
 42
0.0000001
 43
0.0000000001
 40
0.0
 40
0.0
 40
0.0
 40
0.0
 40
1.0
 40
1.0
 40
1.0
 40
1.0
 10
22.76562080090002
 20
48.12612551285997
 30
0.0
 10
22.64720336946002
 20
48.12612551285997
 30
0.0
 10
22.55266032003999
 20
48.14522510128
 30
0.0
 10
22.48008188759999
 20
48.18246930415998
 30
0.0
  0
SPLINE
  5
68D
330
2AF
100
AcDbEntity
  8
03___PRT_ALL_CURVES
  6
Continuous
 62
     4
100
AcDbSpline
210
0.0
220
0.0
230
1.0
 70
     8
 71
     3
 72
     8
 73
     4
 74
     0
 42
0.0000001
 43
0.0000000001
 40
0.0
 40
0.0
 40
0.0
 40
0.0
 40
1.0
 40
1.0
 40
1.0
 40
1.0
 10
22.48008188759999
 20
48.18246930415998
 30
0.0
 10
22.40750345770002
 20
48.21971350704001
 30
0.0
 10
22.34733969944003
 20
48.2751023193
 30
0.0
 10
22.30075193384002
 20
48.34720241639997
 30
0.0
  0
SPLINE
  5
68E
330
2AF
100
AcDbEntity
  8
03___PRT_ALL_CURVES
  6
Continuous
 62
     4
100
AcDbSpline
210
0.0
220
0.0
230
1.0
 70
     8
 71
     3
 72
     8
 73
     4
 74
     0
 42
0.0000001
 43
0.0000000001
 40
0.0
 40
0.0
 40
0.0
 40
0.0
 40
1.0
 40
1.0
 40
1.0
 40
1.0
 10
22.30075193384002
 20
48.34720241639997
 30
0.0
 10
22.26712140673999
 20
48.39924965545995
 30
0.0
 10
22.24133710474001
 20
48.46896315839996
 30
0.0
 10
22.22223748838002
 20
48.55873125927997
 30
0.0
  0
SPLINE
  5
68F
330
2AF
100
AcDbEntity
  8
03___PRT_ALL_CURVES
  6
Continuous
 62
     4
100
AcDbSpline
210
0.0
220
0.0
230
1.0
 70
     8
 71
     3
 72
     8
 73
     4
 74
     0
 42
0.0000001
 43
0.0000000001
 40
0.0
 40
0.0
 40
0.0
 40
0.0
 40
1.0
 40
1.0
 40
1.0
 40
1.0
 10
22.22223748838002
 20
48.55873125927997
 30
0.0
 10
22.20313788218002
 20
48.64849930935998
 30
0.0
 10
22.19454306066001
 20
48.74686220889996
 30
0.0
 10
22.19454306066001
 20
48.85572985502003
 30
0.0
  0
SPLINE
  5
690
330
2AF
100
AcDbEntity
  8
03___PRT_ALL_CURVES
  6
Continuous
 62
     4
100
AcDbSpline
210
0.0
220
0.0
230
1.0
 70
     8
 71
     3
 72
     8
 73
     4
 74
     0
 42
0.0000001
 43
0.0000000001
 40
0.0
 40
0.0
 40
0.0
 40
0.0
 40
1.0
 40
1.0
 40
1.0
 40
1.0
 10
22.58035471220001
 20
48.85477489122002
 30
0.0
 10
22.58035471220001
 20
48.67619374469999
 30
0.0
 10
22.59563443272
 20
48.55395634122002
 30
0.0
 10
22.62714877152001
 20
48.48901769791996
 30
0.0
  0
SPLINE
  5
691
330
2AF
100
AcDbEntity
  8
03___PRT_ALL_CURVES
  6
Continuous
 62
     4
100
AcDbSpline
210
0.0
220
0.0
230
1.0
 70
     8
 71
     3
 72
     8
 73
     4
 74
     0
 42
0.0000001
 43
0.0000000001
 40
0.0
 40
0.0
 40
0.0
 40
0.0
 40
1.0
 40
1.0
 40
1.0
 40
1.0
 10
22.62714877152001
 20
48.48901769791996
 30
0.0
 10
22.65866307984001
 20
48.42407912065997
 30
0.0
 10
22.70450207884002
 20
48.39160981552001
 30
0.0
 10
22.76466583964
 20
48.39160981552001
 30
0.0
  0
SPLINE
  5
692
330
2AF
100
AcDbEntity
  8
03___PRT_ALL_CURVES
  6
Continuous
 62
     4
100
AcDbSpline
210
0.0
220
0.0
230
1.0
 70
     8
 71
     3
 72
     8
 73
     4
 74
     0
 42
0.0000001
 43
0.0000000001
 40
0.0
 40
0.0
 40
0.0
 40
0.0
 40
1.0
 40
1.0
 40
1.0
 40
1.0
 10
22.76466583964
 20
48.39160981552001
 30
0.0
 10
22.80381993963999
 20
48.39160981552001
 30
0.0
 10
22.8381992308
 20
48.40497952969997
 30
0.0
 10
22.86684858422001
 20
48.43267394217997
 30
0.0
  0
SPLINE
  5
693
330
2AF
100
AcDbEntity
  8
03___PRT_ALL_CURVES
  6
Continuous
 62
     4
100
AcDbSpline
210
0.0
220
0.0
230
1.0
 70
     8
 71
     3
 72
     8
 73
     4
 74
     0
 42
0.0000001
 43
0.0000000001
 40
0.0
 40
0.0
 40
0.0
 40
0.0
 40
1.0
 40
1.0
 40
1.0
 40
1.0
 10
22.86684858422001
 20
48.43267394217997
 30
0.0
 10
22.89549793763999
 20
48.46036835466001
 30
0.0
 10
22.9174625597
 20
48.50429741081996
 30
0.0
 10
22.93093414058001
 20
48.56443838274001
 30
0.0
  0
SPLINE
  5
694
330
2AF
100
AcDbEntity
  8
03___PRT_ALL_CURVES
  6
Continuous
 62
     4
100
AcDbSpline
210
0.0
220
0.0
230
1.0
 70
     8
 71
     3
 72
     8
 73
     4
 74
     0
 42
0.0000001
 43
0.0000000001
 40
0.0
 40
0.0
 40
0.0
 40
0.0
 40
1.0
 40
1.0
 40
1.0
 40
1.0
 10
22.93093414058001
 20
48.56443838274001
 30
0.0
 10
22.94420199060002
 20
48.62366984416002
 30
0.0
 10
22.95184185086003
 20
48.71725785104002
 30
0.0
 10
22.95184185086003
 20
48.84427010400003
 30
0.0
  0
SPLINE
  5
695
330
2AF
100
AcDbEntity
  8
03___PRT_ALL_CURVES
  6
Continuous
 62
     4
100
AcDbSpline
210
0.0
220
0.0
230
1.0
 70
     8
 71
     3
 72
     8
 73
     4
 74
     0
 42
0.0000001
 43
0.0000000001
 40
0.0
 40
0.0
 40
0.0
 40
0.0
 40
1.0
 40
1.0
 40
1.0
 40
1.0
 10
22.95184185086003
 20
48.84427010400003
 30
0.0
 10
22.95184185086003
 20
49.02953615205999
 30
0.0
 10
22.93560716654002
 20
49.15463847995997
 30
0.0
 10
22.90409282774002
 20
49.21862212136
 30
0.0
  0
SPLINE
  5
696
330
2AF
100
AcDbEntity
  8
03___PRT_ALL_CURVES
  6
Continuous
 62
     4
100
AcDbSpline
210
0.0
220
0.0
230
1.0
 70
     8
 71
     3
 72
     8
 73
     4
 74
     0
 42
0.0000001
 43
0.0000000001
 40
0.0
 40
0.0
 40
0.0
 40
0.0
 40
1.0
 40
1.0
 40
1.0
 40
1.0
 10
22.90409282774002
 20
49.21862212136
 30
0.0
 10
22.87257852196001
 20
49.28260569672
 30
0.0
 10
22.8257845617
 20
49.31507506282
 30
0.0
 10
22.76275591458003
 20
49.31507506282
 30
0.0
  0
SPLINE
  5
697
330
2AF
100
AcDbEntity
  8
03___PRT_ALL_CURVES
  6
Continuous
 62
     4
100
AcDbSpline
210
0.0
220
0.0
230
1.0
 70
     8
 71
     3
 72
     8
 73
     4
 74
     0
 42
0.0000001
 43
0.0000000001
 40
0.0
 40
0.0
 40
0.0
 40
0.0
 40
1.0
 40
1.0
 40
1.0
 40
1.0
 10
22.76275591458003
 20
49.31507506282
 30
0.0
 10
22.69781717984003
 20
49.31507506282
 30
0.0
 10
22.6519781783
 20
49.28165073291999
 30
0.0
 10
22.62332884012002
 20
49.21671215820001
 30
0.0
  0
SPLINE
  5
698
330
2AF
100
AcDbEntity
  8
03___PRT_ALL_CURVES
  6
Continuous
 62
     4
100
AcDbSpline
210
0.0
220
0.0
230
1.0
 70
     8
 71
     3
 72
     8
 73
     4
 74
     0
 42
0.0000001
 43
0.0000000001
 40
0.0
 40
0.0
 40
0.0
 40
0.0
 40
1.0
 40
1.0
 40
1.0
 40
1.0
 10
22.62332884012002
 20
49.21671215820001
 30
0.0
 10
22.59467947146004
 20
49.15177351235997
 30
0.0
 10
22.58035471220001
 20
49.03049111331998
 30
0.0
 10
22.58035471220001
 20
48.85477489122002
 30
0.0
  0
SPLINE
  5
699
330
2AF
100
AcDbEntity
  8
03___PRT_ALL_CURVES
  6
Continuous
 62
     4
100
AcDbSpline
210
0.0
220
0.0
230
1.0
 70
     8
 71
     3
 72
     8
 73
     4
 74
     0
 42
0.0000001
 43
0.0000000001
 40
0.0
 40
0.0
 40
0.0
 40
0.0
 40
1.0
 40
1.0
 40
1.0
 40
1.0
 10
20.86425643244004
 20
44.64999999878
 30
0.0
 10
20.87762614662
 20
44.76459754199999
 30
0.0
 10
20.91773528154002
 20
44.87346520589998
 30
0.0
 10
20.98553882894001
 20
44.97469303239998
 30
0.0
  0
SPLINE
  5
69A
330
2AF
100
AcDbEntity
  8
03___PRT_ALL_CURVES
  6
Continuous
 62
     4
100
AcDbSpline
210
0.0
220
0.0
230
1.0
 70
     8
 71
     3
 72
     8
 73
     4
 74
     0
 42
0.0000001
 43
0.0000000001
 40
0.0
 40
0.0
 40
0.0
 40
0.0
 40
1.0
 40
1.0
 40
1.0
 40
1.0
 10
20.98553882894001
 20
44.97469303239998
 30
0.0
 10
21.05334238904004
 20
45.07592087921998
 30
0.0
 10
21.18035466232004
 20
45.19624827382
 30
0.0
 10
21.36754079544005
 20
45.33470658465998
 30
0.0
  0
SPLINE
  5
69B
330
2AF
100
AcDbEntity
  8
03___PRT_ALL_CURVES
  6
Continuous
 62
     4
100
AcDbSpline
210
0.0
220
0.0
230
1.0
 70
     8
 71
     3
 72
     8
 73
     4
 74
     0
 42
0.0000001
 43
0.0000000001
 40
0.0
 40
0.0
 40
0.0
 40
0.0
 40
1.0
 40
1.0
 40
1.0
 40
1.0
 10
21.36754079544005
 20
45.33470658465998
 30
0.0
 10
21.48117321486004
 20
45.41875849936
 30
0.0
 10
21.55375164475998
 20
45.48369715281999
 30
0.0
 10
21.58590974656002
 20
45.5278545372
 30
0.0
  0
SPLINE
  5
69C
330
2AF
100
AcDbEntity
  8
03___PRT_ALL_CURVES
  6
Continuous
 62
     4
100
AcDbSpline
210
0.0
220
0.0
230
1.0
 70
     8
 71
     3
 72
     8
 73
     4
 74
     0
 42
0.0000001
 43
0.0000000001
 40
0.0
 40
0.0
 40
0.0
 40
0.0
 40
1.0
 40
1.0
 40
1.0
 40
1.0
 10
21.58590974656002
 20
45.5278545372
 30
0.0
 10
21.61773525059999
 20
45.57155522195995
 30
0.0
 10
21.63396993492003
 20
45.61261941212001
 30
0.0
 10
21.63396993492003
 20
45.65272847337997
 30
0.0
  0
SPLINE
  5
69D
330
2AF
100
AcDbEntity
  8
03___PRT_ALL_CURVES
  6
Continuous
 62
     4
100
AcDbSpline
210
0.0
220
0.0
230
1.0
 70
     8
 71
     3
 72
     8
 73
     4
 74
     0
 42
0.0000001
 43
0.0000000001
 40
0.0
 40
0.0
 40
0.0
 40
0.0
 40
1.0
 40
1.0
 40
1.0
 40
1.0
 10
21.63396993492003
 20
45.65272847337997
 30
0.0
 10
21.63396993492003
 20
45.69474762733998
 30
0.0
 10
21.61773525059999
 20
45.73103684102
 30
0.0
 10
21.58622092958001
 20
45.76159620331998
 30
0.0
  0
SPLINE
  5
69E
330
2AF
100
AcDbEntity
  8
03___PRT_ALL_CURVES
  6
Continuous
 62
     4
100
AcDbSpline
210
0.0
220
0.0
230
1.0
 70
     8
 71
     3
 72
     8
 73
     4
 74
     0
 42
0.0000001
 43
0.0000000001
 40
0.0
 40
0.0
 40
0.0
 40
0.0
 40
1.0
 40
1.0
 40
1.0
 40
1.0
 10
21.58622092958001
 20
45.76159620331998
 30
0.0
 10
21.55470660602003
 20
45.79215556307997
 30
0.0
 10
21.51555250602004
 20
45.80743520231999
 30
0.0
 10
21.46780349814
 20
45.80743520231999
 30
0.0
  0
SPLINE
  5
69F
330
2AF
100
AcDbEntity
  8
03___PRT_ALL_CURVES
  6
Continuous
 62
     4
100
AcDbSpline
210
0.0
220
0.0
230
1.0
 70
     8
 71
     3
 72
     8
 73
     4
 74
     0
 42
0.0000001
 43
0.0000000001
 40
0.0
 40
0.0
 40
0.0
 40
0.0
 40
1.0
 40
1.0
 40
1.0
 40
1.0
 10
21.46780349814
 20
45.80743520231999
 30
0.0
 10
21.41814456774003
 20
45.80743520231999
 30
0.0
 10
21.37708046140003
 20
45.79120051800001
 30
0.0
 10
21.34580394279999
 20
45.76039789735998
 30
0.0
  0
SPLINE
  5
6A0
330
2AF
100
AcDbEntity
  8
03___PRT_ALL_CURVES
  6
Continuous
 62
     4
100
AcDbSpline
210
0.0
220
0.0
230
1.0
 70
     8
 71
     3
 72
     8
 73
     4
 74
     0
 42
0.0000001
 43
0.0000000001
 40
0.0
 40
0.0
 40
0.0
 40
0.0
 40
1.0
 40
1.0
 40
1.0
 40
1.0
 10
21.34580394279999
 20
45.76039789735998
 30
0.0
 10
21.31405177364002
 20
45.72912683468002
 30
0.0
 10
21.29304223984005
 20
45.67373805035999
 30
0.0
 10
21.28253745008001
 20
45.59542976654004
 30
0.0
  0
SPLINE
  5
6A1
330
2AF
100
AcDbEntity
  8
03___PRT_ALL_CURVES
  6
Continuous
 62
     4
100
AcDbSpline
210
0.0
220
0.0
230
1.0
 70
     8
 71
     3
 72
     8
 73
     4
 74
     0
 42
0.0000001
 43
0.0000000001
 40
0.0
 40
0.0
 40
0.0
 40
0.0
 40
1.0
 40
1.0
 40
1.0
 40
1.0
 10
20.89290581634
 20
45.62694408755999
 30
0.0
 10
20.9081854886
 20
45.73581173368001
 30
0.0
 10
20.93587990108
 20
45.82175988029996
 30
0.0
 10
20.97661326640002
 20
45.88309953156002
 30
0.0
  0
SPLINE
  5
6A2
330
2AF
100
AcDbEntity
  8
03___PRT_ALL_CURVES
  6
Continuous
 62
     4
100
AcDbSpline
210
0.0
220
0.0
230
1.0
 70
     8
 71
     3
 72
     8
 73
     4
 74
     0
 42
0.0000001
 43
0.0000000001
 40
0.0
 40
0.0
 40
0.0
 40
0.0
 40
1.0
 40
1.0
 40
1.0
 40
1.0
 10
20.97661326640002
 20
45.88309953156002
 30
0.0
 10
21.01705315250001
 20
45.9439972406
 30
0.0
 10
21.07435192538
 20
45.99174624593996
 30
0.0
 10
21.14884032352003
 20
46.02421556886
 30
0.0
  0
SPLINE
  5
6A3
330
2AF
100
AcDbEntity
  8
03___PRT_ALL_CURVES
  6
Continuous
 62
     4
100
AcDbSpline
210
0.0
220
0.0
230
1.0
 70
     8
 71
     3
 72
     8
 73
     4
 74
     0
 42
0.0000001
 43
0.0000000001
 40
0.0
 40
0.0
 40
0.0
 40
0.0
 40
1.0
 40
1.0
 40
1.0
 40
1.0
 10
21.14884032352003
 20
46.02421556886
 30
0.0
 10
21.22332873690004
 20
46.05668489939995
 30
0.0
 10
21.32551156530002
 20
46.07387454497999
 30
0.0
 10
21.45729871092001
 20
46.07387454497999
 30
0.0
  0
SPLINE
  5
6A4
330
2AF
100
AcDbEntity
  8
03___PRT_ALL_CURVES
  6
Continuous
 62
     4
100
AcDbSpline
210
0.0
220
0.0
230
1.0
 70
     8
 71
     3
 72
     8
 73
     4
 74
     0
 42
0.0000001
 43
0.0000000001
 40
0.0
 40
0.0
 40
0.0
 40
0.0
 40
1.0
 40
1.0
 40
1.0
 40
1.0
 10
21.45729871092001
 20
46.07387454497999
 30
0.0
 10
21.59386078984005
 20
46.07387454497999
 30
0.0
 10
21.69986354964001
 20
46.05763986065998
 30
0.0
 10
21.77609651376
 20
46.02667021216001
 30
0.0
  0
SPLINE
  5
6A5
330
2AF
100
AcDbEntity
  8
03___PRT_ALL_CURVES
  6
Continuous
 62
     4
100
AcDbSpline
210
0.0
220
0.0
230
1.0
 70
     8
 71
     3
 72
     8
 73
     4
 74
     0
 42
0.0000001
 43
0.0000000001
 40
0.0
 40
0.0
 40
0.0
 40
0.0
 40
1.0
 40
1.0
 40
1.0
 40
1.0
 10
21.77609651376
 20
46.02667021216001
 30
0.0
 10
21.85266027224
 20
45.99556617733998
 30
0.0
 10
21.91186898542003
 20
45.94781716946
 30
0.0
 10
21.95579804412
 20
45.88287858712002
 30
0.0
  0
SPLINE
  5
6A6
330
2AF
100
AcDbEntity
  8
03___PRT_ALL_CURVES
  6
Continuous
 62
     4
100
AcDbSpline
210
0.0
220
0.0
230
1.0
 70
     8
 71
     3
 72
     8
 73
     4
 74
     0
 42
0.0000001
 43
0.0000000001
 40
0.0
 40
0.0
 40
0.0
 40
0.0
 40
1.0
 40
1.0
 40
1.0
 40
1.0
 10
21.95579804412
 20
45.88287858712002
 30
0.0
 10
21.99972713838002
 20
45.81793994889998
 30
0.0
 10
22.02169159280001
 20
45.74631648025999
 30
0.0
 10
22.02169159280001
 20
45.6660981901
 30
0.0
  0
SPLINE
  5
6A7
330
2AF
100
AcDbEntity
  8
03___PRT_ALL_CURVES
  6
Continuous
 62
     4
100
AcDbSpline
210
0.0
220
0.0
230
1.0
 70
     8
 71
     3
 72
     8
 73
     4
 74
     0
 42
0.0000001
 43
0.0000000001
 40
0.0
 40
0.0
 40
0.0
 40
0.0
 40
1.0
 40
1.0
 40
1.0
 40
1.0
 10
22.02169159280001
 20
45.6660981901
 30
0.0
 10
22.02169159280001
 20
45.58015004347999
 30
0.0
 10
21.99590720698001
 20
45.49897678952001
 30
0.0
 10
21.94646460584002
 20
45.42148501663999
 30
0.0
  0
SPLINE
  5
6A8
330
2AF
100
AcDbEntity
  8
03___PRT_ALL_CURVES
  6
Continuous
 62
     4
100
AcDbSpline
210
0.0
220
0.0
230
1.0
 70
     8
 71
     3
 72
     8
 73
     4
 74
     0
 42
0.0000001
 43
0.0000000001
 40
0.0
 40
0.0
 40
0.0
 40
0.0
 40
1.0
 40
1.0
 40
1.0
 40
1.0
 10
21.94646460584002
 20
45.42148501663999
 30
0.0
 10
21.89658934618004
 20
45.34331514250002
 30
0.0
 10
21.80586622562001
 20
45.25832195967999
 30
0.0
 10
21.67389937500002
 20
45.16594514671999
 30
0.0
  0
LINE
  5
6A9
330
2AF
100
AcDbEntity
  8
03___PRT_ALL_CURVES
  6
Continuous
 62
     4
100
AcDbLine
 10
21.67389937500002
 20
45.16594514671999
 30
0.0
 11
21.51673902384002
 21
45.05175496616002
 31
0.0
  0
LINE
  5
6AA
330
2AF
100
AcDbEntity
  8
03___PRT_ALL_CURVES
  6
Continuous
 62
     4
100
AcDbLine
 10
21.51673902384002
 20
45.05175496616002
 30
0.0
 11
21.42387442166
 21
44.96705321277997
 31
0.0
  0
SPLINE
  5
6AB
330
2AF
100
AcDbEntity
  8
03___PRT_ALL_CURVES
  6
Continuous
 62
     4
100
AcDbSpline
210
0.0
220
0.0
230
1.0
 70
     8
 71
     3
 72
     8
 73
     4
 74
     0
 42
0.0000001
 43
0.0000000001
 40
0.0
 40
0.0
 40
0.0
 40
0.0
 40
1.0
 40
1.0
 40
1.0
 40
1.0
 10
22.16875846148
 20
44.64999999878
 30
0.0
 10
22.18212817566004
 20
44.76459754199999
 30
0.0
 10
22.22223732073999
 20
44.87346520589998
 30
0.0
 10
22.29004088084002
 20
44.97469307558003
 30
0.0
  0
SPLINE
  5
6AC
330
2AF
100
AcDbEntity
  8
03___PRT_ALL_CURVES
  6
Continuous
 62
     4
100
AcDbSpline
210
0.0
220
0.0
230
1.0
 70
     8
 71
     3
 72
     8
 73
     4
 74
     0
 42
0.0000001
 43
0.0000000001
 40
0.0
 40
0.0
 40
0.0
 40
0.0
 40
1.0
 40
1.0
 40
1.0
 40
1.0
 10
22.29004088084002
 20
44.97469307558003
 30
0.0
 10
22.35784439776
 20
45.07592087921998
 30
0.0
 10
22.48485665071999
 20
45.19624827382
 30
0.0
 10
22.67204282702002
 20
45.33470657957997
 30
0.0
  0
SPLINE
  5
6AD
330
2AF
100
AcDbEntity
  8
03___PRT_ALL_CURVES
  6
Continuous
 62
     4
100
AcDbSpline
210
0.0
220
0.0
230
1.0
 70
     8
 71
     3
 72
     8
 73
     4
 74
     0
 42
0.0000001
 43
0.0000000001
 40
0.0
 40
0.0
 40
0.0
 40
0.0
 40
1.0
 40
1.0
 40
1.0
 40
1.0
 10
22.67204282702002
 20
45.33470657957997
 30
0.0
 10
22.78567528454002
 20
45.41875849936
 30
0.0
 10
22.85825371444
 20
45.48369715281999
 30
0.0
 10
22.89041184671999
 20
45.52785457784
 30
0.0
  0
SPLINE
  5
6AE
330
2AF
100
AcDbEntity
  8
03___PRT_ALL_CURVES
  6
Continuous
 62
     4
100
AcDbSpline
210
0.0
220
0.0
230
1.0
 70
     8
 71
     3
 72
     8
 73
     4
 74
     0
 42
0.0000001
 43
0.0000000001
 40
0.0
 40
0.0
 40
0.0
 40
0.0
 40
1.0
 40
1.0
 40
1.0
 40
1.0
 10
22.89041184671999
 20
45.52785457784
 30
0.0
 10
22.92223732027998
 20
45.57155522195995
 30
0.0
 10
22.93847200459999
 20
45.61261941212001
 30
0.0
 10
22.93847200459999
 20
45.65272847337997
 30
0.0
  0
SPLINE
  5
6AF
330
2AF
100
AcDbEntity
  8
03___PRT_ALL_CURVES
  6
Continuous
 62
     4
100
AcDbSpline
210
0.0
220
0.0
230
1.0
 70
     8
 71
     3
 72
     8
 73
     4
 74
     0
 42
0.0000001
 43
0.0000000001
 40
0.0
 40
0.0
 40
0.0
 40
0.0
 40
1.0
 40
1.0
 40
1.0
 40
1.0
 10
22.93847200459999
 20
45.65272847337997
 30
0.0
 10
22.93847200459999
 20
45.69474762733998
 30
0.0
 10
22.92223732027998
 20
45.73103684102
 30
0.0
 10
22.89072304244002
 20
45.76159616013999
 30
0.0
  0
SPLINE
  5
6B0
330
2AF
100
AcDbEntity
  8
03___PRT_ALL_CURVES
  6
Continuous
 62
     4
100
AcDbSpline
210
0.0
220
0.0
230
1.0
 70
     8
 71
     3
 72
     8
 73
     4
 74
     0
 42
0.0000001
 43
0.0000000001
 40
0.0
 40
0.0
 40
0.0
 40
0.0
 40
1.0
 40
1.0
 40
1.0
 40
1.0
 10
22.89072304244002
 20
45.76159616013999
 30
0.0
 10
22.85920867570002
 20
45.79215556307997
 30
0.0
 10
22.8200545757
 20
45.80743520231999
 30
0.0
 10
22.77230548400004
 20
45.80743520231999
 30
0.0
  0
SPLINE
  5
6B1
330
2AF
100
AcDbEntity
  8
03___PRT_ALL_CURVES
  6
Continuous
 62
     4
100
AcDbSpline
210
0.0
220
0.0
230
1.0
 70
     8
 71
     3
 72
     8
 73
     4
 74
     0
 42
0.0000001
 43
0.0000000001
 40
0.0
 40
0.0
 40
0.0
 40
0.0
 40
1.0
 40
1.0
 40
1.0
 40
1.0
 10
22.77230548400004
 20
45.80743520231999
 30
0.0
 10
22.72264663742004
 20
45.80743520231999
 30
0.0
 10
22.68158244726001
 20
45.79120051800001
 30
0.0
 10
22.65030598200002
 20
45.76039793037998
 30
0.0
  0
SPLINE
  5
6B2
330
2AF
100
AcDbEntity
  8
03___PRT_ALL_CURVES
  6
Continuous
 62
     4
100
AcDbSpline
210
0.0
220
0.0
230
1.0
 70
     8
 71
     3
 72
     8
 73
     4
 74
     0
 42
0.0000001
 43
0.0000000001
 40
0.0
 40
0.0
 40
0.0
 40
0.0
 40
1.0
 40
1.0
 40
1.0
 40
1.0
 10
22.65030598200002
 20
45.76039793037998
 30
0.0
 10
22.61855380268
 20
45.72912683468002
 30
0.0
 10
22.59754430952003
 20
45.67373805035999
 30
0.0
 10
22.58703956294005
 20
45.59542976654004
 30
0.0
  0
SPLINE
  5
6B3
330
2AF
100
AcDbEntity
  8
03___PRT_ALL_CURVES
  6
Continuous
 62
     4
100
AcDbSpline
210
0.0
220
0.0
230
1.0
 70
     8
 71
     3
 72
     8
 73
     4
 74
     0
 42
0.0000001
 43
0.0000000001
 40
0.0
 40
0.0
 40
0.0
 40
0.0
 40
1.0
 40
1.0
 40
1.0
 40
1.0
 10
22.19740789871997
 20
45.62694408755999
 30
0.0
 10
22.21268753796002
 20
45.73581173368001
 30
0.0
 10
22.24038193012004
 20
45.82175988029996
 30
0.0
 10
22.28111531575999
 20
45.88309956458002
 30
0.0
  0
SPLINE
  5
6B4
330
2AF
100
AcDbEntity
  8
03___PRT_ALL_CURVES
  6
Continuous
 62
     4
100
AcDbSpline
210
0.0
220
0.0
230
1.0
 70
     8
 71
     3
 72
     8
 73
     4
 74
     0
 42
0.0000001
 43
0.0000000001
 40
0.0
 40
0.0
 40
0.0
 40
0.0
 40
1.0
 40
1.0
 40
1.0
 40
1.0
 10
22.28111531575999
 20
45.88309956458002
 30
0.0
 10
22.32155518154005
 20
45.9439972406
 30
0.0
 10
22.37885405602003
 20
45.99174624593996
 30
0.0
 10
22.45334239574001
 20
46.02421556631998
 30
0.0
  0
SPLINE
  5
6B5
330
2AF
100
AcDbEntity
  8
03___PRT_ALL_CURVES
  6
Continuous
 62
     4
100
AcDbSpline
210
0.0
220
0.0
230
1.0
 70
     8
 71
     3
 72
     8
 73
     4
 74
     0
 42
0.0000001
 43
0.0000000001
 40
0.0
 40
0.0
 40
0.0
 40
0.0
 40
1.0
 40
1.0
 40
1.0
 40
1.0
 10
22.45334239574001
 20
46.02421556631998
 30
0.0
 10
22.5278307634
 20
46.05668489939995
 30
0.0
 10
22.63001367816
 20
46.07387454497999
 30
0.0
 10
22.76180073995999
 20
46.07387454497999
 30
0.0
  0
SPLINE
  5
6B6
330
2AF
100
AcDbEntity
  8
03___PRT_ALL_CURVES
  6
Continuous
 62
     4
100
AcDbSpline
210
0.0
220
0.0
230
1.0
 70
     8
 71
     3
 72
     8
 73
     4
 74
     0
 42
0.0000001
 43
0.0000000001
 40
0.0
 40
0.0
 40
0.0
 40
0.0
 40
1.0
 40
1.0
 40
1.0
 40
1.0
 10
22.76180073995999
 20
46.07387454497999
 30
0.0
 10
22.89836277570001
 20
46.07387454497999
 30
0.0
 10
23.0043655355
 20
46.05763986065998
 30
0.0
 10
23.08059857327999
 20
46.02667018168
 30
0.0
  0
SPLINE
  5
6B7
330
2AF
100
AcDbEntity
  8
03___PRT_ALL_CURVES
  6
Continuous
 62
     4
100
AcDbSpline
210
0.0
220
0.0
230
1.0
 70
     8
 71
     3
 72
     8
 73
     4
 74
     0
 42
0.0000001
 43
0.0000000001
 40
0.0
 40
0.0
 40
0.0
 40
0.0
 40
1.0
 40
1.0
 40
1.0
 40
1.0
 10
23.08059857327999
 20
46.02667018168
 30
0.0
 10
23.15716225810002
 20
45.99556617733998
 30
0.0
 10
23.21637105510001
 20
45.94781716946
 30
0.0
 10
23.26030011380001
 20
45.88287858712002
 30
0.0
  0
SPLINE
  5
6B8
330
2AF
100
AcDbEntity
  8
03___PRT_ALL_CURVES
  6
Continuous
 62
     4
100
AcDbSpline
210
0.0
220
0.0
230
1.0
 70
     8
 71
     3
 72
     8
 73
     4
 74
     0
 42
0.0000001
 43
0.0000000001
 40
0.0
 40
0.0
 40
0.0
 40
0.0
 40
1.0
 40
1.0
 40
1.0
 40
1.0
 10
23.26030011380001
 20
45.88287858712002
 30
0.0
 10
23.30422920806004
 20
45.81793994889998
 30
0.0
 10
23.32619366248002
 20
45.74631648025999
 30
0.0
 10
23.32619366248002
 20
45.6660981901
 30
0.0
  0
SPLINE
  5
6B9
330
2AF
100
AcDbEntity
  8
03___PRT_ALL_CURVES
  6
Continuous
 62
     4
100
AcDbSpline
210
0.0
220
0.0
230
1.0
 70
     8
 71
     3
 72
     8
 73
     4
 74
     0
 42
0.0000001
 43
0.0000000001
 40
0.0
 40
0.0
 40
0.0
 40
0.0
 40
1.0
 40
1.0
 40
1.0
 40
1.0
 10
23.32619366248002
 20
45.6660981901
 30
0.0
 10
23.32619366248002
 20
45.58015004347999
 30
0.0
 10
23.30040919538004
 20
45.49897678952001
 30
0.0
 10
23.25096661456001
 20
45.42148505473997
 30
0.0
  0
SPLINE
  5
6BA
330
2AF
100
AcDbEntity
  8
03___PRT_ALL_CURVES
  6
Continuous
 62
     4
100
AcDbSpline
210
0.0
220
0.0
230
1.0
 70
     8
 71
     3
 72
     8
 73
     4
 74
     0
 42
0.0000001
 43
0.0000000001
 40
0.0
 40
0.0
 40
0.0
 40
0.0
 40
1.0
 40
1.0
 40
1.0
 40
1.0
 10
23.25096661456001
 20
45.42148505473997
 30
0.0
 10
23.20109133458001
 20
45.34331514250002
 30
0.0
 10
23.11036829530002
 20
45.25832195967999
 30
0.0
 10
22.97840138879999
 20
45.16594510861998
 30
0.0
  0
LINE
  5
6BB
330
2AF
100
AcDbEntity
  8
03___PRT_ALL_CURVES
  6
Continuous
 62
     4
100
AcDbLine
 10
22.97840138879999
 20
45.16594510861998
 30
0.0
 11
22.82124109352
 21
45.05175496616002
 31
0.0
  0
LINE
  5
6BC
330
2AF
100
AcDbEntity
  8
03___PRT_ALL_CURVES
  6
Continuous
 62
     4
100
AcDbLine
 10
22.82124109352
 20
45.05175496616002
 30
0.0
 11
22.72837641006001
 21
44.96705321277997
 31
0.0
  0
SPLINE
  5
6BD
330
2AF
100
AcDbEntity
  8
03___PRT_ALL_CURVES
  6
Continuous
 62
     4
100
AcDbSpline
210
0.0
220
0.0
230
1.0
 70
     8
 71
     3
 72
     8
 73
     4
 74
     0
 42
0.0000001
 43
0.0000000001
 40
0.0
 40
0.0
 40
0.0
 40
0.0
 40
1.0
 40
1.0
 40
1.0
 40
1.0
 10
20.84181444786003
 20
41.14999999854001
 30
0.0
 10
20.85518416458001
 20
41.26459754176
 30
0.0
 10
20.89529329950003
 20
41.3734652082
 30
0.0
 10
20.96309684690004
 20
41.47469303470001
 30
0.0
  0
SPLINE
  5
6BE
330
2AF
100
AcDbEntity
  8
03___PRT_ALL_CURVES
  6
Continuous
 62
     4
100
AcDbSpline
210
0.0
220
0.0
230
1.0
 70
     8
 71
     3
 72
     8
 73
     4
 74
     0
 42
0.0000001
 43
0.0000000001
 40
0.0
 40
0.0
 40
0.0
 40
0.0
 40
1.0
 40
1.0
 40
1.0
 40
1.0
 10
20.96309684690004
 20
41.47469303470001
 30
0.0
 10
21.03090040700002
 20
41.57592087897999
 30
0.0
 10
21.15791268028002
 20
41.69624827357998
 30
0.0
 10
21.34509881086004
 20
41.83470658441999
 30
0.0
  0
SPLINE
  5
6BF
330
2AF
100
AcDbEntity
  8
03___PRT_ALL_CURVES
  6
Continuous
 62
     4
100
AcDbSpline
210
0.0
220
0.0
230
1.0
 70
     8
 71
     3
 72
     8
 73
     4
 74
     0
 42
0.0000001
 43
0.0000000001
 40
0.0
 40
0.0
 40
0.0
 40
0.0
 40
1.0
 40
1.0
 40
1.0
 40
1.0
 10
21.34509881086004
 20
41.83470658441999
 30
0.0
 10
21.45873123028002
 20
41.91875849911997
 30
0.0
 10
21.53130966018003
 20
41.98369715258002
 30
0.0
 10
21.56346776198001
 20
42.02785453695998
 30
0.0
  0
SPLINE
  5
6C0
330
2AF
100
AcDbEntity
  8
03___PRT_ALL_CURVES
  6
Continuous
 62
     4
100
AcDbSpline
210
0.0
220
0.0
230
1.0
 70
     8
 71
     3
 72
     8
 73
     4
 74
     0
 42
0.0000001
 43
0.0000000001
 40
0.0
 40
0.0
 40
0.0
 40
0.0
 40
1.0
 40
1.0
 40
1.0
 40
1.0
 10
21.56346776198001
 20
42.02785453695998
 30
0.0
 10
21.59529326856
 20
42.07155522172002
 30
0.0
 10
21.61152795288001
 20
42.11261941187999
 30
0.0
 10
21.61152795288001
 20
42.15272847314
 30
0.0
  0
SPLINE
  5
6C1
330
2AF
100
AcDbEntity
  8
03___PRT_ALL_CURVES
  6
Continuous
 62
     4
100
AcDbSpline
210
0.0
220
0.0
230
1.0
 70
     8
 71
     3
 72
     8
 73
     4
 74
     0
 42
0.0000001
 43
0.0000000001
 40
0.0
 40
0.0
 40
0.0
 40
0.0
 40
1.0
 40
1.0
 40
1.0
 40
1.0
 10
21.61152795288001
 20
42.15272847314
 30
0.0
 10
21.61152795288001
 20
42.19474762710001
 30
0.0
 10
21.59529326856
 20
42.23103684077998
 30
0.0
 10
21.56377894500002
 20
42.26159620307999
 30
0.0
  0
SPLINE
  5
6C2
330
2AF
100
AcDbEntity
  8
03___PRT_ALL_CURVES
  6
Continuous
 62
     4
100
AcDbSpline
210
0.0
220
0.0
230
1.0
 70
     8
 71
     3
 72
     8
 73
     4
 74
     0
 42
0.0000001
 43
0.0000000001
 40
0.0
 40
0.0
 40
0.0
 40
0.0
 40
1.0
 40
1.0
 40
1.0
 40
1.0
 10
21.56377894500002
 20
42.26159620307999
 30
0.0
 10
21.53226462144002
 20
42.29215556283998
 30
0.0
 10
21.49311052144003
 20
42.30743520208003
 30
0.0
 10
21.44536151610001
 20
42.30743520208003
 30
0.0
  0
SPLINE
  5
6C3
330
2AF
100
AcDbEntity
  8
03___PRT_ALL_CURVES
  6
Continuous
 62
     4
100
AcDbSpline
210
0.0
220
0.0
230
1.0
 70
     8
 71
     3
 72
     8
 73
     4
 74
     0
 42
0.0000001
 43
0.0000000001
 40
0.0
 40
0.0
 40
0.0
 40
0.0
 40
1.0
 40
1.0
 40
1.0
 40
1.0
 10
21.44536151610001
 20
42.30743520208003
 30
0.0
 10
21.39570258570001
 20
42.30743520208003
 30
0.0
 10
21.35463847682001
 20
42.29120051776002
 30
0.0
 10
21.32336196076002
 20
42.26039789966001
 30
0.0
  0
SPLINE
  5
6C4
330
2AF
100
AcDbEntity
  8
03___PRT_ALL_CURVES
  6
Continuous
 62
     4
100
AcDbSpline
210
0.0
220
0.0
230
1.0
 70
     8
 71
     3
 72
     8
 73
     4
 74
     0
 42
0.0000001
 43
0.0000000001
 40
0.0
 40
0.0
 40
0.0
 40
0.0
 40
1.0
 40
1.0
 40
1.0
 40
1.0
 10
21.32336196076002
 20
42.26039789966001
 30
0.0
 10
21.2916097916
 20
42.22912683444
 30
0.0
 10
21.27060025525998
 20
42.17373805011999
 30
0.0
 10
21.26009546803999
 20
42.09542976629999
 30
0.0
  0
SPLINE
  5
6C5
330
2AF
100
AcDbEntity
  8
03___PRT_ALL_CURVES
  6
Continuous
 62
     4
100
AcDbSpline
210
0.0
220
0.0
230
1.0
 70
     8
 71
     3
 72
     8
 73
     4
 74
     0
 42
0.0000001
 43
0.0000000001
 40
0.0
 40
0.0
 40
0.0
 40
0.0
 40
1.0
 40
1.0
 40
1.0
 40
1.0
 10
20.87046383429998
 20
42.12694408985999
 30
0.0
 10
20.88574350402004
 20
42.23581173343999
 30
0.0
 10
20.91343791649999
 20
42.32175988006
 30
0.0
 10
20.95417128182004
 20
42.38309953132
 30
0.0
  0
SPLINE
  5
6C6
330
2AF
100
AcDbEntity
  8
03___PRT_ALL_CURVES
  6
Continuous
 62
     4
100
AcDbSpline
210
0.0
220
0.0
230
1.0
 70
     8
 71
     3
 72
     8
 73
     4
 74
     0
 42
0.0000001
 43
0.0000000001
 40
0.0
 40
0.0
 40
0.0
 40
0.0
 40
1.0
 40
1.0
 40
1.0
 40
1.0
 10
20.95417128182004
 20
42.38309953132
 30
0.0
 10
20.99461117045999
 20
42.44399724035998
 30
0.0
 10
21.05190994079999
 20
42.4917462457
 30
0.0
 10
21.12639834148001
 20
42.52421557116
 30
0.0
  0
SPLINE
  5
6C7
330
2AF
100
AcDbEntity
  8
03___PRT_ALL_CURVES
  6
Continuous
 62
     4
100
AcDbSpline
210
0.0
220
0.0
230
1.0
 70
     8
 71
     3
 72
     8
 73
     4
 74
     0
 42
0.0000001
 43
0.0000000001
 40
0.0
 40
0.0
 40
0.0
 40
0.0
 40
1.0
 40
1.0
 40
1.0
 40
1.0
 10
21.12639834148001
 20
42.52421557116
 30
0.0
 10
21.20088675232003
 20
42.55668489916002
 30
0.0
 10
21.30306958326
 20
42.57387454473999
 30
0.0
 10
21.43485672634
 20
42.57387454473999
 30
0.0
  0
SPLINE
  5
6C8
330
2AF
100
AcDbEntity
  8
03___PRT_ALL_CURVES
  6
Continuous
 62
     4
100
AcDbSpline
210
0.0
220
0.0
230
1.0
 70
     8
 71
     3
 72
     8
 73
     4
 74
     0
 42
0.0000001
 43
0.0000000001
 40
0.0
 40
0.0
 40
0.0
 40
0.0
 40
1.0
 40
1.0
 40
1.0
 40
1.0
 10
21.43485672634
 20
42.57387454473999
 30
0.0
 10
21.5714188078
 20
42.57387454473999
 30
0.0
 10
21.67742156760002
 20
42.55763986041998
 30
0.0
 10
21.75365453172
 20
42.52667021191999
 30
0.0
  0
SPLINE
  5
6C9
330
2AF
100
AcDbEntity
  8
03___PRT_ALL_CURVES
  6
Continuous
 62
     4
100
AcDbSpline
210
0.0
220
0.0
230
1.0
 70
     8
 71
     3
 72
     8
 73
     4
 74
     0
 42
0.0000001
 43
0.0000000001
 40
0.0
 40
0.0
 40
0.0
 40
0.0
 40
1.0
 40
1.0
 40
1.0
 40
1.0
 10
21.75365453172
 20
42.52667021191999
 30
0.0
 10
21.83021828765999
 20
42.49556617710002
 30
0.0
 10
21.88942700338001
 20
42.44781716922
 30
0.0
 10
21.93335605954002
 20
42.38287858941999
 30
0.0
  0
SPLINE
  5
6CA
330
2AF
100
AcDbEntity
  8
03___PRT_ALL_CURVES
  6
Continuous
 62
     4
100
AcDbSpline
210
0.0
220
0.0
230
1.0
 70
     8
 71
     3
 72
     8
 73
     4
 74
     0
 42
0.0000001
 43
0.0000000001
 40
0.0
 40
0.0
 40
0.0
 40
0.0
 40
1.0
 40
1.0
 40
1.0
 40
1.0
 10
21.93335605954002
 20
42.38287858941999
 30
0.0
 10
21.97728515634
 20
42.31793994866001
 30
0.0
 10
21.99924961075999
 20
42.24631648002003
 30
0.0
 10
21.99924961075999
 20
42.16609818985998
 30
0.0
  0
SPLINE
  5
6CB
330
2AF
100
AcDbEntity
  8
03___PRT_ALL_CURVES
  6
Continuous
 62
     4
100
AcDbSpline
210
0.0
220
0.0
230
1.0
 70
     8
 71
     3
 72
     8
 73
     4
 74
     0
 42
0.0000001
 43
0.0000000001
 40
0.0
 40
0.0
 40
0.0
 40
0.0
 40
1.0
 40
1.0
 40
1.0
 40
1.0
 10
21.99924961075999
 20
42.16609818985998
 30
0.0
 10
21.99924961075999
 20
42.08015004323997
 30
0.0
 10
21.97346522494001
 20
41.99897679181996
 30
0.0
 10
21.92402262126001
 20
41.92148501893996
 30
0.0
  0
SPLINE
  5
6CC
330
2AF
100
AcDbEntity
  8
03___PRT_ALL_CURVES
  6
Continuous
 62
     4
100
AcDbSpline
210
0.0
220
0.0
230
1.0
 70
     8
 71
     3
 72
     8
 73
     4
 74
     0
 42
0.0000001
 43
0.0000000001
 40
0.0
 40
0.0
 40
0.0
 40
0.0
 40
1.0
 40
1.0
 40
1.0
 40
1.0
 10
21.92402262126001
 20
41.92148501893996
 30
0.0
 10
21.87414736414001
 20
41.84331514226
 30
0.0
 10
21.78342424358004
 20
41.75832195944
 30
0.0
 10
21.65145739296
 20
41.66594514648
 30
0.0
  0
LINE
  5
6CD
330
2AF
100
AcDbEntity
  8
03___PRT_ALL_CURVES
  6
Continuous
 62
     4
100
AcDbLine
 10
21.65145739296
 20
41.66594514648
 30
0.0
 11
21.49429703926
 21
41.55175496592
 31
0.0
  0
LINE
  5
6CE
330
2AF
100
AcDbEntity
  8
03___PRT_ALL_CURVES
  6
Continuous
 62
     4
100
AcDbLine
 10
21.49429703926
 20
41.55175496592
 30
0.0
 11
21.40143243962004
 21
41.46705321254001
 31
0.0
  0
SPLINE
  5
6CF
330
2AF
100
AcDbEntity
  8
03___PRT_ALL_CURVES
  6
Continuous
 62
     4
100
AcDbSpline
210
0.0
220
0.0
230
1.0
 70
     8
 71
     3
 72
     8
 73
     4
 74
     0
 42
0.0000001
 43
0.0000000001
 40
0.0
 40
0.0
 40
0.0
 40
0.0
 40
1.0
 40
1.0
 40
1.0
 40
1.0
 10
20.85566168204002
 20
37.65000000084001
 30
0.0
 10
20.86903139622001
 20
37.76459754152
 30
0.0
 10
20.90914053114003
 20
37.87346520795998
 30
0.0
 10
20.97694407854001
 20
37.97469303445999
 30
0.0
  0
SPLINE
  5
6D0
330
2AF
100
AcDbEntity
  8
03___PRT_ALL_CURVES
  6
Continuous
 62
     4
100
AcDbSpline
210
0.0
220
0.0
230
1.0
 70
     8
 71
     3
 72
     8
 73
     4
 74
     0
 42
0.0000001
 43
0.0000000001
 40
0.0
 40
0.0
 40
0.0
 40
0.0
 40
1.0
 40
1.0
 40
1.0
 40
1.0
 10
20.97694407854001
 20
37.97469303445999
 30
0.0
 10
21.04474763864002
 20
38.07592087873999
 30
0.0
 10
21.17175991192002
 20
38.19624827587998
 30
0.0
 10
21.35894604250004
 20
38.33470658418
 30
0.0
  0
SPLINE
  5
6D1
330
2AF
100
AcDbEntity
  8
03___PRT_ALL_CURVES
  6
Continuous
 62
     4
100
AcDbSpline
210
0.0
220
0.0
230
1.0
 70
     8
 71
     3
 72
     8
 73
     4
 74
     0
 42
0.0000001
 43
0.0000000001
 40
0.0
 40
0.0
 40
0.0
 40
0.0
 40
1.0
 40
1.0
 40
1.0
 40
1.0
 10
21.35894604250004
 20
38.33470658418
 30
0.0
 10
21.47257846192002
 20
38.41875849887998
 30
0.0
 10
21.54515689182003
 20
38.48369715234
 30
0.0
 10
21.57731499616
 20
38.52785453671999
 30
0.0
  0
SPLINE
  5
6D2
330
2AF
100
AcDbEntity
  8
03___PRT_ALL_CURVES
  6
Continuous
 62
     4
100
AcDbSpline
210
0.0
220
0.0
230
1.0
 70
     8
 71
     3
 72
     8
 73
     4
 74
     0
 42
0.0000001
 43
0.0000000001
 40
0.0
 40
0.0
 40
0.0
 40
0.0
 40
1.0
 40
1.0
 40
1.0
 40
1.0
 10
21.57731499616
 20
38.52785453671999
 30
0.0
 10
21.6091405002
 20
38.57155522147997
 30
0.0
 10
21.62537518452001
 20
38.61261941164
 30
0.0
 10
21.62537518452001
 20
38.65272847290001
 30
0.0
  0
SPLINE
  5
6D3
330
2AF
100
AcDbEntity
  8
03___PRT_ALL_CURVES
  6
Continuous
 62
     4
100
AcDbSpline
210
0.0
220
0.0
230
1.0
 70
     8
 71
     3
 72
     8
 73
     4
 74
     0
 42
0.0000001
 43
0.0000000001
 40
0.0
 40
0.0
 40
0.0
 40
0.0
 40
1.0
 40
1.0
 40
1.0
 40
1.0
 10
21.62537518452001
 20
38.65272847290001
 30
0.0
 10
21.62537518452001
 20
38.69474762685999
 30
0.0
 10
21.6091405002
 20
38.73103684054001
 30
0.0
 10
21.57762617664
 20
38.76159620283997
 30
0.0
  0
SPLINE
  5
6D4
330
2AF
100
AcDbEntity
  8
03___PRT_ALL_CURVES
  6
Continuous
 62
     4
100
AcDbSpline
210
0.0
220
0.0
230
1.0
 70
     8
 71
     3
 72
     8
 73
     4
 74
     0
 42
0.0000001
 43
0.0000000001
 40
0.0
 40
0.0
 40
0.0
 40
0.0
 40
1.0
 40
1.0
 40
1.0
 40
1.0
 10
21.57762617664
 20
38.76159620283997
 30
0.0
 10
21.54611185562004
 20
38.79215556260002
 30
0.0
 10
21.50695775308003
 20
38.80743520183998
 30
0.0
 10
21.45920874774001
 20
38.80743520183998
 30
0.0
  0
SPLINE
  5
6D5
330
2AF
100
AcDbEntity
  8
03___PRT_ALL_CURVES
  6
Continuous
 62
     4
100
AcDbSpline
210
0.0
220
0.0
230
1.0
 70
     8
 71
     3
 72
     8
 73
     4
 74
     0
 42
0.0000001
 43
0.0000000001
 40
0.0
 40
0.0
 40
0.0
 40
0.0
 40
1.0
 40
1.0
 40
1.0
 40
1.0
 10
21.45920874774001
 20
38.80743520183998
 30
0.0
 10
21.40954981734001
 20
38.80743520183998
 30
0.0
 10
21.36848570846004
 20
38.79120051752
 30
0.0
 10
21.33720919240002
 20
38.76039789941998
 30
0.0
  0
SPLINE
  5
6D6
330
2AF
100
AcDbEntity
  8
03___PRT_ALL_CURVES
  6
Continuous
 62
     4
100
AcDbSpline
210
0.0
220
0.0
230
1.0
 70
     8
 71
     3
 72
     8
 73
     4
 74
     0
 42
0.0000001
 43
0.0000000001
 40
0.0
 40
0.0
 40
0.0
 40
0.0
 40
1.0
 40
1.0
 40
1.0
 40
1.0
 10
21.33720919240002
 20
38.76039789941998
 30
0.0
 10
21.30545702324002
 20
38.7291268342
 30
0.0
 10
21.28444748690004
 20
38.67373804987997
 30
0.0
 10
21.27394269967999
 20
38.59542976606002
 30
0.0
  0
SPLINE
  5
6D7
330
2AF
100
AcDbEntity
  8
03___PRT_ALL_CURVES
  6
Continuous
 62
     4
100
AcDbSpline
210
0.0
220
0.0
230
1.0
 70
     8
 71
     3
 72
     8
 73
     4
 74
     0
 42
0.0000001
 43
0.0000000001
 40
0.0
 40
0.0
 40
0.0
 40
0.0
 40
1.0
 40
1.0
 40
1.0
 40
1.0
 10
20.88431106594001
 20
38.62694408962003
 30
0.0
 10
20.89959073566001
 20
38.73581173319999
 30
0.0
 10
20.92728514814002
 20
38.82175987982001
 30
0.0
 10
20.968018516
 20
38.88309953108001
 30
0.0
  0
SPLINE
  5
6D8
330
2AF
100
AcDbEntity
  8
03___PRT_ALL_CURVES
  6
Continuous
 62
     4
100
AcDbSpline
210
0.0
220
0.0
230
1.0
 70
     8
 71
     3
 72
     8
 73
     4
 74
     0
 42
0.0000001
 43
0.0000000001
 40
0.0
 40
0.0
 40
0.0
 40
0.0
 40
1.0
 40
1.0
 40
1.0
 40
1.0
 10
20.968018516
 20
38.88309953108001
 30
0.0
 10
21.00845840210002
 20
38.94399724011998
 30
0.0
 10
21.06575717244002
 20
38.99174624545995
 30
0.0
 10
21.14024557312001
 20
39.02421557091998
 30
0.0
  0
SPLINE
  5
6D9
330
2AF
100
AcDbEntity
  8
03___PRT_ALL_CURVES
  6
Continuous
 62
     4
100
AcDbSpline
210
0.0
220
0.0
230
1.0
 70
     8
 71
     3
 72
     8
 73
     4
 74
     0
 42
0.0000001
 43
0.0000000001
 40
0.0
 40
0.0
 40
0.0
 40
0.0
 40
1.0
 40
1.0
 40
1.0
 40
1.0
 10
21.14024557312001
 20
39.02421557091998
 30
0.0
 10
21.21473398396003
 20
39.05668489892
 30
0.0
 10
21.31691681490003
 20
39.07387454450003
 30
0.0
 10
21.44870395798003
 20
39.07387454450003
 30
0.0
  0
SPLINE
  5
6DA
330
2AF
100
AcDbEntity
  8
03___PRT_ALL_CURVES
  6
Continuous
 62
     4
100
AcDbSpline
210
0.0
220
0.0
230
1.0
 70
     8
 71
     3
 72
     8
 73
     4
 74
     0
 42
0.0000001
 43
0.0000000001
 40
0.0
 40
0.0
 40
0.0
 40
0.0
 40
1.0
 40
1.0
 40
1.0
 40
1.0
 10
21.44870395798003
 20
39.07387454450003
 30
0.0
 10
21.58526603944003
 20
39.07387454450003
 30
0.0
 10
21.69126879924002
 20
39.05763986018002
 30
0.0
 10
21.76750176336003
 20
39.02667021168
 30
0.0
  0
SPLINE
  5
6DB
330
2AF
100
AcDbEntity
  8
03___PRT_ALL_CURVES
  6
Continuous
 62
     4
100
AcDbSpline
210
0.0
220
0.0
230
1.0
 70
     8
 71
     3
 72
     8
 73
     4
 74
     0
 42
0.0000001
 43
0.0000000001
 40
0.0
 40
0.0
 40
0.0
 40
0.0
 40
1.0
 40
1.0
 40
1.0
 40
1.0
 10
21.76750176336003
 20
39.02667021168
 30
0.0
 10
21.84406551930002
 20
38.99556617686
 30
0.0
 10
21.90327423502001
 20
38.94781717151997
 30
0.0
 10
21.94720329117999
 20
38.88287858918
 30
0.0
  0
SPLINE
  5
6DC
330
2AF
100
AcDbEntity
  8
03___PRT_ALL_CURVES
  6
Continuous
 62
     4
100
AcDbSpline
210
0.0
220
0.0
230
1.0
 70
     8
 71
     3
 72
     8
 73
     4
 74
     0
 42
0.0000001
 43
0.0000000001
 40
0.0
 40
0.0
 40
0.0
 40
0.0
 40
1.0
 40
1.0
 40
1.0
 40
1.0
 10
21.94720329117999
 20
38.88287858918
 30
0.0
 10
21.99113238798
 20
38.81793994841999
 30
0.0
 10
22.01309684240005
 20
38.74631647977998
 30
0.0
 10
22.01309684240005
 20
38.66609818961999
 30
0.0
  0
SPLINE
  5
6DD
330
2AF
100
AcDbEntity
  8
03___PRT_ALL_CURVES
  6
Continuous
 62
     4
100
AcDbSpline
210
0.0
220
0.0
230
1.0
 70
     8
 71
     3
 72
     8
 73
     4
 74
     0
 42
0.0000001
 43
0.0000000001
 40
0.0
 40
0.0
 40
0.0
 40
0.0
 40
1.0
 40
1.0
 40
1.0
 40
1.0
 10
22.01309684240005
 20
38.66609818961999
 30
0.0
 10
22.01309684240005
 20
38.580150043
 30
0.0
 10
21.98731245658001
 20
38.49897679158002
 30
0.0
 10
21.93786985290001
 20
38.4214850187
 30
0.0
  0
SPLINE
  5
6DE
330
2AF
100
AcDbEntity
  8
03___PRT_ALL_CURVES
  6
Continuous
 62
     4
100
AcDbSpline
210
0.0
220
0.0
230
1.0
 70
     8
 71
     3
 72
     8
 73
     4
 74
     0
 42
0.0000001
 43
0.0000000001
 40
0.0
 40
0.0
 40
0.0
 40
0.0
 40
1.0
 40
1.0
 40
1.0
 40
1.0
 10
21.93786985290001
 20
38.4214850187
 30
0.0
 10
21.88799459578001
 20
38.34331514202
 30
0.0
 10
21.79727147521999
 20
38.2583219592
 30
0.0
 10
21.6653046246
 20
38.16594514624001
 30
0.0
  0
LINE
  5
6DF
330
2AF
100
AcDbEntity
  8
03___PRT_ALL_CURVES
  6
Continuous
 62
     4
100
AcDbLine
 10
21.6653046246
 20
38.16594514624001
 30
0.0
 11
21.50814427090003
 21
38.05175496568
 31
0.0
  0
LINE
  5
6E0
330
2AF
100
AcDbEntity
  8
03___PRT_ALL_CURVES
  6
Continuous
 62
     4
100
AcDbLine
 10
21.50814427090003
 20
38.05175496568
 30
0.0
 11
21.41527967125998
 21
37.96705321229999
 31
0.0
  0
SPLINE
  5
6E1
330
2AF
100
AcDbEntity
  8
03___PRT_ALL_CURVES
  6
Continuous
 62
     4
100
AcDbSpline
210
0.0
220
0.0
230
1.0
 70
     8
 71
     3
 72
     8
 73
     4
 74
     0
 42
0.0000001
 43
0.0000000001
 40
0.0
 40
0.0
 40
0.0
 40
0.0
 40
1.0
 40
1.0
 40
1.0
 40
1.0
 10
22.92796733168001
 20
38.68710776660001
 30
0.0
 10
22.91746241746003
 20
38.74058662586
 30
0.0
 10
22.90027293698
 20
38.77878584842
 30
0.0
 10
22.87615877642003
 20
38.80145310560002
 30
0.0
  0
SPLINE
  5
6E2
330
2AF
100
AcDbEntity
  8
03___PRT_ALL_CURVES
  6
Continuous
 62
     4
100
AcDbSpline
210
0.0
220
0.0
230
1.0
 70
     8
 71
     3
 72
     8
 73
     4
 74
     0
 42
0.0000001
 43
0.0000000001
 40
0.0
 40
0.0
 40
0.0
 40
0.0
 40
1.0
 40
1.0
 40
1.0
 40
1.0
 10
22.87615877642003
 20
38.80145310560002
 30
0.0
 10
22.85252384782004
 20
38.82366988615999
 30
0.0
 10
22.82291953314001
 20
38.83512959400002
 30
0.0
 10
22.78854024198
 20
38.83512959400002
 30
0.0
  0
SPLINE
  5
6E3
330
2AF
100
AcDbEntity
  8
03___PRT_ALL_CURVES
  6
Continuous
 62
     4
100
AcDbSpline
210
0.0
220
0.0
230
1.0
 70
     8
 71
     3
 72
     8
 73
     4
 74
     0
 42
0.0000001
 43
0.0000000001
 40
0.0
 40
0.0
 40
0.0
 40
0.0
 40
1.0
 40
1.0
 40
1.0
 40
1.0
 10
22.78854024198
 20
38.83512959400002
 30
0.0
 10
22.72551159486002
 20
38.83512959400002
 30
0.0
 10
22.67585274827999
 20
38.80266030918
 30
0.0
 10
22.64112639660001
 20
38.73982221285999
 30
0.0
  0
SPLINE
  5
6E4
330
2AF
100
AcDbEntity
  8
03___PRT_ALL_CURVES
  6
Continuous
 62
     4
100
AcDbSpline
210
0.0
220
0.0
230
1.0
 70
     8
 71
     3
 72
     8
 73
     4
 74
     0
 42
0.0000001
 43
0.0000000001
 40
0.0
 40
0.0
 40
0.0
 40
0.0
 40
1.0
 40
1.0
 40
1.0
 40
1.0
 10
22.64112639660001
 20
38.73982221285999
 30
0.0
 10
22.61568898748001
 20
38.6937926656
 30
0.0
 10
22.59658941938002
 20
38.59542976606002
 30
0.0
 10
22.5851295439
 20
38.44549792978
 30
0.0
  0
SPLINE
  5
6E5
330
2AF
100
AcDbEntity
  8
03___PRT_ALL_CURVES
  6
Continuous
 62
     4
100
AcDbSpline
210
0.0
220
0.0
230
1.0
 70
     8
 71
     3
 72
     8
 73
     4
 74
     0
 42
0.0000001
 43
0.0000000001
 40
0.0
 40
0.0
 40
0.0
 40
0.0
 40
1.0
 40
1.0
 40
1.0
 40
1.0
 10
22.5851295439
 20
38.44549792978
 30
0.0
 10
22.63096871054
 20
38.49229197385998
 30
0.0
 10
22.67871763460002
 20
38.52667118374001
 30
0.0
 10
22.72829162232003
 20
38.54977365468
 30
0.0
  0
SPLINE
  5
6E6
330
2AF
100
AcDbEntity
  8
03___PRT_ALL_CURVES
  6
Continuous
 62
     4
100
AcDbSpline
210
0.0
220
0.0
230
1.0
 70
     8
 71
     3
 72
     8
 73
     4
 74
     0
 42
0.0000001
 43
0.0000000001
 40
0.0
 40
0.0
 40
0.0
 40
0.0
 40
1.0
 40
1.0
 40
1.0
 40
1.0
 10
22.72829162232003
 20
38.54977365468
 30
0.0
 10
22.77708053160001
 20
38.57251026655999
 30
0.0
 10
22.83342427971999
 20
38.58396997439999
 30
0.0
 10
22.89836284682002
 20
38.58396997439999
 30
0.0
  0
SPLINE
  5
6E7
330
2AF
100
AcDbEntity
  8
03___PRT_ALL_CURVES
  6
Continuous
 62
     4
100
AcDbSpline
210
0.0
220
0.0
230
1.0
 70
     8
 71
     3
 72
     8
 73
     4
 74
     0
 42
0.0000001
 43
0.0000000001
 40
0.0
 40
0.0
 40
0.0
 40
0.0
 40
1.0
 40
1.0
 40
1.0
 40
1.0
 10
22.89836284682002
 20
38.58396997439999
 30
0.0
 10
23.02251021600003
 20
38.58396997439999
 30
0.0
 10
23.12851297580002
 20
38.53908593666
 30
0.0
 10
23.21422290090004
 20
38.45004282543999
 30
0.0
  0
SPLINE
  5
6E8
330
2AF
100
AcDbEntity
  8
03___PRT_ALL_CURVES
  6
Continuous
 62
     4
100
AcDbSpline
210
0.0
220
0.0
230
1.0
 70
     8
 71
     3
 72
     8
 73
     4
 74
     0
 42
0.0000001
 43
0.0000000001
 40
0.0
 40
0.0
 40
0.0
 40
0.0
 40
1.0
 40
1.0
 40
1.0
 40
1.0
 10
23.21422290090004
 20
38.45004282543999
 30
0.0
 10
23.30040926650003
 20
38.36050474695998
 30
0.0
 10
23.34433834298002
 20
38.24781716943997
 30
0.0
 10
23.34433834298002
 20
38.11125513369998
 30
0.0
  0
SPLINE
  5
6E9
330
2AF
100
AcDbEntity
  8
03___PRT_ALL_CURVES
  6
Continuous
 62
     4
100
AcDbSpline
210
0.0
220
0.0
230
1.0
 70
     8
 71
     3
 72
     8
 73
     4
 74
     0
 42
0.0000001
 43
0.0000000001
 40
0.0
 40
0.0
 40
0.0
 40
0.0
 40
1.0
 40
1.0
 40
1.0
 40
1.0
 10
23.34433834298002
 20
38.11125513369998
 30
0.0
 10
23.34433834298002
 20
38.01862208808001
 30
0.0
 10
23.32237388856004
 20
37.93458390716
 30
0.0
 10
23.27844481462
 20
37.85818554585998
 30
0.0
  0
SPLINE
  5
6EA
330
2AF
100
AcDbEntity
  8
03___PRT_ALL_CURVES
  6
Continuous
 62
     4
100
AcDbSpline
210
0.0
220
0.0
230
1.0
 70
     8
 71
     3
 72
     8
 73
     4
 74
     0
 42
0.0000001
 43
0.0000000001
 40
0.0
 40
0.0
 40
0.0
 40
0.0
 40
1.0
 40
1.0
 40
1.0
 40
1.0
 10
23.27844481462
 20
37.85818554585998
 30
0.0
 10
23.23451573559998
 20
37.78178717693999
 30
0.0
 10
23.1743519748
 20
37.72353342247999
 30
0.0
 10
23.09680664856
 20
37.68476075173999
 30
0.0
  0
SPLINE
  5
6EB
330
2AF
100
AcDbEntity
  8
03___PRT_ALL_CURVES
  6
Continuous
 62
     4
100
AcDbSpline
210
0.0
220
0.0
230
1.0
 70
     8
 71
     3
 72
     8
 73
     4
 74
     0
 42
0.0000001
 43
0.0000000001
 40
0.0
 40
0.0
 40
0.0
 40
0.0
 40
1.0
 40
1.0
 40
1.0
 40
1.0
 10
23.09680664856
 20
37.68476075173999
 30
0.0
 10
23.01964532968
 20
37.64618008214001
 30
0.0
 10
22.9231923552
 20
37.62612551213999
 30
0.0
 10
22.80668484882003
 20
37.62612551213999
 30
0.0
  0
SPLINE
  5
6EC
330
2AF
100
AcDbEntity
  8
03___PRT_ALL_CURVES
  6
Continuous
 62
     4
100
AcDbSpline
210
0.0
220
0.0
230
1.0
 70
     8
 71
     3
 72
     8
 73
     4
 74
     0
 42
0.0000001
 43
0.0000000001
 40
0.0
 40
0.0
 40
0.0
 40
0.0
 40
1.0
 40
1.0
 40
1.0
 40
1.0
 10
22.80668484882003
 20
37.62612551213999
 30
0.0
 10
22.66630296296003
 20
37.62612551213999
 30
0.0
 10
22.55361530416002
 20
37.65000000084001
 30
0.0
 10
22.46946136528001
 20
37.69754458951999
 30
0.0
  0
SPLINE
  5
6ED
330
2AF
100
AcDbEntity
  8
03___PRT_ALL_CURVES
  6
Continuous
 62
     4
100
AcDbSpline
210
0.0
220
0.0
230
1.0
 70
     8
 71
     3
 72
     8
 73
     4
 74
     0
 42
0.0000001
 43
0.0000000001
 40
0.0
 40
0.0
 40
0.0
 40
0.0
 40
1.0
 40
1.0
 40
1.0
 40
1.0
 10
22.46946136528001
 20
37.69754458951999
 30
0.0
 10
22.38458389978001
 20
37.74549795056001
 30
0.0
 10
22.31678044382005
 20
37.82094134043999
 30
0.0
 10
22.26616647088002
 20
37.92598908564
 30
0.0
  0
SPLINE
  5
6EE
330
2AF
100
AcDbEntity
  8
03___PRT_ALL_CURVES
  6
Continuous
 62
     4
100
AcDbSpline
210
0.0
220
0.0
230
1.0
 70
     8
 71
     3
 72
     8
 73
     4
 74
     0
 42
0.0000001
 43
0.0000000001
 40
0.0
 40
0.0
 40
0.0
 40
0.0
 40
1.0
 40
1.0
 40
1.0
 40
1.0
 10
22.26616647088002
 20
37.92598908564
 30
0.0
 10
22.21555249286001
 20
38.031036841
 30
0.0
 10
22.19072307084005
 20
38.16950888561999
 30
0.0
 10
22.19072307084005
 20
38.34236018075998
 30
0.0
  0
SPLINE
  5
6EF
330
2AF
100
AcDbEntity
  8
03___PRT_ALL_CURVES
  6
Continuous
 62
     4
100
AcDbSpline
210
0.0
220
0.0
230
1.0
 70
     8
 71
     3
 72
     8
 73
     4
 74
     0
 42
0.0000001
 43
0.0000000001
 40
0.0
 40
0.0
 40
0.0
 40
0.0
 40
1.0
 40
1.0
 40
1.0
 40
1.0
 10
22.19072307084005
 20
38.34236018075998
 30
0.0
 10
22.19072307084005
 20
38.59447472097997
 30
0.0
 10
22.24324688502003
 20
38.77974080967999
 30
0.0
 10
22.34994277272
 20
38.89744116609998
 30
0.0
  0
SPLINE
  5
6F0
330
2AF
100
AcDbEntity
  8
03___PRT_ALL_CURVES
  6
Continuous
 62
     4
100
AcDbSpline
210
0.0
220
0.0
230
1.0
 70
     8
 71
     3
 72
     8
 73
     4
 74
     0
 42
0.0000001
 43
0.0000000001
 40
0.0
 40
0.0
 40
0.0
 40
0.0
 40
1.0
 40
1.0
 40
1.0
 40
1.0
 10
22.34994277272
 20
38.89744116609998
 30
0.0
 10
22.45620736842002
 20
39.0146657475
 30
0.0
 10
22.60327415073999
 20
39.07387454450003
 30
0.0
 10
22.79236025466
 20
39.07387454450003
 30
0.0
  0
SPLINE
  5
6F1
330
2AF
100
AcDbEntity
  8
03___PRT_ALL_CURVES
  6
Continuous
 62
     4
100
AcDbSpline
210
0.0
220
0.0
230
1.0
 70
     8
 71
     3
 72
     8
 73
     4
 74
     0
 42
0.0000001
 43
0.0000000001
 40
0.0
 40
0.0
 40
0.0
 40
0.0
 40
1.0
 40
1.0
 40
1.0
 40
1.0
 10
22.79236025466
 20
39.07387454450003
 30
0.0
 10
22.9031378233
 20
39.07387454450003
 30
0.0
 10
22.99099597626
 20
39.06050474649999
 30
0.0
 10
23.05593453066001
 20
39.03472032512002
 30
0.0
  0
SPLINE
  5
6F2
330
2AF
100
AcDbEntity
  8
03___PRT_ALL_CURVES
  6
Continuous
 62
     4
100
AcDbSpline
210
0.0
220
0.0
230
1.0
 70
     8
 71
     3
 72
     8
 73
     4
 74
     0
 42
0.0000001
 43
0.0000000001
 40
0.0
 40
0.0
 40
0.0
 40
0.0
 40
1.0
 40
1.0
 40
1.0
 40
1.0
 10
23.05593453066001
 20
39.03472032512002
 30
0.0
 10
23.12087311300002
 20
39.00893589357997
 30
0.0
 10
23.1743519748
 20
38.9716917161
 30
0.0
 10
23.21705113502
 20
38.92179608564001
 30
0.0
  0
SPLINE
  5
6F3
330
2AF
100
AcDbEntity
  8
03___PRT_ALL_CURVES
  6
Continuous
 62
     4
100
AcDbSpline
210
0.0
220
0.0
230
1.0
 70
     8
 71
     3
 72
     8
 73
     4
 74
     0
 42
0.0000001
 43
0.0000000001
 40
0.0
 40
0.0
 40
0.0
 40
0.0
 40
1.0
 40
1.0
 40
1.0
 40
1.0
 10
23.21705113502
 20
38.92179608564001
 30
0.0
 10
23.25934524144003
 20
38.87237377147994
 30
0.0
 10
23.29181444244003
 20
38.80934512689998
 30
0.0
 10
23.31473402575998
 20
38.73485677193997
 30
0.0
  0
SPLINE
  5
6F4
330
2AF
100
AcDbEntity
  8
03___PRT_ALL_CURVES
  6
Continuous
 62
     4
100
AcDbSpline
210
0.0
220
0.0
230
1.0
 70
     8
 71
     3
 72
     8
 73
     4
 74
     0
 42
0.0000001
 43
0.0000000001
 40
0.0
 40
0.0
 40
0.0
 40
0.0
 40
1.0
 40
1.0
 40
1.0
 40
1.0
 10
22.59849934190004
 20
38.11125513369998
 30
0.0
 10
22.59849934190004
 20
38.03485677239999
 30
0.0
 10
22.61759891254005
 20
37.97564801604
 30
0.0
 10
22.65579809700003
 20
37.93267398463999
 30
0.0
  0
SPLINE
  5
6F5
330
2AF
100
AcDbEntity
  8
03___PRT_ALL_CURVES
  6
Continuous
 62
     4
100
AcDbSpline
210
0.0
220
0.0
230
1.0
 70
     8
 71
     3
 72
     8
 73
     4
 74
     0
 42
0.0000001
 43
0.0000000001
 40
0.0
 40
0.0
 40
0.0
 40
0.0
 40
1.0
 40
1.0
 40
1.0
 40
1.0
 10
22.65579809700003
 20
37.93267398463999
 30
0.0
 10
22.69399735512002
 20
37.88969986941999
 30
0.0
 10
22.74079131792004
 20
37.86869031529997
 30
0.0
 10
22.79618010224002
 20
37.86869031529997
 30
0.0
  0
SPLINE
  5
6F6
330
2AF
100
AcDbEntity
  8
03___PRT_ALL_CURVES
  6
Continuous
 62
     4
100
AcDbSpline
210
0.0
220
0.0
230
1.0
 70
     8
 71
     3
 72
     8
 73
     4
 74
     0
 42
0.0000001
 43
0.0000000001
 40
0.0
 40
0.0
 40
0.0
 40
0.0
 40
1.0
 40
1.0
 40
1.0
 40
1.0
 10
22.79618010224002
 20
37.86869031529997
 30
0.0
 10
22.84679407772001
 20
37.86869031529997
 30
0.0
 10
22.88976802530001
 20
37.88778990371998
 30
0.0
 10
22.92438505792001
 20
37.92673403462001
 30
0.0
  0
SPLINE
  5
6F7
330
2AF
100
AcDbEntity
  8
03___PRT_ALL_CURVES
  6
Continuous
 62
     4
100
AcDbSpline
210
0.0
220
0.0
230
1.0
 70
     8
 71
     3
 72
     8
 73
     4
 74
     0
 42
0.0000001
 43
0.0000000001
 40
0.0
 40
0.0
 40
0.0
 40
0.0
 40
1.0
 40
1.0
 40
1.0
 40
1.0
 10
22.92438505792001
 20
37.92673403462001
 30
0.0
 10
22.95852660762
 20
37.96514324914
 30
0.0
 10
22.97571625319998
 20
38.02339698073999
 30
0.0
 10
22.97571625319998
 20
38.10075034393998
 30
0.0
  0
SPLINE
  5
6F8
330
2AF
100
AcDbEntity
  8
03___PRT_ALL_CURVES
  6
Continuous
 62
     4
100
AcDbSpline
210
0.0
220
0.0
230
1.0
 70
     8
 71
     3
 72
     8
 73
     4
 74
     0
 42
0.0000001
 43
0.0000000001
 40
0.0
 40
0.0
 40
0.0
 40
0.0
 40
1.0
 40
1.0
 40
1.0
 40
1.0
 10
22.97571625319998
 20
38.10075034393998
 30
0.0
 10
22.97571625319998
 20
38.17905867093998
 30
0.0
 10
22.95757164636004
 20
38.23922238855999
 30
0.0
 10
22.92172465429996
 20
38.28080489620001
 30
0.0
  0
SPLINE
  5
6F9
330
2AF
100
AcDbEntity
  8
03___PRT_ALL_CURVES
  6
Continuous
 62
     4
100
AcDbSpline
210
0.0
220
0.0
230
1.0
 70
     8
 71
     3
 72
     8
 73
     4
 74
     0
 42
0.0000001
 43
0.0000000001
 40
0.0
 40
0.0
 40
0.0
 40
0.0
 40
1.0
 40
1.0
 40
1.0
 40
1.0
 10
22.92172465429996
 20
38.28080489620001
 30
0.0
 10
22.88594817772002
 20
38.32230560822001
 30
0.0
 10
22.84201910124
 20
38.34331514202
 30
0.0
 10
22.78949520324002
 20
38.34331514202
 30
0.0
  0
SPLINE
  5
6FA
330
2AF
100
AcDbEntity
  8
03___PRT_ALL_CURVES
  6
Continuous
 62
     4
100
AcDbSpline
210
0.0
220
0.0
230
1.0
 70
     8
 71
     3
 72
     8
 73
     4
 74
     0
 42
0.0000001
 43
0.0000000001
 40
0.0
 40
0.0
 40
0.0
 40
0.0
 40
1.0
 40
1.0
 40
1.0
 40
1.0
 10
22.78949520324002
 20
38.34331514202
 30
0.0
 10
22.73506138018001
 20
38.34331514202
 30
0.0
 10
22.68922238118
 20
38.32326056947997
 30
0.0
 10
22.65293316496005
 20
38.28315142439999
 30
0.0
  0
SPLINE
  5
6FB
330
2AF
100
AcDbEntity
  8
03___PRT_ALL_CURVES
  6
Continuous
 62
     4
100
AcDbSpline
210
0.0
220
0.0
230
1.0
 70
     8
 71
     3
 72
     8
 73
     4
 74
     0
 42
0.0000001
 43
0.0000000001
 40
0.0
 40
0.0
 40
0.0
 40
0.0
 40
1.0
 40
1.0
 40
1.0
 40
1.0
 10
22.65293316496005
 20
38.28315142439999
 30
0.0
 10
22.61664394874003
 20
38.24304227677999
 30
0.0
 10
22.59849934190004
 20
38.1857435293
 30
0.0
 10
22.59849934190004
 20
38.11125513369998
 30
0.0
  0
SPLINE
  5
6FC
330
2AF
100
AcDbEntity
  8
03___PRT_ALL_CURVES
  6
Continuous
 62
     4
100
AcDbSpline
210
0.0
220
0.0
230
1.0
 70
     8
 71
     3
 72
     8
 73
     4
 74
     0
 42
0.0000001
 43
0.0000000001
 40
0.0
 40
0.0
 40
0.0
 40
0.0
 40
1.0
 40
1.0
 40
1.0
 40
1.0
 10
20.86139159438
 20
34.15000000059999
 30
0.0
 10
20.87476131110003
 20
34.26459754128001
 30
0.0
 10
20.91487044601999
 20
34.37346520771999
 30
0.0
 10
20.98267399088002
 20
34.47469303422
 30
0.0
  0
SPLINE
  5
6FD
330
2AF
100
AcDbEntity
  8
03___PRT_ALL_CURVES
  6
Continuous
 62
     4
100
AcDbSpline
210
0.0
220
0.0
230
1.0
 70
     8
 71
     3
 72
     8
 73
     4
 74
     0
 42
0.0000001
 43
0.0000000001
 40
0.0
 40
0.0
 40
0.0
 40
0.0
 40
1.0
 40
1.0
 40
1.0
 40
1.0
 10
20.98267399088002
 20
34.47469303422
 30
0.0
 10
21.05047755098002
 20
34.57592087850003
 30
0.0
 10
21.17748982680001
 20
34.69624827563999
 30
0.0
 10
21.36467595738
 20
34.83470658393998
 30
0.0
  0
SPLINE
  5
6FE
330
2AF
100
AcDbEntity
  8
03___PRT_ALL_CURVES
  6
Continuous
 62
     4
100
AcDbSpline
210
0.0
220
0.0
230
1.0
 70
     8
 71
     3
 72
     8
 73
     4
 74
     0
 42
0.0000001
 43
0.0000000001
 40
0.0
 40
0.0
 40
0.0
 40
0.0
 40
1.0
 40
1.0
 40
1.0
 40
1.0
 10
21.36467595738
 20
34.83470658393998
 30
0.0
 10
21.47830837680002
 20
34.91875849864002
 30
0.0
 10
21.55088680669999
 20
34.98369715210001
 30
0.0
 10
21.58304490850003
 20
35.02785453647999
 30
0.0
  0
SPLINE
  5
6FF
330
2AF
100
AcDbEntity
  8
03___PRT_ALL_CURVES
  6
Continuous
 62
     4
100
AcDbSpline
210
0.0
220
0.0
230
1.0
 70
     8
 71
     3
 72
     8
 73
     4
 74
     0
 42
0.0000001
 43
0.0000000001
 40
0.0
 40
0.0
 40
0.0
 40
0.0
 40
1.0
 40
1.0
 40
1.0
 40
1.0
 10
21.58304490850003
 20
35.02785453647999
 30
0.0
 10
21.61487041254003
 20
35.07155522124
 30
0.0
 10
21.63110509686004
 20
35.11261941139998
 30
0.0
 10
21.63110509686004
 20
35.15272847265999
 30
0.0
  0
SPLINE
  5
700
330
2AF
100
AcDbEntity
  8
03___PRT_ALL_CURVES
  6
Continuous
 62
     4
100
AcDbSpline
210
0.0
220
0.0
230
1.0
 70
     8
 71
     3
 72
     8
 73
     4
 74
     0
 42
0.0000001
 43
0.0000000001
 40
0.0
 40
0.0
 40
0.0
 40
0.0
 40
1.0
 40
1.0
 40
1.0
 40
1.0
 10
21.63110509686004
 20
35.15272847265999
 30
0.0
 10
21.63110509686004
 20
35.19474762662
 30
0.0
 10
21.61487041254003
 20
35.23103684283998
 30
0.0
 10
21.58335609152002
 20
35.2615962026
 30
0.0
  0
SPLINE
  5
701
330
2AF
100
AcDbEntity
  8
03___PRT_ALL_CURVES
  6
Continuous
 62
     4
100
AcDbSpline
210
0.0
220
0.0
230
1.0
 70
     8
 71
     3
 72
     8
 73
     4
 74
     0
 42
0.0000001
 43
0.0000000001
 40
0.0
 40
0.0
 40
0.0
 40
0.0
 40
1.0
 40
1.0
 40
1.0
 40
1.0
 10
21.58335609152002
 20
35.2615962026
 30
0.0
 10
21.55184176796001
 20
35.29215556235999
 30
0.0
 10
21.51268766795999
 20
35.30743520160001
 30
0.0
 10
21.46493866008004
 20
35.30743520160001
 30
0.0
  0
SPLINE
  5
702
330
2AF
100
AcDbEntity
  8
03___PRT_ALL_CURVES
  6
Continuous
 62
     4
100
AcDbSpline
210
0.0
220
0.0
230
1.0
 70
     8
 71
     3
 72
     8
 73
     4
 74
     0
 42
0.0000001
 43
0.0000000001
 40
0.0
 40
0.0
 40
0.0
 40
0.0
 40
1.0
 40
1.0
 40
1.0
 40
1.0
 10
21.46493866008004
 20
35.30743520160001
 30
0.0
 10
21.41527972967998
 20
35.30743520160001
 30
0.0
 10
21.37421562334001
 20
35.29120051728
 30
0.0
 10
21.34293910474
 20
35.26039789917999
 30
0.0
  0
SPLINE
  5
703
330
2AF
100
AcDbEntity
  8
03___PRT_ALL_CURVES
  6
Continuous
 62
     4
100
AcDbSpline
210
0.0
220
0.0
230
1.0
 70
     8
 71
     3
 72
     8
 73
     4
 74
     0
 42
0.0000001
 43
0.0000000001
 40
0.0
 40
0.0
 40
0.0
 40
0.0
 40
1.0
 40
1.0
 40
1.0
 40
1.0
 10
21.34293910474
 20
35.26039789917999
 30
0.0
 10
21.31118693558
 20
35.22912683395998
 30
0.0
 10
21.29017740178003
 20
35.17373804964001
 30
0.0
 10
21.27967261456004
 20
35.09542976581997
 30
0.0
  0
SPLINE
  5
704
330
2AF
100
AcDbEntity
  8
03___PRT_ALL_CURVES
  6
Continuous
 62
     4
100
AcDbSpline
210
0.0
220
0.0
230
1.0
 70
     8
 71
     3
 72
     8
 73
     4
 74
     0
 42
0.0000001
 43
0.0000000001
 40
0.0
 40
0.0
 40
0.0
 40
0.0
 40
1.0
 40
1.0
 40
1.0
 40
1.0
 10
20.89004098082003
 20
35.12694408938
 30
0.0
 10
20.90532065054003
 20
35.23581173295997
 30
0.0
 10
20.93301506302004
 20
35.32175987957999
 30
0.0
 10
20.97374842834003
 20
35.38309953083998
 30
0.0
  0
SPLINE
  5
705
330
2AF
100
AcDbEntity
  8
03___PRT_ALL_CURVES
  6
Continuous
 62
     4
100
AcDbSpline
210
0.0
220
0.0
230
1.0
 70
     8
 71
     3
 72
     8
 73
     4
 74
     0
 42
0.0000001
 43
0.0000000001
 40
0.0
 40
0.0
 40
0.0
 40
0.0
 40
1.0
 40
1.0
 40
1.0
 40
1.0
 10
20.97374842834003
 20
35.38309953083998
 30
0.0
 10
21.01418831698004
 20
35.44399723987999
 30
0.0
 10
21.07148708732004
 20
35.49174624776001
 30
0.0
 10
21.14597548545999
 20
35.52421557067998
 30
0.0
  0
SPLINE
  5
706
330
2AF
100
AcDbEntity
  8
03___PRT_ALL_CURVES
  6
Continuous
 62
     4
100
AcDbSpline
210
0.0
220
0.0
230
1.0
 70
     8
 71
     3
 72
     8
 73
     4
 74
     0
 42
0.0000001
 43
0.0000000001
 40
0.0
 40
0.0
 40
0.0
 40
0.0
 40
1.0
 40
1.0
 40
1.0
 40
1.0
 10
21.14597548545999
 20
35.52421557067998
 30
0.0
 10
21.22046389884002
 20
35.55668489868
 30
0.0
 10
21.32264672724
 20
35.57387454425998
 30
0.0
 10
21.45443387286005
 20
35.57387454425998
 30
0.0
  0
SPLINE
  5
707
330
2AF
100
AcDbEntity
  8
03___PRT_ALL_CURVES
  6
Continuous
 62
     4
100
AcDbSpline
210
0.0
220
0.0
230
1.0
 70
     8
 71
     3
 72
     8
 73
     4
 74
     0
 42
0.0000001
 43
0.0000000001
 40
0.0
 40
0.0
 40
0.0
 40
0.0
 40
1.0
 40
1.0
 40
1.0
 40
1.0
 10
21.45443387286005
 20
35.57387454425998
 30
0.0
 10
21.59099595178003
 20
35.57387454425998
 30
0.0
 10
21.69699871157999
 20
35.55763985993997
 30
0.0
 10
21.77323167570003
 20
35.52667021143998
 30
0.0
  0
SPLINE
  5
708
330
2AF
100
AcDbEntity
  8
03___PRT_ALL_CURVES
  6
Continuous
 62
     4
100
AcDbSpline
210
0.0
220
0.0
230
1.0
 70
     8
 71
     3
 72
     8
 73
     4
 74
     0
 42
0.0000001
 43
0.0000000001
 40
0.0
 40
0.0
 40
0.0
 40
0.0
 40
1.0
 40
1.0
 40
1.0
 40
1.0
 10
21.77323167570003
 20
35.52667021143998
 30
0.0
 10
21.84979543418004
 20
35.49556617662
 30
0.0
 10
21.90900414736004
 20
35.44781717128001
 30
0.0
 10
21.95293320606001
 20
35.38287858893997
 30
0.0
  0
SPLINE
  5
709
330
2AF
100
AcDbEntity
  8
03___PRT_ALL_CURVES
  6
Continuous
 62
     4
100
AcDbSpline
210
0.0
220
0.0
230
1.0
 70
     8
 71
     3
 72
     8
 73
     4
 74
     0
 42
0.0000001
 43
0.0000000001
 40
0.0
 40
0.0
 40
0.0
 40
0.0
 40
1.0
 40
1.0
 40
1.0
 40
1.0
 10
21.95293320606001
 20
35.38287858893997
 30
0.0
 10
21.99686230032003
 20
35.31793994818
 30
0.0
 10
22.01882675474002
 20
35.24631647954001
 30
0.0
 10
22.01882675474002
 20
35.16609818937999
 30
0.0
  0
SPLINE
  5
70A
330
2AF
100
AcDbEntity
  8
03___PRT_ALL_CURVES
  6
Continuous
 62
     4
100
AcDbSpline
210
0.0
220
0.0
230
1.0
 70
     8
 71
     3
 72
     8
 73
     4
 74
     0
 42
0.0000001
 43
0.0000000001
 40
0.0
 40
0.0
 40
0.0
 40
0.0
 40
1.0
 40
1.0
 40
1.0
 40
1.0
 10
22.01882675474002
 20
35.16609818937999
 30
0.0
 10
22.01882675474002
 20
35.08015004275998
 30
0.0
 10
21.99304237146004
 20
34.99897679133997
 30
0.0
 10
21.94359976777997
 20
34.92148501845998
 30
0.0
  0
SPLINE
  5
70B
330
2AF
100
AcDbEntity
  8
03___PRT_ALL_CURVES
  6
Continuous
 62
     4
100
AcDbSpline
210
0.0
220
0.0
230
1.0
 70
     8
 71
     3
 72
     8
 73
     4
 74
     0
 42
0.0000001
 43
0.0000000001
 40
0.0
 40
0.0
 40
0.0
 40
0.0
 40
1.0
 40
1.0
 40
1.0
 40
1.0
 10
21.94359976777997
 20
34.92148501845998
 30
0.0
 10
21.89372451066001
 20
34.84331514177998
 30
0.0
 10
21.80300138756002
 20
34.75832195895998
 30
0.0
 10
21.67103453694003
 20
34.66594514854
 30
0.0
  0
LINE
  5
70C
330
2AF
100
AcDbEntity
  8
03___PRT_ALL_CURVES
  6
Continuous
 62
     4
100
AcDbLine
 10
21.67103453694003
 20
34.66594514854
 30
0.0
 11
21.51387418578
 21
34.55175496797997
 31
0.0
  0
LINE
  5
70D
330
2AF
100
AcDbEntity
  8
03___PRT_ALL_CURVES
  6
Continuous
 62
     4
100
AcDbLine
 10
21.51387418578
 20
34.55175496797997
 30
0.0
 11
21.42100958614
 21
34.46705321460001
 31
0.0
  0
SPLINE
  5
70E
330
2AF
100
AcDbEntity
  8
03___PRT_ALL_CURVES
  6
Continuous
 62
     4
100
AcDbSpline
210
0.0
220
0.0
230
1.0
 70
     8
 71
     3
 72
     8
 73
     4
 74
     0
 42
0.0000001
 43
0.0000000001
 40
0.0
 40
0.0
 40
0.0
 40
0.0
 40
1.0
 40
1.0
 40
1.0
 40
1.0
 10
22.42851295086004
 20
34.90252389814
 30
0.0
 10
22.36739439644001
 20
34.93499318295997
 30
0.0
 10
22.32251035870001
 20
34.97128239917998
 30
0.0
 10
22.29464030267999
 20
35.01126979951999
 30
0.0
  0
SPLINE
  5
70F
330
2AF
100
AcDbEntity
  8
03___PRT_ALL_CURVES
  6
Continuous
 62
     4
100
AcDbSpline
210
0.0
220
0.0
230
1.0
 70
     8
 71
     3
 72
     8
 73
     4
 74
     0
 42
0.0000001
 43
0.0000000001
 40
0.0
 40
0.0
 40
0.0
 40
0.0
 40
1.0
 40
1.0
 40
1.0
 40
1.0
 10
22.29464030267999
 20
35.01126979951999
 30
0.0
 10
22.25661666016001
 20
35.06582536732
 30
0.0
 10
22.23751709206002
 20
35.12885401189999
 30
0.0
 10
22.23751709206002
 20
35.20047748054
 30
0.0
  0
SPLINE
  5
710
330
2AF
100
AcDbEntity
  8
03___PRT_ALL_CURVES
  6
Continuous
 62
     4
100
AcDbSpline
210
0.0
220
0.0
230
1.0
 70
     8
 71
     3
 72
     8
 73
     4
 74
     0
 42
0.0000001
 43
0.0000000001
 40
0.0
 40
0.0
 40
0.0
 40
0.0
 40
1.0
 40
1.0
 40
1.0
 40
1.0
 10
22.23751709206002
 20
35.20047748054
 30
0.0
 10
22.23751709206002
 20
35.31698498691998
 30
0.0
 10
22.29195091512003
 20
35.41343796139998
 30
0.0
 10
22.40285726938001
 20
35.48773442952
 30
0.0
  0
SPLINE
  5
711
330
2AF
100
AcDbEntity
  8
03___PRT_ALL_CURVES
  6
Continuous
 62
     4
100
AcDbSpline
210
0.0
220
0.0
230
1.0
 70
     8
 71
     3
 72
     8
 73
     4
 74
     0
 42
0.0000001
 43
0.0000000001
 40
0.0
 40
0.0
 40
0.0
 40
0.0
 40
1.0
 40
1.0
 40
1.0
 40
1.0
 10
22.40285726938001
 20
35.48773442952
 30
0.0
 10
22.48867671166002
 20
35.54522510702
 30
0.0
 10
22.60231933172
 20
35.57387454425998
 30
0.0
 10
22.74365617884001
 20
35.57387454425998
 30
0.0
  0
SPLINE
  5
712
330
2AF
100
AcDbEntity
  8
03___PRT_ALL_CURVES
  6
Continuous
 62
     4
100
AcDbSpline
210
0.0
220
0.0
230
1.0
 70
     8
 71
     3
 72
     8
 73
     4
 74
     0
 42
0.0000001
 43
0.0000000001
 40
0.0
 40
0.0
 40
0.0
 40
0.0
 40
1.0
 40
1.0
 40
1.0
 40
1.0
 10
22.74365617884001
 20
35.57387454425998
 30
0.0
 10
22.93083219260001
 20
35.57387454425998
 30
0.0
 10
23.06834935723998
 20
35.53758524675999
 30
0.0
 10
23.15788550532005
 20
35.46662311791997
 30
0.0
  0
SPLINE
  5
713
330
2AF
100
AcDbEntity
  8
03___PRT_ALL_CURVES
  6
Continuous
 62
     4
100
AcDbSpline
210
0.0
220
0.0
230
1.0
 70
     8
 71
     3
 72
     8
 73
     4
 74
     0
 42
0.0000001
 43
0.0000000001
 40
0.0
 40
0.0
 40
0.0
 40
0.0
 40
1.0
 40
1.0
 40
1.0
 40
1.0
 10
23.15788550532005
 20
35.46662311791997
 30
0.0
 10
23.24788551074002
 20
35.39529335456001
 30
0.0
 10
23.29276954848001
 20
35.30552527908
 30
0.0
 10
23.29276954848001
 20
35.19761251293997
 30
0.0
  0
SPLINE
  5
714
330
2AF
100
AcDbEntity
  8
03___PRT_ALL_CURVES
  6
Continuous
 62
     4
100
AcDbSpline
210
0.0
220
0.0
230
1.0
 70
     8
 71
     3
 72
     8
 73
     4
 74
     0
 42
0.0000001
 43
0.0000000001
 40
0.0
 40
0.0
 40
0.0
 40
0.0
 40
1.0
 40
1.0
 40
1.0
 40
1.0
 10
23.29276954848001
 20
35.19761251293997
 30
0.0
 10
23.29276954848001
 20
35.13458386581999
 30
0.0
 10
23.27462494164001
 20
35.07537515263999
 30
0.0
 10
23.23925711296002
 20
35.02096313548
 30
0.0
  0
SPLINE
  5
715
330
2AF
100
AcDbEntity
  8
03___PRT_ALL_CURVES
  6
Continuous
 62
     4
100
AcDbSpline
210
0.0
220
0.0
230
1.0
 70
     8
 71
     3
 72
     8
 73
     4
 74
     0
 42
0.0000001
 43
0.0000000001
 40
0.0
 40
0.0
 40
0.0
 40
0.0
 40
1.0
 40
1.0
 40
1.0
 40
1.0
 10
23.23925711296002
 20
35.02096313548
 30
0.0
 10
23.21255125578
 20
34.97987722070002
 30
0.0
 10
23.17053210436001
 20
34.94072303687997
 30
0.0
 10
23.11323339498003
 20
34.90252389814
 30
0.0
  0
SPLINE
  5
716
330
2AF
100
AcDbEntity
  8
03___PRT_ALL_CURVES
  6
Continuous
 62
     4
100
AcDbSpline
210
0.0
220
0.0
230
1.0
 70
     8
 71
     3
 72
     8
 73
     4
 74
     0
 42
0.0000001
 43
0.0000000001
 40
0.0
 40
0.0
 40
0.0
 40
0.0
 40
1.0
 40
1.0
 40
1.0
 40
1.0
 10
23.11323339498003
 20
34.90252389814
 30
0.0
 10
23.1886767112
 20
34.86623468445998
 30
0.0
 10
23.24502045678003
 20
34.81753071531998
 30
0.0
 10
23.28205053512002
 20
34.75818771741999
 30
0.0
  0
SPLINE
  5
717
330
2AF
100
AcDbEntity
  8
03___PRT_ALL_CURVES
  6
Continuous
 62
     4
100
AcDbSpline
210
0.0
220
0.0
230
1.0
 70
     8
 71
     3
 72
     8
 73
     4
 74
     0
 42
0.0000001
 43
0.0000000001
 40
0.0
 40
0.0
 40
0.0
 40
0.0
 40
1.0
 40
1.0
 40
1.0
 40
1.0
 10
23.28205053512002
 20
34.75818771741999
 30
0.0
 10
23.31950897938006
 20
34.6981582388
 30
0.0
 10
23.33860854747999
 20
34.63226466725999
 30
0.0
 10
23.33860854747999
 20
34.55968623735998
 30
0.0
  0
SPLINE
  5
718
330
2AF
100
AcDbEntity
  8
03___PRT_ALL_CURVES
  6
Continuous
 62
     4
100
AcDbSpline
210
0.0
220
0.0
230
1.0
 70
     8
 71
     3
 72
     8
 73
     4
 74
     0
 42
0.0000001
 43
0.0000000001
 40
0.0
 40
0.0
 40
0.0
 40
0.0
 40
1.0
 40
1.0
 40
1.0
 40
1.0
 10
23.33860854747999
 20
34.55968623735998
 30
0.0
 10
23.33860854747999
 20
34.48901772997999
 30
0.0
 10
23.32237386315998
 20
34.4240791197
 30
0.0
 10
23.28990456310001
 20
34.36296040272001
 30
0.0
  0
SPLINE
  5
719
330
2AF
100
AcDbEntity
  8
03___PRT_ALL_CURVES
  6
Continuous
 62
     4
100
AcDbSpline
210
0.0
220
0.0
230
1.0
 70
     8
 71
     3
 72
     8
 73
     4
 74
     0
 42
0.0000001
 43
0.0000000001
 40
0.0
 40
0.0
 40
0.0
 40
0.0
 40
1.0
 40
1.0
 40
1.0
 40
1.0
 10
23.28990456310001
 20
34.36296040272001
 30
0.0
 10
23.25743529351999
 20
34.30184174924
 30
0.0
 10
23.21828102842002
 20
34.25504774579997
 30
0.0
 10
23.17171074056003
 20
34.22225843875998
 30
0.0
  0
SPLINE
  5
71A
330
2AF
100
AcDbEntity
  8
03___PRT_ALL_CURVES
  6
Continuous
 62
     4
100
AcDbSpline
210
0.0
220
0.0
230
1.0
 70
     8
 71
     3
 72
     8
 73
     4
 74
     0
 42
0.0000001
 43
0.0000000001
 40
0.0
 40
0.0
 40
0.0
 40
0.0
 40
1.0
 40
1.0
 40
1.0
 40
1.0
 10
23.17171074056003
 20
34.22225843875998
 30
0.0
 10
23.12469310536002
 20
34.18915415902001
 30
0.0
 10
23.06643926708
 20
34.16432469128
 30
0.0
 10
22.99682139768001
 20
34.14954280568
 30
0.0
  0
SPLINE
  5
71B
330
2AF
100
AcDbEntity
  8
03___PRT_ALL_CURVES
  6
Continuous
 62
     4
100
AcDbSpline
210
0.0
220
0.0
230
1.0
 70
     8
 71
     3
 72
     8
 73
     4
 74
     0
 42
0.0000001
 43
0.0000000001
 40
0.0
 40
0.0
 40
0.0
 40
0.0
 40
1.0
 40
1.0
 40
1.0
 40
1.0
 10
22.77421562242003
 20
34.12612551189997
 30
0.0
 10
22.62523874994002
 20
34.12612551189997
 30
0.0
 10
22.51255125623999
 20
34.14427012381998
 30
0.0
 10
22.43424288860001
 20
34.17864938704
 30
0.0
  0
SPLINE
  5
71C
330
2AF
100
AcDbEntity
  8
03___PRT_ALL_CURVES
  6
Continuous
 62
     4
100
AcDbSpline
210
0.0
220
0.0
230
1.0
 70
     8
 71
     3
 72
     8
 73
     4
 74
     0
 42
0.0000001
 43
0.0000000001
 40
0.0
 40
0.0
 40
0.0
 40
0.0
 40
1.0
 40
1.0
 40
1.0
 40
1.0
 10
22.43424288860001
 20
34.17864938704
 30
0.0
 10
22.35593452096003
 20
34.21302865025999
 30
0.0
 10
22.29577092780002
 20
34.26459754128001
 30
0.0
 10
22.2550978443
 20
34.3330240313
 30
0.0
  0
SPLINE
  5
71D
330
2AF
100
AcDbEntity
  8
03___PRT_ALL_CURVES
  6
Continuous
 62
     4
100
AcDbSpline
210
0.0
220
0.0
230
1.0
 70
     8
 71
     3
 72
     8
 73
     4
 74
     0
 42
0.0000001
 43
0.0000000001
 40
0.0
 40
0.0
 40
0.0
 40
0.0
 40
1.0
 40
1.0
 40
1.0
 40
1.0
 10
22.2550978443
 20
34.3330240313
 30
0.0
 10
22.21459767384002
 20
34.40115962019999
 30
0.0
 10
22.19454306066001
 20
34.47755798150001
 30
0.0
 10
22.19454306066001
 20
34.56159615987997
 30
0.0
  0
SPLINE
  5
71E
330
2AF
100
AcDbEntity
  8
03___PRT_ALL_CURVES
  6
Continuous
 62
     4
100
AcDbSpline
210
0.0
220
0.0
230
1.0
 70
     8
 71
     3
 72
     8
 73
     4
 74
     0
 42
0.0000001
 43
0.0000000001
 40
0.0
 40
0.0
 40
0.0
 40
0.0
 40
1.0
 40
1.0
 40
1.0
 40
1.0
 10
22.19454306066001
 20
34.56159615987997
 30
0.0
 10
22.19454306066001
 20
34.64372441827999
 30
0.0
 10
22.21364254494003
 20
34.71248295996
 30
0.0
 10
22.25184178527999
 20
34.76978175316
 30
0.0
  0
SPLINE
  5
71F
330
2AF
100
AcDbEntity
  8
03___PRT_ALL_CURVES
  6
Continuous
 62
     4
100
AcDbSpline
210
0.0
220
0.0
230
1.0
 70
     8
 71
     3
 72
     8
 73
     4
 74
     0
 42
0.0000001
 43
0.0000000001
 40
0.0
 40
0.0
 40
0.0
 40
0.0
 40
1.0
 40
1.0
 40
1.0
 40
1.0
 10
22.25184178527999
 20
34.76978175316
 30
0.0
 10
22.29004099005999
 20
34.82708050063999
 30
0.0
 10
22.34829466069999
 20
34.87100957711999
 30
0.0
 10
22.42851295086004
 20
34.90252389814
 30
0.0
  0
SPLINE
  5
720
330
2AF
100
AcDbEntity
  8
03___PRT_ALL_CURVES
  6
Continuous
 62
     4
100
AcDbSpline
210
0.0
220
0.0
230
1.0
 70
     8
 71
     3
 72
     8
 73
     4
 74
     0
 42
0.0000001
 43
0.0000000001
 40
0.0
 40
0.0
 40
0.0
 40
0.0
 40
1.0
 40
1.0
 40
1.0
 40
1.0
 10
22.60327429552001
 20
35.17755798104
 30
0.0
 10
22.60327429552001
 20
35.12885401189999
 30
0.0
 10
22.61759888714002
 20
35.08969982808
 30
0.0
 10
22.64815827229998
 20
35.06009544989999
 30
0.0
  0
SPLINE
  5
721
330
2AF
100
AcDbEntity
  8
03___PRT_ALL_CURVES
  6
Continuous
 62
     4
100
AcDbSpline
210
0.0
220
0.0
230
1.0
 70
     8
 71
     3
 72
     8
 73
     4
 74
     0
 42
0.0000001
 43
0.0000000001
 40
0.0
 40
0.0
 40
0.0
 40
0.0
 40
1.0
 40
1.0
 40
1.0
 40
1.0
 10
22.64815827229998
 20
35.06009544989999
 30
0.0
 10
22.67871760920002
 20
35.03049111235998
 30
0.0
 10
22.7188268381
 20
35.01616643691997
 30
0.0
 10
22.76944064848001
 20
35.01616643691997
 30
0.0
  0
SPLINE
  5
722
330
2AF
100
AcDbEntity
  8
03___PRT_ALL_CURVES
  6
Continuous
 62
     4
100
AcDbSpline
210
0.0
220
0.0
230
1.0
 70
     8
 71
     3
 72
     8
 73
     4
 74
     0
 42
0.0000001
 43
0.0000000001
 40
0.0
 40
0.0
 40
0.0
 40
0.0
 40
1.0
 40
1.0
 40
1.0
 40
1.0
 10
22.76944064848001
 20
35.01616643691997
 30
0.0
 10
22.81336972496001
 20
35.01616643691997
 30
0.0
 10
22.8506138999
 20
35.03049111235998
 30
0.0
 10
22.87950306234001
 20
35.05986170893999
 30
0.0
  0
SPLINE
  5
723
330
2AF
100
AcDbEntity
  8
03___PRT_ALL_CURVES
  6
Continuous
 62
     4
100
AcDbSpline
210
0.0
220
0.0
230
1.0
 70
     8
 71
     3
 72
     8
 73
     4
 74
     0
 42
0.0000001
 43
0.0000000001
 40
0.0
 40
0.0
 40
0.0
 40
0.0
 40
1.0
 40
1.0
 40
1.0
 40
1.0
 10
22.87950306234001
 20
35.05986170893999
 30
0.0
 10
22.90791277438001
 20
35.08874486681998
 30
0.0
 10
22.92223736854004
 20
35.12694408938
 30
0.0
 10
22.92223736854004
 20
35.17373804964001
 30
0.0
  0
SPLINE
  5
724
330
2AF
100
AcDbEntity
  8
03___PRT_ALL_CURVES
  6
Continuous
 62
     4
100
AcDbSpline
210
0.0
220
0.0
230
1.0
 70
     8
 71
     3
 72
     8
 73
     4
 74
     0
 42
0.0000001
 43
0.0000000001
 40
0.0
 40
0.0
 40
0.0
 40
0.0
 40
1.0
 40
1.0
 40
1.0
 40
1.0
 10
22.92223736854004
 20
35.17373804964001
 30
0.0
 10
22.92223736854004
 20
35.22148705752002
 30
0.0
 10
22.90695781311999
 20
35.26064124133998
 30
0.0
 10
22.87710994038002
 20
35.29096283931997
 30
0.0
  0
SPLINE
  5
725
330
2AF
100
AcDbEntity
  8
03___PRT_ALL_CURVES
  6
Continuous
 62
     4
100
AcDbSpline
210
0.0
220
0.0
230
1.0
 70
     8
 71
     3
 72
     8
 73
     4
 74
     0
 42
0.0000001
 43
0.0000000001
 40
0.0
 40
0.0
 40
0.0
 40
0.0
 40
1.0
 40
1.0
 40
1.0
 40
1.0
 10
22.87710994038002
 20
35.29096283931997
 30
0.0
 10
22.84679405232001
 20
35.32175987957999
 30
0.0
 10
22.80859491612003
 20
35.33703960264
 30
0.0
 10
22.76275591458003
 20
35.33703960264
 30
0.0
  0
SPLINE
  5
726
330
2AF
100
AcDbEntity
  8
03___PRT_ALL_CURVES
  6
Continuous
 62
     4
100
AcDbSpline
210
0.0
220
0.0
230
1.0
 70
     8
 71
     3
 72
     8
 73
     4
 74
     0
 42
0.0000001
 43
0.0000000001
 40
0.0
 40
0.0
 40
0.0
 40
0.0
 40
1.0
 40
1.0
 40
1.0
 40
1.0
 10
22.76275591458003
 20
35.33703960264
 30
0.0
 10
22.71500682542003
 20
35.33703960264
 30
0.0
 10
22.67680768668001
 20
35.32175987957999
 30
0.0
 10
22.64720334914003
 20
35.29215558522
 30
0.0
  0
SPLINE
  5
727
330
2AF
100
AcDbEntity
  8
03___PRT_ALL_CURVES
  6
Continuous
 62
     4
100
AcDbSpline
210
0.0
220
0.0
230
1.0
 70
     8
 71
     3
 72
     8
 73
     4
 74
     0
 42
0.0000001
 43
0.0000000001
 40
0.0
 40
0.0
 40
0.0
 40
0.0
 40
1.0
 40
1.0
 40
1.0
 40
1.0
 10
22.64720334914003
 20
35.29215558522
 30
0.0
 10
22.61759888714002
 20
35.26255116385997
 30
0.0
 10
22.60327429552001
 20
35.2243519413
 30
0.0
 10
22.60327429552001
 20
35.17755798104
 30
0.0
  0
SPLINE
  5
728
330
2AF
100
AcDbEntity
  8
03___PRT_ALL_CURVES
  6
Continuous
 62
     4
100
AcDbSpline
210
0.0
220
0.0
230
1.0
 70
     8
 71
     3
 72
     8
 73
     4
 74
     0
 42
0.0000001
 43
0.0000000001
 40
0.0
 40
0.0
 40
0.0
 40
0.0
 40
1.0
 40
1.0
 40
1.0
 40
1.0
 10
22.58226480236004
 20
34.5749658766
 30
0.0
 10
22.58226480236004
 20
34.51289223391998
 30
0.0
 10
22.60040940920001
 20
34.46227829908003
 30
0.0
 10
22.63836166756002
 20
34.42288478883998
 30
0.0
  0
SPLINE
  5
729
330
2AF
100
AcDbEntity
  8
03___PRT_ALL_CURVES
  6
Continuous
 62
     4
100
AcDbSpline
210
0.0
220
0.0
230
1.0
 70
     8
 71
     3
 72
     8
 73
     4
 74
     0
 42
0.0000001
 43
0.0000000001
 40
0.0
 40
0.0
 40
0.0
 40
0.0
 40
1.0
 40
1.0
 40
1.0
 40
1.0
 10
22.63836166756002
 20
34.42288478883998
 30
0.0
 10
22.67585272542004
 20
34.38396999493997
 30
0.0
 10
22.7188268381
 20
34.36487040397998
 30
0.0
 10
22.76753072342004
 20
34.36487040397998
 30
0.0
  0
SPLINE
  5
72A
330
2AF
100
AcDbEntity
  8
03___PRT_ALL_CURVES
  6
Continuous
 62
     4
100
AcDbSpline
210
0.0
220
0.0
230
1.0
 70
     8
 71
     3
 72
     8
 73
     4
 74
     0
 42
0.0000001
 43
0.0000000001
 40
0.0
 40
0.0
 40
0.0
 40
0.0
 40
1.0
 40
1.0
 40
1.0
 40
1.0
 10
22.76753072342004
 20
34.36487040397998
 30
0.0
 10
22.81336972496001
 20
34.36487040397998
 30
0.0
 10
22.85538887638003
 20
34.38396999493997
 30
0.0
 10
22.89237435232005
 20
34.42431779841999
 30
0.0
  0
SPLINE
  5
72B
330
2AF
100
AcDbEntity
  8
03___PRT_ALL_CURVES
  6
Continuous
 62
     4
100
AcDbSpline
210
0.0
220
0.0
230
1.0
 70
     8
 71
     3
 72
     8
 73
     4
 74
     0
 42
0.0000001
 43
0.0000000001
 40
0.0
 40
0.0
 40
0.0
 40
0.0
 40
1.0
 40
1.0
 40
1.0
 40
1.0
 10
22.89237435232005
 20
34.42431779841999
 30
0.0
 10
22.92892226754003
 20
34.46418826477998
 30
0.0
 10
22.94802183818001
 20
34.51480219961999
 30
0.0
 10
22.94802183818001
 20
34.57592087850003
 30
0.0
  0
SPLINE
  5
72C
330
2AF
100
AcDbEntity
  8
03___PRT_ALL_CURVES
  6
Continuous
 62
     4
100
AcDbSpline
210
0.0
220
0.0
230
1.0
 70
     8
 71
     3
 72
     8
 73
     4
 74
     0
 42
0.0000001
 43
0.0000000001
 40
0.0
 40
0.0
 40
0.0
 40
0.0
 40
1.0
 40
1.0
 40
1.0
 40
1.0
 10
22.94802183818001
 20
34.57592087850003
 30
0.0
 10
22.94802183818001
 20
34.63703955992
 30
0.0
 10
22.92892226754003
 20
34.68765349475999
 30
0.0
 10
22.89143913194005
 20
34.72753941447996
 30
0.0
  0
SPLINE
  5
72D
330
2AF
100
AcDbEntity
  8
03___PRT_ALL_CURVES
  6
Continuous
 62
     4
100
AcDbSpline
210
0.0
220
0.0
230
1.0
 70
     8
 71
     3
 72
     8
 73
     4
 74
     0
 42
0.0000001
 43
0.0000000001
 40
0.0
 40
0.0
 40
0.0
 40
0.0
 40
1.0
 40
1.0
 40
1.0
 40
1.0
 10
22.89143913194005
 20
34.72753941447996
 30
0.0
 10
22.85443391512001
 20
34.76691678047996
 30
0.0
 10
22.81145979990001
 20
34.78697135301999
 30
0.0
 10
22.76275591458003
 20
34.78697135301999
 30
0.0
  0
SPLINE
  5
72E
330
2AF
100
AcDbEntity
  8
03___PRT_ALL_CURVES
  6
Continuous
 62
     4
100
AcDbSpline
210
0.0
220
0.0
230
1.0
 70
     8
 71
     3
 72
     8
 73
     4
 74
     0
 42
0.0000001
 43
0.0000000001
 40
0.0
 40
0.0
 40
0.0
 40
0.0
 40
1.0
 40
1.0
 40
1.0
 40
1.0
 10
22.76275591458003
 20
34.78697135301999
 30
0.0
 10
22.71405186415998
 20
34.78697135301999
 30
0.0
 10
22.67203287784005
 20
34.76787174427997
 30
0.0
 10
22.63574353970003
 20
34.72967252172
 30
0.0
  0
SPLINE
  5
72F
330
2AF
100
AcDbEntity
  8
03___PRT_ALL_CURVES
  6
Continuous
 62
     4
100
AcDbSpline
210
0.0
220
0.0
230
1.0
 70
     8
 71
     3
 72
     8
 73
     4
 74
     0
 42
0.0000001
 43
0.0000000001
 40
0.0
 40
0.0
 40
0.0
 40
0.0
 40
1.0
 40
1.0
 40
1.0
 40
1.0
 10
22.63574353970003
 20
34.72967252172
 30
0.0
 10
22.59945428029999
 20
34.69147338297998
 30
0.0
 10
22.58226480236004
 20
34.63990448688
 30
0.0
 10
22.58226480236004
 20
34.5749658766
 30
0.0
  0
SPLINE
  5
730
330
2AF
100
AcDbEntity
  8
03___PRT_ALL_CURVES
  6
Continuous
 62
     4
100
AcDbSpline
210
0.0
220
0.0
230
1.0
 70
     8
 71
     3
 72
     8
 73
     4
 74
     0
 42
0.0000001
 43
0.0000000001
 40
0.0
 40
0.0
 40
0.0
 40
0.0
 40
1.0
 40
1.0
 40
1.0
 40
1.0
 10
20.89099595986005
 20
31.71098222687999
 30
0.0
 10
20.92155531200004
 20
31.82748973325999
 30
0.0
 10
20.97980905375999
 20
31.91725780874
 30
0.0
 10
21.06693915890003
 20
31.97997233914001
 30
0.0
  0
SPLINE
  5
731
330
2AF
100
AcDbEntity
  8
03___PRT_ALL_CURVES
  6
Continuous
 62
     4
100
AcDbSpline
210
0.0
220
0.0
230
1.0
 70
     8
 71
     3
 72
     8
 73
     4
 74
     0
 42
0.0000001
 43
0.0000000001
 40
0.0
 40
0.0
 40
0.0
 40
0.0
 40
1.0
 40
1.0
 40
1.0
 40
1.0
 10
21.06693915890003
 20
31.97997233914001
 30
0.0
 10
21.15361533047999
 20
32.04236013918
 30
0.0
 10
21.27680769521999
 20
32.07387454402001
 30
0.0
 10
21.43628927364
 20
32.07387454402001
 30
0.0
  0
SPLINE
  5
732
330
2AF
100
AcDbEntity
  8
03___PRT_ALL_CURVES
  6
Continuous
 62
     4
100
AcDbSpline
210
0.0
220
0.0
230
1.0
 70
     8
 71
     3
 72
     8
 73
     4
 74
     0
 42
0.0000001
 43
0.0000000001
 40
0.0
 40
0.0
 40
0.0
 40
0.0
 40
1.0
 40
1.0
 40
1.0
 40
1.0
 10
21.43628927364
 20
32.07387454402001
 30
0.0
 10
21.61869035156002
 20
32.07387454402001
 30
0.0
 10
21.75047758100004
 20
32.03949525285998
 30
0.0
 10
21.83217593169999
 20
31.97117437349999
 30
0.0
  0
SPLINE
  5
733
330
2AF
100
AcDbEntity
  8
03___PRT_ALL_CURVES
  6
Continuous
 62
     4
100
AcDbSpline
210
0.0
220
0.0
230
1.0
 70
     8
 71
     3
 72
     8
 73
     4
 74
     0
 42
0.0000001
 43
0.0000000001
 40
0.0
 40
0.0
 40
0.0
 40
0.0
 40
1.0
 40
1.0
 40
1.0
 40
1.0
 10
21.83217593169999
 20
31.97117437349999
 30
0.0
 10
21.91377905018001
 20
31.9029331333
 30
0.0
 10
21.95484315652004
 20
31.81793994793998
 30
0.0
 10
21.95484315652004
 20
31.71480215828001
 30
0.0
  0
SPLINE
  5
734
330
2AF
100
AcDbEntity
  8
03___PRT_ALL_CURVES
  6
Continuous
 62
     4
100
AcDbSpline
210
0.0
220
0.0
230
1.0
 70
     8
 71
     3
 72
     8
 73
     4
 74
     0
 42
0.0000001
 43
0.0000000001
 40
0.0
 40
0.0
 40
0.0
 40
0.0
 40
1.0
 40
1.0
 40
1.0
 40
1.0
 10
21.95484315652004
 20
31.71480215828001
 30
0.0
 10
21.95484315652004
 20
31.65368352004
 30
0.0
 10
21.93765351094001
 20
31.59924969697997
 30
0.0
 10
21.90507535156001
 20
31.55061848614
 30
0.0
  0
SPLINE
  5
735
330
2AF
100
AcDbEntity
  8
03___PRT_ALL_CURVES
  6
Continuous
 62
     4
100
AcDbSpline
210
0.0
220
0.0
230
1.0
 70
     8
 71
     3
 72
     8
 73
     4
 74
     0
 42
0.0000001
 43
0.0000000001
 40
0.0
 40
0.0
 40
0.0
 40
0.0
 40
1.0
 40
1.0
 40
1.0
 40
1.0
 10
21.90507535156001
 20
31.55061848614
 30
0.0
 10
21.87175998004003
 20
31.50088679743999
 30
0.0
 10
21.82210104964003
 20
31.45791268221998
 30
0.0
 10
21.75525247365999
 20
31.42162346853999
 30
0.0
  0
SPLINE
  5
736
330
2AF
100
AcDbEntity
  8
03___PRT_ALL_CURVES
  6
Continuous
 62
     4
100
AcDbSpline
210
0.0
220
0.0
230
1.0
 70
     8
 71
     3
 72
     8
 73
     4
 74
     0
 42
0.0000001
 43
0.0000000001
 40
0.0
 40
0.0
 40
0.0
 40
0.0
 40
1.0
 40
1.0
 40
1.0
 40
1.0
 10
21.75525247365999
 20
31.42162346853999
 30
0.0
 10
21.80873133546001
 20
31.40825375181998
 30
0.0
 10
21.85075040306
 20
31.39201907003999
 30
0.0
 10
21.87920479623997
 20
31.37450866818
 30
0.0
  0
SPLINE
  5
737
330
2AF
100
AcDbEntity
  8
03___PRT_ALL_CURVES
  6
Continuous
 62
     4
100
AcDbSpline
210
0.0
220
0.0
230
1.0
 70
     8
 71
     3
 72
     8
 73
     4
 74
     0
 42
0.0000001
 43
0.0000000001
 40
0.0
 40
0.0
 40
0.0
 40
0.0
 40
1.0
 40
1.0
 40
1.0
 40
1.0
 10
21.87920479623997
 20
31.37450866818
 30
0.0
 10
21.92523875802001
 20
31.34618006850002
 30
0.0
 10
21.96152805552003
 20
31.30798088911999
 30
0.0
 10
21.98731248198001
 20
31.26118690854
 30
0.0
  0
SPLINE
  5
738
330
2AF
100
AcDbEntity
  8
03___PRT_ALL_CURVES
  6
Continuous
 62
     4
100
AcDbSpline
210
0.0
220
0.0
230
1.0
 70
     8
 71
     3
 72
     8
 73
     4
 74
     0
 42
0.0000001
 43
0.0000000001
 40
0.0
 40
0.0
 40
0.0
 40
0.0
 40
1.0
 40
1.0
 40
1.0
 40
1.0
 10
21.98731248198001
 20
31.26118690854
 30
0.0
 10
22.01309690844005
 20
31.21439292287999
 30
0.0
 10
22.02646662516003
 20
31.15900409791999
 30
0.0
 10
22.02646662516003
 20
31.09406548763999
 30
0.0
  0
SPLINE
  5
739
330
2AF
100
AcDbEntity
  8
03___PRT_ALL_CURVES
  6
Continuous
 62
     4
100
AcDbSpline
210
0.0
220
0.0
230
1.0
 70
     8
 71
     3
 72
     8
 73
     4
 74
     0
 42
0.0000001
 43
0.0000000001
 40
0.0
 40
0.0
 40
0.0
 40
0.0
 40
1.0
 40
1.0
 40
1.0
 40
1.0
 10
22.02646662516003
 20
31.09406548763999
 30
0.0
 10
22.02646662516003
 20
31.01193723178
 30
0.0
 10
22.00450208692004
 20
30.93362892510001
 30
0.0
 10
21.96212225296
 20
30.85934517221997
 30
0.0
  0
SPLINE
  5
73A
330
2AF
100
AcDbEntity
  8
03___PRT_ALL_CURVES
  6
Continuous
 62
     4
100
AcDbSpline
210
0.0
220
0.0
230
1.0
 70
     8
 71
     3
 72
     8
 73
     4
 74
     0
 42
0.0000001
 43
0.0000000001
 40
0.0
 40
0.0
 40
0.0
 40
0.0
 40
1.0
 40
1.0
 40
1.0
 40
1.0
 10
21.96212225296
 20
30.85934517221997
 30
0.0
 10
21.91950890410004
 20
30.78465211357999
 30
0.0
 10
21.85839026332005
 20
30.72639836165999
 30
0.0
 10
21.77798143760003
 20
30.68667257624
 30
0.0
  0
SPLINE
  5
73B
330
2AF
100
AcDbEntity
  8
03___PRT_ALL_CURVES
  6
Continuous
 62
     4
100
AcDbSpline
210
0.0
220
0.0
230
1.0
 70
     8
 71
     3
 72
     8
 73
     4
 74
     0
 42
0.0000001
 43
0.0000000001
 40
0.0
 40
0.0
 40
0.0
 40
0.0
 40
1.0
 40
1.0
 40
1.0
 40
1.0
 10
21.77798143760003
 20
30.68667257624
 30
0.0
 10
21.69795368300001
 20
30.64713506070001
 30
0.0
 10
21.59195092319999
 20
30.62612551166001
 30
0.0
 10
21.46207374328
 20
30.62612551166001
 30
0.0
  0
SPLINE
  5
73C
330
2AF
100
AcDbEntity
  8
03___PRT_ALL_CURVES
  6
Continuous
 62
     4
100
AcDbSpline
210
0.0
220
0.0
230
1.0
 70
     8
 71
     3
 72
     8
 73
     4
 74
     0
 42
0.0000001
 43
0.0000000001
 40
0.0
 40
0.0
 40
0.0
 40
0.0
 40
1.0
 40
1.0
 40
1.0
 40
1.0
 10
21.46207374328
 20
30.62612551166001
 30
0.0
 10
21.33410648588003
 20
30.62612551166001
 30
0.0
 10
21.23383362063998
 20
30.64140518391997
 30
0.0
 10
21.16030018884004
 20
30.67100955193999
 30
0.0
  0
SPLINE
  5
73D
330
2AF
100
AcDbEntity
  8
03___PRT_ALL_CURVES
  6
Continuous
 62
     4
100
AcDbSpline
210
0.0
220
0.0
230
1.0
 70
     8
 71
     3
 72
     8
 73
     4
 74
     0
 42
0.0000001
 43
0.0000000001
 40
0.0
 40
0.0
 40
0.0
 40
0.0
 40
1.0
 40
1.0
 40
1.0
 40
1.0
 10
21.16030018884004
 20
30.67100955193999
 30
0.0
 10
21.08676677482003
 20
30.70061391234
 30
0.0
 10
21.02660305719999
 20
30.74454297866001
 30
0.0
 10
20.97885407471998
 20
30.80184175154
 30
0.0
  0
SPLINE
  5
73E
330
2AF
100
AcDbEntity
  8
03___PRT_ALL_CURVES
  6
Continuous
 62
     4
100
AcDbSpline
210
0.0
220
0.0
230
1.0
 70
     8
 71
     3
 72
     8
 73
     4
 74
     0
 42
0.0000001
 43
0.0000000001
 40
0.0
 40
0.0
 40
0.0
 40
0.0
 40
1.0
 40
1.0
 40
1.0
 40
1.0
 10
20.97885407471998
 20
30.80184175154
 30
0.0
 10
20.93110510494
 20
30.85914050918001
 30
0.0
 10
20.89481588109999
 20
30.9317189594
 30
0.0
 10
20.86998641082002
 20
31.01957709204001
 30
0.0
  0
SPLINE
  5
73F
330
2AF
100
AcDbEntity
  8
03___PRT_ALL_CURVES
  6
Continuous
 62
     4
100
AcDbSpline
210
0.0
220
0.0
230
1.0
 70
     8
 71
     3
 72
     8
 73
     4
 74
     0
 42
0.0000001
 43
0.0000000001
 40
0.0
 40
0.0
 40
0.0
 40
0.0
 40
1.0
 40
1.0
 40
1.0
 40
1.0
 10
21.25866308584
 20
31.07114598813999
 30
0.0
 10
21.27394276826001
 20
30.99283766114002
 30
0.0
 10
21.29686226776002
 20
30.93840381775999
 30
0.0
 10
21.32933156274004
 20
30.90784448847998
 30
0.0
  0
SPLINE
  5
740
330
2AF
100
AcDbEntity
  8
03___PRT_ALL_CURVES
  6
Continuous
 62
     4
100
AcDbSpline
210
0.0
220
0.0
230
1.0
 70
     8
 71
     3
 72
     8
 73
     4
 74
     0
 42
0.0000001
 43
0.0000000001
 40
0.0
 40
0.0
 40
0.0
 40
0.0
 40
1.0
 40
1.0
 40
1.0
 40
1.0
 10
21.32933156274004
 20
30.90784448847998
 30
0.0
 10
21.36180087803999
 20
30.87728513633999
 30
0.0
 10
21.40286498438002
 20
30.86296044058
 30
0.0
 10
21.45252391478002
 20
30.86296044058
 30
0.0
  0
SPLINE
  5
741
330
2AF
100
AcDbEntity
  8
03___PRT_ALL_CURVES
  6
Continuous
 62
     4
100
AcDbSpline
210
0.0
220
0.0
230
1.0
 70
     8
 71
     3
 72
     8
 73
     4
 74
     0
 42
0.0000001
 43
0.0000000001
 40
0.0
 40
0.0
 40
0.0
 40
0.0
 40
1.0
 40
1.0
 40
1.0
 40
1.0
 10
21.45252391478002
 20
30.86296044058
 30
0.0
 10
21.50409285405999
 20
30.86296044058
 30
0.0
 10
21.54802184672002
 20
30.88206002900003
 30
0.0
 10
21.58240113788
 20
30.92025921091999
 30
0.0
  0
SPLINE
  5
742
330
2AF
100
AcDbEntity
  8
03___PRT_ALL_CURVES
  6
Continuous
 62
     4
100
AcDbSpline
210
0.0
220
0.0
230
1.0
 70
     8
 71
     3
 72
     8
 73
     4
 74
     0
 42
0.0000001
 43
0.0000000001
 40
0.0
 40
0.0
 40
0.0
 40
0.0
 40
1.0
 40
1.0
 40
1.0
 40
1.0
 10
21.58240113788
 20
30.92025921091999
 30
0.0
 10
21.61678042904001
 20
30.9584583903
 30
0.0
 10
21.63492503588003
 20
31.00907230228
 30
0.0
 10
21.63492503588003
 20
31.07305595130001
 30
0.0
  0
SPLINE
  5
743
330
2AF
100
AcDbEntity
  8
03___PRT_ALL_CURVES
  6
Continuous
 62
     4
100
AcDbSpline
210
0.0
220
0.0
230
1.0
 70
     8
 71
     3
 72
     8
 73
     4
 74
     0
 42
0.0000001
 43
0.0000000001
 40
0.0
 40
0.0
 40
0.0
 40
0.0
 40
1.0
 40
1.0
 40
1.0
 40
1.0
 10
21.63492503588003
 20
31.07305595130001
 30
0.0
 10
21.63492503588003
 20
31.13799456411999
 30
0.0
 10
21.61773539030003
 20
31.18765349452002
 30
0.0
 10
21.58407221404002
 20
31.22372117955999
 30
0.0
  0
SPLINE
  5
744
330
2AF
100
AcDbEntity
  8
03___PRT_ALL_CURVES
  6
Continuous
 62
     4
100
AcDbSpline
210
0.0
220
0.0
230
1.0
 70
     8
 71
     3
 72
     8
 73
     4
 74
     0
 42
0.0000001
 43
0.0000000001
 40
0.0
 40
0.0
 40
0.0
 40
0.0
 40
1.0
 40
1.0
 40
1.0
 40
1.0
 10
21.58407221404002
 20
31.22372117955999
 30
0.0
 10
21.55088681432005
 20
31.25927696315998
 30
0.0
 10
21.50600277658
 20
31.27742157
 30
0.0
 10
21.44870402656002
 20
31.27742157
 30
0.0
  0
SPLINE
  5
745
330
2AF
100
AcDbEntity
  8
03___PRT_ALL_CURVES
  6
Continuous
 62
     4
100
AcDbSpline
210
0.0
220
0.0
230
1.0
 70
     8
 71
     3
 72
     8
 73
     4
 74
     0
 42
0.0000001
 43
0.0000000001
 40
0.0
 40
0.0
 40
0.0
 40
0.0
 40
1.0
 40
1.0
 40
1.0
 40
1.0
 10
21.44870402656002
 20
31.27742157
 30
0.0
 10
21.41814466679998
 20
31.27742157
 30
0.0
 10
21.37612555602004
 20
31.2697817072
 30
0.0
 10
21.32264669422
 20
31.25450202732
 30
0.0
  0
LINE
  5
746
330
2AF
100
AcDbEntity
  8
03___PRT_ALL_CURVES
  6
Continuous
 62
     4
100
AcDbLine
 10
21.34270126676
 20
31.53240112100002
 30
0.0
 11
21.39331520160002
 21
31.52762622833998
 31
0.0
  0
SPLINE
  5
747
330
2AF
100
AcDbEntity
  8
03___PRT_ALL_CURVES
  6
Continuous
 62
     4
100
AcDbSpline
210
0.0
220
0.0
230
1.0
 70
     8
 71
     3
 72
     8
 73
     4
 74
     0
 42
0.0000001
 43
0.0000000001
 40
0.0
 40
0.0
 40
0.0
 40
0.0
 40
1.0
 40
1.0
 40
1.0
 40
1.0
 10
21.39331520160002
 20
31.52762622833998
 30
0.0
 10
21.44392909326001
 20
31.52762622833998
 30
0.0
 10
21.48594820404
 20
31.54386082883997
 30
0.0
 10
21.52032744186005
 20
31.57633012381999
 30
0.0
  0
SPLINE
  5
748
330
2AF
100
AcDbEntity
  8
03___PRT_ALL_CURVES
  6
Continuous
 62
     4
100
AcDbSpline
210
0.0
220
0.0
230
1.0
 70
     8
 71
     3
 72
     8
 73
     4
 74
     0
 42
0.0000001
 43
0.0000000001
 40
0.0
 40
0.0
 40
0.0
 40
0.0
 40
1.0
 40
1.0
 40
1.0
 40
1.0
 10
21.52032744186005
 20
31.57633012381999
 30
0.0
 10
21.55470674572001
 20
31.60879948229999
 30
0.0
 10
21.57189639129999
 20
31.64699862104001
 30
0.0
 10
21.57189639129999
 20
31.69188265878
 30
0.0
  0
SPLINE
  5
749
330
2AF
100
AcDbEntity
  8
03___PRT_ALL_CURVES
  6
Continuous
 62
     4
100
AcDbSpline
210
0.0
220
0.0
230
1.0
 70
     8
 71
     3
 72
     8
 73
     4
 74
     0
 42
0.0000001
 43
0.0000000001
 40
0.0
 40
0.0
 40
0.0
 40
0.0
 40
1.0
 40
1.0
 40
1.0
 40
1.0
 10
21.57189639129999
 20
31.69188265878
 30
0.0
 10
21.57189639129999
 20
31.7339018102
 30
0.0
 10
21.55852667458001
 20
31.76828101754
 30
0.0
 10
21.53321516310004
 20
31.79359248837997
 30
0.0
  0
SPLINE
  5
74A
330
2AF
100
AcDbEntity
  8
03___PRT_ALL_CURVES
  6
Continuous
 62
     4
100
AcDbSpline
210
0.0
220
0.0
230
1.0
 70
     8
 71
     3
 72
     8
 73
     4
 74
     0
 42
0.0000001
 43
0.0000000001
 40
0.0
 40
0.0
 40
0.0
 40
0.0
 40
1.0
 40
1.0
 40
1.0
 40
1.0
 10
21.53321516310004
 20
31.79359248837997
 30
0.0
 10
21.50791269909999
 20
31.81889491173999
 30
0.0
 10
21.47257848986004
 20
31.83226462592
 30
0.0
 10
21.42864945402002
 20
31.83226462592
 30
0.0
  0
SPLINE
  5
74B
330
2AF
100
AcDbEntity
  8
03___PRT_ALL_CURVES
  6
Continuous
 62
     4
100
AcDbSpline
210
0.0
220
0.0
230
1.0
 70
     8
 71
     3
 72
     8
 73
     4
 74
     0
 42
0.0000001
 43
0.0000000001
 40
0.0
 40
0.0
 40
0.0
 40
0.0
 40
1.0
 40
1.0
 40
1.0
 40
1.0
 10
21.42864945402002
 20
31.83226462592
 30
0.0
 10
21.38281041184001
 20
31.83226462592
 30
0.0
 10
21.34556623690003
 20
31.81793994793998
 30
0.0
 10
21.31691684030002
 20
31.79024555577999
 30
0.0
  0
SPLINE
  5
74C
330
2AF
100
AcDbEntity
  8
03___PRT_ALL_CURVES
  6
Continuous
 62
     4
100
AcDbSpline
210
0.0
220
0.0
230
1.0
 70
     8
 71
     3
 72
     8
 73
     4
 74
     0
 42
0.0000001
 43
0.0000000001
 40
0.0
 40
0.0
 40
0.0
 40
0.0
 40
1.0
 40
1.0
 40
1.0
 40
1.0
 10
21.31691684030002
 20
31.79024555577999
 30
0.0
 10
21.28826744369999
 20
31.76255116362
 30
0.0
 10
21.26821287116002
 20
31.71384719702002
 30
0.0
 10
21.25866308584
 20
31.64508869597998
 30
0.0
  0
SPLINE
  5
74D
330
2AF
100
AcDbEntity
  8
03___PRT_ALL_CURVES
  6
Continuous
 62
     4
100
AcDbSpline
210
0.0
220
0.0
230
1.0
 70
     8
 71
     3
 72
     8
 73
     4
 74
     0
 42
0.0000001
 43
0.0000000001
 40
0.0
 40
0.0
 40
0.0
 40
0.0
 40
1.0
 40
1.0
 40
1.0
 40
1.0
 10
22.18594824676001
 20
31.35572985381998
 30
0.0
 10
22.18594824676001
 20
31.62121415139998
 30
0.0
 10
22.2336972521
 20
31.80743520135997
 30
0.0
 10
22.32943273500004
 20
31.91418027361999
 30
0.0
  0
SPLINE
  5
74E
330
2AF
100
AcDbEntity
  8
03___PRT_ALL_CURVES
  6
Continuous
 62
     4
100
AcDbSpline
210
0.0
220
0.0
230
1.0
 70
     8
 71
     3
 72
     8
 73
     4
 74
     0
 42
0.0000001
 43
0.0000000001
 40
0.0
 40
0.0
 40
0.0
 40
0.0
 40
1.0
 40
1.0
 40
1.0
 40
1.0
 10
22.32943273500004
 20
31.91418027361999
 30
0.0
 10
22.42469311344004
 20
32.02039560093999
 30
0.0
 10
22.57080493450002
 20
32.07387454402001
 30
0.0
 10
22.76753073104004
 20
32.07387454402001
 30
0.0
  0
SPLINE
  5
74F
330
2AF
100
AcDbEntity
  8
03___PRT_ALL_CURVES
  6
Continuous
 62
     4
100
AcDbSpline
210
0.0
220
0.0
230
1.0
 70
     8
 71
     3
 72
     8
 73
     4
 74
     0
 42
0.0000001
 43
0.0000000001
 40
0.0
 40
0.0
 40
0.0
 40
0.0
 40
1.0
 40
1.0
 40
1.0
 40
1.0
 10
22.76753073104004
 20
32.07387454402001
 30
0.0
 10
22.86111882174001
 20
32.07387454402001
 30
0.0
 10
22.93847206048
 20
32.06145970727999
 30
0.0
 10
22.99953130590004
 20
32.03838222232
 30
0.0
  0
SPLINE
  5
750
330
2AF
100
AcDbEntity
  8
03___PRT_ALL_CURVES
  6
Continuous
 62
     4
100
AcDbSpline
210
0.0
220
0.0
230
1.0
 70
     8
 71
     3
 72
     8
 73
     4
 74
     0
 42
0.0000001
 43
0.0000000001
 40
0.0
 40
0.0
 40
0.0
 40
0.0
 40
1.0
 40
1.0
 40
1.0
 40
1.0
 10
22.99953130590004
 20
32.03838222232
 30
0.0
 10
23.05975454334003
 20
32.01562070828001
 30
0.0
 10
23.10941338992001
 20
31.98506142979997
 30
0.0
 10
23.14761258962002
 20
31.94781723454
 30
0.0
  0
SPLINE
  5
751
330
2AF
100
AcDbEntity
  8
03___PRT_ALL_CURVES
  6
Continuous
 62
     4
100
AcDbSpline
210
0.0
220
0.0
230
1.0
 70
     8
 71
     3
 72
     8
 73
     4
 74
     0
 42
0.0000001
 43
0.0000000001
 40
0.0
 40
0.0
 40
0.0
 40
0.0
 40
1.0
 40
1.0
 40
1.0
 40
1.0
 10
23.14761258962002
 20
31.94781723454
 30
0.0
 10
23.18581183504003
 20
31.91057299356001
 30
0.0
 10
23.21541614972
 20
31.87141880973999
 30
0.0
 10
23.23738067018002
 20
31.83035473641996
 30
0.0
  0
SPLINE
  5
752
330
2AF
100
AcDbEntity
  8
03___PRT_ALL_CURVES
  6
Continuous
 62
     4
100
AcDbSpline
210
0.0
220
0.0
230
1.0
 70
     8
 71
     3
 72
     8
 73
     4
 74
     0
 42
0.0000001
 43
0.0000000001
 40
0.0
 40
0.0
 40
0.0
 40
0.0
 40
1.0
 40
1.0
 40
1.0
 40
1.0
 10
23.23738067018002
 20
31.83035473641996
 30
0.0
 10
23.25934522620003
 20
31.78929059452003
 30
0.0
 10
23.27748983303999
 20
31.74154158918
 30
0.0
 10
23.29085413194002
 20
31.68710645547998
 30
0.0
  0
SPLINE
  5
753
330
2AF
100
AcDbEntity
  8
03___PRT_ALL_CURVES
  6
Continuous
 62
     4
100
AcDbSpline
210
0.0
220
0.0
230
1.0
 70
     8
 71
     3
 72
     8
 73
     4
 74
     0
 42
0.0000001
 43
0.0000000001
 40
0.0
 40
0.0
 40
0.0
 40
0.0
 40
1.0
 40
1.0
 40
1.0
 40
1.0
 10
23.29085413194002
 20
31.68710645547998
 30
0.0
 10
23.31664393558
 20
31.58206005139999
 30
0.0
 10
23.33001373358005
 20
31.47319232145998
 30
0.0
 10
23.33001373358005
 20
31.36050474647996
 30
0.0
  0
SPLINE
  5
754
330
2AF
100
AcDbEntity
  8
03___PRT_ALL_CURVES
  6
Continuous
 62
     4
100
AcDbSpline
210
0.0
220
0.0
230
1.0
 70
     8
 71
     3
 72
     8
 73
     4
 74
     0
 42
0.0000001
 43
0.0000000001
 40
0.0
 40
0.0
 40
0.0
 40
0.0
 40
1.0
 40
1.0
 40
1.0
 40
1.0
 10
23.33001373358005
 20
31.36050474647996
 30
0.0
 10
23.33001373358005
 20
31.10648019991999
 30
0.0
 10
23.28703961836001
 20
30.92025921091999
 30
0.0
 10
23.20131855282003
 20
30.80263084064001
 30
0.0
  0
SPLINE
  5
755
330
2AF
100
AcDbEntity
  8
03___PRT_ALL_CURVES
  6
Continuous
 62
     4
100
AcDbSpline
210
0.0
220
0.0
230
1.0
 70
     8
 71
     3
 72
     8
 73
     4
 74
     0
 42
0.0000001
 43
0.0000000001
 40
0.0
 40
0.0
 40
0.0
 40
0.0
 40
1.0
 40
1.0
 40
1.0
 40
1.0
 10
23.20131855282003
 20
30.80263084064001
 30
0.0
 10
23.11514332766001
 20
30.68437926358001
 30
0.0
 10
22.96712141644002
 20
30.62612551166001
 30
0.0
 10
22.75702598699999
 20
30.62612551166001
 30
0.0
  0
SPLINE
  5
756
330
2AF
100
AcDbEntity
  8
03___PRT_ALL_CURVES
  6
Continuous
 62
     4
100
AcDbSpline
210
0.0
220
0.0
230
1.0
 70
     8
 71
     3
 72
     8
 73
     4
 74
     0
 42
0.0000001
 43
0.0000000001
 40
0.0
 40
0.0
 40
0.0
 40
0.0
 40
1.0
 40
1.0
 40
1.0
 40
1.0
 10
22.75702598699999
 20
30.62612551166001
 30
0.0
 10
22.63860855556001
 20
30.62612551166001
 30
0.0
 10
22.54406550360002
 20
30.64522510262
 30
0.0
 10
22.47148707369999
 20
30.68246930550001
 30
0.0
  0
SPLINE
  5
757
330
2AF
100
AcDbEntity
  8
03___PRT_ALL_CURVES
  6
Continuous
 62
     4
100
AcDbSpline
210
0.0
220
0.0
230
1.0
 70
     8
 71
     3
 72
     8
 73
     4
 74
     0
 42
0.0000001
 43
0.0000000001
 40
0.0
 40
0.0
 40
0.0
 40
0.0
 40
1.0
 40
1.0
 40
1.0
 40
1.0
 10
22.47148707369999
 20
30.68246930550001
 30
0.0
 10
22.39890864380001
 20
30.71971350837998
 30
0.0
 10
22.338744883
 20
30.77510231810001
 30
0.0
 10
22.29215711994001
 20
30.84720241773999
 30
0.0
  0
SPLINE
  5
758
330
2AF
100
AcDbEntity
  8
03___PRT_ALL_CURVES
  6
Continuous
 62
     4
100
AcDbSpline
210
0.0
220
0.0
230
1.0
 70
     8
 71
     3
 72
     8
 73
     4
 74
     0
 42
0.0000001
 43
0.0000000001
 40
0.0
 40
0.0
 40
0.0
 40
0.0
 40
1.0
 40
1.0
 40
1.0
 40
1.0
 10
22.29215711994001
 20
30.84720241773999
 30
0.0
 10
22.25852659284001
 20
30.89924965425999
 30
0.0
 10
22.23274229084004
 20
30.96896315719999
 30
0.0
 10
22.21364267448001
 20
31.05873125808
 30
0.0
  0
SPLINE
  5
759
330
2AF
100
AcDbEntity
  8
03___PRT_ALL_CURVES
  6
Continuous
 62
     4
100
AcDbSpline
210
0.0
220
0.0
230
1.0
 70
     8
 71
     3
 72
     8
 73
     4
 74
     0
 42
0.0000001
 43
0.0000000001
 40
0.0
 40
0.0
 40
0.0
 40
0.0
 40
1.0
 40
1.0
 40
1.0
 40
1.0
 10
22.21364267448001
 20
31.05873125808
 30
0.0
 10
22.19454306828001
 20
31.1484993107
 30
0.0
 10
22.18594824676001
 20
31.24686220769999
 30
0.0
 10
22.18594824676001
 20
31.35572985381998
 30
0.0
  0
SPLINE
  5
75A
330
2AF
100
AcDbEntity
  8
03___PRT_ALL_CURVES
  6
Continuous
 62
     4
100
AcDbSpline
210
0.0
220
0.0
230
1.0
 70
     8
 71
     3
 72
     8
 73
     4
 74
     0
 42
0.0000001
 43
0.0000000001
 40
0.0
 40
0.0
 40
0.0
 40
0.0
 40
1.0
 40
1.0
 40
1.0
 40
1.0
 10
22.57175989575998
 20
31.35477489255999
 30
0.0
 10
22.57175989575998
 20
31.17619374350002
 30
0.0
 10
22.58703961882003
 20
31.05395634255999
 30
0.0
 10
22.61855395762001
 20
30.98901769672
 30
0.0
  0
SPLINE
  5
75B
330
2AF
100
AcDbEntity
  8
03___PRT_ALL_CURVES
  6
Continuous
 62
     4
100
AcDbSpline
210
0.0
220
0.0
230
1.0
 70
     8
 71
     3
 72
     8
 73
     4
 74
     0
 42
0.0000001
 43
0.0000000001
 40
0.0
 40
0.0
 40
0.0
 40
0.0
 40
1.0
 40
1.0
 40
1.0
 40
1.0
 10
22.61855395762001
 20
30.98901769672
 30
0.0
 10
22.65006826340002
 20
30.92407911945998
 30
0.0
 10
22.69590726494002
 20
30.89160981431999
 30
0.0
 10
22.75607102319998
 20
30.89160981431999
 30
0.0
  0
SPLINE
  5
75C
330
2AF
100
AcDbEntity
  8
03___PRT_ALL_CURVES
  6
Continuous
 62
     4
100
AcDbSpline
210
0.0
220
0.0
230
1.0
 70
     8
 71
     3
 72
     8
 73
     4
 74
     0
 42
0.0000001
 43
0.0000000001
 40
0.0
 40
0.0
 40
0.0
 40
0.0
 40
1.0
 40
1.0
 40
1.0
 40
1.0
 10
22.75607102319998
 20
30.89160981431999
 30
0.0
 10
22.7952251232
 20
30.89160981431999
 30
0.0
 10
22.82960441690003
 20
30.90497952850001
 30
0.0
 10
22.85825377032
 20
30.93267394352
 30
0.0
  0
SPLINE
  5
75D
330
2AF
100
AcDbEntity
  8
03___PRT_ALL_CURVES
  6
Continuous
 62
     4
100
AcDbSpline
210
0.0
220
0.0
230
1.0
 70
     8
 71
     3
 72
     8
 73
     4
 74
     0
 42
0.0000001
 43
0.0000000001
 40
0.0
 40
0.0
 40
0.0
 40
0.0
 40
1.0
 40
1.0
 40
1.0
 40
1.0
 10
22.85825377032
 20
30.93267394352
 30
0.0
 10
22.88690312374001
 20
30.960368356
 30
0.0
 10
22.90886774580002
 20
31.00429741216001
 30
0.0
 10
22.92233932667997
 20
31.06443838408001
 30
0.0
  0
SPLINE
  5
75E
330
2AF
100
AcDbEntity
  8
03___PRT_ALL_CURVES
  6
Continuous
 62
     4
100
AcDbSpline
210
0.0
220
0.0
230
1.0
 70
     8
 71
     3
 72
     8
 73
     4
 74
     0
 42
0.0000001
 43
0.0000000001
 40
0.0
 40
0.0
 40
0.0
 40
0.0
 40
1.0
 40
1.0
 40
1.0
 40
1.0
 10
22.92233932667997
 20
31.06443838408001
 30
0.0
 10
22.93560717670002
 20
31.12366984549999
 30
0.0
 10
22.94324703696003
 20
31.21725784984
 30
0.0
 10
22.94324703696003
 20
31.34427010279998
 30
0.0
  0
SPLINE
  5
75F
330
2AF
100
AcDbEntity
  8
03___PRT_ALL_CURVES
  6
Continuous
 62
     4
100
AcDbSpline
210
0.0
220
0.0
230
1.0
 70
     8
 71
     3
 72
     8
 73
     4
 74
     0
 42
0.0000001
 43
0.0000000001
 40
0.0
 40
0.0
 40
0.0
 40
0.0
 40
1.0
 40
1.0
 40
1.0
 40
1.0
 10
22.94324703696003
 20
31.34427010279998
 30
0.0
 10
22.94324703696003
 20
31.52953615086
 30
0.0
 10
22.92701235264002
 20
31.6546384813
 30
0.0
 10
22.89549801384004
 20
31.71862212016001
 30
0.0
  0
SPLINE
  5
760
330
2AF
100
AcDbEntity
  8
03___PRT_ALL_CURVES
  6
Continuous
 62
     4
100
AcDbSpline
210
0.0
220
0.0
230
1.0
 70
     8
 71
     3
 72
     8
 73
     4
 74
     0
 42
0.0000001
 43
0.0000000001
 40
0.0
 40
0.0
 40
0.0
 40
0.0
 40
1.0
 40
1.0
 40
1.0
 40
1.0
 10
22.89549801384004
 20
31.71862212016001
 30
0.0
 10
22.86398370806003
 20
31.78260569552
 30
0.0
 10
22.81718974525998
 20
31.81507506416
 30
0.0
 10
22.75416110068002
 20
31.81507506416
 30
0.0
  0
SPLINE
  5
761
330
2AF
100
AcDbEntity
  8
03___PRT_ALL_CURVES
  6
Continuous
 62
     4
100
AcDbSpline
210
0.0
220
0.0
230
1.0
 70
     8
 71
     3
 72
     8
 73
     4
 74
     0
 42
0.0000001
 43
0.0000000001
 40
0.0
 40
0.0
 40
0.0
 40
0.0
 40
1.0
 40
1.0
 40
1.0
 40
1.0
 10
22.75416110068002
 20
31.81507506416
 30
0.0
 10
22.68922236340001
 20
31.81507506416
 30
0.0
 10
22.64338336440002
 20
31.78165073425998
 30
0.0
 10
22.61473402621999
 20
31.71671215699999
 30
0.0
  0
SPLINE
  5
762
330
2AF
100
AcDbEntity
  8
03___PRT_ALL_CURVES
  6
Continuous
 62
     4
100
AcDbSpline
210
0.0
220
0.0
230
1.0
 70
     8
 71
     3
 72
     8
 73
     4
 74
     0
 42
0.0000001
 43
0.0000000001
 40
0.0
 40
0.0
 40
0.0
 40
0.0
 40
1.0
 40
1.0
 40
1.0
 40
1.0
 10
22.61473402621999
 20
31.71671215699999
 30
0.0
 10
22.58608465756004
 20
31.65177351116
 30
0.0
 10
22.57175989575998
 20
31.53049111466001
 30
0.0
 10
22.57175989575998
 20
31.35477489255999
 30
0.0
  0
SPLINE
  5
763
330
2AF
100
AcDbEntity
  8
03___PRT_ALL_CURVES
  6
Continuous
 62
     4
100
AcDbSpline
210
0.0
220
0.0
230
1.0
 70
     8
 71
     3
 72
     8
 73
     4
 74
     0
 42
0.0000001
 43
0.0000000001
 40
0.0
 40
0.0
 40
0.0
 40
0.0
 40
1.0
 40
1.0
 40
1.0
 40
1.0
 10
20.89386079792001
 20
28.21098222664
 30
0.0
 10
20.92442014752001
 20
28.32748973302
 30
0.0
 10
20.98267389182001
 20
28.41725780850001
 30
0.0
 10
21.06980399696002
 20
28.47997233889998
 30
0.0
  0
SPLINE
  5
764
330
2AF
100
AcDbEntity
  8
03___PRT_ALL_CURVES
  6
Continuous
 62
     4
100
AcDbSpline
210
0.0
220
0.0
230
1.0
 70
     8
 71
     3
 72
     8
 73
     4
 74
     0
 42
0.0000001
 43
0.0000000001
 40
0.0
 40
0.0
 40
0.0
 40
0.0
 40
1.0
 40
1.0
 40
1.0
 40
1.0
 10
21.06980399696002
 20
28.47997233889998
 30
0.0
 10
21.15648016854001
 20
28.54236013893998
 30
0.0
 10
21.27967253328003
 20
28.57387454377999
 30
0.0
 10
21.43915411169999
 20
28.57387454377999
 30
0.0
  0
SPLINE
  5
765
330
2AF
100
AcDbEntity
  8
03___PRT_ALL_CURVES
  6
Continuous
 62
     4
100
AcDbSpline
210
0.0
220
0.0
230
1.0
 70
     8
 71
     3
 72
     8
 73
     4
 74
     0
 42
0.0000001
 43
0.0000000001
 40
0.0
 40
0.0
 40
0.0
 40
0.0
 40
1.0
 40
1.0
 40
1.0
 40
1.0
 10
21.43915411169999
 20
28.57387454377999
 30
0.0
 10
21.62155518962001
 20
28.57387454377999
 30
0.0
 10
21.75334241906003
 20
28.53949525262001
 30
0.0
 10
21.83504076976001
 20
28.47117437326
 30
0.0
  0
SPLINE
  5
766
330
2AF
100
AcDbEntity
  8
03___PRT_ALL_CURVES
  6
Continuous
 62
     4
100
AcDbSpline
210
0.0
220
0.0
230
1.0
 70
     8
 71
     3
 72
     8
 73
     4
 74
     0
 42
0.0000001
 43
0.0000000001
 40
0.0
 40
0.0
 40
0.0
 40
0.0
 40
1.0
 40
1.0
 40
1.0
 40
1.0
 10
21.83504076976001
 20
28.47117437326
 30
0.0
 10
21.91664388569998
 20
28.40293313306
 30
0.0
 10
21.95770799458001
 20
28.31793994770001
 30
0.0
 10
21.95770799458001
 20
28.21480215804002
 30
0.0
  0
SPLINE
  5
767
330
2AF
100
AcDbEntity
  8
03___PRT_ALL_CURVES
  6
Continuous
 62
     4
100
AcDbSpline
210
0.0
220
0.0
230
1.0
 70
     8
 71
     3
 72
     8
 73
     4
 74
     0
 42
0.0000001
 43
0.0000000001
 40
0.0
 40
0.0
 40
0.0
 40
0.0
 40
1.0
 40
1.0
 40
1.0
 40
1.0
 10
21.95770799458001
 20
28.21480215804002
 30
0.0
 10
21.95770799458001
 20
28.15368351980001
 30
0.0
 10
21.940518349
 20
28.09924969674
 30
0.0
 10
21.90794018962001
 20
28.05061848589997
 30
0.0
  0
SPLINE
  5
768
330
2AF
100
AcDbEntity
  8
03___PRT_ALL_CURVES
  6
Continuous
 62
     4
100
AcDbSpline
210
0.0
220
0.0
230
1.0
 70
     8
 71
     3
 72
     8
 73
     4
 74
     0
 42
0.0000001
 43
0.0000000001
 40
0.0
 40
0.0
 40
0.0
 40
0.0
 40
1.0
 40
1.0
 40
1.0
 40
1.0
 10
21.90794018962001
 20
28.05061848589997
 30
0.0
 10
21.87462481809999
 20
28.0008867972
 30
0.0
 10
21.82496588769999
 20
27.95791268197999
 30
0.0
 10
21.75811731171999
 20
27.9216234683
 30
0.0
  0
SPLINE
  5
769
330
2AF
100
AcDbEntity
  8
03___PRT_ALL_CURVES
  6
Continuous
 62
     4
100
AcDbSpline
210
0.0
220
0.0
230
1.0
 70
     8
 71
     3
 72
     8
 73
     4
 74
     0
 42
0.0000001
 43
0.0000000001
 40
0.0
 40
0.0
 40
0.0
 40
0.0
 40
1.0
 40
1.0
 40
1.0
 40
1.0
 10
21.75811731171999
 20
27.9216234683
 30
0.0
 10
21.81159617098004
 20
27.90825375412001
 30
0.0
 10
21.85361524112002
 20
27.8920190698
 30
0.0
 10
21.88206963430002
 20
27.87450866793998
 30
0.0
  0
SPLINE
  5
76A
330
2AF
100
AcDbEntity
  8
03___PRT_ALL_CURVES
  6
Continuous
 62
     4
100
AcDbSpline
210
0.0
220
0.0
230
1.0
 70
     8
 71
     3
 72
     8
 73
     4
 74
     0
 42
0.0000001
 43
0.0000000001
 40
0.0
 40
0.0
 40
0.0
 40
0.0
 40
1.0
 40
1.0
 40
1.0
 40
1.0
 10
21.88206963430002
 20
27.87450866793998
 30
0.0
 10
21.92810359608004
 20
27.84618006825997
 30
0.0
 10
21.96439289358
 20
27.80798088888
 30
0.0
 10
21.99017732004
 20
27.76118690829998
 30
0.0
  0
SPLINE
  5
76B
330
2AF
100
AcDbEntity
  8
03___PRT_ALL_CURVES
  6
Continuous
 62
     4
100
AcDbSpline
210
0.0
220
0.0
230
1.0
 70
     8
 71
     3
 72
     8
 73
     4
 74
     0
 42
0.0000001
 43
0.0000000001
 40
0.0
 40
0.0
 40
0.0
 40
0.0
 40
1.0
 40
1.0
 40
1.0
 40
1.0
 10
21.99017732004
 20
27.76118690829998
 30
0.0
 10
22.01596174650001
 20
27.71439292517999
 30
0.0
 10
22.02933146321999
 20
27.65900409768
 30
0.0
 10
22.02933146321999
 20
27.5940654874
 30
0.0
  0
SPLINE
  5
76C
330
2AF
100
AcDbEntity
  8
03___PRT_ALL_CURVES
  6
Continuous
 62
     4
100
AcDbSpline
210
0.0
220
0.0
230
1.0
 70
     8
 71
     3
 72
     8
 73
     4
 74
     0
 42
0.0000001
 43
0.0000000001
 40
0.0
 40
0.0
 40
0.0
 40
0.0
 40
1.0
 40
1.0
 40
1.0
 40
1.0
 10
22.02933146321999
 20
27.5940654874
 30
0.0
 10
22.02933146321999
 20
27.51193723154
 30
0.0
 10
22.00736692498
 20
27.43362892485999
 30
0.0
 10
21.96498708848003
 20
27.35934517197998
 30
0.0
  0
SPLINE
  5
76D
330
2AF
100
AcDbEntity
  8
03___PRT_ALL_CURVES
  6
Continuous
 62
     4
100
AcDbSpline
210
0.0
220
0.0
230
1.0
 70
     8
 71
     3
 72
     8
 73
     4
 74
     0
 42
0.0000001
 43
0.0000000001
 40
0.0
 40
0.0
 40
0.0
 40
0.0
 40
1.0
 40
1.0
 40
1.0
 40
1.0
 10
21.96498708848003
 20
27.35934517197998
 30
0.0
 10
21.92237373962001
 20
27.28465211334
 30
0.0
 10
21.86125510138001
 20
27.22639836142
 30
0.0
 10
21.78084627566
 20
27.18667257854
 30
0.0
  0
SPLINE
  5
76E
330
2AF
100
AcDbEntity
  8
03___PRT_ALL_CURVES
  6
Continuous
 62
     4
100
AcDbSpline
210
0.0
220
0.0
230
1.0
 70
     8
 71
     3
 72
     8
 73
     4
 74
     0
 42
0.0000001
 43
0.0000000001
 40
0.0
 40
0.0
 40
0.0
 40
0.0
 40
1.0
 40
1.0
 40
1.0
 40
1.0
 10
21.78084627566
 20
27.18667257854
 30
0.0
 10
21.70081851852004
 20
27.14713506045999
 30
0.0
 10
21.59481575872002
 20
27.12612551141999
 30
0.0
 10
21.46493857879997
 20
27.12612551141999
 30
0.0
  0
SPLINE
  5
76F
330
2AF
100
AcDbEntity
  8
03___PRT_ALL_CURVES
  6
Continuous
 62
     4
100
AcDbSpline
210
0.0
220
0.0
230
1.0
 70
     8
 71
     3
 72
     8
 73
     4
 74
     0
 42
0.0000001
 43
0.0000000001
 40
0.0
 40
0.0
 40
0.0
 40
0.0
 40
1.0
 40
1.0
 40
1.0
 40
1.0
 10
21.46493857879997
 20
27.12612551141999
 30
0.0
 10
21.33697132394002
 20
27.12612551141999
 30
0.0
 10
21.2366984587
 20
27.14140518367998
 30
0.0
 10
21.1631650269
 20
27.1710095517
 30
0.0
  0
SPLINE
  5
770
330
2AF
100
AcDbEntity
  8
03___PRT_ALL_CURVES
  6
Continuous
 62
     4
100
AcDbSpline
210
0.0
220
0.0
230
1.0
 70
     8
 71
     3
 72
     8
 73
     4
 74
     0
 42
0.0000001
 43
0.0000000001
 40
0.0
 40
0.0
 40
0.0
 40
0.0
 40
1.0
 40
1.0
 40
1.0
 40
1.0
 10
21.1631650269
 20
27.1710095517
 30
0.0
 10
21.08963161288
 20
27.20061391210001
 30
0.0
 10
21.02946789525998
 20
27.24454297841999
 30
0.0
 10
20.98171891278
 20
27.3018417513
 30
0.0
  0
SPLINE
  5
771
330
2AF
100
AcDbEntity
  8
03___PRT_ALL_CURVES
  6
Continuous
 62
     4
100
AcDbSpline
210
0.0
220
0.0
230
1.0
 70
     8
 71
     3
 72
     8
 73
     4
 74
     0
 42
0.0000001
 43
0.0000000001
 40
0.0
 40
0.0
 40
0.0
 40
0.0
 40
1.0
 40
1.0
 40
1.0
 40
1.0
 10
20.98171891278
 20
27.3018417513
 30
0.0
 10
20.93396994300002
 20
27.35914050893999
 30
0.0
 10
20.89768071916001
 20
27.43171895916001
 30
0.0
 10
20.87285124888004
 20
27.51957709179999
 30
0.0
  0
SPLINE
  5
772
330
2AF
100
AcDbEntity
  8
03___PRT_ALL_CURVES
  6
Continuous
 62
     4
100
AcDbSpline
210
0.0
220
0.0
230
1.0
 70
     8
 71
     3
 72
     8
 73
     4
 74
     0
 42
0.0000001
 43
0.0000000001
 40
0.0
 40
0.0
 40
0.0
 40
0.0
 40
1.0
 40
1.0
 40
1.0
 40
1.0
 10
21.26152792390005
 20
27.5711459879
 30
0.0
 10
21.27680760632003
 20
27.49283766089997
 30
0.0
 10
21.29972710582004
 20
27.43840381752003
 30
0.0
 10
21.33219639826001
 20
27.40784448823999
 30
0.0
  0
SPLINE
  5
773
330
2AF
100
AcDbEntity
  8
03___PRT_ALL_CURVES
  6
Continuous
 62
     4
100
AcDbSpline
210
0.0
220
0.0
230
1.0
 70
     8
 71
     3
 72
     8
 73
     4
 74
     0
 42
0.0000001
 43
0.0000000001
 40
0.0
 40
0.0
 40
0.0
 40
0.0
 40
1.0
 40
1.0
 40
1.0
 40
1.0
 10
21.33219639826001
 20
27.40784448823999
 30
0.0
 10
21.36466571610003
 20
27.37728513863999
 30
0.0
 10
21.40572982244001
 20
27.36296044033998
 30
0.0
 10
21.45538875284004
 20
27.36296044033998
 30
0.0
  0
SPLINE
  5
774
330
2AF
100
AcDbEntity
  8
03___PRT_ALL_CURVES
  6
Continuous
 62
     4
100
AcDbSpline
210
0.0
220
0.0
230
1.0
 70
     8
 71
     3
 72
     8
 73
     4
 74
     0
 42
0.0000001
 43
0.0000000001
 40
0.0
 40
0.0
 40
0.0
 40
0.0
 40
1.0
 40
1.0
 40
1.0
 40
1.0
 10
21.45538875284004
 20
27.36296044033998
 30
0.0
 10
21.50695768958002
 20
27.36296044033998
 30
0.0
 10
21.55088668477998
 20
27.38206002875998
 30
0.0
 10
21.58526597594005
 20
27.42025921068
 30
0.0
  0
SPLINE
  5
775
330
2AF
100
AcDbEntity
  8
03___PRT_ALL_CURVES
  6
Continuous
 62
     4
100
AcDbSpline
210
0.0
220
0.0
230
1.0
 70
     8
 71
     3
 72
     8
 73
     4
 74
     0
 42
0.0000001
 43
0.0000000001
 40
0.0
 40
0.0
 40
0.0
 40
0.0
 40
1.0
 40
1.0
 40
1.0
 40
1.0
 10
21.58526597594005
 20
27.42025921068
 30
0.0
 10
21.61964526710003
 20
27.45845839006
 30
0.0
 10
21.63778987394002
 20
27.50907230458
 30
0.0
 10
21.63778987394002
 20
27.5730559536
 30
0.0
  0
SPLINE
  5
776
330
2AF
100
AcDbEntity
  8
03___PRT_ALL_CURVES
  6
Continuous
 62
     4
100
AcDbSpline
210
0.0
220
0.0
230
1.0
 70
     8
 71
     3
 72
     8
 73
     4
 74
     0
 42
0.0000001
 43
0.0000000001
 40
0.0
 40
0.0
 40
0.0
 40
0.0
 40
1.0
 40
1.0
 40
1.0
 40
1.0
 10
21.63778987394002
 20
27.5730559536
 30
0.0
 10
21.63778987394002
 20
27.63799456387997
 30
0.0
 10
21.62060022836005
 20
27.68765349428
 30
0.0
 10
21.58693705210001
 20
27.72372117931999
 30
0.0
  0
SPLINE
  5
777
330
2AF
100
AcDbEntity
  8
03___PRT_ALL_CURVES
  6
Continuous
 62
     4
100
AcDbSpline
210
0.0
220
0.0
230
1.0
 70
     8
 71
     3
 72
     8
 73
     4
 74
     0
 42
0.0000001
 43
0.0000000001
 40
0.0
 40
0.0
 40
0.0
 40
0.0
 40
1.0
 40
1.0
 40
1.0
 40
1.0
 10
21.58693705210001
 20
27.72372117931999
 30
0.0
 10
21.55375165238002
 20
27.75927696291998
 30
0.0
 10
21.50886761464
 20
27.77742156975998
 30
0.0
 10
21.45156886462001
 20
27.77742156975998
 30
0.0
  0
SPLINE
  5
778
330
2AF
100
AcDbEntity
  8
03___PRT_ALL_CURVES
  6
Continuous
 62
     4
100
AcDbSpline
210
0.0
220
0.0
230
1.0
 70
     8
 71
     3
 72
     8
 73
     4
 74
     0
 42
0.0000001
 43
0.0000000001
 40
0.0
 40
0.0
 40
0.0
 40
0.0
 40
1.0
 40
1.0
 40
1.0
 40
1.0
 10
21.45156886462001
 20
27.77742156975998
 30
0.0
 10
21.42100950486
 20
27.77742156975998
 30
0.0
 10
21.37899039154001
 20
27.76978170950002
 30
0.0
 10
21.32551153228002
 20
27.75450202707998
 30
0.0
  0
LINE
  5
779
330
2AF
100
AcDbEntity
  8
03___PRT_ALL_CURVES
  6
Continuous
 62
     4
100
AcDbLine
 10
21.34556610482002
 20
28.03240112076
 30
0.0
 11
21.39618003965998
 21
28.02762622810002
 31
0.0
  0
SPLINE
  5
77A
330
2AF
100
AcDbEntity
  8
03___PRT_ALL_CURVES
  6
Continuous
 62
     4
100
AcDbSpline
210
0.0
220
0.0
230
1.0
 70
     8
 71
     3
 72
     8
 73
     4
 74
     0
 42
0.0000001
 43
0.0000000001
 40
0.0
 40
0.0
 40
0.0
 40
0.0
 40
1.0
 40
1.0
 40
1.0
 40
1.0
 10
21.39618003965998
 20
28.02762622810002
 30
0.0
 10
21.44679393132003
 20
28.02762622810002
 30
0.0
 10
21.48881304210002
 20
28.0438608286
 30
0.0
 10
21.52319227992004
 20
28.07633012358002
 30
0.0
  0
SPLINE
  5
77B
330
2AF
100
AcDbEntity
  8
03___PRT_ALL_CURVES
  6
Continuous
 62
     4
100
AcDbSpline
210
0.0
220
0.0
230
1.0
 70
     8
 71
     3
 72
     8
 73
     4
 74
     0
 42
0.0000001
 43
0.0000000001
 40
0.0
 40
0.0
 40
0.0
 40
0.0
 40
1.0
 40
1.0
 40
1.0
 40
1.0
 10
21.52319227992004
 20
28.07633012358002
 30
0.0
 10
21.55757158377997
 20
28.10879948206002
 30
0.0
 10
21.57476122936001
 20
28.14699862079999
 30
0.0
 10
21.57476122936001
 20
28.19188265854001
 30
0.0
  0
SPLINE
  5
77C
330
2AF
100
AcDbEntity
  8
03___PRT_ALL_CURVES
  6
Continuous
 62
     4
100
AcDbSpline
210
0.0
220
0.0
230
1.0
 70
     8
 71
     3
 72
     8
 73
     4
 74
     0
 42
0.0000001
 43
0.0000000001
 40
0.0
 40
0.0
 40
0.0
 40
0.0
 40
1.0
 40
1.0
 40
1.0
 40
1.0
 10
21.57476122936001
 20
28.19188265854001
 30
0.0
 10
21.57476122936001
 20
28.23390180995997
 30
0.0
 10
21.56139151264003
 20
28.26828101729998
 30
0.0
 10
21.53608000116
 20
28.29359249068
 30
0.0
  0
SPLINE
  5
77D
330
2AF
100
AcDbEntity
  8
03___PRT_ALL_CURVES
  6
Continuous
 62
     4
100
AcDbSpline
210
0.0
220
0.0
230
1.0
 70
     8
 71
     3
 72
     8
 73
     4
 74
     0
 42
0.0000001
 43
0.0000000001
 40
0.0
 40
0.0
 40
0.0
 40
0.0
 40
1.0
 40
1.0
 40
1.0
 40
1.0
 10
21.53608000116
 20
28.29359249068
 30
0.0
 10
21.51077753716001
 20
28.31889491150002
 30
0.0
 10
21.47544332538001
 20
28.33226462567998
 30
0.0
 10
21.43151429208001
 20
28.33226462567998
 30
0.0
  0
SPLINE
  5
77E
330
2AF
100
AcDbEntity
  8
03___PRT_ALL_CURVES
  6
Continuous
 62
     4
100
AcDbSpline
210
0.0
220
0.0
230
1.0
 70
     8
 71
     3
 72
     8
 73
     4
 74
     0
 42
0.0000001
 43
0.0000000001
 40
0.0
 40
0.0
 40
0.0
 40
0.0
 40
1.0
 40
1.0
 40
1.0
 40
1.0
 10
21.43151429208001
 20
28.33226462567998
 30
0.0
 10
21.38567524990003
 20
28.33226462567998
 30
0.0
 10
21.34843107242003
 20
28.31793994770001
 30
0.0
 10
21.31978167836004
 20
28.29024555554003
 30
0.0
  0
SPLINE
  5
77F
330
2AF
100
AcDbEntity
  8
03___PRT_ALL_CURVES
  6
Continuous
 62
     4
100
AcDbSpline
210
0.0
220
0.0
230
1.0
 70
     8
 71
     3
 72
     8
 73
     4
 74
     0
 42
0.0000001
 43
0.0000000001
 40
0.0
 40
0.0
 40
0.0
 40
0.0
 40
1.0
 40
1.0
 40
1.0
 40
1.0
 10
21.31978167836004
 20
28.29024555554003
 30
0.0
 10
21.29113228176001
 20
28.26255116337998
 30
0.0
 10
21.27107770922001
 20
28.21384719677999
 30
0.0
 10
21.26152792390005
 20
28.14508869573999
 30
0.0
  0
SPLINE
  5
780
330
2AF
100
AcDbEntity
  8
03___PRT_ALL_CURVES
  6
Continuous
 62
     4
100
AcDbSpline
210
0.0
220
0.0
230
1.0
 70
     8
 71
     3
 72
     8
 73
     4
 74
     0
 42
0.0000001
 43
0.0000000001
 40
0.0
 40
0.0
 40
0.0
 40
0.0
 40
1.0
 40
1.0
 40
1.0
 40
1.0
 10
22.16016364504
 20
27.15000000012
 30
0.0
 10
22.17353336176001
 20
27.2645975408
 30
0.0
 10
22.21364250684005
 20
27.37346520724
 30
0.0
 10
22.28144606440003
 20
27.47469307437999
 30
0.0
  0
SPLINE
  5
781
330
2AF
100
AcDbEntity
  8
03___PRT_ALL_CURVES
  6
Continuous
 62
     4
100
AcDbSpline
210
0.0
220
0.0
230
1.0
 70
     8
 71
     3
 72
     8
 73
     4
 74
     0
 42
0.0000001
 43
0.0000000001
 40
0.0
 40
0.0
 40
0.0
 40
0.0
 40
1.0
 40
1.0
 40
1.0
 40
1.0
 10
22.28144606440003
 20
27.47469307437999
 30
0.0
 10
22.34924958132004
 20
27.57592088056001
 30
0.0
 10
22.47626183428
 20
27.69624827516
 30
0.0
 10
22.66344801058
 20
27.83470658091997
 30
0.0
  0
SPLINE
  5
782
330
2AF
100
AcDbEntity
  8
03___PRT_ALL_CURVES
  6
Continuous
 62
     4
100
AcDbSpline
210
0.0
220
0.0
230
1.0
 70
     8
 71
     3
 72
     8
 73
     4
 74
     0
 42
0.0000001
 43
0.0000000001
 40
0.0
 40
0.0
 40
0.0
 40
0.0
 40
1.0
 40
1.0
 40
1.0
 40
1.0
 10
22.66344801058
 20
27.83470658091997
 30
0.0
 10
22.7770804681
 20
27.91875849816
 30
0.0
 10
22.84965890053999
 20
27.98369715161999
 30
0.0
 10
22.88181703027999
 20
28.02785457664001
 30
0.0
  0
SPLINE
  5
783
330
2AF
100
AcDbEntity
  8
03___PRT_ALL_CURVES
  6
Continuous
 62
     4
100
AcDbSpline
210
0.0
220
0.0
230
1.0
 70
     8
 71
     3
 72
     8
 73
     4
 74
     0
 42
0.0000001
 43
0.0000000001
 40
0.0
 40
0.0
 40
0.0
 40
0.0
 40
1.0
 40
1.0
 40
1.0
 40
1.0
 10
22.88181703027999
 20
28.02785457664001
 30
0.0
 10
22.91364250638003
 20
28.07155522075999
 30
0.0
 10
22.92987719069998
 20
28.11261941091999
 30
0.0
 10
22.92987719069998
 20
28.15272847471999
 30
0.0
  0
SPLINE
  5
784
330
2AF
100
AcDbEntity
  8
03___PRT_ALL_CURVES
  6
Continuous
 62
     4
100
AcDbSpline
210
0.0
220
0.0
230
1.0
 70
     8
 71
     3
 72
     8
 73
     4
 74
     0
 42
0.0000001
 43
0.0000000001
 40
0.0
 40
0.0
 40
0.0
 40
0.0
 40
1.0
 40
1.0
 40
1.0
 40
1.0
 10
22.92987719069998
 20
28.15272847471999
 30
0.0
 10
22.92987719069998
 20
28.19474762614001
 30
0.0
 10
22.91364250638003
 20
28.23103684235997
 30
0.0
 10
22.88212822600002
 20
28.26159616147999
 30
0.0
  0
SPLINE
  5
785
330
2AF
100
AcDbEntity
  8
03___PRT_ALL_CURVES
  6
Continuous
 62
     4
100
AcDbSpline
210
0.0
220
0.0
230
1.0
 70
     8
 71
     3
 72
     8
 73
     4
 74
     0
 42
0.0000001
 43
0.0000000001
 40
0.0
 40
0.0
 40
0.0
 40
0.0
 40
1.0
 40
1.0
 40
1.0
 40
1.0
 10
22.88212822600002
 20
28.26159616147999
 30
0.0
 10
22.85061386180001
 20
28.29215556441997
 30
0.0
 10
22.81145976179999
 20
28.30743520112
 30
0.0
 10
22.76371067010001
 20
28.30743520112
 30
0.0
  0
SPLINE
  5
786
330
2AF
100
AcDbEntity
  8
03___PRT_ALL_CURVES
  6
Continuous
 62
     4
100
AcDbSpline
210
0.0
220
0.0
230
1.0
 70
     8
 71
     3
 72
     8
 73
     4
 74
     0
 42
0.0000001
 43
0.0000000001
 40
0.0
 40
0.0
 40
0.0
 40
0.0
 40
1.0
 40
1.0
 40
1.0
 40
1.0
 10
22.76371067010001
 20
28.30743520112
 30
0.0
 10
22.71405182352004
 20
28.30743520112
 30
0.0
 10
22.67298763336004
 20
28.29120051933998
 30
0.0
 10
22.64171116809999
 20
28.26039792918002
 30
0.0
  0
SPLINE
  5
787
330
2AF
100
AcDbEntity
  8
03___PRT_ALL_CURVES
  6
Continuous
 62
     4
100
AcDbSpline
210
0.0
220
0.0
230
1.0
 70
     8
 71
     3
 72
     8
 73
     4
 74
     0
 42
0.0000001
 43
0.0000000001
 40
0.0
 40
0.0
 40
0.0
 40
0.0
 40
1.0
 40
1.0
 40
1.0
 40
1.0
 10
22.64171116809999
 20
28.26039792918002
 30
0.0
 10
22.60995898623997
 20
28.22912683347997
 30
0.0
 10
22.58894949562
 20
28.17373804915999
 30
0.0
 10
22.57844474904002
 20
28.09542976533999
 30
0.0
  0
SPLINE
  5
788
330
2AF
100
AcDbEntity
  8
03___PRT_ALL_CURVES
  6
Continuous
 62
     4
100
AcDbSpline
210
0.0
220
0.0
230
1.0
 70
     8
 71
     3
 72
     8
 73
     4
 74
     0
 42
0.0000001
 43
0.0000000001
 40
0.0
 40
0.0
 40
0.0
 40
0.0
 40
1.0
 40
1.0
 40
1.0
 40
1.0
 10
22.18881308228001
 20
28.12694408889999
 30
0.0
 10
22.20409272152003
 20
28.23581173502001
 30
0.0
 10
22.23178711368001
 20
28.3217598791
 30
0.0
 10
22.27252050186004
 20
28.38309956591999
 30
0.0
  0
SPLINE
  5
789
330
2AF
100
AcDbEntity
  8
03___PRT_ALL_CURVES
  6
Continuous
 62
     4
100
AcDbSpline
210
0.0
220
0.0
230
1.0
 70
     8
 71
     3
 72
     8
 73
     4
 74
     0
 42
0.0000001
 43
0.0000000001
 40
0.0
 40
0.0
 40
0.0
 40
0.0
 40
1.0
 40
1.0
 40
1.0
 40
1.0
 10
22.27252050186004
 20
28.38309956591999
 30
0.0
 10
22.31296036764002
 20
28.44399723939998
 30
0.0
 10
22.37025924212003
 20
28.49174624727999
 30
0.0
 10
22.44474758184003
 20
28.52421556512002
 30
0.0
  0
SPLINE
  5
78A
330
2AF
100
AcDbEntity
  8
03___PRT_ALL_CURVES
  6
Continuous
 62
     4
100
AcDbSpline
210
0.0
220
0.0
230
1.0
 70
     8
 71
     3
 72
     8
 73
     4
 74
     0
 42
0.0000001
 43
0.0000000001
 40
0.0
 40
0.0
 40
0.0
 40
0.0
 40
1.0
 40
1.0
 40
1.0
 40
1.0
 10
22.44474758184003
 20
28.52421556512002
 30
0.0
 10
22.5192359495
 20
28.55668489819999
 30
0.0
 10
22.62141886172
 20
28.57387454377999
 30
0.0
 10
22.75320592352003
 20
28.57387454377999
 30
0.0
  0
SPLINE
  5
78B
330
2AF
100
AcDbEntity
  8
03___PRT_ALL_CURVES
  6
Continuous
 62
     4
100
AcDbSpline
210
0.0
220
0.0
230
1.0
 70
     8
 71
     3
 72
     8
 73
     4
 74
     0
 42
0.0000001
 43
0.0000000001
 40
0.0
 40
0.0
 40
0.0
 40
0.0
 40
1.0
 40
1.0
 40
1.0
 40
1.0
 10
22.75320592352003
 20
28.57387454377999
 30
0.0
 10
22.8897679618
 20
28.57387454377999
 30
0.0
 10
22.99577072160002
 20
28.557639862
 30
0.0
 10
23.07200375684002
 20
28.52667018302003
 30
0.0
  0
SPLINE
  5
78C
330
2AF
100
AcDbEntity
  8
03___PRT_ALL_CURVES
  6
Continuous
 62
     4
100
AcDbSpline
210
0.0
220
0.0
230
1.0
 70
     8
 71
     3
 72
     8
 73
     4
 74
     0
 42
0.0000001
 43
0.0000000001
 40
0.0
 40
0.0
 40
0.0
 40
0.0
 40
1.0
 40
1.0
 40
1.0
 40
1.0
 10
23.07200375684002
 20
28.52667018302003
 30
0.0
 10
23.14856744420001
 20
28.49556617614002
 30
0.0
 10
23.20777624119998
 20
28.44781717079999
 30
0.0
 10
23.25170529736002
 20
28.38287858845996
 30
0.0
  0
SPLINE
  5
78D
330
2AF
100
AcDbEntity
  8
03___PRT_ALL_CURVES
  6
Continuous
 62
     4
100
AcDbSpline
210
0.0
220
0.0
230
1.0
 70
     8
 71
     3
 72
     8
 73
     4
 74
     0
 42
0.0000001
 43
0.0000000001
 40
0.0
 40
0.0
 40
0.0
 40
0.0
 40
1.0
 40
1.0
 40
1.0
 40
1.0
 10
23.25170529736002
 20
28.38287858845996
 30
0.0
 10
23.29563439416003
 20
28.31793994770001
 30
0.0
 10
23.31759884858002
 20
28.24631648159999
 30
0.0
 10
23.31759884858002
 20
28.16609818889998
 30
0.0
  0
SPLINE
  5
78E
330
2AF
100
AcDbEntity
  8
03___PRT_ALL_CURVES
  6
Continuous
 62
     4
100
AcDbSpline
210
0.0
220
0.0
230
1.0
 70
     8
 71
     3
 72
     8
 73
     4
 74
     0
 42
0.0000001
 43
0.0000000001
 40
0.0
 40
0.0
 40
0.0
 40
0.0
 40
1.0
 40
1.0
 40
1.0
 40
1.0
 10
23.31759884858002
 20
28.16609818889998
 30
0.0
 10
23.31759884858002
 20
28.08015004481999
 30
0.0
 10
23.29181437894002
 20
27.99897679085998
 30
0.0
 10
23.24237180066001
 20
27.92148505608
 30
0.0
  0
SPLINE
  5
78F
330
2AF
100
AcDbEntity
  8
03___PRT_ALL_CURVES
  6
Continuous
 62
     4
100
AcDbSpline
210
0.0
220
0.0
230
1.0
 70
     8
 71
     3
 72
     8
 73
     4
 74
     0
 42
0.0000001
 43
0.0000000001
 40
0.0
 40
0.0
 40
0.0
 40
0.0
 40
1.0
 40
1.0
 40
1.0
 40
1.0
 10
23.24237180066001
 20
27.92148505608
 30
0.0
 10
23.19249651813999
 20
27.8433151413
 30
0.0
 10
23.10177348140002
 20
27.75832195847997
 30
0.0
 10
22.96980657490002
 20
27.66594510741999
 30
0.0
  0
LINE
  5
790
330
2AF
100
AcDbEntity
  8
03___PRT_ALL_CURVES
  6
Continuous
 62
     4
100
AcDbLine
 10
22.96980657490002
 20
27.66594510741999
 30
0.0
 11
22.81264627708001
 21
27.55175496750002
 31
0.0
  0
LINE
  5
791
330
2AF
100
AcDbEntity
  8
03___PRT_ALL_CURVES
  6
Continuous
 62
     4
100
AcDbLine
 10
22.81264627708001
 20
27.55175496750002
 30
0.0
 11
22.71978159362001
 21
27.46705321412
 31
0.0
  0
SPLINE
  5
792
330
2AF
100
AcDbEntity
  8
03___PRT_ALL_CURVES
  6
Continuous
 62
     4
100
AcDbSpline
210
0.0
220
0.0
230
1.0
 70
     8
 71
     3
 72
     8
 73
     4
 74
     0
 42
0.0000001
 43
0.0000000001
 40
0.0
 40
0.0
 40
0.0
 40
0.0
 40
1.0
 40
1.0
 40
1.0
 40
1.0
 10
20.87141881587999
 20
24.71098222639998
 30
0.0
 10
20.90197816547999
 20
24.82748973277998
 30
0.0
 10
20.96023190724
 20
24.91725780825999
 30
0.0
 10
21.04736201238003
 20
24.97997233865999
 30
0.0
  0
SPLINE
  5
793
330
2AF
100
AcDbEntity
  8
03___PRT_ALL_CURVES
  6
Continuous
 62
     4
100
AcDbSpline
210
0.0
220
0.0
230
1.0
 70
     8
 71
     3
 72
     8
 73
     4
 74
     0
 42
0.0000001
 43
0.0000000001
 40
0.0
 40
0.0
 40
0.0
 40
0.0
 40
1.0
 40
1.0
 40
1.0
 40
1.0
 10
21.04736201238003
 20
24.97997233865999
 30
0.0
 10
21.13403818396
 20
25.04236013869999
 30
0.0
 10
21.25723054870002
 20
25.07387454607999
 30
0.0
 10
21.41671212712004
 20
25.07387454607999
 30
0.0
  0
SPLINE
  5
794
330
2AF
100
AcDbEntity
  8
03___PRT_ALL_CURVES
  6
Continuous
 62
     4
100
AcDbSpline
210
0.0
220
0.0
230
1.0
 70
     8
 71
     3
 72
     8
 73
     4
 74
     0
 42
0.0000001
 43
0.0000000001
 40
0.0
 40
0.0
 40
0.0
 40
0.0
 40
1.0
 40
1.0
 40
1.0
 40
1.0
 10
21.41671212712004
 20
25.07387454607999
 30
0.0
 10
21.59911320757999
 20
25.07387454607999
 30
0.0
 10
21.73090043448002
 20
25.03949525237996
 30
0.0
 10
21.81259878772002
 20
24.97117437302001
 30
0.0
  0
SPLINE
  5
795
330
2AF
100
AcDbEntity
  8
03___PRT_ALL_CURVES
  6
Continuous
 62
     4
100
AcDbSpline
210
0.0
220
0.0
230
1.0
 70
     8
 71
     3
 72
     8
 73
     4
 74
     0
 42
0.0000001
 43
0.0000000001
 40
0.0
 40
0.0
 40
0.0
 40
0.0
 40
1.0
 40
1.0
 40
1.0
 40
1.0
 10
21.81259878772002
 20
24.97117437302001
 30
0.0
 10
21.89420190366002
 20
24.90293313282001
 30
0.0
 10
21.93526600999999
 20
24.81793995000001
 30
0.0
 10
21.93526600999999
 20
24.71480215779999
 30
0.0
  0
SPLINE
  5
796
330
2AF
100
AcDbEntity
  8
03___PRT_ALL_CURVES
  6
Continuous
 62
     4
100
AcDbSpline
210
0.0
220
0.0
230
1.0
 70
     8
 71
     3
 72
     8
 73
     4
 74
     0
 42
0.0000001
 43
0.0000000001
 40
0.0
 40
0.0
 40
0.0
 40
0.0
 40
1.0
 40
1.0
 40
1.0
 40
1.0
 10
21.93526600999999
 20
24.71480215779999
 30
0.0
 10
21.93526600999999
 20
24.65368351956002
 30
0.0
 10
21.91807636442002
 20
24.59924969650001
 30
0.0
 10
21.88549820758001
 20
24.55061848566001
 30
0.0
  0
SPLINE
  5
797
330
2AF
100
AcDbEntity
  8
03___PRT_ALL_CURVES
  6
Continuous
 62
     4
100
AcDbSpline
210
0.0
220
0.0
230
1.0
 70
     8
 71
     3
 72
     8
 73
     4
 74
     0
 42
0.0000001
 43
0.0000000001
 40
0.0
 40
0.0
 40
0.0
 40
0.0
 40
1.0
 40
1.0
 40
1.0
 40
1.0
 10
21.88549820758001
 20
24.55061848566001
 30
0.0
 10
21.85218283352003
 20
24.50088679695997
 30
0.0
 10
21.80252390312
 20
24.45791268427999
 30
0.0
 10
21.73567532714003
 20
24.42162346806001
 30
0.0
  0
SPLINE
  5
798
330
2AF
100
AcDbEntity
  8
03___PRT_ALL_CURVES
  6
Continuous
 62
     4
100
AcDbSpline
210
0.0
220
0.0
230
1.0
 70
     8
 71
     3
 72
     8
 73
     4
 74
     0
 42
0.0000001
 43
0.0000000001
 40
0.0
 40
0.0
 40
0.0
 40
0.0
 40
1.0
 40
1.0
 40
1.0
 40
1.0
 10
21.73567532714003
 20
24.42162346806001
 30
0.0
 10
21.78915418894002
 20
24.40825375387999
 30
0.0
 10
21.83117325908
 20
24.39201906956001
 30
0.0
 10
21.85962764972001
 20
24.37450866770001
 30
0.0
  0
SPLINE
  5
799
330
2AF
100
AcDbEntity
  8
03___PRT_ALL_CURVES
  6
Continuous
 62
     4
100
AcDbSpline
210
0.0
220
0.0
230
1.0
 70
     8
 71
     3
 72
     8
 73
     4
 74
     0
 42
0.0000001
 43
0.0000000001
 40
0.0
 40
0.0
 40
0.0
 40
0.0
 40
1.0
 40
1.0
 40
1.0
 40
1.0
 10
21.85962764972001
 20
24.37450866770001
 30
0.0
 10
21.90566161150002
 20
24.34618006802
 30
0.0
 10
21.94195090899998
 20
24.30798088864
 30
0.0
 10
21.96773533546002
 20
24.26118690806001
 30
0.0
  0
SPLINE
  5
79A
330
2AF
100
AcDbEntity
  8
03___PRT_ALL_CURVES
  6
Continuous
 62
     4
100
AcDbSpline
210
0.0
220
0.0
230
1.0
 70
     8
 71
     3
 72
     8
 73
     4
 74
     0
 42
0.0000001
 43
0.0000000001
 40
0.0
 40
0.0
 40
0.0
 40
0.0
 40
1.0
 40
1.0
 40
1.0
 40
1.0
 10
21.96773533546002
 20
24.26118690806001
 30
0.0
 10
21.99351976446002
 20
24.21439292493997
 30
0.0
 10
22.00688947863998
 20
24.15900409743998
 30
0.0
 10
22.00688947863998
 20
24.09406548716001
 30
0.0
  0
SPLINE
  5
79B
330
2AF
100
AcDbEntity
  8
03___PRT_ALL_CURVES
  6
Continuous
 62
     4
100
AcDbSpline
210
0.0
220
0.0
230
1.0
 70
     8
 71
     3
 72
     8
 73
     4
 74
     0
 42
0.0000001
 43
0.0000000001
 40
0.0
 40
0.0
 40
0.0
 40
0.0
 40
1.0
 40
1.0
 40
1.0
 40
1.0
 10
22.00688947863998
 20
24.09406548716001
 30
0.0
 10
22.00688947863998
 20
24.01193723129998
 30
0.0
 10
21.98492494040005
 20
23.93362892462
 30
0.0
 10
21.94254510644004
 20
23.85934517173999
 30
0.0
  0
SPLINE
  5
79C
330
2AF
100
AcDbEntity
  8
03___PRT_ALL_CURVES
  6
Continuous
 62
     4
100
AcDbSpline
210
0.0
220
0.0
230
1.0
 70
     8
 71
     3
 72
     8
 73
     4
 74
     0
 42
0.0000001
 43
0.0000000001
 40
0.0
 40
0.0
 40
0.0
 40
0.0
 40
1.0
 40
1.0
 40
1.0
 40
1.0
 10
21.94254510644004
 20
23.85934517173999
 30
0.0
 10
21.89993175757999
 20
23.78465211309998
 30
0.0
 10
21.83881311934002
 20
23.72639836118
 30
0.0
 10
21.75840429362
 20
23.68667257829998
 30
0.0
  0
SPLINE
  5
79D
330
2AF
100
AcDbEntity
  8
03___PRT_ALL_CURVES
  6
Continuous
 62
     4
100
AcDbSpline
210
0.0
220
0.0
230
1.0
 70
     8
 71
     3
 72
     8
 73
     4
 74
     0
 42
0.0000001
 43
0.0000000001
 40
0.0
 40
0.0
 40
0.0
 40
0.0
 40
1.0
 40
1.0
 40
1.0
 40
1.0
 10
21.75840429362
 20
23.68667257829998
 30
0.0
 10
21.67837653648002
 20
23.64713506021999
 30
0.0
 10
21.57237377668
 20
23.62612551118002
 30
0.0
 10
21.44249659676001
 20
23.62612551118002
 30
0.0
  0
SPLINE
  5
79E
330
2AF
100
AcDbEntity
  8
03___PRT_ALL_CURVES
  6
Continuous
 62
     4
100
AcDbSpline
210
0.0
220
0.0
230
1.0
 70
     8
 71
     3
 72
     8
 73
     4
 74
     0
 42
0.0000001
 43
0.0000000001
 40
0.0
 40
0.0
 40
0.0
 40
0.0
 40
1.0
 40
1.0
 40
1.0
 40
1.0
 10
21.44249659676001
 20
23.62612551118002
 30
0.0
 10
21.31452933936001
 20
23.62612551118002
 30
0.0
 10
21.21425647666001
 20
23.64140518343999
 30
0.0
 10
21.14072304232005
 20
23.67100955145997
 30
0.0
  0
SPLINE
  5
79F
330
2AF
100
AcDbEntity
  8
03___PRT_ALL_CURVES
  6
Continuous
 62
     4
100
AcDbSpline
210
0.0
220
0.0
230
1.0
 70
     8
 71
     3
 72
     8
 73
     4
 74
     0
 42
0.0000001
 43
0.0000000001
 40
0.0
 40
0.0
 40
0.0
 40
0.0
 40
1.0
 40
1.0
 40
1.0
 40
1.0
 10
21.14072304232005
 20
23.67100955145997
 30
0.0
 10
21.06718963084003
 20
23.70061391185999
 30
0.0
 10
21.00702591068003
 20
23.74454297817999
 30
0.0
 10
20.95927692819998
 20
23.80184175106001
 30
0.0
  0
SPLINE
  5
7A0
330
2AF
100
AcDbEntity
  8
03___PRT_ALL_CURVES
  6
Continuous
 62
     4
100
AcDbSpline
210
0.0
220
0.0
230
1.0
 70
     8
 71
     3
 72
     8
 73
     4
 74
     0
 42
0.0000001
 43
0.0000000001
 40
0.0
 40
0.0
 40
0.0
 40
0.0
 40
1.0
 40
1.0
 40
1.0
 40
1.0
 10
20.95927692819998
 20
23.80184175106001
 30
0.0
 10
20.91152796096003
 20
23.85914050869999
 30
0.0
 10
20.87523873457999
 20
23.93171895891999
 30
0.0
 10
20.8504092643
 20
24.01957709156002
 30
0.0
  0
SPLINE
  5
7A1
330
2AF
100
AcDbEntity
  8
03___PRT_ALL_CURVES
  6
Continuous
 62
     4
100
AcDbSpline
210
0.0
220
0.0
230
1.0
 70
     8
 71
     3
 72
     8
 73
     4
 74
     0
 42
0.0000001
 43
0.0000000001
 40
0.0
 40
0.0
 40
0.0
 40
0.0
 40
1.0
 40
1.0
 40
1.0
 40
1.0
 10
21.23908594186003
 20
24.07114598766
 30
0.0
 10
21.25436562174002
 20
23.99283766066
 30
0.0
 10
21.27728512124003
 20
23.93840381727998
 30
0.0
 10
21.30975441621999
 20
23.90784448800002
 30
0.0
  0
SPLINE
  5
7A2
330
2AF
100
AcDbEntity
  8
03___PRT_ALL_CURVES
  6
Continuous
 62
     4
100
AcDbSpline
210
0.0
220
0.0
230
1.0
 70
     8
 71
     3
 72
     8
 73
     4
 74
     0
 42
0.0000001
 43
0.0000000001
 40
0.0
 40
0.0
 40
0.0
 40
0.0
 40
1.0
 40
1.0
 40
1.0
 40
1.0
 10
21.30975441621999
 20
23.90784448800002
 30
0.0
 10
21.34222373152002
 20
23.8772851384
 30
0.0
 10
21.38328784040004
 20
23.86296044010001
 30
0.0
 10
21.43294677079999
 20
23.86296044010001
 30
0.0
  0
SPLINE
  5
7A3
330
2AF
100
AcDbEntity
  8
03___PRT_ALL_CURVES
  6
Continuous
 62
     4
100
AcDbSpline
210
0.0
220
0.0
230
1.0
 70
     8
 71
     3
 72
     8
 73
     4
 74
     0
 42
0.0000001
 43
0.0000000001
 40
0.0
 40
0.0
 40
0.0
 40
0.0
 40
1.0
 40
1.0
 40
1.0
 40
1.0
 10
21.43294677079999
 20
23.86296044010001
 30
0.0
 10
21.48451570754
 20
23.86296044010001
 30
0.0
 10
21.52844470020003
 20
23.88206003106001
 30
0.0
 10
21.56282399136003
 20
23.92025921043998
 30
0.0
  0
SPLINE
  5
7A4
330
2AF
100
AcDbEntity
  8
03___PRT_ALL_CURVES
  6
Continuous
 62
     4
100
AcDbSpline
210
0.0
220
0.0
230
1.0
 70
     8
 71
     3
 72
     8
 73
     4
 74
     0
 42
0.0000001
 43
0.0000000001
 40
0.0
 40
0.0
 40
0.0
 40
0.0
 40
1.0
 40
1.0
 40
1.0
 40
1.0
 10
21.56282399136003
 20
23.92025921043998
 30
0.0
 10
21.59720328252001
 20
23.95845838981998
 30
0.0
 10
21.6153478919
 20
24.00907230433998
 30
0.0
 10
21.6153478919
 20
24.07305595335998
 30
0.0
  0
SPLINE
  5
7A5
330
2AF
100
AcDbEntity
  8
03___PRT_ALL_CURVES
  6
Continuous
 62
     4
100
AcDbSpline
210
0.0
220
0.0
230
1.0
 70
     8
 71
     3
 72
     8
 73
     4
 74
     0
 42
0.0000001
 43
0.0000000001
 40
0.0
 40
0.0
 40
0.0
 40
0.0
 40
1.0
 40
1.0
 40
1.0
 40
1.0
 10
21.6153478919
 20
24.07305595335998
 30
0.0
 10
21.6153478919
 20
24.13799456364001
 30
0.0
 10
21.59815824632003
 20
24.18765349404001
 30
0.0
 10
21.56449507005999
 20
24.22372117908
 30
0.0
  0
SPLINE
  5
7A6
330
2AF
100
AcDbEntity
  8
03___PRT_ALL_CURVES
  6
Continuous
 62
     4
100
AcDbSpline
210
0.0
220
0.0
230
1.0
 70
     8
 71
     3
 72
     8
 73
     4
 74
     0
 42
0.0000001
 43
0.0000000001
 40
0.0
 40
0.0
 40
0.0
 40
0.0
 40
1.0
 40
1.0
 40
1.0
 40
1.0
 10
21.56449507005999
 20
24.22372117908
 30
0.0
 10
21.53130967034002
 20
24.25927696267999
 30
0.0
 10
21.48642563006004
 20
24.27742156952002
 30
0.0
 10
21.42912688257999
 20
24.27742156952002
 30
0.0
  0
SPLINE
  5
7A7
330
2AF
100
AcDbEntity
  8
03___PRT_ALL_CURVES
  6
Continuous
 62
     4
100
AcDbSpline
210
0.0
220
0.0
230
1.0
 70
     8
 71
     3
 72
     8
 73
     4
 74
     0
 42
0.0000001
 43
0.0000000001
 40
0.0
 40
0.0
 40
0.0
 40
0.0
 40
1.0
 40
1.0
 40
1.0
 40
1.0
 10
21.42912688257999
 20
24.27742156952002
 30
0.0
 10
21.39856752027998
 20
24.27742156952002
 30
0.0
 10
21.35654840949999
 20
24.26978170925997
 30
0.0
 10
21.30306954770001
 20
24.25450202683999
 30
0.0
  0
LINE
  5
7A8
330
2AF
100
AcDbEntity
  8
03___PRT_ALL_CURVES
  6
Continuous
 62
     4
100
AcDbLine
 10
21.32312412024001
 20
24.53240112052001
 30
0.0
 11
21.37373805508003
 21
24.52762622786
 31
0.0
  0
SPLINE
  5
7A9
330
2AF
100
AcDbEntity
  8
03___PRT_ALL_CURVES
  6
Continuous
 62
     4
100
AcDbSpline
210
0.0
220
0.0
230
1.0
 70
     8
 71
     3
 72
     8
 73
     4
 74
     0
 42
0.0000001
 43
0.0000000001
 40
0.0
 40
0.0
 40
0.0
 40
0.0
 40
1.0
 40
1.0
 40
1.0
 40
1.0
 10
21.37373805508003
 20
24.52762622786
 30
0.0
 10
21.42435194674002
 20
24.52762622786
 30
0.0
 10
21.46637105752004
 20
24.54386082835998
 30
0.0
 10
21.50075029788002
 20
24.57633012587999
 30
0.0
  0
SPLINE
  5
7AA
330
2AF
100
AcDbEntity
  8
03___PRT_ALL_CURVES
  6
Continuous
 62
     4
100
AcDbSpline
210
0.0
220
0.0
230
1.0
 70
     8
 71
     3
 72
     8
 73
     4
 74
     0
 42
0.0000001
 43
0.0000000001
 40
0.0
 40
0.0
 40
0.0
 40
0.0
 40
1.0
 40
1.0
 40
1.0
 40
1.0
 10
21.50075029788002
 20
24.57633012587999
 30
0.0
 10
21.53512959920002
 20
24.60879948181997
 30
0.0
 10
21.55231924477999
 20
24.64699862056
 30
0.0
 10
21.55231924477999
 20
24.69188265829999
 30
0.0
  0
SPLINE
  5
7AB
330
2AF
100
AcDbEntity
  8
03___PRT_ALL_CURVES
  6
Continuous
 62
     4
100
AcDbSpline
210
0.0
220
0.0
230
1.0
 70
     8
 71
     3
 72
     8
 73
     4
 74
     0
 42
0.0000001
 43
0.0000000001
 40
0.0
 40
0.0
 40
0.0
 40
0.0
 40
1.0
 40
1.0
 40
1.0
 40
1.0
 10
21.55231924477999
 20
24.69188265829999
 30
0.0
 10
21.55231924477999
 20
24.73390180971998
 30
0.0
 10
21.53894953060001
 20
24.76828101960001
 30
0.0
 10
21.51363801657999
 20
24.79359249044001
 30
0.0
  0
SPLINE
  5
7AC
330
2AF
100
AcDbEntity
  8
03___PRT_ALL_CURVES
  6
Continuous
 62
     4
100
AcDbSpline
210
0.0
220
0.0
230
1.0
 70
     8
 71
     3
 72
     8
 73
     4
 74
     0
 42
0.0000001
 43
0.0000000001
 40
0.0
 40
0.0
 40
0.0
 40
0.0
 40
1.0
 40
1.0
 40
1.0
 40
1.0
 10
21.51363801657999
 20
24.79359249044001
 30
0.0
 10
21.48833555512002
 20
24.81889491125997
 30
0.0
 10
21.45300134334005
 20
24.83226462543999
 30
0.0
 10
21.40907230750003
 20
24.83226462543999
 30
0.0
  0
SPLINE
  5
7AD
330
2AF
100
AcDbEntity
  8
03___PRT_ALL_CURVES
  6
Continuous
 62
     4
100
AcDbSpline
210
0.0
220
0.0
230
1.0
 70
     8
 71
     3
 72
     8
 73
     4
 74
     0
 42
0.0000001
 43
0.0000000001
 40
0.0
 40
0.0
 40
0.0
 40
0.0
 40
1.0
 40
1.0
 40
1.0
 40
1.0
 10
21.40907230750003
 20
24.83226462543999
 30
0.0
 10
21.36323326786004
 20
24.83226462543999
 30
0.0
 10
21.32598909038001
 20
24.81793995000001
 30
0.0
 10
21.29733969377997
 20
24.79024555784
 30
0.0
  0
SPLINE
  5
7AE
330
2AF
100
AcDbEntity
  8
03___PRT_ALL_CURVES
  6
Continuous
 62
     4
100
AcDbSpline
210
0.0
220
0.0
230
1.0
 70
     8
 71
     3
 72
     8
 73
     4
 74
     0
 42
0.0000001
 43
0.0000000001
 40
0.0
 40
0.0
 40
0.0
 40
0.0
 40
1.0
 40
1.0
 40
1.0
 40
1.0
 10
21.29733969377997
 20
24.79024555784
 30
0.0
 10
21.26869029972002
 20
24.76255116313999
 30
0.0
 10
21.24863572717999
 20
24.71384719654
 30
0.0
 10
21.23908594186003
 20
24.64508869549999
 30
0.0
  0
SPLINE
  5
7AF
330
2AF
100
AcDbEntity
  8
03___PRT_ALL_CURVES
  6
Continuous
 62
     4
100
AcDbSpline
210
0.0
220
0.0
230
1.0
 70
     8
 71
     3
 72
     8
 73
     4
 74
     0
 42
0.0000001
 43
0.0000000001
 40
0.0
 40
0.0
 40
0.0
 40
0.0
 40
1.0
 40
1.0
 40
1.0
 40
1.0
 10
20.88526604752002
 20
21.21098222615998
 30
0.0
 10
20.91582539712002
 20
21.32748973254002
 30
0.0
 10
20.97407913888
 20
21.41725781055999
 30
0.0
 10
21.06120924402001
 20
21.47997234095999
 30
0.0
  0
SPLINE
  5
7B0
330
2AF
100
AcDbEntity
  8
03___PRT_ALL_CURVES
  6
Continuous
 62
     4
100
AcDbSpline
210
0.0
220
0.0
230
1.0
 70
     8
 71
     3
 72
     8
 73
     4
 74
     0
 42
0.0000001
 43
0.0000000001
 40
0.0
 40
0.0
 40
0.0
 40
0.0
 40
1.0
 40
1.0
 40
1.0
 40
1.0
 10
21.06120924402001
 20
21.47997234095999
 30
0.0
 10
21.14788541560003
 20
21.54236013845997
 30
0.0
 10
21.27107778034002
 20
21.57387454584
 30
0.0
 10
21.43055935875998
 20
21.57387454584
 30
0.0
  0
SPLINE
  5
7B1
330
2AF
100
AcDbEntity
  8
03___PRT_ALL_CURVES
  6
Continuous
 62
     4
100
AcDbSpline
210
0.0
220
0.0
230
1.0
 70
     8
 71
     3
 72
     8
 73
     4
 74
     0
 42
0.0000001
 43
0.0000000001
 40
0.0
 40
0.0
 40
0.0
 40
0.0
 40
1.0
 40
1.0
 40
1.0
 40
1.0
 10
21.43055935875998
 20
21.57387454584
 30
0.0
 10
21.61296043921999
 20
21.57387454584
 30
0.0
 10
21.74474766612002
 20
21.53949525214
 30
0.0
 10
21.82644601936002
 20
21.47117437278001
 30
0.0
  0
SPLINE
  5
7B2
330
2AF
100
AcDbEntity
  8
03___PRT_ALL_CURVES
  6
Continuous
 62
     4
100
AcDbSpline
210
0.0
220
0.0
230
1.0
 70
     8
 71
     3
 72
     8
 73
     4
 74
     0
 42
0.0000001
 43
0.0000000001
 40
0.0
 40
0.0
 40
0.0
 40
0.0
 40
1.0
 40
1.0
 40
1.0
 40
1.0
 10
21.82644601936002
 20
21.47117437278001
 30
0.0
 10
21.90804913529999
 20
21.40293313258002
 30
0.0
 10
21.94911324164002
 20
21.31793994975999
 30
0.0
 10
21.94911324164002
 20
21.21480215756
 30
0.0
  0
SPLINE
  5
7B3
330
2AF
100
AcDbEntity
  8
03___PRT_ALL_CURVES
  6
Continuous
 62
     4
100
AcDbSpline
210
0.0
220
0.0
230
1.0
 70
     8
 71
     3
 72
     8
 73
     4
 74
     0
 42
0.0000001
 43
0.0000000001
 40
0.0
 40
0.0
 40
0.0
 40
0.0
 40
1.0
 40
1.0
 40
1.0
 40
1.0
 10
21.94911324164002
 20
21.21480215756
 30
0.0
 10
21.94911324164002
 20
21.15368351932
 30
0.0
 10
21.93192359606005
 20
21.09924969625999
 30
0.0
 10
21.89934543921999
 20
21.05061848541999
 30
0.0
  0
SPLINE
  5
7B4
330
2AF
100
AcDbEntity
  8
03___PRT_ALL_CURVES
  6
Continuous
 62
     4
100
AcDbSpline
210
0.0
220
0.0
230
1.0
 70
     8
 71
     3
 72
     8
 73
     4
 74
     0
 42
0.0000001
 43
0.0000000001
 40
0.0
 40
0.0
 40
0.0
 40
0.0
 40
1.0
 40
1.0
 40
1.0
 40
1.0
 10
21.89934543921999
 20
21.05061848541999
 30
0.0
 10
21.86603006516
 20
21.00088679672001
 30
0.0
 10
21.81637113476
 20
20.95791268404002
 30
0.0
 10
21.74952255877997
 20
20.92162346781998
 30
0.0
  0
SPLINE
  5
7B5
330
2AF
100
AcDbEntity
  8
03___PRT_ALL_CURVES
  6
Continuous
 62
     4
100
AcDbSpline
210
0.0
220
0.0
230
1.0
 70
     8
 71
     3
 72
     8
 73
     4
 74
     0
 42
0.0000001
 43
0.0000000001
 40
0.0
 40
0.0
 40
0.0
 40
0.0
 40
1.0
 40
1.0
 40
1.0
 40
1.0
 10
21.74952255877997
 20
20.92162346781998
 30
0.0
 10
21.80300142058002
 20
20.90825375364
 30
0.0
 10
21.84502049072
 20
20.89201906931999
 30
0.0
 10
21.87347488136001
 20
20.87450867000001
 30
0.0
  0
SPLINE
  5
7B6
330
2AF
100
AcDbEntity
  8
03___PRT_ALL_CURVES
  6
Continuous
 62
     4
100
AcDbSpline
210
0.0
220
0.0
230
1.0
 70
     8
 71
     3
 72
     8
 73
     4
 74
     0
 42
0.0000001
 43
0.0000000001
 40
0.0
 40
0.0
 40
0.0
 40
0.0
 40
1.0
 40
1.0
 40
1.0
 40
1.0
 10
21.87347488136001
 20
20.87450867000001
 30
0.0
 10
21.91950884314002
 20
20.84618007032
 30
0.0
 10
21.95579814318
 20
20.80798088839998
 30
0.0
 10
21.98158256710002
 20
20.76118690781999
 30
0.0
  0
SPLINE
  5
7B7
330
2AF
100
AcDbEntity
  8
03___PRT_ALL_CURVES
  6
Continuous
 62
     4
100
AcDbSpline
210
0.0
220
0.0
230
1.0
 70
     8
 71
     3
 72
     8
 73
     4
 74
     0
 42
0.0000001
 43
0.0000000001
 40
0.0
 40
0.0
 40
0.0
 40
0.0
 40
1.0
 40
1.0
 40
1.0
 40
1.0
 10
21.98158256710002
 20
20.76118690781999
 30
0.0
 10
22.00736699610002
 20
20.71439292469998
 30
0.0
 10
22.02073671028
 20
20.65900409719998
 30
0.0
 10
22.02073671028
 20
20.59406548691999
 30
0.0
  0
SPLINE
  5
7B8
330
2AF
100
AcDbEntity
  8
03___PRT_ALL_CURVES
  6
Continuous
 62
     4
100
AcDbSpline
210
0.0
220
0.0
230
1.0
 70
     8
 71
     3
 72
     8
 73
     4
 74
     0
 42
0.0000001
 43
0.0000000001
 40
0.0
 40
0.0
 40
0.0
 40
0.0
 40
1.0
 40
1.0
 40
1.0
 40
1.0
 10
22.02073671028
 20
20.59406548691999
 30
0.0
 10
22.02073671028
 20
20.51193723106002
 30
0.0
 10
21.99877217204002
 20
20.43362892438
 30
0.0
 10
21.95639233808004
 20
20.35934517150002
 30
0.0
  0
SPLINE
  5
7B9
330
2AF
100
AcDbEntity
  8
03___PRT_ALL_CURVES
  6
Continuous
 62
     4
100
AcDbSpline
210
0.0
220
0.0
230
1.0
 70
     8
 71
     3
 72
     8
 73
     4
 74
     0
 42
0.0000001
 43
0.0000000001
 40
0.0
 40
0.0
 40
0.0
 40
0.0
 40
1.0
 40
1.0
 40
1.0
 40
1.0
 10
21.95639233808004
 20
20.35934517150002
 30
0.0
 10
21.91377898921999
 20
20.28465211285999
 30
0.0
 10
21.85266035098002
 20
20.22639836093998
 30
0.0
 10
21.77225152526
 20
20.18667257806001
 30
0.0
  0
SPLINE
  5
7BA
330
2AF
100
AcDbEntity
  8
03___PRT_ALL_CURVES
  6
Continuous
 62
     4
100
AcDbSpline
210
0.0
220
0.0
230
1.0
 70
     8
 71
     3
 72
     8
 73
     4
 74
     0
 42
0.0000001
 43
0.0000000001
 40
0.0
 40
0.0
 40
0.0
 40
0.0
 40
1.0
 40
1.0
 40
1.0
 40
1.0
 10
21.77225152526
 20
20.18667257806001
 30
0.0
 10
21.69222376812004
 20
20.14713506251999
 30
0.0
 10
21.58622100832005
 20
20.12612551093997
 30
0.0
 10
21.45634382840001
 20
20.12612551093997
 30
0.0
  0
SPLINE
  5
7BB
330
2AF
100
AcDbEntity
  8
03___PRT_ALL_CURVES
  6
Continuous
 62
     4
100
AcDbSpline
210
0.0
220
0.0
230
1.0
 70
     8
 71
     3
 72
     8
 73
     4
 74
     0
 42
0.0000001
 43
0.0000000001
 40
0.0
 40
0.0
 40
0.0
 40
0.0
 40
1.0
 40
1.0
 40
1.0
 40
1.0
 10
21.45634382840001
 20
20.12612551093997
 30
0.0
 10
21.32837657100001
 20
20.12612551093997
 30
0.0
 10
21.22810370830001
 20
20.14140518319999
 30
0.0
 10
21.15457027650001
 20
20.17100955121998
 30
0.0
  0
SPLINE
  5
7BC
330
2AF
100
AcDbEntity
  8
03___PRT_ALL_CURVES
  6
Continuous
 62
     4
100
AcDbSpline
210
0.0
220
0.0
230
1.0
 70
     8
 71
     3
 72
     8
 73
     4
 74
     0
 42
0.0000001
 43
0.0000000001
 40
0.0
 40
0.0
 40
0.0
 40
0.0
 40
1.0
 40
1.0
 40
1.0
 40
1.0
 10
21.15457027650001
 20
20.17100955121998
 30
0.0
 10
21.08103686248
 20
20.20061391162
 30
0.0
 10
21.02087314232003
 20
20.24454297794
 30
0.0
 10
20.97312415984004
 20
20.30184175081999
 30
0.0
  0
SPLINE
  5
7BD
330
2AF
100
AcDbEntity
  8
03___PRT_ALL_CURVES
  6
Continuous
 62
     4
100
AcDbSpline
210
0.0
220
0.0
230
1.0
 70
     8
 71
     3
 72
     8
 73
     4
 74
     0
 42
0.0000001
 43
0.0000000001
 40
0.0
 40
0.0
 40
0.0
 40
0.0
 40
1.0
 40
1.0
 40
1.0
 40
1.0
 10
20.97312415984004
 20
20.30184175081999
 30
0.0
 10
20.92537519260003
 20
20.35914050845997
 30
0.0
 10
20.88908596622002
 20
20.43171896121999
 30
0.0
 10
20.86425649594003
 20
20.51957709131997
 30
0.0
  0
SPLINE
  5
7BE
330
2AF
100
AcDbEntity
  8
03___PRT_ALL_CURVES
  6
Continuous
 62
     4
100
AcDbSpline
210
0.0
220
0.0
230
1.0
 70
     8
 71
     3
 72
     8
 73
     4
 74
     0
 42
0.0000001
 43
0.0000000001
 40
0.0
 40
0.0
 40
0.0
 40
0.0
 40
1.0
 40
1.0
 40
1.0
 40
1.0
 10
21.25293317350003
 20
20.57114598741998
 30
0.0
 10
21.26821285338002
 20
20.49283766041998
 30
0.0
 10
21.29113235288003
 20
20.43840381704001
 30
0.0
 10
21.32360164786004
 20
20.40784448775997
 30
0.0
  0
SPLINE
  5
7BF
330
2AF
100
AcDbEntity
  8
03___PRT_ALL_CURVES
  6
Continuous
 62
     4
100
AcDbSpline
210
0.0
220
0.0
230
1.0
 70
     8
 71
     3
 72
     8
 73
     4
 74
     0
 42
0.0000001
 43
0.0000000001
 40
0.0
 40
0.0
 40
0.0
 40
0.0
 40
1.0
 40
1.0
 40
1.0
 40
1.0
 10
21.32360164786004
 20
20.40784448775997
 30
0.0
 10
21.35607096316002
 20
20.37728513816
 30
0.0
 10
21.39713507204002
 20
20.36296043985999
 30
0.0
 10
21.44679400244004
 20
20.36296043985999
 30
0.0
  0
SPLINE
  5
7C0
330
2AF
100
AcDbEntity
  8
03___PRT_ALL_CURVES
  6
Continuous
 62
     4
100
AcDbSpline
210
0.0
220
0.0
230
1.0
 70
     8
 71
     3
 72
     8
 73
     4
 74
     0
 42
0.0000001
 43
0.0000000001
 40
0.0
 40
0.0
 40
0.0
 40
0.0
 40
1.0
 40
1.0
 40
1.0
 40
1.0
 10
21.44679400244004
 20
20.36296043985999
 30
0.0
 10
21.49836293918003
 20
20.36296043985999
 30
0.0
 10
21.54229193184003
 20
20.38206003081999
 30
0.0
 10
21.57667122300003
 20
20.42025921019999
 30
0.0
  0
SPLINE
  5
7C1
330
2AF
100
AcDbEntity
  8
03___PRT_ALL_CURVES
  6
Continuous
 62
     4
100
AcDbSpline
210
0.0
220
0.0
230
1.0
 70
     8
 71
     3
 72
     8
 73
     4
 74
     0
 42
0.0000001
 43
0.0000000001
 40
0.0
 40
0.0
 40
0.0
 40
0.0
 40
1.0
 40
1.0
 40
1.0
 40
1.0
 10
21.57667122300003
 20
20.42025921019999
 30
0.0
 10
21.61105051416004
 20
20.45845838958002
 30
0.0
 10
21.62919512354
 20
20.50907230409999
 30
0.0
 10
21.62919512354
 20
20.57305595311999
 30
0.0
  0
SPLINE
  5
7C2
330
2AF
100
AcDbEntity
  8
03___PRT_ALL_CURVES
  6
Continuous
 62
     4
100
AcDbSpline
210
0.0
220
0.0
230
1.0
 70
     8
 71
     3
 72
     8
 73
     4
 74
     0
 42
0.0000001
 43
0.0000000001
 40
0.0
 40
0.0
 40
0.0
 40
0.0
 40
1.0
 40
1.0
 40
1.0
 40
1.0
 10
21.62919512354
 20
20.57305595311999
 30
0.0
 10
21.62919512354
 20
20.63799456339999
 30
0.0
 10
21.61200547796003
 20
20.68765349379998
 30
0.0
 10
21.57834230169999
 20
20.72372117884001
 30
0.0
  0
SPLINE
  5
7C3
330
2AF
100
AcDbEntity
  8
03___PRT_ALL_CURVES
  6
Continuous
 62
     4
100
AcDbSpline
210
0.0
220
0.0
230
1.0
 70
     8
 71
     3
 72
     8
 73
     4
 74
     0
 42
0.0000001
 43
0.0000000001
 40
0.0
 40
0.0
 40
0.0
 40
0.0
 40
1.0
 40
1.0
 40
1.0
 40
1.0
 10
21.57834230169999
 20
20.72372117884001
 30
0.0
 10
21.54515690198002
 20
20.75927696244
 30
0.0
 10
21.50027286424
 20
20.77742156927999
 30
0.0
 10
21.44297411421999
 20
20.77742156927999
 30
0.0
  0
SPLINE
  5
7C4
330
2AF
100
AcDbEntity
  8
03___PRT_ALL_CURVES
  6
Continuous
 62
     4
100
AcDbSpline
210
0.0
220
0.0
230
1.0
 70
     8
 71
     3
 72
     8
 73
     4
 74
     0
 42
0.0000001
 43
0.0000000001
 40
0.0
 40
0.0
 40
0.0
 40
0.0
 40
1.0
 40
1.0
 40
1.0
 40
1.0
 10
21.44297411421999
 20
20.77742156927999
 30
0.0
 10
21.41241475192001
 20
20.77742156927999
 30
0.0
 10
21.37039564113999
 20
20.76978170902001
 30
0.0
 10
21.31691677934
 20
20.75450202914001
 30
0.0
  0
LINE
  5
7C5
330
2AF
100
AcDbEntity
  8
03___PRT_ALL_CURVES
  6
Continuous
 62
     4
100
AcDbLine
 10
21.33697135442003
 20
21.03240112027999
 30
0.0
 11
21.38758528671997
 21
21.02762622762
 31
0.0
  0
SPLINE
  5
7C6
330
2AF
100
AcDbEntity
  8
03___PRT_ALL_CURVES
  6
Continuous
 62
     4
100
AcDbSpline
210
0.0
220
0.0
230
1.0
 70
     8
 71
     3
 72
     8
 73
     4
 74
     0
 42
0.0000001
 43
0.0000000001
 40
0.0
 40
0.0
 40
0.0
 40
0.0
 40
1.0
 40
1.0
 40
1.0
 40
1.0
 10
21.38758528671997
 20
21.02762622762
 30
0.0
 10
21.43819917838002
 20
21.02762622762
 30
0.0
 10
21.48021828916004
 20
21.04386082812002
 30
0.0
 10
21.51459752952002
 20
21.07633012564
 30
0.0
  0
SPLINE
  5
7C7
330
2AF
100
AcDbEntity
  8
03___PRT_ALL_CURVES
  6
Continuous
 62
     4
100
AcDbSpline
210
0.0
220
0.0
230
1.0
 70
     8
 71
     3
 72
     8
 73
     4
 74
     0
 42
0.0000001
 43
0.0000000001
 40
0.0
 40
0.0
 40
0.0
 40
0.0
 40
1.0
 40
1.0
 40
1.0
 40
1.0
 10
21.51459752952002
 20
21.07633012564
 30
0.0
 10
21.54897683084002
 20
21.10879948158001
 30
0.0
 10
21.56616647642005
 20
21.14699862032001
 30
0.0
 10
21.56616647642005
 20
21.19188265806
 30
0.0
  0
SPLINE
  5
7C8
330
2AF
100
AcDbEntity
  8
03___PRT_ALL_CURVES
  6
Continuous
 62
     4
100
AcDbSpline
210
0.0
220
0.0
230
1.0
 70
     8
 71
     3
 72
     8
 73
     4
 74
     0
 42
0.0000001
 43
0.0000000001
 40
0.0
 40
0.0
 40
0.0
 40
0.0
 40
1.0
 40
1.0
 40
1.0
 40
1.0
 10
21.56616647642005
 20
21.19188265806
 30
0.0
 10
21.56616647642005
 20
21.23390180947999
 30
0.0
 10
21.55279676224004
 20
21.26828101935999
 30
0.0
 10
21.52748524822002
 20
21.29359249019998
 30
0.0
  0
SPLINE
  5
7C9
330
2AF
100
AcDbEntity
  8
03___PRT_ALL_CURVES
  6
Continuous
 62
     4
100
AcDbSpline
210
0.0
220
0.0
230
1.0
 70
     8
 71
     3
 72
     8
 73
     4
 74
     0
 42
0.0000001
 43
0.0000000001
 40
0.0
 40
0.0
 40
0.0
 40
0.0
 40
1.0
 40
1.0
 40
1.0
 40
1.0
 10
21.52748524822002
 20
21.29359249019998
 30
0.0
 10
21.50218278676002
 20
21.31889491102001
 30
0.0
 10
21.46684857498002
 20
21.3322646252
 30
0.0
 10
21.42291954167999
 20
21.3322646252
 30
0.0
  0
SPLINE
  5
7CA
330
2AF
100
AcDbEntity
  8
03___PRT_ALL_CURVES
  6
Continuous
 62
     4
100
AcDbSpline
210
0.0
220
0.0
230
1.0
 70
     8
 71
     3
 72
     8
 73
     4
 74
     0
 42
0.0000001
 43
0.0000000001
 40
0.0
 40
0.0
 40
0.0
 40
0.0
 40
1.0
 40
1.0
 40
1.0
 40
1.0
 10
21.42291954167999
 20
21.3322646252
 30
0.0
 10
21.37708049950004
 20
21.3322646252
 30
0.0
 10
21.33983632202001
 20
21.31793994975999
 30
0.0
 10
21.31118692542003
 20
21.2902455576
 30
0.0
  0
SPLINE
  5
7CB
330
2AF
100
AcDbEntity
  8
03___PRT_ALL_CURVES
  6
Continuous
 62
     4
100
AcDbSpline
210
0.0
220
0.0
230
1.0
 70
     8
 71
     3
 72
     8
 73
     4
 74
     0
 42
0.0000001
 43
0.0000000001
 40
0.0
 40
0.0
 40
0.0
 40
0.0
 40
1.0
 40
1.0
 40
1.0
 40
1.0
 10
21.31118692542003
 20
21.2902455576
 30
0.0
 10
21.28253753136002
 20
21.26255116543996
 30
0.0
 10
21.26248295882004
 20
21.21384719629998
 30
0.0
 10
21.25293317350003
 20
21.14508869526
 30
0.0
  0
SPLINE
  5
7CC
330
2AF
100
AcDbEntity
  8
03___PRT_ALL_CURVES
  6
Continuous
 62
     4
100
AcDbSpline
210
0.0
220
0.0
230
1.0
 70
     8
 71
     3
 72
     8
 73
     4
 74
     0
 42
0.0000001
 43
0.0000000001
 40
0.0
 40
0.0
 40
0.0
 40
0.0
 40
1.0
 40
1.0
 40
1.0
 40
1.0
 10
22.91937251524001
 20
21.18710776539999
 30
0.0
 10
22.90886760356
 20
21.24058662719997
 30
0.0
 10
22.89167812308
 20
21.27878584721998
 30
0.0
 10
22.86756396252002
 20
21.30145310693999
 30
0.0
  0
SPLINE
  5
7CD
330
2AF
100
AcDbEntity
  8
03___PRT_ALL_CURVES
  6
Continuous
 62
     4
100
AcDbSpline
210
0.0
220
0.0
230
1.0
 70
     8
 71
     3
 72
     8
 73
     4
 74
     0
 42
0.0000001
 43
0.0000000001
 40
0.0
 40
0.0
 40
0.0
 40
0.0
 40
1.0
 40
1.0
 40
1.0
 40
1.0
 10
22.86756396252002
 20
21.30145310693999
 30
0.0
 10
22.84392903392001
 20
21.32366988750002
 30
0.0
 10
22.81432471669999
 20
21.33512959533999
 30
0.0
 10
22.77994542554003
 20
21.33512959533999
 30
0.0
  0
SPLINE
  5
7CE
330
2AF
100
AcDbEntity
  8
03___PRT_ALL_CURVES
  6
Continuous
 62
     4
100
AcDbSpline
210
0.0
220
0.0
230
1.0
 70
     8
 71
     3
 72
     8
 73
     4
 74
     0
 42
0.0000001
 43
0.0000000001
 40
0.0
 40
0.0
 40
0.0
 40
0.0
 40
1.0
 40
1.0
 40
1.0
 40
1.0
 10
22.77994542554003
 20
21.33512959533999
 30
0.0
 10
22.71691678096002
 20
21.33512959533999
 30
0.0
 10
22.66725793438005
 20
21.30266031052003
 30
0.0
 10
22.63253158270001
 20
21.23982221419999
 30
0.0
  0
SPLINE
  5
7CF
330
2AF
100
AcDbEntity
  8
03___PRT_ALL_CURVES
  6
Continuous
 62
     4
100
AcDbSpline
210
0.0
220
0.0
230
1.0
 70
     8
 71
     3
 72
     8
 73
     4
 74
     0
 42
0.0000001
 43
0.0000000001
 40
0.0
 40
0.0
 40
0.0
 40
0.0
 40
1.0
 40
1.0
 40
1.0
 40
1.0
 10
22.63253158270001
 20
21.23982221419999
 30
0.0
 10
22.60709417358001
 20
21.19379266439998
 30
0.0
 10
22.58799460294
 20
21.09542976485997
 30
0.0
 10
22.57653472999999
 20
20.94549792858001
 30
0.0
  0
SPLINE
  5
7D0
330
2AF
100
AcDbEntity
  8
03___PRT_ALL_CURVES
  6
Continuous
 62
     4
100
AcDbSpline
210
0.0
220
0.0
230
1.0
 70
     8
 71
     3
 72
     8
 73
     4
 74
     0
 42
0.0000001
 43
0.0000000001
 40
0.0
 40
0.0
 40
0.0
 40
0.0
 40
1.0
 40
1.0
 40
1.0
 40
1.0
 10
22.57653472999999
 20
20.94549792858001
 30
0.0
 10
22.62237389664
 20
20.9922919752
 30
0.0
 10
22.67012281816002
 20
21.02667118254001
 30
0.0
 10
22.71969680842003
 20
21.04977365601999
 30
0.0
  0
SPLINE
  5
7D1
330
2AF
100
AcDbEntity
  8
03___PRT_ALL_CURVES
  6
Continuous
 62
     4
100
AcDbSpline
210
0.0
220
0.0
230
1.0
 70
     8
 71
     3
 72
     8
 73
     4
 74
     0
 42
0.0000001
 43
0.0000000001
 40
0.0
 40
0.0
 40
0.0
 40
0.0
 40
1.0
 40
1.0
 40
1.0
 40
1.0
 10
22.71969680842003
 20
21.04977365601999
 30
0.0
 10
22.7684857177
 20
21.07251026535999
 30
0.0
 10
22.82482946328003
 20
21.0839699732
 30
0.0
 10
22.88976803292002
 20
21.0839699732
 30
0.0
  0
SPLINE
  5
7D2
330
2AF
100
AcDbEntity
  8
03___PRT_ALL_CURVES
  6
Continuous
 62
     4
100
AcDbSpline
210
0.0
220
0.0
230
1.0
 70
     8
 71
     3
 72
     8
 73
     4
 74
     0
 42
0.0000001
 43
0.0000000001
 40
0.0
 40
0.0
 40
0.0
 40
0.0
 40
1.0
 40
1.0
 40
1.0
 40
1.0
 10
22.88976803292002
 20
21.0839699732
 30
0.0
 10
23.01391539956003
 20
21.0839699732
 30
0.0
 10
23.11991815936
 20
21.03908593545998
 30
0.0
 10
23.20562808700004
 20
20.95004282424
 30
0.0
  0
SPLINE
  5
7D3
330
2AF
100
AcDbEntity
  8
03___PRT_ALL_CURVES
  6
Continuous
 62
     4
100
AcDbSpline
210
0.0
220
0.0
230
1.0
 70
     8
 71
     3
 72
     8
 73
     4
 74
     0
 42
0.0000001
 43
0.0000000001
 40
0.0
 40
0.0
 40
0.0
 40
0.0
 40
1.0
 40
1.0
 40
1.0
 40
1.0
 10
23.20562808700004
 20
20.95004282424
 30
0.0
 10
23.29181445006003
 20
20.86050474576001
 30
0.0
 10
23.33574352654
 20
20.74781717078
 30
0.0
 10
23.33574352654
 20
20.61125513250002
 30
0.0
  0
SPLINE
  5
7D4
330
2AF
100
AcDbEntity
  8
03___PRT_ALL_CURVES
  6
Continuous
 62
     4
100
AcDbSpline
210
0.0
220
0.0
230
1.0
 70
     8
 71
     3
 72
     8
 73
     4
 74
     0
 42
0.0000001
 43
0.0000000001
 40
0.0
 40
0.0
 40
0.0
 40
0.0
 40
1.0
 40
1.0
 40
1.0
 40
1.0
 10
23.33574352654
 20
20.61125513250002
 30
0.0
 10
23.33574352654
 20
20.51862208942001
 30
0.0
 10
23.31377907212001
 20
20.4345839085
 30
0.0
 10
23.26984999818001
 20
20.35818554719998
 30
0.0
  0
SPLINE
  5
7D5
330
2AF
100
AcDbEntity
  8
03___PRT_ALL_CURVES
  6
Continuous
 62
     4
100
AcDbSpline
210
0.0
220
0.0
230
1.0
 70
     8
 71
     3
 72
     8
 73
     4
 74
     0
 42
0.0000001
 43
0.0000000001
 40
0.0
 40
0.0
 40
0.0
 40
0.0
 40
1.0
 40
1.0
 40
1.0
 40
1.0
 10
23.26984999818001
 20
20.35818554719998
 30
0.0
 10
23.22592092169998
 20
20.28178717573999
 30
0.0
 10
23.16575716090006
 20
20.22353342381999
 30
0.0
 10
23.08821183466
 20
20.18476075054002
 30
0.0
  0
SPLINE
  5
7D6
330
2AF
100
AcDbEntity
  8
03___PRT_ALL_CURVES
  6
Continuous
 62
     4
100
AcDbSpline
210
0.0
220
0.0
230
1.0
 70
     8
 71
     3
 72
     8
 73
     4
 74
     0
 42
0.0000001
 43
0.0000000001
 40
0.0
 40
0.0
 40
0.0
 40
0.0
 40
1.0
 40
1.0
 40
1.0
 40
1.0
 10
23.08821183466
 20
20.18476075054002
 30
0.0
 10
23.01105051578
 20
20.14618008093998
 30
0.0
 10
22.91459753875998
 20
20.12612551093997
 30
0.0
 10
22.79809003238003
 20
20.12612551093997
 30
0.0
  0
SPLINE
  5
7D7
330
2AF
100
AcDbEntity
  8
03___PRT_ALL_CURVES
  6
Continuous
 62
     4
100
AcDbSpline
210
0.0
220
0.0
230
1.0
 70
     8
 71
     3
 72
     8
 73
     4
 74
     0
 42
0.0000001
 43
0.0000000001
 40
0.0
 40
0.0
 40
0.0
 40
0.0
 40
1.0
 40
1.0
 40
1.0
 40
1.0
 10
22.79809003238003
 20
20.12612551093997
 30
0.0
 10
22.65770814906003
 20
20.12612551093997
 30
0.0
 10
22.54502049025999
 20
20.14999999964002
 30
0.0
 10
22.46086655138004
 20
20.19754458832
 30
0.0
  0
SPLINE
  5
7D8
330
2AF
100
AcDbEntity
  8
03___PRT_ALL_CURVES
  6
Continuous
 62
     4
100
AcDbSpline
210
0.0
220
0.0
230
1.0
 70
     8
 71
     3
 72
     8
 73
     4
 74
     0
 42
0.0000001
 43
0.0000000001
 40
0.0
 40
0.0
 40
0.0
 40
0.0
 40
1.0
 40
1.0
 40
1.0
 40
1.0
 10
22.46086655138004
 20
20.19754458832
 30
0.0
 10
22.37598908334004
 20
20.24549795189998
 30
0.0
 10
22.30818562992002
 20
20.32094133923999
 30
0.0
 10
22.25757165698002
 20
20.42598908697997
 30
0.0
  0
SPLINE
  5
7D9
330
2AF
100
AcDbEntity
  8
03___PRT_ALL_CURVES
  6
Continuous
 62
     4
100
AcDbSpline
210
0.0
220
0.0
230
1.0
 70
     8
 71
     3
 72
     8
 73
     4
 74
     0
 42
0.0000001
 43
0.0000000001
 40
0.0
 40
0.0
 40
0.0
 40
0.0
 40
1.0
 40
1.0
 40
1.0
 40
1.0
 10
22.25757165698002
 20
20.42598908697997
 30
0.0
 10
22.20695767896001
 20
20.53103684233997
 30
0.0
 10
22.18212825440003
 20
20.66950888695999
 30
0.0
 10
22.18212825440003
 20
20.84236017955999
 30
0.0
  0
SPLINE
  5
7DA
330
2AF
100
AcDbEntity
  8
03___PRT_ALL_CURVES
  6
Continuous
 62
     4
100
AcDbSpline
210
0.0
220
0.0
230
1.0
 70
     8
 71
     3
 72
     8
 73
     4
 74
     0
 42
0.0000001
 43
0.0000000001
 40
0.0
 40
0.0
 40
0.0
 40
0.0
 40
1.0
 40
1.0
 40
1.0
 40
1.0
 10
22.18212825440003
 20
20.84236017955999
 30
0.0
 10
22.18212825440003
 20
21.09447471977998
 30
0.0
 10
22.23465207112002
 20
21.27974081102002
 30
0.0
 10
22.34134795628
 20
21.39744116489999
 30
0.0
  0
SPLINE
  5
7DB
330
2AF
100
AcDbEntity
  8
03___PRT_ALL_CURVES
  6
Continuous
 62
     4
100
AcDbSpline
210
0.0
220
0.0
230
1.0
 70
     8
 71
     3
 72
     8
 73
     4
 74
     0
 42
0.0000001
 43
0.0000000001
 40
0.0
 40
0.0
 40
0.0
 40
0.0
 40
1.0
 40
1.0
 40
1.0
 40
1.0
 10
22.34134795628
 20
21.39744116489999
 30
0.0
 10
22.44761255198003
 20
21.51466574629998
 30
0.0
 10
22.59467933684002
 20
21.57387454584
 30
0.0
 10
22.78376544075999
 20
21.57387454584
 30
0.0
  0
SPLINE
  5
7DC
330
2AF
100
AcDbEntity
  8
03___PRT_ALL_CURVES
  6
Continuous
 62
     4
100
AcDbSpline
210
0.0
220
0.0
230
1.0
 70
     8
 71
     3
 72
     8
 73
     4
 74
     0
 42
0.0000001
 43
0.0000000001
 40
0.0
 40
0.0
 40
0.0
 40
0.0
 40
1.0
 40
1.0
 40
1.0
 40
1.0
 10
22.78376544075999
 20
21.57387454584
 30
0.0
 10
22.89454300940002
 20
21.57387454584
 30
0.0
 10
22.98240116236002
 20
21.56050474529999
 30
0.0
 10
23.04733971676001
 20
21.53472032391997
 30
0.0
  0
SPLINE
  5
7DD
330
2AF
100
AcDbEntity
  8
03___PRT_ALL_CURVES
  6
Continuous
 62
     4
100
AcDbSpline
210
0.0
220
0.0
230
1.0
 70
     8
 71
     3
 72
     8
 73
     4
 74
     0
 42
0.0000001
 43
0.0000000001
 40
0.0
 40
0.0
 40
0.0
 40
0.0
 40
1.0
 40
1.0
 40
1.0
 40
1.0
 10
23.04733971676001
 20
21.53472032391997
 30
0.0
 10
23.11227829910001
 20
21.50893589237998
 30
0.0
 10
23.16575716090006
 20
21.47169171489998
 30
0.0
 10
23.20845631858001
 20
21.42179608443999
 30
0.0
  0
SPLINE
  5
7DE
330
2AF
100
AcDbEntity
  8
03___PRT_ALL_CURVES
  6
Continuous
 62
     4
100
AcDbSpline
210
0.0
220
0.0
230
1.0
 70
     8
 71
     3
 72
     8
 73
     4
 74
     0
 42
0.0000001
 43
0.0000000001
 40
0.0
 40
0.0
 40
0.0
 40
0.0
 40
1.0
 40
1.0
 40
1.0
 40
1.0
 10
23.20845631858001
 20
21.42179608443999
 30
0.0
 10
23.25075042754
 20
21.37237377027998
 30
0.0
 10
23.28321962854002
 20
21.30934512569999
 30
0.0
 10
23.30613921186003
 20
21.23485677328
 30
0.0
  0
SPLINE
  5
7DF
330
2AF
100
AcDbEntity
  8
03___PRT_ALL_CURVES
  6
Continuous
 62
     4
100
AcDbSpline
210
0.0
220
0.0
230
1.0
 70
     8
 71
     3
 72
     8
 73
     4
 74
     0
 42
0.0000001
 43
0.0000000001
 40
0.0
 40
0.0
 40
0.0
 40
0.0
 40
1.0
 40
1.0
 40
1.0
 40
1.0
 10
22.58990452800003
 20
20.61125513250002
 30
0.0
 10
22.58990452800003
 20
20.5348567712
 30
0.0
 10
22.60900409610002
 20
20.47564801483998
 30
0.0
 10
22.64720328310003
 20
20.43267398344
 30
0.0
  0
SPLINE
  5
7E0
330
2AF
100
AcDbEntity
  8
03___PRT_ALL_CURVES
  6
Continuous
 62
     4
100
AcDbSpline
210
0.0
220
0.0
230
1.0
 70
     8
 71
     3
 72
     8
 73
     4
 74
     0
 42
0.0000001
 43
0.0000000001
 40
0.0
 40
0.0
 40
0.0
 40
0.0
 40
1.0
 40
1.0
 40
1.0
 40
1.0
 10
22.64720328310003
 20
20.43267398344
 30
0.0
 10
22.68540254122001
 20
20.38969987075998
 30
0.0
 10
22.73219650402004
 20
20.36869031410001
 30
0.0
 10
22.78758528834004
 20
20.36869031410001
 30
0.0
  0
SPLINE
  5
7E1
330
2AF
100
AcDbEntity
  8
03___PRT_ALL_CURVES
  6
Continuous
 62
     4
100
AcDbSpline
210
0.0
220
0.0
230
1.0
 70
     8
 71
     3
 72
     8
 73
     4
 74
     0
 42
0.0000001
 43
0.0000000001
 40
0.0
 40
0.0
 40
0.0
 40
0.0
 40
1.0
 40
1.0
 40
1.0
 40
1.0
 10
22.78758528834004
 20
20.36869031410001
 30
0.0
 10
22.83819926382006
 20
20.36869031410001
 30
0.0
 10
22.88117321140004
 20
20.38778990506
 30
0.0
 10
22.91579024148001
 20
20.42673403341996
 30
0.0
  0
SPLINE
  5
7E2
330
2AF
100
AcDbEntity
  8
03___PRT_ALL_CURVES
  6
Continuous
 62
     4
100
AcDbSpline
210
0.0
220
0.0
230
1.0
 70
     8
 71
     3
 72
     8
 73
     4
 74
     0
 42
0.0000001
 43
0.0000000001
 40
0.0
 40
0.0
 40
0.0
 40
0.0
 40
1.0
 40
1.0
 40
1.0
 40
1.0
 10
22.91579024148001
 20
20.42673403341996
 30
0.0
 10
22.94993179372
 20
20.46514324793998
 30
0.0
 10
22.96712143930003
 20
20.52339697954
 30
0.0
 10
22.96712143930003
 20
20.60075034527998
 30
0.0
  0
SPLINE
  5
7E3
330
2AF
100
AcDbEntity
  8
03___PRT_ALL_CURVES
  6
Continuous
 62
     4
100
AcDbSpline
210
0.0
220
0.0
230
1.0
 70
     8
 71
     3
 72
     8
 73
     4
 74
     0
 42
0.0000001
 43
0.0000000001
 40
0.0
 40
0.0
 40
0.0
 40
0.0
 40
1.0
 40
1.0
 40
1.0
 40
1.0
 10
22.96712143930003
 20
20.60075034527998
 30
0.0
 10
22.96712143930003
 20
20.67905866973999
 30
0.0
 10
22.94897683246003
 20
20.73922238989999
 30
0.0
 10
22.91312984040002
 20
20.78080489500002
 30
0.0
  0
SPLINE
  5
7E4
330
2AF
100
AcDbEntity
  8
03___PRT_ALL_CURVES
  6
Continuous
 62
     4
100
AcDbSpline
210
0.0
220
0.0
230
1.0
 70
     8
 71
     3
 72
     8
 73
     4
 74
     0
 42
0.0000001
 43
0.0000000001
 40
0.0
 40
0.0
 40
0.0
 40
0.0
 40
1.0
 40
1.0
 40
1.0
 40
1.0
 10
22.91312984040002
 20
20.78080489500002
 30
0.0
 10
22.87735336382002
 20
20.82230560702001
 30
0.0
 10
22.83342428734002
 20
20.84331514335997
 30
0.0
 10
22.7809003868
 20
20.84331514335997
 30
0.0
  0
SPLINE
  5
7E5
330
2AF
100
AcDbEntity
  8
03___PRT_ALL_CURVES
  6
Continuous
 62
     4
100
AcDbSpline
210
0.0
220
0.0
230
1.0
 70
     8
 71
     3
 72
     8
 73
     4
 74
     0
 42
0.0000001
 43
0.0000000001
 40
0.0
 40
0.0
 40
0.0
 40
0.0
 40
1.0
 40
1.0
 40
1.0
 40
1.0
 10
22.7809003868
 20
20.84331514335997
 30
0.0
 10
22.72646656628001
 20
20.84331514335997
 30
0.0
 10
22.68062756474001
 20
20.82326056828001
 30
0.0
 10
22.64433835106004
 20
20.7831514232
 30
0.0
  0
SPLINE
  5
7E6
330
2AF
100
AcDbEntity
  8
03___PRT_ALL_CURVES
  6
Continuous
 62
     4
100
AcDbSpline
210
0.0
220
0.0
230
1.0
 70
     8
 71
     3
 72
     8
 73
     4
 74
     0
 42
0.0000001
 43
0.0000000001
 40
0.0
 40
0.0
 40
0.0
 40
0.0
 40
1.0
 40
1.0
 40
1.0
 40
1.0
 10
22.64433835106004
 20
20.7831514232
 30
0.0
 10
22.60804913484
 20
20.74304227812001
 30
0.0
 10
22.58990452800003
 20
20.68574352810001
 30
0.0
 10
22.58990452800003
 20
20.61125513250002
 30
0.0
  0
LINE
  5
7EB
330
2AF
100
AcDbEntity
  8
02___PRT_ALL_AXES
  6
Continuous
 62
     7
100
AcDbLine
 10
32.00000000038003
 20
0.0
 30
0.0
 11
0.0
 21
0.0
 31
0.0
  0
LINE
  5
7EC
330
2AF
100
AcDbEntity
  8
0
  6
Continuous
 62
     7
100
AcDbLine
 10
16.39999999902003
 20
1.649999999459965
 30
0.0
 11
15.59999999882001
 21
1.649999999459965
 31
0.0
  0
LINE
  5
7ED
330
2AF
100
AcDbEntity
  8
0
  6
Continuous
 62
     7
100
AcDbLine
 10
17.74999999904003
 20
2.999999999479996
 30
0.0
 11
16.39999999902003
 21
2.999999999479996
 31
0.0
  0
LINE
  5
7EE
330
2AF
100
AcDbEntity
  8
0
  6
Continuous
 62
     7
100
AcDbLine
 10
14.24999999879998
 20
2.999999999479996
 30
0.0
 11
15.59999999882001
 21
2.999999999479996
 31
0.0
  0
LINE
  5
7EF
330
2AF
100
AcDbEntity
  8
0
  6
Continuous
 62
     7
100
AcDbLine
 10
14.24999999879998
 20
3.799999999680011
 30
0.0
 11
15.59999999882001
 21
3.799999999680011
 31
0.0
  0
LINE
  5
7F0
330
2AF
100
AcDbEntity
  8
0
  6
Continuous
 62
     7
100
AcDbLine
 10
16.39999999902003
 20
3.799999999680011
 30
0.0
 11
17.74999999904003
 21
3.799999999680011
 31
0.0
  0
LINE
  5
7F1
330
2AF
100
AcDbEntity
  8
0
  6
Continuous
 62
     7
100
AcDbLine
 10
15.59999999882001
 20
5.149999999700015
 30
0.0
 11
16.39999999902003
 21
5.149999999700015
 31
0.0
  0
LINE
  5
7F2
330
2AF
100
AcDbEntity
  8
0
  6
Continuous
 62
     7
100
AcDbLine
 10
32.25000000075997
 20
5.999999998959993
 30
0.0
 11
-0.2500000003799698
 21
5.999999998959993
 31
0.0
  0
LINE
  5
7F3
330
2AF
100
AcDbEntity
  8
0
  6
Continuous
 62
     7
100
AcDbLine
 10
32.25000000075997
 20
12.40000000056
 30
0.0
 11
-0.2500000003799698
 21
12.40000000056
 31
0.0
  0
LINE
  5
7F4
330
2AF
100
AcDbEntity
  8
0
  6
Continuous
 62
     7
100
AcDbLine
 10
32.25000000075997
 20
12.99999999943998
 30
0.0
 11
-0.2500000003799698
 21
12.99999999943998
 31
0.0
  0
LINE
  5
7F5
330
2AF
100
AcDbEntity
  8
02___PRT_ALL_AXES
  6
Continuous
 62
     7
100
AcDbLine
 10
7.899999998799984
 20
15.14999999966
 30
0.0
 11
17.59999999932003
 21
15.14999999966
 31
0.0
  0
LINE
  5
7F6
330
2AF
100
AcDbEntity
  8
0
  6
Continuous
 62
     7
100
AcDbLine
 10
17.99999999942003
 20
15.75000000616001
 30
0.0
 11
7.500000001239982
 21
15.75000000616001
 31
0.0
  0
LINE
  5
7F7
330
2AF
100
AcDbEntity
  8
03___PRT_ALL_CURVES
  6
Continuous
 62
     4
100
AcDbLine
 10
21.25293317350003
 20
20.57114598741998
 30
0.0
 11
20.86425649594003
 21
20.51957709131997
 31
0.0
  0
LINE
  5
7F8
330
2AF
100
AcDbEntity
  8
02___PRT_ALL_AXES
  6
Continuous
 62
     7
100
AcDbLine
 10
17.99999999942003
 20
17.04337567187997
 30
0.0
 11
18.60000000084003
 21
17.04337567187997
 31
0.0
  0
LINE
  5
7F9
330
2AF
100
AcDbEntity
  8
02___PRT_ALL_AXES
  6
Continuous
 62
     7
100
AcDbLine
 10
17.99999999942003
 20
18.48675134493999
 30
0.0
 11
18.60000000084003
 21
18.48675134493999
 31
0.0
  0
LINE
  5
7FA
330
2AF
100
AcDbEntity
  8
02___PRT_ALL_AXES
  6
Continuous
 62
     7
100
AcDbLine
 10
17.99999999942003
 20
18.75662432564002
 30
0.0
 11
18.60000000084003
 21
18.75662432564002
 31
0.0
  0
LINE
  5
7FB
330
2AF
100
AcDbEntity
  8
03___PRT_ALL_CURVES
  6
Continuous
 62
     4
100
AcDbLine
 10
23.60000000082002
 20
19.24999999878
 30
0.0
 11
20.59999999879997
 21
19.24999999878
 31
0.0
  0
LINE
  5
7FC
330
2AF
100
AcDbEntity
  8
03___PRT_ALL_CURVES
  6
Continuous
 62
     4
100
AcDbLine
 10
4.199999999780005
 20
19.24999999878
 30
0.0
 11
1.200000000300008
 21
19.24999999878
 31
0.0
  0
LINE
  5
7FD
330
2AF
100
AcDbEntity
  8
0
  6
Continuous
 62
     7
100
AcDbLine
 10
8.200000000780022
 20
19.2500000064
 30
0.0
 11
15.84999999920001
 21
19.2500000064
 31
0.0
  0
LINE
  5
7FE
330
2AF
100
AcDbEntity
  8
0
  6
Continuous
 62
     7
100
AcDbLine
 10
9.70151727459998
 20
19.524999431
 30
0.0
 11
8.949997718460025
 21
19.524999431
 31
0.0
  0
LINE
  5
7FF
330
2AF
100
AcDbEntity
  8
0
  6
Continuous
 62
     7
100
AcDbLine
 10
14.74999997923999
 20
20.00000000754002
 30
0.0
 11
12.74999997874002
 21
20.00000000754002
 31
0.0
  0
LINE
  5
800
330
2AF
100
AcDbEntity
  8
0
  6
Continuous
 62
     7
100
AcDbLine
 10
12.24999998052002
 20
20.00000000754002
 30
0.0
 11
10.24999998001999
 21
20.00000000754002
 31
0.0
  0
LINE
  5
801
330
2AF
100
AcDbEntity
  8
0
  6
Continuous
 62
     7
100
AcDbLine
 10
16.65014920408001
 20
20.20000000377999
 30
0.0
 11
15.84999999920001
 21
20.20000000377999
 31
0.0
  0
LINE
  5
802
330
2AF
100
AcDbEntity
  8
0
  6
Continuous
 62
     7
100
AcDbLine
 10
17.99999999942003
 20
20.29956969541999
 30
0.0
 11
17.74999999904003
 21
20.29956969541999
 31
0.0
  0
LINE
  5
803
330
2AF
100
AcDbEntity
  8
0
  6
Continuous
 62
     7
100
AcDbLine
 10
17.25000000082002
 20
20.60000000387998
 30
0.0
 11
17.05291979808001
 21
20.60000000387998
 31
0.0
  0
LINE
  5
804
330
2AF
100
AcDbEntity
  8
0
  6
Continuous
 62
     7
100
AcDbLine
 10
14.14999899992006
 20
20.60000000641998
 30
0.0
 11
13.34999964234004
 21
20.60000000641998
 31
0.0
  0
LINE
  5
805
330
2AF
100
AcDbEntity
  8
0
  6
Continuous
 62
     7
100
AcDbLine
 10
11.64999999942
 20
20.60000000641998
 30
0.0
 11
10.84999999921999
 21
20.60000000641998
 31
0.0
  0
LINE
  5
806
330
2AF
100
AcDbEntity
  8
03___PRT_ALL_CURVES
  6
Continuous
 62
     4
100
AcDbLine
 10
2.818417482279983
 20
20.79747614182
 30
0.0
 11
3.149795394579996
 21
20.74972713647998
 31
0.0
  0
LINE
  5
807
330
2AF
100
AcDbEntity
  8
03___PRT_ALL_CURVES
  6
Continuous
 62
     4
100
AcDbLine
 10
1.489085988039989
 20
21.21098222615998
 30
0.0
 11
1.856753116560014
 21
21.14508869526
 31
0.0
  0
LINE
  5
808
330
2AF
100
AcDbEntity
  8
03___PRT_ALL_CURVES
  6
Continuous
 62
     4
100
AcDbLine
 10
1.856753116560014
 20
20.57114598741998
 30
0.0
 11
1.468076439000015
 21
20.51957709131997
 31
0.0
  0
LINE
  5
809
330
2AF
100
AcDbEntity
  8
03___PRT_ALL_CURVES
  6
Continuous
 62
     4
100
AcDbLine
 10
21.23908594186003
 20
24.07114598766
 30
0.0
 11
20.8504092643
 21
24.01957709156002
 31
0.0
  0
LINE
  5
80A
330
2AF
100
AcDbEntity
  8
03___PRT_ALL_CURVES
  6
Continuous
 62
     4
100
AcDbLine
 10
22.91937251524001
 20
21.18710776539999
 30
0.0
 11
23.30613921186003
 21
21.23485677328
 31
0.0
  0
LINE
  5
80B
330
2AF
100
AcDbEntity
  8
03___PRT_ALL_CURVES
  6
Continuous
 62
     4
100
AcDbLine
 10
3.161255102420029
 20
20.55586630754001
 30
0.0
 11
2.767803590619991
 21
20.51289223295998
 31
0.0
  0
LINE
  5
80C
330
2AF
100
AcDbEntity
  8
03___PRT_ALL_CURVES
  6
Continuous
 62
     4
100
AcDbLine
 10
3.239563470060006
 20
21.23963166339996
 30
0.0
 11
3.865075117180027
 21
21.23963166339996
 31
0.0
  0
LINE
  5
80D
330
2AF
100
AcDbEntity
  8
0
  6
Continuous
 62
     7
100
AcDbLine
 10
10.84999999921999
 20
21.40000000661999
 30
0.0
 11
11.64999999942
 21
21.40000000661999
 31
0.0
  0
LINE
  5
80E
330
2AF
100
AcDbEntity
  8
0
  6
Continuous
 62
     7
100
AcDbLine
 10
13.34999964234004
 20
21.40000000661999
 30
0.0
 11
14.14999899992006
 21
21.40000000661999
 31
0.0
  0
LINE
  5
80F
330
2AF
100
AcDbEntity
  8
0
  6
Continuous
 62
     7
100
AcDbLine
 10
17.05291979808001
 20
21.40000000408
 30
0.0
 11
17.24999999828
 21
21.40000000408
 31
0.0
  0
LINE
  5
810
330
2AF
100
AcDbEntity
  8
03___PRT_ALL_CURVES
  6
Continuous
 62
     4
100
AcDbLine
 10
3.865075117180027
 20
21.54999999872001
 30
0.0
 11
2.941609887660007
 21
21.54999999872001
 31
0.0
  0
LINE
  5
811
330
2AF
100
AcDbEntity
  8
02___PRT_ALL_AXES
  6
Continuous
 62
     7
100
AcDbLine
 10
17.99999999942003
 20
21.64337567176
 30
0.0
 11
18.60000000084003
 21
21.64337567176
 31
0.0
  0
LINE
  5
812
330
2AF
100
AcDbEntity
  8
0
  6
Continuous
 62
     7
100
AcDbLine
 10
17.74999999904003
 20
21.70043031508001
 30
0.0
 11
17.99999999942003
 21
21.70043031508001
 31
0.0
  0
LINE
  5
813
330
2AF
100
AcDbEntity
  8
0
  6
Continuous
 62
     7
100
AcDbLine
 10
15.84999999920001
 20
21.80000000417999
 30
0.0
 11
16.65014920408001
 21
21.80000000417999
 31
0.0
  0
LINE
  5
814
330
2AF
100
AcDbEntity
  8
0
  6
Continuous
 62
     7
100
AcDbLine
 10
14.74999997923999
 20
22.00000000803999
 30
0.0
 11
12.74999997874002
 21
22.00000000803999
 31
0.0
  0
LINE
  5
815
330
2AF
100
AcDbEntity
  8
0
  6
Continuous
 62
     7
100
AcDbLine
 10
12.24999998052002
 20
22.00000000803999
 30
0.0
 11
10.24999998001999
 21
22.00000000803999
 31
0.0
  0
LINE
  5
816
330
2AF
100
AcDbEntity
  8
0
  6
Continuous
 62
     7
100
AcDbLine
 10
8.949997718460025
 20
22.47499951777999
 30
0.0
 11
9.70151727459998
 21
22.47499951777999
 31
0.0
  0
LINE
  5
817
330
2AF
100
AcDbEntity
  8
0
  6
Continuous
 62
     7
100
AcDbLine
 10
12.02499979298003
 20
22.57500000612001
 30
0.0
 11
8.200000000780022
 21
22.57500000612001
 31
0.0
  0
LINE
  5
818
330
2AF
100
AcDbEntity
  8
03___PRT_ALL_CURVES
  6
Continuous
 62
     4
100
AcDbLine
 10
1.200000000300008
 20
22.74999999901999
 30
0.0
 11
4.199999999780005
 21
22.74999999901999
 31
0.0
  0
LINE
  5
819
330
2AF
100
AcDbEntity
  8
03___PRT_ALL_CURVES
  6
Continuous
 62
     4
100
AcDbLine
 10
20.59999999879997
 20
22.74999999901999
 30
0.0
 11
23.60000000082002
 21
22.74999999901999
 31
0.0
  0
LINE
  5
81A
330
2AF
100
AcDbEntity
  8
0
  6
Continuous
 62
     7
100
AcDbLine
 10
8.200000000780022
 20
22.92500000716001
 30
0.0
 11
12.02499979298003
 21
22.92500000716001
 31
0.0
  0
LINE
  5
81B
330
2AF
100
AcDbEntity
  8
0
  6
Continuous
 62
     7
100
AcDbLine
 10
9.701518265200036
 20
23.02499943123999
 30
0.0
 11
8.949997718460025
 21
23.02499943123999
 31
0.0
  0
LINE
  5
81C
330
2AF
100
AcDbEntity
  8
02___PRT_ALL_AXES
  6
Continuous
 62
     7
100
AcDbLine
 10
17.99999999942003
 20
23.08675134481999
 30
0.0
 11
18.60000000084003
 21
23.08675134481999
 31
0.0
  0
LINE
  5
81D
330
2AF
100
AcDbEntity
  8
0
  6
Continuous
 62
     7
100
AcDbLine
 10
14.74999997923999
 20
23.50000000777999
 30
0.0
 11
12.74999997874002
 21
23.50000000777999
 31
0.0
  0
LINE
  5
81E
330
2AF
100
AcDbEntity
  8
0
  6
Continuous
 62
     7
100
AcDbLine
 10
12.24999998052002
 20
23.50000000777999
 30
0.0
 11
10.24999998001999
 21
23.50000000777999
 31
0.0
  0
LINE
  5
81F
330
2AF
100
AcDbEntity
  8
03___PRT_ALL_CURVES
  6
Continuous
 62
     4
100
AcDbLine
 10
22.83485677621999
 20
23.64999999987998
 30
0.0
 11
23.17387454877999
 21
23.64999999987998
 31
0.0
  0
LINE
  5
820
330
2AF
100
AcDbEntity
  8
0
  6
Continuous
 62
     7
100
AcDbLine
 10
16.65014920408001
 20
23.70000000402001
 30
0.0
 11
15.84999999920001
 21
23.70000000402001
 31
0.0
  0
LINE
  5
821
330
2AF
100
AcDbEntity
  8
0
  6
Continuous
 62
     7
100
AcDbLine
 10
17.99999999942003
 20
23.79956969565998
 30
0.0
 11
17.74999999904003
 21
23.79956969565998
 31
0.0
  0
LINE
  5
822
330
2AF
100
AcDbEntity
  8
03___PRT_ALL_CURVES
  6
Continuous
 62
     4
100
AcDbLine
 10
22.12626195515998
 20
23.91166438637998
 30
0.0
 11
22.83485677621999
 21
23.91166438637998
 31
0.0
  0
LINE
  5
823
330
2AF
100
AcDbEntity
  8
03___PRT_ALL_CURVES
  6
Continuous
 62
     4
100
AcDbLine
 10
23.17387454877999
 20
23.91166438637998
 30
0.0
 11
23.34959068706002
 21
23.91166438637998
 31
0.0
  0
LINE
  5
824
330
2AF
100
AcDbEntity
  8
0
  6
Continuous
 62
     7
100
AcDbLine
 10
17.25000000082002
 20
24.10000000412001
 30
0.0
 11
17.05291979808001
 21
24.10000000412001
 31
0.0
  0
LINE
  5
825
330
2AF
100
AcDbEntity
  8
0
  6
Continuous
 62
     7
100
AcDbLine
 10
14.14999899992006
 20
24.10000000666
 30
0.0
 11
13.34999964234004
 21
24.10000000666
 31
0.0
  0
LINE
  5
826
330
2AF
100
AcDbEntity
  8
0
  6
Continuous
 62
     7
100
AcDbLine
 10
11.64999999942
 20
24.10000000666
 30
0.0
 11
10.84999999921999
 21
24.10000000666
 31
0.0
  0
LINE
  5
827
330
2AF
100
AcDbEntity
  8
03___PRT_ALL_CURVES
  6
Continuous
 62
     4
100
AcDbLine
 10
23.34959068706002
 20
24.21343792050001
 30
0.0
 11
23.17387454877999
 21
24.21343792050001
 31
0.0
  0
LINE
  5
828
330
2AF
100
AcDbEntity
  8
03___PRT_ALL_CURVES
  6
Continuous
 62
     4
100
AcDbLine
 10
22.83485677621999
 20
24.21343792050001
 30
0.0
 11
22.45954978998
 21
24.21343792050001
 31
0.0
  0
LINE
  5
829
330
2AF
100
AcDbEntity
  8
0
  6
Continuous
 62
     7
100
AcDbLine
 10
10.84999999921999
 20
24.90000000685998
 30
0.0
 11
11.64999999942
 21
24.90000000685998
 31
0.0
  0
LINE
  5
82A
330
2AF
100
AcDbEntity
  8
0
  6
Continuous
 62
     7
100
AcDbLine
 10
13.34999964234004
 20
24.90000000685998
 30
0.0
 11
14.14999899992006
 21
24.90000000685998
 31
0.0
  0
LINE
  5
82B
330
2AF
100
AcDbEntity
  8
0
  6
Continuous
 62
     7
100
AcDbLine
 10
17.05291979808001
 20
24.90000000431999
 30
0.0
 11
17.25000000082002
 21
24.90000000431999
 31
0.0
  0
LINE
  5
82C
330
2AF
100
AcDbEntity
  8
03___PRT_ALL_CURVES
  6
Continuous
 62
     4
100
AcDbLine
 10
23.17387454877999
 20
25.07387454607999
 30
0.0
 11
22.83485677621999
 21
25.07387454607999
 31
0.0
  0
LINE
  5
82D
330
2AF
100
AcDbEntity
  8
0
  6
Continuous
 62
     7
100
AcDbLine
 10
17.74999999904003
 20
25.20043031531998
 30
0.0
 11
17.99999999942003
 21
25.20043031531998
 31
0.0
  0
LINE
  5
82E
330
2AF
100
AcDbEntity
  8
03___PRT_ALL_CURVES
  6
Continuous
 62
     4
100
AcDbLine
 10
20.88526604752002
 20
21.21098222615998
 30
0.0
 11
21.25293317350003
 21
21.14508869526
 31
0.0
  0
LINE
  5
82F
330
2AF
100
AcDbEntity
  8
03___PRT_ALL_CURVES
  6
Continuous
 62
     4
100
AcDbLine
 10
1.490518408340023
 20
24.71098222639998
 30
0.0
 11
1.85818553432
 21
24.64508869549999
 31
0.0
  0
LINE
  5
830
330
2AF
100
AcDbEntity
  8
03___PRT_ALL_CURVES
  6
Continuous
 62
     4
100
AcDbLine
 10
2.795020478020007
 20
24.71098222639998
 30
0.0
 11
3.162687520180015
 21
24.64508869549999
 31
0.0
  0
LINE
  5
831
330
2AF
100
AcDbEntity
  8
0
  6
Continuous
 62
     2
100
AcDbLine
 10
15.45525077346002
 20
116.89999999938
 30
0.0
 11
15.55525077158001
 21
117.00000000004
 31
0.0
  0
LINE
  5
832
330
2AF
100
AcDbEntity
  8
03___PRT_ALL_CURVES
  6
Continuous
 62
     4
100
AcDbLine
 10
3.162687520180015
 20
24.07114598766
 30
0.0
 11
2.774010901040043
 21
24.01957709156002
 31
0.0
  0
LINE
  5
833
330
2AF
100
AcDbEntity
  8
03___PRT_ALL_CURVES
  6
Continuous
 62
     4
100
AcDbLine
 10
1.85818553432
 20
24.07114598766
 30
0.0
 11
1.469508856760001
 21
24.01957709156002
 31
0.0
  0
LINE
  5
834
330
2AF
100
AcDbEntity
  8
03___PRT_ALL_CURVES
  6
Continuous
 62
     4
100
AcDbLine
 10
21.26152792390005
 20
27.5711459879
 30
0.0
 11
20.87285124888004
 21
27.51957709179999
 31
0.0
  0
LINE
  5
835
330
2AF
100
AcDbEntity
  8
0
  6
Continuous
 62
     7
100
AcDbLine
 10
15.84999999920001
 20
25.30000000441999
 30
0.0
 11
16.65014920408001
 21
25.30000000441999
 31
0.0
  0
LINE
  5
836
330
2AF
100
AcDbEntity
  8
0
  6
Continuous
 62
     7
100
AcDbLine
 10
14.74999997923999
 20
25.50000000827998
 30
0.0
 11
12.74999997874002
 21
25.50000000827998
 31
0.0
  0
LINE
  5
837
330
2AF
100
AcDbEntity
  8
0
  6
Continuous
 62
     7
100
AcDbLine
 10
12.24999998052002
 20
25.50000000827998
 30
0.0
 11
10.24999998001999
 21
25.50000000827998
 31
0.0
  0
LINE
  5
838
330
2AF
100
AcDbEntity
  8
0
  6
Continuous
 62
     7
100
AcDbLine
 10
8.949997718460025
 20
25.97499951802001
 30
0.0
 11
9.701518265200036
 21
25.97499951802001
 31
0.0
  0
LINE
  5
839
330
2AF
100
AcDbEntity
  8
0
  6
Continuous
 62
     7
100
AcDbLine
 10
12.02499979298003
 20
26.07500000636
 30
0.0
 11
8.200000000780022
 21
26.07500000636
 31
0.0
  0
LINE
  5
83A
330
2AF
100
AcDbEntity
  8
03___PRT_ALL_CURVES
  6
Continuous
 62
     4
100
AcDbLine
 10
1.200000000300008
 20
26.24999999926001
 30
0.0
 11
4.199999999780005
 21
26.24999999926001
 31
0.0
  0
LINE
  5
83B
330
2AF
100
AcDbEntity
  8
03___PRT_ALL_CURVES
  6
Continuous
 62
     4
100
AcDbLine
 10
20.59999999879997
 20
26.24999999926001
 30
0.0
 11
23.60000000082002
 21
26.24999999926001
 31
0.0
  0
LINE
  5
83C
330
2AF
100
AcDbEntity
  8
0
  6
Continuous
 62
     7
100
AcDbLine
 10
8.200000000780022
 20
26.4250000074
 30
0.0
 11
12.02499979298003
 21
26.4250000074
 31
0.0
  0
LINE
  5
83D
330
2AF
100
AcDbEntity
  8
0
  6
Continuous
 62
     7
100
AcDbLine
 10
9.701518189000012
 20
26.52499943147998
 30
0.0
 11
8.949997718460025
 21
26.52499943147998
 31
0.0
  0
LINE
  5
83E
330
2AF
100
AcDbEntity
  8
0
  6
Continuous
 62
     7
100
AcDbLine
 10
14.74999997923999
 20
27.00000000802001
 30
0.0
 11
12.74999997874002
 21
27.00000000802001
 31
0.0
  0
LINE
  5
83F
330
2AF
100
AcDbEntity
  8
0
  6
Continuous
 62
     7
100
AcDbLine
 10
12.24999998052002
 20
27.00000000802001
 30
0.0
 11
10.24999998001999
 21
27.00000000802001
 31
0.0
  0
LINE
  5
840
330
2AF
100
AcDbEntity
  8
03___PRT_ALL_CURVES
  6
Continuous
 62
     4
100
AcDbLine
 10
3.40525243764003
 20
27.15000000012
 30
0.0
 11
3.79870403325998
 21
27.15000000012
 31
0.0
  0
LINE
  5
841
330
2AF
100
AcDbEntity
  8
03___PRT_ALL_CURVES
  6
Continuous
 62
     4
100
AcDbLine
 10
22.16016364504
 20
27.15000000012
 30
0.0
 11
23.32714863390004
 21
27.15000000012
 31
0.0
  0
LINE
  5
842
330
2AF
100
AcDbEntity
  8
0
  6
Continuous
 62
     7
100
AcDbLine
 10
16.65014920408001
 20
27.20000000426
 30
0.0
 11
15.84999999920001
 21
27.20000000426
 31
0.0
  0
LINE
  5
843
330
2AF
100
AcDbEntity
  8
0
  6
Continuous
 62
     7
100
AcDbLine
 10
17.99999999942003
 20
27.29956969589998
 30
0.0
 11
17.74999999904003
 21
27.29956969589998
 31
0.0
  0
LINE
  5
844
330
2AF
100
AcDbEntity
  8
03___PRT_ALL_CURVES
  6
Continuous
 62
     4
100
AcDbLine
 10
23.32714863390004
 20
27.46705321412
 30
0.0
 11
22.71978159362001
 21
27.46705321412
 31
0.0
  0
LINE
  5
845
330
2AF
100
AcDbEntity
  8
0
  6
Continuous
 62
     7
100
AcDbLine
 10
17.25000000082002
 20
27.60000000435997
 30
0.0
 11
17.05291979808001
 21
27.60000000435997
 31
0.0
  0
LINE
  5
846
330
2AF
100
AcDbEntity
  8
0
  6
Continuous
 62
     7
100
AcDbLine
 10
14.14999899992006
 20
27.60000000689999
 30
0.0
 11
13.34999964234004
 21
27.60000000689999
 31
0.0
  0
LINE
  5
847
330
2AF
100
AcDbEntity
  8
0
  6
Continuous
 62
     7
100
AcDbLine
 10
11.64999999942
 20
27.60000000689999
 30
0.0
 11
10.84999999921999
 21
27.60000000689999
 31
0.0
  0
LINE
  5
848
330
2AF
100
AcDbEntity
  8
0
  6
Continuous
 62
     7
100
AcDbLine
 10
10.84999999921999
 20
28.4000000071
 30
0.0
 11
11.64999999942
 21
28.4000000071
 31
0.0
  0
LINE
  5
849
330
2AF
100
AcDbEntity
  8
0
  6
Continuous
 62
     7
100
AcDbLine
 10
13.34999964234004
 20
28.4000000071
 30
0.0
 11
14.14999899992006
 21
28.4000000071
 31
0.0
  0
LINE
  5
84A
330
2AF
100
AcDbEntity
  8
0
  6
Continuous
 62
     7
100
AcDbLine
 10
17.05291979808001
 20
28.40000000456001
 30
0.0
 11
17.25000000082002
 21
28.40000000456001
 31
0.0
  0
LINE
  5
84B
330
2AF
100
AcDbEntity
  8
03___PRT_ALL_CURVES
  6
Continuous
 62
     4
100
AcDbLine
 10
3.79870403325998
 20
28.57387454377999
 30
0.0
 11
3.476875906280014
 21
28.57387454377999
 31
0.0
  0
LINE
  5
84C
330
2AF
100
AcDbEntity
  8
0
  6
Continuous
 62
     7
100
AcDbLine
 10
17.74999999904003
 20
28.70043031556
 30
0.0
 11
17.99999999942003
 21
28.70043031556
 31
0.0
  0
LINE
  5
84D
330
2AF
100
AcDbEntity
  8
0
  6
Continuous
 62
     7
100
AcDbLine
 10
15.84999999920001
 20
28.80000000466001
 30
0.0
 11
16.65014920408001
 21
28.80000000466001
 31
0.0
  0
LINE
  5
84E
330
2AF
100
AcDbEntity
  8
0
  6
Continuous
 62
     7
100
AcDbLine
 10
14.74999997923999
 20
29.00000000852
 30
0.0
 11
12.74999997874002
 21
29.00000000852
 31
0.0
  0
LINE
  5
84F
330
2AF
100
AcDbEntity
  8
0
  6
Continuous
 62
     7
100
AcDbLine
 10
12.24999998052002
 20
29.00000000852
 30
0.0
 11
10.24999998001999
 21
29.00000000852
 31
0.0
  0
LINE
  5
850
330
2AF
100
AcDbEntity
  8
0
  6
Continuous
 62
     7
100
AcDbLine
 10
8.949997718460025
 20
29.47499951826001
 30
0.0
 11
9.701518189000012
 21
29.47499951826001
 31
0.0
  0
LINE
  5
851
330
2AF
100
AcDbEntity
  8
0
  6
Continuous
 62
     7
100
AcDbLine
 10
12.02499979298003
 20
29.57500000659999
 30
0.0
 11
8.200000000780022
 21
29.57500000659999
 31
0.0
  0
LINE
  5
852
330
2AF
100
AcDbEntity
  8
03___PRT_ALL_CURVES
  6
Continuous
 62
     4
100
AcDbLine
 10
22.18881308228001
 20
28.12694408889999
 30
0.0
 11
22.57844474904002
 21
28.09542976533999
 31
0.0
  0
LINE
  5
853
330
2AF
100
AcDbEntity
  8
03___PRT_ALL_CURVES
  6
Continuous
 62
     4
100
AcDbLine
 10
20.87141881587999
 20
24.71098222639998
 30
0.0
 11
21.23908594186003
 21
24.64508869549999
 31
0.0
  0
LINE
  5
854
330
2AF
100
AcDbEntity
  8
03___PRT_ALL_CURVES
  6
Continuous
 62
     4
100
AcDbLine
 10
1.62230558952001
 20
28.21098222664
 30
0.0
 11
1.989972715500016
 21
28.14508869573999
 31
0.0
  0
LINE
  5
855
330
2AF
100
AcDbEntity
  8
03___PRT_ALL_CURVES
  6
Continuous
 62
     4
100
AcDbLine
 10
20.89386079792001
 20
28.21098222664
 30
0.0
 11
21.26152792390005
 21
28.14508869573999
 31
0.0
  0
LINE
  5
856
330
2AF
100
AcDbEntity
  8
0
  6
Continuous
 62
     7
100
AcDbLine
 10
17.74999999904003
 20
20.29956969541999
 30
0.0
 11
17.25000000082002
 21
20.60000000387998
 31
0.0
  0
LINE
  5
857
330
2AF
100
AcDbEntity
  8
0
  6
Continuous
 62
     7
100
AcDbLine
 10
16.65014920408001
 20
21.64200899427999
 30
0.0
 11
17.05291979808001
 21
21.40000000408
 31
0.0
  0
LINE
  5
858
330
2AF
100
AcDbEntity
  8
03___PRT_ALL_CURVES
  6
Continuous
 62
     4
100
AcDbLine
 10
1.989972715500016
 20
27.5711459879
 30
0.0
 11
1.601296037940017
 21
27.51957709179999
 31
0.0
  0
LINE
  5
859
330
2AF
100
AcDbEntity
  8
03___PRT_ALL_CURVES
  6
Continuous
 62
     4
100
AcDbLine
 10
21.25866308584
 20
31.07114598813999
 30
0.0
 11
20.86998641082002
 21
31.01957709204001
 31
0.0
  0
LINE
  5
85A
330
2AF
100
AcDbEntity
  8
03___PRT_ALL_CURVES
  6
Continuous
 62
     4
100
AcDbLine
 10
3.199931738300023
 20
31.01289223367999
 30
0.0
 11
2.813165041680008
 21
30.96418826454001
 31
0.0
  0
LINE
  5
85B
330
2AF
100
AcDbEntity
  8
03___PRT_ALL_CURVES
  6
Continuous
 62
     4
100
AcDbLine
 10
1.200000000300008
 20
29.74999999950001
 30
0.0
 11
4.199999999780005
 21
29.74999999950001
 31
0.0
  0
LINE
  5
85C
330
2AF
100
AcDbEntity
  8
03___PRT_ALL_CURVES
  6
Continuous
 62
     4
100
AcDbLine
 10
20.59999999879997
 20
29.74999999950001
 30
0.0
 11
23.60000000082002
 21
29.74999999950001
 31
0.0
  0
LINE
  5
85D
330
2AF
100
AcDbEntity
  8
0
  6
Continuous
 62
     7
100
AcDbLine
 10
8.200000000780022
 20
29.92500000763999
 30
0.0
 11
12.02499979298003
 21
29.92500000763999
 31
0.0
  0
LINE
  5
85E
330
2AF
100
AcDbEntity
  8
0
  6
Continuous
 62
     7
100
AcDbLine
 10
9.701518112800017
 20
30.02499942917999
 30
0.0
 11
8.949997718460025
 21
30.02499942917999
 31
0.0
  0
LINE
  5
85F
330
2AF
100
AcDbEntity
  8
0
  6
Continuous
 62
     7
100
AcDbLine
 10
14.74999997923999
 20
30.50000000825997
 30
0.0
 11
12.74999997874002
 21
30.50000000825997
 31
0.0
  0
LINE
  5
860
330
2AF
100
AcDbEntity
  8
0
  6
Continuous
 62
     7
100
AcDbLine
 10
12.24999998052002
 20
30.50000000825997
 30
0.0
 11
10.24999998001999
 21
30.50000000825997
 31
0.0
  0
LINE
  5
861
330
2AF
100
AcDbEntity
  8
03___PRT_ALL_CURVES
  6
Continuous
 62
     4
100
AcDbLine
 10
1.462824013640017
 20
30.65000000036
 30
0.0
 11
2.629809043140028
 21
30.65000000036
 31
0.0
  0
LINE
  5
862
330
2AF
100
AcDbEntity
  8
0
  6
Continuous
 62
     7
100
AcDbLine
 10
16.65014920408001
 20
30.7000000045
 30
0.0
 11
15.84999999920001
 21
30.7000000045
 31
0.0
  0
LINE
  5
863
330
2AF
100
AcDbEntity
  8
0
  6
Continuous
 62
     7
100
AcDbLine
 10
17.99999999942003
 20
30.79956969614
 30
0.0
 11
17.74999999904003
 21
30.79956969614
 31
0.0
  0
LINE
  5
864
330
2AF
100
AcDbEntity
  8
03___PRT_ALL_CURVES
  6
Continuous
 62
     4
100
AcDbLine
 10
2.629809043140028
 20
30.96705321435999
 30
0.0
 11
2.022442002860032
 21
30.96705321435999
 31
0.0
  0
LINE
  5
865
330
2AF
100
AcDbEntity
  8
0
  6
Continuous
 62
     7
100
AcDbLine
 10
17.25000000082002
 20
31.10000000460002
 30
0.0
 11
17.05291979808001
 21
31.10000000460002
 31
0.0
  0
LINE
  5
866
330
2AF
100
AcDbEntity
  8
0
  6
Continuous
 62
     7
100
AcDbLine
 10
14.14999899992006
 20
31.10000000714001
 30
0.0
 11
13.34999964234004
 21
31.10000000714001
 31
0.0
  0
LINE
  5
867
330
2AF
100
AcDbEntity
  8
0
  6
Continuous
 62
     7
100
AcDbLine
 10
11.64999999942
 20
31.10000000714001
 30
0.0
 11
10.84999999921999
 21
31.10000000714001
 31
0.0
  0
LINE
  5
868
330
2AF
100
AcDbEntity
  8
0
  6
Continuous
 62
     7
100
AcDbLine
 10
10.84999999921999
 20
31.90000000734
 30
0.0
 11
11.64999999942
 21
31.90000000734
 31
0.0
  0
LINE
  5
869
330
2AF
100
AcDbEntity
  8
0
  6
Continuous
 62
     7
100
AcDbLine
 10
13.34999964234004
 20
31.90000000734
 30
0.0
 11
14.14999899992006
 21
31.90000000734
 31
0.0
  0
LINE
  5
86A
330
2AF
100
AcDbEntity
  8
0
  6
Continuous
 62
     7
100
AcDbLine
 10
17.05291979808001
 20
31.90000000480001
 30
0.0
 11
17.25000000082002
 21
31.90000000480001
 31
0.0
  0
LINE
  5
86B
330
2AF
100
AcDbEntity
  8
0
  6
Continuous
 62
     7
100
AcDbLine
 10
17.74999999904003
 20
32.20043031579999
 30
0.0
 11
17.99999999942003
 21
32.20043031579999
 31
0.0
  0
LINE
  5
86C
330
2AF
100
AcDbEntity
  8
0
  6
Continuous
 62
     7
100
AcDbLine
 10
15.84999999920001
 20
32.30000000489997
 30
0.0
 11
16.65014920408001
 21
32.30000000489997
 31
0.0
  0
LINE
  5
86D
330
2AF
100
AcDbEntity
  8
0
  6
Continuous
 62
     7
100
AcDbLine
 10
14.74999997923999
 20
32.50000000622001
 30
0.0
 11
12.74999997874002
 21
32.50000000622001
 31
0.0
  0
LINE
  5
86E
330
2AF
100
AcDbEntity
  8
0
  6
Continuous
 62
     7
100
AcDbLine
 10
12.24999998052002
 20
32.50000000622001
 30
0.0
 11
10.24999998001999
 21
32.50000000622001
 31
0.0
  0
LINE
  5
86F
330
2AF
100
AcDbEntity
  8
0
  6
Continuous
 62
     7
100
AcDbLine
 10
8.949997718460025
 20
32.97499951595998
 30
0.0
 11
9.701518112800017
 21
32.97499951595998
 31
0.0
  0
LINE
  5
870
330
2AF
100
AcDbEntity
  8
0
  6
Continuous
 62
     7
100
AcDbLine
 10
12.02499979298003
 20
33.07500000683999
 30
0.0
 11
8.200000000780022
 21
33.07500000683999
 31
0.0
  0
LINE
  5
871
330
2AF
100
AcDbEntity
  8
03___PRT_ALL_CURVES
  6
Continuous
 62
     4
100
AcDbLine
 10
1.200000000300008
 20
33.24999999974
 30
0.0
 11
4.199999999780005
 21
33.24999999974
 31
0.0
  0
LINE
  5
872
330
2AF
100
AcDbEntity
  8
03___PRT_ALL_CURVES
  6
Continuous
 62
     4
100
AcDbLine
 10
20.59999999879997
 20
33.24999999974
 30
0.0
 11
23.60000000082002
 21
33.24999999974
 31
0.0
  0
LINE
  5
873
330
2AF
100
AcDbEntity
  8
0
  6
Continuous
 62
     7
100
AcDbLine
 10
8.200000000780022
 20
33.42500000787999
 30
0.0
 11
12.02499979298003
 21
33.42500000787999
 31
0.0
  0
LINE
  5
874
330
2AF
100
AcDbEntity
  8
0
  6
Continuous
 62
     7
100
AcDbLine
 10
9.70151803660002
 20
33.52499942941998
 30
0.0
 11
8.949997718460025
 21
33.52499942941998
 31
0.0
  0
LINE
  5
875
330
2AF
100
AcDbEntity
  8
0
  6
Continuous
 62
     7
100
AcDbLine
 10
14.74999997923999
 20
34.00000000850002
 30
0.0
 11
12.74999997874002
 21
34.00000000850002
 31
0.0
  0
LINE
  5
876
330
2AF
100
AcDbEntity
  8
0
  6
Continuous
 62
     7
100
AcDbLine
 10
12.24999998052002
 20
34.00000000850002
 30
0.0
 11
10.24999998001999
 21
34.00000000850002
 31
0.0
  0
LINE
  5
877
330
2AF
100
AcDbEntity
  8
03___PRT_ALL_CURVES
  6
Continuous
 62
     4
100
AcDbLine
 10
1.462346580000002
 20
34.15000000059999
 30
0.0
 11
2.629331609499985
 21
34.15000000059999
 31
0.0
  0
LINE
  5
878
330
2AF
100
AcDbEntity
  8
03___PRT_ALL_CURVES
  6
Continuous
 62
     4
100
AcDbLine
 10
3.038062760540043
 20
34.15000000059999
 30
0.0
 11
3.425784583520027
 21
34.15000000059999
 31
0.0
  0
LINE
  5
879
330
2AF
100
AcDbEntity
  8
03___PRT_ALL_CURVES
  6
Continuous
 62
     4
100
AcDbLine
 10
20.86139159438
 20
34.15000000059999
 30
0.0
 11
22.02837662388004
 21
34.15000000059999
 31
0.0
  0
LINE
  5
87A
330
2AF
100
AcDbEntity
  8
03___PRT_ALL_CURVES
  6
Continuous
 62
     4
100
AcDbLine
 10
1.491473397540005
 20
31.62694408914001
 30
0.0
 11
1.881105031280015
 21
31.59542976558001
 31
0.0
  0
LINE
  5
87B
330
2AF
100
AcDbEntity
  8
03___PRT_ALL_CURVES
  6
Continuous
 62
     4
100
AcDbLine
 10
1.490995966440011
 20
35.12694408938
 30
0.0
 11
1.88062760018002
 21
35.09542976581997
 31
0.0
  0
LINE
  5
87C
330
2AF
100
AcDbEntity
  8
03___PRT_ALL_CURVES
  6
Continuous
 62
     4
100
AcDbLine
 10
20.89099595986005
 20
31.71098222687999
 30
0.0
 11
21.25866308584
 21
31.64508869597998
 31
0.0
  0
LINE
  5
87D
330
2AF
100
AcDbEntity
  8
0
  6
Continuous
 62
     7
100
AcDbLine
 10
17.74999999904003
 20
23.79956969565998
 30
0.0
 11
17.25000000082002
 21
24.10000000412001
 31
0.0
  0
LINE
  5
87E
330
2AF
100
AcDbEntity
  8
0
  6
Continuous
 62
     7
100
AcDbLine
 10
16.65014920408001
 20
25.14200899452001
 30
0.0
 11
17.05291979808001
 21
24.90000000431999
 31
0.0
  0
LINE
  5
87F
330
2AF
100
AcDbEntity
  8
0
  6
Continuous
 62
     7
100
AcDbLine
 10
17.74999999904003
 20
27.29956969589998
 30
0.0
 11
17.25000000082002
 21
27.60000000435997
 31
0.0
  0
LINE
  5
880
330
2AF
100
AcDbEntity
  8
0
  6
Continuous
 62
     7
100
AcDbLine
 10
16.65014920408001
 20
28.64200899221998
 30
0.0
 11
17.05291979808001
 21
28.40000000456001
 31
0.0
  0
LINE
  5
881
330
2AF
100
AcDbEntity
  8
0
  6
Continuous
 62
     2
100
AcDbLine
 10
6.16050154486004
 20
91.79999999882003
 30
0.0
 11
6.260501545520015
 21
91.89999999948
 31
0.0
  0
LINE
  5
882
330
2AF
100
AcDbEntity
  8
0
  6
Continuous
 62
     2
100
AcDbLine
 10
31.26050154542003
 20
116.89999999938
 30
0.0
 11
31.36050154608003
 21
117.00000000004
 31
0.0
  0
LINE
  5
883
330
2AF
100
AcDbEntity
  8
03___PRT_ALL_CURVES
  6
Continuous
 62
     4
100
AcDbLine
 10
22.92796733168001
 20
38.68710776660001
 30
0.0
 11
23.31473402575998
 21
38.73485677193997
 31
0.0
  0
LINE
  5
884
330
2AF
100
AcDbEntity
  8
0
  6
Continuous
 62
     7
100
AcDbLine
 10
16.65014920408001
 20
34.20000000473999
 30
0.0
 11
15.84999999920001
 21
34.20000000473999
 31
0.0
  0
LINE
  5
885
330
2AF
100
AcDbEntity
  8
0
  6
Continuous
 62
     7
100
AcDbLine
 10
17.99999999942003
 20
34.29956969637999
 30
0.0
 11
17.74999999904003
 21
34.29956969637999
 31
0.0
  0
LINE
  5
886
330
2AF
100
AcDbEntity
  8
03___PRT_ALL_CURVES
  6
Continuous
 62
     4
100
AcDbLine
 10
22.02837662388004
 20
34.46705321460001
 30
0.0
 11
21.42100958614
 21
34.46705321460001
 31
0.0
  0
LINE
  5
887
330
2AF
100
AcDbEntity
  8
03___PRT_ALL_CURVES
  6
Continuous
 62
     4
100
AcDbLine
 10
2.629331609499985
 20
34.46705321460001
 30
0.0
 11
2.021964571760009
 21
34.46705321460001
 31
0.0
  0
LINE
  5
888
330
2AF
100
AcDbEntity
  8
0
  6
Continuous
 62
     7
100
AcDbLine
 10
17.25000000082002
 20
34.60000000483998
 30
0.0
 11
17.05291979808001
 21
34.60000000483998
 31
0.0
  0
LINE
  5
889
330
2AF
100
AcDbEntity
  8
0
  6
Continuous
 62
     7
100
AcDbLine
 10
14.14999899992006
 20
34.60000000738
 30
0.0
 11
13.34999964234004
 21
34.60000000738
 31
0.0
  0
LINE
  5
88A
330
2AF
100
AcDbEntity
  8
0
  6
Continuous
 62
     7
100
AcDbLine
 10
11.64999999942
 20
34.60000000738
 30
0.0
 11
10.84999999921999
 21
34.60000000738
 31
0.0
  0
LINE
  5
88B
330
2AF
100
AcDbEntity
  8
03___PRT_ALL_CURVES
  6
Continuous
 62
     4
100
AcDbLine
 10
2.802182861460039
 20
35.22148705752002
 30
0.0
 11
3.493588039480017
 21
35.22148705752002
 31
0.0
  0
LINE
  5
88C
330
2AF
100
AcDbEntity
  8
0
  6
Continuous
 62
     7
100
AcDbLine
 10
10.84999999921999
 20
35.40000000757999
 30
0.0
 11
11.64999999942
 21
35.40000000757999
 31
0.0
  0
LINE
  5
88D
330
2AF
100
AcDbEntity
  8
0
  6
Continuous
 62
     7
100
AcDbLine
 10
13.34999964234004
 20
35.40000000757999
 30
0.0
 11
14.14999899992006
 21
35.40000000757999
 31
0.0
  0
LINE
  5
88E
330
2AF
100
AcDbEntity
  8
0
  6
Continuous
 62
     7
100
AcDbLine
 10
17.05291979808001
 20
35.40000000504
 30
0.0
 11
17.25000000082002
 21
35.40000000504
 31
0.0
  0
LINE
  5
88F
330
2AF
100
AcDbEntity
  8
03___PRT_ALL_CURVES
  6
Continuous
 62
     4
100
AcDbLine
 10
3.937653610580014
 20
35.54999999968001
 30
0.0
 11
2.802182861460039
 21
35.54999999968001
 31
0.0
  0
LINE
  5
890
330
2AF
100
AcDbEntity
  8
0
  6
Continuous
 62
     7
100
AcDbLine
 10
17.74999999904003
 20
35.70043031604001
 30
0.0
 11
17.99999999942003
 21
35.70043031604001
 31
0.0
  0
LINE
  5
891
330
2AF
100
AcDbEntity
  8
0
  6
Continuous
 62
     7
100
AcDbLine
 10
15.84999999920001
 20
35.80000000514002
 30
0.0
 11
16.65014920408001
 21
35.80000000514002
 31
0.0
  0
LINE
  5
892
330
2AF
100
AcDbEntity
  8
0
  6
Continuous
 62
     7
100
AcDbLine
 10
14.74999997923999
 20
36.00000000645997
 30
0.0
 11
12.74999997874002
 21
36.00000000645997
 31
0.0
  0
LINE
  5
893
330
2AF
100
AcDbEntity
  8
0
  6
Continuous
 62
     7
100
AcDbLine
 10
12.24999998052002
 20
36.00000000645997
 30
0.0
 11
10.24999998001999
 21
36.00000000645997
 31
0.0
  0
LINE
  5
894
330
2AF
100
AcDbEntity
  8
0
  6
Continuous
 62
     7
100
AcDbLine
 10
8.949997718460025
 20
36.4749995162
 30
0.0
 11
9.70151803660002
 21
36.4749995162
 31
0.0
  0
LINE
  5
895
330
2AF
100
AcDbEntity
  8
0
  6
Continuous
 62
     7
100
AcDbLine
 10
12.02499979298003
 20
36.57500000708001
 30
0.0
 11
8.200000000780022
 21
36.57500000708001
 31
0.0
  0
LINE
  5
896
330
2AF
100
AcDbEntity
  8
03___PRT_ALL_CURVES
  6
Continuous
 62
     4
100
AcDbLine
 10
1.200000000300008
 20
36.74999999997996
 30
0.0
 11
4.199999999780005
 21
36.74999999997996
 31
0.0
  0
LINE
  5
897
330
2AF
100
AcDbEntity
  8
03___PRT_ALL_CURVES
  6
Continuous
 62
     4
100
AcDbLine
 10
20.59999999879997
 20
36.74999999997996
 30
0.0
 11
23.60000000082002
 21
36.74999999997996
 31
0.0
  0
LINE
  5
898
330
2AF
100
AcDbEntity
  8
0
  6
Continuous
 62
     7
100
AcDbLine
 10
8.200000000780022
 20
36.92500000812001
 30
0.0
 11
12.02499979298003
 21
36.92500000812001
 31
0.0
  0
LINE
  5
899
330
2AF
100
AcDbEntity
  8
0
  6
Continuous
 62
     7
100
AcDbLine
 10
9.701517960399997
 20
37.02499942966
 30
0.0
 11
8.949997718460025
 21
37.02499942966
 31
0.0
  0
LINE
  5
89A
330
2AF
100
AcDbEntity
  8
0
  6
Continuous
 62
     7
100
AcDbLine
 10
14.74999997923999
 20
37.5000000062
 30
0.0
 11
12.74999997874002
 21
37.5000000062
 31
0.0
  0
LINE
  5
89B
330
2AF
100
AcDbEntity
  8
0
  6
Continuous
 62
     7
100
AcDbLine
 10
12.24999998052002
 20
37.5000000062
 30
0.0
 11
10.24999998001999
 21
37.5000000062
 31
0.0
  0
LINE
  5
89C
330
2AF
100
AcDbEntity
  8
03___PRT_ALL_CURVES
  6
Continuous
 62
     4
100
AcDbLine
 10
1.45948162256002
 20
37.65000000084001
 30
0.0
 11
2.626466652060003
 21
37.65000000084001
 31
0.0
  0
LINE
  5
89D
330
2AF
100
AcDbEntity
  8
03___PRT_ALL_CURVES
  6
Continuous
 62
     4
100
AcDbLine
 10
20.85566168204002
 20
37.65000000084001
 30
0.0
 11
22.02264670900001
 21
37.65000000084001
 31
0.0
  0
LINE
  5
89E
330
2AF
100
AcDbEntity
  8
0
  6
Continuous
 62
     7
100
AcDbLine
 10
16.65014920408001
 20
37.70000000497996
 30
0.0
 11
15.84999999920001
 21
37.70000000497996
 31
0.0
  0
LINE
  5
89F
330
2AF
100
AcDbEntity
  8
0
  6
Continuous
 62
     7
100
AcDbLine
 10
17.99999999942003
 20
37.79956969661998
 30
0.0
 11
17.74999999904003
 21
37.79956969661998
 31
0.0
  0
LINE
  5
8A0
330
2AF
100
AcDbEntity
  8
03___PRT_ALL_CURVES
  6
Continuous
 62
     4
100
AcDbLine
 10
22.02264670900001
 20
37.96705321229999
 30
0.0
 11
21.41527967125998
 21
37.96705321229999
 31
0.0
  0
LINE
  5
8A1
330
2AF
100
AcDbEntity
  8
03___PRT_ALL_CURVES
  6
Continuous
 62
     4
100
AcDbLine
 10
2.626466652060003
 20
37.96705321229999
 30
0.0
 11
2.019099614320027
 21
37.96705321229999
 31
0.0
  0
LINE
  5
8A2
330
2AF
100
AcDbEntity
  8
0
  6
Continuous
 62
     7
100
AcDbLine
 10
17.25000000082002
 20
38.10000000508001
 30
0.0
 11
17.05291979808001
 21
38.10000000508001
 31
0.0
  0
LINE
  5
8A3
330
2AF
100
AcDbEntity
  8
0
  6
Continuous
 62
     7
100
AcDbLine
 10
14.14999899992006
 20
38.10000000762
 30
0.0
 11
13.34999964234004
 21
38.10000000762
 31
0.0
  0
LINE
  5
8A4
330
2AF
100
AcDbEntity
  8
0
  6
Continuous
 62
     7
100
AcDbLine
 10
11.64999999942
 20
38.10000000762
 30
0.0
 11
10.84999999921999
 21
38.10000000762
 31
0.0
  0
LINE
  5
8A5
330
2AF
100
AcDbEntity
  8
03___PRT_ALL_CURVES
  6
Continuous
 62
     4
100
AcDbLine
 10
20.89004098082003
 20
35.12694408938
 30
0.0
 11
21.27967261456004
 21
35.09542976581997
 31
0.0
  0
LINE
  5
8A6
330
2AF
100
AcDbEntity
  8
03___PRT_ALL_CURVES
  6
Continuous
 62
     4
100
AcDbLine
 10
1.488131009000028
 20
38.62694408962003
 30
0.0
 11
1.877762642739981
 21
38.59542976606002
 31
0.0
  0
LINE
  5
8A7
330
2AF
100
AcDbEntity
  8
03___PRT_ALL_CURVES
  6
Continuous
 62
     4
100
AcDbLine
 10
2.827012296180015
 20
38.29747614301999
 30
0.0
 11
3.15839020848
 21
38.24972713514001
 31
0.0
  0
LINE
  5
8A8
330
2AF
100
AcDbEntity
  8
0
  6
Continuous
 62
     7
100
AcDbLine
 10
17.74999999904003
 20
30.79956969614
 30
0.0
 11
17.25000000082002
 21
31.10000000460002
 31
0.0
  0
LINE
  5
8A9
330
2AF
100
AcDbEntity
  8
0
  6
Continuous
 62
     7
100
AcDbLine
 10
16.65014920408001
 20
32.14200899245998
 30
0.0
 11
17.05291979808001
 21
31.90000000480001
 31
0.0
  0
LINE
  5
8AA
330
2AF
100
AcDbEntity
  8
03___PRT_ALL_CURVES
  6
Continuous
 62
     4
100
AcDbLine
 10
3.169849916320032
 20
38.05586630619999
 30
0.0
 11
2.776398404519995
 21
38.01289223416001
 31
0.0
  0
LINE
  5
8AB
330
2AF
100
AcDbEntity
  8
03___PRT_ALL_CURVES
  6
Continuous
 62
     4
100
AcDbLine
 10
3.248158283960009
 20
38.73963166459998
 30
0.0
 11
3.87366993108003
 21
38.73963166459998
 31
0.0
  0
LINE
  5
8AC
330
2AF
100
AcDbEntity
  8
0
  6
Continuous
 62
     7
100
AcDbLine
 10
10.84999999921999
 20
38.90000000782001
 30
0.0
 11
11.64999999942
 21
38.90000000782001
 31
0.0
  0
LINE
  5
8AD
330
2AF
100
AcDbEntity
  8
0
  6
Continuous
 62
     7
100
AcDbLine
 10
13.34999964234004
 20
38.90000000782001
 30
0.0
 11
14.14999899992006
 21
38.90000000782001
 31
0.0
  0
LINE
  5
8AE
330
2AF
100
AcDbEntity
  8
0
  6
Continuous
 62
     7
100
AcDbLine
 10
17.05291979808001
 20
38.90000000528002
 30
0.0
 11
17.25000000082002
 21
38.90000000528002
 31
0.0
  0
LINE
  5
8AF
330
2AF
100
AcDbEntity
  8
03___PRT_ALL_CURVES
  6
Continuous
 62
     4
100
AcDbLine
 10
3.87366993108003
 20
39.04999999991998
 30
0.0
 11
2.950204704100003
 21
39.04999999991998
 31
0.0
  0
LINE
  5
8B0
330
2AF
100
AcDbEntity
  8
0
  6
Continuous
 62
     7
100
AcDbLine
 10
17.74999999904003
 20
39.20043031374001
 30
0.0
 11
17.99999999942003
 21
39.20043031374001
 31
0.0
  0
LINE
  5
8B1
330
2AF
100
AcDbEntity
  8
0
  6
Continuous
 62
     7
100
AcDbLine
 10
15.84999999920001
 20
39.30000000537999
 30
0.0
 11
16.65014920408001
 21
39.30000000537999
 31
0.0
  0
LINE
  5
8B2
330
2AF
100
AcDbEntity
  8
0
  6
Continuous
 62
     7
100
AcDbLine
 10
14.74999997923999
 20
39.50000000670002
 30
0.0
 11
12.74999997874002
 21
39.50000000670002
 31
0.0
  0
LINE
  5
8B3
330
2AF
100
AcDbEntity
  8
0
  6
Continuous
 62
     7
100
AcDbLine
 10
12.24999998052002
 20
39.50000000670002
 30
0.0
 11
10.24999998001999
 21
39.50000000670002
 31
0.0
  0
LINE
  5
8B4
330
2AF
100
AcDbEntity
  8
0
  6
Continuous
 62
     7
100
AcDbLine
 10
8.949997718460025
 20
39.97499951643996
 30
0.0
 11
9.701517960399997
 21
39.97499951643996
 31
0.0
  0
LINE
  5
8B5
330
2AF
100
AcDbEntity
  8
0
  6
Continuous
 62
     7
100
AcDbLine
 10
12.02499979298003
 20
40.07500000732
 30
0.0
 11
8.200000000780022
 21
40.07500000732
 31
0.0
  0
LINE
  5
8B6
330
2AF
100
AcDbEntity
  8
03___PRT_ALL_CURVES
  6
Continuous
 62
     4
100
AcDbLine
 10
1.200000000300008
 20
40.25000000022001
 30
0.0
 11
4.199999999780005
 21
40.25000000022001
 31
0.0
  0
LINE
  5
8B7
330
2AF
100
AcDbEntity
  8
03___PRT_ALL_CURVES
  6
Continuous
 62
     4
100
AcDbLine
 10
20.59999999879997
 20
40.25000000022001
 30
0.0
 11
23.60000000082002
 21
40.25000000022001
 31
0.0
  0
LINE
  5
8B8
330
2AF
100
AcDbEntity
  8
0
  6
Continuous
 62
     7
100
AcDbLine
 10
8.200000000780022
 20
40.42500000835997
 30
0.0
 11
12.02499979298003
 21
40.42500000835997
 31
0.0
  0
LINE
  5
8B9
330
2AF
100
AcDbEntity
  8
0
  6
Continuous
 62
     7
100
AcDbLine
 10
9.701517884200001
 20
40.52499942989999
 30
0.0
 11
8.949997718460025
 21
40.52499942989999
 31
0.0
  0
LINE
  5
8BA
330
2AF
100
AcDbEntity
  8
0
  6
Continuous
 62
     7
100
AcDbLine
 10
14.74999997923999
 20
41.00000000643996
 30
0.0
 11
12.74999997874002
 21
41.00000000643996
 31
0.0
  0
LINE
  5
8BB
330
2AF
100
AcDbEntity
  8
0
  6
Continuous
 62
     7
100
AcDbLine
 10
12.24999998052002
 20
41.00000000643996
 30
0.0
 11
10.24999998001999
 21
41.00000000643996
 31
0.0
  0
LINE
  5
8BC
330
2AF
100
AcDbEntity
  8
03___PRT_ALL_CURVES
  6
Continuous
 62
     4
100
AcDbLine
 10
1.460914042860054
 20
41.14999999854001
 30
0.0
 11
2.627899072360037
 21
41.14999999854001
 31
0.0
  0
LINE
  5
8BD
330
2AF
100
AcDbEntity
  8
03___PRT_ALL_CURVES
  6
Continuous
 62
     4
100
AcDbLine
 10
20.84181444786003
 20
41.14999999854001
 30
0.0
 11
22.00879947736001
 21
41.14999999854001
 31
0.0
  0
LINE
  5
8BE
330
2AF
100
AcDbEntity
  8
03___PRT_ALL_CURVES
  6
Continuous
 62
     4
100
AcDbLine
 10
22.84345159265999
 20
41.14999999854001
 30
0.0
 11
23.18246936521999
 21
41.14999999854001
 31
0.0
  0
LINE
  5
8BF
330
2AF
100
AcDbEntity
  8
0
  6
Continuous
 62
     7
100
AcDbLine
 10
16.65014920408001
 20
41.20000000521998
 30
0.0
 11
15.84999999920001
 21
41.20000000521998
 31
0.0
  0
LINE
  5
8C0
330
2AF
100
AcDbEntity
  8
0
  6
Continuous
 62
     7
100
AcDbLine
 10
17.99999999942003
 20
41.29956969686
 30
0.0
 11
17.74999999904003
 21
41.29956969686
 31
0.0
  0
LINE
  5
8C1
330
2AF
100
AcDbEntity
  8
03___PRT_ALL_CURVES
  6
Continuous
 62
     4
100
AcDbLine
 10
22.13485676906001
 20
41.41166438758
 30
0.0
 11
22.84345159265999
 21
41.41166438758
 31
0.0
  0
LINE
  5
8C2
330
2AF
100
AcDbEntity
  8
03___PRT_ALL_CURVES
  6
Continuous
 62
     4
100
AcDbLine
 10
23.18246936521999
 20
41.41166438758
 30
0.0
 11
23.35818550350001
 21
41.41166438758
 31
0.0
  0
LINE
  5
8C3
330
2AF
100
AcDbEntity
  8
03___PRT_ALL_CURVES
  6
Continuous
 62
     4
100
AcDbLine
 10
22.00879947736001
 20
41.46705321254001
 30
0.0
 11
21.40143243962004
 21
41.46705321254001
 31
0.0
  0
LINE
  5
8C4
330
2AF
100
AcDbEntity
  8
03___PRT_ALL_CURVES
  6
Continuous
 62
     4
100
AcDbLine
 10
2.627899072360037
 20
41.46705321254001
 30
0.0
 11
2.020532032080013
 21
41.46705321254001
 31
0.0
  0
LINE
  5
8C5
330
2AF
100
AcDbEntity
  8
0
  6
Continuous
 62
     7
100
AcDbLine
 10
17.25000000082002
 20
41.60000000532
 30
0.0
 11
17.05291979808001
 21
41.60000000532
 31
0.0
  0
LINE
  5
8C6
330
2AF
100
AcDbEntity
  8
0
  6
Continuous
 62
     7
100
AcDbLine
 10
14.14999899992006
 20
41.60000000785999
 30
0.0
 11
13.34999964234004
 21
41.60000000785999
 31
0.0
  0
LINE
  5
8C7
330
2AF
100
AcDbEntity
  8
0
  6
Continuous
 62
     7
100
AcDbLine
 10
11.64999999942
 20
41.60000000785999
 30
0.0
 11
10.84999999921999
 21
41.60000000785999
 31
0.0
  0
LINE
  5
8C8
330
2AF
100
AcDbEntity
  8
03___PRT_ALL_CURVES
  6
Continuous
 62
     4
100
AcDbLine
 10
23.35818550350001
 20
41.71343792170001
 30
0.0
 11
23.18246936521999
 21
41.71343792170001
 31
0.0
  0
LINE
  5
8C9
330
2AF
100
AcDbEntity
  8
03___PRT_ALL_CURVES
  6
Continuous
 62
     4
100
AcDbLine
 10
22.84345159265999
 20
41.71343792170001
 30
0.0
 11
22.46814460388001
 21
41.71343792170001
 31
0.0
  0
LINE
  5
8CA
330
2AF
100
AcDbEntity
  8
0
  6
Continuous
 62
     7
100
AcDbLine
 10
10.84999999921999
 20
42.40000000806
 30
0.0
 11
11.64999999942
 21
42.40000000806
 31
0.0
  0
LINE
  5
8CB
330
2AF
100
AcDbEntity
  8
0
  6
Continuous
 62
     7
100
AcDbLine
 10
13.34999964234004
 20
42.40000000806
 30
0.0
 11
14.14999899992006
 21
42.40000000806
 31
0.0
  0
LINE
  5
8CC
330
2AF
100
AcDbEntity
  8
0
  6
Continuous
 62
     7
100
AcDbLine
 10
17.05291979808001
 20
42.40000000552001
 30
0.0
 11
17.25000000082002
 21
42.40000000552001
 31
0.0
  0
LINE
  5
8CD
330
2AF
100
AcDbEntity
  8
03___PRT_ALL_CURVES
  6
Continuous
 62
     4
100
AcDbLine
 10
23.18246936521999
 20
42.57387454473999
 30
0.0
 11
22.84345159265999
 21
42.57387454473999
 31
0.0
  0
LINE
  5
8CE
330
2AF
100
AcDbEntity
  8
0
  6
Continuous
 62
     7
100
AcDbLine
 10
17.74999999904003
 20
42.70043031397998
 30
0.0
 11
17.99999999942003
 21
42.70043031397998
 31
0.0
  0
LINE
  5
8CF
330
2AF
100
AcDbEntity
  8
0
  6
Continuous
 62
     7
100
AcDbLine
 10
15.84999999920001
 20
42.80000000562001
 30
0.0
 11
16.65014920408001
 21
42.80000000562001
 31
0.0
  0
LINE
  5
8D0
330
2AF
100
AcDbEntity
  8
0
  6
Continuous
 62
     7
100
AcDbLine
 10
14.74999997923999
 20
43.00000000693996
 30
0.0
 11
12.74999997874002
 21
43.00000000693996
 31
0.0
  0
LINE
  5
8D1
330
2AF
100
AcDbEntity
  8
0
  6
Continuous
 62
     7
100
AcDbLine
 10
12.24999998052002
 20
43.00000000693996
 30
0.0
 11
10.24999998001999
 21
43.00000000693996
 31
0.0
  0
LINE
  5
8D2
330
2AF
100
AcDbEntity
  8
03___PRT_ALL_CURVES
  6
Continuous
 62
     4
100
AcDbLine
 10
20.88431106594001
 20
38.62694408962003
 30
0.0
 11
21.27394269967999
 21
38.59542976606002
 31
0.0
  0
LINE
  5
8D3
330
2AF
100
AcDbEntity
  8
03___PRT_ALL_CURVES
  6
Continuous
 62
     4
100
AcDbLine
 10
1.489563426760014
 20
42.12694408985999
 30
0.0
 11
1.879195060500024
 21
42.09542976629999
 31
0.0
  0
LINE
  5
8D4
330
2AF
100
AcDbEntity
  8
03___PRT_ALL_CURVES
  6
Continuous
 62
     4
100
AcDbLine
 10
20.87046383429998
 20
42.12694408985999
 30
0.0
 11
21.26009546803999
 21
42.09542976629999
 31
0.0
  0
LINE
  5
8D5
330
2AF
100
AcDbEntity
  8
03___PRT_ALL_CURVES
  6
Continuous
 62
     4
100
AcDbLine
 10
2.803615291920011
 20
42.21098222760003
 30
0.0
 11
3.171282336619981
 21
42.14508869670001
 31
0.0
  0
LINE
  5
8D6
330
2AF
100
AcDbEntity
  8
0
  6
Continuous
 62
     7
100
AcDbLine
 10
17.74999999904003
 20
34.29956969637999
 30
0.0
 11
17.25000000082002
 21
34.60000000483998
 31
0.0
  0
LINE
  5
8D7
330
2AF
100
AcDbEntity
  8
0
  6
Continuous
 62
     7
100
AcDbLine
 10
16.65014920408001
 20
35.6420089927
 30
0.0
 11
17.05291979808001
 21
35.40000000504
 31
0.0
  0
LINE
  5
8D8
330
2AF
100
AcDbEntity
  8
0
  6
Continuous
 62
     7
100
AcDbLine
 10
17.74999999904003
 20
37.79956969661998
 30
0.0
 11
17.25000000082002
 21
38.10000000508001
 31
0.0
  0
LINE
  5
8D9
330
2AF
100
AcDbEntity
  8
0
  6
Continuous
 62
     7
100
AcDbLine
 10
16.65014920408001
 20
39.14200899293999
 30
0.0
 11
17.05291979808001
 21
38.90000000528002
 31
0.0
  0
LINE
  5
8DA
330
2AF
100
AcDbEntity
  8
0
  6
Continuous
 62
     7
100
AcDbLine
 10
-0.2500000003799698
 20
5.999999998959993
 30
0.0
 11
-0.2500000003799698
 21
124.00000000052
 31
0.0
  0
LINE
  5
8DB
330
2AF
100
AcDbEntity
  8
03___PRT_ALL_CURVES
  6
Continuous
 62
     4
100
AcDbLine
 10
3.171282336619981
 20
41.57114598631998
 30
0.0
 11
2.78260571748001
 21
41.51957709275999
 31
0.0
  0
LINE
  5
8DC
330
2AF
100
AcDbEntity
  8
0
  6
Continuous
 62
     7
100
AcDbLine
 10
8.949997718460025
 20
43.47499951667999
 30
0.0
 11
9.701517884200001
 21
43.47499951667999
 31
0.0
  0
LINE
  5
8DD
330
2AF
100
AcDbEntity
  8
0
  6
Continuous
 62
     7
100
AcDbLine
 10
12.02499979298003
 20
43.57500000755999
 30
0.0
 11
8.200000000780022
 21
43.57500000755999
 31
0.0
  0
LINE
  5
8DE
330
2AF
100
AcDbEntity
  8
03___PRT_ALL_CURVES
  6
Continuous
 62
     4
100
AcDbLine
 10
1.200000000300008
 20
43.75000000045998
 30
0.0
 11
4.199999999780005
 21
43.75000000045998
 31
0.0
  0
LINE
  5
8DF
330
2AF
100
AcDbEntity
  8
03___PRT_ALL_CURVES
  6
Continuous
 62
     4
100
AcDbLine
 10
20.59999999879997
 20
43.75000000045998
 30
0.0
 11
23.60000000082002
 21
43.75000000045998
 31
0.0
  0
LINE
  5
8E0
330
2AF
100
AcDbEntity
  8
0
  6
Continuous
 62
     7
100
AcDbLine
 10
8.200000000780022
 20
43.92500000860002
 30
0.0
 11
12.02499979298003
 21
43.92500000860002
 31
0.0
  0
LINE
  5
8E1
330
2AF
100
AcDbEntity
  8
0
  6
Continuous
 62
     7
100
AcDbLine
 10
9.701517808000034
 20
44.02499943014001
 30
0.0
 11
8.949997718460025
 21
44.02499943014001
 31
0.0
  0
LINE
  5
8E2
330
2AF
100
AcDbEntity
  8
0
  6
Continuous
 62
     7
100
AcDbLine
 10
14.74999997923999
 20
44.50000000668001
 30
0.0
 11
12.74999997874002
 21
44.50000000668001
 31
0.0
  0
LINE
  5
8E3
330
2AF
100
AcDbEntity
  8
0
  6
Continuous
 62
     7
100
AcDbLine
 10
12.24999998052002
 20
44.50000000668001
 30
0.0
 11
10.24999998001999
 21
44.50000000668001
 31
0.0
  0
LINE
  5
8E4
330
2AF
100
AcDbEntity
  8
03___PRT_ALL_CURVES
  6
Continuous
 62
     4
100
AcDbLine
 10
1.592701224040013
 20
44.64999999878
 30
0.0
 11
2.759686251000005
 21
44.64999999878
 31
0.0
  0
LINE
  5
8E5
330
2AF
100
AcDbEntity
  8
03___PRT_ALL_CURVES
  6
Continuous
 62
     4
100
AcDbLine
 10
3.413847251540005
 20
44.64999999878
 30
0.0
 11
3.807298847160013
 21
44.64999999878
 31
0.0
  0
LINE
  5
8E6
330
2AF
100
AcDbEntity
  8
03___PRT_ALL_CURVES
  6
Continuous
 62
     4
100
AcDbLine
 10
20.86425643244004
 20
44.64999999878
 30
0.0
 11
22.03124146194003
 21
44.64999999878
 31
0.0
  0
LINE
  5
8E7
330
2AF
100
AcDbEntity
  8
03___PRT_ALL_CURVES
  6
Continuous
 62
     4
100
AcDbLine
 10
22.16875846148
 20
44.64999999878
 30
0.0
 11
23.33574344779998
 21
44.64999999878
 31
0.0
  0
LINE
  5
8E8
330
2AF
100
AcDbEntity
  8
0
  6
Continuous
 62
     7
100
AcDbLine
 10
16.65014920408001
 20
44.70000000545997
 30
0.0
 11
15.84999999920001
 21
44.70000000545997
 31
0.0
  0
LINE
  5
8E9
330
2AF
100
AcDbEntity
  8
0
  6
Continuous
 62
     7
100
AcDbLine
 10
17.99999999942003
 20
44.7995696971
 30
0.0
 11
17.74999999904003
 21
44.7995696971
 31
0.0
  0
LINE
  5
8EA
330
2AF
100
AcDbEntity
  8
03___PRT_ALL_CURVES
  6
Continuous
 62
     4
100
AcDbLine
 10
23.33574344779998
 20
44.96705321277997
 30
0.0
 11
22.72837641006001
 21
44.96705321277997
 31
0.0
  0
LINE
  5
8EB
330
2AF
100
AcDbEntity
  8
03___PRT_ALL_CURVES
  6
Continuous
 62
     4
100
AcDbLine
 10
22.03124146194003
 20
44.96705321277997
 30
0.0
 11
21.42387442166
 21
44.96705321277997
 31
0.0
  0
LINE
  5
8EC
330
2AF
100
AcDbEntity
  8
03___PRT_ALL_CURVES
  6
Continuous
 62
     4
100
AcDbLine
 10
2.759686251000005
 20
44.96705321277997
 30
0.0
 11
2.152319213260029
 21
44.96705321277997
 31
0.0
  0
LINE
  5
8ED
330
2AF
100
AcDbEntity
  8
0
  6
Continuous
 62
     7
100
AcDbLine
 10
17.25000000082002
 20
45.10000000556002
 30
0.0
 11
17.05291979808001
 21
45.10000000556002
 31
0.0
  0
LINE
  5
8EE
330
2AF
100
AcDbEntity
  8
0
  6
Continuous
 62
     7
100
AcDbLine
 10
14.14999899992006
 20
45.10000000810001
 30
0.0
 11
13.34999964234004
 21
45.10000000810001
 31
0.0
  0
LINE
  5
8EF
330
2AF
100
AcDbEntity
  8
0
  6
Continuous
 62
     7
100
AcDbLine
 10
11.64999999942
 20
45.10000000810001
 30
0.0
 11
10.84999999921999
 21
45.10000000810001
 31
0.0
  0
LINE
  5
8F0
330
2AF
100
AcDbEntity
  8
0
  6
Continuous
 62
     7
100
AcDbLine
 10
10.84999999921999
 20
45.90000000829997
 30
0.0
 11
11.64999999942
 21
45.90000000829997
 31
0.0
  0
LINE
  5
8F1
330
2AF
100
AcDbEntity
  8
0
  6
Continuous
 62
     7
100
AcDbLine
 10
13.34999964234004
 20
45.90000000829997
 30
0.0
 11
14.14999899992006
 21
45.90000000829997
 31
0.0
  0
LINE
  5
8F2
330
2AF
100
AcDbEntity
  8
0
  6
Continuous
 62
     7
100
AcDbLine
 10
17.05291979808001
 20
45.90000000575998
 30
0.0
 11
17.25000000082002
 21
45.90000000575998
 31
0.0
  0
LINE
  5
8F3
330
2AF
100
AcDbEntity
  8
03___PRT_ALL_CURVES
  6
Continuous
 62
     4
100
AcDbLine
 10
3.807298847160013
 20
46.07387454497999
 30
0.0
 11
3.485470720180018
 21
46.07387454497999
 31
0.0
  0
LINE
  5
8F4
330
2AF
100
AcDbEntity
  8
0
  6
Continuous
 62
     7
100
AcDbLine
 10
17.74999999904003
 20
46.20043031421997
 30
0.0
 11
17.99999999942003
 21
46.20043031421997
 31
0.0
  0
LINE
  5
8F5
330
2AF
100
AcDbEntity
  8
0
  6
Continuous
 62
     7
100
AcDbLine
 10
15.84999999920001
 20
46.30000000586
 30
0.0
 11
16.65014920408001
 21
46.30000000586
 31
0.0
  0
LINE
  5
8F6
330
2AF
100
AcDbEntity
  8
0
  6
Continuous
 62
     7
100
AcDbLine
 10
14.74999997923999
 20
46.50000000717998
 30
0.0
 11
12.74999997874002
 21
46.50000000717998
 31
0.0
  0
LINE
  5
8F7
330
2AF
100
AcDbEntity
  8
0
  6
Continuous
 62
     7
100
AcDbLine
 10
12.24999998052002
 20
46.50000000717998
 30
0.0
 11
10.24999998001999
 21
46.50000000717998
 31
0.0
  0
LINE
  5
8F8
330
2AF
100
AcDbEntity
  8
0
  6
Continuous
 62
     7
100
AcDbLine
 10
8.949997718460025
 20
46.97499951691998
 30
0.0
 11
9.701517808000034
 21
46.97499951691998
 31
0.0
  0
LINE
  5
8F9
330
2AF
100
AcDbEntity
  8
0
  6
Continuous
 62
     7
100
AcDbLine
 10
12.02499979298003
 20
47.07500000779996
 30
0.0
 11
8.200000000780022
 21
47.07500000779996
 31
0.0
  0
LINE
  5
8FA
330
2AF
100
AcDbEntity
  8
03___PRT_ALL_CURVES
  6
Continuous
 62
     4
100
AcDbLine
 10
1.200000000300008
 20
47.25000000069997
 30
0.0
 11
4.199999999780005
 21
47.25000000069997
 31
0.0
  0
LINE
  5
8FB
330
2AF
100
AcDbEntity
  8
03___PRT_ALL_CURVES
  6
Continuous
 62
     4
100
AcDbLine
 10
20.59999999879997
 20
47.25000000069997
 30
0.0
 11
23.60000000082002
 21
47.25000000069997
 31
0.0
  0
LINE
  5
8FC
330
2AF
100
AcDbEntity
  8
0
  6
Continuous
 62
     7
100
AcDbLine
 10
8.200000000780022
 20
47.42500000629997
 30
0.0
 11
12.02499979298003
 21
47.42500000629997
 31
0.0
  0
LINE
  5
8FD
330
2AF
100
AcDbEntity
  8
0
  6
Continuous
 62
     7
100
AcDbLine
 10
9.701517731799981
 20
47.52499943037995
 30
0.0
 11
8.949997718460025
 21
47.52499943037995
 31
0.0
  0
LINE
  5
8FE
330
2AF
100
AcDbEntity
  8
03___PRT_ALL_CURVES
  6
Continuous
 62
     4
100
AcDbLine
 10
1.62135060794003
 20
45.62694408755999
 30
0.0
 11
2.010982241679983
 21
45.59542976654004
 31
0.0
  0
LINE
  5
8FF
330
2AF
100
AcDbEntity
  8
03___PRT_ALL_CURVES
  6
Continuous
 62
     4
100
AcDbLine
 10
20.89290581634
 20
45.62694408755999
 30
0.0
 11
21.28253745008001
 21
45.59542976654004
 31
0.0
  0
LINE
  5
900
330
2AF
100
AcDbEntity
  8
03___PRT_ALL_CURVES
  6
Continuous
 62
     4
100
AcDbLine
 10
22.19740789871997
 20
45.62694408755999
 30
0.0
 11
22.58703956294005
 21
45.59542976654004
 31
0.0
  0
LINE
  5
901
330
2AF
100
AcDbEntity
  8
0
  6
Continuous
 62
     7
100
AcDbLine
 10
17.74999999904003
 20
41.29956969686
 30
0.0
 11
17.25000000082002
 21
41.60000000532
 31
0.0
  0
LINE
  5
902
330
2AF
100
AcDbEntity
  8
0
  6
Continuous
 62
     7
100
AcDbLine
 10
16.65014920408001
 20
42.64200899318001
 30
0.0
 11
17.05291979808001
 21
42.40000000552001
 31
0.0
  0
LINE
  5
903
330
2AF
100
AcDbEntity
  8
0
  6
Continuous
 62
     7
100
AcDbLine
 10
0.0
 20
129.99999999948
 30
0.0
 11
0.0
 21
124.00000000052
 31
0.0
  0
LINE
  5
904
330
2AF
100
AcDbEntity
  8
0
  6
Continuous
 62
     7
100
AcDbLine
 10
0.0
 20
5.999999998959993
 30
0.0
 11
0.0
 21
0.0
 31
0.0
  0
LINE
  5
905
330
2AF
100
AcDbEntity
  8
03___PRT_ALL_CURVES
  6
Continuous
 62
     4
100
AcDbLine
 10
1.200000000300008
 20
19.24999999878
 30
0.0
 11
1.200000000300008
 21
82.25000000056
 31
0.0
  0
LINE
  5
906
330
2AF
100
AcDbEntity
  8
03___PRT_ALL_CURVES
  6
Continuous
 62
     4
100
AcDbLine
 10
1.513437961179989
 20
56.34856755663998
 30
0.0
 11
1.513437961179989
 21
56.02960439980001
 31
0.0
  0
LINE
  5
907
330
2AF
100
AcDbEntity
  8
03___PRT_ALL_CURVES
  6
Continuous
 62
     4
100
AcDbLine
 10
1.514870381480023
 20
59.84856755688
 30
0.0
 11
1.514870381480023
 21
59.52960440004
 31
0.0
  0
LINE
  5
908
330
2AF
100
AcDbEntity
  8
03___PRT_ALL_CURVES
  6
Continuous
 62
     4
100
AcDbLine
 10
1.516302918620028
 20
52.84856755639998
 30
0.0
 11
1.516302918620028
 21
52.52960439955999
 31
0.0
  0
LINE
  5
909
330
2AF
100
AcDbEntity
  8
03___PRT_ALL_CURVES
  6
Continuous
 62
     4
100
AcDbLine
 10
1.516780352260014
 20
49.19856755643997
 30
0.0
 11
1.516780352260014
 21
48.8796043996
 31
0.0
  0
LINE
  5
90A
330
2AF
100
AcDbEntity
  8
03___PRT_ALL_CURVES
  6
Continuous
 62
     4
100
AcDbLine
 10
1.646657562659982
 20
63.34856755711999
 30
0.0
 11
1.646657562659982
 21
63.02960439773997
 31
0.0
  0
LINE
  5
90B
330
2AF
100
AcDbEntity
  8
03___PRT_ALL_CURVES
  6
Continuous
 62
     4
100
AcDbLine
 10
1.922169196040045
 20
56.23301501152
 30
0.0
 11
1.922169196040045
 21
55.29999999921998
 31
0.0
  0
LINE
  5
90C
330
2AF
100
AcDbEntity
  8
03___PRT_ALL_CURVES
  6
Continuous
 62
     4
100
AcDbLine
 10
1.923601613799974
 20
59.73301501175999
 30
0.0
 11
1.923601613799974
 21
58.79999999946
 31
0.0
  0
LINE
  5
90D
330
2AF
100
AcDbEntity
  8
03___PRT_ALL_CURVES
  6
Continuous
 62
     4
100
AcDbLine
 10
1.925034153480027
 20
52.73301501127997
 30
0.0
 11
1.925034153480027
 21
51.79999999897998
 31
0.0
  0
LINE
  5
90E
330
2AF
100
AcDbEntity
  8
03___PRT_ALL_CURVES
  6
Continuous
 62
     4
100
AcDbLine
 10
1.925511587120013
 20
49.08301501131999
 30
0.0
 11
1.925511587120013
 21
48.14999999902003
 31
0.0
  0
LINE
  5
90F
330
2AF
100
AcDbEntity
  8
03___PRT_ALL_CURVES
  6
Continuous
 62
     4
100
AcDbLine
 10
2.055388794980047
 20
63.23301501200001
 30
0.0
 11
2.055388794980047
 21
62.29999999969999
 31
0.0
  0
LINE
  5
910
330
2AF
100
AcDbEntity
  8
03___PRT_ALL_CURVES
  6
Continuous
 62
     4
100
AcDbLine
 10
2.315620751019992
 20
55.29999999921998
 30
0.0
 11
2.315620751019992
 21
56.72387454541996
 31
0.0
  0
LINE
  5
911
330
2AF
100
AcDbEntity
  8
03___PRT_ALL_CURVES
  6
Continuous
 62
     4
100
AcDbLine
 10
2.317053168779978
 20
58.79999999946
 30
0.0
 11
2.317053168779978
 21
60.22387454566001
 31
0.0
  0
LINE
  5
912
330
2AF
100
AcDbEntity
  8
03___PRT_ALL_CURVES
  6
Continuous
 62
     4
100
AcDbLine
 10
2.31848570592004
 20
51.79999999897998
 30
0.0
 11
2.31848570592004
 21
53.22387454518
 31
0.0
  0
LINE
  5
913
330
2AF
100
AcDbEntity
  8
03___PRT_ALL_CURVES
  6
Continuous
 62
     4
100
AcDbLine
 10
2.318963139559997
 20
48.14999999902003
 30
0.0
 11
2.318963139559997
 21
49.57387454522001
 31
0.0
  0
LINE
  5
914
330
2AF
100
AcDbEntity
  8
03___PRT_ALL_CURVES
  6
Continuous
 62
     4
100
AcDbLine
 10
2.448840349960051
 20
62.29999999969999
 30
0.0
 11
2.448840349960051
 21
63.72387454589997
 31
0.0
  0
LINE
  5
915
330
2AF
100
AcDbEntity
  8
02___PRT_ALL_AXES
  6
Continuous
 62
     7
100
AcDbLine
 10
2.49999999872
 20
129.99999999948
 30
0.0
 11
2.49999999872
 21
124.00000000052
 31
0.0
  0
LINE
  5
916
330
2AF
100
AcDbEntity
  8
02___PRT_ALL_AXES
  6
Continuous
 62
     7
100
AcDbLine
 10
2.49999999872
 20
5.999999998959993
 30
0.0
 11
2.49999999872
 21
0.0
 31
0.0
  0
LINE
  5
917
330
2AF
100
AcDbEntity
  8
03___PRT_ALL_CURVES
  6
Continuous
 62
     4
100
AcDbLine
 10
2.626466652060003
 20
37.65000000084001
 30
0.0
 11
2.626466652060003
 21
37.96705321229999
 31
0.0
  0
LINE
  5
918
330
2AF
100
AcDbEntity
  8
03___PRT_ALL_CURVES
  6
Continuous
 62
     4
100
AcDbLine
 10
2.627899072360037
 20
41.14999999854001
 30
0.0
 11
2.627899072360037
 21
41.46705321254001
 31
0.0
  0
LINE
  5
919
330
2AF
100
AcDbEntity
  8
03___PRT_ALL_CURVES
  6
Continuous
 62
     4
100
AcDbLine
 10
2.629331609499985
 20
34.15000000059999
 30
0.0
 11
2.629331609499985
 21
34.46705321460001
 31
0.0
  0
LINE
  5
91A
330
2AF
100
AcDbEntity
  8
03___PRT_ALL_CURVES
  6
Continuous
 62
     4
100
AcDbLine
 10
2.629809043140028
 20
30.65000000036
 30
0.0
 11
2.629809043140028
 21
30.96705321435999
 31
0.0
  0
LINE
  5
91B
330
2AF
100
AcDbEntity
  8
03___PRT_ALL_CURVES
  6
Continuous
 62
     4
100
AcDbLine
 10
2.748226517760003
 20
53.2000000006
 30
0.0
 11
2.748226517760003
 21
52.87148705589999
 31
0.0
  0
LINE
  5
91C
330
2AF
100
AcDbEntity
  8
03___PRT_ALL_CURVES
  6
Continuous
 62
     4
100
AcDbLine
 10
2.759686251000005
 20
44.64999999878
 30
0.0
 11
2.759686251000005
 21
44.96705321277997
 31
0.0
  0
LINE
  5
91D
330
2AF
100
AcDbEntity
  8
03___PRT_ALL_CURVES
  6
Continuous
 62
     4
100
AcDbLine
 10
2.787858170779998
 20
70.69999999925997
 30
0.0
 11
2.787858170779998
 21
70.37148705710001
 31
0.0
  0
LINE
  5
91E
330
2AF
100
AcDbEntity
  8
03___PRT_ALL_CURVES
  6
Continuous
 62
     4
100
AcDbLine
 10
2.802182861460039
 20
35.54999999968001
 30
0.0
 11
2.802182861460039
 21
35.22148705752002
 31
0.0
  0
LINE
  5
91F
330
2AF
100
AcDbEntity
  8
03___PRT_ALL_CURVES
  6
Continuous
 62
     4
100
AcDbLine
 10
2.95115958916
 20
63.34856755711999
 30
0.0
 11
2.95115958916
 21
63.02960439773997
 31
0.0
  0
LINE
  5
920
330
2AF
100
AcDbEntity
  8
03___PRT_ALL_CURVES
  6
Continuous
 62
     4
100
AcDbLine
 10
2.990791244720015
 20
80.84856755831998
 30
0.0
 11
2.990791244720015
 21
80.52960439893997
 31
0.0
  0
LINE
  5
921
330
2AF
100
AcDbEntity
  8
03___PRT_ALL_CURVES
  6
Continuous
 62
     4
100
AcDbLine
 10
2.996521118960032
 20
28.19856755754
 30
0.0
 11
2.996521118960032
 21
27.87960439815998
 31
0.0
  0
LINE
  5
922
330
2AF
100
AcDbEntity
  8
03___PRT_ALL_CURVES
  6
Continuous
 62
     4
100
AcDbLine
 10
3.005115935400028
 20
45.6985675562
 30
0.0
 11
3.005115935400028
 21
45.37960439935998
 31
0.0
  0
LINE
  5
923
330
2AF
100
AcDbEntity
  8
03___PRT_ALL_CURVES
  6
Continuous
 62
     4
100
AcDbLine
 10
3.359890907840025
 20
63.23301501200001
 30
0.0
 11
3.359890907840025
 21
62.29999999969999
 31
0.0
  0
LINE
  5
924
330
2AF
100
AcDbEntity
  8
03___PRT_ALL_CURVES
  6
Continuous
 62
     4
100
AcDbLine
 10
3.399522560860021
 20
80.7330150132
 30
0.0
 11
3.399522560860021
 21
79.80000000089998
 31
0.0
  0
LINE
  5
925
330
2AF
100
AcDbEntity
  8
03___PRT_ALL_CURVES
  6
Continuous
 62
     4
100
AcDbLine
 10
3.40525243764003
 20
28.08301501241999
 30
0.0
 11
3.40525243764003
 21
27.15000000012
 31
0.0
  0
LINE
  5
926
330
2AF
100
AcDbEntity
  8
03___PRT_ALL_CURVES
  6
Continuous
 62
     4
100
AcDbLine
 10
3.413847251540005
 20
45.58301501362001
 30
0.0
 11
3.413847251540005
 21
44.64999999878
 31
0.0
  0
LINE
  5
927
330
2AF
100
AcDbEntity
  8
03___PRT_ALL_CURVES
  6
Continuous
 62
     4
100
AcDbLine
 10
3.753342503460033
 20
62.29999999969999
 30
0.0
 11
3.753342503460033
 21
63.72387454589997
 31
0.0
  0
LINE
  5
928
330
2AF
100
AcDbEntity
  8
03___PRT_ALL_CURVES
  6
Continuous
 62
     4
100
AcDbLine
 10
3.792974156480028
 20
79.80000000089998
 30
0.0
 11
3.792974156480028
 21
81.22387454456
 31
0.0
  0
LINE
  5
929
330
2AF
100
AcDbEntity
  8
03___PRT_ALL_CURVES
  6
Continuous
 62
     4
100
AcDbLine
 10
3.79870403325998
 20
27.15000000012
 30
0.0
 11
3.79870403325998
 21
28.57387454377999
 31
0.0
  0
LINE
  5
92A
330
2AF
100
AcDbEntity
  8
03___PRT_ALL_CURVES
  6
Continuous
 62
     4
100
AcDbLine
 10
3.807298847160013
 20
44.64999999878
 30
0.0
 11
3.807298847160013
 21
46.07387454497999
 31
0.0
  0
LINE
  5
92B
330
2AF
100
AcDbEntity
  8
03___PRT_ALL_CURVES
  6
Continuous
 62
     4
100
AcDbLine
 10
3.819713587380022
 20
56.38963166552003
 30
0.0
 11
3.819713587380022
 21
56.70000000083999
 31
0.0
  0
LINE
  5
92C
330
2AF
100
AcDbEntity
  8
03___PRT_ALL_CURVES
  6
Continuous
 62
     4
100
AcDbLine
 10
3.859345240400017
 20
73.88963166418
 30
0.0
 11
3.859345240400017
 21
74.1999999995
 31
0.0
  0
LINE
  5
92D
330
2AF
100
AcDbEntity
  8
03___PRT_ALL_CURVES
  6
Continuous
 62
     4
100
AcDbLine
 10
3.865075117180027
 20
21.23963166339996
 30
0.0
 11
3.865075117180027
 21
21.54999999872001
 31
0.0
  0
LINE
  5
92E
330
2AF
100
AcDbEntity
  8
03___PRT_ALL_CURVES
  6
Continuous
 62
     4
100
AcDbLine
 10
3.87366993108003
 20
38.73963166459998
 30
0.0
 11
3.87366993108003
 21
39.04999999991998
 31
0.0
  0
LINE
  5
92F
330
2AF
100
AcDbEntity
  8
03___PRT_ALL_CURVES
  6
Continuous
 62
     4
100
AcDbLine
 10
3.883697264340043
 20
52.93738058679997
 30
0.0
 11
3.883697264340043
 21
53.2000000006
 31
0.0
  0
LINE
  5
930
330
2AF
100
AcDbEntity
  8
03___PRT_ALL_CURVES
  6
Continuous
 62
     4
100
AcDbLine
 10
3.923328917360038
 20
70.43738058800002
 30
0.0
 11
3.923328917360038
 21
70.69999999925997
 31
0.0
  0
LINE
  5
931
330
2AF
100
AcDbEntity
  8
03___PRT_ALL_CURVES
  6
Continuous
 62
     4
100
AcDbLine
 10
3.937653610580014
 20
35.28738058842001
 30
0.0
 11
3.937653610580014
 21
35.54999999968001
 31
0.0
  0
LINE
  5
932
330
2AF
100
AcDbEntity
  8
03___PRT_ALL_CURVES
  6
Continuous
 62
     4
100
AcDbLine
 10
4.199999999780005
 20
82.25000000056
 30
0.0
 11
4.199999999780005
 21
19.24999999878
 31
0.0
  0
LINE
  5
933
330
2AF
100
AcDbEntity
  8
03___PRT_ALL_CURVES
  6
Continuous
 62
     4
100
AcDbLine
 10
3.240995948780011
 20
77.18240112129999
 30
0.0
 11
3.220941251779976
 21
76.90450202762003
 31
0.0
  0
LINE
  5
934
330
2AF
100
AcDbEntity
  8
03___PRT_ALL_CURVES
  6
Continuous
 62
     4
100
AcDbLine
 10
3.201364295760015
 20
59.6824011201
 30
0.0
 11
3.181309598759981
 21
59.40450202896
 31
0.0
  0
LINE
  5
935
330
2AF
100
AcDbEntity
  8
03___PRT_ALL_CURVES
  6
Continuous
 62
     4
100
AcDbLine
 10
3.200409263380038
 20
73.67953615091997
 30
0.0
 11
3.233833593279996
 21
73.88963166418
 31
0.0
  0
LINE
  5
936
330
2AF
100
AcDbEntity
  8
03___PRT_ALL_CURVES
  6
Continuous
 62
     4
100
AcDbLine
 10
2.935880010880027
 20
74.1999999995
 30
0.0
 11
2.812687605500031
 21
73.44747614260001
 31
0.0
  0
LINE
  5
937
330
2AF
100
AcDbEntity
  8
03___PRT_ALL_CURVES
  6
Continuous
 62
     4
100
AcDbLine
 10
2.896248357860031
 20
56.70000000083999
 30
0.0
 11
2.773055952480036
 21
55.94747614139999
 31
0.0
  0
LINE
  5
939
330
2AF
100
AcDbEntity
  8
0
  6
Continuous
 62
     2
100
AcDbLine
 10
21.96575231936001
 20
91.79999999882003
 30
0.0
 11
22.06575232002004
 21
91.89999999948
 31
0.0
  0
LINE
  5
93A
330
2AF
100
AcDbEntity
  8
0
  6
Continuous
 62
     7
100
AcDbLine
 10
17.25000000082002
 20
80.90000000562
 30
0.0
 11
17.74999999904003
 21
81.20043031408
 31
0.0
  0
LINE
  5
93B
330
2AF
100
AcDbEntity
  8
0
  6
Continuous
 62
     7
100
AcDbLine
 10
17.05291979808001
 20
80.10000000541999
 30
0.0
 11
16.65014920408001
 21
79.85799101775999
 31
0.0
  0
LINE
  5
93C
330
2AF
100
AcDbEntity
  8
03___PRT_ALL_CURVES
  6
Continuous
 62
     4
100
AcDbLine
 10
3.145975392060024
 20
48.51289223487998
 30
0.0
 11
2.759208695440009
 21
48.46418826574001
 31
0.0
  0
LINE
  5
93D
330
2AF
100
AcDbEntity
  8
0
  6
Continuous
 62
     7
100
AcDbLine
 10
14.74999997923999
 20
48.00000000691998
 30
0.0
 11
12.74999997874002
 21
48.00000000691998
 31
0.0
  0
LINE
  5
93E
330
2AF
100
AcDbEntity
  8
0
  6
Continuous
 62
     7
100
AcDbLine
 10
12.24999998052002
 20
48.00000000691998
 30
0.0
 11
10.24999998001999
 21
48.00000000691998
 31
0.0
  0
LINE
  5
93F
330
2AF
100
AcDbEntity
  8
03___PRT_ALL_CURVES
  6
Continuous
 62
     4
100
AcDbLine
 10
1.925511587120013
 20
48.14999999902003
 30
0.0
 11
2.318963139559997
 21
48.14999999902003
 31
0.0
  0
LINE
  5
940
330
2AF
100
AcDbEntity
  8
03___PRT_ALL_CURVES
  6
Continuous
 62
     4
100
AcDbLine
 10
20.86139159438
 20
48.14999999902003
 30
0.0
 11
22.02837662388004
 21
48.14999999902003
 31
0.0
  0
LINE
  5
941
330
2AF
100
AcDbEntity
  8
0
  6
Continuous
 62
     7
100
AcDbLine
 10
16.65014920408001
 20
48.20000000569999
 30
0.0
 11
15.84999999920001
 21
48.20000000569999
 31
0.0
  0
LINE
  5
942
330
2AF
100
AcDbEntity
  8
0
  6
Continuous
 62
     7
100
AcDbLine
 10
17.99999999942003
 20
48.29956969479997
 30
0.0
 11
17.74999999904003
 21
48.29956969479997
 31
0.0
  0
LINE
  5
943
330
2AF
100
AcDbEntity
  8
03___PRT_ALL_CURVES
  6
Continuous
 62
     4
100
AcDbLine
 10
22.02837662388004
 20
48.46705321301999
 30
0.0
 11
21.42100958614
 21
48.46705321301999
 31
0.0
  0
LINE
  5
944
330
2AF
100
AcDbEntity
  8
0
  6
Continuous
 62
     7
100
AcDbLine
 10
17.25000000082002
 20
48.60000000579998
 30
0.0
 11
17.05291979808001
 21
48.60000000579998
 31
0.0
  0
LINE
  5
945
330
2AF
100
AcDbEntity
  8
0
  6
Continuous
 62
     7
100
AcDbLine
 10
14.14999899992006
 20
48.60000000833998
 30
0.0
 11
13.34999964234004
 21
48.60000000833998
 31
0.0
  0
LINE
  5
946
330
2AF
100
AcDbEntity
  8
0
  6
Continuous
 62
     7
100
AcDbLine
 10
11.64999999942
 20
48.60000000833998
 30
0.0
 11
10.84999999921999
 21
48.60000000833998
 31
0.0
  0
LINE
  5
947
330
2AF
100
AcDbEntity
  8
0
  6
Continuous
 62
     7
100
AcDbLine
 10
10.84999999921999
 20
49.40000000853999
 30
0.0
 11
11.64999999942
 21
49.40000000853999
 31
0.0
  0
LINE
  5
948
330
2AF
100
AcDbEntity
  8
0
  6
Continuous
 62
     7
100
AcDbLine
 10
13.34999964234004
 20
49.40000000853999
 30
0.0
 11
14.14999899992006
 21
49.40000000853999
 31
0.0
  0
LINE
  5
949
330
2AF
100
AcDbEntity
  8
0
  6
Continuous
 62
     7
100
AcDbLine
 10
17.05291979808001
 20
49.40000000599997
 30
0.0
 11
17.25000000082002
 21
49.40000000599997
 31
0.0
  0
LINE
  5
94A
330
2AF
100
AcDbEntity
  8
03___PRT_ALL_CURVES
  6
Continuous
 62
     4
100
AcDbLine
 10
2.318963139559997
 20
49.57387454522001
 30
0.0
 11
1.997135055759998
 21
49.57387454522001
 31
0.0
  0
LINE
  5
94B
330
2AF
100
AcDbEntity
  8
0
  6
Continuous
 62
     7
100
AcDbLine
 10
17.74999999904003
 20
49.70043031445999
 30
0.0
 11
17.99999999942003
 21
49.70043031445999
 31
0.0
  0
LINE
  5
94C
330
2AF
100
AcDbEntity
  8
0
  6
Continuous
 62
     7
100
AcDbLine
 10
15.84999999920001
 20
49.80000000610002
 30
0.0
 11
16.65014920408001
 21
49.80000000610002
 31
0.0
  0
LINE
  5
94D
330
2AF
100
AcDbEntity
  8
0
  6
Continuous
 62
     7
100
AcDbLine
 10
14.74999997923999
 20
50.00000000741997
 30
0.0
 11
12.74999997874002
 21
50.00000000741997
 31
0.0
  0
LINE
  5
94E
330
2AF
100
AcDbEntity
  8
0
  6
Continuous
 62
     7
100
AcDbLine
 10
12.24999998052002
 20
50.00000000741997
 30
0.0
 11
10.24999998001999
 21
50.00000000741997
 31
0.0
  0
LINE
  5
94F
330
2AF
100
AcDbEntity
  8
0
  6
Continuous
 62
     7
100
AcDbLine
 10
8.949997718460025
 20
50.47499951716
 30
0.0
 11
9.701517731799981
 21
50.47499951716
 31
0.0
  0
LINE
  5
950
330
2AF
100
AcDbEntity
  8
0
  6
Continuous
 62
     7
100
AcDbLine
 10
12.02499979298003
 20
50.57500000804001
 30
0.0
 11
8.200000000780022
 21
50.57500000804001
 31
0.0
  0
LINE
  5
951
330
2AF
100
AcDbEntity
  8
03___PRT_ALL_CURVES
  6
Continuous
 62
     4
100
AcDbLine
 10
4.199999999780005
 20
50.75000000093999
 30
0.0
 11
1.200000000300008
 21
50.75000000093999
 31
0.0
  0
LINE
  5
952
330
2AF
100
AcDbEntity
  8
03___PRT_ALL_CURVES
  6
Continuous
 62
     4
100
AcDbLine
 10
20.59999999879997
 20
50.75000000093999
 30
0.0
 11
23.60000000082002
 21
50.75000000093999
 31
0.0
  0
LINE
  5
953
330
2AF
100
AcDbEntity
  8
0
  6
Continuous
 62
     7
100
AcDbLine
 10
8.200000000780022
 20
50.92500000653999
 30
0.0
 11
12.02499979298003
 21
50.92500000653999
 31
0.0
  0
LINE
  5
954
330
2AF
100
AcDbEntity
  8
0
  6
Continuous
 62
     7
100
AcDbLine
 10
9.701517655600014
 20
51.02499943062003
 30
0.0
 11
8.949997718460025
 21
51.02499943062003
 31
0.0
  0
LINE
  5
955
330
2AF
100
AcDbEntity
  8
0
  6
Continuous
 62
     7
100
AcDbLine
 10
14.74999997923999
 20
51.50000000715997
 30
0.0
 11
12.74999997874002
 21
51.50000000715997
 31
0.0
  0
LINE
  5
956
330
2AF
100
AcDbEntity
  8
0
  6
Continuous
 62
     7
100
AcDbLine
 10
12.24999998052002
 20
51.50000000715997
 30
0.0
 11
10.24999998001999
 21
51.50000000715997
 31
0.0
  0
LINE
  5
957
330
2AF
100
AcDbEntity
  8
0
  6
Continuous
 62
     7
100
AcDbLine
 10
16.65014920408001
 20
51.70000000593998
 30
0.0
 11
15.84999999920001
 21
51.70000000593998
 31
0.0
  0
LINE
  5
958
330
2AF
100
AcDbEntity
  8
0
  6
Continuous
 62
     7
100
AcDbLine
 10
17.99999999942003
 20
51.79956969504002
 30
0.0
 11
17.74999999904003
 21
51.79956969504002
 31
0.0
  0
LINE
  5
959
330
2AF
100
AcDbEntity
  8
03___PRT_ALL_CURVES
  6
Continuous
 62
     4
100
AcDbLine
 10
1.925034153480027
 20
51.79999999897998
 30
0.0
 11
2.31848570592004
 21
51.79999999897998
 31
0.0
  0
LINE
  5
95A
330
2AF
100
AcDbEntity
  8
03___PRT_ALL_CURVES
  6
Continuous
 62
     4
100
AcDbLine
 10
2.984106414300015
 20
51.79999999897998
 30
0.0
 11
3.371828239820019
 21
51.79999999897998
 31
0.0
  0
LINE
  5
95B
330
2AF
100
AcDbEntity
  8
03___PRT_ALL_CURVES
  6
Continuous
 62
     4
100
AcDbLine
 10
21.32407916786002
 20
51.79999999897998
 30
0.0
 11
21.71753072029998
 21
51.79999999897998
 31
0.0
  0
LINE
  5
95C
330
2AF
100
AcDbEntity
  8
0
  6
Continuous
 62
     7
100
AcDbLine
 10
17.25000000082002
 20
52.10000000604003
 30
0.0
 11
17.05291979808001
 21
52.10000000604003
 31
0.0
  0
LINE
  5
95D
330
2AF
100
AcDbEntity
  8
0
  6
Continuous
 62
     7
100
AcDbLine
 10
14.14999899992006
 20
52.10000000858003
 30
0.0
 11
13.34999964234004
 21
52.10000000858003
 31
0.0
  0
LINE
  5
95E
330
2AF
100
AcDbEntity
  8
0
  6
Continuous
 62
     7
100
AcDbLine
 10
11.64999999942
 20
52.10000000858003
 30
0.0
 11
10.84999999921999
 21
52.10000000858003
 31
0.0
  0
LINE
  5
95F
330
2AF
100
AcDbEntity
  8
03___PRT_ALL_CURVES
  6
Continuous
 62
     4
100
AcDbLine
 10
20.89004098082003
 20
49.12694408779998
 30
0.0
 11
21.27967261456004
 21
49.09542976678
 31
0.0
  0
LINE
  5
960
330
2AF
100
AcDbEntity
  8
0
  6
Continuous
 62
     7
100
AcDbLine
 10
17.74999999904003
 20
44.7995696971
 30
0.0
 11
17.25000000082002
 21
45.10000000556002
 31
0.0
  0
LINE
  5
961
330
2AF
100
AcDbEntity
  8
0
  6
Continuous
 62
     7
100
AcDbLine
 10
16.65014920408001
 20
46.14200899341995
 30
0.0
 11
17.05291979808001
 21
45.90000000575998
 31
0.0
  0
LINE
  5
962
330
2AF
100
AcDbEntity
  8
0
  6
Continuous
 62
     7
100
AcDbLine
 10
17.74999999904003
 20
48.29956969479997
 30
0.0
 11
17.25000000082002
 21
48.60000000579998
 31
0.0
  0
LINE
  5
963
330
2AF
100
AcDbEntity
  8
0
  6
Continuous
 62
     7
100
AcDbLine
 10
16.65014920408001
 20
49.64200899366003
 30
0.0
 11
17.05291979808001
 21
49.40000000599997
 31
0.0
  0
LINE
  5
964
330
2AF
100
AcDbEntity
  8
02___PRT_ALL_AXES
  6
Continuous
 62
     7
100
AcDbLine
 10
4.99999999998002
 20
129.99999999948
 30
0.0
 11
4.99999999998002
 21
124.00000000052
 31
0.0
  0
LINE
  5
965
330
2AF
100
AcDbEntity
  8
02___PRT_ALL_AXES
  6
Continuous
 62
     7
100
AcDbLine
 10
4.99999999998002
 20
5.999999998959993
 30
0.0
 11
4.99999999998002
 21
0.0
 31
0.0
  0
LINE
  5
966
330
2AF
100
AcDbEntity
  8
02___PRT_ALL_AXES
  6
Continuous
 62
     7
100
AcDbLine
 10
6.899999999820039
 20
85.35000000069996
 30
0.0
 11
6.899999999820039
 21
16.14999999864
 31
0.0
  0
LINE
  5
967
330
2AF
100
AcDbEntity
  8
02___PRT_ALL_AXES
  6
Continuous
 62
     7
100
AcDbLine
 10
7.400000000580008
 20
129.99999999948
 30
0.0
 11
7.400000000580008
 21
124.00000000052
 31
0.0
  0
LINE
  5
968
330
2AF
100
AcDbEntity
  8
02___PRT_ALL_AXES
  6
Continuous
 62
     7
100
AcDbLine
 10
7.400000000580008
 20
5.999999998959993
 30
0.0
 11
7.400000000580008
 21
0.0
 31
0.0
  0
LINE
  5
969
330
2AF
100
AcDbEntity
  8
0
  6
Continuous
 62
     7
100
AcDbLine
 10
7.499999998699991
 20
86.25469835893998
 30
0.0
 11
7.499999998699991
 21
15.24530164039999
 31
0.0
  0
LINE
  5
96A
330
2AF
100
AcDbEntity
  8
0
  6
Continuous
 62
     7
100
AcDbLine
 10
8.199999998240031
 20
19.2500000064
 30
0.0
 11
8.199999998240031
 21
19.61705992252001
 31
0.0
  0
LINE
  5
96B
330
2AF
100
AcDbEntity
  8
0
  6
Continuous
 62
     7
100
AcDbLine
 10
8.199999998240031
 20
22.3829316755
 30
0.0
 11
8.199999998240031
 21
23.11705992275998
 31
0.0
  0
LINE
  5
96C
330
2AF
100
AcDbEntity
  8
0
  6
Continuous
 62
     7
100
AcDbLine
 10
8.199999998240031
 20
25.88293167574
 30
0.0
 11
8.199999998240031
 21
26.617059923
 31
0.0
  0
LINE
  5
96D
330
2AF
100
AcDbEntity
  8
0
  6
Continuous
 62
     7
100
AcDbLine
 10
8.199999998240031
 20
29.38293167597996
 30
0.0
 11
8.199999998240031
 21
30.1170599207
 31
0.0
  0
LINE
  5
96E
330
2AF
100
AcDbEntity
  8
0
  6
Continuous
 62
     7
100
AcDbLine
 10
8.199999998240031
 20
32.88293167622001
 30
0.0
 11
8.199999998240031
 21
33.61705992093999
 31
0.0
  0
LINE
  5
96F
330
2AF
100
AcDbEntity
  8
0
  6
Continuous
 62
     7
100
AcDbLine
 10
8.199999998240031
 20
36.38293167645998
 30
0.0
 11
8.199999998240031
 21
37.11705992117999
 31
0.0
  0
LINE
  5
970
330
2AF
100
AcDbEntity
  8
0
  6
Continuous
 62
     7
100
AcDbLine
 10
8.199999998240031
 20
39.8829316767
 30
0.0
 11
8.199999998240031
 21
40.61705992142001
 31
0.0
  0
LINE
  5
971
330
2AF
100
AcDbEntity
  8
0
  6
Continuous
 62
     7
100
AcDbLine
 10
8.199999998240031
 20
43.38293167693999
 30
0.0
 11
8.199999998240031
 21
44.11705992166
 31
0.0
  0
LINE
  5
972
330
2AF
100
AcDbEntity
  8
0
  6
Continuous
 62
     7
100
AcDbLine
 10
8.199999998240031
 20
46.88293167463999
 30
0.0
 11
8.199999998240031
 21
47.61705992189997
 31
0.0
  0
LINE
  5
973
330
2AF
100
AcDbEntity
  8
0
  6
Continuous
 62
     7
100
AcDbLine
 10
8.199999998240031
 20
50.38293167487996
 30
0.0
 11
8.199999998240031
 21
51.11705992213999
 31
0.0
  0
LINE
  5
974
330
2AF
100
AcDbEntity
  8
0
  6
Continuous
 62
     7
100
AcDbLine
 10
8.199999998240031
 20
53.88293167512001
 30
0.0
 11
8.199999998240031
 21
54.61705992237998
 31
0.0
  0
LINE
  5
975
330
2AF
100
AcDbEntity
  8
0
  6
Continuous
 62
     7
100
AcDbLine
 10
8.199999998240031
 20
57.38293167535997
 30
0.0
 11
8.199999998240031
 21
58.11705992262
 31
0.0
  0
LINE
  5
976
330
2AF
100
AcDbEntity
  8
0
  6
Continuous
 62
     7
100
AcDbLine
 10
8.199999998240031
 20
60.88293167559999
 30
0.0
 11
8.199999998240031
 21
61.61705992285999
 31
0.0
  0
LINE
  5
977
330
2AF
100
AcDbEntity
  8
0
  6
Continuous
 62
     7
100
AcDbLine
 10
8.199999998240031
 20
64.38293167583998
 30
0.0
 11
8.199999998240031
 21
65.11705992056
 31
0.0
  0
LINE
  5
978
330
2AF
100
AcDbEntity
  8
0
  6
Continuous
 62
     7
100
AcDbLine
 10
8.199999998240031
 20
67.88293167608
 30
0.0
 11
8.199999998240031
 21
68.61705992080002
 31
0.0
  0
LINE
  5
979
330
2AF
100
AcDbEntity
  8
0
  6
Continuous
 62
     7
100
AcDbLine
 10
8.199999998240031
 20
71.38293167632
 30
0.0
 11
8.199999998240031
 21
72.11705992104001
 31
0.0
  0
LINE
  5
97A
330
2AF
100
AcDbEntity
  8
0
  6
Continuous
 62
     7
100
AcDbLine
 10
8.199999998240031
 20
74.88293167656002
 30
0.0
 11
8.199999998240031
 21
75.61705992127997
 31
0.0
  0
LINE
  5
97B
330
2AF
100
AcDbEntity
  8
0
  6
Continuous
 62
     7
100
AcDbLine
 10
8.199999998240031
 20
78.38293167679998
 30
0.0
 11
8.199999998240031
 21
79.11705992152
 31
0.0
  0
LINE
  5
97C
330
2AF
100
AcDbEntity
  8
0
  6
Continuous
 62
     7
100
AcDbLine
 10
8.200000000780022
 20
81.88293167450001
 30
0.0
 11
8.200000000780022
 21
82.25000000818
 31
0.0
  0
LINE
  5
97D
330
2AF
100
AcDbEntity
  8
03___PRT_ALL_CURVES
  6
Continuous
 62
     4
100
AcDbLine
 10
8.73789200856001
 20
121.74999999964
 30
0.0
 11
8.73789200856001
 21
119.25000000092
 31
0.0
  0
LINE
  5
97E
330
2AF
100
AcDbEntity
  8
03___PRT_ALL_CURVES
  6
Continuous
 62
     4
100
AcDbLine
 10
2.07401089642002
 20
28.03240112076
 30
0.0
 11
2.053956323880044
 21
27.75450202707998
 31
0.0
  0
LINE
  5
97F
330
2AF
100
AcDbEntity
  8
03___PRT_ALL_CURVES
  6
Continuous
 62
     4
100
AcDbLine
 10
1.942223715240004
 20
24.53240112052001
 30
0.0
 11
1.9221691427
 21
24.25450202683999
 31
0.0
  0
LINE
  5
980
330
2AF
100
AcDbEntity
  8
03___PRT_ALL_CURVES
  6
Continuous
 62
     4
100
AcDbLine
 10
3.255320642000044
 20
42.03240111918001
 30
0.0
 11
3.235265942460018
 21
41.75450202804001
 31
0.0
  0
LINE
  5
981
330
2AF
100
AcDbEntity
  8
03___PRT_ALL_CURVES
  6
Continuous
 62
     4
100
AcDbLine
 10
1.940791294939999
 20
21.03240112027999
 30
0.0
 11
1.920736722400051
 21
20.75450202914001
 31
0.0
  0
LINE
  5
982
330
2AF
100
AcDbEntity
  8
03___PRT_ALL_CURVES
  6
Continuous
 62
     4
100
AcDbLine
 10
3.24672582556002
 20
24.53240112052001
 30
0.0
 11
3.226671128560014
 21
24.25450202683999
 31
0.0
  0
LINE
  5
983
330
2AF
100
AcDbEntity
  8
03___PRT_ALL_CURVES
  6
Continuous
 62
     4
100
AcDbLine
 10
3.160777610360014
 20
56.17953615226
 30
0.0
 11
3.194201940260001
 21
56.38963166552003
 31
0.0
  0
LINE
  5
984
330
2AF
100
AcDbEntity
  8
03___PRT_ALL_CURVES
  6
Continuous
 62
     4
100
AcDbLine
 10
3.214733954060023
 20
38.52953615133998
 30
0.0
 11
3.248158283960009
 21
38.73963166459998
 31
0.0
  0
LINE
  5
985
330
2AF
100
AcDbEntity
  8
03___PRT_ALL_CURVES
  6
Continuous
 62
     4
100
AcDbLine
 10
2.950204704100003
 20
39.04999999991998
 30
0.0
 11
2.827012296180015
 21
38.29747614301999
 31
0.0
  0
LINE
  5
986
330
2AF
100
AcDbEntity
  8
0
  6
Continuous
 62
     7
100
AcDbLine
 10
17.25000000082002
 20
77.40000000537998
 30
0.0
 11
17.74999999904003
 21
77.70043031384
 31
0.0
  0
LINE
  5
987
330
2AF
100
AcDbEntity
  8
0
  6
Continuous
 62
     7
100
AcDbLine
 10
17.05291979808001
 20
76.60000000517996
 30
0.0
 11
16.65014920408001
 21
76.35799101751999
 31
0.0
  0
LINE
  5
988
330
2AF
100
AcDbEntity
  8
03___PRT_ALL_CURVES
  6
Continuous
 62
     4
100
AcDbLine
 10
22.87401098544004
 20
56.33710776497998
 30
0.0
 11
23.26077768206002
 21
56.38485677285996
 31
0.0
  0
LINE
  5
989
330
2AF
100
AcDbEntity
  8
03___PRT_ALL_CURVES
  6
Continuous
 62
     4
100
AcDbLine
 10
2.748226517760003
 20
52.87148705589999
 30
0.0
 11
3.439631693239988
 21
52.87148705589999
 31
0.0
  0
LINE
  5
98A
330
2AF
100
AcDbEntity
  8
0
  6
Continuous
 62
     7
100
AcDbLine
 10
10.84999999921999
 20
52.90000000623999
 30
0.0
 11
11.64999999942
 21
52.90000000623999
 31
0.0
  0
LINE
  5
98B
330
2AF
100
AcDbEntity
  8
0
  6
Continuous
 62
     7
100
AcDbLine
 10
13.34999964234004
 20
52.90000000623999
 30
0.0
 11
14.14999899992006
 21
52.90000000623999
 31
0.0
  0
LINE
  5
98C
330
2AF
100
AcDbEntity
  8
0
  6
Continuous
 62
     7
100
AcDbLine
 10
17.05291979808001
 20
52.90000000623999
 30
0.0
 11
17.25000000082002
 21
52.90000000623999
 31
0.0
  0
LINE
  5
98D
330
2AF
100
AcDbEntity
  8
03___PRT_ALL_CURVES
  6
Continuous
 62
     4
100
AcDbLine
 10
3.883697264340043
 20
53.2000000006
 30
0.0
 11
2.748226517760003
 21
53.2000000006
 31
0.0
  0
LINE
  5
98E
330
2AF
100
AcDbEntity
  8
0
  6
Continuous
 62
     7
100
AcDbLine
 10
17.74999999904003
 20
53.20043031469999
 30
0.0
 11
17.99999999942003
 21
53.20043031469999
 31
0.0
  0
LINE
  5
98F
330
2AF
100
AcDbEntity
  8
03___PRT_ALL_CURVES
  6
Continuous
 62
     4
100
AcDbLine
 10
21.71753072029998
 20
53.22387454518
 30
0.0
 11
21.3957026365
 21
53.22387454518
 31
0.0
  0
LINE
  5
990
330
2AF
100
AcDbEntity
  8
03___PRT_ALL_CURVES
  6
Continuous
 62
     4
100
AcDbLine
 10
2.31848570592004
 20
53.22387454518
 30
0.0
 11
1.996657622120011
 21
53.22387454518
 31
0.0
  0
LINE
  5
991
330
2AF
100
AcDbEntity
  8
0
  6
Continuous
 62
     7
100
AcDbLine
 10
15.84999999920001
 20
53.30000000633999
 30
0.0
 11
16.65014920408001
 21
53.30000000633999
 31
0.0
  0
LINE
  5
992
330
2AF
100
AcDbEntity
  8
0
  6
Continuous
 62
     7
100
AcDbLine
 10
14.74999997923999
 20
53.50000000765999
 30
0.0
 11
12.74999997874002
 21
53.50000000765999
 31
0.0
  0
LINE
  5
993
330
2AF
100
AcDbEntity
  8
0
  6
Continuous
 62
     7
100
AcDbLine
 10
12.24999998052002
 20
53.50000000765999
 30
0.0
 11
10.24999998001999
 21
53.50000000765999
 31
0.0
  0
LINE
  5
994
330
2AF
100
AcDbEntity
  8
0
  6
Continuous
 62
     7
100
AcDbLine
 10
8.949997718460025
 20
53.97499951739999
 30
0.0
 11
9.701517655600014
 21
53.97499951739999
 31
0.0
  0
LINE
  5
995
330
2AF
100
AcDbEntity
  8
0
  6
Continuous
 62
     7
100
AcDbLine
 10
12.02499979298003
 20
54.07500000827997
 30
0.0
 11
8.200000000780022
 21
54.07500000827997
 31
0.0
  0
LINE
  5
996
330
2AF
100
AcDbEntity
  8
03___PRT_ALL_CURVES
  6
Continuous
 62
     4
100
AcDbLine
 10
1.200000000300008
 20
54.24999999863999
 30
0.0
 11
4.199999999780005
 21
54.24999999863999
 31
0.0
  0
LINE
  5
997
330
2AF
100
AcDbEntity
  8
03___PRT_ALL_CURVES
  6
Continuous
 62
     4
100
AcDbLine
 10
20.59999999879997
 20
54.24999999863999
 30
0.0
 11
23.60000000082002
 21
54.24999999863999
 31
0.0
  0
LINE
  5
998
330
2AF
100
AcDbEntity
  8
0
  6
Continuous
 62
     7
100
AcDbLine
 10
8.200000000780022
 20
54.42500000677998
 30
0.0
 11
12.02499979298003
 21
54.42500000677998
 31
0.0
  0
LINE
  5
999
330
2AF
100
AcDbEntity
  8
0
  6
Continuous
 62
     7
100
AcDbLine
 10
9.701517579400019
 20
54.52499943085996
 30
0.0
 11
8.949997718460025
 21
54.52499943085996
 31
0.0
  0
LINE
  5
99A
330
2AF
100
AcDbEntity
  8
0
  6
Continuous
 62
     7
100
AcDbLine
 10
14.74999997923999
 20
55.00000000739999
 30
0.0
 11
12.74999997874002
 21
55.00000000739999
 31
0.0
  0
LINE
  5
99B
330
2AF
100
AcDbEntity
  8
0
  6
Continuous
 62
     7
100
AcDbLine
 10
12.24999998052002
 20
55.00000000739999
 30
0.0
 11
10.24999998001999
 21
55.00000000739999
 31
0.0
  0
LINE
  5
99C
330
2AF
100
AcDbEntity
  8
0
  6
Continuous
 62
     7
100
AcDbLine
 10
16.65014920408001
 20
55.20000000618001
 30
0.0
 11
15.84999999920001
 21
55.20000000618001
 31
0.0
  0
LINE
  5
99D
330
2AF
100
AcDbEntity
  8
0
  6
Continuous
 62
     7
100
AcDbLine
 10
17.99999999942003
 20
55.29956969527998
 30
0.0
 11
17.74999999904003
 21
55.29956969527998
 31
0.0
  0
LINE
  5
99E
330
2AF
100
AcDbEntity
  8
03___PRT_ALL_CURVES
  6
Continuous
 62
     4
100
AcDbLine
 10
1.922169196040045
 20
55.29999999921998
 30
0.0
 11
2.315620751019992
 21
55.29999999921998
 31
0.0
  0
LINE
  5
99F
330
2AF
100
AcDbEntity
  8
03___PRT_ALL_CURVES
  6
Continuous
 62
     4
100
AcDbLine
 10
21.31834925298
 20
55.29999999921998
 30
0.0
 11
21.71180080796
 21
55.29999999921998
 31
0.0
  0
LINE
  5
9A0
330
2AF
100
AcDbEntity
  8
0
  6
Continuous
 62
     7
100
AcDbLine
 10
17.25000000082002
 20
55.60000000628
 30
0.0
 11
17.05291979808001
 21
55.60000000628
 31
0.0
  0
LINE
  5
9A1
330
2AF
100
AcDbEntity
  8
0
  6
Continuous
 62
     7
100
AcDbLine
 10
14.14999899992006
 20
55.60000000628
 30
0.0
 11
13.34999964234004
 21
55.60000000628
 31
0.0
  0
LINE
  5
9A2
330
2AF
100
AcDbEntity
  8
0
  6
Continuous
 62
     7
100
AcDbLine
 10
11.64999999942
 20
55.60000000628
 30
0.0
 11
10.84999999921999
 21
55.60000000628
 31
0.0
  0
LINE
  5
9A3
330
2AF
100
AcDbEntity
  8
03___PRT_ALL_CURVES
  6
Continuous
 62
     4
100
AcDbLine
 10
3.194201940260001
 20
56.38963166552003
 30
0.0
 11
3.819713587380022
 21
56.38963166552003
 31
0.0
  0
LINE
  5
9A4
330
2AF
100
AcDbEntity
  8
0
  6
Continuous
 62
     7
100
AcDbLine
 10
10.84999999921999
 20
56.40000000647998
 30
0.0
 11
11.64999999942
 21
56.40000000647998
 31
0.0
  0
LINE
  5
9A5
330
2AF
100
AcDbEntity
  8
0
  6
Continuous
 62
     7
100
AcDbLine
 10
13.34999964234004
 20
56.40000000647998
 30
0.0
 11
14.14999899992006
 21
56.40000000647998
 31
0.0
  0
LINE
  5
9A6
330
2AF
100
AcDbEntity
  8
0
  6
Continuous
 62
     7
100
AcDbLine
 10
17.05291979808001
 20
56.40000000393999
 30
0.0
 11
17.25000000082002
 21
56.40000000393999
 31
0.0
  0
LINE
  5
9A7
330
2AF
100
AcDbEntity
  8
03___PRT_ALL_CURVES
  6
Continuous
 62
     4
100
AcDbLine
 10
2.773055952480036
 20
55.94747614139999
 30
0.0
 11
3.104433864779992
 21
55.89972713606002
 31
0.0
  0
LINE
  5
9A8
330
2AF
100
AcDbEntity
  8
0
  6
Continuous
 62
     7
100
AcDbLine
 10
17.74999999904003
 20
51.79956969504002
 30
0.0
 11
17.25000000082002
 21
52.10000000604003
 31
0.0
  0
LINE
  5
9A9
330
2AF
100
AcDbEntity
  8
0
  6
Continuous
 62
     7
100
AcDbLine
 10
16.65014920408001
 20
53.14200899389996
 30
0.0
 11
17.05291979808001
 21
52.90000000623999
 31
0.0
  0
LINE
  5
9AA
330
2AF
100
AcDbEntity
  8
0
  6
Continuous
 62
     7
100
AcDbLine
 10
8.949997718460025
 20
19.524999431
 30
0.0
 11
8.949997718460025
 21
20.99598200337999
 31
0.0
  0
LINE
  5
9AB
330
2AF
100
AcDbEntity
  8
0
  6
Continuous
 62
     7
100
AcDbLine
 10
8.949997718460025
 20
21.00400959464
 30
0.0
 11
8.949997718460025
 21
22.47499951777999
 31
0.0
  0
LINE
  5
9AC
330
2AF
100
AcDbEntity
  8
0
  6
Continuous
 62
     7
100
AcDbLine
 10
8.949997718460025
 20
23.02499943123999
 30
0.0
 11
8.949997718460025
 21
24.49598200108002
 31
0.0
  0
LINE
  5
9AD
330
2AF
100
AcDbEntity
  8
0
  6
Continuous
 62
     7
100
AcDbLine
 10
8.949997718460025
 20
24.50400959487999
 30
0.0
 11
8.949997718460025
 21
25.97499951802001
 31
0.0
  0
LINE
  5
9AE
330
2AF
100
AcDbEntity
  8
0
  6
Continuous
 62
     7
100
AcDbLine
 10
8.949997718460025
 20
26.52499943147998
 30
0.0
 11
8.949997718460025
 21
27.99598200131999
 31
0.0
  0
LINE
  5
9AF
330
2AF
100
AcDbEntity
  8
0
  6
Continuous
 62
     7
100
AcDbLine
 10
8.949997718460025
 20
28.00400959512001
 30
0.0
 11
8.949997718460025
 21
29.47499951826001
 31
0.0
  0
LINE
  5
9B0
330
2AF
100
AcDbEntity
  8
0
  6
Continuous
 62
     7
100
AcDbLine
 10
8.949997718460025
 20
30.02499942917999
 30
0.0
 11
8.949997718460025
 21
31.49598200156001
 31
0.0
  0
LINE
  5
9B1
330
2AF
100
AcDbEntity
  8
0
  6
Continuous
 62
     7
100
AcDbLine
 10
8.949997718460025
 20
31.50400959535997
 30
0.0
 11
8.949997718460025
 21
32.97499951595998
 31
0.0
  0
LINE
  5
9B2
330
2AF
100
AcDbEntity
  8
0
  6
Continuous
 62
     7
100
AcDbLine
 10
8.949997718460025
 20
33.52499942941998
 30
0.0
 11
8.949997718460025
 21
34.99598200179997
 31
0.0
  0
LINE
  5
9B3
330
2AF
100
AcDbEntity
  8
0
  6
Continuous
 62
     7
100
AcDbLine
 10
8.949997718460025
 20
35.00400959560002
 30
0.0
 11
8.949997718460025
 21
36.4749995162
 31
0.0
  0
LINE
  5
9B4
330
2AF
100
AcDbEntity
  8
0
  6
Continuous
 62
     7
100
AcDbLine
 10
8.949997718460025
 20
37.02499942966
 30
0.0
 11
8.949997718460025
 21
38.49598200204002
 31
0.0
  0
LINE
  5
9B5
330
2AF
100
AcDbEntity
  8
0
  6
Continuous
 62
     7
100
AcDbLine
 10
8.949997718460025
 20
38.50400959583999
 30
0.0
 11
8.949997718460025
 21
39.97499951643996
 31
0.0
  0
LINE
  5
9B6
330
2AF
100
AcDbEntity
  8
0
  6
Continuous
 62
     7
100
AcDbLine
 10
8.949997718460025
 20
40.52499942989999
 30
0.0
 11
8.949997718460025
 21
41.99598200227999
 31
0.0
  0
LINE
  5
9B7
330
2AF
100
AcDbEntity
  8
0
  6
Continuous
 62
     7
100
AcDbLine
 10
8.949997718460025
 20
42.00400959608001
 30
0.0
 11
8.949997718460025
 21
43.47499951667999
 31
0.0
  0
LINE
  5
9B8
330
2AF
100
AcDbEntity
  8
0
  6
Continuous
 62
     7
100
AcDbLine
 10
8.949997718460025
 20
44.02499943014001
 30
0.0
 11
8.949997718460025
 21
45.49598200252004
 31
0.0
  0
LINE
  5
9B9
330
2AF
100
AcDbEntity
  8
0
  6
Continuous
 62
     7
100
AcDbLine
 10
8.949997718460025
 20
45.50400959631997
 30
0.0
 11
8.949997718460025
 21
46.97499951691998
 31
0.0
  0
LINE
  5
9BA
330
2AF
100
AcDbEntity
  8
0
  6
Continuous
 62
     7
100
AcDbLine
 10
8.949997718460025
 20
47.52499943037995
 30
0.0
 11
8.949997718460025
 21
48.99598200276
 31
0.0
  0
LINE
  5
9BB
330
2AF
100
AcDbEntity
  8
0
  6
Continuous
 62
     7
100
AcDbLine
 10
8.949997718460025
 20
49.00400959402
 30
0.0
 11
8.949997718460025
 21
50.47499951716
 31
0.0
  0
LINE
  5
9BC
330
2AF
100
AcDbEntity
  8
0
  6
Continuous
 62
     7
100
AcDbLine
 10
8.949997718460025
 20
51.02499943062003
 30
0.0
 11
8.949997718460025
 21
52.49598200299999
 31
0.0
  0
LINE
  5
9BD
330
2AF
100
AcDbEntity
  8
0
  6
Continuous
 62
     7
100
AcDbLine
 10
8.949997718460025
 20
52.50400959426
 30
0.0
 11
8.949997718460025
 21
53.97499951739999
 31
0.0
  0
LINE
  5
9BE
330
2AF
100
AcDbEntity
  8
0
  6
Continuous
 62
     7
100
AcDbLine
 10
8.949997718460025
 20
54.52499943085996
 30
0.0
 11
8.949997718460025
 21
55.99598200324002
 31
0.0
  0
LINE
  5
9BF
330
2AF
100
AcDbEntity
  8
0
  6
Continuous
 62
     7
100
AcDbLine
 10
8.949997718460025
 20
56.00400959450002
 30
0.0
 11
8.949997718460025
 21
57.47499951764001
 31
0.0
  0
LINE
  5
9C0
330
2AF
100
AcDbEntity
  8
0
  6
Continuous
 62
     7
100
AcDbLine
 10
8.949997718460025
 20
58.02499943109999
 30
0.0
 11
8.949997718460025
 21
59.49598200347995
 31
0.0
  0
LINE
  5
9C1
330
2AF
100
AcDbEntity
  8
0
  6
Continuous
 62
     7
100
AcDbLine
 10
8.949997718460025
 20
59.50400959474001
 30
0.0
 11
8.949997718460025
 21
60.97499951787998
 31
0.0
  0
LINE
  5
9C2
330
2AF
100
AcDbEntity
  8
0
  6
Continuous
 62
     7
100
AcDbLine
 10
8.949997718460025
 20
61.52499943133998
 30
0.0
 11
8.949997718460025
 21
62.99598200118001
 31
0.0
  0
LINE
  5
9C3
330
2AF
100
AcDbEntity
  8
0
  6
Continuous
 62
     7
100
AcDbLine
 10
8.949997718460025
 20
63.00400959497998
 30
0.0
 11
8.949997718460025
 21
64.47499951812003
 31
0.0
  0
LINE
  5
9C4
330
2AF
100
AcDbEntity
  8
0
  6
Continuous
 62
     7
100
AcDbLine
 10
8.949997718460025
 20
65.02499943158
 30
0.0
 11
8.949997718460025
 21
66.49598200141997
 31
0.0
  0
LINE
  5
9C5
330
2AF
100
AcDbEntity
  8
0
  6
Continuous
 62
     7
100
AcDbLine
 10
8.949997718460025
 20
66.50400959521997
 30
0.0
 11
8.949997718460025
 21
67.97499951836
 31
0.0
  0
LINE
  5
9C6
330
2AF
100
AcDbEntity
  8
0
  6
Continuous
 62
     7
100
AcDbLine
 10
8.949997718460025
 20
68.52499942928
 30
0.0
 11
8.949997718460025
 21
69.99598200166
 31
0.0
  0
LINE
  5
9C7
330
2AF
100
AcDbEntity
  8
0
  6
Continuous
 62
     7
100
AcDbLine
 10
8.949997718460025
 20
70.00400959545999
 30
0.0
 11
8.949997718460025
 21
71.47499951606
 31
0.0
  0
LINE
  5
9C8
330
2AF
100
AcDbEntity
  8
0
  6
Continuous
 62
     7
100
AcDbLine
 10
8.949997718460025
 20
72.02499942952002
 30
0.0
 11
8.949997718460025
 21
73.49598200189999
 31
0.0
  0
LINE
  5
9C9
330
2AF
100
AcDbEntity
  8
0
  6
Continuous
 62
     7
100
AcDbLine
 10
8.949997718460025
 20
73.50400959569998
 30
0.0
 11
8.949997718460025
 21
74.97499951629999
 31
0.0
  0
LINE
  5
9CA
330
2AF
100
AcDbEntity
  8
0
  6
Continuous
 62
     7
100
AcDbLine
 10
8.949997718460025
 20
75.52499942975996
 30
0.0
 11
8.949997718460025
 21
76.99598200214001
 31
0.0
  0
LINE
  5
9CB
330
2AF
100
AcDbEntity
  8
0
  6
Continuous
 62
     7
100
AcDbLine
 10
8.949997718460025
 20
77.00400959594
 30
0.0
 11
8.949997718460025
 21
78.47499951654001
 31
0.0
  0
LINE
  5
9CC
330
2AF
100
AcDbEntity
  8
0
  6
Continuous
 62
     7
100
AcDbLine
 10
8.949997718460025
 20
79.02499943000004
 30
0.0
 11
8.949997718460025
 21
80.49598200238
 31
0.0
  0
LINE
  5
9CD
330
2AF
100
AcDbEntity
  8
0
  6
Continuous
 62
     7
100
AcDbLine
 10
8.949997718460025
 20
80.50400959618
 30
0.0
 11
8.949997718460025
 21
81.97499951678
 31
0.0
  0
LINE
  5
9CE
330
2AF
100
AcDbEntity
  8
03___PRT_ALL_CURVES
  6
Continuous
 62
     4
100
AcDbLine
 10
9.513812869719999
 20
119.25000000092
 30
0.0
 11
9.513812869719999
 21
120.26466573638
 31
0.0
  0
LINE
  5
9CF
330
2AF
100
AcDbEntity
  8
03___PRT_ALL_CURVES
  6
Continuous
 62
     4
100
AcDbLine
 10
9.513812869719999
 20
120.7370396252601
 30
0.0
 11
9.513812869719999
 21
121.24522510114
 31
0.0
  0
LINE
  5
9D0
330
2AF
100
AcDbEntity
  8
0
  6
Continuous
 62
     7
100
AcDbLine
 10
9.70151704600002
 20
81.97499951678
 30
0.0
 11
9.70151704600002
 21
79.02499943000004
 31
0.0
  0
LINE
  5
9D1
330
2AF
100
AcDbEntity
  8
0
  6
Continuous
 62
     7
100
AcDbLine
 10
9.701517122200016
 20
78.47499951654001
 30
0.0
 11
9.701517122200016
 21
75.52499942975996
 31
0.0
  0
LINE
  5
9D2
330
2AF
100
AcDbEntity
  8
0
  6
Continuous
 62
     7
100
AcDbLine
 10
9.70151719840004
 20
74.97499951629999
 30
0.0
 11
9.70151719840004
 21
72.02499942952002
 31
0.0
  0
LINE
  5
9D3
330
2AF
100
AcDbEntity
  8
0
  6
Continuous
 62
     7
100
AcDbLine
 10
9.70151727459998
 20
71.47499951606
 30
0.0
 11
9.70151727459998
 21
68.52499942928
 31
0.0
  0
LINE
  5
9D4
330
2AF
100
AcDbEntity
  8
0
  6
Continuous
 62
     7
100
AcDbLine
 10
9.701517350800003
 20
67.97499951836
 30
0.0
 11
9.701517350800003
 21
65.02499943158
 31
0.0
  0
LINE
  5
9D5
330
2AF
100
AcDbEntity
  8
0
  6
Continuous
 62
     7
100
AcDbLine
 10
9.70151727459998
 20
22.47499951777999
 30
0.0
 11
9.70151727459998
 21
19.524999431
 31
0.0
  0
LINE
  5
9D6
330
2AF
100
AcDbEntity
  8
0
  6
Continuous
 62
     7
100
AcDbLine
 10
9.701517426999999
 20
64.47499951812003
 30
0.0
 11
9.701517426999999
 21
61.52499943133998
 31
0.0
  0
LINE
  5
9D7
330
2AF
100
AcDbEntity
  8
0
  6
Continuous
 62
     7
100
AcDbLine
 10
9.701517503200023
 20
60.97499951787998
 30
0.0
 11
9.701517503200023
 21
58.02499943109999
 31
0.0
  0
LINE
  5
9D8
330
2AF
100
AcDbEntity
  8
0
  6
Continuous
 62
     7
100
AcDbLine
 10
9.701517579400019
 20
57.47499951764001
 30
0.0
 11
9.701517579400019
 21
54.52499943085996
 31
0.0
  0
LINE
  5
9D9
330
2AF
100
AcDbEntity
  8
0
  6
Continuous
 62
     7
100
AcDbLine
 10
9.701517655600014
 20
53.97499951739999
 30
0.0
 11
9.701517655600014
 21
51.02499943062003
 31
0.0
  0
LINE
  5
9DA
330
2AF
100
AcDbEntity
  8
0
  6
Continuous
 62
     7
100
AcDbLine
 10
9.701517731799981
 20
50.47499951716
 30
0.0
 11
9.701517731799981
 21
47.52499943037995
 31
0.0
  0
LINE
  5
9DB
330
2AF
100
AcDbEntity
  8
0
  6
Continuous
 62
     7
100
AcDbLine
 10
9.701517808000034
 20
46.97499951691998
 30
0.0
 11
9.701517808000034
 21
44.02499943014001
 31
0.0
  0
LINE
  5
9DC
330
2AF
100
AcDbEntity
  8
0
  6
Continuous
 62
     7
100
AcDbLine
 10
9.701517884200001
 20
43.47499951667999
 30
0.0
 11
9.701517884200001
 21
40.52499942989999
 31
0.0
  0
LINE
  5
9DD
330
2AF
100
AcDbEntity
  8
0
  6
Continuous
 62
     7
100
AcDbLine
 10
9.701517960399997
 20
39.97499951643996
 30
0.0
 11
9.701517960399997
 21
37.02499942966
 31
0.0
  0
LINE
  5
9DE
330
2AF
100
AcDbEntity
  8
0
  6
Continuous
 62
     7
100
AcDbLine
 10
9.70151803660002
 20
36.4749995162
 30
0.0
 11
9.70151803660002
 21
33.52499942941998
 31
0.0
  0
LINE
  5
9DF
330
2AF
100
AcDbEntity
  8
0
  6
Continuous
 62
     7
100
AcDbLine
 10
9.701518112800017
 20
32.97499951595998
 30
0.0
 11
9.701518112800017
 21
30.02499942917999
 31
0.0
  0
LINE
  5
9E0
330
2AF
100
AcDbEntity
  8
0
  6
Continuous
 62
     7
100
AcDbLine
 10
9.701518189000012
 20
29.47499951826001
 30
0.0
 11
9.701518189000012
 21
26.52499943147998
 31
0.0
  0
LINE
  5
9E1
330
2AF
100
AcDbEntity
  8
0
  6
Continuous
 62
     7
100
AcDbLine
 10
9.701518265200036
 20
25.97499951802001
 30
0.0
 11
9.701518265200036
 21
23.02499943123999
 31
0.0
  0
LINE
  5
9E2
330
2AF
100
AcDbEntity
  8
02___PRT_ALL_AXES
  6
Continuous
 62
     7
100
AcDbLine
 10
9.899999999299979
 20
129.99999999948
 30
0.0
 11
9.899999999299979
 21
124.00000000052
 31
0.0
  0
LINE
  5
9E3
330
2AF
100
AcDbEntity
  8
02___PRT_ALL_AXES
  6
Continuous
 62
     7
100
AcDbLine
 10
9.899999999299979
 20
5.999999998959993
 30
0.0
 11
9.899999999299979
 21
0.0
 31
0.0
  0
LINE
  5
9E4
330
2AF
100
AcDbEntity
  8
0
  6
Continuous
 62
     7
100
AcDbLine
 10
10.24999998001999
 20
20.00000000754002
 30
0.0
 11
10.24999998001999
 21
22.00000000803999
 31
0.0
  0
LINE
  5
9E5
330
2AF
100
AcDbEntity
  8
0
  6
Continuous
 62
     7
100
AcDbLine
 10
10.24999998001999
 20
23.50000000777999
 30
0.0
 11
10.24999998001999
 21
25.50000000827998
 31
0.0
  0
LINE
  5
9E6
330
2AF
100
AcDbEntity
  8
0
  6
Continuous
 62
     7
100
AcDbLine
 10
10.24999998001999
 20
27.00000000802001
 30
0.0
 11
10.24999998001999
 21
29.00000000852
 31
0.0
  0
LINE
  5
9E7
330
2AF
100
AcDbEntity
  8
0
  6
Continuous
 62
     7
100
AcDbLine
 10
10.24999998001999
 20
30.50000000825997
 30
0.0
 11
10.24999998001999
 21
32.50000000622001
 31
0.0
  0
LINE
  5
9E8
330
2AF
100
AcDbEntity
  8
0
  6
Continuous
 62
     7
100
AcDbLine
 10
10.24999998001999
 20
34.00000000850002
 30
0.0
 11
10.24999998001999
 21
36.00000000645997
 31
0.0
  0
LINE
  5
9E9
330
2AF
100
AcDbEntity
  8
0
  6
Continuous
 62
     7
100
AcDbLine
 10
10.24999998001999
 20
37.5000000062
 30
0.0
 11
10.24999998001999
 21
39.50000000670002
 31
0.0
  0
LINE
  5
9EA
330
2AF
100
AcDbEntity
  8
0
  6
Continuous
 62
     7
100
AcDbLine
 10
10.24999998001999
 20
41.00000000643996
 30
0.0
 11
10.24999998001999
 21
43.00000000693996
 31
0.0
  0
LINE
  5
9EB
330
2AF
100
AcDbEntity
  8
0
  6
Continuous
 62
     7
100
AcDbLine
 10
10.24999998001999
 20
44.50000000668001
 30
0.0
 11
10.24999998001999
 21
46.50000000717998
 31
0.0
  0
LINE
  5
9EC
330
2AF
100
AcDbEntity
  8
0
  6
Continuous
 62
     7
100
AcDbLine
 10
10.24999998001999
 20
48.00000000691998
 30
0.0
 11
10.24999998001999
 21
50.00000000741997
 31
0.0
  0
LINE
  5
9ED
330
2AF
100
AcDbEntity
  8
0
  6
Continuous
 62
     7
100
AcDbLine
 10
10.24999998001999
 20
51.50000000715997
 30
0.0
 11
10.24999998001999
 21
53.50000000765999
 31
0.0
  0
LINE
  5
9EE
330
2AF
100
AcDbEntity
  8
0
  6
Continuous
 62
     7
100
AcDbLine
 10
10.24999998001999
 20
55.00000000739999
 30
0.0
 11
10.24999998001999
 21
57.00000000789998
 31
0.0
  0
LINE
  5
9EF
330
2AF
100
AcDbEntity
  8
0
  6
Continuous
 62
     7
100
AcDbLine
 10
10.24999998001999
 20
58.50000000763998
 30
0.0
 11
10.24999998001999
 21
60.50000000814001
 31
0.0
  0
LINE
  5
9F0
330
2AF
100
AcDbEntity
  8
0
  6
Continuous
 62
     7
100
AcDbLine
 10
10.24999998001999
 20
62.00000000788
 30
0.0
 11
10.24999998001999
 21
64.00000000837997
 31
0.0
  0
LINE
  5
9F1
330
2AF
100
AcDbEntity
  8
0
  6
Continuous
 62
     7
100
AcDbLine
 10
10.24999998001999
 20
65.50000000812
 30
0.0
 11
10.24999998001999
 21
67.50000000608003
 31
0.0
  0
LINE
  5
9F2
330
2AF
100
AcDbEntity
  8
0
  6
Continuous
 62
     7
100
AcDbLine
 10
10.24999998001999
 20
69.00000000835996
 30
0.0
 11
10.24999998001999
 21
71.00000000631996
 31
0.0
  0
LINE
  5
9F3
330
2AF
100
AcDbEntity
  8
0
  6
Continuous
 62
     7
100
AcDbLine
 10
10.24999998001999
 20
72.50000000860001
 30
0.0
 11
10.24999998001999
 21
74.50000000655999
 31
0.0
  0
LINE
  5
9F4
330
2AF
100
AcDbEntity
  8
0
  6
Continuous
 62
     7
100
AcDbLine
 10
10.24999998001999
 20
76.00000000629998
 30
0.0
 11
10.24999998001999
 21
78.00000000679998
 31
0.0
  0
LINE
  5
9F5
330
2AF
100
AcDbEntity
  8
0
  6
Continuous
 62
     7
100
AcDbLine
 10
10.24999998001999
 20
79.50000000653998
 30
0.0
 11
10.24999998001999
 21
81.50000000704
 31
0.0
  0
LINE
  5
9F6
330
2AF
100
AcDbEntity
  8
0
  6
Continuous
 62
     7
100
AcDbLine
 10
10.84999999921999
 20
20.60000000641998
 30
0.0
 11
10.84999999921999
 21
21.40000000661999
 31
0.0
  0
LINE
  5
9F7
330
2AF
100
AcDbEntity
  8
0
  6
Continuous
 62
     7
100
AcDbLine
 10
10.84999999921999
 20
24.10000000666
 30
0.0
 11
10.84999999921999
 21
24.90000000685998
 31
0.0
  0
LINE
  5
9F8
330
2AF
100
AcDbEntity
  8
0
  6
Continuous
 62
     7
100
AcDbLine
 10
10.84999999921999
 20
27.60000000689999
 30
0.0
 11
10.84999999921999
 21
28.4000000071
 31
0.0
  0
LINE
  5
9F9
330
2AF
100
AcDbEntity
  8
0
  6
Continuous
 62
     7
100
AcDbLine
 10
10.84999999921999
 20
31.10000000714001
 30
0.0
 11
10.84999999921999
 21
31.90000000734
 31
0.0
  0
LINE
  5
9FA
330
2AF
100
AcDbEntity
  8
0
  6
Continuous
 62
     7
100
AcDbLine
 10
10.84999999921999
 20
34.60000000738
 30
0.0
 11
10.84999999921999
 21
35.40000000757999
 31
0.0
  0
LINE
  5
9FB
330
2AF
100
AcDbEntity
  8
0
  6
Continuous
 62
     7
100
AcDbLine
 10
10.84999999921999
 20
38.10000000762
 30
0.0
 11
10.84999999921999
 21
38.90000000782001
 31
0.0
  0
LINE
  5
9FC
330
2AF
100
AcDbEntity
  8
0
  6
Continuous
 62
     7
100
AcDbLine
 10
10.84999999921999
 20
41.60000000785999
 30
0.0
 11
10.84999999921999
 21
42.40000000806
 31
0.0
  0
LINE
  5
9FD
330
2AF
100
AcDbEntity
  8
0
  6
Continuous
 62
     7
100
AcDbLine
 10
10.84999999921999
 20
45.10000000810001
 30
0.0
 11
10.84999999921999
 21
45.90000000829997
 31
0.0
  0
LINE
  5
9FE
330
2AF
100
AcDbEntity
  8
0
  6
Continuous
 62
     7
100
AcDbLine
 10
10.84999999921999
 20
48.60000000833998
 30
0.0
 11
10.84999999921999
 21
49.40000000853999
 31
0.0
  0
LINE
  5
9FF
330
2AF
100
AcDbEntity
  8
0
  6
Continuous
 62
     7
100
AcDbLine
 10
10.84999999921999
 20
52.10000000858003
 30
0.0
 11
10.84999999921999
 21
52.90000000623999
 31
0.0
  0
LINE
  5
A00
330
2AF
100
AcDbEntity
  8
0
  6
Continuous
 62
     7
100
AcDbLine
 10
10.84999999921999
 20
55.60000000628
 30
0.0
 11
10.84999999921999
 21
56.40000000647998
 31
0.0
  0
LINE
  5
A01
330
2AF
100
AcDbEntity
  8
0
  6
Continuous
 62
     7
100
AcDbLine
 10
10.84999999921999
 20
59.10000000651999
 30
0.0
 11
10.84999999921999
 21
59.90000000672001
 31
0.0
  0
LINE
  5
A02
330
2AF
100
AcDbEntity
  8
0
  6
Continuous
 62
     7
100
AcDbLine
 10
10.84999999921999
 20
62.60000000675998
 30
0.0
 11
10.84999999921999
 21
63.40000000695997
 31
0.0
  0
LINE
  5
A03
330
2AF
100
AcDbEntity
  8
0
  6
Continuous
 62
     7
100
AcDbLine
 10
10.84999999921999
 20
66.100000007
 30
0.0
 11
10.84999999921999
 21
66.90000000719996
 31
0.0
  0
LINE
  5
A04
330
2AF
100
AcDbEntity
  8
0
  6
Continuous
 62
     7
100
AcDbLine
 10
10.84999999921999
 20
69.60000000724
 30
0.0
 11
10.84999999921999
 21
70.40000000743998
 31
0.0
  0
LINE
  5
A05
330
2AF
100
AcDbEntity
  8
0
  6
Continuous
 62
     7
100
AcDbLine
 10
10.84999999921999
 20
73.10000000747996
 30
0.0
 11
10.84999999921999
 21
73.90000000767998
 31
0.0
  0
LINE
  5
A06
330
2AF
100
AcDbEntity
  8
0
  6
Continuous
 62
     7
100
AcDbLine
 10
10.84999999921999
 20
76.60000000771998
 30
0.0
 11
10.84999999921999
 21
77.40000000792
 31
0.0
  0
LINE
  5
A07
330
2AF
100
AcDbEntity
  8
0
  6
Continuous
 62
     7
100
AcDbLine
 10
10.84999999921999
 20
80.10000000795998
 30
0.0
 11
10.84999999921999
 21
80.90000000815999
 31
0.0
  0
LINE
  5
A08
330
2AF
100
AcDbEntity
  8
03___PRT_ALL_CURVES
  6
Continuous
 62
     4
100
AcDbLine
 10
11.26858791744002
 20
121.74999999964
 30
0.0
 11
11.26858791744002
 21
121.13267394956
 31
0.0
  0
LINE
  5
A09
330
2AF
100
AcDbEntity
  8
0
  6
Continuous
 62
     7
100
AcDbLine
 10
11.64999999942
 20
80.90000000815999
 30
0.0
 11
11.64999999942
 21
80.10000000795998
 31
0.0
  0
LINE
  5
A0A
330
2AF
100
AcDbEntity
  8
0
  6
Continuous
 62
     7
100
AcDbLine
 10
11.64999999942
 20
77.40000000792
 30
0.0
 11
11.64999999942
 21
76.60000000771998
 31
0.0
  0
LINE
  5
A0B
330
2AF
100
AcDbEntity
  8
0
  6
Continuous
 62
     7
100
AcDbLine
 10
11.64999999942
 20
73.90000000767998
 30
0.0
 11
11.64999999942
 21
73.10000000747996
 31
0.0
  0
LINE
  5
A0C
330
2AF
100
AcDbEntity
  8
0
  6
Continuous
 62
     7
100
AcDbLine
 10
11.64999999942
 20
70.40000000743998
 30
0.0
 11
11.64999999942
 21
69.60000000724
 31
0.0
  0
LINE
  5
A0D
330
2AF
100
AcDbEntity
  8
0
  6
Continuous
 62
     7
100
AcDbLine
 10
11.64999999942
 20
66.90000000719996
 30
0.0
 11
11.64999999942
 21
66.100000007
 31
0.0
  0
LINE
  5
A0E
330
2AF
100
AcDbEntity
  8
0
  6
Continuous
 62
     7
100
AcDbLine
 10
11.64999999942
 20
63.40000000695997
 30
0.0
 11
11.64999999942
 21
62.60000000675998
 31
0.0
  0
LINE
  5
A0F
330
2AF
100
AcDbEntity
  8
0
  6
Continuous
 62
     7
100
AcDbLine
 10
11.64999999942
 20
59.90000000672001
 30
0.0
 11
11.64999999942
 21
59.10000000651999
 31
0.0
  0
LINE
  5
A10
330
2AF
100
AcDbEntity
  8
0
  6
Continuous
 62
     7
100
AcDbLine
 10
11.64999999942
 20
56.40000000647998
 30
0.0
 11
11.64999999942
 21
55.60000000628
 31
0.0
  0
LINE
  5
A11
330
2AF
100
AcDbEntity
  8
0
  6
Continuous
 62
     7
100
AcDbLine
 10
11.64999999942
 20
52.90000000623999
 30
0.0
 11
11.64999999942
 21
52.10000000858003
 31
0.0
  0
LINE
  5
A12
330
2AF
100
AcDbEntity
  8
0
  6
Continuous
 62
     7
100
AcDbLine
 10
11.64999999942
 20
49.40000000853999
 30
0.0
 11
11.64999999942
 21
48.60000000833998
 31
0.0
  0
LINE
  5
A13
330
2AF
100
AcDbEntity
  8
0
  6
Continuous
 62
     7
100
AcDbLine
 10
11.64999999942
 20
45.90000000829997
 30
0.0
 11
11.64999999942
 21
45.10000000810001
 31
0.0
  0
LINE
  5
A14
330
2AF
100
AcDbEntity
  8
0
  6
Continuous
 62
     7
100
AcDbLine
 10
11.64999999942
 20
42.40000000806
 30
0.0
 11
11.64999999942
 21
41.60000000785999
 31
0.0
  0
LINE
  5
A15
330
2AF
100
AcDbEntity
  8
0
  6
Continuous
 62
     7
100
AcDbLine
 10
11.64999999942
 20
38.90000000782001
 30
0.0
 11
11.64999999942
 21
38.10000000762
 31
0.0
  0
LINE
  5
A16
330
2AF
100
AcDbEntity
  8
0
  6
Continuous
 62
     7
100
AcDbLine
 10
11.64999999942
 20
35.40000000757999
 30
0.0
 11
11.64999999942
 21
34.60000000738
 31
0.0
  0
LINE
  5
A17
330
2AF
100
AcDbEntity
  8
0
  6
Continuous
 62
     7
100
AcDbLine
 10
11.64999999942
 20
31.90000000734
 30
0.0
 11
11.64999999942
 21
31.10000000714001
 31
0.0
  0
LINE
  5
A18
330
2AF
100
AcDbEntity
  8
0
  6
Continuous
 62
     7
100
AcDbLine
 10
11.64999999942
 20
28.4000000071
 30
0.0
 11
11.64999999942
 21
27.60000000689999
 31
0.0
  0
LINE
  5
A19
330
2AF
100
AcDbEntity
  8
0
  6
Continuous
 62
     7
100
AcDbLine
 10
11.64999999942
 20
24.90000000685998
 30
0.0
 11
11.64999999942
 21
24.10000000666
 31
0.0
  0
LINE
  5
A1A
330
2AF
100
AcDbEntity
  8
0
  6
Continuous
 62
     7
100
AcDbLine
 10
11.64999999942
 20
21.40000000661999
 30
0.0
 11
11.64999999942
 21
20.60000000641998
 31
0.0
  0
LINE
  5
A1B
330
2AF
100
AcDbEntity
  8
0
  6
Continuous
 62
     7
100
AcDbLine
 10
12.02499975742001
 20
22.57500000612001
 30
0.0
 11
12.02499975742001
 21
22.92500000716001
 31
0.0
  0
LINE
  5
A1C
330
2AF
100
AcDbEntity
  8
0
  6
Continuous
 62
     7
100
AcDbLine
 10
12.02499975742001
 20
26.07500000636
 30
0.0
 11
12.02499975742001
 21
26.4250000074
 31
0.0
  0
LINE
  5
A1D
330
2AF
100
AcDbEntity
  8
0
  6
Continuous
 62
     7
100
AcDbLine
 10
12.02499975742001
 20
29.57500000659999
 30
0.0
 11
12.02499975742001
 21
29.92500000763999
 31
0.0
  0
LINE
  5
A1E
330
2AF
100
AcDbEntity
  8
0
  6
Continuous
 62
     7
100
AcDbLine
 10
12.02499975742001
 20
33.07500000683999
 30
0.0
 11
12.02499975742001
 21
33.42500000787999
 31
0.0
  0
LINE
  5
A1F
330
2AF
100
AcDbEntity
  8
0
  6
Continuous
 62
     7
100
AcDbLine
 10
12.02499975742001
 20
36.57500000708001
 30
0.0
 11
12.02499975742001
 21
36.92500000812001
 31
0.0
  0
LINE
  5
A20
330
2AF
100
AcDbEntity
  8
0
  6
Continuous
 62
     7
100
AcDbLine
 10
12.02499975742001
 20
40.07500000732
 30
0.0
 11
12.02499975742001
 21
40.42500000835997
 31
0.0
  0
LINE
  5
A21
330
2AF
100
AcDbEntity
  8
0
  6
Continuous
 62
     7
100
AcDbLine
 10
12.02499975742001
 20
43.57500000755999
 30
0.0
 11
12.02499975742001
 21
43.92500000860002
 31
0.0
  0
LINE
  5
A22
330
2AF
100
AcDbEntity
  8
0
  6
Continuous
 62
     7
100
AcDbLine
 10
12.02499975742001
 20
47.07500000779996
 30
0.0
 11
12.02499975742001
 21
47.42500000629997
 31
0.0
  0
LINE
  5
A23
330
2AF
100
AcDbEntity
  8
0
  6
Continuous
 62
     7
100
AcDbLine
 10
12.02499975742001
 20
50.57500000550002
 30
0.0
 11
12.02499975742001
 21
50.92500000653999
 31
0.0
  0
LINE
  5
A24
330
2AF
100
AcDbEntity
  8
0
  6
Continuous
 62
     7
100
AcDbLine
 10
12.02499975742001
 20
54.07500000573998
 30
0.0
 11
12.02499975742001
 21
54.42500000677998
 31
0.0
  0
LINE
  5
A25
330
2AF
100
AcDbEntity
  8
0
  6
Continuous
 62
     7
100
AcDbLine
 10
12.02499975742001
 20
57.57500000597997
 30
0.0
 11
12.02499975742001
 21
57.92500000702
 31
0.0
  0
LINE
  5
A26
330
2AF
100
AcDbEntity
  8
0
  6
Continuous
 62
     7
100
AcDbLine
 10
12.02499975742001
 20
61.07500000621999
 30
0.0
 11
12.02499975742001
 21
61.42500000726
 31
0.0
  0
LINE
  5
A27
330
2AF
100
AcDbEntity
  8
0
  6
Continuous
 62
     7
100
AcDbLine
 10
12.02499975742001
 20
64.57500000645999
 30
0.0
 11
12.02499975742001
 21
64.92500000750002
 31
0.0
  0
LINE
  5
A28
330
2AF
100
AcDbEntity
  8
0
  6
Continuous
 62
     7
100
AcDbLine
 10
12.02499975742001
 20
68.07500000670001
 30
0.0
 11
12.02499975742001
 21
68.42500000773998
 31
0.0
  0
LINE
  5
A29
330
2AF
100
AcDbEntity
  8
0
  6
Continuous
 62
     7
100
AcDbLine
 10
12.02499975742001
 20
71.57500000693997
 30
0.0
 11
12.02499975742001
 21
71.92500000797997
 31
0.0
  0
LINE
  5
A2A
330
2AF
100
AcDbEntity
  8
0
  6
Continuous
 62
     7
100
AcDbLine
 10
12.02499975742001
 20
75.07500000717997
 30
0.0
 11
12.02499975742001
 21
75.42500000822
 31
0.0
  0
LINE
  5
A2B
330
2AF
100
AcDbEntity
  8
0
  6
Continuous
 62
     7
100
AcDbLine
 10
12.02499975742001
 20
78.57500000741999
 30
0.0
 11
12.02499975742001
 21
78.92500000845999
 31
0.0
  0
LINE
  5
A2C
330
2AF
100
AcDbEntity
  8
03___PRT_ALL_CURVES
  6
Continuous
 62
     4
100
AcDbLine
 10
12.05644598612002
 20
121.13267394956
 30
0.0
 11
12.05644598612002
 21
119.25000000092
 31
0.0
  0
LINE
  5
A2D
330
2AF
100
AcDbEntity
  8
0
  6
Continuous
 62
     7
100
AcDbLine
 10
12.24999998052002
 20
81.50000000704
 30
0.0
 11
12.24999998052002
 21
79.50000000653998
 31
0.0
  0
LINE
  5
A2E
330
2AF
100
AcDbEntity
  8
0
  6
Continuous
 62
     7
100
AcDbLine
 10
12.24999998052002
 20
78.00000000679998
 30
0.0
 11
12.24999998052002
 21
76.00000000629998
 31
0.0
  0
LINE
  5
A2F
330
2AF
100
AcDbEntity
  8
0
  6
Continuous
 62
     7
100
AcDbLine
 10
12.24999998052002
 20
74.50000000655999
 30
0.0
 11
12.24999998052002
 21
72.50000000860001
 31
0.0
  0
LINE
  5
A30
330
2AF
100
AcDbEntity
  8
0
  6
Continuous
 62
     7
100
AcDbLine
 10
12.24999998052002
 20
71.00000000631996
 30
0.0
 11
12.24999998052002
 21
69.00000000835996
 31
0.0
  0
LINE
  5
A31
330
2AF
100
AcDbEntity
  8
0
  6
Continuous
 62
     7
100
AcDbLine
 10
12.24999998052002
 20
67.50000000608003
 30
0.0
 11
12.24999998052002
 21
65.50000000812
 31
0.0
  0
LINE
  5
A32
330
2AF
100
AcDbEntity
  8
0
  6
Continuous
 62
     7
100
AcDbLine
 10
12.24999998052002
 20
64.00000000837997
 30
0.0
 11
12.24999998052002
 21
62.00000000788
 31
0.0
  0
LINE
  5
A33
330
2AF
100
AcDbEntity
  8
0
  6
Continuous
 62
     7
100
AcDbLine
 10
12.24999998052002
 20
60.50000000814001
 30
0.0
 11
12.24999998052002
 21
58.50000000763998
 31
0.0
  0
LINE
  5
A34
330
2AF
100
AcDbEntity
  8
0
  6
Continuous
 62
     7
100
AcDbLine
 10
12.24999998052002
 20
57.00000000789998
 30
0.0
 11
12.24999998052002
 21
55.00000000739999
 31
0.0
  0
LINE
  5
A35
330
2AF
100
AcDbEntity
  8
0
  6
Continuous
 62
     7
100
AcDbLine
 10
12.24999998052002
 20
53.50000000765999
 30
0.0
 11
12.24999998052002
 21
51.50000000715997
 31
0.0
  0
LINE
  5
A36
330
2AF
100
AcDbEntity
  8
0
  6
Continuous
 62
     7
100
AcDbLine
 10
12.24999998052002
 20
50.00000000741997
 30
0.0
 11
12.24999998052002
 21
48.00000000691998
 31
0.0
  0
LINE
  5
A37
330
2AF
100
AcDbEntity
  8
0
  6
Continuous
 62
     7
100
AcDbLine
 10
12.24999998052002
 20
46.50000000717998
 30
0.0
 11
12.24999998052002
 21
44.50000000668001
 31
0.0
  0
LINE
  5
A38
330
2AF
100
AcDbEntity
  8
0
  6
Continuous
 62
     7
100
AcDbLine
 10
12.24999998052002
 20
43.00000000693996
 30
0.0
 11
12.24999998052002
 21
41.00000000643996
 31
0.0
  0
LINE
  5
A39
330
2AF
100
AcDbEntity
  8
0
  6
Continuous
 62
     7
100
AcDbLine
 10
12.24999998052002
 20
39.50000000670002
 30
0.0
 11
12.24999998052002
 21
37.5000000062
 31
0.0
  0
LINE
  5
A3A
330
2AF
100
AcDbEntity
  8
0
  6
Continuous
 62
     7
100
AcDbLine
 10
12.24999998052002
 20
36.00000000645997
 30
0.0
 11
12.24999998052002
 21
34.00000000850002
 31
0.0
  0
LINE
  5
A3B
330
2AF
100
AcDbEntity
  8
0
  6
Continuous
 62
     7
100
AcDbLine
 10
12.24999998052002
 20
32.50000000622001
 30
0.0
 11
12.24999998052002
 21
30.50000000825997
 31
0.0
  0
LINE
  5
A3C
330
2AF
100
AcDbEntity
  8
0
  6
Continuous
 62
     7
100
AcDbLine
 10
12.24999998052002
 20
29.00000000852
 30
0.0
 11
12.24999998052002
 21
27.00000000802001
 31
0.0
  0
LINE
  5
A3D
330
2AF
100
AcDbEntity
  8
0
  6
Continuous
 62
     7
100
AcDbLine
 10
12.24999998052002
 20
25.50000000827998
 30
0.0
 11
12.24999998052002
 21
23.50000000777999
 31
0.0
  0
LINE
  5
A3E
330
2AF
100
AcDbEntity
  8
0
  6
Continuous
 62
     7
100
AcDbLine
 10
12.24999998052002
 20
22.00000000803999
 30
0.0
 11
12.24999998052002
 21
20.00000000754002
 31
0.0
  0
LINE
  5
A3F
330
2AF
100
AcDbEntity
  8
0
  6
Continuous
 62
     7
100
AcDbLine
 10
12.74999997874002
 20
81.50000000704
 30
0.0
 11
12.74999997874002
 21
79.50000000653998
 31
0.0
  0
LINE
  5
A40
330
2AF
100
AcDbEntity
  8
0
  6
Continuous
 62
     7
100
AcDbLine
 10
12.74999997874002
 20
78.00000000679998
 30
0.0
 11
12.74999997874002
 21
76.00000000629998
 31
0.0
  0
LINE
  5
A41
330
2AF
100
AcDbEntity
  8
0
  6
Continuous
 62
     7
100
AcDbLine
 10
12.74999997874002
 20
74.50000000655999
 30
0.0
 11
12.74999997874002
 21
72.50000000860001
 31
0.0
  0
LINE
  5
A42
330
2AF
100
AcDbEntity
  8
0
  6
Continuous
 62
     7
100
AcDbLine
 10
12.74999997874002
 20
71.00000000631996
 30
0.0
 11
12.74999997874002
 21
69.00000000835996
 31
0.0
  0
LINE
  5
A43
330
2AF
100
AcDbEntity
  8
0
  6
Continuous
 62
     7
100
AcDbLine
 10
12.74999997874002
 20
67.50000000608003
 30
0.0
 11
12.74999997874002
 21
65.50000000812
 31
0.0
  0
LINE
  5
A44
330
2AF
100
AcDbEntity
  8
0
  6
Continuous
 62
     7
100
AcDbLine
 10
12.74999997874002
 20
64.00000000837997
 30
0.0
 11
12.74999997874002
 21
62.00000000788
 31
0.0
  0
LINE
  5
A45
330
2AF
100
AcDbEntity
  8
0
  6
Continuous
 62
     7
100
AcDbLine
 10
12.74999997874002
 20
60.50000000814001
 30
0.0
 11
12.74999997874002
 21
58.50000000763998
 31
0.0
  0
LINE
  5
A46
330
2AF
100
AcDbEntity
  8
0
  6
Continuous
 62
     7
100
AcDbLine
 10
12.74999997874002
 20
57.00000000789998
 30
0.0
 11
12.74999997874002
 21
55.00000000739999
 31
0.0
  0
LINE
  5
A47
330
2AF
100
AcDbEntity
  8
0
  6
Continuous
 62
     7
100
AcDbLine
 10
12.74999997874002
 20
53.50000000765999
 30
0.0
 11
12.74999997874002
 21
51.50000000715997
 31
0.0
  0
LINE
  5
A48
330
2AF
100
AcDbEntity
  8
0
  6
Continuous
 62
     7
100
AcDbLine
 10
12.74999997874002
 20
50.00000000741997
 30
0.0
 11
12.74999997874002
 21
48.00000000691998
 31
0.0
  0
LINE
  5
A49
330
2AF
100
AcDbEntity
  8
0
  6
Continuous
 62
     7
100
AcDbLine
 10
12.74999997874002
 20
46.50000000717998
 30
0.0
 11
12.74999997874002
 21
44.50000000668001
 31
0.0
  0
LINE
  5
A4A
330
2AF
100
AcDbEntity
  8
0
  6
Continuous
 62
     7
100
AcDbLine
 10
12.74999997874002
 20
43.00000000693996
 30
0.0
 11
12.74999997874002
 21
41.00000000643996
 31
0.0
  0
LINE
  5
A4B
330
2AF
100
AcDbEntity
  8
0
  6
Continuous
 62
     7
100
AcDbLine
 10
12.74999997874002
 20
39.50000000670002
 30
0.0
 11
12.74999997874002
 21
37.5000000062
 31
0.0
  0
LINE
  5
A4C
330
2AF
100
AcDbEntity
  8
0
  6
Continuous
 62
     7
100
AcDbLine
 10
12.74999997874002
 20
36.00000000645997
 30
0.0
 11
12.74999997874002
 21
34.00000000850002
 31
0.0
  0
LINE
  5
A4D
330
2AF
100
AcDbEntity
  8
0
  6
Continuous
 62
     7
100
AcDbLine
 10
12.74999997874002
 20
32.50000000622001
 30
0.0
 11
12.74999997874002
 21
30.50000000825997
 31
0.0
  0
LINE
  5
A4E
330
2AF
100
AcDbEntity
  8
0
  6
Continuous
 62
     7
100
AcDbLine
 10
12.74999997874002
 20
29.00000000852
 30
0.0
 11
12.74999997874002
 21
27.00000000802001
 31
0.0
  0
LINE
  5
A4F
330
2AF
100
AcDbEntity
  8
0
  6
Continuous
 62
     7
100
AcDbLine
 10
12.74999997874002
 20
25.50000000827998
 30
0.0
 11
12.74999997874002
 21
23.50000000777999
 31
0.0
  0
LINE
  5
A50
330
2AF
100
AcDbEntity
  8
0
  6
Continuous
 62
     7
100
AcDbLine
 10
12.74999997874002
 20
22.00000000803999
 30
0.0
 11
12.74999997874002
 21
20.00000000754002
 31
0.0
  0
LINE
  5
A51
330
2AF
100
AcDbEntity
  8
03___PRT_ALL_CURVES
  6
Continuous
 62
     4
100
AcDbLine
 10
12.8289561556
 20
119.25000000092
 30
0.0
 11
12.8289561556
 21
121.13267394956
 31
0.0
  0
LINE
  5
A52
330
2AF
100
AcDbEntity
  8
0
  6
Continuous
 62
     7
100
AcDbLine
 10
13.34999964234004
 20
20.60000000641998
 30
0.0
 11
13.34999964234004
 21
21.40000000661999
 31
0.0
  0
LINE
  5
A53
330
2AF
100
AcDbEntity
  8
0
  6
Continuous
 62
     7
100
AcDbLine
 10
13.34999964234004
 20
24.10000000666
 30
0.0
 11
13.34999964234004
 21
24.90000000685998
 31
0.0
  0
LINE
  5
A54
330
2AF
100
AcDbEntity
  8
0
  6
Continuous
 62
     7
100
AcDbLine
 10
13.34999964234004
 20
27.60000000689999
 30
0.0
 11
13.34999964234004
 21
28.4000000071
 31
0.0
  0
LINE
  5
A55
330
2AF
100
AcDbEntity
  8
0
  6
Continuous
 62
     7
100
AcDbLine
 10
13.34999964234004
 20
31.10000000714001
 30
0.0
 11
13.34999964234004
 21
31.90000000734
 31
0.0
  0
LINE
  5
A56
330
2AF
100
AcDbEntity
  8
0
  6
Continuous
 62
     7
100
AcDbLine
 10
13.34999964234004
 20
34.60000000738
 30
0.0
 11
13.34999964234004
 21
35.40000000757999
 31
0.0
  0
LINE
  5
A57
330
2AF
100
AcDbEntity
  8
0
  6
Continuous
 62
     7
100
AcDbLine
 10
13.34999964234004
 20
38.10000000762
 30
0.0
 11
13.34999964234004
 21
38.90000000782001
 31
0.0
  0
LINE
  5
A58
330
2AF
100
AcDbEntity
  8
0
  6
Continuous
 62
     7
100
AcDbLine
 10
13.34999964234004
 20
41.60000000785999
 30
0.0
 11
13.34999964234004
 21
42.40000000806
 31
0.0
  0
LINE
  5
A59
330
2AF
100
AcDbEntity
  8
0
  6
Continuous
 62
     7
100
AcDbLine
 10
13.34999964234004
 20
45.10000000810001
 30
0.0
 11
13.34999964234004
 21
45.90000000829997
 31
0.0
  0
LINE
  5
A5A
330
2AF
100
AcDbEntity
  8
0
  6
Continuous
 62
     7
100
AcDbLine
 10
13.34999964234004
 20
48.60000000833998
 30
0.0
 11
13.34999964234004
 21
49.40000000853999
 31
0.0
  0
LINE
  5
A5B
330
2AF
100
AcDbEntity
  8
0
  6
Continuous
 62
     7
100
AcDbLine
 10
13.34999964234004
 20
52.10000000858003
 30
0.0
 11
13.34999964234004
 21
52.90000000623999
 31
0.0
  0
LINE
  5
A5C
330
2AF
100
AcDbEntity
  8
0
  6
Continuous
 62
     7
100
AcDbLine
 10
13.34999964234004
 20
55.60000000628
 30
0.0
 11
13.34999964234004
 21
56.40000000647998
 31
0.0
  0
LINE
  5
A5D
330
2AF
100
AcDbEntity
  8
0
  6
Continuous
 62
     7
100
AcDbLine
 10
13.34999964234004
 20
59.10000000651999
 30
0.0
 11
13.34999964234004
 21
59.90000000672001
 31
0.0
  0
LINE
  5
A5E
330
2AF
100
AcDbEntity
  8
0
  6
Continuous
 62
     7
100
AcDbLine
 10
13.34999964234004
 20
62.60000000675998
 30
0.0
 11
13.34999964234004
 21
63.40000000695997
 31
0.0
  0
LINE
  5
A5F
330
2AF
100
AcDbEntity
  8
0
  6
Continuous
 62
     7
100
AcDbLine
 10
13.34999964234004
 20
66.100000007
 30
0.0
 11
13.34999964234004
 21
66.90000000719996
 31
0.0
  0
LINE
  5
A60
330
2AF
100
AcDbEntity
  8
0
  6
Continuous
 62
     7
100
AcDbLine
 10
13.34999964234004
 20
69.60000000724
 30
0.0
 11
13.34999964234004
 21
70.40000000743998
 31
0.0
  0
LINE
  5
A61
330
2AF
100
AcDbEntity
  8
0
  6
Continuous
 62
     7
100
AcDbLine
 10
13.34999964234004
 20
73.10000000747996
 30
0.0
 11
13.34999964234004
 21
73.90000000767998
 31
0.0
  0
LINE
  5
A62
330
2AF
100
AcDbEntity
  8
0
  6
Continuous
 62
     7
100
AcDbLine
 10
13.34999964234004
 20
76.60000000771998
 30
0.0
 11
13.34999964234004
 21
77.40000000792
 31
0.0
  0
LINE
  5
A63
330
2AF
100
AcDbEntity
  8
0
  6
Continuous
 62
     7
100
AcDbLine
 10
13.34999964234004
 20
80.10000000795998
 30
0.0
 11
13.34999964234004
 21
80.90000000815999
 31
0.0
  0
LINE
  5
A64
330
2AF
100
AcDbEntity
  8
03___PRT_ALL_CURVES
  6
Continuous
 62
     4
100
AcDbLine
 10
3.206139140160019
 20
21.02953615268001
 30
0.0
 11
3.239563470060006
 21
21.23963166339996
 31
0.0
  0
LINE
  5
A65
330
2AF
100
AcDbEntity
  8
03___PRT_ALL_CURVES
  6
Continuous
 62
     4
100
AcDbLine
 10
2.941609887660007
 20
21.54999999872001
 30
0.0
 11
2.818417482279983
 21
20.79747614182
 31
0.0
  0
LINE
  5
A66
330
2AF
100
AcDbEntity
  8
03___PRT_ALL_CURVES
  6
Continuous
 62
     4
100
AcDbLine
 10
22.82912690198
 20
77.72387454432001
 30
0.0
 11
22.12053207838002
 21
76.88158252812002
 31
0.0
  0
LINE
  5
A67
330
2AF
100
AcDbEntity
  8
0
  6
Continuous
 62
     2
100
AcDbLine
 10
17.99999999942003
 20
72.21575231954
 30
0.0
 11
18.50000000018002
 21
72.71575232029997
 31
0.0
  0
LINE
  5
A68
330
2AF
100
AcDbEntity
  8
0
  6
Continuous
 62
     7
100
AcDbLine
 10
17.25000000082002
 20
73.90000000513999
 30
0.0
 11
17.74999999904003
 21
74.20043031359998
 31
0.0
  0
LINE
  5
A69
330
2AF
100
AcDbEntity
  8
0
  6
Continuous
 62
     7
100
AcDbLine
 10
17.05291979808001
 20
73.10000000493997
 30
0.0
 11
16.65014920408001
 21
72.85799101728
 31
0.0
  0
LINE
  5
A6A
330
2AF
100
AcDbEntity
  8
0
  6
Continuous
 62
     7
100
AcDbLine
 10
17.25000000082002
 20
70.40000000489997
 30
0.0
 11
17.74999999904003
 21
70.70043031589998
 31
0.0
  0
LINE
  5
A6B
330
2AF
100
AcDbEntity
  8
0
  6
Continuous
 62
     7
100
AcDbLine
 10
17.05291979808001
 20
69.60000000470001
 30
0.0
 11
16.65014920408001
 21
69.35799101704004
 31
0.0
  0
LINE
  5
A6C
330
2AF
100
AcDbEntity
  8
03___PRT_ALL_CURVES
  6
Continuous
 62
     4
100
AcDbLine
 10
3.115893572620024
 20
55.70586630712
 30
0.0
 11
2.722442060820015
 21
55.66289223507999
 31
0.0
  0
LINE
  5
A6D
330
2AF
100
AcDbEntity
  8
03___PRT_ALL_CURVES
  6
Continuous
 62
     4
100
AcDbLine
 10
3.819713587380022
 20
56.70000000083999
 30
0.0
 11
2.896248357860031
 21
56.70000000083999
 31
0.0
  0
LINE
  5
A6E
330
2AF
100
AcDbEntity
  8
0
  6
Continuous
 62
     7
100
AcDbLine
 10
17.74999999904003
 20
56.70043031494001
 30
0.0
 11
17.99999999942003
 21
56.70043031494001
 31
0.0
  0
LINE
  5
A6F
330
2AF
100
AcDbEntity
  8
03___PRT_ALL_CURVES
  6
Continuous
 62
     4
100
AcDbLine
 10
21.71180080796
 20
56.72387454541996
 30
0.0
 11
21.38997272162004
 21
56.72387454541996
 31
0.0
  0
LINE
  5
A70
330
2AF
100
AcDbEntity
  8
03___PRT_ALL_CURVES
  6
Continuous
 62
     4
100
AcDbLine
 10
2.315620751019992
 20
56.72387454541996
 30
0.0
 11
1.993792664680029
 21
56.72387454541996
 31
0.0
  0
LINE
  5
A71
330
2AF
100
AcDbEntity
  8
0
  6
Continuous
 62
     7
100
AcDbLine
 10
15.84999999920001
 20
56.80000000403999
 30
0.0
 11
16.65014920408001
 21
56.80000000403999
 31
0.0
  0
LINE
  5
A72
330
2AF
100
AcDbEntity
  8
0
  6
Continuous
 62
     7
100
AcDbLine
 10
14.74999997923999
 20
57.00000000789998
 30
0.0
 11
12.74999997874002
 21
57.00000000789998
 31
0.0
  0
LINE
  5
A73
330
2AF
100
AcDbEntity
  8
0
  6
Continuous
 62
     7
100
AcDbLine
 10
12.24999998052002
 20
57.00000000789998
 30
0.0
 11
10.24999998001999
 21
57.00000000789998
 31
0.0
  0
LINE
  5
A74
330
2AF
100
AcDbEntity
  8
0
  6
Continuous
 62
     7
100
AcDbLine
 10
8.949997718460025
 20
57.47499951764001
 30
0.0
 11
9.701517579400019
 21
57.47499951764001
 31
0.0
  0
LINE
  5
A75
330
2AF
100
AcDbEntity
  8
0
  6
Continuous
 62
     7
100
AcDbLine
 10
12.02499979298003
 20
57.57500000851999
 30
0.0
 11
8.200000000780022
 21
57.57500000851999
 31
0.0
  0
LINE
  5
A76
330
2AF
100
AcDbEntity
  8
03___PRT_ALL_CURVES
  6
Continuous
 62
     4
100
AcDbLine
 10
1.200000000300008
 20
57.74999999887999
 30
0.0
 11
4.199999999780005
 21
57.74999999887999
 31
0.0
  0
LINE
  5
A77
330
2AF
100
AcDbEntity
  8
03___PRT_ALL_CURVES
  6
Continuous
 62
     4
100
AcDbLine
 10
20.59999999879997
 20
57.74999999887999
 30
0.0
 11
23.60000000082002
 21
57.74999999887999
 31
0.0
  0
LINE
  5
A78
330
2AF
100
AcDbEntity
  8
0
  6
Continuous
 62
     7
100
AcDbLine
 10
8.200000000780022
 20
57.92500000702
 30
0.0
 11
12.02499979298003
 21
57.92500000702
 31
0.0
  0
LINE
  5
A79
330
2AF
100
AcDbEntity
  8
0
  6
Continuous
 62
     7
100
AcDbLine
 10
9.701517503200023
 20
58.02499943109999
 30
0.0
 11
8.949997718460025
 21
58.02499943109999
 31
0.0
  0
LINE
  5
A7A
330
2AF
100
AcDbEntity
  8
0
  6
Continuous
 62
     7
100
AcDbLine
 10
14.74999997923999
 20
58.50000000763998
 30
0.0
 11
12.74999997874002
 21
58.50000000763998
 31
0.0
  0
LINE
  5
A7B
330
2AF
100
AcDbEntity
  8
0
  6
Continuous
 62
     7
100
AcDbLine
 10
12.24999998052002
 20
58.50000000763998
 30
0.0
 11
10.24999998001999
 21
58.50000000763998
 31
0.0
  0
LINE
  5
A7C
330
2AF
100
AcDbEntity
  8
0
  6
Continuous
 62
     7
100
AcDbLine
 10
16.65014920408001
 20
58.70000000387995
 30
0.0
 11
15.84999999920001
 21
58.70000000387995
 31
0.0
  0
LINE
  5
A7D
330
2AF
100
AcDbEntity
  8
0
  6
Continuous
 62
     7
100
AcDbLine
 10
17.99999999942003
 20
58.79956969551998
 30
0.0
 11
17.74999999904003
 21
58.79956969551998
 31
0.0
  0
LINE
  5
A7E
330
2AF
100
AcDbEntity
  8
03___PRT_ALL_CURVES
  6
Continuous
 62
     4
100
AcDbLine
 10
1.923601613799974
 20
58.79999999946
 30
0.0
 11
2.317053168779978
 21
58.79999999946
 31
0.0
  0
LINE
  5
A7F
330
2AF
100
AcDbEntity
  8
03___PRT_ALL_CURVES
  6
Continuous
 62
     4
100
AcDbLine
 10
21.30450202134006
 20
58.79999999946
 30
0.0
 11
21.69795357632006
 21
58.79999999946
 31
0.0
  0
LINE
  5
A80
330
2AF
100
AcDbEntity
  8
03___PRT_ALL_CURVES
  6
Continuous
 62
     4
100
AcDbLine
 10
22.78949524642002
 20
58.79999999946
 30
0.0
 11
23.12851301898002
 21
58.79999999946
 31
0.0
  0
LINE
  5
A81
330
2AF
100
AcDbEntity
  8
03___PRT_ALL_CURVES
  6
Continuous
 62
     4
100
AcDbLine
 10
22.08090042536003
 20
59.06166438849999
 30
0.0
 11
22.78949524642002
 21
59.06166438849999
 31
0.0
  0
LINE
  5
A82
330
2AF
100
AcDbEntity
  8
03___PRT_ALL_CURVES
  6
Continuous
 62
     4
100
AcDbLine
 10
23.12851301898002
 20
59.06166438849999
 30
0.0
 11
23.30422915725998
 21
59.06166438849999
 31
0.0
  0
LINE
  5
A83
330
2AF
100
AcDbEntity
  8
0
  6
Continuous
 62
     7
100
AcDbLine
 10
17.25000000082002
 20
59.10000000398
 30
0.0
 11
17.05291979808001
 21
59.10000000398
 31
0.0
  0
LINE
  5
A84
330
2AF
100
AcDbEntity
  8
0
  6
Continuous
 62
     7
100
AcDbLine
 10
14.14999899992006
 20
59.10000000651999
 30
0.0
 11
13.34999964234004
 21
59.10000000651999
 31
0.0
  0
LINE
  5
A85
330
2AF
100
AcDbEntity
  8
0
  6
Continuous
 62
     7
100
AcDbLine
 10
11.64999999942
 20
59.10000000651999
 30
0.0
 11
10.84999999921999
 21
59.10000000651999
 31
0.0
  0
LINE
  5
A86
330
2AF
100
AcDbEntity
  8
03___PRT_ALL_CURVES
  6
Continuous
 62
     4
100
AcDbLine
 10
23.30422915725998
 20
59.36343792008
 30
0.0
 11
23.12851301898002
 21
59.36343792008
 31
0.0
  0
LINE
  5
A87
330
2AF
100
AcDbEntity
  8
03___PRT_ALL_CURVES
  6
Continuous
 62
     4
100
AcDbLine
 10
22.78949524642002
 20
59.36343792008
 30
0.0
 11
22.41418826018
 21
59.36343792008
 31
0.0
  0
LINE
  5
A88
330
2AF
100
AcDbEntity
  8
0
  6
Continuous
 62
     7
100
AcDbLine
 10
10.84999999921999
 20
59.90000000672001
 30
0.0
 11
11.64999999942
 21
59.90000000672001
 31
0.0
  0
LINE
  5
A89
330
2AF
100
AcDbEntity
  8
0
  6
Continuous
 62
     7
100
AcDbLine
 10
13.34999964234004
 20
59.90000000672001
 30
0.0
 11
14.14999899992006
 21
59.90000000672001
 31
0.0
  0
LINE
  5
A8A
330
2AF
100
AcDbEntity
  8
0
  6
Continuous
 62
     7
100
AcDbLine
 10
17.05291979808001
 20
59.90000000418001
 30
0.0
 11
17.25000000082002
 21
59.90000000418001
 31
0.0
  0
LINE
  5
A8B
330
2AF
100
AcDbEntity
  8
0
  6
Continuous
 62
     7
100
AcDbLine
 10
17.74999999904003
 20
60.20043031518
 30
0.0
 11
17.99999999942003
 21
60.20043031518
 31
0.0
  0
LINE
  5
A8C
330
2AF
100
AcDbEntity
  8
03___PRT_ALL_CURVES
  6
Continuous
 62
     4
100
AcDbLine
 10
23.12851301898002
 20
60.22387454566001
 30
0.0
 11
22.78949524642002
 21
60.22387454566001
 31
0.0
  0
LINE
  5
A8D
330
2AF
100
AcDbEntity
  8
03___PRT_ALL_CURVES
  6
Continuous
 62
     4
100
AcDbLine
 10
21.69795357632006
 20
60.22387454566001
 30
0.0
 11
21.37612548998001
 21
60.22387454566001
 31
0.0
  0
LINE
  5
A8E
330
2AF
100
AcDbEntity
  8
03___PRT_ALL_CURVES
  6
Continuous
 62
     4
100
AcDbLine
 10
2.317053168779978
 20
60.22387454566001
 30
0.0
 11
1.995225082440015
 21
60.22387454566001
 31
0.0
  0
LINE
  5
A8F
330
2AF
100
AcDbEntity
  8
0
  6
Continuous
 62
     7
100
AcDbLine
 10
15.84999999920001
 20
60.30000000427998
 30
0.0
 11
16.65014920408001
 21
60.30000000427998
 31
0.0
  0
LINE
  5
A90
330
2AF
100
AcDbEntity
  8
0
  6
Continuous
 62
     7
100
AcDbLine
 10
14.74999997923999
 20
60.50000000814001
 30
0.0
 11
12.74999997874002
 21
60.50000000814001
 31
0.0
  0
LINE
  5
A91
330
2AF
100
AcDbEntity
  8
0
  6
Continuous
 62
     7
100
AcDbLine
 10
12.24999998052002
 20
60.50000000814001
 30
0.0
 11
10.24999998001999
 21
60.50000000814001
 31
0.0
  0
LINE
  5
A92
330
2AF
100
AcDbEntity
  8
0
  6
Continuous
 62
     7
100
AcDbLine
 10
8.949997718460025
 20
60.97499951787998
 30
0.0
 11
9.701517503200023
 21
60.97499951787998
 31
0.0
  0
LINE
  5
A93
330
2AF
100
AcDbEntity
  8
0
  6
Continuous
 62
     7
100
AcDbLine
 10
12.02499979298003
 20
61.07500000621999
 30
0.0
 11
8.200000000780022
 21
61.07500000621999
 31
0.0
  0
LINE
  5
A94
330
2AF
100
AcDbEntity
  8
03___PRT_ALL_CURVES
  6
Continuous
 62
     4
100
AcDbLine
 10
2.749658948220002
 20
59.86098222597997
 30
0.0
 11
3.11732599038001
 21
59.79508869508001
 31
0.0
  0
LINE
  5
A95
330
2AF
100
AcDbEntity
  8
0
  6
Continuous
 62
     7
100
AcDbLine
 10
17.74999999904003
 20
55.29956969527998
 30
0.0
 11
17.25000000082002
 21
55.60000000628
 31
0.0
  0
LINE
  5
A96
330
2AF
100
AcDbEntity
  8
0
  6
Continuous
 62
     7
100
AcDbLine
 10
16.65014920408001
 20
56.64200899413999
 30
0.0
 11
17.05291979808001
 21
56.40000000393999
 31
0.0
  0
LINE
  5
A97
330
2AF
100
AcDbEntity
  8
0
  6
Continuous
 62
     7
100
AcDbLine
 10
17.74999999904003
 20
58.79956969551998
 30
0.0
 11
17.25000000082002
 21
59.10000000398
 31
0.0
  0
LINE
  5
A98
330
2AF
100
AcDbEntity
  8
0
  6
Continuous
 62
     7
100
AcDbLine
 10
16.65014920408001
 20
60.14200899437998
 30
0.0
 11
17.05291979808001
 21
59.90000000418001
 31
0.0
  0
LINE
  5
A99
330
2AF
100
AcDbEntity
  8
03___PRT_ALL_CURVES
  6
Continuous
 62
     4
100
AcDbLine
 10
13.61681452400003
 20
121.13267394956
 30
0.0
 11
13.61681452400003
 21
121.74999999964
 31
0.0
  0
LINE
  5
A9A
330
2AF
100
AcDbEntity
  8
03___PRT_ALL_CURVES
  6
Continuous
 62
     4
100
AcDbLine
 10
13.97663703523997
 20
121.74999999964
 30
0.0
 11
13.97663703523997
 21
119.25000000092
 31
0.0
  0
LINE
  5
A9B
330
2AF
100
AcDbEntity
  8
0
  6
Continuous
 62
     7
100
AcDbLine
 10
14.14999899992006
 20
80.90000000815999
 30
0.0
 11
14.14999899992006
 21
80.10000000795998
 31
0.0
  0
LINE
  5
A9C
330
2AF
100
AcDbEntity
  8
0
  6
Continuous
 62
     7
100
AcDbLine
 10
14.14999899992006
 20
77.40000000792
 30
0.0
 11
14.14999899992006
 21
76.60000000771998
 31
0.0
  0
LINE
  5
A9D
330
2AF
100
AcDbEntity
  8
0
  6
Continuous
 62
     7
100
AcDbLine
 10
14.14999899992006
 20
73.90000000767998
 30
0.0
 11
14.14999899992006
 21
73.10000000747996
 31
0.0
  0
LINE
  5
A9E
330
2AF
100
AcDbEntity
  8
0
  6
Continuous
 62
     7
100
AcDbLine
 10
14.14999899992006
 20
70.40000000743998
 30
0.0
 11
14.14999899992006
 21
69.60000000724
 31
0.0
  0
LINE
  5
A9F
330
2AF
100
AcDbEntity
  8
0
  6
Continuous
 62
     7
100
AcDbLine
 10
14.14999899992006
 20
66.90000000719996
 30
0.0
 11
14.14999899992006
 21
66.100000007
 31
0.0
  0
LINE
  5
AA0
330
2AF
100
AcDbEntity
  8
0
  6
Continuous
 62
     7
100
AcDbLine
 10
14.14999899992006
 20
63.40000000695997
 30
0.0
 11
14.14999899992006
 21
62.60000000675998
 31
0.0
  0
LINE
  5
AA1
330
2AF
100
AcDbEntity
  8
0
  6
Continuous
 62
     7
100
AcDbLine
 10
14.14999899992006
 20
59.90000000672001
 30
0.0
 11
14.14999899992006
 21
59.10000000651999
 31
0.0
  0
LINE
  5
AA2
330
2AF
100
AcDbEntity
  8
0
  6
Continuous
 62
     7
100
AcDbLine
 10
14.14999899992006
 20
56.40000000647998
 30
0.0
 11
14.14999899992006
 21
55.60000000628
 31
0.0
  0
LINE
  5
AA3
330
2AF
100
AcDbEntity
  8
0
  6
Continuous
 62
     7
100
AcDbLine
 10
14.14999899992006
 20
52.90000000623999
 30
0.0
 11
14.14999899992006
 21
52.10000000604003
 31
0.0
  0
LINE
  5
AA4
330
2AF
100
AcDbEntity
  8
0
  6
Continuous
 62
     7
100
AcDbLine
 10
14.14999899992006
 20
49.40000000853999
 30
0.0
 11
14.14999899992006
 21
48.60000000579998
 31
0.0
  0
LINE
  5
AA5
330
2AF
100
AcDbEntity
  8
0
  6
Continuous
 62
     7
100
AcDbLine
 10
14.14999899992006
 20
45.90000000829997
 30
0.0
 11
14.14999899992006
 21
45.10000000556002
 31
0.0
  0
LINE
  5
AA6
330
2AF
100
AcDbEntity
  8
0
  6
Continuous
 62
     7
100
AcDbLine
 10
14.14999899992006
 20
42.40000000806
 30
0.0
 11
14.14999899992006
 21
41.60000000785999
 31
0.0
  0
LINE
  5
AA7
330
2AF
100
AcDbEntity
  8
0
  6
Continuous
 62
     7
100
AcDbLine
 10
14.14999899992006
 20
38.90000000782001
 30
0.0
 11
14.14999899992006
 21
38.10000000762
 31
0.0
  0
LINE
  5
AA8
330
2AF
100
AcDbEntity
  8
0
  6
Continuous
 62
     7
100
AcDbLine
 10
14.14999899992006
 20
35.40000000757999
 30
0.0
 11
14.14999899992006
 21
34.60000000738
 31
0.0
  0
LINE
  5
AA9
330
2AF
100
AcDbEntity
  8
0
  6
Continuous
 62
     7
100
AcDbLine
 10
14.14999899992006
 20
31.90000000734
 30
0.0
 11
14.14999899992006
 21
31.10000000714001
 31
0.0
  0
LINE
  5
AAA
330
2AF
100
AcDbEntity
  8
0
  6
Continuous
 62
     7
100
AcDbLine
 10
14.14999899992006
 20
28.4000000071
 30
0.0
 11
14.14999899992006
 21
27.60000000689999
 31
0.0
  0
LINE
  5
AAB
330
2AF
100
AcDbEntity
  8
0
  6
Continuous
 62
     7
100
AcDbLine
 10
14.14999899992006
 20
24.90000000685998
 30
0.0
 11
14.14999899992006
 21
24.10000000666
 31
0.0
  0
LINE
  5
AAC
330
2AF
100
AcDbEntity
  8
0
  6
Continuous
 62
     7
100
AcDbLine
 10
14.14999899992006
 20
21.40000000661999
 30
0.0
 11
14.14999899992006
 21
20.60000000641998
 31
0.0
  0
LINE
  5
AAD
330
2AF
100
AcDbEntity
  8
0
  6
Continuous
 62
     7
100
AcDbLine
 10
14.24999999879998
 20
127.0
 30
0.0
 11
14.24999999879998
 21
126.1999999998
 31
0.0
  0
LINE
  5
AAE
330
2AF
100
AcDbEntity
  8
0
  6
Continuous
 62
     7
100
AcDbLine
 10
14.24999999879998
 20
3.799999999680011
 30
0.0
 11
14.24999999879998
 21
2.999999999479996
 31
0.0
  0
LINE
  5
AAF
330
2AF
100
AcDbEntity
  8
03___PRT_ALL_CURVES
  6
Continuous
 62
     4
100
AcDbLine
 10
14.74914720725999
 20
119.81787174046
 30
0.0
 11
14.74914720725999
 21
121.18383350942
 31
0.0
  0
LINE
  5
AB0
330
2AF
100
AcDbEntity
  8
0
  6
Continuous
 62
     7
100
AcDbLine
 10
14.74999997923999
 20
81.50000000704
 30
0.0
 11
14.74999997923999
 21
79.50000000653998
 31
0.0
  0
LINE
  5
AB1
330
2AF
100
AcDbEntity
  8
0
  6
Continuous
 62
     7
100
AcDbLine
 10
14.74999997923999
 20
78.00000000679998
 30
0.0
 11
14.74999997923999
 21
76.00000000629998
 31
0.0
  0
LINE
  5
AB2
330
2AF
100
AcDbEntity
  8
0
  6
Continuous
 62
     7
100
AcDbLine
 10
14.74999997923999
 20
74.50000000655999
 30
0.0
 11
14.74999997923999
 21
72.50000000860001
 31
0.0
  0
LINE
  5
AB3
330
2AF
100
AcDbEntity
  8
0
  6
Continuous
 62
     7
100
AcDbLine
 10
14.74999997923999
 20
71.00000000631996
 30
0.0
 11
14.74999997923999
 21
69.00000000835996
 31
0.0
  0
LINE
  5
AB4
330
2AF
100
AcDbEntity
  8
0
  6
Continuous
 62
     7
100
AcDbLine
 10
14.74999997923999
 20
67.50000000608003
 30
0.0
 11
14.74999997923999
 21
65.50000000812
 31
0.0
  0
LINE
  5
AB5
330
2AF
100
AcDbEntity
  8
0
  6
Continuous
 62
     7
100
AcDbLine
 10
14.74999997923999
 20
64.00000000837997
 30
0.0
 11
14.74999997923999
 21
62.00000000788
 31
0.0
  0
LINE
  5
AB6
330
2AF
100
AcDbEntity
  8
0
  6
Continuous
 62
     7
100
AcDbLine
 10
14.74999997923999
 20
60.50000000814001
 30
0.0
 11
14.74999997923999
 21
58.50000000763998
 31
0.0
  0
LINE
  5
AB7
330
2AF
100
AcDbEntity
  8
0
  6
Continuous
 62
     7
100
AcDbLine
 10
14.74999997923999
 20
57.00000000789998
 30
0.0
 11
14.74999997923999
 21
55.00000000739999
 31
0.0
  0
LINE
  5
AB8
330
2AF
100
AcDbEntity
  8
0
  6
Continuous
 62
     7
100
AcDbLine
 10
14.74999997923999
 20
53.50000000765999
 30
0.0
 11
14.74999997923999
 21
51.50000000715997
 31
0.0
  0
LINE
  5
AB9
330
2AF
100
AcDbEntity
  8
0
  6
Continuous
 62
     7
100
AcDbLine
 10
14.74999997923999
 20
50.00000000741997
 30
0.0
 11
14.74999997923999
 21
48.00000000691998
 31
0.0
  0
LINE
  5
ABA
330
2AF
100
AcDbEntity
  8
0
  6
Continuous
 62
     7
100
AcDbLine
 10
14.74999997923999
 20
46.50000000717998
 30
0.0
 11
14.74999997923999
 21
44.50000000668001
 31
0.0
  0
LINE
  5
ABB
330
2AF
100
AcDbEntity
  8
0
  6
Continuous
 62
     7
100
AcDbLine
 10
14.74999997923999
 20
43.00000000693996
 30
0.0
 11
14.74999997923999
 21
41.00000000643996
 31
0.0
  0
LINE
  5
ABC
330
2AF
100
AcDbEntity
  8
0
  6
Continuous
 62
     7
100
AcDbLine
 10
14.74999997923999
 20
39.50000000670002
 30
0.0
 11
14.74999997923999
 21
37.5000000062
 31
0.0
  0
LINE
  5
ABD
330
2AF
100
AcDbEntity
  8
0
  6
Continuous
 62
     7
100
AcDbLine
 10
14.74999997923999
 20
36.00000000645997
 30
0.0
 11
14.74999997923999
 21
34.00000000850002
 31
0.0
  0
LINE
  5
ABE
330
2AF
100
AcDbEntity
  8
0
  6
Continuous
 62
     7
100
AcDbLine
 10
14.74999997923999
 20
32.50000000622001
 30
0.0
 11
14.74999997923999
 21
30.50000000825997
 31
0.0
  0
LINE
  5
ABF
330
2AF
100
AcDbEntity
  8
0
  6
Continuous
 62
     7
100
AcDbLine
 10
14.74999997923999
 20
29.00000000852
 30
0.0
 11
14.74999997923999
 21
27.00000000802001
 31
0.0
  0
LINE
  5
AC0
330
2AF
100
AcDbEntity
  8
0
  6
Continuous
 62
     7
100
AcDbLine
 10
14.74999997923999
 20
25.50000000827998
 30
0.0
 11
14.74999997923999
 21
23.50000000777999
 31
0.0
  0
LINE
  5
AC1
330
2AF
100
AcDbEntity
  8
0
  6
Continuous
 62
     7
100
AcDbLine
 10
14.74999997923999
 20
22.00000000803999
 30
0.0
 11
14.74999997923999
 21
20.00000000754002
 31
0.0
  0
LINE
  5
AC2
330
2AF
100
AcDbEntity
  8
0
  6
Continuous
 62
     7
100
AcDbLine
 10
15.59999999882001
 20
1.649999999459965
 30
0.0
 11
15.59999999882001
 21
2.999999999479996
 31
0.0
  0
LINE
  5
AC3
330
2AF
100
AcDbEntity
  8
0
  6
Continuous
 62
     7
100
AcDbLine
 10
15.59999999882001
 20
3.799999999680011
 30
0.0
 11
15.59999999882001
 21
5.149999999700015
 31
0.0
  0
LINE
  5
AC4
330
2AF
100
AcDbEntity
  8
0
  6
Continuous
 62
     7
100
AcDbLine
 10
15.59999999882001
 20
124.84999999978
 30
0.0
 11
15.59999999882001
 21
126.1999999998
 31
0.0
  0
LINE
  5
AC5
330
2AF
100
AcDbEntity
  8
0
  6
Continuous
 62
     7
100
AcDbLine
 10
15.59999999882001
 20
127.0
 30
0.0
 11
15.59999999882001
 21
128.35000000002
 31
0.0
  0
LINE
  5
AC6
330
2AF
100
AcDbEntity
  8
0
  6
Continuous
 62
     7
100
AcDbLine
 10
15.84999999920001
 20
19.2500000064
 30
0.0
 11
15.84999999920001
 21
20.20000000377999
 31
0.0
  0
LINE
  5
AC7
330
2AF
100
AcDbEntity
  8
0
  6
Continuous
 62
     7
100
AcDbLine
 10
15.84999999920001
 20
21.80000000417999
 30
0.0
 11
15.84999999920001
 21
23.70000000402001
 31
0.0
  0
LINE
  5
AC8
330
2AF
100
AcDbEntity
  8
0
  6
Continuous
 62
     7
100
AcDbLine
 10
15.84999999920001
 20
25.30000000441999
 30
0.0
 11
15.84999999920001
 21
27.20000000426
 31
0.0
  0
LINE
  5
AC9
330
2AF
100
AcDbEntity
  8
0
  6
Continuous
 62
     7
100
AcDbLine
 10
15.84999999920001
 20
28.80000000466001
 30
0.0
 11
15.84999999920001
 21
30.7000000045
 31
0.0
  0
LINE
  5
ACA
330
2AF
100
AcDbEntity
  8
0
  6
Continuous
 62
     7
100
AcDbLine
 10
15.84999999920001
 20
32.30000000489997
 30
0.0
 11
15.84999999920001
 21
34.20000000473999
 31
0.0
  0
LINE
  5
ACB
330
2AF
100
AcDbEntity
  8
0
  6
Continuous
 62
     7
100
AcDbLine
 10
15.84999999920001
 20
35.80000000514002
 30
0.0
 11
15.84999999920001
 21
37.70000000497996
 31
0.0
  0
LINE
  5
ACC
330
2AF
100
AcDbEntity
  8
0
  6
Continuous
 62
     7
100
AcDbLine
 10
15.84999999920001
 20
39.30000000537999
 30
0.0
 11
15.84999999920001
 21
41.20000000521998
 31
0.0
  0
LINE
  5
ACD
330
2AF
100
AcDbEntity
  8
0
  6
Continuous
 62
     7
100
AcDbLine
 10
15.84999999920001
 20
42.80000000562001
 30
0.0
 11
15.84999999920001
 21
44.70000000545997
 31
0.0
  0
LINE
  5
ACE
330
2AF
100
AcDbEntity
  8
0
  6
Continuous
 62
     7
100
AcDbLine
 10
15.84999999920001
 20
46.30000000586
 30
0.0
 11
15.84999999920001
 21
48.20000000569999
 31
0.0
  0
LINE
  5
ACF
330
2AF
100
AcDbEntity
  8
0
  6
Continuous
 62
     7
100
AcDbLine
 10
15.84999999920001
 20
49.80000000610002
 30
0.0
 11
15.84999999920001
 21
51.70000000593998
 31
0.0
  0
LINE
  5
AD0
330
2AF
100
AcDbEntity
  8
0
  6
Continuous
 62
     7
100
AcDbLine
 10
15.84999999920001
 20
53.30000000633999
 30
0.0
 11
15.84999999920001
 21
55.20000000364001
 31
0.0
  0
LINE
  5
AD1
330
2AF
100
AcDbEntity
  8
0
  6
Continuous
 62
     7
100
AcDbLine
 10
15.84999999920001
 20
56.80000000403999
 30
0.0
 11
15.84999999920001
 21
58.70000000387995
 31
0.0
  0
LINE
  5
AD2
330
2AF
100
AcDbEntity
  8
0
  6
Continuous
 62
     7
100
AcDbLine
 10
15.84999999920001
 20
60.30000000427998
 30
0.0
 11
15.84999999920001
 21
62.20000000412
 31
0.0
  0
LINE
  5
AD3
330
2AF
100
AcDbEntity
  8
0
  6
Continuous
 62
     7
100
AcDbLine
 10
15.84999999920001
 20
63.80000000452
 30
0.0
 11
15.84999999920001
 21
65.70000000435996
 31
0.0
  0
LINE
  5
AD4
330
2AF
100
AcDbEntity
  8
0
  6
Continuous
 62
     7
100
AcDbLine
 10
15.84999999920001
 20
67.30000000476
 30
0.0
 11
15.84999999920001
 21
69.20000000459999
 31
0.0
  0
LINE
  5
AD5
330
2AF
100
AcDbEntity
  8
0
  6
Continuous
 62
     7
100
AcDbLine
 10
15.84999999920001
 20
70.80000000500002
 30
0.0
 11
15.84999999920001
 21
72.70000000483998
 31
0.0
  0
LINE
  5
AD6
330
2AF
100
AcDbEntity
  8
0
  6
Continuous
 62
     7
100
AcDbLine
 10
15.84999999920001
 20
74.30000000523998
 30
0.0
 11
15.84999999920001
 21
76.20000000508
 31
0.0
  0
LINE
  5
AD7
330
2AF
100
AcDbEntity
  8
0
  6
Continuous
 62
     7
100
AcDbLine
 10
15.84999999920001
 20
77.80000000547997
 30
0.0
 11
15.84999999920001
 21
79.70000000531999
 31
0.0
  0
LINE
  5
AD8
330
2AF
100
AcDbEntity
  8
0
  6
Continuous
 62
     7
100
AcDbLine
 10
15.84999999920001
 20
81.30000000572
 30
0.0
 11
15.84999999920001
 21
82.25000000818
 31
0.0
  0
LINE
  5
AD9
330
2AF
100
AcDbEntity
  8
0
  6
Continuous
 62
     7
100
AcDbLine
 10
16.39999999902003
 20
128.35000000002
 30
0.0
 11
16.39999999902003
 21
127.0
 31
0.0
  0
LINE
  5
ADA
330
2AF
100
AcDbEntity
  8
0
  6
Continuous
 62
     7
100
AcDbLine
 10
16.39999999902003
 20
5.149999999700015
 30
0.0
 11
16.39999999902003
 21
3.799999999680011
 31
0.0
  0
LINE
  5
ADB
330
2AF
100
AcDbEntity
  8
0
  6
Continuous
 62
     7
100
AcDbLine
 10
16.39999999902003
 20
1.649999999459965
 30
0.0
 11
16.39999999902003
 21
2.999999999479996
 31
0.0
  0
LINE
  5
ADC
330
2AF
100
AcDbEntity
  8
0
  6
Continuous
 62
     7
100
AcDbLine
 10
16.39999999902003
 20
124.84999999978
 30
0.0
 11
16.39999999902003
 21
126.1999999998
 31
0.0
  0
LINE
  5
ADD
330
2AF
100
AcDbEntity
  8
03___PRT_ALL_CURVES
  6
Continuous
 62
     4
100
AcDbLine
 10
16.5823667336
 20
121.74999999964
 30
0.0
 11
16.5823667336
 21
121.1633697454201
 31
0.0
  0
LINE
  5
ADE
330
2AF
100
AcDbEntity
  8
0
  6
Continuous
 62
     7
100
AcDbLine
 10
16.65014920408001
 20
81.30000000317997
 30
0.0
 11
16.65014920408001
 21
81.14200899327997
 31
0.0
  0
LINE
  5
ADF
330
2AF
100
AcDbEntity
  8
0
  6
Continuous
 62
     7
100
AcDbLine
 10
16.65014920408001
 20
79.85799101775999
 30
0.0
 11
16.65014920408001
 21
79.70000000531999
 31
0.0
  0
LINE
  5
AE0
330
2AF
100
AcDbEntity
  8
0
  6
Continuous
 62
     7
100
AcDbLine
 10
16.65014920408001
 20
77.80000000547997
 30
0.0
 11
16.65014920408001
 21
77.64200899304001
 31
0.0
  0
LINE
  5
AE1
330
2AF
100
AcDbEntity
  8
0
  6
Continuous
 62
     7
100
AcDbLine
 10
16.65014920408001
 20
76.35799101751999
 30
0.0
 11
16.65014920408001
 21
76.20000000508
 31
0.0
  0
LINE
  5
AE2
330
2AF
100
AcDbEntity
  8
0
  6
Continuous
 62
     7
100
AcDbLine
 10
16.65014920408001
 20
74.30000000523998
 30
0.0
 11
16.65014920408001
 21
74.14200899279996
 31
0.0
  0
LINE
  5
AE3
330
2AF
100
AcDbEntity
  8
0
  6
Continuous
 62
     7
100
AcDbLine
 10
16.65014920408001
 20
72.85799101728
 30
0.0
 11
16.65014920408001
 21
72.70000000483998
 31
0.0
  0
LINE
  5
AE4
330
2AF
100
AcDbEntity
  8
0
  6
Continuous
 62
     7
100
AcDbLine
 10
16.65014920408001
 20
70.80000000500002
 30
0.0
 11
16.65014920408001
 21
70.64200899256002
 31
0.0
  0
LINE
  5
AE5
330
2AF
100
AcDbEntity
  8
0
  6
Continuous
 62
     7
100
AcDbLine
 10
16.65014920408001
 20
69.35799101704004
 30
0.0
 11
16.65014920408001
 21
69.20000000459999
 31
0.0
  0
LINE
  5
AE6
330
2AF
100
AcDbEntity
  8
0
  6
Continuous
 62
     7
100
AcDbLine
 10
16.65014920408001
 20
67.30000000476
 30
0.0
 11
16.65014920408001
 21
67.14200899232
 31
0.0
  0
LINE
  5
AE7
330
2AF
100
AcDbEntity
  8
0
  6
Continuous
 62
     7
100
AcDbLine
 10
16.65014920408001
 20
65.85799101679999
 30
0.0
 11
16.65014920408001
 21
65.70000000435996
 31
0.0
  0
LINE
  5
AE8
330
2AF
100
AcDbEntity
  8
0
  6
Continuous
 62
     7
100
AcDbLine
 10
16.65014920408001
 20
63.80000000452
 30
0.0
 11
16.65014920408001
 21
63.64200899462
 31
0.0
  0
LINE
  5
AE9
330
2AF
100
AcDbEntity
  8
0
  6
Continuous
 62
     7
100
AcDbLine
 10
16.65014920408001
 20
62.35799101656002
 30
0.0
 11
16.65014920408001
 21
62.20000000412
 31
0.0
  0
LINE
  5
AEA
330
2AF
100
AcDbEntity
  8
0
  6
Continuous
 62
     7
100
AcDbLine
 10
16.65014920408001
 20
60.30000000427998
 30
0.0
 11
16.65014920408001
 21
60.14200899437998
 31
0.0
  0
LINE
  5
AEB
330
2AF
100
AcDbEntity
  8
0
  6
Continuous
 62
     7
100
AcDbLine
 10
16.65014920408001
 20
58.85799101632
 30
0.0
 11
16.65014920408001
 21
58.70000000387995
 31
0.0
  0
LINE
  5
AEC
330
2AF
100
AcDbEntity
  8
0
  6
Continuous
 62
     7
100
AcDbLine
 10
16.65014920408001
 20
56.80000000403999
 30
0.0
 11
16.65014920408001
 21
56.64200899413999
 31
0.0
  0
LINE
  5
AED
330
2AF
100
AcDbEntity
  8
0
  6
Continuous
 62
     7
100
AcDbLine
 10
16.65014920408001
 20
55.35799101608001
 30
0.0
 11
16.65014920408001
 21
55.20000000618001
 31
0.0
  0
LINE
  5
AEE
330
2AF
100
AcDbEntity
  8
0
  6
Continuous
 62
     7
100
AcDbLine
 10
16.65014920408001
 20
53.30000000633999
 30
0.0
 11
16.65014920408001
 21
53.14200899389996
 31
0.0
  0
LINE
  5
AEF
330
2AF
100
AcDbEntity
  8
0
  6
Continuous
 62
     7
100
AcDbLine
 10
16.65014920408001
 20
51.85799101583999
 30
0.0
 11
16.65014920408001
 21
51.70000000593998
 31
0.0
  0
LINE
  5
AF0
330
2AF
100
AcDbEntity
  8
0
  6
Continuous
 62
     7
100
AcDbLine
 10
16.65014920408001
 20
49.80000000610002
 30
0.0
 11
16.65014920408001
 21
49.64200899366003
 31
0.0
  0
LINE
  5
AF1
330
2AF
100
AcDbEntity
  8
0
  6
Continuous
 62
     7
100
AcDbLine
 10
16.65014920408001
 20
48.35799101813998
 30
0.0
 11
16.65014920408001
 21
48.20000000569999
 31
0.0
  0
LINE
  5
AF2
330
2AF
100
AcDbEntity
  8
0
  6
Continuous
 62
     7
100
AcDbLine
 10
16.65014920408001
 20
46.30000000586
 30
0.0
 11
16.65014920408001
 21
46.14200899341995
 31
0.0
  0
LINE
  5
AF3
330
2AF
100
AcDbEntity
  8
0
  6
Continuous
 62
     7
100
AcDbLine
 10
16.65014920408001
 20
44.85799101789999
 30
0.0
 11
16.65014920408001
 21
44.70000000545997
 31
0.0
  0
LINE
  5
AF4
330
2AF
100
AcDbEntity
  8
0
  6
Continuous
 62
     7
100
AcDbLine
 10
16.65014920408001
 20
42.80000000562001
 30
0.0
 11
16.65014920408001
 21
42.64200899318001
 31
0.0
  0
LINE
  5
AF5
330
2AF
100
AcDbEntity
  8
0
  6
Continuous
 62
     7
100
AcDbLine
 10
16.65014920408001
 20
41.35799101766003
 30
0.0
 11
16.65014920408001
 21
41.20000000521998
 31
0.0
  0
LINE
  5
AF6
330
2AF
100
AcDbEntity
  8
0
  6
Continuous
 62
     7
100
AcDbLine
 10
16.65014920408001
 20
39.30000000537999
 30
0.0
 11
16.65014920408001
 21
39.14200899293999
 31
0.0
  0
LINE
  5
AF7
330
2AF
100
AcDbEntity
  8
0
  6
Continuous
 62
     7
100
AcDbLine
 10
16.65014920408001
 20
37.85799101741998
 30
0.0
 11
16.65014920408001
 21
37.70000000497996
 31
0.0
  0
LINE
  5
AF8
330
2AF
100
AcDbEntity
  8
0
  6
Continuous
 62
     7
100
AcDbLine
 10
16.65014920408001
 20
35.80000000514002
 30
0.0
 11
16.65014920408001
 21
35.6420089927
 31
0.0
  0
LINE
  5
AF9
330
2AF
100
AcDbEntity
  8
0
  6
Continuous
 62
     7
100
AcDbLine
 10
16.65014920408001
 20
34.35799101718001
 30
0.0
 11
16.65014920408001
 21
34.20000000473999
 31
0.0
  0
LINE
  5
AFA
330
2AF
100
AcDbEntity
  8
0
  6
Continuous
 62
     7
100
AcDbLine
 10
16.65014920408001
 20
32.30000000489997
 30
0.0
 11
16.65014920408001
 21
32.14200899245998
 31
0.0
  0
LINE
  5
AFB
330
2AF
100
AcDbEntity
  8
0
  6
Continuous
 62
     7
100
AcDbLine
 10
16.65014920408001
 20
30.85799101693996
 30
0.0
 11
16.65014920408001
 21
30.7000000045
 31
0.0
  0
LINE
  5
AFC
330
2AF
100
AcDbEntity
  8
0
  6
Continuous
 62
     7
100
AcDbLine
 10
16.65014920408001
 20
28.80000000466001
 30
0.0
 11
16.65014920408001
 21
28.64200899221998
 31
0.0
  0
LINE
  5
AFD
330
2AF
100
AcDbEntity
  8
0
  6
Continuous
 62
     7
100
AcDbLine
 10
16.65014920408001
 20
27.3579910167
 30
0.0
 11
16.65014920408001
 21
27.20000000426
 31
0.0
  0
LINE
  5
AFE
330
2AF
100
AcDbEntity
  8
0
  6
Continuous
 62
     7
100
AcDbLine
 10
16.65014920408001
 20
25.30000000441999
 30
0.0
 11
16.65014920408001
 21
25.14200899452001
 31
0.0
  0
LINE
  5
AFF
330
2AF
100
AcDbEntity
  8
0
  6
Continuous
 62
     7
100
AcDbLine
 10
16.65014920408001
 20
23.85799101645998
 30
0.0
 11
16.65014920408001
 21
23.70000000402001
 31
0.0
  0
LINE
  5
B00
330
2AF
100
AcDbEntity
  8
0
  6
Continuous
 62
     7
100
AcDbLine
 10
16.65014920408001
 20
21.80000000417999
 30
0.0
 11
16.65014920408001
 21
21.64200899427999
 31
0.0
  0
LINE
  5
B01
330
2AF
100
AcDbEntity
  8
0
  6
Continuous
 62
     7
100
AcDbLine
 10
16.65014920408001
 20
20.35799101622001
 30
0.0
 11
16.65014920408001
 21
20.20000000377999
 31
0.0
  0
LINE
  5
B02
330
2AF
100
AcDbEntity
  8
0
  6
Continuous
 62
     7
100
AcDbLine
 10
16.69999999846004
 20
86.34999999968
 30
0.0
 11
16.69999999846004
 21
85.75000000841996
 31
0.0
  0
LINE
  5
B03
330
2AF
100
AcDbEntity
  8
0
  6
Continuous
 62
     7
100
AcDbLine
 10
17.00000000044002
 20
85.75000000841996
 30
0.0
 11
17.00000000044002
 21
86.34999999968
 31
0.0
  0
LINE
  5
B04
330
2AF
100
AcDbEntity
  8
0
  6
Continuous
 62
     7
100
AcDbLine
 10
17.15000000016002
 20
80.90000000562
 30
0.0
 11
17.15000000016002
 21
80.10000000541999
 31
0.0
  0
LINE
  5
B05
330
2AF
100
AcDbEntity
  8
0
  6
Continuous
 62
     7
100
AcDbLine
 10
17.15000000016002
 20
77.40000000537998
 30
0.0
 11
17.15000000016002
 21
76.60000000517996
 31
0.0
  0
LINE
  5
B06
330
2AF
100
AcDbEntity
  8
0
  6
Continuous
 62
     7
100
AcDbLine
 10
17.15000000016002
 20
73.90000000513999
 30
0.0
 11
17.15000000016002
 21
73.10000000493997
 31
0.0
  0
LINE
  5
B07
330
2AF
100
AcDbEntity
  8
0
  6
Continuous
 62
     7
100
AcDbLine
 10
17.15000000016002
 20
70.40000000489997
 30
0.0
 11
17.15000000016002
 21
69.60000000470001
 31
0.0
  0
LINE
  5
B08
330
2AF
100
AcDbEntity
  8
0
  6
Continuous
 62
     7
100
AcDbLine
 10
17.15000000016002
 20
66.90000000466003
 30
0.0
 11
17.15000000016002
 21
66.10000000445996
 31
0.0
  0
LINE
  5
B09
330
2AF
100
AcDbEntity
  8
0
  6
Continuous
 62
     7
100
AcDbLine
 10
17.15000000016002
 20
63.40000000441998
 30
0.0
 11
17.15000000016002
 21
62.60000000421999
 31
0.0
  0
LINE
  5
B0A
330
2AF
100
AcDbEntity
  8
0
  6
Continuous
 62
     7
100
AcDbLine
 10
17.15000000016002
 20
59.90000000418001
 30
0.0
 11
17.15000000016002
 21
59.10000000398
 31
0.0
  0
LINE
  5
B0B
330
2AF
100
AcDbEntity
  8
0
  6
Continuous
 62
     7
100
AcDbLine
 10
17.15000000016002
 20
56.40000000393999
 30
0.0
 11
17.15000000016002
 21
55.60000000628
 31
0.0
  0
LINE
  5
B0C
330
2AF
100
AcDbEntity
  8
0
  6
Continuous
 62
     7
100
AcDbLine
 10
17.15000000016002
 20
52.90000000623999
 30
0.0
 11
17.15000000016002
 21
52.10000000604003
 31
0.0
  0
LINE
  5
B0D
330
2AF
100
AcDbEntity
  8
0
  6
Continuous
 62
     7
100
AcDbLine
 10
17.15000000016002
 20
49.40000000599997
 30
0.0
 11
17.15000000016002
 21
48.60000000579998
 31
0.0
  0
LINE
  5
B0E
330
2AF
100
AcDbEntity
  8
0
  6
Continuous
 62
     7
100
AcDbLine
 10
17.15000000016002
 20
45.90000000575998
 30
0.0
 11
17.15000000016002
 21
45.10000000556002
 31
0.0
  0
LINE
  5
B0F
330
2AF
100
AcDbEntity
  8
0
  6
Continuous
 62
     7
100
AcDbLine
 10
17.15000000016002
 20
42.40000000552001
 30
0.0
 11
17.15000000016002
 21
41.60000000532
 31
0.0
  0
LINE
  5
B10
330
2AF
100
AcDbEntity
  8
0
  6
Continuous
 62
     7
100
AcDbLine
 10
17.15000000016002
 20
38.90000000528002
 30
0.0
 11
17.15000000016002
 21
38.10000000508001
 31
0.0
  0
LINE
  5
B11
330
2AF
100
AcDbEntity
  8
0
  6
Continuous
 62
     7
100
AcDbLine
 10
17.15000000016002
 20
35.40000000504
 30
0.0
 11
17.15000000016002
 21
34.60000000483998
 31
0.0
  0
LINE
  5
B12
330
2AF
100
AcDbEntity
  8
0
  6
Continuous
 62
     7
100
AcDbLine
 10
17.15000000016002
 20
31.90000000480001
 30
0.0
 11
17.15000000016002
 21
31.10000000460002
 31
0.0
  0
LINE
  5
B13
330
2AF
100
AcDbEntity
  8
0
  6
Continuous
 62
     7
100
AcDbLine
 10
17.15000000016002
 20
28.40000000456001
 30
0.0
 11
17.15000000016002
 21
27.60000000435997
 31
0.0
  0
LINE
  5
B14
330
2AF
100
AcDbEntity
  8
0
  6
Continuous
 62
     7
100
AcDbLine
 10
17.15000000016002
 20
24.90000000431999
 30
0.0
 11
17.15000000016002
 21
24.10000000412001
 31
0.0
  0
LINE
  5
B15
330
2AF
100
AcDbEntity
  8
0
  6
Continuous
 62
     7
100
AcDbLine
 10
17.15000000016002
 20
21.40000000408
 30
0.0
 11
17.15000000016002
 21
20.60000000387998
 31
0.0
  0
LINE
  5
B16
330
2AF
100
AcDbEntity
  8
0
  6
Continuous
 62
     7
100
AcDbLine
 10
17.74999999904003
 20
2.999999999479996
 30
0.0
 11
17.74999999904003
 21
3.799999999680011
 31
0.0
  0
LINE
  5
B17
330
2AF
100
AcDbEntity
  8
0
  6
Continuous
 62
     7
100
AcDbLine
 10
17.74999999904003
 20
126.1999999998
 30
0.0
 11
17.74999999904003
 21
127.0
 31
0.0
  0
LINE
  5
B18
330
2AF
100
AcDbEntity
  8
03___PRT_ALL_CURVES
  6
Continuous
 62
     4
100
AcDbLine
 10
22.45381991319999
 20
76.86343792128
 30
0.0
 11
22.82912690198
 21
77.30368352034
 31
0.0
  0
LINE
  5
B19
330
2AF
100
AcDbEntity
  8
0
  6
Continuous
 62
     7
100
AcDbLine
 10
17.25000000082002
 20
66.90000000466003
 30
0.0
 11
17.74999999904003
 21
67.20043031565999
 31
0.0
  0
LINE
  5
B1A
330
2AF
100
AcDbEntity
  8
0
  6
Continuous
 62
     7
100
AcDbLine
 10
17.05291979808001
 20
66.10000000445996
 30
0.0
 11
16.65014920408001
 21
65.85799101679999
 31
0.0
  0
LINE
  5
B1B
330
2AF
100
AcDbEntity
  8
03___PRT_ALL_CURVES
  6
Continuous
 62
     4
100
AcDbLine
 10
3.11732599038001
 20
59.22114598723999
 30
0.0
 11
2.72864937124001
 21
59.16957709113998
 31
0.0
  0
LINE
  5
B1C
330
2AF
100
AcDbEntity
  8
03___PRT_ALL_CURVES
  6
Continuous
 62
     4
100
AcDbLine
 10
1.200000000300008
 20
61.24999999912001
 30
0.0
 11
4.199999999780005
 21
61.24999999912001
 31
0.0
  0
LINE
  5
B1D
330
2AF
100
AcDbEntity
  8
03___PRT_ALL_CURVES
  6
Continuous
 62
     4
100
AcDbLine
 10
20.59999999879997
 20
61.24999999912001
 30
0.0
 11
23.60000000082002
 21
61.24999999912001
 31
0.0
  0
LINE
  5
B1E
330
2AF
100
AcDbEntity
  8
0
  6
Continuous
 62
     7
100
AcDbLine
 10
8.200000000780022
 20
61.42500000726
 30
0.0
 11
12.02499979298003
 21
61.42500000726
 31
0.0
  0
LINE
  5
B1F
330
2AF
100
AcDbEntity
  8
0
  6
Continuous
 62
     7
100
AcDbLine
 10
9.701517426999999
 20
61.52499943133998
 30
0.0
 11
8.949997718460025
 21
61.52499943133998
 31
0.0
  0
LINE
  5
B20
330
2AF
100
AcDbEntity
  8
0
  6
Continuous
 62
     7
100
AcDbLine
 10
14.74999997923999
 20
62.00000000788
 30
0.0
 11
12.74999997874002
 21
62.00000000788
 31
0.0
  0
LINE
  5
B21
330
2AF
100
AcDbEntity
  8
0
  6
Continuous
 62
     7
100
AcDbLine
 10
12.24999998052002
 20
62.00000000788
 30
0.0
 11
10.24999998001999
 21
62.00000000788
 31
0.0
  0
LINE
  5
B22
330
2AF
100
AcDbEntity
  8
0
  6
Continuous
 62
     7
100
AcDbLine
 10
16.65014920408001
 20
62.20000000412
 30
0.0
 11
15.84999999920001
 21
62.20000000412
 31
0.0
  0
LINE
  5
B23
330
2AF
100
AcDbEntity
  8
0
  6
Continuous
 62
     7
100
AcDbLine
 10
17.99999999942003
 20
62.29956969576
 30
0.0
 11
17.74999999904003
 21
62.29956969576
 31
0.0
  0
LINE
  5
B24
330
2AF
100
AcDbEntity
  8
03___PRT_ALL_CURVES
  6
Continuous
 62
     4
100
AcDbLine
 10
2.055388794980047
 20
62.29999999969999
 30
0.0
 11
2.448840349960051
 21
62.29999999969999
 31
0.0
  0
LINE
  5
B25
330
2AF
100
AcDbEntity
  8
03___PRT_ALL_CURVES
  6
Continuous
 62
     4
100
AcDbLine
 10
3.359890907840025
 20
62.29999999969999
 30
0.0
 11
3.753342503460033
 21
62.29999999969999
 31
0.0
  0
LINE
  5
B26
330
2AF
100
AcDbEntity
  8
03___PRT_ALL_CURVES
  6
Continuous
 62
     4
100
AcDbLine
 10
21.32694400592001
 20
62.29999999969999
 30
0.0
 11
21.72039555836002
 21
62.29999999969999
 31
0.0
  0
LINE
  5
B27
330
2AF
100
AcDbEntity
  8
03___PRT_ALL_CURVES
  6
Continuous
 62
     4
100
AcDbLine
 10
22.11480211524
 20
62.29999999969999
 30
0.0
 11
23.28178710410003
 21
62.29999999969999
 31
0.0
  0
LINE
  5
B28
330
2AF
100
AcDbEntity
  8
0
  6
Continuous
 62
     7
100
AcDbLine
 10
17.25000000082002
 20
62.60000000421999
 30
0.0
 11
17.05291979808001
 21
62.60000000421999
 31
0.0
  0
LINE
  5
B29
330
2AF
100
AcDbEntity
  8
0
  6
Continuous
 62
     7
100
AcDbLine
 10
14.14999899992006
 20
62.60000000675998
 30
0.0
 11
13.34999964234004
 21
62.60000000675998
 31
0.0
  0
LINE
  5
B2A
330
2AF
100
AcDbEntity
  8
0
  6
Continuous
 62
     7
100
AcDbLine
 10
11.64999999942
 20
62.60000000675998
 30
0.0
 11
10.84999999921999
 21
62.60000000675998
 31
0.0
  0
LINE
  5
B2B
330
2AF
100
AcDbEntity
  8
03___PRT_ALL_CURVES
  6
Continuous
 62
     4
100
AcDbLine
 10
23.28178710410003
 20
62.61705321370002
 30
0.0
 11
22.67442006382004
 21
62.61705321370002
 31
0.0
  0
LINE
  5
B2C
330
2AF
100
AcDbEntity
  8
0
  6
Continuous
 62
     7
100
AcDbLine
 10
10.84999999921999
 20
63.40000000695997
 30
0.0
 11
11.64999999942
 21
63.40000000695997
 31
0.0
  0
LINE
  5
B2D
330
2AF
100
AcDbEntity
  8
0
  6
Continuous
 62
     7
100
AcDbLine
 10
13.34999964234004
 20
63.40000000695997
 30
0.0
 11
14.14999899992006
 21
63.40000000695997
 31
0.0
  0
LINE
  5
B2E
330
2AF
100
AcDbEntity
  8
0
  6
Continuous
 62
     7
100
AcDbLine
 10
17.05291979808001
 20
63.40000000441998
 30
0.0
 11
17.25000000082002
 21
63.40000000441998
 31
0.0
  0
LINE
  5
B2F
330
2AF
100
AcDbEntity
  8
0
  6
Continuous
 62
     7
100
AcDbLine
 10
17.74999999904003
 20
63.70043031541996
 30
0.0
 11
17.99999999942003
 21
63.70043031541996
 31
0.0
  0
LINE
  5
B30
330
2AF
100
AcDbEntity
  8
03___PRT_ALL_CURVES
  6
Continuous
 62
     4
100
AcDbLine
 10
21.72039555836002
 20
63.72387454589997
 30
0.0
 11
21.39856747456002
 21
63.72387454589997
 31
0.0
  0
LINE
  5
B31
330
2AF
100
AcDbEntity
  8
03___PRT_ALL_CURVES
  6
Continuous
 62
     4
100
AcDbLine
 10
3.753342503460033
 20
63.72387454589997
 30
0.0
 11
3.43151437648001
 21
63.72387454589997
 31
0.0
  0
LINE
  5
B32
330
2AF
100
AcDbEntity
  8
03___PRT_ALL_CURVES
  6
Continuous
 62
     4
100
AcDbLine
 10
2.448840349960051
 20
63.72387454589997
 30
0.0
 11
2.127012263620031
 21
63.72387454589997
 31
0.0
  0
LINE
  5
B33
330
2AF
100
AcDbEntity
  8
0
  6
Continuous
 62
     7
100
AcDbLine
 10
15.84999999920001
 20
63.80000000452
 30
0.0
 11
16.65014920408001
 21
63.80000000452
 31
0.0
  0
LINE
  5
B34
330
2AF
100
AcDbEntity
  8
0
  6
Continuous
 62
     7
100
AcDbLine
 10
14.74999997923999
 20
64.00000000837997
 30
0.0
 11
12.74999997874002
 21
64.00000000837997
 31
0.0
  0
LINE
  5
B35
330
2AF
100
AcDbEntity
  8
0
  6
Continuous
 62
     7
100
AcDbLine
 10
12.24999998052002
 20
64.00000000837997
 30
0.0
 11
10.24999998001999
 21
64.00000000837997
 31
0.0
  0
LINE
  5
B36
330
2AF
100
AcDbEntity
  8
0
  6
Continuous
 62
     7
100
AcDbLine
 10
8.949997718460025
 20
64.47499951812003
 30
0.0
 11
9.701517426999999
 21
64.47499951812003
 31
0.0
  0
LINE
  5
B37
330
2AF
100
AcDbEntity
  8
0
  6
Continuous
 62
     7
100
AcDbLine
 10
12.02499979298003
 20
64.57500000645999
 30
0.0
 11
8.200000000780022
 21
64.57500000645999
 31
0.0
  0
LINE
  5
B38
330
2AF
100
AcDbEntity
  8
03___PRT_ALL_CURVES
  6
Continuous
 62
     4
100
AcDbLine
 10
23.60000000082002
 20
64.74999999935997
 30
0.0
 11
20.59999999879997
 21
64.74999999935997
 31
0.0
  0
LINE
  5
B39
330
2AF
100
AcDbEntity
  8
03___PRT_ALL_CURVES
  6
Continuous
 62
     4
100
AcDbLine
 10
4.199999999780005
 20
64.74999999935997
 30
0.0
 11
1.200000000300008
 21
64.74999999935997
 31
0.0
  0
LINE
  5
B3A
330
2AF
100
AcDbEntity
  8
0
  6
Continuous
 62
     7
100
AcDbLine
 10
8.200000000780022
 20
64.92500000750002
 30
0.0
 11
12.02499979298003
 21
64.92500000750002
 31
0.0
  0
LINE
  5
B3B
330
2AF
100
AcDbEntity
  8
0
  6
Continuous
 62
     7
100
AcDbLine
 10
9.701517350800003
 20
65.02499943158
 30
0.0
 11
8.949997718460025
 21
65.02499943158
 31
0.0
  0
LINE
  5
B3C
330
2AF
100
AcDbEntity
  8
0
  6
Continuous
 62
     7
100
AcDbLine
 10
14.74999997923999
 20
65.50000000812
 30
0.0
 11
12.74999997874002
 21
65.50000000812
 31
0.0
  0
LINE
  5
B3D
330
2AF
100
AcDbEntity
  8
0
  6
Continuous
 62
     7
100
AcDbLine
 10
12.24999998052002
 20
65.50000000812
 30
0.0
 11
10.24999998001999
 21
65.50000000812
 31
0.0
  0
LINE
  5
B3E
330
2AF
100
AcDbEntity
  8
03___PRT_ALL_CURVES
  6
Continuous
 62
     4
100
AcDbLine
 10
22.14345155248
 20
63.27694408847998
 30
0.0
 11
22.53308321670002
 21
63.24542976491998
 31
0.0
  0
LINE
  5
B3F
330
2AF
100
AcDbEntity
  8
0
  6
Continuous
 62
     7
100
AcDbLine
 10
17.74999999904003
 20
62.29956969576
 30
0.0
 11
17.25000000082002
 21
62.60000000421999
 31
0.0
  0
LINE
  5
B40
330
2AF
100
AcDbEntity
  8
0
  6
Continuous
 62
     7
100
AcDbLine
 10
16.65014920408001
 20
63.64200899462
 30
0.0
 11
17.05291979808001
 21
63.40000000441998
 31
0.0
  0
LINE
  5
B41
330
2AF
100
AcDbEntity
  8
0
  6
Continuous
 62
     7
100
AcDbLine
 10
17.99999999942003
 20
15.75000000616001
 30
0.0
 11
18.00000000196002
 21
85.75000000841996
 31
0.0
  0
LINE
  5
B42
330
2AF
100
AcDbEntity
  8
0
  6
Continuous
 62
     7
100
AcDbLine
 10
18.50000000018002
 20
69.16000000077997
 30
0.0
 11
18.50000000018002
 21
73.05999999858
 31
0.0
  0
LINE
  5
B43
330
2AF
100
AcDbEntity
  8
02___PRT_ALL_AXES
  6
Continuous
 62
     7
100
AcDbLine
 10
18.60000000084003
 20
16.14999999864
 30
0.0
 11
18.60000000084003
 21
85.35000000069996
 31
0.0
  0
LINE
  5
B44
330
2AF
100
AcDbEntity
  8
03___PRT_ALL_CURVES
  6
Continuous
 62
     4
100
AcDbLine
 10
18.60999336922001
 20
121.28103676434
 30
0.0
 11
18.60999336922001
 21
121.74999999964
 31
0.0
  0
LINE
  5
B45
330
2AF
100
AcDbEntity
  8
03___PRT_ALL_CURVES
  6
Continuous
 62
     4
100
AcDbLine
 10
19.04143920432003
 20
121.1224420675599
 30
0.0
 11
19.04143920432003
 21
120.55286499742
 31
0.0
  0
LINE
  5
B46
330
2AF
100
AcDbEntity
  8
03___PRT_ALL_CURVES
  6
Continuous
 62
     4
100
AcDbLine
 10
19.77131596148001
 20
120.9160982359
 30
0.0
 11
19.77131596148001
 21
119.25000000092
 31
0.0
  0
LINE
  5
B47
330
2AF
100
AcDbEntity
  8
03___PRT_ALL_CURVES
  6
Continuous
 62
     4
100
AcDbLine
 10
20.47390809706002
 20
119.25000000092
 30
0.0
 11
20.47390809706002
 21
121.79263311478
 31
0.0
  0
LINE
  5
B48
330
2AF
100
AcDbEntity
  8
03___PRT_ALL_CURVES
  6
Continuous
 62
     4
100
AcDbLine
 10
20.59999999879997
 20
19.24999999878
 30
0.0
 11
20.59999999879997
 21
82.25000000056
 31
0.0
  0
LINE
  5
B49
330
2AF
100
AcDbEntity
  8
03___PRT_ALL_CURVES
  6
Continuous
 62
     4
100
AcDbLine
 10
20.89577078901999
 20
59.84856755688
 30
0.0
 11
20.89577078901999
 21
59.52960440004
 31
0.0
  0
LINE
  5
B4A
330
2AF
100
AcDbEntity
  8
03___PRT_ALL_CURVES
  6
Continuous
 62
     4
100
AcDbLine
 10
20.90961802065999
 20
56.34856755663998
 30
0.0
 11
20.90961802065999
 21
56.02960439980001
 31
0.0
  0
LINE
  5
B4B
330
2AF
100
AcDbEntity
  8
03___PRT_ALL_CURVES
  6
Continuous
 62
     4
100
AcDbLine
 10
20.91534793300002
 20
66.84856755735996
 30
0.0
 11
20.91534793300002
 21
66.52960439797997
 31
0.0
  0
LINE
  5
B4C
330
2AF
100
AcDbEntity
  8
03___PRT_ALL_CURVES
  6
Continuous
 62
     4
100
AcDbLine
 10
20.91534793300002
 20
52.84856755639998
 30
0.0
 11
20.91534793300002
 21
52.52960439955999
 31
0.0
  0
LINE
  5
B4D
330
2AF
100
AcDbEntity
  8
03___PRT_ALL_CURVES
  6
Continuous
 62
     4
100
AcDbLine
 10
20.91821277106001
 20
63.34856755711999
 30
0.0
 11
20.91821277106001
 21
63.02960439773997
 31
0.0
  0
LINE
  5
B4E
330
2AF
100
AcDbEntity
  8
03___PRT_ALL_CURVES
  6
Continuous
 62
     4
100
AcDbLine
 10
21.30450202134006
 20
59.73301501175999
 30
0.0
 11
21.30450202134006
 21
58.79999999946
 31
0.0
  0
LINE
  5
B4F
330
2AF
100
AcDbEntity
  8
03___PRT_ALL_CURVES
  6
Continuous
 62
     4
100
AcDbLine
 10
21.31834925298
 20
56.23301501152
 30
0.0
 11
21.31834925298
 21
55.29999999921998
 31
0.0
  0
LINE
  5
B50
330
2AF
100
AcDbEntity
  8
03___PRT_ALL_CURVES
  6
Continuous
 62
     4
100
AcDbLine
 10
21.32407916786002
 20
66.73301501224
 30
0.0
 11
21.32407916786002
 21
65.79999999993996
 31
0.0
  0
LINE
  5
B51
330
2AF
100
AcDbEntity
  8
03___PRT_ALL_CURVES
  6
Continuous
 62
     4
100
AcDbLine
 10
21.32407916786002
 20
52.73301501127997
 30
0.0
 11
21.32407916786002
 21
51.79999999897998
 31
0.0
  0
LINE
  5
B52
330
2AF
100
AcDbEntity
  8
03___PRT_ALL_CURVES
  6
Continuous
 62
     4
100
AcDbLine
 10
21.32694400592001
 20
63.23301501200001
 30
0.0
 11
21.32694400592001
 21
62.29999999969999
 31
0.0
  0
LINE
  5
B53
330
2AF
100
AcDbEntity
  8
03___PRT_ALL_CURVES
  6
Continuous
 62
     4
100
AcDbLine
 10
21.69795357632006
 20
58.79999999946
 30
0.0
 11
21.69795357632006
 21
60.22387454566001
 31
0.0
  0
LINE
  5
B54
330
2AF
100
AcDbEntity
  8
03___PRT_ALL_CURVES
  6
Continuous
 62
     4
100
AcDbLine
 10
21.71180080796
 20
55.29999999921998
 30
0.0
 11
21.71180080796
 21
56.72387454541996
 31
0.0
  0
LINE
  5
B55
330
2AF
100
AcDbEntity
  8
03___PRT_ALL_CURVES
  6
Continuous
 62
     4
100
AcDbLine
 10
21.71753072029998
 20
51.79999999897998
 30
0.0
 11
21.71753072029998
 21
53.22387454518
 31
0.0
  0
LINE
  5
B56
330
2AF
100
AcDbEntity
  8
03___PRT_ALL_CURVES
  6
Continuous
 62
     4
100
AcDbLine
 10
21.71753072029998
 20
65.79999999993996
 30
0.0
 11
21.71753072029998
 21
67.22387454359998
 31
0.0
  0
LINE
  5
B57
330
2AF
100
AcDbEntity
  8
03___PRT_ALL_CURVES
  6
Continuous
 62
     4
100
AcDbLine
 10
21.72039555836002
 20
62.29999999969999
 30
0.0
 11
21.72039555836002
 21
63.72387454589997
 31
0.0
  0
LINE
  5
B58
330
2AF
100
AcDbEntity
  8
03___PRT_ALL_CURVES
  6
Continuous
 62
     4
100
AcDbLine
 10
22.00879947736001
 20
41.14999999854001
 30
0.0
 11
22.00879947736001
 21
41.46705321254001
 31
0.0
  0
LINE
  5
B59
330
2AF
100
AcDbEntity
  8
03___PRT_ALL_CURVES
  6
Continuous
 62
     4
100
AcDbLine
 10
22.02264670900001
 20
37.65000000084001
 30
0.0
 11
22.02264670900001
 21
37.96705321229999
 31
0.0
  0
LINE
  5
B5A
330
2AF
100
AcDbEntity
  8
03___PRT_ALL_CURVES
  6
Continuous
 62
     4
100
AcDbLine
 10
22.02837662388004
 20
34.15000000059999
 30
0.0
 11
22.02837662388004
 21
34.46705321460001
 31
0.0
  0
LINE
  5
B5B
330
2AF
100
AcDbEntity
  8
03___PRT_ALL_CURVES
  6
Continuous
 62
     4
100
AcDbLine
 10
22.02837662388004
 20
48.14999999902003
 30
0.0
 11
22.02837662388004
 21
48.46705321301999
 31
0.0
  0
LINE
  5
B5C
330
2AF
100
AcDbEntity
  8
03___PRT_ALL_CURVES
  6
Continuous
 62
     4
100
AcDbLine
 10
22.03124146194003
 20
44.64999999878
 30
0.0
 11
22.03124146194003
 21
44.96705321277997
 31
0.0
  0
LINE
  5
B5D
330
2AF
100
AcDbEntity
  8
03___PRT_ALL_CURVES
  6
Continuous
 62
     4
100
AcDbLine
 10
22.08090042536003
 20
59.38158252692
 30
0.0
 11
22.08090042536003
 21
59.06166438849999
 31
0.0
  0
LINE
  5
B5E
330
2AF
100
AcDbEntity
  8
02___PRT_ALL_AXES
  6
Continuous
 62
     7
100
AcDbLine
 10
22.09999999854003
 20
129.99999999948
 30
0.0
 11
22.09999999854003
 21
124.00000000052
 31
0.0
  0
LINE
  5
B5F
330
2AF
100
AcDbEntity
  8
02___PRT_ALL_AXES
  6
Continuous
 62
     7
100
AcDbLine
 10
22.09999999854003
 20
5.999999998959993
 30
0.0
 11
22.09999999854003
 21
0.0
 31
0.0
  0
LINE
  5
B60
330
2AF
100
AcDbEntity
  8
03___PRT_ALL_CURVES
  6
Continuous
 62
     4
100
AcDbLine
 10
22.12053207838002
 20
76.88158252812002
 30
0.0
 11
22.12053207838002
 21
76.56166438715996
 31
0.0
  0
LINE
  5
B61
330
2AF
100
AcDbEntity
  8
03___PRT_ALL_CURVES
  6
Continuous
 62
     4
100
AcDbLine
 10
22.12626195515998
 20
24.23158252733998
 30
0.0
 11
22.12626195515998
 21
23.91166438637998
 31
0.0
  0
LINE
  5
B62
330
2AF
100
AcDbEntity
  8
03___PRT_ALL_CURVES
  6
Continuous
 62
     4
100
AcDbLine
 10
22.13485676906001
 20
41.73158252854
 30
0.0
 11
22.13485676906001
 21
41.41166438758
 31
0.0
  0
LINE
  5
B63
330
2AF
100
AcDbEntity
  8
0
  6
Continuous
 62
     7
100
AcDbLine
 10
17.25000000082002
 20
63.40000000441998
 30
0.0
 11
17.74999999904003
 21
63.70043031541996
 31
0.0
  0
LINE
  5
B64
330
2AF
100
AcDbEntity
  8
0
  6
Continuous
 62
     7
100
AcDbLine
 10
17.05291979808001
 20
62.60000000421999
 30
0.0
 11
16.65014920408001
 21
62.35799101656002
 31
0.0
  0
LINE
  5
B65
330
2AF
100
AcDbEntity
  8
0
  6
Continuous
 62
     7
100
AcDbLine
 10
17.25000000082002
 20
59.90000000418001
 30
0.0
 11
17.74999999904003
 21
60.20043031518
 31
0.0
  0
LINE
  5
B66
330
2AF
100
AcDbEntity
  8
0
  6
Continuous
 62
     7
100
AcDbLine
 10
17.05291979808001
 20
59.10000000398
 30
0.0
 11
16.65014920408001
 21
58.85799101632
 31
0.0
  0
LINE
  5
B67
330
2AF
100
AcDbEntity
  8
03___PRT_ALL_CURVES
  6
Continuous
 62
     4
100
AcDbLine
 10
3.185607045080019
 20
66.16289223326001
 30
0.0
 11
2.798840351000024
 21
66.11418826666
 31
0.0
  0
LINE
  5
B68
330
2AF
100
AcDbEntity
  8
0
  6
Continuous
 62
     7
100
AcDbLine
 10
16.65014920408001
 20
65.70000000435996
 30
0.0
 11
15.84999999920001
 21
65.70000000435996
 31
0.0
  0
LINE
  5
B69
330
2AF
100
AcDbEntity
  8
0
  6
Continuous
 62
     7
100
AcDbLine
 10
17.99999999942003
 20
65.79956969599999
 30
0.0
 11
17.74999999904003
 21
65.79956969599999
 31
0.0
  0
LINE
  5
B6A
330
2AF
100
AcDbEntity
  8
03___PRT_ALL_CURVES
  6
Continuous
 62
     4
100
AcDbLine
 10
21.32407916786002
 20
65.79999999993996
 30
0.0
 11
21.71753072029998
 21
65.79999999993996
 31
0.0
  0
LINE
  5
B6B
330
2AF
100
AcDbEntity
  8
0
  6
Continuous
 62
     7
100
AcDbLine
 10
17.25000000082002
 20
66.10000000445996
 30
0.0
 11
17.05291979808001
 21
66.10000000445996
 31
0.0
  0
LINE
  5
B6C
330
2AF
100
AcDbEntity
  8
0
  6
Continuous
 62
     7
100
AcDbLine
 10
14.14999899992006
 20
66.100000007
 30
0.0
 11
13.34999964234004
 21
66.100000007
 31
0.0
  0
LINE
  5
B6D
330
2AF
100
AcDbEntity
  8
0
  6
Continuous
 62
     7
100
AcDbLine
 10
11.64999999942
 20
66.100000007
 30
0.0
 11
10.84999999921999
 21
66.100000007
 31
0.0
  0
LINE
  5
B6E
330
2AF
100
AcDbEntity
  8
0
  6
Continuous
 62
     7
100
AcDbLine
 10
10.84999999921999
 20
66.90000000719996
 30
0.0
 11
11.64999999942
 21
66.90000000719996
 31
0.0
  0
LINE
  5
B6F
330
2AF
100
AcDbEntity
  8
0
  6
Continuous
 62
     7
100
AcDbLine
 10
13.34999964234004
 20
66.90000000719996
 30
0.0
 11
14.14999899992006
 21
66.90000000719996
 31
0.0
  0
LINE
  5
B70
330
2AF
100
AcDbEntity
  8
0
  6
Continuous
 62
     7
100
AcDbLine
 10
17.05291979808001
 20
66.90000000466003
 30
0.0
 11
17.25000000082002
 21
66.90000000466003
 31
0.0
  0
LINE
  5
B71
330
2AF
100
AcDbEntity
  8
0
  6
Continuous
 62
     7
100
AcDbLine
 10
17.74999999904003
 20
67.20043031565999
 30
0.0
 11
17.99999999942003
 21
67.20043031565999
 31
0.0
  0
LINE
  5
B72
330
2AF
100
AcDbEntity
  8
03___PRT_ALL_CURVES
  6
Continuous
 62
     4
100
AcDbLine
 10
21.71753072029998
 20
67.22387454359998
 30
0.0
 11
21.3957026365
 21
67.22387454359998
 31
0.0
  0
LINE
  5
B73
330
2AF
100
AcDbEntity
  8
0
  6
Continuous
 62
     7
100
AcDbLine
 10
15.84999999920001
 20
67.30000000476
 30
0.0
 11
16.65014920408001
 21
67.30000000476
 31
0.0
  0
LINE
  5
B74
330
2AF
100
AcDbEntity
  8
0
  6
Continuous
 62
     7
100
AcDbLine
 10
14.74999997923999
 20
67.50000000608003
 30
0.0
 11
12.74999997874002
 21
67.50000000608003
 31
0.0
  0
LINE
  5
B75
330
2AF
100
AcDbEntity
  8
0
  6
Continuous
 62
     7
100
AcDbLine
 10
12.24999998052002
 20
67.50000000608003
 30
0.0
 11
10.24999998001999
 21
67.50000000608003
 31
0.0
  0
LINE
  5
B76
330
2AF
100
AcDbEntity
  8
0
  6
Continuous
 62
     7
100
AcDbLine
 10
17.99999999942003
 20
67.95000000016
 30
0.0
 11
18.60000000084003
 21
67.95000000016
 31
0.0
  0
LINE
  5
B77
330
2AF
100
AcDbEntity
  8
0
  6
Continuous
 62
     7
100
AcDbLine
 10
8.949997718460025
 20
67.97499951836
 30
0.0
 11
9.701517350800003
 21
67.97499951836
 31
0.0
  0
LINE
  5
B78
330
2AF
100
AcDbEntity
  8
0
  6
Continuous
 62
     7
100
AcDbLine
 10
12.02499979298003
 20
68.07500000670001
 30
0.0
 11
8.200000000780022
 21
68.07500000670001
 31
0.0
  0
LINE
  5
B79
330
2AF
100
AcDbEntity
  8
03___PRT_ALL_CURVES
  6
Continuous
 62
     4
100
AcDbLine
 10
1.200000000300008
 20
68.24999999960002
 30
0.0
 11
4.199999999780005
 21
68.24999999960002
 31
0.0
  0
LINE
  5
B7A
330
2AF
100
AcDbEntity
  8
03___PRT_ALL_CURVES
  6
Continuous
 62
     4
100
AcDbLine
 10
20.59999999879997
 20
68.24999999960002
 30
0.0
 11
23.60000000082002
 21
68.24999999960002
 31
0.0
  0
LINE
  5
B7B
330
2AF
100
AcDbEntity
  8
0
  6
Continuous
 62
     7
100
AcDbLine
 10
8.200000000780022
 20
68.42500000773998
 30
0.0
 11
12.02499979298003
 21
68.42500000773998
 31
0.0
  0
LINE
  5
B7C
330
2AF
100
AcDbEntity
  8
0
  6
Continuous
 62
     7
100
AcDbLine
 10
9.70151727459998
 20
68.52499942928
 30
0.0
 11
8.949997718460025
 21
68.52499942928
 31
0.0
  0
LINE
  5
B7D
330
2AF
100
AcDbEntity
  8
0
  6
Continuous
 62
     7
100
AcDbLine
 10
14.74999997923999
 20
69.00000000835996
 30
0.0
 11
12.74999997874002
 21
69.00000000835996
 31
0.0
  0
LINE
  5
B7E
330
2AF
100
AcDbEntity
  8
0
  6
Continuous
 62
     7
100
AcDbLine
 10
12.24999998052002
 20
69.00000000835996
 30
0.0
 11
10.24999998001999
 21
69.00000000835996
 31
0.0
  0
LINE
  5
B7F
330
2AF
100
AcDbEntity
  8
0
  6
Continuous
 62
     7
100
AcDbLine
 10
17.99999999942003
 20
69.16000000077997
 30
0.0
 11
18.60000000084003
 21
69.16000000077997
 31
0.0
  0
LINE
  5
B80
330
2AF
100
AcDbEntity
  8
0
  6
Continuous
 62
     7
100
AcDbLine
 10
16.65014920408001
 20
69.20000000459999
 30
0.0
 11
15.84999999920001
 21
69.20000000459999
 31
0.0
  0
LINE
  5
B81
330
2AF
100
AcDbEntity
  8
0
  6
Continuous
 62
     7
100
AcDbLine
 10
17.99999999942003
 20
69.29956969624001
 30
0.0
 11
17.74999999904003
 21
69.29956969624001
 31
0.0
  0
LINE
  5
B82
330
2AF
100
AcDbEntity
  8
03___PRT_ALL_CURVES
  6
Continuous
 62
     4
100
AcDbLine
 10
3.023738069860002
 20
69.30000000018
 30
0.0
 11
3.411459892840043
 21
69.30000000018
 31
0.0
  0
LINE
  5
B83
330
2AF
100
AcDbEntity
  8
0
  6
Continuous
 62
     7
100
AcDbLine
 10
17.25000000082002
 20
69.60000000470001
 30
0.0
 11
17.05291979808001
 21
69.60000000470001
 31
0.0
  0
LINE
  5
B84
330
2AF
100
AcDbEntity
  8
0
  6
Continuous
 62
     7
100
AcDbLine
 10
14.14999899992006
 20
69.60000000724
 30
0.0
 11
13.34999964234004
 21
69.60000000724
 31
0.0
  0
LINE
  5
B85
330
2AF
100
AcDbEntity
  8
0
  6
Continuous
 62
     7
100
AcDbLine
 10
11.64999999942
 20
69.60000000724
 30
0.0
 11
10.84999999921999
 21
69.60000000724
 31
0.0
  0
LINE
  5
B86
330
2AF
100
AcDbEntity
  8
0
  6
Continuous
 62
     7
100
AcDbLine
 10
17.74999999904003
 20
65.79956969599999
 30
0.0
 11
17.25000000082002
 21
66.10000000445996
 31
0.0
  0
LINE
  5
B87
330
2AF
100
AcDbEntity
  8
0
  6
Continuous
 62
     7
100
AcDbLine
 10
16.65014920408001
 20
67.14200899232
 30
0.0
 11
17.05291979808001
 21
66.90000000466003
 31
0.0
  0
LINE
  5
B88
330
2AF
100
AcDbEntity
  8
0
  6
Continuous
 62
     7
100
AcDbLine
 10
17.74999999904003
 20
69.29956969624001
 30
0.0
 11
17.25000000082002
 21
69.60000000470001
 31
0.0
  0
LINE
  5
B89
330
2AF
100
AcDbEntity
  8
0
  6
Continuous
 62
     7
100
AcDbLine
 10
16.65014920408001
 20
70.64200899256002
 30
0.0
 11
17.05291979808001
 21
70.40000000489997
 31
0.0
  0
LINE
  5
B8A
330
2AF
100
AcDbEntity
  8
03___PRT_ALL_CURVES
  6
Continuous
 62
     4
100
AcDbLine
 10
22.78949524642002
 20
59.80368351914001
 30
0.0
 11
22.78949524642002
 21
59.36343792008
 31
0.0
  0
LINE
  5
B8B
330
2AF
100
AcDbEntity
  8
03___PRT_ALL_CURVES
  6
Continuous
 62
     4
100
AcDbLine
 10
22.78949524642002
 20
59.06166438849999
 30
0.0
 11
22.78949524642002
 21
58.79999999946
 31
0.0
  0
LINE
  5
B8C
330
2AF
100
AcDbEntity
  8
03___PRT_ALL_CURVES
  6
Continuous
 62
     4
100
AcDbLine
 10
22.82912690198
 20
77.30368352034
 30
0.0
 11
22.82912690198
 21
76.86343792128
 31
0.0
  0
LINE
  5
B8D
330
2AF
100
AcDbEntity
  8
03___PRT_ALL_CURVES
  6
Continuous
 62
     4
100
AcDbLine
 10
22.82912690198
 20
76.56166438715996
 30
0.0
 11
22.82912690198
 21
76.30000000065999
 31
0.0
  0
LINE
  5
B8E
330
2AF
100
AcDbEntity
  8
03___PRT_ALL_CURVES
  6
Continuous
 62
     4
100
AcDbLine
 10
22.83485677621999
 20
24.65368351956002
 30
0.0
 11
22.83485677621999
 21
24.21343792050001
 31
0.0
  0
LINE
  5
B8F
330
2AF
100
AcDbEntity
  8
03___PRT_ALL_CURVES
  6
Continuous
 62
     4
100
AcDbLine
 10
22.83485677621999
 20
23.91166438637998
 30
0.0
 11
22.83485677621999
 21
23.64999999987998
 31
0.0
  0
LINE
  5
B90
330
2AF
100
AcDbEntity
  8
03___PRT_ALL_CURVES
  6
Continuous
 62
     4
100
AcDbLine
 10
22.84345159265999
 20
42.15368351821999
 30
0.0
 11
22.84345159265999
 21
41.71343792170001
 31
0.0
  0
LINE
  5
B91
330
2AF
100
AcDbEntity
  8
03___PRT_ALL_CURVES
  6
Continuous
 62
     4
100
AcDbLine
 10
22.84345159265999
 20
41.41166438758
 30
0.0
 11
22.84345159265999
 21
41.14999999854001
 31
0.0
  0
LINE
  5
B92
330
2AF
100
AcDbEntity
  8
03___PRT_ALL_CURVES
  6
Continuous
 62
     4
100
AcDbLine
 10
23.12851301898002
 20
58.79999999946
 30
0.0
 11
23.12851301898002
 21
59.06166438849999
 31
0.0
  0
LINE
  5
B93
330
2AF
100
AcDbEntity
  8
03___PRT_ALL_CURVES
  6
Continuous
 62
     4
100
AcDbLine
 10
23.12851301898002
 20
59.36343792008
 30
0.0
 11
23.12851301898002
 21
60.22387454566001
 31
0.0
  0
LINE
  5
B94
330
2AF
100
AcDbEntity
  8
03___PRT_ALL_CURVES
  6
Continuous
 62
     4
100
AcDbLine
 10
23.16814467454
 20
76.30000000065999
 30
0.0
 11
23.16814467454
 21
76.56166438715996
 31
0.0
  0
LINE
  5
B95
330
2AF
100
AcDbEntity
  8
03___PRT_ALL_CURVES
  6
Continuous
 62
     4
100
AcDbLine
 10
23.16814467454
 20
76.86343792128
 30
0.0
 11
23.16814467454
 21
77.72387454432001
 31
0.0
  0
LINE
  5
B96
330
2AF
100
AcDbEntity
  8
03___PRT_ALL_CURVES
  6
Continuous
 62
     4
100
AcDbLine
 10
23.17387454877999
 20
23.64999999987998
 30
0.0
 11
23.17387454877999
 21
23.91166438637998
 31
0.0
  0
LINE
  5
B97
330
2AF
100
AcDbEntity
  8
03___PRT_ALL_CURVES
  6
Continuous
 62
     4
100
AcDbLine
 10
23.17387454877999
 20
24.21343792050001
 30
0.0
 11
23.17387454877999
 21
25.07387454607999
 31
0.0
  0
LINE
  5
B98
330
2AF
100
AcDbEntity
  8
03___PRT_ALL_CURVES
  6
Continuous
 62
     4
100
AcDbLine
 10
23.18246936521999
 20
41.14999999854001
 30
0.0
 11
23.18246936521999
 21
41.41166438758
 31
0.0
  0
LINE
  5
B99
330
2AF
100
AcDbEntity
  8
03___PRT_ALL_CURVES
  6
Continuous
 62
     4
100
AcDbLine
 10
23.18246936521999
 20
41.71343792170001
 30
0.0
 11
23.18246936521999
 21
42.57387454473999
 31
0.0
  0
LINE
  5
B9A
330
2AF
100
AcDbEntity
  8
03___PRT_ALL_CURVES
  6
Continuous
 62
     4
100
AcDbLine
 10
23.26210728316002
 20
119.25000000092
 30
0.0
 11
23.26210728316002
 21
119.81616645304
 31
0.0
  0
LINE
  5
B9B
330
2AF
100
AcDbEntity
  8
03___PRT_ALL_CURVES
  6
Continuous
 62
     4
100
AcDbLine
 10
23.28178710410003
 20
62.29999999969999
 30
0.0
 11
23.28178710410003
 21
62.61705321370002
 31
0.0
  0
LINE
  5
B9C
330
2AF
100
AcDbEntity
  8
03___PRT_ALL_CURVES
  6
Continuous
 62
     4
100
AcDbLine
 10
23.30422915725998
 20
59.06166438849999
 30
0.0
 11
23.30422915725998
 21
59.36343792008
 31
0.0
  0
LINE
  5
B9D
330
2AF
100
AcDbEntity
  8
03___PRT_ALL_CURVES
  6
Continuous
 62
     4
100
AcDbLine
 10
23.32141875712
 20
79.80000000089998
 30
0.0
 11
23.32141875712
 21
80.11705321235999
 31
0.0
  0
LINE
  5
B9E
330
2AF
100
AcDbEntity
  8
03___PRT_ALL_CURVES
  6
Continuous
 62
     4
100
AcDbLine
 10
23.32714863390004
 20
27.15000000012
 30
0.0
 11
23.32714863390004
 21
27.46705321412
 31
0.0
  0
LINE
  5
B9F
330
2AF
100
AcDbEntity
  8
03___PRT_ALL_CURVES
  6
Continuous
 62
     4
100
AcDbLine
 10
23.33574344779998
 20
44.64999999878
 30
0.0
 11
23.33574344779998
 21
44.96705321277997
 31
0.0
  0
LINE
  5
BA0
330
2AF
100
AcDbEntity
  8
03___PRT_ALL_CURVES
  6
Continuous
 62
     4
100
AcDbLine
 10
23.34386081027998
 20
76.56166438715996
 30
0.0
 11
23.34386081027998
 21
76.86343792128
 31
0.0
  0
LINE
  5
BA1
330
2AF
100
AcDbEntity
  8
03___PRT_ALL_CURVES
  6
Continuous
 62
     4
100
AcDbLine
 10
23.34959068706002
 20
23.91166438637998
 30
0.0
 11
23.34959068706002
 21
24.21343792050001
 31
0.0
  0
LINE
  5
BA2
330
2AF
100
AcDbEntity
  8
03___PRT_ALL_CURVES
  6
Continuous
 62
     4
100
AcDbLine
 10
23.35818550350001
 20
41.41166438758
 30
0.0
 11
23.35818550350001
 21
41.71343792170001
 31
0.0
  0
LINE
  5
BA3
330
2AF
100
AcDbEntity
  8
03___PRT_ALL_CURVES
  6
Continuous
 62
     4
100
AcDbLine
 10
23.60000000082002
 20
82.25000000056
 30
0.0
 11
23.60000000082002
 21
19.24999999878
 31
0.0
  0
LINE
  5
BA4
330
2AF
100
AcDbEntity
  8
02___PRT_ALL_AXES
  6
Continuous
 62
     7
100
AcDbLine
 10
24.59999999979999
 20
129.99999999948
 30
0.0
 11
24.59999999979999
 21
124.00000000052
 31
0.0
  0
LINE
  5
BA5
330
2AF
100
AcDbEntity
  8
02___PRT_ALL_AXES
  6
Continuous
 62
     7
100
AcDbLine
 10
24.59999999979999
 20
5.999999998959993
 30
0.0
 11
24.59999999979999
 21
0.0
 31
0.0
  0
LINE
  5
BA6
330
2AF
100
AcDbEntity
  8
03___PRT_ALL_CURVES
  6
Continuous
 62
     4
100
AcDbLine
 10
21.34270126676
 20
31.53240112100002
 30
0.0
 11
21.32264669422
 21
31.25450202732
 31
0.0
  0
LINE
  5
BA7
330
2AF
100
AcDbEntity
  8
03___PRT_ALL_CURVES
  6
Continuous
 62
     4
100
AcDbLine
 10
21.34556610482002
 20
28.03240112076
 30
0.0
 11
21.32551153228002
 21
27.75450202707998
 31
0.0
  0
LINE
  5
BA8
330
2AF
100
AcDbEntity
  8
03___PRT_ALL_CURVES
  6
Continuous
 62
     4
100
AcDbLine
 10
21.32312412024001
 20
24.53240112052001
 30
0.0
 11
21.30306954770001
 21
24.25450202683999
 31
0.0
  0
LINE
  5
BA9
330
2AF
100
AcDbEntity
  8
03___PRT_ALL_CURVES
  6
Continuous
 62
     4
100
AcDbLine
 10
21.33697135442003
 20
21.03240112027999
 30
0.0
 11
21.31691677934
 21
20.75450202914001
 31
0.0
  0
LINE
  5
BAA
330
2AF
100
AcDbEntity
  8
03___PRT_ALL_CURVES
  6
Continuous
 62
     4
100
AcDbLine
 10
22.78949524642002
 20
60.22387454566001
 30
0.0
 11
22.08090042536003
 21
59.38158252692
 31
0.0
  0
LINE
  5
BAB
330
2AF
100
AcDbEntity
  8
03___PRT_ALL_CURVES
  6
Continuous
 62
     4
100
AcDbLine
 10
22.41418826018
 20
59.36343792008
 30
0.0
 11
22.78949524642002
 21
59.80368351914001
 31
0.0
  0
LINE
  5
BAC
330
2AF
100
AcDbEntity
  8
0
  6
Continuous
 62
     2
100
AcDbLine
 10
17.99999999942003
 20
56.41050154503998
 30
0.0
 11
18.60000000084003
 21
57.01050154645998
 31
0.0
  0
LINE
  5
BAD
330
2AF
100
AcDbEntity
  8
0
  6
Continuous
 62
     7
100
AcDbLine
 10
17.25000000082002
 20
56.40000000393999
 30
0.0
 11
17.74999999904003
 21
56.70043031494001
 31
0.0
  0
LINE
  5
BAE
330
2AF
100
AcDbEntity
  8
0
  6
Continuous
 62
     7
100
AcDbLine
 10
17.05291979808001
 20
55.60000000628
 30
0.0
 11
16.65014920408001
 21
55.35799101608001
 31
0.0
  0
LINE
  5
BAF
330
2AF
100
AcDbEntity
  8
03___PRT_ALL_CURVES
  6
Continuous
 62
     4
100
AcDbLine
 10
22.91364263846003
 20
73.83710776617997
 30
0.0
 11
23.30040933507999
 21
73.88485677151999
 31
0.0
  0
LINE
  5
BB0
330
2AF
100
AcDbEntity
  8
03___PRT_ALL_CURVES
  6
Continuous
 62
     4
100
AcDbLine
 10
2.787858170779998
 20
70.37148705710001
 30
0.0
 11
3.479263348800032
 21
70.37148705710001
 31
0.0
  0
LINE
  5
BB1
330
2AF
100
AcDbEntity
  8
0
  6
Continuous
 62
     7
100
AcDbLine
 10
10.84999999921999
 20
70.40000000743998
 30
0.0
 11
11.64999999942
 21
70.40000000743998
 31
0.0
  0
LINE
  5
BB2
330
2AF
100
AcDbEntity
  8
0
  6
Continuous
 62
     7
100
AcDbLine
 10
13.34999964234004
 20
70.40000000743998
 30
0.0
 11
14.14999899992006
 21
70.40000000743998
 31
0.0
  0
LINE
  5
BB3
330
2AF
100
AcDbEntity
  8
0
  6
Continuous
 62
     7
100
AcDbLine
 10
17.05291979808001
 20
70.40000000489997
 30
0.0
 11
17.25000000082002
 21
70.40000000489997
 31
0.0
  0
LINE
  5
BB4
330
2AF
100
AcDbEntity
  8
03___PRT_ALL_CURVES
  6
Continuous
 62
     4
100
AcDbLine
 10
3.923328917360038
 20
70.69999999925997
 30
0.0
 11
2.787858170779998
 21
70.69999999925997
 31
0.0
  0
LINE
  5
BB5
330
2AF
100
AcDbEntity
  8
0
  6
Continuous
 62
     7
100
AcDbLine
 10
17.74999999904003
 20
70.70043031589998
 30
0.0
 11
17.99999999942003
 21
70.70043031589998
 31
0.0
  0
LINE
  5
BB6
330
2AF
100
AcDbEntity
  8
0
  6
Continuous
 62
     7
100
AcDbLine
 10
15.84999999920001
 20
70.80000000500002
 30
0.0
 11
16.65014920408001
 21
70.80000000500002
 31
0.0
  0
LINE
  5
BB7
330
2AF
100
AcDbEntity
  8
0
  6
Continuous
 62
     7
100
AcDbLine
 10
14.74999997923999
 20
71.00000000631996
 30
0.0
 11
12.74999997874002
 21
71.00000000631996
 31
0.0
  0
LINE
  5
BB8
330
2AF
100
AcDbEntity
  8
0
  6
Continuous
 62
     7
100
AcDbLine
 10
12.24999998052002
 20
71.00000000631996
 30
0.0
 11
10.24999998001999
 21
71.00000000631996
 31
0.0
  0
LINE
  5
BB9
330
2AF
100
AcDbEntity
  8
0
  6
Continuous
 62
     7
100
AcDbLine
 10
8.949997718460025
 20
71.47499951606
 30
0.0
 11
9.70151727459998
 21
71.47499951606
 31
0.0
  0
LINE
  5
BBA
330
2AF
100
AcDbEntity
  8
0
  6
Continuous
 62
     7
100
AcDbLine
 10
12.02499979298003
 20
71.57500000693997
 30
0.0
 11
8.200000000780022
 21
71.57500000693997
 31
0.0
  0
LINE
  5
BBB
330
2AF
100
AcDbEntity
  8
03___PRT_ALL_CURVES
  6
Continuous
 62
     4
100
AcDbLine
 10
23.60000000082002
 20
71.74999999983999
 30
0.0
 11
20.59999999879997
 21
71.74999999983999
 31
0.0
  0
LINE
  5
BBC
330
2AF
100
AcDbEntity
  8
03___PRT_ALL_CURVES
  6
Continuous
 62
     4
100
AcDbLine
 10
4.199999999780005
 20
71.74999999983999
 30
0.0
 11
1.200000000300008
 21
71.74999999983999
 31
0.0
  0
LINE
  5
BBD
330
2AF
100
AcDbEntity
  8
0
  6
Continuous
 62
     7
100
AcDbLine
 10
8.200000000780022
 20
71.92500000797997
 30
0.0
 11
12.02499979298003
 21
71.92500000797997
 31
0.0
  0
LINE
  5
BBE
330
2AF
100
AcDbEntity
  8
0
  6
Continuous
 62
     7
100
AcDbLine
 10
9.70151719840004
 20
72.02499942952002
 30
0.0
 11
8.949997718460025
 21
72.02499942952002
 31
0.0
  0
LINE
  5
BBF
330
2AF
100
AcDbEntity
  8
0
  6
Continuous
 62
     7
100
AcDbLine
 10
14.74999997923999
 20
72.50000000860001
 30
0.0
 11
12.74999997874002
 21
72.50000000860001
 31
0.0
  0
LINE
  5
BC0
330
2AF
100
AcDbEntity
  8
0
  6
Continuous
 62
     7
100
AcDbLine
 10
12.24999998052002
 20
72.50000000860001
 30
0.0
 11
10.24999998001999
 21
72.50000000860001
 31
0.0
  0
LINE
  5
BC1
330
2AF
100
AcDbEntity
  8
0
  6
Continuous
 62
     7
100
AcDbLine
 10
16.65014920408001
 20
72.70000000483998
 30
0.0
 11
15.84999999920001
 21
72.70000000483998
 31
0.0
  0
LINE
  5
BC2
330
2AF
100
AcDbEntity
  8
0
  6
Continuous
 62
     7
100
AcDbLine
 10
17.99999999942003
 20
72.79956969647998
 30
0.0
 11
17.74999999904003
 21
72.79956969647998
 31
0.0
  0
LINE
  5
BC3
330
2AF
100
AcDbEntity
  8
0
  6
Continuous
 62
     7
100
AcDbLine
 10
17.99999999942003
 20
73.05999999858
 30
0.0
 11
18.60000000084003
 21
73.05999999858
 31
0.0
  0
LINE
  5
BC4
330
2AF
100
AcDbEntity
  8
0
  6
Continuous
 62
     7
100
AcDbLine
 10
17.25000000082002
 20
73.10000000493997
 30
0.0
 11
17.05291979808001
 21
73.10000000493997
 31
0.0
  0
LINE
  5
BC5
330
2AF
100
AcDbEntity
  8
0
  6
Continuous
 62
     7
100
AcDbLine
 10
14.14999899992006
 20
73.10000000747996
 30
0.0
 11
13.34999964234004
 21
73.10000000747996
 31
0.0
  0
LINE
  5
BC6
330
2AF
100
AcDbEntity
  8
0
  6
Continuous
 62
     7
100
AcDbLine
 10
11.64999999942
 20
73.10000000747996
 30
0.0
 11
10.84999999921999
 21
73.10000000747996
 31
0.0
  0
LINE
  5
BC7
330
2AF
100
AcDbEntity
  8
0
  6
Continuous
 62
     7
100
AcDbLine
 10
18.60000000084003
 20
73.85999999877998
 30
0.0
 11
17.99999999942003
 21
73.85999999877998
 31
0.0
  0
LINE
  5
BC8
330
2AF
100
AcDbEntity
  8
03___PRT_ALL_CURVES
  6
Continuous
 62
     4
100
AcDbLine
 10
3.233833593279996
 20
73.88963166418
 30
0.0
 11
3.859345240400017
 21
73.88963166418
 31
0.0
  0
LINE
  5
BC9
330
2AF
100
AcDbEntity
  8
0
  6
Continuous
 62
     7
100
AcDbLine
 10
10.84999999921999
 20
73.90000000767998
 30
0.0
 11
11.64999999942
 21
73.90000000767998
 31
0.0
  0
LINE
  5
BCA
330
2AF
100
AcDbEntity
  8
0
  6
Continuous
 62
     7
100
AcDbLine
 10
13.34999964234004
 20
73.90000000767998
 30
0.0
 11
14.14999899992006
 21
73.90000000767998
 31
0.0
  0
LINE
  5
BCB
330
2AF
100
AcDbEntity
  8
0
  6
Continuous
 62
     7
100
AcDbLine
 10
17.05291979808001
 20
73.90000000513999
 30
0.0
 11
17.25000000082002
 21
73.90000000513999
 31
0.0
  0
LINE
  5
BCC
330
2AF
100
AcDbEntity
  8
03___PRT_ALL_CURVES
  6
Continuous
 62
     4
100
AcDbLine
 10
3.859345240400017
 20
74.1999999995
 30
0.0
 11
2.935880010880027
 21
74.1999999995
 31
0.0
  0
LINE
  5
BCD
330
2AF
100
AcDbEntity
  8
0
  6
Continuous
 62
     7
100
AcDbLine
 10
17.74999999904003
 20
74.20043031359998
 30
0.0
 11
17.99999999942003
 21
74.20043031359998
 31
0.0
  0
LINE
  5
BCE
330
2AF
100
AcDbEntity
  8
0
  6
Continuous
 62
     7
100
AcDbLine
 10
15.84999999920001
 20
74.30000000523998
 30
0.0
 11
16.65014920408001
 21
74.30000000523998
 31
0.0
  0
LINE
  5
BCF
330
2AF
100
AcDbEntity
  8
0
  6
Continuous
 62
     7
100
AcDbLine
 10
14.74999997923999
 20
74.50000000655999
 30
0.0
 11
12.74999997874002
 21
74.50000000655999
 31
0.0
  0
LINE
  5
BD0
330
2AF
100
AcDbEntity
  8
0
  6
Continuous
 62
     7
100
AcDbLine
 10
12.24999998052002
 20
74.50000000655999
 30
0.0
 11
10.24999998001999
 21
74.50000000655999
 31
0.0
  0
LINE
  5
BD1
330
2AF
100
AcDbEntity
  8
03___PRT_ALL_CURVES
  6
Continuous
 62
     4
100
AcDbLine
 10
2.812687605500031
 20
73.44747614260001
 30
0.0
 11
3.144065517800016
 21
73.39972713472
 31
0.0
  0
LINE
  5
BD2
330
2AF
100
AcDbEntity
  8
0
  6
Continuous
 62
     7
100
AcDbLine
 10
17.74999999904003
 20
72.79956969647998
 30
0.0
 11
17.25000000082002
 21
73.10000000493997
 31
0.0
  0
LINE
  5
BD3
330
2AF
100
AcDbEntity
  8
0
  6
Continuous
 62
     7
100
AcDbLine
 10
16.65014920408001
 20
74.14200899279996
 30
0.0
 11
17.05291979808001
 21
73.90000000513999
 31
0.0
  0
LINE
  5
BD4
330
2AF
100
AcDbEntity
  8
02___PRT_ALL_AXES
  6
Continuous
 62
     7
100
AcDbLine
 10
27.00000000040004
 20
129.99999999948
 30
0.0
 11
27.00000000040004
 21
124.00000000052
 31
0.0
  0
LINE
  5
BD5
330
2AF
100
AcDbEntity
  8
02___PRT_ALL_AXES
  6
Continuous
 62
     7
100
AcDbLine
 10
27.00000000040004
 20
5.999999998959993
 30
0.0
 11
27.00000000040004
 21
0.0
 31
0.0
  0
LINE
  5
BD6
330
2AF
100
AcDbEntity
  8
02___PRT_ALL_AXES
  6
Continuous
 62
     7
100
AcDbLine
 10
29.49999999912001
 20
129.99999999948
 30
0.0
 11
29.49999999912001
 21
124.00000000052
 31
0.0
  0
LINE
  5
BD7
330
2AF
100
AcDbEntity
  8
02___PRT_ALL_AXES
  6
Continuous
 62
     7
100
AcDbLine
 10
29.49999999912001
 20
5.999999998959993
 30
0.0
 11
29.49999999912001
 21
0.0
 31
0.0
  0
LINE
  5
BD8
330
2AF
100
AcDbEntity
  8
0
  6
Continuous
 62
     7
100
AcDbLine
 10
17.25000000082002
 20
52.90000000623999
 30
0.0
 11
17.74999999904003
 21
53.20043031469999
 31
0.0
  0
LINE
  5
BD9
330
2AF
100
AcDbEntity
  8
0
  6
Continuous
 62
     7
100
AcDbLine
 10
17.05291979808001
 20
52.10000000604003
 30
0.0
 11
16.65014920408001
 21
51.85799101583999
 31
0.0
  0
LINE
  5
BDA
330
2AF
100
AcDbEntity
  8
0
  6
Continuous
 62
     7
100
AcDbLine
 10
17.25000000082002
 20
49.40000000599997
 30
0.0
 11
17.74999999904003
 21
49.70043031445999
 31
0.0
  0
LINE
  5
BDB
330
2AF
100
AcDbEntity
  8
0
  6
Continuous
 62
     7
100
AcDbLine
 10
17.05291979808001
 20
48.60000000579998
 30
0.0
 11
16.65014920408001
 21
48.35799101813998
 31
0.0
  0
LINE
  5
BDC
330
2AF
100
AcDbEntity
  8
03___PRT_ALL_CURVES
  6
Continuous
 62
     4
100
AcDbLine
 10
3.156957643400006
 20
76.72114598843999
 30
0.0
 11
2.768281024260006
 21
76.66957709233998
 31
0.0
  0
LINE
  5
BDD
330
2AF
100
AcDbEntity
  8
03___PRT_ALL_CURVES
  6
Continuous
 62
     4
100
AcDbLine
 10
3.155525225640019
 20
73.20586630577998
 30
0.0
 11
2.76207371384001
 21
73.16289223373997
 31
0.0
  0
LINE
  5
BDE
330
2AF
100
AcDbEntity
  8
0
  6
Continuous
 62
     7
100
AcDbLine
 10
8.949997718460025
 20
74.97499951629999
 30
0.0
 11
9.70151719840004
 21
74.97499951629999
 31
0.0
  0
LINE
  5
BDF
330
2AF
100
AcDbEntity
  8
0
  6
Continuous
 62
     7
100
AcDbLine
 10
12.02499979298003
 20
75.07500000717997
 30
0.0
 11
8.200000000780022
 21
75.07500000717997
 31
0.0
  0
LINE
  5
BE0
330
2AF
100
AcDbEntity
  8
03___PRT_ALL_CURVES
  6
Continuous
 62
     4
100
AcDbLine
 10
1.200000000300008
 20
75.25000000007998
 30
0.0
 11
4.199999999780005
 21
75.25000000007998
 31
0.0
  0
LINE
  5
BE1
330
2AF
100
AcDbEntity
  8
03___PRT_ALL_CURVES
  6
Continuous
 62
     4
100
AcDbLine
 10
20.59999999879997
 20
75.25000000007998
 30
0.0
 11
23.60000000082002
 21
75.25000000007998
 31
0.0
  0
LINE
  5
BE2
330
2AF
100
AcDbEntity
  8
0
  6
Continuous
 62
     7
100
AcDbLine
 10
8.200000000780022
 20
75.42500000822
 30
0.0
 11
12.02499979298003
 21
75.42500000822
 31
0.0
  0
LINE
  5
BE3
330
2AF
100
AcDbEntity
  8
0
  6
Continuous
 62
     7
100
AcDbLine
 10
9.701517122200016
 20
75.52499942975996
 30
0.0
 11
8.949997718460025
 21
75.52499942975996
 31
0.0
  0
LINE
  5
BE4
330
2AF
100
AcDbEntity
  8
0
  6
Continuous
 62
     7
100
AcDbLine
 10
14.74999997923999
 20
76.00000000629998
 30
0.0
 11
12.74999997874002
 21
76.00000000629998
 31
0.0
  0
LINE
  5
BE5
330
2AF
100
AcDbEntity
  8
0
  6
Continuous
 62
     7
100
AcDbLine
 10
12.24999998052002
 20
76.00000000629998
 30
0.0
 11
10.24999998001999
 21
76.00000000629998
 31
0.0
  0
LINE
  5
BE6
330
2AF
100
AcDbEntity
  8
0
  6
Continuous
 62
     7
100
AcDbLine
 10
16.65014920408001
 20
76.20000000508
 30
0.0
 11
15.84999999920001
 21
76.20000000508
 31
0.0
  0
LINE
  5
BE7
330
2AF
100
AcDbEntity
  8
0
  6
Continuous
 62
     7
100
AcDbLine
 10
17.99999999942003
 20
76.29956969671997
 30
0.0
 11
17.74999999904003
 21
76.29956969671997
 31
0.0
  0
LINE
  5
BE8
330
2AF
100
AcDbEntity
  8
03___PRT_ALL_CURVES
  6
Continuous
 62
     4
100
AcDbLine
 10
22.82912690198
 20
76.30000000065999
 30
0.0
 11
23.16814467454
 21
76.30000000065999
 31
0.0
  0
LINE
  5
BE9
330
2AF
100
AcDbEntity
  8
03___PRT_ALL_CURVES
  6
Continuous
 62
     4
100
AcDbLine
 10
22.12053207838002
 20
76.56166438715996
 30
0.0
 11
22.82912690198
 21
76.56166438715996
 31
0.0
  0
LINE
  5
BEA
330
2AF
100
AcDbEntity
  8
03___PRT_ALL_CURVES
  6
Continuous
 62
     4
100
AcDbLine
 10
23.16814467454
 20
76.56166438715996
 30
0.0
 11
23.34386081027998
 21
76.56166438715996
 31
0.0
  0
LINE
  5
BEB
330
2AF
100
AcDbEntity
  8
0
  6
Continuous
 62
     7
100
AcDbLine
 10
17.25000000082002
 20
76.60000000517996
 30
0.0
 11
17.05291979808001
 21
76.60000000517996
 31
0.0
  0
LINE
  5
BEC
330
2AF
100
AcDbEntity
  8
0
  6
Continuous
 62
     7
100
AcDbLine
 10
14.14999899992006
 20
76.60000000771998
 30
0.0
 11
13.34999964234004
 21
76.60000000771998
 31
0.0
  0
LINE
  5
BED
330
2AF
100
AcDbEntity
  8
0
  6
Continuous
 62
     7
100
AcDbLine
 10
11.64999999942
 20
76.60000000771998
 30
0.0
 11
10.84999999921999
 21
76.60000000771998
 31
0.0
  0
LINE
  5
BEE
330
2AF
100
AcDbEntity
  8
03___PRT_ALL_CURVES
  6
Continuous
 62
     4
100
AcDbLine
 10
23.34386081027998
 20
76.86343792128
 30
0.0
 11
23.16814467454
 21
76.86343792128
 31
0.0
  0
LINE
  5
BEF
330
2AF
100
AcDbEntity
  8
03___PRT_ALL_CURVES
  6
Continuous
 62
     4
100
AcDbLine
 10
22.82912690198
 20
76.86343792128
 30
0.0
 11
22.45381991319999
 21
76.86343792128
 31
0.0
  0
LINE
  5
BF0
330
2AF
100
AcDbEntity
  8
0
  6
Continuous
 62
     7
100
AcDbLine
 10
10.84999999921999
 20
77.40000000792
 30
0.0
 11
11.64999999942
 21
77.40000000792
 31
0.0
  0
LINE
  5
BF1
330
2AF
100
AcDbEntity
  8
0
  6
Continuous
 62
     7
100
AcDbLine
 10
13.34999964234004
 20
77.40000000792
 30
0.0
 11
14.14999899992006
 21
77.40000000792
 31
0.0
  0
LINE
  5
BF2
330
2AF
100
AcDbEntity
  8
0
  6
Continuous
 62
     7
100
AcDbLine
 10
17.05291979808001
 20
77.40000000537998
 30
0.0
 11
17.25000000082002
 21
77.40000000537998
 31
0.0
  0
LINE
  5
BF3
330
2AF
100
AcDbEntity
  8
0
  6
Continuous
 62
     7
100
AcDbLine
 10
17.74999999904003
 20
77.70043031384
 30
0.0
 11
17.99999999942003
 21
77.70043031384
 31
0.0
  0
LINE
  5
BF4
330
2AF
100
AcDbEntity
  8
03___PRT_ALL_CURVES
  6
Continuous
 62
     4
100
AcDbLine
 10
23.16814467454
 20
77.72387454432001
 30
0.0
 11
22.82912690198
 21
77.72387454432001
 31
0.0
  0
LINE
  5
BF5
330
2AF
100
AcDbEntity
  8
0
  6
Continuous
 62
     7
100
AcDbLine
 10
15.84999999920001
 20
77.80000000547997
 30
0.0
 11
16.65014920408001
 21
77.80000000547997
 31
0.0
  0
LINE
  5
BF6
330
2AF
100
AcDbEntity
  8
0
  6
Continuous
 62
     7
100
AcDbLine
 10
14.74999997923999
 20
78.00000000679998
 30
0.0
 11
12.74999997874002
 21
78.00000000679998
 31
0.0
  0
LINE
  5
BF7
330
2AF
100
AcDbEntity
  8
0
  6
Continuous
 62
     7
100
AcDbLine
 10
12.24999998052002
 20
78.00000000679998
 30
0.0
 11
10.24999998001999
 21
78.00000000679998
 31
0.0
  0
LINE
  5
BF8
330
2AF
100
AcDbEntity
  8
0
  6
Continuous
 62
     7
100
AcDbLine
 10
8.949997718460025
 20
78.47499951654001
 30
0.0
 11
9.701517122200016
 21
78.47499951654001
 31
0.0
  0
LINE
  5
BF9
330
2AF
100
AcDbEntity
  8
0
  6
Continuous
 62
     7
100
AcDbLine
 10
12.02499979298003
 20
78.57500000741999
 30
0.0
 11
8.200000000780022
 21
78.57500000741999
 31
0.0
  0
LINE
  5
BFA
330
2AF
100
AcDbEntity
  8
03___PRT_ALL_CURVES
  6
Continuous
 62
     4
100
AcDbLine
 10
23.60000000082002
 20
78.75000000032
 30
0.0
 11
20.59999999879997
 21
78.75000000032
 31
0.0
  0
LINE
  5
BFB
330
2AF
100
AcDbEntity
  8
03___PRT_ALL_CURVES
  6
Continuous
 62
     4
100
AcDbLine
 10
4.199999999780005
 20
78.75000000032
 30
0.0
 11
1.200000000300008
 21
78.75000000032
 31
0.0
  0
LINE
  5
BFC
330
2AF
100
AcDbEntity
  8
0
  6
Continuous
 62
     7
100
AcDbLine
 10
8.200000000780022
 20
78.92500000845999
 30
0.0
 11
12.02499979298003
 21
78.92500000845999
 31
0.0
  0
LINE
  5
BFD
330
2AF
100
AcDbEntity
  8
0
  6
Continuous
 62
     7
100
AcDbLine
 10
9.70151704600002
 20
79.02499943000004
 30
0.0
 11
8.949997718460025
 21
79.02499943000004
 31
0.0
  0
LINE
  5
BFE
330
2AF
100
AcDbEntity
  8
03___PRT_ALL_CURVES
  6
Continuous
 62
     4
100
AcDbLine
 10
2.789290601239998
 20
77.36098222717999
 30
0.0
 11
3.156957643400006
 21
77.29508869627998
 31
0.0
  0
LINE
  5
BFF
330
2AF
100
AcDbEntity
  8
0
  6
Continuous
 62
     7
100
AcDbLine
 10
17.74999999904003
 20
76.29956969671997
 30
0.0
 11
17.25000000082002
 21
76.60000000517996
 31
0.0
  0
LINE
  5
C00
330
2AF
100
AcDbEntity
  8
0
  6
Continuous
 62
     7
100
AcDbLine
 10
16.65014920408001
 20
77.64200899304001
 30
0.0
 11
17.05291979808001
 21
77.40000000537998
 31
0.0
  0
LINE
  5
C01
330
2AF
100
AcDbEntity
  8
0
  6
Continuous
 62
     7
100
AcDbLine
 10
17.74999999904003
 20
79.79956969695999
 30
0.0
 11
17.25000000082002
 21
80.10000000541999
 31
0.0
  0
LINE
  5
C02
330
2AF
100
AcDbEntity
  8
0
  6
Continuous
 62
     7
100
AcDbLine
 10
16.65014920408001
 20
81.14200899327997
 30
0.0
 11
17.05291979808001
 21
80.90000000562
 31
0.0
  0
LINE
  5
C03
330
2AF
100
AcDbEntity
  8
0
  6
Continuous
 62
     7
100
AcDbLine
 10
32.00000000038003
 20
129.99999999948
 30
0.0
 11
32.00000000038003
 21
124.00000000052
 31
0.0
  0
LINE
  5
C04
330
2AF
100
AcDbEntity
  8
0
  6
Continuous
 62
     7
100
AcDbLine
 10
32.00000000038003
 20
5.999999998959993
 30
0.0
 11
32.00000000038003
 21
0.0
 31
0.0
  0
LINE
  5
C05
330
2AF
100
AcDbEntity
  8
0
  6
Continuous
 62
     7
100
AcDbLine
 10
32.25000000075997
 20
5.999999998959993
 30
0.0
 11
32.25000000075997
 21
124.00000000052
 31
0.0
  0
LINE
  5
C06
330
2AF
100
AcDbEntity
  8
0
  6
Continuous
 62
     2
100
AcDbLine
 10
17.99999999942003
 20
40.60525077308
 30
0.0
 11
18.60000000084003
 21
41.20525077195998
 31
0.0
  0
LINE
  5
C07
330
2AF
100
AcDbEntity
  8
0
  6
Continuous
 62
     7
100
AcDbLine
 10
17.25000000082002
 20
45.90000000575998
 30
0.0
 11
17.74999999904003
 21
46.20043031421997
 31
0.0
  0
LINE
  5
C08
330
2AF
100
AcDbEntity
  8
0
  6
Continuous
 62
     7
100
AcDbLine
 10
17.05291979808001
 20
45.10000000556002
 30
0.0
 11
16.65014920408001
 21
44.85799101789999
 31
0.0
  0
LINE
  5
C09
330
2AF
100
AcDbEntity
  8
0
  6
Continuous
 62
     7
100
AcDbLine
 10
14.74999997923999
 20
79.50000000653998
 30
0.0
 11
12.74999997874002
 21
79.50000000653998
 31
0.0
  0
LINE
  5
C0A
330
2AF
100
AcDbEntity
  8
0
  6
Continuous
 62
     7
100
AcDbLine
 10
12.24999998052002
 20
79.50000000653998
 30
0.0
 11
10.24999998001999
 21
79.50000000653998
 31
0.0
  0
LINE
  5
C0B
330
2AF
100
AcDbEntity
  8
0
  6
Continuous
 62
     7
100
AcDbLine
 10
16.65014920408001
 20
79.70000000531999
 30
0.0
 11
15.84999999920001
 21
79.70000000531999
 31
0.0
  0
LINE
  5
C0C
330
2AF
100
AcDbEntity
  8
0
  6
Continuous
 62
     7
100
AcDbLine
 10
17.99999999942003
 20
79.79956969695999
 30
0.0
 11
17.74999999904003
 21
79.79956969695999
 31
0.0
  0
LINE
  5
C0D
330
2AF
100
AcDbEntity
  8
03___PRT_ALL_CURVES
  6
Continuous
 62
     4
100
AcDbLine
 10
3.399522560860021
 20
79.80000000089998
 30
0.0
 11
3.792974156480028
 21
79.80000000089998
 31
0.0
  0
LINE
  5
C0E
330
2AF
100
AcDbEntity
  8
03___PRT_ALL_CURVES
  6
Continuous
 62
     4
100
AcDbLine
 10
22.15443376826002
 20
79.80000000089998
 30
0.0
 11
23.32141875712
 21
79.80000000089998
 31
0.0
  0
LINE
  5
C0F
330
2AF
100
AcDbEntity
  8
0
  6
Continuous
 62
     7
100
AcDbLine
 10
17.25000000082002
 20
80.10000000541999
 30
0.0
 11
17.05291979808001
 21
80.10000000541999
 31
0.0
  0
LINE
  5
C10
330
2AF
100
AcDbEntity
  8
0
  6
Continuous
 62
     7
100
AcDbLine
 10
14.14999899992006
 20
80.10000000795998
 30
0.0
 11
13.34999964234004
 21
80.10000000795998
 31
0.0
  0
LINE
  5
C11
330
2AF
100
AcDbEntity
  8
0
  6
Continuous
 62
     7
100
AcDbLine
 10
11.64999999942
 20
80.10000000795998
 30
0.0
 11
10.84999999921999
 21
80.10000000795998
 31
0.0
  0
LINE
  5
C12
330
2AF
100
AcDbEntity
  8
03___PRT_ALL_CURVES
  6
Continuous
 62
     4
100
AcDbLine
 10
23.32141875712
 20
80.11705321235999
 30
0.0
 11
22.71405171684003
 21
80.11705321235999
 31
0.0
  0
LINE
  5
C13
330
2AF
100
AcDbEntity
  8
0
  6
Continuous
 62
     7
100
AcDbLine
 10
10.84999999921999
 20
80.90000000815999
 30
0.0
 11
11.64999999942
 21
80.90000000815999
 31
0.0
  0
LINE
  5
C14
330
2AF
100
AcDbEntity
  8
0
  6
Continuous
 62
     7
100
AcDbLine
 10
13.34999964234004
 20
80.90000000815999
 30
0.0
 11
14.14999899992006
 21
80.90000000815999
 31
0.0
  0
LINE
  5
C15
330
2AF
100
AcDbEntity
  8
0
  6
Continuous
 62
     7
100
AcDbLine
 10
17.05291979808001
 20
80.90000000562
 30
0.0
 11
17.25000000082002
 21
80.90000000562
 31
0.0
  0
LINE
  5
C16
330
2AF
100
AcDbEntity
  8
0
  6
Continuous
 62
     7
100
AcDbLine
 10
17.74999999904003
 20
81.20043031408
 30
0.0
 11
17.99999999942003
 21
81.20043031408
 31
0.0
  0
LINE
  5
C17
330
2AF
100
AcDbEntity
  8
03___PRT_ALL_CURVES
  6
Continuous
 62
     4
100
AcDbLine
 10
3.792974156480028
 20
81.22387454456
 30
0.0
 11
3.471146029500034
 21
81.22387454456
 31
0.0
  0
LINE
  5
C18
330
2AF
100
AcDbEntity
  8
0
  6
Continuous
 62
     7
100
AcDbLine
 10
15.84999999920001
 20
81.30000000317997
 30
0.0
 11
16.65014920408001
 21
81.30000000317997
 31
0.0
  0
LINE
  5
C19
330
2AF
100
AcDbEntity
  8
0
  6
Continuous
 62
     7
100
AcDbLine
 10
14.74999997923999
 20
81.50000000704
 30
0.0
 11
12.74999997874002
 21
81.50000000704
 31
0.0
  0
LINE
  5
C1A
330
2AF
100
AcDbEntity
  8
0
  6
Continuous
 62
     7
100
AcDbLine
 10
12.24999998052002
 20
81.50000000704
 30
0.0
 11
10.24999998001999
 21
81.50000000704
 31
0.0
  0
LINE
  5
C1B
330
2AF
100
AcDbEntity
  8
0
  6
Continuous
 62
     7
100
AcDbLine
 10
8.949997718460025
 20
81.97499951678
 30
0.0
 11
9.70151704600002
 21
81.97499951678
 31
0.0
  0
LINE
  5
C1C
330
2AF
100
AcDbEntity
  8
03___PRT_ALL_CURVES
  6
Continuous
 62
     4
100
AcDbLine
 10
1.200000000300008
 20
82.25000000056
 30
0.0
 11
4.199999999780005
 21
82.25000000056
 31
0.0
  0
LINE
  5
C1D
330
2AF
100
AcDbEntity
  8
0
  6
Continuous
 62
     7
100
AcDbLine
 10
8.200000000780022
 20
82.25000000818
 30
0.0
 11
15.84999999920001
 21
82.25000000818
 31
0.0
  0
LINE
  5
C1E
330
2AF
100
AcDbEntity
  8
03___PRT_ALL_CURVES
  6
Continuous
 62
     4
100
AcDbLine
 10
20.59999999879997
 20
82.25000000056
 30
0.0
 11
23.60000000082002
 21
82.25000000056
 31
0.0
  0
LINE
  5
C1F
330
2AF
100
AcDbEntity
  8
03___PRT_ALL_CURVES
  6
Continuous
 62
     4
100
AcDbLine
 10
22.18308320803999
 20
80.77694408968
 30
0.0
 11
22.57271487226001
 21
80.74542976612
 31
0.0
  0
LINE
  5
C20
330
2AF
100
AcDbEntity
  8
03___PRT_ALL_CURVES
  6
Continuous
 62
     4
100
AcDbLine
 10
22.84345159265999
 20
42.57387454473999
 30
0.0
 11
22.13485676906001
 21
41.73158252854
 31
0.0
  0
LINE
  5
C21
330
2AF
100
AcDbEntity
  8
03___PRT_ALL_CURVES
  6
Continuous
 62
     4
100
AcDbLine
 10
22.46814460388001
 20
41.71343792170001
 30
0.0
 11
22.84345159265999
 21
42.15368351821999
 31
0.0
  0
LINE
  5
C22
330
2AF
100
AcDbEntity
  8
0
  6
Continuous
 62
     7
100
AcDbLine
 10
17.25000000082002
 20
42.40000000552001
 30
0.0
 11
17.74999999904003
 21
42.70043031397998
 31
0.0
  0
LINE
  5
C23
330
2AF
100
AcDbEntity
  8
0
  6
Continuous
 62
     7
100
AcDbLine
 10
17.05291979808001
 20
41.60000000532
 30
0.0
 11
16.65014920408001
 21
41.35799101766003
 31
0.0
  0
LINE
  5
C24
330
2AF
100
AcDbEntity
  8
0
  6
Continuous
 62
     7
100
AcDbLine
 10
17.25000000082002
 20
38.90000000528002
 30
0.0
 11
17.74999999904003
 21
39.20043031374001
 31
0.0
  0
LINE
  5
C25
330
2AF
100
AcDbEntity
  8
0
  6
Continuous
 62
     7
100
AcDbLine
 10
17.05291979808001
 20
38.10000000508001
 30
0.0
 11
16.65014920408001
 21
37.85799101741998
 31
0.0
  0
LINE
  5
C26
330
2AF
100
AcDbEntity
  8
0
  6
Continuous
 62
     7
100
AcDbLine
 10
18.00000000196002
 20
85.75000000841996
 30
0.0
 11
7.500000001239982
 21
85.75000000841996
 31
0.0
  0
LINE
  5
C27
330
2AF
100
AcDbEntity
  8
02___PRT_ALL_AXES
  6
Continuous
 62
     7
100
AcDbLine
 10
17.59999999932003
 20
86.34999999968
 30
0.0
 11
7.899999998799984
 21
86.34999999968
 31
0.0
  0
LINE
  5
C28
330
2AF
100
AcDbEntity
  8
03___PRT_ALL_CURVES
  6
Continuous
 62
     4
100
AcDbLine
 10
9.911152631299984
 20
120.01398365202
 30
0.0
 11
10.32384013968002
 21
119.25000000092
 31
0.0
  0
LINE
  5
C29
330
2AF
100
AcDbEntity
  8
03___PRT_ALL_CURVES
  6
Continuous
 62
     4
100
AcDbLine
 10
11.19696429386002
 20
119.25000000092
 30
0.0
 11
10.82179373356001
 21
119.97305589796
 31
0.0
  0
LINE
  5
C2A
330
2AF
100
AcDbEntity
  8
0
  6
Continuous
 62
     7
100
AcDbLine
 10
17.25000000082002
 20
35.40000000504
 30
0.0
 11
17.74999999904003
 21
35.70043031604001
 31
0.0
  0
LINE
  5
C2B
330
2AF
100
AcDbEntity
  8
0
  6
Continuous
 62
     7
100
AcDbLine
 10
17.05291979808001
 20
34.60000000483998
 30
0.0
 11
16.65014920408001
 21
34.35799101718001
 31
0.0
  0
LINE
  5
C2C
330
2AF
100
AcDbEntity
  8
0
  6
Continuous
 62
     7
100
AcDbLine
 10
-0.2500000003799698
 20
91.79999999882003
 30
0.0
 11
32.25000000075997
 21
91.79999999882003
 31
0.0
  0
LINE
  5
C2D
330
2AF
100
AcDbEntity
  8
0
  6
Continuous
 62
     7
100
AcDbLine
 10
-0.2500000003799698
 20
91.89999999948
 30
0.0
 11
32.25000000075997
 21
91.89999999948
 31
0.0
  0
LINE
  5
C2E
330
2AF
100
AcDbEntity
  8
03___PRT_ALL_CURVES
  6
Continuous
 62
     4
100
AcDbLine
 10
22.83485677621999
 20
25.07387454607999
 30
0.0
 11
22.12626195515998
 21
24.23158252733998
 31
0.0
  0
LINE
  5
C2F
330
2AF
100
AcDbEntity
  8
03___PRT_ALL_CURVES
  6
Continuous
 62
     4
100
AcDbLine
 10
22.45954978998
 20
24.21343792050001
 30
0.0
 11
22.83485677621999
 21
24.65368351956002
 31
0.0
  0
LINE
  5
C30
330
2AF
100
AcDbEntity
  8
0
  6
Continuous
 62
     2
100
AcDbLine
 10
17.99999999942003
 20
24.79999999858001
 30
0.0
 11
18.60000000084003
 21
25.40000000000001
 31
0.0
  0
LINE
  5
C31
330
2AF
100
AcDbEntity
  8
0
  6
Continuous
 62
     7
100
AcDbLine
 10
17.25000000082002
 20
31.90000000480001
 30
0.0
 11
17.74999999904003
 21
32.20043031579999
 31
0.0
  0
LINE
  5
C32
330
2AF
100
AcDbEntity
  8
0
  6
Continuous
 62
     7
100
AcDbLine
 10
17.05291979808001
 20
31.10000000460002
 30
0.0
 11
16.65014920408001
 21
30.85799101693996
 31
0.0
  0
LINE
  5
C33
330
2AF
100
AcDbEntity
  8
0
  6
Continuous
 62
     7
100
AcDbLine
 10
17.25000000082002
 20
28.40000000456001
 30
0.0
 11
17.74999999904003
 21
28.70043031556
 31
0.0
  0
LINE
  5
C34
330
2AF
100
AcDbEntity
  8
0
  6
Continuous
 62
     7
100
AcDbLine
 10
17.05291979808001
 20
27.60000000435997
 30
0.0
 11
16.65014920408001
 21
27.3579910167
 31
0.0
  0
LINE
  5
C35
330
2AF
100
AcDbEntity
  8
0
  6
Continuous
 62
     7
100
AcDbLine
 10
17.25000000082002
 20
24.90000000431999
 30
0.0
 11
17.74999999904003
 21
25.20043031531998
 31
0.0
  0
LINE
  5
C36
330
2AF
100
AcDbEntity
  8
0
  6
Continuous
 62
     7
100
AcDbLine
 10
17.05291979808001
 20
24.10000000412001
 30
0.0
 11
16.65014920408001
 21
23.85799101645998
 31
0.0
  0
LINE
  5
C37
330
2AF
100
AcDbEntity
  8
0
  6
Continuous
 62
     7
100
AcDbLine
 10
17.24999999828
 20
21.40000000408
 30
0.0
 11
17.74999999904003
 21
21.70043031508001
 31
0.0
  0
LINE
  5
C38
330
2AF
100
AcDbEntity
  8
0
  6
Continuous
 62
     7
100
AcDbLine
 10
17.05291979808001
 20
20.60000000387998
 30
0.0
 11
16.65014920408001
 21
20.35799101622001
 31
0.0
  0
LINE
  5
C39
330
2AF
100
AcDbEntity
  8
0
  6
Continuous
 62
     7
100
AcDbLine
 10
32.25000000075997
 20
116.89999999938
 30
0.0
 11
-0.2500000003799698
 21
116.89999999938
 31
0.0
  0
LINE
  5
C3A
330
2AF
100
AcDbEntity
  8
0
  6
Continuous
 62
     7
100
AcDbLine
 10
-0.2500000003799698
 20
117.00000000004
 30
0.0
 11
32.25000000075997
 21
117.00000000004
 31
0.0
  0
LINE
  5
C3B
330
2AF
100
AcDbEntity
  8
0
  6
Continuous
 62
     7
100
AcDbLine
 10
32.25000000075997
 20
117.59999999892
 30
0.0
 11
-0.2500000003799698
 21
117.59999999892
 31
0.0
  0
LINE
  5
C3C
330
2AF
100
AcDbEntity
  8
03___PRT_ALL_CURVES
  6
Continuous
 62
     4
100
AcDbLine
 10
8.73789200856001
 20
119.25000000092
 30
0.0
 11
9.513812869719999
 21
119.25000000092
 31
0.0
  0
LINE
  5
C3D
330
2AF
100
AcDbEntity
  8
03___PRT_ALL_CURVES
  6
Continuous
 62
     4
100
AcDbLine
 10
10.32384013968002
 20
119.25000000092
 30
0.0
 11
11.19696429386002
 21
119.25000000092
 31
0.0
  0
LINE
  5
C3E
330
2AF
100
AcDbEntity
  8
03___PRT_ALL_CURVES
  6
Continuous
 62
     4
100
AcDbLine
 10
12.05644598612002
 20
119.25000000092
 30
0.0
 11
12.8289561556
 21
119.25000000092
 31
0.0
  0
LINE
  5
C3F
330
2AF
100
AcDbEntity
  8
03___PRT_ALL_CURVES
  6
Continuous
 62
     4
100
AcDbLine
 10
13.97663703523997
 20
119.25000000092
 30
0.0
 11
15.12431791488001
 21
119.25000000092
 31
0.0
  0
LINE
  5
C40
330
2AF
100
AcDbEntity
  8
03___PRT_ALL_CURVES
  6
Continuous
 62
     4
100
AcDbLine
 10
17.00358083910001
 20
119.25000000092
 30
0.0
 11
17.69594124000002
 21
119.25000000092
 31
0.0
  0
LINE
  5
C41
330
2AF
100
AcDbEntity
  8
03___PRT_ALL_CURVES
  6
Continuous
 62
     4
100
AcDbLine
 10
19.77131596148001
 20
119.25000000092
 30
0.0
 11
20.47390809706002
 21
119.25000000092
 31
0.0
  0
LINE
  5
C42
330
2AF
100
AcDbEntity
  8
03___PRT_ALL_CURVES
  6
Continuous
 62
     4
100
AcDbLine
 10
21.17820611442002
 20
119.25000000092
 30
0.0
 11
23.26210728316002
 21
119.25000000092
 31
0.0
  0
LINE
  5
C43
330
2AF
100
AcDbEntity
  8
03___PRT_ALL_CURVES
  6
Continuous
 62
     4
100
AcDbLine
 10
23.26210728316002
 20
119.81616645304
 30
0.0
 11
22.17752328520001
 21
119.81616645304
 31
0.0
  0
LINE
  5
C44
330
2AF
100
AcDbEntity
  8
03___PRT_ALL_CURVES
  6
Continuous
 62
     4
100
AcDbLine
 10
14.93843784976002
 20
119.81787174046
 30
0.0
 11
14.74914720725999
 21
119.81787174046
 31
0.0
  0
LINE
  5
C45
330
2AF
100
AcDbEntity
  8
03___PRT_ALL_CURVES
  6
Continuous
 62
     4
100
AcDbLine
 10
9.513812869719999
 20
120.26466573638
 30
0.0
 11
9.58202569240001
 21
120.26466573638
 31
0.0
  0
LINE
  5
C46
330
2AF
100
AcDbEntity
  8
03___PRT_ALL_CURVES
  6
Continuous
 62
     4
100
AcDbLine
 10
9.839529157579989
 20
120.7370396252601
 30
0.0
 11
9.513812869719999
 21
120.7370396252601
 31
0.0
  0
LINE
  5
C47
330
2AF
100
AcDbEntity
  8
03___PRT_ALL_CURVES
  6
Continuous
 62
     4
100
AcDbLine
 10
11.26858791744002
 20
121.13267394956
 30
0.0
 11
12.05644598612002
 21
121.13267394956
 31
0.0
  0
LINE
  5
C48
330
2AF
100
AcDbEntity
  8
03___PRT_ALL_CURVES
  6
Continuous
 62
     4
100
AcDbLine
 10
12.8289561556
 20
121.13267394956
 30
0.0
 11
13.61681452400003
 21
121.13267394956
 31
0.0
  0
LINE
  5
C49
330
2AF
100
AcDbEntity
  8
03___PRT_ALL_CURVES
  6
Continuous
 62
     4
100
AcDbLine
 10
16.5823667336
 20
121.1633697454201
 30
0.0
 11
17.81701913348004
 21
121.1633697454201
 31
0.0
  0
LINE
  5
C4A
330
2AF
100
AcDbEntity
  8
03___PRT_ALL_CURVES
  6
Continuous
 62
     4
100
AcDbLine
 10
14.74914720725999
 20
121.18383350942
 30
0.0
 11
14.94184842714
 21
121.18383350942
 31
0.0
  0
LINE
  5
C4B
330
2AF
100
AcDbEntity
  8
03___PRT_ALL_CURVES
  6
Continuous
 62
     4
100
AcDbLine
 10
9.513812869719999
 20
121.24522510114
 30
0.0
 11
9.853171616960026
 21
121.24522510114
 31
0.0
  0
LINE
  5
C4C
330
2AF
100
AcDbEntity
  8
03___PRT_ALL_CURVES
  6
Continuous
 62
     4
100
AcDbLine
 10
18.60999336922001
 20
121.74999999964
 30
0.0
 11
16.5823667336
 21
121.74999999964
 31
0.0
  0
LINE
  5
C4D
330
2AF
100
AcDbEntity
  8
03___PRT_ALL_CURVES
  6
Continuous
 62
     4
100
AcDbLine
 10
15.12431791488001
 20
121.74999999964
 30
0.0
 11
13.97663703523997
 21
121.74999999964
 31
0.0
  0
LINE
  5
C4E
330
2AF
100
AcDbEntity
  8
03___PRT_ALL_CURVES
  6
Continuous
 62
     4
100
AcDbLine
 10
13.61681452400003
 20
121.74999999964
 30
0.0
 11
11.26858791744002
 21
121.74999999964
 31
0.0
  0
LINE
  5
C4F
330
2AF
100
AcDbEntity
  8
03___PRT_ALL_CURVES
  6
Continuous
 62
     4
100
AcDbLine
 10
10.02540907284003
 20
121.74999999964
 30
0.0
 11
8.73789200856001
 21
121.74999999964
 31
0.0
  0
LINE
  5
C50
330
2AF
100
AcDbEntity
  8
03___PRT_ALL_CURVES
  6
Continuous
 62
     4
100
AcDbLine
 10
20.47390809706002
 20
121.79263311478
 30
0.0
 11
19.89921560916002
 21
121.79263311478
 31
0.0
  0
LINE
  5
C51
330
2AF
100
AcDbEntity
  8
03___PRT_ALL_CURVES
  6
Continuous
 62
     4
100
AcDbLine
 10
21.22936597399999
 20
120.99454301678
 30
0.0
 11
21.92513576102002
 21
120.93826743972
 31
0.0
  0
LINE
  5
C52
330
2AF
100
AcDbEntity
  8
0
  6
Continuous
 62
     7
100
AcDbLine
 10
32.25000000075997
 20
124.00000000052
 30
0.0
 11
-0.2500000003799698
 21
124.00000000052
 31
0.0
  0
LINE
  5
C53
330
2AF
100
AcDbEntity
  8
0
  6
Continuous
 62
     7
100
AcDbLine
 10
16.39999999902003
 20
124.84999999978
 30
0.0
 11
15.59999999882001
 21
124.84999999978
 31
0.0
  0
LINE
  5
C54
330
2AF
100
AcDbEntity
  8
0
  6
Continuous
 62
     7
100
AcDbLine
 10
17.74999999904003
 20
126.1999999998
 30
0.0
 11
16.39999999902003
 21
126.1999999998
 31
0.0
  0
LINE
  5
C55
330
2AF
100
AcDbEntity
  8
0
  6
Continuous
 62
     7
100
AcDbLine
 10
14.24999999879998
 20
126.1999999998
 30
0.0
 11
15.59999999882001
 21
126.1999999998
 31
0.0
  0
LINE
  5
C56
330
2AF
100
AcDbEntity
  8
0
  6
Continuous
 62
     7
100
AcDbLine
 10
14.24999999879998
 20
127.0
 30
0.0
 11
15.59999999882001
 21
127.0
 31
0.0
  0
LINE
  5
C57
330
2AF
100
AcDbEntity
  8
0
  6
Continuous
 62
     7
100
AcDbLine
 10
16.39999999902003
 20
127.0
 30
0.0
 11
17.74999999904003
 21
127.0
 31
0.0
  0
LINE
  5
C58
330
2AF
100
AcDbEntity
  8
0
  6
Continuous
 62
     7
100
AcDbLine
 10
15.59999999882001
 20
128.35000000002
 30
0.0
 11
16.39999999902003
 21
128.35000000002
 31
0.0
  0
LINE
  5
C59
330
2AF
100
AcDbEntity
  8
02___PRT_ALL_AXES
  6
Continuous
 62
     7
100
AcDbLine
 10
32.00000000038003
 20
129.99999999948
 30
0.0
 11
0.0
 21
129.99999999948
 31
0.0
  0
ARC
  5
C5A
330
2AF
100
AcDbEntity
  8
0
  6
Continuous
 62
     7
100
AcDbCircle
 10
7.299997960300004
 20
20.99999579773998
 30
0.0
 40
1.65000464004
100
AcDbArc
 50
303.0557108007
 51
56.94428919950001
  0
ARC
  5
C5B
330
2AF
100
AcDbEntity
  8
0
  6
Continuous
 62
     7
100
AcDbCircle
 10
7.299997960300004
 20
24.49999579797998
 30
0.0
 40
1.65000464004
100
AcDbArc
 50
303.0557108007
 51
56.94428919950001
  0
ARC
  5
C5C
330
2AF
100
AcDbEntity
  8
0
  6
Continuous
 62
     7
100
AcDbCircle
 10
7.299997960300004
 20
27.99999579822
 30
0.0
 40
1.65000464004
100
AcDbArc
 50
303.0557108007
 51
56.94428919950001
  0
ARC
  5
C5D
330
2AF
100
AcDbEntity
  8
0
  6
Continuous
 62
     7
100
AcDbCircle
 10
7.299997960300004
 20
31.49999579845999
 30
0.0
 40
1.65000464004
100
AcDbArc
 50
303.0557108007
 51
56.94428919950001
  0
ARC
  5
C5E
330
2AF
100
AcDbEntity
  8
0
  6
Continuous
 62
     7
100
AcDbCircle
 10
7.299997960300004
 20
34.99999579869998
 30
0.0
 40
1.65000464004
100
AcDbArc
 50
303.0557108007
 51
56.94428919950001
  0
ARC
  5
C5F
330
2AF
100
AcDbEntity
  8
0
  6
Continuous
 62
     7
100
AcDbCircle
 10
7.299997960300004
 20
38.49999579893998
 30
0.0
 40
1.65000464004
100
AcDbArc
 50
303.0557108007
 51
56.94428919950001
  0
ARC
  5
C60
330
2AF
100
AcDbEntity
  8
0
  6
Continuous
 62
     7
100
AcDbCircle
 10
7.299997960300004
 20
41.99999579918
 30
0.0
 40
1.65000464004
100
AcDbArc
 50
303.0557108007
 51
56.94428919950001
  0
ARC
  5
C61
330
2AF
100
AcDbEntity
  8
0
  6
Continuous
 62
     7
100
AcDbCircle
 10
7.299997960300004
 20
45.49999579941996
 30
0.0
 40
1.65000464004
100
AcDbArc
 50
303.0557108007
 51
56.94428919950001
  0
ARC
  5
C62
330
2AF
100
AcDbEntity
  8
0
  6
Continuous
 62
     7
100
AcDbCircle
 10
7.299997960300004
 20
48.99999579966001
 30
0.0
 40
1.65000464004
100
AcDbArc
 50
303.0557108007
 51
56.94428919950001
  0
ARC
  5
C63
330
2AF
100
AcDbEntity
  8
0
  6
Continuous
 62
     7
100
AcDbCircle
 10
7.299997960300004
 20
52.49999579989998
 30
0.0
 40
1.65000464004
100
AcDbArc
 50
303.0557108007
 51
56.94428919950001
  0
ARC
  5
C64
330
2AF
100
AcDbEntity
  8
0
  6
Continuous
 62
     7
100
AcDbCircle
 10
7.299997960300004
 20
55.99999579759998
 30
0.0
 40
1.65000464004
100
AcDbArc
 50
303.0557108007
 51
56.94428919950001
  0
ARC
  5
C65
330
2AF
100
AcDbEntity
  8
0
  6
Continuous
 62
     7
100
AcDbCircle
 10
7.299997960300004
 20
59.49999579784
 30
0.0
 40
1.65000464004
100
AcDbArc
 50
303.0557108007
 51
56.94428919950001
  0
ARC
  5
C66
330
2AF
100
AcDbEntity
  8
0
  6
Continuous
 62
     7
100
AcDbCircle
 10
7.299997960300004
 20
62.99999579807999
 30
0.0
 40
1.65000464004
100
AcDbArc
 50
303.0557108007
 51
56.94428919950001
  0
CIRCLE
  5
C67
330
2AF
100
AcDbEntity
  8
0
  6
Continuous
 62
     7
100
AcDbCircle
 10
12.49999742058
 20
17.50000034156002
 30
0.0
 40
1.03349807016
  0
ARC
  5
C68
330
2AF
100
AcDbEntity
  8
02___PRT_ALL_AXES
  6
Continuous
 62
     7
100
AcDbCircle
 10
7.899999998799984
 20
16.14999999864
 30
0.0
 40
0.9999999989799999
100
AcDbArc
 50
180.0
 51
270.0
  0
ARC
  5
C69
330
2AF
100
AcDbEntity
  8
0
  6
Continuous
 62
     7
100
AcDbCircle
 10
7.299997960300004
 20
66.49999579832001
 30
0.0
 40
1.65000464004
100
AcDbArc
 50
303.0557108007
 51
56.94428919950001
  0
ARC
  5
C6A
330
2AF
100
AcDbEntity
  8
0
  6
Continuous
 62
     7
100
AcDbCircle
 10
7.299997960300004
 20
69.99999579856001
 30
0.0
 40
1.65000464004
100
AcDbArc
 50
303.0557108007
 51
56.94428919950001
  0
ARC
  5
C6B
330
2AF
100
AcDbEntity
  8
0
  6
Continuous
 62
     7
100
AcDbCircle
 10
7.299997960300004
 20
73.49999579879997
 30
0.0
 40
1.65000464004
100
AcDbArc
 50
303.0557108007
 51
56.94428919950001
  0
ARC
  5
C6C
330
2AF
100
AcDbEntity
  8
0
  6
Continuous
 62
     7
100
AcDbCircle
 10
7.299997960300004
 20
76.99999579904002
 30
0.0
 40
1.65000464004
100
AcDbArc
 50
303.0557107989
 51
56.94428919769994
  0
ARC
  5
C6D
330
2AF
100
AcDbEntity
  8
0
  6
Continuous
 62
     7
100
AcDbCircle
 10
7.299997960300004
 20
80.49999579927999
 30
0.0
 40
1.65000464004
100
AcDbArc
 50
303.0557107989
 51
56.94428916620004
  0
CIRCLE
  5
C6E
330
2AF
100
AcDbEntity
  8
0
  6
Continuous
 62
     7
100
AcDbCircle
 10
12.49999742058
 20
83.99999967302
 30
0.0
 40
1.03349807016
  0
ARC
  5
C6F
330
2AF
100
AcDbEntity
  8
02___PRT_ALL_AXES
  6
Continuous
 62
     7
100
AcDbCircle
 10
7.899999998799984
 20
85.35000000069996
 30
0.0
 40
0.9999999989799999
100
AcDbArc
 50
90.0
 51
180.0
  0
ARC
  5
C70
330
2AF
100
AcDbEntity
  8
0
  6
Continuous
 62
     7
100
AcDbCircle
 10
1.54999999879999
 20
92.80000000033996
 30
0.0
 40
0.9999999989799999
100
AcDbArc
 50
245.5491792545999
 51
270.0
  0
ARC
  5
C71
330
2AF
100
AcDbEntity
  8
0
  6
Continuous
 62
     7
100
AcDbCircle
 10
1.54999999879999
 20
115.9999999985199
 30
0.0
 40
0.9999999989799999
100
AcDbArc
 50
90.0
 51
114.4508207454001
  0
ARC
  5
C72
330
2AF
100
AcDbEntity
  8
0
  6
Continuous
 62
     7
100
AcDbCircle
 10
15.99999999892
 20
3.39999999957999
 30
0.0
 40
2.84999999976
100
AcDbArc
 50
113.7203254665
 51
66.27967453810001
  0
ARC
  5
C73
330
2AF
100
AcDbEntity
  8
0
  6
Continuous
 62
     7
100
AcDbCircle
 10
15.99999999892
 20
3.39999999957999
 30
0.0
 40
2.7499999991
100
AcDbArc
 50
108.8395913588
 51
71.16040866799997
  0
ARC
  5
C74
330
2AF
100
AcDbEntity
  8
03___PRT_ALL_CURVES
  6
Continuous
 62
     4
100
AcDbCircle
 10
22.72014611664002
 20
52.84695974147996
 30
0.0
 40
1.07083423628
100
AcDbArc
 50
270.0060547738
 51
282.0043750054999
  0
ARC
  5
C75
330
2AF
100
AcDbEntity
  8
03___PRT_ALL_CURVES
  6
Continuous
 62
     4
100
AcDbCircle
 10
22.77410246288005
 20
35.19695974056
 30
0.0
 40
1.07083423628
100
AcDbArc
 50
270.0060547738
 51
282.0043750054999
  0
ARC
  5
C76
330
2AF
100
AcDbEntity
  8
02___PRT_ALL_AXES
  6
Continuous
 62
     7
100
AcDbCircle
 10
17.59999999932003
 20
16.14999999864
 30
0.0
 40
0.9999999989799999
100
AcDbArc
 50
270.0
 51
0.0
  0
ARC
  5
C77
330
2AF
100
AcDbEntity
  8
0
  6
Continuous
 62
     7
100
AcDbCircle
 10
15.99999999892
 20
126.5999999998999
 30
0.0
 40
2.84999999976
100
AcDbArc
 50
293.7203254653999
 51
246.2796745503999
  0
ARC
  5
C78
330
2AF
100
AcDbEntity
  8
0
  6
Continuous
 62
     7
100
AcDbCircle
 10
15.99999999892
 20
126.5999999998999
 30
0.0
 40
2.7499999991
100
AcDbArc
 50
288.8395913588
 51
251.1604086680001
  0
ARC
  5
C79
330
2AF
100
AcDbEntity
  8
03___PRT_ALL_CURVES
  6
Continuous
 62
     4
100
AcDbCircle
 10
22.75977777220001
 20
70.34695974267999
 30
0.0
 40
1.07083423628
100
AcDbArc
 50
270.0060547738
 51
282.0043750054999
  0
ARC
  5
C7A
330
2AF
100
AcDbEntity
  8
02___PRT_ALL_AXES
  6
Continuous
 62
     7
100
AcDbCircle
 10
17.59999999932003
 20
85.35000000069996
 30
0.0
 40
0.9999999989799999
100
AcDbArc
 50
0.0
 51
90.0
  0
ARC
  5
C7B
330
2AF
100
AcDbEntity
  8
0
  6
Continuous
 62
     7
100
AcDbCircle
 10
30.44999999904002
 20
115.9999999985199
 30
0.0
 40
0.9999999989799999
100
AcDbArc
 50
65.54917925460002
 51
90.0
  0
ARC
  5
C7C
330
2AF
100
AcDbEntity
  8
0
  6
Continuous
 62
     7
100
AcDbCircle
 10
30.44999999904002
 20
92.80000000033996
 30
0.0
 40
0.9999999989799999
100
AcDbArc
 50
270.0
 51
294.4508207453
  0
ENDSEC
  0
SECTION
  2
OBJECTS
  0
DICTIONARY
  5
C
330
0
100
AcDbDictionary
281
     1
  3
ACAD_CIP_PREVIOUS_PRODUCT_INFO
350
CD9
  3
ACAD_COLOR
350
CB3
  3
ACAD_DETAILVIEWSTYLE
350
CCC
  3
ACAD_GROUP
350
D
  3
ACAD_LAYOUT
350
1A
  3
ACAD_MATERIAL
350
C81
  3
ACAD_MLEADERSTYLE
350
CC8
  3
ACAD_MLINESTYLE
350
17
  3
ACAD_PLOTSETTINGS
350
19
  3
ACAD_PLOTSTYLENAME
350
E
  3
ACAD_SCALELIST
350
CB6
  3
ACAD_SECTIONVIEWSTYLE
350
CCA
  3
ACAD_TABLESTYLE
350
CB4
  3
ACAD_VISUALSTYLE
350
C9A
  3
ACDB_RECOMPOSE_DATA
350
CE6
  3
AcDbVariableDictionary
350
CCE
  0
DICTIONARY
  5
CDD
330
2
100
AcDbDictionary
280
     1
281
     1
  3
ACAD_LAYERSTATES
360
CDE
  0
XRECORD
  5
CD9
102
{ACAD_REACTORS
330
C
102
}
330
C
100
AcDbXrecord
280
     1
300
ACD
300
2018
300
ACD_F_S
  0
DICTIONARY
  5
CB3
102
{ACAD_REACTORS
330
C
102
}
330
C
100
AcDbDictionary
281
     1
  0
DICTIONARY
  5
CCC
102
{ACAD_REACTORS
330
C
102
}
330
C
100
AcDbDictionary
281
     1
  3
Imperial24
350
CCD
  0
DICTIONARY
  5
D
102
{ACAD_REACTORS
330
C
102
}
330
C
100
AcDbDictionary
281
     1
  0
DICTIONARY
  5
1A
102
{ACAD_REACTORS
330
C
102
}
330
C
100
AcDbDictionary
281
     1
  3
Layout1
350
C7E
  3
Model
350
C7D
  0
DICTIONARY
  5
C81
102
{ACAD_REACTORS
330
C
102
}
330
C
100
AcDbDictionary
281
     1
  3
ByBlock
350
C8A
  3
ByLayer
350
C82
  3
Global
350
C92
  0
DICTIONARY
  5
CC8
102
{ACAD_REACTORS
330
C
102
}
330
C
100
AcDbDictionary
281
     1
  3
Standard
350
CC9
  0
DICTIONARY
  5
17
102
{ACAD_REACTORS
330
C
102
}
330
C
100
AcDbDictionary
281
     1
  3
Standard
350
18
  0
DICTIONARY
  5
19
102
{ACAD_REACTORS
330
C
102
}
330
C
100
AcDbDictionary
281
     1
  0
ACDBDICTIONARYWDFLT
  5
E
102
{ACAD_REACTORS
330
C
102
}
330
C
100
AcDbDictionary
281
     1
  3
Normal
350
F
100
AcDbDictionaryWithDefault
340
F
  0
DICTIONARY
  5
CB6
102
{ACAD_REACTORS
330
C
102
}
330
C
100
AcDbDictionary
281
     1
  3
A0
350
CB7
  3
A1
350
CB8
  3
A2
350
CB9
  3
A3
350
CBA
  3
A4
350
CBB
  3
A5
350
CBC
  3
A6
350
CBD
  3
A7
350
CBE
  3
A8
350
CBF
  3
A9
350
CC0
  3
B0
350
CC1
  3
B1
350
CC2
  3
B2
350
CC3
  3
B3
350
CC4
  3
B4
350
CC5
  3
B5
350
CC6
  3
B6
350
CC7
  0
DICTIONARY
  5
CCA
102
{ACAD_REACTORS
330
C
102
}
330
C
100
AcDbDictionary
281
     1
  3
Imperial24
350
CCB
  0
DICTIONARY
  5
CB4
102
{ACAD_REACTORS
330
C
102
}
330
C
100
AcDbDictionary
281
     1
  3
Standard
350
CB5
  0
DICTIONARY
  5
C9A
102
{ACAD_REACTORS
330
C
102
}
330
C
100
AcDbDictionary
281
     1
  3
2dWireframe
350
CA0
  3
Basic
350
C9F
  3
Brighten
350
CA6
  3
ColorChange
350
CAA
  3
Conceptual
350
CA3
  3
Dim
350
CA5
  3
EdgeColorOff
350
CB2
  3
Facepattern
350
CA9
  3
Flat
350
C9B
  3
FlatWithEdges
350
C9C
  3
Gouraud
350
C9D
  3
GouraudWithEdges
350
C9E
  3
Hidden
350
CA2
  3
JitterOff
350
CB0
  3
Linepattern
350
CA8
  3
OverhangOff
350
CB1
  3
Realistic
350
CA4
  3
Shaded
350
CAF
  3
Shaded with edges
350
CAE
  3
Shades of Gray
350
CAB
  3
Sketchy
350
CAC
  3
Thicken
350
CA7
  3
Wireframe
350
CA1
  3
X-Ray
350
CAD
  0
XRECORD
  5
CE6
102
{ACAD_REACTORS
330
C
102
}
330
C
100
AcDbXrecord
280
     1
 90
        1
330
CB5
  0
DICTIONARY
  5
CCE
102
{ACAD_REACTORS
330
C
102
}
330
C
100
AcDbDictionary
281
     1
  3
CANNOSCALE
350
CD3
  3
CMLEADERSTYLE
350
CD0
  3
CTABLESTYLE
350
CCF
  3
CVIEWDETAILSTYLE
350
CD1
  3
CVIEWSECTIONSTYLE
350
CD2
  0
DICTIONARY
  5
CDE
102
{ACAD_REACTORS
330
CDD
102
}
330
CDD
100
AcDbDictionary
281
     1
  0
ACDBDETAILVIEWSTYLE
  5
CCD
102
{ACAD_REACTORS
330
CCC
102
}
330
CCC
100
AcDbModelDocViewStyle
 70
     0
  3
Imperial24
290
     0
300
Imperial24
 90
        0
100
AcDbDetailViewStyle
 70
     0
 71
     0
 90
        3
 71
     1
340
11
 62
   256
 40
0.24
340
0
 62
   256
 40
0.24
300

 40
0.36
280
     3
 71
     2
340
16
 90
       25
 62
   256
 71
     3
340
11
 62
   256
 40
0.24
 90
        1
 40
0.75
 90
        1
300
%<\AcVar ViewType \f "%tc1">% %<\AcVar ViewDetailId>%\PSCALE %<\AcVar ViewScale \f "%sn">%
 71
     4
340
16
 90
       25
 62
   256
340
16
 90
       25
 62
   256
280
     0
  0
LAYOUT
  5
C7E
102
{ACAD_REACTORS
330
1A
102
}
330
1A
100
AcDbPlotSettings
  1

  2
none_device
  4
ANSI_C_(22.00_x_17.00_Inches)
  6

 40
0.0
 41
0.0
 42
0.0
 43
0.0
 44
558.8
 45
431.8
 46
0.0
 47
0.0
 48
0.0
 49
0.0
140
0.0
141
0.0
142
1.0
143
1.0
 70
     0
 72
     0
 73
     0
 74
     0
  7

 75
     0
 76
     0
 77
     2
 78
   300
147
1.0
148
0.0
149
0.0
100
AcDbLayout
  1
Layout1
 70
     1
 71
     1
 10
0.0
 20
0.0
 11
12.0
 21
9.0
 12
0.0
 22
0.0
 32
0.0
 14
1.000000000000000E+20
 24
1.000000000000000E+20
 34
1.000000000000000E+20
 15
-1.000000000000000E+20
 25
-1.000000000000000E+20
 35
-1.000000000000000E+20
146
0.0
 13
0.0
 23
0.0
 33
0.0
 16
1.0
 26
0.0
 36
0.0
 17
0.0
 27
1.0
 37
0.0
 76
     0
330
2B0
  0
LAYOUT
  5
C7D
102
{ACAD_REACTORS
330
1A
102
}
330
1A
100
AcDbPlotSettings
  1

  2
none_device
  4
ANSI_C_(22.00_x_17.00_Inches)
  6

 40
0.0
 41
0.0
 42
0.0
 43
0.0
 44
558.8
 45
431.8
 46
0.0
 47
0.0
 48
0.0
 49
0.0
140
0.0
141
0.0
142
1.0
143
1.0
 70
  1024
 72
     0
 73
     0
 74
     0
  7

 75
     0
 76
     0
 77
     2
 78
   300
147
1.0
148
0.0
149
0.0
100
AcDbLayout
  1
Model
 70
     0
 71
     0
 10
0.0
 20
0.0
 11
22.0
 21
17.0
 12
0.0
 22
0.0
 32
0.0
 14
0.0
 24
0.0
 34
0.0
 15
0.0
 25
0.0
 35
0.0
146
0.0
 13
0.0
 23
0.0
 33
0.0
 16
1.0
 26
0.0
 36
0.0
 17
0.0
 27
1.0
 37
0.0
 76
     0
330
2AF
331
1F4
  0
MATERIAL
  5
C8A
102
{ACAD_REACTORS
330
C81
102
}
330
C81
100
AcDbMaterial
  1
ByBlock
 72
     0
 73
     2
 43
0.0208333333333333
 43
0.0
 43
0.0
 43
0.0
 43
0.0
 43
0.0208333333333333
 43
0.0
 43
0.0
 43
0.0
 43
0.0
 43
1.0
 43
0.0
 43
0.0
 43
0.0
 43
0.0
 43
1.0
 77
     0
 78
     2
 47
0.0208333333333333
 47
0.0
 47
0.0
 47
0.0
 47
0.0
 47
0.0208333333333333
 47
0.0
 47
0.0
 47
0.0
 47
0.0
 47
1.0
 47
0.0
 47
0.0
 47
0.0
 47
0.0
 47
1.0
171
     0
172
     2
 49
0.0208333333333333
 49
0.0
 49
0.0
 49
0.0
 49
0.0
 49
0.0208333333333333
 49
0.0
 49
0.0
 49
0.0
 49
0.0
 49
1.0
 49
0.0
 49
0.0
 49
0.0
 49
0.0
 49
1.0
175
     0
176
     2
142
0.0208333333333333
142
0.0
142
0.0
142
0.0
142
0.0
142
0.0208333333333333
142
0.0
142
0.0
142
0.0
142
0.0
142
1.0
142
0.0
142
0.0
142
0.0
142
0.0
142
1.0
179
     0
270
     2
144
0.0208333333333333
144
0.0
144
0.0
144
0.0
144
0.0
144
0.0208333333333333
144
0.0
144
0.0
144
0.0
144
0.0
144
1.0
144
0.0
144
0.0
144
0.0
144
0.0
144
1.0
274
     2
147
0.0208333333333333
147
0.0
147
0.0
147
0.0
147
0.0
147
0.0208333333333333
147
0.0
147
0.0
147
0.0
147
0.0
147
1.0
147
0.0
147
0.0
147
0.0
147
0.0
147
1.0
 94
      127
  0
MATERIAL
  5
C82
102
{ACAD_REACTORS
330
C81
102
}
330
C81
100
AcDbMaterial
  1
ByLayer
 72
     0
 73
     2
 43
0.0208333333333333
 43
0.0
 43
0.0
 43
0.0
 43
0.0
 43
0.0208333333333333
 43
0.0
 43
0.0
 43
0.0
 43
0.0
 43
1.0
 43
0.0
 43
0.0
 43
0.0
 43
0.0
 43
1.0
 77
     0
 78
     2
 47
0.0208333333333333
 47
0.0
 47
0.0
 47
0.0
 47
0.0
 47
0.0208333333333333
 47
0.0
 47
0.0
 47
0.0
 47
0.0
 47
1.0
 47
0.0
 47
0.0
 47
0.0
 47
0.0
 47
1.0
171
     0
172
     2
 49
0.0208333333333333
 49
0.0
 49
0.0
 49
0.0
 49
0.0
 49
0.0208333333333333
 49
0.0
 49
0.0
 49
0.0
 49
0.0
 49
1.0
 49
0.0
 49
0.0
 49
0.0
 49
0.0
 49
1.0
175
     0
176
     2
142
0.0208333333333333
142
0.0
142
0.0
142
0.0
142
0.0
142
0.0208333333333333
142
0.0
142
0.0
142
0.0
142
0.0
142
1.0
142
0.0
142
0.0
142
0.0
142
0.0
142
1.0
179
     0
270
     2
144
0.0208333333333333
144
0.0
144
0.0
144
0.0
144
0.0
144
0.0208333333333333
144
0.0
144
0.0
144
0.0
144
0.0
144
1.0
144
0.0
144
0.0
144
0.0
144
0.0
144
1.0
274
     2
147
0.0208333333333333
147
0.0
147
0.0
147
0.0
147
0.0
147
0.0208333333333333
147
0.0
147
0.0
147
0.0
147
0.0
147
1.0
147
0.0
147
0.0
147
0.0
147
0.0
147
1.0
 94
      127
  0
MATERIAL
  5
C92
102
{ACAD_REACTORS
330
C81
102
}
330
C81
100
AcDbMaterial
  1
Global
 72
     0
 73
     2
 43
0.0208333333333333
 43
0.0
 43
0.0
 43
0.0
 43
0.0
 43
0.0208333333333333
 43
0.0
 43
0.0
 43
0.0
 43
0.0
 43
1.0
 43
0.0
 43
0.0
 43
0.0
 43
0.0
 43
1.0
 77
     0
 78
     2
 47
0.0208333333333333
 47
0.0
 47
0.0
 47
0.0
 47
0.0
 47
0.0208333333333333
 47
0.0
 47
0.0
 47
0.0
 47
0.0
 47
1.0
 47
0.0
 47
0.0
 47
0.0
 47
0.0
 47
1.0
171
     0
172
     2
 49
0.0208333333333333
 49
0.0
 49
0.0
 49
0.0
 49
0.0
 49
0.0208333333333333
 49
0.0
 49
0.0
 49
0.0
 49
0.0
 49
1.0
 49
0.0
 49
0.0
 49
0.0
 49
0.0
 49
1.0
175
     0
176
     2
142
0.0208333333333333
142
0.0
142
0.0
142
0.0
142
0.0
142
0.0208333333333333
142
0.0
142
0.0
142
0.0
142
0.0
142
1.0
142
0.0
142
0.0
142
0.0
142
0.0
142
1.0
179
     0
270
     2
144
0.0208333333333333
144
0.0
144
0.0
144
0.0
144
0.0
144
0.0208333333333333
144
0.0
144
0.0
144
0.0
144
0.0
144
1.0
144
0.0
144
0.0
144
0.0
144
0.0
144
1.0
274
     2
147
0.0208333333333333
147
0.0
147
0.0
147
0.0
147
0.0
147
0.0208333333333333
147
0.0
147
0.0
147
0.0
147
0.0
147
1.0
147
0.0
147
0.0
147
0.0
147
0.0
147
1.0
 94
      127
  0
MLEADERSTYLE
  5
CC9
102
{ACAD_REACTORS
330
CC8
102
}
330
CC8
100
AcDbMLeaderStyle
179
     2
170
     2
171
     1
172
     0
 90
        2
 40
0.0
 41
0.0
173
     1
 91
-1056964608
340
14
 92
       -2
290
     1
 42
0.09
291
     1
 43
0.36
  3
Standard
341
0
 44
0.18
300

342
11
174
     1
178
     6
175
     1
176
     0
 93
-1056964608
 45
0.18
292
     0
297
     0
 46
0.18
343
0
 94
-1056964608
 47
1.0
 49
1.0
140
1.0
293
     1
141
0.0
294
     1
177
     0
142
1.0
295
     0
296
     0
143
0.125
271
     0
272
     9
273
     9
298
     1
  0
MLINESTYLE
  5
18
102
{ACAD_REACTORS
330
17
102
}
330
17
100
AcDbMlineStyle
  2
STANDARD
 70
     0
  3

 62
   256
 51
90.0
 52
90.0
 71
     2
 49
0.5
 62
   256
  6
BYLAYER
 49
-0.5
 62
   256
  6
BYLAYER
  0
ACDBPLACEHOLDER
  5
F
102
{ACAD_REACTORS
330
E
102
}
330
E
  0
SCALE
  5
CB7
102
{ACAD_REACTORS
330
CB6
102
}
330
CB6
100
AcDbScale
 70
     0
300
1:1
140
1.0
141
1.0
290
     1
  0
SCALE
  5
CB8
102
{ACAD_REACTORS
330
CB6
102
}
330
CB6
100
AcDbScale
 70
     0
300
1/128" = 1'-0"
140
0.0078125
141
12.0
290
     0
  0
SCALE
  5
CB9
102
{ACAD_REACTORS
330
CB6
102
}
330
CB6
100
AcDbScale
 70
     0
300
1/64" = 1'-0"
140
0.015625
141
12.0
290
     0
  0
SCALE
  5
CBA
102
{ACAD_REACTORS
330
CB6
102
}
330
CB6
100
AcDbScale
 70
     0
300
1/32" = 1'-0"
140
0.03125
141
12.0
290
     0
  0
SCALE
  5
CBB
102
{ACAD_REACTORS
330
CB6
102
}
330
CB6
100
AcDbScale
 70
     0
300
1/16" = 1'-0"
140
0.0625
141
12.0
290
     0
  0
SCALE
  5
CBC
102
{ACAD_REACTORS
330
CB6
102
}
330
CB6
100
AcDbScale
 70
     0
300
3/32" = 1'-0"
140
0.09375
141
12.0
290
     0
  0
SCALE
  5
CBD
102
{ACAD_REACTORS
330
CB6
102
}
330
CB6
100
AcDbScale
 70
     0
300
1/8" = 1'-0"
140
0.125
141
12.0
290
     0
  0
SCALE
  5
CBE
102
{ACAD_REACTORS
330
CB6
102
}
330
CB6
100
AcDbScale
 70
     0
300
3/16" = 1'-0"
140
0.1875
141
12.0
290
     0
  0
SCALE
  5
CBF
102
{ACAD_REACTORS
330
CB6
102
}
330
CB6
100
AcDbScale
 70
     0
300
1/4" = 1'-0"
140
0.25
141
12.0
290
     0
  0
SCALE
  5
CC0
102
{ACAD_REACTORS
330
CB6
102
}
330
CB6
100
AcDbScale
 70
     0
300
3/8" = 1'-0"
140
0.375
141
12.0
290
     0
  0
SCALE
  5
CC1
102
{ACAD_REACTORS
330
CB6
102
}
330
CB6
100
AcDbScale
 70
     0
300
1/2" = 1'-0"
140
0.5
141
12.0
290
     0
  0
SCALE
  5
CC2
102
{ACAD_REACTORS
330
CB6
102
}
330
CB6
100
AcDbScale
 70
     0
300
3/4" = 1'-0"
140
0.75
141
12.0
290
     0
  0
SCALE
  5
CC3
102
{ACAD_REACTORS
330
CB6
102
}
330
CB6
100
AcDbScale
 70
     0
300
1" = 1'-0"
140
1.0
141
12.0
290
     0
  0
SCALE
  5
CC4
102
{ACAD_REACTORS
330
CB6
102
}
330
CB6
100
AcDbScale
 70
     0
300
1-1/2" = 1'-0"
140
1.5
141
12.0
290
     0
  0
SCALE
  5
CC5
102
{ACAD_REACTORS
330
CB6
102
}
330
CB6
100
AcDbScale
 70
     0
300
3" = 1'-0"
140
3.0
141
12.0
290
     0
  0
SCALE
  5
CC6
102
{ACAD_REACTORS
330
CB6
102
}
330
CB6
100
AcDbScale
 70
     0
300
6" = 1'-0"
140
6.0
141
12.0
290
     0
  0
SCALE
  5
CC7
102
{ACAD_REACTORS
330
CB6
102
}
330
CB6
100
AcDbScale
 70
     0
300
1'-0" = 1'-0"
140
12.0
141
12.0
290
     0
  0
ACDBSECTIONVIEWSTYLE
  5
CCB
102
{ACAD_REACTORS
330
CCA
102
}
330
CCA
100
AcDbModelDocViewStyle
 70
     0
  3
Imperial24
290
     0
300
Imperial24
 90
        0
100
AcDbSectionViewStyle
 70
     0
 71
     0
 90
       78
 71
     1
340
11
 62
   256
 40
0.24
340
0
340
0
 62
   256
 40
0.24
300
I, O, Q, S, X, Z
 40
0.48
 90
        3
 40
0.18
 90
        1
 71
     2
340
16
 90
       25
 62
   256
340
16
 90
       50
 62
   256
 40
0.24
 40
0.0
 40
0.24
 71
     3
340
11
 62
   256
 40
0.24
 90
        1
 40
0.75
 90
        1
300
%<\AcVar ViewType \f "%tc1">% %<\AcVar ViewSectionStartId>%-%<\AcVar ViewSectionEndId>%\PSCALE %<\AcVar ViewScale \f "%sn">%
 71
     4
 62
   256
 62
   257
300
ANSI31
 40
1.0
 90
        0
290
     0
290
     0
 90
        6
 40
0.0
 40
1.570796326794897
 40
0.2617993877991494
 40
1.308996938995747
 40
-0.2617993877991494
 40
1.832595714594046
  0
TABLESTYLE
  5
CB5
102
{ACAD_REACTORS
330
CB4
102
}
102
{ACAD_XDICTIONARY
360
CE4
102
}
330
CB4
100
AcDbTableStyle
  3
Standard
 70
     0
 71
     0
 40
0.06
 41
0.06
280
     0
281
     0
  7
STANDARD
140
0.18
170
     2
 62
     0
 63
   257
283
     0
 90
      512
 91
        0
  1

274
    -2
284
     1
 64
     0
275
    -2
285
     1
 65
     0
276
    -2
286
     1
 66
     0
277
    -2
287
     1
 67
     0
278
    -2
288
     1
 68
     0
279
    -2
289
     1
 69
     0
  7
STANDARD
140
0.25
170
     5
 62
     0
 63
   257
283
     0
 90
      512
 91
        0
  1

274
    -2
284
     1
 64
     0
275
    -2
285
     1
 65
     0
276
    -2
286
     1
 66
     0
277
    -2
287
     1
 67
     0
278
    -2
288
     1
 68
     0
279
    -2
289
     1
 69
     0
  7
STANDARD
140
0.18
170
     5
 62
     0
 63
   257
283
     0
 90
      512
 91
        0
  1

274
    -2
284
     1
 64
     0
275
    -2
285
     1
 65
     0
276
    -2
286
     1
 66
     0
277
    -2
287
     1
 67
     0
278
    -2
288
     1
 68
     0
279
    -2
289
     1
 69
     0
  0
VISUALSTYLE
  5
CA0
102
{ACAD_REACTORS
330
C9A
102
}
330
C9A
100
AcDbVisualStyle
  2
2dWireframe
 70
     4
177
     3
291
     0
 70
    58
 90
        0
176
     1
 90
        2
176
     1
 90
        0
176
     1
 90
        0
176
     1
 40
0.6
176
     1
 40
30.0
176
     1
 62
     7
420
 16777215
176
     1
 90
        1
176
     1
 90
        4
176
     1
 62
     7
176
     1
 62
   257
176
     1
 90
        1
176
     1
 90
        1
176
     1
 40
1.0
176
     1
 90
        0
176
     1
 62
   257
176
     1
 40
1.0
176
     1
 90
        1
176
     1
 90
        6
176
     1
 90
        2
176
     1
 62
     7
176
     1
 90
        5
176
     1
 90
        0
176
     1
 90
        0
176
     1
290
     0
176
     1
 90
        1
176
     1
 40
0.0
176
     1
 90
        0
176
     1
290
     1
176
     1
290
     1
176
     1
290
     0
176
     1
290
     0
176
     1
290
     0
176
     1
290
     0
176
     1
290
     0
176
     1
290
     0
176
     1
290
     0
176
     1
 90
       50
176
     1
 40
0.0
176
     1
 40
1.0
176
     1
 90
        0
176
     1
 62
    18
420
        0
176
     1
 90
       50
176
     1
 90
        3
176
     1
 62
     5
420
      255
176
     1
290
     0
176
     1
 90
       50
176
     1
 90
       50
176
     1
 90
       50
176
     1
290
     0
176
     1
 90
       50
176
     1
 62
   256
176
     0
 40
1.0
176
     0
 90
        2
176
     1
  1
strokes_ogs.tif
176
     1
290
     0
176
     1
 40
1.0
176
     1
 40
1.0
176
     1
  0
VISUALSTYLE
  5
C9F
102
{ACAD_REACTORS
330
C9A
102
}
330
C9A
100
AcDbVisualStyle
  2
Basic
 70
     7
177
     3
291
     1
 70
    58
 90
        1
176
     1
 90
        0
176
     1
 90
        1
176
     1
 90
        0
176
     1
 40
0.6
176
     1
 40
30.0
176
     1
 62
     7
420
 16777215
176
     1
 90
        0
176
     1
 90
        4
176
     1
 62
     7
176
     1
 62
   257
176
     1
 90
        1
176
     1
 90
        1
176
     1
 40
1.0
176
     1
 90
        8
176
     1
 62
     7
176
     1
 40
1.0
176
     1
 90
        1
176
     1
 90
        6
176
     1
 90
        2
176
     1
 62
     7
176
     1
 90
        5
176
     1
 90
        0
176
     1
 90
        0
176
     1
290
     0
176
     1
 90
        1
176
     1
 40
0.0
176
     1
 90
        0
176
     1
290
     0
176
     1
290
     1
176
     1
290
     1
176
     1
290
     0
176
     1
290
     0
176
     1
290
     0
176
     1
290
     0
176
     1
290
     0
176
     1
290
     0
176
     1
 90
       50
176
     1
 40
0.0
176
     1
 40
1.0
176
     1
 90
        0
176
     1
 62
    18
420
        0
176
     1
 90
       50
176
     1
 90
        3
176
     1
 62
     5
420
      255
176
     1
290
     0
176
     1
 90
       50
176
     1
 90
       50
176
     1
 90
       50
176
     1
290
     0
176
     1
 90
       50
176
     1
 62
   256
176
     0
 40
1.0
176
     0
 90
        2
176
     1
  1
strokes_ogs.tif
176
     1
290
     0
176
     1
 40
1.0
176
     1
 40
1.0
176
     1
  0
VISUALSTYLE
  5
CA6
102
{ACAD_REACTORS
330
C9A
102
}
330
C9A
100
AcDbVisualStyle
  2
Brighten
 70
    12
177
     3
291
     1
 70
    58
 90
        2
176
     1
 90
        2
176
     1
 90
        0
176
     1
 90
        0
176
     1
 40
0.6
176
     1
 40
30.0
176
     1
 62
     7
420
 16777215
176
     1
 90
        1
176
     1
 90
        4
176
     1
 62
     7
176
     1
 62
   257
176
     1
 90
        1
176
     1
 90
        1
176
     1
 40
1.0
176
     1
 90
        8
176
     1
 62
     7
176
     1
 40
1.0
176
     1
 90
        1
176
     1
 90
        6
176
     1
 90
        2
176
     1
 62
     7
176
     1
 90
        5
176
     1
 90
        0
176
     1
 90
        0
176
     1
290
     0
176
     1
 90
        1
176
     1
 40
50.0
176
     1
 90
        0
176
     1
290
     0
176
     1
290
     1
176
     1
290
     1
176
     1
290
     0
176
     1
290
     0
176
     1
290
     0
176
     1
290
     0
176
     1
290
     0
176
     1
290
     0
176
     1
 90
       50
176
     1
 40
0.0
176
     1
 40
1.0
176
     1
 90
        0
176
     1
 62
    18
420
        0
176
     1
 90
       50
176
     1
 90
        3
176
     1
 62
     5
420
      255
176
     1
290
     0
176
     1
 90
       50
176
     1
 90
       50
176
     1
 90
       50
176
     1
290
     0
176
     1
 90
       50
176
     1
 62
   256
176
     0
 40
1.0
176
     0
 90
        2
176
     1
  1
strokes_ogs.tif
176
     1
290
     0
176
     1
 40
1.0
176
     1
 40
1.0
176
     1
  0
VISUALSTYLE
  5
CAA
102
{ACAD_REACTORS
330
C9A
102
}
330
C9A
100
AcDbVisualStyle
  2
ColorChange
 70
    16
177
     3
291
     1
 70
    58
 90
        2
176
     1
 90
        2
176
     1
 90
        3
176
     1
 90
        0
176
     1
 40
0.6
176
     1
 40
30.0
176
     1
 62
     8
420
  8421504
176
     1
 90
        1
176
     1
 90
        4
176
     1
 62
     7
176
     1
 62
   257
176
     1
 90
        1
176
     1
 90
        1
176
     1
 40
1.0
176
     1
 90
        8
176
     1
 62
     8
420
  8421504
176
     1
 40
1.0
176
     1
 90
        1
176
     1
 90
        6
176
     1
 90
        2
176
     1
 62
     7
176
     1
 90
        5
176
     1
 90
        0
176
     1
 90
        0
176
     1
290
     0
176
     1
 90
        1
176
     1
 40
0.0
176
     1
 90
        0
176
     1
290
     0
176
     1
290
     1
176
     1
290
     1
176
     1
290
     0
176
     1
290
     0
176
     1
290
     0
176
     1
290
     0
176
     1
290
     0
176
     1
290
     0
176
     1
 90
       50
176
     1
 40
0.0
176
     1
 40
1.0
176
     1
 90
        0
176
     1
 62
    18
420
        0
176
     1
 90
       50
176
     1
 90
        3
176
     1
 62
     5
420
      255
176
     1
290
     0
176
     1
 90
       50
176
     1
 90
       50
176
     1
 90
       50
176
     1
290
     0
176
     1
 90
       50
176
     1
 62
   256
176
     0
 40
1.0
176
     0
 90
        2
176
     1
  1
strokes_ogs.tif
176
     1
290
     0
176
     1
 40
1.0
176
     1
 40
1.0
176
     1
  0
VISUALSTYLE
  5
CA3
102
{ACAD_REACTORS
330
C9A
102
}
330
C9A
100
AcDbVisualStyle
  2
Conceptual
 70
     9
177
     3
291
     0
 70
    58
 90
        3
176
     1
 90
        2
176
     1
 90
        0
176
     1
 90
        0
176
     1
 40
0.6
176
     1
 40
30.0
176
     1
 62
     7
420
 16777215
176
     1
 90
        2
176
     1
 90
        2
176
     1
 62
     7
176
     1
 62
   257
176
     1
 90
        1
176
     1
 90
        1
176
     1
 40
179.0
176
     1
 90
        8
176
     1
 62
     7
176
     1
 40
1.0
176
     1
 90
        1
176
     1
 90
        6
176
     1
 90
        2
176
     1
 62
     7
176
     1
 90
        3
176
     1
 90
        0
176
     1
 90
        0
176
     1
290
     0
176
     1
 90
        1
176
     1
 40
0.0
176
     1
 90
        0
176
     1
290
     0
176
     1
290
     1
176
     1
290
     1
176
     1
290
     0
176
     1
290
     0
176
     1
290
     0
176
     1
290
     0
176
     1
290
     0
176
     1
290
     0
176
     1
 90
       50
176
     1
 40
0.0
176
     1
 40
1.0
176
     1
 90
        0
176
     1
 62
    18
420
        0
176
     1
 90
       50
176
     1
 90
        3
176
     1
 62
     5
420
      255
176
     1
290
     0
176
     1
 90
       50
176
     1
 90
       50
176
     1
 90
       50
176
     1
290
     0
176
     1
 90
       50
176
     1
 62
   256
176
     0
 40
1.0
176
     0
 90
        2
176
     1
  1
strokes_ogs.tif
176
     1
290
     0
176
     1
 40
1.0
176
     1
 40
1.0
176
     1
  0
VISUALSTYLE
  5
CA5
102
{ACAD_REACTORS
330
C9A
102
}
330
C9A
100
AcDbVisualStyle
  2
Dim
 70
    11
177
     3
291
     1
 70
    58
 90
        2
176
     1
 90
        2
176
     1
 90
        0
176
     1
 90
        0
176
     1
 40
0.6
176
     1
 40
30.0
176
     1
 62
     7
420
 16777215
176
     1
 90
        1
176
     1
 90
        4
176
     1
 62
     7
176
     1
 62
   257
176
     1
 90
        1
176
     1
 90
        1
176
     1
 40
1.0
176
     1
 90
        8
176
     1
 62
     7
176
     1
 40
1.0
176
     1
 90
        1
176
     1
 90
        6
176
     1
 90
        2
176
     1
 62
     7
176
     1
 90
        5
176
     1
 90
        0
176
     1
 90
        0
176
     1
290
     0
176
     1
 90
        1
176
     1
 40
-50.0
176
     1
 90
        0
176
     1
290
     0
176
     1
290
     1
176
     1
290
     1
176
     1
290
     0
176
     1
290
     0
176
     1
290
     0
176
     1
290
     0
176
     1
290
     0
176
     1
290
     0
176
     1
 90
       50
176
     1
 40
0.0
176
     1
 40
1.0
176
     1
 90
        0
176
     1
 62
    18
420
        0
176
     1
 90
       50
176
     1
 90
        3
176
     1
 62
     5
420
      255
176
     1
290
     0
176
     1
 90
       50
176
     1
 90
       50
176
     1
 90
       50
176
     1
290
     0
176
     1
 90
       50
176
     1
 62
   256
176
     0
 40
1.0
176
     0
 90
        2
176
     1
  1
strokes_ogs.tif
176
     1
290
     0
176
     1
 40
1.0
176
     1
 40
1.0
176
     1
  0
VISUALSTYLE
  5
CB2
102
{ACAD_REACTORS
330
C9A
102
}
330
C9A
100
AcDbVisualStyle
  2
EdgeColorOff
 70
    22
177
     3
291
     1
 70
    58
 90
        2
176
     0
 90
        2
176
     0
 90
        0
176
     0
 90
        0
176
     0
 40
0.6
176
     0
 40
30.0
176
     0
 62
     7
420
 16777215
176
     0
 90
        1
176
     0
 90
        4
176
     0
 62
     7
176
     0
 62
   257
176
     0
 90
        1
176
     0
 90
        1
176
     0
 40
1.0
176
     0
 90
        8
176
     2
 62
     7
176
     0
 40
1.0
176
     0
 90
        1
176
     0
 90
        6
176
     0
 90
        2
176
     0
 62
     7
176
     0
 90
        5
176
     0
 90
        0
176
     0
 90
        0
176
     0
290
     0
176
     0
 90
        1
176
     0
 40
0.0
176
     0
 90
        0
176
     0
290
     0
176
     0
290
     1
176
     0
290
     1
176
     0
290
     0
176
     0
290
     0
176
     0
290
     0
176
     0
290
     0
176
     0
290
     0
176
     0
290
     0
176
     0
 90
       50
176
     0
 40
0.0
176
     0
 40
1.0
176
     0
 90
        0
176
     0
 62
    18
420
        0
176
     0
 90
       50
176
     0
 90
        3
176
     0
 62
     5
420
      255
176
     0
290
     0
176
     0
 90
       50
176
     0
 90
       50
176
     0
 90
       50
176
     0
290
     0
176
     0
 90
       50
176
     0
 62
   256
176
     0
 40
1.0
176
     0
 90
        2
176
     0
  1
strokes_ogs.tif
176
     0
290
     0
176
     0
 40
1.0
176
     0
 40
1.0
176
     0
  0
VISUALSTYLE
  5
CA9
102
{ACAD_REACTORS
330
C9A
102
}
330
C9A
100
AcDbVisualStyle
  2
Facepattern
 70
    15
177
     3
291
     1
 70
    58
 90
        2
176
     1
 90
        2
176
     1
 90
        0
176
     1
 90
        0
176
     1
 40
0.6
176
     1
 40
30.0
176
     1
 62
     7
420
 16777215
176
     1
 90
        1
176
     1
 90
        4
176
     1
 62
     7
176
     1
 62
   257
176
     1
 90
        1
176
     1
 90
        1
176
     1
 40
1.0
176
     1
 90
        8
176
     1
 62
     7
176
     1
 40
1.0
176
     1
 90
        1
176
     1
 90
        6
176
     1
 90
        2
176
     1
 62
     7
176
     1
 90
        5
176
     1
 90
        0
176
     1
 90
        0
176
     1
290
     0
176
     1
 90
        1
176
     1
 40
0.0
176
     1
 90
        0
176
     1
290
     0
176
     1
290
     1
176
     1
290
     1
176
     1
290
     0
176
     1
290
     0
176
     1
290
     0
176
     1
290
     0
176
     1
290
     0
176
     1
290
     0
176
     1
 90
       50
176
     1
 40
0.0
176
     1
 40
1.0
176
     1
 90
        0
176
     1
 62
    18
420
        0
176
     1
 90
       50
176
     1
 90
        3
176
     1
 62
     5
420
      255
176
     1
290
     0
176
     1
 90
       50
176
     1
 90
       50
176
     1
 90
       50
176
     1
290
     0
176
     1
 90
       50
176
     1
 62
   256
176
     0
 40
1.0
176
     0
 90
        2
176
     1
  1
strokes_ogs.tif
176
     1
290
     0
176
     1
 40
1.0
176
     1
 40
1.0
176
     1
  0
VISUALSTYLE
  5
C9B
102
{ACAD_REACTORS
330
C9A
102
}
330
C9A
100
AcDbVisualStyle
  2
Flat
 70
     0
177
     3
291
     1
 70
    58
 90
        2
176
     1
 90
        1
176
     1
 90
        1
176
     1
 90
        2
176
     1
 40
0.6
176
     1
 40
30.0
176
     1
 62
     7
420
 16777215
176
     1
 90
        0
176
     1
 90
        0
176
     1
 62
     7
176
     1
 62
   257
176
     1
 90
        1
176
     1
 90
        1
176
     1
 40
1.0
176
     1
 90
        8
176
     1
 62
     7
176
     1
 40
1.0
176
     1
 90
        1
176
     1
 90
        6
176
     1
 90
        2
176
     1
 62
     7
176
     1
 90
        5
176
     1
 90
        0
176
     1
 90
        0
176
     1
290
     0
176
     1
 90
       13
176
     1
 40
0.0
176
     1
 90
        0
176
     1
290
     0
176
     1
290
     1
176
     1
290
     1
176
     1
290
     0
176
     1
290
     0
176
     1
290
     0
176
     1
290
     0
176
     1
290
     0
176
     1
290
     0
176
     1
 90
       50
176
     1
 40
0.0
176
     1
 40
1.0
176
     1
 90
        0
176
     1
 62
    18
420
        0
176
     1
 90
       50
176
     1
 90
        3
176
     1
 62
     5
420
      255
176
     1
290
     0
176
     1
 90
       50
176
     1
 90
       50
176
     1
 90
       50
176
     1
290
     0
176
     1
 90
       50
176
     1
 62
   256
176
     0
 40
1.0
176
     0
 90
        2
176
     1
  1
strokes_ogs.tif
176
     1
290
     0
176
     1
 40
1.0
176
     1
 40
1.0
176
     1
  0
VISUALSTYLE
  5
C9C
102
{ACAD_REACTORS
330
C9A
102
}
330
C9A
100
AcDbVisualStyle
  2
FlatWithEdges
 70
     1
177
     3
291
     1
 70
    58
 90
        2
176
     1
 90
        1
176
     1
 90
        1
176
     1
 90
        2
176
     1
 40
0.6
176
     1
 40
30.0
176
     1
 62
     7
420
 16777215
176
     1
 90
        1
176
     1
 90
        0
176
     1
 62
     7
176
     1
 62
   257
176
     1
 90
        1
176
     1
 90
        1
176
     1
 40
1.0
176
     1
 90
        0
176
     1
 62
   257
176
     1
 40
1.0
176
     1
 90
        1
176
     1
 90
        6
176
     1
 90
        2
176
     1
 62
     7
176
     1
 90
        5
176
     1
 90
        0
176
     1
 90
        0
176
     1
290
     0
176
     1
 90
       13
176
     1
 40
0.0
176
     1
 90
        0
176
     1
290
     0
176
     1
290
     1
176
     1
290
     1
176
     1
290
     0
176
     1
290
     0
176
     1
290
     0
176
     1
290
     0
176
     1
290
     0
176
     1
290
     0
176
     1
 90
       50
176
     1
 40
0.0
176
     1
 40
1.0
176
     1
 90
        0
176
     1
 62
    18
420
        0
176
     1
 90
       50
176
     1
 90
        3
176
     1
 62
     5
420
      255
176
     1
290
     0
176
     1
 90
       50
176
     1
 90
       50
176
     1
 90
       50
176
     1
290
     0
176
     1
 90
       50
176
     1
 62
   256
176
     0
 40
1.0
176
     0
 90
        2
176
     1
  1
strokes_ogs.tif
176
     1
290
     0
176
     1
 40
1.0
176
     1
 40
1.0
176
     1
  0
VISUALSTYLE
  5
C9D
102
{ACAD_REACTORS
330
C9A
102
}
330
C9A
100
AcDbVisualStyle
  2
Gouraud
 70
     2
177
     3
291
     1
 70
    58
 90
        2
176
     1
 90
        2
176
     1
 90
        1
176
     1
 90
        2
176
     1
 40
0.6
176
     1
 40
30.0
176
     1
 62
     7
420
 16777215
176
     1
 90
        0
176
     1
 90
        0
176
     1
 62
     7
176
     1
 62
   257
176
     1
 90
        1
176
     1
 90
        1
176
     1
 40
1.0
176
     1
 90
        0
176
     1
 62
     7
176
     1
 40
1.0
176
     1
 90
        1
176
     1
 90
        6
176
     1
 90
        2
176
     1
 62
     7
176
     1
 90
        5
176
     1
 90
        0
176
     1
 90
        0
176
     1
290
     0
176
     1
 90
       13
176
     1
 40
0.0
176
     1
 90
        0
176
     1
290
     0
176
     1
290
     1
176
     1
290
     1
176
     1
290
     0
176
     1
290
     0
176
     1
290
     0
176
     1
290
     0
176
     1
290
     0
176
     1
290
     0
176
     1
 90
       50
176
     1
 40
0.0
176
     1
 40
1.0
176
     1
 90
        0
176
     1
 62
    18
420
        0
176
     1
 90
       50
176
     1
 90
        3
176
     1
 62
     5
420
      255
176
     1
290
     0
176
     1
 90
       50
176
     1
 90
       50
176
     1
 90
       50
176
     1
290
     0
176
     1
 90
       50
176
     1
 62
   256
176
     0
 40
1.0
176
     0
 90
        2
176
     1
  1
strokes_ogs.tif
176
     1
290
     0
176
     1
 40
1.0
176
     1
 40
1.0
176
     1
  0
VISUALSTYLE
  5
C9E
102
{ACAD_REACTORS
330
C9A
102
}
330
C9A
100
AcDbVisualStyle
  2
GouraudWithEdges
 70
     3
177
     3
291
     1
 70
    58
 90
        2
176
     1
 90
        2
176
     1
 90
        1
176
     1
 90
        2
176
     1
 40
0.6
176
     1
 40
30.0
176
     1
 62
     7
420
 16777215
176
     1
 90
        1
176
     1
 90
        0
176
     1
 62
     7
176
     1
 62
   257
176
     1
 90
        1
176
     1
 90
        1
176
     1
 40
1.0
176
     1
 90
        0
176
     1
 62
   257
176
     1
 40
1.0
176
     1
 90
        1
176
     1
 90
        6
176
     1
 90
        2
176
     1
 62
     7
176
     1
 90
        5
176
     1
 90
        0
176
     1
 90
        0
176
     1
290
     0
176
     1
 90
       13
176
     1
 40
0.0
176
     1
 90
        0
176
     1
290
     0
176
     1
290
     1
176
     1
290
     1
176
     1
290
     0
176
     1
290
     0
176
     1
290
     0
176
     1
290
     0
176
     1
290
     0
176
     1
290
     0
176
     1
 90
       50
176
     1
 40
0.0
176
     1
 40
1.0
176
     1
 90
        0
176
     1
 62
    18
420
        0
176
     1
 90
       50
176
     1
 90
        3
176
     1
 62
     5
420
      255
176
     1
290
     0
176
     1
 90
       50
176
     1
 90
       50
176
     1
 90
       50
176
     1
290
     0
176
     1
 90
       50
176
     1
 62
   256
176
     0
 40
1.0
176
     0
 90
        2
176
     1
  1
strokes_ogs.tif
176
     1
290
     0
176
     1
 40
1.0
176
     1
 40
1.0
176
     1
  0
VISUALSTYLE
  5
CA2
102
{ACAD_REACTORS
330
C9A
102
}
330
C9A
100
AcDbVisualStyle
  2
Hidden
 70
     6
177
     3
291
     0
 70
    58
 90
        1
176
     1
 90
        2
176
     1
 90
        2
176
     1
 90
        0
176
     1
 40
0.6
176
     1
 40
30.0
176
     1
 62
     7
420
 16777215
176
     1
 90
        2
176
     1
 90
        2
176
     1
 62
     7
176
     1
 62
   257
176
     1
 90
        2
176
     1
 90
        1
176
     1
 40
40.0
176
     1
 90
        0
176
     1
 62
   257
176
     1
 40
1.0
176
     1
 90
        1
176
     1
 90
        6
176
     1
 90
        2
176
     1
 62
     7
176
     1
 90
        3
176
     1
 90
        0
176
     1
 90
        0
176
     1
290
     0
176
     1
 90
        1
176
     1
 40
0.0
176
     1
 90
        0
176
     1
290
     0
176
     1
290
     1
176
     1
290
     1
176
     1
290
     0
176
     1
290
     0
176
     1
290
     0
176
     1
290
     0
176
     1
290
     0
176
     1
290
     0
176
     1
 90
       50
176
     1
 40
0.0
176
     1
 40
1.0
176
     1
 90
        0
176
     1
 62
    18
420
        0
176
     1
 90
       50
176
     1
 90
        3
176
     1
 62
     5
420
      255
176
     1
290
     0
176
     1
 90
       50
176
     1
 90
       50
176
     1
 90
       50
176
     1
290
     0
176
     1
 90
       50
176
     1
 62
   256
176
     0
 40
1.0
176
     0
 90
        2
176
     1
  1
strokes_ogs.tif
176
     1
290
     0
176
     1
 40
1.0
176
     1
 40
1.0
176
     1
  0
VISUALSTYLE
  5
CB0
102
{ACAD_REACTORS
330
C9A
102
}
330
C9A
100
AcDbVisualStyle
  2
JitterOff
 70
    20
177
     3
291
     1
 70
    58
 90
        2
176
     0
 90
        2
176
     0
 90
        0
176
     0
 90
        0
176
     0
 40
0.6
176
     0
 40
30.0
176
     0
 62
     7
420
 16777215
176
     0
 90
        1
176
     0
 90
        4
176
     0
 62
     7
176
     0
 62
   257
176
     0
 90
        1
176
     0
 90
        1
176
     0
 40
1.0
176
     0
 90
       10
176
     2
 62
     7
176
     0
 40
1.0
176
     0
 90
        1
176
     0
 90
        6
176
     0
 90
        2
176
     0
 62
     7
176
     0
 90
        5
176
     0
 90
        0
176
     0
 90
        0
176
     0
290
     0
176
     0
 90
        1
176
     0
 40
0.0
176
     0
 90
        0
176
     0
290
     0
176
     0
290
     1
176
     0
290
     1
176
     0
290
     0
176
     0
290
     0
176
     0
290
     0
176
     0
290
     0
176
     0
290
     0
176
     0
290
     0
176
     0
 90
       50
176
     0
 40
0.0
176
     0
 40
1.0
176
     0
 90
        0
176
     0
 62
    18
420
        0
176
     0
 90
       50
176
     0
 90
        3
176
     0
 62
     5
420
      255
176
     0
290
     0
176
     0
 90
       50
176
     0
 90
       50
176
     0
 90
       50
176
     0
290
     0
176
     0
 90
       50
176
     0
 62
   256
176
     0
 40
1.0
176
     0
 90
        2
176
     0
  1
strokes_ogs.tif
176
     0
290
     0
176
     0
 40
1.0
176
     0
 40
1.0
176
     0
  0
VISUALSTYLE
  5
CA8
102
{ACAD_REACTORS
330
C9A
102
}
330
C9A
100
AcDbVisualStyle
  2
Linepattern
 70
    14
177
     3
291
     1
 70
    58
 90
        2
176
     1
 90
        2
176
     1
 90
        0
176
     1
 90
        0
176
     1
 40
0.6
176
     1
 40
30.0
176
     1
 62
     7
420
 16777215
176
     1
 90
        1
176
     1
 90
        4
176
     1
 62
     7
176
     1
 62
   257
176
     1
 90
        7
176
     1
 90
        7
176
     1
 40
1.0
176
     1
 90
        8
176
     1
 62
     7
176
     1
 40
1.0
176
     1
 90
        1
176
     1
 90
        6
176
     1
 90
        2
176
     1
 62
     7
176
     1
 90
        5
176
     1
 90
        0
176
     1
 90
        0
176
     1
290
     0
176
     1
 90
        1
176
     1
 40
0.0
176
     1
 90
        0
176
     1
290
     0
176
     1
290
     1
176
     1
290
     1
176
     1
290
     0
176
     1
290
     0
176
     1
290
     0
176
     1
290
     0
176
     1
290
     0
176
     1
290
     0
176
     1
 90
       50
176
     1
 40
0.0
176
     1
 40
1.0
176
     1
 90
        0
176
     1
 62
    18
420
        0
176
     1
 90
       50
176
     1
 90
        3
176
     1
 62
     5
420
      255
176
     1
290
     0
176
     1
 90
       50
176
     1
 90
       50
176
     1
 90
       50
176
     1
290
     0
176
     1
 90
       50
176
     1
 62
   256
176
     0
 40
1.0
176
     0
 90
        2
176
     1
  1
strokes_ogs.tif
176
     1
290
     0
176
     1
 40
1.0
176
     1
 40
1.0
176
     1
  0
VISUALSTYLE
  5
CB1
102
{ACAD_REACTORS
330
C9A
102
}
330
C9A
100
AcDbVisualStyle
  2
OverhangOff
 70
    21
177
     3
291
     1
 70
    58
 90
        2
176
     0
 90
        2
176
     0
 90
        0
176
     0
 90
        0
176
     0
 40
0.6
176
     0
 40
30.0
176
     0
 62
     7
420
 16777215
176
     0
 90
        1
176
     0
 90
        4
176
     0
 62
     7
176
     0
 62
   257
176
     0
 90
        1
176
     0
 90
        1
176
     0
 40
1.0
176
     0
 90
        9
176
     2
 62
     7
176
     0
 40
1.0
176
     0
 90
        1
176
     0
 90
        6
176
     0
 90
        2
176
     0
 62
     7
176
     0
 90
        5
176
     0
 90
        0
176
     0
 90
        0
176
     0
290
     0
176
     0
 90
        1
176
     0
 40
0.0
176
     0
 90
        0
176
     0
290
     0
176
     0
290
     1
176
     0
290
     1
176
     0
290
     0
176
     0
290
     0
176
     0
290
     0
176
     0
290
     0
176
     0
290
     0
176
     0
290
     0
176
     0
 90
       50
176
     0
 40
0.0
176
     0
 40
1.0
176
     0
 90
        0
176
     0
 62
    18
420
        0
176
     0
 90
       50
176
     0
 90
        3
176
     0
 62
     5
420
      255
176
     0
290
     0
176
     0
 90
       50
176
     0
 90
       50
176
     0
 90
       50
176
     0
290
     0
176
     0
 90
       50
176
     0
 62
   256
176
     0
 40
1.0
176
     0
 90
        2
176
     0
  1
strokes_ogs.tif
176
     0
290
     0
176
     0
 40
1.0
176
     0
 40
1.0
176
     0
  0
VISUALSTYLE
  5
CA4
102
{ACAD_REACTORS
330
C9A
102
}
330
C9A
100
AcDbVisualStyle
  2
Realistic
 70
     8
177
     3
291
     0
 70
    58
 90
        2
176
     1
 90
        3
176
     1
 90
        0
176
     1
 90
        2
176
     1
 40
0.6
176
     1
 40
30.0
176
     1
 62
     7
420
 16777215
176
     1
 90
        0
176
     1
 90
        0
176
     1
 62
     7
176
     1
 62
   257
176
     1
 90
        1
176
     1
 90
        1
176
     1
 40
1.0
176
     1
 90
        8
176
     1
 62
   257
176
     1
 40
1.0
176
     1
 90
        1
176
     1
 90
        6
176
     1
 90
        2
176
     1
 62
     7
176
     1
 90
        3
176
     1
 90
        0
176
     1
 90
        0
176
     1
290
     0
176
     1
 90
       13
176
     1
 40
0.0
176
     1
 90
        0
176
     1
290
     0
176
     1
290
     1
176
     1
290
     1
176
     1
290
     0
176
     1
290
     0
176
     1
290
     0
176
     1
290
     0
176
     1
290
     0
176
     1
290
     0
176
     1
 90
       50
176
     1
 40
0.0
176
     1
 40
1.0
176
     1
 90
        0
176
     1
 62
    18
420
        0
176
     1
 90
       50
176
     1
 90
        3
176
     1
 62
     5
420
      255
176
     1
290
     0
176
     1
 90
       50
176
     1
 90
       50
176
     1
 90
       50
176
     1
290
     0
176
     1
 90
       50
176
     1
 62
   256
176
     0
 40
1.0
176
     0
 90
        2
176
     1
  1
strokes_ogs.tif
176
     1
290
     0
176
     1
 40
1.0
176
     1
 40
1.0
176
     1
  0
VISUALSTYLE
  5
CAF
102
{ACAD_REACTORS
330
C9A
102
}
330
C9A
100
AcDbVisualStyle
  2
Shaded
 70
    27
177
     3
291
     0
 70
    58
 90
        2
176
     1
 90
        2
176
     1
 90
        1
176
     1
 90
        2
176
     1
 40
0.6
176
     1
 40
30.0
176
     1
 62
     7
420
 16777215
176
     1
 90
        0
176
     1
 90
        4
176
     1
 62
     7
176
     1
 62
   257
176
     1
 90
        1
176
     1
 90
        1
176
     1
 40
1.0
176
     1
 90
        8
176
     1
 62
   257
176
     1
 40
1.0
176
     1
 90
        1
176
     1
 90
        6
176
     1
 90
        2
176
     1
 62
     8
420
  7895160
176
     1
 90
        3
176
     1
 90
        0
176
     1
 90
        0
176
     1
290
     0
176
     1
 90
        5
176
     1
 40
0.0
176
     1
 90
        0
176
     1
290
     0
176
     1
290
     1
176
     1
290
     1
176
     1
290
     0
176
     1
290
     0
176
     1
290
     0
176
     1
290
     0
176
     1
290
     0
176
     1
290
     0
176
     1
 90
       50
176
     1
 40
0.0
176
     1
 40
1.0
176
     1
 90
        0
176
     1
 62
    18
420
        0
176
     1
 90
       50
176
     1
 90
        3
176
     1
 62
     5
420
      255
176
     1
290
     0
176
     1
 90
       50
176
     1
 90
       50
176
     1
 90
       50
176
     1
290
     0
176
     1
 90
       50
176
     1
 62
   256
176
     0
 40
1.0
176
     0
 90
        2
176
     1
  1
strokes_ogs.tif
176
     1
290
     0
176
     1
 40
1.0
176
     1
 40
1.0
176
     1
  0
VISUALSTYLE
  5
CAE
102
{ACAD_REACTORS
330
C9A
102
}
330
C9A
100
AcDbVisualStyle
  2
Shaded with edges
 70
    26
177
     3
291
     0
 70
    58
 90
        2
176
     1
 90
        2
176
     1
 90
        1
176
     1
 90
        2
176
     1
 40
0.6
176
     1
 40
30.0
176
     1
 62
     7
420
 16777215
176
     1
 90
        1
176
     1
 90
        2
176
     1
 62
     7
176
     1
 62
   257
176
     1
 90
        2
176
     1
 90
        1
176
     1
 40
1.0
176
     1
 90
        8
176
     1
 62
   257
176
     1
 40
1.0
176
     1
 90
        1
176
     1
 90
        6
176
     1
 90
        2
176
     1
 62
     7
176
     1
 90
        3
176
     1
 90
        0
176
     1
 90
        0
176
     1
290
     0
176
     1
 90
        5
176
     1
 40
0.0
176
     1
 90
        0
176
     1
290
     0
176
     1
290
     1
176
     1
290
     1
176
     1
290
     0
176
     1
290
     0
176
     1
290
     0
176
     1
290
     0
176
     1
290
     0
176
     1
290
     0
176
     1
 90
       50
176
     1
 40
0.0
176
     1
 40
1.0
176
     1
 90
        0
176
     1
 62
    18
420
        0
176
     1
 90
       50
176
     1
 90
        3
176
     1
 62
     5
420
      255
176
     1
290
     0
176
     1
 90
       50
176
     1
 90
       50
176
     1
 90
       50
176
     1
290
     0
176
     1
 90
       50
176
     1
 62
   256
176
     0
 40
1.0
176
     0
 90
        2
176
     1
  1
strokes_ogs.tif
176
     1
290
     0
176
     1
 40
1.0
176
     1
 40
1.0
176
     1
  0
VISUALSTYLE
  5
CAB
102
{ACAD_REACTORS
330
C9A
102
}
330
C9A
100
AcDbVisualStyle
  2
Shades of Gray
 70
    23
177
     3
291
     0
 70
    58
 90
        2
176
     1
 90
        2
176
     1
 90
        3
176
     1
 90
        0
176
     1
 40
0.6
176
     1
 40
30.0
176
     1
 62
     7
420
 16777215
176
     1
 90
        2
176
     1
 90
        2
176
     1
 62
     7
176
     1
 62
     7
176
     1
 90
        1
176
     1
 90
        1
176
     1
 40
40.0
176
     1
 90
        8
176
     1
 62
     7
176
     1
 40
1.0
176
     1
 90
        1
176
     1
 90
        6
176
     1
 90
        2
176
     1
 62
     7
176
     1
 90
        3
176
     1
 90
        0
176
     1
 90
        0
176
     1
290
     0
176
     1
 90
        1
176
     1
 40
0.0
176
     1
 90
        0
176
     1
290
     0
176
     1
290
     1
176
     1
290
     1
176
     1
290
     0
176
     1
290
     0
176
     1
290
     0
176
     1
290
     0
176
     1
290
     0
176
     1
290
     0
176
     1
 90
       50
176
     1
 40
0.0
176
     1
 40
1.0
176
     1
 90
        0
176
     1
 62
    18
420
        0
176
     1
 90
       50
176
     1
 90
        3
176
     1
 62
     5
420
      255
176
     1
290
     0
176
     1
 90
       50
176
     1
 90
       50
176
     1
 90
       50
176
     1
290
     0
176
     1
 90
       50
176
     1
 62
   256
176
     0
 40
1.0
176
     0
 90
        2
176
     1
  1
strokes_ogs.tif
176
     1
290
     0
176
     1
 40
1.0
176
     1
 40
1.0
176
     1
  0
VISUALSTYLE
  5
CAC
102
{ACAD_REACTORS
330
C9A
102
}
330
C9A
100
AcDbVisualStyle
  2
Sketchy
 70
    24
177
     3
291
     0
 70
    58
 90
        1
176
     1
 90
        2
176
     1
 90
        2
176
     1
 90
        0
176
     1
 40
0.6
176
     1
 40
30.0
176
     1
 62
     7
420
 16777215
176
     1
 90
        2
176
     1
 90
        2
176
     1
 62
     7
176
     1
 62
     7
176
     1
 90
        1
176
     1
 90
        1
176
     1
 40
40.0
176
     1
 90
       11
176
     1
 62
     7
176
     1
 40
1.0
176
     1
 90
        1
176
     1
 90
        6
176
     1
 90
        2
176
     1
 62
     7
176
     1
 90
        6
176
     1
 90
        0
176
     1
 90
        0
176
     1
290
     0
176
     1
 90
        1
176
     1
 40
0.0
176
     1
 90
        0
176
     1
290
     0
176
     1
290
     1
176
     1
290
     1
176
     1
290
     0
176
     1
290
     0
176
     1
290
     0
176
     1
290
     0
176
     1
290
     0
176
     1
290
     0
176
     1
 90
       50
176
     1
 40
0.0
176
     1
 40
1.0
176
     1
 90
        0
176
     1
 62
    18
420
        0
176
     1
 90
       50
176
     1
 90
        3
176
     1
 62
     5
420
      255
176
     1
290
     0
176
     1
 90
       50
176
     1
 90
       50
176
     1
 90
       50
176
     1
290
     0
176
     1
 90
       50
176
     1
 62
   256
176
     0
 40
1.0
176
     0
 90
        2
176
     1
  1
strokes_ogs.tif
176
     1
290
     0
176
     1
 40
1.0
176
     1
 40
1.0
176
     1
  0
VISUALSTYLE
  5
CA7
102
{ACAD_REACTORS
330
C9A
102
}
330
C9A
100
AcDbVisualStyle
  2
Thicken
 70
    13
177
     3
291
     1
 70
    58
 90
        2
176
     1
 90
        2
176
     1
 90
        0
176
     1
 90
        0
176
     1
 40
0.6
176
     1
 40
30.0
176
     1
 62
     7
420
 16777215
176
     1
 90
        1
176
     1
 90
        4
176
     1
 62
     7
176
     1
 62
   257
176
     1
 90
        1
176
     1
 90
        1
176
     1
 40
1.0
176
     1
 90
       12
176
     1
 62
     7
176
     1
 40
1.0
176
     1
 90
        1
176
     1
 90
        6
176
     1
 90
        2
176
     1
 62
     7
176
     1
 90
        5
176
     1
 90
        0
176
     1
 90
        0
176
     1
290
     0
176
     1
 90
        1
176
     1
 40
0.0
176
     1
 90
        0
176
     1
290
     0
176
     1
290
     1
176
     1
290
     1
176
     1
290
     0
176
     1
290
     0
176
     1
290
     0
176
     1
290
     0
176
     1
290
     0
176
     1
290
     0
176
     1
 90
       50
176
     1
 40
0.0
176
     1
 40
1.0
176
     1
 90
        0
176
     1
 62
    18
420
        0
176
     1
 90
       50
176
     1
 90
        3
176
     1
 62
     5
420
      255
176
     1
290
     0
176
     1
 90
       50
176
     1
 90
       50
176
     1
 90
       50
176
     1
290
     0
176
     1
 90
       50
176
     1
 62
   256
176
     0
 40
1.0
176
     0
 90
        2
176
     1
  1
strokes_ogs.tif
176
     1
290
     0
176
     1
 40
1.0
176
     1
 40
1.0
176
     1
  0
VISUALSTYLE
  5
CA1
102
{ACAD_REACTORS
330
C9A
102
}
330
C9A
100
AcDbVisualStyle
  2
Wireframe
 70
     5
177
     3
291
     0
 70
    58
 90
        0
176
     1
 90
        2
176
     1
 90
        0
176
     1
 90
        0
176
     1
 40
0.6
176
     1
 40
30.0
176
     1
 62
     7
420
 16777215
176
     1
 90
        1
176
     1
 90
        4
176
     1
 62
     7
176
     1
 62
   257
176
     1
 90
        1
176
     1
 90
        1
176
     1
 40
1.0
176
     1
 90
        0
176
     1
 62
   257
176
     1
 40
1.0
176
     1
 90
        1
176
     1
 90
        6
176
     1
 90
        2
176
     1
 62
     7
176
     1
 90
        3
176
     1
 90
        0
176
     1
 90
        0
176
     1
290
     0
176
     1
 90
        1
176
     1
 40
0.0
176
     1
 90
        0
176
     1
290
     0
176
     1
290
     1
176
     1
290
     1
176
     1
290
     0
176
     1
290
     0
176
     1
290
     0
176
     1
290
     0
176
     1
290
     0
176
     1
290
     0
176
     1
 90
       50
176
     1
 40
0.0
176
     1
 40
1.0
176
     1
 90
        0
176
     1
 62
    18
420
        0
176
     1
 90
       50
176
     1
 90
        3
176
     1
 62
     5
420
      255
176
     1
290
     0
176
     1
 90
       50
176
     1
 90
       50
176
     1
 90
       50
176
     1
290
     0
176
     1
 90
       50
176
     1
 62
   256
176
     0
 40
1.0
176
     0
 90
        2
176
     1
  1
strokes_ogs.tif
176
     1
290
     0
176
     1
 40
1.0
176
     1
 40
1.0
176
     1
  0
VISUALSTYLE
  5
CAD
102
{ACAD_REACTORS
330
C9A
102
}
330
C9A
100
AcDbVisualStyle
  2
X-Ray
 70
    25
177
     3
291
     0
 70
    58
 90
        2
176
     1
 90
        2
176
     1
 90
        1
176
     1
 90
        1
176
     1
 40
0.5
176
     1
 40
30.0
176
     1
 62
     7
420
 16777215
176
     1
 90
        1
176
     1
 90
        0
176
     1
 62
     7
176
     1
 62
   257
176
     1
 90
        1
176
     1
 90
        1
176
     1
 40
1.0
176
     1
 90
        8
176
     1
 62
     7
176
     1
 40
1.0
176
     1
 90
        1
176
     1
 90
        6
176
     1
 90
        2
176
     1
 62
     7
176
     1
 90
        3
176
     1
 90
        0
176
     1
 90
        0
176
     1
290
     0
176
     1
 90
       13
176
     1
 40
0.0
176
     1
 90
        0
176
     1
290
     0
176
     1
290
     1
176
     1
290
     1
176
     1
290
     0
176
     1
290
     0
176
     1
290
     0
176
     1
290
     0
176
     1
290
     0
176
     1
290
     0
176
     1
 90
       50
176
     1
 40
0.0
176
     1
 40
1.0
176
     1
 90
        0
176
     1
 62
    18
420
        0
176
     1
 90
       50
176
     1
 90
        3
176
     1
 62
     5
420
      255
176
     1
290
     0
176
     1
 90
       50
176
     1
 90
       50
176
     1
 90
       50
176
     1
290
     0
176
     1
 90
       50
176
     1
 62
   256
176
     0
 40
1.0
176
     0
 90
        2
176
     1
  1
strokes_ogs.tif
176
     1
290
     0
176
     1
 40
1.0
176
     1
 40
1.0
176
     1
  0
DICTIONARYVAR
  5
CD3
102
{ACAD_REACTORS
330
CCE
102
}
330
CCE
100
DictionaryVariables
280
     0
  1
1:1
  0
DICTIONARYVAR
  5
CD0
102
{ACAD_REACTORS
330
CCE
102
}
330
CCE
100
DictionaryVariables
280
     0
  1
Standard
  0
DICTIONARYVAR
  5
CCF
102
{ACAD_REACTORS
330
CCE
102
}
330
CCE
100
DictionaryVariables
280
     0
  1
Standard
  0
DICTIONARYVAR
  5
CD1
102
{ACAD_REACTORS
330
CCE
102
}
330
CCE
100
DictionaryVariables
280
     0
  1
Imperial24
  0
DICTIONARYVAR
  5
CD2
102
{ACAD_REACTORS
330
CCE
102
}
330
CCE
100
DictionaryVariables
280
     0
  1
Imperial24
  0
DICTIONARY
  5
CE4
330
CB5
100
AcDbDictionary
280
     1
281
     1
  3
ACAD_ROUNDTRIP_2008_TABLESTYLE_CELLSTYLEMAP
360
CE5
  0
CELLSTYLEMAP
  5
CE5
102
{ACAD_REACTORS
330
CE4
102
}
330
CE4
100
AcDbCellStyleMap
 90
        3
300
CELLSTYLE
  1
TABLEFORMAT_BEGIN
 90
        5
170
     1
 91
        0
 92
    32768
 62
   257
 93
        1
300
CONTENTFORMAT
  1
CONTENTFORMAT_BEGIN
 90
        0
 91
        0
 92
      512
 93
        0
300

 40
0.0
140
1.0
 94
        5
 62
     0
340
11
144
0.25
309
CONTENTFORMAT_END
171
     0
 94
        0
309
TABLEFORMAT_END
  1
CELLSTYLE_BEGIN
 90
        1
 91
        1
300
_TITLE
309
CELLSTYLE_END
300
CELLSTYLE
  1
TABLEFORMAT_BEGIN
 90
        5
170
     1
 91
        0
 92
        0
 62
   257
 93
        1
300
CONTENTFORMAT
  1
CONTENTFORMAT_BEGIN
 90
        0
 91
        0
 92
      512
 93
        0
300

 40
0.0
140
1.0
 94
        5
 62
     0
340
11
144
0.18
309
CONTENTFORMAT_END
171
     0
 94
        0
309
TABLEFORMAT_END
  1
CELLSTYLE_BEGIN
 90
        2
 91
        1
300
_HEADER
309
CELLSTYLE_END
300
CELLSTYLE
  1
TABLEFORMAT_BEGIN
 90
        5
170
     1
 91
        0
 92
        0
 62
   257
 93
        1
300
CONTENTFORMAT
  1
CONTENTFORMAT_BEGIN
 90
        0
 91
        0
 92
      512
 93
        0
300

 40
0.0
140
1.0
 94
        2
 62
     0
340
11
144
0.18
309
CONTENTFORMAT_END
171
     0
 94
        0
309
TABLEFORMAT_END
  1
CELLSTYLE_BEGIN
 90
        3
 91
        2
300
_DATA
309
CELLSTYLE_END
  0
ENDSEC
  0
SECTION
  2
ACDSDATA
 70
     2
 71
     2
  0
ACDSSCHEMA
 90
        0
  1
AcDb_Thumbnail_Schema
  2
AcDbDs::ID
280
    10
 91
        8
  2
Thumbnail_Data
280
    15
 91
        0
101
ACDSRECORD
 95
        0
 90
        2
  2
AcDbDs::TreatedAsObjectData
280
     1
291
     1
101
ACDSRECORD
 95
        0
 90
        3
  2
AcDbDs::Legacy
280
     1
291
     1
101
ACDSRECORD
  1
AcDbDs::ID
 90
        4
  2
AcDs:Indexable
280
     1
291
     1
101
ACDSRECORD
  1
AcDbDs::ID
 90
        5
  2
AcDbDs::HandleAttribute
280
     7
282
     1
  0
ACDSSCHEMA
 90
        1
  1
AcDb3DSolid_ASM_Data
  2
AcDbDs::ID
280
    10
 91
        8
  2
ASM_Data
280
    15
 91
        0
101
ACDSRECORD
 95
        1
 90
        2
  2
AcDbDs::TreatedAsObjectData
280
     1
291
     1
101
ACDSRECORD
 95
        1
 90
        3
  2
AcDbDs::Legacy
280
     1
291
     1
101
ACDSRECORD
  1
AcDbDs::ID
 90
        4
  2
AcDs:Indexable
280
     1
291
     1
101
ACDSRECORD
  1
AcDbDs::ID
 90
        5
  2
AcDbDs::HandleAttribute
280
     7
282
     1
  0
ACDSSCHEMA
 90
        2
  1
AcDbDs::TreatedAsObjectDataSchema
  2
AcDbDs::TreatedAsObjectData
280
     1
 91
        0
  0
ACDSSCHEMA
 90
        3
  1
AcDbDs::LegacySchema
  2
AcDbDs::Legacy
280
     1
 91
        0
  0
ACDSSCHEMA
 90
        4
  1
AcDbDs::IndexedPropertySchema
  2
AcDs:Indexable
280
     1
 91
        0
  0
ACDSSCHEMA
 90
        5
  1
AcDbDs::HandleAttributeSchema
  2
AcDbDs::HandleAttribute
280
     7
 91
        1
284
     1
  0
ACDSRECORD
 90
        0
  2
AcDbDs::ID
280
    10
320
C7D
  2
Thumbnail_Data
280
    15
 94
     1185
310
89504E470D0A1A0A0000000D49484452000001000000007F080300000037AFECF400000300504C5445212830FFFFFF2128300000000000000000000000000000000000000000000000000000330000660000990000CC0000FF0033000033330033660033990033CC0033FF0066000066330066660066990066CC0066FF0099
310
000099330099660099990099CC0099FF00CC0000CC3300CC6600CC9900CCCC00CCFF00FF0000FF3300FF6600FF9900FFCC00FFFF3300003300333300663300993300CC3300FF3333003333333333663333993333CC3333FF3366003366333366663366993366CC3366FF3399003399333399663399993399CC3399FF33CC00
310
33CC3333CC6633CC9933CCCC33CCFF33FF0033FF3333FF6633FF9933FFCC33FFFF6600006600336600666600996600CC6600FF6633006633336633666633996633CC6633FF6666006666336666666666996666CC6666FF6699006699336699666699996699CC6699FF66CC0066CC3366CC6666CC9966CCCC66CCFF66FF0066
310
FF3366FF6666FF9966FFCC66FFFF9900009900339900669900999900CC9900FF9933009933339933669933999933CC9933FF9966009966339966669966999966CC9966FF9999009999339999669999999999CC9999FF99CC0099CC3399CC6699CC9999CCCC99CCFF99FF0099FF3399FF6699FF9999FFCC99FFFFCC0000CC00
310
33CC0066CC0099CC00CCCC00FFCC3300CC3333CC3366CC3399CC33CCCC33FFCC6600CC6633CC6666CC6699CC66CCCC66FFCC9900CC9933CC9966CC9999CC99CCCC99FFCCCC00CCCC33CCCC66CCCC99CCCCCCCCCCFFCCFF00CCFF33CCFF66CCFF99CCFFCCCCFFFFFF0000FF0033FF0066FF0099FF00CCFF00FFFF3300FF3333
310
FF3366FF3399FF33CCFF33FFFF6600FF6633FF6666FF6699FF66CCFF66FFFF9900FF9933FF9966FF9999FF99CCFF99FFFFCC00FFCC33FFCC66FFCC99FFCCCCFFCCFFFFFF00FFFF33FFFF66FFFF99FFFFCCFFFFFF0000000D0D0D1A1A1A2828283535354343435050505D5D5D6B6B6B787878868686939393A1A1A1AEAEAEBB
310
BBBBC9C9C9D6D6D6E4E4E4F1F1F1FFFFFF0000000000000000000000000000000000000000000000000000000000002E4550F10000015C4944415478DAEDDD5D8E82301406D0BBA1EE7F336EA3EF1211C11F628289D17E8799CC033CCDF1BBBD15485BF5E5A3BF396AF4A34F3FCB9FCDC9CDF92C80F933CF05B8A61E407209
310
541A802EF0C9E58100DAFD110FD01201AA5536409B012A0C20BE0B6883FDE0C5611270FCAA891000000000000000000000000000000000000000007F08E09E60FC5D618FC70D82000000A89D612F06606FE00F02783DF7C901A8DB6BB26900F3FB306BFEA7DFAC57641E007A384049403A8004004806B8DC029180EC36680C
310
00A00424401B940000BE0C49801B2212600C900000668289093829015D4002CC0425C018200100CC0425C07301094800A87A02B89C5202BE0E6B830641004A4002B4410900A00424401B94000029004A20FCE9B04763C6000900A00412375858FFD1E0051442D70F5800E297D0085F44E5E0E511006CB26231B5F012000000
310
803668DFE1E43D47ED3A0BC0CED3D97B8FFF5817380305F7A5510D30267B0000000049454E44AE426082
  0
ENDSEC
  0
EOF
